acc_1nn,budget,budget_floored,budget_fraction,budget_fraction_nominal,class_counts,cpu_select,cpu_total,cpu_tuning,dataset,fold,lvq3_params,method,n_outer_folds,n_proto,n_test,n_train,reduction,seed,shared_build,spine_params,swept
0.9445945945945946,33,False,0.004954954954954955,0.005,,7.000000914558768e-05,7.000000914558768e-05,0.0,twonorm,0,,Full,10,6660,740,6660,0.0,315404094,False,,False
0.927027027027027,33,False,0.004954954954954955,0.005,,1.847994000010658,1.847994000010658,0.0,twonorm,0,,RSP3,10,1068,740,6660,0.8396396396396396,315404094,False,,False
0.8972972972972973,33,False,0.004954954954954955,0.005,,1.3060410000034608,1.3060410000034608,0.0,twonorm,0,,RHC,10,214,740,6660,0.9678678678678678,315404094,False,,False
0.977027027027027,33,False,0.004954954954954955,0.005,,5.59614799998235,5.59614799998235,0.0,twonorm,0,,SPINE+1NN,10,33,740,6660,0.9950450450450451,315404094,False,"{""admission"": {""criterion"": ""risk"", ""removed_risk"": 3, ""removed_support"": 0}, ""betti_final"": [[3, 0], [2, 0]], ""betti_frozen"": [[3, 0], [2, 0]], ""betti_nerve"": [[1, 0], [1, 0]], ""boundary_restriction"": ""both"", ""forced_removals"": 0, ""growth_representation_fallbacks"": 10, ""invariant_held"": true, ""n_segments"": 28, ""n_train_fit"": 4995, ""n_val"": 1665, ""phase0"": [{""constant_lens"": false, ""gain"": 0.25, ""lens"": ""pc1"", ""lens_scaling"": ""standardize"", ""min_cluster_size"": 24, ""min_samples"": 5, ""n_class"": 2499, ""n_edges"": 7, ""n_intervals"": 8, ""n_vertices"": 8, ""noise_reassigned"": 2849, ""placement"": ""quantile"", ""slabs"": [{""k"": 1, ""n"": 352}, {""k"": 1, ""n"": 390}, {""k"": 1, ""n"": 390}, {""k"": 1, ""n"": 391}, {""k"": 1, ""n"": 391}, {""k"": 1, ""n"": 390}, {""k"": 1, ""n"": 390}, {""k"": 1, ""n"": 352}]}, {""constant_lens"": false, ""gain"": 0.25, ""lens"": ""pc1"", ""lens_scaling"": ""standardize"", ""min_cluster_size"": 24, ""min_samples"": 5, ""n_class"": 2496, ""n_edges"": 7, ""n_intervals"": 8, ""n_vertices"": 8, ""noise_reassigned"": 2849, ""placement"": ""quantile"", ""slabs"": [{""k"": 1, ""n"": 351}, {""k"": 1, ""n"": 390}, {""k"": 1, ""n"": 390}, {""k"": 1, ""n"": 390}, {""k"": 1, ""n"": 390}, {""k"": 1, ""n"": 390}, {""k"": 1, ""n"": 390}, {""k"": 1, ""n"": 351}]}], ""soundness_bound_holds"": true, ""step_rule"": ""scale_free"", ""topology_retention_nerve_to_frozen"": {""beta0_frozen"": 5, ""beta0_nerve"": 2, ""beta1_frozen"": 0, ""beta1_nerve"": 0}}",True
0.9743243243243244,33,False,0.004954954954954955,0.005,,5.59614799998235,5.59614799998235,0.0,twonorm,0,,SPINE+Graph,10,33,740,6660,0.9950450450450451,315404094,False,"{""admission"": {""criterion"": ""risk"", ""removed_risk"": 3, ""removed_support"": 0}, ""betti_final"": [[3, 0], [2, 0]], ""betti_frozen"": [[3, 0], [2, 0]], ""betti_nerve"": [[1, 0], [1, 0]], ""boundary_restriction"": ""both"", ""forced_removals"": 0, ""growth_representation_fallbacks"": 10, ""invariant_held"": true, ""n_segments"": 28, ""n_train_fit"": 4995, ""n_val"": 1665, ""phase0"": [{""constant_lens"": false, ""gain"": 0.25, ""lens"": ""pc1"", ""lens_scaling"": ""standardize"", ""min_cluster_size"": 24, ""min_samples"": 5, ""n_class"": 2499, ""n_edges"": 7, ""n_intervals"": 8, ""n_vertices"": 8, ""noise_reassigned"": 2849, ""placement"": ""quantile"", ""slabs"": [{""k"": 1, ""n"": 352}, {""k"": 1, ""n"": 390}, {""k"": 1, ""n"": 390}, {""k"": 1, ""n"": 391}, {""k"": 1, ""n"": 391}, {""k"": 1, ""n"": 390}, {""k"": 1, ""n"": 390}, {""k"": 1, ""n"": 352}]}, {""constant_lens"": false, ""gain"": 0.25, ""lens"": ""pc1"", ""lens_scaling"": ""standardize"", ""min_cluster_size"": 24, ""min_samples"": 5, ""n_class"": 2496, ""n_edges"": 7, ""n_intervals"": 8, ""n_vertices"": 8, ""noise_reassigned"": 2849, ""placement"": ""quantile"", ""slabs"": [{""k"": 1, ""n"": 351}, {""k"": 1, ""n"": 390}, {""k"": 1, ""n"": 390}, {""k"": 1, ""n"": 390}, {""k"": 1, ""n"": 390}, {""k"": 1, ""n"": 390}, {""k"": 1, ""n"": 390}, {""k"": 1, ""n"": 351}]}], ""soundness_bound_holds"": true, ""step_rule"": ""scale_free"", ""topology_retention_nerve_to_frozen"": {""beta0_frozen"": 5, ""beta0_nerve"": 2, ""beta1_frozen"": 0, ""beta1_nerve"": 0}}",True
0.9716216216216216,33,False,0.004954954954954955,0.005,,2.6035269999993034,49.876296999980696,47.27276999998139,twonorm,0,"{""epsilon"": 0.3, ""window"": 0.3}",LVQ3,10,33,740,6660,0.9950450450450451,315404094,False,,True
0.9648648648648649,33,False,0.004954954954954955,0.005,"{""0"": 17, ""1"": 16}",2.4367249999777414,2.4367249999777414,0.0,twonorm,0,,KMeans,10,33,740,6660,0.9950450450450451,315404094,False,,True
0.9081081081081082,33,False,0.004954954954954955,0.005,"{""0"": 17, ""1"": 16}",0.0008140000281855464,0.0008140000281855464,0.0,twonorm,0,,Random,10,33,740,6660,0.9950450450450451,315404094,False,,True
0.9135135135135135,33,False,0.004954954954954955,0.005,,1.7901530000381172,1.7901530000381172,0.0,twonorm,0,,SPOT,10,33,740,6660,0.9950450450450451,315404094,False,,True
0.9756756756756757,33,False,0.004954954954954955,0.005,,8.113333999994211,8.113333999994211,0.0,twonorm,0,,GLVQ,10,33,740,6660,0.9950450450450451,315404094,False,,True
0.9743243243243244,33,False,0.004954954954954955,0.005,,1.5594390000333078,1.5594390000333078,0.0,twonorm,0,,GNG,10,33,740,6660,0.9950450450450451,315404094,False,,True
0.9445945945945946,67,False,0.01006006006006006,0.01,,7.000000914558768e-05,7.000000914558768e-05,0.0,twonorm,0,,Full,10,6660,740,6660,0.0,315404094,True,,False
0.927027027027027,67,False,0.01006006006006006,0.01,,1.847994000010658,1.847994000010658,0.0,twonorm,0,,RSP3,10,1068,740,6660,0.8396396396396396,315404094,True,,False
0.8972972972972973,67,False,0.01006006006006006,0.01,,1.3060410000034608,1.3060410000034608,0.0,twonorm,0,,RHC,10,214,740,6660,0.9678678678678678,315404094,True,,False
0.977027027027027,67,False,0.01006006006006006,0.01,,5.778662000026088,5.778662000026088,0.0,twonorm,0,,SPINE+1NN,10,67,740,6660,0.9899399399399399,315404094,False,"{""admission"": {""criterion"": ""risk"", ""removed_risk"": 3, ""removed_support"": 0}, ""betti_final"": [[3, 0], [2, 0]], ""betti_frozen"": [[3, 0], [2, 0]], ""betti_nerve"": [[1, 0], [1, 0]], ""boundary_restriction"": ""both"", ""forced_removals"": 0, ""growth_representation_fallbacks"": 30, ""invariant_held"": true, ""n_segments"": 62, ""n_train_fit"": 4995, ""n_val"": 1665, ""phase0"": [{""constant_lens"": false, ""gain"": 0.25, ""lens"": ""pc1"", ""lens_scaling"": ""standardize"", ""min_cluster_size"": 24, ""min_samples"": 5, ""n_class"": 2499, ""n_edges"": 7, ""n_intervals"": 8, ""n_vertices"": 8, ""noise_reassigned"": 2849, ""placement"": ""quantile"", ""slabs"": [{""k"": 1, ""n"": 352}, {""k"": 1, ""n"": 390}, {""k"": 1, ""n"": 390}, {""k"": 1, ""n"": 391}, {""k"": 1, ""n"": 391}, {""k"": 1, ""n"": 390}, {""k"": 1, ""n"": 390}, {""k"": 1, ""n"": 352}]}, {""constant_lens"": false, ""gain"": 0.25, ""lens"": ""pc1"", ""lens_scaling"": ""standardize"", ""min_cluster_size"": 24, ""min_samples"": 5, ""n_class"": 2496, ""n_edges"": 7, ""n_intervals"": 8, ""n_vertices"": 8, ""noise_reassigned"": 2849, ""placement"": ""quantile"", ""slabs"": [{""k"": 1, ""n"": 351}, {""k"": 1, ""n"": 390}, {""k"": 1, ""n"": 390}, {""k"": 1, ""n"": 390}, {""k"": 1, ""n"": 390}, {""k"": 1, ""n"": 390}, {""k"": 1, ""n"": 390}, {""k"": 1, ""n"": 351}]}], ""soundness_bound_holds"": true, ""step_rule"": ""scale_free"", ""topology_retention_nerve_to_frozen"": {""beta0_frozen"": 5, ""beta0_nerve"": 2, ""beta1_frozen"": 0, ""beta1_nerve"": 0}}",True
0.9783783783783784,67,False,0.01006006006006006,0.01,,5.778662000026088,5.778662000026088,0.0,twonorm,0,,SPINE+Graph,10,67,740,6660,0.9899399399399399,315404094,False,"{""admission"": {""criterion"": ""risk"", ""removed_risk"": 3, ""removed_support"": 0}, ""betti_final"": [[3, 0], [2, 0]], ""betti_frozen"": [[3, 0], [2, 0]], ""betti_nerve"": [[1, 0], [1, 0]], ""boundary_restriction"": ""both"", ""forced_removals"": 0, ""growth_representation_fallbacks"": 30, ""invariant_held"": true, ""n_segments"": 62, ""n_train_fit"": 4995, ""n_val"": 1665, ""phase0"": [{""constant_lens"": false, ""gain"": 0.25, ""lens"": ""pc1"", ""lens_scaling"": ""standardize"", ""min_cluster_size"": 24, ""min_samples"": 5, ""n_class"": 2499, ""n_edges"": 7, ""n_intervals"": 8, ""n_vertices"": 8, ""noise_reassigned"": 2849, ""placement"": ""quantile"", ""slabs"": [{""k"": 1, ""n"": 352}, {""k"": 1, ""n"": 390}, {""k"": 1, ""n"": 390}, {""k"": 1, ""n"": 391}, {""k"": 1, ""n"": 391}, {""k"": 1, ""n"": 390}, {""k"": 1, ""n"": 390}, {""k"": 1, ""n"": 352}]}, {""constant_lens"": false, ""gain"": 0.25, ""lens"": ""pc1"", ""lens_scaling"": ""standardize"", ""min_cluster_size"": 24, ""min_samples"": 5, ""n_class"": 2496, ""n_edges"": 7, ""n_intervals"": 8, ""n_vertices"": 8, ""noise_reassigned"": 2849, ""placement"": ""quantile"", ""slabs"": [{""k"": 1, ""n"": 351}, {""k"": 1, ""n"": 390}, {""k"": 1, ""n"": 390}, {""k"": 1, ""n"": 390}, {""k"": 1, ""n"": 390}, {""k"": 1, ""n"": 390}, {""k"": 1, ""n"": 390}, {""k"": 1, ""n"": 351}]}], ""soundness_bound_holds"": true, ""step_rule"": ""scale_free"", ""topology_retention_nerve_to_frozen"": {""beta0_frozen"": 5, ""beta0_nerve"": 2, ""beta1_frozen"": 0, ""beta1_nerve"": 0}}",True
0.972972972972973,67,False,0.01006006006006006,0.01,,2.817438000056427,54.12491400010185,51.307476000045426,twonorm,0,"{""epsilon"": 0.3, ""window"": 0.2}",LVQ3,10,67,740,6660,0.9899399399399399,315404094,False,,True
0.9581081081081081,67,False,0.01006006006006006,0.01,"{""0"": 34, ""1"": 33}",3.107652999984566,3.107652999984566,0.0,twonorm,0,,KMeans,10,67,740,6660,0.9899399399399399,315404094,False,,True
0.9175675675675675,67,False,0.01006006006006006,0.01,"{""0"": 34, ""1"": 33}",0.0011269999668002129,0.0011269999668002129,0.0,twonorm,0,,Random,10,67,740,6660,0.9899399399399399,315404094,False,,True
0.9351351351351351,67,False,0.01006006006006006,0.01,,1.800178000004962,1.800178000004962,0.0,twonorm,0,,SPOT,10,67,740,6660,0.9899399399399399,315404094,False,,True
0.977027027027027,67,False,0.01006006006006006,0.01,,12.905116000038106,12.905116000038106,0.0,twonorm,0,,GLVQ,10,67,740,6660,0.9899399399399399,315404094,False,,True
0.977027027027027,67,False,0.01006006006006006,0.01,,1.902732000045944,1.902732000045944,0.0,twonorm,0,,GNG,10,67,740,6660,0.9899399399399399,315404094,False,,True
0.9445945945945946,133,False,0.01996996996996997,0.02,,7.000000914558768e-05,7.000000914558768e-05,0.0,twonorm,0,,Full,10,6660,740,6660,0.0,315404094,True,,False
0.927027027027027,133,False,0.01996996996996997,0.02,,1.847994000010658,1.847994000010658,0.0,twonorm,0,,RSP3,10,1068,740,6660,0.8396396396396396,315404094,True,,False
0.8972972972972973,133,False,0.01996996996996997,0.02,,1.3060410000034608,1.3060410000034608,0.0,twonorm,0,,RHC,10,214,740,6660,0.9678678678678678,315404094,True,,False
0.9756756756756757,133,False,0.01996996996996997,0.02,,6.495791000023019,6.495791000023019,0.0,twonorm,0,,SPINE+1NN,10,133,740,6660,0.98003003003003,315404094,False,"{""admission"": {""criterion"": ""risk"", ""removed_risk"": 3, ""removed_support"": 0}, ""betti_final"": [[3, 0], [2, 0]], ""betti_frozen"": [[3, 0], [2, 0]], ""betti_nerve"": [[1, 0], [1, 0]], ""boundary_restriction"": ""both"", ""forced_removals"": 0, ""growth_representation_fallbacks"": 95, ""invariant_held"": true, ""n_segments"": 128, ""n_train_fit"": 4995, ""n_val"": 1665, ""phase0"": [{""constant_lens"": false, ""gain"": 0.25, ""lens"": ""pc1"", ""lens_scaling"": ""standardize"", ""min_cluster_size"": 24, ""min_samples"": 5, ""n_class"": 2499, ""n_edges"": 7, ""n_intervals"": 8, ""n_vertices"": 8, ""noise_reassigned"": 2849, ""placement"": ""quantile"", ""slabs"": [{""k"": 1, ""n"": 352}, {""k"": 1, ""n"": 390}, {""k"": 1, ""n"": 390}, {""k"": 1, ""n"": 391}, {""k"": 1, ""n"": 391}, {""k"": 1, ""n"": 390}, {""k"": 1, ""n"": 390}, {""k"": 1, ""n"": 352}]}, {""constant_lens"": false, ""gain"": 0.25, ""lens"": ""pc1"", ""lens_scaling"": ""standardize"", ""min_cluster_size"": 24, ""min_samples"": 5, ""n_class"": 2496, ""n_edges"": 7, ""n_intervals"": 8, ""n_vertices"": 8, ""noise_reassigned"": 2849, ""placement"": ""quantile"", ""slabs"": [{""k"": 1, ""n"": 351}, {""k"": 1, ""n"": 390}, {""k"": 1, ""n"": 390}, {""k"": 1, ""n"": 390}, {""k"": 1, ""n"": 390}, {""k"": 1, ""n"": 390}, {""k"": 1, ""n"": 390}, {""k"": 1, ""n"": 351}]}], ""soundness_bound_holds"": true, ""step_rule"": ""scale_free"", ""topology_retention_nerve_to_frozen"": {""beta0_frozen"": 5, ""beta0_nerve"": 2, ""beta1_frozen"": 0, ""beta1_nerve"": 0}}",True
0.972972972972973,133,False,0.01996996996996997,0.02,,6.495791000023019,6.495791000023019,0.0,twonorm,0,,SPINE+Graph,10,133,740,6660,0.98003003003003,315404094,False,"{""admission"": {""criterion"": ""risk"", ""removed_risk"": 3, ""removed_support"": 0}, ""betti_final"": [[3, 0], [2, 0]], ""betti_frozen"": [[3, 0], [2, 0]], ""betti_nerve"": [[1, 0], [1, 0]], ""boundary_restriction"": ""both"", ""forced_removals"": 0, ""growth_representation_fallbacks"": 95, ""invariant_held"": true, ""n_segments"": 128, ""n_train_fit"": 4995, ""n_val"": 1665, ""phase0"": [{""constant_lens"": false, ""gain"": 0.25, ""lens"": ""pc1"", ""lens_scaling"": ""standardize"", ""min_cluster_size"": 24, ""min_samples"": 5, ""n_class"": 2499, ""n_edges"": 7, ""n_intervals"": 8, ""n_vertices"": 8, ""noise_reassigned"": 2849, ""placement"": ""quantile"", ""slabs"": [{""k"": 1, ""n"": 352}, {""k"": 1, ""n"": 390}, {""k"": 1, ""n"": 390}, {""k"": 1, ""n"": 391}, {""k"": 1, ""n"": 391}, {""k"": 1, ""n"": 390}, {""k"": 1, ""n"": 390}, {""k"": 1, ""n"": 352}]}, {""constant_lens"": false, ""gain"": 0.25, ""lens"": ""pc1"", ""lens_scaling"": ""standardize"", ""min_cluster_size"": 24, ""min_samples"": 5, ""n_class"": 2496, ""n_edges"": 7, ""n_intervals"": 8, ""n_vertices"": 8, ""noise_reassigned"": 2849, ""placement"": ""quantile"", ""slabs"": [{""k"": 1, ""n"": 351}, {""k"": 1, ""n"": 390}, {""k"": 1, ""n"": 390}, {""k"": 1, ""n"": 390}, {""k"": 1, ""n"": 390}, {""k"": 1, ""n"": 390}, {""k"": 1, ""n"": 390}, {""k"": 1, ""n"": 351}]}], ""soundness_bound_holds"": true, ""step_rule"": ""scale_free"", ""topology_retention_nerve_to_frozen"": {""beta0_frozen"": 5, ""beta0_nerve"": 2, ""beta1_frozen"": 0, ""beta1_nerve"": 0}}",True
0.9702702702702702,133,False,0.01996996996996997,0.02,,2.7831659999792464,62.26296999998158,59.47980400000233,twonorm,0,"{""epsilon"": 0.3, ""window"": 0.2}",LVQ3,10,133,740,6660,0.98003003003003,315404094,False,,True
0.9648648648648649,133,False,0.01996996996996997,0.02,"{""0"": 67, ""1"": 66}",3.418839000049047,3.418839000049047,0.0,twonorm,0,,KMeans,10,133,740,6660,0.98003003003003,315404094,False,,True
0.9054054054054054,133,False,0.01996996996996997,0.02,"{""0"": 67, ""1"": 66}",0.0010299999848939478,0.0010299999848939478,0.0,twonorm,0,,Random,10,133,740,6660,0.98003003003003,315404094,False,,True
0.9459459459459459,133,False,0.01996996996996997,0.02,,1.593059999984689,1.593059999984689,0.0,twonorm,0,,SPOT,10,133,740,6660,0.98003003003003,315404094,False,,True
0.977027027027027,133,False,0.01996996996996997,0.02,,21.970430999994278,21.970430999994278,0.0,twonorm,0,,GLVQ,10,133,740,6660,0.98003003003003,315404094,False,,True
0.9635135135135136,133,False,0.01996996996996997,0.02,,3.016737000027206,3.016737000027206,0.0,twonorm,0,,GNG,10,133,740,6660,0.98003003003003,315404094,False,,True
0.9445945945945946,333,False,0.05,0.05,,7.000000914558768e-05,7.000000914558768e-05,0.0,twonorm,0,,Full,10,6660,740,6660,0.0,315404094,True,,False
0.927027027027027,333,False,0.05,0.05,,1.847994000010658,1.847994000010658,0.0,twonorm,0,,RSP3,10,1068,740,6660,0.8396396396396396,315404094,True,,False
0.8972972972972973,333,False,0.05,0.05,,1.3060410000034608,1.3060410000034608,0.0,twonorm,0,,RHC,10,214,740,6660,0.9678678678678678,315404094,True,,False
0.9743243243243244,333,False,0.05,0.05,,11.592702000052668,11.592702000052668,0.0,twonorm,0,,SPINE+1NN,10,333,740,6660,0.95,315404094,False,"{""admission"": {""criterion"": ""risk"", ""removed_risk"": 3, ""removed_support"": 0}, ""betti_final"": [[3, 0], [2, 0]], ""betti_frozen"": [[3, 0], [2, 0]], ""betti_nerve"": [[1, 0], [1, 0]], ""boundary_restriction"": ""both"", ""forced_removals"": 0, ""growth_representation_fallbacks"": 304, ""invariant_held"": true, ""n_segments"": 328, ""n_train_fit"": 4995, ""n_val"": 1665, ""phase0"": [{""constant_lens"": false, ""gain"": 0.25, ""lens"": ""pc1"", ""lens_scaling"": ""standardize"", ""min_cluster_size"": 24, ""min_samples"": 5, ""n_class"": 2499, ""n_edges"": 7, ""n_intervals"": 8, ""n_vertices"": 8, ""noise_reassigned"": 2849, ""placement"": ""quantile"", ""slabs"": [{""k"": 1, ""n"": 352}, {""k"": 1, ""n"": 390}, {""k"": 1, ""n"": 390}, {""k"": 1, ""n"": 391}, {""k"": 1, ""n"": 391}, {""k"": 1, ""n"": 390}, {""k"": 1, ""n"": 390}, {""k"": 1, ""n"": 352}]}, {""constant_lens"": false, ""gain"": 0.25, ""lens"": ""pc1"", ""lens_scaling"": ""standardize"", ""min_cluster_size"": 24, ""min_samples"": 5, ""n_class"": 2496, ""n_edges"": 7, ""n_intervals"": 8, ""n_vertices"": 8, ""noise_reassigned"": 2849, ""placement"": ""quantile"", ""slabs"": [{""k"": 1, ""n"": 351}, {""k"": 1, ""n"": 390}, {""k"": 1, ""n"": 390}, {""k"": 1, ""n"": 390}, {""k"": 1, ""n"": 390}, {""k"": 1, ""n"": 390}, {""k"": 1, ""n"": 390}, {""k"": 1, ""n"": 351}]}], ""soundness_bound_holds"": true, ""step_rule"": ""scale_free"", ""topology_retention_nerve_to_frozen"": {""beta0_frozen"": 5, ""beta0_nerve"": 2, ""beta1_frozen"": 0, ""beta1_nerve"": 0}}",True
0.9756756756756757,333,False,0.05,0.05,,11.592702000052668,11.592702000052668,0.0,twonorm,0,,SPINE+Graph,10,333,740,6660,0.95,315404094,False,"{""admission"": {""criterion"": ""risk"", ""removed_risk"": 3, ""removed_support"": 0}, ""betti_final"": [[3, 0], [2, 0]], ""betti_frozen"": [[3, 0], [2, 0]], ""betti_nerve"": [[1, 0], [1, 0]], ""boundary_restriction"": ""both"", ""forced_removals"": 0, ""growth_representation_fallbacks"": 304, ""invariant_held"": true, ""n_segments"": 328, ""n_train_fit"": 4995, ""n_val"": 1665, ""phase0"": [{""constant_lens"": false, ""gain"": 0.25, ""lens"": ""pc1"", ""lens_scaling"": ""standardize"", ""min_cluster_size"": 24, ""min_samples"": 5, ""n_class"": 2499, ""n_edges"": 7, ""n_intervals"": 8, ""n_vertices"": 8, ""noise_reassigned"": 2849, ""placement"": ""quantile"", ""slabs"": [{""k"": 1, ""n"": 352}, {""k"": 1, ""n"": 390}, {""k"": 1, ""n"": 390}, {""k"": 1, ""n"": 391}, {""k"": 1, ""n"": 391}, {""k"": 1, ""n"": 390}, {""k"": 1, ""n"": 390}, {""k"": 1, ""n"": 352}]}, {""constant_lens"": false, ""gain"": 0.25, ""lens"": ""pc1"", ""lens_scaling"": ""standardize"", ""min_cluster_size"": 24, ""min_samples"": 5, ""n_class"": 2496, ""n_edges"": 7, ""n_intervals"": 8, ""n_vertices"": 8, ""noise_reassigned"": 2849, ""placement"": ""quantile"", ""slabs"": [{""k"": 1, ""n"": 351}, {""k"": 1, ""n"": 390}, {""k"": 1, ""n"": 390}, {""k"": 1, ""n"": 390}, {""k"": 1, ""n"": 390}, {""k"": 1, ""n"": 390}, {""k"": 1, ""n"": 390}, {""k"": 1, ""n"": 351}]}], ""soundness_bound_holds"": true, ""step_rule"": ""scale_free"", ""topology_retention_nerve_to_frozen"": {""beta0_frozen"": 5, ""beta0_nerve"": 2, ""beta1_frozen"": 0, ""beta1_nerve"": 0}}",True
0.9635135135135136,333,False,0.05,0.05,,4.6713679999811575,88.1010739999474,83.42970599996625,twonorm,0,"{""epsilon"": 0.3, ""window"": 0.3}",LVQ3,10,333,740,6660,0.95,315404094,False,,True
0.9635135135135136,333,False,0.05,0.05,"{""0"": 167, ""1"": 166}",6.544599999964703,6.544599999964703,0.0,twonorm,0,,KMeans,10,333,740,6660,0.95,315404094,False,,True
0.9351351351351351,333,False,0.05,0.05,"{""0"": 167, ""1"": 166}",0.0013099999632686377,0.0013099999632686377,0.0,twonorm,0,,Random,10,333,740,6660,0.95,315404094,False,,True
0.9472972972972973,333,False,0.05,0.05,,2.0510889999568462,2.0510889999568462,0.0,twonorm,0,,SPOT,10,333,740,6660,0.95,315404094,False,,True
0.9756756756756757,333,False,0.05,0.05,,50.220458000025246,50.220458000025246,0.0,twonorm,0,,GLVQ,10,333,740,6660,0.95,315404094,False,,True
0.9675675675675676,333,False,0.05,0.05,,9.487722999998368,9.487722999998368,0.0,twonorm,0,,GNG,10,333,740,6660,0.95,315404094,False,,True
0.9445945945945946,666,False,0.1,0.1,,7.000000914558768e-05,7.000000914558768e-05,0.0,twonorm,0,,Full,10,6660,740,6660,0.0,315404094,True,,False
0.927027027027027,666,False,0.1,0.1,,1.847994000010658,1.847994000010658,0.0,twonorm,0,,RSP3,10,1068,740,6660,0.8396396396396396,315404094,True,,False
0.8972972972972973,666,False,0.1,0.1,,1.3060410000034608,1.3060410000034608,0.0,twonorm,0,,RHC,10,214,740,6660,0.9678678678678678,315404094,True,,False
0.9783783783783784,666,False,0.1,0.1,,29.5877830000245,29.5877830000245,0.0,twonorm,0,,SPINE+1NN,10,666,740,6660,0.9,315404094,False,"{""admission"": {""criterion"": ""risk"", ""removed_risk"": 3, ""removed_support"": 0}, ""betti_final"": [[3, 0], [2, 0]], ""betti_frozen"": [[3, 0], [2, 0]], ""betti_nerve"": [[1, 0], [1, 0]], ""boundary_restriction"": ""both"", ""forced_removals"": 0, ""growth_representation_fallbacks"": 663, ""invariant_held"": true, ""n_segments"": 661, ""n_train_fit"": 4995, ""n_val"": 1665, ""phase0"": [{""constant_lens"": false, ""gain"": 0.25, ""lens"": ""pc1"", ""lens_scaling"": ""standardize"", ""min_cluster_size"": 24, ""min_samples"": 5, ""n_class"": 2499, ""n_edges"": 7, ""n_intervals"": 8, ""n_vertices"": 8, ""noise_reassigned"": 2849, ""placement"": ""quantile"", ""slabs"": [{""k"": 1, ""n"": 352}, {""k"": 1, ""n"": 390}, {""k"": 1, ""n"": 390}, {""k"": 1, ""n"": 391}, {""k"": 1, ""n"": 391}, {""k"": 1, ""n"": 390}, {""k"": 1, ""n"": 390}, {""k"": 1, ""n"": 352}]}, {""constant_lens"": false, ""gain"": 0.25, ""lens"": ""pc1"", ""lens_scaling"": ""standardize"", ""min_cluster_size"": 24, ""min_samples"": 5, ""n_class"": 2496, ""n_edges"": 7, ""n_intervals"": 8, ""n_vertices"": 8, ""noise_reassigned"": 2849, ""placement"": ""quantile"", ""slabs"": [{""k"": 1, ""n"": 351}, {""k"": 1, ""n"": 390}, {""k"": 1, ""n"": 390}, {""k"": 1, ""n"": 390}, {""k"": 1, ""n"": 390}, {""k"": 1, ""n"": 390}, {""k"": 1, ""n"": 390}, {""k"": 1, ""n"": 351}]}], ""soundness_bound_holds"": true, ""step_rule"": ""scale_free"", ""topology_retention_nerve_to_frozen"": {""beta0_frozen"": 5, ""beta0_nerve"": 2, ""beta1_frozen"": 0, ""beta1_nerve"": 0}}",True
0.977027027027027,666,False,0.1,0.1,,29.5877830000245,29.5877830000245,0.0,twonorm,0,,SPINE+Graph,10,666,740,6660,0.9,315404094,False,"{""admission"": {""criterion"": ""risk"", ""removed_risk"": 3, ""removed_support"": 0}, ""betti_final"": [[3, 0], [2, 0]], ""betti_frozen"": [[3, 0], [2, 0]], ""betti_nerve"": [[1, 0], [1, 0]], ""boundary_restriction"": ""both"", ""forced_removals"": 0, ""growth_representation_fallbacks"": 663, ""invariant_held"": true, ""n_segments"": 661, ""n_train_fit"": 4995, ""n_val"": 1665, ""phase0"": [{""constant_lens"": false, ""gain"": 0.25, ""lens"": ""pc1"", ""lens_scaling"": ""standardize"", ""min_cluster_size"": 24, ""min_samples"": 5, ""n_class"": 2499, ""n_edges"": 7, ""n_intervals"": 8, ""n_vertices"": 8, ""noise_reassigned"": 2849, ""placement"": ""quantile"", ""slabs"": [{""k"": 1, ""n"": 352}, {""k"": 1, ""n"": 390}, {""k"": 1, ""n"": 390}, {""k"": 1, ""n"": 391}, {""k"": 1, ""n"": 391}, {""k"": 1, ""n"": 390}, {""k"": 1, ""n"": 390}, {""k"": 1, ""n"": 352}]}, {""constant_lens"": false, ""gain"": 0.25, ""lens"": ""pc1"", ""lens_scaling"": ""standardize"", ""min_cluster_size"": 24, ""min_samples"": 5, ""n_class"": 2496, ""n_edges"": 7, ""n_intervals"": 8, ""n_vertices"": 8, ""noise_reassigned"": 2849, ""placement"": ""quantile"", ""slabs"": [{""k"": 1, ""n"": 351}, {""k"": 1, ""n"": 390}, {""k"": 1, ""n"": 390}, {""k"": 1, ""n"": 390}, {""k"": 1, ""n"": 390}, {""k"": 1, ""n"": 390}, {""k"": 1, ""n"": 390}, {""k"": 1, ""n"": 351}]}], ""soundness_bound_holds"": true, ""step_rule"": ""scale_free"", ""topology_retention_nerve_to_frozen"": {""beta0_frozen"": 5, ""beta0_nerve"": 2, ""beta1_frozen"": 0, ""beta1_nerve"": 0}}",True
0.9635135135135136,666,False,0.1,0.1,,7.303350000001956,126.208639999968,118.90528999996604,twonorm,0,"{""epsilon"": 0.3, ""window"": 0.3}",LVQ3,10,666,740,6660,0.9,315404094,False,,True
0.9540540540540541,666,False,0.1,0.1,"{""0"": 333, ""1"": 333}",9.988522000028752,9.988522000028752,0.0,twonorm,0,,KMeans,10,666,740,6660,0.9,315404094,False,,True
0.9256756756756757,666,False,0.1,0.1,"{""0"": 333, ""1"": 333}",0.0015439999988302588,0.0015439999988302588,0.0,twonorm,0,,Random,10,666,740,6660,0.9,315404094,False,,True
0.9581081081081081,666,False,0.1,0.1,,2.1221430000150576,2.1221430000150576,0.0,twonorm,0,,SPOT,10,666,740,6660,0.9,315404094,False,,True
0.9783783783783784,666,False,0.1,0.1,,97.13906499999575,97.13906499999575,0.0,twonorm,0,,GLVQ,10,666,740,6660,0.9,315404094,False,,True
0.972972972972973,666,False,0.1,0.1,,30.023595999984536,30.023595999984536,0.0,twonorm,0,,GNG,10,666,740,6660,0.9,315404094,False,,True
0.9445945945945946,1665,False,0.25,0.25,,7.000000914558768e-05,7.000000914558768e-05,0.0,twonorm,0,,Full,10,6660,740,6660,0.0,315404094,True,,False
0.927027027027027,1665,False,0.25,0.25,,1.847994000010658,1.847994000010658,0.0,twonorm,0,,RSP3,10,1068,740,6660,0.8396396396396396,315404094,True,,False
0.8972972972972973,1665,False,0.25,0.25,,1.3060410000034608,1.3060410000034608,0.0,twonorm,0,,RHC,10,214,740,6660,0.9678678678678678,315404094,True,,False
0.9702702702702702,1665,False,0.25,0.25,,159.54619099997217,159.54619099997217,0.0,twonorm,0,,SPINE+1NN,10,1665,740,6660,0.75,315404094,False,"{""admission"": {""criterion"": ""risk"", ""removed_risk"": 3, ""removed_support"": 0}, ""betti_final"": [[3, 0], [2, 0]], ""betti_frozen"": [[3, 0], [2, 0]], ""betti_nerve"": [[1, 0], [1, 0]], ""boundary_restriction"": ""both"", ""forced_removals"": 0, ""growth_representation_fallbacks"": 1844, ""invariant_held"": true, ""n_segments"": 1660, ""n_train_fit"": 4995, ""n_val"": 1665, ""phase0"": [{""constant_lens"": false, ""gain"": 0.25, ""lens"": ""pc1"", ""lens_scaling"": ""standardize"", ""min_cluster_size"": 24, ""min_samples"": 5, ""n_class"": 2499, ""n_edges"": 7, ""n_intervals"": 8, ""n_vertices"": 8, ""noise_reassigned"": 2849, ""placement"": ""quantile"", ""slabs"": [{""k"": 1, ""n"": 352}, {""k"": 1, ""n"": 390}, {""k"": 1, ""n"": 390}, {""k"": 1, ""n"": 391}, {""k"": 1, ""n"": 391}, {""k"": 1, ""n"": 390}, {""k"": 1, ""n"": 390}, {""k"": 1, ""n"": 352}]}, {""constant_lens"": false, ""gain"": 0.25, ""lens"": ""pc1"", ""lens_scaling"": ""standardize"", ""min_cluster_size"": 24, ""min_samples"": 5, ""n_class"": 2496, ""n_edges"": 7, ""n_intervals"": 8, ""n_vertices"": 8, ""noise_reassigned"": 2849, ""placement"": ""quantile"", ""slabs"": [{""k"": 1, ""n"": 351}, {""k"": 1, ""n"": 390}, {""k"": 1, ""n"": 390}, {""k"": 1, ""n"": 390}, {""k"": 1, ""n"": 390}, {""k"": 1, ""n"": 390}, {""k"": 1, ""n"": 390}, {""k"": 1, ""n"": 351}]}], ""soundness_bound_holds"": true, ""step_rule"": ""scale_free"", ""topology_retention_nerve_to_frozen"": {""beta0_frozen"": 5, ""beta0_nerve"": 2, ""beta1_frozen"": 0, ""beta1_nerve"": 0}}",True
0.9689189189189189,1665,False,0.25,0.25,,159.54619099997217,159.54619099997217,0.0,twonorm,0,,SPINE+Graph,10,1665,740,6660,0.75,315404094,False,"{""admission"": {""criterion"": ""risk"", ""removed_risk"": 3, ""removed_support"": 0}, ""betti_final"": [[3, 0], [2, 0]], ""betti_frozen"": [[3, 0], [2, 0]], ""betti_nerve"": [[1, 0], [1, 0]], ""boundary_restriction"": ""both"", ""forced_removals"": 0, ""growth_representation_fallbacks"": 1844, ""invariant_held"": true, ""n_segments"": 1660, ""n_train_fit"": 4995, ""n_val"": 1665, ""phase0"": [{""constant_lens"": false, ""gain"": 0.25, ""lens"": ""pc1"", ""lens_scaling"": ""standardize"", ""min_cluster_size"": 24, ""min_samples"": 5, ""n_class"": 2499, ""n_edges"": 7, ""n_intervals"": 8, ""n_vertices"": 8, ""noise_reassigned"": 2849, ""placement"": ""quantile"", ""slabs"": [{""k"": 1, ""n"": 352}, {""k"": 1, ""n"": 390}, {""k"": 1, ""n"": 390}, {""k"": 1, ""n"": 391}, {""k"": 1, ""n"": 391}, {""k"": 1, ""n"": 390}, {""k"": 1, ""n"": 390}, {""k"": 1, ""n"": 352}]}, {""constant_lens"": false, ""gain"": 0.25, ""lens"": ""pc1"", ""lens_scaling"": ""standardize"", ""min_cluster_size"": 24, ""min_samples"": 5, ""n_class"": 2496, ""n_edges"": 7, ""n_intervals"": 8, ""n_vertices"": 8, ""noise_reassigned"": 2849, ""placement"": ""quantile"", ""slabs"": [{""k"": 1, ""n"": 351}, {""k"": 1, ""n"": 390}, {""k"": 1, ""n"": 390}, {""k"": 1, ""n"": 390}, {""k"": 1, ""n"": 390}, {""k"": 1, ""n"": 390}, {""k"": 1, ""n"": 390}, {""k"": 1, ""n"": 351}]}], ""soundness_bound_holds"": true, ""step_rule"": ""scale_free"", ""topology_retention_nerve_to_frozen"": {""beta0_frozen"": 5, ""beta0_nerve"": 2, ""beta1_frozen"": 0, ""beta1_nerve"": 0}}",True
0.9635135135135136,1665,False,0.25,0.25,,15.075963000010233,261.041315999988,245.96535299997777,twonorm,0,"{""epsilon"": 0.3, ""window"": 0.2}",LVQ3,10,1665,740,6660,0.75,315404094,False,,True
0.9472972972972973,1665,False,0.25,0.25,"{""0"": 833, ""1"": 832}",24.2167040000204,24.2167040000204,0.0,twonorm,0,,KMeans,10,1665,740,6660,0.75,315404094,False,,True
0.9243243243243243,1665,False,0.25,0.25,"{""0"": 833, ""1"": 832}",0.0019329999922774732,0.0019329999922774732,0.0,twonorm,0,,Random,10,1665,740,6660,0.75,315404094,False,,True
0.9513513513513514,1665,False,0.25,0.25,,2.214574999990873,2.214574999990873,0.0,twonorm,0,,SPOT,10,1665,740,6660,0.75,315404094,False,,True
0.972972972972973,1665,False,0.25,0.25,,238.42719099996611,238.42719099996611,0.0,twonorm,0,,GLVQ,10,1665,740,6660,0.75,315404094,False,,True
0.9554054054054054,1665,False,0.25,0.25,,164.5313309999765,164.5313309999765,0.0,twonorm,0,,GNG,10,1665,740,6660,0.75,315404094,False,,True
0.9540540540540541,33,False,0.004954954954954955,0.005,,0.0006820000126026571,0.0006820000126026571,0.0,twonorm,1,,Full,10,6660,740,6660,0.0,316404097,False,,False
0.9216216216216216,33,False,0.004954954954954955,0.005,,1.7823109999881126,1.7823109999881126,0.0,twonorm,1,,RSP3,10,946,740,6660,0.8579579579579579,316404097,False,,False
0.8878378378378379,33,False,0.004954954954954955,0.005,,1.2914839999866672,1.2914839999866672,0.0,twonorm,1,,RHC,10,224,740,6660,0.9663663663663664,316404097,False,,False
0.9756756756756757,33,False,0.004954954954954955,0.005,,5.618113000004087,5.618113000004087,0.0,twonorm,1,,SPINE+1NN,10,33,740,6660,0.9950450450450451,316404097,False,"{""admission"": {""criterion"": ""risk"", ""removed_risk"": 3, ""removed_support"": 0}, ""betti_final"": [[4, 0], [1, 0]], ""betti_frozen"": [[4, 0], [1, 0]], ""betti_nerve"": [[1, 0], [1, 0]], ""boundary_restriction"": ""both"", ""forced_removals"": 0, ""growth_representation_fallbacks"": 10, ""invariant_held"": true, ""n_segments"": 28, ""n_train_fit"": 4995, ""n_val"": 1665, ""phase0"": [{""constant_lens"": false, ""gain"": 0.25, ""lens"": ""pc1"", ""lens_scaling"": ""standardize"", ""min_cluster_size"": 24, ""min_samples"": 5, ""n_class"": 2499, ""n_edges"": 7, ""n_intervals"": 8, ""n_vertices"": 8, ""noise_reassigned"": 2853, ""placement"": ""quantile"", ""slabs"": [{""k"": 1, ""n"": 352}, {""k"": 1, ""n"": 390}, {""k"": 1, ""n"": 390}, {""k"": 1, ""n"": 391}, {""k"": 1, ""n"": 391}, {""k"": 1, ""n"": 390}, {""k"": 1, ""n"": 390}, {""k"": 1, ""n"": 352}]}, {""constant_lens"": false, ""gain"": 0.25, ""lens"": ""pc1"", ""lens_scaling"": ""standardize"", ""min_cluster_size"": 24, ""min_samples"": 5, ""n_class"": 2496, ""n_edges"": 7, ""n_intervals"": 8, ""n_vertices"": 8, ""noise_reassigned"": 2848, ""placement"": ""quantile"", ""slabs"": [{""k"": 1, ""n"": 351}, {""k"": 1, ""n"": 390}, {""k"": 1, ""n"": 390}, {""k"": 1, ""n"": 390}, {""k"": 1, ""n"": 390}, {""k"": 1, ""n"": 390}, {""k"": 1, ""n"": 390}, {""k"": 1, ""n"": 351}]}], ""soundness_bound_holds"": true, ""step_rule"": ""scale_free"", ""topology_retention_nerve_to_frozen"": {""beta0_frozen"": 5, ""beta0_nerve"": 2, ""beta1_frozen"": 0, ""beta1_nerve"": 0}}",True
0.9756756756756757,33,False,0.004954954954954955,0.005,,5.618113000004087,5.618113000004087,0.0,twonorm,1,,SPINE+Graph,10,33,740,6660,0.9950450450450451,316404097,False,"{""admission"": {""criterion"": ""risk"", ""removed_risk"": 3, ""removed_support"": 0}, ""betti_final"": [[4, 0], [1, 0]], ""betti_frozen"": [[4, 0], [1, 0]], ""betti_nerve"": [[1, 0], [1, 0]], ""boundary_restriction"": ""both"", ""forced_removals"": 0, ""growth_representation_fallbacks"": 10, ""invariant_held"": true, ""n_segments"": 28, ""n_train_fit"": 4995, ""n_val"": 1665, ""phase0"": [{""constant_lens"": false, ""gain"": 0.25, ""lens"": ""pc1"", ""lens_scaling"": ""standardize"", ""min_cluster_size"": 24, ""min_samples"": 5, ""n_class"": 2499, ""n_edges"": 7, ""n_intervals"": 8, ""n_vertices"": 8, ""noise_reassigned"": 2853, ""placement"": ""quantile"", ""slabs"": [{""k"": 1, ""n"": 352}, {""k"": 1, ""n"": 390}, {""k"": 1, ""n"": 390}, {""k"": 1, ""n"": 391}, {""k"": 1, ""n"": 391}, {""k"": 1, ""n"": 390}, {""k"": 1, ""n"": 390}, {""k"": 1, ""n"": 352}]}, {""constant_lens"": false, ""gain"": 0.25, ""lens"": ""pc1"", ""lens_scaling"": ""standardize"", ""min_cluster_size"": 24, ""min_samples"": 5, ""n_class"": 2496, ""n_edges"": 7, ""n_intervals"": 8, ""n_vertices"": 8, ""noise_reassigned"": 2848, ""placement"": ""quantile"", ""slabs"": [{""k"": 1, ""n"": 351}, {""k"": 1, ""n"": 390}, {""k"": 1, ""n"": 390}, {""k"": 1, ""n"": 390}, {""k"": 1, ""n"": 390}, {""k"": 1, ""n"": 390}, {""k"": 1, ""n"": 390}, {""k"": 1, ""n"": 351}]}], ""soundness_bound_holds"": true, ""step_rule"": ""scale_free"", ""topology_retention_nerve_to_frozen"": {""beta0_frozen"": 5, ""beta0_nerve"": 2, ""beta1_frozen"": 0, ""beta1_nerve"": 0}}",True
0.9756756756756757,33,False,0.004954954954954955,0.005,,2.538239000015892,49.46295100002317,46.924712000007275,twonorm,1,"{""epsilon"": 0.3, ""window"": 0.3}",LVQ3,10,33,740,6660,0.9950450450450451,316404097,False,,True
0.9662162162162162,33,False,0.004954954954954955,0.005,"{""0"": 17, ""1"": 16}",2.332025000010617,2.332025000010617,0.0,twonorm,1,,KMeans,10,33,740,6660,0.9950450450450451,316404097,False,,True
0.9094594594594595,33,False,0.004954954954954955,0.005,"{""0"": 17, ""1"": 16}",0.0010159999947063625,0.0010159999947063625,0.0,twonorm,1,,Random,10,33,740,6660,0.9950450450450451,316404097,False,,True
0.927027027027027,33,False,0.004954954954954955,0.005,,1.7717730000149459,1.7717730000149459,0.0,twonorm,1,,SPOT,10,33,740,6660,0.9950450450450451,316404097,False,,True
0.977027027027027,33,False,0.004954954954954955,0.005,,8.131450000044424,8.131450000044424,0.0,twonorm,1,,GLVQ,10,33,740,6660,0.9950450450450451,316404097,False,,True
0.9675675675675676,33,False,0.004954954954954955,0.005,,1.5474459999823011,1.5474459999823011,0.0,twonorm,1,,GNG,10,33,740,6660,0.9950450450450451,316404097,False,,True
0.9540540540540541,67,False,0.01006006006006006,0.01,,0.0006820000126026571,0.0006820000126026571,0.0,twonorm,1,,Full,10,6660,740,6660,0.0,316404097,True,,False
0.9216216216216216,67,False,0.01006006006006006,0.01,,1.7823109999881126,1.7823109999881126,0.0,twonorm,1,,RSP3,10,946,740,6660,0.8579579579579579,316404097,True,,False
0.8878378378378379,67,False,0.01006006006006006,0.01,,1.2914839999866672,1.2914839999866672,0.0,twonorm,1,,RHC,10,224,740,6660,0.9663663663663664,316404097,True,,False
0.9783783783783784,67,False,0.01006006006006006,0.01,,5.771723999991082,5.771723999991082,0.0,twonorm,1,,SPINE+1NN,10,67,740,6660,0.9899399399399399,316404097,False,"{""admission"": {""criterion"": ""risk"", ""removed_risk"": 3, ""removed_support"": 0}, ""betti_final"": [[4, 0], [1, 0]], ""betti_frozen"": [[4, 0], [1, 0]], ""betti_nerve"": [[1, 0], [1, 0]], ""boundary_restriction"": ""both"", ""forced_removals"": 0, ""growth_representation_fallbacks"": 30, ""invariant_held"": true, ""n_segments"": 62, ""n_train_fit"": 4995, ""n_val"": 1665, ""phase0"": [{""constant_lens"": false, ""gain"": 0.25, ""lens"": ""pc1"", ""lens_scaling"": ""standardize"", ""min_cluster_size"": 24, ""min_samples"": 5, ""n_class"": 2499, ""n_edges"": 7, ""n_intervals"": 8, ""n_vertices"": 8, ""noise_reassigned"": 2853, ""placement"": ""quantile"", ""slabs"": [{""k"": 1, ""n"": 352}, {""k"": 1, ""n"": 390}, {""k"": 1, ""n"": 390}, {""k"": 1, ""n"": 391}, {""k"": 1, ""n"": 391}, {""k"": 1, ""n"": 390}, {""k"": 1, ""n"": 390}, {""k"": 1, ""n"": 352}]}, {""constant_lens"": false, ""gain"": 0.25, ""lens"": ""pc1"", ""lens_scaling"": ""standardize"", ""min_cluster_size"": 24, ""min_samples"": 5, ""n_class"": 2496, ""n_edges"": 7, ""n_intervals"": 8, ""n_vertices"": 8, ""noise_reassigned"": 2848, ""placement"": ""quantile"", ""slabs"": [{""k"": 1, ""n"": 351}, {""k"": 1, ""n"": 390}, {""k"": 1, ""n"": 390}, {""k"": 1, ""n"": 390}, {""k"": 1, ""n"": 390}, {""k"": 1, ""n"": 390}, {""k"": 1, ""n"": 390}, {""k"": 1, ""n"": 351}]}], ""soundness_bound_holds"": true, ""step_rule"": ""scale_free"", ""topology_retention_nerve_to_frozen"": {""beta0_frozen"": 5, ""beta0_nerve"": 2, ""beta1_frozen"": 0, ""beta1_nerve"": 0}}",True
0.9783783783783784,67,False,0.01006006006006006,0.01,,5.771723999991082,5.771723999991082,0.0,twonorm,1,,SPINE+Graph,10,67,740,6660,0.9899399399399399,316404097,False,"{""admission"": {""criterion"": ""risk"", ""removed_risk"": 3, ""removed_support"": 0}, ""betti_final"": [[4, 0], [1, 0]], ""betti_frozen"": [[4, 0], [1, 0]], ""betti_nerve"": [[1, 0], [1, 0]], ""boundary_restriction"": ""both"", ""forced_removals"": 0, ""growth_representation_fallbacks"": 30, ""invariant_held"": true, ""n_segments"": 62, ""n_train_fit"": 4995, ""n_val"": 1665, ""phase0"": [{""constant_lens"": false, ""gain"": 0.25, ""lens"": ""pc1"", ""lens_scaling"": ""standardize"", ""min_cluster_size"": 24, ""min_samples"": 5, ""n_class"": 2499, ""n_edges"": 7, ""n_intervals"": 8, ""n_vertices"": 8, ""noise_reassigned"": 2853, ""placement"": ""quantile"", ""slabs"": [{""k"": 1, ""n"": 352}, {""k"": 1, ""n"": 390}, {""k"": 1, ""n"": 390}, {""k"": 1, ""n"": 391}, {""k"": 1, ""n"": 391}, {""k"": 1, ""n"": 390}, {""k"": 1, ""n"": 390}, {""k"": 1, ""n"": 352}]}, {""constant_lens"": false, ""gain"": 0.25, ""lens"": ""pc1"", ""lens_scaling"": ""standardize"", ""min_cluster_size"": 24, ""min_samples"": 5, ""n_class"": 2496, ""n_edges"": 7, ""n_intervals"": 8, ""n_vertices"": 8, ""noise_reassigned"": 2848, ""placement"": ""quantile"", ""slabs"": [{""k"": 1, ""n"": 351}, {""k"": 1, ""n"": 390}, {""k"": 1, ""n"": 390}, {""k"": 1, ""n"": 390}, {""k"": 1, ""n"": 390}, {""k"": 1, ""n"": 390}, {""k"": 1, ""n"": 390}, {""k"": 1, ""n"": 351}]}], ""soundness_bound_holds"": true, ""step_rule"": ""scale_free"", ""topology_retention_nerve_to_frozen"": {""beta0_frozen"": 5, ""beta0_nerve"": 2, ""beta1_frozen"": 0, ""beta1_nerve"": 0}}",True
0.9743243243243244,67,False,0.01006006006006006,0.01,,2.7462689999956638,54.83623499999521,52.08996599999955,twonorm,1,"{""epsilon"": 0.1, ""window"": 0.2}",LVQ3,10,67,740,6660,0.9899399399399399,316404097,False,,True
0.977027027027027,67,False,0.01006006006006006,0.01,"{""0"": 34, ""1"": 33}",2.5650129999849014,2.5650129999849014,0.0,twonorm,1,,KMeans,10,67,740,6660,0.9899399399399399,316404097,False,,True
0.9175675675675675,67,False,0.01006006006006006,0.01,"{""0"": 34, ""1"": 33}",0.001087999960873276,0.001087999960873276,0.0,twonorm,1,,Random,10,67,740,6660,0.9899399399399399,316404097,False,,True
0.9256756756756757,67,False,0.01006006006006006,0.01,,1.8285759999998845,1.8285759999998845,0.0,twonorm,1,,SPOT,10,67,740,6660,0.9899399399399399,316404097,False,,True
0.972972972972973,67,False,0.01006006006006006,0.01,,12.907454999978654,12.907454999978654,0.0,twonorm,1,,GLVQ,10,67,740,6660,0.9899399399399399,316404097,False,,True
0.9675675675675676,67,False,0.01006006006006006,0.01,,1.9085400000330992,1.9085400000330992,0.0,twonorm,1,,GNG,10,67,740,6660,0.9899399399399399,316404097,False,,True
0.9540540540540541,133,False,0.01996996996996997,0.02,,0.0006820000126026571,0.0006820000126026571,0.0,twonorm,1,,Full,10,6660,740,6660,0.0,316404097,True,,False
0.9216216216216216,133,False,0.01996996996996997,0.02,,1.7823109999881126,1.7823109999881126,0.0,twonorm,1,,RSP3,10,946,740,6660,0.8579579579579579,316404097,True,,False
0.8878378378378379,133,False,0.01996996996996997,0.02,,1.2914839999866672,1.2914839999866672,0.0,twonorm,1,,RHC,10,224,740,6660,0.9663663663663664,316404097,True,,False
0.9756756756756757,133,False,0.01996996996996997,0.02,,6.471972000028472,6.471972000028472,0.0,twonorm,1,,SPINE+1NN,10,133,740,6660,0.98003003003003,316404097,False,"{""admission"": {""criterion"": ""risk"", ""removed_risk"": 3, ""removed_support"": 0}, ""betti_final"": [[4, 0], [1, 0]], ""betti_frozen"": [[4, 0], [1, 0]], ""betti_nerve"": [[1, 0], [1, 0]], ""boundary_restriction"": ""both"", ""forced_removals"": 0, ""growth_representation_fallbacks"": 94, ""invariant_held"": true, ""n_segments"": 128, ""n_train_fit"": 4995, ""n_val"": 1665, ""phase0"": [{""constant_lens"": false, ""gain"": 0.25, ""lens"": ""pc1"", ""lens_scaling"": ""standardize"", ""min_cluster_size"": 24, ""min_samples"": 5, ""n_class"": 2499, ""n_edges"": 7, ""n_intervals"": 8, ""n_vertices"": 8, ""noise_reassigned"": 2853, ""placement"": ""quantile"", ""slabs"": [{""k"": 1, ""n"": 352}, {""k"": 1, ""n"": 390}, {""k"": 1, ""n"": 390}, {""k"": 1, ""n"": 391}, {""k"": 1, ""n"": 391}, {""k"": 1, ""n"": 390}, {""k"": 1, ""n"": 390}, {""k"": 1, ""n"": 352}]}, {""constant_lens"": false, ""gain"": 0.25, ""lens"": ""pc1"", ""lens_scaling"": ""standardize"", ""min_cluster_size"": 24, ""min_samples"": 5, ""n_class"": 2496, ""n_edges"": 7, ""n_intervals"": 8, ""n_vertices"": 8, ""noise_reassigned"": 2848, ""placement"": ""quantile"", ""slabs"": [{""k"": 1, ""n"": 351}, {""k"": 1, ""n"": 390}, {""k"": 1, ""n"": 390}, {""k"": 1, ""n"": 390}, {""k"": 1, ""n"": 390}, {""k"": 1, ""n"": 390}, {""k"": 1, ""n"": 390}, {""k"": 1, ""n"": 351}]}], ""soundness_bound_holds"": true, ""step_rule"": ""scale_free"", ""topology_retention_nerve_to_frozen"": {""beta0_frozen"": 5, ""beta0_nerve"": 2, ""beta1_frozen"": 0, ""beta1_nerve"": 0}}",True
0.9756756756756757,133,False,0.01996996996996997,0.02,,6.471972000028472,6.471972000028472,0.0,twonorm,1,,SPINE+Graph,10,133,740,6660,0.98003003003003,316404097,False,"{""admission"": {""criterion"": ""risk"", ""removed_risk"": 3, ""removed_support"": 0}, ""betti_final"": [[4, 0], [1, 0]], ""betti_frozen"": [[4, 0], [1, 0]], ""betti_nerve"": [[1, 0], [1, 0]], ""boundary_restriction"": ""both"", ""forced_removals"": 0, ""growth_representation_fallbacks"": 94, ""invariant_held"": true, ""n_segments"": 128, ""n_train_fit"": 4995, ""n_val"": 1665, ""phase0"": [{""constant_lens"": false, ""gain"": 0.25, ""lens"": ""pc1"", ""lens_scaling"": ""standardize"", ""min_cluster_size"": 24, ""min_samples"": 5, ""n_class"": 2499, ""n_edges"": 7, ""n_intervals"": 8, ""n_vertices"": 8, ""noise_reassigned"": 2853, ""placement"": ""quantile"", ""slabs"": [{""k"": 1, ""n"": 352}, {""k"": 1, ""n"": 390}, {""k"": 1, ""n"": 390}, {""k"": 1, ""n"": 391}, {""k"": 1, ""n"": 391}, {""k"": 1, ""n"": 390}, {""k"": 1, ""n"": 390}, {""k"": 1, ""n"": 352}]}, {""constant_lens"": false, ""gain"": 0.25, ""lens"": ""pc1"", ""lens_scaling"": ""standardize"", ""min_cluster_size"": 24, ""min_samples"": 5, ""n_class"": 2496, ""n_edges"": 7, ""n_intervals"": 8, ""n_vertices"": 8, ""noise_reassigned"": 2848, ""placement"": ""quantile"", ""slabs"": [{""k"": 1, ""n"": 351}, {""k"": 1, ""n"": 390}, {""k"": 1, ""n"": 390}, {""k"": 1, ""n"": 390}, {""k"": 1, ""n"": 390}, {""k"": 1, ""n"": 390}, {""k"": 1, ""n"": 390}, {""k"": 1, ""n"": 351}]}], ""soundness_bound_holds"": true, ""step_rule"": ""scale_free"", ""topology_retention_nerve_to_frozen"": {""beta0_frozen"": 5, ""beta0_nerve"": 2, ""beta1_frozen"": 0, ""beta1_nerve"": 0}}",True
0.9689189189189189,133,False,0.01996996996996997,0.02,,3.2153720000060275,62.05659499997273,58.8412229999667,twonorm,1,"{""epsilon"": 0.3, ""window"": 0.2}",LVQ3,10,133,740,6660,0.98003003003003,316404097,False,,True
0.972972972972973,133,False,0.01996996996996997,0.02,"{""0"": 67, ""1"": 66}",3.1463719999883324,3.1463719999883324,0.0,twonorm,1,,KMeans,10,133,740,6660,0.98003003003003,316404097,False,,True
0.9445945945945946,133,False,0.01996996996996997,0.02,"{""0"": 67, ""1"": 66}",0.0012209999840706587,0.0012209999840706587,0.0,twonorm,1,,Random,10,133,740,6660,0.98003003003003,316404097,False,,True
0.9364864864864865,133,False,0.01996996996996997,0.02,,1.9257009999710135,1.9257009999710135,0.0,twonorm,1,,SPOT,10,133,740,6660,0.98003003003003,316404097,False,,True
0.9702702702702702,133,False,0.01996996996996997,0.02,,22.13671399996383,22.13671399996383,0.0,twonorm,1,,GLVQ,10,133,740,6660,0.98003003003003,316404097,False,,True
0.9756756756756757,133,False,0.01996996996996997,0.02,,3.016701999993529,3.016701999993529,0.0,twonorm,1,,GNG,10,133,740,6660,0.98003003003003,316404097,False,,True
0.9540540540540541,333,False,0.05,0.05,,0.0006820000126026571,0.0006820000126026571,0.0,twonorm,1,,Full,10,6660,740,6660,0.0,316404097,True,,False
0.9216216216216216,333,False,0.05,0.05,,1.7823109999881126,1.7823109999881126,0.0,twonorm,1,,RSP3,10,946,740,6660,0.8579579579579579,316404097,True,,False
0.8878378378378379,333,False,0.05,0.05,,1.2914839999866672,1.2914839999866672,0.0,twonorm,1,,RHC,10,224,740,6660,0.9663663663663664,316404097,True,,False
0.977027027027027,333,False,0.05,0.05,,11.351309999998193,11.351309999998193,0.0,twonorm,1,,SPINE+1NN,10,333,740,6660,0.95,316404097,False,"{""admission"": {""criterion"": ""risk"", ""removed_risk"": 3, ""removed_support"": 0}, ""betti_final"": [[4, 0], [1, 0]], ""betti_frozen"": [[4, 0], [1, 0]], ""betti_nerve"": [[1, 0], [1, 0]], ""boundary_restriction"": ""both"", ""forced_removals"": 0, ""growth_representation_fallbacks"": 289, ""invariant_held"": true, ""n_segments"": 328, ""n_train_fit"": 4995, ""n_val"": 1665, ""phase0"": [{""constant_lens"": false, ""gain"": 0.25, ""lens"": ""pc1"", ""lens_scaling"": ""standardize"", ""min_cluster_size"": 24, ""min_samples"": 5, ""n_class"": 2499, ""n_edges"": 7, ""n_intervals"": 8, ""n_vertices"": 8, ""noise_reassigned"": 2853, ""placement"": ""quantile"", ""slabs"": [{""k"": 1, ""n"": 352}, {""k"": 1, ""n"": 390}, {""k"": 1, ""n"": 390}, {""k"": 1, ""n"": 391}, {""k"": 1, ""n"": 391}, {""k"": 1, ""n"": 390}, {""k"": 1, ""n"": 390}, {""k"": 1, ""n"": 352}]}, {""constant_lens"": false, ""gain"": 0.25, ""lens"": ""pc1"", ""lens_scaling"": ""standardize"", ""min_cluster_size"": 24, ""min_samples"": 5, ""n_class"": 2496, ""n_edges"": 7, ""n_intervals"": 8, ""n_vertices"": 8, ""noise_reassigned"": 2848, ""placement"": ""quantile"", ""slabs"": [{""k"": 1, ""n"": 351}, {""k"": 1, ""n"": 390}, {""k"": 1, ""n"": 390}, {""k"": 1, ""n"": 390}, {""k"": 1, ""n"": 390}, {""k"": 1, ""n"": 390}, {""k"": 1, ""n"": 390}, {""k"": 1, ""n"": 351}]}], ""soundness_bound_holds"": true, ""step_rule"": ""scale_free"", ""topology_retention_nerve_to_frozen"": {""beta0_frozen"": 5, ""beta0_nerve"": 2, ""beta1_frozen"": 0, ""beta1_nerve"": 0}}",True
0.977027027027027,333,False,0.05,0.05,,11.351309999998193,11.351309999998193,0.0,twonorm,1,,SPINE+Graph,10,333,740,6660,0.95,316404097,False,"{""admission"": {""criterion"": ""risk"", ""removed_risk"": 3, ""removed_support"": 0}, ""betti_final"": [[4, 0], [1, 0]], ""betti_frozen"": [[4, 0], [1, 0]], ""betti_nerve"": [[1, 0], [1, 0]], ""boundary_restriction"": ""both"", ""forced_removals"": 0, ""growth_representation_fallbacks"": 289, ""invariant_held"": true, ""n_segments"": 328, ""n_train_fit"": 4995, ""n_val"": 1665, ""phase0"": [{""constant_lens"": false, ""gain"": 0.25, ""lens"": ""pc1"", ""lens_scaling"": ""standardize"", ""min_cluster_size"": 24, ""min_samples"": 5, ""n_class"": 2499, ""n_edges"": 7, ""n_intervals"": 8, ""n_vertices"": 8, ""noise_reassigned"": 2853, ""placement"": ""quantile"", ""slabs"": [{""k"": 1, ""n"": 352}, {""k"": 1, ""n"": 390}, {""k"": 1, ""n"": 390}, {""k"": 1, ""n"": 391}, {""k"": 1, ""n"": 391}, {""k"": 1, ""n"": 390}, {""k"": 1, ""n"": 390}, {""k"": 1, ""n"": 352}]}, {""constant_lens"": false, ""gain"": 0.25, ""lens"": ""pc1"", ""lens_scaling"": ""standardize"", ""min_cluster_size"": 24, ""min_samples"": 5, ""n_class"": 2496, ""n_edges"": 7, ""n_intervals"": 8, ""n_vertices"": 8, ""noise_reassigned"": 2848, ""placement"": ""quantile"", ""slabs"": [{""k"": 1, ""n"": 351}, {""k"": 1, ""n"": 390}, {""k"": 1, ""n"": 390}, {""k"": 1, ""n"": 390}, {""k"": 1, ""n"": 390}, {""k"": 1, ""n"": 390}, {""k"": 1, ""n"": 390}, {""k"": 1, ""n"": 351}]}], ""soundness_bound_holds"": true, ""step_rule"": ""scale_free"", ""topology_retention_nerve_to_frozen"": {""beta0_frozen"": 5, ""beta0_nerve"": 2, ""beta1_frozen"": 0, ""beta1_nerve"": 0}}",True
0.9756756756756757,333,False,0.05,0.05,,5.027582000009716,88.08365000004414,83.05606800003443,twonorm,1,"{""epsilon"": 0.3, ""window"": 0.2}",LVQ3,10,333,740,6660,0.95,316404097,False,,True
0.9702702702702702,333,False,0.05,0.05,"{""0"": 167, ""1"": 166}",5.659341999969911,5.659341999969911,0.0,twonorm,1,,KMeans,10,333,740,6660,0.95,316404097,False,,True
0.9283783783783783,333,False,0.05,0.05,"{""0"": 167, ""1"": 166}",0.0013860000181011856,0.0013860000181011856,0.0,twonorm,1,,Random,10,333,740,6660,0.95,316404097,False,,True
0.9364864864864865,333,False,0.05,0.05,,2.045914000016637,2.045914000016637,0.0,twonorm,1,,SPOT,10,333,740,6660,0.95,316404097,False,,True
0.9797297297297297,333,False,0.05,0.05,,50.214832000026945,50.214832000026945,0.0,twonorm,1,,GLVQ,10,333,740,6660,0.95,316404097,False,,True
0.9702702702702702,333,False,0.05,0.05,,9.487497000023723,9.487497000023723,0.0,twonorm,1,,GNG,10,333,740,6660,0.95,316404097,False,,True
0.9540540540540541,666,False,0.1,0.1,,0.0006820000126026571,0.0006820000126026571,0.0,twonorm,1,,Full,10,6660,740,6660,0.0,316404097,True,,False
0.9216216216216216,666,False,0.1,0.1,,1.7823109999881126,1.7823109999881126,0.0,twonorm,1,,RSP3,10,946,740,6660,0.8579579579579579,316404097,True,,False
0.8878378378378379,666,False,0.1,0.1,,1.2914839999866672,1.2914839999866672,0.0,twonorm,1,,RHC,10,224,740,6660,0.9663663663663664,316404097,True,,False
0.981081081081081,666,False,0.1,0.1,,29.21658100001514,29.21658100001514,0.0,twonorm,1,,SPINE+1NN,10,666,740,6660,0.9,316404097,False,"{""admission"": {""criterion"": ""risk"", ""removed_risk"": 3, ""removed_support"": 0}, ""betti_final"": [[4, 0], [1, 0]], ""betti_frozen"": [[4, 0], [1, 0]], ""betti_nerve"": [[1, 0], [1, 0]], ""boundary_restriction"": ""both"", ""forced_removals"": 0, ""growth_representation_fallbacks"": 642, ""invariant_held"": true, ""n_segments"": 661, ""n_train_fit"": 4995, ""n_val"": 1665, ""phase0"": [{""constant_lens"": false, ""gain"": 0.25, ""lens"": ""pc1"", ""lens_scaling"": ""standardize"", ""min_cluster_size"": 24, ""min_samples"": 5, ""n_class"": 2499, ""n_edges"": 7, ""n_intervals"": 8, ""n_vertices"": 8, ""noise_reassigned"": 2853, ""placement"": ""quantile"", ""slabs"": [{""k"": 1, ""n"": 352}, {""k"": 1, ""n"": 390}, {""k"": 1, ""n"": 390}, {""k"": 1, ""n"": 391}, {""k"": 1, ""n"": 391}, {""k"": 1, ""n"": 390}, {""k"": 1, ""n"": 390}, {""k"": 1, ""n"": 352}]}, {""constant_lens"": false, ""gain"": 0.25, ""lens"": ""pc1"", ""lens_scaling"": ""standardize"", ""min_cluster_size"": 24, ""min_samples"": 5, ""n_class"": 2496, ""n_edges"": 7, ""n_intervals"": 8, ""n_vertices"": 8, ""noise_reassigned"": 2848, ""placement"": ""quantile"", ""slabs"": [{""k"": 1, ""n"": 351}, {""k"": 1, ""n"": 390}, {""k"": 1, ""n"": 390}, {""k"": 1, ""n"": 390}, {""k"": 1, ""n"": 390}, {""k"": 1, ""n"": 390}, {""k"": 1, ""n"": 390}, {""k"": 1, ""n"": 351}]}], ""soundness_bound_holds"": true, ""step_rule"": ""scale_free"", ""topology_retention_nerve_to_frozen"": {""beta0_frozen"": 5, ""beta0_nerve"": 2, ""beta1_frozen"": 0, ""beta1_nerve"": 0}}",True
0.981081081081081,666,False,0.1,0.1,,29.21658100001514,29.21658100001514,0.0,twonorm,1,,SPINE+Graph,10,666,740,6660,0.9,316404097,False,"{""admission"": {""criterion"": ""risk"", ""removed_risk"": 3, ""removed_support"": 0}, ""betti_final"": [[4, 0], [1, 0]], ""betti_frozen"": [[4, 0], [1, 0]], ""betti_nerve"": [[1, 0], [1, 0]], ""boundary_restriction"": ""both"", ""forced_removals"": 0, ""growth_representation_fallbacks"": 642, ""invariant_held"": true, ""n_segments"": 661, ""n_train_fit"": 4995, ""n_val"": 1665, ""phase0"": [{""constant_lens"": false, ""gain"": 0.25, ""lens"": ""pc1"", ""lens_scaling"": ""standardize"", ""min_cluster_size"": 24, ""min_samples"": 5, ""n_class"": 2499, ""n_edges"": 7, ""n_intervals"": 8, ""n_vertices"": 8, ""noise_reassigned"": 2853, ""placement"": ""quantile"", ""slabs"": [{""k"": 1, ""n"": 352}, {""k"": 1, ""n"": 390}, {""k"": 1, ""n"": 390}, {""k"": 1, ""n"": 391}, {""k"": 1, ""n"": 391}, {""k"": 1, ""n"": 390}, {""k"": 1, ""n"": 390}, {""k"": 1, ""n"": 352}]}, {""constant_lens"": false, ""gain"": 0.25, ""lens"": ""pc1"", ""lens_scaling"": ""standardize"", ""min_cluster_size"": 24, ""min_samples"": 5, ""n_class"": 2496, ""n_edges"": 7, ""n_intervals"": 8, ""n_vertices"": 8, ""noise_reassigned"": 2848, ""placement"": ""quantile"", ""slabs"": [{""k"": 1, ""n"": 351}, {""k"": 1, ""n"": 390}, {""k"": 1, ""n"": 390}, {""k"": 1, ""n"": 390}, {""k"": 1, ""n"": 390}, {""k"": 1, ""n"": 390}, {""k"": 1, ""n"": 390}, {""k"": 1, ""n"": 351}]}], ""soundness_bound_holds"": true, ""step_rule"": ""scale_free"", ""topology_retention_nerve_to_frozen"": {""beta0_frozen"": 5, ""beta0_nerve"": 2, ""beta1_frozen"": 0, ""beta1_nerve"": 0}}",True
0.9675675675675676,666,False,0.1,0.1,,7.258517999958713,125.28687399992486,118.02835599996615,twonorm,1,"{""epsilon"": 0.1, ""window"": 0.2}",LVQ3,10,666,740,6660,0.9,316404097,False,,True
0.972972972972973,666,False,0.1,0.1,"{""0"": 333, ""1"": 333}",9.568751999991946,9.568751999991946,0.0,twonorm,1,,KMeans,10,666,740,6660,0.9,316404097,False,,True
0.9513513513513514,666,False,0.1,0.1,"{""0"": 333, ""1"": 333}",0.001542000041808933,0.001542000041808933,0.0,twonorm,1,,Random,10,666,740,6660,0.9,316404097,False,,True
0.9405405405405406,666,False,0.1,0.1,,2.1127080000005662,2.1127080000005662,0.0,twonorm,1,,SPOT,10,666,740,6660,0.9,316404097,False,,True
0.9797297297297297,666,False,0.1,0.1,,96.93228700000327,96.93228700000327,0.0,twonorm,1,,GLVQ,10,666,740,6660,0.9,316404097,False,,True
0.9662162162162162,666,False,0.1,0.1,,30.029180000012275,30.029180000012275,0.0,twonorm,1,,GNG,10,666,740,6660,0.9,316404097,False,,True
0.9540540540540541,1665,False,0.25,0.25,,0.0006820000126026571,0.0006820000126026571,0.0,twonorm,1,,Full,10,6660,740,6660,0.0,316404097,True,,False
0.9216216216216216,1665,False,0.25,0.25,,1.7823109999881126,1.7823109999881126,0.0,twonorm,1,,RSP3,10,946,740,6660,0.8579579579579579,316404097,True,,False
0.8878378378378379,1665,False,0.25,0.25,,1.2914839999866672,1.2914839999866672,0.0,twonorm,1,,RHC,10,224,740,6660,0.9663663663663664,316404097,True,,False
0.972972972972973,1665,False,0.25,0.25,,160.09542799997143,160.09542799997143,0.0,twonorm,1,,SPINE+1NN,10,1665,740,6660,0.75,316404097,False,"{""admission"": {""criterion"": ""risk"", ""removed_risk"": 3, ""removed_support"": 0}, ""betti_final"": [[4, 0], [1, 0]], ""betti_frozen"": [[4, 0], [1, 0]], ""betti_nerve"": [[1, 0], [1, 0]], ""boundary_restriction"": ""both"", ""forced_removals"": 0, ""growth_representation_fallbacks"": 1844, ""invariant_held"": true, ""n_segments"": 1660, ""n_train_fit"": 4995, ""n_val"": 1665, ""phase0"": [{""constant_lens"": false, ""gain"": 0.25, ""lens"": ""pc1"", ""lens_scaling"": ""standardize"", ""min_cluster_size"": 24, ""min_samples"": 5, ""n_class"": 2499, ""n_edges"": 7, ""n_intervals"": 8, ""n_vertices"": 8, ""noise_reassigned"": 2853, ""placement"": ""quantile"", ""slabs"": [{""k"": 1, ""n"": 352}, {""k"": 1, ""n"": 390}, {""k"": 1, ""n"": 390}, {""k"": 1, ""n"": 391}, {""k"": 1, ""n"": 391}, {""k"": 1, ""n"": 390}, {""k"": 1, ""n"": 390}, {""k"": 1, ""n"": 352}]}, {""constant_lens"": false, ""gain"": 0.25, ""lens"": ""pc1"", ""lens_scaling"": ""standardize"", ""min_cluster_size"": 24, ""min_samples"": 5, ""n_class"": 2496, ""n_edges"": 7, ""n_intervals"": 8, ""n_vertices"": 8, ""noise_reassigned"": 2848, ""placement"": ""quantile"", ""slabs"": [{""k"": 1, ""n"": 351}, {""k"": 1, ""n"": 390}, {""k"": 1, ""n"": 390}, {""k"": 1, ""n"": 390}, {""k"": 1, ""n"": 390}, {""k"": 1, ""n"": 390}, {""k"": 1, ""n"": 390}, {""k"": 1, ""n"": 351}]}], ""soundness_bound_holds"": true, ""step_rule"": ""scale_free"", ""topology_retention_nerve_to_frozen"": {""beta0_frozen"": 5, ""beta0_nerve"": 2, ""beta1_frozen"": 0, ""beta1_nerve"": 0}}",True
0.972972972972973,1665,False,0.25,0.25,,160.09542799997143,160.09542799997143,0.0,twonorm,1,,SPINE+Graph,10,1665,740,6660,0.75,316404097,False,"{""admission"": {""criterion"": ""risk"", ""removed_risk"": 3, ""removed_support"": 0}, ""betti_final"": [[4, 0], [1, 0]], ""betti_frozen"": [[4, 0], [1, 0]], ""betti_nerve"": [[1, 0], [1, 0]], ""boundary_restriction"": ""both"", ""forced_removals"": 0, ""growth_representation_fallbacks"": 1844, ""invariant_held"": true, ""n_segments"": 1660, ""n_train_fit"": 4995, ""n_val"": 1665, ""phase0"": [{""constant_lens"": false, ""gain"": 0.25, ""lens"": ""pc1"", ""lens_scaling"": ""standardize"", ""min_cluster_size"": 24, ""min_samples"": 5, ""n_class"": 2499, ""n_edges"": 7, ""n_intervals"": 8, ""n_vertices"": 8, ""noise_reassigned"": 2853, ""placement"": ""quantile"", ""slabs"": [{""k"": 1, ""n"": 352}, {""k"": 1, ""n"": 390}, {""k"": 1, ""n"": 390}, {""k"": 1, ""n"": 391}, {""k"": 1, ""n"": 391}, {""k"": 1, ""n"": 390}, {""k"": 1, ""n"": 390}, {""k"": 1, ""n"": 352}]}, {""constant_lens"": false, ""gain"": 0.25, ""lens"": ""pc1"", ""lens_scaling"": ""standardize"", ""min_cluster_size"": 24, ""min_samples"": 5, ""n_class"": 2496, ""n_edges"": 7, ""n_intervals"": 8, ""n_vertices"": 8, ""noise_reassigned"": 2848, ""placement"": ""quantile"", ""slabs"": [{""k"": 1, ""n"": 351}, {""k"": 1, ""n"": 390}, {""k"": 1, ""n"": 390}, {""k"": 1, ""n"": 390}, {""k"": 1, ""n"": 390}, {""k"": 1, ""n"": 390}, {""k"": 1, ""n"": 390}, {""k"": 1, ""n"": 351}]}], ""soundness_bound_holds"": true, ""step_rule"": ""scale_free"", ""topology_retention_nerve_to_frozen"": {""beta0_frozen"": 5, ""beta0_nerve"": 2, ""beta1_frozen"": 0, ""beta1_nerve"": 0}}",True
0.9581081081081081,1665,False,0.25,0.25,,14.934795000008307,259.2927229999914,244.35792799998308,twonorm,1,"{""epsilon"": 0.3, ""window"": 0.3}",LVQ3,10,1665,740,6660,0.75,316404097,False,,True
0.9554054054054054,1665,False,0.25,0.25,"{""0"": 833, ""1"": 832}",23.951032000011764,23.951032000011764,0.0,twonorm,1,,KMeans,10,1665,740,6660,0.75,316404097,False,,True
0.9432432432432433,1665,False,0.25,0.25,"{""0"": 833, ""1"": 832}",0.0018099999870173633,0.0018099999870173633,0.0,twonorm,1,,Random,10,1665,740,6660,0.75,316404097,False,,True
0.9513513513513514,1665,False,0.25,0.25,,2.198452999989968,2.198452999989968,0.0,twonorm,1,,SPOT,10,1665,740,6660,0.75,316404097,False,,True
0.9756756756756757,1665,False,0.25,0.25,,240.05830999999307,240.05830999999307,0.0,twonorm,1,,GLVQ,10,1665,740,6660,0.75,316404097,False,,True
0.9594594594594594,1665,False,0.25,0.25,,159.71318000002066,159.71318000002066,0.0,twonorm,1,,GNG,10,1665,740,6660,0.75,316404097,False,,True
0.9297297297297298,33,False,0.004954954954954955,0.005,,0.0005410000449046493,0.0005410000449046493,0.0,twonorm,2,,Full,10,6660,740,6660,0.0,317404100,False,,False
0.9108108108108108,33,False,0.004954954954954955,0.005,,1.7975309999892488,1.7975309999892488,0.0,twonorm,2,,RSP3,10,944,740,6660,0.8582582582582583,317404100,False,,False
0.8878378378378379,33,False,0.004954954954954955,0.005,,1.3135270000202581,1.3135270000202581,0.0,twonorm,2,,RHC,10,195,740,6660,0.9707207207207207,317404100,False,,False
0.9635135135135136,33,False,0.004954954954954955,0.005,,5.636625000042841,5.636625000042841,0.0,twonorm,2,,SPINE+1NN,10,33,740,6660,0.9950450450450451,317404100,False,"{""admission"": {""criterion"": ""risk"", ""removed_risk"": 2, ""removed_support"": 0}, ""betti_final"": [[2, 0], [2, 0]], ""betti_frozen"": [[2, 0], [2, 0]], ""betti_nerve"": [[1, 0], [1, 0]], ""boundary_restriction"": ""both"", ""forced_removals"": 0, ""growth_representation_fallbacks"": 10, ""invariant_held"": true, ""n_segments"": 29, ""n_train_fit"": 4995, ""n_val"": 1665, ""phase0"": [{""constant_lens"": false, ""gain"": 0.25, ""lens"": ""pc1"", ""lens_scaling"": ""standardize"", ""min_cluster_size"": 24, ""min_samples"": 5, ""n_class"": 2499, ""n_edges"": 7, ""n_intervals"": 8, ""n_vertices"": 8, ""noise_reassigned"": 2854, ""placement"": ""quantile"", ""slabs"": [{""k"": 1, ""n"": 352}, {""k"": 1, ""n"": 390}, {""k"": 1, ""n"": 390}, {""k"": 1, ""n"": 391}, {""k"": 1, ""n"": 391}, {""k"": 1, ""n"": 390}, {""k"": 1, ""n"": 390}, {""k"": 1, ""n"": 352}]}, {""constant_lens"": false, ""gain"": 0.25, ""lens"": ""pc1"", ""lens_scaling"": ""standardize"", ""min_cluster_size"": 24, ""min_samples"": 5, ""n_class"": 2496, ""n_edges"": 7, ""n_intervals"": 8, ""n_vertices"": 8, ""noise_reassigned"": 2845, ""placement"": ""quantile"", ""slabs"": [{""k"": 1, ""n"": 351}, {""k"": 1, ""n"": 390}, {""k"": 1, ""n"": 390}, {""k"": 1, ""n"": 390}, {""k"": 1, ""n"": 390}, {""k"": 1, ""n"": 390}, {""k"": 1, ""n"": 390}, {""k"": 1, ""n"": 351}]}], ""soundness_bound_holds"": true, ""step_rule"": ""scale_free"", ""topology_retention_nerve_to_frozen"": {""beta0_frozen"": 4, ""beta0_nerve"": 2, ""beta1_frozen"": 0, ""beta1_nerve"": 0}}",True
0.9648648648648649,33,False,0.004954954954954955,0.005,,5.636625000042841,5.636625000042841,0.0,twonorm,2,,SPINE+Graph,10,33,740,6660,0.9950450450450451,317404100,False,"{""admission"": {""criterion"": ""risk"", ""removed_risk"": 2, ""removed_support"": 0}, ""betti_final"": [[2, 0], [2, 0]], ""betti_frozen"": [[2, 0], [2, 0]], ""betti_nerve"": [[1, 0], [1, 0]], ""boundary_restriction"": ""both"", ""forced_removals"": 0, ""growth_representation_fallbacks"": 10, ""invariant_held"": true, ""n_segments"": 29, ""n_train_fit"": 4995, ""n_val"": 1665, ""phase0"": [{""constant_lens"": false, ""gain"": 0.25, ""lens"": ""pc1"", ""lens_scaling"": ""standardize"", ""min_cluster_size"": 24, ""min_samples"": 5, ""n_class"": 2499, ""n_edges"": 7, ""n_intervals"": 8, ""n_vertices"": 8, ""noise_reassigned"": 2854, ""placement"": ""quantile"", ""slabs"": [{""k"": 1, ""n"": 352}, {""k"": 1, ""n"": 390}, {""k"": 1, ""n"": 390}, {""k"": 1, ""n"": 391}, {""k"": 1, ""n"": 391}, {""k"": 1, ""n"": 390}, {""k"": 1, ""n"": 390}, {""k"": 1, ""n"": 352}]}, {""constant_lens"": false, ""gain"": 0.25, ""lens"": ""pc1"", ""lens_scaling"": ""standardize"", ""min_cluster_size"": 24, ""min_samples"": 5, ""n_class"": 2496, ""n_edges"": 7, ""n_intervals"": 8, ""n_vertices"": 8, ""noise_reassigned"": 2845, ""placement"": ""quantile"", ""slabs"": [{""k"": 1, ""n"": 351}, {""k"": 1, ""n"": 390}, {""k"": 1, ""n"": 390}, {""k"": 1, ""n"": 390}, {""k"": 1, ""n"": 390}, {""k"": 1, ""n"": 390}, {""k"": 1, ""n"": 390}, {""k"": 1, ""n"": 351}]}], ""soundness_bound_holds"": true, ""step_rule"": ""scale_free"", ""topology_retention_nerve_to_frozen"": {""beta0_frozen"": 4, ""beta0_nerve"": 2, ""beta1_frozen"": 0, ""beta1_nerve"": 0}}",True
0.9675675675675676,33,False,0.004954954954954955,0.005,,2.619784000038635,49.851907000062056,47.23212300002342,twonorm,2,"{""epsilon"": 0.1, ""window"": 0.3}",LVQ3,10,33,740,6660,0.9950450450450451,317404100,False,,True
0.9648648648648649,33,False,0.004954954954954955,0.005,"{""0"": 17, ""1"": 16}",2.3992549999966286,2.3992549999966286,0.0,twonorm,2,,KMeans,10,33,740,6660,0.9950450450450451,317404100,False,,True
0.9297297297297298,33,False,0.004954954954954955,0.005,"{""0"": 17, ""1"": 16}",0.0010299999848939478,0.0010299999848939478,0.0,twonorm,2,,Random,10,33,740,6660,0.9950450450450451,317404100,False,,True
0.918918918918919,33,False,0.004954954954954955,0.005,,1.8037009999970905,1.8037009999970905,0.0,twonorm,2,,SPOT,10,33,740,6660,0.9950450450450451,317404100,False,,True
0.9662162162162162,33,False,0.004954954954954955,0.005,,8.187656000023708,8.187656000023708,0.0,twonorm,2,,GLVQ,10,33,740,6660,0.9950450450450451,317404100,False,,True
0.9594594594594594,33,False,0.004954954954954955,0.005,,1.5462330000009388,1.5462330000009388,0.0,twonorm,2,,GNG,10,33,740,6660,0.9950450450450451,317404100,False,,True
0.9297297297297298,67,False,0.01006006006006006,0.01,,0.0005410000449046493,0.0005410000449046493,0.0,twonorm,2,,Full,10,6660,740,6660,0.0,317404100,True,,False
0.9108108108108108,67,False,0.01006006006006006,0.01,,1.7975309999892488,1.7975309999892488,0.0,twonorm,2,,RSP3,10,944,740,6660,0.8582582582582583,317404100,True,,False
0.8878378378378379,67,False,0.01006006006006006,0.01,,1.3135270000202581,1.3135270000202581,0.0,twonorm,2,,RHC,10,195,740,6660,0.9707207207207207,317404100,True,,False
0.9635135135135136,67,False,0.01006006006006006,0.01,,5.831657999951858,5.831657999951858,0.0,twonorm,2,,SPINE+1NN,10,67,740,6660,0.9899399399399399,317404100,False,"{""admission"": {""criterion"": ""risk"", ""removed_risk"": 2, ""removed_support"": 0}, ""betti_final"": [[2, 0], [2, 0]], ""betti_frozen"": [[2, 0], [2, 0]], ""betti_nerve"": [[1, 0], [1, 0]], ""boundary_restriction"": ""both"", ""forced_removals"": 0, ""growth_representation_fallbacks"": 31, ""invariant_held"": true, ""n_segments"": 63, ""n_train_fit"": 4995, ""n_val"": 1665, ""phase0"": [{""constant_lens"": false, ""gain"": 0.25, ""lens"": ""pc1"", ""lens_scaling"": ""standardize"", ""min_cluster_size"": 24, ""min_samples"": 5, ""n_class"": 2499, ""n_edges"": 7, ""n_intervals"": 8, ""n_vertices"": 8, ""noise_reassigned"": 2854, ""placement"": ""quantile"", ""slabs"": [{""k"": 1, ""n"": 352}, {""k"": 1, ""n"": 390}, {""k"": 1, ""n"": 390}, {""k"": 1, ""n"": 391}, {""k"": 1, ""n"": 391}, {""k"": 1, ""n"": 390}, {""k"": 1, ""n"": 390}, {""k"": 1, ""n"": 352}]}, {""constant_lens"": false, ""gain"": 0.25, ""lens"": ""pc1"", ""lens_scaling"": ""standardize"", ""min_cluster_size"": 24, ""min_samples"": 5, ""n_class"": 2496, ""n_edges"": 7, ""n_intervals"": 8, ""n_vertices"": 8, ""noise_reassigned"": 2845, ""placement"": ""quantile"", ""slabs"": [{""k"": 1, ""n"": 351}, {""k"": 1, ""n"": 390}, {""k"": 1, ""n"": 390}, {""k"": 1, ""n"": 390}, {""k"": 1, ""n"": 390}, {""k"": 1, ""n"": 390}, {""k"": 1, ""n"": 390}, {""k"": 1, ""n"": 351}]}], ""soundness_bound_holds"": true, ""step_rule"": ""scale_free"", ""topology_retention_nerve_to_frozen"": {""beta0_frozen"": 4, ""beta0_nerve"": 2, ""beta1_frozen"": 0, ""beta1_nerve"": 0}}",True
0.9648648648648649,67,False,0.01006006006006006,0.01,,5.831657999951858,5.831657999951858,0.0,twonorm,2,,SPINE+Graph,10,67,740,6660,0.9899399399399399,317404100,False,"{""admission"": {""criterion"": ""risk"", ""removed_risk"": 2, ""removed_support"": 0}, ""betti_final"": [[2, 0], [2, 0]], ""betti_frozen"": [[2, 0], [2, 0]], ""betti_nerve"": [[1, 0], [1, 0]], ""boundary_restriction"": ""both"", ""forced_removals"": 0, ""growth_representation_fallbacks"": 31, ""invariant_held"": true, ""n_segments"": 63, ""n_train_fit"": 4995, ""n_val"": 1665, ""phase0"": [{""constant_lens"": false, ""gain"": 0.25, ""lens"": ""pc1"", ""lens_scaling"": ""standardize"", ""min_cluster_size"": 24, ""min_samples"": 5, ""n_class"": 2499, ""n_edges"": 7, ""n_intervals"": 8, ""n_vertices"": 8, ""noise_reassigned"": 2854, ""placement"": ""quantile"", ""slabs"": [{""k"": 1, ""n"": 352}, {""k"": 1, ""n"": 390}, {""k"": 1, ""n"": 390}, {""k"": 1, ""n"": 391}, {""k"": 1, ""n"": 391}, {""k"": 1, ""n"": 390}, {""k"": 1, ""n"": 390}, {""k"": 1, ""n"": 352}]}, {""constant_lens"": false, ""gain"": 0.25, ""lens"": ""pc1"", ""lens_scaling"": ""standardize"", ""min_cluster_size"": 24, ""min_samples"": 5, ""n_class"": 2496, ""n_edges"": 7, ""n_intervals"": 8, ""n_vertices"": 8, ""noise_reassigned"": 2845, ""placement"": ""quantile"", ""slabs"": [{""k"": 1, ""n"": 351}, {""k"": 1, ""n"": 390}, {""k"": 1, ""n"": 390}, {""k"": 1, ""n"": 390}, {""k"": 1, ""n"": 390}, {""k"": 1, ""n"": 390}, {""k"": 1, ""n"": 390}, {""k"": 1, ""n"": 351}]}], ""soundness_bound_holds"": true, ""step_rule"": ""scale_free"", ""topology_retention_nerve_to_frozen"": {""beta0_frozen"": 4, ""beta0_nerve"": 2, ""beta1_frozen"": 0, ""beta1_nerve"": 0}}",True
0.9635135135135136,67,False,0.01006006006006006,0.01,,2.78924700000789,54.07748600002378,51.28823900001589,twonorm,2,"{""epsilon"": 0.3, ""window"": 0.3}",LVQ3,10,67,740,6660,0.9899399399399399,317404100,False,,True
0.9608108108108108,67,False,0.01006006006006006,0.01,"{""0"": 34, ""1"": 33}",2.8068549999734387,2.8068549999734387,0.0,twonorm,2,,KMeans,10,67,740,6660,0.9899399399399399,317404100,False,,True
0.8986486486486487,67,False,0.01006006006006006,0.01,"{""0"": 34, ""1"": 33}",0.0011240000021643937,0.0011240000021643937,0.0,twonorm,2,,Random,10,67,740,6660,0.9899399399399399,317404100,False,,True
0.9324324324324325,67,False,0.01006006006006006,0.01,,1.8548479999881238,1.8548479999881238,0.0,twonorm,2,,SPOT,10,67,740,6660,0.9899399399399399,317404100,False,,True
0.9662162162162162,67,False,0.01006006006006006,0.01,,12.983195999986492,12.983195999986492,0.0,twonorm,2,,GLVQ,10,67,740,6660,0.9899399399399399,317404100,False,,True
0.9594594594594594,67,False,0.01006006006006006,0.01,,1.6634279999998398,1.6634279999998398,0.0,twonorm,2,,GNG,10,67,740,6660,0.9899399399399399,317404100,False,,True
0.9297297297297298,133,False,0.01996996996996997,0.02,,0.0005410000449046493,0.0005410000449046493,0.0,twonorm,2,,Full,10,6660,740,6660,0.0,317404100,True,,False
0.9108108108108108,133,False,0.01996996996996997,0.02,,1.7975309999892488,1.7975309999892488,0.0,twonorm,2,,RSP3,10,944,740,6660,0.8582582582582583,317404100,True,,False
0.8878378378378379,133,False,0.01996996996996997,0.02,,1.3135270000202581,1.3135270000202581,0.0,twonorm,2,,RHC,10,195,740,6660,0.9707207207207207,317404100,True,,False
0.9662162162162162,133,False,0.01996996996996997,0.02,,6.235884999972768,6.235884999972768,0.0,twonorm,2,,SPINE+1NN,10,133,740,6660,0.98003003003003,317404100,False,"{""admission"": {""criterion"": ""risk"", ""removed_risk"": 2, ""removed_support"": 0}, ""betti_final"": [[2, 0], [2, 0]], ""betti_frozen"": [[2, 0], [2, 0]], ""betti_nerve"": [[1, 0], [1, 0]], ""boundary_restriction"": ""both"", ""forced_removals"": 0, ""growth_representation_fallbacks"": 107, ""invariant_held"": true, ""n_segments"": 129, ""n_train_fit"": 4995, ""n_val"": 1665, ""phase0"": [{""constant_lens"": false, ""gain"": 0.25, ""lens"": ""pc1"", ""lens_scaling"": ""standardize"", ""min_cluster_size"": 24, ""min_samples"": 5, ""n_class"": 2499, ""n_edges"": 7, ""n_intervals"": 8, ""n_vertices"": 8, ""noise_reassigned"": 2854, ""placement"": ""quantile"", ""slabs"": [{""k"": 1, ""n"": 352}, {""k"": 1, ""n"": 390}, {""k"": 1, ""n"": 390}, {""k"": 1, ""n"": 391}, {""k"": 1, ""n"": 391}, {""k"": 1, ""n"": 390}, {""k"": 1, ""n"": 390}, {""k"": 1, ""n"": 352}]}, {""constant_lens"": false, ""gain"": 0.25, ""lens"": ""pc1"", ""lens_scaling"": ""standardize"", ""min_cluster_size"": 24, ""min_samples"": 5, ""n_class"": 2496, ""n_edges"": 7, ""n_intervals"": 8, ""n_vertices"": 8, ""noise_reassigned"": 2845, ""placement"": ""quantile"", ""slabs"": [{""k"": 1, ""n"": 351}, {""k"": 1, ""n"": 390}, {""k"": 1, ""n"": 390}, {""k"": 1, ""n"": 390}, {""k"": 1, ""n"": 390}, {""k"": 1, ""n"": 390}, {""k"": 1, ""n"": 390}, {""k"": 1, ""n"": 351}]}], ""soundness_bound_holds"": true, ""step_rule"": ""scale_free"", ""topology_retention_nerve_to_frozen"": {""beta0_frozen"": 4, ""beta0_nerve"": 2, ""beta1_frozen"": 0, ""beta1_nerve"": 0}}",True
0.9662162162162162,133,False,0.01996996996996997,0.02,,6.235884999972768,6.235884999972768,0.0,twonorm,2,,SPINE+Graph,10,133,740,6660,0.98003003003003,317404100,False,"{""admission"": {""criterion"": ""risk"", ""removed_risk"": 2, ""removed_support"": 0}, ""betti_final"": [[2, 0], [2, 0]], ""betti_frozen"": [[2, 0], [2, 0]], ""betti_nerve"": [[1, 0], [1, 0]], ""boundary_restriction"": ""both"", ""forced_removals"": 0, ""growth_representation_fallbacks"": 107, ""invariant_held"": true, ""n_segments"": 129, ""n_train_fit"": 4995, ""n_val"": 1665, ""phase0"": [{""constant_lens"": false, ""gain"": 0.25, ""lens"": ""pc1"", ""lens_scaling"": ""standardize"", ""min_cluster_size"": 24, ""min_samples"": 5, ""n_class"": 2499, ""n_edges"": 7, ""n_intervals"": 8, ""n_vertices"": 8, ""noise_reassigned"": 2854, ""placement"": ""quantile"", ""slabs"": [{""k"": 1, ""n"": 352}, {""k"": 1, ""n"": 390}, {""k"": 1, ""n"": 390}, {""k"": 1, ""n"": 391}, {""k"": 1, ""n"": 391}, {""k"": 1, ""n"": 390}, {""k"": 1, ""n"": 390}, {""k"": 1, ""n"": 352}]}, {""constant_lens"": false, ""gain"": 0.25, ""lens"": ""pc1"", ""lens_scaling"": ""standardize"", ""min_cluster_size"": 24, ""min_samples"": 5, ""n_class"": 2496, ""n_edges"": 7, ""n_intervals"": 8, ""n_vertices"": 8, ""noise_reassigned"": 2845, ""placement"": ""quantile"", ""slabs"": [{""k"": 1, ""n"": 351}, {""k"": 1, ""n"": 390}, {""k"": 1, ""n"": 390}, {""k"": 1, ""n"": 390}, {""k"": 1, ""n"": 390}, {""k"": 1, ""n"": 390}, {""k"": 1, ""n"": 390}, {""k"": 1, ""n"": 351}]}], ""soundness_bound_holds"": true, ""step_rule"": ""scale_free"", ""topology_retention_nerve_to_frozen"": {""beta0_frozen"": 4, ""beta0_nerve"": 2, ""beta1_frozen"": 0, ""beta1_nerve"": 0}}",True
0.9567567567567568,133,False,0.01996996996996997,0.02,,3.3387710000388324,61.310647000034805,57.97187599999597,twonorm,2,"{""epsilon"": 0.3, ""window"": 0.2}",LVQ3,10,133,740,6660,0.98003003003003,317404100,False,,True
0.9567567567567568,133,False,0.01996996996996997,0.02,"{""0"": 67, ""1"": 66}",3.3311070000054315,3.3311070000054315,0.0,twonorm,2,,KMeans,10,133,740,6660,0.98003003003003,317404100,False,,True
0.9135135135135135,133,False,0.01996996996996997,0.02,"{""0"": 67, ""1"": 66}",0.0023560000117868185,0.0023560000117868185,0.0,twonorm,2,,Random,10,133,740,6660,0.98003003003003,317404100,False,,True
0.9418918918918919,133,False,0.01996996996996997,0.02,,1.8515210000332445,1.8515210000332445,0.0,twonorm,2,,SPOT,10,133,740,6660,0.98003003003003,317404100,False,,True
0.9621621621621622,133,False,0.01996996996996997,0.02,,22.1423000000068,22.1423000000068,0.0,twonorm,2,,GLVQ,10,133,740,6660,0.98003003003003,317404100,False,,True
0.95,133,False,0.01996996996996997,0.02,,3.0231410000124015,3.0231410000124015,0.0,twonorm,2,,GNG,10,133,740,6660,0.98003003003003,317404100,False,,True
0.9297297297297298,333,False,0.05,0.05,,0.0005410000449046493,0.0005410000449046493,0.0,twonorm,2,,Full,10,6660,740,6660,0.0,317404100,True,,False
0.9108108108108108,333,False,0.05,0.05,,1.7975309999892488,1.7975309999892488,0.0,twonorm,2,,RSP3,10,944,740,6660,0.8582582582582583,317404100,True,,False
0.8878378378378379,333,False,0.05,0.05,,1.3135270000202581,1.3135270000202581,0.0,twonorm,2,,RHC,10,195,740,6660,0.9707207207207207,317404100,True,,False
0.9594594594594594,333,False,0.05,0.05,,11.581406000012066,11.581406000012066,0.0,twonorm,2,,SPINE+1NN,10,333,740,6660,0.95,317404100,False,"{""admission"": {""criterion"": ""risk"", ""removed_risk"": 2, ""removed_support"": 0}, ""betti_final"": [[2, 0], [2, 0]], ""betti_frozen"": [[2, 0], [2, 0]], ""betti_nerve"": [[1, 0], [1, 0]], ""boundary_restriction"": ""both"", ""forced_removals"": 0, ""growth_representation_fallbacks"": 304, ""invariant_held"": true, ""n_segments"": 329, ""n_train_fit"": 4995, ""n_val"": 1665, ""phase0"": [{""constant_lens"": false, ""gain"": 0.25, ""lens"": ""pc1"", ""lens_scaling"": ""standardize"", ""min_cluster_size"": 24, ""min_samples"": 5, ""n_class"": 2499, ""n_edges"": 7, ""n_intervals"": 8, ""n_vertices"": 8, ""noise_reassigned"": 2854, ""placement"": ""quantile"", ""slabs"": [{""k"": 1, ""n"": 352}, {""k"": 1, ""n"": 390}, {""k"": 1, ""n"": 390}, {""k"": 1, ""n"": 391}, {""k"": 1, ""n"": 391}, {""k"": 1, ""n"": 390}, {""k"": 1, ""n"": 390}, {""k"": 1, ""n"": 352}]}, {""constant_lens"": false, ""gain"": 0.25, ""lens"": ""pc1"", ""lens_scaling"": ""standardize"", ""min_cluster_size"": 24, ""min_samples"": 5, ""n_class"": 2496, ""n_edges"": 7, ""n_intervals"": 8, ""n_vertices"": 8, ""noise_reassigned"": 2845, ""placement"": ""quantile"", ""slabs"": [{""k"": 1, ""n"": 351}, {""k"": 1, ""n"": 390}, {""k"": 1, ""n"": 390}, {""k"": 1, ""n"": 390}, {""k"": 1, ""n"": 390}, {""k"": 1, ""n"": 390}, {""k"": 1, ""n"": 390}, {""k"": 1, ""n"": 351}]}], ""soundness_bound_holds"": true, ""step_rule"": ""scale_free"", ""topology_retention_nerve_to_frozen"": {""beta0_frozen"": 4, ""beta0_nerve"": 2, ""beta1_frozen"": 0, ""beta1_nerve"": 0}}",True
0.9621621621621622,333,False,0.05,0.05,,11.581406000012066,11.581406000012066,0.0,twonorm,2,,SPINE+Graph,10,333,740,6660,0.95,317404100,False,"{""admission"": {""criterion"": ""risk"", ""removed_risk"": 2, ""removed_support"": 0}, ""betti_final"": [[2, 0], [2, 0]], ""betti_frozen"": [[2, 0], [2, 0]], ""betti_nerve"": [[1, 0], [1, 0]], ""boundary_restriction"": ""both"", ""forced_removals"": 0, ""growth_representation_fallbacks"": 304, ""invariant_held"": true, ""n_segments"": 329, ""n_train_fit"": 4995, ""n_val"": 1665, ""phase0"": [{""constant_lens"": false, ""gain"": 0.25, ""lens"": ""pc1"", ""lens_scaling"": ""standardize"", ""min_cluster_size"": 24, ""min_samples"": 5, ""n_class"": 2499, ""n_edges"": 7, ""n_intervals"": 8, ""n_vertices"": 8, ""noise_reassigned"": 2854, ""placement"": ""quantile"", ""slabs"": [{""k"": 1, ""n"": 352}, {""k"": 1, ""n"": 390}, {""k"": 1, ""n"": 390}, {""k"": 1, ""n"": 391}, {""k"": 1, ""n"": 391}, {""k"": 1, ""n"": 390}, {""k"": 1, ""n"": 390}, {""k"": 1, ""n"": 352}]}, {""constant_lens"": false, ""gain"": 0.25, ""lens"": ""pc1"", ""lens_scaling"": ""standardize"", ""min_cluster_size"": 24, ""min_samples"": 5, ""n_class"": 2496, ""n_edges"": 7, ""n_intervals"": 8, ""n_vertices"": 8, ""noise_reassigned"": 2845, ""placement"": ""quantile"", ""slabs"": [{""k"": 1, ""n"": 351}, {""k"": 1, ""n"": 390}, {""k"": 1, ""n"": 390}, {""k"": 1, ""n"": 390}, {""k"": 1, ""n"": 390}, {""k"": 1, ""n"": 390}, {""k"": 1, ""n"": 390}, {""k"": 1, ""n"": 351}]}], ""soundness_bound_holds"": true, ""step_rule"": ""scale_free"", ""topology_retention_nerve_to_frozen"": {""beta0_frozen"": 4, ""beta0_nerve"": 2, ""beta1_frozen"": 0, ""beta1_nerve"": 0}}",True
0.9540540540540541,333,False,0.05,0.05,,4.934108999965247,87.42816499999026,82.49405600002501,twonorm,2,"{""epsilon"": 0.3, ""window"": 0.2}",LVQ3,10,333,740,6660,0.95,317404100,False,,True
0.9594594594594594,333,False,0.05,0.05,"{""0"": 167, ""1"": 166}",5.867530999996234,5.867530999996234,0.0,twonorm,2,,KMeans,10,333,740,6660,0.95,317404100,False,,True
0.9337837837837838,333,False,0.05,0.05,"{""0"": 167, ""1"": 166}",0.0012829999905079603,0.0012829999905079603,0.0,twonorm,2,,Random,10,333,740,6660,0.95,317404100,False,,True
0.9391891891891891,333,False,0.05,0.05,,2.037772000010591,2.037772000010591,0.0,twonorm,2,,SPOT,10,333,740,6660,0.95,317404100,False,,True
0.9594594594594594,333,False,0.05,0.05,,50.03251099999761,50.03251099999761,0.0,twonorm,2,,GLVQ,10,333,740,6660,0.95,317404100,False,,True
0.9648648648648649,333,False,0.05,0.05,,9.455481999961194,9.455481999961194,0.0,twonorm,2,,GNG,10,333,740,6660,0.95,317404100,False,,True
0.9297297297297298,666,False,0.1,0.1,,0.0005410000449046493,0.0005410000449046493,0.0,twonorm,2,,Full,10,6660,740,6660,0.0,317404100,True,,False
0.9108108108108108,666,False,0.1,0.1,,1.7975309999892488,1.7975309999892488,0.0,twonorm,2,,RSP3,10,944,740,6660,0.8582582582582583,317404100,True,,False
0.8878378378378379,666,False,0.1,0.1,,1.3135270000202581,1.3135270000202581,0.0,twonorm,2,,RHC,10,195,740,6660,0.9707207207207207,317404100,True,,False
0.9635135135135136,666,False,0.1,0.1,,29.744670000043698,29.744670000043698,0.0,twonorm,2,,SPINE+1NN,10,666,740,6660,0.9,317404100,False,"{""admission"": {""criterion"": ""risk"", ""removed_risk"": 2, ""removed_support"": 0}, ""betti_final"": [[2, 0], [2, 0]], ""betti_frozen"": [[2, 0], [2, 0]], ""betti_nerve"": [[1, 0], [1, 0]], ""boundary_restriction"": ""both"", ""forced_removals"": 0, ""growth_representation_fallbacks"": 664, ""invariant_held"": true, ""n_segments"": 662, ""n_train_fit"": 4995, ""n_val"": 1665, ""phase0"": [{""constant_lens"": false, ""gain"": 0.25, ""lens"": ""pc1"", ""lens_scaling"": ""standardize"", ""min_cluster_size"": 24, ""min_samples"": 5, ""n_class"": 2499, ""n_edges"": 7, ""n_intervals"": 8, ""n_vertices"": 8, ""noise_reassigned"": 2854, ""placement"": ""quantile"", ""slabs"": [{""k"": 1, ""n"": 352}, {""k"": 1, ""n"": 390}, {""k"": 1, ""n"": 390}, {""k"": 1, ""n"": 391}, {""k"": 1, ""n"": 391}, {""k"": 1, ""n"": 390}, {""k"": 1, ""n"": 390}, {""k"": 1, ""n"": 352}]}, {""constant_lens"": false, ""gain"": 0.25, ""lens"": ""pc1"", ""lens_scaling"": ""standardize"", ""min_cluster_size"": 24, ""min_samples"": 5, ""n_class"": 2496, ""n_edges"": 7, ""n_intervals"": 8, ""n_vertices"": 8, ""noise_reassigned"": 2845, ""placement"": ""quantile"", ""slabs"": [{""k"": 1, ""n"": 351}, {""k"": 1, ""n"": 390}, {""k"": 1, ""n"": 390}, {""k"": 1, ""n"": 390}, {""k"": 1, ""n"": 390}, {""k"": 1, ""n"": 390}, {""k"": 1, ""n"": 390}, {""k"": 1, ""n"": 351}]}], ""soundness_bound_holds"": true, ""step_rule"": ""scale_free"", ""topology_retention_nerve_to_frozen"": {""beta0_frozen"": 4, ""beta0_nerve"": 2, ""beta1_frozen"": 0, ""beta1_nerve"": 0}}",True
0.9608108108108108,666,False,0.1,0.1,,29.744670000043698,29.744670000043698,0.0,twonorm,2,,SPINE+Graph,10,666,740,6660,0.9,317404100,False,"{""admission"": {""criterion"": ""risk"", ""removed_risk"": 2, ""removed_support"": 0}, ""betti_final"": [[2, 0], [2, 0]], ""betti_frozen"": [[2, 0], [2, 0]], ""betti_nerve"": [[1, 0], [1, 0]], ""boundary_restriction"": ""both"", ""forced_removals"": 0, ""growth_representation_fallbacks"": 664, ""invariant_held"": true, ""n_segments"": 662, ""n_train_fit"": 4995, ""n_val"": 1665, ""phase0"": [{""constant_lens"": false, ""gain"": 0.25, ""lens"": ""pc1"", ""lens_scaling"": ""standardize"", ""min_cluster_size"": 24, ""min_samples"": 5, ""n_class"": 2499, ""n_edges"": 7, ""n_intervals"": 8, ""n_vertices"": 8, ""noise_reassigned"": 2854, ""placement"": ""quantile"", ""slabs"": [{""k"": 1, ""n"": 352}, {""k"": 1, ""n"": 390}, {""k"": 1, ""n"": 390}, {""k"": 1, ""n"": 391}, {""k"": 1, ""n"": 391}, {""k"": 1, ""n"": 390}, {""k"": 1, ""n"": 390}, {""k"": 1, ""n"": 352}]}, {""constant_lens"": false, ""gain"": 0.25, ""lens"": ""pc1"", ""lens_scaling"": ""standardize"", ""min_cluster_size"": 24, ""min_samples"": 5, ""n_class"": 2496, ""n_edges"": 7, ""n_intervals"": 8, ""n_vertices"": 8, ""noise_reassigned"": 2845, ""placement"": ""quantile"", ""slabs"": [{""k"": 1, ""n"": 351}, {""k"": 1, ""n"": 390}, {""k"": 1, ""n"": 390}, {""k"": 1, ""n"": 390}, {""k"": 1, ""n"": 390}, {""k"": 1, ""n"": 390}, {""k"": 1, ""n"": 390}, {""k"": 1, ""n"": 351}]}], ""soundness_bound_holds"": true, ""step_rule"": ""scale_free"", ""topology_retention_nerve_to_frozen"": {""beta0_frozen"": 4, ""beta0_nerve"": 2, ""beta1_frozen"": 0, ""beta1_nerve"": 0}}",True
0.9391891891891891,666,False,0.1,0.1,,7.055350000038743,126.23542900005123,119.18007900001248,twonorm,2,"{""epsilon"": 0.1, ""window"": 0.2}",LVQ3,10,666,740,6660,0.9,317404100,False,,True
0.9486486486486486,666,False,0.1,0.1,"{""0"": 333, ""1"": 333}",9.809292000019923,9.809292000019923,0.0,twonorm,2,,KMeans,10,666,740,6660,0.9,317404100,False,,True
0.9135135135135135,666,False,0.1,0.1,"{""0"": 333, ""1"": 333}",0.0014979999978095293,0.0014979999978095293,0.0,twonorm,2,,Random,10,666,740,6660,0.9,317404100,False,,True
0.9405405405405406,666,False,0.1,0.1,,2.1412380000110716,2.1412380000110716,0.0,twonorm,2,,SPOT,10,666,740,6660,0.9,317404100,False,,True
0.9621621621621622,666,False,0.1,0.1,,97.39795900002355,97.39795900002355,0.0,twonorm,2,,GLVQ,10,666,740,6660,0.9,317404100,False,,True
0.9540540540540541,666,False,0.1,0.1,,29.98896899999818,29.98896899999818,0.0,twonorm,2,,GNG,10,666,740,6660,0.9,317404100,False,,True
0.9297297297297298,1665,False,0.25,0.25,,0.0005410000449046493,0.0005410000449046493,0.0,twonorm,2,,Full,10,6660,740,6660,0.0,317404100,True,,False
0.9108108108108108,1665,False,0.25,0.25,,1.7975309999892488,1.7975309999892488,0.0,twonorm,2,,RSP3,10,944,740,6660,0.8582582582582583,317404100,True,,False
0.8878378378378379,1665,False,0.25,0.25,,1.3135270000202581,1.3135270000202581,0.0,twonorm,2,,RHC,10,195,740,6660,0.9707207207207207,317404100,True,,False
0.9621621621621622,1665,False,0.25,0.25,,161.4061089999741,161.4061089999741,0.0,twonorm,2,,SPINE+1NN,10,1665,740,6660,0.75,317404100,False,"{""admission"": {""criterion"": ""risk"", ""removed_risk"": 2, ""removed_support"": 0}, ""betti_final"": [[2, 0], [2, 0]], ""betti_frozen"": [[2, 0], [2, 0]], ""betti_nerve"": [[1, 0], [1, 0]], ""boundary_restriction"": ""both"", ""forced_removals"": 0, ""growth_representation_fallbacks"": 1841, ""invariant_held"": true, ""n_segments"": 1661, ""n_train_fit"": 4995, ""n_val"": 1665, ""phase0"": [{""constant_lens"": false, ""gain"": 0.25, ""lens"": ""pc1"", ""lens_scaling"": ""standardize"", ""min_cluster_size"": 24, ""min_samples"": 5, ""n_class"": 2499, ""n_edges"": 7, ""n_intervals"": 8, ""n_vertices"": 8, ""noise_reassigned"": 2854, ""placement"": ""quantile"", ""slabs"": [{""k"": 1, ""n"": 352}, {""k"": 1, ""n"": 390}, {""k"": 1, ""n"": 390}, {""k"": 1, ""n"": 391}, {""k"": 1, ""n"": 391}, {""k"": 1, ""n"": 390}, {""k"": 1, ""n"": 390}, {""k"": 1, ""n"": 352}]}, {""constant_lens"": false, ""gain"": 0.25, ""lens"": ""pc1"", ""lens_scaling"": ""standardize"", ""min_cluster_size"": 24, ""min_samples"": 5, ""n_class"": 2496, ""n_edges"": 7, ""n_intervals"": 8, ""n_vertices"": 8, ""noise_reassigned"": 2845, ""placement"": ""quantile"", ""slabs"": [{""k"": 1, ""n"": 351}, {""k"": 1, ""n"": 390}, {""k"": 1, ""n"": 390}, {""k"": 1, ""n"": 390}, {""k"": 1, ""n"": 390}, {""k"": 1, ""n"": 390}, {""k"": 1, ""n"": 390}, {""k"": 1, ""n"": 351}]}], ""soundness_bound_holds"": true, ""step_rule"": ""scale_free"", ""topology_retention_nerve_to_frozen"": {""beta0_frozen"": 4, ""beta0_nerve"": 2, ""beta1_frozen"": 0, ""beta1_nerve"": 0}}",True
0.9621621621621622,1665,False,0.25,0.25,,161.4061089999741,161.4061089999741,0.0,twonorm,2,,SPINE+Graph,10,1665,740,6660,0.75,317404100,False,"{""admission"": {""criterion"": ""risk"", ""removed_risk"": 2, ""removed_support"": 0}, ""betti_final"": [[2, 0], [2, 0]], ""betti_frozen"": [[2, 0], [2, 0]], ""betti_nerve"": [[1, 0], [1, 0]], ""boundary_restriction"": ""both"", ""forced_removals"": 0, ""growth_representation_fallbacks"": 1841, ""invariant_held"": true, ""n_segments"": 1661, ""n_train_fit"": 4995, ""n_val"": 1665, ""phase0"": [{""constant_lens"": false, ""gain"": 0.25, ""lens"": ""pc1"", ""lens_scaling"": ""standardize"", ""min_cluster_size"": 24, ""min_samples"": 5, ""n_class"": 2499, ""n_edges"": 7, ""n_intervals"": 8, ""n_vertices"": 8, ""noise_reassigned"": 2854, ""placement"": ""quantile"", ""slabs"": [{""k"": 1, ""n"": 352}, {""k"": 1, ""n"": 390}, {""k"": 1, ""n"": 390}, {""k"": 1, ""n"": 391}, {""k"": 1, ""n"": 391}, {""k"": 1, ""n"": 390}, {""k"": 1, ""n"": 390}, {""k"": 1, ""n"": 352}]}, {""constant_lens"": false, ""gain"": 0.25, ""lens"": ""pc1"", ""lens_scaling"": ""standardize"", ""min_cluster_size"": 24, ""min_samples"": 5, ""n_class"": 2496, ""n_edges"": 7, ""n_intervals"": 8, ""n_vertices"": 8, ""noise_reassigned"": 2845, ""placement"": ""quantile"", ""slabs"": [{""k"": 1, ""n"": 351}, {""k"": 1, ""n"": 390}, {""k"": 1, ""n"": 390}, {""k"": 1, ""n"": 390}, {""k"": 1, ""n"": 390}, {""k"": 1, ""n"": 390}, {""k"": 1, ""n"": 390}, {""k"": 1, ""n"": 351}]}], ""soundness_bound_holds"": true, ""step_rule"": ""scale_free"", ""topology_retention_nerve_to_frozen"": {""beta0_frozen"": 4, ""beta0_nerve"": 2, ""beta1_frozen"": 0, ""beta1_nerve"": 0}}",True
0.9472972972972973,1665,False,0.25,0.25,,14.505678000045009,253.62833900004625,239.12266100000124,twonorm,2,"{""epsilon"": 0.3, ""window"": 0.3}",LVQ3,10,1665,740,6660,0.75,317404100,False,,True
0.9527027027027027,1665,False,0.25,0.25,"{""0"": 833, ""1"": 832}",22.288195999979507,22.288195999979507,0.0,twonorm,2,,KMeans,10,1665,740,6660,0.75,317404100,False,,True
0.9256756756756757,1665,False,0.25,0.25,"{""0"": 833, ""1"": 832}",0.0021979999728500843,0.0021979999728500843,0.0,twonorm,2,,Random,10,1665,740,6660,0.75,317404100,False,,True
0.9405405405405406,1665,False,0.25,0.25,,2.2293530000024475,2.2293530000024475,0.0,twonorm,2,,SPOT,10,1665,740,6660,0.75,317404100,False,,True
0.9581081081081081,1665,False,0.25,0.25,,237.2697320000152,237.2697320000152,0.0,twonorm,2,,GLVQ,10,1665,740,6660,0.75,317404100,False,,True
0.9527027027027027,1665,False,0.25,0.25,,163.39147999999113,163.39147999999113,0.0,twonorm,2,,GNG,10,1665,740,6660,0.75,317404100,False,,True
0.9472972972972973,33,False,0.004954954954954955,0.005,,0.0005360000068321824,0.0005360000068321824,0.0,twonorm,3,,Full,10,6660,740,6660,0.0,318404103,False,,False
0.9256756756756757,33,False,0.004954954954954955,0.005,,1.8241440000128932,1.8241440000128932,0.0,twonorm,3,,RSP3,10,981,740,6660,0.8527027027027028,318404103,False,,False
0.9027027027027027,33,False,0.004954954954954955,0.005,,1.3613880000193603,1.3613880000193603,0.0,twonorm,3,,RHC,10,222,740,6660,0.9666666666666667,318404103,False,,False
0.9824324324324324,33,False,0.004954954954954955,0.005,,5.520985000010114,5.520985000010114,0.0,twonorm,3,,SPINE+1NN,10,33,740,6660,0.9950450450450451,318404103,False,"{""admission"": {""criterion"": ""risk"", ""removed_risk"": 1, ""removed_support"": 0}, ""betti_final"": [[2, 0], [1, 0]], ""betti_frozen"": [[2, 0], [1, 0]], ""betti_nerve"": [[1, 0], [1, 0]], ""boundary_restriction"": ""both"", ""forced_removals"": 0, ""growth_representation_fallbacks"": 10, ""invariant_held"": true, ""n_segments"": 30, ""n_train_fit"": 4995, ""n_val"": 1665, ""phase0"": [{""constant_lens"": false, ""gain"": 0.25, ""lens"": ""pc1"", ""lens_scaling"": ""standardize"", ""min_cluster_size"": 24, ""min_samples"": 5, ""n_class"": 2500, ""n_edges"": 7, ""n_intervals"": 8, ""n_vertices"": 8, ""noise_reassigned"": 2850, ""placement"": ""quantile"", ""slabs"": [{""k"": 1, ""n"": 352}, {""k"": 1, ""n"": 390}, {""k"": 1, ""n"": 391}, {""k"": 1, ""n"": 390}, {""k"": 1, ""n"": 390}, {""k"": 1, ""n"": 391}, {""k"": 1, ""n"": 390}, {""k"": 1, ""n"": 352}]}, {""constant_lens"": false, ""gain"": 0.25, ""lens"": ""pc1"", ""lens_scaling"": ""standardize"", ""min_cluster_size"": 24, ""min_samples"": 5, ""n_class"": 2495, ""n_edges"": 7, ""n_intervals"": 8, ""n_vertices"": 8, ""noise_reassigned"": 2848, ""placement"": ""quantile"", ""slabs"": [{""k"": 1, ""n"": 351}, {""k"": 1, ""n"": 390}, {""k"": 1, ""n"": 390}, {""k"": 1, ""n"": 389}, {""k"": 1, ""n"": 389}, {""k"": 1, ""n"": 390}, {""k"": 1, ""n"": 390}, {""k"": 1, ""n"": 351}]}], ""soundness_bound_holds"": true, ""step_rule"": ""scale_free"", ""topology_retention_nerve_to_frozen"": {""beta0_frozen"": 3, ""beta0_nerve"": 2, ""beta1_frozen"": 0, ""beta1_nerve"": 0}}",True
0.9837837837837838,33,False,0.004954954954954955,0.005,,5.520985000010114,5.520985000010114,0.0,twonorm,3,,SPINE+Graph,10,33,740,6660,0.9950450450450451,318404103,False,"{""admission"": {""criterion"": ""risk"", ""removed_risk"": 1, ""removed_support"": 0}, ""betti_final"": [[2, 0], [1, 0]], ""betti_frozen"": [[2, 0], [1, 0]], ""betti_nerve"": [[1, 0], [1, 0]], ""boundary_restriction"": ""both"", ""forced_removals"": 0, ""growth_representation_fallbacks"": 10, ""invariant_held"": true, ""n_segments"": 30, ""n_train_fit"": 4995, ""n_val"": 1665, ""phase0"": [{""constant_lens"": false, ""gain"": 0.25, ""lens"": ""pc1"", ""lens_scaling"": ""standardize"", ""min_cluster_size"": 24, ""min_samples"": 5, ""n_class"": 2500, ""n_edges"": 7, ""n_intervals"": 8, ""n_vertices"": 8, ""noise_reassigned"": 2850, ""placement"": ""quantile"", ""slabs"": [{""k"": 1, ""n"": 352}, {""k"": 1, ""n"": 390}, {""k"": 1, ""n"": 391}, {""k"": 1, ""n"": 390}, {""k"": 1, ""n"": 390}, {""k"": 1, ""n"": 391}, {""k"": 1, ""n"": 390}, {""k"": 1, ""n"": 352}]}, {""constant_lens"": false, ""gain"": 0.25, ""lens"": ""pc1"", ""lens_scaling"": ""standardize"", ""min_cluster_size"": 24, ""min_samples"": 5, ""n_class"": 2495, ""n_edges"": 7, ""n_intervals"": 8, ""n_vertices"": 8, ""noise_reassigned"": 2848, ""placement"": ""quantile"", ""slabs"": [{""k"": 1, ""n"": 351}, {""k"": 1, ""n"": 390}, {""k"": 1, ""n"": 390}, {""k"": 1, ""n"": 389}, {""k"": 1, ""n"": 389}, {""k"": 1, ""n"": 390}, {""k"": 1, ""n"": 390}, {""k"": 1, ""n"": 351}]}], ""soundness_bound_holds"": true, ""step_rule"": ""scale_free"", ""topology_retention_nerve_to_frozen"": {""beta0_frozen"": 3, ""beta0_nerve"": 2, ""beta1_frozen"": 0, ""beta1_nerve"": 0}}",True
0.9743243243243244,33,False,0.004954954954954955,0.005,,2.556678999972064,49.733868999930564,47.1771899999585,twonorm,3,"{""epsilon"": 0.3, ""window"": 0.3}",LVQ3,10,33,740,6660,0.9950450450450451,318404103,False,,True
0.972972972972973,33,False,0.004954954954954955,0.005,"{""0"": 17, ""1"": 16}",2.282036999997217,2.282036999997217,0.0,twonorm,3,,KMeans,10,33,740,6660,0.9950450450450451,318404103,False,,True
0.8986486486486487,33,False,0.004954954954954955,0.005,"{""0"": 17, ""1"": 16}",0.0010560000082477927,0.0010560000082477927,0.0,twonorm,3,,Random,10,33,740,6660,0.9950450450450451,318404103,False,,True
0.9540540540540541,33,False,0.004954954954954955,0.005,,1.7499560000142083,1.7499560000142083,0.0,twonorm,3,,SPOT,10,33,740,6660,0.9950450450450451,318404103,False,,True
0.9797297297297297,33,False,0.004954954954954955,0.005,,8.155927999992855,8.155927999992855,0.0,twonorm,3,,GLVQ,10,33,740,6660,0.9950450450450451,318404103,False,,True
0.9689189189189189,33,False,0.004954954954954955,0.005,,1.5587200000300072,1.5587200000300072,0.0,twonorm,3,,GNG,10,33,740,6660,0.9950450450450451,318404103,False,,True
0.9472972972972973,67,False,0.01006006006006006,0.01,,0.0005360000068321824,0.0005360000068321824,0.0,twonorm,3,,Full,10,6660,740,6660,0.0,318404103,True,,False
0.9256756756756757,67,False,0.01006006006006006,0.01,,1.8241440000128932,1.8241440000128932,0.0,twonorm,3,,RSP3,10,981,740,6660,0.8527027027027028,318404103,True,,False
0.9027027027027027,67,False,0.01006006006006006,0.01,,1.3613880000193603,1.3613880000193603,0.0,twonorm,3,,RHC,10,222,740,6660,0.9666666666666667,318404103,True,,False
0.9756756756756757,67,False,0.01006006006006006,0.01,,5.8378300000331365,5.8378300000331365,0.0,twonorm,3,,SPINE+1NN,10,67,740,6660,0.9899399399399399,318404103,False,"{""admission"": {""criterion"": ""risk"", ""removed_risk"": 1, ""removed_support"": 0}, ""betti_final"": [[2, 0], [1, 0]], ""betti_frozen"": [[2, 0], [1, 0]], ""betti_nerve"": [[1, 0], [1, 0]], ""boundary_restriction"": ""both"", ""forced_removals"": 0, ""growth_representation_fallbacks"": 31, ""invariant_held"": true, ""n_segments"": 64, ""n_train_fit"": 4995, ""n_val"": 1665, ""phase0"": [{""constant_lens"": false, ""gain"": 0.25, ""lens"": ""pc1"", ""lens_scaling"": ""standardize"", ""min_cluster_size"": 24, ""min_samples"": 5, ""n_class"": 2500, ""n_edges"": 7, ""n_intervals"": 8, ""n_vertices"": 8, ""noise_reassigned"": 2850, ""placement"": ""quantile"", ""slabs"": [{""k"": 1, ""n"": 352}, {""k"": 1, ""n"": 390}, {""k"": 1, ""n"": 391}, {""k"": 1, ""n"": 390}, {""k"": 1, ""n"": 390}, {""k"": 1, ""n"": 391}, {""k"": 1, ""n"": 390}, {""k"": 1, ""n"": 352}]}, {""constant_lens"": false, ""gain"": 0.25, ""lens"": ""pc1"", ""lens_scaling"": ""standardize"", ""min_cluster_size"": 24, ""min_samples"": 5, ""n_class"": 2495, ""n_edges"": 7, ""n_intervals"": 8, ""n_vertices"": 8, ""noise_reassigned"": 2848, ""placement"": ""quantile"", ""slabs"": [{""k"": 1, ""n"": 351}, {""k"": 1, ""n"": 390}, {""k"": 1, ""n"": 390}, {""k"": 1, ""n"": 389}, {""k"": 1, ""n"": 389}, {""k"": 1, ""n"": 390}, {""k"": 1, ""n"": 390}, {""k"": 1, ""n"": 351}]}], ""soundness_bound_holds"": true, ""step_rule"": ""scale_free"", ""topology_retention_nerve_to_frozen"": {""beta0_frozen"": 3, ""beta0_nerve"": 2, ""beta1_frozen"": 0, ""beta1_nerve"": 0}}",True
0.9783783783783784,67,False,0.01006006006006006,0.01,,5.8378300000331365,5.8378300000331365,0.0,twonorm,3,,SPINE+Graph,10,67,740,6660,0.9899399399399399,318404103,False,"{""admission"": {""criterion"": ""risk"", ""removed_risk"": 1, ""removed_support"": 0}, ""betti_final"": [[2, 0], [1, 0]], ""betti_frozen"": [[2, 0], [1, 0]], ""betti_nerve"": [[1, 0], [1, 0]], ""boundary_restriction"": ""both"", ""forced_removals"": 0, ""growth_representation_fallbacks"": 31, ""invariant_held"": true, ""n_segments"": 64, ""n_train_fit"": 4995, ""n_val"": 1665, ""phase0"": [{""constant_lens"": false, ""gain"": 0.25, ""lens"": ""pc1"", ""lens_scaling"": ""standardize"", ""min_cluster_size"": 24, ""min_samples"": 5, ""n_class"": 2500, ""n_edges"": 7, ""n_intervals"": 8, ""n_vertices"": 8, ""noise_reassigned"": 2850, ""placement"": ""quantile"", ""slabs"": [{""k"": 1, ""n"": 352}, {""k"": 1, ""n"": 390}, {""k"": 1, ""n"": 391}, {""k"": 1, ""n"": 390}, {""k"": 1, ""n"": 390}, {""k"": 1, ""n"": 391}, {""k"": 1, ""n"": 390}, {""k"": 1, ""n"": 352}]}, {""constant_lens"": false, ""gain"": 0.25, ""lens"": ""pc1"", ""lens_scaling"": ""standardize"", ""min_cluster_size"": 24, ""min_samples"": 5, ""n_class"": 2495, ""n_edges"": 7, ""n_intervals"": 8, ""n_vertices"": 8, ""noise_reassigned"": 2848, ""placement"": ""quantile"", ""slabs"": [{""k"": 1, ""n"": 351}, {""k"": 1, ""n"": 390}, {""k"": 1, ""n"": 390}, {""k"": 1, ""n"": 389}, {""k"": 1, ""n"": 389}, {""k"": 1, ""n"": 390}, {""k"": 1, ""n"": 390}, {""k"": 1, ""n"": 351}]}], ""soundness_bound_holds"": true, ""step_rule"": ""scale_free"", ""topology_retention_nerve_to_frozen"": {""beta0_frozen"": 3, ""beta0_nerve"": 2, ""beta1_frozen"": 0, ""beta1_nerve"": 0}}",True
0.9797297297297297,67,False,0.01006006006006006,0.01,,2.8259959999704733,54.63728899997659,51.81129300000612,twonorm,3,"{""epsilon"": 0.1, ""window"": 0.2}",LVQ3,10,67,740,6660,0.9899399399399399,318404103,False,,True
0.9662162162162162,67,False,0.01006006006006006,0.01,"{""0"": 34, ""1"": 33}",2.9251449999865144,2.9251449999865144,0.0,twonorm,3,,KMeans,10,67,740,6660,0.9899399399399399,318404103,False,,True
0.9094594594594595,67,False,0.01006006006006006,0.01,"{""0"": 34, ""1"": 33}",0.0010919999913312495,0.0010919999913312495,0.0,twonorm,3,,Random,10,67,740,6660,0.9899399399399399,318404103,False,,True
0.9337837837837838,67,False,0.01006006006006006,0.01,,1.835399999981746,1.835399999981746,0.0,twonorm,3,,SPOT,10,67,740,6660,0.9899399399399399,318404103,False,,True
0.9797297297297297,67,False,0.01006006006006006,0.01,,12.876266000035685,12.876266000035685,0.0,twonorm,3,,GLVQ,10,67,740,6660,0.9899399399399399,318404103,False,,True
0.9743243243243244,67,False,0.01006006006006006,0.01,,1.891762999992352,1.891762999992352,0.0,twonorm,3,,GNG,10,67,740,6660,0.9899399399399399,318404103,False,,True
0.9472972972972973,133,False,0.01996996996996997,0.02,,0.0005360000068321824,0.0005360000068321824,0.0,twonorm,3,,Full,10,6660,740,6660,0.0,318404103,True,,False
0.9256756756756757,133,False,0.01996996996996997,0.02,,1.8241440000128932,1.8241440000128932,0.0,twonorm,3,,RSP3,10,981,740,6660,0.8527027027027028,318404103,True,,False
0.9027027027027027,133,False,0.01996996996996997,0.02,,1.3613880000193603,1.3613880000193603,0.0,twonorm,3,,RHC,10,222,740,6660,0.9666666666666667,318404103,True,,False
0.9797297297297297,133,False,0.01996996996996997,0.02,,6.515957999974489,6.515957999974489,0.0,twonorm,3,,SPINE+1NN,10,133,740,6660,0.98003003003003,318404103,False,"{""admission"": {""criterion"": ""risk"", ""removed_risk"": 1, ""removed_support"": 0}, ""betti_final"": [[2, 0], [1, 0]], ""betti_frozen"": [[2, 0], [1, 0]], ""betti_nerve"": [[1, 0], [1, 0]], ""boundary_restriction"": ""both"", ""forced_removals"": 0, ""growth_representation_fallbacks"": 106, ""invariant_held"": true, ""n_segments"": 130, ""n_train_fit"": 4995, ""n_val"": 1665, ""phase0"": [{""constant_lens"": false, ""gain"": 0.25, ""lens"": ""pc1"", ""lens_scaling"": ""standardize"", ""min_cluster_size"": 24, ""min_samples"": 5, ""n_class"": 2500, ""n_edges"": 7, ""n_intervals"": 8, ""n_vertices"": 8, ""noise_reassigned"": 2850, ""placement"": ""quantile"", ""slabs"": [{""k"": 1, ""n"": 352}, {""k"": 1, ""n"": 390}, {""k"": 1, ""n"": 391}, {""k"": 1, ""n"": 390}, {""k"": 1, ""n"": 390}, {""k"": 1, ""n"": 391}, {""k"": 1, ""n"": 390}, {""k"": 1, ""n"": 352}]}, {""constant_lens"": false, ""gain"": 0.25, ""lens"": ""pc1"", ""lens_scaling"": ""standardize"", ""min_cluster_size"": 24, ""min_samples"": 5, ""n_class"": 2495, ""n_edges"": 7, ""n_intervals"": 8, ""n_vertices"": 8, ""noise_reassigned"": 2848, ""placement"": ""quantile"", ""slabs"": [{""k"": 1, ""n"": 351}, {""k"": 1, ""n"": 390}, {""k"": 1, ""n"": 390}, {""k"": 1, ""n"": 389}, {""k"": 1, ""n"": 389}, {""k"": 1, ""n"": 390}, {""k"": 1, ""n"": 390}, {""k"": 1, ""n"": 351}]}], ""soundness_bound_holds"": true, ""step_rule"": ""scale_free"", ""topology_retention_nerve_to_frozen"": {""beta0_frozen"": 3, ""beta0_nerve"": 2, ""beta1_frozen"": 0, ""beta1_nerve"": 0}}",True
0.981081081081081,133,False,0.01996996996996997,0.02,,6.515957999974489,6.515957999974489,0.0,twonorm,3,,SPINE+Graph,10,133,740,6660,0.98003003003003,318404103,False,"{""admission"": {""criterion"": ""risk"", ""removed_risk"": 1, ""removed_support"": 0}, ""betti_final"": [[2, 0], [1, 0]], ""betti_frozen"": [[2, 0], [1, 0]], ""betti_nerve"": [[1, 0], [1, 0]], ""boundary_restriction"": ""both"", ""forced_removals"": 0, ""growth_representation_fallbacks"": 106, ""invariant_held"": true, ""n_segments"": 130, ""n_train_fit"": 4995, ""n_val"": 1665, ""phase0"": [{""constant_lens"": false, ""gain"": 0.25, ""lens"": ""pc1"", ""lens_scaling"": ""standardize"", ""min_cluster_size"": 24, ""min_samples"": 5, ""n_class"": 2500, ""n_edges"": 7, ""n_intervals"": 8, ""n_vertices"": 8, ""noise_reassigned"": 2850, ""placement"": ""quantile"", ""slabs"": [{""k"": 1, ""n"": 352}, {""k"": 1, ""n"": 390}, {""k"": 1, ""n"": 391}, {""k"": 1, ""n"": 390}, {""k"": 1, ""n"": 390}, {""k"": 1, ""n"": 391}, {""k"": 1, ""n"": 390}, {""k"": 1, ""n"": 352}]}, {""constant_lens"": false, ""gain"": 0.25, ""lens"": ""pc1"", ""lens_scaling"": ""standardize"", ""min_cluster_size"": 24, ""min_samples"": 5, ""n_class"": 2495, ""n_edges"": 7, ""n_intervals"": 8, ""n_vertices"": 8, ""noise_reassigned"": 2848, ""placement"": ""quantile"", ""slabs"": [{""k"": 1, ""n"": 351}, {""k"": 1, ""n"": 390}, {""k"": 1, ""n"": 390}, {""k"": 1, ""n"": 389}, {""k"": 1, ""n"": 389}, {""k"": 1, ""n"": 390}, {""k"": 1, ""n"": 390}, {""k"": 1, ""n"": 351}]}], ""soundness_bound_holds"": true, ""step_rule"": ""scale_free"", ""topology_retention_nerve_to_frozen"": {""beta0_frozen"": 3, ""beta0_nerve"": 2, ""beta1_frozen"": 0, ""beta1_nerve"": 0}}",True
0.9648648648648649,133,False,0.01996996996996997,0.02,,3.0574090000009164,60.96046200004639,57.903053000045475,twonorm,3,"{""epsilon"": 0.1, ""window"": 0.2}",LVQ3,10,133,740,6660,0.98003003003003,318404103,False,,True
0.972972972972973,133,False,0.01996996996996997,0.02,"{""0"": 67, ""1"": 66}",3.5645510000176728,3.5645510000176728,0.0,twonorm,3,,KMeans,10,133,740,6660,0.98003003003003,318404103,False,,True
0.9418918918918919,133,False,0.01996996996996997,0.02,"{""0"": 67, ""1"": 66}",0.0008670000243000686,0.0008670000243000686,0.0,twonorm,3,,Random,10,133,740,6660,0.98003003003003,318404103,False,,True
0.9459459459459459,133,False,0.01996996996996997,0.02,,1.9338869999628514,1.9338869999628514,0.0,twonorm,3,,SPOT,10,133,740,6660,0.98003003003003,318404103,False,,True
0.9797297297297297,133,False,0.01996996996996997,0.02,,22.042402999999467,22.042402999999467,0.0,twonorm,3,,GLVQ,10,133,740,6660,0.98003003003003,318404103,False,,True
0.9743243243243244,133,False,0.01996996996996997,0.02,,3.0340370000340044,3.0340370000340044,0.0,twonorm,3,,GNG,10,133,740,6660,0.98003003003003,318404103,False,,True
0.9472972972972973,333,False,0.05,0.05,,0.0005360000068321824,0.0005360000068321824,0.0,twonorm,3,,Full,10,6660,740,6660,0.0,318404103,True,,False
0.9256756756756757,333,False,0.05,0.05,,1.8241440000128932,1.8241440000128932,0.0,twonorm,3,,RSP3,10,981,740,6660,0.8527027027027028,318404103,True,,False
0.9027027027027027,333,False,0.05,0.05,,1.3613880000193603,1.3613880000193603,0.0,twonorm,3,,RHC,10,222,740,6660,0.9666666666666667,318404103,True,,False
0.9797297297297297,333,False,0.05,0.05,,11.839552999997977,11.839552999997977,0.0,twonorm,3,,SPINE+1NN,10,333,740,6660,0.95,318404103,False,"{""admission"": {""criterion"": ""risk"", ""removed_risk"": 1, ""removed_support"": 0}, ""betti_final"": [[2, 0], [1, 0]], ""betti_frozen"": [[2, 0], [1, 0]], ""betti_nerve"": [[1, 0], [1, 0]], ""boundary_restriction"": ""both"", ""forced_removals"": 0, ""growth_representation_fallbacks"": 300, ""invariant_held"": true, ""n_segments"": 330, ""n_train_fit"": 4995, ""n_val"": 1665, ""phase0"": [{""constant_lens"": false, ""gain"": 0.25, ""lens"": ""pc1"", ""lens_scaling"": ""standardize"", ""min_cluster_size"": 24, ""min_samples"": 5, ""n_class"": 2500, ""n_edges"": 7, ""n_intervals"": 8, ""n_vertices"": 8, ""noise_reassigned"": 2850, ""placement"": ""quantile"", ""slabs"": [{""k"": 1, ""n"": 352}, {""k"": 1, ""n"": 390}, {""k"": 1, ""n"": 391}, {""k"": 1, ""n"": 390}, {""k"": 1, ""n"": 390}, {""k"": 1, ""n"": 391}, {""k"": 1, ""n"": 390}, {""k"": 1, ""n"": 352}]}, {""constant_lens"": false, ""gain"": 0.25, ""lens"": ""pc1"", ""lens_scaling"": ""standardize"", ""min_cluster_size"": 24, ""min_samples"": 5, ""n_class"": 2495, ""n_edges"": 7, ""n_intervals"": 8, ""n_vertices"": 8, ""noise_reassigned"": 2848, ""placement"": ""quantile"", ""slabs"": [{""k"": 1, ""n"": 351}, {""k"": 1, ""n"": 390}, {""k"": 1, ""n"": 390}, {""k"": 1, ""n"": 389}, {""k"": 1, ""n"": 389}, {""k"": 1, ""n"": 390}, {""k"": 1, ""n"": 390}, {""k"": 1, ""n"": 351}]}], ""soundness_bound_holds"": true, ""step_rule"": ""scale_free"", ""topology_retention_nerve_to_frozen"": {""beta0_frozen"": 3, ""beta0_nerve"": 2, ""beta1_frozen"": 0, ""beta1_nerve"": 0}}",True
0.9797297297297297,333,False,0.05,0.05,,11.839552999997977,11.839552999997977,0.0,twonorm,3,,SPINE+Graph,10,333,740,6660,0.95,318404103,False,"{""admission"": {""criterion"": ""risk"", ""removed_risk"": 1, ""removed_support"": 0}, ""betti_final"": [[2, 0], [1, 0]], ""betti_frozen"": [[2, 0], [1, 0]], ""betti_nerve"": [[1, 0], [1, 0]], ""boundary_restriction"": ""both"", ""forced_removals"": 0, ""growth_representation_fallbacks"": 300, ""invariant_held"": true, ""n_segments"": 330, ""n_train_fit"": 4995, ""n_val"": 1665, ""phase0"": [{""constant_lens"": false, ""gain"": 0.25, ""lens"": ""pc1"", ""lens_scaling"": ""standardize"", ""min_cluster_size"": 24, ""min_samples"": 5, ""n_class"": 2500, ""n_edges"": 7, ""n_intervals"": 8, ""n_vertices"": 8, ""noise_reassigned"": 2850, ""placement"": ""quantile"", ""slabs"": [{""k"": 1, ""n"": 352}, {""k"": 1, ""n"": 390}, {""k"": 1, ""n"": 391}, {""k"": 1, ""n"": 390}, {""k"": 1, ""n"": 390}, {""k"": 1, ""n"": 391}, {""k"": 1, ""n"": 390}, {""k"": 1, ""n"": 352}]}, {""constant_lens"": false, ""gain"": 0.25, ""lens"": ""pc1"", ""lens_scaling"": ""standardize"", ""min_cluster_size"": 24, ""min_samples"": 5, ""n_class"": 2495, ""n_edges"": 7, ""n_intervals"": 8, ""n_vertices"": 8, ""noise_reassigned"": 2848, ""placement"": ""quantile"", ""slabs"": [{""k"": 1, ""n"": 351}, {""k"": 1, ""n"": 390}, {""k"": 1, ""n"": 390}, {""k"": 1, ""n"": 389}, {""k"": 1, ""n"": 389}, {""k"": 1, ""n"": 390}, {""k"": 1, ""n"": 390}, {""k"": 1, ""n"": 351}]}], ""soundness_bound_holds"": true, ""step_rule"": ""scale_free"", ""topology_retention_nerve_to_frozen"": {""beta0_frozen"": 3, ""beta0_nerve"": 2, ""beta1_frozen"": 0, ""beta1_nerve"": 0}}",True
0.9675675675675676,333,False,0.05,0.05,,4.7490969999926165,88.30298600002425,83.55388900003163,twonorm,3,"{""epsilon"": 0.3, ""window"": 0.2}",LVQ3,10,333,740,6660,0.95,318404103,False,,True
0.9662162162162162,333,False,0.05,0.05,"{""0"": 167, ""1"": 166}",5.834926999988966,5.834926999988966,0.0,twonorm,3,,KMeans,10,333,740,6660,0.95,318404103,False,,True
0.9405405405405406,333,False,0.05,0.05,"{""0"": 167, ""1"": 166}",0.0013359999866224825,0.0013359999866224825,0.0,twonorm,3,,Random,10,333,740,6660,0.95,318404103,False,,True
0.9432432432432433,333,False,0.05,0.05,,2.0318350000306964,2.0318350000306964,0.0,twonorm,3,,SPOT,10,333,740,6660,0.95,318404103,False,,True
0.9743243243243244,333,False,0.05,0.05,,50.040490000043064,50.040490000043064,0.0,twonorm,3,,GLVQ,10,333,740,6660,0.95,318404103,False,,True
0.9716216216216216,333,False,0.05,0.05,,9.50211900001159,9.50211900001159,0.0,twonorm,3,,GNG,10,333,740,6660,0.95,318404103,False,,True
0.9472972972972973,666,False,0.1,0.1,,0.0005360000068321824,0.0005360000068321824,0.0,twonorm,3,,Full,10,6660,740,6660,0.0,318404103,True,,False
0.9256756756756757,666,False,0.1,0.1,,1.8241440000128932,1.8241440000128932,0.0,twonorm,3,,RSP3,10,981,740,6660,0.8527027027027028,318404103,True,,False
0.9027027027027027,666,False,0.1,0.1,,1.3613880000193603,1.3613880000193603,0.0,twonorm,3,,RHC,10,222,740,6660,0.9666666666666667,318404103,True,,False
0.977027027027027,666,False,0.1,0.1,,29.710355999995954,29.710355999995954,0.0,twonorm,3,,SPINE+1NN,10,666,740,6660,0.9,318404103,False,"{""admission"": {""criterion"": ""risk"", ""removed_risk"": 1, ""removed_support"": 0}, ""betti_final"": [[2, 0], [1, 0]], ""betti_frozen"": [[2, 0], [1, 0]], ""betti_nerve"": [[1, 0], [1, 0]], ""boundary_restriction"": ""both"", ""forced_removals"": 0, ""growth_representation_fallbacks"": 660, ""invariant_held"": true, ""n_segments"": 663, ""n_train_fit"": 4995, ""n_val"": 1665, ""phase0"": [{""constant_lens"": false, ""gain"": 0.25, ""lens"": ""pc1"", ""lens_scaling"": ""standardize"", ""min_cluster_size"": 24, ""min_samples"": 5, ""n_class"": 2500, ""n_edges"": 7, ""n_intervals"": 8, ""n_vertices"": 8, ""noise_reassigned"": 2850, ""placement"": ""quantile"", ""slabs"": [{""k"": 1, ""n"": 352}, {""k"": 1, ""n"": 390}, {""k"": 1, ""n"": 391}, {""k"": 1, ""n"": 390}, {""k"": 1, ""n"": 390}, {""k"": 1, ""n"": 391}, {""k"": 1, ""n"": 390}, {""k"": 1, ""n"": 352}]}, {""constant_lens"": false, ""gain"": 0.25, ""lens"": ""pc1"", ""lens_scaling"": ""standardize"", ""min_cluster_size"": 24, ""min_samples"": 5, ""n_class"": 2495, ""n_edges"": 7, ""n_intervals"": 8, ""n_vertices"": 8, ""noise_reassigned"": 2848, ""placement"": ""quantile"", ""slabs"": [{""k"": 1, ""n"": 351}, {""k"": 1, ""n"": 390}, {""k"": 1, ""n"": 390}, {""k"": 1, ""n"": 389}, {""k"": 1, ""n"": 389}, {""k"": 1, ""n"": 390}, {""k"": 1, ""n"": 390}, {""k"": 1, ""n"": 351}]}], ""soundness_bound_holds"": true, ""step_rule"": ""scale_free"", ""topology_retention_nerve_to_frozen"": {""beta0_frozen"": 3, ""beta0_nerve"": 2, ""beta1_frozen"": 0, ""beta1_nerve"": 0}}",True
0.9783783783783784,666,False,0.1,0.1,,29.710355999995954,29.710355999995954,0.0,twonorm,3,,SPINE+Graph,10,666,740,6660,0.9,318404103,False,"{""admission"": {""criterion"": ""risk"", ""removed_risk"": 1, ""removed_support"": 0}, ""betti_final"": [[2, 0], [1, 0]], ""betti_frozen"": [[2, 0], [1, 0]], ""betti_nerve"": [[1, 0], [1, 0]], ""boundary_restriction"": ""both"", ""forced_removals"": 0, ""growth_representation_fallbacks"": 660, ""invariant_held"": true, ""n_segments"": 663, ""n_train_fit"": 4995, ""n_val"": 1665, ""phase0"": [{""constant_lens"": false, ""gain"": 0.25, ""lens"": ""pc1"", ""lens_scaling"": ""standardize"", ""min_cluster_size"": 24, ""min_samples"": 5, ""n_class"": 2500, ""n_edges"": 7, ""n_intervals"": 8, ""n_vertices"": 8, ""noise_reassigned"": 2850, ""placement"": ""quantile"", ""slabs"": [{""k"": 1, ""n"": 352}, {""k"": 1, ""n"": 390}, {""k"": 1, ""n"": 391}, {""k"": 1, ""n"": 390}, {""k"": 1, ""n"": 390}, {""k"": 1, ""n"": 391}, {""k"": 1, ""n"": 390}, {""k"": 1, ""n"": 352}]}, {""constant_lens"": false, ""gain"": 0.25, ""lens"": ""pc1"", ""lens_scaling"": ""standardize"", ""min_cluster_size"": 24, ""min_samples"": 5, ""n_class"": 2495, ""n_edges"": 7, ""n_intervals"": 8, ""n_vertices"": 8, ""noise_reassigned"": 2848, ""placement"": ""quantile"", ""slabs"": [{""k"": 1, ""n"": 351}, {""k"": 1, ""n"": 390}, {""k"": 1, ""n"": 390}, {""k"": 1, ""n"": 389}, {""k"": 1, ""n"": 389}, {""k"": 1, ""n"": 390}, {""k"": 1, ""n"": 390}, {""k"": 1, ""n"": 351}]}], ""soundness_bound_holds"": true, ""step_rule"": ""scale_free"", ""topology_retention_nerve_to_frozen"": {""beta0_frozen"": 3, ""beta0_nerve"": 2, ""beta1_frozen"": 0, ""beta1_nerve"": 0}}",True
0.9635135135135136,666,False,0.1,0.1,,7.212162999960128,126.77593099995283,119.5637679999927,twonorm,3,"{""epsilon"": 0.3, ""window"": 0.2}",LVQ3,10,666,740,6660,0.9,318404103,False,,True
0.9675675675675676,666,False,0.1,0.1,"{""0"": 333, ""1"": 333}",10.42063899995992,10.42063899995992,0.0,twonorm,3,,KMeans,10,666,740,6660,0.9,318404103,False,,True
0.9324324324324325,666,False,0.1,0.1,"{""0"": 333, ""1"": 333}",0.0015029999776743352,0.0015029999776743352,0.0,twonorm,3,,Random,10,666,740,6660,0.9,318404103,False,,True
0.9581081081081081,666,False,0.1,0.1,,2.1011469999793917,2.1011469999793917,0.0,twonorm,3,,SPOT,10,666,740,6660,0.9,318404103,False,,True
0.9783783783783784,666,False,0.1,0.1,,97.09831400000257,97.09831400000257,0.0,twonorm,3,,GLVQ,10,666,740,6660,0.9,318404103,False,,True
0.9675675675675676,666,False,0.1,0.1,,30.372839000017848,30.372839000017848,0.0,twonorm,3,,GNG,10,666,740,6660,0.9,318404103,False,,True
0.9472972972972973,1665,False,0.25,0.25,,0.0005360000068321824,0.0005360000068321824,0.0,twonorm,3,,Full,10,6660,740,6660,0.0,318404103,True,,False
0.9256756756756757,1665,False,0.25,0.25,,1.8241440000128932,1.8241440000128932,0.0,twonorm,3,,RSP3,10,981,740,6660,0.8527027027027028,318404103,True,,False
0.9027027027027027,1665,False,0.25,0.25,,1.3613880000193603,1.3613880000193603,0.0,twonorm,3,,RHC,10,222,740,6660,0.9666666666666667,318404103,True,,False
0.9783783783783784,1665,False,0.25,0.25,,160.36209900001995,160.36209900001995,0.0,twonorm,3,,SPINE+1NN,10,1665,740,6660,0.75,318404103,False,"{""admission"": {""criterion"": ""risk"", ""removed_risk"": 1, ""removed_support"": 0}, ""betti_final"": [[2, 0], [1, 0]], ""betti_frozen"": [[2, 0], [1, 0]], ""betti_nerve"": [[1, 0], [1, 0]], ""boundary_restriction"": ""both"", ""forced_removals"": 0, ""growth_representation_fallbacks"": 1848, ""invariant_held"": true, ""n_segments"": 1662, ""n_train_fit"": 4995, ""n_val"": 1665, ""phase0"": [{""constant_lens"": false, ""gain"": 0.25, ""lens"": ""pc1"", ""lens_scaling"": ""standardize"", ""min_cluster_size"": 24, ""min_samples"": 5, ""n_class"": 2500, ""n_edges"": 7, ""n_intervals"": 8, ""n_vertices"": 8, ""noise_reassigned"": 2850, ""placement"": ""quantile"", ""slabs"": [{""k"": 1, ""n"": 352}, {""k"": 1, ""n"": 390}, {""k"": 1, ""n"": 391}, {""k"": 1, ""n"": 390}, {""k"": 1, ""n"": 390}, {""k"": 1, ""n"": 391}, {""k"": 1, ""n"": 390}, {""k"": 1, ""n"": 352}]}, {""constant_lens"": false, ""gain"": 0.25, ""lens"": ""pc1"", ""lens_scaling"": ""standardize"", ""min_cluster_size"": 24, ""min_samples"": 5, ""n_class"": 2495, ""n_edges"": 7, ""n_intervals"": 8, ""n_vertices"": 8, ""noise_reassigned"": 2848, ""placement"": ""quantile"", ""slabs"": [{""k"": 1, ""n"": 351}, {""k"": 1, ""n"": 390}, {""k"": 1, ""n"": 390}, {""k"": 1, ""n"": 389}, {""k"": 1, ""n"": 389}, {""k"": 1, ""n"": 390}, {""k"": 1, ""n"": 390}, {""k"": 1, ""n"": 351}]}], ""soundness_bound_holds"": true, ""step_rule"": ""scale_free"", ""topology_retention_nerve_to_frozen"": {""beta0_frozen"": 3, ""beta0_nerve"": 2, ""beta1_frozen"": 0, ""beta1_nerve"": 0}}",True
0.9783783783783784,1665,False,0.25,0.25,,160.36209900001995,160.36209900001995,0.0,twonorm,3,,SPINE+Graph,10,1665,740,6660,0.75,318404103,False,"{""admission"": {""criterion"": ""risk"", ""removed_risk"": 1, ""removed_support"": 0}, ""betti_final"": [[2, 0], [1, 0]], ""betti_frozen"": [[2, 0], [1, 0]], ""betti_nerve"": [[1, 0], [1, 0]], ""boundary_restriction"": ""both"", ""forced_removals"": 0, ""growth_representation_fallbacks"": 1848, ""invariant_held"": true, ""n_segments"": 1662, ""n_train_fit"": 4995, ""n_val"": 1665, ""phase0"": [{""constant_lens"": false, ""gain"": 0.25, ""lens"": ""pc1"", ""lens_scaling"": ""standardize"", ""min_cluster_size"": 24, ""min_samples"": 5, ""n_class"": 2500, ""n_edges"": 7, ""n_intervals"": 8, ""n_vertices"": 8, ""noise_reassigned"": 2850, ""placement"": ""quantile"", ""slabs"": [{""k"": 1, ""n"": 352}, {""k"": 1, ""n"": 390}, {""k"": 1, ""n"": 391}, {""k"": 1, ""n"": 390}, {""k"": 1, ""n"": 390}, {""k"": 1, ""n"": 391}, {""k"": 1, ""n"": 390}, {""k"": 1, ""n"": 352}]}, {""constant_lens"": false, ""gain"": 0.25, ""lens"": ""pc1"", ""lens_scaling"": ""standardize"", ""min_cluster_size"": 24, ""min_samples"": 5, ""n_class"": 2495, ""n_edges"": 7, ""n_intervals"": 8, ""n_vertices"": 8, ""noise_reassigned"": 2848, ""placement"": ""quantile"", ""slabs"": [{""k"": 1, ""n"": 351}, {""k"": 1, ""n"": 390}, {""k"": 1, ""n"": 390}, {""k"": 1, ""n"": 389}, {""k"": 1, ""n"": 389}, {""k"": 1, ""n"": 390}, {""k"": 1, ""n"": 390}, {""k"": 1, ""n"": 351}]}], ""soundness_bound_holds"": true, ""step_rule"": ""scale_free"", ""topology_retention_nerve_to_frozen"": {""beta0_frozen"": 3, ""beta0_nerve"": 2, ""beta1_frozen"": 0, ""beta1_nerve"": 0}}",True
0.9581081081081081,1665,False,0.25,0.25,,14.8486050000065,258.3588640000089,243.5102590000024,twonorm,3,"{""epsilon"": 0.3, ""window"": 0.2}",LVQ3,10,1665,740,6660,0.75,318404103,False,,True
0.9581081081081081,1665,False,0.25,0.25,"{""0"": 833, ""1"": 832}",22.329877999960445,22.329877999960445,0.0,twonorm,3,,KMeans,10,1665,740,6660,0.75,318404103,False,,True
0.9337837837837838,1665,False,0.25,0.25,"{""0"": 833, ""1"": 832}",0.0019339999998919666,0.0019339999998919666,0.0,twonorm,3,,Random,10,1665,740,6660,0.75,318404103,False,,True
0.9472972972972973,1665,False,0.25,0.25,,2.1891109999851324,2.1891109999851324,0.0,twonorm,3,,SPOT,10,1665,740,6660,0.75,318404103,False,,True
0.9797297297297297,1665,False,0.25,0.25,,236.1752470000065,236.1752470000065,0.0,twonorm,3,,GLVQ,10,1665,740,6660,0.75,318404103,False,,True
0.9621621621621622,1665,False,0.25,0.25,,163.95728700002655,163.95728700002655,0.0,twonorm,3,,GNG,10,1665,740,6660,0.75,318404103,False,,True
0.9445945945945946,33,False,0.004954954954954955,0.005,,0.0005740000051446259,0.0005740000051446259,0.0,twonorm,4,,Full,10,6660,740,6660,0.0,319404106,False,,False
0.9310810810810811,33,False,0.004954954954954955,0.005,,1.8066359999938868,1.8066359999938868,0.0,twonorm,4,,RSP3,10,1008,740,6660,0.8486486486486486,319404106,False,,False
0.8959459459459459,33,False,0.004954954954954955,0.005,,1.4315969999879599,1.4315969999879599,0.0,twonorm,4,,RHC,10,235,740,6660,0.9647147147147147,319404106,False,,False
0.981081081081081,33,False,0.004954954954954955,0.005,,5.628106999967713,5.628106999967713,0.0,twonorm,4,,SPINE+1NN,10,33,740,6660,0.9950450450450451,319404106,False,"{""admission"": {""criterion"": ""risk"", ""removed_risk"": 3, ""removed_support"": 0}, ""betti_final"": [[3, 0], [2, 0]], ""betti_frozen"": [[3, 0], [2, 0]], ""betti_nerve"": [[1, 0], [1, 0]], ""boundary_restriction"": ""both"", ""forced_removals"": 0, ""growth_representation_fallbacks"": 10, ""invariant_held"": true, ""n_segments"": 28, ""n_train_fit"": 4995, ""n_val"": 1665, ""phase0"": [{""constant_lens"": false, ""gain"": 0.25, ""lens"": ""pc1"", ""lens_scaling"": ""standardize"", ""min_cluster_size"": 24, ""min_samples"": 5, ""n_class"": 2500, ""n_edges"": 7, ""n_intervals"": 8, ""n_vertices"": 8, ""noise_reassigned"": 2853, ""placement"": ""quantile"", ""slabs"": [{""k"": 1, ""n"": 352}, {""k"": 1, ""n"": 390}, {""k"": 1, ""n"": 391}, {""k"": 1, ""n"": 390}, {""k"": 1, ""n"": 390}, {""k"": 1, ""n"": 391}, {""k"": 1, ""n"": 390}, {""k"": 1, ""n"": 352}]}, {""constant_lens"": false, ""gain"": 0.25, ""lens"": ""pc1"", ""lens_scaling"": ""standardize"", ""min_cluster_size"": 24, ""min_samples"": 5, ""n_class"": 2495, ""n_edges"": 7, ""n_intervals"": 8, ""n_vertices"": 8, ""noise_reassigned"": 2844, ""placement"": ""quantile"", ""slabs"": [{""k"": 1, ""n"": 351}, {""k"": 1, ""n"": 390}, {""k"": 1, ""n"": 390}, {""k"": 1, ""n"": 389}, {""k"": 1, ""n"": 389}, {""k"": 1, ""n"": 390}, {""k"": 1, ""n"": 390}, {""k"": 1, ""n"": 351}]}], ""soundness_bound_holds"": true, ""step_rule"": ""scale_free"", ""topology_retention_nerve_to_frozen"": {""beta0_frozen"": 5, ""beta0_nerve"": 2, ""beta1_frozen"": 0, ""beta1_nerve"": 0}}",True
0.9824324324324324,33,False,0.004954954954954955,0.005,,5.628106999967713,5.628106999967713,0.0,twonorm,4,,SPINE+Graph,10,33,740,6660,0.9950450450450451,319404106,False,"{""admission"": {""criterion"": ""risk"", ""removed_risk"": 3, ""removed_support"": 0}, ""betti_final"": [[3, 0], [2, 0]], ""betti_frozen"": [[3, 0], [2, 0]], ""betti_nerve"": [[1, 0], [1, 0]], ""boundary_restriction"": ""both"", ""forced_removals"": 0, ""growth_representation_fallbacks"": 10, ""invariant_held"": true, ""n_segments"": 28, ""n_train_fit"": 4995, ""n_val"": 1665, ""phase0"": [{""constant_lens"": false, ""gain"": 0.25, ""lens"": ""pc1"", ""lens_scaling"": ""standardize"", ""min_cluster_size"": 24, ""min_samples"": 5, ""n_class"": 2500, ""n_edges"": 7, ""n_intervals"": 8, ""n_vertices"": 8, ""noise_reassigned"": 2853, ""placement"": ""quantile"", ""slabs"": [{""k"": 1, ""n"": 352}, {""k"": 1, ""n"": 390}, {""k"": 1, ""n"": 391}, {""k"": 1, ""n"": 390}, {""k"": 1, ""n"": 390}, {""k"": 1, ""n"": 391}, {""k"": 1, ""n"": 390}, {""k"": 1, ""n"": 352}]}, {""constant_lens"": false, ""gain"": 0.25, ""lens"": ""pc1"", ""lens_scaling"": ""standardize"", ""min_cluster_size"": 24, ""min_samples"": 5, ""n_class"": 2495, ""n_edges"": 7, ""n_intervals"": 8, ""n_vertices"": 8, ""noise_reassigned"": 2844, ""placement"": ""quantile"", ""slabs"": [{""k"": 1, ""n"": 351}, {""k"": 1, ""n"": 390}, {""k"": 1, ""n"": 390}, {""k"": 1, ""n"": 389}, {""k"": 1, ""n"": 389}, {""k"": 1, ""n"": 390}, {""k"": 1, ""n"": 390}, {""k"": 1, ""n"": 351}]}], ""soundness_bound_holds"": true, ""step_rule"": ""scale_free"", ""topology_retention_nerve_to_frozen"": {""beta0_frozen"": 5, ""beta0_nerve"": 2, ""beta1_frozen"": 0, ""beta1_nerve"": 0}}",True
0.9689189189189189,33,False,0.004954954954954955,0.005,,2.6333229999872856,50.073090000019874,47.43976700003259,twonorm,4,"{""epsilon"": 0.3, ""window"": 0.3}",LVQ3,10,33,740,6660,0.9950450450450451,319404106,False,,True
0.9662162162162162,33,False,0.004954954954954955,0.005,"{""0"": 17, ""1"": 16}",2.3958049999782816,2.3958049999782816,0.0,twonorm,4,,KMeans,10,33,740,6660,0.9950450450450451,319404106,False,,True
0.9162162162162162,33,False,0.004954954954954955,0.005,"{""0"": 17, ""1"": 16}",0.0010519999777898192,0.0010519999777898192,0.0,twonorm,4,,Random,10,33,740,6660,0.9950450450450451,319404106,False,,True
0.9472972972972973,33,False,0.004954954954954955,0.005,,1.7770670000463724,1.7770670000463724,0.0,twonorm,4,,SPOT,10,33,740,6660,0.9950450450450451,319404106,False,,True
0.9824324324324324,33,False,0.004954954954954955,0.005,,8.16219500004081,8.16219500004081,0.0,twonorm,4,,GLVQ,10,33,740,6660,0.9950450450450451,319404106,False,,True
0.9635135135135136,33,False,0.004954954954954955,0.005,,1.5034640000085346,1.5034640000085346,0.0,twonorm,4,,GNG,10,33,740,6660,0.9950450450450451,319404106,False,,True
0.9445945945945946,67,False,0.01006006006006006,0.01,,0.0005740000051446259,0.0005740000051446259,0.0,twonorm,4,,Full,10,6660,740,6660,0.0,319404106,True,,False
0.9310810810810811,67,False,0.01006006006006006,0.01,,1.8066359999938868,1.8066359999938868,0.0,twonorm,4,,RSP3,10,1008,740,6660,0.8486486486486486,319404106,True,,False
0.8959459459459459,67,False,0.01006006006006006,0.01,,1.4315969999879599,1.4315969999879599,0.0,twonorm,4,,RHC,10,235,740,6660,0.9647147147147147,319404106,True,,False
0.9797297297297297,67,False,0.01006006006006006,0.01,,5.817616000014823,5.817616000014823,0.0,twonorm,4,,SPINE+1NN,10,67,740,6660,0.9899399399399399,319404106,False,"{""admission"": {""criterion"": ""risk"", ""removed_risk"": 3, ""removed_support"": 0}, ""betti_final"": [[3, 0], [2, 0]], ""betti_frozen"": [[3, 0], [2, 0]], ""betti_nerve"": [[1, 0], [1, 0]], ""boundary_restriction"": ""both"", ""forced_removals"": 0, ""growth_representation_fallbacks"": 32, ""invariant_held"": true, ""n_segments"": 62, ""n_train_fit"": 4995, ""n_val"": 1665, ""phase0"": [{""constant_lens"": false, ""gain"": 0.25, ""lens"": ""pc1"", ""lens_scaling"": ""standardize"", ""min_cluster_size"": 24, ""min_samples"": 5, ""n_class"": 2500, ""n_edges"": 7, ""n_intervals"": 8, ""n_vertices"": 8, ""noise_reassigned"": 2853, ""placement"": ""quantile"", ""slabs"": [{""k"": 1, ""n"": 352}, {""k"": 1, ""n"": 390}, {""k"": 1, ""n"": 391}, {""k"": 1, ""n"": 390}, {""k"": 1, ""n"": 390}, {""k"": 1, ""n"": 391}, {""k"": 1, ""n"": 390}, {""k"": 1, ""n"": 352}]}, {""constant_lens"": false, ""gain"": 0.25, ""lens"": ""pc1"", ""lens_scaling"": ""standardize"", ""min_cluster_size"": 24, ""min_samples"": 5, ""n_class"": 2495, ""n_edges"": 7, ""n_intervals"": 8, ""n_vertices"": 8, ""noise_reassigned"": 2844, ""placement"": ""quantile"", ""slabs"": [{""k"": 1, ""n"": 351}, {""k"": 1, ""n"": 390}, {""k"": 1, ""n"": 390}, {""k"": 1, ""n"": 389}, {""k"": 1, ""n"": 389}, {""k"": 1, ""n"": 390}, {""k"": 1, ""n"": 390}, {""k"": 1, ""n"": 351}]}], ""soundness_bound_holds"": true, ""step_rule"": ""scale_free"", ""topology_retention_nerve_to_frozen"": {""beta0_frozen"": 5, ""beta0_nerve"": 2, ""beta1_frozen"": 0, ""beta1_nerve"": 0}}",True
0.9797297297297297,67,False,0.01006006006006006,0.01,,5.817616000014823,5.817616000014823,0.0,twonorm,4,,SPINE+Graph,10,67,740,6660,0.9899399399399399,319404106,False,"{""admission"": {""criterion"": ""risk"", ""removed_risk"": 3, ""removed_support"": 0}, ""betti_final"": [[3, 0], [2, 0]], ""betti_frozen"": [[3, 0], [2, 0]], ""betti_nerve"": [[1, 0], [1, 0]], ""boundary_restriction"": ""both"", ""forced_removals"": 0, ""growth_representation_fallbacks"": 32, ""invariant_held"": true, ""n_segments"": 62, ""n_train_fit"": 4995, ""n_val"": 1665, ""phase0"": [{""constant_lens"": false, ""gain"": 0.25, ""lens"": ""pc1"", ""lens_scaling"": ""standardize"", ""min_cluster_size"": 24, ""min_samples"": 5, ""n_class"": 2500, ""n_edges"": 7, ""n_intervals"": 8, ""n_vertices"": 8, ""noise_reassigned"": 2853, ""placement"": ""quantile"", ""slabs"": [{""k"": 1, ""n"": 352}, {""k"": 1, ""n"": 390}, {""k"": 1, ""n"": 391}, {""k"": 1, ""n"": 390}, {""k"": 1, ""n"": 390}, {""k"": 1, ""n"": 391}, {""k"": 1, ""n"": 390}, {""k"": 1, ""n"": 352}]}, {""constant_lens"": false, ""gain"": 0.25, ""lens"": ""pc1"", ""lens_scaling"": ""standardize"", ""min_cluster_size"": 24, ""min_samples"": 5, ""n_class"": 2495, ""n_edges"": 7, ""n_intervals"": 8, ""n_vertices"": 8, ""noise_reassigned"": 2844, ""placement"": ""quantile"", ""slabs"": [{""k"": 1, ""n"": 351}, {""k"": 1, ""n"": 390}, {""k"": 1, ""n"": 390}, {""k"": 1, ""n"": 389}, {""k"": 1, ""n"": 389}, {""k"": 1, ""n"": 390}, {""k"": 1, ""n"": 390}, {""k"": 1, ""n"": 351}]}], ""soundness_bound_holds"": true, ""step_rule"": ""scale_free"", ""topology_retention_nerve_to_frozen"": {""beta0_frozen"": 5, ""beta0_nerve"": 2, ""beta1_frozen"": 0, ""beta1_nerve"": 0}}",True
0.972972972972973,67,False,0.01006006006006006,0.01,,2.906579000002239,56.03633600001922,53.12975700001698,twonorm,4,"{""epsilon"": 0.3, ""window"": 0.3}",LVQ3,10,67,740,6660,0.9899399399399399,319404106,False,,True
0.9716216216216216,67,False,0.01006006006006006,0.01,"{""0"": 34, ""1"": 33}",2.934175000002142,2.934175000002142,0.0,twonorm,4,,KMeans,10,67,740,6660,0.9899399399399399,319404106,False,,True
0.927027027027027,67,False,0.01006006006006006,0.01,"{""0"": 34, ""1"": 33}",0.00113800005055964,0.00113800005055964,0.0,twonorm,4,,Random,10,67,740,6660,0.9899399399399399,319404106,False,,True
0.9405405405405406,67,False,0.01006006006006006,0.01,,1.8459109999821521,1.8459109999821521,0.0,twonorm,4,,SPOT,10,67,740,6660,0.9899399399399399,319404106,False,,True
0.9783783783783784,67,False,0.01006006006006006,0.01,,12.955130999966059,12.955130999966059,0.0,twonorm,4,,GLVQ,10,67,740,6660,0.9899399399399399,319404106,False,,True
0.9702702702702702,67,False,0.01006006006006006,0.01,,1.8451989999739453,1.8451989999739453,0.0,twonorm,4,,GNG,10,67,740,6660,0.9899399399399399,319404106,False,,True
0.9445945945945946,133,False,0.01996996996996997,0.02,,0.0005740000051446259,0.0005740000051446259,0.0,twonorm,4,,Full,10,6660,740,6660,0.0,319404106,True,,False
0.9310810810810811,133,False,0.01996996996996997,0.02,,1.8066359999938868,1.8066359999938868,0.0,twonorm,4,,RSP3,10,1008,740,6660,0.8486486486486486,319404106,True,,False
0.8959459459459459,133,False,0.01996996996996997,0.02,,1.4315969999879599,1.4315969999879599,0.0,twonorm,4,,RHC,10,235,740,6660,0.9647147147147147,319404106,True,,False
0.9783783783783784,133,False,0.01996996996996997,0.02,,6.504376999975648,6.504376999975648,0.0,twonorm,4,,SPINE+1NN,10,133,740,6660,0.98003003003003,319404106,False,"{""admission"": {""criterion"": ""risk"", ""removed_risk"": 3, ""removed_support"": 0}, ""betti_final"": [[3, 0], [2, 0]], ""betti_frozen"": [[3, 0], [2, 0]], ""betti_nerve"": [[1, 0], [1, 0]], ""boundary_restriction"": ""both"", ""forced_removals"": 0, ""growth_representation_fallbacks"": 105, ""invariant_held"": true, ""n_segments"": 128, ""n_train_fit"": 4995, ""n_val"": 1665, ""phase0"": [{""constant_lens"": false, ""gain"": 0.25, ""lens"": ""pc1"", ""lens_scaling"": ""standardize"", ""min_cluster_size"": 24, ""min_samples"": 5, ""n_class"": 2500, ""n_edges"": 7, ""n_intervals"": 8, ""n_vertices"": 8, ""noise_reassigned"": 2853, ""placement"": ""quantile"", ""slabs"": [{""k"": 1, ""n"": 352}, {""k"": 1, ""n"": 390}, {""k"": 1, ""n"": 391}, {""k"": 1, ""n"": 390}, {""k"": 1, ""n"": 390}, {""k"": 1, ""n"": 391}, {""k"": 1, ""n"": 390}, {""k"": 1, ""n"": 352}]}, {""constant_lens"": false, ""gain"": 0.25, ""lens"": ""pc1"", ""lens_scaling"": ""standardize"", ""min_cluster_size"": 24, ""min_samples"": 5, ""n_class"": 2495, ""n_edges"": 7, ""n_intervals"": 8, ""n_vertices"": 8, ""noise_reassigned"": 2844, ""placement"": ""quantile"", ""slabs"": [{""k"": 1, ""n"": 351}, {""k"": 1, ""n"": 390}, {""k"": 1, ""n"": 390}, {""k"": 1, ""n"": 389}, {""k"": 1, ""n"": 389}, {""k"": 1, ""n"": 390}, {""k"": 1, ""n"": 390}, {""k"": 1, ""n"": 351}]}], ""soundness_bound_holds"": true, ""step_rule"": ""scale_free"", ""topology_retention_nerve_to_frozen"": {""beta0_frozen"": 5, ""beta0_nerve"": 2, ""beta1_frozen"": 0, ""beta1_nerve"": 0}}",True
0.9797297297297297,133,False,0.01996996996996997,0.02,,6.504376999975648,6.504376999975648,0.0,twonorm,4,,SPINE+Graph,10,133,740,6660,0.98003003003003,319404106,False,"{""admission"": {""criterion"": ""risk"", ""removed_risk"": 3, ""removed_support"": 0}, ""betti_final"": [[3, 0], [2, 0]], ""betti_frozen"": [[3, 0], [2, 0]], ""betti_nerve"": [[1, 0], [1, 0]], ""boundary_restriction"": ""both"", ""forced_removals"": 0, ""growth_representation_fallbacks"": 105, ""invariant_held"": true, ""n_segments"": 128, ""n_train_fit"": 4995, ""n_val"": 1665, ""phase0"": [{""constant_lens"": false, ""gain"": 0.25, ""lens"": ""pc1"", ""lens_scaling"": ""standardize"", ""min_cluster_size"": 24, ""min_samples"": 5, ""n_class"": 2500, ""n_edges"": 7, ""n_intervals"": 8, ""n_vertices"": 8, ""noise_reassigned"": 2853, ""placement"": ""quantile"", ""slabs"": [{""k"": 1, ""n"": 352}, {""k"": 1, ""n"": 390}, {""k"": 1, ""n"": 391}, {""k"": 1, ""n"": 390}, {""k"": 1, ""n"": 390}, {""k"": 1, ""n"": 391}, {""k"": 1, ""n"": 390}, {""k"": 1, ""n"": 352}]}, {""constant_lens"": false, ""gain"": 0.25, ""lens"": ""pc1"", ""lens_scaling"": ""standardize"", ""min_cluster_size"": 24, ""min_samples"": 5, ""n_class"": 2495, ""n_edges"": 7, ""n_intervals"": 8, ""n_vertices"": 8, ""noise_reassigned"": 2844, ""placement"": ""quantile"", ""slabs"": [{""k"": 1, ""n"": 351}, {""k"": 1, ""n"": 390}, {""k"": 1, ""n"": 390}, {""k"": 1, ""n"": 389}, {""k"": 1, ""n"": 389}, {""k"": 1, ""n"": 390}, {""k"": 1, ""n"": 390}, {""k"": 1, ""n"": 351}]}], ""soundness_bound_holds"": true, ""step_rule"": ""scale_free"", ""topology_retention_nerve_to_frozen"": {""beta0_frozen"": 5, ""beta0_nerve"": 2, ""beta1_frozen"": 0, ""beta1_nerve"": 0}}",True
0.9662162162162162,133,False,0.01996996996996997,0.02,,3.5415959999663755,60.34852099994896,56.806924999982584,twonorm,4,"{""epsilon"": 0.3, ""window"": 0.2}",LVQ3,10,133,740,6660,0.98003003003003,319404106,False,,True
0.9675675675675676,133,False,0.01996996996996997,0.02,"{""0"": 67, ""1"": 66}",3.5362869999953546,3.5362869999953546,0.0,twonorm,4,,KMeans,10,133,740,6660,0.98003003003003,319404106,False,,True
0.922972972972973,133,False,0.01996996996996997,0.02,"{""0"": 67, ""1"": 66}",0.0011020000092685223,0.0011020000092685223,0.0,twonorm,4,,Random,10,133,740,6660,0.98003003003003,319404106,False,,True
0.9445945945945946,133,False,0.01996996996996997,0.02,,1.9268320000264794,1.9268320000264794,0.0,twonorm,4,,SPOT,10,133,740,6660,0.98003003003003,319404106,False,,True
0.9756756756756757,133,False,0.01996996996996997,0.02,,22.219685000018217,22.219685000018217,0.0,twonorm,4,,GLVQ,10,133,740,6660,0.98003003003003,319404106,False,,True
0.9756756756756757,133,False,0.01996996996996997,0.02,,3.028691000014078,3.028691000014078,0.0,twonorm,4,,GNG,10,133,740,6660,0.98003003003003,319404106,False,,True
0.9445945945945946,333,False,0.05,0.05,,0.0005740000051446259,0.0005740000051446259,0.0,twonorm,4,,Full,10,6660,740,6660,0.0,319404106,True,,False
0.9310810810810811,333,False,0.05,0.05,,1.8066359999938868,1.8066359999938868,0.0,twonorm,4,,RSP3,10,1008,740,6660,0.8486486486486486,319404106,True,,False
0.8959459459459459,333,False,0.05,0.05,,1.4315969999879599,1.4315969999879599,0.0,twonorm,4,,RHC,10,235,740,6660,0.9647147147147147,319404106,True,,False
0.977027027027027,333,False,0.05,0.05,,11.582821999967564,11.582821999967564,0.0,twonorm,4,,SPINE+1NN,10,333,740,6660,0.95,319404106,False,"{""admission"": {""criterion"": ""risk"", ""removed_risk"": 3, ""removed_support"": 0}, ""betti_final"": [[3, 0], [2, 0]], ""betti_frozen"": [[3, 0], [2, 0]], ""betti_nerve"": [[1, 0], [1, 0]], ""boundary_restriction"": ""both"", ""forced_removals"": 0, ""growth_representation_fallbacks"": 297, ""invariant_held"": true, ""n_segments"": 328, ""n_train_fit"": 4995, ""n_val"": 1665, ""phase0"": [{""constant_lens"": false, ""gain"": 0.25, ""lens"": ""pc1"", ""lens_scaling"": ""standardize"", ""min_cluster_size"": 24, ""min_samples"": 5, ""n_class"": 2500, ""n_edges"": 7, ""n_intervals"": 8, ""n_vertices"": 8, ""noise_reassigned"": 2853, ""placement"": ""quantile"", ""slabs"": [{""k"": 1, ""n"": 352}, {""k"": 1, ""n"": 390}, {""k"": 1, ""n"": 391}, {""k"": 1, ""n"": 390}, {""k"": 1, ""n"": 390}, {""k"": 1, ""n"": 391}, {""k"": 1, ""n"": 390}, {""k"": 1, ""n"": 352}]}, {""constant_lens"": false, ""gain"": 0.25, ""lens"": ""pc1"", ""lens_scaling"": ""standardize"", ""min_cluster_size"": 24, ""min_samples"": 5, ""n_class"": 2495, ""n_edges"": 7, ""n_intervals"": 8, ""n_vertices"": 8, ""noise_reassigned"": 2844, ""placement"": ""quantile"", ""slabs"": [{""k"": 1, ""n"": 351}, {""k"": 1, ""n"": 390}, {""k"": 1, ""n"": 390}, {""k"": 1, ""n"": 389}, {""k"": 1, ""n"": 389}, {""k"": 1, ""n"": 390}, {""k"": 1, ""n"": 390}, {""k"": 1, ""n"": 351}]}], ""soundness_bound_holds"": true, ""step_rule"": ""scale_free"", ""topology_retention_nerve_to_frozen"": {""beta0_frozen"": 5, ""beta0_nerve"": 2, ""beta1_frozen"": 0, ""beta1_nerve"": 0}}",True
0.977027027027027,333,False,0.05,0.05,,11.582821999967564,11.582821999967564,0.0,twonorm,4,,SPINE+Graph,10,333,740,6660,0.95,319404106,False,"{""admission"": {""criterion"": ""risk"", ""removed_risk"": 3, ""removed_support"": 0}, ""betti_final"": [[3, 0], [2, 0]], ""betti_frozen"": [[3, 0], [2, 0]], ""betti_nerve"": [[1, 0], [1, 0]], ""boundary_restriction"": ""both"", ""forced_removals"": 0, ""growth_representation_fallbacks"": 297, ""invariant_held"": true, ""n_segments"": 328, ""n_train_fit"": 4995, ""n_val"": 1665, ""phase0"": [{""constant_lens"": false, ""gain"": 0.25, ""lens"": ""pc1"", ""lens_scaling"": ""standardize"", ""min_cluster_size"": 24, ""min_samples"": 5, ""n_class"": 2500, ""n_edges"": 7, ""n_intervals"": 8, ""n_vertices"": 8, ""noise_reassigned"": 2853, ""placement"": ""quantile"", ""slabs"": [{""k"": 1, ""n"": 352}, {""k"": 1, ""n"": 390}, {""k"": 1, ""n"": 391}, {""k"": 1, ""n"": 390}, {""k"": 1, ""n"": 390}, {""k"": 1, ""n"": 391}, {""k"": 1, ""n"": 390}, {""k"": 1, ""n"": 352}]}, {""constant_lens"": false, ""gain"": 0.25, ""lens"": ""pc1"", ""lens_scaling"": ""standardize"", ""min_cluster_size"": 24, ""min_samples"": 5, ""n_class"": 2495, ""n_edges"": 7, ""n_intervals"": 8, ""n_vertices"": 8, ""noise_reassigned"": 2844, ""placement"": ""quantile"", ""slabs"": [{""k"": 1, ""n"": 351}, {""k"": 1, ""n"": 390}, {""k"": 1, ""n"": 390}, {""k"": 1, ""n"": 389}, {""k"": 1, ""n"": 389}, {""k"": 1, ""n"": 390}, {""k"": 1, ""n"": 390}, {""k"": 1, ""n"": 351}]}], ""soundness_bound_holds"": true, ""step_rule"": ""scale_free"", ""topology_retention_nerve_to_frozen"": {""beta0_frozen"": 5, ""beta0_nerve"": 2, ""beta1_frozen"": 0, ""beta1_nerve"": 0}}",True
0.9702702702702702,333,False,0.05,0.05,,4.908284000004642,87.05667700001504,82.1483930000104,twonorm,4,"{""epsilon"": 0.1, ""window"": 0.2}",LVQ3,10,333,740,6660,0.95,319404106,False,,True
0.9716216216216216,333,False,0.05,0.05,"{""0"": 167, ""1"": 166}",6.126194999960717,6.126194999960717,0.0,twonorm,4,,KMeans,10,333,740,6660,0.95,319404106,False,,True
0.9351351351351351,333,False,0.05,0.05,"{""0"": 167, ""1"": 166}",0.0013019999605603516,0.0013019999605603516,0.0,twonorm,4,,Random,10,333,740,6660,0.95,319404106,False,,True
0.9581081081081081,333,False,0.05,0.05,,2.0496530000236817,2.0496530000236817,0.0,twonorm,4,,SPOT,10,333,740,6660,0.95,319404106,False,,True
0.9783783783783784,333,False,0.05,0.05,,50.1372229999979,50.1372229999979,0.0,twonorm,4,,GLVQ,10,333,740,6660,0.95,319404106,False,,True
0.9689189189189189,333,False,0.05,0.05,,9.482560999982525,9.482560999982525,0.0,twonorm,4,,GNG,10,333,740,6660,0.95,319404106,False,,True
0.9445945945945946,666,False,0.1,0.1,,0.0005740000051446259,0.0005740000051446259,0.0,twonorm,4,,Full,10,6660,740,6660,0.0,319404106,True,,False
0.9310810810810811,666,False,0.1,0.1,,1.8066359999938868,1.8066359999938868,0.0,twonorm,4,,RSP3,10,1008,740,6660,0.8486486486486486,319404106,True,,False
0.8959459459459459,666,False,0.1,0.1,,1.4315969999879599,1.4315969999879599,0.0,twonorm,4,,RHC,10,235,740,6660,0.9647147147147147,319404106,True,,False
0.9756756756756757,666,False,0.1,0.1,,29.735135000024457,29.735135000024457,0.0,twonorm,4,,SPINE+1NN,10,666,740,6660,0.9,319404106,False,"{""admission"": {""criterion"": ""risk"", ""removed_risk"": 3, ""removed_support"": 0}, ""betti_final"": [[3, 0], [2, 0]], ""betti_frozen"": [[3, 0], [2, 0]], ""betti_nerve"": [[1, 0], [1, 0]], ""boundary_restriction"": ""both"", ""forced_removals"": 0, ""growth_representation_fallbacks"": 663, ""invariant_held"": true, ""n_segments"": 661, ""n_train_fit"": 4995, ""n_val"": 1665, ""phase0"": [{""constant_lens"": false, ""gain"": 0.25, ""lens"": ""pc1"", ""lens_scaling"": ""standardize"", ""min_cluster_size"": 24, ""min_samples"": 5, ""n_class"": 2500, ""n_edges"": 7, ""n_intervals"": 8, ""n_vertices"": 8, ""noise_reassigned"": 2853, ""placement"": ""quantile"", ""slabs"": [{""k"": 1, ""n"": 352}, {""k"": 1, ""n"": 390}, {""k"": 1, ""n"": 391}, {""k"": 1, ""n"": 390}, {""k"": 1, ""n"": 390}, {""k"": 1, ""n"": 391}, {""k"": 1, ""n"": 390}, {""k"": 1, ""n"": 352}]}, {""constant_lens"": false, ""gain"": 0.25, ""lens"": ""pc1"", ""lens_scaling"": ""standardize"", ""min_cluster_size"": 24, ""min_samples"": 5, ""n_class"": 2495, ""n_edges"": 7, ""n_intervals"": 8, ""n_vertices"": 8, ""noise_reassigned"": 2844, ""placement"": ""quantile"", ""slabs"": [{""k"": 1, ""n"": 351}, {""k"": 1, ""n"": 390}, {""k"": 1, ""n"": 390}, {""k"": 1, ""n"": 389}, {""k"": 1, ""n"": 389}, {""k"": 1, ""n"": 390}, {""k"": 1, ""n"": 390}, {""k"": 1, ""n"": 351}]}], ""soundness_bound_holds"": true, ""step_rule"": ""scale_free"", ""topology_retention_nerve_to_frozen"": {""beta0_frozen"": 5, ""beta0_nerve"": 2, ""beta1_frozen"": 0, ""beta1_nerve"": 0}}",True
0.9756756756756757,666,False,0.1,0.1,,29.735135000024457,29.735135000024457,0.0,twonorm,4,,SPINE+Graph,10,666,740,6660,0.9,319404106,False,"{""admission"": {""criterion"": ""risk"", ""removed_risk"": 3, ""removed_support"": 0}, ""betti_final"": [[3, 0], [2, 0]], ""betti_frozen"": [[3, 0], [2, 0]], ""betti_nerve"": [[1, 0], [1, 0]], ""boundary_restriction"": ""both"", ""forced_removals"": 0, ""growth_representation_fallbacks"": 663, ""invariant_held"": true, ""n_segments"": 661, ""n_train_fit"": 4995, ""n_val"": 1665, ""phase0"": [{""constant_lens"": false, ""gain"": 0.25, ""lens"": ""pc1"", ""lens_scaling"": ""standardize"", ""min_cluster_size"": 24, ""min_samples"": 5, ""n_class"": 2500, ""n_edges"": 7, ""n_intervals"": 8, ""n_vertices"": 8, ""noise_reassigned"": 2853, ""placement"": ""quantile"", ""slabs"": [{""k"": 1, ""n"": 352}, {""k"": 1, ""n"": 390}, {""k"": 1, ""n"": 391}, {""k"": 1, ""n"": 390}, {""k"": 1, ""n"": 390}, {""k"": 1, ""n"": 391}, {""k"": 1, ""n"": 390}, {""k"": 1, ""n"": 352}]}, {""constant_lens"": false, ""gain"": 0.25, ""lens"": ""pc1"", ""lens_scaling"": ""standardize"", ""min_cluster_size"": 24, ""min_samples"": 5, ""n_class"": 2495, ""n_edges"": 7, ""n_intervals"": 8, ""n_vertices"": 8, ""noise_reassigned"": 2844, ""placement"": ""quantile"", ""slabs"": [{""k"": 1, ""n"": 351}, {""k"": 1, ""n"": 390}, {""k"": 1, ""n"": 390}, {""k"": 1, ""n"": 389}, {""k"": 1, ""n"": 389}, {""k"": 1, ""n"": 390}, {""k"": 1, ""n"": 390}, {""k"": 1, ""n"": 351}]}], ""soundness_bound_holds"": true, ""step_rule"": ""scale_free"", ""topology_retention_nerve_to_frozen"": {""beta0_frozen"": 5, ""beta0_nerve"": 2, ""beta1_frozen"": 0, ""beta1_nerve"": 0}}",True
0.9648648648648649,666,False,0.1,0.1,,7.489609999989625,125.59624899999471,118.10663900000509,twonorm,4,"{""epsilon"": 0.3, ""window"": 0.3}",LVQ3,10,666,740,6660,0.9,319404106,False,,True
0.9635135135135136,666,False,0.1,0.1,"{""0"": 333, ""1"": 333}",10.477805999980774,10.477805999980774,0.0,twonorm,4,,KMeans,10,666,740,6660,0.9,319404106,False,,True
0.9337837837837838,666,False,0.1,0.1,"{""0"": 333, ""1"": 333}",0.002310000010766089,0.002310000010766089,0.0,twonorm,4,,Random,10,666,740,6660,0.9,319404106,False,,True
0.9635135135135136,666,False,0.1,0.1,,2.1088419999578036,2.1088419999578036,0.0,twonorm,4,,SPOT,10,666,740,6660,0.9,319404106,False,,True
0.9824324324324324,666,False,0.1,0.1,,96.95944300002884,96.95944300002884,0.0,twonorm,4,,GLVQ,10,666,740,6660,0.9,319404106,False,,True
0.9716216216216216,666,False,0.1,0.1,,31.214839999971446,31.214839999971446,0.0,twonorm,4,,GNG,10,666,740,6660,0.9,319404106,False,,True
0.9445945945945946,1665,False,0.25,0.25,,0.0005740000051446259,0.0005740000051446259,0.0,twonorm,4,,Full,10,6660,740,6660,0.0,319404106,True,,False
0.9310810810810811,1665,False,0.25,0.25,,1.8066359999938868,1.8066359999938868,0.0,twonorm,4,,RSP3,10,1008,740,6660,0.8486486486486486,319404106,True,,False
0.8959459459459459,1665,False,0.25,0.25,,1.4315969999879599,1.4315969999879599,0.0,twonorm,4,,RHC,10,235,740,6660,0.9647147147147147,319404106,True,,False
0.9716216216216216,1665,False,0.25,0.25,,161.45888699998613,161.45888699998613,0.0,twonorm,4,,SPINE+1NN,10,1665,740,6660,0.75,319404106,False,"{""admission"": {""criterion"": ""risk"", ""removed_risk"": 3, ""removed_support"": 0}, ""betti_final"": [[3, 0], [2, 0]], ""betti_frozen"": [[3, 0], [2, 0]], ""betti_nerve"": [[1, 0], [1, 0]], ""boundary_restriction"": ""both"", ""forced_removals"": 0, ""growth_representation_fallbacks"": 1851, ""invariant_held"": true, ""n_segments"": 1660, ""n_train_fit"": 4995, ""n_val"": 1665, ""phase0"": [{""constant_lens"": false, ""gain"": 0.25, ""lens"": ""pc1"", ""lens_scaling"": ""standardize"", ""min_cluster_size"": 24, ""min_samples"": 5, ""n_class"": 2500, ""n_edges"": 7, ""n_intervals"": 8, ""n_vertices"": 8, ""noise_reassigned"": 2853, ""placement"": ""quantile"", ""slabs"": [{""k"": 1, ""n"": 352}, {""k"": 1, ""n"": 390}, {""k"": 1, ""n"": 391}, {""k"": 1, ""n"": 390}, {""k"": 1, ""n"": 390}, {""k"": 1, ""n"": 391}, {""k"": 1, ""n"": 390}, {""k"": 1, ""n"": 352}]}, {""constant_lens"": false, ""gain"": 0.25, ""lens"": ""pc1"", ""lens_scaling"": ""standardize"", ""min_cluster_size"": 24, ""min_samples"": 5, ""n_class"": 2495, ""n_edges"": 7, ""n_intervals"": 8, ""n_vertices"": 8, ""noise_reassigned"": 2844, ""placement"": ""quantile"", ""slabs"": [{""k"": 1, ""n"": 351}, {""k"": 1, ""n"": 390}, {""k"": 1, ""n"": 390}, {""k"": 1, ""n"": 389}, {""k"": 1, ""n"": 389}, {""k"": 1, ""n"": 390}, {""k"": 1, ""n"": 390}, {""k"": 1, ""n"": 351}]}], ""soundness_bound_holds"": true, ""step_rule"": ""scale_free"", ""topology_retention_nerve_to_frozen"": {""beta0_frozen"": 5, ""beta0_nerve"": 2, ""beta1_frozen"": 0, ""beta1_nerve"": 0}}",True
0.972972972972973,1665,False,0.25,0.25,,161.45888699998613,161.45888699998613,0.0,twonorm,4,,SPINE+Graph,10,1665,740,6660,0.75,319404106,False,"{""admission"": {""criterion"": ""risk"", ""removed_risk"": 3, ""removed_support"": 0}, ""betti_final"": [[3, 0], [2, 0]], ""betti_frozen"": [[3, 0], [2, 0]], ""betti_nerve"": [[1, 0], [1, 0]], ""boundary_restriction"": ""both"", ""forced_removals"": 0, ""growth_representation_fallbacks"": 1851, ""invariant_held"": true, ""n_segments"": 1660, ""n_train_fit"": 4995, ""n_val"": 1665, ""phase0"": [{""constant_lens"": false, ""gain"": 0.25, ""lens"": ""pc1"", ""lens_scaling"": ""standardize"", ""min_cluster_size"": 24, ""min_samples"": 5, ""n_class"": 2500, ""n_edges"": 7, ""n_intervals"": 8, ""n_vertices"": 8, ""noise_reassigned"": 2853, ""placement"": ""quantile"", ""slabs"": [{""k"": 1, ""n"": 352}, {""k"": 1, ""n"": 390}, {""k"": 1, ""n"": 391}, {""k"": 1, ""n"": 390}, {""k"": 1, ""n"": 390}, {""k"": 1, ""n"": 391}, {""k"": 1, ""n"": 390}, {""k"": 1, ""n"": 352}]}, {""constant_lens"": false, ""gain"": 0.25, ""lens"": ""pc1"", ""lens_scaling"": ""standardize"", ""min_cluster_size"": 24, ""min_samples"": 5, ""n_class"": 2495, ""n_edges"": 7, ""n_intervals"": 8, ""n_vertices"": 8, ""noise_reassigned"": 2844, ""placement"": ""quantile"", ""slabs"": [{""k"": 1, ""n"": 351}, {""k"": 1, ""n"": 390}, {""k"": 1, ""n"": 390}, {""k"": 1, ""n"": 389}, {""k"": 1, ""n"": 389}, {""k"": 1, ""n"": 390}, {""k"": 1, ""n"": 390}, {""k"": 1, ""n"": 351}]}], ""soundness_bound_holds"": true, ""step_rule"": ""scale_free"", ""topology_retention_nerve_to_frozen"": {""beta0_frozen"": 5, ""beta0_nerve"": 2, ""beta1_frozen"": 0, ""beta1_nerve"": 0}}",True
0.9702702702702702,1665,False,0.25,0.25,,14.94787599996198,258.0706629999913,243.12278700002935,twonorm,4,"{""epsilon"": 0.3, ""window"": 0.2}",LVQ3,10,1665,740,6660,0.75,319404106,False,,True
0.9689189189189189,1665,False,0.25,0.25,"{""0"": 833, ""1"": 832}",23.66814299998805,23.66814299998805,0.0,twonorm,4,,KMeans,10,1665,740,6660,0.75,319404106,False,,True
0.9418918918918919,1665,False,0.25,0.25,"{""0"": 833, ""1"": 832}",0.0019500000053085387,0.0019500000053085387,0.0,twonorm,4,,Random,10,1665,740,6660,0.75,319404106,False,,True
0.9608108108108108,1665,False,0.25,0.25,,2.228054000006523,2.228054000006523,0.0,twonorm,4,,SPOT,10,1665,740,6660,0.75,319404106,False,,True
0.972972972972973,1665,False,0.25,0.25,,238.27739399997517,238.27739399997517,0.0,twonorm,4,,GLVQ,10,1665,740,6660,0.75,319404106,False,,True
0.9608108108108108,1665,False,0.25,0.25,,162.84065499994904,162.84065499994904,0.0,twonorm,4,,GNG,10,1665,740,6660,0.75,319404106,False,,True
0.9486486486486486,33,False,0.004954954954954955,0.005,,0.000994000001810491,0.000994000001810491,0.0,twonorm,5,,Full,10,6660,740,6660,0.0,320404109,False,,False
0.9283783783783783,33,False,0.004954954954954955,0.005,,1.805051999981515,1.805051999981515,0.0,twonorm,5,,RSP3,10,1064,740,6660,0.8402402402402402,320404109,False,,False
0.8905405405405405,33,False,0.004954954954954955,0.005,,1.332014000043273,1.332014000043273,0.0,twonorm,5,,RHC,10,215,740,6660,0.9677177177177178,320404109,False,,False
0.9797297297297297,33,False,0.004954954954954955,0.005,,5.635958999977447,5.635958999977447,0.0,twonorm,5,,SPINE+1NN,10,33,740,6660,0.9950450450450451,320404109,False,"{""admission"": {""criterion"": ""risk"", ""removed_risk"": 1, ""removed_support"": 0}, ""betti_final"": [[2, 0], [1, 0]], ""betti_frozen"": [[2, 0], [1, 0]], ""betti_nerve"": [[1, 0], [1, 0]], ""boundary_restriction"": ""both"", ""forced_removals"": 0, ""growth_representation_fallbacks"": 10, ""invariant_held"": true, ""n_segments"": 30, ""n_train_fit"": 4995, ""n_val"": 1665, ""phase0"": [{""constant_lens"": false, ""gain"": 0.25, ""lens"": ""pc1"", ""lens_scaling"": ""standardize"", ""min_cluster_size"": 24, ""min_samples"": 5, ""n_class"": 2500, ""n_edges"": 7, ""n_intervals"": 8, ""n_vertices"": 8, ""noise_reassigned"": 2853, ""placement"": ""quantile"", ""slabs"": [{""k"": 1, ""n"": 352}, {""k"": 1, ""n"": 390}, {""k"": 1, ""n"": 391}, {""k"": 1, ""n"": 390}, {""k"": 1, ""n"": 390}, {""k"": 1, ""n"": 391}, {""k"": 1, ""n"": 390}, {""k"": 1, ""n"": 352}]}, {""constant_lens"": false, ""gain"": 0.25, ""lens"": ""pc1"", ""lens_scaling"": ""standardize"", ""min_cluster_size"": 24, ""min_samples"": 5, ""n_class"": 2495, ""n_edges"": 7, ""n_intervals"": 8, ""n_vertices"": 8, ""noise_reassigned"": 2831, ""placement"": ""quantile"", ""slabs"": [{""k"": 1, ""n"": 351}, {""k"": 1, ""n"": 390}, {""k"": 1, ""n"": 390}, {""k"": 1, ""n"": 389}, {""k"": 1, ""n"": 389}, {""k"": 1, ""n"": 390}, {""k"": 1, ""n"": 390}, {""k"": 1, ""n"": 351}]}], ""soundness_bound_holds"": true, ""step_rule"": ""scale_free"", ""topology_retention_nerve_to_frozen"": {""beta0_frozen"": 3, ""beta0_nerve"": 2, ""beta1_frozen"": 0, ""beta1_nerve"": 0}}",True
0.977027027027027,33,False,0.004954954954954955,0.005,,5.635958999977447,5.635958999977447,0.0,twonorm,5,,SPINE+Graph,10,33,740,6660,0.9950450450450451,320404109,False,"{""admission"": {""criterion"": ""risk"", ""removed_risk"": 1, ""removed_support"": 0}, ""betti_final"": [[2, 0], [1, 0]], ""betti_frozen"": [[2, 0], [1, 0]], ""betti_nerve"": [[1, 0], [1, 0]], ""boundary_restriction"": ""both"", ""forced_removals"": 0, ""growth_representation_fallbacks"": 10, ""invariant_held"": true, ""n_segments"": 30, ""n_train_fit"": 4995, ""n_val"": 1665, ""phase0"": [{""constant_lens"": false, ""gain"": 0.25, ""lens"": ""pc1"", ""lens_scaling"": ""standardize"", ""min_cluster_size"": 24, ""min_samples"": 5, ""n_class"": 2500, ""n_edges"": 7, ""n_intervals"": 8, ""n_vertices"": 8, ""noise_reassigned"": 2853, ""placement"": ""quantile"", ""slabs"": [{""k"": 1, ""n"": 352}, {""k"": 1, ""n"": 390}, {""k"": 1, ""n"": 391}, {""k"": 1, ""n"": 390}, {""k"": 1, ""n"": 390}, {""k"": 1, ""n"": 391}, {""k"": 1, ""n"": 390}, {""k"": 1, ""n"": 352}]}, {""constant_lens"": false, ""gain"": 0.25, ""lens"": ""pc1"", ""lens_scaling"": ""standardize"", ""min_cluster_size"": 24, ""min_samples"": 5, ""n_class"": 2495, ""n_edges"": 7, ""n_intervals"": 8, ""n_vertices"": 8, ""noise_reassigned"": 2831, ""placement"": ""quantile"", ""slabs"": [{""k"": 1, ""n"": 351}, {""k"": 1, ""n"": 390}, {""k"": 1, ""n"": 390}, {""k"": 1, ""n"": 389}, {""k"": 1, ""n"": 389}, {""k"": 1, ""n"": 390}, {""k"": 1, ""n"": 390}, {""k"": 1, ""n"": 351}]}], ""soundness_bound_holds"": true, ""step_rule"": ""scale_free"", ""topology_retention_nerve_to_frozen"": {""beta0_frozen"": 3, ""beta0_nerve"": 2, ""beta1_frozen"": 0, ""beta1_nerve"": 0}}",True
0.972972972972973,33,False,0.004954954954954955,0.005,,2.631160999997519,49.38007199997082,46.748910999973305,twonorm,5,"{""epsilon"": 0.3, ""window"": 0.3}",LVQ3,10,33,740,6660,0.9950450450450451,320404109,False,,True
0.9675675675675676,33,False,0.004954954954954955,0.005,"{""0"": 17, ""1"": 16}",2.3363500000559725,2.3363500000559725,0.0,twonorm,5,,KMeans,10,33,740,6660,0.9950450450450451,320404109,False,,True
0.8702702702702703,33,False,0.004954954954954955,0.005,"{""0"": 17, ""1"": 16}",0.0010449999826960266,0.0010449999826960266,0.0,twonorm,5,,Random,10,33,740,6660,0.9950450450450451,320404109,False,,True
0.9013513513513514,33,False,0.004954954954954955,0.005,,1.7847459999611601,1.7847459999611601,0.0,twonorm,5,,SPOT,10,33,740,6660,0.9950450450450451,320404109,False,,True
0.977027027027027,33,False,0.004954954954954955,0.005,,8.150154999981169,8.150154999981169,0.0,twonorm,5,,GLVQ,10,33,740,6660,0.9950450450450451,320404109,False,,True
0.9702702702702702,33,False,0.004954954954954955,0.005,,1.5489309999975376,1.5489309999975376,0.0,twonorm,5,,GNG,10,33,740,6660,0.9950450450450451,320404109,False,,True
0.9486486486486486,67,False,0.01006006006006006,0.01,,0.000994000001810491,0.000994000001810491,0.0,twonorm,5,,Full,10,6660,740,6660,0.0,320404109,True,,False
0.9283783783783783,67,False,0.01006006006006006,0.01,,1.805051999981515,1.805051999981515,0.0,twonorm,5,,RSP3,10,1064,740,6660,0.8402402402402402,320404109,True,,False
0.8905405405405405,67,False,0.01006006006006006,0.01,,1.332014000043273,1.332014000043273,0.0,twonorm,5,,RHC,10,215,740,6660,0.9677177177177178,320404109,True,,False
0.977027027027027,67,False,0.01006006006006006,0.01,,5.821788000001106,5.821788000001106,0.0,twonorm,5,,SPINE+1NN,10,67,740,6660,0.9899399399399399,320404109,False,"{""admission"": {""criterion"": ""risk"", ""removed_risk"": 1, ""removed_support"": 0}, ""betti_final"": [[2, 0], [1, 0]], ""betti_frozen"": [[2, 0], [1, 0]], ""betti_nerve"": [[1, 0], [1, 0]], ""boundary_restriction"": ""both"", ""forced_removals"": 0, ""growth_representation_fallbacks"": 30, ""invariant_held"": true, ""n_segments"": 64, ""n_train_fit"": 4995, ""n_val"": 1665, ""phase0"": [{""constant_lens"": false, ""gain"": 0.25, ""lens"": ""pc1"", ""lens_scaling"": ""standardize"", ""min_cluster_size"": 24, ""min_samples"": 5, ""n_class"": 2500, ""n_edges"": 7, ""n_intervals"": 8, ""n_vertices"": 8, ""noise_reassigned"": 2853, ""placement"": ""quantile"", ""slabs"": [{""k"": 1, ""n"": 352}, {""k"": 1, ""n"": 390}, {""k"": 1, ""n"": 391}, {""k"": 1, ""n"": 390}, {""k"": 1, ""n"": 390}, {""k"": 1, ""n"": 391}, {""k"": 1, ""n"": 390}, {""k"": 1, ""n"": 352}]}, {""constant_lens"": false, ""gain"": 0.25, ""lens"": ""pc1"", ""lens_scaling"": ""standardize"", ""min_cluster_size"": 24, ""min_samples"": 5, ""n_class"": 2495, ""n_edges"": 7, ""n_intervals"": 8, ""n_vertices"": 8, ""noise_reassigned"": 2831, ""placement"": ""quantile"", ""slabs"": [{""k"": 1, ""n"": 351}, {""k"": 1, ""n"": 390}, {""k"": 1, ""n"": 390}, {""k"": 1, ""n"": 389}, {""k"": 1, ""n"": 389}, {""k"": 1, ""n"": 390}, {""k"": 1, ""n"": 390}, {""k"": 1, ""n"": 351}]}], ""soundness_bound_holds"": true, ""step_rule"": ""scale_free"", ""topology_retention_nerve_to_frozen"": {""beta0_frozen"": 3, ""beta0_nerve"": 2, ""beta1_frozen"": 0, ""beta1_nerve"": 0}}",True
0.9783783783783784,67,False,0.01006006006006006,0.01,,5.821788000001106,5.821788000001106,0.0,twonorm,5,,SPINE+Graph,10,67,740,6660,0.9899399399399399,320404109,False,"{""admission"": {""criterion"": ""risk"", ""removed_risk"": 1, ""removed_support"": 0}, ""betti_final"": [[2, 0], [1, 0]], ""betti_frozen"": [[2, 0], [1, 0]], ""betti_nerve"": [[1, 0], [1, 0]], ""boundary_restriction"": ""both"", ""forced_removals"": 0, ""growth_representation_fallbacks"": 30, ""invariant_held"": true, ""n_segments"": 64, ""n_train_fit"": 4995, ""n_val"": 1665, ""phase0"": [{""constant_lens"": false, ""gain"": 0.25, ""lens"": ""pc1"", ""lens_scaling"": ""standardize"", ""min_cluster_size"": 24, ""min_samples"": 5, ""n_class"": 2500, ""n_edges"": 7, ""n_intervals"": 8, ""n_vertices"": 8, ""noise_reassigned"": 2853, ""placement"": ""quantile"", ""slabs"": [{""k"": 1, ""n"": 352}, {""k"": 1, ""n"": 390}, {""k"": 1, ""n"": 391}, {""k"": 1, ""n"": 390}, {""k"": 1, ""n"": 390}, {""k"": 1, ""n"": 391}, {""k"": 1, ""n"": 390}, {""k"": 1, ""n"": 352}]}, {""constant_lens"": false, ""gain"": 0.25, ""lens"": ""pc1"", ""lens_scaling"": ""standardize"", ""min_cluster_size"": 24, ""min_samples"": 5, ""n_class"": 2495, ""n_edges"": 7, ""n_intervals"": 8, ""n_vertices"": 8, ""noise_reassigned"": 2831, ""placement"": ""quantile"", ""slabs"": [{""k"": 1, ""n"": 351}, {""k"": 1, ""n"": 390}, {""k"": 1, ""n"": 390}, {""k"": 1, ""n"": 389}, {""k"": 1, ""n"": 389}, {""k"": 1, ""n"": 390}, {""k"": 1, ""n"": 390}, {""k"": 1, ""n"": 351}]}], ""soundness_bound_holds"": true, ""step_rule"": ""scale_free"", ""topology_retention_nerve_to_frozen"": {""beta0_frozen"": 3, ""beta0_nerve"": 2, ""beta1_frozen"": 0, ""beta1_nerve"": 0}}",True
0.9702702702702702,67,False,0.01006006006006006,0.01,,2.585562000051141,53.84913000004599,51.26356799999485,twonorm,5,"{""epsilon"": 0.3, ""window"": 0.2}",LVQ3,10,67,740,6660,0.9899399399399399,320404109,False,,True
0.9716216216216216,67,False,0.01006006006006006,0.01,"{""0"": 34, ""1"": 33}",4.3646459999727085,4.3646459999727085,0.0,twonorm,5,,KMeans,10,67,740,6660,0.9899399399399399,320404109,False,,True
0.8891891891891892,67,False,0.01006006006006006,0.01,"{""0"": 34, ""1"": 33}",0.0011270000250078738,0.0011270000250078738,0.0,twonorm,5,,Random,10,67,740,6660,0.9899399399399399,320404109,False,,True
0.9243243243243243,67,False,0.01006006006006006,0.01,,1.8731120000011288,1.8731120000011288,0.0,twonorm,5,,SPOT,10,67,740,6660,0.9899399399399399,320404109,False,,True
0.981081081081081,67,False,0.01006006006006006,0.01,,12.902020999987144,12.902020999987144,0.0,twonorm,5,,GLVQ,10,67,740,6660,0.9899399399399399,320404109,False,,True
0.9743243243243244,67,False,0.01006006006006006,0.01,,1.51728800003184,1.51728800003184,0.0,twonorm,5,,GNG,10,67,740,6660,0.9899399399399399,320404109,False,,True
0.9486486486486486,133,False,0.01996996996996997,0.02,,0.000994000001810491,0.000994000001810491,0.0,twonorm,5,,Full,10,6660,740,6660,0.0,320404109,True,,False
0.9283783783783783,133,False,0.01996996996996997,0.02,,1.805051999981515,1.805051999981515,0.0,twonorm,5,,RSP3,10,1064,740,6660,0.8402402402402402,320404109,True,,False
0.8905405405405405,133,False,0.01996996996996997,0.02,,1.332014000043273,1.332014000043273,0.0,twonorm,5,,RHC,10,215,740,6660,0.9677177177177178,320404109,True,,False
0.977027027027027,133,False,0.01996996996996997,0.02,,6.200115000014193,6.200115000014193,0.0,twonorm,5,,SPINE+1NN,10,133,740,6660,0.98003003003003,320404109,False,"{""admission"": {""criterion"": ""risk"", ""removed_risk"": 1, ""removed_support"": 0}, ""betti_final"": [[2, 0], [1, 0]], ""betti_frozen"": [[2, 0], [1, 0]], ""betti_nerve"": [[1, 0], [1, 0]], ""boundary_restriction"": ""both"", ""forced_removals"": 0, ""growth_representation_fallbacks"": 92, ""invariant_held"": true, ""n_segments"": 130, ""n_train_fit"": 4995, ""n_val"": 1665, ""phase0"": [{""constant_lens"": false, ""gain"": 0.25, ""lens"": ""pc1"", ""lens_scaling"": ""standardize"", ""min_cluster_size"": 24, ""min_samples"": 5, ""n_class"": 2500, ""n_edges"": 7, ""n_intervals"": 8, ""n_vertices"": 8, ""noise_reassigned"": 2853, ""placement"": ""quantile"", ""slabs"": [{""k"": 1, ""n"": 352}, {""k"": 1, ""n"": 390}, {""k"": 1, ""n"": 391}, {""k"": 1, ""n"": 390}, {""k"": 1, ""n"": 390}, {""k"": 1, ""n"": 391}, {""k"": 1, ""n"": 390}, {""k"": 1, ""n"": 352}]}, {""constant_lens"": false, ""gain"": 0.25, ""lens"": ""pc1"", ""lens_scaling"": ""standardize"", ""min_cluster_size"": 24, ""min_samples"": 5, ""n_class"": 2495, ""n_edges"": 7, ""n_intervals"": 8, ""n_vertices"": 8, ""noise_reassigned"": 2831, ""placement"": ""quantile"", ""slabs"": [{""k"": 1, ""n"": 351}, {""k"": 1, ""n"": 390}, {""k"": 1, ""n"": 390}, {""k"": 1, ""n"": 389}, {""k"": 1, ""n"": 389}, {""k"": 1, ""n"": 390}, {""k"": 1, ""n"": 390}, {""k"": 1, ""n"": 351}]}], ""soundness_bound_holds"": true, ""step_rule"": ""scale_free"", ""topology_retention_nerve_to_frozen"": {""beta0_frozen"": 3, ""beta0_nerve"": 2, ""beta1_frozen"": 0, ""beta1_nerve"": 0}}",True
0.9756756756756757,133,False,0.01996996996996997,0.02,,6.200115000014193,6.200115000014193,0.0,twonorm,5,,SPINE+Graph,10,133,740,6660,0.98003003003003,320404109,False,"{""admission"": {""criterion"": ""risk"", ""removed_risk"": 1, ""removed_support"": 0}, ""betti_final"": [[2, 0], [1, 0]], ""betti_frozen"": [[2, 0], [1, 0]], ""betti_nerve"": [[1, 0], [1, 0]], ""boundary_restriction"": ""both"", ""forced_removals"": 0, ""growth_representation_fallbacks"": 92, ""invariant_held"": true, ""n_segments"": 130, ""n_train_fit"": 4995, ""n_val"": 1665, ""phase0"": [{""constant_lens"": false, ""gain"": 0.25, ""lens"": ""pc1"", ""lens_scaling"": ""standardize"", ""min_cluster_size"": 24, ""min_samples"": 5, ""n_class"": 2500, ""n_edges"": 7, ""n_intervals"": 8, ""n_vertices"": 8, ""noise_reassigned"": 2853, ""placement"": ""quantile"", ""slabs"": [{""k"": 1, ""n"": 352}, {""k"": 1, ""n"": 390}, {""k"": 1, ""n"": 391}, {""k"": 1, ""n"": 390}, {""k"": 1, ""n"": 390}, {""k"": 1, ""n"": 391}, {""k"": 1, ""n"": 390}, {""k"": 1, ""n"": 352}]}, {""constant_lens"": false, ""gain"": 0.25, ""lens"": ""pc1"", ""lens_scaling"": ""standardize"", ""min_cluster_size"": 24, ""min_samples"": 5, ""n_class"": 2495, ""n_edges"": 7, ""n_intervals"": 8, ""n_vertices"": 8, ""noise_reassigned"": 2831, ""placement"": ""quantile"", ""slabs"": [{""k"": 1, ""n"": 351}, {""k"": 1, ""n"": 390}, {""k"": 1, ""n"": 390}, {""k"": 1, ""n"": 389}, {""k"": 1, ""n"": 389}, {""k"": 1, ""n"": 390}, {""k"": 1, ""n"": 390}, {""k"": 1, ""n"": 351}]}], ""soundness_bound_holds"": true, ""step_rule"": ""scale_free"", ""topology_retention_nerve_to_frozen"": {""beta0_frozen"": 3, ""beta0_nerve"": 2, ""beta1_frozen"": 0, ""beta1_nerve"": 0}}",True
0.9756756756756757,133,False,0.01996996996996997,0.02,,3.3504979999852367,63.559934000018984,60.20943600003375,twonorm,5,"{""epsilon"": 0.3, ""window"": 0.3}",LVQ3,10,133,740,6660,0.98003003003003,320404109,False,,True
0.9581081081081081,133,False,0.01996996996996997,0.02,"{""0"": 67, ""1"": 66}",3.357241999998223,3.357241999998223,0.0,twonorm,5,,KMeans,10,133,740,6660,0.98003003003003,320404109,False,,True
0.9364864864864865,133,False,0.01996996996996997,0.02,"{""0"": 67, ""1"": 66}",0.0010369999799877405,0.0010369999799877405,0.0,twonorm,5,,Random,10,133,740,6660,0.98003003003003,320404109,False,,True
0.9527027027027027,133,False,0.01996996996996997,0.02,,1.8956889999681152,1.8956889999681152,0.0,twonorm,5,,SPOT,10,133,740,6660,0.98003003003003,320404109,False,,True
0.9783783783783784,133,False,0.01996996996996997,0.02,,22.09302500000922,22.09302500000922,0.0,twonorm,5,,GLVQ,10,133,740,6660,0.98003003003003,320404109,False,,True
0.9783783783783784,133,False,0.01996996996996997,0.02,,2.9894530000165105,2.9894530000165105,0.0,twonorm,5,,GNG,10,133,740,6660,0.98003003003003,320404109,False,,True
0.9486486486486486,333,False,0.05,0.05,,0.000994000001810491,0.000994000001810491,0.0,twonorm,5,,Full,10,6660,740,6660,0.0,320404109,True,,False
0.9283783783783783,333,False,0.05,0.05,,1.805051999981515,1.805051999981515,0.0,twonorm,5,,RSP3,10,1064,740,6660,0.8402402402402402,320404109,True,,False
0.8905405405405405,333,False,0.05,0.05,,1.332014000043273,1.332014000043273,0.0,twonorm,5,,RHC,10,215,740,6660,0.9677177177177178,320404109,True,,False
0.9756756756756757,333,False,0.05,0.05,,11.463520999997854,11.463520999997854,0.0,twonorm,5,,SPINE+1NN,10,333,740,6660,0.95,320404109,False,"{""admission"": {""criterion"": ""risk"", ""removed_risk"": 1, ""removed_support"": 0}, ""betti_final"": [[2, 0], [1, 0]], ""betti_frozen"": [[2, 0], [1, 0]], ""betti_nerve"": [[1, 0], [1, 0]], ""boundary_restriction"": ""both"", ""forced_removals"": 0, ""growth_representation_fallbacks"": 291, ""invariant_held"": true, ""n_segments"": 330, ""n_train_fit"": 4995, ""n_val"": 1665, ""phase0"": [{""constant_lens"": false, ""gain"": 0.25, ""lens"": ""pc1"", ""lens_scaling"": ""standardize"", ""min_cluster_size"": 24, ""min_samples"": 5, ""n_class"": 2500, ""n_edges"": 7, ""n_intervals"": 8, ""n_vertices"": 8, ""noise_reassigned"": 2853, ""placement"": ""quantile"", ""slabs"": [{""k"": 1, ""n"": 352}, {""k"": 1, ""n"": 390}, {""k"": 1, ""n"": 391}, {""k"": 1, ""n"": 390}, {""k"": 1, ""n"": 390}, {""k"": 1, ""n"": 391}, {""k"": 1, ""n"": 390}, {""k"": 1, ""n"": 352}]}, {""constant_lens"": false, ""gain"": 0.25, ""lens"": ""pc1"", ""lens_scaling"": ""standardize"", ""min_cluster_size"": 24, ""min_samples"": 5, ""n_class"": 2495, ""n_edges"": 7, ""n_intervals"": 8, ""n_vertices"": 8, ""noise_reassigned"": 2831, ""placement"": ""quantile"", ""slabs"": [{""k"": 1, ""n"": 351}, {""k"": 1, ""n"": 390}, {""k"": 1, ""n"": 390}, {""k"": 1, ""n"": 389}, {""k"": 1, ""n"": 389}, {""k"": 1, ""n"": 390}, {""k"": 1, ""n"": 390}, {""k"": 1, ""n"": 351}]}], ""soundness_bound_holds"": true, ""step_rule"": ""scale_free"", ""topology_retention_nerve_to_frozen"": {""beta0_frozen"": 3, ""beta0_nerve"": 2, ""beta1_frozen"": 0, ""beta1_nerve"": 0}}",True
0.9743243243243244,333,False,0.05,0.05,,11.463520999997854,11.463520999997854,0.0,twonorm,5,,SPINE+Graph,10,333,740,6660,0.95,320404109,False,"{""admission"": {""criterion"": ""risk"", ""removed_risk"": 1, ""removed_support"": 0}, ""betti_final"": [[2, 0], [1, 0]], ""betti_frozen"": [[2, 0], [1, 0]], ""betti_nerve"": [[1, 0], [1, 0]], ""boundary_restriction"": ""both"", ""forced_removals"": 0, ""growth_representation_fallbacks"": 291, ""invariant_held"": true, ""n_segments"": 330, ""n_train_fit"": 4995, ""n_val"": 1665, ""phase0"": [{""constant_lens"": false, ""gain"": 0.25, ""lens"": ""pc1"", ""lens_scaling"": ""standardize"", ""min_cluster_size"": 24, ""min_samples"": 5, ""n_class"": 2500, ""n_edges"": 7, ""n_intervals"": 8, ""n_vertices"": 8, ""noise_reassigned"": 2853, ""placement"": ""quantile"", ""slabs"": [{""k"": 1, ""n"": 352}, {""k"": 1, ""n"": 390}, {""k"": 1, ""n"": 391}, {""k"": 1, ""n"": 390}, {""k"": 1, ""n"": 390}, {""k"": 1, ""n"": 391}, {""k"": 1, ""n"": 390}, {""k"": 1, ""n"": 352}]}, {""constant_lens"": false, ""gain"": 0.25, ""lens"": ""pc1"", ""lens_scaling"": ""standardize"", ""min_cluster_size"": 24, ""min_samples"": 5, ""n_class"": 2495, ""n_edges"": 7, ""n_intervals"": 8, ""n_vertices"": 8, ""noise_reassigned"": 2831, ""placement"": ""quantile"", ""slabs"": [{""k"": 1, ""n"": 351}, {""k"": 1, ""n"": 390}, {""k"": 1, ""n"": 390}, {""k"": 1, ""n"": 389}, {""k"": 1, ""n"": 389}, {""k"": 1, ""n"": 390}, {""k"": 1, ""n"": 390}, {""k"": 1, ""n"": 351}]}], ""soundness_bound_holds"": true, ""step_rule"": ""scale_free"", ""topology_retention_nerve_to_frozen"": {""beta0_frozen"": 3, ""beta0_nerve"": 2, ""beta1_frozen"": 0, ""beta1_nerve"": 0}}",True
0.9662162162162162,333,False,0.05,0.05,,4.887448999972548,86.83982299995841,81.95237399998587,twonorm,5,"{""epsilon"": 0.1, ""window"": 0.3}",LVQ3,10,333,740,6660,0.95,320404109,False,,True
0.9621621621621622,333,False,0.05,0.05,"{""0"": 167, ""1"": 166}",5.817888999998104,5.817888999998104,0.0,twonorm,5,,KMeans,10,333,740,6660,0.95,320404109,False,,True
0.9202702702702703,333,False,0.05,0.05,"{""0"": 167, ""1"": 166}",0.0013420000323094428,0.0013420000323094428,0.0,twonorm,5,,Random,10,333,740,6660,0.95,320404109,False,,True
0.9621621621621622,333,False,0.05,0.05,,2.042546000040602,2.042546000040602,0.0,twonorm,5,,SPOT,10,333,740,6660,0.95,320404109,False,,True
0.972972972972973,333,False,0.05,0.05,,50.145962000009604,50.145962000009604,0.0,twonorm,5,,GLVQ,10,333,740,6660,0.95,320404109,False,,True
0.9756756756756757,333,False,0.05,0.05,,9.348740999994334,9.348740999994334,0.0,twonorm,5,,GNG,10,333,740,6660,0.95,320404109,False,,True
0.9486486486486486,666,False,0.1,0.1,,0.000994000001810491,0.000994000001810491,0.0,twonorm,5,,Full,10,6660,740,6660,0.0,320404109,True,,False
0.9283783783783783,666,False,0.1,0.1,,1.805051999981515,1.805051999981515,0.0,twonorm,5,,RSP3,10,1064,740,6660,0.8402402402402402,320404109,True,,False
0.8905405405405405,666,False,0.1,0.1,,1.332014000043273,1.332014000043273,0.0,twonorm,5,,RHC,10,215,740,6660,0.9677177177177178,320404109,True,,False
0.9743243243243244,666,False,0.1,0.1,,29.807029000017792,29.807029000017792,0.0,twonorm,5,,SPINE+1NN,10,666,740,6660,0.9,320404109,False,"{""admission"": {""criterion"": ""risk"", ""removed_risk"": 1, ""removed_support"": 0}, ""betti_final"": [[2, 0], [1, 0]], ""betti_frozen"": [[2, 0], [1, 0]], ""betti_nerve"": [[1, 0], [1, 0]], ""boundary_restriction"": ""both"", ""forced_removals"": 0, ""growth_representation_fallbacks"": 660, ""invariant_held"": true, ""n_segments"": 663, ""n_train_fit"": 4995, ""n_val"": 1665, ""phase0"": [{""constant_lens"": false, ""gain"": 0.25, ""lens"": ""pc1"", ""lens_scaling"": ""standardize"", ""min_cluster_size"": 24, ""min_samples"": 5, ""n_class"": 2500, ""n_edges"": 7, ""n_intervals"": 8, ""n_vertices"": 8, ""noise_reassigned"": 2853, ""placement"": ""quantile"", ""slabs"": [{""k"": 1, ""n"": 352}, {""k"": 1, ""n"": 390}, {""k"": 1, ""n"": 391}, {""k"": 1, ""n"": 390}, {""k"": 1, ""n"": 390}, {""k"": 1, ""n"": 391}, {""k"": 1, ""n"": 390}, {""k"": 1, ""n"": 352}]}, {""constant_lens"": false, ""gain"": 0.25, ""lens"": ""pc1"", ""lens_scaling"": ""standardize"", ""min_cluster_size"": 24, ""min_samples"": 5, ""n_class"": 2495, ""n_edges"": 7, ""n_intervals"": 8, ""n_vertices"": 8, ""noise_reassigned"": 2831, ""placement"": ""quantile"", ""slabs"": [{""k"": 1, ""n"": 351}, {""k"": 1, ""n"": 390}, {""k"": 1, ""n"": 390}, {""k"": 1, ""n"": 389}, {""k"": 1, ""n"": 389}, {""k"": 1, ""n"": 390}, {""k"": 1, ""n"": 390}, {""k"": 1, ""n"": 351}]}], ""soundness_bound_holds"": true, ""step_rule"": ""scale_free"", ""topology_retention_nerve_to_frozen"": {""beta0_frozen"": 3, ""beta0_nerve"": 2, ""beta1_frozen"": 0, ""beta1_nerve"": 0}}",True
0.972972972972973,666,False,0.1,0.1,,29.807029000017792,29.807029000017792,0.0,twonorm,5,,SPINE+Graph,10,666,740,6660,0.9,320404109,False,"{""admission"": {""criterion"": ""risk"", ""removed_risk"": 1, ""removed_support"": 0}, ""betti_final"": [[2, 0], [1, 0]], ""betti_frozen"": [[2, 0], [1, 0]], ""betti_nerve"": [[1, 0], [1, 0]], ""boundary_restriction"": ""both"", ""forced_removals"": 0, ""growth_representation_fallbacks"": 660, ""invariant_held"": true, ""n_segments"": 663, ""n_train_fit"": 4995, ""n_val"": 1665, ""phase0"": [{""constant_lens"": false, ""gain"": 0.25, ""lens"": ""pc1"", ""lens_scaling"": ""standardize"", ""min_cluster_size"": 24, ""min_samples"": 5, ""n_class"": 2500, ""n_edges"": 7, ""n_intervals"": 8, ""n_vertices"": 8, ""noise_reassigned"": 2853, ""placement"": ""quantile"", ""slabs"": [{""k"": 1, ""n"": 352}, {""k"": 1, ""n"": 390}, {""k"": 1, ""n"": 391}, {""k"": 1, ""n"": 390}, {""k"": 1, ""n"": 390}, {""k"": 1, ""n"": 391}, {""k"": 1, ""n"": 390}, {""k"": 1, ""n"": 352}]}, {""constant_lens"": false, ""gain"": 0.25, ""lens"": ""pc1"", ""lens_scaling"": ""standardize"", ""min_cluster_size"": 24, ""min_samples"": 5, ""n_class"": 2495, ""n_edges"": 7, ""n_intervals"": 8, ""n_vertices"": 8, ""noise_reassigned"": 2831, ""placement"": ""quantile"", ""slabs"": [{""k"": 1, ""n"": 351}, {""k"": 1, ""n"": 390}, {""k"": 1, ""n"": 390}, {""k"": 1, ""n"": 389}, {""k"": 1, ""n"": 389}, {""k"": 1, ""n"": 390}, {""k"": 1, ""n"": 390}, {""k"": 1, ""n"": 351}]}], ""soundness_bound_holds"": true, ""step_rule"": ""scale_free"", ""topology_retention_nerve_to_frozen"": {""beta0_frozen"": 3, ""beta0_nerve"": 2, ""beta1_frozen"": 0, ""beta1_nerve"": 0}}",True
0.9594594594594594,666,False,0.1,0.1,,6.5837399999727495,124.70106399996439,118.11732399999164,twonorm,5,"{""epsilon"": 0.3, ""window"": 0.2}",LVQ3,10,666,740,6660,0.9,320404109,False,,True
0.9554054054054054,666,False,0.1,0.1,"{""0"": 333, ""1"": 333}",10.960872999974526,10.960872999974526,0.0,twonorm,5,,KMeans,10,666,740,6660,0.9,320404109,False,,True
0.922972972972973,666,False,0.1,0.1,"{""0"": 333, ""1"": 333}",0.001571000029798597,0.001571000029798597,0.0,twonorm,5,,Random,10,666,740,6660,0.9,320404109,False,,True
0.9594594594594594,666,False,0.1,0.1,,2.1046530000166968,2.1046530000166968,0.0,twonorm,5,,SPOT,10,666,740,6660,0.9,320404109,False,,True
0.9743243243243244,666,False,0.1,0.1,,97.22689300001366,97.22689300001366,0.0,twonorm,5,,GLVQ,10,666,740,6660,0.9,320404109,False,,True
0.972972972972973,666,False,0.1,0.1,,30.02139399998123,30.02139399998123,0.0,twonorm,5,,GNG,10,666,740,6660,0.9,320404109,False,,True
0.9486486486486486,1665,False,0.25,0.25,,0.000994000001810491,0.000994000001810491,0.0,twonorm,5,,Full,10,6660,740,6660,0.0,320404109,True,,False
0.9283783783783783,1665,False,0.25,0.25,,1.805051999981515,1.805051999981515,0.0,twonorm,5,,RSP3,10,1064,740,6660,0.8402402402402402,320404109,True,,False
0.8905405405405405,1665,False,0.25,0.25,,1.332014000043273,1.332014000043273,0.0,twonorm,5,,RHC,10,215,740,6660,0.9677177177177178,320404109,True,,False
0.9743243243243244,1665,False,0.25,0.25,,160.1204719999805,160.1204719999805,0.0,twonorm,5,,SPINE+1NN,10,1665,740,6660,0.75,320404109,False,"{""admission"": {""criterion"": ""risk"", ""removed_risk"": 1, ""removed_support"": 0}, ""betti_final"": [[2, 0], [1, 0]], ""betti_frozen"": [[2, 0], [1, 0]], ""betti_nerve"": [[1, 0], [1, 0]], ""boundary_restriction"": ""both"", ""forced_removals"": 0, ""growth_representation_fallbacks"": 1842, ""invariant_held"": true, ""n_segments"": 1662, ""n_train_fit"": 4995, ""n_val"": 1665, ""phase0"": [{""constant_lens"": false, ""gain"": 0.25, ""lens"": ""pc1"", ""lens_scaling"": ""standardize"", ""min_cluster_size"": 24, ""min_samples"": 5, ""n_class"": 2500, ""n_edges"": 7, ""n_intervals"": 8, ""n_vertices"": 8, ""noise_reassigned"": 2853, ""placement"": ""quantile"", ""slabs"": [{""k"": 1, ""n"": 352}, {""k"": 1, ""n"": 390}, {""k"": 1, ""n"": 391}, {""k"": 1, ""n"": 390}, {""k"": 1, ""n"": 390}, {""k"": 1, ""n"": 391}, {""k"": 1, ""n"": 390}, {""k"": 1, ""n"": 352}]}, {""constant_lens"": false, ""gain"": 0.25, ""lens"": ""pc1"", ""lens_scaling"": ""standardize"", ""min_cluster_size"": 24, ""min_samples"": 5, ""n_class"": 2495, ""n_edges"": 7, ""n_intervals"": 8, ""n_vertices"": 8, ""noise_reassigned"": 2831, ""placement"": ""quantile"", ""slabs"": [{""k"": 1, ""n"": 351}, {""k"": 1, ""n"": 390}, {""k"": 1, ""n"": 390}, {""k"": 1, ""n"": 389}, {""k"": 1, ""n"": 389}, {""k"": 1, ""n"": 390}, {""k"": 1, ""n"": 390}, {""k"": 1, ""n"": 351}]}], ""soundness_bound_holds"": true, ""step_rule"": ""scale_free"", ""topology_retention_nerve_to_frozen"": {""beta0_frozen"": 3, ""beta0_nerve"": 2, ""beta1_frozen"": 0, ""beta1_nerve"": 0}}",True
0.9743243243243244,1665,False,0.25,0.25,,160.1204719999805,160.1204719999805,0.0,twonorm,5,,SPINE+Graph,10,1665,740,6660,0.75,320404109,False,"{""admission"": {""criterion"": ""risk"", ""removed_risk"": 1, ""removed_support"": 0}, ""betti_final"": [[2, 0], [1, 0]], ""betti_frozen"": [[2, 0], [1, 0]], ""betti_nerve"": [[1, 0], [1, 0]], ""boundary_restriction"": ""both"", ""forced_removals"": 0, ""growth_representation_fallbacks"": 1842, ""invariant_held"": true, ""n_segments"": 1662, ""n_train_fit"": 4995, ""n_val"": 1665, ""phase0"": [{""constant_lens"": false, ""gain"": 0.25, ""lens"": ""pc1"", ""lens_scaling"": ""standardize"", ""min_cluster_size"": 24, ""min_samples"": 5, ""n_class"": 2500, ""n_edges"": 7, ""n_intervals"": 8, ""n_vertices"": 8, ""noise_reassigned"": 2853, ""placement"": ""quantile"", ""slabs"": [{""k"": 1, ""n"": 352}, {""k"": 1, ""n"": 390}, {""k"": 1, ""n"": 391}, {""k"": 1, ""n"": 390}, {""k"": 1, ""n"": 390}, {""k"": 1, ""n"": 391}, {""k"": 1, ""n"": 390}, {""k"": 1, ""n"": 352}]}, {""constant_lens"": false, ""gain"": 0.25, ""lens"": ""pc1"", ""lens_scaling"": ""standardize"", ""min_cluster_size"": 24, ""min_samples"": 5, ""n_class"": 2495, ""n_edges"": 7, ""n_intervals"": 8, ""n_vertices"": 8, ""noise_reassigned"": 2831, ""placement"": ""quantile"", ""slabs"": [{""k"": 1, ""n"": 351}, {""k"": 1, ""n"": 390}, {""k"": 1, ""n"": 390}, {""k"": 1, ""n"": 389}, {""k"": 1, ""n"": 389}, {""k"": 1, ""n"": 390}, {""k"": 1, ""n"": 390}, {""k"": 1, ""n"": 351}]}], ""soundness_bound_holds"": true, ""step_rule"": ""scale_free"", ""topology_retention_nerve_to_frozen"": {""beta0_frozen"": 3, ""beta0_nerve"": 2, ""beta1_frozen"": 0, ""beta1_nerve"": 0}}",True
0.9702702702702702,1665,False,0.25,0.25,,14.97825800004648,260.0398460000288,245.0615879999823,twonorm,5,"{""epsilon"": 0.3, ""window"": 0.3}",LVQ3,10,1665,740,6660,0.75,320404109,False,,True
0.9662162162162162,1665,False,0.25,0.25,"{""0"": 833, ""1"": 832}",23.903906999970786,23.903906999970786,0.0,twonorm,5,,KMeans,10,1665,740,6660,0.75,320404109,False,,True
0.95,1665,False,0.25,0.25,"{""0"": 833, ""1"": 832}",0.0020120000117458403,0.0020120000117458403,0.0,twonorm,5,,Random,10,1665,740,6660,0.75,320404109,False,,True
0.9581081081081081,1665,False,0.25,0.25,,2.2186150000197813,2.2186150000197813,0.0,twonorm,5,,SPOT,10,1665,740,6660,0.75,320404109,False,,True
0.9783783783783784,1665,False,0.25,0.25,,237.14806500001578,237.14806500001578,0.0,twonorm,5,,GLVQ,10,1665,740,6660,0.75,320404109,False,,True
0.9540540540540541,1665,False,0.25,0.25,,159.99485700001242,159.99485700001242,0.0,twonorm,5,,GNG,10,1665,740,6660,0.75,320404109,False,,True
0.95,33,False,0.004954954954954955,0.005,,0.0009439999703317881,0.0009439999703317881,0.0,twonorm,6,,Full,10,6660,740,6660,0.0,321404112,False,,False
0.9337837837837838,33,False,0.004954954954954955,0.005,,1.811212999979034,1.811212999979034,0.0,twonorm,6,,RSP3,10,1047,740,6660,0.8427927927927927,321404112,False,,False
0.8959459459459459,33,False,0.004954954954954955,0.005,,1.3858219999819994,1.3858219999819994,0.0,twonorm,6,,RHC,10,235,740,6660,0.9647147147147147,321404112,False,,False
0.9918918918918919,33,False,0.004954954954954955,0.005,,5.615491000004113,5.615491000004113,0.0,twonorm,6,,SPINE+1NN,10,33,740,6660,0.9950450450450451,321404112,False,"{""admission"": {""criterion"": ""risk"", ""removed_risk"": 2, ""removed_support"": 0}, ""betti_final"": [[1, 0], [3, 0]], ""betti_frozen"": [[1, 0], [3, 0]], ""betti_nerve"": [[1, 0], [1, 0]], ""boundary_restriction"": ""both"", ""forced_removals"": 0, ""growth_representation_fallbacks"": 10, ""invariant_held"": true, ""n_segments"": 29, ""n_train_fit"": 4995, ""n_val"": 1665, ""phase0"": [{""constant_lens"": false, ""gain"": 0.25, ""lens"": ""pc1"", ""lens_scaling"": ""standardize"", ""min_cluster_size"": 24, ""min_samples"": 5, ""n_class"": 2500, ""n_edges"": 7, ""n_intervals"": 8, ""n_vertices"": 8, ""noise_reassigned"": 2853, ""placement"": ""quantile"", ""slabs"": [{""k"": 1, ""n"": 352}, {""k"": 1, ""n"": 390}, {""k"": 1, ""n"": 391}, {""k"": 1, ""n"": 390}, {""k"": 1, ""n"": 390}, {""k"": 1, ""n"": 391}, {""k"": 1, ""n"": 390}, {""k"": 1, ""n"": 352}]}, {""constant_lens"": false, ""gain"": 0.25, ""lens"": ""pc1"", ""lens_scaling"": ""standardize"", ""min_cluster_size"": 24, ""min_samples"": 5, ""n_class"": 2495, ""n_edges"": 7, ""n_intervals"": 8, ""n_vertices"": 8, ""noise_reassigned"": 2846, ""placement"": ""quantile"", ""slabs"": [{""k"": 1, ""n"": 351}, {""k"": 1, ""n"": 390}, {""k"": 1, ""n"": 390}, {""k"": 1, ""n"": 389}, {""k"": 1, ""n"": 389}, {""k"": 1, ""n"": 390}, {""k"": 1, ""n"": 390}, {""k"": 1, ""n"": 351}]}], ""soundness_bound_holds"": true, ""step_rule"": ""scale_free"", ""topology_retention_nerve_to_frozen"": {""beta0_frozen"": 4, ""beta0_nerve"": 2, ""beta1_frozen"": 0, ""beta1_nerve"": 0}}",True
0.9918918918918919,33,False,0.004954954954954955,0.005,,5.615491000004113,5.615491000004113,0.0,twonorm,6,,SPINE+Graph,10,33,740,6660,0.9950450450450451,321404112,False,"{""admission"": {""criterion"": ""risk"", ""removed_risk"": 2, ""removed_support"": 0}, ""betti_final"": [[1, 0], [3, 0]], ""betti_frozen"": [[1, 0], [3, 0]], ""betti_nerve"": [[1, 0], [1, 0]], ""boundary_restriction"": ""both"", ""forced_removals"": 0, ""growth_representation_fallbacks"": 10, ""invariant_held"": true, ""n_segments"": 29, ""n_train_fit"": 4995, ""n_val"": 1665, ""phase0"": [{""constant_lens"": false, ""gain"": 0.25, ""lens"": ""pc1"", ""lens_scaling"": ""standardize"", ""min_cluster_size"": 24, ""min_samples"": 5, ""n_class"": 2500, ""n_edges"": 7, ""n_intervals"": 8, ""n_vertices"": 8, ""noise_reassigned"": 2853, ""placement"": ""quantile"", ""slabs"": [{""k"": 1, ""n"": 352}, {""k"": 1, ""n"": 390}, {""k"": 1, ""n"": 391}, {""k"": 1, ""n"": 390}, {""k"": 1, ""n"": 390}, {""k"": 1, ""n"": 391}, {""k"": 1, ""n"": 390}, {""k"": 1, ""n"": 352}]}, {""constant_lens"": false, ""gain"": 0.25, ""lens"": ""pc1"", ""lens_scaling"": ""standardize"", ""min_cluster_size"": 24, ""min_samples"": 5, ""n_class"": 2495, ""n_edges"": 7, ""n_intervals"": 8, ""n_vertices"": 8, ""noise_reassigned"": 2846, ""placement"": ""quantile"", ""slabs"": [{""k"": 1, ""n"": 351}, {""k"": 1, ""n"": 390}, {""k"": 1, ""n"": 390}, {""k"": 1, ""n"": 389}, {""k"": 1, ""n"": 389}, {""k"": 1, ""n"": 390}, {""k"": 1, ""n"": 390}, {""k"": 1, ""n"": 351}]}], ""soundness_bound_holds"": true, ""step_rule"": ""scale_free"", ""topology_retention_nerve_to_frozen"": {""beta0_frozen"": 4, ""beta0_nerve"": 2, ""beta1_frozen"": 0, ""beta1_nerve"": 0}}",True
0.9837837837837838,33,False,0.004954954954954955,0.005,,2.6232920000329614,49.850619000033475,47.227327000000514,twonorm,6,"{""epsilon"": 0.3, ""window"": 0.2}",LVQ3,10,33,740,6660,0.9950450450450451,321404112,False,,True
0.9878378378378379,33,False,0.004954954954954955,0.005,"{""0"": 17, ""1"": 16}",2.3263780000270344,2.3263780000270344,0.0,twonorm,6,,KMeans,10,33,740,6660,0.9950450450450451,321404112,False,,True
0.922972972972973,33,False,0.004954954954954955,0.005,"{""0"": 17, ""1"": 16}",0.0010299999848939478,0.0010299999848939478,0.0,twonorm,6,,Random,10,33,740,6660,0.9950450450450451,321404112,False,,True
0.9594594594594594,33,False,0.004954954954954955,0.005,,1.7883839999558404,1.7883839999558404,0.0,twonorm,6,,SPOT,10,33,740,6660,0.9950450450450451,321404112,False,,True
0.9891891891891892,33,False,0.004954954954954955,0.005,,8.141433999990113,8.141433999990113,0.0,twonorm,6,,GLVQ,10,33,740,6660,0.9950450450450451,321404112,False,,True
0.9878378378378379,33,False,0.004954954954954955,0.005,,1.5567959999898449,1.5567959999898449,0.0,twonorm,6,,GNG,10,33,740,6660,0.9950450450450451,321404112,False,,True
0.95,67,False,0.01006006006006006,0.01,,0.0009439999703317881,0.0009439999703317881,0.0,twonorm,6,,Full,10,6660,740,6660,0.0,321404112,True,,False
0.9337837837837838,67,False,0.01006006006006006,0.01,,1.811212999979034,1.811212999979034,0.0,twonorm,6,,RSP3,10,1047,740,6660,0.8427927927927927,321404112,True,,False
0.8959459459459459,67,False,0.01006006006006006,0.01,,1.3858219999819994,1.3858219999819994,0.0,twonorm,6,,RHC,10,235,740,6660,0.9647147147147147,321404112,True,,False
0.9918918918918919,67,False,0.01006006006006006,0.01,,5.883079000050202,5.883079000050202,0.0,twonorm,6,,SPINE+1NN,10,67,740,6660,0.9899399399399399,321404112,False,"{""admission"": {""criterion"": ""risk"", ""removed_risk"": 2, ""removed_support"": 0}, ""betti_final"": [[1, 0], [3, 0]], ""betti_frozen"": [[1, 0], [3, 0]], ""betti_nerve"": [[1, 0], [1, 0]], ""boundary_restriction"": ""both"", ""forced_removals"": 0, ""growth_representation_fallbacks"": 30, ""invariant_held"": true, ""n_segments"": 63, ""n_train_fit"": 4995, ""n_val"": 1665, ""phase0"": [{""constant_lens"": false, ""gain"": 0.25, ""lens"": ""pc1"", ""lens_scaling"": ""standardize"", ""min_cluster_size"": 24, ""min_samples"": 5, ""n_class"": 2500, ""n_edges"": 7, ""n_intervals"": 8, ""n_vertices"": 8, ""noise_reassigned"": 2853, ""placement"": ""quantile"", ""slabs"": [{""k"": 1, ""n"": 352}, {""k"": 1, ""n"": 390}, {""k"": 1, ""n"": 391}, {""k"": 1, ""n"": 390}, {""k"": 1, ""n"": 390}, {""k"": 1, ""n"": 391}, {""k"": 1, ""n"": 390}, {""k"": 1, ""n"": 352}]}, {""constant_lens"": false, ""gain"": 0.25, ""lens"": ""pc1"", ""lens_scaling"": ""standardize"", ""min_cluster_size"": 24, ""min_samples"": 5, ""n_class"": 2495, ""n_edges"": 7, ""n_intervals"": 8, ""n_vertices"": 8, ""noise_reassigned"": 2846, ""placement"": ""quantile"", ""slabs"": [{""k"": 1, ""n"": 351}, {""k"": 1, ""n"": 390}, {""k"": 1, ""n"": 390}, {""k"": 1, ""n"": 389}, {""k"": 1, ""n"": 389}, {""k"": 1, ""n"": 390}, {""k"": 1, ""n"": 390}, {""k"": 1, ""n"": 351}]}], ""soundness_bound_holds"": true, ""step_rule"": ""scale_free"", ""topology_retention_nerve_to_frozen"": {""beta0_frozen"": 4, ""beta0_nerve"": 2, ""beta1_frozen"": 0, ""beta1_nerve"": 0}}",True
0.9918918918918919,67,False,0.01006006006006006,0.01,,5.883079000050202,5.883079000050202,0.0,twonorm,6,,SPINE+Graph,10,67,740,6660,0.9899399399399399,321404112,False,"{""admission"": {""criterion"": ""risk"", ""removed_risk"": 2, ""removed_support"": 0}, ""betti_final"": [[1, 0], [3, 0]], ""betti_frozen"": [[1, 0], [3, 0]], ""betti_nerve"": [[1, 0], [1, 0]], ""boundary_restriction"": ""both"", ""forced_removals"": 0, ""growth_representation_fallbacks"": 30, ""invariant_held"": true, ""n_segments"": 63, ""n_train_fit"": 4995, ""n_val"": 1665, ""phase0"": [{""constant_lens"": false, ""gain"": 0.25, ""lens"": ""pc1"", ""lens_scaling"": ""standardize"", ""min_cluster_size"": 24, ""min_samples"": 5, ""n_class"": 2500, ""n_edges"": 7, ""n_intervals"": 8, ""n_vertices"": 8, ""noise_reassigned"": 2853, ""placement"": ""quantile"", ""slabs"": [{""k"": 1, ""n"": 352}, {""k"": 1, ""n"": 390}, {""k"": 1, ""n"": 391}, {""k"": 1, ""n"": 390}, {""k"": 1, ""n"": 390}, {""k"": 1, ""n"": 391}, {""k"": 1, ""n"": 390}, {""k"": 1, ""n"": 352}]}, {""constant_lens"": false, ""gain"": 0.25, ""lens"": ""pc1"", ""lens_scaling"": ""standardize"", ""min_cluster_size"": 24, ""min_samples"": 5, ""n_class"": 2495, ""n_edges"": 7, ""n_intervals"": 8, ""n_vertices"": 8, ""noise_reassigned"": 2846, ""placement"": ""quantile"", ""slabs"": [{""k"": 1, ""n"": 351}, {""k"": 1, ""n"": 390}, {""k"": 1, ""n"": 390}, {""k"": 1, ""n"": 389}, {""k"": 1, ""n"": 389}, {""k"": 1, ""n"": 390}, {""k"": 1, ""n"": 390}, {""k"": 1, ""n"": 351}]}], ""soundness_bound_holds"": true, ""step_rule"": ""scale_free"", ""topology_retention_nerve_to_frozen"": {""beta0_frozen"": 4, ""beta0_nerve"": 2, ""beta1_frozen"": 0, ""beta1_nerve"": 0}}",True
0.9824324324324324,67,False,0.01006006006006006,0.01,,2.443476999993436,53.459880999987945,51.01640399999451,twonorm,6,"{""epsilon"": 0.3, ""window"": 0.3}",LVQ3,10,67,740,6660,0.9899399399399399,321404112,False,,True
0.9878378378378379,67,False,0.01006006006006006,0.01,"{""0"": 34, ""1"": 33}",2.4659699999610893,2.4659699999610893,0.0,twonorm,6,,KMeans,10,67,740,6660,0.9899399399399399,321404112,False,,True
0.9445945945945946,67,False,0.01006006006006006,0.01,"{""0"": 34, ""1"": 33}",0.0011480000102892518,0.0011480000102892518,0.0,twonorm,6,,Random,10,67,740,6660,0.9899399399399399,321404112,False,,True
0.9378378378378378,67,False,0.01006006006006006,0.01,,1.498007999965921,1.498007999965921,0.0,twonorm,6,,SPOT,10,67,740,6660,0.9899399399399399,321404112,False,,True
0.9905405405405405,67,False,0.01006006006006006,0.01,,12.197589000046719,12.197589000046719,0.0,twonorm,6,,GLVQ,10,67,740,6660,0.9899399399399399,321404112,False,,True
0.9891891891891892,67,False,0.01006006006006006,0.01,,1.9199939999962226,1.9199939999962226,0.0,twonorm,6,,GNG,10,67,740,6660,0.9899399399399399,321404112,False,,True
0.95,133,False,0.01996996996996997,0.02,,0.0009439999703317881,0.0009439999703317881,0.0,twonorm,6,,Full,10,6660,740,6660,0.0,321404112,True,,False
0.9337837837837838,133,False,0.01996996996996997,0.02,,1.811212999979034,1.811212999979034,0.0,twonorm,6,,RSP3,10,1047,740,6660,0.8427927927927927,321404112,True,,False
0.8959459459459459,133,False,0.01996996996996997,0.02,,1.3858219999819994,1.3858219999819994,0.0,twonorm,6,,RHC,10,235,740,6660,0.9647147147147147,321404112,True,,False
0.9905405405405405,133,False,0.01996996996996997,0.02,,6.520566000021063,6.520566000021063,0.0,twonorm,6,,SPINE+1NN,10,133,740,6660,0.98003003003003,321404112,False,"{""admission"": {""criterion"": ""risk"", ""removed_risk"": 2, ""removed_support"": 0}, ""betti_final"": [[1, 0], [3, 0]], ""betti_frozen"": [[1, 0], [3, 0]], ""betti_nerve"": [[1, 0], [1, 0]], ""boundary_restriction"": ""both"", ""forced_removals"": 0, ""growth_representation_fallbacks"": 83, ""invariant_held"": true, ""n_segments"": 129, ""n_train_fit"": 4995, ""n_val"": 1665, ""phase0"": [{""constant_lens"": false, ""gain"": 0.25, ""lens"": ""pc1"", ""lens_scaling"": ""standardize"", ""min_cluster_size"": 24, ""min_samples"": 5, ""n_class"": 2500, ""n_edges"": 7, ""n_intervals"": 8, ""n_vertices"": 8, ""noise_reassigned"": 2853, ""placement"": ""quantile"", ""slabs"": [{""k"": 1, ""n"": 352}, {""k"": 1, ""n"": 390}, {""k"": 1, ""n"": 391}, {""k"": 1, ""n"": 390}, {""k"": 1, ""n"": 390}, {""k"": 1, ""n"": 391}, {""k"": 1, ""n"": 390}, {""k"": 1, ""n"": 352}]}, {""constant_lens"": false, ""gain"": 0.25, ""lens"": ""pc1"", ""lens_scaling"": ""standardize"", ""min_cluster_size"": 24, ""min_samples"": 5, ""n_class"": 2495, ""n_edges"": 7, ""n_intervals"": 8, ""n_vertices"": 8, ""noise_reassigned"": 2846, ""placement"": ""quantile"", ""slabs"": [{""k"": 1, ""n"": 351}, {""k"": 1, ""n"": 390}, {""k"": 1, ""n"": 390}, {""k"": 1, ""n"": 389}, {""k"": 1, ""n"": 389}, {""k"": 1, ""n"": 390}, {""k"": 1, ""n"": 390}, {""k"": 1, ""n"": 351}]}], ""soundness_bound_holds"": true, ""step_rule"": ""scale_free"", ""topology_retention_nerve_to_frozen"": {""beta0_frozen"": 4, ""beta0_nerve"": 2, ""beta1_frozen"": 0, ""beta1_nerve"": 0}}",True
0.9918918918918919,133,False,0.01996996996996997,0.02,,6.520566000021063,6.520566000021063,0.0,twonorm,6,,SPINE+Graph,10,133,740,6660,0.98003003003003,321404112,False,"{""admission"": {""criterion"": ""risk"", ""removed_risk"": 2, ""removed_support"": 0}, ""betti_final"": [[1, 0], [3, 0]], ""betti_frozen"": [[1, 0], [3, 0]], ""betti_nerve"": [[1, 0], [1, 0]], ""boundary_restriction"": ""both"", ""forced_removals"": 0, ""growth_representation_fallbacks"": 83, ""invariant_held"": true, ""n_segments"": 129, ""n_train_fit"": 4995, ""n_val"": 1665, ""phase0"": [{""constant_lens"": false, ""gain"": 0.25, ""lens"": ""pc1"", ""lens_scaling"": ""standardize"", ""min_cluster_size"": 24, ""min_samples"": 5, ""n_class"": 2500, ""n_edges"": 7, ""n_intervals"": 8, ""n_vertices"": 8, ""noise_reassigned"": 2853, ""placement"": ""quantile"", ""slabs"": [{""k"": 1, ""n"": 352}, {""k"": 1, ""n"": 390}, {""k"": 1, ""n"": 391}, {""k"": 1, ""n"": 390}, {""k"": 1, ""n"": 390}, {""k"": 1, ""n"": 391}, {""k"": 1, ""n"": 390}, {""k"": 1, ""n"": 352}]}, {""constant_lens"": false, ""gain"": 0.25, ""lens"": ""pc1"", ""lens_scaling"": ""standardize"", ""min_cluster_size"": 24, ""min_samples"": 5, ""n_class"": 2495, ""n_edges"": 7, ""n_intervals"": 8, ""n_vertices"": 8, ""noise_reassigned"": 2846, ""placement"": ""quantile"", ""slabs"": [{""k"": 1, ""n"": 351}, {""k"": 1, ""n"": 390}, {""k"": 1, ""n"": 390}, {""k"": 1, ""n"": 389}, {""k"": 1, ""n"": 389}, {""k"": 1, ""n"": 390}, {""k"": 1, ""n"": 390}, {""k"": 1, ""n"": 351}]}], ""soundness_bound_holds"": true, ""step_rule"": ""scale_free"", ""topology_retention_nerve_to_frozen"": {""beta0_frozen"": 4, ""beta0_nerve"": 2, ""beta1_frozen"": 0, ""beta1_nerve"": 0}}",True
0.9851351351351352,133,False,0.01996996996996997,0.02,,3.4950240000034682,63.902115000004414,60.407091000000946,twonorm,6,"{""epsilon"": 0.3, ""window"": 0.3}",LVQ3,10,133,740,6660,0.98003003003003,321404112,False,,True
0.977027027027027,133,False,0.01996996996996997,0.02,"{""0"": 67, ""1"": 66}",3.688116000033915,3.688116000033915,0.0,twonorm,6,,KMeans,10,133,740,6660,0.98003003003003,321404112,False,,True
0.9324324324324325,133,False,0.01996996996996997,0.02,"{""0"": 67, ""1"": 66}",0.0009220000356435776,0.0009220000356435776,0.0,twonorm,6,,Random,10,133,740,6660,0.98003003003003,321404112,False,,True
0.9445945945945946,133,False,0.01996996996996997,0.02,,1.9146960000507534,1.9146960000507534,0.0,twonorm,6,,SPOT,10,133,740,6660,0.98003003003003,321404112,False,,True
0.9918918918918919,133,False,0.01996996996996997,0.02,,22.232948999968357,22.232948999968357,0.0,twonorm,6,,GLVQ,10,133,740,6660,0.98003003003003,321404112,False,,True
0.9851351351351352,133,False,0.01996996996996997,0.02,,3.0359889999963343,3.0359889999963343,0.0,twonorm,6,,GNG,10,133,740,6660,0.98003003003003,321404112,False,,True
0.95,333,False,0.05,0.05,,0.0009439999703317881,0.0009439999703317881,0.0,twonorm,6,,Full,10,6660,740,6660,0.0,321404112,True,,False
0.9337837837837838,333,False,0.05,0.05,,1.811212999979034,1.811212999979034,0.0,twonorm,6,,RSP3,10,1047,740,6660,0.8427927927927927,321404112,True,,False
0.8959459459459459,333,False,0.05,0.05,,1.3858219999819994,1.3858219999819994,0.0,twonorm,6,,RHC,10,235,740,6660,0.9647147147147147,321404112,True,,False
0.9891891891891892,333,False,0.05,0.05,,11.614523999975063,11.614523999975063,0.0,twonorm,6,,SPINE+1NN,10,333,740,6660,0.95,321404112,False,"{""admission"": {""criterion"": ""risk"", ""removed_risk"": 2, ""removed_support"": 0}, ""betti_final"": [[1, 0], [3, 0]], ""betti_frozen"": [[1, 0], [3, 0]], ""betti_nerve"": [[1, 0], [1, 0]], ""boundary_restriction"": ""both"", ""forced_removals"": 0, ""growth_representation_fallbacks"": 306, ""invariant_held"": true, ""n_segments"": 329, ""n_train_fit"": 4995, ""n_val"": 1665, ""phase0"": [{""constant_lens"": false, ""gain"": 0.25, ""lens"": ""pc1"", ""lens_scaling"": ""standardize"", ""min_cluster_size"": 24, ""min_samples"": 5, ""n_class"": 2500, ""n_edges"": 7, ""n_intervals"": 8, ""n_vertices"": 8, ""noise_reassigned"": 2853, ""placement"": ""quantile"", ""slabs"": [{""k"": 1, ""n"": 352}, {""k"": 1, ""n"": 390}, {""k"": 1, ""n"": 391}, {""k"": 1, ""n"": 390}, {""k"": 1, ""n"": 390}, {""k"": 1, ""n"": 391}, {""k"": 1, ""n"": 390}, {""k"": 1, ""n"": 352}]}, {""constant_lens"": false, ""gain"": 0.25, ""lens"": ""pc1"", ""lens_scaling"": ""standardize"", ""min_cluster_size"": 24, ""min_samples"": 5, ""n_class"": 2495, ""n_edges"": 7, ""n_intervals"": 8, ""n_vertices"": 8, ""noise_reassigned"": 2846, ""placement"": ""quantile"", ""slabs"": [{""k"": 1, ""n"": 351}, {""k"": 1, ""n"": 390}, {""k"": 1, ""n"": 390}, {""k"": 1, ""n"": 389}, {""k"": 1, ""n"": 389}, {""k"": 1, ""n"": 390}, {""k"": 1, ""n"": 390}, {""k"": 1, ""n"": 351}]}], ""soundness_bound_holds"": true, ""step_rule"": ""scale_free"", ""topology_retention_nerve_to_frozen"": {""beta0_frozen"": 4, ""beta0_nerve"": 2, ""beta1_frozen"": 0, ""beta1_nerve"": 0}}",True
0.9918918918918919,333,False,0.05,0.05,,11.614523999975063,11.614523999975063,0.0,twonorm,6,,SPINE+Graph,10,333,740,6660,0.95,321404112,False,"{""admission"": {""criterion"": ""risk"", ""removed_risk"": 2, ""removed_support"": 0}, ""betti_final"": [[1, 0], [3, 0]], ""betti_frozen"": [[1, 0], [3, 0]], ""betti_nerve"": [[1, 0], [1, 0]], ""boundary_restriction"": ""both"", ""forced_removals"": 0, ""growth_representation_fallbacks"": 306, ""invariant_held"": true, ""n_segments"": 329, ""n_train_fit"": 4995, ""n_val"": 1665, ""phase0"": [{""constant_lens"": false, ""gain"": 0.25, ""lens"": ""pc1"", ""lens_scaling"": ""standardize"", ""min_cluster_size"": 24, ""min_samples"": 5, ""n_class"": 2500, ""n_edges"": 7, ""n_intervals"": 8, ""n_vertices"": 8, ""noise_reassigned"": 2853, ""placement"": ""quantile"", ""slabs"": [{""k"": 1, ""n"": 352}, {""k"": 1, ""n"": 390}, {""k"": 1, ""n"": 391}, {""k"": 1, ""n"": 390}, {""k"": 1, ""n"": 390}, {""k"": 1, ""n"": 391}, {""k"": 1, ""n"": 390}, {""k"": 1, ""n"": 352}]}, {""constant_lens"": false, ""gain"": 0.25, ""lens"": ""pc1"", ""lens_scaling"": ""standardize"", ""min_cluster_size"": 24, ""min_samples"": 5, ""n_class"": 2495, ""n_edges"": 7, ""n_intervals"": 8, ""n_vertices"": 8, ""noise_reassigned"": 2846, ""placement"": ""quantile"", ""slabs"": [{""k"": 1, ""n"": 351}, {""k"": 1, ""n"": 390}, {""k"": 1, ""n"": 390}, {""k"": 1, ""n"": 389}, {""k"": 1, ""n"": 389}, {""k"": 1, ""n"": 390}, {""k"": 1, ""n"": 390}, {""k"": 1, ""n"": 351}]}], ""soundness_bound_holds"": true, ""step_rule"": ""scale_free"", ""topology_retention_nerve_to_frozen"": {""beta0_frozen"": 4, ""beta0_nerve"": 2, ""beta1_frozen"": 0, ""beta1_nerve"": 0}}",True
0.9837837837837838,333,False,0.05,0.05,,4.985647000023164,89.4222010000376,84.43655400001444,twonorm,6,"{""epsilon"": 0.3, ""window"": 0.3}",LVQ3,10,333,740,6660,0.95,321404112,False,,True
0.977027027027027,333,False,0.05,0.05,"{""0"": 167, ""1"": 166}",5.807001999986824,5.807001999986824,0.0,twonorm,6,,KMeans,10,333,740,6660,0.95,321404112,False,,True
0.9405405405405406,333,False,0.05,0.05,"{""0"": 167, ""1"": 166}",0.0013570000301115215,0.0013570000301115215,0.0,twonorm,6,,Random,10,333,740,6660,0.95,321404112,False,,True
0.9418918918918919,333,False,0.05,0.05,,2.0070709999999963,2.0070709999999963,0.0,twonorm,6,,SPOT,10,333,740,6660,0.95,321404112,False,,True
0.9891891891891892,333,False,0.05,0.05,,50.1472589999903,50.1472589999903,0.0,twonorm,6,,GLVQ,10,333,740,6660,0.95,321404112,False,,True
0.9797297297297297,333,False,0.05,0.05,,9.507142000016756,9.507142000016756,0.0,twonorm,6,,GNG,10,333,740,6660,0.95,321404112,False,,True
0.95,666,False,0.1,0.1,,0.0009439999703317881,0.0009439999703317881,0.0,twonorm,6,,Full,10,6660,740,6660,0.0,321404112,True,,False
0.9337837837837838,666,False,0.1,0.1,,1.811212999979034,1.811212999979034,0.0,twonorm,6,,RSP3,10,1047,740,6660,0.8427927927927927,321404112,True,,False
0.8959459459459459,666,False,0.1,0.1,,1.3858219999819994,1.3858219999819994,0.0,twonorm,6,,RHC,10,235,740,6660,0.9647147147147147,321404112,True,,False
0.9891891891891892,666,False,0.1,0.1,,29.515113000001293,29.515113000001293,0.0,twonorm,6,,SPINE+1NN,10,666,740,6660,0.9,321404112,False,"{""admission"": {""criterion"": ""risk"", ""removed_risk"": 2, ""removed_support"": 0}, ""betti_final"": [[1, 0], [3, 0]], ""betti_frozen"": [[1, 0], [3, 0]], ""betti_nerve"": [[1, 0], [1, 0]], ""boundary_restriction"": ""both"", ""forced_removals"": 0, ""growth_representation_fallbacks"": 653, ""invariant_held"": true, ""n_segments"": 662, ""n_train_fit"": 4995, ""n_val"": 1665, ""phase0"": [{""constant_lens"": false, ""gain"": 0.25, ""lens"": ""pc1"", ""lens_scaling"": ""standardize"", ""min_cluster_size"": 24, ""min_samples"": 5, ""n_class"": 2500, ""n_edges"": 7, ""n_intervals"": 8, ""n_vertices"": 8, ""noise_reassigned"": 2853, ""placement"": ""quantile"", ""slabs"": [{""k"": 1, ""n"": 352}, {""k"": 1, ""n"": 390}, {""k"": 1, ""n"": 391}, {""k"": 1, ""n"": 390}, {""k"": 1, ""n"": 390}, {""k"": 1, ""n"": 391}, {""k"": 1, ""n"": 390}, {""k"": 1, ""n"": 352}]}, {""constant_lens"": false, ""gain"": 0.25, ""lens"": ""pc1"", ""lens_scaling"": ""standardize"", ""min_cluster_size"": 24, ""min_samples"": 5, ""n_class"": 2495, ""n_edges"": 7, ""n_intervals"": 8, ""n_vertices"": 8, ""noise_reassigned"": 2846, ""placement"": ""quantile"", ""slabs"": [{""k"": 1, ""n"": 351}, {""k"": 1, ""n"": 390}, {""k"": 1, ""n"": 390}, {""k"": 1, ""n"": 389}, {""k"": 1, ""n"": 389}, {""k"": 1, ""n"": 390}, {""k"": 1, ""n"": 390}, {""k"": 1, ""n"": 351}]}], ""soundness_bound_holds"": true, ""step_rule"": ""scale_free"", ""topology_retention_nerve_to_frozen"": {""beta0_frozen"": 4, ""beta0_nerve"": 2, ""beta1_frozen"": 0, ""beta1_nerve"": 0}}",True
0.9891891891891892,666,False,0.1,0.1,,29.515113000001293,29.515113000001293,0.0,twonorm,6,,SPINE+Graph,10,666,740,6660,0.9,321404112,False,"{""admission"": {""criterion"": ""risk"", ""removed_risk"": 2, ""removed_support"": 0}, ""betti_final"": [[1, 0], [3, 0]], ""betti_frozen"": [[1, 0], [3, 0]], ""betti_nerve"": [[1, 0], [1, 0]], ""boundary_restriction"": ""both"", ""forced_removals"": 0, ""growth_representation_fallbacks"": 653, ""invariant_held"": true, ""n_segments"": 662, ""n_train_fit"": 4995, ""n_val"": 1665, ""phase0"": [{""constant_lens"": false, ""gain"": 0.25, ""lens"": ""pc1"", ""lens_scaling"": ""standardize"", ""min_cluster_size"": 24, ""min_samples"": 5, ""n_class"": 2500, ""n_edges"": 7, ""n_intervals"": 8, ""n_vertices"": 8, ""noise_reassigned"": 2853, ""placement"": ""quantile"", ""slabs"": [{""k"": 1, ""n"": 352}, {""k"": 1, ""n"": 390}, {""k"": 1, ""n"": 391}, {""k"": 1, ""n"": 390}, {""k"": 1, ""n"": 390}, {""k"": 1, ""n"": 391}, {""k"": 1, ""n"": 390}, {""k"": 1, ""n"": 352}]}, {""constant_lens"": false, ""gain"": 0.25, ""lens"": ""pc1"", ""lens_scaling"": ""standardize"", ""min_cluster_size"": 24, ""min_samples"": 5, ""n_class"": 2495, ""n_edges"": 7, ""n_intervals"": 8, ""n_vertices"": 8, ""noise_reassigned"": 2846, ""placement"": ""quantile"", ""slabs"": [{""k"": 1, ""n"": 351}, {""k"": 1, ""n"": 390}, {""k"": 1, ""n"": 390}, {""k"": 1, ""n"": 389}, {""k"": 1, ""n"": 389}, {""k"": 1, ""n"": 390}, {""k"": 1, ""n"": 390}, {""k"": 1, ""n"": 351}]}], ""soundness_bound_holds"": true, ""step_rule"": ""scale_free"", ""topology_retention_nerve_to_frozen"": {""beta0_frozen"": 4, ""beta0_nerve"": 2, ""beta1_frozen"": 0, ""beta1_nerve"": 0}}",True
0.981081081081081,666,False,0.1,0.1,,6.655299999983981,124.07021199999144,117.41491200000746,twonorm,6,"{""epsilon"": 0.1, ""window"": 0.2}",LVQ3,10,666,740,6660,0.9,321404112,False,,True
0.9797297297297297,666,False,0.1,0.1,"{""0"": 333, ""1"": 333}",10.432869000011124,10.432869000011124,0.0,twonorm,6,,KMeans,10,666,740,6660,0.9,321404112,False,,True
0.9486486486486486,666,False,0.1,0.1,"{""0"": 333, ""1"": 333}",0.0014899999951012433,0.0014899999951012433,0.0,twonorm,6,,Random,10,666,740,6660,0.9,321404112,False,,True
0.9527027027027027,666,False,0.1,0.1,,2.122758999990765,2.122758999990765,0.0,twonorm,6,,SPOT,10,666,740,6660,0.9,321404112,False,,True
0.9891891891891892,666,False,0.1,0.1,,98.13974000001326,98.13974000001326,0.0,twonorm,6,,GLVQ,10,666,740,6660,0.9,321404112,False,,True
0.9837837837837838,666,False,0.1,0.1,,30.056968999968376,30.056968999968376,0.0,twonorm,6,,GNG,10,666,740,6660,0.9,321404112,False,,True
0.95,1665,False,0.25,0.25,,0.0009439999703317881,0.0009439999703317881,0.0,twonorm,6,,Full,10,6660,740,6660,0.0,321404112,True,,False
0.9337837837837838,1665,False,0.25,0.25,,1.811212999979034,1.811212999979034,0.0,twonorm,6,,RSP3,10,1047,740,6660,0.8427927927927927,321404112,True,,False
0.8959459459459459,1665,False,0.25,0.25,,1.3858219999819994,1.3858219999819994,0.0,twonorm,6,,RHC,10,235,740,6660,0.9647147147147147,321404112,True,,False
0.9878378378378379,1665,False,0.25,0.25,,159.3231139999698,159.3231139999698,0.0,twonorm,6,,SPINE+1NN,10,1665,740,6660,0.75,321404112,False,"{""admission"": {""criterion"": ""risk"", ""removed_risk"": 2, ""removed_support"": 0}, ""betti_final"": [[1, 0], [3, 0]], ""betti_frozen"": [[1, 0], [3, 0]], ""betti_nerve"": [[1, 0], [1, 0]], ""boundary_restriction"": ""both"", ""forced_removals"": 0, ""growth_representation_fallbacks"": 1837, ""invariant_held"": true, ""n_segments"": 1661, ""n_train_fit"": 4995, ""n_val"": 1665, ""phase0"": [{""constant_lens"": false, ""gain"": 0.25, ""lens"": ""pc1"", ""lens_scaling"": ""standardize"", ""min_cluster_size"": 24, ""min_samples"": 5, ""n_class"": 2500, ""n_edges"": 7, ""n_intervals"": 8, ""n_vertices"": 8, ""noise_reassigned"": 2853, ""placement"": ""quantile"", ""slabs"": [{""k"": 1, ""n"": 352}, {""k"": 1, ""n"": 390}, {""k"": 1, ""n"": 391}, {""k"": 1, ""n"": 390}, {""k"": 1, ""n"": 390}, {""k"": 1, ""n"": 391}, {""k"": 1, ""n"": 390}, {""k"": 1, ""n"": 352}]}, {""constant_lens"": false, ""gain"": 0.25, ""lens"": ""pc1"", ""lens_scaling"": ""standardize"", ""min_cluster_size"": 24, ""min_samples"": 5, ""n_class"": 2495, ""n_edges"": 7, ""n_intervals"": 8, ""n_vertices"": 8, ""noise_reassigned"": 2846, ""placement"": ""quantile"", ""slabs"": [{""k"": 1, ""n"": 351}, {""k"": 1, ""n"": 390}, {""k"": 1, ""n"": 390}, {""k"": 1, ""n"": 389}, {""k"": 1, ""n"": 389}, {""k"": 1, ""n"": 390}, {""k"": 1, ""n"": 390}, {""k"": 1, ""n"": 351}]}], ""soundness_bound_holds"": true, ""step_rule"": ""scale_free"", ""topology_retention_nerve_to_frozen"": {""beta0_frozen"": 4, ""beta0_nerve"": 2, ""beta1_frozen"": 0, ""beta1_nerve"": 0}}",True
0.9905405405405405,1665,False,0.25,0.25,,159.3231139999698,159.3231139999698,0.0,twonorm,6,,SPINE+Graph,10,1665,740,6660,0.75,321404112,False,"{""admission"": {""criterion"": ""risk"", ""removed_risk"": 2, ""removed_support"": 0}, ""betti_final"": [[1, 0], [3, 0]], ""betti_frozen"": [[1, 0], [3, 0]], ""betti_nerve"": [[1, 0], [1, 0]], ""boundary_restriction"": ""both"", ""forced_removals"": 0, ""growth_representation_fallbacks"": 1837, ""invariant_held"": true, ""n_segments"": 1661, ""n_train_fit"": 4995, ""n_val"": 1665, ""phase0"": [{""constant_lens"": false, ""gain"": 0.25, ""lens"": ""pc1"", ""lens_scaling"": ""standardize"", ""min_cluster_size"": 24, ""min_samples"": 5, ""n_class"": 2500, ""n_edges"": 7, ""n_intervals"": 8, ""n_vertices"": 8, ""noise_reassigned"": 2853, ""placement"": ""quantile"", ""slabs"": [{""k"": 1, ""n"": 352}, {""k"": 1, ""n"": 390}, {""k"": 1, ""n"": 391}, {""k"": 1, ""n"": 390}, {""k"": 1, ""n"": 390}, {""k"": 1, ""n"": 391}, {""k"": 1, ""n"": 390}, {""k"": 1, ""n"": 352}]}, {""constant_lens"": false, ""gain"": 0.25, ""lens"": ""pc1"", ""lens_scaling"": ""standardize"", ""min_cluster_size"": 24, ""min_samples"": 5, ""n_class"": 2495, ""n_edges"": 7, ""n_intervals"": 8, ""n_vertices"": 8, ""noise_reassigned"": 2846, ""placement"": ""quantile"", ""slabs"": [{""k"": 1, ""n"": 351}, {""k"": 1, ""n"": 390}, {""k"": 1, ""n"": 390}, {""k"": 1, ""n"": 389}, {""k"": 1, ""n"": 389}, {""k"": 1, ""n"": 390}, {""k"": 1, ""n"": 390}, {""k"": 1, ""n"": 351}]}], ""soundness_bound_holds"": true, ""step_rule"": ""scale_free"", ""topology_retention_nerve_to_frozen"": {""beta0_frozen"": 4, ""beta0_nerve"": 2, ""beta1_frozen"": 0, ""beta1_nerve"": 0}}",True
0.9756756756756757,1665,False,0.25,0.25,,14.923485999985132,260.4454619999742,245.52197599998908,twonorm,6,"{""epsilon"": 0.1, ""window"": 0.2}",LVQ3,10,1665,740,6660,0.75,321404112,False,,True
0.977027027027027,1665,False,0.25,0.25,"{""0"": 833, ""1"": 832}",23.818278999999166,23.818278999999166,0.0,twonorm,6,,KMeans,10,1665,740,6660,0.75,321404112,False,,True
0.9513513513513514,1665,False,0.25,0.25,"{""0"": 833, ""1"": 832}",0.0019650000031106174,0.0019650000031106174,0.0,twonorm,6,,Random,10,1665,740,6660,0.75,321404112,False,,True
0.9527027027027027,1665,False,0.25,0.25,,2.209115000034217,2.209115000034217,0.0,twonorm,6,,SPOT,10,1665,740,6660,0.75,321404112,False,,True
0.9864864864864865,1665,False,0.25,0.25,,237.19254199997522,237.19254199997522,0.0,twonorm,6,,GLVQ,10,1665,740,6660,0.75,321404112,False,,True
0.9743243243243244,1665,False,0.25,0.25,,161.33504699997138,161.33504699997138,0.0,twonorm,6,,GNG,10,1665,740,6660,0.75,321404112,False,,True
0.9418918918918919,33,False,0.004954954954954955,0.005,,0.0005280000041238964,0.0005280000041238964,0.0,twonorm,7,,Full,10,6660,740,6660,0.0,322404115,False,,False
0.9175675675675675,33,False,0.004954954954954955,0.005,,1.8108070000307634,1.8108070000307634,0.0,twonorm,7,,RSP3,10,968,740,6660,0.8546546546546546,322404115,False,,False
0.8932432432432432,33,False,0.004954954954954955,0.005,,1.3753819999983534,1.3753819999983534,0.0,twonorm,7,,RHC,10,223,740,6660,0.9665165165165165,322404115,False,,False
0.977027027027027,33,False,0.004954954954954955,0.005,,5.622596999979578,5.622596999979578,0.0,twonorm,7,,SPINE+1NN,10,33,740,6660,0.9950450450450451,322404115,False,"{""admission"": {""criterion"": ""risk"", ""removed_risk"": 1, ""removed_support"": 0}, ""betti_final"": [[2, 0], [1, 0]], ""betti_frozen"": [[2, 0], [1, 0]], ""betti_nerve"": [[1, 0], [1, 0]], ""boundary_restriction"": ""both"", ""forced_removals"": 0, ""growth_representation_fallbacks"": 10, ""invariant_held"": true, ""n_segments"": 30, ""n_train_fit"": 4995, ""n_val"": 1665, ""phase0"": [{""constant_lens"": false, ""gain"": 0.25, ""lens"": ""pc1"", ""lens_scaling"": ""standardize"", ""min_cluster_size"": 24, ""min_samples"": 5, ""n_class"": 2500, ""n_edges"": 7, ""n_intervals"": 8, ""n_vertices"": 8, ""noise_reassigned"": 2849, ""placement"": ""quantile"", ""slabs"": [{""k"": 1, ""n"": 352}, {""k"": 1, ""n"": 390}, {""k"": 1, ""n"": 391}, {""k"": 1, ""n"": 390}, {""k"": 1, ""n"": 390}, {""k"": 1, ""n"": 391}, {""k"": 1, ""n"": 390}, {""k"": 1, ""n"": 352}]}, {""constant_lens"": false, ""gain"": 0.25, ""lens"": ""pc1"", ""lens_scaling"": ""standardize"", ""min_cluster_size"": 24, ""min_samples"": 5, ""n_class"": 2495, ""n_edges"": 7, ""n_intervals"": 8, ""n_vertices"": 8, ""noise_reassigned"": 2847, ""placement"": ""quantile"", ""slabs"": [{""k"": 1, ""n"": 351}, {""k"": 1, ""n"": 390}, {""k"": 1, ""n"": 390}, {""k"": 1, ""n"": 389}, {""k"": 1, ""n"": 389}, {""k"": 1, ""n"": 390}, {""k"": 1, ""n"": 390}, {""k"": 1, ""n"": 351}]}], ""soundness_bound_holds"": true, ""step_rule"": ""scale_free"", ""topology_retention_nerve_to_frozen"": {""beta0_frozen"": 3, ""beta0_nerve"": 2, ""beta1_frozen"": 0, ""beta1_nerve"": 0}}",True
0.9783783783783784,33,False,0.004954954954954955,0.005,,5.622596999979578,5.622596999979578,0.0,twonorm,7,,SPINE+Graph,10,33,740,6660,0.9950450450450451,322404115,False,"{""admission"": {""criterion"": ""risk"", ""removed_risk"": 1, ""removed_support"": 0}, ""betti_final"": [[2, 0], [1, 0]], ""betti_frozen"": [[2, 0], [1, 0]], ""betti_nerve"": [[1, 0], [1, 0]], ""boundary_restriction"": ""both"", ""forced_removals"": 0, ""growth_representation_fallbacks"": 10, ""invariant_held"": true, ""n_segments"": 30, ""n_train_fit"": 4995, ""n_val"": 1665, ""phase0"": [{""constant_lens"": false, ""gain"": 0.25, ""lens"": ""pc1"", ""lens_scaling"": ""standardize"", ""min_cluster_size"": 24, ""min_samples"": 5, ""n_class"": 2500, ""n_edges"": 7, ""n_intervals"": 8, ""n_vertices"": 8, ""noise_reassigned"": 2849, ""placement"": ""quantile"", ""slabs"": [{""k"": 1, ""n"": 352}, {""k"": 1, ""n"": 390}, {""k"": 1, ""n"": 391}, {""k"": 1, ""n"": 390}, {""k"": 1, ""n"": 390}, {""k"": 1, ""n"": 391}, {""k"": 1, ""n"": 390}, {""k"": 1, ""n"": 352}]}, {""constant_lens"": false, ""gain"": 0.25, ""lens"": ""pc1"", ""lens_scaling"": ""standardize"", ""min_cluster_size"": 24, ""min_samples"": 5, ""n_class"": 2495, ""n_edges"": 7, ""n_intervals"": 8, ""n_vertices"": 8, ""noise_reassigned"": 2847, ""placement"": ""quantile"", ""slabs"": [{""k"": 1, ""n"": 351}, {""k"": 1, ""n"": 390}, {""k"": 1, ""n"": 390}, {""k"": 1, ""n"": 389}, {""k"": 1, ""n"": 389}, {""k"": 1, ""n"": 390}, {""k"": 1, ""n"": 390}, {""k"": 1, ""n"": 351}]}], ""soundness_bound_holds"": true, ""step_rule"": ""scale_free"", ""topology_retention_nerve_to_frozen"": {""beta0_frozen"": 3, ""beta0_nerve"": 2, ""beta1_frozen"": 0, ""beta1_nerve"": 0}}",True
0.9702702702702702,33,False,0.004954954954954955,0.005,,2.6348630000138655,49.879750000021886,47.24488700000802,twonorm,7,"{""epsilon"": 0.3, ""window"": 0.3}",LVQ3,10,33,740,6660,0.9950450450450451,322404115,False,,True
0.972972972972973,33,False,0.004954954954954955,0.005,"{""0"": 17, ""1"": 16}",2.2918620000127703,2.2918620000127703,0.0,twonorm,7,,KMeans,10,33,740,6660,0.9950450450450451,322404115,False,,True
0.9094594594594595,33,False,0.004954954954954955,0.005,"{""0"": 17, ""1"": 16}",0.0010430000256747007,0.0010430000256747007,0.0,twonorm,7,,Random,10,33,740,6660,0.9950450450450451,322404115,False,,True
0.9094594594594595,33,False,0.004954954954954955,0.005,,1.7901899999706075,1.7901899999706075,0.0,twonorm,7,,SPOT,10,33,740,6660,0.9950450450450451,322404115,False,,True
0.9689189189189189,33,False,0.004954954954954955,0.005,,8.15243300003931,8.15243300003931,0.0,twonorm,7,,GLVQ,10,33,740,6660,0.9950450450450451,322404115,False,,True
0.972972972972973,33,False,0.004954954954954955,0.005,,1.5587669999804348,1.5587669999804348,0.0,twonorm,7,,GNG,10,33,740,6660,0.9950450450450451,322404115,False,,True
0.9418918918918919,67,False,0.01006006006006006,0.01,,0.0005280000041238964,0.0005280000041238964,0.0,twonorm,7,,Full,10,6660,740,6660,0.0,322404115,True,,False
0.9175675675675675,67,False,0.01006006006006006,0.01,,1.8108070000307634,1.8108070000307634,0.0,twonorm,7,,RSP3,10,968,740,6660,0.8546546546546546,322404115,True,,False
0.8932432432432432,67,False,0.01006006006006006,0.01,,1.3753819999983534,1.3753819999983534,0.0,twonorm,7,,RHC,10,223,740,6660,0.9665165165165165,322404115,True,,False
0.9756756756756757,67,False,0.01006006006006006,0.01,,5.8570480000344105,5.8570480000344105,0.0,twonorm,7,,SPINE+1NN,10,67,740,6660,0.9899399399399399,322404115,False,"{""admission"": {""criterion"": ""risk"", ""removed_risk"": 1, ""removed_support"": 0}, ""betti_final"": [[2, 0], [1, 0]], ""betti_frozen"": [[2, 0], [1, 0]], ""betti_nerve"": [[1, 0], [1, 0]], ""boundary_restriction"": ""both"", ""forced_removals"": 0, ""growth_representation_fallbacks"": 31, ""invariant_held"": true, ""n_segments"": 64, ""n_train_fit"": 4995, ""n_val"": 1665, ""phase0"": [{""constant_lens"": false, ""gain"": 0.25, ""lens"": ""pc1"", ""lens_scaling"": ""standardize"", ""min_cluster_size"": 24, ""min_samples"": 5, ""n_class"": 2500, ""n_edges"": 7, ""n_intervals"": 8, ""n_vertices"": 8, ""noise_reassigned"": 2849, ""placement"": ""quantile"", ""slabs"": [{""k"": 1, ""n"": 352}, {""k"": 1, ""n"": 390}, {""k"": 1, ""n"": 391}, {""k"": 1, ""n"": 390}, {""k"": 1, ""n"": 390}, {""k"": 1, ""n"": 391}, {""k"": 1, ""n"": 390}, {""k"": 1, ""n"": 352}]}, {""constant_lens"": false, ""gain"": 0.25, ""lens"": ""pc1"", ""lens_scaling"": ""standardize"", ""min_cluster_size"": 24, ""min_samples"": 5, ""n_class"": 2495, ""n_edges"": 7, ""n_intervals"": 8, ""n_vertices"": 8, ""noise_reassigned"": 2847, ""placement"": ""quantile"", ""slabs"": [{""k"": 1, ""n"": 351}, {""k"": 1, ""n"": 390}, {""k"": 1, ""n"": 390}, {""k"": 1, ""n"": 389}, {""k"": 1, ""n"": 389}, {""k"": 1, ""n"": 390}, {""k"": 1, ""n"": 390}, {""k"": 1, ""n"": 351}]}], ""soundness_bound_holds"": true, ""step_rule"": ""scale_free"", ""topology_retention_nerve_to_frozen"": {""beta0_frozen"": 3, ""beta0_nerve"": 2, ""beta1_frozen"": 0, ""beta1_nerve"": 0}}",True
0.9743243243243244,67,False,0.01006006006006006,0.01,,5.8570480000344105,5.8570480000344105,0.0,twonorm,7,,SPINE+Graph,10,67,740,6660,0.9899399399399399,322404115,False,"{""admission"": {""criterion"": ""risk"", ""removed_risk"": 1, ""removed_support"": 0}, ""betti_final"": [[2, 0], [1, 0]], ""betti_frozen"": [[2, 0], [1, 0]], ""betti_nerve"": [[1, 0], [1, 0]], ""boundary_restriction"": ""both"", ""forced_removals"": 0, ""growth_representation_fallbacks"": 31, ""invariant_held"": true, ""n_segments"": 64, ""n_train_fit"": 4995, ""n_val"": 1665, ""phase0"": [{""constant_lens"": false, ""gain"": 0.25, ""lens"": ""pc1"", ""lens_scaling"": ""standardize"", ""min_cluster_size"": 24, ""min_samples"": 5, ""n_class"": 2500, ""n_edges"": 7, ""n_intervals"": 8, ""n_vertices"": 8, ""noise_reassigned"": 2849, ""placement"": ""quantile"", ""slabs"": [{""k"": 1, ""n"": 352}, {""k"": 1, ""n"": 390}, {""k"": 1, ""n"": 391}, {""k"": 1, ""n"": 390}, {""k"": 1, ""n"": 390}, {""k"": 1, ""n"": 391}, {""k"": 1, ""n"": 390}, {""k"": 1, ""n"": 352}]}, {""constant_lens"": false, ""gain"": 0.25, ""lens"": ""pc1"", ""lens_scaling"": ""standardize"", ""min_cluster_size"": 24, ""min_samples"": 5, ""n_class"": 2495, ""n_edges"": 7, ""n_intervals"": 8, ""n_vertices"": 8, ""noise_reassigned"": 2847, ""placement"": ""quantile"", ""slabs"": [{""k"": 1, ""n"": 351}, {""k"": 1, ""n"": 390}, {""k"": 1, ""n"": 390}, {""k"": 1, ""n"": 389}, {""k"": 1, ""n"": 389}, {""k"": 1, ""n"": 390}, {""k"": 1, ""n"": 390}, {""k"": 1, ""n"": 351}]}], ""soundness_bound_holds"": true, ""step_rule"": ""scale_free"", ""topology_retention_nerve_to_frozen"": {""beta0_frozen"": 3, ""beta0_nerve"": 2, ""beta1_frozen"": 0, ""beta1_nerve"": 0}}",True
0.9675675675675676,67,False,0.01006006006006006,0.01,,2.634022999962326,53.3238779999665,50.68985500000417,twonorm,7,"{""epsilon"": 0.3, ""window"": 0.3}",LVQ3,10,67,740,6660,0.9899399399399399,322404115,False,,True
0.9662162162162162,67,False,0.01006006006006006,0.01,"{""0"": 34, ""1"": 33}",2.5788029999821447,2.5788029999821447,0.0,twonorm,7,,KMeans,10,67,740,6660,0.9899399399399399,322404115,False,,True
0.9027027027027027,67,False,0.01006006006006006,0.01,"{""0"": 34, ""1"": 33}",0.0011539999977685511,0.0011539999977685511,0.0,twonorm,7,,Random,10,67,740,6660,0.9899399399399399,322404115,False,,True
0.9310810810810811,67,False,0.01006006006006006,0.01,,1.605221999983769,1.605221999983769,0.0,twonorm,7,,SPOT,10,67,740,6660,0.9899399399399399,322404115,False,,True
0.977027027027027,67,False,0.01006006006006006,0.01,,12.691319999983534,12.691319999983534,0.0,twonorm,7,,GLVQ,10,67,740,6660,0.9899399399399399,322404115,False,,True
0.9635135135135136,67,False,0.01006006006006006,0.01,,1.912735000019893,1.912735000019893,0.0,twonorm,7,,GNG,10,67,740,6660,0.9899399399399399,322404115,False,,True
0.9418918918918919,133,False,0.01996996996996997,0.02,,0.0005280000041238964,0.0005280000041238964,0.0,twonorm,7,,Full,10,6660,740,6660,0.0,322404115,True,,False
0.9175675675675675,133,False,0.01996996996996997,0.02,,1.8108070000307634,1.8108070000307634,0.0,twonorm,7,,RSP3,10,968,740,6660,0.8546546546546546,322404115,True,,False
0.8932432432432432,133,False,0.01996996996996997,0.02,,1.3753819999983534,1.3753819999983534,0.0,twonorm,7,,RHC,10,223,740,6660,0.9665165165165165,322404115,True,,False
0.9756756756756757,133,False,0.01996996996996997,0.02,,6.571953999984544,6.571953999984544,0.0,twonorm,7,,SPINE+1NN,10,133,740,6660,0.98003003003003,322404115,False,"{""admission"": {""criterion"": ""risk"", ""removed_risk"": 1, ""removed_support"": 0}, ""betti_final"": [[2, 0], [1, 0]], ""betti_frozen"": [[2, 0], [1, 0]], ""betti_nerve"": [[1, 0], [1, 0]], ""boundary_restriction"": ""both"", ""forced_removals"": 0, ""growth_representation_fallbacks"": 105, ""invariant_held"": true, ""n_segments"": 130, ""n_train_fit"": 4995, ""n_val"": 1665, ""phase0"": [{""constant_lens"": false, ""gain"": 0.25, ""lens"": ""pc1"", ""lens_scaling"": ""standardize"", ""min_cluster_size"": 24, ""min_samples"": 5, ""n_class"": 2500, ""n_edges"": 7, ""n_intervals"": 8, ""n_vertices"": 8, ""noise_reassigned"": 2849, ""placement"": ""quantile"", ""slabs"": [{""k"": 1, ""n"": 352}, {""k"": 1, ""n"": 390}, {""k"": 1, ""n"": 391}, {""k"": 1, ""n"": 390}, {""k"": 1, ""n"": 390}, {""k"": 1, ""n"": 391}, {""k"": 1, ""n"": 390}, {""k"": 1, ""n"": 352}]}, {""constant_lens"": false, ""gain"": 0.25, ""lens"": ""pc1"", ""lens_scaling"": ""standardize"", ""min_cluster_size"": 24, ""min_samples"": 5, ""n_class"": 2495, ""n_edges"": 7, ""n_intervals"": 8, ""n_vertices"": 8, ""noise_reassigned"": 2847, ""placement"": ""quantile"", ""slabs"": [{""k"": 1, ""n"": 351}, {""k"": 1, ""n"": 390}, {""k"": 1, ""n"": 390}, {""k"": 1, ""n"": 389}, {""k"": 1, ""n"": 389}, {""k"": 1, ""n"": 390}, {""k"": 1, ""n"": 390}, {""k"": 1, ""n"": 351}]}], ""soundness_bound_holds"": true, ""step_rule"": ""scale_free"", ""topology_retention_nerve_to_frozen"": {""beta0_frozen"": 3, ""beta0_nerve"": 2, ""beta1_frozen"": 0, ""beta1_nerve"": 0}}",True
0.9743243243243244,133,False,0.01996996996996997,0.02,,6.571953999984544,6.571953999984544,0.0,twonorm,7,,SPINE+Graph,10,133,740,6660,0.98003003003003,322404115,False,"{""admission"": {""criterion"": ""risk"", ""removed_risk"": 1, ""removed_support"": 0}, ""betti_final"": [[2, 0], [1, 0]], ""betti_frozen"": [[2, 0], [1, 0]], ""betti_nerve"": [[1, 0], [1, 0]], ""boundary_restriction"": ""both"", ""forced_removals"": 0, ""growth_representation_fallbacks"": 105, ""invariant_held"": true, ""n_segments"": 130, ""n_train_fit"": 4995, ""n_val"": 1665, ""phase0"": [{""constant_lens"": false, ""gain"": 0.25, ""lens"": ""pc1"", ""lens_scaling"": ""standardize"", ""min_cluster_size"": 24, ""min_samples"": 5, ""n_class"": 2500, ""n_edges"": 7, ""n_intervals"": 8, ""n_vertices"": 8, ""noise_reassigned"": 2849, ""placement"": ""quantile"", ""slabs"": [{""k"": 1, ""n"": 352}, {""k"": 1, ""n"": 390}, {""k"": 1, ""n"": 391}, {""k"": 1, ""n"": 390}, {""k"": 1, ""n"": 390}, {""k"": 1, ""n"": 391}, {""k"": 1, ""n"": 390}, {""k"": 1, ""n"": 352}]}, {""constant_lens"": false, ""gain"": 0.25, ""lens"": ""pc1"", ""lens_scaling"": ""standardize"", ""min_cluster_size"": 24, ""min_samples"": 5, ""n_class"": 2495, ""n_edges"": 7, ""n_intervals"": 8, ""n_vertices"": 8, ""noise_reassigned"": 2847, ""placement"": ""quantile"", ""slabs"": [{""k"": 1, ""n"": 351}, {""k"": 1, ""n"": 390}, {""k"": 1, ""n"": 390}, {""k"": 1, ""n"": 389}, {""k"": 1, ""n"": 389}, {""k"": 1, ""n"": 390}, {""k"": 1, ""n"": 390}, {""k"": 1, ""n"": 351}]}], ""soundness_bound_holds"": true, ""step_rule"": ""scale_free"", ""topology_retention_nerve_to_frozen"": {""beta0_frozen"": 3, ""beta0_nerve"": 2, ""beta1_frozen"": 0, ""beta1_nerve"": 0}}",True
0.9621621621621622,133,False,0.01996996996996997,0.02,,3.4549230000120588,62.77743900002679,59.32251600001473,twonorm,7,"{""epsilon"": 0.3, ""window"": 0.2}",LVQ3,10,133,740,6660,0.98003003003003,322404115,False,,True
0.9662162162162162,133,False,0.01996996996996997,0.02,"{""0"": 67, ""1"": 66}",3.7008979999809526,3.7008979999809526,0.0,twonorm,7,,KMeans,10,133,740,6660,0.98003003003003,322404115,False,,True
0.9148648648648648,133,False,0.01996996996996997,0.02,"{""0"": 67, ""1"": 66}",0.0010389999952167273,0.0010389999952167273,0.0,twonorm,7,,Random,10,133,740,6660,0.98003003003003,322404115,False,,True
0.9243243243243243,133,False,0.01996996996996997,0.02,,1.9263380000484176,1.9263380000484176,0.0,twonorm,7,,SPOT,10,133,740,6660,0.98003003003003,322404115,False,,True
0.9716216216216216,133,False,0.01996996996996997,0.02,,22.009497999970336,22.009497999970336,0.0,twonorm,7,,GLVQ,10,133,740,6660,0.98003003003003,322404115,False,,True
0.9716216216216216,133,False,0.01996996996996997,0.02,,3.016821000026539,3.016821000026539,0.0,twonorm,7,,GNG,10,133,740,6660,0.98003003003003,322404115,False,,True
0.9418918918918919,333,False,0.05,0.05,,0.0005280000041238964,0.0005280000041238964,0.0,twonorm,7,,Full,10,6660,740,6660,0.0,322404115,True,,False
0.9175675675675675,333,False,0.05,0.05,,1.8108070000307634,1.8108070000307634,0.0,twonorm,7,,RSP3,10,968,740,6660,0.8546546546546546,322404115,True,,False
0.8932432432432432,333,False,0.05,0.05,,1.3753819999983534,1.3753819999983534,0.0,twonorm,7,,RHC,10,223,740,6660,0.9665165165165165,322404115,True,,False
0.9743243243243244,333,False,0.05,0.05,,11.77030700002797,11.77030700002797,0.0,twonorm,7,,SPINE+1NN,10,333,740,6660,0.95,322404115,False,"{""admission"": {""criterion"": ""risk"", ""removed_risk"": 1, ""removed_support"": 0}, ""betti_final"": [[2, 0], [1, 0]], ""betti_frozen"": [[2, 0], [1, 0]], ""betti_nerve"": [[1, 0], [1, 0]], ""boundary_restriction"": ""both"", ""forced_removals"": 0, ""growth_representation_fallbacks"": 307, ""invariant_held"": true, ""n_segments"": 330, ""n_train_fit"": 4995, ""n_val"": 1665, ""phase0"": [{""constant_lens"": false, ""gain"": 0.25, ""lens"": ""pc1"", ""lens_scaling"": ""standardize"", ""min_cluster_size"": 24, ""min_samples"": 5, ""n_class"": 2500, ""n_edges"": 7, ""n_intervals"": 8, ""n_vertices"": 8, ""noise_reassigned"": 2849, ""placement"": ""quantile"", ""slabs"": [{""k"": 1, ""n"": 352}, {""k"": 1, ""n"": 390}, {""k"": 1, ""n"": 391}, {""k"": 1, ""n"": 390}, {""k"": 1, ""n"": 390}, {""k"": 1, ""n"": 391}, {""k"": 1, ""n"": 390}, {""k"": 1, ""n"": 352}]}, {""constant_lens"": false, ""gain"": 0.25, ""lens"": ""pc1"", ""lens_scaling"": ""standardize"", ""min_cluster_size"": 24, ""min_samples"": 5, ""n_class"": 2495, ""n_edges"": 7, ""n_intervals"": 8, ""n_vertices"": 8, ""noise_reassigned"": 2847, ""placement"": ""quantile"", ""slabs"": [{""k"": 1, ""n"": 351}, {""k"": 1, ""n"": 390}, {""k"": 1, ""n"": 390}, {""k"": 1, ""n"": 389}, {""k"": 1, ""n"": 389}, {""k"": 1, ""n"": 390}, {""k"": 1, ""n"": 390}, {""k"": 1, ""n"": 351}]}], ""soundness_bound_holds"": true, ""step_rule"": ""scale_free"", ""topology_retention_nerve_to_frozen"": {""beta0_frozen"": 3, ""beta0_nerve"": 2, ""beta1_frozen"": 0, ""beta1_nerve"": 0}}",True
0.9743243243243244,333,False,0.05,0.05,,11.77030700002797,11.77030700002797,0.0,twonorm,7,,SPINE+Graph,10,333,740,6660,0.95,322404115,False,"{""admission"": {""criterion"": ""risk"", ""removed_risk"": 1, ""removed_support"": 0}, ""betti_final"": [[2, 0], [1, 0]], ""betti_frozen"": [[2, 0], [1, 0]], ""betti_nerve"": [[1, 0], [1, 0]], ""boundary_restriction"": ""both"", ""forced_removals"": 0, ""growth_representation_fallbacks"": 307, ""invariant_held"": true, ""n_segments"": 330, ""n_train_fit"": 4995, ""n_val"": 1665, ""phase0"": [{""constant_lens"": false, ""gain"": 0.25, ""lens"": ""pc1"", ""lens_scaling"": ""standardize"", ""min_cluster_size"": 24, ""min_samples"": 5, ""n_class"": 2500, ""n_edges"": 7, ""n_intervals"": 8, ""n_vertices"": 8, ""noise_reassigned"": 2849, ""placement"": ""quantile"", ""slabs"": [{""k"": 1, ""n"": 352}, {""k"": 1, ""n"": 390}, {""k"": 1, ""n"": 391}, {""k"": 1, ""n"": 390}, {""k"": 1, ""n"": 390}, {""k"": 1, ""n"": 391}, {""k"": 1, ""n"": 390}, {""k"": 1, ""n"": 352}]}, {""constant_lens"": false, ""gain"": 0.25, ""lens"": ""pc1"", ""lens_scaling"": ""standardize"", ""min_cluster_size"": 24, ""min_samples"": 5, ""n_class"": 2495, ""n_edges"": 7, ""n_intervals"": 8, ""n_vertices"": 8, ""noise_reassigned"": 2847, ""placement"": ""quantile"", ""slabs"": [{""k"": 1, ""n"": 351}, {""k"": 1, ""n"": 390}, {""k"": 1, ""n"": 390}, {""k"": 1, ""n"": 389}, {""k"": 1, ""n"": 389}, {""k"": 1, ""n"": 390}, {""k"": 1, ""n"": 390}, {""k"": 1, ""n"": 351}]}], ""soundness_bound_holds"": true, ""step_rule"": ""scale_free"", ""topology_retention_nerve_to_frozen"": {""beta0_frozen"": 3, ""beta0_nerve"": 2, ""beta1_frozen"": 0, ""beta1_nerve"": 0}}",True
0.9662162162162162,333,False,0.05,0.05,,4.7084519999916665,88.44405899994308,83.73560699995141,twonorm,7,"{""epsilon"": 0.3, ""window"": 0.2}",LVQ3,10,333,740,6660,0.95,322404115,False,,True
0.9567567567567568,333,False,0.05,0.05,"{""0"": 167, ""1"": 166}",6.788583000015933,6.788583000015933,0.0,twonorm,7,,KMeans,10,333,740,6660,0.95,322404115,False,,True
0.922972972972973,333,False,0.05,0.05,"{""0"": 167, ""1"": 166}",0.0012879999703727663,0.0012879999703727663,0.0,twonorm,7,,Random,10,333,740,6660,0.95,322404115,False,,True
0.9378378378378378,333,False,0.05,0.05,,2.041436999978032,2.041436999978032,0.0,twonorm,7,,SPOT,10,333,740,6660,0.95,322404115,False,,True
0.977027027027027,333,False,0.05,0.05,,50.16692400001921,50.16692400001921,0.0,twonorm,7,,GLVQ,10,333,740,6660,0.95,322404115,False,,True
0.9608108108108108,333,False,0.05,0.05,,9.504602000000887,9.504602000000887,0.0,twonorm,7,,GNG,10,333,740,6660,0.95,322404115,False,,True
0.9418918918918919,666,False,0.1,0.1,,0.0005280000041238964,0.0005280000041238964,0.0,twonorm,7,,Full,10,6660,740,6660,0.0,322404115,True,,False
0.9175675675675675,666,False,0.1,0.1,,1.8108070000307634,1.8108070000307634,0.0,twonorm,7,,RSP3,10,968,740,6660,0.8546546546546546,322404115,True,,False
0.8932432432432432,666,False,0.1,0.1,,1.3753819999983534,1.3753819999983534,0.0,twonorm,7,,RHC,10,223,740,6660,0.9665165165165165,322404115,True,,False
0.9756756756756757,666,False,0.1,0.1,,29.652745999977924,29.652745999977924,0.0,twonorm,7,,SPINE+1NN,10,666,740,6660,0.9,322404115,False,"{""admission"": {""criterion"": ""risk"", ""removed_risk"": 1, ""removed_support"": 0}, ""betti_final"": [[2, 0], [1, 0]], ""betti_frozen"": [[2, 0], [1, 0]], ""betti_nerve"": [[1, 0], [1, 0]], ""boundary_restriction"": ""both"", ""forced_removals"": 0, ""growth_representation_fallbacks"": 661, ""invariant_held"": true, ""n_segments"": 663, ""n_train_fit"": 4995, ""n_val"": 1665, ""phase0"": [{""constant_lens"": false, ""gain"": 0.25, ""lens"": ""pc1"", ""lens_scaling"": ""standardize"", ""min_cluster_size"": 24, ""min_samples"": 5, ""n_class"": 2500, ""n_edges"": 7, ""n_intervals"": 8, ""n_vertices"": 8, ""noise_reassigned"": 2849, ""placement"": ""quantile"", ""slabs"": [{""k"": 1, ""n"": 352}, {""k"": 1, ""n"": 390}, {""k"": 1, ""n"": 391}, {""k"": 1, ""n"": 390}, {""k"": 1, ""n"": 390}, {""k"": 1, ""n"": 391}, {""k"": 1, ""n"": 390}, {""k"": 1, ""n"": 352}]}, {""constant_lens"": false, ""gain"": 0.25, ""lens"": ""pc1"", ""lens_scaling"": ""standardize"", ""min_cluster_size"": 24, ""min_samples"": 5, ""n_class"": 2495, ""n_edges"": 7, ""n_intervals"": 8, ""n_vertices"": 8, ""noise_reassigned"": 2847, ""placement"": ""quantile"", ""slabs"": [{""k"": 1, ""n"": 351}, {""k"": 1, ""n"": 390}, {""k"": 1, ""n"": 390}, {""k"": 1, ""n"": 389}, {""k"": 1, ""n"": 389}, {""k"": 1, ""n"": 390}, {""k"": 1, ""n"": 390}, {""k"": 1, ""n"": 351}]}], ""soundness_bound_holds"": true, ""step_rule"": ""scale_free"", ""topology_retention_nerve_to_frozen"": {""beta0_frozen"": 3, ""beta0_nerve"": 2, ""beta1_frozen"": 0, ""beta1_nerve"": 0}}",True
0.977027027027027,666,False,0.1,0.1,,29.652745999977924,29.652745999977924,0.0,twonorm,7,,SPINE+Graph,10,666,740,6660,0.9,322404115,False,"{""admission"": {""criterion"": ""risk"", ""removed_risk"": 1, ""removed_support"": 0}, ""betti_final"": [[2, 0], [1, 0]], ""betti_frozen"": [[2, 0], [1, 0]], ""betti_nerve"": [[1, 0], [1, 0]], ""boundary_restriction"": ""both"", ""forced_removals"": 0, ""growth_representation_fallbacks"": 661, ""invariant_held"": true, ""n_segments"": 663, ""n_train_fit"": 4995, ""n_val"": 1665, ""phase0"": [{""constant_lens"": false, ""gain"": 0.25, ""lens"": ""pc1"", ""lens_scaling"": ""standardize"", ""min_cluster_size"": 24, ""min_samples"": 5, ""n_class"": 2500, ""n_edges"": 7, ""n_intervals"": 8, ""n_vertices"": 8, ""noise_reassigned"": 2849, ""placement"": ""quantile"", ""slabs"": [{""k"": 1, ""n"": 352}, {""k"": 1, ""n"": 390}, {""k"": 1, ""n"": 391}, {""k"": 1, ""n"": 390}, {""k"": 1, ""n"": 390}, {""k"": 1, ""n"": 391}, {""k"": 1, ""n"": 390}, {""k"": 1, ""n"": 352}]}, {""constant_lens"": false, ""gain"": 0.25, ""lens"": ""pc1"", ""lens_scaling"": ""standardize"", ""min_cluster_size"": 24, ""min_samples"": 5, ""n_class"": 2495, ""n_edges"": 7, ""n_intervals"": 8, ""n_vertices"": 8, ""noise_reassigned"": 2847, ""placement"": ""quantile"", ""slabs"": [{""k"": 1, ""n"": 351}, {""k"": 1, ""n"": 390}, {""k"": 1, ""n"": 390}, {""k"": 1, ""n"": 389}, {""k"": 1, ""n"": 389}, {""k"": 1, ""n"": 390}, {""k"": 1, ""n"": 390}, {""k"": 1, ""n"": 351}]}], ""soundness_bound_holds"": true, ""step_rule"": ""scale_free"", ""topology_retention_nerve_to_frozen"": {""beta0_frozen"": 3, ""beta0_nerve"": 2, ""beta1_frozen"": 0, ""beta1_nerve"": 0}}",True
0.9554054054054054,666,False,0.1,0.1,,6.832071000011638,124.59877000004053,117.7666990000289,twonorm,7,"{""epsilon"": 0.1, ""window"": 0.2}",LVQ3,10,666,740,6660,0.9,322404115,False,,True
0.9567567567567568,666,False,0.1,0.1,"{""0"": 333, ""1"": 333}",9.590672999969684,9.590672999969684,0.0,twonorm,7,,KMeans,10,666,740,6660,0.9,322404115,False,,True
0.9513513513513514,666,False,0.1,0.1,"{""0"": 333, ""1"": 333}",0.001196000026538968,0.001196000026538968,0.0,twonorm,7,,Random,10,666,740,6660,0.9,322404115,False,,True
0.9432432432432433,666,False,0.1,0.1,,2.0980080000008456,2.0980080000008456,0.0,twonorm,7,,SPOT,10,666,740,6660,0.9,322404115,False,,True
0.9743243243243244,666,False,0.1,0.1,,96.88231700001052,96.88231700001052,0.0,twonorm,7,,GLVQ,10,666,740,6660,0.9,322404115,False,,True
0.9594594594594594,666,False,0.1,0.1,,30.081449999997858,30.081449999997858,0.0,twonorm,7,,GNG,10,666,740,6660,0.9,322404115,False,,True
0.9418918918918919,1665,False,0.25,0.25,,0.0005280000041238964,0.0005280000041238964,0.0,twonorm,7,,Full,10,6660,740,6660,0.0,322404115,True,,False
0.9175675675675675,1665,False,0.25,0.25,,1.8108070000307634,1.8108070000307634,0.0,twonorm,7,,RSP3,10,968,740,6660,0.8546546546546546,322404115,True,,False
0.8932432432432432,1665,False,0.25,0.25,,1.3753819999983534,1.3753819999983534,0.0,twonorm,7,,RHC,10,223,740,6660,0.9665165165165165,322404115,True,,False
0.9716216216216216,1665,False,0.25,0.25,,159.9783049999969,159.9783049999969,0.0,twonorm,7,,SPINE+1NN,10,1665,740,6660,0.75,322404115,False,"{""admission"": {""criterion"": ""risk"", ""removed_risk"": 1, ""removed_support"": 0}, ""betti_final"": [[2, 0], [1, 0]], ""betti_frozen"": [[2, 0], [1, 0]], ""betti_nerve"": [[1, 0], [1, 0]], ""boundary_restriction"": ""both"", ""forced_removals"": 0, ""growth_representation_fallbacks"": 1854, ""invariant_held"": true, ""n_segments"": 1662, ""n_train_fit"": 4995, ""n_val"": 1665, ""phase0"": [{""constant_lens"": false, ""gain"": 0.25, ""lens"": ""pc1"", ""lens_scaling"": ""standardize"", ""min_cluster_size"": 24, ""min_samples"": 5, ""n_class"": 2500, ""n_edges"": 7, ""n_intervals"": 8, ""n_vertices"": 8, ""noise_reassigned"": 2849, ""placement"": ""quantile"", ""slabs"": [{""k"": 1, ""n"": 352}, {""k"": 1, ""n"": 390}, {""k"": 1, ""n"": 391}, {""k"": 1, ""n"": 390}, {""k"": 1, ""n"": 390}, {""k"": 1, ""n"": 391}, {""k"": 1, ""n"": 390}, {""k"": 1, ""n"": 352}]}, {""constant_lens"": false, ""gain"": 0.25, ""lens"": ""pc1"", ""lens_scaling"": ""standardize"", ""min_cluster_size"": 24, ""min_samples"": 5, ""n_class"": 2495, ""n_edges"": 7, ""n_intervals"": 8, ""n_vertices"": 8, ""noise_reassigned"": 2847, ""placement"": ""quantile"", ""slabs"": [{""k"": 1, ""n"": 351}, {""k"": 1, ""n"": 390}, {""k"": 1, ""n"": 390}, {""k"": 1, ""n"": 389}, {""k"": 1, ""n"": 389}, {""k"": 1, ""n"": 390}, {""k"": 1, ""n"": 390}, {""k"": 1, ""n"": 351}]}], ""soundness_bound_holds"": true, ""step_rule"": ""scale_free"", ""topology_retention_nerve_to_frozen"": {""beta0_frozen"": 3, ""beta0_nerve"": 2, ""beta1_frozen"": 0, ""beta1_nerve"": 0}}",True
0.9689189189189189,1665,False,0.25,0.25,,159.9783049999969,159.9783049999969,0.0,twonorm,7,,SPINE+Graph,10,1665,740,6660,0.75,322404115,False,"{""admission"": {""criterion"": ""risk"", ""removed_risk"": 1, ""removed_support"": 0}, ""betti_final"": [[2, 0], [1, 0]], ""betti_frozen"": [[2, 0], [1, 0]], ""betti_nerve"": [[1, 0], [1, 0]], ""boundary_restriction"": ""both"", ""forced_removals"": 0, ""growth_representation_fallbacks"": 1854, ""invariant_held"": true, ""n_segments"": 1662, ""n_train_fit"": 4995, ""n_val"": 1665, ""phase0"": [{""constant_lens"": false, ""gain"": 0.25, ""lens"": ""pc1"", ""lens_scaling"": ""standardize"", ""min_cluster_size"": 24, ""min_samples"": 5, ""n_class"": 2500, ""n_edges"": 7, ""n_intervals"": 8, ""n_vertices"": 8, ""noise_reassigned"": 2849, ""placement"": ""quantile"", ""slabs"": [{""k"": 1, ""n"": 352}, {""k"": 1, ""n"": 390}, {""k"": 1, ""n"": 391}, {""k"": 1, ""n"": 390}, {""k"": 1, ""n"": 390}, {""k"": 1, ""n"": 391}, {""k"": 1, ""n"": 390}, {""k"": 1, ""n"": 352}]}, {""constant_lens"": false, ""gain"": 0.25, ""lens"": ""pc1"", ""lens_scaling"": ""standardize"", ""min_cluster_size"": 24, ""min_samples"": 5, ""n_class"": 2495, ""n_edges"": 7, ""n_intervals"": 8, ""n_vertices"": 8, ""noise_reassigned"": 2847, ""placement"": ""quantile"", ""slabs"": [{""k"": 1, ""n"": 351}, {""k"": 1, ""n"": 390}, {""k"": 1, ""n"": 390}, {""k"": 1, ""n"": 389}, {""k"": 1, ""n"": 389}, {""k"": 1, ""n"": 390}, {""k"": 1, ""n"": 390}, {""k"": 1, ""n"": 351}]}], ""soundness_bound_holds"": true, ""step_rule"": ""scale_free"", ""topology_retention_nerve_to_frozen"": {""beta0_frozen"": 3, ""beta0_nerve"": 2, ""beta1_frozen"": 0, ""beta1_nerve"": 0}}",True
0.9621621621621622,1665,False,0.25,0.25,,14.35533300001407,251.96062500000698,237.60529199999291,twonorm,7,"{""epsilon"": 0.3, ""window"": 0.2}",LVQ3,10,1665,740,6660,0.75,322404115,False,,True
0.9472972972972973,1665,False,0.25,0.25,"{""0"": 833, ""1"": 832}",21.98920700000599,21.98920700000599,0.0,twonorm,7,,KMeans,10,1665,740,6660,0.75,322404115,False,,True
0.9378378378378378,1665,False,0.25,0.25,"{""0"": 833, ""1"": 832}",0.0020149999763816595,0.0020149999763816595,0.0,twonorm,7,,Random,10,1665,740,6660,0.75,322404115,False,,True
0.9378378378378378,1665,False,0.25,0.25,,2.1923400000086986,2.1923400000086986,0.0,twonorm,7,,SPOT,10,1665,740,6660,0.75,322404115,False,,True
0.9716216216216216,1665,False,0.25,0.25,,237.31339199998183,237.31339199998183,0.0,twonorm,7,,GLVQ,10,1665,740,6660,0.75,322404115,False,,True
0.9486486486486486,1665,False,0.25,0.25,,161.01402599998983,161.01402599998983,0.0,twonorm,7,,GNG,10,1665,740,6660,0.75,322404115,False,,True
0.9567567567567568,33,False,0.004954954954954955,0.005,,0.0005930000334046781,0.0005930000334046781,0.0,twonorm,8,,Full,10,6660,740,6660,0.0,323404118,False,,False
0.9324324324324325,33,False,0.004954954954954955,0.005,,1.8095220000250265,1.8095220000250265,0.0,twonorm,8,,RSP3,10,1010,740,6660,0.8483483483483484,323404118,False,,False
0.8864864864864865,33,False,0.004954954954954955,0.005,,1.2598850000067614,1.2598850000067614,0.0,twonorm,8,,RHC,10,198,740,6660,0.9702702702702702,323404118,False,,False
0.9797297297297297,33,False,0.004954954954954955,0.005,,5.661149999999907,5.661149999999907,0.0,twonorm,8,,SPINE+1NN,10,33,740,6660,0.9950450450450451,323404118,False,"{""admission"": {""criterion"": ""risk"", ""removed_risk"": 2, ""removed_support"": 0}, ""betti_final"": [[1, 0], [3, 0]], ""betti_frozen"": [[1, 0], [3, 0]], ""betti_nerve"": [[1, 0], [1, 0]], ""boundary_restriction"": ""both"", ""forced_removals"": 0, ""growth_representation_fallbacks"": 10, ""invariant_held"": true, ""n_segments"": 29, ""n_train_fit"": 4995, ""n_val"": 1665, ""phase0"": [{""constant_lens"": false, ""gain"": 0.25, ""lens"": ""pc1"", ""lens_scaling"": ""standardize"", ""min_cluster_size"": 24, ""min_samples"": 5, ""n_class"": 2500, ""n_edges"": 7, ""n_intervals"": 8, ""n_vertices"": 8, ""noise_reassigned"": 2845, ""placement"": ""quantile"", ""slabs"": [{""k"": 1, ""n"": 352}, {""k"": 1, ""n"": 390}, {""k"": 1, ""n"": 391}, {""k"": 1, ""n"": 390}, {""k"": 1, ""n"": 390}, {""k"": 1, ""n"": 391}, {""k"": 1, ""n"": 390}, {""k"": 1, ""n"": 352}]}, {""constant_lens"": false, ""gain"": 0.25, ""lens"": ""pc1"", ""lens_scaling"": ""standardize"", ""min_cluster_size"": 24, ""min_samples"": 5, ""n_class"": 2495, ""n_edges"": 7, ""n_intervals"": 8, ""n_vertices"": 8, ""noise_reassigned"": 2848, ""placement"": ""quantile"", ""slabs"": [{""k"": 1, ""n"": 351}, {""k"": 1, ""n"": 390}, {""k"": 1, ""n"": 390}, {""k"": 1, ""n"": 389}, {""k"": 1, ""n"": 389}, {""k"": 1, ""n"": 390}, {""k"": 1, ""n"": 390}, {""k"": 1, ""n"": 351}]}], ""soundness_bound_holds"": true, ""step_rule"": ""scale_free"", ""topology_retention_nerve_to_frozen"": {""beta0_frozen"": 4, ""beta0_nerve"": 2, ""beta1_frozen"": 0, ""beta1_nerve"": 0}}",True
0.9797297297297297,33,False,0.004954954954954955,0.005,,5.661149999999907,5.661149999999907,0.0,twonorm,8,,SPINE+Graph,10,33,740,6660,0.9950450450450451,323404118,False,"{""admission"": {""criterion"": ""risk"", ""removed_risk"": 2, ""removed_support"": 0}, ""betti_final"": [[1, 0], [3, 0]], ""betti_frozen"": [[1, 0], [3, 0]], ""betti_nerve"": [[1, 0], [1, 0]], ""boundary_restriction"": ""both"", ""forced_removals"": 0, ""growth_representation_fallbacks"": 10, ""invariant_held"": true, ""n_segments"": 29, ""n_train_fit"": 4995, ""n_val"": 1665, ""phase0"": [{""constant_lens"": false, ""gain"": 0.25, ""lens"": ""pc1"", ""lens_scaling"": ""standardize"", ""min_cluster_size"": 24, ""min_samples"": 5, ""n_class"": 2500, ""n_edges"": 7, ""n_intervals"": 8, ""n_vertices"": 8, ""noise_reassigned"": 2845, ""placement"": ""quantile"", ""slabs"": [{""k"": 1, ""n"": 352}, {""k"": 1, ""n"": 390}, {""k"": 1, ""n"": 391}, {""k"": 1, ""n"": 390}, {""k"": 1, ""n"": 390}, {""k"": 1, ""n"": 391}, {""k"": 1, ""n"": 390}, {""k"": 1, ""n"": 352}]}, {""constant_lens"": false, ""gain"": 0.25, ""lens"": ""pc1"", ""lens_scaling"": ""standardize"", ""min_cluster_size"": 24, ""min_samples"": 5, ""n_class"": 2495, ""n_edges"": 7, ""n_intervals"": 8, ""n_vertices"": 8, ""noise_reassigned"": 2848, ""placement"": ""quantile"", ""slabs"": [{""k"": 1, ""n"": 351}, {""k"": 1, ""n"": 390}, {""k"": 1, ""n"": 390}, {""k"": 1, ""n"": 389}, {""k"": 1, ""n"": 389}, {""k"": 1, ""n"": 390}, {""k"": 1, ""n"": 390}, {""k"": 1, ""n"": 351}]}], ""soundness_bound_holds"": true, ""step_rule"": ""scale_free"", ""topology_retention_nerve_to_frozen"": {""beta0_frozen"": 4, ""beta0_nerve"": 2, ""beta1_frozen"": 0, ""beta1_nerve"": 0}}",True
0.977027027027027,33,False,0.004954954954954955,0.005,,2.6261670000385493,49.61922600003891,46.99305900000036,twonorm,8,"{""epsilon"": 0.3, ""window"": 0.3}",LVQ3,10,33,740,6660,0.9950450450450451,323404118,False,,True
0.9797297297297297,33,False,0.004954954954954955,0.005,"{""0"": 17, ""1"": 16}",2.561389999988023,2.561389999988023,0.0,twonorm,8,,KMeans,10,33,740,6660,0.9950450450450451,323404118,False,,True
0.9067567567567567,33,False,0.004954954954954955,0.005,"{""0"": 17, ""1"": 16}",0.001066999975591898,0.001066999975591898,0.0,twonorm,8,,Random,10,33,740,6660,0.9950450450450451,323404118,False,,True
0.9067567567567567,33,False,0.004954954954954955,0.005,,1.7662039999850094,1.7662039999850094,0.0,twonorm,8,,SPOT,10,33,740,6660,0.9950450450450451,323404118,False,,True
0.981081081081081,33,False,0.004954954954954955,0.005,,8.133560999995098,8.133560999995098,0.0,twonorm,8,,GLVQ,10,33,740,6660,0.9950450450450451,323404118,False,,True
0.9756756756756757,33,False,0.004954954954954955,0.005,,1.5567399999708869,1.5567399999708869,0.0,twonorm,8,,GNG,10,33,740,6660,0.9950450450450451,323404118,False,,True
0.9567567567567568,67,False,0.01006006006006006,0.01,,0.0005930000334046781,0.0005930000334046781,0.0,twonorm,8,,Full,10,6660,740,6660,0.0,323404118,True,,False
0.9324324324324325,67,False,0.01006006006006006,0.01,,1.8095220000250265,1.8095220000250265,0.0,twonorm,8,,RSP3,10,1010,740,6660,0.8483483483483484,323404118,True,,False
0.8864864864864865,67,False,0.01006006006006006,0.01,,1.2598850000067614,1.2598850000067614,0.0,twonorm,8,,RHC,10,198,740,6660,0.9702702702702702,323404118,True,,False
0.9851351351351352,67,False,0.01006006006006006,0.01,,5.871647000021767,5.871647000021767,0.0,twonorm,8,,SPINE+1NN,10,67,740,6660,0.9899399399399399,323404118,False,"{""admission"": {""criterion"": ""risk"", ""removed_risk"": 2, ""removed_support"": 0}, ""betti_final"": [[1, 0], [3, 0]], ""betti_frozen"": [[1, 0], [3, 0]], ""betti_nerve"": [[1, 0], [1, 0]], ""boundary_restriction"": ""both"", ""forced_removals"": 0, ""growth_representation_fallbacks"": 30, ""invariant_held"": true, ""n_segments"": 63, ""n_train_fit"": 4995, ""n_val"": 1665, ""phase0"": [{""constant_lens"": false, ""gain"": 0.25, ""lens"": ""pc1"", ""lens_scaling"": ""standardize"", ""min_cluster_size"": 24, ""min_samples"": 5, ""n_class"": 2500, ""n_edges"": 7, ""n_intervals"": 8, ""n_vertices"": 8, ""noise_reassigned"": 2845, ""placement"": ""quantile"", ""slabs"": [{""k"": 1, ""n"": 352}, {""k"": 1, ""n"": 390}, {""k"": 1, ""n"": 391}, {""k"": 1, ""n"": 390}, {""k"": 1, ""n"": 390}, {""k"": 1, ""n"": 391}, {""k"": 1, ""n"": 390}, {""k"": 1, ""n"": 352}]}, {""constant_lens"": false, ""gain"": 0.25, ""lens"": ""pc1"", ""lens_scaling"": ""standardize"", ""min_cluster_size"": 24, ""min_samples"": 5, ""n_class"": 2495, ""n_edges"": 7, ""n_intervals"": 8, ""n_vertices"": 8, ""noise_reassigned"": 2848, ""placement"": ""quantile"", ""slabs"": [{""k"": 1, ""n"": 351}, {""k"": 1, ""n"": 390}, {""k"": 1, ""n"": 390}, {""k"": 1, ""n"": 389}, {""k"": 1, ""n"": 389}, {""k"": 1, ""n"": 390}, {""k"": 1, ""n"": 390}, {""k"": 1, ""n"": 351}]}], ""soundness_bound_holds"": true, ""step_rule"": ""scale_free"", ""topology_retention_nerve_to_frozen"": {""beta0_frozen"": 4, ""beta0_nerve"": 2, ""beta1_frozen"": 0, ""beta1_nerve"": 0}}",True
0.9837837837837838,67,False,0.01006006006006006,0.01,,5.871647000021767,5.871647000021767,0.0,twonorm,8,,SPINE+Graph,10,67,740,6660,0.9899399399399399,323404118,False,"{""admission"": {""criterion"": ""risk"", ""removed_risk"": 2, ""removed_support"": 0}, ""betti_final"": [[1, 0], [3, 0]], ""betti_frozen"": [[1, 0], [3, 0]], ""betti_nerve"": [[1, 0], [1, 0]], ""boundary_restriction"": ""both"", ""forced_removals"": 0, ""growth_representation_fallbacks"": 30, ""invariant_held"": true, ""n_segments"": 63, ""n_train_fit"": 4995, ""n_val"": 1665, ""phase0"": [{""constant_lens"": false, ""gain"": 0.25, ""lens"": ""pc1"", ""lens_scaling"": ""standardize"", ""min_cluster_size"": 24, ""min_samples"": 5, ""n_class"": 2500, ""n_edges"": 7, ""n_intervals"": 8, ""n_vertices"": 8, ""noise_reassigned"": 2845, ""placement"": ""quantile"", ""slabs"": [{""k"": 1, ""n"": 352}, {""k"": 1, ""n"": 390}, {""k"": 1, ""n"": 391}, {""k"": 1, ""n"": 390}, {""k"": 1, ""n"": 390}, {""k"": 1, ""n"": 391}, {""k"": 1, ""n"": 390}, {""k"": 1, ""n"": 352}]}, {""constant_lens"": false, ""gain"": 0.25, ""lens"": ""pc1"", ""lens_scaling"": ""standardize"", ""min_cluster_size"": 24, ""min_samples"": 5, ""n_class"": 2495, ""n_edges"": 7, ""n_intervals"": 8, ""n_vertices"": 8, ""noise_reassigned"": 2848, ""placement"": ""quantile"", ""slabs"": [{""k"": 1, ""n"": 351}, {""k"": 1, ""n"": 390}, {""k"": 1, ""n"": 390}, {""k"": 1, ""n"": 389}, {""k"": 1, ""n"": 389}, {""k"": 1, ""n"": 390}, {""k"": 1, ""n"": 390}, {""k"": 1, ""n"": 351}]}], ""soundness_bound_holds"": true, ""step_rule"": ""scale_free"", ""topology_retention_nerve_to_frozen"": {""beta0_frozen"": 4, ""beta0_nerve"": 2, ""beta1_frozen"": 0, ""beta1_nerve"": 0}}",True
0.977027027027027,67,False,0.01006006006006006,0.01,,2.849151999980677,54.62280399998417,51.773652000003494,twonorm,8,"{""epsilon"": 0.1, ""window"": 0.3}",LVQ3,10,67,740,6660,0.9899399399399399,323404118,False,,True
0.9756756756756757,67,False,0.01006006006006006,0.01,"{""0"": 34, ""1"": 33}",2.8126060000504367,2.8126060000504367,0.0,twonorm,8,,KMeans,10,67,740,6660,0.9899399399399399,323404118,False,,True
0.9324324324324325,67,False,0.01006006006006006,0.01,"{""0"": 34, ""1"": 33}",0.001134999969508499,0.001134999969508499,0.0,twonorm,8,,Random,10,67,740,6660,0.9899399399399399,323404118,False,,True
0.9351351351351351,67,False,0.01006006006006006,0.01,,1.630217999976594,1.630217999976594,0.0,twonorm,8,,SPOT,10,67,740,6660,0.9899399399399399,323404118,False,,True
0.981081081081081,67,False,0.01006006006006006,0.01,,12.681065000011586,12.681065000011586,0.0,twonorm,8,,GLVQ,10,67,740,6660,0.9899399399399399,323404118,False,,True
0.9824324324324324,67,False,0.01006006006006006,0.01,,1.9052120000123978,1.9052120000123978,0.0,twonorm,8,,GNG,10,67,740,6660,0.9899399399399399,323404118,False,,True
0.9567567567567568,133,False,0.01996996996996997,0.02,,0.0005930000334046781,0.0005930000334046781,0.0,twonorm,8,,Full,10,6660,740,6660,0.0,323404118,True,,False
0.9324324324324325,133,False,0.01996996996996997,0.02,,1.8095220000250265,1.8095220000250265,0.0,twonorm,8,,RSP3,10,1010,740,6660,0.8483483483483484,323404118,True,,False
0.8864864864864865,133,False,0.01996996996996997,0.02,,1.2598850000067614,1.2598850000067614,0.0,twonorm,8,,RHC,10,198,740,6660,0.9702702702702702,323404118,True,,False
0.9837837837837838,133,False,0.01996996996996997,0.02,,6.481564000016078,6.481564000016078,0.0,twonorm,8,,SPINE+1NN,10,133,740,6660,0.98003003003003,323404118,False,"{""admission"": {""criterion"": ""risk"", ""removed_risk"": 2, ""removed_support"": 0}, ""betti_final"": [[1, 0], [3, 0]], ""betti_frozen"": [[1, 0], [3, 0]], ""betti_nerve"": [[1, 0], [1, 0]], ""boundary_restriction"": ""both"", ""forced_removals"": 0, ""growth_representation_fallbacks"": 96, ""invariant_held"": true, ""n_segments"": 129, ""n_train_fit"": 4995, ""n_val"": 1665, ""phase0"": [{""constant_lens"": false, ""gain"": 0.25, ""lens"": ""pc1"", ""lens_scaling"": ""standardize"", ""min_cluster_size"": 24, ""min_samples"": 5, ""n_class"": 2500, ""n_edges"": 7, ""n_intervals"": 8, ""n_vertices"": 8, ""noise_reassigned"": 2845, ""placement"": ""quantile"", ""slabs"": [{""k"": 1, ""n"": 352}, {""k"": 1, ""n"": 390}, {""k"": 1, ""n"": 391}, {""k"": 1, ""n"": 390}, {""k"": 1, ""n"": 390}, {""k"": 1, ""n"": 391}, {""k"": 1, ""n"": 390}, {""k"": 1, ""n"": 352}]}, {""constant_lens"": false, ""gain"": 0.25, ""lens"": ""pc1"", ""lens_scaling"": ""standardize"", ""min_cluster_size"": 24, ""min_samples"": 5, ""n_class"": 2495, ""n_edges"": 7, ""n_intervals"": 8, ""n_vertices"": 8, ""noise_reassigned"": 2848, ""placement"": ""quantile"", ""slabs"": [{""k"": 1, ""n"": 351}, {""k"": 1, ""n"": 390}, {""k"": 1, ""n"": 390}, {""k"": 1, ""n"": 389}, {""k"": 1, ""n"": 389}, {""k"": 1, ""n"": 390}, {""k"": 1, ""n"": 390}, {""k"": 1, ""n"": 351}]}], ""soundness_bound_holds"": true, ""step_rule"": ""scale_free"", ""topology_retention_nerve_to_frozen"": {""beta0_frozen"": 4, ""beta0_nerve"": 2, ""beta1_frozen"": 0, ""beta1_nerve"": 0}}",True
0.9824324324324324,133,False,0.01996996996996997,0.02,,6.481564000016078,6.481564000016078,0.0,twonorm,8,,SPINE+Graph,10,133,740,6660,0.98003003003003,323404118,False,"{""admission"": {""criterion"": ""risk"", ""removed_risk"": 2, ""removed_support"": 0}, ""betti_final"": [[1, 0], [3, 0]], ""betti_frozen"": [[1, 0], [3, 0]], ""betti_nerve"": [[1, 0], [1, 0]], ""boundary_restriction"": ""both"", ""forced_removals"": 0, ""growth_representation_fallbacks"": 96, ""invariant_held"": true, ""n_segments"": 129, ""n_train_fit"": 4995, ""n_val"": 1665, ""phase0"": [{""constant_lens"": false, ""gain"": 0.25, ""lens"": ""pc1"", ""lens_scaling"": ""standardize"", ""min_cluster_size"": 24, ""min_samples"": 5, ""n_class"": 2500, ""n_edges"": 7, ""n_intervals"": 8, ""n_vertices"": 8, ""noise_reassigned"": 2845, ""placement"": ""quantile"", ""slabs"": [{""k"": 1, ""n"": 352}, {""k"": 1, ""n"": 390}, {""k"": 1, ""n"": 391}, {""k"": 1, ""n"": 390}, {""k"": 1, ""n"": 390}, {""k"": 1, ""n"": 391}, {""k"": 1, ""n"": 390}, {""k"": 1, ""n"": 352}]}, {""constant_lens"": false, ""gain"": 0.25, ""lens"": ""pc1"", ""lens_scaling"": ""standardize"", ""min_cluster_size"": 24, ""min_samples"": 5, ""n_class"": 2495, ""n_edges"": 7, ""n_intervals"": 8, ""n_vertices"": 8, ""noise_reassigned"": 2848, ""placement"": ""quantile"", ""slabs"": [{""k"": 1, ""n"": 351}, {""k"": 1, ""n"": 390}, {""k"": 1, ""n"": 390}, {""k"": 1, ""n"": 389}, {""k"": 1, ""n"": 389}, {""k"": 1, ""n"": 390}, {""k"": 1, ""n"": 390}, {""k"": 1, ""n"": 351}]}], ""soundness_bound_holds"": true, ""step_rule"": ""scale_free"", ""topology_retention_nerve_to_frozen"": {""beta0_frozen"": 4, ""beta0_nerve"": 2, ""beta1_frozen"": 0, ""beta1_nerve"": 0}}",True
0.9824324324324324,133,False,0.01996996996996997,0.02,,3.417485000041779,62.05060700001195,58.63312199997017,twonorm,8,"{""epsilon"": 0.3, ""window"": 0.3}",LVQ3,10,133,740,6660,0.98003003003003,323404118,False,,True
0.972972972972973,133,False,0.01996996996996997,0.02,"{""0"": 67, ""1"": 66}",3.4059049999923445,3.4059049999923445,0.0,twonorm,8,,KMeans,10,133,740,6660,0.98003003003003,323404118,False,,True
0.9405405405405406,133,False,0.01996996996996997,0.02,"{""0"": 67, ""1"": 66}",0.0012019999558106065,0.0012019999558106065,0.0,twonorm,8,,Random,10,133,740,6660,0.98003003003003,323404118,False,,True
0.9472972972972973,133,False,0.01996996996996997,0.02,,1.9117710000136867,1.9117710000136867,0.0,twonorm,8,,SPOT,10,133,740,6660,0.98003003003003,323404118,False,,True
0.9797297297297297,133,False,0.01996996996996997,0.02,,22.226136000012048,22.226136000012048,0.0,twonorm,8,,GLVQ,10,133,740,6660,0.98003003003003,323404118,False,,True
0.977027027027027,133,False,0.01996996996996997,0.02,,3.022857000003569,3.022857000003569,0.0,twonorm,8,,GNG,10,133,740,6660,0.98003003003003,323404118,False,,True
0.9567567567567568,333,False,0.05,0.05,,0.0005930000334046781,0.0005930000334046781,0.0,twonorm,8,,Full,10,6660,740,6660,0.0,323404118,True,,False
0.9324324324324325,333,False,0.05,0.05,,1.8095220000250265,1.8095220000250265,0.0,twonorm,8,,RSP3,10,1010,740,6660,0.8483483483483484,323404118,True,,False
0.8864864864864865,333,False,0.05,0.05,,1.2598850000067614,1.2598850000067614,0.0,twonorm,8,,RHC,10,198,740,6660,0.9702702702702702,323404118,True,,False
0.981081081081081,333,False,0.05,0.05,,11.474124000000302,11.474124000000302,0.0,twonorm,8,,SPINE+1NN,10,333,740,6660,0.95,323404118,False,"{""admission"": {""criterion"": ""risk"", ""removed_risk"": 2, ""removed_support"": 0}, ""betti_final"": [[1, 0], [3, 0]], ""betti_frozen"": [[1, 0], [3, 0]], ""betti_nerve"": [[1, 0], [1, 0]], ""boundary_restriction"": ""both"", ""forced_removals"": 0, ""growth_representation_fallbacks"": 286, ""invariant_held"": true, ""n_segments"": 329, ""n_train_fit"": 4995, ""n_val"": 1665, ""phase0"": [{""constant_lens"": false, ""gain"": 0.25, ""lens"": ""pc1"", ""lens_scaling"": ""standardize"", ""min_cluster_size"": 24, ""min_samples"": 5, ""n_class"": 2500, ""n_edges"": 7, ""n_intervals"": 8, ""n_vertices"": 8, ""noise_reassigned"": 2845, ""placement"": ""quantile"", ""slabs"": [{""k"": 1, ""n"": 352}, {""k"": 1, ""n"": 390}, {""k"": 1, ""n"": 391}, {""k"": 1, ""n"": 390}, {""k"": 1, ""n"": 390}, {""k"": 1, ""n"": 391}, {""k"": 1, ""n"": 390}, {""k"": 1, ""n"": 352}]}, {""constant_lens"": false, ""gain"": 0.25, ""lens"": ""pc1"", ""lens_scaling"": ""standardize"", ""min_cluster_size"": 24, ""min_samples"": 5, ""n_class"": 2495, ""n_edges"": 7, ""n_intervals"": 8, ""n_vertices"": 8, ""noise_reassigned"": 2848, ""placement"": ""quantile"", ""slabs"": [{""k"": 1, ""n"": 351}, {""k"": 1, ""n"": 390}, {""k"": 1, ""n"": 390}, {""k"": 1, ""n"": 389}, {""k"": 1, ""n"": 389}, {""k"": 1, ""n"": 390}, {""k"": 1, ""n"": 390}, {""k"": 1, ""n"": 351}]}], ""soundness_bound_holds"": true, ""step_rule"": ""scale_free"", ""topology_retention_nerve_to_frozen"": {""beta0_frozen"": 4, ""beta0_nerve"": 2, ""beta1_frozen"": 0, ""beta1_nerve"": 0}}",True
0.981081081081081,333,False,0.05,0.05,,11.474124000000302,11.474124000000302,0.0,twonorm,8,,SPINE+Graph,10,333,740,6660,0.95,323404118,False,"{""admission"": {""criterion"": ""risk"", ""removed_risk"": 2, ""removed_support"": 0}, ""betti_final"": [[1, 0], [3, 0]], ""betti_frozen"": [[1, 0], [3, 0]], ""betti_nerve"": [[1, 0], [1, 0]], ""boundary_restriction"": ""both"", ""forced_removals"": 0, ""growth_representation_fallbacks"": 286, ""invariant_held"": true, ""n_segments"": 329, ""n_train_fit"": 4995, ""n_val"": 1665, ""phase0"": [{""constant_lens"": false, ""gain"": 0.25, ""lens"": ""pc1"", ""lens_scaling"": ""standardize"", ""min_cluster_size"": 24, ""min_samples"": 5, ""n_class"": 2500, ""n_edges"": 7, ""n_intervals"": 8, ""n_vertices"": 8, ""noise_reassigned"": 2845, ""placement"": ""quantile"", ""slabs"": [{""k"": 1, ""n"": 352}, {""k"": 1, ""n"": 390}, {""k"": 1, ""n"": 391}, {""k"": 1, ""n"": 390}, {""k"": 1, ""n"": 390}, {""k"": 1, ""n"": 391}, {""k"": 1, ""n"": 390}, {""k"": 1, ""n"": 352}]}, {""constant_lens"": false, ""gain"": 0.25, ""lens"": ""pc1"", ""lens_scaling"": ""standardize"", ""min_cluster_size"": 24, ""min_samples"": 5, ""n_class"": 2495, ""n_edges"": 7, ""n_intervals"": 8, ""n_vertices"": 8, ""noise_reassigned"": 2848, ""placement"": ""quantile"", ""slabs"": [{""k"": 1, ""n"": 351}, {""k"": 1, ""n"": 390}, {""k"": 1, ""n"": 390}, {""k"": 1, ""n"": 389}, {""k"": 1, ""n"": 389}, {""k"": 1, ""n"": 390}, {""k"": 1, ""n"": 390}, {""k"": 1, ""n"": 351}]}], ""soundness_bound_holds"": true, ""step_rule"": ""scale_free"", ""topology_retention_nerve_to_frozen"": {""beta0_frozen"": 4, ""beta0_nerve"": 2, ""beta1_frozen"": 0, ""beta1_nerve"": 0}}",True
0.9675675675675676,333,False,0.05,0.05,,4.674585000029765,87.94931699999142,83.27473199996166,twonorm,8,"{""epsilon"": 0.1, ""window"": 0.2}",LVQ3,10,333,740,6660,0.95,323404118,False,,True
0.9716216216216216,333,False,0.05,0.05,"{""0"": 167, ""1"": 166}",6.343684999970719,6.343684999970719,0.0,twonorm,8,,KMeans,10,333,740,6660,0.95,323404118,False,,True
0.9364864864864865,333,False,0.05,0.05,"{""0"": 167, ""1"": 166}",0.0013170000165700912,0.0013170000165700912,0.0,twonorm,8,,Random,10,333,740,6660,0.95,323404118,False,,True
0.9445945945945946,333,False,0.05,0.05,,2.006657999998424,2.006657999998424,0.0,twonorm,8,,SPOT,10,333,740,6660,0.95,323404118,False,,True
0.9824324324324324,333,False,0.05,0.05,,50.77040099998703,50.77040099998703,0.0,twonorm,8,,GLVQ,10,333,740,6660,0.95,323404118,False,,True
0.9743243243243244,333,False,0.05,0.05,,9.500449000042863,9.500449000042863,0.0,twonorm,8,,GNG,10,333,740,6660,0.95,323404118,False,,True
0.9567567567567568,666,False,0.1,0.1,,0.0005930000334046781,0.0005930000334046781,0.0,twonorm,8,,Full,10,6660,740,6660,0.0,323404118,True,,False
0.9324324324324325,666,False,0.1,0.1,,1.8095220000250265,1.8095220000250265,0.0,twonorm,8,,RSP3,10,1010,740,6660,0.8483483483483484,323404118,True,,False
0.8864864864864865,666,False,0.1,0.1,,1.2598850000067614,1.2598850000067614,0.0,twonorm,8,,RHC,10,198,740,6660,0.9702702702702702,323404118,True,,False
0.9797297297297297,666,False,0.1,0.1,,29.579956000030506,29.579956000030506,0.0,twonorm,8,,SPINE+1NN,10,666,740,6660,0.9,323404118,False,"{""admission"": {""criterion"": ""risk"", ""removed_risk"": 2, ""removed_support"": 0}, ""betti_final"": [[1, 0], [3, 0]], ""betti_frozen"": [[1, 0], [3, 0]], ""betti_nerve"": [[1, 0], [1, 0]], ""boundary_restriction"": ""both"", ""forced_removals"": 0, ""growth_representation_fallbacks"": 649, ""invariant_held"": true, ""n_segments"": 662, ""n_train_fit"": 4995, ""n_val"": 1665, ""phase0"": [{""constant_lens"": false, ""gain"": 0.25, ""lens"": ""pc1"", ""lens_scaling"": ""standardize"", ""min_cluster_size"": 24, ""min_samples"": 5, ""n_class"": 2500, ""n_edges"": 7, ""n_intervals"": 8, ""n_vertices"": 8, ""noise_reassigned"": 2845, ""placement"": ""quantile"", ""slabs"": [{""k"": 1, ""n"": 352}, {""k"": 1, ""n"": 390}, {""k"": 1, ""n"": 391}, {""k"": 1, ""n"": 390}, {""k"": 1, ""n"": 390}, {""k"": 1, ""n"": 391}, {""k"": 1, ""n"": 390}, {""k"": 1, ""n"": 352}]}, {""constant_lens"": false, ""gain"": 0.25, ""lens"": ""pc1"", ""lens_scaling"": ""standardize"", ""min_cluster_size"": 24, ""min_samples"": 5, ""n_class"": 2495, ""n_edges"": 7, ""n_intervals"": 8, ""n_vertices"": 8, ""noise_reassigned"": 2848, ""placement"": ""quantile"", ""slabs"": [{""k"": 1, ""n"": 351}, {""k"": 1, ""n"": 390}, {""k"": 1, ""n"": 390}, {""k"": 1, ""n"": 389}, {""k"": 1, ""n"": 389}, {""k"": 1, ""n"": 390}, {""k"": 1, ""n"": 390}, {""k"": 1, ""n"": 351}]}], ""soundness_bound_holds"": true, ""step_rule"": ""scale_free"", ""topology_retention_nerve_to_frozen"": {""beta0_frozen"": 4, ""beta0_nerve"": 2, ""beta1_frozen"": 0, ""beta1_nerve"": 0}}",True
0.9797297297297297,666,False,0.1,0.1,,29.579956000030506,29.579956000030506,0.0,twonorm,8,,SPINE+Graph,10,666,740,6660,0.9,323404118,False,"{""admission"": {""criterion"": ""risk"", ""removed_risk"": 2, ""removed_support"": 0}, ""betti_final"": [[1, 0], [3, 0]], ""betti_frozen"": [[1, 0], [3, 0]], ""betti_nerve"": [[1, 0], [1, 0]], ""boundary_restriction"": ""both"", ""forced_removals"": 0, ""growth_representation_fallbacks"": 649, ""invariant_held"": true, ""n_segments"": 662, ""n_train_fit"": 4995, ""n_val"": 1665, ""phase0"": [{""constant_lens"": false, ""gain"": 0.25, ""lens"": ""pc1"", ""lens_scaling"": ""standardize"", ""min_cluster_size"": 24, ""min_samples"": 5, ""n_class"": 2500, ""n_edges"": 7, ""n_intervals"": 8, ""n_vertices"": 8, ""noise_reassigned"": 2845, ""placement"": ""quantile"", ""slabs"": [{""k"": 1, ""n"": 352}, {""k"": 1, ""n"": 390}, {""k"": 1, ""n"": 391}, {""k"": 1, ""n"": 390}, {""k"": 1, ""n"": 390}, {""k"": 1, ""n"": 391}, {""k"": 1, ""n"": 390}, {""k"": 1, ""n"": 352}]}, {""constant_lens"": false, ""gain"": 0.25, ""lens"": ""pc1"", ""lens_scaling"": ""standardize"", ""min_cluster_size"": 24, ""min_samples"": 5, ""n_class"": 2495, ""n_edges"": 7, ""n_intervals"": 8, ""n_vertices"": 8, ""noise_reassigned"": 2848, ""placement"": ""quantile"", ""slabs"": [{""k"": 1, ""n"": 351}, {""k"": 1, ""n"": 390}, {""k"": 1, ""n"": 390}, {""k"": 1, ""n"": 389}, {""k"": 1, ""n"": 389}, {""k"": 1, ""n"": 390}, {""k"": 1, ""n"": 390}, {""k"": 1, ""n"": 351}]}], ""soundness_bound_holds"": true, ""step_rule"": ""scale_free"", ""topology_retention_nerve_to_frozen"": {""beta0_frozen"": 4, ""beta0_nerve"": 2, ""beta1_frozen"": 0, ""beta1_nerve"": 0}}",True
0.972972972972973,666,False,0.1,0.1,,7.203204000019468,125.16159899998456,117.9583949999651,twonorm,8,"{""epsilon"": 0.3, ""window"": 0.2}",LVQ3,10,666,740,6660,0.9,323404118,False,,True
0.9689189189189189,666,False,0.1,0.1,"{""0"": 333, ""1"": 333}",8.844814999960363,8.844814999960363,0.0,twonorm,8,,KMeans,10,666,740,6660,0.9,323404118,False,,True
0.9459459459459459,666,False,0.1,0.1,"{""0"": 333, ""1"": 333}",0.0013299999991431832,0.0013299999991431832,0.0,twonorm,8,,Random,10,666,740,6660,0.9,323404118,False,,True
0.9567567567567568,666,False,0.1,0.1,,1.7946140000130981,1.7946140000130981,0.0,twonorm,8,,SPOT,10,666,740,6660,0.9,323404118,False,,True
0.9837837837837838,666,False,0.1,0.1,,96.67445800005225,96.67445800005225,0.0,twonorm,8,,GLVQ,10,666,740,6660,0.9,323404118,False,,True
0.977027027027027,666,False,0.1,0.1,,30.132679000031203,30.132679000031203,0.0,twonorm,8,,GNG,10,666,740,6660,0.9,323404118,False,,True
0.9567567567567568,1665,False,0.25,0.25,,0.0005930000334046781,0.0005930000334046781,0.0,twonorm,8,,Full,10,6660,740,6660,0.0,323404118,True,,False
0.9324324324324325,1665,False,0.25,0.25,,1.8095220000250265,1.8095220000250265,0.0,twonorm,8,,RSP3,10,1010,740,6660,0.8483483483483484,323404118,True,,False
0.8864864864864865,1665,False,0.25,0.25,,1.2598850000067614,1.2598850000067614,0.0,twonorm,8,,RHC,10,198,740,6660,0.9702702702702702,323404118,True,,False
0.9797297297297297,1665,False,0.25,0.25,,160.15513699996518,160.15513699996518,0.0,twonorm,8,,SPINE+1NN,10,1665,740,6660,0.75,323404118,False,"{""admission"": {""criterion"": ""risk"", ""removed_risk"": 2, ""removed_support"": 0}, ""betti_final"": [[1, 0], [3, 0]], ""betti_frozen"": [[1, 0], [3, 0]], ""betti_nerve"": [[1, 0], [1, 0]], ""boundary_restriction"": ""both"", ""forced_removals"": 0, ""growth_representation_fallbacks"": 1851, ""invariant_held"": true, ""n_segments"": 1661, ""n_train_fit"": 4995, ""n_val"": 1665, ""phase0"": [{""constant_lens"": false, ""gain"": 0.25, ""lens"": ""pc1"", ""lens_scaling"": ""standardize"", ""min_cluster_size"": 24, ""min_samples"": 5, ""n_class"": 2500, ""n_edges"": 7, ""n_intervals"": 8, ""n_vertices"": 8, ""noise_reassigned"": 2845, ""placement"": ""quantile"", ""slabs"": [{""k"": 1, ""n"": 352}, {""k"": 1, ""n"": 390}, {""k"": 1, ""n"": 391}, {""k"": 1, ""n"": 390}, {""k"": 1, ""n"": 390}, {""k"": 1, ""n"": 391}, {""k"": 1, ""n"": 390}, {""k"": 1, ""n"": 352}]}, {""constant_lens"": false, ""gain"": 0.25, ""lens"": ""pc1"", ""lens_scaling"": ""standardize"", ""min_cluster_size"": 24, ""min_samples"": 5, ""n_class"": 2495, ""n_edges"": 7, ""n_intervals"": 8, ""n_vertices"": 8, ""noise_reassigned"": 2848, ""placement"": ""quantile"", ""slabs"": [{""k"": 1, ""n"": 351}, {""k"": 1, ""n"": 390}, {""k"": 1, ""n"": 390}, {""k"": 1, ""n"": 389}, {""k"": 1, ""n"": 389}, {""k"": 1, ""n"": 390}, {""k"": 1, ""n"": 390}, {""k"": 1, ""n"": 351}]}], ""soundness_bound_holds"": true, ""step_rule"": ""scale_free"", ""topology_retention_nerve_to_frozen"": {""beta0_frozen"": 4, ""beta0_nerve"": 2, ""beta1_frozen"": 0, ""beta1_nerve"": 0}}",True
0.9783783783783784,1665,False,0.25,0.25,,160.15513699996518,160.15513699996518,0.0,twonorm,8,,SPINE+Graph,10,1665,740,6660,0.75,323404118,False,"{""admission"": {""criterion"": ""risk"", ""removed_risk"": 2, ""removed_support"": 0}, ""betti_final"": [[1, 0], [3, 0]], ""betti_frozen"": [[1, 0], [3, 0]], ""betti_nerve"": [[1, 0], [1, 0]], ""boundary_restriction"": ""both"", ""forced_removals"": 0, ""growth_representation_fallbacks"": 1851, ""invariant_held"": true, ""n_segments"": 1661, ""n_train_fit"": 4995, ""n_val"": 1665, ""phase0"": [{""constant_lens"": false, ""gain"": 0.25, ""lens"": ""pc1"", ""lens_scaling"": ""standardize"", ""min_cluster_size"": 24, ""min_samples"": 5, ""n_class"": 2500, ""n_edges"": 7, ""n_intervals"": 8, ""n_vertices"": 8, ""noise_reassigned"": 2845, ""placement"": ""quantile"", ""slabs"": [{""k"": 1, ""n"": 352}, {""k"": 1, ""n"": 390}, {""k"": 1, ""n"": 391}, {""k"": 1, ""n"": 390}, {""k"": 1, ""n"": 390}, {""k"": 1, ""n"": 391}, {""k"": 1, ""n"": 390}, {""k"": 1, ""n"": 352}]}, {""constant_lens"": false, ""gain"": 0.25, ""lens"": ""pc1"", ""lens_scaling"": ""standardize"", ""min_cluster_size"": 24, ""min_samples"": 5, ""n_class"": 2495, ""n_edges"": 7, ""n_intervals"": 8, ""n_vertices"": 8, ""noise_reassigned"": 2848, ""placement"": ""quantile"", ""slabs"": [{""k"": 1, ""n"": 351}, {""k"": 1, ""n"": 390}, {""k"": 1, ""n"": 390}, {""k"": 1, ""n"": 389}, {""k"": 1, ""n"": 389}, {""k"": 1, ""n"": 390}, {""k"": 1, ""n"": 390}, {""k"": 1, ""n"": 351}]}], ""soundness_bound_holds"": true, ""step_rule"": ""scale_free"", ""topology_retention_nerve_to_frozen"": {""beta0_frozen"": 4, ""beta0_nerve"": 2, ""beta1_frozen"": 0, ""beta1_nerve"": 0}}",True
0.9675675675675676,1665,False,0.25,0.25,,15.123874999990221,262.17715599999065,247.05328100000042,twonorm,8,"{""epsilon"": 0.3, ""window"": 0.2}",LVQ3,10,1665,740,6660,0.75,323404118,False,,True
0.9567567567567568,1665,False,0.25,0.25,"{""0"": 833, ""1"": 832}",25.627609999966808,25.627609999966808,0.0,twonorm,8,,KMeans,10,1665,740,6660,0.75,323404118,False,,True
0.9554054054054054,1665,False,0.25,0.25,"{""0"": 833, ""1"": 832}",0.001963999995496124,0.001963999995496124,0.0,twonorm,8,,Random,10,1665,740,6660,0.75,323404118,False,,True
0.9554054054054054,1665,False,0.25,0.25,,2.200944999989588,2.200944999989588,0.0,twonorm,8,,SPOT,10,1665,740,6660,0.75,323404118,False,,True
0.981081081081081,1665,False,0.25,0.25,,236.80507000000216,236.80507000000216,0.0,twonorm,8,,GLVQ,10,1665,740,6660,0.75,323404118,False,,True
0.977027027027027,1665,False,0.25,0.25,,160.808556999953,160.808556999953,0.0,twonorm,8,,GNG,10,1665,740,6660,0.75,323404118,False,,True
0.9432432432432433,33,False,0.004954954954954955,0.005,,0.0005300000193528831,0.0005300000193528831,0.0,twonorm,9,,Full,10,6660,740,6660,0.0,324404121,False,,False
0.922972972972973,33,False,0.004954954954954955,0.005,,1.7810389999649487,1.7810389999649487,0.0,twonorm,9,,RSP3,10,1024,740,6660,0.8462462462462462,324404121,False,,False
0.9013513513513514,33,False,0.004954954954954955,0.005,,1.3612790000042878,1.3612790000042878,0.0,twonorm,9,,RHC,10,219,740,6660,0.9671171171171171,324404121,False,,False
0.9702702702702702,33,False,0.004954954954954955,0.005,,5.644519000023138,5.644519000023138,0.0,twonorm,9,,SPINE+1NN,10,33,740,6660,0.9950450450450451,324404121,False,"{""admission"": {""criterion"": ""risk"", ""removed_risk"": 2, ""removed_support"": 0}, ""betti_final"": [[3, 0], [1, 0]], ""betti_frozen"": [[3, 0], [1, 0]], ""betti_nerve"": [[1, 0], [1, 0]], ""boundary_restriction"": ""both"", ""forced_removals"": 0, ""growth_representation_fallbacks"": 10, ""invariant_held"": true, ""n_segments"": 29, ""n_train_fit"": 4995, ""n_val"": 1665, ""phase0"": [{""constant_lens"": false, ""gain"": 0.25, ""lens"": ""pc1"", ""lens_scaling"": ""standardize"", ""min_cluster_size"": 24, ""min_samples"": 5, ""n_class"": 2500, ""n_edges"": 7, ""n_intervals"": 8, ""n_vertices"": 8, ""noise_reassigned"": 2853, ""placement"": ""quantile"", ""slabs"": [{""k"": 1, ""n"": 352}, {""k"": 1, ""n"": 390}, {""k"": 1, ""n"": 391}, {""k"": 1, ""n"": 390}, {""k"": 1, ""n"": 390}, {""k"": 1, ""n"": 391}, {""k"": 1, ""n"": 390}, {""k"": 1, ""n"": 352}]}, {""constant_lens"": false, ""gain"": 0.25, ""lens"": ""pc1"", ""lens_scaling"": ""standardize"", ""min_cluster_size"": 24, ""min_samples"": 5, ""n_class"": 2495, ""n_edges"": 7, ""n_intervals"": 8, ""n_vertices"": 8, ""noise_reassigned"": 2846, ""placement"": ""quantile"", ""slabs"": [{""k"": 1, ""n"": 351}, {""k"": 1, ""n"": 390}, {""k"": 1, ""n"": 390}, {""k"": 1, ""n"": 389}, {""k"": 1, ""n"": 389}, {""k"": 1, ""n"": 390}, {""k"": 1, ""n"": 390}, {""k"": 1, ""n"": 351}]}], ""soundness_bound_holds"": true, ""step_rule"": ""scale_free"", ""topology_retention_nerve_to_frozen"": {""beta0_frozen"": 4, ""beta0_nerve"": 2, ""beta1_frozen"": 0, ""beta1_nerve"": 0}}",True
0.9716216216216216,33,False,0.004954954954954955,0.005,,5.644519000023138,5.644519000023138,0.0,twonorm,9,,SPINE+Graph,10,33,740,6660,0.9950450450450451,324404121,False,"{""admission"": {""criterion"": ""risk"", ""removed_risk"": 2, ""removed_support"": 0}, ""betti_final"": [[3, 0], [1, 0]], ""betti_frozen"": [[3, 0], [1, 0]], ""betti_nerve"": [[1, 0], [1, 0]], ""boundary_restriction"": ""both"", ""forced_removals"": 0, ""growth_representation_fallbacks"": 10, ""invariant_held"": true, ""n_segments"": 29, ""n_train_fit"": 4995, ""n_val"": 1665, ""phase0"": [{""constant_lens"": false, ""gain"": 0.25, ""lens"": ""pc1"", ""lens_scaling"": ""standardize"", ""min_cluster_size"": 24, ""min_samples"": 5, ""n_class"": 2500, ""n_edges"": 7, ""n_intervals"": 8, ""n_vertices"": 8, ""noise_reassigned"": 2853, ""placement"": ""quantile"", ""slabs"": [{""k"": 1, ""n"": 352}, {""k"": 1, ""n"": 390}, {""k"": 1, ""n"": 391}, {""k"": 1, ""n"": 390}, {""k"": 1, ""n"": 390}, {""k"": 1, ""n"": 391}, {""k"": 1, ""n"": 390}, {""k"": 1, ""n"": 352}]}, {""constant_lens"": false, ""gain"": 0.25, ""lens"": ""pc1"", ""lens_scaling"": ""standardize"", ""min_cluster_size"": 24, ""min_samples"": 5, ""n_class"": 2495, ""n_edges"": 7, ""n_intervals"": 8, ""n_vertices"": 8, ""noise_reassigned"": 2846, ""placement"": ""quantile"", ""slabs"": [{""k"": 1, ""n"": 351}, {""k"": 1, ""n"": 390}, {""k"": 1, ""n"": 390}, {""k"": 1, ""n"": 389}, {""k"": 1, ""n"": 389}, {""k"": 1, ""n"": 390}, {""k"": 1, ""n"": 390}, {""k"": 1, ""n"": 351}]}], ""soundness_bound_holds"": true, ""step_rule"": ""scale_free"", ""topology_retention_nerve_to_frozen"": {""beta0_frozen"": 4, ""beta0_nerve"": 2, ""beta1_frozen"": 0, ""beta1_nerve"": 0}}",True
0.9702702702702702,33,False,0.004954954954954955,0.005,,2.623105000006035,49.337263000023086,46.71415800001705,twonorm,9,"{""epsilon"": 0.3, ""window"": 0.2}",LVQ3,10,33,740,6660,0.9950450450450451,324404121,False,,True
0.9635135135135136,33,False,0.004954954954954955,0.005,"{""0"": 17, ""1"": 16}",2.159607999958098,2.159607999958098,0.0,twonorm,9,,KMeans,10,33,740,6660,0.9950450450450451,324404121,False,,True
0.8810810810810811,33,False,0.004954954954954955,0.005,"{""0"": 17, ""1"": 16}",0.0010449999826960266,0.0010449999826960266,0.0,twonorm,9,,Random,10,33,740,6660,0.9950450450450451,324404121,False,,True
0.8932432432432432,33,False,0.004954954954954955,0.005,,1.7742639999487437,1.7742639999487437,0.0,twonorm,9,,SPOT,10,33,740,6660,0.9950450450450451,324404121,False,,True
0.9702702702702702,33,False,0.004954954954954955,0.005,,8.132373000029474,8.132373000029474,0.0,twonorm,9,,GLVQ,10,33,740,6660,0.9950450450450451,324404121,False,,True
0.9675675675675676,33,False,0.004954954954954955,0.005,,1.3887289999984205,1.3887289999984205,0.0,twonorm,9,,GNG,10,33,740,6660,0.9950450450450451,324404121,False,,True
0.9432432432432433,67,False,0.01006006006006006,0.01,,0.0005300000193528831,0.0005300000193528831,0.0,twonorm,9,,Full,10,6660,740,6660,0.0,324404121,True,,False
0.922972972972973,67,False,0.01006006006006006,0.01,,1.7810389999649487,1.7810389999649487,0.0,twonorm,9,,RSP3,10,1024,740,6660,0.8462462462462462,324404121,True,,False
0.9013513513513514,67,False,0.01006006006006006,0.01,,1.3612790000042878,1.3612790000042878,0.0,twonorm,9,,RHC,10,219,740,6660,0.9671171171171171,324404121,True,,False
0.972972972972973,67,False,0.01006006006006006,0.01,,5.809051999996882,5.809051999996882,0.0,twonorm,9,,SPINE+1NN,10,67,740,6660,0.9899399399399399,324404121,False,"{""admission"": {""criterion"": ""risk"", ""removed_risk"": 2, ""removed_support"": 0}, ""betti_final"": [[3, 0], [1, 0]], ""betti_frozen"": [[3, 0], [1, 0]], ""betti_nerve"": [[1, 0], [1, 0]], ""boundary_restriction"": ""both"", ""forced_removals"": 0, ""growth_representation_fallbacks"": 30, ""invariant_held"": true, ""n_segments"": 63, ""n_train_fit"": 4995, ""n_val"": 1665, ""phase0"": [{""constant_lens"": false, ""gain"": 0.25, ""lens"": ""pc1"", ""lens_scaling"": ""standardize"", ""min_cluster_size"": 24, ""min_samples"": 5, ""n_class"": 2500, ""n_edges"": 7, ""n_intervals"": 8, ""n_vertices"": 8, ""noise_reassigned"": 2853, ""placement"": ""quantile"", ""slabs"": [{""k"": 1, ""n"": 352}, {""k"": 1, ""n"": 390}, {""k"": 1, ""n"": 391}, {""k"": 1, ""n"": 390}, {""k"": 1, ""n"": 390}, {""k"": 1, ""n"": 391}, {""k"": 1, ""n"": 390}, {""k"": 1, ""n"": 352}]}, {""constant_lens"": false, ""gain"": 0.25, ""lens"": ""pc1"", ""lens_scaling"": ""standardize"", ""min_cluster_size"": 24, ""min_samples"": 5, ""n_class"": 2495, ""n_edges"": 7, ""n_intervals"": 8, ""n_vertices"": 8, ""noise_reassigned"": 2846, ""placement"": ""quantile"", ""slabs"": [{""k"": 1, ""n"": 351}, {""k"": 1, ""n"": 390}, {""k"": 1, ""n"": 390}, {""k"": 1, ""n"": 389}, {""k"": 1, ""n"": 389}, {""k"": 1, ""n"": 390}, {""k"": 1, ""n"": 390}, {""k"": 1, ""n"": 351}]}], ""soundness_bound_holds"": true, ""step_rule"": ""scale_free"", ""topology_retention_nerve_to_frozen"": {""beta0_frozen"": 4, ""beta0_nerve"": 2, ""beta1_frozen"": 0, ""beta1_nerve"": 0}}",True
0.9716216216216216,67,False,0.01006006006006006,0.01,,5.809051999996882,5.809051999996882,0.0,twonorm,9,,SPINE+Graph,10,67,740,6660,0.9899399399399399,324404121,False,"{""admission"": {""criterion"": ""risk"", ""removed_risk"": 2, ""removed_support"": 0}, ""betti_final"": [[3, 0], [1, 0]], ""betti_frozen"": [[3, 0], [1, 0]], ""betti_nerve"": [[1, 0], [1, 0]], ""boundary_restriction"": ""both"", ""forced_removals"": 0, ""growth_representation_fallbacks"": 30, ""invariant_held"": true, ""n_segments"": 63, ""n_train_fit"": 4995, ""n_val"": 1665, ""phase0"": [{""constant_lens"": false, ""gain"": 0.25, ""lens"": ""pc1"", ""lens_scaling"": ""standardize"", ""min_cluster_size"": 24, ""min_samples"": 5, ""n_class"": 2500, ""n_edges"": 7, ""n_intervals"": 8, ""n_vertices"": 8, ""noise_reassigned"": 2853, ""placement"": ""quantile"", ""slabs"": [{""k"": 1, ""n"": 352}, {""k"": 1, ""n"": 390}, {""k"": 1, ""n"": 391}, {""k"": 1, ""n"": 390}, {""k"": 1, ""n"": 390}, {""k"": 1, ""n"": 391}, {""k"": 1, ""n"": 390}, {""k"": 1, ""n"": 352}]}, {""constant_lens"": false, ""gain"": 0.25, ""lens"": ""pc1"", ""lens_scaling"": ""standardize"", ""min_cluster_size"": 24, ""min_samples"": 5, ""n_class"": 2495, ""n_edges"": 7, ""n_intervals"": 8, ""n_vertices"": 8, ""noise_reassigned"": 2846, ""placement"": ""quantile"", ""slabs"": [{""k"": 1, ""n"": 351}, {""k"": 1, ""n"": 390}, {""k"": 1, ""n"": 390}, {""k"": 1, ""n"": 389}, {""k"": 1, ""n"": 389}, {""k"": 1, ""n"": 390}, {""k"": 1, ""n"": 390}, {""k"": 1, ""n"": 351}]}], ""soundness_bound_holds"": true, ""step_rule"": ""scale_free"", ""topology_retention_nerve_to_frozen"": {""beta0_frozen"": 4, ""beta0_nerve"": 2, ""beta1_frozen"": 0, ""beta1_nerve"": 0}}",True
0.9662162162162162,67,False,0.01006006006006006,0.01,,2.782571999996435,54.38560600002529,51.603034000028856,twonorm,9,"{""epsilon"": 0.3, ""window"": 0.3}",LVQ3,10,67,740,6660,0.9899399399399399,324404121,False,,True
0.9702702702702702,67,False,0.01006006006006006,0.01,"{""0"": 34, ""1"": 33}",2.510766000021249,2.510766000021249,0.0,twonorm,9,,KMeans,10,67,740,6660,0.9899399399399399,324404121,False,,True
0.9162162162162162,67,False,0.01006006006006006,0.01,"{""0"": 34, ""1"": 33}",0.0011620000004768372,0.0011620000004768372,0.0,twonorm,9,,Random,10,67,740,6660,0.9899399399399399,324404121,False,,True
0.9162162162162162,67,False,0.01006006006006006,0.01,,1.641261000011582,1.641261000011582,0.0,twonorm,9,,SPOT,10,67,740,6660,0.9899399399399399,324404121,False,,True
0.9716216216216216,67,False,0.01006006006006006,0.01,,12.590243999962695,12.590243999962695,0.0,twonorm,9,,GLVQ,10,67,740,6660,0.9899399399399399,324404121,False,,True
0.9702702702702702,67,False,0.01006006006006006,0.01,,1.9047669999999925,1.9047669999999925,0.0,twonorm,9,,GNG,10,67,740,6660,0.9899399399399399,324404121,False,,True
0.9432432432432433,133,False,0.01996996996996997,0.02,,0.0005300000193528831,0.0005300000193528831,0.0,twonorm,9,,Full,10,6660,740,6660,0.0,324404121,True,,False
0.922972972972973,133,False,0.01996996996996997,0.02,,1.7810389999649487,1.7810389999649487,0.0,twonorm,9,,RSP3,10,1024,740,6660,0.8462462462462462,324404121,True,,False
0.9013513513513514,133,False,0.01996996996996997,0.02,,1.3612790000042878,1.3612790000042878,0.0,twonorm,9,,RHC,10,219,740,6660,0.9671171171171171,324404121,True,,False
0.9716216216216216,133,False,0.01996996996996997,0.02,,6.5180269999546,6.5180269999546,0.0,twonorm,9,,SPINE+1NN,10,133,740,6660,0.98003003003003,324404121,False,"{""admission"": {""criterion"": ""risk"", ""removed_risk"": 2, ""removed_support"": 0}, ""betti_final"": [[3, 0], [1, 0]], ""betti_frozen"": [[3, 0], [1, 0]], ""betti_nerve"": [[1, 0], [1, 0]], ""boundary_restriction"": ""both"", ""forced_removals"": 0, ""growth_representation_fallbacks"": 101, ""invariant_held"": true, ""n_segments"": 129, ""n_train_fit"": 4995, ""n_val"": 1665, ""phase0"": [{""constant_lens"": false, ""gain"": 0.25, ""lens"": ""pc1"", ""lens_scaling"": ""standardize"", ""min_cluster_size"": 24, ""min_samples"": 5, ""n_class"": 2500, ""n_edges"": 7, ""n_intervals"": 8, ""n_vertices"": 8, ""noise_reassigned"": 2853, ""placement"": ""quantile"", ""slabs"": [{""k"": 1, ""n"": 352}, {""k"": 1, ""n"": 390}, {""k"": 1, ""n"": 391}, {""k"": 1, ""n"": 390}, {""k"": 1, ""n"": 390}, {""k"": 1, ""n"": 391}, {""k"": 1, ""n"": 390}, {""k"": 1, ""n"": 352}]}, {""constant_lens"": false, ""gain"": 0.25, ""lens"": ""pc1"", ""lens_scaling"": ""standardize"", ""min_cluster_size"": 24, ""min_samples"": 5, ""n_class"": 2495, ""n_edges"": 7, ""n_intervals"": 8, ""n_vertices"": 8, ""noise_reassigned"": 2846, ""placement"": ""quantile"", ""slabs"": [{""k"": 1, ""n"": 351}, {""k"": 1, ""n"": 390}, {""k"": 1, ""n"": 390}, {""k"": 1, ""n"": 389}, {""k"": 1, ""n"": 389}, {""k"": 1, ""n"": 390}, {""k"": 1, ""n"": 390}, {""k"": 1, ""n"": 351}]}], ""soundness_bound_holds"": true, ""step_rule"": ""scale_free"", ""topology_retention_nerve_to_frozen"": {""beta0_frozen"": 4, ""beta0_nerve"": 2, ""beta1_frozen"": 0, ""beta1_nerve"": 0}}",True
0.972972972972973,133,False,0.01996996996996997,0.02,,6.5180269999546,6.5180269999546,0.0,twonorm,9,,SPINE+Graph,10,133,740,6660,0.98003003003003,324404121,False,"{""admission"": {""criterion"": ""risk"", ""removed_risk"": 2, ""removed_support"": 0}, ""betti_final"": [[3, 0], [1, 0]], ""betti_frozen"": [[3, 0], [1, 0]], ""betti_nerve"": [[1, 0], [1, 0]], ""boundary_restriction"": ""both"", ""forced_removals"": 0, ""growth_representation_fallbacks"": 101, ""invariant_held"": true, ""n_segments"": 129, ""n_train_fit"": 4995, ""n_val"": 1665, ""phase0"": [{""constant_lens"": false, ""gain"": 0.25, ""lens"": ""pc1"", ""lens_scaling"": ""standardize"", ""min_cluster_size"": 24, ""min_samples"": 5, ""n_class"": 2500, ""n_edges"": 7, ""n_intervals"": 8, ""n_vertices"": 8, ""noise_reassigned"": 2853, ""placement"": ""quantile"", ""slabs"": [{""k"": 1, ""n"": 352}, {""k"": 1, ""n"": 390}, {""k"": 1, ""n"": 391}, {""k"": 1, ""n"": 390}, {""k"": 1, ""n"": 390}, {""k"": 1, ""n"": 391}, {""k"": 1, ""n"": 390}, {""k"": 1, ""n"": 352}]}, {""constant_lens"": false, ""gain"": 0.25, ""lens"": ""pc1"", ""lens_scaling"": ""standardize"", ""min_cluster_size"": 24, ""min_samples"": 5, ""n_class"": 2495, ""n_edges"": 7, ""n_intervals"": 8, ""n_vertices"": 8, ""noise_reassigned"": 2846, ""placement"": ""quantile"", ""slabs"": [{""k"": 1, ""n"": 351}, {""k"": 1, ""n"": 390}, {""k"": 1, ""n"": 390}, {""k"": 1, ""n"": 389}, {""k"": 1, ""n"": 389}, {""k"": 1, ""n"": 390}, {""k"": 1, ""n"": 390}, {""k"": 1, ""n"": 351}]}], ""soundness_bound_holds"": true, ""step_rule"": ""scale_free"", ""topology_retention_nerve_to_frozen"": {""beta0_frozen"": 4, ""beta0_nerve"": 2, ""beta1_frozen"": 0, ""beta1_nerve"": 0}}",True
0.9689189189189189,133,False,0.01996996996996997,0.02,,3.4258649999974295,62.401788000017405,58.975923000019975,twonorm,9,"{""epsilon"": 0.3, ""window"": 0.2}",LVQ3,10,133,740,6660,0.98003003003003,324404121,False,,True
0.9743243243243244,133,False,0.01996996996996997,0.02,"{""0"": 67, ""1"": 66}",4.195464999997057,4.195464999997057,0.0,twonorm,9,,KMeans,10,133,740,6660,0.98003003003003,324404121,False,,True
0.9013513513513514,133,False,0.01996996996996997,0.02,"{""0"": 67, ""1"": 66}",0.0011519999825395644,0.0011519999825395644,0.0,twonorm,9,,Random,10,133,740,6660,0.98003003003003,324404121,False,,True
0.9283783783783783,133,False,0.01996996996996997,0.02,,1.86968900001375,1.86968900001375,0.0,twonorm,9,,SPOT,10,133,740,6660,0.98003003003003,324404121,False,,True
0.9716216216216216,133,False,0.01996996996996997,0.02,,22.12271199998213,22.12271199998213,0.0,twonorm,9,,GLVQ,10,133,740,6660,0.98003003003003,324404121,False,,True
0.9662162162162162,133,False,0.01996996996996997,0.02,,2.837234999984503,2.837234999984503,0.0,twonorm,9,,GNG,10,133,740,6660,0.98003003003003,324404121,False,,True
0.9432432432432433,333,False,0.05,0.05,,0.0005300000193528831,0.0005300000193528831,0.0,twonorm,9,,Full,10,6660,740,6660,0.0,324404121,True,,False
0.922972972972973,333,False,0.05,0.05,,1.7810389999649487,1.7810389999649487,0.0,twonorm,9,,RSP3,10,1024,740,6660,0.8462462462462462,324404121,True,,False
0.9013513513513514,333,False,0.05,0.05,,1.3612790000042878,1.3612790000042878,0.0,twonorm,9,,RHC,10,219,740,6660,0.9671171171171171,324404121,True,,False
0.9743243243243244,333,False,0.05,0.05,,11.634331999986898,11.634331999986898,0.0,twonorm,9,,SPINE+1NN,10,333,740,6660,0.95,324404121,False,"{""admission"": {""criterion"": ""risk"", ""removed_risk"": 2, ""removed_support"": 0}, ""betti_final"": [[3, 0], [1, 0]], ""betti_frozen"": [[3, 0], [1, 0]], ""betti_nerve"": [[1, 0], [1, 0]], ""boundary_restriction"": ""both"", ""forced_removals"": 0, ""growth_representation_fallbacks"": 296, ""invariant_held"": true, ""n_segments"": 329, ""n_train_fit"": 4995, ""n_val"": 1665, ""phase0"": [{""constant_lens"": false, ""gain"": 0.25, ""lens"": ""pc1"", ""lens_scaling"": ""standardize"", ""min_cluster_size"": 24, ""min_samples"": 5, ""n_class"": 2500, ""n_edges"": 7, ""n_intervals"": 8, ""n_vertices"": 8, ""noise_reassigned"": 2853, ""placement"": ""quantile"", ""slabs"": [{""k"": 1, ""n"": 352}, {""k"": 1, ""n"": 390}, {""k"": 1, ""n"": 391}, {""k"": 1, ""n"": 390}, {""k"": 1, ""n"": 390}, {""k"": 1, ""n"": 391}, {""k"": 1, ""n"": 390}, {""k"": 1, ""n"": 352}]}, {""constant_lens"": false, ""gain"": 0.25, ""lens"": ""pc1"", ""lens_scaling"": ""standardize"", ""min_cluster_size"": 24, ""min_samples"": 5, ""n_class"": 2495, ""n_edges"": 7, ""n_intervals"": 8, ""n_vertices"": 8, ""noise_reassigned"": 2846, ""placement"": ""quantile"", ""slabs"": [{""k"": 1, ""n"": 351}, {""k"": 1, ""n"": 390}, {""k"": 1, ""n"": 390}, {""k"": 1, ""n"": 389}, {""k"": 1, ""n"": 389}, {""k"": 1, ""n"": 390}, {""k"": 1, ""n"": 390}, {""k"": 1, ""n"": 351}]}], ""soundness_bound_holds"": true, ""step_rule"": ""scale_free"", ""topology_retention_nerve_to_frozen"": {""beta0_frozen"": 4, ""beta0_nerve"": 2, ""beta1_frozen"": 0, ""beta1_nerve"": 0}}",True
0.9716216216216216,333,False,0.05,0.05,,11.634331999986898,11.634331999986898,0.0,twonorm,9,,SPINE+Graph,10,333,740,6660,0.95,324404121,False,"{""admission"": {""criterion"": ""risk"", ""removed_risk"": 2, ""removed_support"": 0}, ""betti_final"": [[3, 0], [1, 0]], ""betti_frozen"": [[3, 0], [1, 0]], ""betti_nerve"": [[1, 0], [1, 0]], ""boundary_restriction"": ""both"", ""forced_removals"": 0, ""growth_representation_fallbacks"": 296, ""invariant_held"": true, ""n_segments"": 329, ""n_train_fit"": 4995, ""n_val"": 1665, ""phase0"": [{""constant_lens"": false, ""gain"": 0.25, ""lens"": ""pc1"", ""lens_scaling"": ""standardize"", ""min_cluster_size"": 24, ""min_samples"": 5, ""n_class"": 2500, ""n_edges"": 7, ""n_intervals"": 8, ""n_vertices"": 8, ""noise_reassigned"": 2853, ""placement"": ""quantile"", ""slabs"": [{""k"": 1, ""n"": 352}, {""k"": 1, ""n"": 390}, {""k"": 1, ""n"": 391}, {""k"": 1, ""n"": 390}, {""k"": 1, ""n"": 390}, {""k"": 1, ""n"": 391}, {""k"": 1, ""n"": 390}, {""k"": 1, ""n"": 352}]}, {""constant_lens"": false, ""gain"": 0.25, ""lens"": ""pc1"", ""lens_scaling"": ""standardize"", ""min_cluster_size"": 24, ""min_samples"": 5, ""n_class"": 2495, ""n_edges"": 7, ""n_intervals"": 8, ""n_vertices"": 8, ""noise_reassigned"": 2846, ""placement"": ""quantile"", ""slabs"": [{""k"": 1, ""n"": 351}, {""k"": 1, ""n"": 390}, {""k"": 1, ""n"": 390}, {""k"": 1, ""n"": 389}, {""k"": 1, ""n"": 389}, {""k"": 1, ""n"": 390}, {""k"": 1, ""n"": 390}, {""k"": 1, ""n"": 351}]}], ""soundness_bound_holds"": true, ""step_rule"": ""scale_free"", ""topology_retention_nerve_to_frozen"": {""beta0_frozen"": 4, ""beta0_nerve"": 2, ""beta1_frozen"": 0, ""beta1_nerve"": 0}}",True
0.9648648648648649,333,False,0.05,0.05,,5.164573000045493,89.68242000002647,84.51784699998097,twonorm,9,"{""epsilon"": 0.3, ""window"": 0.2}",LVQ3,10,333,740,6660,0.95,324404121,False,,True
0.9608108108108108,333,False,0.05,0.05,"{""0"": 167, ""1"": 166}",7.988217999984045,7.988217999984045,0.0,twonorm,9,,KMeans,10,333,740,6660,0.95,324404121,False,,True
0.9324324324324325,333,False,0.05,0.05,"{""0"": 167, ""1"": 166}",0.0012879999703727663,0.0012879999703727663,0.0,twonorm,9,,Random,10,333,740,6660,0.95,324404121,False,,True
0.9297297297297298,333,False,0.05,0.05,,2.0106270000105724,2.0106270000105724,0.0,twonorm,9,,SPOT,10,333,740,6660,0.95,324404121,False,,True
0.9756756756756757,333,False,0.05,0.05,,50.518396999977995,50.518396999977995,0.0,twonorm,9,,GLVQ,10,333,740,6660,0.95,324404121,False,,True
0.9743243243243244,333,False,0.05,0.05,,9.504774999979418,9.504774999979418,0.0,twonorm,9,,GNG,10,333,740,6660,0.95,324404121,False,,True
0.9432432432432433,666,False,0.1,0.1,,0.0005300000193528831,0.0005300000193528831,0.0,twonorm,9,,Full,10,6660,740,6660,0.0,324404121,True,,False
0.922972972972973,666,False,0.1,0.1,,1.7810389999649487,1.7810389999649487,0.0,twonorm,9,,RSP3,10,1024,740,6660,0.8462462462462462,324404121,True,,False
0.9013513513513514,666,False,0.1,0.1,,1.3612790000042878,1.3612790000042878,0.0,twonorm,9,,RHC,10,219,740,6660,0.9671171171171171,324404121,True,,False
0.9648648648648649,666,False,0.1,0.1,,28.983400999975856,28.983400999975856,0.0,twonorm,9,,SPINE+1NN,10,666,740,6660,0.9,324404121,False,"{""admission"": {""criterion"": ""risk"", ""removed_risk"": 2, ""removed_support"": 0}, ""betti_final"": [[3, 0], [1, 0]], ""betti_frozen"": [[3, 0], [1, 0]], ""betti_nerve"": [[1, 0], [1, 0]], ""boundary_restriction"": ""both"", ""forced_removals"": 0, ""growth_representation_fallbacks"": 649, ""invariant_held"": true, ""n_segments"": 662, ""n_train_fit"": 4995, ""n_val"": 1665, ""phase0"": [{""constant_lens"": false, ""gain"": 0.25, ""lens"": ""pc1"", ""lens_scaling"": ""standardize"", ""min_cluster_size"": 24, ""min_samples"": 5, ""n_class"": 2500, ""n_edges"": 7, ""n_intervals"": 8, ""n_vertices"": 8, ""noise_reassigned"": 2853, ""placement"": ""quantile"", ""slabs"": [{""k"": 1, ""n"": 352}, {""k"": 1, ""n"": 390}, {""k"": 1, ""n"": 391}, {""k"": 1, ""n"": 390}, {""k"": 1, ""n"": 390}, {""k"": 1, ""n"": 391}, {""k"": 1, ""n"": 390}, {""k"": 1, ""n"": 352}]}, {""constant_lens"": false, ""gain"": 0.25, ""lens"": ""pc1"", ""lens_scaling"": ""standardize"", ""min_cluster_size"": 24, ""min_samples"": 5, ""n_class"": 2495, ""n_edges"": 7, ""n_intervals"": 8, ""n_vertices"": 8, ""noise_reassigned"": 2846, ""placement"": ""quantile"", ""slabs"": [{""k"": 1, ""n"": 351}, {""k"": 1, ""n"": 390}, {""k"": 1, ""n"": 390}, {""k"": 1, ""n"": 389}, {""k"": 1, ""n"": 389}, {""k"": 1, ""n"": 390}, {""k"": 1, ""n"": 390}, {""k"": 1, ""n"": 351}]}], ""soundness_bound_holds"": true, ""step_rule"": ""scale_free"", ""topology_retention_nerve_to_frozen"": {""beta0_frozen"": 4, ""beta0_nerve"": 2, ""beta1_frozen"": 0, ""beta1_nerve"": 0}}",True
0.9635135135135136,666,False,0.1,0.1,,28.983400999975856,28.983400999975856,0.0,twonorm,9,,SPINE+Graph,10,666,740,6660,0.9,324404121,False,"{""admission"": {""criterion"": ""risk"", ""removed_risk"": 2, ""removed_support"": 0}, ""betti_final"": [[3, 0], [1, 0]], ""betti_frozen"": [[3, 0], [1, 0]], ""betti_nerve"": [[1, 0], [1, 0]], ""boundary_restriction"": ""both"", ""forced_removals"": 0, ""growth_representation_fallbacks"": 649, ""invariant_held"": true, ""n_segments"": 662, ""n_train_fit"": 4995, ""n_val"": 1665, ""phase0"": [{""constant_lens"": false, ""gain"": 0.25, ""lens"": ""pc1"", ""lens_scaling"": ""standardize"", ""min_cluster_size"": 24, ""min_samples"": 5, ""n_class"": 2500, ""n_edges"": 7, ""n_intervals"": 8, ""n_vertices"": 8, ""noise_reassigned"": 2853, ""placement"": ""quantile"", ""slabs"": [{""k"": 1, ""n"": 352}, {""k"": 1, ""n"": 390}, {""k"": 1, ""n"": 391}, {""k"": 1, ""n"": 390}, {""k"": 1, ""n"": 390}, {""k"": 1, ""n"": 391}, {""k"": 1, ""n"": 390}, {""k"": 1, ""n"": 352}]}, {""constant_lens"": false, ""gain"": 0.25, ""lens"": ""pc1"", ""lens_scaling"": ""standardize"", ""min_cluster_size"": 24, ""min_samples"": 5, ""n_class"": 2495, ""n_edges"": 7, ""n_intervals"": 8, ""n_vertices"": 8, ""noise_reassigned"": 2846, ""placement"": ""quantile"", ""slabs"": [{""k"": 1, ""n"": 351}, {""k"": 1, ""n"": 390}, {""k"": 1, ""n"": 390}, {""k"": 1, ""n"": 389}, {""k"": 1, ""n"": 389}, {""k"": 1, ""n"": 390}, {""k"": 1, ""n"": 390}, {""k"": 1, ""n"": 351}]}], ""soundness_bound_holds"": true, ""step_rule"": ""scale_free"", ""topology_retention_nerve_to_frozen"": {""beta0_frozen"": 4, ""beta0_nerve"": 2, ""beta1_frozen"": 0, ""beta1_nerve"": 0}}",True
0.9581081081081081,666,False,0.1,0.1,,7.067269999999553,125.59005999995861,118.52278999995906,twonorm,9,"{""epsilon"": 0.3, ""window"": 0.3}",LVQ3,10,666,740,6660,0.9,324404121,False,,True
0.9621621621621622,666,False,0.1,0.1,"{""0"": 333, ""1"": 333}",8.918433999991976,8.918433999991976,0.0,twonorm,9,,KMeans,10,666,740,6660,0.9,324404121,False,,True
0.9378378378378378,666,False,0.1,0.1,"{""0"": 333, ""1"": 333}",0.005459000007249415,0.005459000007249415,0.0,twonorm,9,,Random,10,666,740,6660,0.9,324404121,False,,True
0.9405405405405406,666,False,0.1,0.1,,2.107399999978952,2.107399999978952,0.0,twonorm,9,,SPOT,10,666,740,6660,0.9,324404121,False,,True
0.9702702702702702,666,False,0.1,0.1,,97.61969500000123,97.61969500000123,0.0,twonorm,9,,GLVQ,10,666,740,6660,0.9,324404121,False,,True
0.9662162162162162,666,False,0.1,0.1,,30.689597000018694,30.689597000018694,0.0,twonorm,9,,GNG,10,666,740,6660,0.9,324404121,False,,True
0.9432432432432433,1665,False,0.25,0.25,,0.0005300000193528831,0.0005300000193528831,0.0,twonorm,9,,Full,10,6660,740,6660,0.0,324404121,True,,False
0.922972972972973,1665,False,0.25,0.25,,1.7810389999649487,1.7810389999649487,0.0,twonorm,9,,RSP3,10,1024,740,6660,0.8462462462462462,324404121,True,,False
0.9013513513513514,1665,False,0.25,0.25,,1.3612790000042878,1.3612790000042878,0.0,twonorm,9,,RHC,10,219,740,6660,0.9671171171171171,324404121,True,,False
0.9675675675675676,1665,False,0.25,0.25,,160.1148679999751,160.1148679999751,0.0,twonorm,9,,SPINE+1NN,10,1665,740,6660,0.75,324404121,False,"{""admission"": {""criterion"": ""risk"", ""removed_risk"": 2, ""removed_support"": 0}, ""betti_final"": [[3, 0], [1, 0]], ""betti_frozen"": [[3, 0], [1, 0]], ""betti_nerve"": [[1, 0], [1, 0]], ""boundary_restriction"": ""both"", ""forced_removals"": 0, ""growth_representation_fallbacks"": 1830, ""invariant_held"": true, ""n_segments"": 1661, ""n_train_fit"": 4995, ""n_val"": 1665, ""phase0"": [{""constant_lens"": false, ""gain"": 0.25, ""lens"": ""pc1"", ""lens_scaling"": ""standardize"", ""min_cluster_size"": 24, ""min_samples"": 5, ""n_class"": 2500, ""n_edges"": 7, ""n_intervals"": 8, ""n_vertices"": 8, ""noise_reassigned"": 2853, ""placement"": ""quantile"", ""slabs"": [{""k"": 1, ""n"": 352}, {""k"": 1, ""n"": 390}, {""k"": 1, ""n"": 391}, {""k"": 1, ""n"": 390}, {""k"": 1, ""n"": 390}, {""k"": 1, ""n"": 391}, {""k"": 1, ""n"": 390}, {""k"": 1, ""n"": 352}]}, {""constant_lens"": false, ""gain"": 0.25, ""lens"": ""pc1"", ""lens_scaling"": ""standardize"", ""min_cluster_size"": 24, ""min_samples"": 5, ""n_class"": 2495, ""n_edges"": 7, ""n_intervals"": 8, ""n_vertices"": 8, ""noise_reassigned"": 2846, ""placement"": ""quantile"", ""slabs"": [{""k"": 1, ""n"": 351}, {""k"": 1, ""n"": 390}, {""k"": 1, ""n"": 390}, {""k"": 1, ""n"": 389}, {""k"": 1, ""n"": 389}, {""k"": 1, ""n"": 390}, {""k"": 1, ""n"": 390}, {""k"": 1, ""n"": 351}]}], ""soundness_bound_holds"": true, ""step_rule"": ""scale_free"", ""topology_retention_nerve_to_frozen"": {""beta0_frozen"": 4, ""beta0_nerve"": 2, ""beta1_frozen"": 0, ""beta1_nerve"": 0}}",True
0.9689189189189189,1665,False,0.25,0.25,,160.1148679999751,160.1148679999751,0.0,twonorm,9,,SPINE+Graph,10,1665,740,6660,0.75,324404121,False,"{""admission"": {""criterion"": ""risk"", ""removed_risk"": 2, ""removed_support"": 0}, ""betti_final"": [[3, 0], [1, 0]], ""betti_frozen"": [[3, 0], [1, 0]], ""betti_nerve"": [[1, 0], [1, 0]], ""boundary_restriction"": ""both"", ""forced_removals"": 0, ""growth_representation_fallbacks"": 1830, ""invariant_held"": true, ""n_segments"": 1661, ""n_train_fit"": 4995, ""n_val"": 1665, ""phase0"": [{""constant_lens"": false, ""gain"": 0.25, ""lens"": ""pc1"", ""lens_scaling"": ""standardize"", ""min_cluster_size"": 24, ""min_samples"": 5, ""n_class"": 2500, ""n_edges"": 7, ""n_intervals"": 8, ""n_vertices"": 8, ""noise_reassigned"": 2853, ""placement"": ""quantile"", ""slabs"": [{""k"": 1, ""n"": 352}, {""k"": 1, ""n"": 390}, {""k"": 1, ""n"": 391}, {""k"": 1, ""n"": 390}, {""k"": 1, ""n"": 390}, {""k"": 1, ""n"": 391}, {""k"": 1, ""n"": 390}, {""k"": 1, ""n"": 352}]}, {""constant_lens"": false, ""gain"": 0.25, ""lens"": ""pc1"", ""lens_scaling"": ""standardize"", ""min_cluster_size"": 24, ""min_samples"": 5, ""n_class"": 2495, ""n_edges"": 7, ""n_intervals"": 8, ""n_vertices"": 8, ""noise_reassigned"": 2846, ""placement"": ""quantile"", ""slabs"": [{""k"": 1, ""n"": 351}, {""k"": 1, ""n"": 390}, {""k"": 1, ""n"": 390}, {""k"": 1, ""n"": 389}, {""k"": 1, ""n"": 389}, {""k"": 1, ""n"": 390}, {""k"": 1, ""n"": 390}, {""k"": 1, ""n"": 351}]}], ""soundness_bound_holds"": true, ""step_rule"": ""scale_free"", ""topology_retention_nerve_to_frozen"": {""beta0_frozen"": 4, ""beta0_nerve"": 2, ""beta1_frozen"": 0, ""beta1_nerve"": 0}}",True
0.9567567567567568,1665,False,0.25,0.25,,14.962908999994397,260.3340049999533,245.37109599995892,twonorm,9,"{""epsilon"": 0.1, ""window"": 0.2}",LVQ3,10,1665,740,6660,0.75,324404121,False,,True
0.9513513513513514,1665,False,0.25,0.25,"{""0"": 833, ""1"": 832}",24.413377000018954,24.413377000018954,0.0,twonorm,9,,KMeans,10,1665,740,6660,0.75,324404121,False,,True
0.9486486486486486,1665,False,0.25,0.25,"{""0"": 833, ""1"": 832}",0.0019859999883919954,0.0019859999883919954,0.0,twonorm,9,,Random,10,1665,740,6660,0.75,324404121,False,,True
0.9432432432432433,1665,False,0.25,0.25,,2.178362999984529,2.178362999984529,0.0,twonorm,9,,SPOT,10,1665,740,6660,0.75,324404121,False,,True
0.972972972972973,1665,False,0.25,0.25,,237.57129400002304,237.57129400002304,0.0,twonorm,9,,GLVQ,10,1665,740,6660,0.75,324404121,False,,True
0.9581081081081081,1665,False,0.25,0.25,,162.39015300001483,162.39015300001483,0.0,twonorm,9,,GNG,10,1665,740,6660,0.75,324404121,False,,True
