acc_1nn,budget,budget_floored,budget_fraction,budget_fraction_nominal,class_counts,cpu_select,cpu_total,cpu_tuning,dataset,fold,lvq3_params,method,n_outer_folds,n_proto,n_test,n_train,reduction,seed,shared_build,spine_params,swept
0.9872727272727273,25,False,0.005050505050505051,0.005,,0.00018799997633323073,0.00018799997633323073,0.0,texture,0,,Full,10,4950,550,4950,0.0,1033474151,False,,False
0.9836363636363636,25,False,0.005050505050505051,0.005,,1.5374660000088625,1.5374660000088625,0.0,texture,0,,RSP3,10,872,550,4950,0.8238383838383838,1033474151,False,,False
0.9709090909090909,25,False,0.005050505050505051,0.005,,0.7587540000095032,0.7587540000095032,0.0,texture,0,,RHC,10,259,550,4950,0.9476767676767677,1033474151,False,,False
0.7963636363636364,25,False,0.005050505050505051,0.005,,3.740641000040341,3.740641000040341,0.0,texture,0,,SPINE+1NN,10,25,550,4950,0.9949494949494949,1033474151,False,"{""admission"": {""criterion"": ""risk"", ""removed_risk"": 4, ""removed_support"": 0}, ""betti_final"": [[2, 0], [1, 0], [1, 0], [1, 0], [1, 0], [2, 0], [1, 0], [2, 0], [1, 0], [1, 0], [2, 0]], ""betti_frozen"": [[2, 0], [1, 0], [1, 0], [1, 0], [1, 0], [2, 0], [1, 0], [2, 0], [1, 0], [1, 0], [2, 0]], ""betti_nerve"": [[1, 0], [1, 0], [1, 0], [1, 0], [1, 0], [1, 0], [1, 0], [1, 0], [1, 0], [1, 0], [1, 0]], ""boundary_restriction"": ""both"", ""forced_removals"": 0, ""growth_representation_fallbacks"": 0, ""invariant_held"": true, ""n_segments"": 10, ""n_train_fit"": 3712, ""n_val"": 1238, ""phase0"": [{""constant_lens"": false, ""gain"": 0.25, ""lens"": ""pc1"", ""lens_scaling"": ""standardize"", ""min_cluster_size"": 18, ""min_samples"": 5, ""n_class"": 338, ""n_edges"": 4, ""n_intervals"": 5, ""n_vertices"": 5, ""noise_reassigned"": 310, ""placement"": ""quantile"", ""slabs"": [{""k"": 1, ""n"": 76}, {""k"": 1, ""n"": 85}, {""k"": 1, ""n"": 84}, {""k"": 1, ""n"": 85}, {""k"": 1, ""n"": 76}]}, {""constant_lens"": false, ""gain"": 0.25, ""lens"": ""pc1"", ""lens_scaling"": ""standardize"", ""min_cluster_size"": 18, ""min_samples"": 5, ""n_class"": 338, ""n_edges"": 4, ""n_intervals"": 5, ""n_vertices"": 5, ""noise_reassigned"": 315, ""placement"": ""quantile"", ""slabs"": [{""k"": 1, ""n"": 76}, {""k"": 1, ""n"": 85}, {""k"": 1, ""n"": 84}, {""k"": 1, ""n"": 85}, {""k"": 1, ""n"": 76}]}, {""constant_lens"": false, ""gain"": 0.25, ""lens"": ""pc1"", ""lens_scaling"": ""standardize"", ""min_cluster_size"": 18, ""min_samples"": 5, ""n_class"": 338, ""n_edges"": 4, ""n_intervals"": 5, ""n_vertices"": 5, ""noise_reassigned"": 305, ""placement"": ""quantile"", ""slabs"": [{""k"": 1, ""n"": 76}, {""k"": 1, ""n"": 84}, {""k"": 1, ""n"": 84}, {""k"": 1, ""n"": 85}, {""k"": 1, ""n"": 76}]}, {""constant_lens"": false, ""gain"": 0.25, ""lens"": ""pc1"", ""lens_scaling"": ""standardize"", ""min_cluster_size"": 18, ""min_samples"": 5, ""n_class"": 338, ""n_edges"": 4, ""n_intervals"": 5, ""n_vertices"": 5, ""noise_reassigned"": 280, ""placement"": ""quantile"", ""slabs"": [{""k"": 1, ""n"": 76}, {""k"": 1, ""n"": 85}, {""k"": 1, ""n"": 84}, {""k"": 1, ""n"": 85}, {""k"": 1, ""n"": 76}]}, {""constant_lens"": false, ""gain"": 0.25, ""lens"": ""pc1"", ""lens_scaling"": ""standardize"", ""min_cluster_size"": 18, ""min_samples"": 5, ""n_class"": 337, ""n_edges"": 4, ""n_intervals"": 5, ""n_vertices"": 5, ""noise_reassigned"": 310, ""placement"": ""quantile"", ""slabs"": [{""k"": 1, ""n"": 76}, {""k"": 1, ""n"": 84}, {""k"": 1, ""n"": 85}, {""k"": 1, ""n"": 84}, {""k"": 1, ""n"": 76}]}, {""constant_lens"": false, ""gain"": 0.25, ""lens"": ""pc1"", ""lens_scaling"": ""standardize"", ""min_cluster_size"": 18, ""min_samples"": 5, ""n_class"": 337, ""n_edges"": 4, ""n_intervals"": 5, ""n_vertices"": 5, ""noise_reassigned"": 307, ""placement"": ""quantile"", ""slabs"": [{""k"": 1, ""n"": 76}, {""k"": 1, ""n"": 84}, {""k"": 1, ""n"": 85}, {""k"": 1, ""n"": 84}, {""k"": 1, ""n"": 76}]}, {""constant_lens"": false, ""gain"": 0.25, ""lens"": ""pc1"", ""lens_scaling"": ""standardize"", ""min_cluster_size"": 18, ""min_samples"": 5, ""n_class"": 337, ""n_edges"": 4, ""n_intervals"": 5, ""n_vertices"": 5, ""noise_reassigned"": 286, ""placement"": ""quantile"", ""slabs"": [{""k"": 1, ""n"": 76}, {""k"": 1, ""n"": 84}, {""k"": 1, ""n"": 85}, {""k"": 1, ""n"": 84}, {""k"": 1, ""n"": 76}]}, {""constant_lens"": false, ""gain"": 0.25, ""lens"": ""pc1"", ""lens_scaling"": ""standardize"", ""min_cluster_size"": 18, ""min_samples"": 5, ""n_class"": 338, ""n_edges"": 4, ""n_intervals"": 5, ""n_vertices"": 5, ""noise_reassigned"": 308, ""placement"": ""quantile"", ""slabs"": [{""k"": 1, ""n"": 76}, {""k"": 1, ""n"": 85}, {""k"": 1, ""n"": 84}, {""k"": 1, ""n"": 85}, {""k"": 1, ""n"": 76}]}, {""constant_lens"": false, ""gain"": 0.25, ""lens"": ""pc1"", ""lens_scaling"": ""standardize"", ""min_cluster_size"": 18, ""min_samples"": 5, ""n_class"": 337, ""n_edges"": 4, ""n_intervals"": 5, ""n_vertices"": 5, ""noise_reassigned"": 312, ""placement"": ""quantile"", ""slabs"": [{""k"": 1, ""n"": 76}, {""k"": 1, ""n"": 84}, {""k"": 1, ""n"": 85}, {""k"": 1, ""n"": 84}, {""k"": 1, ""n"": 76}]}, {""constant_lens"": false, ""gain"": 0.25, ""lens"": ""pc1"", ""lens_scaling"": ""standardize"", ""min_cluster_size"": 18, ""min_samples"": 5, ""n_class"": 337, ""n_edges"": 4, ""n_intervals"": 5, ""n_vertices"": 5, ""noise_reassigned"": 304, ""placement"": ""quantile"", ""slabs"": [{""k"": 1, ""n"": 76}, {""k"": 1, ""n"": 84}, {""k"": 1, ""n"": 85}, {""k"": 1, ""n"": 84}, {""k"": 1, ""n"": 76}]}, {""constant_lens"": false, ""gain"": 0.25, ""lens"": ""pc1"", ""lens_scaling"": ""standardize"", ""min_cluster_size"": 18, ""min_samples"": 5, ""n_class"": 337, ""n_edges"": 4, ""n_intervals"": 5, ""n_vertices"": 5, ""noise_reassigned"": 289, ""placement"": ""quantile"", ""slabs"": [{""k"": 1, ""n"": 76}, {""k"": 1, ""n"": 84}, {""k"": 1, ""n"": 85}, {""k"": 1, ""n"": 84}, {""k"": 1, ""n"": 76}]}], ""soundness_bound_holds"": true, ""step_rule"": ""scale_free"", ""topology_retention_nerve_to_frozen"": {""beta0_frozen"": 15, ""beta0_nerve"": 11, ""beta1_frozen"": 0, ""beta1_nerve"": 0}}",True
0.9309090909090909,25,False,0.005050505050505051,0.005,,3.740641000040341,3.740641000040341,0.0,texture,0,,SPINE+Graph,10,25,550,4950,0.9949494949494949,1033474151,False,"{""admission"": {""criterion"": ""risk"", ""removed_risk"": 4, ""removed_support"": 0}, ""betti_final"": [[2, 0], [1, 0], [1, 0], [1, 0], [1, 0], [2, 0], [1, 0], [2, 0], [1, 0], [1, 0], [2, 0]], ""betti_frozen"": [[2, 0], [1, 0], [1, 0], [1, 0], [1, 0], [2, 0], [1, 0], [2, 0], [1, 0], [1, 0], [2, 0]], ""betti_nerve"": [[1, 0], [1, 0], [1, 0], [1, 0], [1, 0], [1, 0], [1, 0], [1, 0], [1, 0], [1, 0], [1, 0]], ""boundary_restriction"": ""both"", ""forced_removals"": 0, ""growth_representation_fallbacks"": 0, ""invariant_held"": true, ""n_segments"": 10, ""n_train_fit"": 3712, ""n_val"": 1238, ""phase0"": [{""constant_lens"": false, ""gain"": 0.25, ""lens"": ""pc1"", ""lens_scaling"": ""standardize"", ""min_cluster_size"": 18, ""min_samples"": 5, ""n_class"": 338, ""n_edges"": 4, ""n_intervals"": 5, ""n_vertices"": 5, ""noise_reassigned"": 310, ""placement"": ""quantile"", ""slabs"": [{""k"": 1, ""n"": 76}, {""k"": 1, ""n"": 85}, {""k"": 1, ""n"": 84}, {""k"": 1, ""n"": 85}, {""k"": 1, ""n"": 76}]}, {""constant_lens"": false, ""gain"": 0.25, ""lens"": ""pc1"", ""lens_scaling"": ""standardize"", ""min_cluster_size"": 18, ""min_samples"": 5, ""n_class"": 338, ""n_edges"": 4, ""n_intervals"": 5, ""n_vertices"": 5, ""noise_reassigned"": 315, ""placement"": ""quantile"", ""slabs"": [{""k"": 1, ""n"": 76}, {""k"": 1, ""n"": 85}, {""k"": 1, ""n"": 84}, {""k"": 1, ""n"": 85}, {""k"": 1, ""n"": 76}]}, {""constant_lens"": false, ""gain"": 0.25, ""lens"": ""pc1"", ""lens_scaling"": ""standardize"", ""min_cluster_size"": 18, ""min_samples"": 5, ""n_class"": 338, ""n_edges"": 4, ""n_intervals"": 5, ""n_vertices"": 5, ""noise_reassigned"": 305, ""placement"": ""quantile"", ""slabs"": [{""k"": 1, ""n"": 76}, {""k"": 1, ""n"": 84}, {""k"": 1, ""n"": 84}, {""k"": 1, ""n"": 85}, {""k"": 1, ""n"": 76}]}, {""constant_lens"": false, ""gain"": 0.25, ""lens"": ""pc1"", ""lens_scaling"": ""standardize"", ""min_cluster_size"": 18, ""min_samples"": 5, ""n_class"": 338, ""n_edges"": 4, ""n_intervals"": 5, ""n_vertices"": 5, ""noise_reassigned"": 280, ""placement"": ""quantile"", ""slabs"": [{""k"": 1, ""n"": 76}, {""k"": 1, ""n"": 85}, {""k"": 1, ""n"": 84}, {""k"": 1, ""n"": 85}, {""k"": 1, ""n"": 76}]}, {""constant_lens"": false, ""gain"": 0.25, ""lens"": ""pc1"", ""lens_scaling"": ""standardize"", ""min_cluster_size"": 18, ""min_samples"": 5, ""n_class"": 337, ""n_edges"": 4, ""n_intervals"": 5, ""n_vertices"": 5, ""noise_reassigned"": 310, ""placement"": ""quantile"", ""slabs"": [{""k"": 1, ""n"": 76}, {""k"": 1, ""n"": 84}, {""k"": 1, ""n"": 85}, {""k"": 1, ""n"": 84}, {""k"": 1, ""n"": 76}]}, {""constant_lens"": false, ""gain"": 0.25, ""lens"": ""pc1"", ""lens_scaling"": ""standardize"", ""min_cluster_size"": 18, ""min_samples"": 5, ""n_class"": 337, ""n_edges"": 4, ""n_intervals"": 5, ""n_vertices"": 5, ""noise_reassigned"": 307, ""placement"": ""quantile"", ""slabs"": [{""k"": 1, ""n"": 76}, {""k"": 1, ""n"": 84}, {""k"": 1, ""n"": 85}, {""k"": 1, ""n"": 84}, {""k"": 1, ""n"": 76}]}, {""constant_lens"": false, ""gain"": 0.25, ""lens"": ""pc1"", ""lens_scaling"": ""standardize"", ""min_cluster_size"": 18, ""min_samples"": 5, ""n_class"": 337, ""n_edges"": 4, ""n_intervals"": 5, ""n_vertices"": 5, ""noise_reassigned"": 286, ""placement"": ""quantile"", ""slabs"": [{""k"": 1, ""n"": 76}, {""k"": 1, ""n"": 84}, {""k"": 1, ""n"": 85}, {""k"": 1, ""n"": 84}, {""k"": 1, ""n"": 76}]}, {""constant_lens"": false, ""gain"": 0.25, ""lens"": ""pc1"", ""lens_scaling"": ""standardize"", ""min_cluster_size"": 18, ""min_samples"": 5, ""n_class"": 338, ""n_edges"": 4, ""n_intervals"": 5, ""n_vertices"": 5, ""noise_reassigned"": 308, ""placement"": ""quantile"", ""slabs"": [{""k"": 1, ""n"": 76}, {""k"": 1, ""n"": 85}, {""k"": 1, ""n"": 84}, {""k"": 1, ""n"": 85}, {""k"": 1, ""n"": 76}]}, {""constant_lens"": false, ""gain"": 0.25, ""lens"": ""pc1"", ""lens_scaling"": ""standardize"", ""min_cluster_size"": 18, ""min_samples"": 5, ""n_class"": 337, ""n_edges"": 4, ""n_intervals"": 5, ""n_vertices"": 5, ""noise_reassigned"": 312, ""placement"": ""quantile"", ""slabs"": [{""k"": 1, ""n"": 76}, {""k"": 1, ""n"": 84}, {""k"": 1, ""n"": 85}, {""k"": 1, ""n"": 84}, {""k"": 1, ""n"": 76}]}, {""constant_lens"": false, ""gain"": 0.25, ""lens"": ""pc1"", ""lens_scaling"": ""standardize"", ""min_cluster_size"": 18, ""min_samples"": 5, ""n_class"": 337, ""n_edges"": 4, ""n_intervals"": 5, ""n_vertices"": 5, ""noise_reassigned"": 304, ""placement"": ""quantile"", ""slabs"": [{""k"": 1, ""n"": 76}, {""k"": 1, ""n"": 84}, {""k"": 1, ""n"": 85}, {""k"": 1, ""n"": 84}, {""k"": 1, ""n"": 76}]}, {""constant_lens"": false, ""gain"": 0.25, ""lens"": ""pc1"", ""lens_scaling"": ""standardize"", ""min_cluster_size"": 18, ""min_samples"": 5, ""n_class"": 337, ""n_edges"": 4, ""n_intervals"": 5, ""n_vertices"": 5, ""noise_reassigned"": 289, ""placement"": ""quantile"", ""slabs"": [{""k"": 1, ""n"": 76}, {""k"": 1, ""n"": 84}, {""k"": 1, ""n"": 85}, {""k"": 1, ""n"": 84}, {""k"": 1, ""n"": 76}]}], ""soundness_bound_holds"": true, ""step_rule"": ""scale_free"", ""topology_retention_nerve_to_frozen"": {""beta0_frozen"": 15, ""beta0_nerve"": 11, ""beta1_frozen"": 0, ""beta1_nerve"": 0}}",True
0.9454545454545454,25,False,0.005050505050505051,0.005,,2.350299999990966,44.63148199999705,42.28118200000608,texture,0,"{""epsilon"": 0.1, ""window"": 0.2}",LVQ3,10,25,550,4950,0.9949494949494949,1033474151,False,,True
0.8654545454545455,25,False,0.005050505050505051,0.005,"{""0"": 3, ""1"": 3, ""10"": 2, ""2"": 3, ""3"": 2, ""4"": 2, ""5"": 2, ""6"": 2, ""7"": 2, ""8"": 2, ""9"": 2}",0.5190450000227429,0.5190450000227429,0.0,texture,0,,KMeans,10,25,550,4950,0.9949494949494949,1033474151,False,,True
0.7636363636363637,25,False,0.005050505050505051,0.005,"{""0"": 3, ""1"": 3, ""10"": 2, ""2"": 3, ""3"": 2, ""4"": 2, ""5"": 2, ""6"": 2, ""7"": 2, ""8"": 2, ""9"": 2}",0.0047529999865219,0.0047529999865219,0.0,texture,0,,Random,10,25,550,4950,0.9949494949494949,1033474151,False,,True
0.7818181818181819,25,False,0.005050505050505051,0.005,,1.6572509999969043,1.6572509999969043,0.0,texture,0,,SPOT,10,25,550,4950,0.9949494949494949,1033474151,False,,True
0.9054545454545454,25,False,0.005050505050505051,0.005,,5.431463000015356,5.431463000015356,0.0,texture,0,,GLVQ,10,25,550,4950,0.9949494949494949,1033474151,False,,True
0.8436363636363636,25,False,0.005050505050505051,0.005,,0.6092889999854378,0.6092889999854378,0.0,texture,0,,GNG,10,25,550,4950,0.9949494949494949,1033474151,False,,True
0.9872727272727273,50,False,0.010101010101010102,0.01,,0.00018799997633323073,0.00018799997633323073,0.0,texture,0,,Full,10,4950,550,4950,0.0,1033474151,True,,False
0.9836363636363636,50,False,0.010101010101010102,0.01,,1.5374660000088625,1.5374660000088625,0.0,texture,0,,RSP3,10,872,550,4950,0.8238383838383838,1033474151,True,,False
0.9709090909090909,50,False,0.010101010101010102,0.01,,0.7587540000095032,0.7587540000095032,0.0,texture,0,,RHC,10,259,550,4950,0.9476767676767677,1033474151,True,,False
0.9418181818181818,50,False,0.010101010101010102,0.01,,4.372117999999318,4.372117999999318,0.0,texture,0,,SPINE+1NN,10,50,550,4950,0.98989898989899,1033474151,False,"{""admission"": {""criterion"": ""risk"", ""removed_risk"": 4, ""removed_support"": 0}, ""betti_final"": [[2, 0], [1, 0], [1, 0], [1, 0], [1, 0], [2, 0], [1, 0], [2, 0], [1, 0], [1, 0], [2, 0]], ""betti_frozen"": [[2, 0], [1, 0], [1, 0], [1, 0], [1, 0], [2, 0], [1, 0], [2, 0], [1, 0], [1, 0], [2, 0]], ""betti_nerve"": [[1, 0], [1, 0], [1, 0], [1, 0], [1, 0], [1, 0], [1, 0], [1, 0], [1, 0], [1, 0], [1, 0]], ""boundary_restriction"": ""both"", ""forced_removals"": 0, ""growth_representation_fallbacks"": 1, ""invariant_held"": true, ""n_segments"": 35, ""n_train_fit"": 3712, ""n_val"": 1238, ""phase0"": [{""constant_lens"": false, ""gain"": 0.25, ""lens"": ""pc1"", ""lens_scaling"": ""standardize"", ""min_cluster_size"": 18, ""min_samples"": 5, ""n_class"": 338, ""n_edges"": 4, ""n_intervals"": 5, ""n_vertices"": 5, ""noise_reassigned"": 310, ""placement"": ""quantile"", ""slabs"": [{""k"": 1, ""n"": 76}, {""k"": 1, ""n"": 85}, {""k"": 1, ""n"": 84}, {""k"": 1, ""n"": 85}, {""k"": 1, ""n"": 76}]}, {""constant_lens"": false, ""gain"": 0.25, ""lens"": ""pc1"", ""lens_scaling"": ""standardize"", ""min_cluster_size"": 18, ""min_samples"": 5, ""n_class"": 338, ""n_edges"": 4, ""n_intervals"": 5, ""n_vertices"": 5, ""noise_reassigned"": 315, ""placement"": ""quantile"", ""slabs"": [{""k"": 1, ""n"": 76}, {""k"": 1, ""n"": 85}, {""k"": 1, ""n"": 84}, {""k"": 1, ""n"": 85}, {""k"": 1, ""n"": 76}]}, {""constant_lens"": false, ""gain"": 0.25, ""lens"": ""pc1"", ""lens_scaling"": ""standardize"", ""min_cluster_size"": 18, ""min_samples"": 5, ""n_class"": 338, ""n_edges"": 4, ""n_intervals"": 5, ""n_vertices"": 5, ""noise_reassigned"": 305, ""placement"": ""quantile"", ""slabs"": [{""k"": 1, ""n"": 76}, {""k"": 1, ""n"": 84}, {""k"": 1, ""n"": 84}, {""k"": 1, ""n"": 85}, {""k"": 1, ""n"": 76}]}, {""constant_lens"": false, ""gain"": 0.25, ""lens"": ""pc1"", ""lens_scaling"": ""standardize"", ""min_cluster_size"": 18, ""min_samples"": 5, ""n_class"": 338, ""n_edges"": 4, ""n_intervals"": 5, ""n_vertices"": 5, ""noise_reassigned"": 280, ""placement"": ""quantile"", ""slabs"": [{""k"": 1, ""n"": 76}, {""k"": 1, ""n"": 85}, {""k"": 1, ""n"": 84}, {""k"": 1, ""n"": 85}, {""k"": 1, ""n"": 76}]}, {""constant_lens"": false, ""gain"": 0.25, ""lens"": ""pc1"", ""lens_scaling"": ""standardize"", ""min_cluster_size"": 18, ""min_samples"": 5, ""n_class"": 337, ""n_edges"": 4, ""n_intervals"": 5, ""n_vertices"": 5, ""noise_reassigned"": 310, ""placement"": ""quantile"", ""slabs"": [{""k"": 1, ""n"": 76}, {""k"": 1, ""n"": 84}, {""k"": 1, ""n"": 85}, {""k"": 1, ""n"": 84}, {""k"": 1, ""n"": 76}]}, {""constant_lens"": false, ""gain"": 0.25, ""lens"": ""pc1"", ""lens_scaling"": ""standardize"", ""min_cluster_size"": 18, ""min_samples"": 5, ""n_class"": 337, ""n_edges"": 4, ""n_intervals"": 5, ""n_vertices"": 5, ""noise_reassigned"": 307, ""placement"": ""quantile"", ""slabs"": [{""k"": 1, ""n"": 76}, {""k"": 1, ""n"": 84}, {""k"": 1, ""n"": 85}, {""k"": 1, ""n"": 84}, {""k"": 1, ""n"": 76}]}, {""constant_lens"": false, ""gain"": 0.25, ""lens"": ""pc1"", ""lens_scaling"": ""standardize"", ""min_cluster_size"": 18, ""min_samples"": 5, ""n_class"": 337, ""n_edges"": 4, ""n_intervals"": 5, ""n_vertices"": 5, ""noise_reassigned"": 286, ""placement"": ""quantile"", ""slabs"": [{""k"": 1, ""n"": 76}, {""k"": 1, ""n"": 84}, {""k"": 1, ""n"": 85}, {""k"": 1, ""n"": 84}, {""k"": 1, ""n"": 76}]}, {""constant_lens"": false, ""gain"": 0.25, ""lens"": ""pc1"", ""lens_scaling"": ""standardize"", ""min_cluster_size"": 18, ""min_samples"": 5, ""n_class"": 338, ""n_edges"": 4, ""n_intervals"": 5, ""n_vertices"": 5, ""noise_reassigned"": 308, ""placement"": ""quantile"", ""slabs"": [{""k"": 1, ""n"": 76}, {""k"": 1, ""n"": 85}, {""k"": 1, ""n"": 84}, {""k"": 1, ""n"": 85}, {""k"": 1, ""n"": 76}]}, {""constant_lens"": false, ""gain"": 0.25, ""lens"": ""pc1"", ""lens_scaling"": ""standardize"", ""min_cluster_size"": 18, ""min_samples"": 5, ""n_class"": 337, ""n_edges"": 4, ""n_intervals"": 5, ""n_vertices"": 5, ""noise_reassigned"": 312, ""placement"": ""quantile"", ""slabs"": [{""k"": 1, ""n"": 76}, {""k"": 1, ""n"": 84}, {""k"": 1, ""n"": 85}, {""k"": 1, ""n"": 84}, {""k"": 1, ""n"": 76}]}, {""constant_lens"": false, ""gain"": 0.25, ""lens"": ""pc1"", ""lens_scaling"": ""standardize"", ""min_cluster_size"": 18, ""min_samples"": 5, ""n_class"": 337, ""n_edges"": 4, ""n_intervals"": 5, ""n_vertices"": 5, ""noise_reassigned"": 304, ""placement"": ""quantile"", ""slabs"": [{""k"": 1, ""n"": 76}, {""k"": 1, ""n"": 84}, {""k"": 1, ""n"": 85}, {""k"": 1, ""n"": 84}, {""k"": 1, ""n"": 76}]}, {""constant_lens"": false, ""gain"": 0.25, ""lens"": ""pc1"", ""lens_scaling"": ""standardize"", ""min_cluster_size"": 18, ""min_samples"": 5, ""n_class"": 337, ""n_edges"": 4, ""n_intervals"": 5, ""n_vertices"": 5, ""noise_reassigned"": 289, ""placement"": ""quantile"", ""slabs"": [{""k"": 1, ""n"": 76}, {""k"": 1, ""n"": 84}, {""k"": 1, ""n"": 85}, {""k"": 1, ""n"": 84}, {""k"": 1, ""n"": 76}]}], ""soundness_bound_holds"": true, ""step_rule"": ""scale_free"", ""topology_retention_nerve_to_frozen"": {""beta0_frozen"": 15, ""beta0_nerve"": 11, ""beta1_frozen"": 0, ""beta1_nerve"": 0}}",True
0.9527272727272728,50,False,0.010101010101010102,0.01,,4.372117999999318,4.372117999999318,0.0,texture,0,,SPINE+Graph,10,50,550,4950,0.98989898989899,1033474151,False,"{""admission"": {""criterion"": ""risk"", ""removed_risk"": 4, ""removed_support"": 0}, ""betti_final"": [[2, 0], [1, 0], [1, 0], [1, 0], [1, 0], [2, 0], [1, 0], [2, 0], [1, 0], [1, 0], [2, 0]], ""betti_frozen"": [[2, 0], [1, 0], [1, 0], [1, 0], [1, 0], [2, 0], [1, 0], [2, 0], [1, 0], [1, 0], [2, 0]], ""betti_nerve"": [[1, 0], [1, 0], [1, 0], [1, 0], [1, 0], [1, 0], [1, 0], [1, 0], [1, 0], [1, 0], [1, 0]], ""boundary_restriction"": ""both"", ""forced_removals"": 0, ""growth_representation_fallbacks"": 1, ""invariant_held"": true, ""n_segments"": 35, ""n_train_fit"": 3712, ""n_val"": 1238, ""phase0"": [{""constant_lens"": false, ""gain"": 0.25, ""lens"": ""pc1"", ""lens_scaling"": ""standardize"", ""min_cluster_size"": 18, ""min_samples"": 5, ""n_class"": 338, ""n_edges"": 4, ""n_intervals"": 5, ""n_vertices"": 5, ""noise_reassigned"": 310, ""placement"": ""quantile"", ""slabs"": [{""k"": 1, ""n"": 76}, {""k"": 1, ""n"": 85}, {""k"": 1, ""n"": 84}, {""k"": 1, ""n"": 85}, {""k"": 1, ""n"": 76}]}, {""constant_lens"": false, ""gain"": 0.25, ""lens"": ""pc1"", ""lens_scaling"": ""standardize"", ""min_cluster_size"": 18, ""min_samples"": 5, ""n_class"": 338, ""n_edges"": 4, ""n_intervals"": 5, ""n_vertices"": 5, ""noise_reassigned"": 315, ""placement"": ""quantile"", ""slabs"": [{""k"": 1, ""n"": 76}, {""k"": 1, ""n"": 85}, {""k"": 1, ""n"": 84}, {""k"": 1, ""n"": 85}, {""k"": 1, ""n"": 76}]}, {""constant_lens"": false, ""gain"": 0.25, ""lens"": ""pc1"", ""lens_scaling"": ""standardize"", ""min_cluster_size"": 18, ""min_samples"": 5, ""n_class"": 338, ""n_edges"": 4, ""n_intervals"": 5, ""n_vertices"": 5, ""noise_reassigned"": 305, ""placement"": ""quantile"", ""slabs"": [{""k"": 1, ""n"": 76}, {""k"": 1, ""n"": 84}, {""k"": 1, ""n"": 84}, {""k"": 1, ""n"": 85}, {""k"": 1, ""n"": 76}]}, {""constant_lens"": false, ""gain"": 0.25, ""lens"": ""pc1"", ""lens_scaling"": ""standardize"", ""min_cluster_size"": 18, ""min_samples"": 5, ""n_class"": 338, ""n_edges"": 4, ""n_intervals"": 5, ""n_vertices"": 5, ""noise_reassigned"": 280, ""placement"": ""quantile"", ""slabs"": [{""k"": 1, ""n"": 76}, {""k"": 1, ""n"": 85}, {""k"": 1, ""n"": 84}, {""k"": 1, ""n"": 85}, {""k"": 1, ""n"": 76}]}, {""constant_lens"": false, ""gain"": 0.25, ""lens"": ""pc1"", ""lens_scaling"": ""standardize"", ""min_cluster_size"": 18, ""min_samples"": 5, ""n_class"": 337, ""n_edges"": 4, ""n_intervals"": 5, ""n_vertices"": 5, ""noise_reassigned"": 310, ""placement"": ""quantile"", ""slabs"": [{""k"": 1, ""n"": 76}, {""k"": 1, ""n"": 84}, {""k"": 1, ""n"": 85}, {""k"": 1, ""n"": 84}, {""k"": 1, ""n"": 76}]}, {""constant_lens"": false, ""gain"": 0.25, ""lens"": ""pc1"", ""lens_scaling"": ""standardize"", ""min_cluster_size"": 18, ""min_samples"": 5, ""n_class"": 337, ""n_edges"": 4, ""n_intervals"": 5, ""n_vertices"": 5, ""noise_reassigned"": 307, ""placement"": ""quantile"", ""slabs"": [{""k"": 1, ""n"": 76}, {""k"": 1, ""n"": 84}, {""k"": 1, ""n"": 85}, {""k"": 1, ""n"": 84}, {""k"": 1, ""n"": 76}]}, {""constant_lens"": false, ""gain"": 0.25, ""lens"": ""pc1"", ""lens_scaling"": ""standardize"", ""min_cluster_size"": 18, ""min_samples"": 5, ""n_class"": 337, ""n_edges"": 4, ""n_intervals"": 5, ""n_vertices"": 5, ""noise_reassigned"": 286, ""placement"": ""quantile"", ""slabs"": [{""k"": 1, ""n"": 76}, {""k"": 1, ""n"": 84}, {""k"": 1, ""n"": 85}, {""k"": 1, ""n"": 84}, {""k"": 1, ""n"": 76}]}, {""constant_lens"": false, ""gain"": 0.25, ""lens"": ""pc1"", ""lens_scaling"": ""standardize"", ""min_cluster_size"": 18, ""min_samples"": 5, ""n_class"": 338, ""n_edges"": 4, ""n_intervals"": 5, ""n_vertices"": 5, ""noise_reassigned"": 308, ""placement"": ""quantile"", ""slabs"": [{""k"": 1, ""n"": 76}, {""k"": 1, ""n"": 85}, {""k"": 1, ""n"": 84}, {""k"": 1, ""n"": 85}, {""k"": 1, ""n"": 76}]}, {""constant_lens"": false, ""gain"": 0.25, ""lens"": ""pc1"", ""lens_scaling"": ""standardize"", ""min_cluster_size"": 18, ""min_samples"": 5, ""n_class"": 337, ""n_edges"": 4, ""n_intervals"": 5, ""n_vertices"": 5, ""noise_reassigned"": 312, ""placement"": ""quantile"", ""slabs"": [{""k"": 1, ""n"": 76}, {""k"": 1, ""n"": 84}, {""k"": 1, ""n"": 85}, {""k"": 1, ""n"": 84}, {""k"": 1, ""n"": 76}]}, {""constant_lens"": false, ""gain"": 0.25, ""lens"": ""pc1"", ""lens_scaling"": ""standardize"", ""min_cluster_size"": 18, ""min_samples"": 5, ""n_class"": 337, ""n_edges"": 4, ""n_intervals"": 5, ""n_vertices"": 5, ""noise_reassigned"": 304, ""placement"": ""quantile"", ""slabs"": [{""k"": 1, ""n"": 76}, {""k"": 1, ""n"": 84}, {""k"": 1, ""n"": 85}, {""k"": 1, ""n"": 84}, {""k"": 1, ""n"": 76}]}, {""constant_lens"": false, ""gain"": 0.25, ""lens"": ""pc1"", ""lens_scaling"": ""standardize"", ""min_cluster_size"": 18, ""min_samples"": 5, ""n_class"": 337, ""n_edges"": 4, ""n_intervals"": 5, ""n_vertices"": 5, ""noise_reassigned"": 289, ""placement"": ""quantile"", ""slabs"": [{""k"": 1, ""n"": 76}, {""k"": 1, ""n"": 84}, {""k"": 1, ""n"": 85}, {""k"": 1, ""n"": 84}, {""k"": 1, ""n"": 76}]}], ""soundness_bound_holds"": true, ""step_rule"": ""scale_free"", ""topology_retention_nerve_to_frozen"": {""beta0_frozen"": 15, ""beta0_nerve"": 11, ""beta1_frozen"": 0, ""beta1_nerve"": 0}}",True
0.9709090909090909,50,False,0.010101010101010102,0.01,,2.5107609999831766,48.3192229999695,45.80846199998632,texture,0,"{""epsilon"": 0.1, ""window"": 0.2}",LVQ3,10,50,550,4950,0.98989898989899,1033474151,False,,True
0.9145454545454546,50,False,0.010101010101010102,0.01,"{""0"": 5, ""1"": 5, ""10"": 4, ""2"": 5, ""3"": 5, ""4"": 5, ""5"": 5, ""6"": 4, ""7"": 4, ""8"": 4, ""9"": 4}",0.8826529999496415,0.8826529999496415,0.0,texture,0,,KMeans,10,50,550,4950,0.98989898989899,1033474151,False,,True
0.8145454545454546,50,False,0.010101010101010102,0.01,"{""0"": 5, ""1"": 5, ""10"": 4, ""2"": 5, ""3"": 5, ""4"": 5, ""5"": 5, ""6"": 4, ""7"": 4, ""8"": 4, ""9"": 4}",0.00145800004247576,0.00145800004247576,0.0,texture,0,,Random,10,50,550,4950,0.98989898989899,1033474151,False,,True
0.88,50,False,0.010101010101010102,0.01,,1.7458289999631234,1.7458289999631234,0.0,texture,0,,SPOT,10,50,550,4950,0.98989898989899,1033474151,False,,True
0.94,50,False,0.010101010101010102,0.01,,8.199290000018664,8.199290000018664,0.0,texture,0,,GLVQ,10,50,550,4950,0.98989898989899,1033474151,False,,True
0.9236363636363636,50,False,0.010101010101010102,0.01,,1.0251730000018142,1.0251730000018142,0.0,texture,0,,GNG,10,50,550,4950,0.98989898989899,1033474151,False,,True
0.9872727272727273,99,False,0.02,0.02,,0.00018799997633323073,0.00018799997633323073,0.0,texture,0,,Full,10,4950,550,4950,0.0,1033474151,True,,False
0.9836363636363636,99,False,0.02,0.02,,1.5374660000088625,1.5374660000088625,0.0,texture,0,,RSP3,10,872,550,4950,0.8238383838383838,1033474151,True,,False
0.9709090909090909,99,False,0.02,0.02,,0.7587540000095032,0.7587540000095032,0.0,texture,0,,RHC,10,259,550,4950,0.9476767676767677,1033474151,True,,False
0.9490909090909091,99,False,0.02,0.02,,4.821880000003148,4.821880000003148,0.0,texture,0,,SPINE+1NN,10,99,550,4950,0.98,1033474151,False,"{""admission"": {""criterion"": ""risk"", ""removed_risk"": 4, ""removed_support"": 0}, ""betti_final"": [[2, 0], [1, 0], [1, 0], [1, 0], [1, 0], [2, 0], [1, 0], [2, 0], [1, 0], [1, 0], [2, 0]], ""betti_frozen"": [[2, 0], [1, 0], [1, 0], [1, 0], [1, 0], [2, 0], [1, 0], [2, 0], [1, 0], [1, 0], [2, 0]], ""betti_nerve"": [[1, 0], [1, 0], [1, 0], [1, 0], [1, 0], [1, 0], [1, 0], [1, 0], [1, 0], [1, 0], [1, 0]], ""boundary_restriction"": ""both"", ""forced_removals"": 0, ""growth_representation_fallbacks"": 18, ""invariant_held"": true, ""n_segments"": 84, ""n_train_fit"": 3712, ""n_val"": 1238, ""phase0"": [{""constant_lens"": false, ""gain"": 0.25, ""lens"": ""pc1"", ""lens_scaling"": ""standardize"", ""min_cluster_size"": 18, ""min_samples"": 5, ""n_class"": 338, ""n_edges"": 4, ""n_intervals"": 5, ""n_vertices"": 5, ""noise_reassigned"": 310, ""placement"": ""quantile"", ""slabs"": [{""k"": 1, ""n"": 76}, {""k"": 1, ""n"": 85}, {""k"": 1, ""n"": 84}, {""k"": 1, ""n"": 85}, {""k"": 1, ""n"": 76}]}, {""constant_lens"": false, ""gain"": 0.25, ""lens"": ""pc1"", ""lens_scaling"": ""standardize"", ""min_cluster_size"": 18, ""min_samples"": 5, ""n_class"": 338, ""n_edges"": 4, ""n_intervals"": 5, ""n_vertices"": 5, ""noise_reassigned"": 315, ""placement"": ""quantile"", ""slabs"": [{""k"": 1, ""n"": 76}, {""k"": 1, ""n"": 85}, {""k"": 1, ""n"": 84}, {""k"": 1, ""n"": 85}, {""k"": 1, ""n"": 76}]}, {""constant_lens"": false, ""gain"": 0.25, ""lens"": ""pc1"", ""lens_scaling"": ""standardize"", ""min_cluster_size"": 18, ""min_samples"": 5, ""n_class"": 338, ""n_edges"": 4, ""n_intervals"": 5, ""n_vertices"": 5, ""noise_reassigned"": 305, ""placement"": ""quantile"", ""slabs"": [{""k"": 1, ""n"": 76}, {""k"": 1, ""n"": 84}, {""k"": 1, ""n"": 84}, {""k"": 1, ""n"": 85}, {""k"": 1, ""n"": 76}]}, {""constant_lens"": false, ""gain"": 0.25, ""lens"": ""pc1"", ""lens_scaling"": ""standardize"", ""min_cluster_size"": 18, ""min_samples"": 5, ""n_class"": 338, ""n_edges"": 4, ""n_intervals"": 5, ""n_vertices"": 5, ""noise_reassigned"": 280, ""placement"": ""quantile"", ""slabs"": [{""k"": 1, ""n"": 76}, {""k"": 1, ""n"": 85}, {""k"": 1, ""n"": 84}, {""k"": 1, ""n"": 85}, {""k"": 1, ""n"": 76}]}, {""constant_lens"": false, ""gain"": 0.25, ""lens"": ""pc1"", ""lens_scaling"": ""standardize"", ""min_cluster_size"": 18, ""min_samples"": 5, ""n_class"": 337, ""n_edges"": 4, ""n_intervals"": 5, ""n_vertices"": 5, ""noise_reassigned"": 310, ""placement"": ""quantile"", ""slabs"": [{""k"": 1, ""n"": 76}, {""k"": 1, ""n"": 84}, {""k"": 1, ""n"": 85}, {""k"": 1, ""n"": 84}, {""k"": 1, ""n"": 76}]}, {""constant_lens"": false, ""gain"": 0.25, ""lens"": ""pc1"", ""lens_scaling"": ""standardize"", ""min_cluster_size"": 18, ""min_samples"": 5, ""n_class"": 337, ""n_edges"": 4, ""n_intervals"": 5, ""n_vertices"": 5, ""noise_reassigned"": 307, ""placement"": ""quantile"", ""slabs"": [{""k"": 1, ""n"": 76}, {""k"": 1, ""n"": 84}, {""k"": 1, ""n"": 85}, {""k"": 1, ""n"": 84}, {""k"": 1, ""n"": 76}]}, {""constant_lens"": false, ""gain"": 0.25, ""lens"": ""pc1"", ""lens_scaling"": ""standardize"", ""min_cluster_size"": 18, ""min_samples"": 5, ""n_class"": 337, ""n_edges"": 4, ""n_intervals"": 5, ""n_vertices"": 5, ""noise_reassigned"": 286, ""placement"": ""quantile"", ""slabs"": [{""k"": 1, ""n"": 76}, {""k"": 1, ""n"": 84}, {""k"": 1, ""n"": 85}, {""k"": 1, ""n"": 84}, {""k"": 1, ""n"": 76}]}, {""constant_lens"": false, ""gain"": 0.25, ""lens"": ""pc1"", ""lens_scaling"": ""standardize"", ""min_cluster_size"": 18, ""min_samples"": 5, ""n_class"": 338, ""n_edges"": 4, ""n_intervals"": 5, ""n_vertices"": 5, ""noise_reassigned"": 308, ""placement"": ""quantile"", ""slabs"": [{""k"": 1, ""n"": 76}, {""k"": 1, ""n"": 85}, {""k"": 1, ""n"": 84}, {""k"": 1, ""n"": 85}, {""k"": 1, ""n"": 76}]}, {""constant_lens"": false, ""gain"": 0.25, ""lens"": ""pc1"", ""lens_scaling"": ""standardize"", ""min_cluster_size"": 18, ""min_samples"": 5, ""n_class"": 337, ""n_edges"": 4, ""n_intervals"": 5, ""n_vertices"": 5, ""noise_reassigned"": 312, ""placement"": ""quantile"", ""slabs"": [{""k"": 1, ""n"": 76}, {""k"": 1, ""n"": 84}, {""k"": 1, ""n"": 85}, {""k"": 1, ""n"": 84}, {""k"": 1, ""n"": 76}]}, {""constant_lens"": false, ""gain"": 0.25, ""lens"": ""pc1"", ""lens_scaling"": ""standardize"", ""min_cluster_size"": 18, ""min_samples"": 5, ""n_class"": 337, ""n_edges"": 4, ""n_intervals"": 5, ""n_vertices"": 5, ""noise_reassigned"": 304, ""placement"": ""quantile"", ""slabs"": [{""k"": 1, ""n"": 76}, {""k"": 1, ""n"": 84}, {""k"": 1, ""n"": 85}, {""k"": 1, ""n"": 84}, {""k"": 1, ""n"": 76}]}, {""constant_lens"": false, ""gain"": 0.25, ""lens"": ""pc1"", ""lens_scaling"": ""standardize"", ""min_cluster_size"": 18, ""min_samples"": 5, ""n_class"": 337, ""n_edges"": 4, ""n_intervals"": 5, ""n_vertices"": 5, ""noise_reassigned"": 289, ""placement"": ""quantile"", ""slabs"": [{""k"": 1, ""n"": 76}, {""k"": 1, ""n"": 84}, {""k"": 1, ""n"": 85}, {""k"": 1, ""n"": 84}, {""k"": 1, ""n"": 76}]}], ""soundness_bound_holds"": true, ""step_rule"": ""scale_free"", ""topology_retention_nerve_to_frozen"": {""beta0_frozen"": 15, ""beta0_nerve"": 11, ""beta1_frozen"": 0, ""beta1_nerve"": 0}}",True
0.9527272727272728,99,False,0.02,0.02,,4.821880000003148,4.821880000003148,0.0,texture,0,,SPINE+Graph,10,99,550,4950,0.98,1033474151,False,"{""admission"": {""criterion"": ""risk"", ""removed_risk"": 4, ""removed_support"": 0}, ""betti_final"": [[2, 0], [1, 0], [1, 0], [1, 0], [1, 0], [2, 0], [1, 0], [2, 0], [1, 0], [1, 0], [2, 0]], ""betti_frozen"": [[2, 0], [1, 0], [1, 0], [1, 0], [1, 0], [2, 0], [1, 0], [2, 0], [1, 0], [1, 0], [2, 0]], ""betti_nerve"": [[1, 0], [1, 0], [1, 0], [1, 0], [1, 0], [1, 0], [1, 0], [1, 0], [1, 0], [1, 0], [1, 0]], ""boundary_restriction"": ""both"", ""forced_removals"": 0, ""growth_representation_fallbacks"": 18, ""invariant_held"": true, ""n_segments"": 84, ""n_train_fit"": 3712, ""n_val"": 1238, ""phase0"": [{""constant_lens"": false, ""gain"": 0.25, ""lens"": ""pc1"", ""lens_scaling"": ""standardize"", ""min_cluster_size"": 18, ""min_samples"": 5, ""n_class"": 338, ""n_edges"": 4, ""n_intervals"": 5, ""n_vertices"": 5, ""noise_reassigned"": 310, ""placement"": ""quantile"", ""slabs"": [{""k"": 1, ""n"": 76}, {""k"": 1, ""n"": 85}, {""k"": 1, ""n"": 84}, {""k"": 1, ""n"": 85}, {""k"": 1, ""n"": 76}]}, {""constant_lens"": false, ""gain"": 0.25, ""lens"": ""pc1"", ""lens_scaling"": ""standardize"", ""min_cluster_size"": 18, ""min_samples"": 5, ""n_class"": 338, ""n_edges"": 4, ""n_intervals"": 5, ""n_vertices"": 5, ""noise_reassigned"": 315, ""placement"": ""quantile"", ""slabs"": [{""k"": 1, ""n"": 76}, {""k"": 1, ""n"": 85}, {""k"": 1, ""n"": 84}, {""k"": 1, ""n"": 85}, {""k"": 1, ""n"": 76}]}, {""constant_lens"": false, ""gain"": 0.25, ""lens"": ""pc1"", ""lens_scaling"": ""standardize"", ""min_cluster_size"": 18, ""min_samples"": 5, ""n_class"": 338, ""n_edges"": 4, ""n_intervals"": 5, ""n_vertices"": 5, ""noise_reassigned"": 305, ""placement"": ""quantile"", ""slabs"": [{""k"": 1, ""n"": 76}, {""k"": 1, ""n"": 84}, {""k"": 1, ""n"": 84}, {""k"": 1, ""n"": 85}, {""k"": 1, ""n"": 76}]}, {""constant_lens"": false, ""gain"": 0.25, ""lens"": ""pc1"", ""lens_scaling"": ""standardize"", ""min_cluster_size"": 18, ""min_samples"": 5, ""n_class"": 338, ""n_edges"": 4, ""n_intervals"": 5, ""n_vertices"": 5, ""noise_reassigned"": 280, ""placement"": ""quantile"", ""slabs"": [{""k"": 1, ""n"": 76}, {""k"": 1, ""n"": 85}, {""k"": 1, ""n"": 84}, {""k"": 1, ""n"": 85}, {""k"": 1, ""n"": 76}]}, {""constant_lens"": false, ""gain"": 0.25, ""lens"": ""pc1"", ""lens_scaling"": ""standardize"", ""min_cluster_size"": 18, ""min_samples"": 5, ""n_class"": 337, ""n_edges"": 4, ""n_intervals"": 5, ""n_vertices"": 5, ""noise_reassigned"": 310, ""placement"": ""quantile"", ""slabs"": [{""k"": 1, ""n"": 76}, {""k"": 1, ""n"": 84}, {""k"": 1, ""n"": 85}, {""k"": 1, ""n"": 84}, {""k"": 1, ""n"": 76}]}, {""constant_lens"": false, ""gain"": 0.25, ""lens"": ""pc1"", ""lens_scaling"": ""standardize"", ""min_cluster_size"": 18, ""min_samples"": 5, ""n_class"": 337, ""n_edges"": 4, ""n_intervals"": 5, ""n_vertices"": 5, ""noise_reassigned"": 307, ""placement"": ""quantile"", ""slabs"": [{""k"": 1, ""n"": 76}, {""k"": 1, ""n"": 84}, {""k"": 1, ""n"": 85}, {""k"": 1, ""n"": 84}, {""k"": 1, ""n"": 76}]}, {""constant_lens"": false, ""gain"": 0.25, ""lens"": ""pc1"", ""lens_scaling"": ""standardize"", ""min_cluster_size"": 18, ""min_samples"": 5, ""n_class"": 337, ""n_edges"": 4, ""n_intervals"": 5, ""n_vertices"": 5, ""noise_reassigned"": 286, ""placement"": ""quantile"", ""slabs"": [{""k"": 1, ""n"": 76}, {""k"": 1, ""n"": 84}, {""k"": 1, ""n"": 85}, {""k"": 1, ""n"": 84}, {""k"": 1, ""n"": 76}]}, {""constant_lens"": false, ""gain"": 0.25, ""lens"": ""pc1"", ""lens_scaling"": ""standardize"", ""min_cluster_size"": 18, ""min_samples"": 5, ""n_class"": 338, ""n_edges"": 4, ""n_intervals"": 5, ""n_vertices"": 5, ""noise_reassigned"": 308, ""placement"": ""quantile"", ""slabs"": [{""k"": 1, ""n"": 76}, {""k"": 1, ""n"": 85}, {""k"": 1, ""n"": 84}, {""k"": 1, ""n"": 85}, {""k"": 1, ""n"": 76}]}, {""constant_lens"": false, ""gain"": 0.25, ""lens"": ""pc1"", ""lens_scaling"": ""standardize"", ""min_cluster_size"": 18, ""min_samples"": 5, ""n_class"": 337, ""n_edges"": 4, ""n_intervals"": 5, ""n_vertices"": 5, ""noise_reassigned"": 312, ""placement"": ""quantile"", ""slabs"": [{""k"": 1, ""n"": 76}, {""k"": 1, ""n"": 84}, {""k"": 1, ""n"": 85}, {""k"": 1, ""n"": 84}, {""k"": 1, ""n"": 76}]}, {""constant_lens"": false, ""gain"": 0.25, ""lens"": ""pc1"", ""lens_scaling"": ""standardize"", ""min_cluster_size"": 18, ""min_samples"": 5, ""n_class"": 337, ""n_edges"": 4, ""n_intervals"": 5, ""n_vertices"": 5, ""noise_reassigned"": 304, ""placement"": ""quantile"", ""slabs"": [{""k"": 1, ""n"": 76}, {""k"": 1, ""n"": 84}, {""k"": 1, ""n"": 85}, {""k"": 1, ""n"": 84}, {""k"": 1, ""n"": 76}]}, {""constant_lens"": false, ""gain"": 0.25, ""lens"": ""pc1"", ""lens_scaling"": ""standardize"", ""min_cluster_size"": 18, ""min_samples"": 5, ""n_class"": 337, ""n_edges"": 4, ""n_intervals"": 5, ""n_vertices"": 5, ""noise_reassigned"": 289, ""placement"": ""quantile"", ""slabs"": [{""k"": 1, ""n"": 76}, {""k"": 1, ""n"": 84}, {""k"": 1, ""n"": 85}, {""k"": 1, ""n"": 84}, {""k"": 1, ""n"": 76}]}], ""soundness_bound_holds"": true, ""step_rule"": ""scale_free"", ""topology_retention_nerve_to_frozen"": {""beta0_frozen"": 15, ""beta0_nerve"": 11, ""beta1_frozen"": 0, ""beta1_nerve"": 0}}",True
0.9654545454545455,99,False,0.02,0.02,,3.1119449999532662,59.70165299990913,56.58970799995586,texture,0,"{""epsilon"": 0.1, ""window"": 0.2}",LVQ3,10,99,550,4950,0.98,1033474151,False,,True
0.9581818181818181,99,False,0.02,0.02,"{""0"": 9, ""1"": 9, ""10"": 9, ""2"": 9, ""3"": 9, ""4"": 9, ""5"": 9, ""6"": 9, ""7"": 9, ""8"": 9, ""9"": 9}",1.0245880000293255,1.0245880000293255,0.0,texture,0,,KMeans,10,99,550,4950,0.98,1033474151,False,,True
0.8545454545454545,99,False,0.02,0.02,"{""0"": 9, ""1"": 9, ""10"": 9, ""2"": 9, ""3"": 9, ""4"": 9, ""5"": 9, ""6"": 9, ""7"": 9, ""8"": 9, ""9"": 9}",0.0015150000108405948,0.0015150000108405948,0.0,texture,0,,Random,10,99,550,4950,0.98,1033474151,False,,True
0.9309090909090909,99,False,0.02,0.02,,1.6290879999869503,1.6290879999869503,0.0,texture,0,,SPOT,10,99,550,4950,0.98,1033474151,False,,True
0.94,99,False,0.02,0.02,,13.33779499999946,13.33779499999946,0.0,texture,0,,GLVQ,10,99,550,4950,0.98,1033474151,False,,True
0.9509090909090909,99,False,0.02,0.02,,1.7371669999556616,1.7371669999556616,0.0,texture,0,,GNG,10,99,550,4950,0.98,1033474151,False,,True
0.9872727272727273,248,False,0.050101010101010104,0.05,,0.00018799997633323073,0.00018799997633323073,0.0,texture,0,,Full,10,4950,550,4950,0.0,1033474151,True,,False
0.9836363636363636,248,False,0.050101010101010104,0.05,,1.5374660000088625,1.5374660000088625,0.0,texture,0,,RSP3,10,872,550,4950,0.8238383838383838,1033474151,True,,False
0.9709090909090909,248,False,0.050101010101010104,0.05,,0.7587540000095032,0.7587540000095032,0.0,texture,0,,RHC,10,259,550,4950,0.9476767676767677,1033474151,True,,False
0.9618181818181818,248,False,0.050101010101010104,0.05,,5.899662999960128,5.899662999960128,0.0,texture,0,,SPINE+1NN,10,248,550,4950,0.9498989898989899,1033474151,False,"{""admission"": {""criterion"": ""risk"", ""removed_risk"": 4, ""removed_support"": 0}, ""betti_final"": [[2, 0], [1, 0], [1, 0], [1, 0], [1, 0], [2, 0], [1, 0], [2, 0], [1, 0], [1, 0], [2, 0]], ""betti_frozen"": [[2, 0], [1, 0], [1, 0], [1, 0], [1, 0], [2, 0], [1, 0], [2, 0], [1, 0], [1, 0], [2, 0]], ""betti_nerve"": [[1, 0], [1, 0], [1, 0], [1, 0], [1, 0], [1, 0], [1, 0], [1, 0], [1, 0], [1, 0], [1, 0]], ""boundary_restriction"": ""both"", ""forced_removals"": 0, ""growth_representation_fallbacks"": 121, ""invariant_held"": true, ""n_segments"": 233, ""n_train_fit"": 3712, ""n_val"": 1238, ""phase0"": [{""constant_lens"": false, ""gain"": 0.25, ""lens"": ""pc1"", ""lens_scaling"": ""standardize"", ""min_cluster_size"": 18, ""min_samples"": 5, ""n_class"": 338, ""n_edges"": 4, ""n_intervals"": 5, ""n_vertices"": 5, ""noise_reassigned"": 310, ""placement"": ""quantile"", ""slabs"": [{""k"": 1, ""n"": 76}, {""k"": 1, ""n"": 85}, {""k"": 1, ""n"": 84}, {""k"": 1, ""n"": 85}, {""k"": 1, ""n"": 76}]}, {""constant_lens"": false, ""gain"": 0.25, ""lens"": ""pc1"", ""lens_scaling"": ""standardize"", ""min_cluster_size"": 18, ""min_samples"": 5, ""n_class"": 338, ""n_edges"": 4, ""n_intervals"": 5, ""n_vertices"": 5, ""noise_reassigned"": 315, ""placement"": ""quantile"", ""slabs"": [{""k"": 1, ""n"": 76}, {""k"": 1, ""n"": 85}, {""k"": 1, ""n"": 84}, {""k"": 1, ""n"": 85}, {""k"": 1, ""n"": 76}]}, {""constant_lens"": false, ""gain"": 0.25, ""lens"": ""pc1"", ""lens_scaling"": ""standardize"", ""min_cluster_size"": 18, ""min_samples"": 5, ""n_class"": 338, ""n_edges"": 4, ""n_intervals"": 5, ""n_vertices"": 5, ""noise_reassigned"": 305, ""placement"": ""quantile"", ""slabs"": [{""k"": 1, ""n"": 76}, {""k"": 1, ""n"": 84}, {""k"": 1, ""n"": 84}, {""k"": 1, ""n"": 85}, {""k"": 1, ""n"": 76}]}, {""constant_lens"": false, ""gain"": 0.25, ""lens"": ""pc1"", ""lens_scaling"": ""standardize"", ""min_cluster_size"": 18, ""min_samples"": 5, ""n_class"": 338, ""n_edges"": 4, ""n_intervals"": 5, ""n_vertices"": 5, ""noise_reassigned"": 280, ""placement"": ""quantile"", ""slabs"": [{""k"": 1, ""n"": 76}, {""k"": 1, ""n"": 85}, {""k"": 1, ""n"": 84}, {""k"": 1, ""n"": 85}, {""k"": 1, ""n"": 76}]}, {""constant_lens"": false, ""gain"": 0.25, ""lens"": ""pc1"", ""lens_scaling"": ""standardize"", ""min_cluster_size"": 18, ""min_samples"": 5, ""n_class"": 337, ""n_edges"": 4, ""n_intervals"": 5, ""n_vertices"": 5, ""noise_reassigned"": 310, ""placement"": ""quantile"", ""slabs"": [{""k"": 1, ""n"": 76}, {""k"": 1, ""n"": 84}, {""k"": 1, ""n"": 85}, {""k"": 1, ""n"": 84}, {""k"": 1, ""n"": 76}]}, {""constant_lens"": false, ""gain"": 0.25, ""lens"": ""pc1"", ""lens_scaling"": ""standardize"", ""min_cluster_size"": 18, ""min_samples"": 5, ""n_class"": 337, ""n_edges"": 4, ""n_intervals"": 5, ""n_vertices"": 5, ""noise_reassigned"": 307, ""placement"": ""quantile"", ""slabs"": [{""k"": 1, ""n"": 76}, {""k"": 1, ""n"": 84}, {""k"": 1, ""n"": 85}, {""k"": 1, ""n"": 84}, {""k"": 1, ""n"": 76}]}, {""constant_lens"": false, ""gain"": 0.25, ""lens"": ""pc1"", ""lens_scaling"": ""standardize"", ""min_cluster_size"": 18, ""min_samples"": 5, ""n_class"": 337, ""n_edges"": 4, ""n_intervals"": 5, ""n_vertices"": 5, ""noise_reassigned"": 286, ""placement"": ""quantile"", ""slabs"": [{""k"": 1, ""n"": 76}, {""k"": 1, ""n"": 84}, {""k"": 1, ""n"": 85}, {""k"": 1, ""n"": 84}, {""k"": 1, ""n"": 76}]}, {""constant_lens"": false, ""gain"": 0.25, ""lens"": ""pc1"", ""lens_scaling"": ""standardize"", ""min_cluster_size"": 18, ""min_samples"": 5, ""n_class"": 338, ""n_edges"": 4, ""n_intervals"": 5, ""n_vertices"": 5, ""noise_reassigned"": 308, ""placement"": ""quantile"", ""slabs"": [{""k"": 1, ""n"": 76}, {""k"": 1, ""n"": 85}, {""k"": 1, ""n"": 84}, {""k"": 1, ""n"": 85}, {""k"": 1, ""n"": 76}]}, {""constant_lens"": false, ""gain"": 0.25, ""lens"": ""pc1"", ""lens_scaling"": ""standardize"", ""min_cluster_size"": 18, ""min_samples"": 5, ""n_class"": 337, ""n_edges"": 4, ""n_intervals"": 5, ""n_vertices"": 5, ""noise_reassigned"": 312, ""placement"": ""quantile"", ""slabs"": [{""k"": 1, ""n"": 76}, {""k"": 1, ""n"": 84}, {""k"": 1, ""n"": 85}, {""k"": 1, ""n"": 84}, {""k"": 1, ""n"": 76}]}, {""constant_lens"": false, ""gain"": 0.25, ""lens"": ""pc1"", ""lens_scaling"": ""standardize"", ""min_cluster_size"": 18, ""min_samples"": 5, ""n_class"": 337, ""n_edges"": 4, ""n_intervals"": 5, ""n_vertices"": 5, ""noise_reassigned"": 304, ""placement"": ""quantile"", ""slabs"": [{""k"": 1, ""n"": 76}, {""k"": 1, ""n"": 84}, {""k"": 1, ""n"": 85}, {""k"": 1, ""n"": 84}, {""k"": 1, ""n"": 76}]}, {""constant_lens"": false, ""gain"": 0.25, ""lens"": ""pc1"", ""lens_scaling"": ""standardize"", ""min_cluster_size"": 18, ""min_samples"": 5, ""n_class"": 337, ""n_edges"": 4, ""n_intervals"": 5, ""n_vertices"": 5, ""noise_reassigned"": 289, ""placement"": ""quantile"", ""slabs"": [{""k"": 1, ""n"": 76}, {""k"": 1, ""n"": 84}, {""k"": 1, ""n"": 85}, {""k"": 1, ""n"": 84}, {""k"": 1, ""n"": 76}]}], ""soundness_bound_holds"": true, ""step_rule"": ""scale_free"", ""topology_retention_nerve_to_frozen"": {""beta0_frozen"": 15, ""beta0_nerve"": 11, ""beta1_frozen"": 0, ""beta1_nerve"": 0}}",True
0.96,248,False,0.050101010101010104,0.05,,5.899662999960128,5.899662999960128,0.0,texture,0,,SPINE+Graph,10,248,550,4950,0.9498989898989899,1033474151,False,"{""admission"": {""criterion"": ""risk"", ""removed_risk"": 4, ""removed_support"": 0}, ""betti_final"": [[2, 0], [1, 0], [1, 0], [1, 0], [1, 0], [2, 0], [1, 0], [2, 0], [1, 0], [1, 0], [2, 0]], ""betti_frozen"": [[2, 0], [1, 0], [1, 0], [1, 0], [1, 0], [2, 0], [1, 0], [2, 0], [1, 0], [1, 0], [2, 0]], ""betti_nerve"": [[1, 0], [1, 0], [1, 0], [1, 0], [1, 0], [1, 0], [1, 0], [1, 0], [1, 0], [1, 0], [1, 0]], ""boundary_restriction"": ""both"", ""forced_removals"": 0, ""growth_representation_fallbacks"": 121, ""invariant_held"": true, ""n_segments"": 233, ""n_train_fit"": 3712, ""n_val"": 1238, ""phase0"": [{""constant_lens"": false, ""gain"": 0.25, ""lens"": ""pc1"", ""lens_scaling"": ""standardize"", ""min_cluster_size"": 18, ""min_samples"": 5, ""n_class"": 338, ""n_edges"": 4, ""n_intervals"": 5, ""n_vertices"": 5, ""noise_reassigned"": 310, ""placement"": ""quantile"", ""slabs"": [{""k"": 1, ""n"": 76}, {""k"": 1, ""n"": 85}, {""k"": 1, ""n"": 84}, {""k"": 1, ""n"": 85}, {""k"": 1, ""n"": 76}]}, {""constant_lens"": false, ""gain"": 0.25, ""lens"": ""pc1"", ""lens_scaling"": ""standardize"", ""min_cluster_size"": 18, ""min_samples"": 5, ""n_class"": 338, ""n_edges"": 4, ""n_intervals"": 5, ""n_vertices"": 5, ""noise_reassigned"": 315, ""placement"": ""quantile"", ""slabs"": [{""k"": 1, ""n"": 76}, {""k"": 1, ""n"": 85}, {""k"": 1, ""n"": 84}, {""k"": 1, ""n"": 85}, {""k"": 1, ""n"": 76}]}, {""constant_lens"": false, ""gain"": 0.25, ""lens"": ""pc1"", ""lens_scaling"": ""standardize"", ""min_cluster_size"": 18, ""min_samples"": 5, ""n_class"": 338, ""n_edges"": 4, ""n_intervals"": 5, ""n_vertices"": 5, ""noise_reassigned"": 305, ""placement"": ""quantile"", ""slabs"": [{""k"": 1, ""n"": 76}, {""k"": 1, ""n"": 84}, {""k"": 1, ""n"": 84}, {""k"": 1, ""n"": 85}, {""k"": 1, ""n"": 76}]}, {""constant_lens"": false, ""gain"": 0.25, ""lens"": ""pc1"", ""lens_scaling"": ""standardize"", ""min_cluster_size"": 18, ""min_samples"": 5, ""n_class"": 338, ""n_edges"": 4, ""n_intervals"": 5, ""n_vertices"": 5, ""noise_reassigned"": 280, ""placement"": ""quantile"", ""slabs"": [{""k"": 1, ""n"": 76}, {""k"": 1, ""n"": 85}, {""k"": 1, ""n"": 84}, {""k"": 1, ""n"": 85}, {""k"": 1, ""n"": 76}]}, {""constant_lens"": false, ""gain"": 0.25, ""lens"": ""pc1"", ""lens_scaling"": ""standardize"", ""min_cluster_size"": 18, ""min_samples"": 5, ""n_class"": 337, ""n_edges"": 4, ""n_intervals"": 5, ""n_vertices"": 5, ""noise_reassigned"": 310, ""placement"": ""quantile"", ""slabs"": [{""k"": 1, ""n"": 76}, {""k"": 1, ""n"": 84}, {""k"": 1, ""n"": 85}, {""k"": 1, ""n"": 84}, {""k"": 1, ""n"": 76}]}, {""constant_lens"": false, ""gain"": 0.25, ""lens"": ""pc1"", ""lens_scaling"": ""standardize"", ""min_cluster_size"": 18, ""min_samples"": 5, ""n_class"": 337, ""n_edges"": 4, ""n_intervals"": 5, ""n_vertices"": 5, ""noise_reassigned"": 307, ""placement"": ""quantile"", ""slabs"": [{""k"": 1, ""n"": 76}, {""k"": 1, ""n"": 84}, {""k"": 1, ""n"": 85}, {""k"": 1, ""n"": 84}, {""k"": 1, ""n"": 76}]}, {""constant_lens"": false, ""gain"": 0.25, ""lens"": ""pc1"", ""lens_scaling"": ""standardize"", ""min_cluster_size"": 18, ""min_samples"": 5, ""n_class"": 337, ""n_edges"": 4, ""n_intervals"": 5, ""n_vertices"": 5, ""noise_reassigned"": 286, ""placement"": ""quantile"", ""slabs"": [{""k"": 1, ""n"": 76}, {""k"": 1, ""n"": 84}, {""k"": 1, ""n"": 85}, {""k"": 1, ""n"": 84}, {""k"": 1, ""n"": 76}]}, {""constant_lens"": false, ""gain"": 0.25, ""lens"": ""pc1"", ""lens_scaling"": ""standardize"", ""min_cluster_size"": 18, ""min_samples"": 5, ""n_class"": 338, ""n_edges"": 4, ""n_intervals"": 5, ""n_vertices"": 5, ""noise_reassigned"": 308, ""placement"": ""quantile"", ""slabs"": [{""k"": 1, ""n"": 76}, {""k"": 1, ""n"": 85}, {""k"": 1, ""n"": 84}, {""k"": 1, ""n"": 85}, {""k"": 1, ""n"": 76}]}, {""constant_lens"": false, ""gain"": 0.25, ""lens"": ""pc1"", ""lens_scaling"": ""standardize"", ""min_cluster_size"": 18, ""min_samples"": 5, ""n_class"": 337, ""n_edges"": 4, ""n_intervals"": 5, ""n_vertices"": 5, ""noise_reassigned"": 312, ""placement"": ""quantile"", ""slabs"": [{""k"": 1, ""n"": 76}, {""k"": 1, ""n"": 84}, {""k"": 1, ""n"": 85}, {""k"": 1, ""n"": 84}, {""k"": 1, ""n"": 76}]}, {""constant_lens"": false, ""gain"": 0.25, ""lens"": ""pc1"", ""lens_scaling"": ""standardize"", ""min_cluster_size"": 18, ""min_samples"": 5, ""n_class"": 337, ""n_edges"": 4, ""n_intervals"": 5, ""n_vertices"": 5, ""noise_reassigned"": 304, ""placement"": ""quantile"", ""slabs"": [{""k"": 1, ""n"": 76}, {""k"": 1, ""n"": 84}, {""k"": 1, ""n"": 85}, {""k"": 1, ""n"": 84}, {""k"": 1, ""n"": 76}]}, {""constant_lens"": false, ""gain"": 0.25, ""lens"": ""pc1"", ""lens_scaling"": ""standardize"", ""min_cluster_size"": 18, ""min_samples"": 5, ""n_class"": 337, ""n_edges"": 4, ""n_intervals"": 5, ""n_vertices"": 5, ""noise_reassigned"": 289, ""placement"": ""quantile"", ""slabs"": [{""k"": 1, ""n"": 76}, {""k"": 1, ""n"": 84}, {""k"": 1, ""n"": 85}, {""k"": 1, ""n"": 84}, {""k"": 1, ""n"": 76}]}], ""soundness_bound_holds"": true, ""step_rule"": ""scale_free"", ""topology_retention_nerve_to_frozen"": {""beta0_frozen"": 15, ""beta0_nerve"": 11, ""beta1_frozen"": 0, ""beta1_nerve"": 0}}",True
0.9745454545454545,248,False,0.050101010101010104,0.05,,4.553955999959726,80.87729699991178,76.32334099995205,texture,0,"{""epsilon"": 0.1, ""window"": 0.3}",LVQ3,10,248,550,4950,0.9498989898989899,1033474151,False,,True
0.9672727272727273,248,False,0.050101010101010104,0.05,"{""0"": 23, ""1"": 23, ""10"": 22, ""2"": 23, ""3"": 23, ""4"": 23, ""5"": 23, ""6"": 22, ""7"": 22, ""8"": 22, ""9"": 22}",1.692817000031937,1.692817000031937,0.0,texture,0,,KMeans,10,248,550,4950,0.9498989898989899,1033474151,False,,True
0.9090909090909091,248,False,0.050101010101010104,0.05,"{""0"": 23, ""1"": 23, ""10"": 22, ""2"": 23, ""3"": 23, ""4"": 23, ""5"": 23, ""6"": 22, ""7"": 22, ""8"": 22, ""9"": 22}",0.0017859999788925052,0.0017859999788925052,0.0,texture,0,,Random,10,248,550,4950,0.9498989898989899,1033474151,False,,True
0.9490909090909091,248,False,0.050101010101010104,0.05,,1.8560590000124648,1.8560590000124648,0.0,texture,0,,SPOT,10,248,550,4950,0.9498989898989899,1033474151,False,,True
0.9363636363636364,248,False,0.050101010101010104,0.05,,28.952641999989282,28.952641999989282,0.0,texture,0,,GLVQ,10,248,550,4950,0.9498989898989899,1033474151,False,,True
0.9709090909090909,248,False,0.050101010101010104,0.05,,2.5866709999972954,2.5866709999972954,0.0,texture,0,,GNG,10,248,550,4950,0.9498989898989899,1033474151,False,,True
0.9872727272727273,495,False,0.1,0.1,,0.00018799997633323073,0.00018799997633323073,0.0,texture,0,,Full,10,4950,550,4950,0.0,1033474151,True,,False
0.9836363636363636,495,False,0.1,0.1,,1.5374660000088625,1.5374660000088625,0.0,texture,0,,RSP3,10,872,550,4950,0.8238383838383838,1033474151,True,,False
0.9709090909090909,495,False,0.1,0.1,,0.7587540000095032,0.7587540000095032,0.0,texture,0,,RHC,10,259,550,4950,0.9476767676767677,1033474151,True,,False
0.9727272727272728,495,False,0.1,0.1,,7.466042999993078,7.466042999993078,0.0,texture,0,,SPINE+1NN,10,495,550,4950,0.9,1033474151,False,"{""admission"": {""criterion"": ""risk"", ""removed_risk"": 4, ""removed_support"": 0}, ""betti_final"": [[2, 0], [1, 0], [1, 0], [1, 0], [1, 0], [2, 0], [1, 0], [2, 0], [1, 0], [1, 0], [2, 0]], ""betti_frozen"": [[2, 0], [1, 0], [1, 0], [1, 0], [1, 0], [2, 0], [1, 0], [2, 0], [1, 0], [1, 0], [2, 0]], ""betti_nerve"": [[1, 0], [1, 0], [1, 0], [1, 0], [1, 0], [1, 0], [1, 0], [1, 0], [1, 0], [1, 0], [1, 0]], ""boundary_restriction"": ""both"", ""forced_removals"": 0, ""growth_representation_fallbacks"": 424, ""invariant_held"": true, ""n_segments"": 480, ""n_train_fit"": 3712, ""n_val"": 1238, ""phase0"": [{""constant_lens"": false, ""gain"": 0.25, ""lens"": ""pc1"", ""lens_scaling"": ""standardize"", ""min_cluster_size"": 18, ""min_samples"": 5, ""n_class"": 338, ""n_edges"": 4, ""n_intervals"": 5, ""n_vertices"": 5, ""noise_reassigned"": 310, ""placement"": ""quantile"", ""slabs"": [{""k"": 1, ""n"": 76}, {""k"": 1, ""n"": 85}, {""k"": 1, ""n"": 84}, {""k"": 1, ""n"": 85}, {""k"": 1, ""n"": 76}]}, {""constant_lens"": false, ""gain"": 0.25, ""lens"": ""pc1"", ""lens_scaling"": ""standardize"", ""min_cluster_size"": 18, ""min_samples"": 5, ""n_class"": 338, ""n_edges"": 4, ""n_intervals"": 5, ""n_vertices"": 5, ""noise_reassigned"": 315, ""placement"": ""quantile"", ""slabs"": [{""k"": 1, ""n"": 76}, {""k"": 1, ""n"": 85}, {""k"": 1, ""n"": 84}, {""k"": 1, ""n"": 85}, {""k"": 1, ""n"": 76}]}, {""constant_lens"": false, ""gain"": 0.25, ""lens"": ""pc1"", ""lens_scaling"": ""standardize"", ""min_cluster_size"": 18, ""min_samples"": 5, ""n_class"": 338, ""n_edges"": 4, ""n_intervals"": 5, ""n_vertices"": 5, ""noise_reassigned"": 305, ""placement"": ""quantile"", ""slabs"": [{""k"": 1, ""n"": 76}, {""k"": 1, ""n"": 84}, {""k"": 1, ""n"": 84}, {""k"": 1, ""n"": 85}, {""k"": 1, ""n"": 76}]}, {""constant_lens"": false, ""gain"": 0.25, ""lens"": ""pc1"", ""lens_scaling"": ""standardize"", ""min_cluster_size"": 18, ""min_samples"": 5, ""n_class"": 338, ""n_edges"": 4, ""n_intervals"": 5, ""n_vertices"": 5, ""noise_reassigned"": 280, ""placement"": ""quantile"", ""slabs"": [{""k"": 1, ""n"": 76}, {""k"": 1, ""n"": 85}, {""k"": 1, ""n"": 84}, {""k"": 1, ""n"": 85}, {""k"": 1, ""n"": 76}]}, {""constant_lens"": false, ""gain"": 0.25, ""lens"": ""pc1"", ""lens_scaling"": ""standardize"", ""min_cluster_size"": 18, ""min_samples"": 5, ""n_class"": 337, ""n_edges"": 4, ""n_intervals"": 5, ""n_vertices"": 5, ""noise_reassigned"": 310, ""placement"": ""quantile"", ""slabs"": [{""k"": 1, ""n"": 76}, {""k"": 1, ""n"": 84}, {""k"": 1, ""n"": 85}, {""k"": 1, ""n"": 84}, {""k"": 1, ""n"": 76}]}, {""constant_lens"": false, ""gain"": 0.25, ""lens"": ""pc1"", ""lens_scaling"": ""standardize"", ""min_cluster_size"": 18, ""min_samples"": 5, ""n_class"": 337, ""n_edges"": 4, ""n_intervals"": 5, ""n_vertices"": 5, ""noise_reassigned"": 307, ""placement"": ""quantile"", ""slabs"": [{""k"": 1, ""n"": 76}, {""k"": 1, ""n"": 84}, {""k"": 1, ""n"": 85}, {""k"": 1, ""n"": 84}, {""k"": 1, ""n"": 76}]}, {""constant_lens"": false, ""gain"": 0.25, ""lens"": ""pc1"", ""lens_scaling"": ""standardize"", ""min_cluster_size"": 18, ""min_samples"": 5, ""n_class"": 337, ""n_edges"": 4, ""n_intervals"": 5, ""n_vertices"": 5, ""noise_reassigned"": 286, ""placement"": ""quantile"", ""slabs"": [{""k"": 1, ""n"": 76}, {""k"": 1, ""n"": 84}, {""k"": 1, ""n"": 85}, {""k"": 1, ""n"": 84}, {""k"": 1, ""n"": 76}]}, {""constant_lens"": false, ""gain"": 0.25, ""lens"": ""pc1"", ""lens_scaling"": ""standardize"", ""min_cluster_size"": 18, ""min_samples"": 5, ""n_class"": 338, ""n_edges"": 4, ""n_intervals"": 5, ""n_vertices"": 5, ""noise_reassigned"": 308, ""placement"": ""quantile"", ""slabs"": [{""k"": 1, ""n"": 76}, {""k"": 1, ""n"": 85}, {""k"": 1, ""n"": 84}, {""k"": 1, ""n"": 85}, {""k"": 1, ""n"": 76}]}, {""constant_lens"": false, ""gain"": 0.25, ""lens"": ""pc1"", ""lens_scaling"": ""standardize"", ""min_cluster_size"": 18, ""min_samples"": 5, ""n_class"": 337, ""n_edges"": 4, ""n_intervals"": 5, ""n_vertices"": 5, ""noise_reassigned"": 312, ""placement"": ""quantile"", ""slabs"": [{""k"": 1, ""n"": 76}, {""k"": 1, ""n"": 84}, {""k"": 1, ""n"": 85}, {""k"": 1, ""n"": 84}, {""k"": 1, ""n"": 76}]}, {""constant_lens"": false, ""gain"": 0.25, ""lens"": ""pc1"", ""lens_scaling"": ""standardize"", ""min_cluster_size"": 18, ""min_samples"": 5, ""n_class"": 337, ""n_edges"": 4, ""n_intervals"": 5, ""n_vertices"": 5, ""noise_reassigned"": 304, ""placement"": ""quantile"", ""slabs"": [{""k"": 1, ""n"": 76}, {""k"": 1, ""n"": 84}, {""k"": 1, ""n"": 85}, {""k"": 1, ""n"": 84}, {""k"": 1, ""n"": 76}]}, {""constant_lens"": false, ""gain"": 0.25, ""lens"": ""pc1"", ""lens_scaling"": ""standardize"", ""min_cluster_size"": 18, ""min_samples"": 5, ""n_class"": 337, ""n_edges"": 4, ""n_intervals"": 5, ""n_vertices"": 5, ""noise_reassigned"": 289, ""placement"": ""quantile"", ""slabs"": [{""k"": 1, ""n"": 76}, {""k"": 1, ""n"": 84}, {""k"": 1, ""n"": 85}, {""k"": 1, ""n"": 84}, {""k"": 1, ""n"": 76}]}], ""soundness_bound_holds"": true, ""step_rule"": ""scale_free"", ""topology_retention_nerve_to_frozen"": {""beta0_frozen"": 15, ""beta0_nerve"": 11, ""beta1_frozen"": 0, ""beta1_nerve"": 0}}",True
0.9709090909090909,495,False,0.1,0.1,,7.466042999993078,7.466042999993078,0.0,texture,0,,SPINE+Graph,10,495,550,4950,0.9,1033474151,False,"{""admission"": {""criterion"": ""risk"", ""removed_risk"": 4, ""removed_support"": 0}, ""betti_final"": [[2, 0], [1, 0], [1, 0], [1, 0], [1, 0], [2, 0], [1, 0], [2, 0], [1, 0], [1, 0], [2, 0]], ""betti_frozen"": [[2, 0], [1, 0], [1, 0], [1, 0], [1, 0], [2, 0], [1, 0], [2, 0], [1, 0], [1, 0], [2, 0]], ""betti_nerve"": [[1, 0], [1, 0], [1, 0], [1, 0], [1, 0], [1, 0], [1, 0], [1, 0], [1, 0], [1, 0], [1, 0]], ""boundary_restriction"": ""both"", ""forced_removals"": 0, ""growth_representation_fallbacks"": 424, ""invariant_held"": true, ""n_segments"": 480, ""n_train_fit"": 3712, ""n_val"": 1238, ""phase0"": [{""constant_lens"": false, ""gain"": 0.25, ""lens"": ""pc1"", ""lens_scaling"": ""standardize"", ""min_cluster_size"": 18, ""min_samples"": 5, ""n_class"": 338, ""n_edges"": 4, ""n_intervals"": 5, ""n_vertices"": 5, ""noise_reassigned"": 310, ""placement"": ""quantile"", ""slabs"": [{""k"": 1, ""n"": 76}, {""k"": 1, ""n"": 85}, {""k"": 1, ""n"": 84}, {""k"": 1, ""n"": 85}, {""k"": 1, ""n"": 76}]}, {""constant_lens"": false, ""gain"": 0.25, ""lens"": ""pc1"", ""lens_scaling"": ""standardize"", ""min_cluster_size"": 18, ""min_samples"": 5, ""n_class"": 338, ""n_edges"": 4, ""n_intervals"": 5, ""n_vertices"": 5, ""noise_reassigned"": 315, ""placement"": ""quantile"", ""slabs"": [{""k"": 1, ""n"": 76}, {""k"": 1, ""n"": 85}, {""k"": 1, ""n"": 84}, {""k"": 1, ""n"": 85}, {""k"": 1, ""n"": 76}]}, {""constant_lens"": false, ""gain"": 0.25, ""lens"": ""pc1"", ""lens_scaling"": ""standardize"", ""min_cluster_size"": 18, ""min_samples"": 5, ""n_class"": 338, ""n_edges"": 4, ""n_intervals"": 5, ""n_vertices"": 5, ""noise_reassigned"": 305, ""placement"": ""quantile"", ""slabs"": [{""k"": 1, ""n"": 76}, {""k"": 1, ""n"": 84}, {""k"": 1, ""n"": 84}, {""k"": 1, ""n"": 85}, {""k"": 1, ""n"": 76}]}, {""constant_lens"": false, ""gain"": 0.25, ""lens"": ""pc1"", ""lens_scaling"": ""standardize"", ""min_cluster_size"": 18, ""min_samples"": 5, ""n_class"": 338, ""n_edges"": 4, ""n_intervals"": 5, ""n_vertices"": 5, ""noise_reassigned"": 280, ""placement"": ""quantile"", ""slabs"": [{""k"": 1, ""n"": 76}, {""k"": 1, ""n"": 85}, {""k"": 1, ""n"": 84}, {""k"": 1, ""n"": 85}, {""k"": 1, ""n"": 76}]}, {""constant_lens"": false, ""gain"": 0.25, ""lens"": ""pc1"", ""lens_scaling"": ""standardize"", ""min_cluster_size"": 18, ""min_samples"": 5, ""n_class"": 337, ""n_edges"": 4, ""n_intervals"": 5, ""n_vertices"": 5, ""noise_reassigned"": 310, ""placement"": ""quantile"", ""slabs"": [{""k"": 1, ""n"": 76}, {""k"": 1, ""n"": 84}, {""k"": 1, ""n"": 85}, {""k"": 1, ""n"": 84}, {""k"": 1, ""n"": 76}]}, {""constant_lens"": false, ""gain"": 0.25, ""lens"": ""pc1"", ""lens_scaling"": ""standardize"", ""min_cluster_size"": 18, ""min_samples"": 5, ""n_class"": 337, ""n_edges"": 4, ""n_intervals"": 5, ""n_vertices"": 5, ""noise_reassigned"": 307, ""placement"": ""quantile"", ""slabs"": [{""k"": 1, ""n"": 76}, {""k"": 1, ""n"": 84}, {""k"": 1, ""n"": 85}, {""k"": 1, ""n"": 84}, {""k"": 1, ""n"": 76}]}, {""constant_lens"": false, ""gain"": 0.25, ""lens"": ""pc1"", ""lens_scaling"": ""standardize"", ""min_cluster_size"": 18, ""min_samples"": 5, ""n_class"": 337, ""n_edges"": 4, ""n_intervals"": 5, ""n_vertices"": 5, ""noise_reassigned"": 286, ""placement"": ""quantile"", ""slabs"": [{""k"": 1, ""n"": 76}, {""k"": 1, ""n"": 84}, {""k"": 1, ""n"": 85}, {""k"": 1, ""n"": 84}, {""k"": 1, ""n"": 76}]}, {""constant_lens"": false, ""gain"": 0.25, ""lens"": ""pc1"", ""lens_scaling"": ""standardize"", ""min_cluster_size"": 18, ""min_samples"": 5, ""n_class"": 338, ""n_edges"": 4, ""n_intervals"": 5, ""n_vertices"": 5, ""noise_reassigned"": 308, ""placement"": ""quantile"", ""slabs"": [{""k"": 1, ""n"": 76}, {""k"": 1, ""n"": 85}, {""k"": 1, ""n"": 84}, {""k"": 1, ""n"": 85}, {""k"": 1, ""n"": 76}]}, {""constant_lens"": false, ""gain"": 0.25, ""lens"": ""pc1"", ""lens_scaling"": ""standardize"", ""min_cluster_size"": 18, ""min_samples"": 5, ""n_class"": 337, ""n_edges"": 4, ""n_intervals"": 5, ""n_vertices"": 5, ""noise_reassigned"": 312, ""placement"": ""quantile"", ""slabs"": [{""k"": 1, ""n"": 76}, {""k"": 1, ""n"": 84}, {""k"": 1, ""n"": 85}, {""k"": 1, ""n"": 84}, {""k"": 1, ""n"": 76}]}, {""constant_lens"": false, ""gain"": 0.25, ""lens"": ""pc1"", ""lens_scaling"": ""standardize"", ""min_cluster_size"": 18, ""min_samples"": 5, ""n_class"": 337, ""n_edges"": 4, ""n_intervals"": 5, ""n_vertices"": 5, ""noise_reassigned"": 304, ""placement"": ""quantile"", ""slabs"": [{""k"": 1, ""n"": 76}, {""k"": 1, ""n"": 84}, {""k"": 1, ""n"": 85}, {""k"": 1, ""n"": 84}, {""k"": 1, ""n"": 76}]}, {""constant_lens"": false, ""gain"": 0.25, ""lens"": ""pc1"", ""lens_scaling"": ""standardize"", ""min_cluster_size"": 18, ""min_samples"": 5, ""n_class"": 337, ""n_edges"": 4, ""n_intervals"": 5, ""n_vertices"": 5, ""noise_reassigned"": 289, ""placement"": ""quantile"", ""slabs"": [{""k"": 1, ""n"": 76}, {""k"": 1, ""n"": 84}, {""k"": 1, ""n"": 85}, {""k"": 1, ""n"": 84}, {""k"": 1, ""n"": 76}]}], ""soundness_bound_holds"": true, ""step_rule"": ""scale_free"", ""topology_retention_nerve_to_frozen"": {""beta0_frozen"": 15, ""beta0_nerve"": 11, ""beta1_frozen"": 0, ""beta1_nerve"": 0}}",True
0.9745454545454545,495,False,0.1,0.1,,5.891293000022415,111.70647999999346,105.81518699997105,texture,0,"{""epsilon"": 0.1, ""window"": 0.3}",LVQ3,10,495,550,4950,0.9,1033474151,False,,True
0.9636363636363636,495,False,0.1,0.1,"{""0"": 45, ""1"": 45, ""10"": 45, ""2"": 45, ""3"": 45, ""4"": 45, ""5"": 45, ""6"": 45, ""7"": 45, ""8"": 45, ""9"": 45}",2.357932000013534,2.357932000013534,0.0,texture,0,,KMeans,10,495,550,4950,0.9,1033474151,False,,True
0.9472727272727273,495,False,0.1,0.1,"{""0"": 45, ""1"": 45, ""10"": 45, ""2"": 45, ""3"": 45, ""4"": 45, ""5"": 45, ""6"": 45, ""7"": 45, ""8"": 45, ""9"": 45}",0.0019179999944753945,0.0019179999944753945,0.0,texture,0,,Random,10,495,550,4950,0.9,1033474151,False,,True
0.9654545454545455,495,False,0.1,0.1,,1.8784730000188574,1.8784730000188574,0.0,texture,0,,SPOT,10,495,550,4950,0.9,1033474151,False,,True
0.9272727272727272,495,False,0.1,0.1,,55.21463899995433,55.21463899995433,0.0,texture,0,,GLVQ,10,495,550,4950,0.9,1033474151,False,,True
0.9745454545454545,495,False,0.1,0.1,,5.113840999954846,5.113840999954846,0.0,texture,0,,GNG,10,495,550,4950,0.9,1033474151,False,,True
0.9872727272727273,1238,False,0.2501010101010101,0.25,,0.00018799997633323073,0.00018799997633323073,0.0,texture,0,,Full,10,4950,550,4950,0.0,1033474151,True,,False
0.9836363636363636,1238,False,0.2501010101010101,0.25,,1.5374660000088625,1.5374660000088625,0.0,texture,0,,RSP3,10,872,550,4950,0.8238383838383838,1033474151,True,,False
0.9709090909090909,1238,False,0.2501010101010101,0.25,,0.7587540000095032,0.7587540000095032,0.0,texture,0,,RHC,10,259,550,4950,0.9476767676767677,1033474151,True,,False
0.98,1238,False,0.2501010101010101,0.25,,15.533915999985766,15.533915999985766,0.0,texture,0,,SPINE+1NN,10,1238,550,4950,0.7498989898989898,1033474151,False,"{""admission"": {""criterion"": ""risk"", ""removed_risk"": 4, ""removed_support"": 0}, ""betti_final"": [[2, 0], [1, 0], [1, 0], [1, 0], [1, 0], [2, 0], [1, 0], [2, 0], [1, 0], [1, 0], [2, 0]], ""betti_frozen"": [[2, 0], [1, 0], [1, 0], [1, 0], [1, 0], [2, 0], [1, 0], [2, 0], [1, 0], [1, 0], [2, 0]], ""betti_nerve"": [[1, 0], [1, 0], [1, 0], [1, 0], [1, 0], [1, 0], [1, 0], [1, 0], [1, 0], [1, 0], [1, 0]], ""boundary_restriction"": ""both"", ""forced_removals"": 0, ""growth_representation_fallbacks"": 1323, ""invariant_held"": true, ""n_segments"": 1223, ""n_train_fit"": 3712, ""n_val"": 1238, ""phase0"": [{""constant_lens"": false, ""gain"": 0.25, ""lens"": ""pc1"", ""lens_scaling"": ""standardize"", ""min_cluster_size"": 18, ""min_samples"": 5, ""n_class"": 338, ""n_edges"": 4, ""n_intervals"": 5, ""n_vertices"": 5, ""noise_reassigned"": 310, ""placement"": ""quantile"", ""slabs"": [{""k"": 1, ""n"": 76}, {""k"": 1, ""n"": 85}, {""k"": 1, ""n"": 84}, {""k"": 1, ""n"": 85}, {""k"": 1, ""n"": 76}]}, {""constant_lens"": false, ""gain"": 0.25, ""lens"": ""pc1"", ""lens_scaling"": ""standardize"", ""min_cluster_size"": 18, ""min_samples"": 5, ""n_class"": 338, ""n_edges"": 4, ""n_intervals"": 5, ""n_vertices"": 5, ""noise_reassigned"": 315, ""placement"": ""quantile"", ""slabs"": [{""k"": 1, ""n"": 76}, {""k"": 1, ""n"": 85}, {""k"": 1, ""n"": 84}, {""k"": 1, ""n"": 85}, {""k"": 1, ""n"": 76}]}, {""constant_lens"": false, ""gain"": 0.25, ""lens"": ""pc1"", ""lens_scaling"": ""standardize"", ""min_cluster_size"": 18, ""min_samples"": 5, ""n_class"": 338, ""n_edges"": 4, ""n_intervals"": 5, ""n_vertices"": 5, ""noise_reassigned"": 305, ""placement"": ""quantile"", ""slabs"": [{""k"": 1, ""n"": 76}, {""k"": 1, ""n"": 84}, {""k"": 1, ""n"": 84}, {""k"": 1, ""n"": 85}, {""k"": 1, ""n"": 76}]}, {""constant_lens"": false, ""gain"": 0.25, ""lens"": ""pc1"", ""lens_scaling"": ""standardize"", ""min_cluster_size"": 18, ""min_samples"": 5, ""n_class"": 338, ""n_edges"": 4, ""n_intervals"": 5, ""n_vertices"": 5, ""noise_reassigned"": 280, ""placement"": ""quantile"", ""slabs"": [{""k"": 1, ""n"": 76}, {""k"": 1, ""n"": 85}, {""k"": 1, ""n"": 84}, {""k"": 1, ""n"": 85}, {""k"": 1, ""n"": 76}]}, {""constant_lens"": false, ""gain"": 0.25, ""lens"": ""pc1"", ""lens_scaling"": ""standardize"", ""min_cluster_size"": 18, ""min_samples"": 5, ""n_class"": 337, ""n_edges"": 4, ""n_intervals"": 5, ""n_vertices"": 5, ""noise_reassigned"": 310, ""placement"": ""quantile"", ""slabs"": [{""k"": 1, ""n"": 76}, {""k"": 1, ""n"": 84}, {""k"": 1, ""n"": 85}, {""k"": 1, ""n"": 84}, {""k"": 1, ""n"": 76}]}, {""constant_lens"": false, ""gain"": 0.25, ""lens"": ""pc1"", ""lens_scaling"": ""standardize"", ""min_cluster_size"": 18, ""min_samples"": 5, ""n_class"": 337, ""n_edges"": 4, ""n_intervals"": 5, ""n_vertices"": 5, ""noise_reassigned"": 307, ""placement"": ""quantile"", ""slabs"": [{""k"": 1, ""n"": 76}, {""k"": 1, ""n"": 84}, {""k"": 1, ""n"": 85}, {""k"": 1, ""n"": 84}, {""k"": 1, ""n"": 76}]}, {""constant_lens"": false, ""gain"": 0.25, ""lens"": ""pc1"", ""lens_scaling"": ""standardize"", ""min_cluster_size"": 18, ""min_samples"": 5, ""n_class"": 337, ""n_edges"": 4, ""n_intervals"": 5, ""n_vertices"": 5, ""noise_reassigned"": 286, ""placement"": ""quantile"", ""slabs"": [{""k"": 1, ""n"": 76}, {""k"": 1, ""n"": 84}, {""k"": 1, ""n"": 85}, {""k"": 1, ""n"": 84}, {""k"": 1, ""n"": 76}]}, {""constant_lens"": false, ""gain"": 0.25, ""lens"": ""pc1"", ""lens_scaling"": ""standardize"", ""min_cluster_size"": 18, ""min_samples"": 5, ""n_class"": 338, ""n_edges"": 4, ""n_intervals"": 5, ""n_vertices"": 5, ""noise_reassigned"": 308, ""placement"": ""quantile"", ""slabs"": [{""k"": 1, ""n"": 76}, {""k"": 1, ""n"": 85}, {""k"": 1, ""n"": 84}, {""k"": 1, ""n"": 85}, {""k"": 1, ""n"": 76}]}, {""constant_lens"": false, ""gain"": 0.25, ""lens"": ""pc1"", ""lens_scaling"": ""standardize"", ""min_cluster_size"": 18, ""min_samples"": 5, ""n_class"": 337, ""n_edges"": 4, ""n_intervals"": 5, ""n_vertices"": 5, ""noise_reassigned"": 312, ""placement"": ""quantile"", ""slabs"": [{""k"": 1, ""n"": 76}, {""k"": 1, ""n"": 84}, {""k"": 1, ""n"": 85}, {""k"": 1, ""n"": 84}, {""k"": 1, ""n"": 76}]}, {""constant_lens"": false, ""gain"": 0.25, ""lens"": ""pc1"", ""lens_scaling"": ""standardize"", ""min_cluster_size"": 18, ""min_samples"": 5, ""n_class"": 337, ""n_edges"": 4, ""n_intervals"": 5, ""n_vertices"": 5, ""noise_reassigned"": 304, ""placement"": ""quantile"", ""slabs"": [{""k"": 1, ""n"": 76}, {""k"": 1, ""n"": 84}, {""k"": 1, ""n"": 85}, {""k"": 1, ""n"": 84}, {""k"": 1, ""n"": 76}]}, {""constant_lens"": false, ""gain"": 0.25, ""lens"": ""pc1"", ""lens_scaling"": ""standardize"", ""min_cluster_size"": 18, ""min_samples"": 5, ""n_class"": 337, ""n_edges"": 4, ""n_intervals"": 5, ""n_vertices"": 5, ""noise_reassigned"": 289, ""placement"": ""quantile"", ""slabs"": [{""k"": 1, ""n"": 76}, {""k"": 1, ""n"": 84}, {""k"": 1, ""n"": 85}, {""k"": 1, ""n"": 84}, {""k"": 1, ""n"": 76}]}], ""soundness_bound_holds"": true, ""step_rule"": ""scale_free"", ""topology_retention_nerve_to_frozen"": {""beta0_frozen"": 15, ""beta0_nerve"": 11, ""beta1_frozen"": 0, ""beta1_nerve"": 0}}",True
0.9763636363636363,1238,False,0.2501010101010101,0.25,,15.533915999985766,15.533915999985766,0.0,texture,0,,SPINE+Graph,10,1238,550,4950,0.7498989898989898,1033474151,False,"{""admission"": {""criterion"": ""risk"", ""removed_risk"": 4, ""removed_support"": 0}, ""betti_final"": [[2, 0], [1, 0], [1, 0], [1, 0], [1, 0], [2, 0], [1, 0], [2, 0], [1, 0], [1, 0], [2, 0]], ""betti_frozen"": [[2, 0], [1, 0], [1, 0], [1, 0], [1, 0], [2, 0], [1, 0], [2, 0], [1, 0], [1, 0], [2, 0]], ""betti_nerve"": [[1, 0], [1, 0], [1, 0], [1, 0], [1, 0], [1, 0], [1, 0], [1, 0], [1, 0], [1, 0], [1, 0]], ""boundary_restriction"": ""both"", ""forced_removals"": 0, ""growth_representation_fallbacks"": 1323, ""invariant_held"": true, ""n_segments"": 1223, ""n_train_fit"": 3712, ""n_val"": 1238, ""phase0"": [{""constant_lens"": false, ""gain"": 0.25, ""lens"": ""pc1"", ""lens_scaling"": ""standardize"", ""min_cluster_size"": 18, ""min_samples"": 5, ""n_class"": 338, ""n_edges"": 4, ""n_intervals"": 5, ""n_vertices"": 5, ""noise_reassigned"": 310, ""placement"": ""quantile"", ""slabs"": [{""k"": 1, ""n"": 76}, {""k"": 1, ""n"": 85}, {""k"": 1, ""n"": 84}, {""k"": 1, ""n"": 85}, {""k"": 1, ""n"": 76}]}, {""constant_lens"": false, ""gain"": 0.25, ""lens"": ""pc1"", ""lens_scaling"": ""standardize"", ""min_cluster_size"": 18, ""min_samples"": 5, ""n_class"": 338, ""n_edges"": 4, ""n_intervals"": 5, ""n_vertices"": 5, ""noise_reassigned"": 315, ""placement"": ""quantile"", ""slabs"": [{""k"": 1, ""n"": 76}, {""k"": 1, ""n"": 85}, {""k"": 1, ""n"": 84}, {""k"": 1, ""n"": 85}, {""k"": 1, ""n"": 76}]}, {""constant_lens"": false, ""gain"": 0.25, ""lens"": ""pc1"", ""lens_scaling"": ""standardize"", ""min_cluster_size"": 18, ""min_samples"": 5, ""n_class"": 338, ""n_edges"": 4, ""n_intervals"": 5, ""n_vertices"": 5, ""noise_reassigned"": 305, ""placement"": ""quantile"", ""slabs"": [{""k"": 1, ""n"": 76}, {""k"": 1, ""n"": 84}, {""k"": 1, ""n"": 84}, {""k"": 1, ""n"": 85}, {""k"": 1, ""n"": 76}]}, {""constant_lens"": false, ""gain"": 0.25, ""lens"": ""pc1"", ""lens_scaling"": ""standardize"", ""min_cluster_size"": 18, ""min_samples"": 5, ""n_class"": 338, ""n_edges"": 4, ""n_intervals"": 5, ""n_vertices"": 5, ""noise_reassigned"": 280, ""placement"": ""quantile"", ""slabs"": [{""k"": 1, ""n"": 76}, {""k"": 1, ""n"": 85}, {""k"": 1, ""n"": 84}, {""k"": 1, ""n"": 85}, {""k"": 1, ""n"": 76}]}, {""constant_lens"": false, ""gain"": 0.25, ""lens"": ""pc1"", ""lens_scaling"": ""standardize"", ""min_cluster_size"": 18, ""min_samples"": 5, ""n_class"": 337, ""n_edges"": 4, ""n_intervals"": 5, ""n_vertices"": 5, ""noise_reassigned"": 310, ""placement"": ""quantile"", ""slabs"": [{""k"": 1, ""n"": 76}, {""k"": 1, ""n"": 84}, {""k"": 1, ""n"": 85}, {""k"": 1, ""n"": 84}, {""k"": 1, ""n"": 76}]}, {""constant_lens"": false, ""gain"": 0.25, ""lens"": ""pc1"", ""lens_scaling"": ""standardize"", ""min_cluster_size"": 18, ""min_samples"": 5, ""n_class"": 337, ""n_edges"": 4, ""n_intervals"": 5, ""n_vertices"": 5, ""noise_reassigned"": 307, ""placement"": ""quantile"", ""slabs"": [{""k"": 1, ""n"": 76}, {""k"": 1, ""n"": 84}, {""k"": 1, ""n"": 85}, {""k"": 1, ""n"": 84}, {""k"": 1, ""n"": 76}]}, {""constant_lens"": false, ""gain"": 0.25, ""lens"": ""pc1"", ""lens_scaling"": ""standardize"", ""min_cluster_size"": 18, ""min_samples"": 5, ""n_class"": 337, ""n_edges"": 4, ""n_intervals"": 5, ""n_vertices"": 5, ""noise_reassigned"": 286, ""placement"": ""quantile"", ""slabs"": [{""k"": 1, ""n"": 76}, {""k"": 1, ""n"": 84}, {""k"": 1, ""n"": 85}, {""k"": 1, ""n"": 84}, {""k"": 1, ""n"": 76}]}, {""constant_lens"": false, ""gain"": 0.25, ""lens"": ""pc1"", ""lens_scaling"": ""standardize"", ""min_cluster_size"": 18, ""min_samples"": 5, ""n_class"": 338, ""n_edges"": 4, ""n_intervals"": 5, ""n_vertices"": 5, ""noise_reassigned"": 308, ""placement"": ""quantile"", ""slabs"": [{""k"": 1, ""n"": 76}, {""k"": 1, ""n"": 85}, {""k"": 1, ""n"": 84}, {""k"": 1, ""n"": 85}, {""k"": 1, ""n"": 76}]}, {""constant_lens"": false, ""gain"": 0.25, ""lens"": ""pc1"", ""lens_scaling"": ""standardize"", ""min_cluster_size"": 18, ""min_samples"": 5, ""n_class"": 337, ""n_edges"": 4, ""n_intervals"": 5, ""n_vertices"": 5, ""noise_reassigned"": 312, ""placement"": ""quantile"", ""slabs"": [{""k"": 1, ""n"": 76}, {""k"": 1, ""n"": 84}, {""k"": 1, ""n"": 85}, {""k"": 1, ""n"": 84}, {""k"": 1, ""n"": 76}]}, {""constant_lens"": false, ""gain"": 0.25, ""lens"": ""pc1"", ""lens_scaling"": ""standardize"", ""min_cluster_size"": 18, ""min_samples"": 5, ""n_class"": 337, ""n_edges"": 4, ""n_intervals"": 5, ""n_vertices"": 5, ""noise_reassigned"": 304, ""placement"": ""quantile"", ""slabs"": [{""k"": 1, ""n"": 76}, {""k"": 1, ""n"": 84}, {""k"": 1, ""n"": 85}, {""k"": 1, ""n"": 84}, {""k"": 1, ""n"": 76}]}, {""constant_lens"": false, ""gain"": 0.25, ""lens"": ""pc1"", ""lens_scaling"": ""standardize"", ""min_cluster_size"": 18, ""min_samples"": 5, ""n_class"": 337, ""n_edges"": 4, ""n_intervals"": 5, ""n_vertices"": 5, ""noise_reassigned"": 289, ""placement"": ""quantile"", ""slabs"": [{""k"": 1, ""n"": 76}, {""k"": 1, ""n"": 84}, {""k"": 1, ""n"": 85}, {""k"": 1, ""n"": 84}, {""k"": 1, ""n"": 76}]}], ""soundness_bound_holds"": true, ""step_rule"": ""scale_free"", ""topology_retention_nerve_to_frozen"": {""beta0_frozen"": 15, ""beta0_nerve"": 11, ""beta1_frozen"": 0, ""beta1_nerve"": 0}}",True
0.9818181818181818,1238,False,0.2501010101010101,0.25,,14.89306100003887,259.9757160000736,245.08265500003472,texture,0,"{""epsilon"": 0.3, ""window"": 0.3}",LVQ3,10,1238,550,4950,0.7498989898989898,1033474151,False,,True
0.9854545454545455,1238,False,0.2501010101010101,0.25,"{""0"": 113, ""1"": 113, ""10"": 112, ""2"": 113, ""3"": 113, ""4"": 113, ""5"": 113, ""6"": 112, ""7"": 112, ""8"": 112, ""9"": 112}",4.448941000038758,4.448941000038758,0.0,texture,0,,KMeans,10,1238,550,4950,0.7498989898989898,1033474151,False,,True
0.9709090909090909,1238,False,0.2501010101010101,0.25,"{""0"": 113, ""1"": 113, ""10"": 112, ""2"": 113, ""3"": 113, ""4"": 113, ""5"": 113, ""6"": 112, ""7"": 112, ""8"": 112, ""9"": 112}",0.0025679999962449074,0.0025679999962449074,0.0,texture,0,,Random,10,1238,550,4950,0.7498989898989898,1033474151,False,,True
0.9854545454545455,1238,False,0.2501010101010101,0.25,,1.6556470000068657,1.6556470000068657,0.0,texture,0,,SPOT,10,1238,550,4950,0.7498989898989898,1033474151,False,,True
0.9290909090909091,1238,False,0.2501010101010101,0.25,,132.58030799997505,132.58030799997505,0.0,texture,0,,GLVQ,10,1238,550,4950,0.7498989898989898,1033474151,False,,True
0.9872727272727273,1238,False,0.2501010101010101,0.25,,17.962480999995023,17.962480999995023,0.0,texture,0,,GNG,10,1238,550,4950,0.7498989898989898,1033474151,False,,True
0.9836363636363636,25,False,0.005050505050505051,0.005,,0.0013749999925494194,0.0013749999925494194,0.0,texture,1,,Full,10,4950,550,4950,0.0,1034474154,False,,False
0.9690909090909091,25,False,0.005050505050505051,0.005,,1.718096999975387,1.718096999975387,0.0,texture,1,,RSP3,10,864,550,4950,0.8254545454545454,1034474154,False,,False
0.9618181818181818,25,False,0.005050505050505051,0.005,,0.7342190000344999,0.7342190000344999,0.0,texture,1,,RHC,10,271,550,4950,0.9452525252525252,1034474154,False,,False
0.8145454545454546,25,False,0.005050505050505051,0.005,,3.7959930000361055,3.7959930000361055,0.0,texture,1,,SPINE+1NN,10,25,550,4950,0.9949494949494949,1034474154,False,"{""admission"": {""criterion"": ""risk"", ""removed_risk"": 3, ""removed_support"": 0}, ""betti_final"": [[1, 0], [1, 0], [1, 0], [1, 0], [1, 0], [1, 0], [2, 0], [2, 0], [1, 0], [1, 0], [2, 0]], ""betti_frozen"": [[1, 0], [1, 0], [1, 0], [1, 0], [1, 0], [1, 0], [2, 0], [2, 0], [1, 0], [1, 0], [2, 0]], ""betti_nerve"": [[1, 0], [1, 0], [1, 0], [1, 0], [1, 0], [1, 0], [1, 0], [1, 0], [1, 0], [1, 0], [1, 0]], ""boundary_restriction"": ""both"", ""forced_removals"": 0, ""growth_representation_fallbacks"": 0, ""invariant_held"": true, ""n_segments"": 11, ""n_train_fit"": 3712, ""n_val"": 1238, ""phase0"": [{""constant_lens"": false, ""gain"": 0.25, ""lens"": ""pc1"", ""lens_scaling"": ""standardize"", ""min_cluster_size"": 18, ""min_samples"": 5, ""n_class"": 338, ""n_edges"": 4, ""n_intervals"": 5, ""n_vertices"": 5, ""noise_reassigned"": 308, ""placement"": ""quantile"", ""slabs"": [{""k"": 1, ""n"": 76}, {""k"": 1, ""n"": 85}, {""k"": 1, ""n"": 84}, {""k"": 1, ""n"": 85}, {""k"": 1, ""n"": 76}]}, {""constant_lens"": false, ""gain"": 0.25, ""lens"": ""pc1"", ""lens_scaling"": ""standardize"", ""min_cluster_size"": 18, ""min_samples"": 5, ""n_class"": 337, ""n_edges"": 4, ""n_intervals"": 5, ""n_vertices"": 5, ""noise_reassigned"": 297, ""placement"": ""quantile"", ""slabs"": [{""k"": 1, ""n"": 76}, {""k"": 1, ""n"": 84}, {""k"": 1, ""n"": 85}, {""k"": 1, ""n"": 84}, {""k"": 1, ""n"": 76}]}, {""constant_lens"": false, ""gain"": 0.25, ""lens"": ""pc1"", ""lens_scaling"": ""standardize"", ""min_cluster_size"": 18, ""min_samples"": 5, ""n_class"": 338, ""n_edges"": 4, ""n_intervals"": 5, ""n_vertices"": 5, ""noise_reassigned"": 306, ""placement"": ""quantile"", ""slabs"": [{""k"": 1, ""n"": 76}, {""k"": 1, ""n"": 85}, {""k"": 1, ""n"": 84}, {""k"": 1, ""n"": 85}, {""k"": 1, ""n"": 76}]}, {""constant_lens"": false, ""gain"": 0.25, ""lens"": ""pc1"", ""lens_scaling"": ""standardize"", ""min_cluster_size"": 18, ""min_samples"": 5, ""n_class"": 338, ""n_edges"": 4, ""n_intervals"": 5, ""n_vertices"": 5, ""noise_reassigned"": 280, ""placement"": ""quantile"", ""slabs"": [{""k"": 1, ""n"": 76}, {""k"": 1, ""n"": 85}, {""k"": 1, ""n"": 84}, {""k"": 1, ""n"": 85}, {""k"": 1, ""n"": 76}]}, {""constant_lens"": false, ""gain"": 0.25, ""lens"": ""pc1"", ""lens_scaling"": ""standardize"", ""min_cluster_size"": 18, ""min_samples"": 5, ""n_class"": 337, ""n_edges"": 4, ""n_intervals"": 5, ""n_vertices"": 5, ""noise_reassigned"": 308, ""placement"": ""quantile"", ""slabs"": [{""k"": 1, ""n"": 76}, {""k"": 1, ""n"": 84}, {""k"": 1, ""n"": 85}, {""k"": 1, ""n"": 84}, {""k"": 1, ""n"": 76}]}, {""constant_lens"": false, ""gain"": 0.25, ""lens"": ""pc1"", ""lens_scaling"": ""standardize"", ""min_cluster_size"": 18, ""min_samples"": 5, ""n_class"": 337, ""n_edges"": 4, ""n_intervals"": 5, ""n_vertices"": 5, ""noise_reassigned"": 305, ""placement"": ""quantile"", ""slabs"": [{""k"": 1, ""n"": 76}, {""k"": 1, ""n"": 84}, {""k"": 1, ""n"": 85}, {""k"": 1, ""n"": 84}, {""k"": 1, ""n"": 76}]}, {""constant_lens"": false, ""gain"": 0.25, ""lens"": ""pc1"", ""lens_scaling"": ""standardize"", ""min_cluster_size"": 18, ""min_samples"": 5, ""n_class"": 337, ""n_edges"": 4, ""n_intervals"": 5, ""n_vertices"": 5, ""noise_reassigned"": 311, ""placement"": ""quantile"", ""slabs"": [{""k"": 1, ""n"": 76}, {""k"": 1, ""n"": 84}, {""k"": 1, ""n"": 85}, {""k"": 1, ""n"": 84}, {""k"": 1, ""n"": 76}]}, {""constant_lens"": false, ""gain"": 0.25, ""lens"": ""pc1"", ""lens_scaling"": ""standardize"", ""min_cluster_size"": 18, ""min_samples"": 5, ""n_class"": 337, ""n_edges"": 4, ""n_intervals"": 5, ""n_vertices"": 5, ""noise_reassigned"": 311, ""placement"": ""quantile"", ""slabs"": [{""k"": 1, ""n"": 76}, {""k"": 1, ""n"": 84}, {""k"": 1, ""n"": 85}, {""k"": 1, ""n"": 84}, {""k"": 1, ""n"": 76}]}, {""constant_lens"": false, ""gain"": 0.25, ""lens"": ""pc1"", ""lens_scaling"": ""standardize"", ""min_cluster_size"": 18, ""min_samples"": 5, ""n_class"": 337, ""n_edges"": 4, ""n_intervals"": 5, ""n_vertices"": 5, ""noise_reassigned"": 228, ""placement"": ""quantile"", ""slabs"": [{""k"": 1, ""n"": 76}, {""k"": 1, ""n"": 84}, {""k"": 1, ""n"": 85}, {""k"": 1, ""n"": 84}, {""k"": 1, ""n"": 76}]}, {""constant_lens"": false, ""gain"": 0.25, ""lens"": ""pc1"", ""lens_scaling"": ""standardize"", ""min_cluster_size"": 18, ""min_samples"": 5, ""n_class"": 338, ""n_edges"": 4, ""n_intervals"": 5, ""n_vertices"": 5, ""noise_reassigned"": 312, ""placement"": ""quantile"", ""slabs"": [{""k"": 1, ""n"": 76}, {""k"": 1, ""n"": 85}, {""k"": 1, ""n"": 84}, {""k"": 1, ""n"": 85}, {""k"": 1, ""n"": 76}]}, {""constant_lens"": false, ""gain"": 0.25, ""lens"": ""pc1"", ""lens_scaling"": ""standardize"", ""min_cluster_size"": 18, ""min_samples"": 5, ""n_class"": 338, ""n_edges"": 4, ""n_intervals"": 5, ""n_vertices"": 5, ""noise_reassigned"": 288, ""placement"": ""quantile"", ""slabs"": [{""k"": 1, ""n"": 76}, {""k"": 1, ""n"": 85}, {""k"": 1, ""n"": 84}, {""k"": 1, ""n"": 85}, {""k"": 1, ""n"": 76}]}], ""soundness_bound_holds"": true, ""step_rule"": ""scale_free"", ""topology_retention_nerve_to_frozen"": {""beta0_frozen"": 14, ""beta0_nerve"": 11, ""beta1_frozen"": 0, ""beta1_nerve"": 0}}",True
0.9509090909090909,25,False,0.005050505050505051,0.005,,3.7959930000361055,3.7959930000361055,0.0,texture,1,,SPINE+Graph,10,25,550,4950,0.9949494949494949,1034474154,False,"{""admission"": {""criterion"": ""risk"", ""removed_risk"": 3, ""removed_support"": 0}, ""betti_final"": [[1, 0], [1, 0], [1, 0], [1, 0], [1, 0], [1, 0], [2, 0], [2, 0], [1, 0], [1, 0], [2, 0]], ""betti_frozen"": [[1, 0], [1, 0], [1, 0], [1, 0], [1, 0], [1, 0], [2, 0], [2, 0], [1, 0], [1, 0], [2, 0]], ""betti_nerve"": [[1, 0], [1, 0], [1, 0], [1, 0], [1, 0], [1, 0], [1, 0], [1, 0], [1, 0], [1, 0], [1, 0]], ""boundary_restriction"": ""both"", ""forced_removals"": 0, ""growth_representation_fallbacks"": 0, ""invariant_held"": true, ""n_segments"": 11, ""n_train_fit"": 3712, ""n_val"": 1238, ""phase0"": [{""constant_lens"": false, ""gain"": 0.25, ""lens"": ""pc1"", ""lens_scaling"": ""standardize"", ""min_cluster_size"": 18, ""min_samples"": 5, ""n_class"": 338, ""n_edges"": 4, ""n_intervals"": 5, ""n_vertices"": 5, ""noise_reassigned"": 308, ""placement"": ""quantile"", ""slabs"": [{""k"": 1, ""n"": 76}, {""k"": 1, ""n"": 85}, {""k"": 1, ""n"": 84}, {""k"": 1, ""n"": 85}, {""k"": 1, ""n"": 76}]}, {""constant_lens"": false, ""gain"": 0.25, ""lens"": ""pc1"", ""lens_scaling"": ""standardize"", ""min_cluster_size"": 18, ""min_samples"": 5, ""n_class"": 337, ""n_edges"": 4, ""n_intervals"": 5, ""n_vertices"": 5, ""noise_reassigned"": 297, ""placement"": ""quantile"", ""slabs"": [{""k"": 1, ""n"": 76}, {""k"": 1, ""n"": 84}, {""k"": 1, ""n"": 85}, {""k"": 1, ""n"": 84}, {""k"": 1, ""n"": 76}]}, {""constant_lens"": false, ""gain"": 0.25, ""lens"": ""pc1"", ""lens_scaling"": ""standardize"", ""min_cluster_size"": 18, ""min_samples"": 5, ""n_class"": 338, ""n_edges"": 4, ""n_intervals"": 5, ""n_vertices"": 5, ""noise_reassigned"": 306, ""placement"": ""quantile"", ""slabs"": [{""k"": 1, ""n"": 76}, {""k"": 1, ""n"": 85}, {""k"": 1, ""n"": 84}, {""k"": 1, ""n"": 85}, {""k"": 1, ""n"": 76}]}, {""constant_lens"": false, ""gain"": 0.25, ""lens"": ""pc1"", ""lens_scaling"": ""standardize"", ""min_cluster_size"": 18, ""min_samples"": 5, ""n_class"": 338, ""n_edges"": 4, ""n_intervals"": 5, ""n_vertices"": 5, ""noise_reassigned"": 280, ""placement"": ""quantile"", ""slabs"": [{""k"": 1, ""n"": 76}, {""k"": 1, ""n"": 85}, {""k"": 1, ""n"": 84}, {""k"": 1, ""n"": 85}, {""k"": 1, ""n"": 76}]}, {""constant_lens"": false, ""gain"": 0.25, ""lens"": ""pc1"", ""lens_scaling"": ""standardize"", ""min_cluster_size"": 18, ""min_samples"": 5, ""n_class"": 337, ""n_edges"": 4, ""n_intervals"": 5, ""n_vertices"": 5, ""noise_reassigned"": 308, ""placement"": ""quantile"", ""slabs"": [{""k"": 1, ""n"": 76}, {""k"": 1, ""n"": 84}, {""k"": 1, ""n"": 85}, {""k"": 1, ""n"": 84}, {""k"": 1, ""n"": 76}]}, {""constant_lens"": false, ""gain"": 0.25, ""lens"": ""pc1"", ""lens_scaling"": ""standardize"", ""min_cluster_size"": 18, ""min_samples"": 5, ""n_class"": 337, ""n_edges"": 4, ""n_intervals"": 5, ""n_vertices"": 5, ""noise_reassigned"": 305, ""placement"": ""quantile"", ""slabs"": [{""k"": 1, ""n"": 76}, {""k"": 1, ""n"": 84}, {""k"": 1, ""n"": 85}, {""k"": 1, ""n"": 84}, {""k"": 1, ""n"": 76}]}, {""constant_lens"": false, ""gain"": 0.25, ""lens"": ""pc1"", ""lens_scaling"": ""standardize"", ""min_cluster_size"": 18, ""min_samples"": 5, ""n_class"": 337, ""n_edges"": 4, ""n_intervals"": 5, ""n_vertices"": 5, ""noise_reassigned"": 311, ""placement"": ""quantile"", ""slabs"": [{""k"": 1, ""n"": 76}, {""k"": 1, ""n"": 84}, {""k"": 1, ""n"": 85}, {""k"": 1, ""n"": 84}, {""k"": 1, ""n"": 76}]}, {""constant_lens"": false, ""gain"": 0.25, ""lens"": ""pc1"", ""lens_scaling"": ""standardize"", ""min_cluster_size"": 18, ""min_samples"": 5, ""n_class"": 337, ""n_edges"": 4, ""n_intervals"": 5, ""n_vertices"": 5, ""noise_reassigned"": 311, ""placement"": ""quantile"", ""slabs"": [{""k"": 1, ""n"": 76}, {""k"": 1, ""n"": 84}, {""k"": 1, ""n"": 85}, {""k"": 1, ""n"": 84}, {""k"": 1, ""n"": 76}]}, {""constant_lens"": false, ""gain"": 0.25, ""lens"": ""pc1"", ""lens_scaling"": ""standardize"", ""min_cluster_size"": 18, ""min_samples"": 5, ""n_class"": 337, ""n_edges"": 4, ""n_intervals"": 5, ""n_vertices"": 5, ""noise_reassigned"": 228, ""placement"": ""quantile"", ""slabs"": [{""k"": 1, ""n"": 76}, {""k"": 1, ""n"": 84}, {""k"": 1, ""n"": 85}, {""k"": 1, ""n"": 84}, {""k"": 1, ""n"": 76}]}, {""constant_lens"": false, ""gain"": 0.25, ""lens"": ""pc1"", ""lens_scaling"": ""standardize"", ""min_cluster_size"": 18, ""min_samples"": 5, ""n_class"": 338, ""n_edges"": 4, ""n_intervals"": 5, ""n_vertices"": 5, ""noise_reassigned"": 312, ""placement"": ""quantile"", ""slabs"": [{""k"": 1, ""n"": 76}, {""k"": 1, ""n"": 85}, {""k"": 1, ""n"": 84}, {""k"": 1, ""n"": 85}, {""k"": 1, ""n"": 76}]}, {""constant_lens"": false, ""gain"": 0.25, ""lens"": ""pc1"", ""lens_scaling"": ""standardize"", ""min_cluster_size"": 18, ""min_samples"": 5, ""n_class"": 338, ""n_edges"": 4, ""n_intervals"": 5, ""n_vertices"": 5, ""noise_reassigned"": 288, ""placement"": ""quantile"", ""slabs"": [{""k"": 1, ""n"": 76}, {""k"": 1, ""n"": 85}, {""k"": 1, ""n"": 84}, {""k"": 1, ""n"": 85}, {""k"": 1, ""n"": 76}]}], ""soundness_bound_holds"": true, ""step_rule"": ""scale_free"", ""topology_retention_nerve_to_frozen"": {""beta0_frozen"": 14, ""beta0_nerve"": 11, ""beta1_frozen"": 0, ""beta1_nerve"": 0}}",True
0.8854545454545455,25,False,0.005050505050505051,0.005,,2.3128840000135824,44.444696000020485,42.1318120000069,texture,1,"{""epsilon"": 0.1, ""window"": 0.2}",LVQ3,10,25,550,4950,0.9949494949494949,1034474154,False,,True
0.8490909090909091,25,False,0.005050505050505051,0.005,"{""0"": 3, ""1"": 3, ""10"": 2, ""2"": 3, ""3"": 2, ""4"": 2, ""5"": 2, ""6"": 2, ""7"": 2, ""8"": 2, ""9"": 2}",0.5246109999716282,0.5246109999716282,0.0,texture,1,,KMeans,10,25,550,4950,0.9949494949494949,1034474154,False,,True
0.6890909090909091,25,False,0.005050505050505051,0.005,"{""0"": 3, ""1"": 3, ""10"": 2, ""2"": 3, ""3"": 2, ""4"": 2, ""5"": 2, ""6"": 2, ""7"": 2, ""8"": 2, ""9"": 2}",0.0014190000365488231,0.0014190000365488231,0.0,texture,1,,Random,10,25,550,4950,0.9949494949494949,1034474154,False,,True
0.769090909090909,25,False,0.005050505050505051,0.005,,1.6592390000005253,1.6592390000005253,0.0,texture,1,,SPOT,10,25,550,4950,0.9949494949494949,1034474154,False,,True
0.9109090909090909,25,False,0.005050505050505051,0.005,,5.574450000014622,5.574450000014622,0.0,texture,1,,GLVQ,10,25,550,4950,0.9949494949494949,1034474154,False,,True
0.8727272727272727,25,False,0.005050505050505051,0.005,,0.6141369999968447,0.6141369999968447,0.0,texture,1,,GNG,10,25,550,4950,0.9949494949494949,1034474154,False,,True
0.9836363636363636,50,False,0.010101010101010102,0.01,,0.0013749999925494194,0.0013749999925494194,0.0,texture,1,,Full,10,4950,550,4950,0.0,1034474154,True,,False
0.9690909090909091,50,False,0.010101010101010102,0.01,,1.718096999975387,1.718096999975387,0.0,texture,1,,RSP3,10,864,550,4950,0.8254545454545454,1034474154,True,,False
0.9618181818181818,50,False,0.010101010101010102,0.01,,0.7342190000344999,0.7342190000344999,0.0,texture,1,,RHC,10,271,550,4950,0.9452525252525252,1034474154,True,,False
0.9218181818181819,50,False,0.010101010101010102,0.01,,4.32765999995172,4.32765999995172,0.0,texture,1,,SPINE+1NN,10,50,550,4950,0.98989898989899,1034474154,False,"{""admission"": {""criterion"": ""risk"", ""removed_risk"": 3, ""removed_support"": 0}, ""betti_final"": [[1, 0], [1, 0], [1, 0], [1, 0], [1, 0], [1, 0], [2, 0], [2, 0], [1, 0], [1, 0], [2, 0]], ""betti_frozen"": [[1, 0], [1, 0], [1, 0], [1, 0], [1, 0], [1, 0], [2, 0], [2, 0], [1, 0], [1, 0], [2, 0]], ""betti_nerve"": [[1, 0], [1, 0], [1, 0], [1, 0], [1, 0], [1, 0], [1, 0], [1, 0], [1, 0], [1, 0], [1, 0]], ""boundary_restriction"": ""both"", ""forced_removals"": 0, ""growth_representation_fallbacks"": 2, ""invariant_held"": true, ""n_segments"": 36, ""n_train_fit"": 3712, ""n_val"": 1238, ""phase0"": [{""constant_lens"": false, ""gain"": 0.25, ""lens"": ""pc1"", ""lens_scaling"": ""standardize"", ""min_cluster_size"": 18, ""min_samples"": 5, ""n_class"": 338, ""n_edges"": 4, ""n_intervals"": 5, ""n_vertices"": 5, ""noise_reassigned"": 308, ""placement"": ""quantile"", ""slabs"": [{""k"": 1, ""n"": 76}, {""k"": 1, ""n"": 85}, {""k"": 1, ""n"": 84}, {""k"": 1, ""n"": 85}, {""k"": 1, ""n"": 76}]}, {""constant_lens"": false, ""gain"": 0.25, ""lens"": ""pc1"", ""lens_scaling"": ""standardize"", ""min_cluster_size"": 18, ""min_samples"": 5, ""n_class"": 337, ""n_edges"": 4, ""n_intervals"": 5, ""n_vertices"": 5, ""noise_reassigned"": 297, ""placement"": ""quantile"", ""slabs"": [{""k"": 1, ""n"": 76}, {""k"": 1, ""n"": 84}, {""k"": 1, ""n"": 85}, {""k"": 1, ""n"": 84}, {""k"": 1, ""n"": 76}]}, {""constant_lens"": false, ""gain"": 0.25, ""lens"": ""pc1"", ""lens_scaling"": ""standardize"", ""min_cluster_size"": 18, ""min_samples"": 5, ""n_class"": 338, ""n_edges"": 4, ""n_intervals"": 5, ""n_vertices"": 5, ""noise_reassigned"": 306, ""placement"": ""quantile"", ""slabs"": [{""k"": 1, ""n"": 76}, {""k"": 1, ""n"": 85}, {""k"": 1, ""n"": 84}, {""k"": 1, ""n"": 85}, {""k"": 1, ""n"": 76}]}, {""constant_lens"": false, ""gain"": 0.25, ""lens"": ""pc1"", ""lens_scaling"": ""standardize"", ""min_cluster_size"": 18, ""min_samples"": 5, ""n_class"": 338, ""n_edges"": 4, ""n_intervals"": 5, ""n_vertices"": 5, ""noise_reassigned"": 280, ""placement"": ""quantile"", ""slabs"": [{""k"": 1, ""n"": 76}, {""k"": 1, ""n"": 85}, {""k"": 1, ""n"": 84}, {""k"": 1, ""n"": 85}, {""k"": 1, ""n"": 76}]}, {""constant_lens"": false, ""gain"": 0.25, ""lens"": ""pc1"", ""lens_scaling"": ""standardize"", ""min_cluster_size"": 18, ""min_samples"": 5, ""n_class"": 337, ""n_edges"": 4, ""n_intervals"": 5, ""n_vertices"": 5, ""noise_reassigned"": 308, ""placement"": ""quantile"", ""slabs"": [{""k"": 1, ""n"": 76}, {""k"": 1, ""n"": 84}, {""k"": 1, ""n"": 85}, {""k"": 1, ""n"": 84}, {""k"": 1, ""n"": 76}]}, {""constant_lens"": false, ""gain"": 0.25, ""lens"": ""pc1"", ""lens_scaling"": ""standardize"", ""min_cluster_size"": 18, ""min_samples"": 5, ""n_class"": 337, ""n_edges"": 4, ""n_intervals"": 5, ""n_vertices"": 5, ""noise_reassigned"": 305, ""placement"": ""quantile"", ""slabs"": [{""k"": 1, ""n"": 76}, {""k"": 1, ""n"": 84}, {""k"": 1, ""n"": 85}, {""k"": 1, ""n"": 84}, {""k"": 1, ""n"": 76}]}, {""constant_lens"": false, ""gain"": 0.25, ""lens"": ""pc1"", ""lens_scaling"": ""standardize"", ""min_cluster_size"": 18, ""min_samples"": 5, ""n_class"": 337, ""n_edges"": 4, ""n_intervals"": 5, ""n_vertices"": 5, ""noise_reassigned"": 311, ""placement"": ""quantile"", ""slabs"": [{""k"": 1, ""n"": 76}, {""k"": 1, ""n"": 84}, {""k"": 1, ""n"": 85}, {""k"": 1, ""n"": 84}, {""k"": 1, ""n"": 76}]}, {""constant_lens"": false, ""gain"": 0.25, ""lens"": ""pc1"", ""lens_scaling"": ""standardize"", ""min_cluster_size"": 18, ""min_samples"": 5, ""n_class"": 337, ""n_edges"": 4, ""n_intervals"": 5, ""n_vertices"": 5, ""noise_reassigned"": 311, ""placement"": ""quantile"", ""slabs"": [{""k"": 1, ""n"": 76}, {""k"": 1, ""n"": 84}, {""k"": 1, ""n"": 85}, {""k"": 1, ""n"": 84}, {""k"": 1, ""n"": 76}]}, {""constant_lens"": false, ""gain"": 0.25, ""lens"": ""pc1"", ""lens_scaling"": ""standardize"", ""min_cluster_size"": 18, ""min_samples"": 5, ""n_class"": 337, ""n_edges"": 4, ""n_intervals"": 5, ""n_vertices"": 5, ""noise_reassigned"": 228, ""placement"": ""quantile"", ""slabs"": [{""k"": 1, ""n"": 76}, {""k"": 1, ""n"": 84}, {""k"": 1, ""n"": 85}, {""k"": 1, ""n"": 84}, {""k"": 1, ""n"": 76}]}, {""constant_lens"": false, ""gain"": 0.25, ""lens"": ""pc1"", ""lens_scaling"": ""standardize"", ""min_cluster_size"": 18, ""min_samples"": 5, ""n_class"": 338, ""n_edges"": 4, ""n_intervals"": 5, ""n_vertices"": 5, ""noise_reassigned"": 312, ""placement"": ""quantile"", ""slabs"": [{""k"": 1, ""n"": 76}, {""k"": 1, ""n"": 85}, {""k"": 1, ""n"": 84}, {""k"": 1, ""n"": 85}, {""k"": 1, ""n"": 76}]}, {""constant_lens"": false, ""gain"": 0.25, ""lens"": ""pc1"", ""lens_scaling"": ""standardize"", ""min_cluster_size"": 18, ""min_samples"": 5, ""n_class"": 338, ""n_edges"": 4, ""n_intervals"": 5, ""n_vertices"": 5, ""noise_reassigned"": 288, ""placement"": ""quantile"", ""slabs"": [{""k"": 1, ""n"": 76}, {""k"": 1, ""n"": 85}, {""k"": 1, ""n"": 84}, {""k"": 1, ""n"": 85}, {""k"": 1, ""n"": 76}]}], ""soundness_bound_holds"": true, ""step_rule"": ""scale_free"", ""topology_retention_nerve_to_frozen"": {""beta0_frozen"": 14, ""beta0_nerve"": 11, ""beta1_frozen"": 0, ""beta1_nerve"": 0}}",True
0.9618181818181818,50,False,0.010101010101010102,0.01,,4.32765999995172,4.32765999995172,0.0,texture,1,,SPINE+Graph,10,50,550,4950,0.98989898989899,1034474154,False,"{""admission"": {""criterion"": ""risk"", ""removed_risk"": 3, ""removed_support"": 0}, ""betti_final"": [[1, 0], [1, 0], [1, 0], [1, 0], [1, 0], [1, 0], [2, 0], [2, 0], [1, 0], [1, 0], [2, 0]], ""betti_frozen"": [[1, 0], [1, 0], [1, 0], [1, 0], [1, 0], [1, 0], [2, 0], [2, 0], [1, 0], [1, 0], [2, 0]], ""betti_nerve"": [[1, 0], [1, 0], [1, 0], [1, 0], [1, 0], [1, 0], [1, 0], [1, 0], [1, 0], [1, 0], [1, 0]], ""boundary_restriction"": ""both"", ""forced_removals"": 0, ""growth_representation_fallbacks"": 2, ""invariant_held"": true, ""n_segments"": 36, ""n_train_fit"": 3712, ""n_val"": 1238, ""phase0"": [{""constant_lens"": false, ""gain"": 0.25, ""lens"": ""pc1"", ""lens_scaling"": ""standardize"", ""min_cluster_size"": 18, ""min_samples"": 5, ""n_class"": 338, ""n_edges"": 4, ""n_intervals"": 5, ""n_vertices"": 5, ""noise_reassigned"": 308, ""placement"": ""quantile"", ""slabs"": [{""k"": 1, ""n"": 76}, {""k"": 1, ""n"": 85}, {""k"": 1, ""n"": 84}, {""k"": 1, ""n"": 85}, {""k"": 1, ""n"": 76}]}, {""constant_lens"": false, ""gain"": 0.25, ""lens"": ""pc1"", ""lens_scaling"": ""standardize"", ""min_cluster_size"": 18, ""min_samples"": 5, ""n_class"": 337, ""n_edges"": 4, ""n_intervals"": 5, ""n_vertices"": 5, ""noise_reassigned"": 297, ""placement"": ""quantile"", ""slabs"": [{""k"": 1, ""n"": 76}, {""k"": 1, ""n"": 84}, {""k"": 1, ""n"": 85}, {""k"": 1, ""n"": 84}, {""k"": 1, ""n"": 76}]}, {""constant_lens"": false, ""gain"": 0.25, ""lens"": ""pc1"", ""lens_scaling"": ""standardize"", ""min_cluster_size"": 18, ""min_samples"": 5, ""n_class"": 338, ""n_edges"": 4, ""n_intervals"": 5, ""n_vertices"": 5, ""noise_reassigned"": 306, ""placement"": ""quantile"", ""slabs"": [{""k"": 1, ""n"": 76}, {""k"": 1, ""n"": 85}, {""k"": 1, ""n"": 84}, {""k"": 1, ""n"": 85}, {""k"": 1, ""n"": 76}]}, {""constant_lens"": false, ""gain"": 0.25, ""lens"": ""pc1"", ""lens_scaling"": ""standardize"", ""min_cluster_size"": 18, ""min_samples"": 5, ""n_class"": 338, ""n_edges"": 4, ""n_intervals"": 5, ""n_vertices"": 5, ""noise_reassigned"": 280, ""placement"": ""quantile"", ""slabs"": [{""k"": 1, ""n"": 76}, {""k"": 1, ""n"": 85}, {""k"": 1, ""n"": 84}, {""k"": 1, ""n"": 85}, {""k"": 1, ""n"": 76}]}, {""constant_lens"": false, ""gain"": 0.25, ""lens"": ""pc1"", ""lens_scaling"": ""standardize"", ""min_cluster_size"": 18, ""min_samples"": 5, ""n_class"": 337, ""n_edges"": 4, ""n_intervals"": 5, ""n_vertices"": 5, ""noise_reassigned"": 308, ""placement"": ""quantile"", ""slabs"": [{""k"": 1, ""n"": 76}, {""k"": 1, ""n"": 84}, {""k"": 1, ""n"": 85}, {""k"": 1, ""n"": 84}, {""k"": 1, ""n"": 76}]}, {""constant_lens"": false, ""gain"": 0.25, ""lens"": ""pc1"", ""lens_scaling"": ""standardize"", ""min_cluster_size"": 18, ""min_samples"": 5, ""n_class"": 337, ""n_edges"": 4, ""n_intervals"": 5, ""n_vertices"": 5, ""noise_reassigned"": 305, ""placement"": ""quantile"", ""slabs"": [{""k"": 1, ""n"": 76}, {""k"": 1, ""n"": 84}, {""k"": 1, ""n"": 85}, {""k"": 1, ""n"": 84}, {""k"": 1, ""n"": 76}]}, {""constant_lens"": false, ""gain"": 0.25, ""lens"": ""pc1"", ""lens_scaling"": ""standardize"", ""min_cluster_size"": 18, ""min_samples"": 5, ""n_class"": 337, ""n_edges"": 4, ""n_intervals"": 5, ""n_vertices"": 5, ""noise_reassigned"": 311, ""placement"": ""quantile"", ""slabs"": [{""k"": 1, ""n"": 76}, {""k"": 1, ""n"": 84}, {""k"": 1, ""n"": 85}, {""k"": 1, ""n"": 84}, {""k"": 1, ""n"": 76}]}, {""constant_lens"": false, ""gain"": 0.25, ""lens"": ""pc1"", ""lens_scaling"": ""standardize"", ""min_cluster_size"": 18, ""min_samples"": 5, ""n_class"": 337, ""n_edges"": 4, ""n_intervals"": 5, ""n_vertices"": 5, ""noise_reassigned"": 311, ""placement"": ""quantile"", ""slabs"": [{""k"": 1, ""n"": 76}, {""k"": 1, ""n"": 84}, {""k"": 1, ""n"": 85}, {""k"": 1, ""n"": 84}, {""k"": 1, ""n"": 76}]}, {""constant_lens"": false, ""gain"": 0.25, ""lens"": ""pc1"", ""lens_scaling"": ""standardize"", ""min_cluster_size"": 18, ""min_samples"": 5, ""n_class"": 337, ""n_edges"": 4, ""n_intervals"": 5, ""n_vertices"": 5, ""noise_reassigned"": 228, ""placement"": ""quantile"", ""slabs"": [{""k"": 1, ""n"": 76}, {""k"": 1, ""n"": 84}, {""k"": 1, ""n"": 85}, {""k"": 1, ""n"": 84}, {""k"": 1, ""n"": 76}]}, {""constant_lens"": false, ""gain"": 0.25, ""lens"": ""pc1"", ""lens_scaling"": ""standardize"", ""min_cluster_size"": 18, ""min_samples"": 5, ""n_class"": 338, ""n_edges"": 4, ""n_intervals"": 5, ""n_vertices"": 5, ""noise_reassigned"": 312, ""placement"": ""quantile"", ""slabs"": [{""k"": 1, ""n"": 76}, {""k"": 1, ""n"": 85}, {""k"": 1, ""n"": 84}, {""k"": 1, ""n"": 85}, {""k"": 1, ""n"": 76}]}, {""constant_lens"": false, ""gain"": 0.25, ""lens"": ""pc1"", ""lens_scaling"": ""standardize"", ""min_cluster_size"": 18, ""min_samples"": 5, ""n_class"": 338, ""n_edges"": 4, ""n_intervals"": 5, ""n_vertices"": 5, ""noise_reassigned"": 288, ""placement"": ""quantile"", ""slabs"": [{""k"": 1, ""n"": 76}, {""k"": 1, ""n"": 85}, {""k"": 1, ""n"": 84}, {""k"": 1, ""n"": 85}, {""k"": 1, ""n"": 76}]}], ""soundness_bound_holds"": true, ""step_rule"": ""scale_free"", ""topology_retention_nerve_to_frozen"": {""beta0_frozen"": 14, ""beta0_nerve"": 11, ""beta1_frozen"": 0, ""beta1_nerve"": 0}}",True
0.9745454545454545,50,False,0.010101010101010102,0.01,,2.3132650000043213,47.730478000012226,45.417213000007905,texture,1,"{""epsilon"": 0.1, ""window"": 0.2}",LVQ3,10,50,550,4950,0.98989898989899,1034474154,False,,True
0.9236363636363636,50,False,0.010101010101010102,0.01,"{""0"": 5, ""1"": 5, ""10"": 4, ""2"": 5, ""3"": 5, ""4"": 5, ""5"": 5, ""6"": 4, ""7"": 4, ""8"": 4, ""9"": 4}",0.7991260000271723,0.7991260000271723,0.0,texture,1,,KMeans,10,50,550,4950,0.98989898989899,1034474154,False,,True
0.8109090909090909,50,False,0.010101010101010102,0.01,"{""0"": 5, ""1"": 5, ""10"": 4, ""2"": 5, ""3"": 5, ""4"": 5, ""5"": 5, ""6"": 4, ""7"": 4, ""8"": 4, ""9"": 4}",0.0014330000267364085,0.0014330000267364085,0.0,texture,1,,Random,10,50,550,4950,0.98989898989899,1034474154,False,,True
0.8418181818181818,50,False,0.010101010101010102,0.01,,1.7358820000081323,1.7358820000081323,0.0,texture,1,,SPOT,10,50,550,4950,0.98989898989899,1034474154,False,,True
0.9272727272727272,50,False,0.010101010101010102,0.01,,8.203676000004634,8.203676000004634,0.0,texture,1,,GLVQ,10,50,550,4950,0.98989898989899,1034474154,False,,True
0.9218181818181819,50,False,0.010101010101010102,0.01,,1.0475309999892488,1.0475309999892488,0.0,texture,1,,GNG,10,50,550,4950,0.98989898989899,1034474154,False,,True
0.9836363636363636,99,False,0.02,0.02,,0.0013749999925494194,0.0013749999925494194,0.0,texture,1,,Full,10,4950,550,4950,0.0,1034474154,True,,False
0.9690909090909091,99,False,0.02,0.02,,1.718096999975387,1.718096999975387,0.0,texture,1,,RSP3,10,864,550,4950,0.8254545454545454,1034474154,True,,False
0.9618181818181818,99,False,0.02,0.02,,0.7342190000344999,0.7342190000344999,0.0,texture,1,,RHC,10,271,550,4950,0.9452525252525252,1034474154,True,,False
0.9472727272727273,99,False,0.02,0.02,,4.857168999966234,4.857168999966234,0.0,texture,1,,SPINE+1NN,10,99,550,4950,0.98,1034474154,False,"{""admission"": {""criterion"": ""risk"", ""removed_risk"": 3, ""removed_support"": 0}, ""betti_final"": [[1, 0], [1, 0], [1, 0], [1, 0], [1, 0], [1, 0], [2, 0], [2, 0], [1, 0], [1, 0], [2, 0]], ""betti_frozen"": [[1, 0], [1, 0], [1, 0], [1, 0], [1, 0], [1, 0], [2, 0], [2, 0], [1, 0], [1, 0], [2, 0]], ""betti_nerve"": [[1, 0], [1, 0], [1, 0], [1, 0], [1, 0], [1, 0], [1, 0], [1, 0], [1, 0], [1, 0], [1, 0]], ""boundary_restriction"": ""both"", ""forced_removals"": 0, ""growth_representation_fallbacks"": 21, ""invariant_held"": true, ""n_segments"": 85, ""n_train_fit"": 3712, ""n_val"": 1238, ""phase0"": [{""constant_lens"": false, ""gain"": 0.25, ""lens"": ""pc1"", ""lens_scaling"": ""standardize"", ""min_cluster_size"": 18, ""min_samples"": 5, ""n_class"": 338, ""n_edges"": 4, ""n_intervals"": 5, ""n_vertices"": 5, ""noise_reassigned"": 308, ""placement"": ""quantile"", ""slabs"": [{""k"": 1, ""n"": 76}, {""k"": 1, ""n"": 85}, {""k"": 1, ""n"": 84}, {""k"": 1, ""n"": 85}, {""k"": 1, ""n"": 76}]}, {""constant_lens"": false, ""gain"": 0.25, ""lens"": ""pc1"", ""lens_scaling"": ""standardize"", ""min_cluster_size"": 18, ""min_samples"": 5, ""n_class"": 337, ""n_edges"": 4, ""n_intervals"": 5, ""n_vertices"": 5, ""noise_reassigned"": 297, ""placement"": ""quantile"", ""slabs"": [{""k"": 1, ""n"": 76}, {""k"": 1, ""n"": 84}, {""k"": 1, ""n"": 85}, {""k"": 1, ""n"": 84}, {""k"": 1, ""n"": 76}]}, {""constant_lens"": false, ""gain"": 0.25, ""lens"": ""pc1"", ""lens_scaling"": ""standardize"", ""min_cluster_size"": 18, ""min_samples"": 5, ""n_class"": 338, ""n_edges"": 4, ""n_intervals"": 5, ""n_vertices"": 5, ""noise_reassigned"": 306, ""placement"": ""quantile"", ""slabs"": [{""k"": 1, ""n"": 76}, {""k"": 1, ""n"": 85}, {""k"": 1, ""n"": 84}, {""k"": 1, ""n"": 85}, {""k"": 1, ""n"": 76}]}, {""constant_lens"": false, ""gain"": 0.25, ""lens"": ""pc1"", ""lens_scaling"": ""standardize"", ""min_cluster_size"": 18, ""min_samples"": 5, ""n_class"": 338, ""n_edges"": 4, ""n_intervals"": 5, ""n_vertices"": 5, ""noise_reassigned"": 280, ""placement"": ""quantile"", ""slabs"": [{""k"": 1, ""n"": 76}, {""k"": 1, ""n"": 85}, {""k"": 1, ""n"": 84}, {""k"": 1, ""n"": 85}, {""k"": 1, ""n"": 76}]}, {""constant_lens"": false, ""gain"": 0.25, ""lens"": ""pc1"", ""lens_scaling"": ""standardize"", ""min_cluster_size"": 18, ""min_samples"": 5, ""n_class"": 337, ""n_edges"": 4, ""n_intervals"": 5, ""n_vertices"": 5, ""noise_reassigned"": 308, ""placement"": ""quantile"", ""slabs"": [{""k"": 1, ""n"": 76}, {""k"": 1, ""n"": 84}, {""k"": 1, ""n"": 85}, {""k"": 1, ""n"": 84}, {""k"": 1, ""n"": 76}]}, {""constant_lens"": false, ""gain"": 0.25, ""lens"": ""pc1"", ""lens_scaling"": ""standardize"", ""min_cluster_size"": 18, ""min_samples"": 5, ""n_class"": 337, ""n_edges"": 4, ""n_intervals"": 5, ""n_vertices"": 5, ""noise_reassigned"": 305, ""placement"": ""quantile"", ""slabs"": [{""k"": 1, ""n"": 76}, {""k"": 1, ""n"": 84}, {""k"": 1, ""n"": 85}, {""k"": 1, ""n"": 84}, {""k"": 1, ""n"": 76}]}, {""constant_lens"": false, ""gain"": 0.25, ""lens"": ""pc1"", ""lens_scaling"": ""standardize"", ""min_cluster_size"": 18, ""min_samples"": 5, ""n_class"": 337, ""n_edges"": 4, ""n_intervals"": 5, ""n_vertices"": 5, ""noise_reassigned"": 311, ""placement"": ""quantile"", ""slabs"": [{""k"": 1, ""n"": 76}, {""k"": 1, ""n"": 84}, {""k"": 1, ""n"": 85}, {""k"": 1, ""n"": 84}, {""k"": 1, ""n"": 76}]}, {""constant_lens"": false, ""gain"": 0.25, ""lens"": ""pc1"", ""lens_scaling"": ""standardize"", ""min_cluster_size"": 18, ""min_samples"": 5, ""n_class"": 337, ""n_edges"": 4, ""n_intervals"": 5, ""n_vertices"": 5, ""noise_reassigned"": 311, ""placement"": ""quantile"", ""slabs"": [{""k"": 1, ""n"": 76}, {""k"": 1, ""n"": 84}, {""k"": 1, ""n"": 85}, {""k"": 1, ""n"": 84}, {""k"": 1, ""n"": 76}]}, {""constant_lens"": false, ""gain"": 0.25, ""lens"": ""pc1"", ""lens_scaling"": ""standardize"", ""min_cluster_size"": 18, ""min_samples"": 5, ""n_class"": 337, ""n_edges"": 4, ""n_intervals"": 5, ""n_vertices"": 5, ""noise_reassigned"": 228, ""placement"": ""quantile"", ""slabs"": [{""k"": 1, ""n"": 76}, {""k"": 1, ""n"": 84}, {""k"": 1, ""n"": 85}, {""k"": 1, ""n"": 84}, {""k"": 1, ""n"": 76}]}, {""constant_lens"": false, ""gain"": 0.25, ""lens"": ""pc1"", ""lens_scaling"": ""standardize"", ""min_cluster_size"": 18, ""min_samples"": 5, ""n_class"": 338, ""n_edges"": 4, ""n_intervals"": 5, ""n_vertices"": 5, ""noise_reassigned"": 312, ""placement"": ""quantile"", ""slabs"": [{""k"": 1, ""n"": 76}, {""k"": 1, ""n"": 85}, {""k"": 1, ""n"": 84}, {""k"": 1, ""n"": 85}, {""k"": 1, ""n"": 76}]}, {""constant_lens"": false, ""gain"": 0.25, ""lens"": ""pc1"", ""lens_scaling"": ""standardize"", ""min_cluster_size"": 18, ""min_samples"": 5, ""n_class"": 338, ""n_edges"": 4, ""n_intervals"": 5, ""n_vertices"": 5, ""noise_reassigned"": 288, ""placement"": ""quantile"", ""slabs"": [{""k"": 1, ""n"": 76}, {""k"": 1, ""n"": 85}, {""k"": 1, ""n"": 84}, {""k"": 1, ""n"": 85}, {""k"": 1, ""n"": 76}]}], ""soundness_bound_holds"": true, ""step_rule"": ""scale_free"", ""topology_retention_nerve_to_frozen"": {""beta0_frozen"": 14, ""beta0_nerve"": 11, ""beta1_frozen"": 0, ""beta1_nerve"": 0}}",True
0.9563636363636364,99,False,0.02,0.02,,4.857168999966234,4.857168999966234,0.0,texture,1,,SPINE+Graph,10,99,550,4950,0.98,1034474154,False,"{""admission"": {""criterion"": ""risk"", ""removed_risk"": 3, ""removed_support"": 0}, ""betti_final"": [[1, 0], [1, 0], [1, 0], [1, 0], [1, 0], [1, 0], [2, 0], [2, 0], [1, 0], [1, 0], [2, 0]], ""betti_frozen"": [[1, 0], [1, 0], [1, 0], [1, 0], [1, 0], [1, 0], [2, 0], [2, 0], [1, 0], [1, 0], [2, 0]], ""betti_nerve"": [[1, 0], [1, 0], [1, 0], [1, 0], [1, 0], [1, 0], [1, 0], [1, 0], [1, 0], [1, 0], [1, 0]], ""boundary_restriction"": ""both"", ""forced_removals"": 0, ""growth_representation_fallbacks"": 21, ""invariant_held"": true, ""n_segments"": 85, ""n_train_fit"": 3712, ""n_val"": 1238, ""phase0"": [{""constant_lens"": false, ""gain"": 0.25, ""lens"": ""pc1"", ""lens_scaling"": ""standardize"", ""min_cluster_size"": 18, ""min_samples"": 5, ""n_class"": 338, ""n_edges"": 4, ""n_intervals"": 5, ""n_vertices"": 5, ""noise_reassigned"": 308, ""placement"": ""quantile"", ""slabs"": [{""k"": 1, ""n"": 76}, {""k"": 1, ""n"": 85}, {""k"": 1, ""n"": 84}, {""k"": 1, ""n"": 85}, {""k"": 1, ""n"": 76}]}, {""constant_lens"": false, ""gain"": 0.25, ""lens"": ""pc1"", ""lens_scaling"": ""standardize"", ""min_cluster_size"": 18, ""min_samples"": 5, ""n_class"": 337, ""n_edges"": 4, ""n_intervals"": 5, ""n_vertices"": 5, ""noise_reassigned"": 297, ""placement"": ""quantile"", ""slabs"": [{""k"": 1, ""n"": 76}, {""k"": 1, ""n"": 84}, {""k"": 1, ""n"": 85}, {""k"": 1, ""n"": 84}, {""k"": 1, ""n"": 76}]}, {""constant_lens"": false, ""gain"": 0.25, ""lens"": ""pc1"", ""lens_scaling"": ""standardize"", ""min_cluster_size"": 18, ""min_samples"": 5, ""n_class"": 338, ""n_edges"": 4, ""n_intervals"": 5, ""n_vertices"": 5, ""noise_reassigned"": 306, ""placement"": ""quantile"", ""slabs"": [{""k"": 1, ""n"": 76}, {""k"": 1, ""n"": 85}, {""k"": 1, ""n"": 84}, {""k"": 1, ""n"": 85}, {""k"": 1, ""n"": 76}]}, {""constant_lens"": false, ""gain"": 0.25, ""lens"": ""pc1"", ""lens_scaling"": ""standardize"", ""min_cluster_size"": 18, ""min_samples"": 5, ""n_class"": 338, ""n_edges"": 4, ""n_intervals"": 5, ""n_vertices"": 5, ""noise_reassigned"": 280, ""placement"": ""quantile"", ""slabs"": [{""k"": 1, ""n"": 76}, {""k"": 1, ""n"": 85}, {""k"": 1, ""n"": 84}, {""k"": 1, ""n"": 85}, {""k"": 1, ""n"": 76}]}, {""constant_lens"": false, ""gain"": 0.25, ""lens"": ""pc1"", ""lens_scaling"": ""standardize"", ""min_cluster_size"": 18, ""min_samples"": 5, ""n_class"": 337, ""n_edges"": 4, ""n_intervals"": 5, ""n_vertices"": 5, ""noise_reassigned"": 308, ""placement"": ""quantile"", ""slabs"": [{""k"": 1, ""n"": 76}, {""k"": 1, ""n"": 84}, {""k"": 1, ""n"": 85}, {""k"": 1, ""n"": 84}, {""k"": 1, ""n"": 76}]}, {""constant_lens"": false, ""gain"": 0.25, ""lens"": ""pc1"", ""lens_scaling"": ""standardize"", ""min_cluster_size"": 18, ""min_samples"": 5, ""n_class"": 337, ""n_edges"": 4, ""n_intervals"": 5, ""n_vertices"": 5, ""noise_reassigned"": 305, ""placement"": ""quantile"", ""slabs"": [{""k"": 1, ""n"": 76}, {""k"": 1, ""n"": 84}, {""k"": 1, ""n"": 85}, {""k"": 1, ""n"": 84}, {""k"": 1, ""n"": 76}]}, {""constant_lens"": false, ""gain"": 0.25, ""lens"": ""pc1"", ""lens_scaling"": ""standardize"", ""min_cluster_size"": 18, ""min_samples"": 5, ""n_class"": 337, ""n_edges"": 4, ""n_intervals"": 5, ""n_vertices"": 5, ""noise_reassigned"": 311, ""placement"": ""quantile"", ""slabs"": [{""k"": 1, ""n"": 76}, {""k"": 1, ""n"": 84}, {""k"": 1, ""n"": 85}, {""k"": 1, ""n"": 84}, {""k"": 1, ""n"": 76}]}, {""constant_lens"": false, ""gain"": 0.25, ""lens"": ""pc1"", ""lens_scaling"": ""standardize"", ""min_cluster_size"": 18, ""min_samples"": 5, ""n_class"": 337, ""n_edges"": 4, ""n_intervals"": 5, ""n_vertices"": 5, ""noise_reassigned"": 311, ""placement"": ""quantile"", ""slabs"": [{""k"": 1, ""n"": 76}, {""k"": 1, ""n"": 84}, {""k"": 1, ""n"": 85}, {""k"": 1, ""n"": 84}, {""k"": 1, ""n"": 76}]}, {""constant_lens"": false, ""gain"": 0.25, ""lens"": ""pc1"", ""lens_scaling"": ""standardize"", ""min_cluster_size"": 18, ""min_samples"": 5, ""n_class"": 337, ""n_edges"": 4, ""n_intervals"": 5, ""n_vertices"": 5, ""noise_reassigned"": 228, ""placement"": ""quantile"", ""slabs"": [{""k"": 1, ""n"": 76}, {""k"": 1, ""n"": 84}, {""k"": 1, ""n"": 85}, {""k"": 1, ""n"": 84}, {""k"": 1, ""n"": 76}]}, {""constant_lens"": false, ""gain"": 0.25, ""lens"": ""pc1"", ""lens_scaling"": ""standardize"", ""min_cluster_size"": 18, ""min_samples"": 5, ""n_class"": 338, ""n_edges"": 4, ""n_intervals"": 5, ""n_vertices"": 5, ""noise_reassigned"": 312, ""placement"": ""quantile"", ""slabs"": [{""k"": 1, ""n"": 76}, {""k"": 1, ""n"": 85}, {""k"": 1, ""n"": 84}, {""k"": 1, ""n"": 85}, {""k"": 1, ""n"": 76}]}, {""constant_lens"": false, ""gain"": 0.25, ""lens"": ""pc1"", ""lens_scaling"": ""standardize"", ""min_cluster_size"": 18, ""min_samples"": 5, ""n_class"": 338, ""n_edges"": 4, ""n_intervals"": 5, ""n_vertices"": 5, ""noise_reassigned"": 288, ""placement"": ""quantile"", ""slabs"": [{""k"": 1, ""n"": 76}, {""k"": 1, ""n"": 85}, {""k"": 1, ""n"": 84}, {""k"": 1, ""n"": 85}, {""k"": 1, ""n"": 76}]}], ""soundness_bound_holds"": true, ""step_rule"": ""scale_free"", ""topology_retention_nerve_to_frozen"": {""beta0_frozen"": 14, ""beta0_nerve"": 11, ""beta1_frozen"": 0, ""beta1_nerve"": 0}}",True
0.9727272727272728,99,False,0.02,0.02,,3.474997000012081,61.94199700001627,58.46700000000419,texture,1,"{""epsilon"": 0.1, ""window"": 0.3}",LVQ3,10,99,550,4950,0.98,1034474154,False,,True
0.9472727272727273,99,False,0.02,0.02,"{""0"": 9, ""1"": 9, ""10"": 9, ""2"": 9, ""3"": 9, ""4"": 9, ""5"": 9, ""6"": 9, ""7"": 9, ""8"": 9, ""9"": 9}",0.9991300000110641,0.9991300000110641,0.0,texture,1,,KMeans,10,99,550,4950,0.98,1034474154,False,,True
0.8490909090909091,99,False,0.02,0.02,"{""0"": 9, ""1"": 9, ""10"": 9, ""2"": 9, ""3"": 9, ""4"": 9, ""5"": 9, ""6"": 9, ""7"": 9, ""8"": 9, ""9"": 9}",0.0015159999602474272,0.0015159999602474272,0.0,texture,1,,Random,10,99,550,4950,0.98,1034474154,False,,True
0.9090909090909091,99,False,0.02,0.02,,1.7684209999861196,1.7684209999861196,0.0,texture,1,,SPOT,10,99,550,4950,0.98,1034474154,False,,True
0.9254545454545454,99,False,0.02,0.02,,13.304455999983475,13.304455999983475,0.0,texture,1,,GLVQ,10,99,550,4950,0.98,1034474154,False,,True
0.9563636363636364,99,False,0.02,0.02,,1.7393000000156462,1.7393000000156462,0.0,texture,1,,GNG,10,99,550,4950,0.98,1034474154,False,,True
0.9836363636363636,248,False,0.050101010101010104,0.05,,0.0013749999925494194,0.0013749999925494194,0.0,texture,1,,Full,10,4950,550,4950,0.0,1034474154,True,,False
0.9690909090909091,248,False,0.050101010101010104,0.05,,1.718096999975387,1.718096999975387,0.0,texture,1,,RSP3,10,864,550,4950,0.8254545454545454,1034474154,True,,False
0.9618181818181818,248,False,0.050101010101010104,0.05,,0.7342190000344999,0.7342190000344999,0.0,texture,1,,RHC,10,271,550,4950,0.9452525252525252,1034474154,True,,False
0.9618181818181818,248,False,0.050101010101010104,0.05,,6.000941000005696,6.000941000005696,0.0,texture,1,,SPINE+1NN,10,248,550,4950,0.9498989898989899,1034474154,False,"{""admission"": {""criterion"": ""risk"", ""removed_risk"": 3, ""removed_support"": 0}, ""betti_final"": [[1, 0], [1, 0], [1, 0], [1, 0], [1, 0], [1, 0], [2, 0], [2, 0], [1, 0], [1, 0], [2, 0]], ""betti_frozen"": [[1, 0], [1, 0], [1, 0], [1, 0], [1, 0], [1, 0], [2, 0], [2, 0], [1, 0], [1, 0], [2, 0]], ""betti_nerve"": [[1, 0], [1, 0], [1, 0], [1, 0], [1, 0], [1, 0], [1, 0], [1, 0], [1, 0], [1, 0], [1, 0]], ""boundary_restriction"": ""both"", ""forced_removals"": 0, ""growth_representation_fallbacks"": 124, ""invariant_held"": true, ""n_segments"": 234, ""n_train_fit"": 3712, ""n_val"": 1238, ""phase0"": [{""constant_lens"": false, ""gain"": 0.25, ""lens"": ""pc1"", ""lens_scaling"": ""standardize"", ""min_cluster_size"": 18, ""min_samples"": 5, ""n_class"": 338, ""n_edges"": 4, ""n_intervals"": 5, ""n_vertices"": 5, ""noise_reassigned"": 308, ""placement"": ""quantile"", ""slabs"": [{""k"": 1, ""n"": 76}, {""k"": 1, ""n"": 85}, {""k"": 1, ""n"": 84}, {""k"": 1, ""n"": 85}, {""k"": 1, ""n"": 76}]}, {""constant_lens"": false, ""gain"": 0.25, ""lens"": ""pc1"", ""lens_scaling"": ""standardize"", ""min_cluster_size"": 18, ""min_samples"": 5, ""n_class"": 337, ""n_edges"": 4, ""n_intervals"": 5, ""n_vertices"": 5, ""noise_reassigned"": 297, ""placement"": ""quantile"", ""slabs"": [{""k"": 1, ""n"": 76}, {""k"": 1, ""n"": 84}, {""k"": 1, ""n"": 85}, {""k"": 1, ""n"": 84}, {""k"": 1, ""n"": 76}]}, {""constant_lens"": false, ""gain"": 0.25, ""lens"": ""pc1"", ""lens_scaling"": ""standardize"", ""min_cluster_size"": 18, ""min_samples"": 5, ""n_class"": 338, ""n_edges"": 4, ""n_intervals"": 5, ""n_vertices"": 5, ""noise_reassigned"": 306, ""placement"": ""quantile"", ""slabs"": [{""k"": 1, ""n"": 76}, {""k"": 1, ""n"": 85}, {""k"": 1, ""n"": 84}, {""k"": 1, ""n"": 85}, {""k"": 1, ""n"": 76}]}, {""constant_lens"": false, ""gain"": 0.25, ""lens"": ""pc1"", ""lens_scaling"": ""standardize"", ""min_cluster_size"": 18, ""min_samples"": 5, ""n_class"": 338, ""n_edges"": 4, ""n_intervals"": 5, ""n_vertices"": 5, ""noise_reassigned"": 280, ""placement"": ""quantile"", ""slabs"": [{""k"": 1, ""n"": 76}, {""k"": 1, ""n"": 85}, {""k"": 1, ""n"": 84}, {""k"": 1, ""n"": 85}, {""k"": 1, ""n"": 76}]}, {""constant_lens"": false, ""gain"": 0.25, ""lens"": ""pc1"", ""lens_scaling"": ""standardize"", ""min_cluster_size"": 18, ""min_samples"": 5, ""n_class"": 337, ""n_edges"": 4, ""n_intervals"": 5, ""n_vertices"": 5, ""noise_reassigned"": 308, ""placement"": ""quantile"", ""slabs"": [{""k"": 1, ""n"": 76}, {""k"": 1, ""n"": 84}, {""k"": 1, ""n"": 85}, {""k"": 1, ""n"": 84}, {""k"": 1, ""n"": 76}]}, {""constant_lens"": false, ""gain"": 0.25, ""lens"": ""pc1"", ""lens_scaling"": ""standardize"", ""min_cluster_size"": 18, ""min_samples"": 5, ""n_class"": 337, ""n_edges"": 4, ""n_intervals"": 5, ""n_vertices"": 5, ""noise_reassigned"": 305, ""placement"": ""quantile"", ""slabs"": [{""k"": 1, ""n"": 76}, {""k"": 1, ""n"": 84}, {""k"": 1, ""n"": 85}, {""k"": 1, ""n"": 84}, {""k"": 1, ""n"": 76}]}, {""constant_lens"": false, ""gain"": 0.25, ""lens"": ""pc1"", ""lens_scaling"": ""standardize"", ""min_cluster_size"": 18, ""min_samples"": 5, ""n_class"": 337, ""n_edges"": 4, ""n_intervals"": 5, ""n_vertices"": 5, ""noise_reassigned"": 311, ""placement"": ""quantile"", ""slabs"": [{""k"": 1, ""n"": 76}, {""k"": 1, ""n"": 84}, {""k"": 1, ""n"": 85}, {""k"": 1, ""n"": 84}, {""k"": 1, ""n"": 76}]}, {""constant_lens"": false, ""gain"": 0.25, ""lens"": ""pc1"", ""lens_scaling"": ""standardize"", ""min_cluster_size"": 18, ""min_samples"": 5, ""n_class"": 337, ""n_edges"": 4, ""n_intervals"": 5, ""n_vertices"": 5, ""noise_reassigned"": 311, ""placement"": ""quantile"", ""slabs"": [{""k"": 1, ""n"": 76}, {""k"": 1, ""n"": 84}, {""k"": 1, ""n"": 85}, {""k"": 1, ""n"": 84}, {""k"": 1, ""n"": 76}]}, {""constant_lens"": false, ""gain"": 0.25, ""lens"": ""pc1"", ""lens_scaling"": ""standardize"", ""min_cluster_size"": 18, ""min_samples"": 5, ""n_class"": 337, ""n_edges"": 4, ""n_intervals"": 5, ""n_vertices"": 5, ""noise_reassigned"": 228, ""placement"": ""quantile"", ""slabs"": [{""k"": 1, ""n"": 76}, {""k"": 1, ""n"": 84}, {""k"": 1, ""n"": 85}, {""k"": 1, ""n"": 84}, {""k"": 1, ""n"": 76}]}, {""constant_lens"": false, ""gain"": 0.25, ""lens"": ""pc1"", ""lens_scaling"": ""standardize"", ""min_cluster_size"": 18, ""min_samples"": 5, ""n_class"": 338, ""n_edges"": 4, ""n_intervals"": 5, ""n_vertices"": 5, ""noise_reassigned"": 312, ""placement"": ""quantile"", ""slabs"": [{""k"": 1, ""n"": 76}, {""k"": 1, ""n"": 85}, {""k"": 1, ""n"": 84}, {""k"": 1, ""n"": 85}, {""k"": 1, ""n"": 76}]}, {""constant_lens"": false, ""gain"": 0.25, ""lens"": ""pc1"", ""lens_scaling"": ""standardize"", ""min_cluster_size"": 18, ""min_samples"": 5, ""n_class"": 338, ""n_edges"": 4, ""n_intervals"": 5, ""n_vertices"": 5, ""noise_reassigned"": 288, ""placement"": ""quantile"", ""slabs"": [{""k"": 1, ""n"": 76}, {""k"": 1, ""n"": 85}, {""k"": 1, ""n"": 84}, {""k"": 1, ""n"": 85}, {""k"": 1, ""n"": 76}]}], ""soundness_bound_holds"": true, ""step_rule"": ""scale_free"", ""topology_retention_nerve_to_frozen"": {""beta0_frozen"": 14, ""beta0_nerve"": 11, ""beta1_frozen"": 0, ""beta1_nerve"": 0}}",True
0.9654545454545455,248,False,0.050101010101010104,0.05,,6.000941000005696,6.000941000005696,0.0,texture,1,,SPINE+Graph,10,248,550,4950,0.9498989898989899,1034474154,False,"{""admission"": {""criterion"": ""risk"", ""removed_risk"": 3, ""removed_support"": 0}, ""betti_final"": [[1, 0], [1, 0], [1, 0], [1, 0], [1, 0], [1, 0], [2, 0], [2, 0], [1, 0], [1, 0], [2, 0]], ""betti_frozen"": [[1, 0], [1, 0], [1, 0], [1, 0], [1, 0], [1, 0], [2, 0], [2, 0], [1, 0], [1, 0], [2, 0]], ""betti_nerve"": [[1, 0], [1, 0], [1, 0], [1, 0], [1, 0], [1, 0], [1, 0], [1, 0], [1, 0], [1, 0], [1, 0]], ""boundary_restriction"": ""both"", ""forced_removals"": 0, ""growth_representation_fallbacks"": 124, ""invariant_held"": true, ""n_segments"": 234, ""n_train_fit"": 3712, ""n_val"": 1238, ""phase0"": [{""constant_lens"": false, ""gain"": 0.25, ""lens"": ""pc1"", ""lens_scaling"": ""standardize"", ""min_cluster_size"": 18, ""min_samples"": 5, ""n_class"": 338, ""n_edges"": 4, ""n_intervals"": 5, ""n_vertices"": 5, ""noise_reassigned"": 308, ""placement"": ""quantile"", ""slabs"": [{""k"": 1, ""n"": 76}, {""k"": 1, ""n"": 85}, {""k"": 1, ""n"": 84}, {""k"": 1, ""n"": 85}, {""k"": 1, ""n"": 76}]}, {""constant_lens"": false, ""gain"": 0.25, ""lens"": ""pc1"", ""lens_scaling"": ""standardize"", ""min_cluster_size"": 18, ""min_samples"": 5, ""n_class"": 337, ""n_edges"": 4, ""n_intervals"": 5, ""n_vertices"": 5, ""noise_reassigned"": 297, ""placement"": ""quantile"", ""slabs"": [{""k"": 1, ""n"": 76}, {""k"": 1, ""n"": 84}, {""k"": 1, ""n"": 85}, {""k"": 1, ""n"": 84}, {""k"": 1, ""n"": 76}]}, {""constant_lens"": false, ""gain"": 0.25, ""lens"": ""pc1"", ""lens_scaling"": ""standardize"", ""min_cluster_size"": 18, ""min_samples"": 5, ""n_class"": 338, ""n_edges"": 4, ""n_intervals"": 5, ""n_vertices"": 5, ""noise_reassigned"": 306, ""placement"": ""quantile"", ""slabs"": [{""k"": 1, ""n"": 76}, {""k"": 1, ""n"": 85}, {""k"": 1, ""n"": 84}, {""k"": 1, ""n"": 85}, {""k"": 1, ""n"": 76}]}, {""constant_lens"": false, ""gain"": 0.25, ""lens"": ""pc1"", ""lens_scaling"": ""standardize"", ""min_cluster_size"": 18, ""min_samples"": 5, ""n_class"": 338, ""n_edges"": 4, ""n_intervals"": 5, ""n_vertices"": 5, ""noise_reassigned"": 280, ""placement"": ""quantile"", ""slabs"": [{""k"": 1, ""n"": 76}, {""k"": 1, ""n"": 85}, {""k"": 1, ""n"": 84}, {""k"": 1, ""n"": 85}, {""k"": 1, ""n"": 76}]}, {""constant_lens"": false, ""gain"": 0.25, ""lens"": ""pc1"", ""lens_scaling"": ""standardize"", ""min_cluster_size"": 18, ""min_samples"": 5, ""n_class"": 337, ""n_edges"": 4, ""n_intervals"": 5, ""n_vertices"": 5, ""noise_reassigned"": 308, ""placement"": ""quantile"", ""slabs"": [{""k"": 1, ""n"": 76}, {""k"": 1, ""n"": 84}, {""k"": 1, ""n"": 85}, {""k"": 1, ""n"": 84}, {""k"": 1, ""n"": 76}]}, {""constant_lens"": false, ""gain"": 0.25, ""lens"": ""pc1"", ""lens_scaling"": ""standardize"", ""min_cluster_size"": 18, ""min_samples"": 5, ""n_class"": 337, ""n_edges"": 4, ""n_intervals"": 5, ""n_vertices"": 5, ""noise_reassigned"": 305, ""placement"": ""quantile"", ""slabs"": [{""k"": 1, ""n"": 76}, {""k"": 1, ""n"": 84}, {""k"": 1, ""n"": 85}, {""k"": 1, ""n"": 84}, {""k"": 1, ""n"": 76}]}, {""constant_lens"": false, ""gain"": 0.25, ""lens"": ""pc1"", ""lens_scaling"": ""standardize"", ""min_cluster_size"": 18, ""min_samples"": 5, ""n_class"": 337, ""n_edges"": 4, ""n_intervals"": 5, ""n_vertices"": 5, ""noise_reassigned"": 311, ""placement"": ""quantile"", ""slabs"": [{""k"": 1, ""n"": 76}, {""k"": 1, ""n"": 84}, {""k"": 1, ""n"": 85}, {""k"": 1, ""n"": 84}, {""k"": 1, ""n"": 76}]}, {""constant_lens"": false, ""gain"": 0.25, ""lens"": ""pc1"", ""lens_scaling"": ""standardize"", ""min_cluster_size"": 18, ""min_samples"": 5, ""n_class"": 337, ""n_edges"": 4, ""n_intervals"": 5, ""n_vertices"": 5, ""noise_reassigned"": 311, ""placement"": ""quantile"", ""slabs"": [{""k"": 1, ""n"": 76}, {""k"": 1, ""n"": 84}, {""k"": 1, ""n"": 85}, {""k"": 1, ""n"": 84}, {""k"": 1, ""n"": 76}]}, {""constant_lens"": false, ""gain"": 0.25, ""lens"": ""pc1"", ""lens_scaling"": ""standardize"", ""min_cluster_size"": 18, ""min_samples"": 5, ""n_class"": 337, ""n_edges"": 4, ""n_intervals"": 5, ""n_vertices"": 5, ""noise_reassigned"": 228, ""placement"": ""quantile"", ""slabs"": [{""k"": 1, ""n"": 76}, {""k"": 1, ""n"": 84}, {""k"": 1, ""n"": 85}, {""k"": 1, ""n"": 84}, {""k"": 1, ""n"": 76}]}, {""constant_lens"": false, ""gain"": 0.25, ""lens"": ""pc1"", ""lens_scaling"": ""standardize"", ""min_cluster_size"": 18, ""min_samples"": 5, ""n_class"": 338, ""n_edges"": 4, ""n_intervals"": 5, ""n_vertices"": 5, ""noise_reassigned"": 312, ""placement"": ""quantile"", ""slabs"": [{""k"": 1, ""n"": 76}, {""k"": 1, ""n"": 85}, {""k"": 1, ""n"": 84}, {""k"": 1, ""n"": 85}, {""k"": 1, ""n"": 76}]}, {""constant_lens"": false, ""gain"": 0.25, ""lens"": ""pc1"", ""lens_scaling"": ""standardize"", ""min_cluster_size"": 18, ""min_samples"": 5, ""n_class"": 338, ""n_edges"": 4, ""n_intervals"": 5, ""n_vertices"": 5, ""noise_reassigned"": 288, ""placement"": ""quantile"", ""slabs"": [{""k"": 1, ""n"": 76}, {""k"": 1, ""n"": 85}, {""k"": 1, ""n"": 84}, {""k"": 1, ""n"": 85}, {""k"": 1, ""n"": 76}]}], ""soundness_bound_holds"": true, ""step_rule"": ""scale_free"", ""topology_retention_nerve_to_frozen"": {""beta0_frozen"": 14, ""beta0_nerve"": 11, ""beta1_frozen"": 0, ""beta1_nerve"": 0}}",True
0.9654545454545455,248,False,0.050101010101010104,0.05,,4.098389999999199,80.68066199996974,76.58227199997054,texture,1,"{""epsilon"": 0.1, ""window"": 0.2}",LVQ3,10,248,550,4950,0.9498989898989899,1034474154,False,,True
0.9636363636363636,248,False,0.050101010101010104,0.05,"{""0"": 23, ""1"": 23, ""10"": 22, ""2"": 23, ""3"": 23, ""4"": 23, ""5"": 23, ""6"": 22, ""7"": 22, ""8"": 22, ""9"": 22}",1.5216730000101961,1.5216730000101961,0.0,texture,1,,KMeans,10,248,550,4950,0.9498989898989899,1034474154,False,,True
0.9127272727272727,248,False,0.050101010101010104,0.05,"{""0"": 23, ""1"": 23, ""10"": 22, ""2"": 23, ""3"": 23, ""4"": 23, ""5"": 23, ""6"": 22, ""7"": 22, ""8"": 22, ""9"": 22}",0.001732999982777983,0.001732999982777983,0.0,texture,1,,Random,10,248,550,4950,0.9498989898989899,1034474154,False,,True
0.9272727272727272,248,False,0.050101010101010104,0.05,,1.8630669999984093,1.8630669999984093,0.0,texture,1,,SPOT,10,248,550,4950,0.9498989898989899,1034474154,False,,True
0.9254545454545454,248,False,0.050101010101010104,0.05,,28.97507200000109,28.97507200000109,0.0,texture,1,,GLVQ,10,248,550,4950,0.9498989898989899,1034474154,False,,True
0.9654545454545455,248,False,0.050101010101010104,0.05,,2.585782999987714,2.585782999987714,0.0,texture,1,,GNG,10,248,550,4950,0.9498989898989899,1034474154,False,,True
0.9836363636363636,495,False,0.1,0.1,,0.0013749999925494194,0.0013749999925494194,0.0,texture,1,,Full,10,4950,550,4950,0.0,1034474154,True,,False
0.9690909090909091,495,False,0.1,0.1,,1.718096999975387,1.718096999975387,0.0,texture,1,,RSP3,10,864,550,4950,0.8254545454545454,1034474154,True,,False
0.9618181818181818,495,False,0.1,0.1,,0.7342190000344999,0.7342190000344999,0.0,texture,1,,RHC,10,271,550,4950,0.9452525252525252,1034474154,True,,False
0.9709090909090909,495,False,0.1,0.1,,7.294591000012588,7.294591000012588,0.0,texture,1,,SPINE+1NN,10,495,550,4950,0.9,1034474154,False,"{""admission"": {""criterion"": ""risk"", ""removed_risk"": 3, ""removed_support"": 0}, ""betti_final"": [[1, 0], [1, 0], [1, 0], [1, 0], [1, 0], [1, 0], [2, 0], [2, 0], [1, 0], [1, 0], [2, 0]], ""betti_frozen"": [[1, 0], [1, 0], [1, 0], [1, 0], [1, 0], [1, 0], [2, 0], [2, 0], [1, 0], [1, 0], [2, 0]], ""betti_nerve"": [[1, 0], [1, 0], [1, 0], [1, 0], [1, 0], [1, 0], [1, 0], [1, 0], [1, 0], [1, 0], [1, 0]], ""boundary_restriction"": ""both"", ""forced_removals"": 0, ""growth_representation_fallbacks"": 414, ""invariant_held"": true, ""n_segments"": 481, ""n_train_fit"": 3712, ""n_val"": 1238, ""phase0"": [{""constant_lens"": false, ""gain"": 0.25, ""lens"": ""pc1"", ""lens_scaling"": ""standardize"", ""min_cluster_size"": 18, ""min_samples"": 5, ""n_class"": 338, ""n_edges"": 4, ""n_intervals"": 5, ""n_vertices"": 5, ""noise_reassigned"": 308, ""placement"": ""quantile"", ""slabs"": [{""k"": 1, ""n"": 76}, {""k"": 1, ""n"": 85}, {""k"": 1, ""n"": 84}, {""k"": 1, ""n"": 85}, {""k"": 1, ""n"": 76}]}, {""constant_lens"": false, ""gain"": 0.25, ""lens"": ""pc1"", ""lens_scaling"": ""standardize"", ""min_cluster_size"": 18, ""min_samples"": 5, ""n_class"": 337, ""n_edges"": 4, ""n_intervals"": 5, ""n_vertices"": 5, ""noise_reassigned"": 297, ""placement"": ""quantile"", ""slabs"": [{""k"": 1, ""n"": 76}, {""k"": 1, ""n"": 84}, {""k"": 1, ""n"": 85}, {""k"": 1, ""n"": 84}, {""k"": 1, ""n"": 76}]}, {""constant_lens"": false, ""gain"": 0.25, ""lens"": ""pc1"", ""lens_scaling"": ""standardize"", ""min_cluster_size"": 18, ""min_samples"": 5, ""n_class"": 338, ""n_edges"": 4, ""n_intervals"": 5, ""n_vertices"": 5, ""noise_reassigned"": 306, ""placement"": ""quantile"", ""slabs"": [{""k"": 1, ""n"": 76}, {""k"": 1, ""n"": 85}, {""k"": 1, ""n"": 84}, {""k"": 1, ""n"": 85}, {""k"": 1, ""n"": 76}]}, {""constant_lens"": false, ""gain"": 0.25, ""lens"": ""pc1"", ""lens_scaling"": ""standardize"", ""min_cluster_size"": 18, ""min_samples"": 5, ""n_class"": 338, ""n_edges"": 4, ""n_intervals"": 5, ""n_vertices"": 5, ""noise_reassigned"": 280, ""placement"": ""quantile"", ""slabs"": [{""k"": 1, ""n"": 76}, {""k"": 1, ""n"": 85}, {""k"": 1, ""n"": 84}, {""k"": 1, ""n"": 85}, {""k"": 1, ""n"": 76}]}, {""constant_lens"": false, ""gain"": 0.25, ""lens"": ""pc1"", ""lens_scaling"": ""standardize"", ""min_cluster_size"": 18, ""min_samples"": 5, ""n_class"": 337, ""n_edges"": 4, ""n_intervals"": 5, ""n_vertices"": 5, ""noise_reassigned"": 308, ""placement"": ""quantile"", ""slabs"": [{""k"": 1, ""n"": 76}, {""k"": 1, ""n"": 84}, {""k"": 1, ""n"": 85}, {""k"": 1, ""n"": 84}, {""k"": 1, ""n"": 76}]}, {""constant_lens"": false, ""gain"": 0.25, ""lens"": ""pc1"", ""lens_scaling"": ""standardize"", ""min_cluster_size"": 18, ""min_samples"": 5, ""n_class"": 337, ""n_edges"": 4, ""n_intervals"": 5, ""n_vertices"": 5, ""noise_reassigned"": 305, ""placement"": ""quantile"", ""slabs"": [{""k"": 1, ""n"": 76}, {""k"": 1, ""n"": 84}, {""k"": 1, ""n"": 85}, {""k"": 1, ""n"": 84}, {""k"": 1, ""n"": 76}]}, {""constant_lens"": false, ""gain"": 0.25, ""lens"": ""pc1"", ""lens_scaling"": ""standardize"", ""min_cluster_size"": 18, ""min_samples"": 5, ""n_class"": 337, ""n_edges"": 4, ""n_intervals"": 5, ""n_vertices"": 5, ""noise_reassigned"": 311, ""placement"": ""quantile"", ""slabs"": [{""k"": 1, ""n"": 76}, {""k"": 1, ""n"": 84}, {""k"": 1, ""n"": 85}, {""k"": 1, ""n"": 84}, {""k"": 1, ""n"": 76}]}, {""constant_lens"": false, ""gain"": 0.25, ""lens"": ""pc1"", ""lens_scaling"": ""standardize"", ""min_cluster_size"": 18, ""min_samples"": 5, ""n_class"": 337, ""n_edges"": 4, ""n_intervals"": 5, ""n_vertices"": 5, ""noise_reassigned"": 311, ""placement"": ""quantile"", ""slabs"": [{""k"": 1, ""n"": 76}, {""k"": 1, ""n"": 84}, {""k"": 1, ""n"": 85}, {""k"": 1, ""n"": 84}, {""k"": 1, ""n"": 76}]}, {""constant_lens"": false, ""gain"": 0.25, ""lens"": ""pc1"", ""lens_scaling"": ""standardize"", ""min_cluster_size"": 18, ""min_samples"": 5, ""n_class"": 337, ""n_edges"": 4, ""n_intervals"": 5, ""n_vertices"": 5, ""noise_reassigned"": 228, ""placement"": ""quantile"", ""slabs"": [{""k"": 1, ""n"": 76}, {""k"": 1, ""n"": 84}, {""k"": 1, ""n"": 85}, {""k"": 1, ""n"": 84}, {""k"": 1, ""n"": 76}]}, {""constant_lens"": false, ""gain"": 0.25, ""lens"": ""pc1"", ""lens_scaling"": ""standardize"", ""min_cluster_size"": 18, ""min_samples"": 5, ""n_class"": 338, ""n_edges"": 4, ""n_intervals"": 5, ""n_vertices"": 5, ""noise_reassigned"": 312, ""placement"": ""quantile"", ""slabs"": [{""k"": 1, ""n"": 76}, {""k"": 1, ""n"": 85}, {""k"": 1, ""n"": 84}, {""k"": 1, ""n"": 85}, {""k"": 1, ""n"": 76}]}, {""constant_lens"": false, ""gain"": 0.25, ""lens"": ""pc1"", ""lens_scaling"": ""standardize"", ""min_cluster_size"": 18, ""min_samples"": 5, ""n_class"": 338, ""n_edges"": 4, ""n_intervals"": 5, ""n_vertices"": 5, ""noise_reassigned"": 288, ""placement"": ""quantile"", ""slabs"": [{""k"": 1, ""n"": 76}, {""k"": 1, ""n"": 85}, {""k"": 1, ""n"": 84}, {""k"": 1, ""n"": 85}, {""k"": 1, ""n"": 76}]}], ""soundness_bound_holds"": true, ""step_rule"": ""scale_free"", ""topology_retention_nerve_to_frozen"": {""beta0_frozen"": 14, ""beta0_nerve"": 11, ""beta1_frozen"": 0, ""beta1_nerve"": 0}}",True
0.9727272727272728,495,False,0.1,0.1,,7.294591000012588,7.294591000012588,0.0,texture,1,,SPINE+Graph,10,495,550,4950,0.9,1034474154,False,"{""admission"": {""criterion"": ""risk"", ""removed_risk"": 3, ""removed_support"": 0}, ""betti_final"": [[1, 0], [1, 0], [1, 0], [1, 0], [1, 0], [1, 0], [2, 0], [2, 0], [1, 0], [1, 0], [2, 0]], ""betti_frozen"": [[1, 0], [1, 0], [1, 0], [1, 0], [1, 0], [1, 0], [2, 0], [2, 0], [1, 0], [1, 0], [2, 0]], ""betti_nerve"": [[1, 0], [1, 0], [1, 0], [1, 0], [1, 0], [1, 0], [1, 0], [1, 0], [1, 0], [1, 0], [1, 0]], ""boundary_restriction"": ""both"", ""forced_removals"": 0, ""growth_representation_fallbacks"": 414, ""invariant_held"": true, ""n_segments"": 481, ""n_train_fit"": 3712, ""n_val"": 1238, ""phase0"": [{""constant_lens"": false, ""gain"": 0.25, ""lens"": ""pc1"", ""lens_scaling"": ""standardize"", ""min_cluster_size"": 18, ""min_samples"": 5, ""n_class"": 338, ""n_edges"": 4, ""n_intervals"": 5, ""n_vertices"": 5, ""noise_reassigned"": 308, ""placement"": ""quantile"", ""slabs"": [{""k"": 1, ""n"": 76}, {""k"": 1, ""n"": 85}, {""k"": 1, ""n"": 84}, {""k"": 1, ""n"": 85}, {""k"": 1, ""n"": 76}]}, {""constant_lens"": false, ""gain"": 0.25, ""lens"": ""pc1"", ""lens_scaling"": ""standardize"", ""min_cluster_size"": 18, ""min_samples"": 5, ""n_class"": 337, ""n_edges"": 4, ""n_intervals"": 5, ""n_vertices"": 5, ""noise_reassigned"": 297, ""placement"": ""quantile"", ""slabs"": [{""k"": 1, ""n"": 76}, {""k"": 1, ""n"": 84}, {""k"": 1, ""n"": 85}, {""k"": 1, ""n"": 84}, {""k"": 1, ""n"": 76}]}, {""constant_lens"": false, ""gain"": 0.25, ""lens"": ""pc1"", ""lens_scaling"": ""standardize"", ""min_cluster_size"": 18, ""min_samples"": 5, ""n_class"": 338, ""n_edges"": 4, ""n_intervals"": 5, ""n_vertices"": 5, ""noise_reassigned"": 306, ""placement"": ""quantile"", ""slabs"": [{""k"": 1, ""n"": 76}, {""k"": 1, ""n"": 85}, {""k"": 1, ""n"": 84}, {""k"": 1, ""n"": 85}, {""k"": 1, ""n"": 76}]}, {""constant_lens"": false, ""gain"": 0.25, ""lens"": ""pc1"", ""lens_scaling"": ""standardize"", ""min_cluster_size"": 18, ""min_samples"": 5, ""n_class"": 338, ""n_edges"": 4, ""n_intervals"": 5, ""n_vertices"": 5, ""noise_reassigned"": 280, ""placement"": ""quantile"", ""slabs"": [{""k"": 1, ""n"": 76}, {""k"": 1, ""n"": 85}, {""k"": 1, ""n"": 84}, {""k"": 1, ""n"": 85}, {""k"": 1, ""n"": 76}]}, {""constant_lens"": false, ""gain"": 0.25, ""lens"": ""pc1"", ""lens_scaling"": ""standardize"", ""min_cluster_size"": 18, ""min_samples"": 5, ""n_class"": 337, ""n_edges"": 4, ""n_intervals"": 5, ""n_vertices"": 5, ""noise_reassigned"": 308, ""placement"": ""quantile"", ""slabs"": [{""k"": 1, ""n"": 76}, {""k"": 1, ""n"": 84}, {""k"": 1, ""n"": 85}, {""k"": 1, ""n"": 84}, {""k"": 1, ""n"": 76}]}, {""constant_lens"": false, ""gain"": 0.25, ""lens"": ""pc1"", ""lens_scaling"": ""standardize"", ""min_cluster_size"": 18, ""min_samples"": 5, ""n_class"": 337, ""n_edges"": 4, ""n_intervals"": 5, ""n_vertices"": 5, ""noise_reassigned"": 305, ""placement"": ""quantile"", ""slabs"": [{""k"": 1, ""n"": 76}, {""k"": 1, ""n"": 84}, {""k"": 1, ""n"": 85}, {""k"": 1, ""n"": 84}, {""k"": 1, ""n"": 76}]}, {""constant_lens"": false, ""gain"": 0.25, ""lens"": ""pc1"", ""lens_scaling"": ""standardize"", ""min_cluster_size"": 18, ""min_samples"": 5, ""n_class"": 337, ""n_edges"": 4, ""n_intervals"": 5, ""n_vertices"": 5, ""noise_reassigned"": 311, ""placement"": ""quantile"", ""slabs"": [{""k"": 1, ""n"": 76}, {""k"": 1, ""n"": 84}, {""k"": 1, ""n"": 85}, {""k"": 1, ""n"": 84}, {""k"": 1, ""n"": 76}]}, {""constant_lens"": false, ""gain"": 0.25, ""lens"": ""pc1"", ""lens_scaling"": ""standardize"", ""min_cluster_size"": 18, ""min_samples"": 5, ""n_class"": 337, ""n_edges"": 4, ""n_intervals"": 5, ""n_vertices"": 5, ""noise_reassigned"": 311, ""placement"": ""quantile"", ""slabs"": [{""k"": 1, ""n"": 76}, {""k"": 1, ""n"": 84}, {""k"": 1, ""n"": 85}, {""k"": 1, ""n"": 84}, {""k"": 1, ""n"": 76}]}, {""constant_lens"": false, ""gain"": 0.25, ""lens"": ""pc1"", ""lens_scaling"": ""standardize"", ""min_cluster_size"": 18, ""min_samples"": 5, ""n_class"": 337, ""n_edges"": 4, ""n_intervals"": 5, ""n_vertices"": 5, ""noise_reassigned"": 228, ""placement"": ""quantile"", ""slabs"": [{""k"": 1, ""n"": 76}, {""k"": 1, ""n"": 84}, {""k"": 1, ""n"": 85}, {""k"": 1, ""n"": 84}, {""k"": 1, ""n"": 76}]}, {""constant_lens"": false, ""gain"": 0.25, ""lens"": ""pc1"", ""lens_scaling"": ""standardize"", ""min_cluster_size"": 18, ""min_samples"": 5, ""n_class"": 338, ""n_edges"": 4, ""n_intervals"": 5, ""n_vertices"": 5, ""noise_reassigned"": 312, ""placement"": ""quantile"", ""slabs"": [{""k"": 1, ""n"": 76}, {""k"": 1, ""n"": 85}, {""k"": 1, ""n"": 84}, {""k"": 1, ""n"": 85}, {""k"": 1, ""n"": 76}]}, {""constant_lens"": false, ""gain"": 0.25, ""lens"": ""pc1"", ""lens_scaling"": ""standardize"", ""min_cluster_size"": 18, ""min_samples"": 5, ""n_class"": 338, ""n_edges"": 4, ""n_intervals"": 5, ""n_vertices"": 5, ""noise_reassigned"": 288, ""placement"": ""quantile"", ""slabs"": [{""k"": 1, ""n"": 76}, {""k"": 1, ""n"": 85}, {""k"": 1, ""n"": 84}, {""k"": 1, ""n"": 85}, {""k"": 1, ""n"": 76}]}], ""soundness_bound_holds"": true, ""step_rule"": ""scale_free"", ""topology_retention_nerve_to_frozen"": {""beta0_frozen"": 14, ""beta0_nerve"": 11, ""beta1_frozen"": 0, ""beta1_nerve"": 0}}",True
0.96,495,False,0.1,0.1,,6.38617199996952,113.30546000000322,106.9192880000337,texture,1,"{""epsilon"": 0.1, ""window"": 0.2}",LVQ3,10,495,550,4950,0.9,1034474154,False,,True
0.9745454545454545,495,False,0.1,0.1,"{""0"": 45, ""1"": 45, ""10"": 45, ""2"": 45, ""3"": 45, ""4"": 45, ""5"": 45, ""6"": 45, ""7"": 45, ""8"": 45, ""9"": 45}",2.5226629999815486,2.5226629999815486,0.0,texture,1,,KMeans,10,495,550,4950,0.9,1034474154,False,,True
0.9309090909090909,495,False,0.1,0.1,"{""0"": 45, ""1"": 45, ""10"": 45, ""2"": 45, ""3"": 45, ""4"": 45, ""5"": 45, ""6"": 45, ""7"": 45, ""8"": 45, ""9"": 45}",0.0015499999863095582,0.0015499999863095582,0.0,texture,1,,Random,10,495,550,4950,0.9,1034474154,False,,True
0.9563636363636364,495,False,0.1,0.1,,1.8965469999820925,1.8965469999820925,0.0,texture,1,,SPOT,10,495,550,4950,0.9,1034474154,False,,True
0.9254545454545454,495,False,0.1,0.1,,54.93930199998431,54.93930199998431,0.0,texture,1,,GLVQ,10,495,550,4950,0.9,1034474154,False,,True
0.9672727272727273,495,False,0.1,0.1,,5.0915059999679215,5.0915059999679215,0.0,texture,1,,GNG,10,495,550,4950,0.9,1034474154,False,,True
0.9836363636363636,1238,False,0.2501010101010101,0.25,,0.0013749999925494194,0.0013749999925494194,0.0,texture,1,,Full,10,4950,550,4950,0.0,1034474154,True,,False
0.9690909090909091,1238,False,0.2501010101010101,0.25,,1.718096999975387,1.718096999975387,0.0,texture,1,,RSP3,10,864,550,4950,0.8254545454545454,1034474154,True,,False
0.9618181818181818,1238,False,0.2501010101010101,0.25,,0.7342190000344999,0.7342190000344999,0.0,texture,1,,RHC,10,271,550,4950,0.9452525252525252,1034474154,True,,False
0.9781818181818182,1238,False,0.2501010101010101,0.25,,15.322495000029448,15.322495000029448,0.0,texture,1,,SPINE+1NN,10,1238,550,4950,0.7498989898989898,1034474154,False,"{""admission"": {""criterion"": ""risk"", ""removed_risk"": 3, ""removed_support"": 0}, ""betti_final"": [[1, 0], [1, 0], [1, 0], [1, 0], [1, 0], [1, 0], [2, 0], [2, 0], [1, 0], [1, 0], [2, 0]], ""betti_frozen"": [[1, 0], [1, 0], [1, 0], [1, 0], [1, 0], [1, 0], [2, 0], [2, 0], [1, 0], [1, 0], [2, 0]], ""betti_nerve"": [[1, 0], [1, 0], [1, 0], [1, 0], [1, 0], [1, 0], [1, 0], [1, 0], [1, 0], [1, 0], [1, 0]], ""boundary_restriction"": ""both"", ""forced_removals"": 0, ""growth_representation_fallbacks"": 1325, ""invariant_held"": true, ""n_segments"": 1224, ""n_train_fit"": 3712, ""n_val"": 1238, ""phase0"": [{""constant_lens"": false, ""gain"": 0.25, ""lens"": ""pc1"", ""lens_scaling"": ""standardize"", ""min_cluster_size"": 18, ""min_samples"": 5, ""n_class"": 338, ""n_edges"": 4, ""n_intervals"": 5, ""n_vertices"": 5, ""noise_reassigned"": 308, ""placement"": ""quantile"", ""slabs"": [{""k"": 1, ""n"": 76}, {""k"": 1, ""n"": 85}, {""k"": 1, ""n"": 84}, {""k"": 1, ""n"": 85}, {""k"": 1, ""n"": 76}]}, {""constant_lens"": false, ""gain"": 0.25, ""lens"": ""pc1"", ""lens_scaling"": ""standardize"", ""min_cluster_size"": 18, ""min_samples"": 5, ""n_class"": 337, ""n_edges"": 4, ""n_intervals"": 5, ""n_vertices"": 5, ""noise_reassigned"": 297, ""placement"": ""quantile"", ""slabs"": [{""k"": 1, ""n"": 76}, {""k"": 1, ""n"": 84}, {""k"": 1, ""n"": 85}, {""k"": 1, ""n"": 84}, {""k"": 1, ""n"": 76}]}, {""constant_lens"": false, ""gain"": 0.25, ""lens"": ""pc1"", ""lens_scaling"": ""standardize"", ""min_cluster_size"": 18, ""min_samples"": 5, ""n_class"": 338, ""n_edges"": 4, ""n_intervals"": 5, ""n_vertices"": 5, ""noise_reassigned"": 306, ""placement"": ""quantile"", ""slabs"": [{""k"": 1, ""n"": 76}, {""k"": 1, ""n"": 85}, {""k"": 1, ""n"": 84}, {""k"": 1, ""n"": 85}, {""k"": 1, ""n"": 76}]}, {""constant_lens"": false, ""gain"": 0.25, ""lens"": ""pc1"", ""lens_scaling"": ""standardize"", ""min_cluster_size"": 18, ""min_samples"": 5, ""n_class"": 338, ""n_edges"": 4, ""n_intervals"": 5, ""n_vertices"": 5, ""noise_reassigned"": 280, ""placement"": ""quantile"", ""slabs"": [{""k"": 1, ""n"": 76}, {""k"": 1, ""n"": 85}, {""k"": 1, ""n"": 84}, {""k"": 1, ""n"": 85}, {""k"": 1, ""n"": 76}]}, {""constant_lens"": false, ""gain"": 0.25, ""lens"": ""pc1"", ""lens_scaling"": ""standardize"", ""min_cluster_size"": 18, ""min_samples"": 5, ""n_class"": 337, ""n_edges"": 4, ""n_intervals"": 5, ""n_vertices"": 5, ""noise_reassigned"": 308, ""placement"": ""quantile"", ""slabs"": [{""k"": 1, ""n"": 76}, {""k"": 1, ""n"": 84}, {""k"": 1, ""n"": 85}, {""k"": 1, ""n"": 84}, {""k"": 1, ""n"": 76}]}, {""constant_lens"": false, ""gain"": 0.25, ""lens"": ""pc1"", ""lens_scaling"": ""standardize"", ""min_cluster_size"": 18, ""min_samples"": 5, ""n_class"": 337, ""n_edges"": 4, ""n_intervals"": 5, ""n_vertices"": 5, ""noise_reassigned"": 305, ""placement"": ""quantile"", ""slabs"": [{""k"": 1, ""n"": 76}, {""k"": 1, ""n"": 84}, {""k"": 1, ""n"": 85}, {""k"": 1, ""n"": 84}, {""k"": 1, ""n"": 76}]}, {""constant_lens"": false, ""gain"": 0.25, ""lens"": ""pc1"", ""lens_scaling"": ""standardize"", ""min_cluster_size"": 18, ""min_samples"": 5, ""n_class"": 337, ""n_edges"": 4, ""n_intervals"": 5, ""n_vertices"": 5, ""noise_reassigned"": 311, ""placement"": ""quantile"", ""slabs"": [{""k"": 1, ""n"": 76}, {""k"": 1, ""n"": 84}, {""k"": 1, ""n"": 85}, {""k"": 1, ""n"": 84}, {""k"": 1, ""n"": 76}]}, {""constant_lens"": false, ""gain"": 0.25, ""lens"": ""pc1"", ""lens_scaling"": ""standardize"", ""min_cluster_size"": 18, ""min_samples"": 5, ""n_class"": 337, ""n_edges"": 4, ""n_intervals"": 5, ""n_vertices"": 5, ""noise_reassigned"": 311, ""placement"": ""quantile"", ""slabs"": [{""k"": 1, ""n"": 76}, {""k"": 1, ""n"": 84}, {""k"": 1, ""n"": 85}, {""k"": 1, ""n"": 84}, {""k"": 1, ""n"": 76}]}, {""constant_lens"": false, ""gain"": 0.25, ""lens"": ""pc1"", ""lens_scaling"": ""standardize"", ""min_cluster_size"": 18, ""min_samples"": 5, ""n_class"": 337, ""n_edges"": 4, ""n_intervals"": 5, ""n_vertices"": 5, ""noise_reassigned"": 228, ""placement"": ""quantile"", ""slabs"": [{""k"": 1, ""n"": 76}, {""k"": 1, ""n"": 84}, {""k"": 1, ""n"": 85}, {""k"": 1, ""n"": 84}, {""k"": 1, ""n"": 76}]}, {""constant_lens"": false, ""gain"": 0.25, ""lens"": ""pc1"", ""lens_scaling"": ""standardize"", ""min_cluster_size"": 18, ""min_samples"": 5, ""n_class"": 338, ""n_edges"": 4, ""n_intervals"": 5, ""n_vertices"": 5, ""noise_reassigned"": 312, ""placement"": ""quantile"", ""slabs"": [{""k"": 1, ""n"": 76}, {""k"": 1, ""n"": 85}, {""k"": 1, ""n"": 84}, {""k"": 1, ""n"": 85}, {""k"": 1, ""n"": 76}]}, {""constant_lens"": false, ""gain"": 0.25, ""lens"": ""pc1"", ""lens_scaling"": ""standardize"", ""min_cluster_size"": 18, ""min_samples"": 5, ""n_class"": 338, ""n_edges"": 4, ""n_intervals"": 5, ""n_vertices"": 5, ""noise_reassigned"": 288, ""placement"": ""quantile"", ""slabs"": [{""k"": 1, ""n"": 76}, {""k"": 1, ""n"": 85}, {""k"": 1, ""n"": 84}, {""k"": 1, ""n"": 85}, {""k"": 1, ""n"": 76}]}], ""soundness_bound_holds"": true, ""step_rule"": ""scale_free"", ""topology_retention_nerve_to_frozen"": {""beta0_frozen"": 14, ""beta0_nerve"": 11, ""beta1_frozen"": 0, ""beta1_nerve"": 0}}",True
0.9818181818181818,1238,False,0.2501010101010101,0.25,,15.322495000029448,15.322495000029448,0.0,texture,1,,SPINE+Graph,10,1238,550,4950,0.7498989898989898,1034474154,False,"{""admission"": {""criterion"": ""risk"", ""removed_risk"": 3, ""removed_support"": 0}, ""betti_final"": [[1, 0], [1, 0], [1, 0], [1, 0], [1, 0], [1, 0], [2, 0], [2, 0], [1, 0], [1, 0], [2, 0]], ""betti_frozen"": [[1, 0], [1, 0], [1, 0], [1, 0], [1, 0], [1, 0], [2, 0], [2, 0], [1, 0], [1, 0], [2, 0]], ""betti_nerve"": [[1, 0], [1, 0], [1, 0], [1, 0], [1, 0], [1, 0], [1, 0], [1, 0], [1, 0], [1, 0], [1, 0]], ""boundary_restriction"": ""both"", ""forced_removals"": 0, ""growth_representation_fallbacks"": 1325, ""invariant_held"": true, ""n_segments"": 1224, ""n_train_fit"": 3712, ""n_val"": 1238, ""phase0"": [{""constant_lens"": false, ""gain"": 0.25, ""lens"": ""pc1"", ""lens_scaling"": ""standardize"", ""min_cluster_size"": 18, ""min_samples"": 5, ""n_class"": 338, ""n_edges"": 4, ""n_intervals"": 5, ""n_vertices"": 5, ""noise_reassigned"": 308, ""placement"": ""quantile"", ""slabs"": [{""k"": 1, ""n"": 76}, {""k"": 1, ""n"": 85}, {""k"": 1, ""n"": 84}, {""k"": 1, ""n"": 85}, {""k"": 1, ""n"": 76}]}, {""constant_lens"": false, ""gain"": 0.25, ""lens"": ""pc1"", ""lens_scaling"": ""standardize"", ""min_cluster_size"": 18, ""min_samples"": 5, ""n_class"": 337, ""n_edges"": 4, ""n_intervals"": 5, ""n_vertices"": 5, ""noise_reassigned"": 297, ""placement"": ""quantile"", ""slabs"": [{""k"": 1, ""n"": 76}, {""k"": 1, ""n"": 84}, {""k"": 1, ""n"": 85}, {""k"": 1, ""n"": 84}, {""k"": 1, ""n"": 76}]}, {""constant_lens"": false, ""gain"": 0.25, ""lens"": ""pc1"", ""lens_scaling"": ""standardize"", ""min_cluster_size"": 18, ""min_samples"": 5, ""n_class"": 338, ""n_edges"": 4, ""n_intervals"": 5, ""n_vertices"": 5, ""noise_reassigned"": 306, ""placement"": ""quantile"", ""slabs"": [{""k"": 1, ""n"": 76}, {""k"": 1, ""n"": 85}, {""k"": 1, ""n"": 84}, {""k"": 1, ""n"": 85}, {""k"": 1, ""n"": 76}]}, {""constant_lens"": false, ""gain"": 0.25, ""lens"": ""pc1"", ""lens_scaling"": ""standardize"", ""min_cluster_size"": 18, ""min_samples"": 5, ""n_class"": 338, ""n_edges"": 4, ""n_intervals"": 5, ""n_vertices"": 5, ""noise_reassigned"": 280, ""placement"": ""quantile"", ""slabs"": [{""k"": 1, ""n"": 76}, {""k"": 1, ""n"": 85}, {""k"": 1, ""n"": 84}, {""k"": 1, ""n"": 85}, {""k"": 1, ""n"": 76}]}, {""constant_lens"": false, ""gain"": 0.25, ""lens"": ""pc1"", ""lens_scaling"": ""standardize"", ""min_cluster_size"": 18, ""min_samples"": 5, ""n_class"": 337, ""n_edges"": 4, ""n_intervals"": 5, ""n_vertices"": 5, ""noise_reassigned"": 308, ""placement"": ""quantile"", ""slabs"": [{""k"": 1, ""n"": 76}, {""k"": 1, ""n"": 84}, {""k"": 1, ""n"": 85}, {""k"": 1, ""n"": 84}, {""k"": 1, ""n"": 76}]}, {""constant_lens"": false, ""gain"": 0.25, ""lens"": ""pc1"", ""lens_scaling"": ""standardize"", ""min_cluster_size"": 18, ""min_samples"": 5, ""n_class"": 337, ""n_edges"": 4, ""n_intervals"": 5, ""n_vertices"": 5, ""noise_reassigned"": 305, ""placement"": ""quantile"", ""slabs"": [{""k"": 1, ""n"": 76}, {""k"": 1, ""n"": 84}, {""k"": 1, ""n"": 85}, {""k"": 1, ""n"": 84}, {""k"": 1, ""n"": 76}]}, {""constant_lens"": false, ""gain"": 0.25, ""lens"": ""pc1"", ""lens_scaling"": ""standardize"", ""min_cluster_size"": 18, ""min_samples"": 5, ""n_class"": 337, ""n_edges"": 4, ""n_intervals"": 5, ""n_vertices"": 5, ""noise_reassigned"": 311, ""placement"": ""quantile"", ""slabs"": [{""k"": 1, ""n"": 76}, {""k"": 1, ""n"": 84}, {""k"": 1, ""n"": 85}, {""k"": 1, ""n"": 84}, {""k"": 1, ""n"": 76}]}, {""constant_lens"": false, ""gain"": 0.25, ""lens"": ""pc1"", ""lens_scaling"": ""standardize"", ""min_cluster_size"": 18, ""min_samples"": 5, ""n_class"": 337, ""n_edges"": 4, ""n_intervals"": 5, ""n_vertices"": 5, ""noise_reassigned"": 311, ""placement"": ""quantile"", ""slabs"": [{""k"": 1, ""n"": 76}, {""k"": 1, ""n"": 84}, {""k"": 1, ""n"": 85}, {""k"": 1, ""n"": 84}, {""k"": 1, ""n"": 76}]}, {""constant_lens"": false, ""gain"": 0.25, ""lens"": ""pc1"", ""lens_scaling"": ""standardize"", ""min_cluster_size"": 18, ""min_samples"": 5, ""n_class"": 337, ""n_edges"": 4, ""n_intervals"": 5, ""n_vertices"": 5, ""noise_reassigned"": 228, ""placement"": ""quantile"", ""slabs"": [{""k"": 1, ""n"": 76}, {""k"": 1, ""n"": 84}, {""k"": 1, ""n"": 85}, {""k"": 1, ""n"": 84}, {""k"": 1, ""n"": 76}]}, {""constant_lens"": false, ""gain"": 0.25, ""lens"": ""pc1"", ""lens_scaling"": ""standardize"", ""min_cluster_size"": 18, ""min_samples"": 5, ""n_class"": 338, ""n_edges"": 4, ""n_intervals"": 5, ""n_vertices"": 5, ""noise_reassigned"": 312, ""placement"": ""quantile"", ""slabs"": [{""k"": 1, ""n"": 76}, {""k"": 1, ""n"": 85}, {""k"": 1, ""n"": 84}, {""k"": 1, ""n"": 85}, {""k"": 1, ""n"": 76}]}, {""constant_lens"": false, ""gain"": 0.25, ""lens"": ""pc1"", ""lens_scaling"": ""standardize"", ""min_cluster_size"": 18, ""min_samples"": 5, ""n_class"": 338, ""n_edges"": 4, ""n_intervals"": 5, ""n_vertices"": 5, ""noise_reassigned"": 288, ""placement"": ""quantile"", ""slabs"": [{""k"": 1, ""n"": 76}, {""k"": 1, ""n"": 85}, {""k"": 1, ""n"": 84}, {""k"": 1, ""n"": 85}, {""k"": 1, ""n"": 76}]}], ""soundness_bound_holds"": true, ""step_rule"": ""scale_free"", ""topology_retention_nerve_to_frozen"": {""beta0_frozen"": 14, ""beta0_nerve"": 11, ""beta1_frozen"": 0, ""beta1_nerve"": 0}}",True
0.9727272727272728,1238,False,0.2501010101010101,0.25,,15.003736999991816,259.778891999973,244.77515499998117,texture,1,"{""epsilon"": 0.3, ""window"": 0.2}",LVQ3,10,1238,550,4950,0.7498989898989898,1034474154,False,,True
0.9781818181818182,1238,False,0.2501010101010101,0.25,"{""0"": 113, ""1"": 113, ""10"": 112, ""2"": 113, ""3"": 113, ""4"": 113, ""5"": 113, ""6"": 112, ""7"": 112, ""8"": 112, ""9"": 112}",4.991714000003412,4.991714000003412,0.0,texture,1,,KMeans,10,1238,550,4950,0.7498989898989898,1034474154,False,,True
0.9745454545454545,1238,False,0.2501010101010101,0.25,"{""0"": 113, ""1"": 113, ""10"": 112, ""2"": 113, ""3"": 113, ""4"": 113, ""5"": 113, ""6"": 112, ""7"": 112, ""8"": 112, ""9"": 112}",0.0025710000190883875,0.0025710000190883875,0.0,texture,1,,Random,10,1238,550,4950,0.7498989898989898,1034474154,False,,True
0.9763636363636363,1238,False,0.2501010101010101,0.25,,1.9689290000242181,1.9689290000242181,0.0,texture,1,,SPOT,10,1238,550,4950,0.7498989898989898,1034474154,False,,True
0.9236363636363636,1238,False,0.2501010101010101,0.25,,132.87032799998997,132.87032799998997,0.0,texture,1,,GLVQ,10,1238,550,4950,0.7498989898989898,1034474154,False,,True
0.9745454545454545,1238,False,0.2501010101010101,0.25,,18.02349300001515,18.02349300001515,0.0,texture,1,,GNG,10,1238,550,4950,0.7498989898989898,1034474154,False,,True
0.9927272727272727,25,False,0.005050505050505051,0.005,,0.0013649999746121466,0.0013649999746121466,0.0,texture,2,,Full,10,4950,550,4950,0.0,1035474157,False,,False
0.98,25,False,0.005050505050505051,0.005,,1.731753000000026,1.731753000000026,0.0,texture,2,,RSP3,10,857,550,4950,0.8268686868686869,1035474157,False,,False
0.9727272727272728,25,False,0.005050505050505051,0.005,,0.8047080000396818,0.8047080000396818,0.0,texture,2,,RHC,10,265,550,4950,0.9464646464646465,1035474157,False,,False
0.8290909090909091,25,False,0.005050505050505051,0.005,,3.620574000000488,3.620574000000488,0.0,texture,2,,SPINE+1NN,10,25,550,4950,0.9949494949494949,1035474157,False,"{""admission"": {""criterion"": ""risk"", ""removed_risk"": 11, ""removed_support"": 0}, ""betti_final"": [[3, 0], [1, 0], [2, 0], [1, 0], [1, 0], [2, 0], [2, 0], [2, 0], [1, 0], [2, 0], [2, 0]], ""betti_frozen"": [[3, 0], [1, 0], [2, 0], [1, 0], [1, 0], [3, 0], [2, 0], [3, 0], [1, 0], [2, 0], [3, 0]], ""betti_nerve"": [[1, 0], [1, 0], [1, 0], [1, 0], [1, 0], [1, 0], [1, 0], [1, 0], [1, 0], [1, 0], [1, 0]], ""boundary_restriction"": ""both"", ""forced_removals"": 3, ""growth_representation_fallbacks"": 0, ""invariant_held"": false, ""n_segments"": 6, ""n_train_fit"": 3712, ""n_val"": 1238, ""phase0"": [{""constant_lens"": false, ""gain"": 0.25, ""lens"": ""pc1"", ""lens_scaling"": ""standardize"", ""min_cluster_size"": 18, ""min_samples"": 5, ""n_class"": 337, ""n_edges"": 4, ""n_intervals"": 5, ""n_vertices"": 5, ""noise_reassigned"": 299, ""placement"": ""quantile"", ""slabs"": [{""k"": 1, ""n"": 76}, {""k"": 1, ""n"": 84}, {""k"": 1, ""n"": 85}, {""k"": 1, ""n"": 84}, {""k"": 1, ""n"": 76}]}, {""constant_lens"": false, ""gain"": 0.25, ""lens"": ""pc1"", ""lens_scaling"": ""standardize"", ""min_cluster_size"": 18, ""min_samples"": 5, ""n_class"": 337, ""n_edges"": 4, ""n_intervals"": 5, ""n_vertices"": 5, ""noise_reassigned"": 304, ""placement"": ""quantile"", ""slabs"": [{""k"": 1, ""n"": 76}, {""k"": 1, ""n"": 84}, {""k"": 1, ""n"": 85}, {""k"": 1, ""n"": 84}, {""k"": 1, ""n"": 76}]}, {""constant_lens"": false, ""gain"": 0.25, ""lens"": ""pc1"", ""lens_scaling"": ""standardize"", ""min_cluster_size"": 18, ""min_samples"": 5, ""n_class"": 337, ""n_edges"": 4, ""n_intervals"": 5, ""n_vertices"": 5, ""noise_reassigned"": 315, ""placement"": ""quantile"", ""slabs"": [{""k"": 1, ""n"": 76}, {""k"": 1, ""n"": 84}, {""k"": 1, ""n"": 85}, {""k"": 1, ""n"": 84}, {""k"": 1, ""n"": 76}]}, {""constant_lens"": false, ""gain"": 0.25, ""lens"": ""pc1"", ""lens_scaling"": ""standardize"", ""min_cluster_size"": 18, ""min_samples"": 5, ""n_class"": 338, ""n_edges"": 4, ""n_intervals"": 5, ""n_vertices"": 5, ""noise_reassigned"": 248, ""placement"": ""quantile"", ""slabs"": [{""k"": 1, ""n"": 76}, {""k"": 1, ""n"": 85}, {""k"": 1, ""n"": 84}, {""k"": 1, ""n"": 85}, {""k"": 1, ""n"": 76}]}, {""constant_lens"": false, ""gain"": 0.25, ""lens"": ""pc1"", ""lens_scaling"": ""standardize"", ""min_cluster_size"": 18, ""min_samples"": 5, ""n_class"": 338, ""n_edges"": 4, ""n_intervals"": 5, ""n_vertices"": 5, ""noise_reassigned"": 307, ""placement"": ""quantile"", ""slabs"": [{""k"": 1, ""n"": 76}, {""k"": 1, ""n"": 85}, {""k"": 1, ""n"": 84}, {""k"": 1, ""n"": 85}, {""k"": 1, ""n"": 76}]}, {""constant_lens"": false, ""gain"": 0.25, ""lens"": ""pc1"", ""lens_scaling"": ""standardize"", ""min_cluster_size"": 18, ""min_samples"": 5, ""n_class"": 338, ""n_edges"": 4, ""n_intervals"": 5, ""n_vertices"": 5, ""noise_reassigned"": 303, ""placement"": ""quantile"", ""slabs"": [{""k"": 1, ""n"": 76}, {""k"": 1, ""n"": 85}, {""k"": 1, ""n"": 84}, {""k"": 1, ""n"": 85}, {""k"": 1, ""n"": 76}]}, {""constant_lens"": false, ""gain"": 0.25, ""lens"": ""pc1"", ""lens_scaling"": ""standardize"", ""min_cluster_size"": 18, ""min_samples"": 5, ""n_class"": 337, ""n_edges"": 4, ""n_intervals"": 5, ""n_vertices"": 5, ""noise_reassigned"": 312, ""placement"": ""quantile"", ""slabs"": [{""k"": 1, ""n"": 76}, {""k"": 1, ""n"": 84}, {""k"": 1, ""n"": 85}, {""k"": 1, ""n"": 84}, {""k"": 1, ""n"": 76}]}, {""constant_lens"": false, ""gain"": 0.25, ""lens"": ""pc1"", ""lens_scaling"": ""standardize"", ""min_cluster_size"": 18, ""min_samples"": 5, ""n_class"": 338, ""n_edges"": 4, ""n_intervals"": 5, ""n_vertices"": 5, ""noise_reassigned"": 306, ""placement"": ""quantile"", ""slabs"": [{""k"": 1, ""n"": 76}, {""k"": 1, ""n"": 85}, {""k"": 1, ""n"": 84}, {""k"": 1, ""n"": 85}, {""k"": 1, ""n"": 76}]}, {""constant_lens"": false, ""gain"": 0.25, ""lens"": ""pc1"", ""lens_scaling"": ""standardize"", ""min_cluster_size"": 18, ""min_samples"": 5, ""n_class"": 337, ""n_edges"": 4, ""n_intervals"": 5, ""n_vertices"": 5, ""noise_reassigned"": 260, ""placement"": ""quantile"", ""slabs"": [{""k"": 1, ""n"": 76}, {""k"": 1, ""n"": 84}, {""k"": 1, ""n"": 85}, {""k"": 1, ""n"": 84}, {""k"": 1, ""n"": 76}]}, {""constant_lens"": false, ""gain"": 0.25, ""lens"": ""pc1"", ""lens_scaling"": ""standardize"", ""min_cluster_size"": 18, ""min_samples"": 5, ""n_class"": 337, ""n_edges"": 4, ""n_intervals"": 5, ""n_vertices"": 5, ""noise_reassigned"": 307, ""placement"": ""quantile"", ""slabs"": [{""k"": 1, ""n"": 76}, {""k"": 1, ""n"": 84}, {""k"": 1, ""n"": 84}, {""k"": 1, ""n"": 84}, {""k"": 1, ""n"": 76}]}, {""constant_lens"": false, ""gain"": 0.25, ""lens"": ""pc1"", ""lens_scaling"": ""standardize"", ""min_cluster_size"": 18, ""min_samples"": 5, ""n_class"": 338, ""n_edges"": 4, ""n_intervals"": 5, ""n_vertices"": 5, ""noise_reassigned"": 288, ""placement"": ""quantile"", ""slabs"": [{""k"": 1, ""n"": 76}, {""k"": 1, ""n"": 85}, {""k"": 1, ""n"": 84}, {""k"": 1, ""n"": 85}, {""k"": 1, ""n"": 76}]}], ""soundness_bound_holds"": true, ""step_rule"": ""scale_free"", ""topology_retention_nerve_to_frozen"": {""beta0_frozen"": 22, ""beta0_nerve"": 11, ""beta1_frozen"": 0, ""beta1_nerve"": 0}}",True
0.9181818181818182,25,False,0.005050505050505051,0.005,,3.620574000000488,3.620574000000488,0.0,texture,2,,SPINE+Graph,10,25,550,4950,0.9949494949494949,1035474157,False,"{""admission"": {""criterion"": ""risk"", ""removed_risk"": 11, ""removed_support"": 0}, ""betti_final"": [[3, 0], [1, 0], [2, 0], [1, 0], [1, 0], [2, 0], [2, 0], [2, 0], [1, 0], [2, 0], [2, 0]], ""betti_frozen"": [[3, 0], [1, 0], [2, 0], [1, 0], [1, 0], [3, 0], [2, 0], [3, 0], [1, 0], [2, 0], [3, 0]], ""betti_nerve"": [[1, 0], [1, 0], [1, 0], [1, 0], [1, 0], [1, 0], [1, 0], [1, 0], [1, 0], [1, 0], [1, 0]], ""boundary_restriction"": ""both"", ""forced_removals"": 3, ""growth_representation_fallbacks"": 0, ""invariant_held"": false, ""n_segments"": 6, ""n_train_fit"": 3712, ""n_val"": 1238, ""phase0"": [{""constant_lens"": false, ""gain"": 0.25, ""lens"": ""pc1"", ""lens_scaling"": ""standardize"", ""min_cluster_size"": 18, ""min_samples"": 5, ""n_class"": 337, ""n_edges"": 4, ""n_intervals"": 5, ""n_vertices"": 5, ""noise_reassigned"": 299, ""placement"": ""quantile"", ""slabs"": [{""k"": 1, ""n"": 76}, {""k"": 1, ""n"": 84}, {""k"": 1, ""n"": 85}, {""k"": 1, ""n"": 84}, {""k"": 1, ""n"": 76}]}, {""constant_lens"": false, ""gain"": 0.25, ""lens"": ""pc1"", ""lens_scaling"": ""standardize"", ""min_cluster_size"": 18, ""min_samples"": 5, ""n_class"": 337, ""n_edges"": 4, ""n_intervals"": 5, ""n_vertices"": 5, ""noise_reassigned"": 304, ""placement"": ""quantile"", ""slabs"": [{""k"": 1, ""n"": 76}, {""k"": 1, ""n"": 84}, {""k"": 1, ""n"": 85}, {""k"": 1, ""n"": 84}, {""k"": 1, ""n"": 76}]}, {""constant_lens"": false, ""gain"": 0.25, ""lens"": ""pc1"", ""lens_scaling"": ""standardize"", ""min_cluster_size"": 18, ""min_samples"": 5, ""n_class"": 337, ""n_edges"": 4, ""n_intervals"": 5, ""n_vertices"": 5, ""noise_reassigned"": 315, ""placement"": ""quantile"", ""slabs"": [{""k"": 1, ""n"": 76}, {""k"": 1, ""n"": 84}, {""k"": 1, ""n"": 85}, {""k"": 1, ""n"": 84}, {""k"": 1, ""n"": 76}]}, {""constant_lens"": false, ""gain"": 0.25, ""lens"": ""pc1"", ""lens_scaling"": ""standardize"", ""min_cluster_size"": 18, ""min_samples"": 5, ""n_class"": 338, ""n_edges"": 4, ""n_intervals"": 5, ""n_vertices"": 5, ""noise_reassigned"": 248, ""placement"": ""quantile"", ""slabs"": [{""k"": 1, ""n"": 76}, {""k"": 1, ""n"": 85}, {""k"": 1, ""n"": 84}, {""k"": 1, ""n"": 85}, {""k"": 1, ""n"": 76}]}, {""constant_lens"": false, ""gain"": 0.25, ""lens"": ""pc1"", ""lens_scaling"": ""standardize"", ""min_cluster_size"": 18, ""min_samples"": 5, ""n_class"": 338, ""n_edges"": 4, ""n_intervals"": 5, ""n_vertices"": 5, ""noise_reassigned"": 307, ""placement"": ""quantile"", ""slabs"": [{""k"": 1, ""n"": 76}, {""k"": 1, ""n"": 85}, {""k"": 1, ""n"": 84}, {""k"": 1, ""n"": 85}, {""k"": 1, ""n"": 76}]}, {""constant_lens"": false, ""gain"": 0.25, ""lens"": ""pc1"", ""lens_scaling"": ""standardize"", ""min_cluster_size"": 18, ""min_samples"": 5, ""n_class"": 338, ""n_edges"": 4, ""n_intervals"": 5, ""n_vertices"": 5, ""noise_reassigned"": 303, ""placement"": ""quantile"", ""slabs"": [{""k"": 1, ""n"": 76}, {""k"": 1, ""n"": 85}, {""k"": 1, ""n"": 84}, {""k"": 1, ""n"": 85}, {""k"": 1, ""n"": 76}]}, {""constant_lens"": false, ""gain"": 0.25, ""lens"": ""pc1"", ""lens_scaling"": ""standardize"", ""min_cluster_size"": 18, ""min_samples"": 5, ""n_class"": 337, ""n_edges"": 4, ""n_intervals"": 5, ""n_vertices"": 5, ""noise_reassigned"": 312, ""placement"": ""quantile"", ""slabs"": [{""k"": 1, ""n"": 76}, {""k"": 1, ""n"": 84}, {""k"": 1, ""n"": 85}, {""k"": 1, ""n"": 84}, {""k"": 1, ""n"": 76}]}, {""constant_lens"": false, ""gain"": 0.25, ""lens"": ""pc1"", ""lens_scaling"": ""standardize"", ""min_cluster_size"": 18, ""min_samples"": 5, ""n_class"": 338, ""n_edges"": 4, ""n_intervals"": 5, ""n_vertices"": 5, ""noise_reassigned"": 306, ""placement"": ""quantile"", ""slabs"": [{""k"": 1, ""n"": 76}, {""k"": 1, ""n"": 85}, {""k"": 1, ""n"": 84}, {""k"": 1, ""n"": 85}, {""k"": 1, ""n"": 76}]}, {""constant_lens"": false, ""gain"": 0.25, ""lens"": ""pc1"", ""lens_scaling"": ""standardize"", ""min_cluster_size"": 18, ""min_samples"": 5, ""n_class"": 337, ""n_edges"": 4, ""n_intervals"": 5, ""n_vertices"": 5, ""noise_reassigned"": 260, ""placement"": ""quantile"", ""slabs"": [{""k"": 1, ""n"": 76}, {""k"": 1, ""n"": 84}, {""k"": 1, ""n"": 85}, {""k"": 1, ""n"": 84}, {""k"": 1, ""n"": 76}]}, {""constant_lens"": false, ""gain"": 0.25, ""lens"": ""pc1"", ""lens_scaling"": ""standardize"", ""min_cluster_size"": 18, ""min_samples"": 5, ""n_class"": 337, ""n_edges"": 4, ""n_intervals"": 5, ""n_vertices"": 5, ""noise_reassigned"": 307, ""placement"": ""quantile"", ""slabs"": [{""k"": 1, ""n"": 76}, {""k"": 1, ""n"": 84}, {""k"": 1, ""n"": 84}, {""k"": 1, ""n"": 84}, {""k"": 1, ""n"": 76}]}, {""constant_lens"": false, ""gain"": 0.25, ""lens"": ""pc1"", ""lens_scaling"": ""standardize"", ""min_cluster_size"": 18, ""min_samples"": 5, ""n_class"": 338, ""n_edges"": 4, ""n_intervals"": 5, ""n_vertices"": 5, ""noise_reassigned"": 288, ""placement"": ""quantile"", ""slabs"": [{""k"": 1, ""n"": 76}, {""k"": 1, ""n"": 85}, {""k"": 1, ""n"": 84}, {""k"": 1, ""n"": 85}, {""k"": 1, ""n"": 76}]}], ""soundness_bound_holds"": true, ""step_rule"": ""scale_free"", ""topology_retention_nerve_to_frozen"": {""beta0_frozen"": 22, ""beta0_nerve"": 11, ""beta1_frozen"": 0, ""beta1_nerve"": 0}}",True
0.8781818181818182,25,False,0.005050505050505051,0.005,,2.317562000011094,44.70706700003939,42.389505000028294,texture,2,"{""epsilon"": 0.1, ""window"": 0.2}",LVQ3,10,25,550,4950,0.9949494949494949,1035474157,False,,True
0.8581818181818182,25,False,0.005050505050505051,0.005,"{""0"": 3, ""1"": 3, ""10"": 2, ""2"": 3, ""3"": 2, ""4"": 2, ""5"": 2, ""6"": 2, ""7"": 2, ""8"": 2, ""9"": 2}",0.5169479999458417,0.5169479999458417,0.0,texture,2,,KMeans,10,25,550,4950,0.9949494949494949,1035474157,False,,True
0.7072727272727273,25,False,0.005050505050505051,0.005,"{""0"": 3, ""1"": 3, ""10"": 2, ""2"": 3, ""3"": 2, ""4"": 2, ""5"": 2, ""6"": 2, ""7"": 2, ""8"": 2, ""9"": 2}",0.0014139999984763563,0.0014139999984763563,0.0,texture,2,,Random,10,25,550,4950,0.9949494949494949,1035474157,False,,True
0.7618181818181818,25,False,0.005050505050505051,0.005,,1.4719150000019,1.4719150000019,0.0,texture,2,,SPOT,10,25,550,4950,0.9949494949494949,1035474157,False,,True
0.9072727272727272,25,False,0.005050505050505051,0.005,,5.574227999954019,5.574227999954019,0.0,texture,2,,GLVQ,10,25,550,4950,0.9949494949494949,1035474157,False,,True
0.850909090909091,25,False,0.005050505050505051,0.005,,0.6128840000019409,0.6128840000019409,0.0,texture,2,,GNG,10,25,550,4950,0.9949494949494949,1035474157,False,,True
0.9927272727272727,50,False,0.010101010101010102,0.01,,0.0013649999746121466,0.0013649999746121466,0.0,texture,2,,Full,10,4950,550,4950,0.0,1035474157,True,,False
0.98,50,False,0.010101010101010102,0.01,,1.731753000000026,1.731753000000026,0.0,texture,2,,RSP3,10,857,550,4950,0.8268686868686869,1035474157,True,,False
0.9727272727272728,50,False,0.010101010101010102,0.01,,0.8047080000396818,0.8047080000396818,0.0,texture,2,,RHC,10,265,550,4950,0.9464646464646465,1035474157,True,,False
0.9018181818181819,50,False,0.010101010101010102,0.01,,4.1769010000280105,4.1769010000280105,0.0,texture,2,,SPINE+1NN,10,50,550,4950,0.98989898989899,1035474157,False,"{""admission"": {""criterion"": ""risk"", ""removed_risk"": 11, ""removed_support"": 0}, ""betti_final"": [[3, 0], [1, 0], [2, 0], [1, 0], [1, 0], [3, 0], [2, 0], [3, 0], [1, 0], [2, 0], [3, 0]], ""betti_frozen"": [[3, 0], [1, 0], [2, 0], [1, 0], [1, 0], [3, 0], [2, 0], [3, 0], [1, 0], [2, 0], [3, 0]], ""betti_nerve"": [[1, 0], [1, 0], [1, 0], [1, 0], [1, 0], [1, 0], [1, 0], [1, 0], [1, 0], [1, 0], [1, 0]], ""boundary_restriction"": ""both"", ""forced_removals"": 0, ""growth_representation_fallbacks"": 2, ""invariant_held"": true, ""n_segments"": 28, ""n_train_fit"": 3712, ""n_val"": 1238, ""phase0"": [{""constant_lens"": false, ""gain"": 0.25, ""lens"": ""pc1"", ""lens_scaling"": ""standardize"", ""min_cluster_size"": 18, ""min_samples"": 5, ""n_class"": 337, ""n_edges"": 4, ""n_intervals"": 5, ""n_vertices"": 5, ""noise_reassigned"": 299, ""placement"": ""quantile"", ""slabs"": [{""k"": 1, ""n"": 76}, {""k"": 1, ""n"": 84}, {""k"": 1, ""n"": 85}, {""k"": 1, ""n"": 84}, {""k"": 1, ""n"": 76}]}, {""constant_lens"": false, ""gain"": 0.25, ""lens"": ""pc1"", ""lens_scaling"": ""standardize"", ""min_cluster_size"": 18, ""min_samples"": 5, ""n_class"": 337, ""n_edges"": 4, ""n_intervals"": 5, ""n_vertices"": 5, ""noise_reassigned"": 304, ""placement"": ""quantile"", ""slabs"": [{""k"": 1, ""n"": 76}, {""k"": 1, ""n"": 84}, {""k"": 1, ""n"": 85}, {""k"": 1, ""n"": 84}, {""k"": 1, ""n"": 76}]}, {""constant_lens"": false, ""gain"": 0.25, ""lens"": ""pc1"", ""lens_scaling"": ""standardize"", ""min_cluster_size"": 18, ""min_samples"": 5, ""n_class"": 337, ""n_edges"": 4, ""n_intervals"": 5, ""n_vertices"": 5, ""noise_reassigned"": 315, ""placement"": ""quantile"", ""slabs"": [{""k"": 1, ""n"": 76}, {""k"": 1, ""n"": 84}, {""k"": 1, ""n"": 85}, {""k"": 1, ""n"": 84}, {""k"": 1, ""n"": 76}]}, {""constant_lens"": false, ""gain"": 0.25, ""lens"": ""pc1"", ""lens_scaling"": ""standardize"", ""min_cluster_size"": 18, ""min_samples"": 5, ""n_class"": 338, ""n_edges"": 4, ""n_intervals"": 5, ""n_vertices"": 5, ""noise_reassigned"": 248, ""placement"": ""quantile"", ""slabs"": [{""k"": 1, ""n"": 76}, {""k"": 1, ""n"": 85}, {""k"": 1, ""n"": 84}, {""k"": 1, ""n"": 85}, {""k"": 1, ""n"": 76}]}, {""constant_lens"": false, ""gain"": 0.25, ""lens"": ""pc1"", ""lens_scaling"": ""standardize"", ""min_cluster_size"": 18, ""min_samples"": 5, ""n_class"": 338, ""n_edges"": 4, ""n_intervals"": 5, ""n_vertices"": 5, ""noise_reassigned"": 307, ""placement"": ""quantile"", ""slabs"": [{""k"": 1, ""n"": 76}, {""k"": 1, ""n"": 85}, {""k"": 1, ""n"": 84}, {""k"": 1, ""n"": 85}, {""k"": 1, ""n"": 76}]}, {""constant_lens"": false, ""gain"": 0.25, ""lens"": ""pc1"", ""lens_scaling"": ""standardize"", ""min_cluster_size"": 18, ""min_samples"": 5, ""n_class"": 338, ""n_edges"": 4, ""n_intervals"": 5, ""n_vertices"": 5, ""noise_reassigned"": 303, ""placement"": ""quantile"", ""slabs"": [{""k"": 1, ""n"": 76}, {""k"": 1, ""n"": 85}, {""k"": 1, ""n"": 84}, {""k"": 1, ""n"": 85}, {""k"": 1, ""n"": 76}]}, {""constant_lens"": false, ""gain"": 0.25, ""lens"": ""pc1"", ""lens_scaling"": ""standardize"", ""min_cluster_size"": 18, ""min_samples"": 5, ""n_class"": 337, ""n_edges"": 4, ""n_intervals"": 5, ""n_vertices"": 5, ""noise_reassigned"": 312, ""placement"": ""quantile"", ""slabs"": [{""k"": 1, ""n"": 76}, {""k"": 1, ""n"": 84}, {""k"": 1, ""n"": 85}, {""k"": 1, ""n"": 84}, {""k"": 1, ""n"": 76}]}, {""constant_lens"": false, ""gain"": 0.25, ""lens"": ""pc1"", ""lens_scaling"": ""standardize"", ""min_cluster_size"": 18, ""min_samples"": 5, ""n_class"": 338, ""n_edges"": 4, ""n_intervals"": 5, ""n_vertices"": 5, ""noise_reassigned"": 306, ""placement"": ""quantile"", ""slabs"": [{""k"": 1, ""n"": 76}, {""k"": 1, ""n"": 85}, {""k"": 1, ""n"": 84}, {""k"": 1, ""n"": 85}, {""k"": 1, ""n"": 76}]}, {""constant_lens"": false, ""gain"": 0.25, ""lens"": ""pc1"", ""lens_scaling"": ""standardize"", ""min_cluster_size"": 18, ""min_samples"": 5, ""n_class"": 337, ""n_edges"": 4, ""n_intervals"": 5, ""n_vertices"": 5, ""noise_reassigned"": 260, ""placement"": ""quantile"", ""slabs"": [{""k"": 1, ""n"": 76}, {""k"": 1, ""n"": 84}, {""k"": 1, ""n"": 85}, {""k"": 1, ""n"": 84}, {""k"": 1, ""n"": 76}]}, {""constant_lens"": false, ""gain"": 0.25, ""lens"": ""pc1"", ""lens_scaling"": ""standardize"", ""min_cluster_size"": 18, ""min_samples"": 5, ""n_class"": 337, ""n_edges"": 4, ""n_intervals"": 5, ""n_vertices"": 5, ""noise_reassigned"": 307, ""placement"": ""quantile"", ""slabs"": [{""k"": 1, ""n"": 76}, {""k"": 1, ""n"": 84}, {""k"": 1, ""n"": 84}, {""k"": 1, ""n"": 84}, {""k"": 1, ""n"": 76}]}, {""constant_lens"": false, ""gain"": 0.25, ""lens"": ""pc1"", ""lens_scaling"": ""standardize"", ""min_cluster_size"": 18, ""min_samples"": 5, ""n_class"": 338, ""n_edges"": 4, ""n_intervals"": 5, ""n_vertices"": 5, ""noise_reassigned"": 288, ""placement"": ""quantile"", ""slabs"": [{""k"": 1, ""n"": 76}, {""k"": 1, ""n"": 85}, {""k"": 1, ""n"": 84}, {""k"": 1, ""n"": 85}, {""k"": 1, ""n"": 76}]}], ""soundness_bound_holds"": true, ""step_rule"": ""scale_free"", ""topology_retention_nerve_to_frozen"": {""beta0_frozen"": 22, ""beta0_nerve"": 11, ""beta1_frozen"": 0, ""beta1_nerve"": 0}}",True
0.9472727272727273,50,False,0.010101010101010102,0.01,,4.1769010000280105,4.1769010000280105,0.0,texture,2,,SPINE+Graph,10,50,550,4950,0.98989898989899,1035474157,False,"{""admission"": {""criterion"": ""risk"", ""removed_risk"": 11, ""removed_support"": 0}, ""betti_final"": [[3, 0], [1, 0], [2, 0], [1, 0], [1, 0], [3, 0], [2, 0], [3, 0], [1, 0], [2, 0], [3, 0]], ""betti_frozen"": [[3, 0], [1, 0], [2, 0], [1, 0], [1, 0], [3, 0], [2, 0], [3, 0], [1, 0], [2, 0], [3, 0]], ""betti_nerve"": [[1, 0], [1, 0], [1, 0], [1, 0], [1, 0], [1, 0], [1, 0], [1, 0], [1, 0], [1, 0], [1, 0]], ""boundary_restriction"": ""both"", ""forced_removals"": 0, ""growth_representation_fallbacks"": 2, ""invariant_held"": true, ""n_segments"": 28, ""n_train_fit"": 3712, ""n_val"": 1238, ""phase0"": [{""constant_lens"": false, ""gain"": 0.25, ""lens"": ""pc1"", ""lens_scaling"": ""standardize"", ""min_cluster_size"": 18, ""min_samples"": 5, ""n_class"": 337, ""n_edges"": 4, ""n_intervals"": 5, ""n_vertices"": 5, ""noise_reassigned"": 299, ""placement"": ""quantile"", ""slabs"": [{""k"": 1, ""n"": 76}, {""k"": 1, ""n"": 84}, {""k"": 1, ""n"": 85}, {""k"": 1, ""n"": 84}, {""k"": 1, ""n"": 76}]}, {""constant_lens"": false, ""gain"": 0.25, ""lens"": ""pc1"", ""lens_scaling"": ""standardize"", ""min_cluster_size"": 18, ""min_samples"": 5, ""n_class"": 337, ""n_edges"": 4, ""n_intervals"": 5, ""n_vertices"": 5, ""noise_reassigned"": 304, ""placement"": ""quantile"", ""slabs"": [{""k"": 1, ""n"": 76}, {""k"": 1, ""n"": 84}, {""k"": 1, ""n"": 85}, {""k"": 1, ""n"": 84}, {""k"": 1, ""n"": 76}]}, {""constant_lens"": false, ""gain"": 0.25, ""lens"": ""pc1"", ""lens_scaling"": ""standardize"", ""min_cluster_size"": 18, ""min_samples"": 5, ""n_class"": 337, ""n_edges"": 4, ""n_intervals"": 5, ""n_vertices"": 5, ""noise_reassigned"": 315, ""placement"": ""quantile"", ""slabs"": [{""k"": 1, ""n"": 76}, {""k"": 1, ""n"": 84}, {""k"": 1, ""n"": 85}, {""k"": 1, ""n"": 84}, {""k"": 1, ""n"": 76}]}, {""constant_lens"": false, ""gain"": 0.25, ""lens"": ""pc1"", ""lens_scaling"": ""standardize"", ""min_cluster_size"": 18, ""min_samples"": 5, ""n_class"": 338, ""n_edges"": 4, ""n_intervals"": 5, ""n_vertices"": 5, ""noise_reassigned"": 248, ""placement"": ""quantile"", ""slabs"": [{""k"": 1, ""n"": 76}, {""k"": 1, ""n"": 85}, {""k"": 1, ""n"": 84}, {""k"": 1, ""n"": 85}, {""k"": 1, ""n"": 76}]}, {""constant_lens"": false, ""gain"": 0.25, ""lens"": ""pc1"", ""lens_scaling"": ""standardize"", ""min_cluster_size"": 18, ""min_samples"": 5, ""n_class"": 338, ""n_edges"": 4, ""n_intervals"": 5, ""n_vertices"": 5, ""noise_reassigned"": 307, ""placement"": ""quantile"", ""slabs"": [{""k"": 1, ""n"": 76}, {""k"": 1, ""n"": 85}, {""k"": 1, ""n"": 84}, {""k"": 1, ""n"": 85}, {""k"": 1, ""n"": 76}]}, {""constant_lens"": false, ""gain"": 0.25, ""lens"": ""pc1"", ""lens_scaling"": ""standardize"", ""min_cluster_size"": 18, ""min_samples"": 5, ""n_class"": 338, ""n_edges"": 4, ""n_intervals"": 5, ""n_vertices"": 5, ""noise_reassigned"": 303, ""placement"": ""quantile"", ""slabs"": [{""k"": 1, ""n"": 76}, {""k"": 1, ""n"": 85}, {""k"": 1, ""n"": 84}, {""k"": 1, ""n"": 85}, {""k"": 1, ""n"": 76}]}, {""constant_lens"": false, ""gain"": 0.25, ""lens"": ""pc1"", ""lens_scaling"": ""standardize"", ""min_cluster_size"": 18, ""min_samples"": 5, ""n_class"": 337, ""n_edges"": 4, ""n_intervals"": 5, ""n_vertices"": 5, ""noise_reassigned"": 312, ""placement"": ""quantile"", ""slabs"": [{""k"": 1, ""n"": 76}, {""k"": 1, ""n"": 84}, {""k"": 1, ""n"": 85}, {""k"": 1, ""n"": 84}, {""k"": 1, ""n"": 76}]}, {""constant_lens"": false, ""gain"": 0.25, ""lens"": ""pc1"", ""lens_scaling"": ""standardize"", ""min_cluster_size"": 18, ""min_samples"": 5, ""n_class"": 338, ""n_edges"": 4, ""n_intervals"": 5, ""n_vertices"": 5, ""noise_reassigned"": 306, ""placement"": ""quantile"", ""slabs"": [{""k"": 1, ""n"": 76}, {""k"": 1, ""n"": 85}, {""k"": 1, ""n"": 84}, {""k"": 1, ""n"": 85}, {""k"": 1, ""n"": 76}]}, {""constant_lens"": false, ""gain"": 0.25, ""lens"": ""pc1"", ""lens_scaling"": ""standardize"", ""min_cluster_size"": 18, ""min_samples"": 5, ""n_class"": 337, ""n_edges"": 4, ""n_intervals"": 5, ""n_vertices"": 5, ""noise_reassigned"": 260, ""placement"": ""quantile"", ""slabs"": [{""k"": 1, ""n"": 76}, {""k"": 1, ""n"": 84}, {""k"": 1, ""n"": 85}, {""k"": 1, ""n"": 84}, {""k"": 1, ""n"": 76}]}, {""constant_lens"": false, ""gain"": 0.25, ""lens"": ""pc1"", ""lens_scaling"": ""standardize"", ""min_cluster_size"": 18, ""min_samples"": 5, ""n_class"": 337, ""n_edges"": 4, ""n_intervals"": 5, ""n_vertices"": 5, ""noise_reassigned"": 307, ""placement"": ""quantile"", ""slabs"": [{""k"": 1, ""n"": 76}, {""k"": 1, ""n"": 84}, {""k"": 1, ""n"": 84}, {""k"": 1, ""n"": 84}, {""k"": 1, ""n"": 76}]}, {""constant_lens"": false, ""gain"": 0.25, ""lens"": ""pc1"", ""lens_scaling"": ""standardize"", ""min_cluster_size"": 18, ""min_samples"": 5, ""n_class"": 338, ""n_edges"": 4, ""n_intervals"": 5, ""n_vertices"": 5, ""noise_reassigned"": 288, ""placement"": ""quantile"", ""slabs"": [{""k"": 1, ""n"": 76}, {""k"": 1, ""n"": 85}, {""k"": 1, ""n"": 84}, {""k"": 1, ""n"": 85}, {""k"": 1, ""n"": 76}]}], ""soundness_bound_holds"": true, ""step_rule"": ""scale_free"", ""topology_retention_nerve_to_frozen"": {""beta0_frozen"": 22, ""beta0_nerve"": 11, ""beta1_frozen"": 0, ""beta1_nerve"": 0}}",True
0.9618181818181818,50,False,0.010101010101010102,0.01,,2.5170750000397675,48.364854000043124,45.84777900000336,texture,2,"{""epsilon"": 0.1, ""window"": 0.2}",LVQ3,10,50,550,4950,0.98989898989899,1035474157,False,,True
0.9127272727272727,50,False,0.010101010101010102,0.01,"{""0"": 5, ""1"": 5, ""10"": 4, ""2"": 5, ""3"": 5, ""4"": 5, ""5"": 5, ""6"": 4, ""7"": 4, ""8"": 4, ""9"": 4}",0.8030779999680817,0.8030779999680817,0.0,texture,2,,KMeans,10,50,550,4950,0.98989898989899,1035474157,False,,True
0.8163636363636364,50,False,0.010101010101010102,0.01,"{""0"": 5, ""1"": 5, ""10"": 4, ""2"": 5, ""3"": 5, ""4"": 5, ""5"": 5, ""6"": 4, ""7"": 4, ""8"": 4, ""9"": 4}",0.0014189999783411622,0.0014189999783411622,0.0,texture,2,,Random,10,50,550,4950,0.98989898989899,1035474157,False,,True
0.86,50,False,0.010101010101010102,0.01,,1.7425069999881089,1.7425069999881089,0.0,texture,2,,SPOT,10,50,550,4950,0.98989898989899,1035474157,False,,True
0.9218181818181819,50,False,0.010101010101010102,0.01,,8.19728900003247,8.19728900003247,0.0,texture,2,,GLVQ,10,50,550,4950,0.98989898989899,1035474157,False,,True
0.9054545454545454,50,False,0.010101010101010102,0.01,,1.0236380000133067,1.0236380000133067,0.0,texture,2,,GNG,10,50,550,4950,0.98989898989899,1035474157,False,,True
0.9927272727272727,99,False,0.02,0.02,,0.0013649999746121466,0.0013649999746121466,0.0,texture,2,,Full,10,4950,550,4950,0.0,1035474157,True,,False
0.98,99,False,0.02,0.02,,1.731753000000026,1.731753000000026,0.0,texture,2,,RSP3,10,857,550,4950,0.8268686868686869,1035474157,True,,False
0.9727272727272728,99,False,0.02,0.02,,0.8047080000396818,0.8047080000396818,0.0,texture,2,,RHC,10,265,550,4950,0.9464646464646465,1035474157,True,,False
0.9436363636363636,99,False,0.02,0.02,,4.692251000029501,4.692251000029501,0.0,texture,2,,SPINE+1NN,10,99,550,4950,0.98,1035474157,False,"{""admission"": {""criterion"": ""risk"", ""removed_risk"": 11, ""removed_support"": 0}, ""betti_final"": [[3, 0], [1, 0], [2, 0], [1, 0], [1, 0], [3, 0], [2, 0], [3, 0], [1, 0], [2, 0], [3, 0]], ""betti_frozen"": [[3, 0], [1, 0], [2, 0], [1, 0], [1, 0], [3, 0], [2, 0], [3, 0], [1, 0], [2, 0], [3, 0]], ""betti_nerve"": [[1, 0], [1, 0], [1, 0], [1, 0], [1, 0], [1, 0], [1, 0], [1, 0], [1, 0], [1, 0], [1, 0]], ""boundary_restriction"": ""both"", ""forced_removals"": 0, ""growth_representation_fallbacks"": 21, ""invariant_held"": true, ""n_segments"": 77, ""n_train_fit"": 3712, ""n_val"": 1238, ""phase0"": [{""constant_lens"": false, ""gain"": 0.25, ""lens"": ""pc1"", ""lens_scaling"": ""standardize"", ""min_cluster_size"": 18, ""min_samples"": 5, ""n_class"": 337, ""n_edges"": 4, ""n_intervals"": 5, ""n_vertices"": 5, ""noise_reassigned"": 299, ""placement"": ""quantile"", ""slabs"": [{""k"": 1, ""n"": 76}, {""k"": 1, ""n"": 84}, {""k"": 1, ""n"": 85}, {""k"": 1, ""n"": 84}, {""k"": 1, ""n"": 76}]}, {""constant_lens"": false, ""gain"": 0.25, ""lens"": ""pc1"", ""lens_scaling"": ""standardize"", ""min_cluster_size"": 18, ""min_samples"": 5, ""n_class"": 337, ""n_edges"": 4, ""n_intervals"": 5, ""n_vertices"": 5, ""noise_reassigned"": 304, ""placement"": ""quantile"", ""slabs"": [{""k"": 1, ""n"": 76}, {""k"": 1, ""n"": 84}, {""k"": 1, ""n"": 85}, {""k"": 1, ""n"": 84}, {""k"": 1, ""n"": 76}]}, {""constant_lens"": false, ""gain"": 0.25, ""lens"": ""pc1"", ""lens_scaling"": ""standardize"", ""min_cluster_size"": 18, ""min_samples"": 5, ""n_class"": 337, ""n_edges"": 4, ""n_intervals"": 5, ""n_vertices"": 5, ""noise_reassigned"": 315, ""placement"": ""quantile"", ""slabs"": [{""k"": 1, ""n"": 76}, {""k"": 1, ""n"": 84}, {""k"": 1, ""n"": 85}, {""k"": 1, ""n"": 84}, {""k"": 1, ""n"": 76}]}, {""constant_lens"": false, ""gain"": 0.25, ""lens"": ""pc1"", ""lens_scaling"": ""standardize"", ""min_cluster_size"": 18, ""min_samples"": 5, ""n_class"": 338, ""n_edges"": 4, ""n_intervals"": 5, ""n_vertices"": 5, ""noise_reassigned"": 248, ""placement"": ""quantile"", ""slabs"": [{""k"": 1, ""n"": 76}, {""k"": 1, ""n"": 85}, {""k"": 1, ""n"": 84}, {""k"": 1, ""n"": 85}, {""k"": 1, ""n"": 76}]}, {""constant_lens"": false, ""gain"": 0.25, ""lens"": ""pc1"", ""lens_scaling"": ""standardize"", ""min_cluster_size"": 18, ""min_samples"": 5, ""n_class"": 338, ""n_edges"": 4, ""n_intervals"": 5, ""n_vertices"": 5, ""noise_reassigned"": 307, ""placement"": ""quantile"", ""slabs"": [{""k"": 1, ""n"": 76}, {""k"": 1, ""n"": 85}, {""k"": 1, ""n"": 84}, {""k"": 1, ""n"": 85}, {""k"": 1, ""n"": 76}]}, {""constant_lens"": false, ""gain"": 0.25, ""lens"": ""pc1"", ""lens_scaling"": ""standardize"", ""min_cluster_size"": 18, ""min_samples"": 5, ""n_class"": 338, ""n_edges"": 4, ""n_intervals"": 5, ""n_vertices"": 5, ""noise_reassigned"": 303, ""placement"": ""quantile"", ""slabs"": [{""k"": 1, ""n"": 76}, {""k"": 1, ""n"": 85}, {""k"": 1, ""n"": 84}, {""k"": 1, ""n"": 85}, {""k"": 1, ""n"": 76}]}, {""constant_lens"": false, ""gain"": 0.25, ""lens"": ""pc1"", ""lens_scaling"": ""standardize"", ""min_cluster_size"": 18, ""min_samples"": 5, ""n_class"": 337, ""n_edges"": 4, ""n_intervals"": 5, ""n_vertices"": 5, ""noise_reassigned"": 312, ""placement"": ""quantile"", ""slabs"": [{""k"": 1, ""n"": 76}, {""k"": 1, ""n"": 84}, {""k"": 1, ""n"": 85}, {""k"": 1, ""n"": 84}, {""k"": 1, ""n"": 76}]}, {""constant_lens"": false, ""gain"": 0.25, ""lens"": ""pc1"", ""lens_scaling"": ""standardize"", ""min_cluster_size"": 18, ""min_samples"": 5, ""n_class"": 338, ""n_edges"": 4, ""n_intervals"": 5, ""n_vertices"": 5, ""noise_reassigned"": 306, ""placement"": ""quantile"", ""slabs"": [{""k"": 1, ""n"": 76}, {""k"": 1, ""n"": 85}, {""k"": 1, ""n"": 84}, {""k"": 1, ""n"": 85}, {""k"": 1, ""n"": 76}]}, {""constant_lens"": false, ""gain"": 0.25, ""lens"": ""pc1"", ""lens_scaling"": ""standardize"", ""min_cluster_size"": 18, ""min_samples"": 5, ""n_class"": 337, ""n_edges"": 4, ""n_intervals"": 5, ""n_vertices"": 5, ""noise_reassigned"": 260, ""placement"": ""quantile"", ""slabs"": [{""k"": 1, ""n"": 76}, {""k"": 1, ""n"": 84}, {""k"": 1, ""n"": 85}, {""k"": 1, ""n"": 84}, {""k"": 1, ""n"": 76}]}, {""constant_lens"": false, ""gain"": 0.25, ""lens"": ""pc1"", ""lens_scaling"": ""standardize"", ""min_cluster_size"": 18, ""min_samples"": 5, ""n_class"": 337, ""n_edges"": 4, ""n_intervals"": 5, ""n_vertices"": 5, ""noise_reassigned"": 307, ""placement"": ""quantile"", ""slabs"": [{""k"": 1, ""n"": 76}, {""k"": 1, ""n"": 84}, {""k"": 1, ""n"": 84}, {""k"": 1, ""n"": 84}, {""k"": 1, ""n"": 76}]}, {""constant_lens"": false, ""gain"": 0.25, ""lens"": ""pc1"", ""lens_scaling"": ""standardize"", ""min_cluster_size"": 18, ""min_samples"": 5, ""n_class"": 338, ""n_edges"": 4, ""n_intervals"": 5, ""n_vertices"": 5, ""noise_reassigned"": 288, ""placement"": ""quantile"", ""slabs"": [{""k"": 1, ""n"": 76}, {""k"": 1, ""n"": 85}, {""k"": 1, ""n"": 84}, {""k"": 1, ""n"": 85}, {""k"": 1, ""n"": 76}]}], ""soundness_bound_holds"": true, ""step_rule"": ""scale_free"", ""topology_retention_nerve_to_frozen"": {""beta0_frozen"": 22, ""beta0_nerve"": 11, ""beta1_frozen"": 0, ""beta1_nerve"": 0}}",True
0.9545454545454546,99,False,0.02,0.02,,4.692251000029501,4.692251000029501,0.0,texture,2,,SPINE+Graph,10,99,550,4950,0.98,1035474157,False,"{""admission"": {""criterion"": ""risk"", ""removed_risk"": 11, ""removed_support"": 0}, ""betti_final"": [[3, 0], [1, 0], [2, 0], [1, 0], [1, 0], [3, 0], [2, 0], [3, 0], [1, 0], [2, 0], [3, 0]], ""betti_frozen"": [[3, 0], [1, 0], [2, 0], [1, 0], [1, 0], [3, 0], [2, 0], [3, 0], [1, 0], [2, 0], [3, 0]], ""betti_nerve"": [[1, 0], [1, 0], [1, 0], [1, 0], [1, 0], [1, 0], [1, 0], [1, 0], [1, 0], [1, 0], [1, 0]], ""boundary_restriction"": ""both"", ""forced_removals"": 0, ""growth_representation_fallbacks"": 21, ""invariant_held"": true, ""n_segments"": 77, ""n_train_fit"": 3712, ""n_val"": 1238, ""phase0"": [{""constant_lens"": false, ""gain"": 0.25, ""lens"": ""pc1"", ""lens_scaling"": ""standardize"", ""min_cluster_size"": 18, ""min_samples"": 5, ""n_class"": 337, ""n_edges"": 4, ""n_intervals"": 5, ""n_vertices"": 5, ""noise_reassigned"": 299, ""placement"": ""quantile"", ""slabs"": [{""k"": 1, ""n"": 76}, {""k"": 1, ""n"": 84}, {""k"": 1, ""n"": 85}, {""k"": 1, ""n"": 84}, {""k"": 1, ""n"": 76}]}, {""constant_lens"": false, ""gain"": 0.25, ""lens"": ""pc1"", ""lens_scaling"": ""standardize"", ""min_cluster_size"": 18, ""min_samples"": 5, ""n_class"": 337, ""n_edges"": 4, ""n_intervals"": 5, ""n_vertices"": 5, ""noise_reassigned"": 304, ""placement"": ""quantile"", ""slabs"": [{""k"": 1, ""n"": 76}, {""k"": 1, ""n"": 84}, {""k"": 1, ""n"": 85}, {""k"": 1, ""n"": 84}, {""k"": 1, ""n"": 76}]}, {""constant_lens"": false, ""gain"": 0.25, ""lens"": ""pc1"", ""lens_scaling"": ""standardize"", ""min_cluster_size"": 18, ""min_samples"": 5, ""n_class"": 337, ""n_edges"": 4, ""n_intervals"": 5, ""n_vertices"": 5, ""noise_reassigned"": 315, ""placement"": ""quantile"", ""slabs"": [{""k"": 1, ""n"": 76}, {""k"": 1, ""n"": 84}, {""k"": 1, ""n"": 85}, {""k"": 1, ""n"": 84}, {""k"": 1, ""n"": 76}]}, {""constant_lens"": false, ""gain"": 0.25, ""lens"": ""pc1"", ""lens_scaling"": ""standardize"", ""min_cluster_size"": 18, ""min_samples"": 5, ""n_class"": 338, ""n_edges"": 4, ""n_intervals"": 5, ""n_vertices"": 5, ""noise_reassigned"": 248, ""placement"": ""quantile"", ""slabs"": [{""k"": 1, ""n"": 76}, {""k"": 1, ""n"": 85}, {""k"": 1, ""n"": 84}, {""k"": 1, ""n"": 85}, {""k"": 1, ""n"": 76}]}, {""constant_lens"": false, ""gain"": 0.25, ""lens"": ""pc1"", ""lens_scaling"": ""standardize"", ""min_cluster_size"": 18, ""min_samples"": 5, ""n_class"": 338, ""n_edges"": 4, ""n_intervals"": 5, ""n_vertices"": 5, ""noise_reassigned"": 307, ""placement"": ""quantile"", ""slabs"": [{""k"": 1, ""n"": 76}, {""k"": 1, ""n"": 85}, {""k"": 1, ""n"": 84}, {""k"": 1, ""n"": 85}, {""k"": 1, ""n"": 76}]}, {""constant_lens"": false, ""gain"": 0.25, ""lens"": ""pc1"", ""lens_scaling"": ""standardize"", ""min_cluster_size"": 18, ""min_samples"": 5, ""n_class"": 338, ""n_edges"": 4, ""n_intervals"": 5, ""n_vertices"": 5, ""noise_reassigned"": 303, ""placement"": ""quantile"", ""slabs"": [{""k"": 1, ""n"": 76}, {""k"": 1, ""n"": 85}, {""k"": 1, ""n"": 84}, {""k"": 1, ""n"": 85}, {""k"": 1, ""n"": 76}]}, {""constant_lens"": false, ""gain"": 0.25, ""lens"": ""pc1"", ""lens_scaling"": ""standardize"", ""min_cluster_size"": 18, ""min_samples"": 5, ""n_class"": 337, ""n_edges"": 4, ""n_intervals"": 5, ""n_vertices"": 5, ""noise_reassigned"": 312, ""placement"": ""quantile"", ""slabs"": [{""k"": 1, ""n"": 76}, {""k"": 1, ""n"": 84}, {""k"": 1, ""n"": 85}, {""k"": 1, ""n"": 84}, {""k"": 1, ""n"": 76}]}, {""constant_lens"": false, ""gain"": 0.25, ""lens"": ""pc1"", ""lens_scaling"": ""standardize"", ""min_cluster_size"": 18, ""min_samples"": 5, ""n_class"": 338, ""n_edges"": 4, ""n_intervals"": 5, ""n_vertices"": 5, ""noise_reassigned"": 306, ""placement"": ""quantile"", ""slabs"": [{""k"": 1, ""n"": 76}, {""k"": 1, ""n"": 85}, {""k"": 1, ""n"": 84}, {""k"": 1, ""n"": 85}, {""k"": 1, ""n"": 76}]}, {""constant_lens"": false, ""gain"": 0.25, ""lens"": ""pc1"", ""lens_scaling"": ""standardize"", ""min_cluster_size"": 18, ""min_samples"": 5, ""n_class"": 337, ""n_edges"": 4, ""n_intervals"": 5, ""n_vertices"": 5, ""noise_reassigned"": 260, ""placement"": ""quantile"", ""slabs"": [{""k"": 1, ""n"": 76}, {""k"": 1, ""n"": 84}, {""k"": 1, ""n"": 85}, {""k"": 1, ""n"": 84}, {""k"": 1, ""n"": 76}]}, {""constant_lens"": false, ""gain"": 0.25, ""lens"": ""pc1"", ""lens_scaling"": ""standardize"", ""min_cluster_size"": 18, ""min_samples"": 5, ""n_class"": 337, ""n_edges"": 4, ""n_intervals"": 5, ""n_vertices"": 5, ""noise_reassigned"": 307, ""placement"": ""quantile"", ""slabs"": [{""k"": 1, ""n"": 76}, {""k"": 1, ""n"": 84}, {""k"": 1, ""n"": 84}, {""k"": 1, ""n"": 84}, {""k"": 1, ""n"": 76}]}, {""constant_lens"": false, ""gain"": 0.25, ""lens"": ""pc1"", ""lens_scaling"": ""standardize"", ""min_cluster_size"": 18, ""min_samples"": 5, ""n_class"": 338, ""n_edges"": 4, ""n_intervals"": 5, ""n_vertices"": 5, ""noise_reassigned"": 288, ""placement"": ""quantile"", ""slabs"": [{""k"": 1, ""n"": 76}, {""k"": 1, ""n"": 85}, {""k"": 1, ""n"": 84}, {""k"": 1, ""n"": 85}, {""k"": 1, ""n"": 76}]}], ""soundness_bound_holds"": true, ""step_rule"": ""scale_free"", ""topology_retention_nerve_to_frozen"": {""beta0_frozen"": 22, ""beta0_nerve"": 11, ""beta1_frozen"": 0, ""beta1_nerve"": 0}}",True
0.9781818181818182,99,False,0.02,0.02,,3.389976999955252,58.261597999953665,54.87162099999841,texture,2,"{""epsilon"": 0.1, ""window"": 0.2}",LVQ3,10,99,550,4950,0.98,1035474157,False,,True
0.9581818181818181,99,False,0.02,0.02,"{""0"": 9, ""1"": 9, ""10"": 9, ""2"": 9, ""3"": 9, ""4"": 9, ""5"": 9, ""6"": 9, ""7"": 9, ""8"": 9, ""9"": 9}",1.009650000021793,1.009650000021793,0.0,texture,2,,KMeans,10,99,550,4950,0.98,1035474157,False,,True
0.8727272727272727,99,False,0.02,0.02,"{""0"": 9, ""1"": 9, ""10"": 9, ""2"": 9, ""3"": 9, ""4"": 9, ""5"": 9, ""6"": 9, ""7"": 9, ""8"": 9, ""9"": 9}",0.0015230000135488808,0.0015230000135488808,0.0,texture,2,,Random,10,99,550,4950,0.98,1035474157,False,,True
0.92,99,False,0.02,0.02,,1.6966849999735132,1.6966849999735132,0.0,texture,2,,SPOT,10,99,550,4950,0.98,1035474157,False,,True
0.92,99,False,0.02,0.02,,13.371371000015642,13.371371000015642,0.0,texture,2,,GLVQ,10,99,550,4950,0.98,1035474157,False,,True
0.9472727272727273,99,False,0.02,0.02,,1.7386829999741167,1.7386829999741167,0.0,texture,2,,GNG,10,99,550,4950,0.98,1035474157,False,,True
0.9927272727272727,248,False,0.050101010101010104,0.05,,0.0013649999746121466,0.0013649999746121466,0.0,texture,2,,Full,10,4950,550,4950,0.0,1035474157,True,,False
0.98,248,False,0.050101010101010104,0.05,,1.731753000000026,1.731753000000026,0.0,texture,2,,RSP3,10,857,550,4950,0.8268686868686869,1035474157,True,,False
0.9727272727272728,248,False,0.050101010101010104,0.05,,0.8047080000396818,0.8047080000396818,0.0,texture,2,,RHC,10,265,550,4950,0.9464646464646465,1035474157,True,,False
0.9654545454545455,248,False,0.050101010101010104,0.05,,6.086861000047065,6.086861000047065,0.0,texture,2,,SPINE+1NN,10,248,550,4950,0.9498989898989899,1035474157,False,"{""admission"": {""criterion"": ""risk"", ""removed_risk"": 11, ""removed_support"": 0}, ""betti_final"": [[3, 0], [1, 0], [2, 0], [1, 0], [1, 0], [3, 0], [2, 0], [3, 0], [1, 0], [2, 0], [3, 0]], ""betti_frozen"": [[3, 0], [1, 0], [2, 0], [1, 0], [1, 0], [3, 0], [2, 0], [3, 0], [1, 0], [2, 0], [3, 0]], ""betti_nerve"": [[1, 0], [1, 0], [1, 0], [1, 0], [1, 0], [1, 0], [1, 0], [1, 0], [1, 0], [1, 0], [1, 0]], ""boundary_restriction"": ""both"", ""forced_removals"": 0, ""growth_representation_fallbacks"": 131, ""invariant_held"": true, ""n_segments"": 226, ""n_train_fit"": 3712, ""n_val"": 1238, ""phase0"": [{""constant_lens"": false, ""gain"": 0.25, ""lens"": ""pc1"", ""lens_scaling"": ""standardize"", ""min_cluster_size"": 18, ""min_samples"": 5, ""n_class"": 337, ""n_edges"": 4, ""n_intervals"": 5, ""n_vertices"": 5, ""noise_reassigned"": 299, ""placement"": ""quantile"", ""slabs"": [{""k"": 1, ""n"": 76}, {""k"": 1, ""n"": 84}, {""k"": 1, ""n"": 85}, {""k"": 1, ""n"": 84}, {""k"": 1, ""n"": 76}]}, {""constant_lens"": false, ""gain"": 0.25, ""lens"": ""pc1"", ""lens_scaling"": ""standardize"", ""min_cluster_size"": 18, ""min_samples"": 5, ""n_class"": 337, ""n_edges"": 4, ""n_intervals"": 5, ""n_vertices"": 5, ""noise_reassigned"": 304, ""placement"": ""quantile"", ""slabs"": [{""k"": 1, ""n"": 76}, {""k"": 1, ""n"": 84}, {""k"": 1, ""n"": 85}, {""k"": 1, ""n"": 84}, {""k"": 1, ""n"": 76}]}, {""constant_lens"": false, ""gain"": 0.25, ""lens"": ""pc1"", ""lens_scaling"": ""standardize"", ""min_cluster_size"": 18, ""min_samples"": 5, ""n_class"": 337, ""n_edges"": 4, ""n_intervals"": 5, ""n_vertices"": 5, ""noise_reassigned"": 315, ""placement"": ""quantile"", ""slabs"": [{""k"": 1, ""n"": 76}, {""k"": 1, ""n"": 84}, {""k"": 1, ""n"": 85}, {""k"": 1, ""n"": 84}, {""k"": 1, ""n"": 76}]}, {""constant_lens"": false, ""gain"": 0.25, ""lens"": ""pc1"", ""lens_scaling"": ""standardize"", ""min_cluster_size"": 18, ""min_samples"": 5, ""n_class"": 338, ""n_edges"": 4, ""n_intervals"": 5, ""n_vertices"": 5, ""noise_reassigned"": 248, ""placement"": ""quantile"", ""slabs"": [{""k"": 1, ""n"": 76}, {""k"": 1, ""n"": 85}, {""k"": 1, ""n"": 84}, {""k"": 1, ""n"": 85}, {""k"": 1, ""n"": 76}]}, {""constant_lens"": false, ""gain"": 0.25, ""lens"": ""pc1"", ""lens_scaling"": ""standardize"", ""min_cluster_size"": 18, ""min_samples"": 5, ""n_class"": 338, ""n_edges"": 4, ""n_intervals"": 5, ""n_vertices"": 5, ""noise_reassigned"": 307, ""placement"": ""quantile"", ""slabs"": [{""k"": 1, ""n"": 76}, {""k"": 1, ""n"": 85}, {""k"": 1, ""n"": 84}, {""k"": 1, ""n"": 85}, {""k"": 1, ""n"": 76}]}, {""constant_lens"": false, ""gain"": 0.25, ""lens"": ""pc1"", ""lens_scaling"": ""standardize"", ""min_cluster_size"": 18, ""min_samples"": 5, ""n_class"": 338, ""n_edges"": 4, ""n_intervals"": 5, ""n_vertices"": 5, ""noise_reassigned"": 303, ""placement"": ""quantile"", ""slabs"": [{""k"": 1, ""n"": 76}, {""k"": 1, ""n"": 85}, {""k"": 1, ""n"": 84}, {""k"": 1, ""n"": 85}, {""k"": 1, ""n"": 76}]}, {""constant_lens"": false, ""gain"": 0.25, ""lens"": ""pc1"", ""lens_scaling"": ""standardize"", ""min_cluster_size"": 18, ""min_samples"": 5, ""n_class"": 337, ""n_edges"": 4, ""n_intervals"": 5, ""n_vertices"": 5, ""noise_reassigned"": 312, ""placement"": ""quantile"", ""slabs"": [{""k"": 1, ""n"": 76}, {""k"": 1, ""n"": 84}, {""k"": 1, ""n"": 85}, {""k"": 1, ""n"": 84}, {""k"": 1, ""n"": 76}]}, {""constant_lens"": false, ""gain"": 0.25, ""lens"": ""pc1"", ""lens_scaling"": ""standardize"", ""min_cluster_size"": 18, ""min_samples"": 5, ""n_class"": 338, ""n_edges"": 4, ""n_intervals"": 5, ""n_vertices"": 5, ""noise_reassigned"": 306, ""placement"": ""quantile"", ""slabs"": [{""k"": 1, ""n"": 76}, {""k"": 1, ""n"": 85}, {""k"": 1, ""n"": 84}, {""k"": 1, ""n"": 85}, {""k"": 1, ""n"": 76}]}, {""constant_lens"": false, ""gain"": 0.25, ""lens"": ""pc1"", ""lens_scaling"": ""standardize"", ""min_cluster_size"": 18, ""min_samples"": 5, ""n_class"": 337, ""n_edges"": 4, ""n_intervals"": 5, ""n_vertices"": 5, ""noise_reassigned"": 260, ""placement"": ""quantile"", ""slabs"": [{""k"": 1, ""n"": 76}, {""k"": 1, ""n"": 84}, {""k"": 1, ""n"": 85}, {""k"": 1, ""n"": 84}, {""k"": 1, ""n"": 76}]}, {""constant_lens"": false, ""gain"": 0.25, ""lens"": ""pc1"", ""lens_scaling"": ""standardize"", ""min_cluster_size"": 18, ""min_samples"": 5, ""n_class"": 337, ""n_edges"": 4, ""n_intervals"": 5, ""n_vertices"": 5, ""noise_reassigned"": 307, ""placement"": ""quantile"", ""slabs"": [{""k"": 1, ""n"": 76}, {""k"": 1, ""n"": 84}, {""k"": 1, ""n"": 84}, {""k"": 1, ""n"": 84}, {""k"": 1, ""n"": 76}]}, {""constant_lens"": false, ""gain"": 0.25, ""lens"": ""pc1"", ""lens_scaling"": ""standardize"", ""min_cluster_size"": 18, ""min_samples"": 5, ""n_class"": 338, ""n_edges"": 4, ""n_intervals"": 5, ""n_vertices"": 5, ""noise_reassigned"": 288, ""placement"": ""quantile"", ""slabs"": [{""k"": 1, ""n"": 76}, {""k"": 1, ""n"": 85}, {""k"": 1, ""n"": 84}, {""k"": 1, ""n"": 85}, {""k"": 1, ""n"": 76}]}], ""soundness_bound_holds"": true, ""step_rule"": ""scale_free"", ""topology_retention_nerve_to_frozen"": {""beta0_frozen"": 22, ""beta0_nerve"": 11, ""beta1_frozen"": 0, ""beta1_nerve"": 0}}",True
0.9618181818181818,248,False,0.050101010101010104,0.05,,6.086861000047065,6.086861000047065,0.0,texture,2,,SPINE+Graph,10,248,550,4950,0.9498989898989899,1035474157,False,"{""admission"": {""criterion"": ""risk"", ""removed_risk"": 11, ""removed_support"": 0}, ""betti_final"": [[3, 0], [1, 0], [2, 0], [1, 0], [1, 0], [3, 0], [2, 0], [3, 0], [1, 0], [2, 0], [3, 0]], ""betti_frozen"": [[3, 0], [1, 0], [2, 0], [1, 0], [1, 0], [3, 0], [2, 0], [3, 0], [1, 0], [2, 0], [3, 0]], ""betti_nerve"": [[1, 0], [1, 0], [1, 0], [1, 0], [1, 0], [1, 0], [1, 0], [1, 0], [1, 0], [1, 0], [1, 0]], ""boundary_restriction"": ""both"", ""forced_removals"": 0, ""growth_representation_fallbacks"": 131, ""invariant_held"": true, ""n_segments"": 226, ""n_train_fit"": 3712, ""n_val"": 1238, ""phase0"": [{""constant_lens"": false, ""gain"": 0.25, ""lens"": ""pc1"", ""lens_scaling"": ""standardize"", ""min_cluster_size"": 18, ""min_samples"": 5, ""n_class"": 337, ""n_edges"": 4, ""n_intervals"": 5, ""n_vertices"": 5, ""noise_reassigned"": 299, ""placement"": ""quantile"", ""slabs"": [{""k"": 1, ""n"": 76}, {""k"": 1, ""n"": 84}, {""k"": 1, ""n"": 85}, {""k"": 1, ""n"": 84}, {""k"": 1, ""n"": 76}]}, {""constant_lens"": false, ""gain"": 0.25, ""lens"": ""pc1"", ""lens_scaling"": ""standardize"", ""min_cluster_size"": 18, ""min_samples"": 5, ""n_class"": 337, ""n_edges"": 4, ""n_intervals"": 5, ""n_vertices"": 5, ""noise_reassigned"": 304, ""placement"": ""quantile"", ""slabs"": [{""k"": 1, ""n"": 76}, {""k"": 1, ""n"": 84}, {""k"": 1, ""n"": 85}, {""k"": 1, ""n"": 84}, {""k"": 1, ""n"": 76}]}, {""constant_lens"": false, ""gain"": 0.25, ""lens"": ""pc1"", ""lens_scaling"": ""standardize"", ""min_cluster_size"": 18, ""min_samples"": 5, ""n_class"": 337, ""n_edges"": 4, ""n_intervals"": 5, ""n_vertices"": 5, ""noise_reassigned"": 315, ""placement"": ""quantile"", ""slabs"": [{""k"": 1, ""n"": 76}, {""k"": 1, ""n"": 84}, {""k"": 1, ""n"": 85}, {""k"": 1, ""n"": 84}, {""k"": 1, ""n"": 76}]}, {""constant_lens"": false, ""gain"": 0.25, ""lens"": ""pc1"", ""lens_scaling"": ""standardize"", ""min_cluster_size"": 18, ""min_samples"": 5, ""n_class"": 338, ""n_edges"": 4, ""n_intervals"": 5, ""n_vertices"": 5, ""noise_reassigned"": 248, ""placement"": ""quantile"", ""slabs"": [{""k"": 1, ""n"": 76}, {""k"": 1, ""n"": 85}, {""k"": 1, ""n"": 84}, {""k"": 1, ""n"": 85}, {""k"": 1, ""n"": 76}]}, {""constant_lens"": false, ""gain"": 0.25, ""lens"": ""pc1"", ""lens_scaling"": ""standardize"", ""min_cluster_size"": 18, ""min_samples"": 5, ""n_class"": 338, ""n_edges"": 4, ""n_intervals"": 5, ""n_vertices"": 5, ""noise_reassigned"": 307, ""placement"": ""quantile"", ""slabs"": [{""k"": 1, ""n"": 76}, {""k"": 1, ""n"": 85}, {""k"": 1, ""n"": 84}, {""k"": 1, ""n"": 85}, {""k"": 1, ""n"": 76}]}, {""constant_lens"": false, ""gain"": 0.25, ""lens"": ""pc1"", ""lens_scaling"": ""standardize"", ""min_cluster_size"": 18, ""min_samples"": 5, ""n_class"": 338, ""n_edges"": 4, ""n_intervals"": 5, ""n_vertices"": 5, ""noise_reassigned"": 303, ""placement"": ""quantile"", ""slabs"": [{""k"": 1, ""n"": 76}, {""k"": 1, ""n"": 85}, {""k"": 1, ""n"": 84}, {""k"": 1, ""n"": 85}, {""k"": 1, ""n"": 76}]}, {""constant_lens"": false, ""gain"": 0.25, ""lens"": ""pc1"", ""lens_scaling"": ""standardize"", ""min_cluster_size"": 18, ""min_samples"": 5, ""n_class"": 337, ""n_edges"": 4, ""n_intervals"": 5, ""n_vertices"": 5, ""noise_reassigned"": 312, ""placement"": ""quantile"", ""slabs"": [{""k"": 1, ""n"": 76}, {""k"": 1, ""n"": 84}, {""k"": 1, ""n"": 85}, {""k"": 1, ""n"": 84}, {""k"": 1, ""n"": 76}]}, {""constant_lens"": false, ""gain"": 0.25, ""lens"": ""pc1"", ""lens_scaling"": ""standardize"", ""min_cluster_size"": 18, ""min_samples"": 5, ""n_class"": 338, ""n_edges"": 4, ""n_intervals"": 5, ""n_vertices"": 5, ""noise_reassigned"": 306, ""placement"": ""quantile"", ""slabs"": [{""k"": 1, ""n"": 76}, {""k"": 1, ""n"": 85}, {""k"": 1, ""n"": 84}, {""k"": 1, ""n"": 85}, {""k"": 1, ""n"": 76}]}, {""constant_lens"": false, ""gain"": 0.25, ""lens"": ""pc1"", ""lens_scaling"": ""standardize"", ""min_cluster_size"": 18, ""min_samples"": 5, ""n_class"": 337, ""n_edges"": 4, ""n_intervals"": 5, ""n_vertices"": 5, ""noise_reassigned"": 260, ""placement"": ""quantile"", ""slabs"": [{""k"": 1, ""n"": 76}, {""k"": 1, ""n"": 84}, {""k"": 1, ""n"": 85}, {""k"": 1, ""n"": 84}, {""k"": 1, ""n"": 76}]}, {""constant_lens"": false, ""gain"": 0.25, ""lens"": ""pc1"", ""lens_scaling"": ""standardize"", ""min_cluster_size"": 18, ""min_samples"": 5, ""n_class"": 337, ""n_edges"": 4, ""n_intervals"": 5, ""n_vertices"": 5, ""noise_reassigned"": 307, ""placement"": ""quantile"", ""slabs"": [{""k"": 1, ""n"": 76}, {""k"": 1, ""n"": 84}, {""k"": 1, ""n"": 84}, {""k"": 1, ""n"": 84}, {""k"": 1, ""n"": 76}]}, {""constant_lens"": false, ""gain"": 0.25, ""lens"": ""pc1"", ""lens_scaling"": ""standardize"", ""min_cluster_size"": 18, ""min_samples"": 5, ""n_class"": 338, ""n_edges"": 4, ""n_intervals"": 5, ""n_vertices"": 5, ""noise_reassigned"": 288, ""placement"": ""quantile"", ""slabs"": [{""k"": 1, ""n"": 76}, {""k"": 1, ""n"": 85}, {""k"": 1, ""n"": 84}, {""k"": 1, ""n"": 85}, {""k"": 1, ""n"": 76}]}], ""soundness_bound_holds"": true, ""step_rule"": ""scale_free"", ""topology_retention_nerve_to_frozen"": {""beta0_frozen"": 22, ""beta0_nerve"": 11, ""beta1_frozen"": 0, ""beta1_nerve"": 0}}",True
0.9854545454545455,248,False,0.050101010101010104,0.05,,4.391539999982342,79.66799200000241,75.27645200002007,texture,2,"{""epsilon"": 0.1, ""window"": 0.3}",LVQ3,10,248,550,4950,0.9498989898989899,1035474157,False,,True
0.9727272727272728,248,False,0.050101010101010104,0.05,"{""0"": 23, ""1"": 23, ""10"": 22, ""2"": 23, ""3"": 23, ""4"": 23, ""5"": 23, ""6"": 22, ""7"": 22, ""8"": 22, ""9"": 22}",1.6084399999817833,1.6084399999817833,0.0,texture,2,,KMeans,10,248,550,4950,0.9498989898989899,1035474157,False,,True
0.9218181818181819,248,False,0.050101010101010104,0.05,"{""0"": 23, ""1"": 23, ""10"": 22, ""2"": 23, ""3"": 23, ""4"": 23, ""5"": 23, ""6"": 22, ""7"": 22, ""8"": 22, ""9"": 22}",0.0016049999976530671,0.0016049999976530671,0.0,texture,2,,Random,10,248,550,4950,0.9498989898989899,1035474157,False,,True
0.9490909090909091,248,False,0.050101010101010104,0.05,,1.8474079999723472,1.8474079999723472,0.0,texture,2,,SPOT,10,248,550,4950,0.9498989898989899,1035474157,False,,True
0.9127272727272727,248,False,0.050101010101010104,0.05,,28.771234999992885,28.771234999992885,0.0,texture,2,,GLVQ,10,248,550,4950,0.9498989898989899,1035474157,False,,True
0.9654545454545455,248,False,0.050101010101010104,0.05,,2.585942999983672,2.585942999983672,0.0,texture,2,,GNG,10,248,550,4950,0.9498989898989899,1035474157,False,,True
0.9927272727272727,495,False,0.1,0.1,,0.0013649999746121466,0.0013649999746121466,0.0,texture,2,,Full,10,4950,550,4950,0.0,1035474157,True,,False
0.98,495,False,0.1,0.1,,1.731753000000026,1.731753000000026,0.0,texture,2,,RSP3,10,857,550,4950,0.8268686868686869,1035474157,True,,False
0.9727272727272728,495,False,0.1,0.1,,0.8047080000396818,0.8047080000396818,0.0,texture,2,,RHC,10,265,550,4950,0.9464646464646465,1035474157,True,,False
0.9745454545454545,495,False,0.1,0.1,,7.259256999997888,7.259256999997888,0.0,texture,2,,SPINE+1NN,10,495,550,4950,0.9,1035474157,False,"{""admission"": {""criterion"": ""risk"", ""removed_risk"": 11, ""removed_support"": 0}, ""betti_final"": [[3, 0], [1, 0], [2, 0], [1, 0], [1, 0], [3, 0], [2, 0], [3, 0], [1, 0], [2, 0], [3, 0]], ""betti_frozen"": [[3, 0], [1, 0], [2, 0], [1, 0], [1, 0], [3, 0], [2, 0], [3, 0], [1, 0], [2, 0], [3, 0]], ""betti_nerve"": [[1, 0], [1, 0], [1, 0], [1, 0], [1, 0], [1, 0], [1, 0], [1, 0], [1, 0], [1, 0], [1, 0]], ""boundary_restriction"": ""both"", ""forced_removals"": 0, ""growth_representation_fallbacks"": 415, ""invariant_held"": true, ""n_segments"": 473, ""n_train_fit"": 3712, ""n_val"": 1238, ""phase0"": [{""constant_lens"": false, ""gain"": 0.25, ""lens"": ""pc1"", ""lens_scaling"": ""standardize"", ""min_cluster_size"": 18, ""min_samples"": 5, ""n_class"": 337, ""n_edges"": 4, ""n_intervals"": 5, ""n_vertices"": 5, ""noise_reassigned"": 299, ""placement"": ""quantile"", ""slabs"": [{""k"": 1, ""n"": 76}, {""k"": 1, ""n"": 84}, {""k"": 1, ""n"": 85}, {""k"": 1, ""n"": 84}, {""k"": 1, ""n"": 76}]}, {""constant_lens"": false, ""gain"": 0.25, ""lens"": ""pc1"", ""lens_scaling"": ""standardize"", ""min_cluster_size"": 18, ""min_samples"": 5, ""n_class"": 337, ""n_edges"": 4, ""n_intervals"": 5, ""n_vertices"": 5, ""noise_reassigned"": 304, ""placement"": ""quantile"", ""slabs"": [{""k"": 1, ""n"": 76}, {""k"": 1, ""n"": 84}, {""k"": 1, ""n"": 85}, {""k"": 1, ""n"": 84}, {""k"": 1, ""n"": 76}]}, {""constant_lens"": false, ""gain"": 0.25, ""lens"": ""pc1"", ""lens_scaling"": ""standardize"", ""min_cluster_size"": 18, ""min_samples"": 5, ""n_class"": 337, ""n_edges"": 4, ""n_intervals"": 5, ""n_vertices"": 5, ""noise_reassigned"": 315, ""placement"": ""quantile"", ""slabs"": [{""k"": 1, ""n"": 76}, {""k"": 1, ""n"": 84}, {""k"": 1, ""n"": 85}, {""k"": 1, ""n"": 84}, {""k"": 1, ""n"": 76}]}, {""constant_lens"": false, ""gain"": 0.25, ""lens"": ""pc1"", ""lens_scaling"": ""standardize"", ""min_cluster_size"": 18, ""min_samples"": 5, ""n_class"": 338, ""n_edges"": 4, ""n_intervals"": 5, ""n_vertices"": 5, ""noise_reassigned"": 248, ""placement"": ""quantile"", ""slabs"": [{""k"": 1, ""n"": 76}, {""k"": 1, ""n"": 85}, {""k"": 1, ""n"": 84}, {""k"": 1, ""n"": 85}, {""k"": 1, ""n"": 76}]}, {""constant_lens"": false, ""gain"": 0.25, ""lens"": ""pc1"", ""lens_scaling"": ""standardize"", ""min_cluster_size"": 18, ""min_samples"": 5, ""n_class"": 338, ""n_edges"": 4, ""n_intervals"": 5, ""n_vertices"": 5, ""noise_reassigned"": 307, ""placement"": ""quantile"", ""slabs"": [{""k"": 1, ""n"": 76}, {""k"": 1, ""n"": 85}, {""k"": 1, ""n"": 84}, {""k"": 1, ""n"": 85}, {""k"": 1, ""n"": 76}]}, {""constant_lens"": false, ""gain"": 0.25, ""lens"": ""pc1"", ""lens_scaling"": ""standardize"", ""min_cluster_size"": 18, ""min_samples"": 5, ""n_class"": 338, ""n_edges"": 4, ""n_intervals"": 5, ""n_vertices"": 5, ""noise_reassigned"": 303, ""placement"": ""quantile"", ""slabs"": [{""k"": 1, ""n"": 76}, {""k"": 1, ""n"": 85}, {""k"": 1, ""n"": 84}, {""k"": 1, ""n"": 85}, {""k"": 1, ""n"": 76}]}, {""constant_lens"": false, ""gain"": 0.25, ""lens"": ""pc1"", ""lens_scaling"": ""standardize"", ""min_cluster_size"": 18, ""min_samples"": 5, ""n_class"": 337, ""n_edges"": 4, ""n_intervals"": 5, ""n_vertices"": 5, ""noise_reassigned"": 312, ""placement"": ""quantile"", ""slabs"": [{""k"": 1, ""n"": 76}, {""k"": 1, ""n"": 84}, {""k"": 1, ""n"": 85}, {""k"": 1, ""n"": 84}, {""k"": 1, ""n"": 76}]}, {""constant_lens"": false, ""gain"": 0.25, ""lens"": ""pc1"", ""lens_scaling"": ""standardize"", ""min_cluster_size"": 18, ""min_samples"": 5, ""n_class"": 338, ""n_edges"": 4, ""n_intervals"": 5, ""n_vertices"": 5, ""noise_reassigned"": 306, ""placement"": ""quantile"", ""slabs"": [{""k"": 1, ""n"": 76}, {""k"": 1, ""n"": 85}, {""k"": 1, ""n"": 84}, {""k"": 1, ""n"": 85}, {""k"": 1, ""n"": 76}]}, {""constant_lens"": false, ""gain"": 0.25, ""lens"": ""pc1"", ""lens_scaling"": ""standardize"", ""min_cluster_size"": 18, ""min_samples"": 5, ""n_class"": 337, ""n_edges"": 4, ""n_intervals"": 5, ""n_vertices"": 5, ""noise_reassigned"": 260, ""placement"": ""quantile"", ""slabs"": [{""k"": 1, ""n"": 76}, {""k"": 1, ""n"": 84}, {""k"": 1, ""n"": 85}, {""k"": 1, ""n"": 84}, {""k"": 1, ""n"": 76}]}, {""constant_lens"": false, ""gain"": 0.25, ""lens"": ""pc1"", ""lens_scaling"": ""standardize"", ""min_cluster_size"": 18, ""min_samples"": 5, ""n_class"": 337, ""n_edges"": 4, ""n_intervals"": 5, ""n_vertices"": 5, ""noise_reassigned"": 307, ""placement"": ""quantile"", ""slabs"": [{""k"": 1, ""n"": 76}, {""k"": 1, ""n"": 84}, {""k"": 1, ""n"": 84}, {""k"": 1, ""n"": 84}, {""k"": 1, ""n"": 76}]}, {""constant_lens"": false, ""gain"": 0.25, ""lens"": ""pc1"", ""lens_scaling"": ""standardize"", ""min_cluster_size"": 18, ""min_samples"": 5, ""n_class"": 338, ""n_edges"": 4, ""n_intervals"": 5, ""n_vertices"": 5, ""noise_reassigned"": 288, ""placement"": ""quantile"", ""slabs"": [{""k"": 1, ""n"": 76}, {""k"": 1, ""n"": 85}, {""k"": 1, ""n"": 84}, {""k"": 1, ""n"": 85}, {""k"": 1, ""n"": 76}]}], ""soundness_bound_holds"": true, ""step_rule"": ""scale_free"", ""topology_retention_nerve_to_frozen"": {""beta0_frozen"": 22, ""beta0_nerve"": 11, ""beta1_frozen"": 0, ""beta1_nerve"": 0}}",True
0.9745454545454545,495,False,0.1,0.1,,7.259256999997888,7.259256999997888,0.0,texture,2,,SPINE+Graph,10,495,550,4950,0.9,1035474157,False,"{""admission"": {""criterion"": ""risk"", ""removed_risk"": 11, ""removed_support"": 0}, ""betti_final"": [[3, 0], [1, 0], [2, 0], [1, 0], [1, 0], [3, 0], [2, 0], [3, 0], [1, 0], [2, 0], [3, 0]], ""betti_frozen"": [[3, 0], [1, 0], [2, 0], [1, 0], [1, 0], [3, 0], [2, 0], [3, 0], [1, 0], [2, 0], [3, 0]], ""betti_nerve"": [[1, 0], [1, 0], [1, 0], [1, 0], [1, 0], [1, 0], [1, 0], [1, 0], [1, 0], [1, 0], [1, 0]], ""boundary_restriction"": ""both"", ""forced_removals"": 0, ""growth_representation_fallbacks"": 415, ""invariant_held"": true, ""n_segments"": 473, ""n_train_fit"": 3712, ""n_val"": 1238, ""phase0"": [{""constant_lens"": false, ""gain"": 0.25, ""lens"": ""pc1"", ""lens_scaling"": ""standardize"", ""min_cluster_size"": 18, ""min_samples"": 5, ""n_class"": 337, ""n_edges"": 4, ""n_intervals"": 5, ""n_vertices"": 5, ""noise_reassigned"": 299, ""placement"": ""quantile"", ""slabs"": [{""k"": 1, ""n"": 76}, {""k"": 1, ""n"": 84}, {""k"": 1, ""n"": 85}, {""k"": 1, ""n"": 84}, {""k"": 1, ""n"": 76}]}, {""constant_lens"": false, ""gain"": 0.25, ""lens"": ""pc1"", ""lens_scaling"": ""standardize"", ""min_cluster_size"": 18, ""min_samples"": 5, ""n_class"": 337, ""n_edges"": 4, ""n_intervals"": 5, ""n_vertices"": 5, ""noise_reassigned"": 304, ""placement"": ""quantile"", ""slabs"": [{""k"": 1, ""n"": 76}, {""k"": 1, ""n"": 84}, {""k"": 1, ""n"": 85}, {""k"": 1, ""n"": 84}, {""k"": 1, ""n"": 76}]}, {""constant_lens"": false, ""gain"": 0.25, ""lens"": ""pc1"", ""lens_scaling"": ""standardize"", ""min_cluster_size"": 18, ""min_samples"": 5, ""n_class"": 337, ""n_edges"": 4, ""n_intervals"": 5, ""n_vertices"": 5, ""noise_reassigned"": 315, ""placement"": ""quantile"", ""slabs"": [{""k"": 1, ""n"": 76}, {""k"": 1, ""n"": 84}, {""k"": 1, ""n"": 85}, {""k"": 1, ""n"": 84}, {""k"": 1, ""n"": 76}]}, {""constant_lens"": false, ""gain"": 0.25, ""lens"": ""pc1"", ""lens_scaling"": ""standardize"", ""min_cluster_size"": 18, ""min_samples"": 5, ""n_class"": 338, ""n_edges"": 4, ""n_intervals"": 5, ""n_vertices"": 5, ""noise_reassigned"": 248, ""placement"": ""quantile"", ""slabs"": [{""k"": 1, ""n"": 76}, {""k"": 1, ""n"": 85}, {""k"": 1, ""n"": 84}, {""k"": 1, ""n"": 85}, {""k"": 1, ""n"": 76}]}, {""constant_lens"": false, ""gain"": 0.25, ""lens"": ""pc1"", ""lens_scaling"": ""standardize"", ""min_cluster_size"": 18, ""min_samples"": 5, ""n_class"": 338, ""n_edges"": 4, ""n_intervals"": 5, ""n_vertices"": 5, ""noise_reassigned"": 307, ""placement"": ""quantile"", ""slabs"": [{""k"": 1, ""n"": 76}, {""k"": 1, ""n"": 85}, {""k"": 1, ""n"": 84}, {""k"": 1, ""n"": 85}, {""k"": 1, ""n"": 76}]}, {""constant_lens"": false, ""gain"": 0.25, ""lens"": ""pc1"", ""lens_scaling"": ""standardize"", ""min_cluster_size"": 18, ""min_samples"": 5, ""n_class"": 338, ""n_edges"": 4, ""n_intervals"": 5, ""n_vertices"": 5, ""noise_reassigned"": 303, ""placement"": ""quantile"", ""slabs"": [{""k"": 1, ""n"": 76}, {""k"": 1, ""n"": 85}, {""k"": 1, ""n"": 84}, {""k"": 1, ""n"": 85}, {""k"": 1, ""n"": 76}]}, {""constant_lens"": false, ""gain"": 0.25, ""lens"": ""pc1"", ""lens_scaling"": ""standardize"", ""min_cluster_size"": 18, ""min_samples"": 5, ""n_class"": 337, ""n_edges"": 4, ""n_intervals"": 5, ""n_vertices"": 5, ""noise_reassigned"": 312, ""placement"": ""quantile"", ""slabs"": [{""k"": 1, ""n"": 76}, {""k"": 1, ""n"": 84}, {""k"": 1, ""n"": 85}, {""k"": 1, ""n"": 84}, {""k"": 1, ""n"": 76}]}, {""constant_lens"": false, ""gain"": 0.25, ""lens"": ""pc1"", ""lens_scaling"": ""standardize"", ""min_cluster_size"": 18, ""min_samples"": 5, ""n_class"": 338, ""n_edges"": 4, ""n_intervals"": 5, ""n_vertices"": 5, ""noise_reassigned"": 306, ""placement"": ""quantile"", ""slabs"": [{""k"": 1, ""n"": 76}, {""k"": 1, ""n"": 85}, {""k"": 1, ""n"": 84}, {""k"": 1, ""n"": 85}, {""k"": 1, ""n"": 76}]}, {""constant_lens"": false, ""gain"": 0.25, ""lens"": ""pc1"", ""lens_scaling"": ""standardize"", ""min_cluster_size"": 18, ""min_samples"": 5, ""n_class"": 337, ""n_edges"": 4, ""n_intervals"": 5, ""n_vertices"": 5, ""noise_reassigned"": 260, ""placement"": ""quantile"", ""slabs"": [{""k"": 1, ""n"": 76}, {""k"": 1, ""n"": 84}, {""k"": 1, ""n"": 85}, {""k"": 1, ""n"": 84}, {""k"": 1, ""n"": 76}]}, {""constant_lens"": false, ""gain"": 0.25, ""lens"": ""pc1"", ""lens_scaling"": ""standardize"", ""min_cluster_size"": 18, ""min_samples"": 5, ""n_class"": 337, ""n_edges"": 4, ""n_intervals"": 5, ""n_vertices"": 5, ""noise_reassigned"": 307, ""placement"": ""quantile"", ""slabs"": [{""k"": 1, ""n"": 76}, {""k"": 1, ""n"": 84}, {""k"": 1, ""n"": 84}, {""k"": 1, ""n"": 84}, {""k"": 1, ""n"": 76}]}, {""constant_lens"": false, ""gain"": 0.25, ""lens"": ""pc1"", ""lens_scaling"": ""standardize"", ""min_cluster_size"": 18, ""min_samples"": 5, ""n_class"": 338, ""n_edges"": 4, ""n_intervals"": 5, ""n_vertices"": 5, ""noise_reassigned"": 288, ""placement"": ""quantile"", ""slabs"": [{""k"": 1, ""n"": 76}, {""k"": 1, ""n"": 85}, {""k"": 1, ""n"": 84}, {""k"": 1, ""n"": 85}, {""k"": 1, ""n"": 76}]}], ""soundness_bound_holds"": true, ""step_rule"": ""scale_free"", ""topology_retention_nerve_to_frozen"": {""beta0_frozen"": 22, ""beta0_nerve"": 11, ""beta1_frozen"": 0, ""beta1_nerve"": 0}}",True
0.98,495,False,0.1,0.1,,6.380217999976594,113.28194800001802,106.90173000004143,texture,2,"{""epsilon"": 0.1, ""window"": 0.3}",LVQ3,10,495,550,4950,0.9,1035474157,False,,True
0.98,495,False,0.1,0.1,"{""0"": 45, ""1"": 45, ""10"": 45, ""2"": 45, ""3"": 45, ""4"": 45, ""5"": 45, ""6"": 45, ""7"": 45, ""8"": 45, ""9"": 45}",2.35433900001226,2.35433900001226,0.0,texture,2,,KMeans,10,495,550,4950,0.9,1035474157,False,,True
0.9381818181818182,495,False,0.1,0.1,"{""0"": 45, ""1"": 45, ""10"": 45, ""2"": 45, ""3"": 45, ""4"": 45, ""5"": 45, ""6"": 45, ""7"": 45, ""8"": 45, ""9"": 45}",0.0019450000254437327,0.0019450000254437327,0.0,texture,2,,Random,10,495,550,4950,0.9,1035474157,False,,True
0.9654545454545455,495,False,0.1,0.1,,1.9194569999817759,1.9194569999817759,0.0,texture,2,,SPOT,10,495,550,4950,0.9,1035474157,False,,True
0.9163636363636364,495,False,0.1,0.1,,54.819170999981,54.819170999981,0.0,texture,2,,GLVQ,10,495,550,4950,0.9,1035474157,False,,True
0.9836363636363636,495,False,0.1,0.1,,5.085896999982651,5.085896999982651,0.0,texture,2,,GNG,10,495,550,4950,0.9,1035474157,False,,True
0.9927272727272727,1238,False,0.2501010101010101,0.25,,0.0013649999746121466,0.0013649999746121466,0.0,texture,2,,Full,10,4950,550,4950,0.0,1035474157,True,,False
0.98,1238,False,0.2501010101010101,0.25,,1.731753000000026,1.731753000000026,0.0,texture,2,,RSP3,10,857,550,4950,0.8268686868686869,1035474157,True,,False
0.9727272727272728,1238,False,0.2501010101010101,0.25,,0.8047080000396818,0.8047080000396818,0.0,texture,2,,RHC,10,265,550,4950,0.9464646464646465,1035474157,True,,False
0.9818181818181818,1238,False,0.2501010101010101,0.25,,15.233690999972168,15.233690999972168,0.0,texture,2,,SPINE+1NN,10,1238,550,4950,0.7498989898989898,1035474157,False,"{""admission"": {""criterion"": ""risk"", ""removed_risk"": 11, ""removed_support"": 0}, ""betti_final"": [[3, 0], [1, 0], [2, 0], [1, 0], [1, 0], [3, 0], [2, 0], [3, 0], [1, 0], [2, 0], [3, 0]], ""betti_frozen"": [[3, 0], [1, 0], [2, 0], [1, 0], [1, 0], [3, 0], [2, 0], [3, 0], [1, 0], [2, 0], [3, 0]], ""betti_nerve"": [[1, 0], [1, 0], [1, 0], [1, 0], [1, 0], [1, 0], [1, 0], [1, 0], [1, 0], [1, 0], [1, 0]], ""boundary_restriction"": ""both"", ""forced_removals"": 0, ""growth_representation_fallbacks"": 1330, ""invariant_held"": true, ""n_segments"": 1216, ""n_train_fit"": 3712, ""n_val"": 1238, ""phase0"": [{""constant_lens"": false, ""gain"": 0.25, ""lens"": ""pc1"", ""lens_scaling"": ""standardize"", ""min_cluster_size"": 18, ""min_samples"": 5, ""n_class"": 337, ""n_edges"": 4, ""n_intervals"": 5, ""n_vertices"": 5, ""noise_reassigned"": 299, ""placement"": ""quantile"", ""slabs"": [{""k"": 1, ""n"": 76}, {""k"": 1, ""n"": 84}, {""k"": 1, ""n"": 85}, {""k"": 1, ""n"": 84}, {""k"": 1, ""n"": 76}]}, {""constant_lens"": false, ""gain"": 0.25, ""lens"": ""pc1"", ""lens_scaling"": ""standardize"", ""min_cluster_size"": 18, ""min_samples"": 5, ""n_class"": 337, ""n_edges"": 4, ""n_intervals"": 5, ""n_vertices"": 5, ""noise_reassigned"": 304, ""placement"": ""quantile"", ""slabs"": [{""k"": 1, ""n"": 76}, {""k"": 1, ""n"": 84}, {""k"": 1, ""n"": 85}, {""k"": 1, ""n"": 84}, {""k"": 1, ""n"": 76}]}, {""constant_lens"": false, ""gain"": 0.25, ""lens"": ""pc1"", ""lens_scaling"": ""standardize"", ""min_cluster_size"": 18, ""min_samples"": 5, ""n_class"": 337, ""n_edges"": 4, ""n_intervals"": 5, ""n_vertices"": 5, ""noise_reassigned"": 315, ""placement"": ""quantile"", ""slabs"": [{""k"": 1, ""n"": 76}, {""k"": 1, ""n"": 84}, {""k"": 1, ""n"": 85}, {""k"": 1, ""n"": 84}, {""k"": 1, ""n"": 76}]}, {""constant_lens"": false, ""gain"": 0.25, ""lens"": ""pc1"", ""lens_scaling"": ""standardize"", ""min_cluster_size"": 18, ""min_samples"": 5, ""n_class"": 338, ""n_edges"": 4, ""n_intervals"": 5, ""n_vertices"": 5, ""noise_reassigned"": 248, ""placement"": ""quantile"", ""slabs"": [{""k"": 1, ""n"": 76}, {""k"": 1, ""n"": 85}, {""k"": 1, ""n"": 84}, {""k"": 1, ""n"": 85}, {""k"": 1, ""n"": 76}]}, {""constant_lens"": false, ""gain"": 0.25, ""lens"": ""pc1"", ""lens_scaling"": ""standardize"", ""min_cluster_size"": 18, ""min_samples"": 5, ""n_class"": 338, ""n_edges"": 4, ""n_intervals"": 5, ""n_vertices"": 5, ""noise_reassigned"": 307, ""placement"": ""quantile"", ""slabs"": [{""k"": 1, ""n"": 76}, {""k"": 1, ""n"": 85}, {""k"": 1, ""n"": 84}, {""k"": 1, ""n"": 85}, {""k"": 1, ""n"": 76}]}, {""constant_lens"": false, ""gain"": 0.25, ""lens"": ""pc1"", ""lens_scaling"": ""standardize"", ""min_cluster_size"": 18, ""min_samples"": 5, ""n_class"": 338, ""n_edges"": 4, ""n_intervals"": 5, ""n_vertices"": 5, ""noise_reassigned"": 303, ""placement"": ""quantile"", ""slabs"": [{""k"": 1, ""n"": 76}, {""k"": 1, ""n"": 85}, {""k"": 1, ""n"": 84}, {""k"": 1, ""n"": 85}, {""k"": 1, ""n"": 76}]}, {""constant_lens"": false, ""gain"": 0.25, ""lens"": ""pc1"", ""lens_scaling"": ""standardize"", ""min_cluster_size"": 18, ""min_samples"": 5, ""n_class"": 337, ""n_edges"": 4, ""n_intervals"": 5, ""n_vertices"": 5, ""noise_reassigned"": 312, ""placement"": ""quantile"", ""slabs"": [{""k"": 1, ""n"": 76}, {""k"": 1, ""n"": 84}, {""k"": 1, ""n"": 85}, {""k"": 1, ""n"": 84}, {""k"": 1, ""n"": 76}]}, {""constant_lens"": false, ""gain"": 0.25, ""lens"": ""pc1"", ""lens_scaling"": ""standardize"", ""min_cluster_size"": 18, ""min_samples"": 5, ""n_class"": 338, ""n_edges"": 4, ""n_intervals"": 5, ""n_vertices"": 5, ""noise_reassigned"": 306, ""placement"": ""quantile"", ""slabs"": [{""k"": 1, ""n"": 76}, {""k"": 1, ""n"": 85}, {""k"": 1, ""n"": 84}, {""k"": 1, ""n"": 85}, {""k"": 1, ""n"": 76}]}, {""constant_lens"": false, ""gain"": 0.25, ""lens"": ""pc1"", ""lens_scaling"": ""standardize"", ""min_cluster_size"": 18, ""min_samples"": 5, ""n_class"": 337, ""n_edges"": 4, ""n_intervals"": 5, ""n_vertices"": 5, ""noise_reassigned"": 260, ""placement"": ""quantile"", ""slabs"": [{""k"": 1, ""n"": 76}, {""k"": 1, ""n"": 84}, {""k"": 1, ""n"": 85}, {""k"": 1, ""n"": 84}, {""k"": 1, ""n"": 76}]}, {""constant_lens"": false, ""gain"": 0.25, ""lens"": ""pc1"", ""lens_scaling"": ""standardize"", ""min_cluster_size"": 18, ""min_samples"": 5, ""n_class"": 337, ""n_edges"": 4, ""n_intervals"": 5, ""n_vertices"": 5, ""noise_reassigned"": 307, ""placement"": ""quantile"", ""slabs"": [{""k"": 1, ""n"": 76}, {""k"": 1, ""n"": 84}, {""k"": 1, ""n"": 84}, {""k"": 1, ""n"": 84}, {""k"": 1, ""n"": 76}]}, {""constant_lens"": false, ""gain"": 0.25, ""lens"": ""pc1"", ""lens_scaling"": ""standardize"", ""min_cluster_size"": 18, ""min_samples"": 5, ""n_class"": 338, ""n_edges"": 4, ""n_intervals"": 5, ""n_vertices"": 5, ""noise_reassigned"": 288, ""placement"": ""quantile"", ""slabs"": [{""k"": 1, ""n"": 76}, {""k"": 1, ""n"": 85}, {""k"": 1, ""n"": 84}, {""k"": 1, ""n"": 85}, {""k"": 1, ""n"": 76}]}], ""soundness_bound_holds"": true, ""step_rule"": ""scale_free"", ""topology_retention_nerve_to_frozen"": {""beta0_frozen"": 22, ""beta0_nerve"": 11, ""beta1_frozen"": 0, ""beta1_nerve"": 0}}",True
0.9836363636363636,1238,False,0.2501010101010101,0.25,,15.233690999972168,15.233690999972168,0.0,texture,2,,SPINE+Graph,10,1238,550,4950,0.7498989898989898,1035474157,False,"{""admission"": {""criterion"": ""risk"", ""removed_risk"": 11, ""removed_support"": 0}, ""betti_final"": [[3, 0], [1, 0], [2, 0], [1, 0], [1, 0], [3, 0], [2, 0], [3, 0], [1, 0], [2, 0], [3, 0]], ""betti_frozen"": [[3, 0], [1, 0], [2, 0], [1, 0], [1, 0], [3, 0], [2, 0], [3, 0], [1, 0], [2, 0], [3, 0]], ""betti_nerve"": [[1, 0], [1, 0], [1, 0], [1, 0], [1, 0], [1, 0], [1, 0], [1, 0], [1, 0], [1, 0], [1, 0]], ""boundary_restriction"": ""both"", ""forced_removals"": 0, ""growth_representation_fallbacks"": 1330, ""invariant_held"": true, ""n_segments"": 1216, ""n_train_fit"": 3712, ""n_val"": 1238, ""phase0"": [{""constant_lens"": false, ""gain"": 0.25, ""lens"": ""pc1"", ""lens_scaling"": ""standardize"", ""min_cluster_size"": 18, ""min_samples"": 5, ""n_class"": 337, ""n_edges"": 4, ""n_intervals"": 5, ""n_vertices"": 5, ""noise_reassigned"": 299, ""placement"": ""quantile"", ""slabs"": [{""k"": 1, ""n"": 76}, {""k"": 1, ""n"": 84}, {""k"": 1, ""n"": 85}, {""k"": 1, ""n"": 84}, {""k"": 1, ""n"": 76}]}, {""constant_lens"": false, ""gain"": 0.25, ""lens"": ""pc1"", ""lens_scaling"": ""standardize"", ""min_cluster_size"": 18, ""min_samples"": 5, ""n_class"": 337, ""n_edges"": 4, ""n_intervals"": 5, ""n_vertices"": 5, ""noise_reassigned"": 304, ""placement"": ""quantile"", ""slabs"": [{""k"": 1, ""n"": 76}, {""k"": 1, ""n"": 84}, {""k"": 1, ""n"": 85}, {""k"": 1, ""n"": 84}, {""k"": 1, ""n"": 76}]}, {""constant_lens"": false, ""gain"": 0.25, ""lens"": ""pc1"", ""lens_scaling"": ""standardize"", ""min_cluster_size"": 18, ""min_samples"": 5, ""n_class"": 337, ""n_edges"": 4, ""n_intervals"": 5, ""n_vertices"": 5, ""noise_reassigned"": 315, ""placement"": ""quantile"", ""slabs"": [{""k"": 1, ""n"": 76}, {""k"": 1, ""n"": 84}, {""k"": 1, ""n"": 85}, {""k"": 1, ""n"": 84}, {""k"": 1, ""n"": 76}]}, {""constant_lens"": false, ""gain"": 0.25, ""lens"": ""pc1"", ""lens_scaling"": ""standardize"", ""min_cluster_size"": 18, ""min_samples"": 5, ""n_class"": 338, ""n_edges"": 4, ""n_intervals"": 5, ""n_vertices"": 5, ""noise_reassigned"": 248, ""placement"": ""quantile"", ""slabs"": [{""k"": 1, ""n"": 76}, {""k"": 1, ""n"": 85}, {""k"": 1, ""n"": 84}, {""k"": 1, ""n"": 85}, {""k"": 1, ""n"": 76}]}, {""constant_lens"": false, ""gain"": 0.25, ""lens"": ""pc1"", ""lens_scaling"": ""standardize"", ""min_cluster_size"": 18, ""min_samples"": 5, ""n_class"": 338, ""n_edges"": 4, ""n_intervals"": 5, ""n_vertices"": 5, ""noise_reassigned"": 307, ""placement"": ""quantile"", ""slabs"": [{""k"": 1, ""n"": 76}, {""k"": 1, ""n"": 85}, {""k"": 1, ""n"": 84}, {""k"": 1, ""n"": 85}, {""k"": 1, ""n"": 76}]}, {""constant_lens"": false, ""gain"": 0.25, ""lens"": ""pc1"", ""lens_scaling"": ""standardize"", ""min_cluster_size"": 18, ""min_samples"": 5, ""n_class"": 338, ""n_edges"": 4, ""n_intervals"": 5, ""n_vertices"": 5, ""noise_reassigned"": 303, ""placement"": ""quantile"", ""slabs"": [{""k"": 1, ""n"": 76}, {""k"": 1, ""n"": 85}, {""k"": 1, ""n"": 84}, {""k"": 1, ""n"": 85}, {""k"": 1, ""n"": 76}]}, {""constant_lens"": false, ""gain"": 0.25, ""lens"": ""pc1"", ""lens_scaling"": ""standardize"", ""min_cluster_size"": 18, ""min_samples"": 5, ""n_class"": 337, ""n_edges"": 4, ""n_intervals"": 5, ""n_vertices"": 5, ""noise_reassigned"": 312, ""placement"": ""quantile"", ""slabs"": [{""k"": 1, ""n"": 76}, {""k"": 1, ""n"": 84}, {""k"": 1, ""n"": 85}, {""k"": 1, ""n"": 84}, {""k"": 1, ""n"": 76}]}, {""constant_lens"": false, ""gain"": 0.25, ""lens"": ""pc1"", ""lens_scaling"": ""standardize"", ""min_cluster_size"": 18, ""min_samples"": 5, ""n_class"": 338, ""n_edges"": 4, ""n_intervals"": 5, ""n_vertices"": 5, ""noise_reassigned"": 306, ""placement"": ""quantile"", ""slabs"": [{""k"": 1, ""n"": 76}, {""k"": 1, ""n"": 85}, {""k"": 1, ""n"": 84}, {""k"": 1, ""n"": 85}, {""k"": 1, ""n"": 76}]}, {""constant_lens"": false, ""gain"": 0.25, ""lens"": ""pc1"", ""lens_scaling"": ""standardize"", ""min_cluster_size"": 18, ""min_samples"": 5, ""n_class"": 337, ""n_edges"": 4, ""n_intervals"": 5, ""n_vertices"": 5, ""noise_reassigned"": 260, ""placement"": ""quantile"", ""slabs"": [{""k"": 1, ""n"": 76}, {""k"": 1, ""n"": 84}, {""k"": 1, ""n"": 85}, {""k"": 1, ""n"": 84}, {""k"": 1, ""n"": 76}]}, {""constant_lens"": false, ""gain"": 0.25, ""lens"": ""pc1"", ""lens_scaling"": ""standardize"", ""min_cluster_size"": 18, ""min_samples"": 5, ""n_class"": 337, ""n_edges"": 4, ""n_intervals"": 5, ""n_vertices"": 5, ""noise_reassigned"": 307, ""placement"": ""quantile"", ""slabs"": [{""k"": 1, ""n"": 76}, {""k"": 1, ""n"": 84}, {""k"": 1, ""n"": 84}, {""k"": 1, ""n"": 84}, {""k"": 1, ""n"": 76}]}, {""constant_lens"": false, ""gain"": 0.25, ""lens"": ""pc1"", ""lens_scaling"": ""standardize"", ""min_cluster_size"": 18, ""min_samples"": 5, ""n_class"": 338, ""n_edges"": 4, ""n_intervals"": 5, ""n_vertices"": 5, ""noise_reassigned"": 288, ""placement"": ""quantile"", ""slabs"": [{""k"": 1, ""n"": 76}, {""k"": 1, ""n"": 85}, {""k"": 1, ""n"": 84}, {""k"": 1, ""n"": 85}, {""k"": 1, ""n"": 76}]}], ""soundness_bound_holds"": true, ""step_rule"": ""scale_free"", ""topology_retention_nerve_to_frozen"": {""beta0_frozen"": 22, ""beta0_nerve"": 11, ""beta1_frozen"": 0, ""beta1_nerve"": 0}}",True
0.9818181818181818,1238,False,0.2501010101010101,0.25,,15.05210899998201,259.47064499999397,244.41853600001195,texture,2,"{""epsilon"": 0.1, ""window"": 0.3}",LVQ3,10,1238,550,4950,0.7498989898989898,1035474157,False,,True
0.9890909090909091,1238,False,0.2501010101010101,0.25,"{""0"": 113, ""1"": 113, ""10"": 112, ""2"": 113, ""3"": 113, ""4"": 113, ""5"": 113, ""6"": 112, ""7"": 112, ""8"": 112, ""9"": 112}",4.832075999991503,4.832075999991503,0.0,texture,2,,KMeans,10,1238,550,4950,0.7498989898989898,1035474157,False,,True
0.9672727272727273,1238,False,0.2501010101010101,0.25,"{""0"": 113, ""1"": 113, ""10"": 112, ""2"": 113, ""3"": 113, ""4"": 113, ""5"": 113, ""6"": 112, ""7"": 112, ""8"": 112, ""9"": 112}",0.002462000004015863,0.002462000004015863,0.0,texture,2,,Random,10,1238,550,4950,0.7498989898989898,1035474157,False,,True
0.9781818181818182,1238,False,0.2501010101010101,0.25,,1.976407999987714,1.976407999987714,0.0,texture,2,,SPOT,10,1238,550,4950,0.7498989898989898,1035474157,False,,True
0.9127272727272727,1238,False,0.2501010101010101,0.25,,132.25751700002002,132.25751700002002,0.0,texture,2,,GLVQ,10,1238,550,4950,0.7498989898989898,1035474157,False,,True
0.990909090909091,1238,False,0.2501010101010101,0.25,,17.90612900000997,17.90612900000997,0.0,texture,2,,GNG,10,1238,550,4950,0.7498989898989898,1035474157,False,,True
0.9890909090909091,25,False,0.005050505050505051,0.005,,0.0012040000292472541,0.0012040000292472541,0.0,texture,3,,Full,10,4950,550,4950,0.0,1036474160,False,,False
0.9745454545454545,25,False,0.005050505050505051,0.005,,1.5759349999716505,1.5759349999716505,0.0,texture,3,,RSP3,10,853,550,4950,0.8276767676767677,1036474160,False,,False
0.9745454545454545,25,False,0.005050505050505051,0.005,,0.8354119999567047,0.8354119999567047,0.0,texture,3,,RHC,10,277,550,4950,0.944040404040404,1036474160,False,,False
0.8127272727272727,25,False,0.005050505050505051,0.005,,3.327265999978408,3.327265999978408,0.0,texture,3,,SPINE+1NN,10,25,550,4950,0.9949494949494949,1036474160,False,"{""admission"": {""criterion"": ""risk"", ""removed_risk"": 2, ""removed_support"": 0}, ""betti_final"": [[3, 0], [1, 0], [1, 0], [1, 0], [1, 0], [1, 0], [1, 0], [1, 0], [1, 0], [1, 0], [1, 0]], ""betti_frozen"": [[3, 0], [1, 0], [1, 0], [1, 0], [1, 0], [1, 0], [1, 0], [1, 0], [1, 0], [1, 0], [1, 0]], ""betti_nerve"": [[1, 0], [1, 0], [1, 0], [1, 0], [1, 0], [1, 0], [1, 0], [1, 0], [1, 0], [1, 0], [1, 0]], ""boundary_restriction"": ""both"", ""forced_removals"": 0, ""growth_representation_fallbacks"": 0, ""invariant_held"": true, ""n_segments"": 12, ""n_train_fit"": 3712, ""n_val"": 1238, ""phase0"": [{""constant_lens"": false, ""gain"": 0.25, ""lens"": ""pc1"", ""lens_scaling"": ""standardize"", ""min_cluster_size"": 18, ""min_samples"": 5, ""n_class"": 337, ""n_edges"": 4, ""n_intervals"": 5, ""n_vertices"": 5, ""noise_reassigned"": 314, ""placement"": ""quantile"", ""slabs"": [{""k"": 1, ""n"": 76}, {""k"": 1, ""n"": 84}, {""k"": 1, ""n"": 85}, {""k"": 1, ""n"": 84}, {""k"": 1, ""n"": 76}]}, {""constant_lens"": false, ""gain"": 0.25, ""lens"": ""pc1"", ""lens_scaling"": ""standardize"", ""min_cluster_size"": 18, ""min_samples"": 5, ""n_class"": 337, ""n_edges"": 4, ""n_intervals"": 5, ""n_vertices"": 5, ""noise_reassigned"": 315, ""placement"": ""quantile"", ""slabs"": [{""k"": 1, ""n"": 76}, {""k"": 1, ""n"": 84}, {""k"": 1, ""n"": 85}, {""k"": 1, ""n"": 84}, {""k"": 1, ""n"": 76}]}, {""constant_lens"": false, ""gain"": 0.25, ""lens"": ""pc1"", ""lens_scaling"": ""standardize"", ""min_cluster_size"": 18, ""min_samples"": 5, ""n_class"": 338, ""n_edges"": 4, ""n_intervals"": 5, ""n_vertices"": 5, ""noise_reassigned"": 314, ""placement"": ""quantile"", ""slabs"": [{""k"": 1, ""n"": 76}, {""k"": 1, ""n"": 85}, {""k"": 1, ""n"": 84}, {""k"": 1, ""n"": 85}, {""k"": 1, ""n"": 76}]}, {""constant_lens"": false, ""gain"": 0.25, ""lens"": ""pc1"", ""lens_scaling"": ""standardize"", ""min_cluster_size"": 18, ""min_samples"": 5, ""n_class"": 338, ""n_edges"": 4, ""n_intervals"": 5, ""n_vertices"": 5, ""noise_reassigned"": 309, ""placement"": ""quantile"", ""slabs"": [{""k"": 1, ""n"": 76}, {""k"": 1, ""n"": 85}, {""k"": 1, ""n"": 84}, {""k"": 1, ""n"": 85}, {""k"": 1, ""n"": 76}]}, {""constant_lens"": false, ""gain"": 0.25, ""lens"": ""pc1"", ""lens_scaling"": ""standardize"", ""min_cluster_size"": 18, ""min_samples"": 5, ""n_class"": 337, ""n_edges"": 4, ""n_intervals"": 5, ""n_vertices"": 5, ""noise_reassigned"": 306, ""placement"": ""quantile"", ""slabs"": [{""k"": 1, ""n"": 76}, {""k"": 1, ""n"": 84}, {""k"": 1, ""n"": 85}, {""k"": 1, ""n"": 84}, {""k"": 1, ""n"": 76}]}, {""constant_lens"": false, ""gain"": 0.25, ""lens"": ""pc1"", ""lens_scaling"": ""standardize"", ""min_cluster_size"": 18, ""min_samples"": 5, ""n_class"": 338, ""n_edges"": 4, ""n_intervals"": 5, ""n_vertices"": 5, ""noise_reassigned"": 276, ""placement"": ""quantile"", ""slabs"": [{""k"": 1, ""n"": 76}, {""k"": 1, ""n"": 85}, {""k"": 1, ""n"": 84}, {""k"": 1, ""n"": 85}, {""k"": 1, ""n"": 76}]}, {""constant_lens"": false, ""gain"": 0.25, ""lens"": ""pc1"", ""lens_scaling"": ""standardize"", ""min_cluster_size"": 18, ""min_samples"": 5, ""n_class"": 338, ""n_edges"": 4, ""n_intervals"": 5, ""n_vertices"": 5, ""noise_reassigned"": 305, ""placement"": ""quantile"", ""slabs"": [{""k"": 1, ""n"": 76}, {""k"": 1, ""n"": 85}, {""k"": 1, ""n"": 84}, {""k"": 1, ""n"": 85}, {""k"": 1, ""n"": 76}]}, {""constant_lens"": false, ""gain"": 0.25, ""lens"": ""pc1"", ""lens_scaling"": ""standardize"", ""min_cluster_size"": 18, ""min_samples"": 5, ""n_class"": 337, ""n_edges"": 4, ""n_intervals"": 5, ""n_vertices"": 5, ""noise_reassigned"": 301, ""placement"": ""quantile"", ""slabs"": [{""k"": 1, ""n"": 76}, {""k"": 1, ""n"": 84}, {""k"": 1, ""n"": 85}, {""k"": 1, ""n"": 84}, {""k"": 1, ""n"": 76}]}, {""constant_lens"": false, ""gain"": 0.25, ""lens"": ""pc1"", ""lens_scaling"": ""standardize"", ""min_cluster_size"": 18, ""min_samples"": 5, ""n_class"": 337, ""n_edges"": 4, ""n_intervals"": 5, ""n_vertices"": 5, ""noise_reassigned"": 309, ""placement"": ""quantile"", ""slabs"": [{""k"": 1, ""n"": 76}, {""k"": 1, ""n"": 84}, {""k"": 1, ""n"": 85}, {""k"": 1, ""n"": 84}, {""k"": 1, ""n"": 76}]}, {""constant_lens"": false, ""gain"": 0.25, ""lens"": ""pc1"", ""lens_scaling"": ""standardize"", ""min_cluster_size"": 18, ""min_samples"": 5, ""n_class"": 338, ""n_edges"": 4, ""n_intervals"": 5, ""n_vertices"": 5, ""noise_reassigned"": 313, ""placement"": ""quantile"", ""slabs"": [{""k"": 1, ""n"": 76}, {""k"": 1, ""n"": 85}, {""k"": 1, ""n"": 84}, {""k"": 1, ""n"": 85}, {""k"": 1, ""n"": 76}]}, {""constant_lens"": false, ""gain"": 0.25, ""lens"": ""pc1"", ""lens_scaling"": ""standardize"", ""min_cluster_size"": 18, ""min_samples"": 5, ""n_class"": 337, ""n_edges"": 4, ""n_intervals"": 5, ""n_vertices"": 5, ""noise_reassigned"": 298, ""placement"": ""quantile"", ""slabs"": [{""k"": 1, ""n"": 76}, {""k"": 1, ""n"": 84}, {""k"": 1, ""n"": 85}, {""k"": 1, ""n"": 84}, {""k"": 1, ""n"": 76}]}], ""soundness_bound_holds"": true, ""step_rule"": ""scale_free"", ""topology_retention_nerve_to_frozen"": {""beta0_frozen"": 13, ""beta0_nerve"": 11, ""beta1_frozen"": 0, ""beta1_nerve"": 0}}",True
0.9272727272727272,25,False,0.005050505050505051,0.005,,3.327265999978408,3.327265999978408,0.0,texture,3,,SPINE+Graph,10,25,550,4950,0.9949494949494949,1036474160,False,"{""admission"": {""criterion"": ""risk"", ""removed_risk"": 2, ""removed_support"": 0}, ""betti_final"": [[3, 0], [1, 0], [1, 0], [1, 0], [1, 0], [1, 0], [1, 0], [1, 0], [1, 0], [1, 0], [1, 0]], ""betti_frozen"": [[3, 0], [1, 0], [1, 0], [1, 0], [1, 0], [1, 0], [1, 0], [1, 0], [1, 0], [1, 0], [1, 0]], ""betti_nerve"": [[1, 0], [1, 0], [1, 0], [1, 0], [1, 0], [1, 0], [1, 0], [1, 0], [1, 0], [1, 0], [1, 0]], ""boundary_restriction"": ""both"", ""forced_removals"": 0, ""growth_representation_fallbacks"": 0, ""invariant_held"": true, ""n_segments"": 12, ""n_train_fit"": 3712, ""n_val"": 1238, ""phase0"": [{""constant_lens"": false, ""gain"": 0.25, ""lens"": ""pc1"", ""lens_scaling"": ""standardize"", ""min_cluster_size"": 18, ""min_samples"": 5, ""n_class"": 337, ""n_edges"": 4, ""n_intervals"": 5, ""n_vertices"": 5, ""noise_reassigned"": 314, ""placement"": ""quantile"", ""slabs"": [{""k"": 1, ""n"": 76}, {""k"": 1, ""n"": 84}, {""k"": 1, ""n"": 85}, {""k"": 1, ""n"": 84}, {""k"": 1, ""n"": 76}]}, {""constant_lens"": false, ""gain"": 0.25, ""lens"": ""pc1"", ""lens_scaling"": ""standardize"", ""min_cluster_size"": 18, ""min_samples"": 5, ""n_class"": 337, ""n_edges"": 4, ""n_intervals"": 5, ""n_vertices"": 5, ""noise_reassigned"": 315, ""placement"": ""quantile"", ""slabs"": [{""k"": 1, ""n"": 76}, {""k"": 1, ""n"": 84}, {""k"": 1, ""n"": 85}, {""k"": 1, ""n"": 84}, {""k"": 1, ""n"": 76}]}, {""constant_lens"": false, ""gain"": 0.25, ""lens"": ""pc1"", ""lens_scaling"": ""standardize"", ""min_cluster_size"": 18, ""min_samples"": 5, ""n_class"": 338, ""n_edges"": 4, ""n_intervals"": 5, ""n_vertices"": 5, ""noise_reassigned"": 314, ""placement"": ""quantile"", ""slabs"": [{""k"": 1, ""n"": 76}, {""k"": 1, ""n"": 85}, {""k"": 1, ""n"": 84}, {""k"": 1, ""n"": 85}, {""k"": 1, ""n"": 76}]}, {""constant_lens"": false, ""gain"": 0.25, ""lens"": ""pc1"", ""lens_scaling"": ""standardize"", ""min_cluster_size"": 18, ""min_samples"": 5, ""n_class"": 338, ""n_edges"": 4, ""n_intervals"": 5, ""n_vertices"": 5, ""noise_reassigned"": 309, ""placement"": ""quantile"", ""slabs"": [{""k"": 1, ""n"": 76}, {""k"": 1, ""n"": 85}, {""k"": 1, ""n"": 84}, {""k"": 1, ""n"": 85}, {""k"": 1, ""n"": 76}]}, {""constant_lens"": false, ""gain"": 0.25, ""lens"": ""pc1"", ""lens_scaling"": ""standardize"", ""min_cluster_size"": 18, ""min_samples"": 5, ""n_class"": 337, ""n_edges"": 4, ""n_intervals"": 5, ""n_vertices"": 5, ""noise_reassigned"": 306, ""placement"": ""quantile"", ""slabs"": [{""k"": 1, ""n"": 76}, {""k"": 1, ""n"": 84}, {""k"": 1, ""n"": 85}, {""k"": 1, ""n"": 84}, {""k"": 1, ""n"": 76}]}, {""constant_lens"": false, ""gain"": 0.25, ""lens"": ""pc1"", ""lens_scaling"": ""standardize"", ""min_cluster_size"": 18, ""min_samples"": 5, ""n_class"": 338, ""n_edges"": 4, ""n_intervals"": 5, ""n_vertices"": 5, ""noise_reassigned"": 276, ""placement"": ""quantile"", ""slabs"": [{""k"": 1, ""n"": 76}, {""k"": 1, ""n"": 85}, {""k"": 1, ""n"": 84}, {""k"": 1, ""n"": 85}, {""k"": 1, ""n"": 76}]}, {""constant_lens"": false, ""gain"": 0.25, ""lens"": ""pc1"", ""lens_scaling"": ""standardize"", ""min_cluster_size"": 18, ""min_samples"": 5, ""n_class"": 338, ""n_edges"": 4, ""n_intervals"": 5, ""n_vertices"": 5, ""noise_reassigned"": 305, ""placement"": ""quantile"", ""slabs"": [{""k"": 1, ""n"": 76}, {""k"": 1, ""n"": 85}, {""k"": 1, ""n"": 84}, {""k"": 1, ""n"": 85}, {""k"": 1, ""n"": 76}]}, {""constant_lens"": false, ""gain"": 0.25, ""lens"": ""pc1"", ""lens_scaling"": ""standardize"", ""min_cluster_size"": 18, ""min_samples"": 5, ""n_class"": 337, ""n_edges"": 4, ""n_intervals"": 5, ""n_vertices"": 5, ""noise_reassigned"": 301, ""placement"": ""quantile"", ""slabs"": [{""k"": 1, ""n"": 76}, {""k"": 1, ""n"": 84}, {""k"": 1, ""n"": 85}, {""k"": 1, ""n"": 84}, {""k"": 1, ""n"": 76}]}, {""constant_lens"": false, ""gain"": 0.25, ""lens"": ""pc1"", ""lens_scaling"": ""standardize"", ""min_cluster_size"": 18, ""min_samples"": 5, ""n_class"": 337, ""n_edges"": 4, ""n_intervals"": 5, ""n_vertices"": 5, ""noise_reassigned"": 309, ""placement"": ""quantile"", ""slabs"": [{""k"": 1, ""n"": 76}, {""k"": 1, ""n"": 84}, {""k"": 1, ""n"": 85}, {""k"": 1, ""n"": 84}, {""k"": 1, ""n"": 76}]}, {""constant_lens"": false, ""gain"": 0.25, ""lens"": ""pc1"", ""lens_scaling"": ""standardize"", ""min_cluster_size"": 18, ""min_samples"": 5, ""n_class"": 338, ""n_edges"": 4, ""n_intervals"": 5, ""n_vertices"": 5, ""noise_reassigned"": 313, ""placement"": ""quantile"", ""slabs"": [{""k"": 1, ""n"": 76}, {""k"": 1, ""n"": 85}, {""k"": 1, ""n"": 84}, {""k"": 1, ""n"": 85}, {""k"": 1, ""n"": 76}]}, {""constant_lens"": false, ""gain"": 0.25, ""lens"": ""pc1"", ""lens_scaling"": ""standardize"", ""min_cluster_size"": 18, ""min_samples"": 5, ""n_class"": 337, ""n_edges"": 4, ""n_intervals"": 5, ""n_vertices"": 5, ""noise_reassigned"": 298, ""placement"": ""quantile"", ""slabs"": [{""k"": 1, ""n"": 76}, {""k"": 1, ""n"": 84}, {""k"": 1, ""n"": 85}, {""k"": 1, ""n"": 84}, {""k"": 1, ""n"": 76}]}], ""soundness_bound_holds"": true, ""step_rule"": ""scale_free"", ""topology_retention_nerve_to_frozen"": {""beta0_frozen"": 13, ""beta0_nerve"": 11, ""beta1_frozen"": 0, ""beta1_nerve"": 0}}",True
0.8818181818181818,25,False,0.005050505050505051,0.005,,2.3290629999828525,42.740906000020914,40.41184300003806,texture,3,"{""epsilon"": 0.1, ""window"": 0.2}",LVQ3,10,25,550,4950,0.9949494949494949,1036474160,False,,True
0.8345454545454546,25,False,0.005050505050505051,0.005,"{""0"": 3, ""1"": 3, ""10"": 2, ""2"": 3, ""3"": 2, ""4"": 2, ""5"": 2, ""6"": 2, ""7"": 2, ""8"": 2, ""9"": 2}",0.5260790000320412,0.5260790000320412,0.0,texture,3,,KMeans,10,25,550,4950,0.9949494949494949,1036474160,False,,True
0.7363636363636363,25,False,0.005050505050505051,0.005,"{""0"": 3, ""1"": 3, ""10"": 2, ""2"": 3, ""3"": 2, ""4"": 2, ""5"": 2, ""6"": 2, ""7"": 2, ""8"": 2, ""9"": 2}",0.0033389999880455434,0.0033389999880455434,0.0,texture,3,,Random,10,25,550,4950,0.9949494949494949,1036474160,False,,True
0.7545454545454545,25,False,0.005050505050505051,0.005,,1.6360770000028424,1.6360770000028424,0.0,texture,3,,SPOT,10,25,550,4950,0.9949494949494949,1036474160,False,,True
0.889090909090909,25,False,0.005050505050505051,0.005,,5.57765200000722,5.57765200000722,0.0,texture,3,,GLVQ,10,25,550,4950,0.9949494949494949,1036474160,False,,True
0.8327272727272728,25,False,0.005050505050505051,0.005,,0.6153389999526553,0.6153389999526553,0.0,texture,3,,GNG,10,25,550,4950,0.9949494949494949,1036474160,False,,True
0.9890909090909091,50,False,0.010101010101010102,0.01,,0.0012040000292472541,0.0012040000292472541,0.0,texture,3,,Full,10,4950,550,4950,0.0,1036474160,True,,False
0.9745454545454545,50,False,0.010101010101010102,0.01,,1.5759349999716505,1.5759349999716505,0.0,texture,3,,RSP3,10,853,550,4950,0.8276767676767677,1036474160,True,,False
0.9745454545454545,50,False,0.010101010101010102,0.01,,0.8354119999567047,0.8354119999567047,0.0,texture,3,,RHC,10,277,550,4950,0.944040404040404,1036474160,True,,False
0.9181818181818182,50,False,0.010101010101010102,0.01,,4.304846999992151,4.304846999992151,0.0,texture,3,,SPINE+1NN,10,50,550,4950,0.98989898989899,1036474160,False,"{""admission"": {""criterion"": ""risk"", ""removed_risk"": 2, ""removed_support"": 0}, ""betti_final"": [[3, 0], [1, 0], [1, 0], [1, 0], [1, 0], [1, 0], [1, 0], [1, 0], [1, 0], [1, 0], [1, 0]], ""betti_frozen"": [[3, 0], [1, 0], [1, 0], [1, 0], [1, 0], [1, 0], [1, 0], [1, 0], [1, 0], [1, 0], [1, 0]], ""betti_nerve"": [[1, 0], [1, 0], [1, 0], [1, 0], [1, 0], [1, 0], [1, 0], [1, 0], [1, 0], [1, 0], [1, 0]], ""boundary_restriction"": ""both"", ""forced_removals"": 0, ""growth_representation_fallbacks"": 2, ""invariant_held"": true, ""n_segments"": 37, ""n_train_fit"": 3712, ""n_val"": 1238, ""phase0"": [{""constant_lens"": false, ""gain"": 0.25, ""lens"": ""pc1"", ""lens_scaling"": ""standardize"", ""min_cluster_size"": 18, ""min_samples"": 5, ""n_class"": 337, ""n_edges"": 4, ""n_intervals"": 5, ""n_vertices"": 5, ""noise_reassigned"": 314, ""placement"": ""quantile"", ""slabs"": [{""k"": 1, ""n"": 76}, {""k"": 1, ""n"": 84}, {""k"": 1, ""n"": 85}, {""k"": 1, ""n"": 84}, {""k"": 1, ""n"": 76}]}, {""constant_lens"": false, ""gain"": 0.25, ""lens"": ""pc1"", ""lens_scaling"": ""standardize"", ""min_cluster_size"": 18, ""min_samples"": 5, ""n_class"": 337, ""n_edges"": 4, ""n_intervals"": 5, ""n_vertices"": 5, ""noise_reassigned"": 315, ""placement"": ""quantile"", ""slabs"": [{""k"": 1, ""n"": 76}, {""k"": 1, ""n"": 84}, {""k"": 1, ""n"": 85}, {""k"": 1, ""n"": 84}, {""k"": 1, ""n"": 76}]}, {""constant_lens"": false, ""gain"": 0.25, ""lens"": ""pc1"", ""lens_scaling"": ""standardize"", ""min_cluster_size"": 18, ""min_samples"": 5, ""n_class"": 338, ""n_edges"": 4, ""n_intervals"": 5, ""n_vertices"": 5, ""noise_reassigned"": 314, ""placement"": ""quantile"", ""slabs"": [{""k"": 1, ""n"": 76}, {""k"": 1, ""n"": 85}, {""k"": 1, ""n"": 84}, {""k"": 1, ""n"": 85}, {""k"": 1, ""n"": 76}]}, {""constant_lens"": false, ""gain"": 0.25, ""lens"": ""pc1"", ""lens_scaling"": ""standardize"", ""min_cluster_size"": 18, ""min_samples"": 5, ""n_class"": 338, ""n_edges"": 4, ""n_intervals"": 5, ""n_vertices"": 5, ""noise_reassigned"": 309, ""placement"": ""quantile"", ""slabs"": [{""k"": 1, ""n"": 76}, {""k"": 1, ""n"": 85}, {""k"": 1, ""n"": 84}, {""k"": 1, ""n"": 85}, {""k"": 1, ""n"": 76}]}, {""constant_lens"": false, ""gain"": 0.25, ""lens"": ""pc1"", ""lens_scaling"": ""standardize"", ""min_cluster_size"": 18, ""min_samples"": 5, ""n_class"": 337, ""n_edges"": 4, ""n_intervals"": 5, ""n_vertices"": 5, ""noise_reassigned"": 306, ""placement"": ""quantile"", ""slabs"": [{""k"": 1, ""n"": 76}, {""k"": 1, ""n"": 84}, {""k"": 1, ""n"": 85}, {""k"": 1, ""n"": 84}, {""k"": 1, ""n"": 76}]}, {""constant_lens"": false, ""gain"": 0.25, ""lens"": ""pc1"", ""lens_scaling"": ""standardize"", ""min_cluster_size"": 18, ""min_samples"": 5, ""n_class"": 338, ""n_edges"": 4, ""n_intervals"": 5, ""n_vertices"": 5, ""noise_reassigned"": 276, ""placement"": ""quantile"", ""slabs"": [{""k"": 1, ""n"": 76}, {""k"": 1, ""n"": 85}, {""k"": 1, ""n"": 84}, {""k"": 1, ""n"": 85}, {""k"": 1, ""n"": 76}]}, {""constant_lens"": false, ""gain"": 0.25, ""lens"": ""pc1"", ""lens_scaling"": ""standardize"", ""min_cluster_size"": 18, ""min_samples"": 5, ""n_class"": 338, ""n_edges"": 4, ""n_intervals"": 5, ""n_vertices"": 5, ""noise_reassigned"": 305, ""placement"": ""quantile"", ""slabs"": [{""k"": 1, ""n"": 76}, {""k"": 1, ""n"": 85}, {""k"": 1, ""n"": 84}, {""k"": 1, ""n"": 85}, {""k"": 1, ""n"": 76}]}, {""constant_lens"": false, ""gain"": 0.25, ""lens"": ""pc1"", ""lens_scaling"": ""standardize"", ""min_cluster_size"": 18, ""min_samples"": 5, ""n_class"": 337, ""n_edges"": 4, ""n_intervals"": 5, ""n_vertices"": 5, ""noise_reassigned"": 301, ""placement"": ""quantile"", ""slabs"": [{""k"": 1, ""n"": 76}, {""k"": 1, ""n"": 84}, {""k"": 1, ""n"": 85}, {""k"": 1, ""n"": 84}, {""k"": 1, ""n"": 76}]}, {""constant_lens"": false, ""gain"": 0.25, ""lens"": ""pc1"", ""lens_scaling"": ""standardize"", ""min_cluster_size"": 18, ""min_samples"": 5, ""n_class"": 337, ""n_edges"": 4, ""n_intervals"": 5, ""n_vertices"": 5, ""noise_reassigned"": 309, ""placement"": ""quantile"", ""slabs"": [{""k"": 1, ""n"": 76}, {""k"": 1, ""n"": 84}, {""k"": 1, ""n"": 85}, {""k"": 1, ""n"": 84}, {""k"": 1, ""n"": 76}]}, {""constant_lens"": false, ""gain"": 0.25, ""lens"": ""pc1"", ""lens_scaling"": ""standardize"", ""min_cluster_size"": 18, ""min_samples"": 5, ""n_class"": 338, ""n_edges"": 4, ""n_intervals"": 5, ""n_vertices"": 5, ""noise_reassigned"": 313, ""placement"": ""quantile"", ""slabs"": [{""k"": 1, ""n"": 76}, {""k"": 1, ""n"": 85}, {""k"": 1, ""n"": 84}, {""k"": 1, ""n"": 85}, {""k"": 1, ""n"": 76}]}, {""constant_lens"": false, ""gain"": 0.25, ""lens"": ""pc1"", ""lens_scaling"": ""standardize"", ""min_cluster_size"": 18, ""min_samples"": 5, ""n_class"": 337, ""n_edges"": 4, ""n_intervals"": 5, ""n_vertices"": 5, ""noise_reassigned"": 298, ""placement"": ""quantile"", ""slabs"": [{""k"": 1, ""n"": 76}, {""k"": 1, ""n"": 84}, {""k"": 1, ""n"": 85}, {""k"": 1, ""n"": 84}, {""k"": 1, ""n"": 76}]}], ""soundness_bound_holds"": true, ""step_rule"": ""scale_free"", ""topology_retention_nerve_to_frozen"": {""beta0_frozen"": 13, ""beta0_nerve"": 11, ""beta1_frozen"": 0, ""beta1_nerve"": 0}}",True
0.9454545454545454,50,False,0.010101010101010102,0.01,,4.304846999992151,4.304846999992151,0.0,texture,3,,SPINE+Graph,10,50,550,4950,0.98989898989899,1036474160,False,"{""admission"": {""criterion"": ""risk"", ""removed_risk"": 2, ""removed_support"": 0}, ""betti_final"": [[3, 0], [1, 0], [1, 0], [1, 0], [1, 0], [1, 0], [1, 0], [1, 0], [1, 0], [1, 0], [1, 0]], ""betti_frozen"": [[3, 0], [1, 0], [1, 0], [1, 0], [1, 0], [1, 0], [1, 0], [1, 0], [1, 0], [1, 0], [1, 0]], ""betti_nerve"": [[1, 0], [1, 0], [1, 0], [1, 0], [1, 0], [1, 0], [1, 0], [1, 0], [1, 0], [1, 0], [1, 0]], ""boundary_restriction"": ""both"", ""forced_removals"": 0, ""growth_representation_fallbacks"": 2, ""invariant_held"": true, ""n_segments"": 37, ""n_train_fit"": 3712, ""n_val"": 1238, ""phase0"": [{""constant_lens"": false, ""gain"": 0.25, ""lens"": ""pc1"", ""lens_scaling"": ""standardize"", ""min_cluster_size"": 18, ""min_samples"": 5, ""n_class"": 337, ""n_edges"": 4, ""n_intervals"": 5, ""n_vertices"": 5, ""noise_reassigned"": 314, ""placement"": ""quantile"", ""slabs"": [{""k"": 1, ""n"": 76}, {""k"": 1, ""n"": 84}, {""k"": 1, ""n"": 85}, {""k"": 1, ""n"": 84}, {""k"": 1, ""n"": 76}]}, {""constant_lens"": false, ""gain"": 0.25, ""lens"": ""pc1"", ""lens_scaling"": ""standardize"", ""min_cluster_size"": 18, ""min_samples"": 5, ""n_class"": 337, ""n_edges"": 4, ""n_intervals"": 5, ""n_vertices"": 5, ""noise_reassigned"": 315, ""placement"": ""quantile"", ""slabs"": [{""k"": 1, ""n"": 76}, {""k"": 1, ""n"": 84}, {""k"": 1, ""n"": 85}, {""k"": 1, ""n"": 84}, {""k"": 1, ""n"": 76}]}, {""constant_lens"": false, ""gain"": 0.25, ""lens"": ""pc1"", ""lens_scaling"": ""standardize"", ""min_cluster_size"": 18, ""min_samples"": 5, ""n_class"": 338, ""n_edges"": 4, ""n_intervals"": 5, ""n_vertices"": 5, ""noise_reassigned"": 314, ""placement"": ""quantile"", ""slabs"": [{""k"": 1, ""n"": 76}, {""k"": 1, ""n"": 85}, {""k"": 1, ""n"": 84}, {""k"": 1, ""n"": 85}, {""k"": 1, ""n"": 76}]}, {""constant_lens"": false, ""gain"": 0.25, ""lens"": ""pc1"", ""lens_scaling"": ""standardize"", ""min_cluster_size"": 18, ""min_samples"": 5, ""n_class"": 338, ""n_edges"": 4, ""n_intervals"": 5, ""n_vertices"": 5, ""noise_reassigned"": 309, ""placement"": ""quantile"", ""slabs"": [{""k"": 1, ""n"": 76}, {""k"": 1, ""n"": 85}, {""k"": 1, ""n"": 84}, {""k"": 1, ""n"": 85}, {""k"": 1, ""n"": 76}]}, {""constant_lens"": false, ""gain"": 0.25, ""lens"": ""pc1"", ""lens_scaling"": ""standardize"", ""min_cluster_size"": 18, ""min_samples"": 5, ""n_class"": 337, ""n_edges"": 4, ""n_intervals"": 5, ""n_vertices"": 5, ""noise_reassigned"": 306, ""placement"": ""quantile"", ""slabs"": [{""k"": 1, ""n"": 76}, {""k"": 1, ""n"": 84}, {""k"": 1, ""n"": 85}, {""k"": 1, ""n"": 84}, {""k"": 1, ""n"": 76}]}, {""constant_lens"": false, ""gain"": 0.25, ""lens"": ""pc1"", ""lens_scaling"": ""standardize"", ""min_cluster_size"": 18, ""min_samples"": 5, ""n_class"": 338, ""n_edges"": 4, ""n_intervals"": 5, ""n_vertices"": 5, ""noise_reassigned"": 276, ""placement"": ""quantile"", ""slabs"": [{""k"": 1, ""n"": 76}, {""k"": 1, ""n"": 85}, {""k"": 1, ""n"": 84}, {""k"": 1, ""n"": 85}, {""k"": 1, ""n"": 76}]}, {""constant_lens"": false, ""gain"": 0.25, ""lens"": ""pc1"", ""lens_scaling"": ""standardize"", ""min_cluster_size"": 18, ""min_samples"": 5, ""n_class"": 338, ""n_edges"": 4, ""n_intervals"": 5, ""n_vertices"": 5, ""noise_reassigned"": 305, ""placement"": ""quantile"", ""slabs"": [{""k"": 1, ""n"": 76}, {""k"": 1, ""n"": 85}, {""k"": 1, ""n"": 84}, {""k"": 1, ""n"": 85}, {""k"": 1, ""n"": 76}]}, {""constant_lens"": false, ""gain"": 0.25, ""lens"": ""pc1"", ""lens_scaling"": ""standardize"", ""min_cluster_size"": 18, ""min_samples"": 5, ""n_class"": 337, ""n_edges"": 4, ""n_intervals"": 5, ""n_vertices"": 5, ""noise_reassigned"": 301, ""placement"": ""quantile"", ""slabs"": [{""k"": 1, ""n"": 76}, {""k"": 1, ""n"": 84}, {""k"": 1, ""n"": 85}, {""k"": 1, ""n"": 84}, {""k"": 1, ""n"": 76}]}, {""constant_lens"": false, ""gain"": 0.25, ""lens"": ""pc1"", ""lens_scaling"": ""standardize"", ""min_cluster_size"": 18, ""min_samples"": 5, ""n_class"": 337, ""n_edges"": 4, ""n_intervals"": 5, ""n_vertices"": 5, ""noise_reassigned"": 309, ""placement"": ""quantile"", ""slabs"": [{""k"": 1, ""n"": 76}, {""k"": 1, ""n"": 84}, {""k"": 1, ""n"": 85}, {""k"": 1, ""n"": 84}, {""k"": 1, ""n"": 76}]}, {""constant_lens"": false, ""gain"": 0.25, ""lens"": ""pc1"", ""lens_scaling"": ""standardize"", ""min_cluster_size"": 18, ""min_samples"": 5, ""n_class"": 338, ""n_edges"": 4, ""n_intervals"": 5, ""n_vertices"": 5, ""noise_reassigned"": 313, ""placement"": ""quantile"", ""slabs"": [{""k"": 1, ""n"": 76}, {""k"": 1, ""n"": 85}, {""k"": 1, ""n"": 84}, {""k"": 1, ""n"": 85}, {""k"": 1, ""n"": 76}]}, {""constant_lens"": false, ""gain"": 0.25, ""lens"": ""pc1"", ""lens_scaling"": ""standardize"", ""min_cluster_size"": 18, ""min_samples"": 5, ""n_class"": 337, ""n_edges"": 4, ""n_intervals"": 5, ""n_vertices"": 5, ""noise_reassigned"": 298, ""placement"": ""quantile"", ""slabs"": [{""k"": 1, ""n"": 76}, {""k"": 1, ""n"": 84}, {""k"": 1, ""n"": 85}, {""k"": 1, ""n"": 84}, {""k"": 1, ""n"": 76}]}], ""soundness_bound_holds"": true, ""step_rule"": ""scale_free"", ""topology_retention_nerve_to_frozen"": {""beta0_frozen"": 13, ""beta0_nerve"": 11, ""beta1_frozen"": 0, ""beta1_nerve"": 0}}",True
0.9654545454545455,50,False,0.010101010101010102,0.01,,2.3172739999718033,46.43722699995851,44.11995299998671,texture,3,"{""epsilon"": 0.1, ""window"": 0.2}",LVQ3,10,50,550,4950,0.98989898989899,1036474160,False,,True
0.9036363636363637,50,False,0.010101010101010102,0.01,"{""0"": 5, ""1"": 5, ""10"": 4, ""2"": 5, ""3"": 5, ""4"": 5, ""5"": 5, ""6"": 4, ""7"": 4, ""8"": 4, ""9"": 4}",0.7942409999668598,0.7942409999668598,0.0,texture,3,,KMeans,10,50,550,4950,0.98989898989899,1036474160,False,,True
0.82,50,False,0.010101010101010102,0.01,"{""0"": 5, ""1"": 5, ""10"": 4, ""2"": 5, ""3"": 5, ""4"": 5, ""5"": 5, ""6"": 4, ""7"": 4, ""8"": 4, ""9"": 4}",0.001474000047892332,0.001474000047892332,0.0,texture,3,,Random,10,50,550,4950,0.98989898989899,1036474160,False,,True
0.84,50,False,0.010101010101010102,0.01,,1.7125530000193976,1.7125530000193976,0.0,texture,3,,SPOT,10,50,550,4950,0.98989898989899,1036474160,False,,True
0.9127272727272727,50,False,0.010101010101010102,0.01,,8.200964000017848,8.200964000017848,0.0,texture,3,,GLVQ,10,50,550,4950,0.98989898989899,1036474160,False,,True
0.9127272727272727,50,False,0.010101010101010102,0.01,,1.0139899999485351,1.0139899999485351,0.0,texture,3,,GNG,10,50,550,4950,0.98989898989899,1036474160,False,,True
0.9890909090909091,99,False,0.02,0.02,,0.0012040000292472541,0.0012040000292472541,0.0,texture,3,,Full,10,4950,550,4950,0.0,1036474160,True,,False
0.9745454545454545,99,False,0.02,0.02,,1.5759349999716505,1.5759349999716505,0.0,texture,3,,RSP3,10,853,550,4950,0.8276767676767677,1036474160,True,,False
0.9745454545454545,99,False,0.02,0.02,,0.8354119999567047,0.8354119999567047,0.0,texture,3,,RHC,10,277,550,4950,0.944040404040404,1036474160,True,,False
0.9436363636363636,99,False,0.02,0.02,,4.820211999991443,4.820211999991443,0.0,texture,3,,SPINE+1NN,10,99,550,4950,0.98,1036474160,False,"{""admission"": {""criterion"": ""risk"", ""removed_risk"": 2, ""removed_support"": 0}, ""betti_final"": [[3, 0], [1, 0], [1, 0], [1, 0], [1, 0], [1, 0], [1, 0], [1, 0], [1, 0], [1, 0], [1, 0]], ""betti_frozen"": [[3, 0], [1, 0], [1, 0], [1, 0], [1, 0], [1, 0], [1, 0], [1, 0], [1, 0], [1, 0], [1, 0]], ""betti_nerve"": [[1, 0], [1, 0], [1, 0], [1, 0], [1, 0], [1, 0], [1, 0], [1, 0], [1, 0], [1, 0], [1, 0]], ""boundary_restriction"": ""both"", ""forced_removals"": 0, ""growth_representation_fallbacks"": 20, ""invariant_held"": true, ""n_segments"": 86, ""n_train_fit"": 3712, ""n_val"": 1238, ""phase0"": [{""constant_lens"": false, ""gain"": 0.25, ""lens"": ""pc1"", ""lens_scaling"": ""standardize"", ""min_cluster_size"": 18, ""min_samples"": 5, ""n_class"": 337, ""n_edges"": 4, ""n_intervals"": 5, ""n_vertices"": 5, ""noise_reassigned"": 314, ""placement"": ""quantile"", ""slabs"": [{""k"": 1, ""n"": 76}, {""k"": 1, ""n"": 84}, {""k"": 1, ""n"": 85}, {""k"": 1, ""n"": 84}, {""k"": 1, ""n"": 76}]}, {""constant_lens"": false, ""gain"": 0.25, ""lens"": ""pc1"", ""lens_scaling"": ""standardize"", ""min_cluster_size"": 18, ""min_samples"": 5, ""n_class"": 337, ""n_edges"": 4, ""n_intervals"": 5, ""n_vertices"": 5, ""noise_reassigned"": 315, ""placement"": ""quantile"", ""slabs"": [{""k"": 1, ""n"": 76}, {""k"": 1, ""n"": 84}, {""k"": 1, ""n"": 85}, {""k"": 1, ""n"": 84}, {""k"": 1, ""n"": 76}]}, {""constant_lens"": false, ""gain"": 0.25, ""lens"": ""pc1"", ""lens_scaling"": ""standardize"", ""min_cluster_size"": 18, ""min_samples"": 5, ""n_class"": 338, ""n_edges"": 4, ""n_intervals"": 5, ""n_vertices"": 5, ""noise_reassigned"": 314, ""placement"": ""quantile"", ""slabs"": [{""k"": 1, ""n"": 76}, {""k"": 1, ""n"": 85}, {""k"": 1, ""n"": 84}, {""k"": 1, ""n"": 85}, {""k"": 1, ""n"": 76}]}, {""constant_lens"": false, ""gain"": 0.25, ""lens"": ""pc1"", ""lens_scaling"": ""standardize"", ""min_cluster_size"": 18, ""min_samples"": 5, ""n_class"": 338, ""n_edges"": 4, ""n_intervals"": 5, ""n_vertices"": 5, ""noise_reassigned"": 309, ""placement"": ""quantile"", ""slabs"": [{""k"": 1, ""n"": 76}, {""k"": 1, ""n"": 85}, {""k"": 1, ""n"": 84}, {""k"": 1, ""n"": 85}, {""k"": 1, ""n"": 76}]}, {""constant_lens"": false, ""gain"": 0.25, ""lens"": ""pc1"", ""lens_scaling"": ""standardize"", ""min_cluster_size"": 18, ""min_samples"": 5, ""n_class"": 337, ""n_edges"": 4, ""n_intervals"": 5, ""n_vertices"": 5, ""noise_reassigned"": 306, ""placement"": ""quantile"", ""slabs"": [{""k"": 1, ""n"": 76}, {""k"": 1, ""n"": 84}, {""k"": 1, ""n"": 85}, {""k"": 1, ""n"": 84}, {""k"": 1, ""n"": 76}]}, {""constant_lens"": false, ""gain"": 0.25, ""lens"": ""pc1"", ""lens_scaling"": ""standardize"", ""min_cluster_size"": 18, ""min_samples"": 5, ""n_class"": 338, ""n_edges"": 4, ""n_intervals"": 5, ""n_vertices"": 5, ""noise_reassigned"": 276, ""placement"": ""quantile"", ""slabs"": [{""k"": 1, ""n"": 76}, {""k"": 1, ""n"": 85}, {""k"": 1, ""n"": 84}, {""k"": 1, ""n"": 85}, {""k"": 1, ""n"": 76}]}, {""constant_lens"": false, ""gain"": 0.25, ""lens"": ""pc1"", ""lens_scaling"": ""standardize"", ""min_cluster_size"": 18, ""min_samples"": 5, ""n_class"": 338, ""n_edges"": 4, ""n_intervals"": 5, ""n_vertices"": 5, ""noise_reassigned"": 305, ""placement"": ""quantile"", ""slabs"": [{""k"": 1, ""n"": 76}, {""k"": 1, ""n"": 85}, {""k"": 1, ""n"": 84}, {""k"": 1, ""n"": 85}, {""k"": 1, ""n"": 76}]}, {""constant_lens"": false, ""gain"": 0.25, ""lens"": ""pc1"", ""lens_scaling"": ""standardize"", ""min_cluster_size"": 18, ""min_samples"": 5, ""n_class"": 337, ""n_edges"": 4, ""n_intervals"": 5, ""n_vertices"": 5, ""noise_reassigned"": 301, ""placement"": ""quantile"", ""slabs"": [{""k"": 1, ""n"": 76}, {""k"": 1, ""n"": 84}, {""k"": 1, ""n"": 85}, {""k"": 1, ""n"": 84}, {""k"": 1, ""n"": 76}]}, {""constant_lens"": false, ""gain"": 0.25, ""lens"": ""pc1"", ""lens_scaling"": ""standardize"", ""min_cluster_size"": 18, ""min_samples"": 5, ""n_class"": 337, ""n_edges"": 4, ""n_intervals"": 5, ""n_vertices"": 5, ""noise_reassigned"": 309, ""placement"": ""quantile"", ""slabs"": [{""k"": 1, ""n"": 76}, {""k"": 1, ""n"": 84}, {""k"": 1, ""n"": 85}, {""k"": 1, ""n"": 84}, {""k"": 1, ""n"": 76}]}, {""constant_lens"": false, ""gain"": 0.25, ""lens"": ""pc1"", ""lens_scaling"": ""standardize"", ""min_cluster_size"": 18, ""min_samples"": 5, ""n_class"": 338, ""n_edges"": 4, ""n_intervals"": 5, ""n_vertices"": 5, ""noise_reassigned"": 313, ""placement"": ""quantile"", ""slabs"": [{""k"": 1, ""n"": 76}, {""k"": 1, ""n"": 85}, {""k"": 1, ""n"": 84}, {""k"": 1, ""n"": 85}, {""k"": 1, ""n"": 76}]}, {""constant_lens"": false, ""gain"": 0.25, ""lens"": ""pc1"", ""lens_scaling"": ""standardize"", ""min_cluster_size"": 18, ""min_samples"": 5, ""n_class"": 337, ""n_edges"": 4, ""n_intervals"": 5, ""n_vertices"": 5, ""noise_reassigned"": 298, ""placement"": ""quantile"", ""slabs"": [{""k"": 1, ""n"": 76}, {""k"": 1, ""n"": 84}, {""k"": 1, ""n"": 85}, {""k"": 1, ""n"": 84}, {""k"": 1, ""n"": 76}]}], ""soundness_bound_holds"": true, ""step_rule"": ""scale_free"", ""topology_retention_nerve_to_frozen"": {""beta0_frozen"": 13, ""beta0_nerve"": 11, ""beta1_frozen"": 0, ""beta1_nerve"": 0}}",True
0.9472727272727273,99,False,0.02,0.02,,4.820211999991443,4.820211999991443,0.0,texture,3,,SPINE+Graph,10,99,550,4950,0.98,1036474160,False,"{""admission"": {""criterion"": ""risk"", ""removed_risk"": 2, ""removed_support"": 0}, ""betti_final"": [[3, 0], [1, 0], [1, 0], [1, 0], [1, 0], [1, 0], [1, 0], [1, 0], [1, 0], [1, 0], [1, 0]], ""betti_frozen"": [[3, 0], [1, 0], [1, 0], [1, 0], [1, 0], [1, 0], [1, 0], [1, 0], [1, 0], [1, 0], [1, 0]], ""betti_nerve"": [[1, 0], [1, 0], [1, 0], [1, 0], [1, 0], [1, 0], [1, 0], [1, 0], [1, 0], [1, 0], [1, 0]], ""boundary_restriction"": ""both"", ""forced_removals"": 0, ""growth_representation_fallbacks"": 20, ""invariant_held"": true, ""n_segments"": 86, ""n_train_fit"": 3712, ""n_val"": 1238, ""phase0"": [{""constant_lens"": false, ""gain"": 0.25, ""lens"": ""pc1"", ""lens_scaling"": ""standardize"", ""min_cluster_size"": 18, ""min_samples"": 5, ""n_class"": 337, ""n_edges"": 4, ""n_intervals"": 5, ""n_vertices"": 5, ""noise_reassigned"": 314, ""placement"": ""quantile"", ""slabs"": [{""k"": 1, ""n"": 76}, {""k"": 1, ""n"": 84}, {""k"": 1, ""n"": 85}, {""k"": 1, ""n"": 84}, {""k"": 1, ""n"": 76}]}, {""constant_lens"": false, ""gain"": 0.25, ""lens"": ""pc1"", ""lens_scaling"": ""standardize"", ""min_cluster_size"": 18, ""min_samples"": 5, ""n_class"": 337, ""n_edges"": 4, ""n_intervals"": 5, ""n_vertices"": 5, ""noise_reassigned"": 315, ""placement"": ""quantile"", ""slabs"": [{""k"": 1, ""n"": 76}, {""k"": 1, ""n"": 84}, {""k"": 1, ""n"": 85}, {""k"": 1, ""n"": 84}, {""k"": 1, ""n"": 76}]}, {""constant_lens"": false, ""gain"": 0.25, ""lens"": ""pc1"", ""lens_scaling"": ""standardize"", ""min_cluster_size"": 18, ""min_samples"": 5, ""n_class"": 338, ""n_edges"": 4, ""n_intervals"": 5, ""n_vertices"": 5, ""noise_reassigned"": 314, ""placement"": ""quantile"", ""slabs"": [{""k"": 1, ""n"": 76}, {""k"": 1, ""n"": 85}, {""k"": 1, ""n"": 84}, {""k"": 1, ""n"": 85}, {""k"": 1, ""n"": 76}]}, {""constant_lens"": false, ""gain"": 0.25, ""lens"": ""pc1"", ""lens_scaling"": ""standardize"", ""min_cluster_size"": 18, ""min_samples"": 5, ""n_class"": 338, ""n_edges"": 4, ""n_intervals"": 5, ""n_vertices"": 5, ""noise_reassigned"": 309, ""placement"": ""quantile"", ""slabs"": [{""k"": 1, ""n"": 76}, {""k"": 1, ""n"": 85}, {""k"": 1, ""n"": 84}, {""k"": 1, ""n"": 85}, {""k"": 1, ""n"": 76}]}, {""constant_lens"": false, ""gain"": 0.25, ""lens"": ""pc1"", ""lens_scaling"": ""standardize"", ""min_cluster_size"": 18, ""min_samples"": 5, ""n_class"": 337, ""n_edges"": 4, ""n_intervals"": 5, ""n_vertices"": 5, ""noise_reassigned"": 306, ""placement"": ""quantile"", ""slabs"": [{""k"": 1, ""n"": 76}, {""k"": 1, ""n"": 84}, {""k"": 1, ""n"": 85}, {""k"": 1, ""n"": 84}, {""k"": 1, ""n"": 76}]}, {""constant_lens"": false, ""gain"": 0.25, ""lens"": ""pc1"", ""lens_scaling"": ""standardize"", ""min_cluster_size"": 18, ""min_samples"": 5, ""n_class"": 338, ""n_edges"": 4, ""n_intervals"": 5, ""n_vertices"": 5, ""noise_reassigned"": 276, ""placement"": ""quantile"", ""slabs"": [{""k"": 1, ""n"": 76}, {""k"": 1, ""n"": 85}, {""k"": 1, ""n"": 84}, {""k"": 1, ""n"": 85}, {""k"": 1, ""n"": 76}]}, {""constant_lens"": false, ""gain"": 0.25, ""lens"": ""pc1"", ""lens_scaling"": ""standardize"", ""min_cluster_size"": 18, ""min_samples"": 5, ""n_class"": 338, ""n_edges"": 4, ""n_intervals"": 5, ""n_vertices"": 5, ""noise_reassigned"": 305, ""placement"": ""quantile"", ""slabs"": [{""k"": 1, ""n"": 76}, {""k"": 1, ""n"": 85}, {""k"": 1, ""n"": 84}, {""k"": 1, ""n"": 85}, {""k"": 1, ""n"": 76}]}, {""constant_lens"": false, ""gain"": 0.25, ""lens"": ""pc1"", ""lens_scaling"": ""standardize"", ""min_cluster_size"": 18, ""min_samples"": 5, ""n_class"": 337, ""n_edges"": 4, ""n_intervals"": 5, ""n_vertices"": 5, ""noise_reassigned"": 301, ""placement"": ""quantile"", ""slabs"": [{""k"": 1, ""n"": 76}, {""k"": 1, ""n"": 84}, {""k"": 1, ""n"": 85}, {""k"": 1, ""n"": 84}, {""k"": 1, ""n"": 76}]}, {""constant_lens"": false, ""gain"": 0.25, ""lens"": ""pc1"", ""lens_scaling"": ""standardize"", ""min_cluster_size"": 18, ""min_samples"": 5, ""n_class"": 337, ""n_edges"": 4, ""n_intervals"": 5, ""n_vertices"": 5, ""noise_reassigned"": 309, ""placement"": ""quantile"", ""slabs"": [{""k"": 1, ""n"": 76}, {""k"": 1, ""n"": 84}, {""k"": 1, ""n"": 85}, {""k"": 1, ""n"": 84}, {""k"": 1, ""n"": 76}]}, {""constant_lens"": false, ""gain"": 0.25, ""lens"": ""pc1"", ""lens_scaling"": ""standardize"", ""min_cluster_size"": 18, ""min_samples"": 5, ""n_class"": 338, ""n_edges"": 4, ""n_intervals"": 5, ""n_vertices"": 5, ""noise_reassigned"": 313, ""placement"": ""quantile"", ""slabs"": [{""k"": 1, ""n"": 76}, {""k"": 1, ""n"": 85}, {""k"": 1, ""n"": 84}, {""k"": 1, ""n"": 85}, {""k"": 1, ""n"": 76}]}, {""constant_lens"": false, ""gain"": 0.25, ""lens"": ""pc1"", ""lens_scaling"": ""standardize"", ""min_cluster_size"": 18, ""min_samples"": 5, ""n_class"": 337, ""n_edges"": 4, ""n_intervals"": 5, ""n_vertices"": 5, ""noise_reassigned"": 298, ""placement"": ""quantile"", ""slabs"": [{""k"": 1, ""n"": 76}, {""k"": 1, ""n"": 84}, {""k"": 1, ""n"": 85}, {""k"": 1, ""n"": 84}, {""k"": 1, ""n"": 76}]}], ""soundness_bound_holds"": true, ""step_rule"": ""scale_free"", ""topology_retention_nerve_to_frozen"": {""beta0_frozen"": 13, ""beta0_nerve"": 11, ""beta1_frozen"": 0, ""beta1_nerve"": 0}}",True
0.9745454545454545,99,False,0.02,0.02,,3.179184000007808,60.117691999999806,56.938507999992,texture,3,"{""epsilon"": 0.1, ""window"": 0.3}",LVQ3,10,99,550,4950,0.98,1036474160,False,,True
0.9509090909090909,99,False,0.02,0.02,"{""0"": 9, ""1"": 9, ""10"": 9, ""2"": 9, ""3"": 9, ""4"": 9, ""5"": 9, ""6"": 9, ""7"": 9, ""8"": 9, ""9"": 9}",0.9958409999962896,0.9958409999962896,0.0,texture,3,,KMeans,10,99,550,4950,0.98,1036474160,False,,True
0.8309090909090909,99,False,0.02,0.02,"{""0"": 9, ""1"": 9, ""10"": 9, ""2"": 9, ""3"": 9, ""4"": 9, ""5"": 9, ""6"": 9, ""7"": 9, ""8"": 9, ""9"": 9}",0.0015299999504350126,0.0015299999504350126,0.0,texture,3,,Random,10,99,550,4950,0.98,1036474160,False,,True
0.9,99,False,0.02,0.02,,1.7669520000345074,1.7669520000345074,0.0,texture,3,,SPOT,10,99,550,4950,0.98,1036474160,False,,True
0.9145454545454546,99,False,0.02,0.02,,13.307643999985885,13.307643999985885,0.0,texture,3,,GLVQ,10,99,550,4950,0.98,1036474160,False,,True
0.9381818181818182,99,False,0.02,0.02,,1.7446600000257604,1.7446600000257604,0.0,texture,3,,GNG,10,99,550,4950,0.98,1036474160,False,,True
0.9890909090909091,248,False,0.050101010101010104,0.05,,0.0012040000292472541,0.0012040000292472541,0.0,texture,3,,Full,10,4950,550,4950,0.0,1036474160,True,,False
0.9745454545454545,248,False,0.050101010101010104,0.05,,1.5759349999716505,1.5759349999716505,0.0,texture,3,,RSP3,10,853,550,4950,0.8276767676767677,1036474160,True,,False
0.9745454545454545,248,False,0.050101010101010104,0.05,,0.8354119999567047,0.8354119999567047,0.0,texture,3,,RHC,10,277,550,4950,0.944040404040404,1036474160,True,,False
0.9454545454545454,248,False,0.050101010101010104,0.05,,5.879017999977805,5.879017999977805,0.0,texture,3,,SPINE+1NN,10,248,550,4950,0.9498989898989899,1036474160,False,"{""admission"": {""criterion"": ""risk"", ""removed_risk"": 2, ""removed_support"": 0}, ""betti_final"": [[3, 0], [1, 0], [1, 0], [1, 0], [1, 0], [1, 0], [1, 0], [1, 0], [1, 0], [1, 0], [1, 0]], ""betti_frozen"": [[3, 0], [1, 0], [1, 0], [1, 0], [1, 0], [1, 0], [1, 0], [1, 0], [1, 0], [1, 0], [1, 0]], ""betti_nerve"": [[1, 0], [1, 0], [1, 0], [1, 0], [1, 0], [1, 0], [1, 0], [1, 0], [1, 0], [1, 0], [1, 0]], ""boundary_restriction"": ""both"", ""forced_removals"": 0, ""growth_representation_fallbacks"": 128, ""invariant_held"": true, ""n_segments"": 235, ""n_train_fit"": 3712, ""n_val"": 1238, ""phase0"": [{""constant_lens"": false, ""gain"": 0.25, ""lens"": ""pc1"", ""lens_scaling"": ""standardize"", ""min_cluster_size"": 18, ""min_samples"": 5, ""n_class"": 337, ""n_edges"": 4, ""n_intervals"": 5, ""n_vertices"": 5, ""noise_reassigned"": 314, ""placement"": ""quantile"", ""slabs"": [{""k"": 1, ""n"": 76}, {""k"": 1, ""n"": 84}, {""k"": 1, ""n"": 85}, {""k"": 1, ""n"": 84}, {""k"": 1, ""n"": 76}]}, {""constant_lens"": false, ""gain"": 0.25, ""lens"": ""pc1"", ""lens_scaling"": ""standardize"", ""min_cluster_size"": 18, ""min_samples"": 5, ""n_class"": 337, ""n_edges"": 4, ""n_intervals"": 5, ""n_vertices"": 5, ""noise_reassigned"": 315, ""placement"": ""quantile"", ""slabs"": [{""k"": 1, ""n"": 76}, {""k"": 1, ""n"": 84}, {""k"": 1, ""n"": 85}, {""k"": 1, ""n"": 84}, {""k"": 1, ""n"": 76}]}, {""constant_lens"": false, ""gain"": 0.25, ""lens"": ""pc1"", ""lens_scaling"": ""standardize"", ""min_cluster_size"": 18, ""min_samples"": 5, ""n_class"": 338, ""n_edges"": 4, ""n_intervals"": 5, ""n_vertices"": 5, ""noise_reassigned"": 314, ""placement"": ""quantile"", ""slabs"": [{""k"": 1, ""n"": 76}, {""k"": 1, ""n"": 85}, {""k"": 1, ""n"": 84}, {""k"": 1, ""n"": 85}, {""k"": 1, ""n"": 76}]}, {""constant_lens"": false, ""gain"": 0.25, ""lens"": ""pc1"", ""lens_scaling"": ""standardize"", ""min_cluster_size"": 18, ""min_samples"": 5, ""n_class"": 338, ""n_edges"": 4, ""n_intervals"": 5, ""n_vertices"": 5, ""noise_reassigned"": 309, ""placement"": ""quantile"", ""slabs"": [{""k"": 1, ""n"": 76}, {""k"": 1, ""n"": 85}, {""k"": 1, ""n"": 84}, {""k"": 1, ""n"": 85}, {""k"": 1, ""n"": 76}]}, {""constant_lens"": false, ""gain"": 0.25, ""lens"": ""pc1"", ""lens_scaling"": ""standardize"", ""min_cluster_size"": 18, ""min_samples"": 5, ""n_class"": 337, ""n_edges"": 4, ""n_intervals"": 5, ""n_vertices"": 5, ""noise_reassigned"": 306, ""placement"": ""quantile"", ""slabs"": [{""k"": 1, ""n"": 76}, {""k"": 1, ""n"": 84}, {""k"": 1, ""n"": 85}, {""k"": 1, ""n"": 84}, {""k"": 1, ""n"": 76}]}, {""constant_lens"": false, ""gain"": 0.25, ""lens"": ""pc1"", ""lens_scaling"": ""standardize"", ""min_cluster_size"": 18, ""min_samples"": 5, ""n_class"": 338, ""n_edges"": 4, ""n_intervals"": 5, ""n_vertices"": 5, ""noise_reassigned"": 276, ""placement"": ""quantile"", ""slabs"": [{""k"": 1, ""n"": 76}, {""k"": 1, ""n"": 85}, {""k"": 1, ""n"": 84}, {""k"": 1, ""n"": 85}, {""k"": 1, ""n"": 76}]}, {""constant_lens"": false, ""gain"": 0.25, ""lens"": ""pc1"", ""lens_scaling"": ""standardize"", ""min_cluster_size"": 18, ""min_samples"": 5, ""n_class"": 338, ""n_edges"": 4, ""n_intervals"": 5, ""n_vertices"": 5, ""noise_reassigned"": 305, ""placement"": ""quantile"", ""slabs"": [{""k"": 1, ""n"": 76}, {""k"": 1, ""n"": 85}, {""k"": 1, ""n"": 84}, {""k"": 1, ""n"": 85}, {""k"": 1, ""n"": 76}]}, {""constant_lens"": false, ""gain"": 0.25, ""lens"": ""pc1"", ""lens_scaling"": ""standardize"", ""min_cluster_size"": 18, ""min_samples"": 5, ""n_class"": 337, ""n_edges"": 4, ""n_intervals"": 5, ""n_vertices"": 5, ""noise_reassigned"": 301, ""placement"": ""quantile"", ""slabs"": [{""k"": 1, ""n"": 76}, {""k"": 1, ""n"": 84}, {""k"": 1, ""n"": 85}, {""k"": 1, ""n"": 84}, {""k"": 1, ""n"": 76}]}, {""constant_lens"": false, ""gain"": 0.25, ""lens"": ""pc1"", ""lens_scaling"": ""standardize"", ""min_cluster_size"": 18, ""min_samples"": 5, ""n_class"": 337, ""n_edges"": 4, ""n_intervals"": 5, ""n_vertices"": 5, ""noise_reassigned"": 309, ""placement"": ""quantile"", ""slabs"": [{""k"": 1, ""n"": 76}, {""k"": 1, ""n"": 84}, {""k"": 1, ""n"": 85}, {""k"": 1, ""n"": 84}, {""k"": 1, ""n"": 76}]}, {""constant_lens"": false, ""gain"": 0.25, ""lens"": ""pc1"", ""lens_scaling"": ""standardize"", ""min_cluster_size"": 18, ""min_samples"": 5, ""n_class"": 338, ""n_edges"": 4, ""n_intervals"": 5, ""n_vertices"": 5, ""noise_reassigned"": 313, ""placement"": ""quantile"", ""slabs"": [{""k"": 1, ""n"": 76}, {""k"": 1, ""n"": 85}, {""k"": 1, ""n"": 84}, {""k"": 1, ""n"": 85}, {""k"": 1, ""n"": 76}]}, {""constant_lens"": false, ""gain"": 0.25, ""lens"": ""pc1"", ""lens_scaling"": ""standardize"", ""min_cluster_size"": 18, ""min_samples"": 5, ""n_class"": 337, ""n_edges"": 4, ""n_intervals"": 5, ""n_vertices"": 5, ""noise_reassigned"": 298, ""placement"": ""quantile"", ""slabs"": [{""k"": 1, ""n"": 76}, {""k"": 1, ""n"": 84}, {""k"": 1, ""n"": 85}, {""k"": 1, ""n"": 84}, {""k"": 1, ""n"": 76}]}], ""soundness_bound_holds"": true, ""step_rule"": ""scale_free"", ""topology_retention_nerve_to_frozen"": {""beta0_frozen"": 13, ""beta0_nerve"": 11, ""beta1_frozen"": 0, ""beta1_nerve"": 0}}",True
0.9563636363636364,248,False,0.050101010101010104,0.05,,5.879017999977805,5.879017999977805,0.0,texture,3,,SPINE+Graph,10,248,550,4950,0.9498989898989899,1036474160,False,"{""admission"": {""criterion"": ""risk"", ""removed_risk"": 2, ""removed_support"": 0}, ""betti_final"": [[3, 0], [1, 0], [1, 0], [1, 0], [1, 0], [1, 0], [1, 0], [1, 0], [1, 0], [1, 0], [1, 0]], ""betti_frozen"": [[3, 0], [1, 0], [1, 0], [1, 0], [1, 0], [1, 0], [1, 0], [1, 0], [1, 0], [1, 0], [1, 0]], ""betti_nerve"": [[1, 0], [1, 0], [1, 0], [1, 0], [1, 0], [1, 0], [1, 0], [1, 0], [1, 0], [1, 0], [1, 0]], ""boundary_restriction"": ""both"", ""forced_removals"": 0, ""growth_representation_fallbacks"": 128, ""invariant_held"": true, ""n_segments"": 235, ""n_train_fit"": 3712, ""n_val"": 1238, ""phase0"": [{""constant_lens"": false, ""gain"": 0.25, ""lens"": ""pc1"", ""lens_scaling"": ""standardize"", ""min_cluster_size"": 18, ""min_samples"": 5, ""n_class"": 337, ""n_edges"": 4, ""n_intervals"": 5, ""n_vertices"": 5, ""noise_reassigned"": 314, ""placement"": ""quantile"", ""slabs"": [{""k"": 1, ""n"": 76}, {""k"": 1, ""n"": 84}, {""k"": 1, ""n"": 85}, {""k"": 1, ""n"": 84}, {""k"": 1, ""n"": 76}]}, {""constant_lens"": false, ""gain"": 0.25, ""lens"": ""pc1"", ""lens_scaling"": ""standardize"", ""min_cluster_size"": 18, ""min_samples"": 5, ""n_class"": 337, ""n_edges"": 4, ""n_intervals"": 5, ""n_vertices"": 5, ""noise_reassigned"": 315, ""placement"": ""quantile"", ""slabs"": [{""k"": 1, ""n"": 76}, {""k"": 1, ""n"": 84}, {""k"": 1, ""n"": 85}, {""k"": 1, ""n"": 84}, {""k"": 1, ""n"": 76}]}, {""constant_lens"": false, ""gain"": 0.25, ""lens"": ""pc1"", ""lens_scaling"": ""standardize"", ""min_cluster_size"": 18, ""min_samples"": 5, ""n_class"": 338, ""n_edges"": 4, ""n_intervals"": 5, ""n_vertices"": 5, ""noise_reassigned"": 314, ""placement"": ""quantile"", ""slabs"": [{""k"": 1, ""n"": 76}, {""k"": 1, ""n"": 85}, {""k"": 1, ""n"": 84}, {""k"": 1, ""n"": 85}, {""k"": 1, ""n"": 76}]}, {""constant_lens"": false, ""gain"": 0.25, ""lens"": ""pc1"", ""lens_scaling"": ""standardize"", ""min_cluster_size"": 18, ""min_samples"": 5, ""n_class"": 338, ""n_edges"": 4, ""n_intervals"": 5, ""n_vertices"": 5, ""noise_reassigned"": 309, ""placement"": ""quantile"", ""slabs"": [{""k"": 1, ""n"": 76}, {""k"": 1, ""n"": 85}, {""k"": 1, ""n"": 84}, {""k"": 1, ""n"": 85}, {""k"": 1, ""n"": 76}]}, {""constant_lens"": false, ""gain"": 0.25, ""lens"": ""pc1"", ""lens_scaling"": ""standardize"", ""min_cluster_size"": 18, ""min_samples"": 5, ""n_class"": 337, ""n_edges"": 4, ""n_intervals"": 5, ""n_vertices"": 5, ""noise_reassigned"": 306, ""placement"": ""quantile"", ""slabs"": [{""k"": 1, ""n"": 76}, {""k"": 1, ""n"": 84}, {""k"": 1, ""n"": 85}, {""k"": 1, ""n"": 84}, {""k"": 1, ""n"": 76}]}, {""constant_lens"": false, ""gain"": 0.25, ""lens"": ""pc1"", ""lens_scaling"": ""standardize"", ""min_cluster_size"": 18, ""min_samples"": 5, ""n_class"": 338, ""n_edges"": 4, ""n_intervals"": 5, ""n_vertices"": 5, ""noise_reassigned"": 276, ""placement"": ""quantile"", ""slabs"": [{""k"": 1, ""n"": 76}, {""k"": 1, ""n"": 85}, {""k"": 1, ""n"": 84}, {""k"": 1, ""n"": 85}, {""k"": 1, ""n"": 76}]}, {""constant_lens"": false, ""gain"": 0.25, ""lens"": ""pc1"", ""lens_scaling"": ""standardize"", ""min_cluster_size"": 18, ""min_samples"": 5, ""n_class"": 338, ""n_edges"": 4, ""n_intervals"": 5, ""n_vertices"": 5, ""noise_reassigned"": 305, ""placement"": ""quantile"", ""slabs"": [{""k"": 1, ""n"": 76}, {""k"": 1, ""n"": 85}, {""k"": 1, ""n"": 84}, {""k"": 1, ""n"": 85}, {""k"": 1, ""n"": 76}]}, {""constant_lens"": false, ""gain"": 0.25, ""lens"": ""pc1"", ""lens_scaling"": ""standardize"", ""min_cluster_size"": 18, ""min_samples"": 5, ""n_class"": 337, ""n_edges"": 4, ""n_intervals"": 5, ""n_vertices"": 5, ""noise_reassigned"": 301, ""placement"": ""quantile"", ""slabs"": [{""k"": 1, ""n"": 76}, {""k"": 1, ""n"": 84}, {""k"": 1, ""n"": 85}, {""k"": 1, ""n"": 84}, {""k"": 1, ""n"": 76}]}, {""constant_lens"": false, ""gain"": 0.25, ""lens"": ""pc1"", ""lens_scaling"": ""standardize"", ""min_cluster_size"": 18, ""min_samples"": 5, ""n_class"": 337, ""n_edges"": 4, ""n_intervals"": 5, ""n_vertices"": 5, ""noise_reassigned"": 309, ""placement"": ""quantile"", ""slabs"": [{""k"": 1, ""n"": 76}, {""k"": 1, ""n"": 84}, {""k"": 1, ""n"": 85}, {""k"": 1, ""n"": 84}, {""k"": 1, ""n"": 76}]}, {""constant_lens"": false, ""gain"": 0.25, ""lens"": ""pc1"", ""lens_scaling"": ""standardize"", ""min_cluster_size"": 18, ""min_samples"": 5, ""n_class"": 338, ""n_edges"": 4, ""n_intervals"": 5, ""n_vertices"": 5, ""noise_reassigned"": 313, ""placement"": ""quantile"", ""slabs"": [{""k"": 1, ""n"": 76}, {""k"": 1, ""n"": 85}, {""k"": 1, ""n"": 84}, {""k"": 1, ""n"": 85}, {""k"": 1, ""n"": 76}]}, {""constant_lens"": false, ""gain"": 0.25, ""lens"": ""pc1"", ""lens_scaling"": ""standardize"", ""min_cluster_size"": 18, ""min_samples"": 5, ""n_class"": 337, ""n_edges"": 4, ""n_intervals"": 5, ""n_vertices"": 5, ""noise_reassigned"": 298, ""placement"": ""quantile"", ""slabs"": [{""k"": 1, ""n"": 76}, {""k"": 1, ""n"": 84}, {""k"": 1, ""n"": 85}, {""k"": 1, ""n"": 84}, {""k"": 1, ""n"": 76}]}], ""soundness_bound_holds"": true, ""step_rule"": ""scale_free"", ""topology_retention_nerve_to_frozen"": {""beta0_frozen"": 13, ""beta0_nerve"": 11, ""beta1_frozen"": 0, ""beta1_nerve"": 0}}",True
0.9781818181818182,248,False,0.050101010101010104,0.05,,4.383226000005379,80.08878200000618,75.7055560000008,texture,3,"{""epsilon"": 0.1, ""window"": 0.3}",LVQ3,10,248,550,4950,0.9498989898989899,1036474160,False,,True
0.9654545454545455,248,False,0.050101010101010104,0.05,"{""0"": 23, ""1"": 23, ""10"": 22, ""2"": 23, ""3"": 23, ""4"": 23, ""5"": 23, ""6"": 22, ""7"": 22, ""8"": 22, ""9"": 22}",1.6572009999654256,1.6572009999654256,0.0,texture,3,,KMeans,10,248,550,4950,0.9498989898989899,1036474160,False,,True
0.92,248,False,0.050101010101010104,0.05,"{""0"": 23, ""1"": 23, ""10"": 22, ""2"": 23, ""3"": 23, ""4"": 23, ""5"": 23, ""6"": 22, ""7"": 22, ""8"": 22, ""9"": 22}",0.0015610000118613243,0.0015610000118613243,0.0,texture,3,,Random,10,248,550,4950,0.9498989898989899,1036474160,False,,True
0.9327272727272727,248,False,0.050101010101010104,0.05,,1.8586559999966994,1.8586559999966994,0.0,texture,3,,SPOT,10,248,550,4950,0.9498989898989899,1036474160,False,,True
0.9109090909090909,248,False,0.050101010101010104,0.05,,28.938343999965582,28.938343999965582,0.0,texture,3,,GLVQ,10,248,550,4950,0.9498989898989899,1036474160,False,,True
0.9563636363636364,248,False,0.050101010101010104,0.05,,2.5967900000396185,2.5967900000396185,0.0,texture,3,,GNG,10,248,550,4950,0.9498989898989899,1036474160,False,,True
0.9890909090909091,495,False,0.1,0.1,,0.0012040000292472541,0.0012040000292472541,0.0,texture,3,,Full,10,4950,550,4950,0.0,1036474160,True,,False
0.9745454545454545,495,False,0.1,0.1,,1.5759349999716505,1.5759349999716505,0.0,texture,3,,RSP3,10,853,550,4950,0.8276767676767677,1036474160,True,,False
0.9745454545454545,495,False,0.1,0.1,,0.8354119999567047,0.8354119999567047,0.0,texture,3,,RHC,10,277,550,4950,0.944040404040404,1036474160,True,,False
0.9654545454545455,495,False,0.1,0.1,,7.2888180000009015,7.2888180000009015,0.0,texture,3,,SPINE+1NN,10,495,550,4950,0.9,1036474160,False,"{""admission"": {""criterion"": ""risk"", ""removed_risk"": 2, ""removed_support"": 0}, ""betti_final"": [[3, 0], [1, 0], [1, 0], [1, 0], [1, 0], [1, 0], [1, 0], [1, 0], [1, 0], [1, 0], [1, 0]], ""betti_frozen"": [[3, 0], [1, 0], [1, 0], [1, 0], [1, 0], [1, 0], [1, 0], [1, 0], [1, 0], [1, 0], [1, 0]], ""betti_nerve"": [[1, 0], [1, 0], [1, 0], [1, 0], [1, 0], [1, 0], [1, 0], [1, 0], [1, 0], [1, 0], [1, 0]], ""boundary_restriction"": ""both"", ""forced_removals"": 0, ""growth_representation_fallbacks"": 418, ""invariant_held"": true, ""n_segments"": 482, ""n_train_fit"": 3712, ""n_val"": 1238, ""phase0"": [{""constant_lens"": false, ""gain"": 0.25, ""lens"": ""pc1"", ""lens_scaling"": ""standardize"", ""min_cluster_size"": 18, ""min_samples"": 5, ""n_class"": 337, ""n_edges"": 4, ""n_intervals"": 5, ""n_vertices"": 5, ""noise_reassigned"": 314, ""placement"": ""quantile"", ""slabs"": [{""k"": 1, ""n"": 76}, {""k"": 1, ""n"": 84}, {""k"": 1, ""n"": 85}, {""k"": 1, ""n"": 84}, {""k"": 1, ""n"": 76}]}, {""constant_lens"": false, ""gain"": 0.25, ""lens"": ""pc1"", ""lens_scaling"": ""standardize"", ""min_cluster_size"": 18, ""min_samples"": 5, ""n_class"": 337, ""n_edges"": 4, ""n_intervals"": 5, ""n_vertices"": 5, ""noise_reassigned"": 315, ""placement"": ""quantile"", ""slabs"": [{""k"": 1, ""n"": 76}, {""k"": 1, ""n"": 84}, {""k"": 1, ""n"": 85}, {""k"": 1, ""n"": 84}, {""k"": 1, ""n"": 76}]}, {""constant_lens"": false, ""gain"": 0.25, ""lens"": ""pc1"", ""lens_scaling"": ""standardize"", ""min_cluster_size"": 18, ""min_samples"": 5, ""n_class"": 338, ""n_edges"": 4, ""n_intervals"": 5, ""n_vertices"": 5, ""noise_reassigned"": 314, ""placement"": ""quantile"", ""slabs"": [{""k"": 1, ""n"": 76}, {""k"": 1, ""n"": 85}, {""k"": 1, ""n"": 84}, {""k"": 1, ""n"": 85}, {""k"": 1, ""n"": 76}]}, {""constant_lens"": false, ""gain"": 0.25, ""lens"": ""pc1"", ""lens_scaling"": ""standardize"", ""min_cluster_size"": 18, ""min_samples"": 5, ""n_class"": 338, ""n_edges"": 4, ""n_intervals"": 5, ""n_vertices"": 5, ""noise_reassigned"": 309, ""placement"": ""quantile"", ""slabs"": [{""k"": 1, ""n"": 76}, {""k"": 1, ""n"": 85}, {""k"": 1, ""n"": 84}, {""k"": 1, ""n"": 85}, {""k"": 1, ""n"": 76}]}, {""constant_lens"": false, ""gain"": 0.25, ""lens"": ""pc1"", ""lens_scaling"": ""standardize"", ""min_cluster_size"": 18, ""min_samples"": 5, ""n_class"": 337, ""n_edges"": 4, ""n_intervals"": 5, ""n_vertices"": 5, ""noise_reassigned"": 306, ""placement"": ""quantile"", ""slabs"": [{""k"": 1, ""n"": 76}, {""k"": 1, ""n"": 84}, {""k"": 1, ""n"": 85}, {""k"": 1, ""n"": 84}, {""k"": 1, ""n"": 76}]}, {""constant_lens"": false, ""gain"": 0.25, ""lens"": ""pc1"", ""lens_scaling"": ""standardize"", ""min_cluster_size"": 18, ""min_samples"": 5, ""n_class"": 338, ""n_edges"": 4, ""n_intervals"": 5, ""n_vertices"": 5, ""noise_reassigned"": 276, ""placement"": ""quantile"", ""slabs"": [{""k"": 1, ""n"": 76}, {""k"": 1, ""n"": 85}, {""k"": 1, ""n"": 84}, {""k"": 1, ""n"": 85}, {""k"": 1, ""n"": 76}]}, {""constant_lens"": false, ""gain"": 0.25, ""lens"": ""pc1"", ""lens_scaling"": ""standardize"", ""min_cluster_size"": 18, ""min_samples"": 5, ""n_class"": 338, ""n_edges"": 4, ""n_intervals"": 5, ""n_vertices"": 5, ""noise_reassigned"": 305, ""placement"": ""quantile"", ""slabs"": [{""k"": 1, ""n"": 76}, {""k"": 1, ""n"": 85}, {""k"": 1, ""n"": 84}, {""k"": 1, ""n"": 85}, {""k"": 1, ""n"": 76}]}, {""constant_lens"": false, ""gain"": 0.25, ""lens"": ""pc1"", ""lens_scaling"": ""standardize"", ""min_cluster_size"": 18, ""min_samples"": 5, ""n_class"": 337, ""n_edges"": 4, ""n_intervals"": 5, ""n_vertices"": 5, ""noise_reassigned"": 301, ""placement"": ""quantile"", ""slabs"": [{""k"": 1, ""n"": 76}, {""k"": 1, ""n"": 84}, {""k"": 1, ""n"": 85}, {""k"": 1, ""n"": 84}, {""k"": 1, ""n"": 76}]}, {""constant_lens"": false, ""gain"": 0.25, ""lens"": ""pc1"", ""lens_scaling"": ""standardize"", ""min_cluster_size"": 18, ""min_samples"": 5, ""n_class"": 337, ""n_edges"": 4, ""n_intervals"": 5, ""n_vertices"": 5, ""noise_reassigned"": 309, ""placement"": ""quantile"", ""slabs"": [{""k"": 1, ""n"": 76}, {""k"": 1, ""n"": 84}, {""k"": 1, ""n"": 85}, {""k"": 1, ""n"": 84}, {""k"": 1, ""n"": 76}]}, {""constant_lens"": false, ""gain"": 0.25, ""lens"": ""pc1"", ""lens_scaling"": ""standardize"", ""min_cluster_size"": 18, ""min_samples"": 5, ""n_class"": 338, ""n_edges"": 4, ""n_intervals"": 5, ""n_vertices"": 5, ""noise_reassigned"": 313, ""placement"": ""quantile"", ""slabs"": [{""k"": 1, ""n"": 76}, {""k"": 1, ""n"": 85}, {""k"": 1, ""n"": 84}, {""k"": 1, ""n"": 85}, {""k"": 1, ""n"": 76}]}, {""constant_lens"": false, ""gain"": 0.25, ""lens"": ""pc1"", ""lens_scaling"": ""standardize"", ""min_cluster_size"": 18, ""min_samples"": 5, ""n_class"": 337, ""n_edges"": 4, ""n_intervals"": 5, ""n_vertices"": 5, ""noise_reassigned"": 298, ""placement"": ""quantile"", ""slabs"": [{""k"": 1, ""n"": 76}, {""k"": 1, ""n"": 84}, {""k"": 1, ""n"": 85}, {""k"": 1, ""n"": 84}, {""k"": 1, ""n"": 76}]}], ""soundness_bound_holds"": true, ""step_rule"": ""scale_free"", ""topology_retention_nerve_to_frozen"": {""beta0_frozen"": 13, ""beta0_nerve"": 11, ""beta1_frozen"": 0, ""beta1_nerve"": 0}}",True
0.9654545454545455,495,False,0.1,0.1,,7.2888180000009015,7.2888180000009015,0.0,texture,3,,SPINE+Graph,10,495,550,4950,0.9,1036474160,False,"{""admission"": {""criterion"": ""risk"", ""removed_risk"": 2, ""removed_support"": 0}, ""betti_final"": [[3, 0], [1, 0], [1, 0], [1, 0], [1, 0], [1, 0], [1, 0], [1, 0], [1, 0], [1, 0], [1, 0]], ""betti_frozen"": [[3, 0], [1, 0], [1, 0], [1, 0], [1, 0], [1, 0], [1, 0], [1, 0], [1, 0], [1, 0], [1, 0]], ""betti_nerve"": [[1, 0], [1, 0], [1, 0], [1, 0], [1, 0], [1, 0], [1, 0], [1, 0], [1, 0], [1, 0], [1, 0]], ""boundary_restriction"": ""both"", ""forced_removals"": 0, ""growth_representation_fallbacks"": 418, ""invariant_held"": true, ""n_segments"": 482, ""n_train_fit"": 3712, ""n_val"": 1238, ""phase0"": [{""constant_lens"": false, ""gain"": 0.25, ""lens"": ""pc1"", ""lens_scaling"": ""standardize"", ""min_cluster_size"": 18, ""min_samples"": 5, ""n_class"": 337, ""n_edges"": 4, ""n_intervals"": 5, ""n_vertices"": 5, ""noise_reassigned"": 314, ""placement"": ""quantile"", ""slabs"": [{""k"": 1, ""n"": 76}, {""k"": 1, ""n"": 84}, {""k"": 1, ""n"": 85}, {""k"": 1, ""n"": 84}, {""k"": 1, ""n"": 76}]}, {""constant_lens"": false, ""gain"": 0.25, ""lens"": ""pc1"", ""lens_scaling"": ""standardize"", ""min_cluster_size"": 18, ""min_samples"": 5, ""n_class"": 337, ""n_edges"": 4, ""n_intervals"": 5, ""n_vertices"": 5, ""noise_reassigned"": 315, ""placement"": ""quantile"", ""slabs"": [{""k"": 1, ""n"": 76}, {""k"": 1, ""n"": 84}, {""k"": 1, ""n"": 85}, {""k"": 1, ""n"": 84}, {""k"": 1, ""n"": 76}]}, {""constant_lens"": false, ""gain"": 0.25, ""lens"": ""pc1"", ""lens_scaling"": ""standardize"", ""min_cluster_size"": 18, ""min_samples"": 5, ""n_class"": 338, ""n_edges"": 4, ""n_intervals"": 5, ""n_vertices"": 5, ""noise_reassigned"": 314, ""placement"": ""quantile"", ""slabs"": [{""k"": 1, ""n"": 76}, {""k"": 1, ""n"": 85}, {""k"": 1, ""n"": 84}, {""k"": 1, ""n"": 85}, {""k"": 1, ""n"": 76}]}, {""constant_lens"": false, ""gain"": 0.25, ""lens"": ""pc1"", ""lens_scaling"": ""standardize"", ""min_cluster_size"": 18, ""min_samples"": 5, ""n_class"": 338, ""n_edges"": 4, ""n_intervals"": 5, ""n_vertices"": 5, ""noise_reassigned"": 309, ""placement"": ""quantile"", ""slabs"": [{""k"": 1, ""n"": 76}, {""k"": 1, ""n"": 85}, {""k"": 1, ""n"": 84}, {""k"": 1, ""n"": 85}, {""k"": 1, ""n"": 76}]}, {""constant_lens"": false, ""gain"": 0.25, ""lens"": ""pc1"", ""lens_scaling"": ""standardize"", ""min_cluster_size"": 18, ""min_samples"": 5, ""n_class"": 337, ""n_edges"": 4, ""n_intervals"": 5, ""n_vertices"": 5, ""noise_reassigned"": 306, ""placement"": ""quantile"", ""slabs"": [{""k"": 1, ""n"": 76}, {""k"": 1, ""n"": 84}, {""k"": 1, ""n"": 85}, {""k"": 1, ""n"": 84}, {""k"": 1, ""n"": 76}]}, {""constant_lens"": false, ""gain"": 0.25, ""lens"": ""pc1"", ""lens_scaling"": ""standardize"", ""min_cluster_size"": 18, ""min_samples"": 5, ""n_class"": 338, ""n_edges"": 4, ""n_intervals"": 5, ""n_vertices"": 5, ""noise_reassigned"": 276, ""placement"": ""quantile"", ""slabs"": [{""k"": 1, ""n"": 76}, {""k"": 1, ""n"": 85}, {""k"": 1, ""n"": 84}, {""k"": 1, ""n"": 85}, {""k"": 1, ""n"": 76}]}, {""constant_lens"": false, ""gain"": 0.25, ""lens"": ""pc1"", ""lens_scaling"": ""standardize"", ""min_cluster_size"": 18, ""min_samples"": 5, ""n_class"": 338, ""n_edges"": 4, ""n_intervals"": 5, ""n_vertices"": 5, ""noise_reassigned"": 305, ""placement"": ""quantile"", ""slabs"": [{""k"": 1, ""n"": 76}, {""k"": 1, ""n"": 85}, {""k"": 1, ""n"": 84}, {""k"": 1, ""n"": 85}, {""k"": 1, ""n"": 76}]}, {""constant_lens"": false, ""gain"": 0.25, ""lens"": ""pc1"", ""lens_scaling"": ""standardize"", ""min_cluster_size"": 18, ""min_samples"": 5, ""n_class"": 337, ""n_edges"": 4, ""n_intervals"": 5, ""n_vertices"": 5, ""noise_reassigned"": 301, ""placement"": ""quantile"", ""slabs"": [{""k"": 1, ""n"": 76}, {""k"": 1, ""n"": 84}, {""k"": 1, ""n"": 85}, {""k"": 1, ""n"": 84}, {""k"": 1, ""n"": 76}]}, {""constant_lens"": false, ""gain"": 0.25, ""lens"": ""pc1"", ""lens_scaling"": ""standardize"", ""min_cluster_size"": 18, ""min_samples"": 5, ""n_class"": 337, ""n_edges"": 4, ""n_intervals"": 5, ""n_vertices"": 5, ""noise_reassigned"": 309, ""placement"": ""quantile"", ""slabs"": [{""k"": 1, ""n"": 76}, {""k"": 1, ""n"": 84}, {""k"": 1, ""n"": 85}, {""k"": 1, ""n"": 84}, {""k"": 1, ""n"": 76}]}, {""constant_lens"": false, ""gain"": 0.25, ""lens"": ""pc1"", ""lens_scaling"": ""standardize"", ""min_cluster_size"": 18, ""min_samples"": 5, ""n_class"": 338, ""n_edges"": 4, ""n_intervals"": 5, ""n_vertices"": 5, ""noise_reassigned"": 313, ""placement"": ""quantile"", ""slabs"": [{""k"": 1, ""n"": 76}, {""k"": 1, ""n"": 85}, {""k"": 1, ""n"": 84}, {""k"": 1, ""n"": 85}, {""k"": 1, ""n"": 76}]}, {""constant_lens"": false, ""gain"": 0.25, ""lens"": ""pc1"", ""lens_scaling"": ""standardize"", ""min_cluster_size"": 18, ""min_samples"": 5, ""n_class"": 337, ""n_edges"": 4, ""n_intervals"": 5, ""n_vertices"": 5, ""noise_reassigned"": 298, ""placement"": ""quantile"", ""slabs"": [{""k"": 1, ""n"": 76}, {""k"": 1, ""n"": 84}, {""k"": 1, ""n"": 85}, {""k"": 1, ""n"": 84}, {""k"": 1, ""n"": 76}]}], ""soundness_bound_holds"": true, ""step_rule"": ""scale_free"", ""topology_retention_nerve_to_frozen"": {""beta0_frozen"": 13, ""beta0_nerve"": 11, ""beta1_frozen"": 0, ""beta1_nerve"": 0}}",True
0.9745454545454545,495,False,0.1,0.1,,6.434739999996964,114.18423399998574,107.74949399998877,texture,3,"{""epsilon"": 0.1, ""window"": 0.3}",LVQ3,10,495,550,4950,0.9,1036474160,False,,True
0.9672727272727273,495,False,0.1,0.1,"{""0"": 45, ""1"": 45, ""10"": 45, ""2"": 45, ""3"": 45, ""4"": 45, ""5"": 45, ""6"": 45, ""7"": 45, ""8"": 45, ""9"": 45}",2.401118999987375,2.401118999987375,0.0,texture,3,,KMeans,10,495,550,4950,0.9,1036474160,False,,True
0.9381818181818182,495,False,0.1,0.1,"{""0"": 45, ""1"": 45, ""10"": 45, ""2"": 45, ""3"": 45, ""4"": 45, ""5"": 45, ""6"": 45, ""7"": 45, ""8"": 45, ""9"": 45}",0.0019169999868609011,0.0019169999868609011,0.0,texture,3,,Random,10,495,550,4950,0.9,1036474160,False,,True
0.9545454545454546,495,False,0.1,0.1,,1.9283890000078827,1.9283890000078827,0.0,texture,3,,SPOT,10,495,550,4950,0.9,1036474160,False,,True
0.9145454545454546,495,False,0.1,0.1,,54.84832200000528,54.84832200000528,0.0,texture,3,,GLVQ,10,495,550,4950,0.9,1036474160,False,,True
0.9709090909090909,495,False,0.1,0.1,,5.103729000024032,5.103729000024032,0.0,texture,3,,GNG,10,495,550,4950,0.9,1036474160,False,,True
0.9890909090909091,1238,False,0.2501010101010101,0.25,,0.0012040000292472541,0.0012040000292472541,0.0,texture,3,,Full,10,4950,550,4950,0.0,1036474160,True,,False
0.9745454545454545,1238,False,0.2501010101010101,0.25,,1.5759349999716505,1.5759349999716505,0.0,texture,3,,RSP3,10,853,550,4950,0.8276767676767677,1036474160,True,,False
0.9745454545454545,1238,False,0.2501010101010101,0.25,,0.8354119999567047,0.8354119999567047,0.0,texture,3,,RHC,10,277,550,4950,0.944040404040404,1036474160,True,,False
0.9745454545454545,1238,False,0.2501010101010101,0.25,,15.071942000009585,15.071942000009585,0.0,texture,3,,SPINE+1NN,10,1238,550,4950,0.7498989898989898,1036474160,False,"{""admission"": {""criterion"": ""risk"", ""removed_risk"": 2, ""removed_support"": 0}, ""betti_final"": [[3, 0], [1, 0], [1, 0], [1, 0], [1, 0], [1, 0], [1, 0], [1, 0], [1, 0], [1, 0], [1, 0]], ""betti_frozen"": [[3, 0], [1, 0], [1, 0], [1, 0], [1, 0], [1, 0], [1, 0], [1, 0], [1, 0], [1, 0], [1, 0]], ""betti_nerve"": [[1, 0], [1, 0], [1, 0], [1, 0], [1, 0], [1, 0], [1, 0], [1, 0], [1, 0], [1, 0], [1, 0]], ""boundary_restriction"": ""both"", ""forced_removals"": 0, ""growth_representation_fallbacks"": 1329, ""invariant_held"": true, ""n_segments"": 1225, ""n_train_fit"": 3712, ""n_val"": 1238, ""phase0"": [{""constant_lens"": false, ""gain"": 0.25, ""lens"": ""pc1"", ""lens_scaling"": ""standardize"", ""min_cluster_size"": 18, ""min_samples"": 5, ""n_class"": 337, ""n_edges"": 4, ""n_intervals"": 5, ""n_vertices"": 5, ""noise_reassigned"": 314, ""placement"": ""quantile"", ""slabs"": [{""k"": 1, ""n"": 76}, {""k"": 1, ""n"": 84}, {""k"": 1, ""n"": 85}, {""k"": 1, ""n"": 84}, {""k"": 1, ""n"": 76}]}, {""constant_lens"": false, ""gain"": 0.25, ""lens"": ""pc1"", ""lens_scaling"": ""standardize"", ""min_cluster_size"": 18, ""min_samples"": 5, ""n_class"": 337, ""n_edges"": 4, ""n_intervals"": 5, ""n_vertices"": 5, ""noise_reassigned"": 315, ""placement"": ""quantile"", ""slabs"": [{""k"": 1, ""n"": 76}, {""k"": 1, ""n"": 84}, {""k"": 1, ""n"": 85}, {""k"": 1, ""n"": 84}, {""k"": 1, ""n"": 76}]}, {""constant_lens"": false, ""gain"": 0.25, ""lens"": ""pc1"", ""lens_scaling"": ""standardize"", ""min_cluster_size"": 18, ""min_samples"": 5, ""n_class"": 338, ""n_edges"": 4, ""n_intervals"": 5, ""n_vertices"": 5, ""noise_reassigned"": 314, ""placement"": ""quantile"", ""slabs"": [{""k"": 1, ""n"": 76}, {""k"": 1, ""n"": 85}, {""k"": 1, ""n"": 84}, {""k"": 1, ""n"": 85}, {""k"": 1, ""n"": 76}]}, {""constant_lens"": false, ""gain"": 0.25, ""lens"": ""pc1"", ""lens_scaling"": ""standardize"", ""min_cluster_size"": 18, ""min_samples"": 5, ""n_class"": 338, ""n_edges"": 4, ""n_intervals"": 5, ""n_vertices"": 5, ""noise_reassigned"": 309, ""placement"": ""quantile"", ""slabs"": [{""k"": 1, ""n"": 76}, {""k"": 1, ""n"": 85}, {""k"": 1, ""n"": 84}, {""k"": 1, ""n"": 85}, {""k"": 1, ""n"": 76}]}, {""constant_lens"": false, ""gain"": 0.25, ""lens"": ""pc1"", ""lens_scaling"": ""standardize"", ""min_cluster_size"": 18, ""min_samples"": 5, ""n_class"": 337, ""n_edges"": 4, ""n_intervals"": 5, ""n_vertices"": 5, ""noise_reassigned"": 306, ""placement"": ""quantile"", ""slabs"": [{""k"": 1, ""n"": 76}, {""k"": 1, ""n"": 84}, {""k"": 1, ""n"": 85}, {""k"": 1, ""n"": 84}, {""k"": 1, ""n"": 76}]}, {""constant_lens"": false, ""gain"": 0.25, ""lens"": ""pc1"", ""lens_scaling"": ""standardize"", ""min_cluster_size"": 18, ""min_samples"": 5, ""n_class"": 338, ""n_edges"": 4, ""n_intervals"": 5, ""n_vertices"": 5, ""noise_reassigned"": 276, ""placement"": ""quantile"", ""slabs"": [{""k"": 1, ""n"": 76}, {""k"": 1, ""n"": 85}, {""k"": 1, ""n"": 84}, {""k"": 1, ""n"": 85}, {""k"": 1, ""n"": 76}]}, {""constant_lens"": false, ""gain"": 0.25, ""lens"": ""pc1"", ""lens_scaling"": ""standardize"", ""min_cluster_size"": 18, ""min_samples"": 5, ""n_class"": 338, ""n_edges"": 4, ""n_intervals"": 5, ""n_vertices"": 5, ""noise_reassigned"": 305, ""placement"": ""quantile"", ""slabs"": [{""k"": 1, ""n"": 76}, {""k"": 1, ""n"": 85}, {""k"": 1, ""n"": 84}, {""k"": 1, ""n"": 85}, {""k"": 1, ""n"": 76}]}, {""constant_lens"": false, ""gain"": 0.25, ""lens"": ""pc1"", ""lens_scaling"": ""standardize"", ""min_cluster_size"": 18, ""min_samples"": 5, ""n_class"": 337, ""n_edges"": 4, ""n_intervals"": 5, ""n_vertices"": 5, ""noise_reassigned"": 301, ""placement"": ""quantile"", ""slabs"": [{""k"": 1, ""n"": 76}, {""k"": 1, ""n"": 84}, {""k"": 1, ""n"": 85}, {""k"": 1, ""n"": 84}, {""k"": 1, ""n"": 76}]}, {""constant_lens"": false, ""gain"": 0.25, ""lens"": ""pc1"", ""lens_scaling"": ""standardize"", ""min_cluster_size"": 18, ""min_samples"": 5, ""n_class"": 337, ""n_edges"": 4, ""n_intervals"": 5, ""n_vertices"": 5, ""noise_reassigned"": 309, ""placement"": ""quantile"", ""slabs"": [{""k"": 1, ""n"": 76}, {""k"": 1, ""n"": 84}, {""k"": 1, ""n"": 85}, {""k"": 1, ""n"": 84}, {""k"": 1, ""n"": 76}]}, {""constant_lens"": false, ""gain"": 0.25, ""lens"": ""pc1"", ""lens_scaling"": ""standardize"", ""min_cluster_size"": 18, ""min_samples"": 5, ""n_class"": 338, ""n_edges"": 4, ""n_intervals"": 5, ""n_vertices"": 5, ""noise_reassigned"": 313, ""placement"": ""quantile"", ""slabs"": [{""k"": 1, ""n"": 76}, {""k"": 1, ""n"": 85}, {""k"": 1, ""n"": 84}, {""k"": 1, ""n"": 85}, {""k"": 1, ""n"": 76}]}, {""constant_lens"": false, ""gain"": 0.25, ""lens"": ""pc1"", ""lens_scaling"": ""standardize"", ""min_cluster_size"": 18, ""min_samples"": 5, ""n_class"": 337, ""n_edges"": 4, ""n_intervals"": 5, ""n_vertices"": 5, ""noise_reassigned"": 298, ""placement"": ""quantile"", ""slabs"": [{""k"": 1, ""n"": 76}, {""k"": 1, ""n"": 84}, {""k"": 1, ""n"": 85}, {""k"": 1, ""n"": 84}, {""k"": 1, ""n"": 76}]}], ""soundness_bound_holds"": true, ""step_rule"": ""scale_free"", ""topology_retention_nerve_to_frozen"": {""beta0_frozen"": 13, ""beta0_nerve"": 11, ""beta1_frozen"": 0, ""beta1_nerve"": 0}}",True
0.9763636363636363,1238,False,0.2501010101010101,0.25,,15.071942000009585,15.071942000009585,0.0,texture,3,,SPINE+Graph,10,1238,550,4950,0.7498989898989898,1036474160,False,"{""admission"": {""criterion"": ""risk"", ""removed_risk"": 2, ""removed_support"": 0}, ""betti_final"": [[3, 0], [1, 0], [1, 0], [1, 0], [1, 0], [1, 0], [1, 0], [1, 0], [1, 0], [1, 0], [1, 0]], ""betti_frozen"": [[3, 0], [1, 0], [1, 0], [1, 0], [1, 0], [1, 0], [1, 0], [1, 0], [1, 0], [1, 0], [1, 0]], ""betti_nerve"": [[1, 0], [1, 0], [1, 0], [1, 0], [1, 0], [1, 0], [1, 0], [1, 0], [1, 0], [1, 0], [1, 0]], ""boundary_restriction"": ""both"", ""forced_removals"": 0, ""growth_representation_fallbacks"": 1329, ""invariant_held"": true, ""n_segments"": 1225, ""n_train_fit"": 3712, ""n_val"": 1238, ""phase0"": [{""constant_lens"": false, ""gain"": 0.25, ""lens"": ""pc1"", ""lens_scaling"": ""standardize"", ""min_cluster_size"": 18, ""min_samples"": 5, ""n_class"": 337, ""n_edges"": 4, ""n_intervals"": 5, ""n_vertices"": 5, ""noise_reassigned"": 314, ""placement"": ""quantile"", ""slabs"": [{""k"": 1, ""n"": 76}, {""k"": 1, ""n"": 84}, {""k"": 1, ""n"": 85}, {""k"": 1, ""n"": 84}, {""k"": 1, ""n"": 76}]}, {""constant_lens"": false, ""gain"": 0.25, ""lens"": ""pc1"", ""lens_scaling"": ""standardize"", ""min_cluster_size"": 18, ""min_samples"": 5, ""n_class"": 337, ""n_edges"": 4, ""n_intervals"": 5, ""n_vertices"": 5, ""noise_reassigned"": 315, ""placement"": ""quantile"", ""slabs"": [{""k"": 1, ""n"": 76}, {""k"": 1, ""n"": 84}, {""k"": 1, ""n"": 85}, {""k"": 1, ""n"": 84}, {""k"": 1, ""n"": 76}]}, {""constant_lens"": false, ""gain"": 0.25, ""lens"": ""pc1"", ""lens_scaling"": ""standardize"", ""min_cluster_size"": 18, ""min_samples"": 5, ""n_class"": 338, ""n_edges"": 4, ""n_intervals"": 5, ""n_vertices"": 5, ""noise_reassigned"": 314, ""placement"": ""quantile"", ""slabs"": [{""k"": 1, ""n"": 76}, {""k"": 1, ""n"": 85}, {""k"": 1, ""n"": 84}, {""k"": 1, ""n"": 85}, {""k"": 1, ""n"": 76}]}, {""constant_lens"": false, ""gain"": 0.25, ""lens"": ""pc1"", ""lens_scaling"": ""standardize"", ""min_cluster_size"": 18, ""min_samples"": 5, ""n_class"": 338, ""n_edges"": 4, ""n_intervals"": 5, ""n_vertices"": 5, ""noise_reassigned"": 309, ""placement"": ""quantile"", ""slabs"": [{""k"": 1, ""n"": 76}, {""k"": 1, ""n"": 85}, {""k"": 1, ""n"": 84}, {""k"": 1, ""n"": 85}, {""k"": 1, ""n"": 76}]}, {""constant_lens"": false, ""gain"": 0.25, ""lens"": ""pc1"", ""lens_scaling"": ""standardize"", ""min_cluster_size"": 18, ""min_samples"": 5, ""n_class"": 337, ""n_edges"": 4, ""n_intervals"": 5, ""n_vertices"": 5, ""noise_reassigned"": 306, ""placement"": ""quantile"", ""slabs"": [{""k"": 1, ""n"": 76}, {""k"": 1, ""n"": 84}, {""k"": 1, ""n"": 85}, {""k"": 1, ""n"": 84}, {""k"": 1, ""n"": 76}]}, {""constant_lens"": false, ""gain"": 0.25, ""lens"": ""pc1"", ""lens_scaling"": ""standardize"", ""min_cluster_size"": 18, ""min_samples"": 5, ""n_class"": 338, ""n_edges"": 4, ""n_intervals"": 5, ""n_vertices"": 5, ""noise_reassigned"": 276, ""placement"": ""quantile"", ""slabs"": [{""k"": 1, ""n"": 76}, {""k"": 1, ""n"": 85}, {""k"": 1, ""n"": 84}, {""k"": 1, ""n"": 85}, {""k"": 1, ""n"": 76}]}, {""constant_lens"": false, ""gain"": 0.25, ""lens"": ""pc1"", ""lens_scaling"": ""standardize"", ""min_cluster_size"": 18, ""min_samples"": 5, ""n_class"": 338, ""n_edges"": 4, ""n_intervals"": 5, ""n_vertices"": 5, ""noise_reassigned"": 305, ""placement"": ""quantile"", ""slabs"": [{""k"": 1, ""n"": 76}, {""k"": 1, ""n"": 85}, {""k"": 1, ""n"": 84}, {""k"": 1, ""n"": 85}, {""k"": 1, ""n"": 76}]}, {""constant_lens"": false, ""gain"": 0.25, ""lens"": ""pc1"", ""lens_scaling"": ""standardize"", ""min_cluster_size"": 18, ""min_samples"": 5, ""n_class"": 337, ""n_edges"": 4, ""n_intervals"": 5, ""n_vertices"": 5, ""noise_reassigned"": 301, ""placement"": ""quantile"", ""slabs"": [{""k"": 1, ""n"": 76}, {""k"": 1, ""n"": 84}, {""k"": 1, ""n"": 85}, {""k"": 1, ""n"": 84}, {""k"": 1, ""n"": 76}]}, {""constant_lens"": false, ""gain"": 0.25, ""lens"": ""pc1"", ""lens_scaling"": ""standardize"", ""min_cluster_size"": 18, ""min_samples"": 5, ""n_class"": 337, ""n_edges"": 4, ""n_intervals"": 5, ""n_vertices"": 5, ""noise_reassigned"": 309, ""placement"": ""quantile"", ""slabs"": [{""k"": 1, ""n"": 76}, {""k"": 1, ""n"": 84}, {""k"": 1, ""n"": 85}, {""k"": 1, ""n"": 84}, {""k"": 1, ""n"": 76}]}, {""constant_lens"": false, ""gain"": 0.25, ""lens"": ""pc1"", ""lens_scaling"": ""standardize"", ""min_cluster_size"": 18, ""min_samples"": 5, ""n_class"": 338, ""n_edges"": 4, ""n_intervals"": 5, ""n_vertices"": 5, ""noise_reassigned"": 313, ""placement"": ""quantile"", ""slabs"": [{""k"": 1, ""n"": 76}, {""k"": 1, ""n"": 85}, {""k"": 1, ""n"": 84}, {""k"": 1, ""n"": 85}, {""k"": 1, ""n"": 76}]}, {""constant_lens"": false, ""gain"": 0.25, ""lens"": ""pc1"", ""lens_scaling"": ""standardize"", ""min_cluster_size"": 18, ""min_samples"": 5, ""n_class"": 337, ""n_edges"": 4, ""n_intervals"": 5, ""n_vertices"": 5, ""noise_reassigned"": 298, ""placement"": ""quantile"", ""slabs"": [{""k"": 1, ""n"": 76}, {""k"": 1, ""n"": 84}, {""k"": 1, ""n"": 85}, {""k"": 1, ""n"": 84}, {""k"": 1, ""n"": 76}]}], ""soundness_bound_holds"": true, ""step_rule"": ""scale_free"", ""topology_retention_nerve_to_frozen"": {""beta0_frozen"": 13, ""beta0_nerve"": 11, ""beta1_frozen"": 0, ""beta1_nerve"": 0}}",True
0.9781818181818182,1238,False,0.2501010101010101,0.25,,15.014039999980014,260.2724680000101,245.2584280000301,texture,3,"{""epsilon"": 0.3, ""window"": 0.2}",LVQ3,10,1238,550,4950,0.7498989898989898,1036474160,False,,True
0.9836363636363636,1238,False,0.2501010101010101,0.25,"{""0"": 113, ""1"": 113, ""10"": 112, ""2"": 113, ""3"": 113, ""4"": 113, ""5"": 113, ""6"": 112, ""7"": 112, ""8"": 112, ""9"": 112}",4.8572409999906085,4.8572409999906085,0.0,texture,3,,KMeans,10,1238,550,4950,0.7498989898989898,1036474160,False,,True
0.9672727272727273,1238,False,0.2501010101010101,0.25,"{""0"": 113, ""1"": 113, ""10"": 112, ""2"": 113, ""3"": 113, ""4"": 113, ""5"": 113, ""6"": 112, ""7"": 112, ""8"": 112, ""9"": 112}",0.0026050000451505184,0.0026050000451505184,0.0,texture,3,,Random,10,1238,550,4950,0.7498989898989898,1036474160,False,,True
0.9745454545454545,1238,False,0.2501010101010101,0.25,,1.992214000027161,1.992214000027161,0.0,texture,3,,SPOT,10,1238,550,4950,0.7498989898989898,1036474160,False,,True
0.9109090909090909,1238,False,0.2501010101010101,0.25,,132.41731800005073,132.41731800005073,0.0,texture,3,,GLVQ,10,1238,550,4950,0.7498989898989898,1036474160,False,,True
0.98,1238,False,0.2501010101010101,0.25,,17.810227999987546,17.810227999987546,0.0,texture,3,,GNG,10,1238,550,4950,0.7498989898989898,1036474160,False,,True
0.9927272727272727,25,False,0.005050505050505051,0.005,,0.0012999999453313649,0.0012999999453313649,0.0,texture,4,,Full,10,4950,550,4950,0.0,1037474163,False,,False
0.990909090909091,25,False,0.005050505050505051,0.005,,1.7261549999821,1.7261549999821,0.0,texture,4,,RSP3,10,884,550,4950,0.8214141414141414,1037474163,False,,False
0.9854545454545455,25,False,0.005050505050505051,0.005,,0.8735040000174195,0.8735040000174195,0.0,texture,4,,RHC,10,281,550,4950,0.9432323232323232,1037474163,False,,False
0.8,25,False,0.005050505050505051,0.005,,3.732490999973379,3.732490999973379,0.0,texture,4,,SPINE+1NN,10,25,550,4950,0.9949494949494949,1037474163,False,"{""admission"": {""criterion"": ""risk"", ""removed_risk"": 6, ""removed_support"": 0}, ""betti_final"": [[1, 0], [1, 0], [1, 0], [1, 0], [1, 0], [2, 0], [1, 0], [2, 0], [1, 0], [2, 0], [2, 0]], ""betti_frozen"": [[1, 0], [1, 0], [1, 0], [1, 0], [1, 0], [2, 0], [1, 0], [3, 0], [1, 0], [2, 0], [3, 0]], ""betti_nerve"": [[1, 0], [1, 0], [1, 0], [1, 0], [1, 0], [1, 0], [1, 0], [1, 0], [1, 0], [1, 0], [1, 0]], ""boundary_restriction"": ""both"", ""forced_removals"": 2, ""growth_representation_fallbacks"": 0, ""invariant_held"": false, ""n_segments"": 10, ""n_train_fit"": 3712, ""n_val"": 1238, ""phase0"": [{""constant_lens"": false, ""gain"": 0.25, ""lens"": ""pc1"", ""lens_scaling"": ""standardize"", ""min_cluster_size"": 18, ""min_samples"": 5, ""n_class"": 337, ""n_edges"": 4, ""n_intervals"": 5, ""n_vertices"": 5, ""noise_reassigned"": 295, ""placement"": ""quantile"", ""slabs"": [{""k"": 1, ""n"": 76}, {""k"": 1, ""n"": 84}, {""k"": 1, ""n"": 85}, {""k"": 1, ""n"": 84}, {""k"": 1, ""n"": 76}]}, {""constant_lens"": false, ""gain"": 0.25, ""lens"": ""pc1"", ""lens_scaling"": ""standardize"", ""min_cluster_size"": 18, ""min_samples"": 5, ""n_class"": 338, ""n_edges"": 4, ""n_intervals"": 5, ""n_vertices"": 5, ""noise_reassigned"": 315, ""placement"": ""quantile"", ""slabs"": [{""k"": 1, ""n"": 76}, {""k"": 1, ""n"": 85}, {""k"": 1, ""n"": 84}, {""k"": 1, ""n"": 85}, {""k"": 1, ""n"": 76}]}, {""constant_lens"": false, ""gain"": 0.25, ""lens"": ""pc1"", ""lens_scaling"": ""standardize"", ""min_cluster_size"": 18, ""min_samples"": 5, ""n_class"": 337, ""n_edges"": 4, ""n_intervals"": 5, ""n_vertices"": 5, ""noise_reassigned"": 312, ""placement"": ""quantile"", ""slabs"": [{""k"": 1, ""n"": 76}, {""k"": 1, ""n"": 84}, {""k"": 1, ""n"": 85}, {""k"": 1, ""n"": 84}, {""k"": 1, ""n"": 76}]}, {""constant_lens"": false, ""gain"": 0.25, ""lens"": ""pc1"", ""lens_scaling"": ""standardize"", ""min_cluster_size"": 18, ""min_samples"": 5, ""n_class"": 338, ""n_edges"": 4, ""n_intervals"": 5, ""n_vertices"": 5, ""noise_reassigned"": 256, ""placement"": ""quantile"", ""slabs"": [{""k"": 1, ""n"": 76}, {""k"": 1, ""n"": 85}, {""k"": 1, ""n"": 84}, {""k"": 1, ""n"": 85}, {""k"": 1, ""n"": 76}]}, {""constant_lens"": false, ""gain"": 0.25, ""lens"": ""pc1"", ""lens_scaling"": ""standardize"", ""min_cluster_size"": 18, ""min_samples"": 5, ""n_class"": 337, ""n_edges"": 4, ""n_intervals"": 5, ""n_vertices"": 5, ""noise_reassigned"": 304, ""placement"": ""quantile"", ""slabs"": [{""k"": 1, ""n"": 76}, {""k"": 1, ""n"": 84}, {""k"": 1, ""n"": 85}, {""k"": 1, ""n"": 84}, {""k"": 1, ""n"": 76}]}, {""constant_lens"": false, ""gain"": 0.25, ""lens"": ""pc1"", ""lens_scaling"": ""standardize"", ""min_cluster_size"": 18, ""min_samples"": 5, ""n_class"": 338, ""n_edges"": 4, ""n_intervals"": 5, ""n_vertices"": 5, ""noise_reassigned"": 269, ""placement"": ""quantile"", ""slabs"": [{""k"": 1, ""n"": 76}, {""k"": 1, ""n"": 85}, {""k"": 1, ""n"": 84}, {""k"": 1, ""n"": 85}, {""k"": 1, ""n"": 76}]}, {""constant_lens"": false, ""gain"": 0.25, ""lens"": ""pc1"", ""lens_scaling"": ""standardize"", ""min_cluster_size"": 18, ""min_samples"": 5, ""n_class"": 337, ""n_edges"": 4, ""n_intervals"": 5, ""n_vertices"": 5, ""noise_reassigned"": 308, ""placement"": ""quantile"", ""slabs"": [{""k"": 1, ""n"": 76}, {""k"": 1, ""n"": 84}, {""k"": 1, ""n"": 85}, {""k"": 1, ""n"": 84}, {""k"": 1, ""n"": 76}]}, {""constant_lens"": false, ""gain"": 0.25, ""lens"": ""pc1"", ""lens_scaling"": ""standardize"", ""min_cluster_size"": 18, ""min_samples"": 5, ""n_class"": 337, ""n_edges"": 4, ""n_intervals"": 5, ""n_vertices"": 5, ""noise_reassigned"": 311, ""placement"": ""quantile"", ""slabs"": [{""k"": 1, ""n"": 76}, {""k"": 1, ""n"": 84}, {""k"": 1, ""n"": 85}, {""k"": 1, ""n"": 84}, {""k"": 1, ""n"": 76}]}, {""constant_lens"": false, ""gain"": 0.25, ""lens"": ""pc1"", ""lens_scaling"": ""standardize"", ""min_cluster_size"": 18, ""min_samples"": 5, ""n_class"": 338, ""n_edges"": 4, ""n_intervals"": 5, ""n_vertices"": 5, ""noise_reassigned"": 277, ""placement"": ""quantile"", ""slabs"": [{""k"": 1, ""n"": 76}, {""k"": 1, ""n"": 85}, {""k"": 1, ""n"": 84}, {""k"": 1, ""n"": 85}, {""k"": 1, ""n"": 76}]}, {""constant_lens"": false, ""gain"": 0.25, ""lens"": ""pc1"", ""lens_scaling"": ""standardize"", ""min_cluster_size"": 18, ""min_samples"": 5, ""n_class"": 337, ""n_edges"": 4, ""n_intervals"": 5, ""n_vertices"": 5, ""noise_reassigned"": 309, ""placement"": ""quantile"", ""slabs"": [{""k"": 1, ""n"": 76}, {""k"": 1, ""n"": 84}, {""k"": 1, ""n"": 85}, {""k"": 1, ""n"": 84}, {""k"": 1, ""n"": 76}]}, {""constant_lens"": false, ""gain"": 0.25, ""lens"": ""pc1"", ""lens_scaling"": ""standardize"", ""min_cluster_size"": 18, ""min_samples"": 5, ""n_class"": 338, ""n_edges"": 4, ""n_intervals"": 5, ""n_vertices"": 5, ""noise_reassigned"": 293, ""placement"": ""quantile"", ""slabs"": [{""k"": 1, ""n"": 76}, {""k"": 1, ""n"": 85}, {""k"": 1, ""n"": 84}, {""k"": 1, ""n"": 85}, {""k"": 1, ""n"": 76}]}], ""soundness_bound_holds"": true, ""step_rule"": ""scale_free"", ""topology_retention_nerve_to_frozen"": {""beta0_frozen"": 17, ""beta0_nerve"": 11, ""beta1_frozen"": 0, ""beta1_nerve"": 0}}",True
0.9290909090909091,25,False,0.005050505050505051,0.005,,3.732490999973379,3.732490999973379,0.0,texture,4,,SPINE+Graph,10,25,550,4950,0.9949494949494949,1037474163,False,"{""admission"": {""criterion"": ""risk"", ""removed_risk"": 6, ""removed_support"": 0}, ""betti_final"": [[1, 0], [1, 0], [1, 0], [1, 0], [1, 0], [2, 0], [1, 0], [2, 0], [1, 0], [2, 0], [2, 0]], ""betti_frozen"": [[1, 0], [1, 0], [1, 0], [1, 0], [1, 0], [2, 0], [1, 0], [3, 0], [1, 0], [2, 0], [3, 0]], ""betti_nerve"": [[1, 0], [1, 0], [1, 0], [1, 0], [1, 0], [1, 0], [1, 0], [1, 0], [1, 0], [1, 0], [1, 0]], ""boundary_restriction"": ""both"", ""forced_removals"": 2, ""growth_representation_fallbacks"": 0, ""invariant_held"": false, ""n_segments"": 10, ""n_train_fit"": 3712, ""n_val"": 1238, ""phase0"": [{""constant_lens"": false, ""gain"": 0.25, ""lens"": ""pc1"", ""lens_scaling"": ""standardize"", ""min_cluster_size"": 18, ""min_samples"": 5, ""n_class"": 337, ""n_edges"": 4, ""n_intervals"": 5, ""n_vertices"": 5, ""noise_reassigned"": 295, ""placement"": ""quantile"", ""slabs"": [{""k"": 1, ""n"": 76}, {""k"": 1, ""n"": 84}, {""k"": 1, ""n"": 85}, {""k"": 1, ""n"": 84}, {""k"": 1, ""n"": 76}]}, {""constant_lens"": false, ""gain"": 0.25, ""lens"": ""pc1"", ""lens_scaling"": ""standardize"", ""min_cluster_size"": 18, ""min_samples"": 5, ""n_class"": 338, ""n_edges"": 4, ""n_intervals"": 5, ""n_vertices"": 5, ""noise_reassigned"": 315, ""placement"": ""quantile"", ""slabs"": [{""k"": 1, ""n"": 76}, {""k"": 1, ""n"": 85}, {""k"": 1, ""n"": 84}, {""k"": 1, ""n"": 85}, {""k"": 1, ""n"": 76}]}, {""constant_lens"": false, ""gain"": 0.25, ""lens"": ""pc1"", ""lens_scaling"": ""standardize"", ""min_cluster_size"": 18, ""min_samples"": 5, ""n_class"": 337, ""n_edges"": 4, ""n_intervals"": 5, ""n_vertices"": 5, ""noise_reassigned"": 312, ""placement"": ""quantile"", ""slabs"": [{""k"": 1, ""n"": 76}, {""k"": 1, ""n"": 84}, {""k"": 1, ""n"": 85}, {""k"": 1, ""n"": 84}, {""k"": 1, ""n"": 76}]}, {""constant_lens"": false, ""gain"": 0.25, ""lens"": ""pc1"", ""lens_scaling"": ""standardize"", ""min_cluster_size"": 18, ""min_samples"": 5, ""n_class"": 338, ""n_edges"": 4, ""n_intervals"": 5, ""n_vertices"": 5, ""noise_reassigned"": 256, ""placement"": ""quantile"", ""slabs"": [{""k"": 1, ""n"": 76}, {""k"": 1, ""n"": 85}, {""k"": 1, ""n"": 84}, {""k"": 1, ""n"": 85}, {""k"": 1, ""n"": 76}]}, {""constant_lens"": false, ""gain"": 0.25, ""lens"": ""pc1"", ""lens_scaling"": ""standardize"", ""min_cluster_size"": 18, ""min_samples"": 5, ""n_class"": 337, ""n_edges"": 4, ""n_intervals"": 5, ""n_vertices"": 5, ""noise_reassigned"": 304, ""placement"": ""quantile"", ""slabs"": [{""k"": 1, ""n"": 76}, {""k"": 1, ""n"": 84}, {""k"": 1, ""n"": 85}, {""k"": 1, ""n"": 84}, {""k"": 1, ""n"": 76}]}, {""constant_lens"": false, ""gain"": 0.25, ""lens"": ""pc1"", ""lens_scaling"": ""standardize"", ""min_cluster_size"": 18, ""min_samples"": 5, ""n_class"": 338, ""n_edges"": 4, ""n_intervals"": 5, ""n_vertices"": 5, ""noise_reassigned"": 269, ""placement"": ""quantile"", ""slabs"": [{""k"": 1, ""n"": 76}, {""k"": 1, ""n"": 85}, {""k"": 1, ""n"": 84}, {""k"": 1, ""n"": 85}, {""k"": 1, ""n"": 76}]}, {""constant_lens"": false, ""gain"": 0.25, ""lens"": ""pc1"", ""lens_scaling"": ""standardize"", ""min_cluster_size"": 18, ""min_samples"": 5, ""n_class"": 337, ""n_edges"": 4, ""n_intervals"": 5, ""n_vertices"": 5, ""noise_reassigned"": 308, ""placement"": ""quantile"", ""slabs"": [{""k"": 1, ""n"": 76}, {""k"": 1, ""n"": 84}, {""k"": 1, ""n"": 85}, {""k"": 1, ""n"": 84}, {""k"": 1, ""n"": 76}]}, {""constant_lens"": false, ""gain"": 0.25, ""lens"": ""pc1"", ""lens_scaling"": ""standardize"", ""min_cluster_size"": 18, ""min_samples"": 5, ""n_class"": 337, ""n_edges"": 4, ""n_intervals"": 5, ""n_vertices"": 5, ""noise_reassigned"": 311, ""placement"": ""quantile"", ""slabs"": [{""k"": 1, ""n"": 76}, {""k"": 1, ""n"": 84}, {""k"": 1, ""n"": 85}, {""k"": 1, ""n"": 84}, {""k"": 1, ""n"": 76}]}, {""constant_lens"": false, ""gain"": 0.25, ""lens"": ""pc1"", ""lens_scaling"": ""standardize"", ""min_cluster_size"": 18, ""min_samples"": 5, ""n_class"": 338, ""n_edges"": 4, ""n_intervals"": 5, ""n_vertices"": 5, ""noise_reassigned"": 277, ""placement"": ""quantile"", ""slabs"": [{""k"": 1, ""n"": 76}, {""k"": 1, ""n"": 85}, {""k"": 1, ""n"": 84}, {""k"": 1, ""n"": 85}, {""k"": 1, ""n"": 76}]}, {""constant_lens"": false, ""gain"": 0.25, ""lens"": ""pc1"", ""lens_scaling"": ""standardize"", ""min_cluster_size"": 18, ""min_samples"": 5, ""n_class"": 337, ""n_edges"": 4, ""n_intervals"": 5, ""n_vertices"": 5, ""noise_reassigned"": 309, ""placement"": ""quantile"", ""slabs"": [{""k"": 1, ""n"": 76}, {""k"": 1, ""n"": 84}, {""k"": 1, ""n"": 85}, {""k"": 1, ""n"": 84}, {""k"": 1, ""n"": 76}]}, {""constant_lens"": false, ""gain"": 0.25, ""lens"": ""pc1"", ""lens_scaling"": ""standardize"", ""min_cluster_size"": 18, ""min_samples"": 5, ""n_class"": 338, ""n_edges"": 4, ""n_intervals"": 5, ""n_vertices"": 5, ""noise_reassigned"": 293, ""placement"": ""quantile"", ""slabs"": [{""k"": 1, ""n"": 76}, {""k"": 1, ""n"": 85}, {""k"": 1, ""n"": 84}, {""k"": 1, ""n"": 85}, {""k"": 1, ""n"": 76}]}], ""soundness_bound_holds"": true, ""step_rule"": ""scale_free"", ""topology_retention_nerve_to_frozen"": {""beta0_frozen"": 17, ""beta0_nerve"": 11, ""beta1_frozen"": 0, ""beta1_nerve"": 0}}",True
0.9436363636363636,25,False,0.005050505050505051,0.005,,2.3579359999857843,44.77176699996926,42.413830999983475,texture,4,"{""epsilon"": 0.1, ""window"": 0.2}",LVQ3,10,25,550,4950,0.9949494949494949,1037474163,False,,True
0.850909090909091,25,False,0.005050505050505051,0.005,"{""0"": 3, ""1"": 3, ""10"": 2, ""2"": 3, ""3"": 2, ""4"": 2, ""5"": 2, ""6"": 2, ""7"": 2, ""8"": 2, ""9"": 2}",0.5473240000428632,0.5473240000428632,0.0,texture,4,,KMeans,10,25,550,4950,0.9949494949494949,1037474163,False,,True
0.72,25,False,0.005050505050505051,0.005,"{""0"": 3, ""1"": 3, ""10"": 2, ""2"": 3, ""3"": 2, ""4"": 2, ""5"": 2, ""6"": 2, ""7"": 2, ""8"": 2, ""9"": 2}",0.0014269999810494483,0.0014269999810494483,0.0,texture,4,,Random,10,25,550,4950,0.9949494949494949,1037474163,False,,True
0.7709090909090909,25,False,0.005050505050505051,0.005,,1.6441050000139512,1.6441050000139512,0.0,texture,4,,SPOT,10,25,550,4950,0.9949494949494949,1037474163,False,,True
0.9181818181818182,25,False,0.005050505050505051,0.005,,5.574506999982987,5.574506999982987,0.0,texture,4,,GLVQ,10,25,550,4950,0.9949494949494949,1037474163,False,,True
0.8290909090909091,25,False,0.005050505050505051,0.005,,0.6256769999745302,0.6256769999745302,0.0,texture,4,,GNG,10,25,550,4950,0.9949494949494949,1037474163,False,,True
0.9927272727272727,50,False,0.010101010101010102,0.01,,0.0012999999453313649,0.0012999999453313649,0.0,texture,4,,Full,10,4950,550,4950,0.0,1037474163,True,,False
0.990909090909091,50,False,0.010101010101010102,0.01,,1.7261549999821,1.7261549999821,0.0,texture,4,,RSP3,10,884,550,4950,0.8214141414141414,1037474163,True,,False
0.9854545454545455,50,False,0.010101010101010102,0.01,,0.8735040000174195,0.8735040000174195,0.0,texture,4,,RHC,10,281,550,4950,0.9432323232323232,1037474163,True,,False
0.9218181818181819,50,False,0.010101010101010102,0.01,,4.2465079999528825,4.2465079999528825,0.0,texture,4,,SPINE+1NN,10,50,550,4950,0.98989898989899,1037474163,False,"{""admission"": {""criterion"": ""risk"", ""removed_risk"": 6, ""removed_support"": 0}, ""betti_final"": [[1, 0], [1, 0], [1, 0], [1, 0], [1, 0], [2, 0], [1, 0], [3, 0], [1, 0], [2, 0], [3, 0]], ""betti_frozen"": [[1, 0], [1, 0], [1, 0], [1, 0], [1, 0], [2, 0], [1, 0], [3, 0], [1, 0], [2, 0], [3, 0]], ""betti_nerve"": [[1, 0], [1, 0], [1, 0], [1, 0], [1, 0], [1, 0], [1, 0], [1, 0], [1, 0], [1, 0], [1, 0]], ""boundary_restriction"": ""both"", ""forced_removals"": 0, ""growth_representation_fallbacks"": 2, ""invariant_held"": true, ""n_segments"": 33, ""n_train_fit"": 3712, ""n_val"": 1238, ""phase0"": [{""constant_lens"": false, ""gain"": 0.25, ""lens"": ""pc1"", ""lens_scaling"": ""standardize"", ""min_cluster_size"": 18, ""min_samples"": 5, ""n_class"": 337, ""n_edges"": 4, ""n_intervals"": 5, ""n_vertices"": 5, ""noise_reassigned"": 295, ""placement"": ""quantile"", ""slabs"": [{""k"": 1, ""n"": 76}, {""k"": 1, ""n"": 84}, {""k"": 1, ""n"": 85}, {""k"": 1, ""n"": 84}, {""k"": 1, ""n"": 76}]}, {""constant_lens"": false, ""gain"": 0.25, ""lens"": ""pc1"", ""lens_scaling"": ""standardize"", ""min_cluster_size"": 18, ""min_samples"": 5, ""n_class"": 338, ""n_edges"": 4, ""n_intervals"": 5, ""n_vertices"": 5, ""noise_reassigned"": 315, ""placement"": ""quantile"", ""slabs"": [{""k"": 1, ""n"": 76}, {""k"": 1, ""n"": 85}, {""k"": 1, ""n"": 84}, {""k"": 1, ""n"": 85}, {""k"": 1, ""n"": 76}]}, {""constant_lens"": false, ""gain"": 0.25, ""lens"": ""pc1"", ""lens_scaling"": ""standardize"", ""min_cluster_size"": 18, ""min_samples"": 5, ""n_class"": 337, ""n_edges"": 4, ""n_intervals"": 5, ""n_vertices"": 5, ""noise_reassigned"": 312, ""placement"": ""quantile"", ""slabs"": [{""k"": 1, ""n"": 76}, {""k"": 1, ""n"": 84}, {""k"": 1, ""n"": 85}, {""k"": 1, ""n"": 84}, {""k"": 1, ""n"": 76}]}, {""constant_lens"": false, ""gain"": 0.25, ""lens"": ""pc1"", ""lens_scaling"": ""standardize"", ""min_cluster_size"": 18, ""min_samples"": 5, ""n_class"": 338, ""n_edges"": 4, ""n_intervals"": 5, ""n_vertices"": 5, ""noise_reassigned"": 256, ""placement"": ""quantile"", ""slabs"": [{""k"": 1, ""n"": 76}, {""k"": 1, ""n"": 85}, {""k"": 1, ""n"": 84}, {""k"": 1, ""n"": 85}, {""k"": 1, ""n"": 76}]}, {""constant_lens"": false, ""gain"": 0.25, ""lens"": ""pc1"", ""lens_scaling"": ""standardize"", ""min_cluster_size"": 18, ""min_samples"": 5, ""n_class"": 337, ""n_edges"": 4, ""n_intervals"": 5, ""n_vertices"": 5, ""noise_reassigned"": 304, ""placement"": ""quantile"", ""slabs"": [{""k"": 1, ""n"": 76}, {""k"": 1, ""n"": 84}, {""k"": 1, ""n"": 85}, {""k"": 1, ""n"": 84}, {""k"": 1, ""n"": 76}]}, {""constant_lens"": false, ""gain"": 0.25, ""lens"": ""pc1"", ""lens_scaling"": ""standardize"", ""min_cluster_size"": 18, ""min_samples"": 5, ""n_class"": 338, ""n_edges"": 4, ""n_intervals"": 5, ""n_vertices"": 5, ""noise_reassigned"": 269, ""placement"": ""quantile"", ""slabs"": [{""k"": 1, ""n"": 76}, {""k"": 1, ""n"": 85}, {""k"": 1, ""n"": 84}, {""k"": 1, ""n"": 85}, {""k"": 1, ""n"": 76}]}, {""constant_lens"": false, ""gain"": 0.25, ""lens"": ""pc1"", ""lens_scaling"": ""standardize"", ""min_cluster_size"": 18, ""min_samples"": 5, ""n_class"": 337, ""n_edges"": 4, ""n_intervals"": 5, ""n_vertices"": 5, ""noise_reassigned"": 308, ""placement"": ""quantile"", ""slabs"": [{""k"": 1, ""n"": 76}, {""k"": 1, ""n"": 84}, {""k"": 1, ""n"": 85}, {""k"": 1, ""n"": 84}, {""k"": 1, ""n"": 76}]}, {""constant_lens"": false, ""gain"": 0.25, ""lens"": ""pc1"", ""lens_scaling"": ""standardize"", ""min_cluster_size"": 18, ""min_samples"": 5, ""n_class"": 337, ""n_edges"": 4, ""n_intervals"": 5, ""n_vertices"": 5, ""noise_reassigned"": 311, ""placement"": ""quantile"", ""slabs"": [{""k"": 1, ""n"": 76}, {""k"": 1, ""n"": 84}, {""k"": 1, ""n"": 85}, {""k"": 1, ""n"": 84}, {""k"": 1, ""n"": 76}]}, {""constant_lens"": false, ""gain"": 0.25, ""lens"": ""pc1"", ""lens_scaling"": ""standardize"", ""min_cluster_size"": 18, ""min_samples"": 5, ""n_class"": 338, ""n_edges"": 4, ""n_intervals"": 5, ""n_vertices"": 5, ""noise_reassigned"": 277, ""placement"": ""quantile"", ""slabs"": [{""k"": 1, ""n"": 76}, {""k"": 1, ""n"": 85}, {""k"": 1, ""n"": 84}, {""k"": 1, ""n"": 85}, {""k"": 1, ""n"": 76}]}, {""constant_lens"": false, ""gain"": 0.25, ""lens"": ""pc1"", ""lens_scaling"": ""standardize"", ""min_cluster_size"": 18, ""min_samples"": 5, ""n_class"": 337, ""n_edges"": 4, ""n_intervals"": 5, ""n_vertices"": 5, ""noise_reassigned"": 309, ""placement"": ""quantile"", ""slabs"": [{""k"": 1, ""n"": 76}, {""k"": 1, ""n"": 84}, {""k"": 1, ""n"": 85}, {""k"": 1, ""n"": 84}, {""k"": 1, ""n"": 76}]}, {""constant_lens"": false, ""gain"": 0.25, ""lens"": ""pc1"", ""lens_scaling"": ""standardize"", ""min_cluster_size"": 18, ""min_samples"": 5, ""n_class"": 338, ""n_edges"": 4, ""n_intervals"": 5, ""n_vertices"": 5, ""noise_reassigned"": 293, ""placement"": ""quantile"", ""slabs"": [{""k"": 1, ""n"": 76}, {""k"": 1, ""n"": 85}, {""k"": 1, ""n"": 84}, {""k"": 1, ""n"": 85}, {""k"": 1, ""n"": 76}]}], ""soundness_bound_holds"": true, ""step_rule"": ""scale_free"", ""topology_retention_nerve_to_frozen"": {""beta0_frozen"": 17, ""beta0_nerve"": 11, ""beta1_frozen"": 0, ""beta1_nerve"": 0}}",True
0.9690909090909091,50,False,0.010101010101010102,0.01,,4.2465079999528825,4.2465079999528825,0.0,texture,4,,SPINE+Graph,10,50,550,4950,0.98989898989899,1037474163,False,"{""admission"": {""criterion"": ""risk"", ""removed_risk"": 6, ""removed_support"": 0}, ""betti_final"": [[1, 0], [1, 0], [1, 0], [1, 0], [1, 0], [2, 0], [1, 0], [3, 0], [1, 0], [2, 0], [3, 0]], ""betti_frozen"": [[1, 0], [1, 0], [1, 0], [1, 0], [1, 0], [2, 0], [1, 0], [3, 0], [1, 0], [2, 0], [3, 0]], ""betti_nerve"": [[1, 0], [1, 0], [1, 0], [1, 0], [1, 0], [1, 0], [1, 0], [1, 0], [1, 0], [1, 0], [1, 0]], ""boundary_restriction"": ""both"", ""forced_removals"": 0, ""growth_representation_fallbacks"": 2, ""invariant_held"": true, ""n_segments"": 33, ""n_train_fit"": 3712, ""n_val"": 1238, ""phase0"": [{""constant_lens"": false, ""gain"": 0.25, ""lens"": ""pc1"", ""lens_scaling"": ""standardize"", ""min_cluster_size"": 18, ""min_samples"": 5, ""n_class"": 337, ""n_edges"": 4, ""n_intervals"": 5, ""n_vertices"": 5, ""noise_reassigned"": 295, ""placement"": ""quantile"", ""slabs"": [{""k"": 1, ""n"": 76}, {""k"": 1, ""n"": 84}, {""k"": 1, ""n"": 85}, {""k"": 1, ""n"": 84}, {""k"": 1, ""n"": 76}]}, {""constant_lens"": false, ""gain"": 0.25, ""lens"": ""pc1"", ""lens_scaling"": ""standardize"", ""min_cluster_size"": 18, ""min_samples"": 5, ""n_class"": 338, ""n_edges"": 4, ""n_intervals"": 5, ""n_vertices"": 5, ""noise_reassigned"": 315, ""placement"": ""quantile"", ""slabs"": [{""k"": 1, ""n"": 76}, {""k"": 1, ""n"": 85}, {""k"": 1, ""n"": 84}, {""k"": 1, ""n"": 85}, {""k"": 1, ""n"": 76}]}, {""constant_lens"": false, ""gain"": 0.25, ""lens"": ""pc1"", ""lens_scaling"": ""standardize"", ""min_cluster_size"": 18, ""min_samples"": 5, ""n_class"": 337, ""n_edges"": 4, ""n_intervals"": 5, ""n_vertices"": 5, ""noise_reassigned"": 312, ""placement"": ""quantile"", ""slabs"": [{""k"": 1, ""n"": 76}, {""k"": 1, ""n"": 84}, {""k"": 1, ""n"": 85}, {""k"": 1, ""n"": 84}, {""k"": 1, ""n"": 76}]}, {""constant_lens"": false, ""gain"": 0.25, ""lens"": ""pc1"", ""lens_scaling"": ""standardize"", ""min_cluster_size"": 18, ""min_samples"": 5, ""n_class"": 338, ""n_edges"": 4, ""n_intervals"": 5, ""n_vertices"": 5, ""noise_reassigned"": 256, ""placement"": ""quantile"", ""slabs"": [{""k"": 1, ""n"": 76}, {""k"": 1, ""n"": 85}, {""k"": 1, ""n"": 84}, {""k"": 1, ""n"": 85}, {""k"": 1, ""n"": 76}]}, {""constant_lens"": false, ""gain"": 0.25, ""lens"": ""pc1"", ""lens_scaling"": ""standardize"", ""min_cluster_size"": 18, ""min_samples"": 5, ""n_class"": 337, ""n_edges"": 4, ""n_intervals"": 5, ""n_vertices"": 5, ""noise_reassigned"": 304, ""placement"": ""quantile"", ""slabs"": [{""k"": 1, ""n"": 76}, {""k"": 1, ""n"": 84}, {""k"": 1, ""n"": 85}, {""k"": 1, ""n"": 84}, {""k"": 1, ""n"": 76}]}, {""constant_lens"": false, ""gain"": 0.25, ""lens"": ""pc1"", ""lens_scaling"": ""standardize"", ""min_cluster_size"": 18, ""min_samples"": 5, ""n_class"": 338, ""n_edges"": 4, ""n_intervals"": 5, ""n_vertices"": 5, ""noise_reassigned"": 269, ""placement"": ""quantile"", ""slabs"": [{""k"": 1, ""n"": 76}, {""k"": 1, ""n"": 85}, {""k"": 1, ""n"": 84}, {""k"": 1, ""n"": 85}, {""k"": 1, ""n"": 76}]}, {""constant_lens"": false, ""gain"": 0.25, ""lens"": ""pc1"", ""lens_scaling"": ""standardize"", ""min_cluster_size"": 18, ""min_samples"": 5, ""n_class"": 337, ""n_edges"": 4, ""n_intervals"": 5, ""n_vertices"": 5, ""noise_reassigned"": 308, ""placement"": ""quantile"", ""slabs"": [{""k"": 1, ""n"": 76}, {""k"": 1, ""n"": 84}, {""k"": 1, ""n"": 85}, {""k"": 1, ""n"": 84}, {""k"": 1, ""n"": 76}]}, {""constant_lens"": false, ""gain"": 0.25, ""lens"": ""pc1"", ""lens_scaling"": ""standardize"", ""min_cluster_size"": 18, ""min_samples"": 5, ""n_class"": 337, ""n_edges"": 4, ""n_intervals"": 5, ""n_vertices"": 5, ""noise_reassigned"": 311, ""placement"": ""quantile"", ""slabs"": [{""k"": 1, ""n"": 76}, {""k"": 1, ""n"": 84}, {""k"": 1, ""n"": 85}, {""k"": 1, ""n"": 84}, {""k"": 1, ""n"": 76}]}, {""constant_lens"": false, ""gain"": 0.25, ""lens"": ""pc1"", ""lens_scaling"": ""standardize"", ""min_cluster_size"": 18, ""min_samples"": 5, ""n_class"": 338, ""n_edges"": 4, ""n_intervals"": 5, ""n_vertices"": 5, ""noise_reassigned"": 277, ""placement"": ""quantile"", ""slabs"": [{""k"": 1, ""n"": 76}, {""k"": 1, ""n"": 85}, {""k"": 1, ""n"": 84}, {""k"": 1, ""n"": 85}, {""k"": 1, ""n"": 76}]}, {""constant_lens"": false, ""gain"": 0.25, ""lens"": ""pc1"", ""lens_scaling"": ""standardize"", ""min_cluster_size"": 18, ""min_samples"": 5, ""n_class"": 337, ""n_edges"": 4, ""n_intervals"": 5, ""n_vertices"": 5, ""noise_reassigned"": 309, ""placement"": ""quantile"", ""slabs"": [{""k"": 1, ""n"": 76}, {""k"": 1, ""n"": 84}, {""k"": 1, ""n"": 85}, {""k"": 1, ""n"": 84}, {""k"": 1, ""n"": 76}]}, {""constant_lens"": false, ""gain"": 0.25, ""lens"": ""pc1"", ""lens_scaling"": ""standardize"", ""min_cluster_size"": 18, ""min_samples"": 5, ""n_class"": 338, ""n_edges"": 4, ""n_intervals"": 5, ""n_vertices"": 5, ""noise_reassigned"": 293, ""placement"": ""quantile"", ""slabs"": [{""k"": 1, ""n"": 76}, {""k"": 1, ""n"": 85}, {""k"": 1, ""n"": 84}, {""k"": 1, ""n"": 85}, {""k"": 1, ""n"": 76}]}], ""soundness_bound_holds"": true, ""step_rule"": ""scale_free"", ""topology_retention_nerve_to_frozen"": {""beta0_frozen"": 17, ""beta0_nerve"": 11, ""beta1_frozen"": 0, ""beta1_nerve"": 0}}",True
0.9672727272727273,50,False,0.010101010101010102,0.01,,2.4895660000038333,47.850817000027746,45.36125100002391,texture,4,"{""epsilon"": 0.1, ""window"": 0.2}",LVQ3,10,50,550,4950,0.98989898989899,1037474163,False,,True
0.9127272727272727,50,False,0.010101010101010102,0.01,"{""0"": 5, ""1"": 5, ""10"": 4, ""2"": 5, ""3"": 5, ""4"": 5, ""5"": 5, ""6"": 4, ""7"": 4, ""8"": 4, ""9"": 4}",0.8344079999951646,0.8344079999951646,0.0,texture,4,,KMeans,10,50,550,4950,0.98989898989899,1037474163,False,,True
0.78,50,False,0.010101010101010102,0.01,"{""0"": 5, ""1"": 5, ""10"": 4, ""2"": 5, ""3"": 5, ""4"": 5, ""5"": 5, ""6"": 4, ""7"": 4, ""8"": 4, ""9"": 4}",0.0015240000211633742,0.0015240000211633742,0.0,texture,4,,Random,10,50,550,4950,0.98989898989899,1037474163,False,,True
0.8872727272727273,50,False,0.010101010101010102,0.01,,1.7261890000081621,1.7261890000081621,0.0,texture,4,,SPOT,10,50,550,4950,0.98989898989899,1037474163,False,,True
0.9345454545454546,50,False,0.010101010101010102,0.01,,8.182623000000603,8.182623000000603,0.0,texture,4,,GLVQ,10,50,550,4950,0.98989898989899,1037474163,False,,True
0.92,50,False,0.010101010101010102,0.01,,1.0514550000079907,1.0514550000079907,0.0,texture,4,,GNG,10,50,550,4950,0.98989898989899,1037474163,False,,True
0.9927272727272727,99,False,0.02,0.02,,0.0012999999453313649,0.0012999999453313649,0.0,texture,4,,Full,10,4950,550,4950,0.0,1037474163,True,,False
0.990909090909091,99,False,0.02,0.02,,1.7261549999821,1.7261549999821,0.0,texture,4,,RSP3,10,884,550,4950,0.8214141414141414,1037474163,True,,False
0.9854545454545455,99,False,0.02,0.02,,0.8735040000174195,0.8735040000174195,0.0,texture,4,,RHC,10,281,550,4950,0.9432323232323232,1037474163,True,,False
0.9654545454545455,99,False,0.02,0.02,,4.80891399999382,4.80891399999382,0.0,texture,4,,SPINE+1NN,10,99,550,4950,0.98,1037474163,False,"{""admission"": {""criterion"": ""risk"", ""removed_risk"": 6, ""removed_support"": 0}, ""betti_final"": [[1, 0], [1, 0], [1, 0], [1, 0], [1, 0], [2, 0], [1, 0], [3, 0], [1, 0], [2, 0], [3, 0]], ""betti_frozen"": [[1, 0], [1, 0], [1, 0], [1, 0], [1, 0], [2, 0], [1, 0], [3, 0], [1, 0], [2, 0], [3, 0]], ""betti_nerve"": [[1, 0], [1, 0], [1, 0], [1, 0], [1, 0], [1, 0], [1, 0], [1, 0], [1, 0], [1, 0], [1, 0]], ""boundary_restriction"": ""both"", ""forced_removals"": 0, ""growth_representation_fallbacks"": 18, ""invariant_held"": true, ""n_segments"": 82, ""n_train_fit"": 3712, ""n_val"": 1238, ""phase0"": [{""constant_lens"": false, ""gain"": 0.25, ""lens"": ""pc1"", ""lens_scaling"": ""standardize"", ""min_cluster_size"": 18, ""min_samples"": 5, ""n_class"": 337, ""n_edges"": 4, ""n_intervals"": 5, ""n_vertices"": 5, ""noise_reassigned"": 295, ""placement"": ""quantile"", ""slabs"": [{""k"": 1, ""n"": 76}, {""k"": 1, ""n"": 84}, {""k"": 1, ""n"": 85}, {""k"": 1, ""n"": 84}, {""k"": 1, ""n"": 76}]}, {""constant_lens"": false, ""gain"": 0.25, ""lens"": ""pc1"", ""lens_scaling"": ""standardize"", ""min_cluster_size"": 18, ""min_samples"": 5, ""n_class"": 338, ""n_edges"": 4, ""n_intervals"": 5, ""n_vertices"": 5, ""noise_reassigned"": 315, ""placement"": ""quantile"", ""slabs"": [{""k"": 1, ""n"": 76}, {""k"": 1, ""n"": 85}, {""k"": 1, ""n"": 84}, {""k"": 1, ""n"": 85}, {""k"": 1, ""n"": 76}]}, {""constant_lens"": false, ""gain"": 0.25, ""lens"": ""pc1"", ""lens_scaling"": ""standardize"", ""min_cluster_size"": 18, ""min_samples"": 5, ""n_class"": 337, ""n_edges"": 4, ""n_intervals"": 5, ""n_vertices"": 5, ""noise_reassigned"": 312, ""placement"": ""quantile"", ""slabs"": [{""k"": 1, ""n"": 76}, {""k"": 1, ""n"": 84}, {""k"": 1, ""n"": 85}, {""k"": 1, ""n"": 84}, {""k"": 1, ""n"": 76}]}, {""constant_lens"": false, ""gain"": 0.25, ""lens"": ""pc1"", ""lens_scaling"": ""standardize"", ""min_cluster_size"": 18, ""min_samples"": 5, ""n_class"": 338, ""n_edges"": 4, ""n_intervals"": 5, ""n_vertices"": 5, ""noise_reassigned"": 256, ""placement"": ""quantile"", ""slabs"": [{""k"": 1, ""n"": 76}, {""k"": 1, ""n"": 85}, {""k"": 1, ""n"": 84}, {""k"": 1, ""n"": 85}, {""k"": 1, ""n"": 76}]}, {""constant_lens"": false, ""gain"": 0.25, ""lens"": ""pc1"", ""lens_scaling"": ""standardize"", ""min_cluster_size"": 18, ""min_samples"": 5, ""n_class"": 337, ""n_edges"": 4, ""n_intervals"": 5, ""n_vertices"": 5, ""noise_reassigned"": 304, ""placement"": ""quantile"", ""slabs"": [{""k"": 1, ""n"": 76}, {""k"": 1, ""n"": 84}, {""k"": 1, ""n"": 85}, {""k"": 1, ""n"": 84}, {""k"": 1, ""n"": 76}]}, {""constant_lens"": false, ""gain"": 0.25, ""lens"": ""pc1"", ""lens_scaling"": ""standardize"", ""min_cluster_size"": 18, ""min_samples"": 5, ""n_class"": 338, ""n_edges"": 4, ""n_intervals"": 5, ""n_vertices"": 5, ""noise_reassigned"": 269, ""placement"": ""quantile"", ""slabs"": [{""k"": 1, ""n"": 76}, {""k"": 1, ""n"": 85}, {""k"": 1, ""n"": 84}, {""k"": 1, ""n"": 85}, {""k"": 1, ""n"": 76}]}, {""constant_lens"": false, ""gain"": 0.25, ""lens"": ""pc1"", ""lens_scaling"": ""standardize"", ""min_cluster_size"": 18, ""min_samples"": 5, ""n_class"": 337, ""n_edges"": 4, ""n_intervals"": 5, ""n_vertices"": 5, ""noise_reassigned"": 308, ""placement"": ""quantile"", ""slabs"": [{""k"": 1, ""n"": 76}, {""k"": 1, ""n"": 84}, {""k"": 1, ""n"": 85}, {""k"": 1, ""n"": 84}, {""k"": 1, ""n"": 76}]}, {""constant_lens"": false, ""gain"": 0.25, ""lens"": ""pc1"", ""lens_scaling"": ""standardize"", ""min_cluster_size"": 18, ""min_samples"": 5, ""n_class"": 337, ""n_edges"": 4, ""n_intervals"": 5, ""n_vertices"": 5, ""noise_reassigned"": 311, ""placement"": ""quantile"", ""slabs"": [{""k"": 1, ""n"": 76}, {""k"": 1, ""n"": 84}, {""k"": 1, ""n"": 85}, {""k"": 1, ""n"": 84}, {""k"": 1, ""n"": 76}]}, {""constant_lens"": false, ""gain"": 0.25, ""lens"": ""pc1"", ""lens_scaling"": ""standardize"", ""min_cluster_size"": 18, ""min_samples"": 5, ""n_class"": 338, ""n_edges"": 4, ""n_intervals"": 5, ""n_vertices"": 5, ""noise_reassigned"": 277, ""placement"": ""quantile"", ""slabs"": [{""k"": 1, ""n"": 76}, {""k"": 1, ""n"": 85}, {""k"": 1, ""n"": 84}, {""k"": 1, ""n"": 85}, {""k"": 1, ""n"": 76}]}, {""constant_lens"": false, ""gain"": 0.25, ""lens"": ""pc1"", ""lens_scaling"": ""standardize"", ""min_cluster_size"": 18, ""min_samples"": 5, ""n_class"": 337, ""n_edges"": 4, ""n_intervals"": 5, ""n_vertices"": 5, ""noise_reassigned"": 309, ""placement"": ""quantile"", ""slabs"": [{""k"": 1, ""n"": 76}, {""k"": 1, ""n"": 84}, {""k"": 1, ""n"": 85}, {""k"": 1, ""n"": 84}, {""k"": 1, ""n"": 76}]}, {""constant_lens"": false, ""gain"": 0.25, ""lens"": ""pc1"", ""lens_scaling"": ""standardize"", ""min_cluster_size"": 18, ""min_samples"": 5, ""n_class"": 338, ""n_edges"": 4, ""n_intervals"": 5, ""n_vertices"": 5, ""noise_reassigned"": 293, ""placement"": ""quantile"", ""slabs"": [{""k"": 1, ""n"": 76}, {""k"": 1, ""n"": 85}, {""k"": 1, ""n"": 84}, {""k"": 1, ""n"": 85}, {""k"": 1, ""n"": 76}]}], ""soundness_bound_holds"": true, ""step_rule"": ""scale_free"", ""topology_retention_nerve_to_frozen"": {""beta0_frozen"": 17, ""beta0_nerve"": 11, ""beta1_frozen"": 0, ""beta1_nerve"": 0}}",True
0.9727272727272728,99,False,0.02,0.02,,4.80891399999382,4.80891399999382,0.0,texture,4,,SPINE+Graph,10,99,550,4950,0.98,1037474163,False,"{""admission"": {""criterion"": ""risk"", ""removed_risk"": 6, ""removed_support"": 0}, ""betti_final"": [[1, 0], [1, 0], [1, 0], [1, 0], [1, 0], [2, 0], [1, 0], [3, 0], [1, 0], [2, 0], [3, 0]], ""betti_frozen"": [[1, 0], [1, 0], [1, 0], [1, 0], [1, 0], [2, 0], [1, 0], [3, 0], [1, 0], [2, 0], [3, 0]], ""betti_nerve"": [[1, 0], [1, 0], [1, 0], [1, 0], [1, 0], [1, 0], [1, 0], [1, 0], [1, 0], [1, 0], [1, 0]], ""boundary_restriction"": ""both"", ""forced_removals"": 0, ""growth_representation_fallbacks"": 18, ""invariant_held"": true, ""n_segments"": 82, ""n_train_fit"": 3712, ""n_val"": 1238, ""phase0"": [{""constant_lens"": false, ""gain"": 0.25, ""lens"": ""pc1"", ""lens_scaling"": ""standardize"", ""min_cluster_size"": 18, ""min_samples"": 5, ""n_class"": 337, ""n_edges"": 4, ""n_intervals"": 5, ""n_vertices"": 5, ""noise_reassigned"": 295, ""placement"": ""quantile"", ""slabs"": [{""k"": 1, ""n"": 76}, {""k"": 1, ""n"": 84}, {""k"": 1, ""n"": 85}, {""k"": 1, ""n"": 84}, {""k"": 1, ""n"": 76}]}, {""constant_lens"": false, ""gain"": 0.25, ""lens"": ""pc1"", ""lens_scaling"": ""standardize"", ""min_cluster_size"": 18, ""min_samples"": 5, ""n_class"": 338, ""n_edges"": 4, ""n_intervals"": 5, ""n_vertices"": 5, ""noise_reassigned"": 315, ""placement"": ""quantile"", ""slabs"": [{""k"": 1, ""n"": 76}, {""k"": 1, ""n"": 85}, {""k"": 1, ""n"": 84}, {""k"": 1, ""n"": 85}, {""k"": 1, ""n"": 76}]}, {""constant_lens"": false, ""gain"": 0.25, ""lens"": ""pc1"", ""lens_scaling"": ""standardize"", ""min_cluster_size"": 18, ""min_samples"": 5, ""n_class"": 337, ""n_edges"": 4, ""n_intervals"": 5, ""n_vertices"": 5, ""noise_reassigned"": 312, ""placement"": ""quantile"", ""slabs"": [{""k"": 1, ""n"": 76}, {""k"": 1, ""n"": 84}, {""k"": 1, ""n"": 85}, {""k"": 1, ""n"": 84}, {""k"": 1, ""n"": 76}]}, {""constant_lens"": false, ""gain"": 0.25, ""lens"": ""pc1"", ""lens_scaling"": ""standardize"", ""min_cluster_size"": 18, ""min_samples"": 5, ""n_class"": 338, ""n_edges"": 4, ""n_intervals"": 5, ""n_vertices"": 5, ""noise_reassigned"": 256, ""placement"": ""quantile"", ""slabs"": [{""k"": 1, ""n"": 76}, {""k"": 1, ""n"": 85}, {""k"": 1, ""n"": 84}, {""k"": 1, ""n"": 85}, {""k"": 1, ""n"": 76}]}, {""constant_lens"": false, ""gain"": 0.25, ""lens"": ""pc1"", ""lens_scaling"": ""standardize"", ""min_cluster_size"": 18, ""min_samples"": 5, ""n_class"": 337, ""n_edges"": 4, ""n_intervals"": 5, ""n_vertices"": 5, ""noise_reassigned"": 304, ""placement"": ""quantile"", ""slabs"": [{""k"": 1, ""n"": 76}, {""k"": 1, ""n"": 84}, {""k"": 1, ""n"": 85}, {""k"": 1, ""n"": 84}, {""k"": 1, ""n"": 76}]}, {""constant_lens"": false, ""gain"": 0.25, ""lens"": ""pc1"", ""lens_scaling"": ""standardize"", ""min_cluster_size"": 18, ""min_samples"": 5, ""n_class"": 338, ""n_edges"": 4, ""n_intervals"": 5, ""n_vertices"": 5, ""noise_reassigned"": 269, ""placement"": ""quantile"", ""slabs"": [{""k"": 1, ""n"": 76}, {""k"": 1, ""n"": 85}, {""k"": 1, ""n"": 84}, {""k"": 1, ""n"": 85}, {""k"": 1, ""n"": 76}]}, {""constant_lens"": false, ""gain"": 0.25, ""lens"": ""pc1"", ""lens_scaling"": ""standardize"", ""min_cluster_size"": 18, ""min_samples"": 5, ""n_class"": 337, ""n_edges"": 4, ""n_intervals"": 5, ""n_vertices"": 5, ""noise_reassigned"": 308, ""placement"": ""quantile"", ""slabs"": [{""k"": 1, ""n"": 76}, {""k"": 1, ""n"": 84}, {""k"": 1, ""n"": 85}, {""k"": 1, ""n"": 84}, {""k"": 1, ""n"": 76}]}, {""constant_lens"": false, ""gain"": 0.25, ""lens"": ""pc1"", ""lens_scaling"": ""standardize"", ""min_cluster_size"": 18, ""min_samples"": 5, ""n_class"": 337, ""n_edges"": 4, ""n_intervals"": 5, ""n_vertices"": 5, ""noise_reassigned"": 311, ""placement"": ""quantile"", ""slabs"": [{""k"": 1, ""n"": 76}, {""k"": 1, ""n"": 84}, {""k"": 1, ""n"": 85}, {""k"": 1, ""n"": 84}, {""k"": 1, ""n"": 76}]}, {""constant_lens"": false, ""gain"": 0.25, ""lens"": ""pc1"", ""lens_scaling"": ""standardize"", ""min_cluster_size"": 18, ""min_samples"": 5, ""n_class"": 338, ""n_edges"": 4, ""n_intervals"": 5, ""n_vertices"": 5, ""noise_reassigned"": 277, ""placement"": ""quantile"", ""slabs"": [{""k"": 1, ""n"": 76}, {""k"": 1, ""n"": 85}, {""k"": 1, ""n"": 84}, {""k"": 1, ""n"": 85}, {""k"": 1, ""n"": 76}]}, {""constant_lens"": false, ""gain"": 0.25, ""lens"": ""pc1"", ""lens_scaling"": ""standardize"", ""min_cluster_size"": 18, ""min_samples"": 5, ""n_class"": 337, ""n_edges"": 4, ""n_intervals"": 5, ""n_vertices"": 5, ""noise_reassigned"": 309, ""placement"": ""quantile"", ""slabs"": [{""k"": 1, ""n"": 76}, {""k"": 1, ""n"": 84}, {""k"": 1, ""n"": 85}, {""k"": 1, ""n"": 84}, {""k"": 1, ""n"": 76}]}, {""constant_lens"": false, ""gain"": 0.25, ""lens"": ""pc1"", ""lens_scaling"": ""standardize"", ""min_cluster_size"": 18, ""min_samples"": 5, ""n_class"": 338, ""n_edges"": 4, ""n_intervals"": 5, ""n_vertices"": 5, ""noise_reassigned"": 293, ""placement"": ""quantile"", ""slabs"": [{""k"": 1, ""n"": 76}, {""k"": 1, ""n"": 85}, {""k"": 1, ""n"": 84}, {""k"": 1, ""n"": 85}, {""k"": 1, ""n"": 76}]}], ""soundness_bound_holds"": true, ""step_rule"": ""scale_free"", ""topology_retention_nerve_to_frozen"": {""beta0_frozen"": 17, ""beta0_nerve"": 11, ""beta1_frozen"": 0, ""beta1_nerve"": 0}}",True
0.9854545454545455,99,False,0.02,0.02,,3.271119999990333,59.55749500001548,56.286375000025146,texture,4,"{""epsilon"": 0.1, ""window"": 0.3}",LVQ3,10,99,550,4950,0.98,1037474163,False,,True
0.9490909090909091,99,False,0.02,0.02,"{""0"": 9, ""1"": 9, ""10"": 9, ""2"": 9, ""3"": 9, ""4"": 9, ""5"": 9, ""6"": 9, ""7"": 9, ""8"": 9, ""9"": 9}",1.0147159999469295,1.0147159999469295,0.0,texture,4,,KMeans,10,99,550,4950,0.98,1037474163,False,,True
0.8418181818181818,99,False,0.02,0.02,"{""0"": 9, ""1"": 9, ""10"": 9, ""2"": 9, ""3"": 9, ""4"": 9, ""5"": 9, ""6"": 9, ""7"": 9, ""8"": 9, ""9"": 9}",0.0015719999792054296,0.0015719999792054296,0.0,texture,4,,Random,10,99,550,4950,0.98,1037474163,False,,True
0.9145454545454546,99,False,0.02,0.02,,1.7323280000127852,1.7323280000127852,0.0,texture,4,,SPOT,10,99,550,4950,0.98,1037474163,False,,True
0.9309090909090909,99,False,0.02,0.02,,13.277298000000883,13.277298000000883,0.0,texture,4,,GLVQ,10,99,550,4950,0.98,1037474163,False,,True
0.9527272727272728,99,False,0.02,0.02,,1.7319029999780469,1.7319029999780469,0.0,texture,4,,GNG,10,99,550,4950,0.98,1037474163,False,,True
0.9927272727272727,248,False,0.050101010101010104,0.05,,0.0012999999453313649,0.0012999999453313649,0.0,texture,4,,Full,10,4950,550,4950,0.0,1037474163,True,,False
0.990909090909091,248,False,0.050101010101010104,0.05,,1.7261549999821,1.7261549999821,0.0,texture,4,,RSP3,10,884,550,4950,0.8214141414141414,1037474163,True,,False
0.9854545454545455,248,False,0.050101010101010104,0.05,,0.8735040000174195,0.8735040000174195,0.0,texture,4,,RHC,10,281,550,4950,0.9432323232323232,1037474163,True,,False
0.9690909090909091,248,False,0.050101010101010104,0.05,,6.160022999974899,6.160022999974899,0.0,texture,4,,SPINE+1NN,10,248,550,4950,0.9498989898989899,1037474163,False,"{""admission"": {""criterion"": ""risk"", ""removed_risk"": 6, ""removed_support"": 0}, ""betti_final"": [[1, 0], [1, 0], [1, 0], [1, 0], [1, 0], [2, 0], [1, 0], [3, 0], [1, 0], [2, 0], [3, 0]], ""betti_frozen"": [[1, 0], [1, 0], [1, 0], [1, 0], [1, 0], [2, 0], [1, 0], [3, 0], [1, 0], [2, 0], [3, 0]], ""betti_nerve"": [[1, 0], [1, 0], [1, 0], [1, 0], [1, 0], [1, 0], [1, 0], [1, 0], [1, 0], [1, 0], [1, 0]], ""boundary_restriction"": ""both"", ""forced_removals"": 0, ""growth_representation_fallbacks"": 141, ""invariant_held"": true, ""n_segments"": 231, ""n_train_fit"": 3712, ""n_val"": 1238, ""phase0"": [{""constant_lens"": false, ""gain"": 0.25, ""lens"": ""pc1"", ""lens_scaling"": ""standardize"", ""min_cluster_size"": 18, ""min_samples"": 5, ""n_class"": 337, ""n_edges"": 4, ""n_intervals"": 5, ""n_vertices"": 5, ""noise_reassigned"": 295, ""placement"": ""quantile"", ""slabs"": [{""k"": 1, ""n"": 76}, {""k"": 1, ""n"": 84}, {""k"": 1, ""n"": 85}, {""k"": 1, ""n"": 84}, {""k"": 1, ""n"": 76}]}, {""constant_lens"": false, ""gain"": 0.25, ""lens"": ""pc1"", ""lens_scaling"": ""standardize"", ""min_cluster_size"": 18, ""min_samples"": 5, ""n_class"": 338, ""n_edges"": 4, ""n_intervals"": 5, ""n_vertices"": 5, ""noise_reassigned"": 315, ""placement"": ""quantile"", ""slabs"": [{""k"": 1, ""n"": 76}, {""k"": 1, ""n"": 85}, {""k"": 1, ""n"": 84}, {""k"": 1, ""n"": 85}, {""k"": 1, ""n"": 76}]}, {""constant_lens"": false, ""gain"": 0.25, ""lens"": ""pc1"", ""lens_scaling"": ""standardize"", ""min_cluster_size"": 18, ""min_samples"": 5, ""n_class"": 337, ""n_edges"": 4, ""n_intervals"": 5, ""n_vertices"": 5, ""noise_reassigned"": 312, ""placement"": ""quantile"", ""slabs"": [{""k"": 1, ""n"": 76}, {""k"": 1, ""n"": 84}, {""k"": 1, ""n"": 85}, {""k"": 1, ""n"": 84}, {""k"": 1, ""n"": 76}]}, {""constant_lens"": false, ""gain"": 0.25, ""lens"": ""pc1"", ""lens_scaling"": ""standardize"", ""min_cluster_size"": 18, ""min_samples"": 5, ""n_class"": 338, ""n_edges"": 4, ""n_intervals"": 5, ""n_vertices"": 5, ""noise_reassigned"": 256, ""placement"": ""quantile"", ""slabs"": [{""k"": 1, ""n"": 76}, {""k"": 1, ""n"": 85}, {""k"": 1, ""n"": 84}, {""k"": 1, ""n"": 85}, {""k"": 1, ""n"": 76}]}, {""constant_lens"": false, ""gain"": 0.25, ""lens"": ""pc1"", ""lens_scaling"": ""standardize"", ""min_cluster_size"": 18, ""min_samples"": 5, ""n_class"": 337, ""n_edges"": 4, ""n_intervals"": 5, ""n_vertices"": 5, ""noise_reassigned"": 304, ""placement"": ""quantile"", ""slabs"": [{""k"": 1, ""n"": 76}, {""k"": 1, ""n"": 84}, {""k"": 1, ""n"": 85}, {""k"": 1, ""n"": 84}, {""k"": 1, ""n"": 76}]}, {""constant_lens"": false, ""gain"": 0.25, ""lens"": ""pc1"", ""lens_scaling"": ""standardize"", ""min_cluster_size"": 18, ""min_samples"": 5, ""n_class"": 338, ""n_edges"": 4, ""n_intervals"": 5, ""n_vertices"": 5, ""noise_reassigned"": 269, ""placement"": ""quantile"", ""slabs"": [{""k"": 1, ""n"": 76}, {""k"": 1, ""n"": 85}, {""k"": 1, ""n"": 84}, {""k"": 1, ""n"": 85}, {""k"": 1, ""n"": 76}]}, {""constant_lens"": false, ""gain"": 0.25, ""lens"": ""pc1"", ""lens_scaling"": ""standardize"", ""min_cluster_size"": 18, ""min_samples"": 5, ""n_class"": 337, ""n_edges"": 4, ""n_intervals"": 5, ""n_vertices"": 5, ""noise_reassigned"": 308, ""placement"": ""quantile"", ""slabs"": [{""k"": 1, ""n"": 76}, {""k"": 1, ""n"": 84}, {""k"": 1, ""n"": 85}, {""k"": 1, ""n"": 84}, {""k"": 1, ""n"": 76}]}, {""constant_lens"": false, ""gain"": 0.25, ""lens"": ""pc1"", ""lens_scaling"": ""standardize"", ""min_cluster_size"": 18, ""min_samples"": 5, ""n_class"": 337, ""n_edges"": 4, ""n_intervals"": 5, ""n_vertices"": 5, ""noise_reassigned"": 311, ""placement"": ""quantile"", ""slabs"": [{""k"": 1, ""n"": 76}, {""k"": 1, ""n"": 84}, {""k"": 1, ""n"": 85}, {""k"": 1, ""n"": 84}, {""k"": 1, ""n"": 76}]}, {""constant_lens"": false, ""gain"": 0.25, ""lens"": ""pc1"", ""lens_scaling"": ""standardize"", ""min_cluster_size"": 18, ""min_samples"": 5, ""n_class"": 338, ""n_edges"": 4, ""n_intervals"": 5, ""n_vertices"": 5, ""noise_reassigned"": 277, ""placement"": ""quantile"", ""slabs"": [{""k"": 1, ""n"": 76}, {""k"": 1, ""n"": 85}, {""k"": 1, ""n"": 84}, {""k"": 1, ""n"": 85}, {""k"": 1, ""n"": 76}]}, {""constant_lens"": false, ""gain"": 0.25, ""lens"": ""pc1"", ""lens_scaling"": ""standardize"", ""min_cluster_size"": 18, ""min_samples"": 5, ""n_class"": 337, ""n_edges"": 4, ""n_intervals"": 5, ""n_vertices"": 5, ""noise_reassigned"": 309, ""placement"": ""quantile"", ""slabs"": [{""k"": 1, ""n"": 76}, {""k"": 1, ""n"": 84}, {""k"": 1, ""n"": 85}, {""k"": 1, ""n"": 84}, {""k"": 1, ""n"": 76}]}, {""constant_lens"": false, ""gain"": 0.25, ""lens"": ""pc1"", ""lens_scaling"": ""standardize"", ""min_cluster_size"": 18, ""min_samples"": 5, ""n_class"": 338, ""n_edges"": 4, ""n_intervals"": 5, ""n_vertices"": 5, ""noise_reassigned"": 293, ""placement"": ""quantile"", ""slabs"": [{""k"": 1, ""n"": 76}, {""k"": 1, ""n"": 85}, {""k"": 1, ""n"": 84}, {""k"": 1, ""n"": 85}, {""k"": 1, ""n"": 76}]}], ""soundness_bound_holds"": true, ""step_rule"": ""scale_free"", ""topology_retention_nerve_to_frozen"": {""beta0_frozen"": 17, ""beta0_nerve"": 11, ""beta1_frozen"": 0, ""beta1_nerve"": 0}}",True
0.9763636363636363,248,False,0.050101010101010104,0.05,,6.160022999974899,6.160022999974899,0.0,texture,4,,SPINE+Graph,10,248,550,4950,0.9498989898989899,1037474163,False,"{""admission"": {""criterion"": ""risk"", ""removed_risk"": 6, ""removed_support"": 0}, ""betti_final"": [[1, 0], [1, 0], [1, 0], [1, 0], [1, 0], [2, 0], [1, 0], [3, 0], [1, 0], [2, 0], [3, 0]], ""betti_frozen"": [[1, 0], [1, 0], [1, 0], [1, 0], [1, 0], [2, 0], [1, 0], [3, 0], [1, 0], [2, 0], [3, 0]], ""betti_nerve"": [[1, 0], [1, 0], [1, 0], [1, 0], [1, 0], [1, 0], [1, 0], [1, 0], [1, 0], [1, 0], [1, 0]], ""boundary_restriction"": ""both"", ""forced_removals"": 0, ""growth_representation_fallbacks"": 141, ""invariant_held"": true, ""n_segments"": 231, ""n_train_fit"": 3712, ""n_val"": 1238, ""phase0"": [{""constant_lens"": false, ""gain"": 0.25, ""lens"": ""pc1"", ""lens_scaling"": ""standardize"", ""min_cluster_size"": 18, ""min_samples"": 5, ""n_class"": 337, ""n_edges"": 4, ""n_intervals"": 5, ""n_vertices"": 5, ""noise_reassigned"": 295, ""placement"": ""quantile"", ""slabs"": [{""k"": 1, ""n"": 76}, {""k"": 1, ""n"": 84}, {""k"": 1, ""n"": 85}, {""k"": 1, ""n"": 84}, {""k"": 1, ""n"": 76}]}, {""constant_lens"": false, ""gain"": 0.25, ""lens"": ""pc1"", ""lens_scaling"": ""standardize"", ""min_cluster_size"": 18, ""min_samples"": 5, ""n_class"": 338, ""n_edges"": 4, ""n_intervals"": 5, ""n_vertices"": 5, ""noise_reassigned"": 315, ""placement"": ""quantile"", ""slabs"": [{""k"": 1, ""n"": 76}, {""k"": 1, ""n"": 85}, {""k"": 1, ""n"": 84}, {""k"": 1, ""n"": 85}, {""k"": 1, ""n"": 76}]}, {""constant_lens"": false, ""gain"": 0.25, ""lens"": ""pc1"", ""lens_scaling"": ""standardize"", ""min_cluster_size"": 18, ""min_samples"": 5, ""n_class"": 337, ""n_edges"": 4, ""n_intervals"": 5, ""n_vertices"": 5, ""noise_reassigned"": 312, ""placement"": ""quantile"", ""slabs"": [{""k"": 1, ""n"": 76}, {""k"": 1, ""n"": 84}, {""k"": 1, ""n"": 85}, {""k"": 1, ""n"": 84}, {""k"": 1, ""n"": 76}]}, {""constant_lens"": false, ""gain"": 0.25, ""lens"": ""pc1"", ""lens_scaling"": ""standardize"", ""min_cluster_size"": 18, ""min_samples"": 5, ""n_class"": 338, ""n_edges"": 4, ""n_intervals"": 5, ""n_vertices"": 5, ""noise_reassigned"": 256, ""placement"": ""quantile"", ""slabs"": [{""k"": 1, ""n"": 76}, {""k"": 1, ""n"": 85}, {""k"": 1, ""n"": 84}, {""k"": 1, ""n"": 85}, {""k"": 1, ""n"": 76}]}, {""constant_lens"": false, ""gain"": 0.25, ""lens"": ""pc1"", ""lens_scaling"": ""standardize"", ""min_cluster_size"": 18, ""min_samples"": 5, ""n_class"": 337, ""n_edges"": 4, ""n_intervals"": 5, ""n_vertices"": 5, ""noise_reassigned"": 304, ""placement"": ""quantile"", ""slabs"": [{""k"": 1, ""n"": 76}, {""k"": 1, ""n"": 84}, {""k"": 1, ""n"": 85}, {""k"": 1, ""n"": 84}, {""k"": 1, ""n"": 76}]}, {""constant_lens"": false, ""gain"": 0.25, ""lens"": ""pc1"", ""lens_scaling"": ""standardize"", ""min_cluster_size"": 18, ""min_samples"": 5, ""n_class"": 338, ""n_edges"": 4, ""n_intervals"": 5, ""n_vertices"": 5, ""noise_reassigned"": 269, ""placement"": ""quantile"", ""slabs"": [{""k"": 1, ""n"": 76}, {""k"": 1, ""n"": 85}, {""k"": 1, ""n"": 84}, {""k"": 1, ""n"": 85}, {""k"": 1, ""n"": 76}]}, {""constant_lens"": false, ""gain"": 0.25, ""lens"": ""pc1"", ""lens_scaling"": ""standardize"", ""min_cluster_size"": 18, ""min_samples"": 5, ""n_class"": 337, ""n_edges"": 4, ""n_intervals"": 5, ""n_vertices"": 5, ""noise_reassigned"": 308, ""placement"": ""quantile"", ""slabs"": [{""k"": 1, ""n"": 76}, {""k"": 1, ""n"": 84}, {""k"": 1, ""n"": 85}, {""k"": 1, ""n"": 84}, {""k"": 1, ""n"": 76}]}, {""constant_lens"": false, ""gain"": 0.25, ""lens"": ""pc1"", ""lens_scaling"": ""standardize"", ""min_cluster_size"": 18, ""min_samples"": 5, ""n_class"": 337, ""n_edges"": 4, ""n_intervals"": 5, ""n_vertices"": 5, ""noise_reassigned"": 311, ""placement"": ""quantile"", ""slabs"": [{""k"": 1, ""n"": 76}, {""k"": 1, ""n"": 84}, {""k"": 1, ""n"": 85}, {""k"": 1, ""n"": 84}, {""k"": 1, ""n"": 76}]}, {""constant_lens"": false, ""gain"": 0.25, ""lens"": ""pc1"", ""lens_scaling"": ""standardize"", ""min_cluster_size"": 18, ""min_samples"": 5, ""n_class"": 338, ""n_edges"": 4, ""n_intervals"": 5, ""n_vertices"": 5, ""noise_reassigned"": 277, ""placement"": ""quantile"", ""slabs"": [{""k"": 1, ""n"": 76}, {""k"": 1, ""n"": 85}, {""k"": 1, ""n"": 84}, {""k"": 1, ""n"": 85}, {""k"": 1, ""n"": 76}]}, {""constant_lens"": false, ""gain"": 0.25, ""lens"": ""pc1"", ""lens_scaling"": ""standardize"", ""min_cluster_size"": 18, ""min_samples"": 5, ""n_class"": 337, ""n_edges"": 4, ""n_intervals"": 5, ""n_vertices"": 5, ""noise_reassigned"": 309, ""placement"": ""quantile"", ""slabs"": [{""k"": 1, ""n"": 76}, {""k"": 1, ""n"": 84}, {""k"": 1, ""n"": 85}, {""k"": 1, ""n"": 84}, {""k"": 1, ""n"": 76}]}, {""constant_lens"": false, ""gain"": 0.25, ""lens"": ""pc1"", ""lens_scaling"": ""standardize"", ""min_cluster_size"": 18, ""min_samples"": 5, ""n_class"": 338, ""n_edges"": 4, ""n_intervals"": 5, ""n_vertices"": 5, ""noise_reassigned"": 293, ""placement"": ""quantile"", ""slabs"": [{""k"": 1, ""n"": 76}, {""k"": 1, ""n"": 85}, {""k"": 1, ""n"": 84}, {""k"": 1, ""n"": 85}, {""k"": 1, ""n"": 76}]}], ""soundness_bound_holds"": true, ""step_rule"": ""scale_free"", ""topology_retention_nerve_to_frozen"": {""beta0_frozen"": 17, ""beta0_nerve"": 11, ""beta1_frozen"": 0, ""beta1_nerve"": 0}}",True
0.9872727272727273,248,False,0.050101010101010104,0.05,,4.500130000000354,80.13478900003247,75.63465900003212,texture,4,"{""epsilon"": 0.1, ""window"": 0.2}",LVQ3,10,248,550,4950,0.9498989898989899,1037474163,False,,True
0.9818181818181818,248,False,0.050101010101010104,0.05,"{""0"": 23, ""1"": 23, ""10"": 22, ""2"": 23, ""3"": 23, ""4"": 23, ""5"": 23, ""6"": 22, ""7"": 22, ""8"": 22, ""9"": 22}",1.5252290000207722,1.5252290000207722,0.0,texture,4,,KMeans,10,248,550,4950,0.9498989898989899,1037474163,False,,True
0.9363636363636364,248,False,0.050101010101010104,0.05,"{""0"": 23, ""1"": 23, ""10"": 22, ""2"": 23, ""3"": 23, ""4"": 23, ""5"": 23, ""6"": 22, ""7"": 22, ""8"": 22, ""9"": 22}",0.0011649999651126564,0.0011649999651126564,0.0,texture,4,,Random,10,248,550,4950,0.9498989898989899,1037474163,False,,True
0.9618181818181818,248,False,0.050101010101010104,0.05,,1.8720159999793395,1.8720159999793395,0.0,texture,4,,SPOT,10,248,550,4950,0.9498989898989899,1037474163,False,,True
0.9254545454545454,248,False,0.050101010101010104,0.05,,28.939679000002798,28.939679000002798,0.0,texture,4,,GLVQ,10,248,550,4950,0.9498989898989899,1037474163,False,,True
0.9709090909090909,248,False,0.050101010101010104,0.05,,2.5975690000341274,2.5975690000341274,0.0,texture,4,,GNG,10,248,550,4950,0.9498989898989899,1037474163,False,,True
0.9927272727272727,495,False,0.1,0.1,,0.0012999999453313649,0.0012999999453313649,0.0,texture,4,,Full,10,4950,550,4950,0.0,1037474163,True,,False
0.990909090909091,495,False,0.1,0.1,,1.7261549999821,1.7261549999821,0.0,texture,4,,RSP3,10,884,550,4950,0.8214141414141414,1037474163,True,,False
0.9854545454545455,495,False,0.1,0.1,,0.8735040000174195,0.8735040000174195,0.0,texture,4,,RHC,10,281,550,4950,0.9432323232323232,1037474163,True,,False
0.9836363636363636,495,False,0.1,0.1,,7.312256999954116,7.312256999954116,0.0,texture,4,,SPINE+1NN,10,495,550,4950,0.9,1037474163,False,"{""admission"": {""criterion"": ""risk"", ""removed_risk"": 6, ""removed_support"": 0}, ""betti_final"": [[1, 0], [1, 0], [1, 0], [1, 0], [1, 0], [2, 0], [1, 0], [3, 0], [1, 0], [2, 0], [3, 0]], ""betti_frozen"": [[1, 0], [1, 0], [1, 0], [1, 0], [1, 0], [2, 0], [1, 0], [3, 0], [1, 0], [2, 0], [3, 0]], ""betti_nerve"": [[1, 0], [1, 0], [1, 0], [1, 0], [1, 0], [1, 0], [1, 0], [1, 0], [1, 0], [1, 0], [1, 0]], ""boundary_restriction"": ""both"", ""forced_removals"": 0, ""growth_representation_fallbacks"": 421, ""invariant_held"": true, ""n_segments"": 478, ""n_train_fit"": 3712, ""n_val"": 1238, ""phase0"": [{""constant_lens"": false, ""gain"": 0.25, ""lens"": ""pc1"", ""lens_scaling"": ""standardize"", ""min_cluster_size"": 18, ""min_samples"": 5, ""n_class"": 337, ""n_edges"": 4, ""n_intervals"": 5, ""n_vertices"": 5, ""noise_reassigned"": 295, ""placement"": ""quantile"", ""slabs"": [{""k"": 1, ""n"": 76}, {""k"": 1, ""n"": 84}, {""k"": 1, ""n"": 85}, {""k"": 1, ""n"": 84}, {""k"": 1, ""n"": 76}]}, {""constant_lens"": false, ""gain"": 0.25, ""lens"": ""pc1"", ""lens_scaling"": ""standardize"", ""min_cluster_size"": 18, ""min_samples"": 5, ""n_class"": 338, ""n_edges"": 4, ""n_intervals"": 5, ""n_vertices"": 5, ""noise_reassigned"": 315, ""placement"": ""quantile"", ""slabs"": [{""k"": 1, ""n"": 76}, {""k"": 1, ""n"": 85}, {""k"": 1, ""n"": 84}, {""k"": 1, ""n"": 85}, {""k"": 1, ""n"": 76}]}, {""constant_lens"": false, ""gain"": 0.25, ""lens"": ""pc1"", ""lens_scaling"": ""standardize"", ""min_cluster_size"": 18, ""min_samples"": 5, ""n_class"": 337, ""n_edges"": 4, ""n_intervals"": 5, ""n_vertices"": 5, ""noise_reassigned"": 312, ""placement"": ""quantile"", ""slabs"": [{""k"": 1, ""n"": 76}, {""k"": 1, ""n"": 84}, {""k"": 1, ""n"": 85}, {""k"": 1, ""n"": 84}, {""k"": 1, ""n"": 76}]}, {""constant_lens"": false, ""gain"": 0.25, ""lens"": ""pc1"", ""lens_scaling"": ""standardize"", ""min_cluster_size"": 18, ""min_samples"": 5, ""n_class"": 338, ""n_edges"": 4, ""n_intervals"": 5, ""n_vertices"": 5, ""noise_reassigned"": 256, ""placement"": ""quantile"", ""slabs"": [{""k"": 1, ""n"": 76}, {""k"": 1, ""n"": 85}, {""k"": 1, ""n"": 84}, {""k"": 1, ""n"": 85}, {""k"": 1, ""n"": 76}]}, {""constant_lens"": false, ""gain"": 0.25, ""lens"": ""pc1"", ""lens_scaling"": ""standardize"", ""min_cluster_size"": 18, ""min_samples"": 5, ""n_class"": 337, ""n_edges"": 4, ""n_intervals"": 5, ""n_vertices"": 5, ""noise_reassigned"": 304, ""placement"": ""quantile"", ""slabs"": [{""k"": 1, ""n"": 76}, {""k"": 1, ""n"": 84}, {""k"": 1, ""n"": 85}, {""k"": 1, ""n"": 84}, {""k"": 1, ""n"": 76}]}, {""constant_lens"": false, ""gain"": 0.25, ""lens"": ""pc1"", ""lens_scaling"": ""standardize"", ""min_cluster_size"": 18, ""min_samples"": 5, ""n_class"": 338, ""n_edges"": 4, ""n_intervals"": 5, ""n_vertices"": 5, ""noise_reassigned"": 269, ""placement"": ""quantile"", ""slabs"": [{""k"": 1, ""n"": 76}, {""k"": 1, ""n"": 85}, {""k"": 1, ""n"": 84}, {""k"": 1, ""n"": 85}, {""k"": 1, ""n"": 76}]}, {""constant_lens"": false, ""gain"": 0.25, ""lens"": ""pc1"", ""lens_scaling"": ""standardize"", ""min_cluster_size"": 18, ""min_samples"": 5, ""n_class"": 337, ""n_edges"": 4, ""n_intervals"": 5, ""n_vertices"": 5, ""noise_reassigned"": 308, ""placement"": ""quantile"", ""slabs"": [{""k"": 1, ""n"": 76}, {""k"": 1, ""n"": 84}, {""k"": 1, ""n"": 85}, {""k"": 1, ""n"": 84}, {""k"": 1, ""n"": 76}]}, {""constant_lens"": false, ""gain"": 0.25, ""lens"": ""pc1"", ""lens_scaling"": ""standardize"", ""min_cluster_size"": 18, ""min_samples"": 5, ""n_class"": 337, ""n_edges"": 4, ""n_intervals"": 5, ""n_vertices"": 5, ""noise_reassigned"": 311, ""placement"": ""quantile"", ""slabs"": [{""k"": 1, ""n"": 76}, {""k"": 1, ""n"": 84}, {""k"": 1, ""n"": 85}, {""k"": 1, ""n"": 84}, {""k"": 1, ""n"": 76}]}, {""constant_lens"": false, ""gain"": 0.25, ""lens"": ""pc1"", ""lens_scaling"": ""standardize"", ""min_cluster_size"": 18, ""min_samples"": 5, ""n_class"": 338, ""n_edges"": 4, ""n_intervals"": 5, ""n_vertices"": 5, ""noise_reassigned"": 277, ""placement"": ""quantile"", ""slabs"": [{""k"": 1, ""n"": 76}, {""k"": 1, ""n"": 85}, {""k"": 1, ""n"": 84}, {""k"": 1, ""n"": 85}, {""k"": 1, ""n"": 76}]}, {""constant_lens"": false, ""gain"": 0.25, ""lens"": ""pc1"", ""lens_scaling"": ""standardize"", ""min_cluster_size"": 18, ""min_samples"": 5, ""n_class"": 337, ""n_edges"": 4, ""n_intervals"": 5, ""n_vertices"": 5, ""noise_reassigned"": 309, ""placement"": ""quantile"", ""slabs"": [{""k"": 1, ""n"": 76}, {""k"": 1, ""n"": 84}, {""k"": 1, ""n"": 85}, {""k"": 1, ""n"": 84}, {""k"": 1, ""n"": 76}]}, {""constant_lens"": false, ""gain"": 0.25, ""lens"": ""pc1"", ""lens_scaling"": ""standardize"", ""min_cluster_size"": 18, ""min_samples"": 5, ""n_class"": 338, ""n_edges"": 4, ""n_intervals"": 5, ""n_vertices"": 5, ""noise_reassigned"": 293, ""placement"": ""quantile"", ""slabs"": [{""k"": 1, ""n"": 76}, {""k"": 1, ""n"": 85}, {""k"": 1, ""n"": 84}, {""k"": 1, ""n"": 85}, {""k"": 1, ""n"": 76}]}], ""soundness_bound_holds"": true, ""step_rule"": ""scale_free"", ""topology_retention_nerve_to_frozen"": {""beta0_frozen"": 17, ""beta0_nerve"": 11, ""beta1_frozen"": 0, ""beta1_nerve"": 0}}",True
0.9854545454545455,495,False,0.1,0.1,,7.312256999954116,7.312256999954116,0.0,texture,4,,SPINE+Graph,10,495,550,4950,0.9,1037474163,False,"{""admission"": {""criterion"": ""risk"", ""removed_risk"": 6, ""removed_support"": 0}, ""betti_final"": [[1, 0], [1, 0], [1, 0], [1, 0], [1, 0], [2, 0], [1, 0], [3, 0], [1, 0], [2, 0], [3, 0]], ""betti_frozen"": [[1, 0], [1, 0], [1, 0], [1, 0], [1, 0], [2, 0], [1, 0], [3, 0], [1, 0], [2, 0], [3, 0]], ""betti_nerve"": [[1, 0], [1, 0], [1, 0], [1, 0], [1, 0], [1, 0], [1, 0], [1, 0], [1, 0], [1, 0], [1, 0]], ""boundary_restriction"": ""both"", ""forced_removals"": 0, ""growth_representation_fallbacks"": 421, ""invariant_held"": true, ""n_segments"": 478, ""n_train_fit"": 3712, ""n_val"": 1238, ""phase0"": [{""constant_lens"": false, ""gain"": 0.25, ""lens"": ""pc1"", ""lens_scaling"": ""standardize"", ""min_cluster_size"": 18, ""min_samples"": 5, ""n_class"": 337, ""n_edges"": 4, ""n_intervals"": 5, ""n_vertices"": 5, ""noise_reassigned"": 295, ""placement"": ""quantile"", ""slabs"": [{""k"": 1, ""n"": 76}, {""k"": 1, ""n"": 84}, {""k"": 1, ""n"": 85}, {""k"": 1, ""n"": 84}, {""k"": 1, ""n"": 76}]}, {""constant_lens"": false, ""gain"": 0.25, ""lens"": ""pc1"", ""lens_scaling"": ""standardize"", ""min_cluster_size"": 18, ""min_samples"": 5, ""n_class"": 338, ""n_edges"": 4, ""n_intervals"": 5, ""n_vertices"": 5, ""noise_reassigned"": 315, ""placement"": ""quantile"", ""slabs"": [{""k"": 1, ""n"": 76}, {""k"": 1, ""n"": 85}, {""k"": 1, ""n"": 84}, {""k"": 1, ""n"": 85}, {""k"": 1, ""n"": 76}]}, {""constant_lens"": false, ""gain"": 0.25, ""lens"": ""pc1"", ""lens_scaling"": ""standardize"", ""min_cluster_size"": 18, ""min_samples"": 5, ""n_class"": 337, ""n_edges"": 4, ""n_intervals"": 5, ""n_vertices"": 5, ""noise_reassigned"": 312, ""placement"": ""quantile"", ""slabs"": [{""k"": 1, ""n"": 76}, {""k"": 1, ""n"": 84}, {""k"": 1, ""n"": 85}, {""k"": 1, ""n"": 84}, {""k"": 1, ""n"": 76}]}, {""constant_lens"": false, ""gain"": 0.25, ""lens"": ""pc1"", ""lens_scaling"": ""standardize"", ""min_cluster_size"": 18, ""min_samples"": 5, ""n_class"": 338, ""n_edges"": 4, ""n_intervals"": 5, ""n_vertices"": 5, ""noise_reassigned"": 256, ""placement"": ""quantile"", ""slabs"": [{""k"": 1, ""n"": 76}, {""k"": 1, ""n"": 85}, {""k"": 1, ""n"": 84}, {""k"": 1, ""n"": 85}, {""k"": 1, ""n"": 76}]}, {""constant_lens"": false, ""gain"": 0.25, ""lens"": ""pc1"", ""lens_scaling"": ""standardize"", ""min_cluster_size"": 18, ""min_samples"": 5, ""n_class"": 337, ""n_edges"": 4, ""n_intervals"": 5, ""n_vertices"": 5, ""noise_reassigned"": 304, ""placement"": ""quantile"", ""slabs"": [{""k"": 1, ""n"": 76}, {""k"": 1, ""n"": 84}, {""k"": 1, ""n"": 85}, {""k"": 1, ""n"": 84}, {""k"": 1, ""n"": 76}]}, {""constant_lens"": false, ""gain"": 0.25, ""lens"": ""pc1"", ""lens_scaling"": ""standardize"", ""min_cluster_size"": 18, ""min_samples"": 5, ""n_class"": 338, ""n_edges"": 4, ""n_intervals"": 5, ""n_vertices"": 5, ""noise_reassigned"": 269, ""placement"": ""quantile"", ""slabs"": [{""k"": 1, ""n"": 76}, {""k"": 1, ""n"": 85}, {""k"": 1, ""n"": 84}, {""k"": 1, ""n"": 85}, {""k"": 1, ""n"": 76}]}, {""constant_lens"": false, ""gain"": 0.25, ""lens"": ""pc1"", ""lens_scaling"": ""standardize"", ""min_cluster_size"": 18, ""min_samples"": 5, ""n_class"": 337, ""n_edges"": 4, ""n_intervals"": 5, ""n_vertices"": 5, ""noise_reassigned"": 308, ""placement"": ""quantile"", ""slabs"": [{""k"": 1, ""n"": 76}, {""k"": 1, ""n"": 84}, {""k"": 1, ""n"": 85}, {""k"": 1, ""n"": 84}, {""k"": 1, ""n"": 76}]}, {""constant_lens"": false, ""gain"": 0.25, ""lens"": ""pc1"", ""lens_scaling"": ""standardize"", ""min_cluster_size"": 18, ""min_samples"": 5, ""n_class"": 337, ""n_edges"": 4, ""n_intervals"": 5, ""n_vertices"": 5, ""noise_reassigned"": 311, ""placement"": ""quantile"", ""slabs"": [{""k"": 1, ""n"": 76}, {""k"": 1, ""n"": 84}, {""k"": 1, ""n"": 85}, {""k"": 1, ""n"": 84}, {""k"": 1, ""n"": 76}]}, {""constant_lens"": false, ""gain"": 0.25, ""lens"": ""pc1"", ""lens_scaling"": ""standardize"", ""min_cluster_size"": 18, ""min_samples"": 5, ""n_class"": 338, ""n_edges"": 4, ""n_intervals"": 5, ""n_vertices"": 5, ""noise_reassigned"": 277, ""placement"": ""quantile"", ""slabs"": [{""k"": 1, ""n"": 76}, {""k"": 1, ""n"": 85}, {""k"": 1, ""n"": 84}, {""k"": 1, ""n"": 85}, {""k"": 1, ""n"": 76}]}, {""constant_lens"": false, ""gain"": 0.25, ""lens"": ""pc1"", ""lens_scaling"": ""standardize"", ""min_cluster_size"": 18, ""min_samples"": 5, ""n_class"": 337, ""n_edges"": 4, ""n_intervals"": 5, ""n_vertices"": 5, ""noise_reassigned"": 309, ""placement"": ""quantile"", ""slabs"": [{""k"": 1, ""n"": 76}, {""k"": 1, ""n"": 84}, {""k"": 1, ""n"": 85}, {""k"": 1, ""n"": 84}, {""k"": 1, ""n"": 76}]}, {""constant_lens"": false, ""gain"": 0.25, ""lens"": ""pc1"", ""lens_scaling"": ""standardize"", ""min_cluster_size"": 18, ""min_samples"": 5, ""n_class"": 338, ""n_edges"": 4, ""n_intervals"": 5, ""n_vertices"": 5, ""noise_reassigned"": 293, ""placement"": ""quantile"", ""slabs"": [{""k"": 1, ""n"": 76}, {""k"": 1, ""n"": 85}, {""k"": 1, ""n"": 84}, {""k"": 1, ""n"": 85}, {""k"": 1, ""n"": 76}]}], ""soundness_bound_holds"": true, ""step_rule"": ""scale_free"", ""topology_retention_nerve_to_frozen"": {""beta0_frozen"": 17, ""beta0_nerve"": 11, ""beta1_frozen"": 0, ""beta1_nerve"": 0}}",True
0.9836363636363636,495,False,0.1,0.1,,6.385594999999739,113.28740899998229,106.90181399998255,texture,4,"{""epsilon"": 0.1, ""window"": 0.2}",LVQ3,10,495,550,4950,0.9,1037474163,False,,True
0.98,495,False,0.1,0.1,"{""0"": 45, ""1"": 45, ""10"": 45, ""2"": 45, ""3"": 45, ""4"": 45, ""5"": 45, ""6"": 45, ""7"": 45, ""8"": 45, ""9"": 45}",2.570034999982454,2.570034999982454,0.0,texture,4,,KMeans,10,495,550,4950,0.9,1037474163,False,,True
0.9418181818181818,495,False,0.1,0.1,"{""0"": 45, ""1"": 45, ""10"": 45, ""2"": 45, ""3"": 45, ""4"": 45, ""5"": 45, ""6"": 45, ""7"": 45, ""8"": 45, ""9"": 45}",0.0018159999744966626,0.0018159999744966626,0.0,texture,4,,Random,10,495,550,4950,0.9,1037474163,False,,True
0.9763636363636363,495,False,0.1,0.1,,1.9072630000300705,1.9072630000300705,0.0,texture,4,,SPOT,10,495,550,4950,0.9,1037474163,False,,True
0.9254545454545454,495,False,0.1,0.1,,54.8486200000043,54.8486200000043,0.0,texture,4,,GLVQ,10,495,550,4950,0.9,1037474163,False,,True
0.9854545454545455,495,False,0.1,0.1,,5.106216000043787,5.106216000043787,0.0,texture,4,,GNG,10,495,550,4950,0.9,1037474163,False,,True
0.9927272727272727,1238,False,0.2501010101010101,0.25,,0.0012999999453313649,0.0012999999453313649,0.0,texture,4,,Full,10,4950,550,4950,0.0,1037474163,True,,False
0.990909090909091,1238,False,0.2501010101010101,0.25,,1.7261549999821,1.7261549999821,0.0,texture,4,,RSP3,10,884,550,4950,0.8214141414141414,1037474163,True,,False
0.9854545454545455,1238,False,0.2501010101010101,0.25,,0.8735040000174195,0.8735040000174195,0.0,texture,4,,RHC,10,281,550,4950,0.9432323232323232,1037474163,True,,False
0.990909090909091,1238,False,0.2501010101010101,0.25,,15.196377000014763,15.196377000014763,0.0,texture,4,,SPINE+1NN,10,1238,550,4950,0.7498989898989898,1037474163,False,"{""admission"": {""criterion"": ""risk"", ""removed_risk"": 6, ""removed_support"": 0}, ""betti_final"": [[1, 0], [1, 0], [1, 0], [1, 0], [1, 0], [2, 0], [1, 0], [3, 0], [1, 0], [2, 0], [3, 0]], ""betti_frozen"": [[1, 0], [1, 0], [1, 0], [1, 0], [1, 0], [2, 0], [1, 0], [3, 0], [1, 0], [2, 0], [3, 0]], ""betti_nerve"": [[1, 0], [1, 0], [1, 0], [1, 0], [1, 0], [1, 0], [1, 0], [1, 0], [1, 0], [1, 0], [1, 0]], ""boundary_restriction"": ""both"", ""forced_removals"": 0, ""growth_representation_fallbacks"": 1339, ""invariant_held"": true, ""n_segments"": 1221, ""n_train_fit"": 3712, ""n_val"": 1238, ""phase0"": [{""constant_lens"": false, ""gain"": 0.25, ""lens"": ""pc1"", ""lens_scaling"": ""standardize"", ""min_cluster_size"": 18, ""min_samples"": 5, ""n_class"": 337, ""n_edges"": 4, ""n_intervals"": 5, ""n_vertices"": 5, ""noise_reassigned"": 295, ""placement"": ""quantile"", ""slabs"": [{""k"": 1, ""n"": 76}, {""k"": 1, ""n"": 84}, {""k"": 1, ""n"": 85}, {""k"": 1, ""n"": 84}, {""k"": 1, ""n"": 76}]}, {""constant_lens"": false, ""gain"": 0.25, ""lens"": ""pc1"", ""lens_scaling"": ""standardize"", ""min_cluster_size"": 18, ""min_samples"": 5, ""n_class"": 338, ""n_edges"": 4, ""n_intervals"": 5, ""n_vertices"": 5, ""noise_reassigned"": 315, ""placement"": ""quantile"", ""slabs"": [{""k"": 1, ""n"": 76}, {""k"": 1, ""n"": 85}, {""k"": 1, ""n"": 84}, {""k"": 1, ""n"": 85}, {""k"": 1, ""n"": 76}]}, {""constant_lens"": false, ""gain"": 0.25, ""lens"": ""pc1"", ""lens_scaling"": ""standardize"", ""min_cluster_size"": 18, ""min_samples"": 5, ""n_class"": 337, ""n_edges"": 4, ""n_intervals"": 5, ""n_vertices"": 5, ""noise_reassigned"": 312, ""placement"": ""quantile"", ""slabs"": [{""k"": 1, ""n"": 76}, {""k"": 1, ""n"": 84}, {""k"": 1, ""n"": 85}, {""k"": 1, ""n"": 84}, {""k"": 1, ""n"": 76}]}, {""constant_lens"": false, ""gain"": 0.25, ""lens"": ""pc1"", ""lens_scaling"": ""standardize"", ""min_cluster_size"": 18, ""min_samples"": 5, ""n_class"": 338, ""n_edges"": 4, ""n_intervals"": 5, ""n_vertices"": 5, ""noise_reassigned"": 256, ""placement"": ""quantile"", ""slabs"": [{""k"": 1, ""n"": 76}, {""k"": 1, ""n"": 85}, {""k"": 1, ""n"": 84}, {""k"": 1, ""n"": 85}, {""k"": 1, ""n"": 76}]}, {""constant_lens"": false, ""gain"": 0.25, ""lens"": ""pc1"", ""lens_scaling"": ""standardize"", ""min_cluster_size"": 18, ""min_samples"": 5, ""n_class"": 337, ""n_edges"": 4, ""n_intervals"": 5, ""n_vertices"": 5, ""noise_reassigned"": 304, ""placement"": ""quantile"", ""slabs"": [{""k"": 1, ""n"": 76}, {""k"": 1, ""n"": 84}, {""k"": 1, ""n"": 85}, {""k"": 1, ""n"": 84}, {""k"": 1, ""n"": 76}]}, {""constant_lens"": false, ""gain"": 0.25, ""lens"": ""pc1"", ""lens_scaling"": ""standardize"", ""min_cluster_size"": 18, ""min_samples"": 5, ""n_class"": 338, ""n_edges"": 4, ""n_intervals"": 5, ""n_vertices"": 5, ""noise_reassigned"": 269, ""placement"": ""quantile"", ""slabs"": [{""k"": 1, ""n"": 76}, {""k"": 1, ""n"": 85}, {""k"": 1, ""n"": 84}, {""k"": 1, ""n"": 85}, {""k"": 1, ""n"": 76}]}, {""constant_lens"": false, ""gain"": 0.25, ""lens"": ""pc1"", ""lens_scaling"": ""standardize"", ""min_cluster_size"": 18, ""min_samples"": 5, ""n_class"": 337, ""n_edges"": 4, ""n_intervals"": 5, ""n_vertices"": 5, ""noise_reassigned"": 308, ""placement"": ""quantile"", ""slabs"": [{""k"": 1, ""n"": 76}, {""k"": 1, ""n"": 84}, {""k"": 1, ""n"": 85}, {""k"": 1, ""n"": 84}, {""k"": 1, ""n"": 76}]}, {""constant_lens"": false, ""gain"": 0.25, ""lens"": ""pc1"", ""lens_scaling"": ""standardize"", ""min_cluster_size"": 18, ""min_samples"": 5, ""n_class"": 337, ""n_edges"": 4, ""n_intervals"": 5, ""n_vertices"": 5, ""noise_reassigned"": 311, ""placement"": ""quantile"", ""slabs"": [{""k"": 1, ""n"": 76}, {""k"": 1, ""n"": 84}, {""k"": 1, ""n"": 85}, {""k"": 1, ""n"": 84}, {""k"": 1, ""n"": 76}]}, {""constant_lens"": false, ""gain"": 0.25, ""lens"": ""pc1"", ""lens_scaling"": ""standardize"", ""min_cluster_size"": 18, ""min_samples"": 5, ""n_class"": 338, ""n_edges"": 4, ""n_intervals"": 5, ""n_vertices"": 5, ""noise_reassigned"": 277, ""placement"": ""quantile"", ""slabs"": [{""k"": 1, ""n"": 76}, {""k"": 1, ""n"": 85}, {""k"": 1, ""n"": 84}, {""k"": 1, ""n"": 85}, {""k"": 1, ""n"": 76}]}, {""constant_lens"": false, ""gain"": 0.25, ""lens"": ""pc1"", ""lens_scaling"": ""standardize"", ""min_cluster_size"": 18, ""min_samples"": 5, ""n_class"": 337, ""n_edges"": 4, ""n_intervals"": 5, ""n_vertices"": 5, ""noise_reassigned"": 309, ""placement"": ""quantile"", ""slabs"": [{""k"": 1, ""n"": 76}, {""k"": 1, ""n"": 84}, {""k"": 1, ""n"": 85}, {""k"": 1, ""n"": 84}, {""k"": 1, ""n"": 76}]}, {""constant_lens"": false, ""gain"": 0.25, ""lens"": ""pc1"", ""lens_scaling"": ""standardize"", ""min_cluster_size"": 18, ""min_samples"": 5, ""n_class"": 338, ""n_edges"": 4, ""n_intervals"": 5, ""n_vertices"": 5, ""noise_reassigned"": 293, ""placement"": ""quantile"", ""slabs"": [{""k"": 1, ""n"": 76}, {""k"": 1, ""n"": 85}, {""k"": 1, ""n"": 84}, {""k"": 1, ""n"": 85}, {""k"": 1, ""n"": 76}]}], ""soundness_bound_holds"": true, ""step_rule"": ""scale_free"", ""topology_retention_nerve_to_frozen"": {""beta0_frozen"": 17, ""beta0_nerve"": 11, ""beta1_frozen"": 0, ""beta1_nerve"": 0}}",True
0.990909090909091,1238,False,0.2501010101010101,0.25,,15.196377000014763,15.196377000014763,0.0,texture,4,,SPINE+Graph,10,1238,550,4950,0.7498989898989898,1037474163,False,"{""admission"": {""criterion"": ""risk"", ""removed_risk"": 6, ""removed_support"": 0}, ""betti_final"": [[1, 0], [1, 0], [1, 0], [1, 0], [1, 0], [2, 0], [1, 0], [3, 0], [1, 0], [2, 0], [3, 0]], ""betti_frozen"": [[1, 0], [1, 0], [1, 0], [1, 0], [1, 0], [2, 0], [1, 0], [3, 0], [1, 0], [2, 0], [3, 0]], ""betti_nerve"": [[1, 0], [1, 0], [1, 0], [1, 0], [1, 0], [1, 0], [1, 0], [1, 0], [1, 0], [1, 0], [1, 0]], ""boundary_restriction"": ""both"", ""forced_removals"": 0, ""growth_representation_fallbacks"": 1339, ""invariant_held"": true, ""n_segments"": 1221, ""n_train_fit"": 3712, ""n_val"": 1238, ""phase0"": [{""constant_lens"": false, ""gain"": 0.25, ""lens"": ""pc1"", ""lens_scaling"": ""standardize"", ""min_cluster_size"": 18, ""min_samples"": 5, ""n_class"": 337, ""n_edges"": 4, ""n_intervals"": 5, ""n_vertices"": 5, ""noise_reassigned"": 295, ""placement"": ""quantile"", ""slabs"": [{""k"": 1, ""n"": 76}, {""k"": 1, ""n"": 84}, {""k"": 1, ""n"": 85}, {""k"": 1, ""n"": 84}, {""k"": 1, ""n"": 76}]}, {""constant_lens"": false, ""gain"": 0.25, ""lens"": ""pc1"", ""lens_scaling"": ""standardize"", ""min_cluster_size"": 18, ""min_samples"": 5, ""n_class"": 338, ""n_edges"": 4, ""n_intervals"": 5, ""n_vertices"": 5, ""noise_reassigned"": 315, ""placement"": ""quantile"", ""slabs"": [{""k"": 1, ""n"": 76}, {""k"": 1, ""n"": 85}, {""k"": 1, ""n"": 84}, {""k"": 1, ""n"": 85}, {""k"": 1, ""n"": 76}]}, {""constant_lens"": false, ""gain"": 0.25, ""lens"": ""pc1"", ""lens_scaling"": ""standardize"", ""min_cluster_size"": 18, ""min_samples"": 5, ""n_class"": 337, ""n_edges"": 4, ""n_intervals"": 5, ""n_vertices"": 5, ""noise_reassigned"": 312, ""placement"": ""quantile"", ""slabs"": [{""k"": 1, ""n"": 76}, {""k"": 1, ""n"": 84}, {""k"": 1, ""n"": 85}, {""k"": 1, ""n"": 84}, {""k"": 1, ""n"": 76}]}, {""constant_lens"": false, ""gain"": 0.25, ""lens"": ""pc1"", ""lens_scaling"": ""standardize"", ""min_cluster_size"": 18, ""min_samples"": 5, ""n_class"": 338, ""n_edges"": 4, ""n_intervals"": 5, ""n_vertices"": 5, ""noise_reassigned"": 256, ""placement"": ""quantile"", ""slabs"": [{""k"": 1, ""n"": 76}, {""k"": 1, ""n"": 85}, {""k"": 1, ""n"": 84}, {""k"": 1, ""n"": 85}, {""k"": 1, ""n"": 76}]}, {""constant_lens"": false, ""gain"": 0.25, ""lens"": ""pc1"", ""lens_scaling"": ""standardize"", ""min_cluster_size"": 18, ""min_samples"": 5, ""n_class"": 337, ""n_edges"": 4, ""n_intervals"": 5, ""n_vertices"": 5, ""noise_reassigned"": 304, ""placement"": ""quantile"", ""slabs"": [{""k"": 1, ""n"": 76}, {""k"": 1, ""n"": 84}, {""k"": 1, ""n"": 85}, {""k"": 1, ""n"": 84}, {""k"": 1, ""n"": 76}]}, {""constant_lens"": false, ""gain"": 0.25, ""lens"": ""pc1"", ""lens_scaling"": ""standardize"", ""min_cluster_size"": 18, ""min_samples"": 5, ""n_class"": 338, ""n_edges"": 4, ""n_intervals"": 5, ""n_vertices"": 5, ""noise_reassigned"": 269, ""placement"": ""quantile"", ""slabs"": [{""k"": 1, ""n"": 76}, {""k"": 1, ""n"": 85}, {""k"": 1, ""n"": 84}, {""k"": 1, ""n"": 85}, {""k"": 1, ""n"": 76}]}, {""constant_lens"": false, ""gain"": 0.25, ""lens"": ""pc1"", ""lens_scaling"": ""standardize"", ""min_cluster_size"": 18, ""min_samples"": 5, ""n_class"": 337, ""n_edges"": 4, ""n_intervals"": 5, ""n_vertices"": 5, ""noise_reassigned"": 308, ""placement"": ""quantile"", ""slabs"": [{""k"": 1, ""n"": 76}, {""k"": 1, ""n"": 84}, {""k"": 1, ""n"": 85}, {""k"": 1, ""n"": 84}, {""k"": 1, ""n"": 76}]}, {""constant_lens"": false, ""gain"": 0.25, ""lens"": ""pc1"", ""lens_scaling"": ""standardize"", ""min_cluster_size"": 18, ""min_samples"": 5, ""n_class"": 337, ""n_edges"": 4, ""n_intervals"": 5, ""n_vertices"": 5, ""noise_reassigned"": 311, ""placement"": ""quantile"", ""slabs"": [{""k"": 1, ""n"": 76}, {""k"": 1, ""n"": 84}, {""k"": 1, ""n"": 85}, {""k"": 1, ""n"": 84}, {""k"": 1, ""n"": 76}]}, {""constant_lens"": false, ""gain"": 0.25, ""lens"": ""pc1"", ""lens_scaling"": ""standardize"", ""min_cluster_size"": 18, ""min_samples"": 5, ""n_class"": 338, ""n_edges"": 4, ""n_intervals"": 5, ""n_vertices"": 5, ""noise_reassigned"": 277, ""placement"": ""quantile"", ""slabs"": [{""k"": 1, ""n"": 76}, {""k"": 1, ""n"": 85}, {""k"": 1, ""n"": 84}, {""k"": 1, ""n"": 85}, {""k"": 1, ""n"": 76}]}, {""constant_lens"": false, ""gain"": 0.25, ""lens"": ""pc1"", ""lens_scaling"": ""standardize"", ""min_cluster_size"": 18, ""min_samples"": 5, ""n_class"": 337, ""n_edges"": 4, ""n_intervals"": 5, ""n_vertices"": 5, ""noise_reassigned"": 309, ""placement"": ""quantile"", ""slabs"": [{""k"": 1, ""n"": 76}, {""k"": 1, ""n"": 84}, {""k"": 1, ""n"": 85}, {""k"": 1, ""n"": 84}, {""k"": 1, ""n"": 76}]}, {""constant_lens"": false, ""gain"": 0.25, ""lens"": ""pc1"", ""lens_scaling"": ""standardize"", ""min_cluster_size"": 18, ""min_samples"": 5, ""n_class"": 338, ""n_edges"": 4, ""n_intervals"": 5, ""n_vertices"": 5, ""noise_reassigned"": 293, ""placement"": ""quantile"", ""slabs"": [{""k"": 1, ""n"": 76}, {""k"": 1, ""n"": 85}, {""k"": 1, ""n"": 84}, {""k"": 1, ""n"": 85}, {""k"": 1, ""n"": 76}]}], ""soundness_bound_holds"": true, ""step_rule"": ""scale_free"", ""topology_retention_nerve_to_frozen"": {""beta0_frozen"": 17, ""beta0_nerve"": 11, ""beta1_frozen"": 0, ""beta1_nerve"": 0}}",True
0.990909090909091,1238,False,0.2501010101010101,0.25,,14.938381000014488,259.99471700005233,245.05633600003785,texture,4,"{""epsilon"": 0.1, ""window"": 0.2}",LVQ3,10,1238,550,4950,0.7498989898989898,1037474163,False,,True
0.9927272727272727,1238,False,0.2501010101010101,0.25,"{""0"": 113, ""1"": 113, ""10"": 112, ""2"": 113, ""3"": 113, ""4"": 113, ""5"": 113, ""6"": 112, ""7"": 112, ""8"": 112, ""9"": 112}",4.914265999977943,4.914265999977943,0.0,texture,4,,KMeans,10,1238,550,4950,0.7498989898989898,1037474163,False,,True
0.9690909090909091,1238,False,0.2501010101010101,0.25,"{""0"": 113, ""1"": 113, ""10"": 112, ""2"": 113, ""3"": 113, ""4"": 113, ""5"": 113, ""6"": 112, ""7"": 112, ""8"": 112, ""9"": 112}",0.0022350000217556953,0.0022350000217556953,0.0,texture,4,,Random,10,1238,550,4950,0.7498989898989898,1037474163,False,,True
0.9890909090909091,1238,False,0.2501010101010101,0.25,,1.9636490000411868,1.9636490000411868,0.0,texture,4,,SPOT,10,1238,550,4950,0.7498989898989898,1037474163,False,,True
0.9290909090909091,1238,False,0.2501010101010101,0.25,,132.62928900000406,132.62928900000406,0.0,texture,4,,GLVQ,10,1238,550,4950,0.7498989898989898,1037474163,False,,True
0.9836363636363636,1238,False,0.2501010101010101,0.25,,17.88691399997333,17.88691399997333,0.0,texture,4,,GNG,10,1238,550,4950,0.7498989898989898,1037474163,False,,True
0.9890909090909091,25,False,0.005050505050505051,0.005,,0.0011879999656230211,0.0011879999656230211,0.0,texture,5,,Full,10,4950,550,4950,0.0,1038474166,False,,False
0.9872727272727273,25,False,0.005050505050505051,0.005,,1.7289039999595843,1.7289039999595843,0.0,texture,5,,RSP3,10,847,550,4950,0.8288888888888889,1038474166,False,,False
0.9690909090909091,25,False,0.005050505050505051,0.005,,0.7395939999842085,0.7395939999842085,0.0,texture,5,,RHC,10,252,550,4950,0.9490909090909091,1038474166,False,,False
0.8181818181818182,25,False,0.005050505050505051,0.005,,3.8362639999832027,3.8362639999832027,0.0,texture,5,,SPINE+1NN,10,25,550,4950,0.9949494949494949,1038474166,False,"{""admission"": {""criterion"": ""risk"", ""removed_risk"": 1, ""removed_support"": 0}, ""betti_final"": [[1, 0], [1, 0], [1, 0], [1, 0], [1, 0], [1, 0], [1, 0], [1, 0], [1, 0], [1, 0], [2, 0]], ""betti_frozen"": [[1, 0], [1, 0], [1, 0], [1, 0], [1, 0], [1, 0], [1, 0], [1, 0], [1, 0], [1, 0], [2, 0]], ""betti_nerve"": [[1, 0], [1, 0], [1, 0], [1, 0], [1, 0], [1, 0], [1, 0], [1, 0], [1, 0], [1, 0], [1, 0]], ""boundary_restriction"": ""both"", ""forced_removals"": 0, ""growth_representation_fallbacks"": 0, ""invariant_held"": true, ""n_segments"": 13, ""n_train_fit"": 3712, ""n_val"": 1238, ""phase0"": [{""constant_lens"": false, ""gain"": 0.25, ""lens"": ""pc1"", ""lens_scaling"": ""standardize"", ""min_cluster_size"": 18, ""min_samples"": 5, ""n_class"": 338, ""n_edges"": 4, ""n_intervals"": 5, ""n_vertices"": 5, ""noise_reassigned"": 313, ""placement"": ""quantile"", ""slabs"": [{""k"": 1, ""n"": 76}, {""k"": 1, ""n"": 85}, {""k"": 1, ""n"": 84}, {""k"": 1, ""n"": 85}, {""k"": 1, ""n"": 76}]}, {""constant_lens"": false, ""gain"": 0.25, ""lens"": ""pc1"", ""lens_scaling"": ""standardize"", ""min_cluster_size"": 18, ""min_samples"": 5, ""n_class"": 338, ""n_edges"": 4, ""n_intervals"": 5, ""n_vertices"": 5, ""noise_reassigned"": 314, ""placement"": ""quantile"", ""slabs"": [{""k"": 1, ""n"": 76}, {""k"": 1, ""n"": 85}, {""k"": 1, ""n"": 84}, {""k"": 1, ""n"": 85}, {""k"": 1, ""n"": 76}]}, {""constant_lens"": false, ""gain"": 0.25, ""lens"": ""pc1"", ""lens_scaling"": ""standardize"", ""min_cluster_size"": 18, ""min_samples"": 5, ""n_class"": 337, ""n_edges"": 4, ""n_intervals"": 5, ""n_vertices"": 5, ""noise_reassigned"": 314, ""placement"": ""quantile"", ""slabs"": [{""k"": 1, ""n"": 76}, {""k"": 1, ""n"": 84}, {""k"": 1, ""n"": 85}, {""k"": 1, ""n"": 84}, {""k"": 1, ""n"": 76}]}, {""constant_lens"": false, ""gain"": 0.25, ""lens"": ""pc1"", ""lens_scaling"": ""standardize"", ""min_cluster_size"": 18, ""min_samples"": 5, ""n_class"": 337, ""n_edges"": 4, ""n_intervals"": 5, ""n_vertices"": 5, ""noise_reassigned"": 312, ""placement"": ""quantile"", ""slabs"": [{""k"": 1, ""n"": 76}, {""k"": 1, ""n"": 84}, {""k"": 1, ""n"": 85}, {""k"": 1, ""n"": 84}, {""k"": 1, ""n"": 76}]}, {""constant_lens"": false, ""gain"": 0.25, ""lens"": ""pc1"", ""lens_scaling"": ""standardize"", ""min_cluster_size"": 18, ""min_samples"": 5, ""n_class"": 337, ""n_edges"": 4, ""n_intervals"": 5, ""n_vertices"": 5, ""noise_reassigned"": 308, ""placement"": ""quantile"", ""slabs"": [{""k"": 1, ""n"": 76}, {""k"": 1, ""n"": 84}, {""k"": 1, ""n"": 85}, {""k"": 1, ""n"": 84}, {""k"": 1, ""n"": 76}]}, {""constant_lens"": false, ""gain"": 0.25, ""lens"": ""pc1"", ""lens_scaling"": ""standardize"", ""min_cluster_size"": 18, ""min_samples"": 5, ""n_class"": 337, ""n_edges"": 4, ""n_intervals"": 5, ""n_vertices"": 5, ""noise_reassigned"": 313, ""placement"": ""quantile"", ""slabs"": [{""k"": 1, ""n"": 76}, {""k"": 1, ""n"": 84}, {""k"": 1, ""n"": 85}, {""k"": 1, ""n"": 84}, {""k"": 1, ""n"": 76}]}, {""constant_lens"": false, ""gain"": 0.25, ""lens"": ""pc1"", ""lens_scaling"": ""standardize"", ""min_cluster_size"": 18, ""min_samples"": 5, ""n_class"": 338, ""n_edges"": 4, ""n_intervals"": 5, ""n_vertices"": 5, ""noise_reassigned"": 310, ""placement"": ""quantile"", ""slabs"": [{""k"": 1, ""n"": 76}, {""k"": 1, ""n"": 85}, {""k"": 1, ""n"": 84}, {""k"": 1, ""n"": 85}, {""k"": 1, ""n"": 76}]}, {""constant_lens"": false, ""gain"": 0.25, ""lens"": ""pc1"", ""lens_scaling"": ""standardize"", ""min_cluster_size"": 18, ""min_samples"": 5, ""n_class"": 337, ""n_edges"": 4, ""n_intervals"": 5, ""n_vertices"": 5, ""noise_reassigned"": 315, ""placement"": ""quantile"", ""slabs"": [{""k"": 1, ""n"": 76}, {""k"": 1, ""n"": 84}, {""k"": 1, ""n"": 85}, {""k"": 1, ""n"": 84}, {""k"": 1, ""n"": 76}]}, {""constant_lens"": false, ""gain"": 0.25, ""lens"": ""pc1"", ""lens_scaling"": ""standardize"", ""min_cluster_size"": 18, ""min_samples"": 5, ""n_class"": 337, ""n_edges"": 4, ""n_intervals"": 5, ""n_vertices"": 5, ""noise_reassigned"": 266, ""placement"": ""quantile"", ""slabs"": [{""k"": 1, ""n"": 76}, {""k"": 1, ""n"": 84}, {""k"": 1, ""n"": 85}, {""k"": 1, ""n"": 84}, {""k"": 1, ""n"": 76}]}, {""constant_lens"": false, ""gain"": 0.25, ""lens"": ""pc1"", ""lens_scaling"": ""standardize"", ""min_cluster_size"": 18, ""min_samples"": 5, ""n_class"": 338, ""n_edges"": 4, ""n_intervals"": 5, ""n_vertices"": 5, ""noise_reassigned"": 313, ""placement"": ""quantile"", ""slabs"": [{""k"": 1, ""n"": 76}, {""k"": 1, ""n"": 85}, {""k"": 1, ""n"": 84}, {""k"": 1, ""n"": 85}, {""k"": 1, ""n"": 76}]}, {""constant_lens"": false, ""gain"": 0.25, ""lens"": ""pc1"", ""lens_scaling"": ""standardize"", ""min_cluster_size"": 18, ""min_samples"": 5, ""n_class"": 338, ""n_edges"": 4, ""n_intervals"": 5, ""n_vertices"": 5, ""noise_reassigned"": 311, ""placement"": ""quantile"", ""slabs"": [{""k"": 1, ""n"": 76}, {""k"": 1, ""n"": 85}, {""k"": 1, ""n"": 84}, {""k"": 1, ""n"": 85}, {""k"": 1, ""n"": 76}]}], ""soundness_bound_holds"": true, ""step_rule"": ""scale_free"", ""topology_retention_nerve_to_frozen"": {""beta0_frozen"": 12, ""beta0_nerve"": 11, ""beta1_frozen"": 0, ""beta1_nerve"": 0}}",True
0.9309090909090909,25,False,0.005050505050505051,0.005,,3.8362639999832027,3.8362639999832027,0.0,texture,5,,SPINE+Graph,10,25,550,4950,0.9949494949494949,1038474166,False,"{""admission"": {""criterion"": ""risk"", ""removed_risk"": 1, ""removed_support"": 0}, ""betti_final"": [[1, 0], [1, 0], [1, 0], [1, 0], [1, 0], [1, 0], [1, 0], [1, 0], [1, 0], [1, 0], [2, 0]], ""betti_frozen"": [[1, 0], [1, 0], [1, 0], [1, 0], [1, 0], [1, 0], [1, 0], [1, 0], [1, 0], [1, 0], [2, 0]], ""betti_nerve"": [[1, 0], [1, 0], [1, 0], [1, 0], [1, 0], [1, 0], [1, 0], [1, 0], [1, 0], [1, 0], [1, 0]], ""boundary_restriction"": ""both"", ""forced_removals"": 0, ""growth_representation_fallbacks"": 0, ""invariant_held"": true, ""n_segments"": 13, ""n_train_fit"": 3712, ""n_val"": 1238, ""phase0"": [{""constant_lens"": false, ""gain"": 0.25, ""lens"": ""pc1"", ""lens_scaling"": ""standardize"", ""min_cluster_size"": 18, ""min_samples"": 5, ""n_class"": 338, ""n_edges"": 4, ""n_intervals"": 5, ""n_vertices"": 5, ""noise_reassigned"": 313, ""placement"": ""quantile"", ""slabs"": [{""k"": 1, ""n"": 76}, {""k"": 1, ""n"": 85}, {""k"": 1, ""n"": 84}, {""k"": 1, ""n"": 85}, {""k"": 1, ""n"": 76}]}, {""constant_lens"": false, ""gain"": 0.25, ""lens"": ""pc1"", ""lens_scaling"": ""standardize"", ""min_cluster_size"": 18, ""min_samples"": 5, ""n_class"": 338, ""n_edges"": 4, ""n_intervals"": 5, ""n_vertices"": 5, ""noise_reassigned"": 314, ""placement"": ""quantile"", ""slabs"": [{""k"": 1, ""n"": 76}, {""k"": 1, ""n"": 85}, {""k"": 1, ""n"": 84}, {""k"": 1, ""n"": 85}, {""k"": 1, ""n"": 76}]}, {""constant_lens"": false, ""gain"": 0.25, ""lens"": ""pc1"", ""lens_scaling"": ""standardize"", ""min_cluster_size"": 18, ""min_samples"": 5, ""n_class"": 337, ""n_edges"": 4, ""n_intervals"": 5, ""n_vertices"": 5, ""noise_reassigned"": 314, ""placement"": ""quantile"", ""slabs"": [{""k"": 1, ""n"": 76}, {""k"": 1, ""n"": 84}, {""k"": 1, ""n"": 85}, {""k"": 1, ""n"": 84}, {""k"": 1, ""n"": 76}]}, {""constant_lens"": false, ""gain"": 0.25, ""lens"": ""pc1"", ""lens_scaling"": ""standardize"", ""min_cluster_size"": 18, ""min_samples"": 5, ""n_class"": 337, ""n_edges"": 4, ""n_intervals"": 5, ""n_vertices"": 5, ""noise_reassigned"": 312, ""placement"": ""quantile"", ""slabs"": [{""k"": 1, ""n"": 76}, {""k"": 1, ""n"": 84}, {""k"": 1, ""n"": 85}, {""k"": 1, ""n"": 84}, {""k"": 1, ""n"": 76}]}, {""constant_lens"": false, ""gain"": 0.25, ""lens"": ""pc1"", ""lens_scaling"": ""standardize"", ""min_cluster_size"": 18, ""min_samples"": 5, ""n_class"": 337, ""n_edges"": 4, ""n_intervals"": 5, ""n_vertices"": 5, ""noise_reassigned"": 308, ""placement"": ""quantile"", ""slabs"": [{""k"": 1, ""n"": 76}, {""k"": 1, ""n"": 84}, {""k"": 1, ""n"": 85}, {""k"": 1, ""n"": 84}, {""k"": 1, ""n"": 76}]}, {""constant_lens"": false, ""gain"": 0.25, ""lens"": ""pc1"", ""lens_scaling"": ""standardize"", ""min_cluster_size"": 18, ""min_samples"": 5, ""n_class"": 337, ""n_edges"": 4, ""n_intervals"": 5, ""n_vertices"": 5, ""noise_reassigned"": 313, ""placement"": ""quantile"", ""slabs"": [{""k"": 1, ""n"": 76}, {""k"": 1, ""n"": 84}, {""k"": 1, ""n"": 85}, {""k"": 1, ""n"": 84}, {""k"": 1, ""n"": 76}]}, {""constant_lens"": false, ""gain"": 0.25, ""lens"": ""pc1"", ""lens_scaling"": ""standardize"", ""min_cluster_size"": 18, ""min_samples"": 5, ""n_class"": 338, ""n_edges"": 4, ""n_intervals"": 5, ""n_vertices"": 5, ""noise_reassigned"": 310, ""placement"": ""quantile"", ""slabs"": [{""k"": 1, ""n"": 76}, {""k"": 1, ""n"": 85}, {""k"": 1, ""n"": 84}, {""k"": 1, ""n"": 85}, {""k"": 1, ""n"": 76}]}, {""constant_lens"": false, ""gain"": 0.25, ""lens"": ""pc1"", ""lens_scaling"": ""standardize"", ""min_cluster_size"": 18, ""min_samples"": 5, ""n_class"": 337, ""n_edges"": 4, ""n_intervals"": 5, ""n_vertices"": 5, ""noise_reassigned"": 315, ""placement"": ""quantile"", ""slabs"": [{""k"": 1, ""n"": 76}, {""k"": 1, ""n"": 84}, {""k"": 1, ""n"": 85}, {""k"": 1, ""n"": 84}, {""k"": 1, ""n"": 76}]}, {""constant_lens"": false, ""gain"": 0.25, ""lens"": ""pc1"", ""lens_scaling"": ""standardize"", ""min_cluster_size"": 18, ""min_samples"": 5, ""n_class"": 337, ""n_edges"": 4, ""n_intervals"": 5, ""n_vertices"": 5, ""noise_reassigned"": 266, ""placement"": ""quantile"", ""slabs"": [{""k"": 1, ""n"": 76}, {""k"": 1, ""n"": 84}, {""k"": 1, ""n"": 85}, {""k"": 1, ""n"": 84}, {""k"": 1, ""n"": 76}]}, {""constant_lens"": false, ""gain"": 0.25, ""lens"": ""pc1"", ""lens_scaling"": ""standardize"", ""min_cluster_size"": 18, ""min_samples"": 5, ""n_class"": 338, ""n_edges"": 4, ""n_intervals"": 5, ""n_vertices"": 5, ""noise_reassigned"": 313, ""placement"": ""quantile"", ""slabs"": [{""k"": 1, ""n"": 76}, {""k"": 1, ""n"": 85}, {""k"": 1, ""n"": 84}, {""k"": 1, ""n"": 85}, {""k"": 1, ""n"": 76}]}, {""constant_lens"": false, ""gain"": 0.25, ""lens"": ""pc1"", ""lens_scaling"": ""standardize"", ""min_cluster_size"": 18, ""min_samples"": 5, ""n_class"": 338, ""n_edges"": 4, ""n_intervals"": 5, ""n_vertices"": 5, ""noise_reassigned"": 311, ""placement"": ""quantile"", ""slabs"": [{""k"": 1, ""n"": 76}, {""k"": 1, ""n"": 85}, {""k"": 1, ""n"": 84}, {""k"": 1, ""n"": 85}, {""k"": 1, ""n"": 76}]}], ""soundness_bound_holds"": true, ""step_rule"": ""scale_free"", ""topology_retention_nerve_to_frozen"": {""beta0_frozen"": 12, ""beta0_nerve"": 11, ""beta1_frozen"": 0, ""beta1_nerve"": 0}}",True
0.9527272727272728,25,False,0.005050505050505051,0.005,,2.353209999972023,44.94393399992259,42.59072399995057,texture,5,"{""epsilon"": 0.1, ""window"": 0.2}",LVQ3,10,25,550,4950,0.9949494949494949,1038474166,False,,True
0.8527272727272728,25,False,0.005050505050505051,0.005,"{""0"": 3, ""1"": 3, ""10"": 2, ""2"": 3, ""3"": 2, ""4"": 2, ""5"": 2, ""6"": 2, ""7"": 2, ""8"": 2, ""9"": 2}",0.5496510000084527,0.5496510000084527,0.0,texture,5,,KMeans,10,25,550,4950,0.9949494949494949,1038474166,False,,True
0.6672727272727272,25,False,0.005050505050505051,0.005,"{""0"": 3, ""1"": 3, ""10"": 2, ""2"": 3, ""3"": 2, ""4"": 2, ""5"": 2, ""6"": 2, ""7"": 2, ""8"": 2, ""9"": 2}",0.004155000031460077,0.004155000031460077,0.0,texture,5,,Random,10,25,550,4950,0.9949494949494949,1038474166,False,,True
0.7363636363636363,25,False,0.005050505050505051,0.005,,1.6743179999757558,1.6743179999757558,0.0,texture,5,,SPOT,10,25,550,4950,0.9949494949494949,1038474166,False,,True
0.9054545454545454,25,False,0.005050505050505051,0.005,,5.3865980000118725,5.3865980000118725,0.0,texture,5,,GLVQ,10,25,550,4950,0.9949494949494949,1038474166,False,,True
0.8618181818181818,25,False,0.005050505050505051,0.005,,0.5328370000352152,0.5328370000352152,0.0,texture,5,,GNG,10,25,550,4950,0.9949494949494949,1038474166,False,,True
0.9890909090909091,50,False,0.010101010101010102,0.01,,0.0011879999656230211,0.0011879999656230211,0.0,texture,5,,Full,10,4950,550,4950,0.0,1038474166,True,,False
0.9872727272727273,50,False,0.010101010101010102,0.01,,1.7289039999595843,1.7289039999595843,0.0,texture,5,,RSP3,10,847,550,4950,0.8288888888888889,1038474166,True,,False
0.9690909090909091,50,False,0.010101010101010102,0.01,,0.7395939999842085,0.7395939999842085,0.0,texture,5,,RHC,10,252,550,4950,0.9490909090909091,1038474166,True,,False
0.9327272727272727,50,False,0.010101010101010102,0.01,,4.327051000029314,4.327051000029314,0.0,texture,5,,SPINE+1NN,10,50,550,4950,0.98989898989899,1038474166,False,"{""admission"": {""criterion"": ""risk"", ""removed_risk"": 1, ""removed_support"": 0}, ""betti_final"": [[1, 0], [1, 0], [1, 0], [1, 0], [1, 0], [1, 0], [1, 0], [1, 0], [1, 0], [1, 0], [2, 0]], ""betti_frozen"": [[1, 0], [1, 0], [1, 0], [1, 0], [1, 0], [1, 0], [1, 0], [1, 0], [1, 0], [1, 0], [2, 0]], ""betti_nerve"": [[1, 0], [1, 0], [1, 0], [1, 0], [1, 0], [1, 0], [1, 0], [1, 0], [1, 0], [1, 0], [1, 0]], ""boundary_restriction"": ""both"", ""forced_removals"": 0, ""growth_representation_fallbacks"": 2, ""invariant_held"": true, ""n_segments"": 38, ""n_train_fit"": 3712, ""n_val"": 1238, ""phase0"": [{""constant_lens"": false, ""gain"": 0.25, ""lens"": ""pc1"", ""lens_scaling"": ""standardize"", ""min_cluster_size"": 18, ""min_samples"": 5, ""n_class"": 338, ""n_edges"": 4, ""n_intervals"": 5, ""n_vertices"": 5, ""noise_reassigned"": 313, ""placement"": ""quantile"", ""slabs"": [{""k"": 1, ""n"": 76}, {""k"": 1, ""n"": 85}, {""k"": 1, ""n"": 84}, {""k"": 1, ""n"": 85}, {""k"": 1, ""n"": 76}]}, {""constant_lens"": false, ""gain"": 0.25, ""lens"": ""pc1"", ""lens_scaling"": ""standardize"", ""min_cluster_size"": 18, ""min_samples"": 5, ""n_class"": 338, ""n_edges"": 4, ""n_intervals"": 5, ""n_vertices"": 5, ""noise_reassigned"": 314, ""placement"": ""quantile"", ""slabs"": [{""k"": 1, ""n"": 76}, {""k"": 1, ""n"": 85}, {""k"": 1, ""n"": 84}, {""k"": 1, ""n"": 85}, {""k"": 1, ""n"": 76}]}, {""constant_lens"": false, ""gain"": 0.25, ""lens"": ""pc1"", ""lens_scaling"": ""standardize"", ""min_cluster_size"": 18, ""min_samples"": 5, ""n_class"": 337, ""n_edges"": 4, ""n_intervals"": 5, ""n_vertices"": 5, ""noise_reassigned"": 314, ""placement"": ""quantile"", ""slabs"": [{""k"": 1, ""n"": 76}, {""k"": 1, ""n"": 84}, {""k"": 1, ""n"": 85}, {""k"": 1, ""n"": 84}, {""k"": 1, ""n"": 76}]}, {""constant_lens"": false, ""gain"": 0.25, ""lens"": ""pc1"", ""lens_scaling"": ""standardize"", ""min_cluster_size"": 18, ""min_samples"": 5, ""n_class"": 337, ""n_edges"": 4, ""n_intervals"": 5, ""n_vertices"": 5, ""noise_reassigned"": 312, ""placement"": ""quantile"", ""slabs"": [{""k"": 1, ""n"": 76}, {""k"": 1, ""n"": 84}, {""k"": 1, ""n"": 85}, {""k"": 1, ""n"": 84}, {""k"": 1, ""n"": 76}]}, {""constant_lens"": false, ""gain"": 0.25, ""lens"": ""pc1"", ""lens_scaling"": ""standardize"", ""min_cluster_size"": 18, ""min_samples"": 5, ""n_class"": 337, ""n_edges"": 4, ""n_intervals"": 5, ""n_vertices"": 5, ""noise_reassigned"": 308, ""placement"": ""quantile"", ""slabs"": [{""k"": 1, ""n"": 76}, {""k"": 1, ""n"": 84}, {""k"": 1, ""n"": 85}, {""k"": 1, ""n"": 84}, {""k"": 1, ""n"": 76}]}, {""constant_lens"": false, ""gain"": 0.25, ""lens"": ""pc1"", ""lens_scaling"": ""standardize"", ""min_cluster_size"": 18, ""min_samples"": 5, ""n_class"": 337, ""n_edges"": 4, ""n_intervals"": 5, ""n_vertices"": 5, ""noise_reassigned"": 313, ""placement"": ""quantile"", ""slabs"": [{""k"": 1, ""n"": 76}, {""k"": 1, ""n"": 84}, {""k"": 1, ""n"": 85}, {""k"": 1, ""n"": 84}, {""k"": 1, ""n"": 76}]}, {""constant_lens"": false, ""gain"": 0.25, ""lens"": ""pc1"", ""lens_scaling"": ""standardize"", ""min_cluster_size"": 18, ""min_samples"": 5, ""n_class"": 338, ""n_edges"": 4, ""n_intervals"": 5, ""n_vertices"": 5, ""noise_reassigned"": 310, ""placement"": ""quantile"", ""slabs"": [{""k"": 1, ""n"": 76}, {""k"": 1, ""n"": 85}, {""k"": 1, ""n"": 84}, {""k"": 1, ""n"": 85}, {""k"": 1, ""n"": 76}]}, {""constant_lens"": false, ""gain"": 0.25, ""lens"": ""pc1"", ""lens_scaling"": ""standardize"", ""min_cluster_size"": 18, ""min_samples"": 5, ""n_class"": 337, ""n_edges"": 4, ""n_intervals"": 5, ""n_vertices"": 5, ""noise_reassigned"": 315, ""placement"": ""quantile"", ""slabs"": [{""k"": 1, ""n"": 76}, {""k"": 1, ""n"": 84}, {""k"": 1, ""n"": 85}, {""k"": 1, ""n"": 84}, {""k"": 1, ""n"": 76}]}, {""constant_lens"": false, ""gain"": 0.25, ""lens"": ""pc1"", ""lens_scaling"": ""standardize"", ""min_cluster_size"": 18, ""min_samples"": 5, ""n_class"": 337, ""n_edges"": 4, ""n_intervals"": 5, ""n_vertices"": 5, ""noise_reassigned"": 266, ""placement"": ""quantile"", ""slabs"": [{""k"": 1, ""n"": 76}, {""k"": 1, ""n"": 84}, {""k"": 1, ""n"": 85}, {""k"": 1, ""n"": 84}, {""k"": 1, ""n"": 76}]}, {""constant_lens"": false, ""gain"": 0.25, ""lens"": ""pc1"", ""lens_scaling"": ""standardize"", ""min_cluster_size"": 18, ""min_samples"": 5, ""n_class"": 338, ""n_edges"": 4, ""n_intervals"": 5, ""n_vertices"": 5, ""noise_reassigned"": 313, ""placement"": ""quantile"", ""slabs"": [{""k"": 1, ""n"": 76}, {""k"": 1, ""n"": 85}, {""k"": 1, ""n"": 84}, {""k"": 1, ""n"": 85}, {""k"": 1, ""n"": 76}]}, {""constant_lens"": false, ""gain"": 0.25, ""lens"": ""pc1"", ""lens_scaling"": ""standardize"", ""min_cluster_size"": 18, ""min_samples"": 5, ""n_class"": 338, ""n_edges"": 4, ""n_intervals"": 5, ""n_vertices"": 5, ""noise_reassigned"": 311, ""placement"": ""quantile"", ""slabs"": [{""k"": 1, ""n"": 76}, {""k"": 1, ""n"": 85}, {""k"": 1, ""n"": 84}, {""k"": 1, ""n"": 85}, {""k"": 1, ""n"": 76}]}], ""soundness_bound_holds"": true, ""step_rule"": ""scale_free"", ""topology_retention_nerve_to_frozen"": {""beta0_frozen"": 12, ""beta0_nerve"": 11, ""beta1_frozen"": 0, ""beta1_nerve"": 0}}",True
0.9527272727272728,50,False,0.010101010101010102,0.01,,4.327051000029314,4.327051000029314,0.0,texture,5,,SPINE+Graph,10,50,550,4950,0.98989898989899,1038474166,False,"{""admission"": {""criterion"": ""risk"", ""removed_risk"": 1, ""removed_support"": 0}, ""betti_final"": [[1, 0], [1, 0], [1, 0], [1, 0], [1, 0], [1, 0], [1, 0], [1, 0], [1, 0], [1, 0], [2, 0]], ""betti_frozen"": [[1, 0], [1, 0], [1, 0], [1, 0], [1, 0], [1, 0], [1, 0], [1, 0], [1, 0], [1, 0], [2, 0]], ""betti_nerve"": [[1, 0], [1, 0], [1, 0], [1, 0], [1, 0], [1, 0], [1, 0], [1, 0], [1, 0], [1, 0], [1, 0]], ""boundary_restriction"": ""both"", ""forced_removals"": 0, ""growth_representation_fallbacks"": 2, ""invariant_held"": true, ""n_segments"": 38, ""n_train_fit"": 3712, ""n_val"": 1238, ""phase0"": [{""constant_lens"": false, ""gain"": 0.25, ""lens"": ""pc1"", ""lens_scaling"": ""standardize"", ""min_cluster_size"": 18, ""min_samples"": 5, ""n_class"": 338, ""n_edges"": 4, ""n_intervals"": 5, ""n_vertices"": 5, ""noise_reassigned"": 313, ""placement"": ""quantile"", ""slabs"": [{""k"": 1, ""n"": 76}, {""k"": 1, ""n"": 85}, {""k"": 1, ""n"": 84}, {""k"": 1, ""n"": 85}, {""k"": 1, ""n"": 76}]}, {""constant_lens"": false, ""gain"": 0.25, ""lens"": ""pc1"", ""lens_scaling"": ""standardize"", ""min_cluster_size"": 18, ""min_samples"": 5, ""n_class"": 338, ""n_edges"": 4, ""n_intervals"": 5, ""n_vertices"": 5, ""noise_reassigned"": 314, ""placement"": ""quantile"", ""slabs"": [{""k"": 1, ""n"": 76}, {""k"": 1, ""n"": 85}, {""k"": 1, ""n"": 84}, {""k"": 1, ""n"": 85}, {""k"": 1, ""n"": 76}]}, {""constant_lens"": false, ""gain"": 0.25, ""lens"": ""pc1"", ""lens_scaling"": ""standardize"", ""min_cluster_size"": 18, ""min_samples"": 5, ""n_class"": 337, ""n_edges"": 4, ""n_intervals"": 5, ""n_vertices"": 5, ""noise_reassigned"": 314, ""placement"": ""quantile"", ""slabs"": [{""k"": 1, ""n"": 76}, {""k"": 1, ""n"": 84}, {""k"": 1, ""n"": 85}, {""k"": 1, ""n"": 84}, {""k"": 1, ""n"": 76}]}, {""constant_lens"": false, ""gain"": 0.25, ""lens"": ""pc1"", ""lens_scaling"": ""standardize"", ""min_cluster_size"": 18, ""min_samples"": 5, ""n_class"": 337, ""n_edges"": 4, ""n_intervals"": 5, ""n_vertices"": 5, ""noise_reassigned"": 312, ""placement"": ""quantile"", ""slabs"": [{""k"": 1, ""n"": 76}, {""k"": 1, ""n"": 84}, {""k"": 1, ""n"": 85}, {""k"": 1, ""n"": 84}, {""k"": 1, ""n"": 76}]}, {""constant_lens"": false, ""gain"": 0.25, ""lens"": ""pc1"", ""lens_scaling"": ""standardize"", ""min_cluster_size"": 18, ""min_samples"": 5, ""n_class"": 337, ""n_edges"": 4, ""n_intervals"": 5, ""n_vertices"": 5, ""noise_reassigned"": 308, ""placement"": ""quantile"", ""slabs"": [{""k"": 1, ""n"": 76}, {""k"": 1, ""n"": 84}, {""k"": 1, ""n"": 85}, {""k"": 1, ""n"": 84}, {""k"": 1, ""n"": 76}]}, {""constant_lens"": false, ""gain"": 0.25, ""lens"": ""pc1"", ""lens_scaling"": ""standardize"", ""min_cluster_size"": 18, ""min_samples"": 5, ""n_class"": 337, ""n_edges"": 4, ""n_intervals"": 5, ""n_vertices"": 5, ""noise_reassigned"": 313, ""placement"": ""quantile"", ""slabs"": [{""k"": 1, ""n"": 76}, {""k"": 1, ""n"": 84}, {""k"": 1, ""n"": 85}, {""k"": 1, ""n"": 84}, {""k"": 1, ""n"": 76}]}, {""constant_lens"": false, ""gain"": 0.25, ""lens"": ""pc1"", ""lens_scaling"": ""standardize"", ""min_cluster_size"": 18, ""min_samples"": 5, ""n_class"": 338, ""n_edges"": 4, ""n_intervals"": 5, ""n_vertices"": 5, ""noise_reassigned"": 310, ""placement"": ""quantile"", ""slabs"": [{""k"": 1, ""n"": 76}, {""k"": 1, ""n"": 85}, {""k"": 1, ""n"": 84}, {""k"": 1, ""n"": 85}, {""k"": 1, ""n"": 76}]}, {""constant_lens"": false, ""gain"": 0.25, ""lens"": ""pc1"", ""lens_scaling"": ""standardize"", ""min_cluster_size"": 18, ""min_samples"": 5, ""n_class"": 337, ""n_edges"": 4, ""n_intervals"": 5, ""n_vertices"": 5, ""noise_reassigned"": 315, ""placement"": ""quantile"", ""slabs"": [{""k"": 1, ""n"": 76}, {""k"": 1, ""n"": 84}, {""k"": 1, ""n"": 85}, {""k"": 1, ""n"": 84}, {""k"": 1, ""n"": 76}]}, {""constant_lens"": false, ""gain"": 0.25, ""lens"": ""pc1"", ""lens_scaling"": ""standardize"", ""min_cluster_size"": 18, ""min_samples"": 5, ""n_class"": 337, ""n_edges"": 4, ""n_intervals"": 5, ""n_vertices"": 5, ""noise_reassigned"": 266, ""placement"": ""quantile"", ""slabs"": [{""k"": 1, ""n"": 76}, {""k"": 1, ""n"": 84}, {""k"": 1, ""n"": 85}, {""k"": 1, ""n"": 84}, {""k"": 1, ""n"": 76}]}, {""constant_lens"": false, ""gain"": 0.25, ""lens"": ""pc1"", ""lens_scaling"": ""standardize"", ""min_cluster_size"": 18, ""min_samples"": 5, ""n_class"": 338, ""n_edges"": 4, ""n_intervals"": 5, ""n_vertices"": 5, ""noise_reassigned"": 313, ""placement"": ""quantile"", ""slabs"": [{""k"": 1, ""n"": 76}, {""k"": 1, ""n"": 85}, {""k"": 1, ""n"": 84}, {""k"": 1, ""n"": 85}, {""k"": 1, ""n"": 76}]}, {""constant_lens"": false, ""gain"": 0.25, ""lens"": ""pc1"", ""lens_scaling"": ""standardize"", ""min_cluster_size"": 18, ""min_samples"": 5, ""n_class"": 338, ""n_edges"": 4, ""n_intervals"": 5, ""n_vertices"": 5, ""noise_reassigned"": 311, ""placement"": ""quantile"", ""slabs"": [{""k"": 1, ""n"": 76}, {""k"": 1, ""n"": 85}, {""k"": 1, ""n"": 84}, {""k"": 1, ""n"": 85}, {""k"": 1, ""n"": 76}]}], ""soundness_bound_holds"": true, ""step_rule"": ""scale_free"", ""topology_retention_nerve_to_frozen"": {""beta0_frozen"": 12, ""beta0_nerve"": 11, ""beta1_frozen"": 0, ""beta1_nerve"": 0}}",True
0.9618181818181818,50,False,0.010101010101010102,0.01,,2.536742999975104,48.2826289999648,45.745885999989696,texture,5,"{""epsilon"": 0.1, ""window"": 0.2}",LVQ3,10,50,550,4950,0.98989898989899,1038474166,False,,True
0.9181818181818182,50,False,0.010101010101010102,0.01,"{""0"": 5, ""1"": 5, ""10"": 4, ""2"": 5, ""3"": 5, ""4"": 5, ""5"": 5, ""6"": 4, ""7"": 4, ""8"": 4, ""9"": 4}",0.7669999999925494,0.7669999999925494,0.0,texture,5,,KMeans,10,50,550,4950,0.98989898989899,1038474166,False,,True
0.7527272727272727,50,False,0.010101010101010102,0.01,"{""0"": 5, ""1"": 5, ""10"": 4, ""2"": 5, ""3"": 5, ""4"": 5, ""5"": 5, ""6"": 4, ""7"": 4, ""8"": 4, ""9"": 4}",0.0014979999978095293,0.0014979999978095293,0.0,texture,5,,Random,10,50,550,4950,0.98989898989899,1038474166,False,,True
0.8745454545454545,50,False,0.010101010101010102,0.01,,1.7404560000286438,1.7404560000286438,0.0,texture,5,,SPOT,10,50,550,4950,0.98989898989899,1038474166,False,,True
0.9163636363636364,50,False,0.010101010101010102,0.01,,8.192480999976397,8.192480999976397,0.0,texture,5,,GLVQ,10,50,550,4950,0.98989898989899,1038474166,False,,True
0.9181818181818182,50,False,0.010101010101010102,0.01,,1.0529050000477582,1.0529050000477582,0.0,texture,5,,GNG,10,50,550,4950,0.98989898989899,1038474166,False,,True
0.9890909090909091,99,False,0.02,0.02,,0.0011879999656230211,0.0011879999656230211,0.0,texture,5,,Full,10,4950,550,4950,0.0,1038474166,True,,False
0.9872727272727273,99,False,0.02,0.02,,1.7289039999595843,1.7289039999595843,0.0,texture,5,,RSP3,10,847,550,4950,0.8288888888888889,1038474166,True,,False
0.9690909090909091,99,False,0.02,0.02,,0.7395939999842085,0.7395939999842085,0.0,texture,5,,RHC,10,252,550,4950,0.9490909090909091,1038474166,True,,False
0.9509090909090909,99,False,0.02,0.02,,4.822991000022739,4.822991000022739,0.0,texture,5,,SPINE+1NN,10,99,550,4950,0.98,1038474166,False,"{""admission"": {""criterion"": ""risk"", ""removed_risk"": 1, ""removed_support"": 0}, ""betti_final"": [[1, 0], [1, 0], [1, 0], [1, 0], [1, 0], [1, 0], [1, 0], [1, 0], [1, 0], [1, 0], [2, 0]], ""betti_frozen"": [[1, 0], [1, 0], [1, 0], [1, 0], [1, 0], [1, 0], [1, 0], [1, 0], [1, 0], [1, 0], [2, 0]], ""betti_nerve"": [[1, 0], [1, 0], [1, 0], [1, 0], [1, 0], [1, 0], [1, 0], [1, 0], [1, 0], [1, 0], [1, 0]], ""boundary_restriction"": ""both"", ""forced_removals"": 0, ""growth_representation_fallbacks"": 24, ""invariant_held"": true, ""n_segments"": 87, ""n_train_fit"": 3712, ""n_val"": 1238, ""phase0"": [{""constant_lens"": false, ""gain"": 0.25, ""lens"": ""pc1"", ""lens_scaling"": ""standardize"", ""min_cluster_size"": 18, ""min_samples"": 5, ""n_class"": 338, ""n_edges"": 4, ""n_intervals"": 5, ""n_vertices"": 5, ""noise_reassigned"": 313, ""placement"": ""quantile"", ""slabs"": [{""k"": 1, ""n"": 76}, {""k"": 1, ""n"": 85}, {""k"": 1, ""n"": 84}, {""k"": 1, ""n"": 85}, {""k"": 1, ""n"": 76}]}, {""constant_lens"": false, ""gain"": 0.25, ""lens"": ""pc1"", ""lens_scaling"": ""standardize"", ""min_cluster_size"": 18, ""min_samples"": 5, ""n_class"": 338, ""n_edges"": 4, ""n_intervals"": 5, ""n_vertices"": 5, ""noise_reassigned"": 314, ""placement"": ""quantile"", ""slabs"": [{""k"": 1, ""n"": 76}, {""k"": 1, ""n"": 85}, {""k"": 1, ""n"": 84}, {""k"": 1, ""n"": 85}, {""k"": 1, ""n"": 76}]}, {""constant_lens"": false, ""gain"": 0.25, ""lens"": ""pc1"", ""lens_scaling"": ""standardize"", ""min_cluster_size"": 18, ""min_samples"": 5, ""n_class"": 337, ""n_edges"": 4, ""n_intervals"": 5, ""n_vertices"": 5, ""noise_reassigned"": 314, ""placement"": ""quantile"", ""slabs"": [{""k"": 1, ""n"": 76}, {""k"": 1, ""n"": 84}, {""k"": 1, ""n"": 85}, {""k"": 1, ""n"": 84}, {""k"": 1, ""n"": 76}]}, {""constant_lens"": false, ""gain"": 0.25, ""lens"": ""pc1"", ""lens_scaling"": ""standardize"", ""min_cluster_size"": 18, ""min_samples"": 5, ""n_class"": 337, ""n_edges"": 4, ""n_intervals"": 5, ""n_vertices"": 5, ""noise_reassigned"": 312, ""placement"": ""quantile"", ""slabs"": [{""k"": 1, ""n"": 76}, {""k"": 1, ""n"": 84}, {""k"": 1, ""n"": 85}, {""k"": 1, ""n"": 84}, {""k"": 1, ""n"": 76}]}, {""constant_lens"": false, ""gain"": 0.25, ""lens"": ""pc1"", ""lens_scaling"": ""standardize"", ""min_cluster_size"": 18, ""min_samples"": 5, ""n_class"": 337, ""n_edges"": 4, ""n_intervals"": 5, ""n_vertices"": 5, ""noise_reassigned"": 308, ""placement"": ""quantile"", ""slabs"": [{""k"": 1, ""n"": 76}, {""k"": 1, ""n"": 84}, {""k"": 1, ""n"": 85}, {""k"": 1, ""n"": 84}, {""k"": 1, ""n"": 76}]}, {""constant_lens"": false, ""gain"": 0.25, ""lens"": ""pc1"", ""lens_scaling"": ""standardize"", ""min_cluster_size"": 18, ""min_samples"": 5, ""n_class"": 337, ""n_edges"": 4, ""n_intervals"": 5, ""n_vertices"": 5, ""noise_reassigned"": 313, ""placement"": ""quantile"", ""slabs"": [{""k"": 1, ""n"": 76}, {""k"": 1, ""n"": 84}, {""k"": 1, ""n"": 85}, {""k"": 1, ""n"": 84}, {""k"": 1, ""n"": 76}]}, {""constant_lens"": false, ""gain"": 0.25, ""lens"": ""pc1"", ""lens_scaling"": ""standardize"", ""min_cluster_size"": 18, ""min_samples"": 5, ""n_class"": 338, ""n_edges"": 4, ""n_intervals"": 5, ""n_vertices"": 5, ""noise_reassigned"": 310, ""placement"": ""quantile"", ""slabs"": [{""k"": 1, ""n"": 76}, {""k"": 1, ""n"": 85}, {""k"": 1, ""n"": 84}, {""k"": 1, ""n"": 85}, {""k"": 1, ""n"": 76}]}, {""constant_lens"": false, ""gain"": 0.25, ""lens"": ""pc1"", ""lens_scaling"": ""standardize"", ""min_cluster_size"": 18, ""min_samples"": 5, ""n_class"": 337, ""n_edges"": 4, ""n_intervals"": 5, ""n_vertices"": 5, ""noise_reassigned"": 315, ""placement"": ""quantile"", ""slabs"": [{""k"": 1, ""n"": 76}, {""k"": 1, ""n"": 84}, {""k"": 1, ""n"": 85}, {""k"": 1, ""n"": 84}, {""k"": 1, ""n"": 76}]}, {""constant_lens"": false, ""gain"": 0.25, ""lens"": ""pc1"", ""lens_scaling"": ""standardize"", ""min_cluster_size"": 18, ""min_samples"": 5, ""n_class"": 337, ""n_edges"": 4, ""n_intervals"": 5, ""n_vertices"": 5, ""noise_reassigned"": 266, ""placement"": ""quantile"", ""slabs"": [{""k"": 1, ""n"": 76}, {""k"": 1, ""n"": 84}, {""k"": 1, ""n"": 85}, {""k"": 1, ""n"": 84}, {""k"": 1, ""n"": 76}]}, {""constant_lens"": false, ""gain"": 0.25, ""lens"": ""pc1"", ""lens_scaling"": ""standardize"", ""min_cluster_size"": 18, ""min_samples"": 5, ""n_class"": 338, ""n_edges"": 4, ""n_intervals"": 5, ""n_vertices"": 5, ""noise_reassigned"": 313, ""placement"": ""quantile"", ""slabs"": [{""k"": 1, ""n"": 76}, {""k"": 1, ""n"": 85}, {""k"": 1, ""n"": 84}, {""k"": 1, ""n"": 85}, {""k"": 1, ""n"": 76}]}, {""constant_lens"": false, ""gain"": 0.25, ""lens"": ""pc1"", ""lens_scaling"": ""standardize"", ""min_cluster_size"": 18, ""min_samples"": 5, ""n_class"": 338, ""n_edges"": 4, ""n_intervals"": 5, ""n_vertices"": 5, ""noise_reassigned"": 311, ""placement"": ""quantile"", ""slabs"": [{""k"": 1, ""n"": 76}, {""k"": 1, ""n"": 85}, {""k"": 1, ""n"": 84}, {""k"": 1, ""n"": 85}, {""k"": 1, ""n"": 76}]}], ""soundness_bound_holds"": true, ""step_rule"": ""scale_free"", ""topology_retention_nerve_to_frozen"": {""beta0_frozen"": 12, ""beta0_nerve"": 11, ""beta1_frozen"": 0, ""beta1_nerve"": 0}}",True
0.9618181818181818,99,False,0.02,0.02,,4.822991000022739,4.822991000022739,0.0,texture,5,,SPINE+Graph,10,99,550,4950,0.98,1038474166,False,"{""admission"": {""criterion"": ""risk"", ""removed_risk"": 1, ""removed_support"": 0}, ""betti_final"": [[1, 0], [1, 0], [1, 0], [1, 0], [1, 0], [1, 0], [1, 0], [1, 0], [1, 0], [1, 0], [2, 0]], ""betti_frozen"": [[1, 0], [1, 0], [1, 0], [1, 0], [1, 0], [1, 0], [1, 0], [1, 0], [1, 0], [1, 0], [2, 0]], ""betti_nerve"": [[1, 0], [1, 0], [1, 0], [1, 0], [1, 0], [1, 0], [1, 0], [1, 0], [1, 0], [1, 0], [1, 0]], ""boundary_restriction"": ""both"", ""forced_removals"": 0, ""growth_representation_fallbacks"": 24, ""invariant_held"": true, ""n_segments"": 87, ""n_train_fit"": 3712, ""n_val"": 1238, ""phase0"": [{""constant_lens"": false, ""gain"": 0.25, ""lens"": ""pc1"", ""lens_scaling"": ""standardize"", ""min_cluster_size"": 18, ""min_samples"": 5, ""n_class"": 338, ""n_edges"": 4, ""n_intervals"": 5, ""n_vertices"": 5, ""noise_reassigned"": 313, ""placement"": ""quantile"", ""slabs"": [{""k"": 1, ""n"": 76}, {""k"": 1, ""n"": 85}, {""k"": 1, ""n"": 84}, {""k"": 1, ""n"": 85}, {""k"": 1, ""n"": 76}]}, {""constant_lens"": false, ""gain"": 0.25, ""lens"": ""pc1"", ""lens_scaling"": ""standardize"", ""min_cluster_size"": 18, ""min_samples"": 5, ""n_class"": 338, ""n_edges"": 4, ""n_intervals"": 5, ""n_vertices"": 5, ""noise_reassigned"": 314, ""placement"": ""quantile"", ""slabs"": [{""k"": 1, ""n"": 76}, {""k"": 1, ""n"": 85}, {""k"": 1, ""n"": 84}, {""k"": 1, ""n"": 85}, {""k"": 1, ""n"": 76}]}, {""constant_lens"": false, ""gain"": 0.25, ""lens"": ""pc1"", ""lens_scaling"": ""standardize"", ""min_cluster_size"": 18, ""min_samples"": 5, ""n_class"": 337, ""n_edges"": 4, ""n_intervals"": 5, ""n_vertices"": 5, ""noise_reassigned"": 314, ""placement"": ""quantile"", ""slabs"": [{""k"": 1, ""n"": 76}, {""k"": 1, ""n"": 84}, {""k"": 1, ""n"": 85}, {""k"": 1, ""n"": 84}, {""k"": 1, ""n"": 76}]}, {""constant_lens"": false, ""gain"": 0.25, ""lens"": ""pc1"", ""lens_scaling"": ""standardize"", ""min_cluster_size"": 18, ""min_samples"": 5, ""n_class"": 337, ""n_edges"": 4, ""n_intervals"": 5, ""n_vertices"": 5, ""noise_reassigned"": 312, ""placement"": ""quantile"", ""slabs"": [{""k"": 1, ""n"": 76}, {""k"": 1, ""n"": 84}, {""k"": 1, ""n"": 85}, {""k"": 1, ""n"": 84}, {""k"": 1, ""n"": 76}]}, {""constant_lens"": false, ""gain"": 0.25, ""lens"": ""pc1"", ""lens_scaling"": ""standardize"", ""min_cluster_size"": 18, ""min_samples"": 5, ""n_class"": 337, ""n_edges"": 4, ""n_intervals"": 5, ""n_vertices"": 5, ""noise_reassigned"": 308, ""placement"": ""quantile"", ""slabs"": [{""k"": 1, ""n"": 76}, {""k"": 1, ""n"": 84}, {""k"": 1, ""n"": 85}, {""k"": 1, ""n"": 84}, {""k"": 1, ""n"": 76}]}, {""constant_lens"": false, ""gain"": 0.25, ""lens"": ""pc1"", ""lens_scaling"": ""standardize"", ""min_cluster_size"": 18, ""min_samples"": 5, ""n_class"": 337, ""n_edges"": 4, ""n_intervals"": 5, ""n_vertices"": 5, ""noise_reassigned"": 313, ""placement"": ""quantile"", ""slabs"": [{""k"": 1, ""n"": 76}, {""k"": 1, ""n"": 84}, {""k"": 1, ""n"": 85}, {""k"": 1, ""n"": 84}, {""k"": 1, ""n"": 76}]}, {""constant_lens"": false, ""gain"": 0.25, ""lens"": ""pc1"", ""lens_scaling"": ""standardize"", ""min_cluster_size"": 18, ""min_samples"": 5, ""n_class"": 338, ""n_edges"": 4, ""n_intervals"": 5, ""n_vertices"": 5, ""noise_reassigned"": 310, ""placement"": ""quantile"", ""slabs"": [{""k"": 1, ""n"": 76}, {""k"": 1, ""n"": 85}, {""k"": 1, ""n"": 84}, {""k"": 1, ""n"": 85}, {""k"": 1, ""n"": 76}]}, {""constant_lens"": false, ""gain"": 0.25, ""lens"": ""pc1"", ""lens_scaling"": ""standardize"", ""min_cluster_size"": 18, ""min_samples"": 5, ""n_class"": 337, ""n_edges"": 4, ""n_intervals"": 5, ""n_vertices"": 5, ""noise_reassigned"": 315, ""placement"": ""quantile"", ""slabs"": [{""k"": 1, ""n"": 76}, {""k"": 1, ""n"": 84}, {""k"": 1, ""n"": 85}, {""k"": 1, ""n"": 84}, {""k"": 1, ""n"": 76}]}, {""constant_lens"": false, ""gain"": 0.25, ""lens"": ""pc1"", ""lens_scaling"": ""standardize"", ""min_cluster_size"": 18, ""min_samples"": 5, ""n_class"": 337, ""n_edges"": 4, ""n_intervals"": 5, ""n_vertices"": 5, ""noise_reassigned"": 266, ""placement"": ""quantile"", ""slabs"": [{""k"": 1, ""n"": 76}, {""k"": 1, ""n"": 84}, {""k"": 1, ""n"": 85}, {""k"": 1, ""n"": 84}, {""k"": 1, ""n"": 76}]}, {""constant_lens"": false, ""gain"": 0.25, ""lens"": ""pc1"", ""lens_scaling"": ""standardize"", ""min_cluster_size"": 18, ""min_samples"": 5, ""n_class"": 338, ""n_edges"": 4, ""n_intervals"": 5, ""n_vertices"": 5, ""noise_reassigned"": 313, ""placement"": ""quantile"", ""slabs"": [{""k"": 1, ""n"": 76}, {""k"": 1, ""n"": 85}, {""k"": 1, ""n"": 84}, {""k"": 1, ""n"": 85}, {""k"": 1, ""n"": 76}]}, {""constant_lens"": false, ""gain"": 0.25, ""lens"": ""pc1"", ""lens_scaling"": ""standardize"", ""min_cluster_size"": 18, ""min_samples"": 5, ""n_class"": 338, ""n_edges"": 4, ""n_intervals"": 5, ""n_vertices"": 5, ""noise_reassigned"": 311, ""placement"": ""quantile"", ""slabs"": [{""k"": 1, ""n"": 76}, {""k"": 1, ""n"": 85}, {""k"": 1, ""n"": 84}, {""k"": 1, ""n"": 85}, {""k"": 1, ""n"": 76}]}], ""soundness_bound_holds"": true, ""step_rule"": ""scale_free"", ""topology_retention_nerve_to_frozen"": {""beta0_frozen"": 12, ""beta0_nerve"": 11, ""beta1_frozen"": 0, ""beta1_nerve"": 0}}",True
0.96,99,False,0.02,0.02,,3.123334000003524,57.90102200000547,54.777688000001945,texture,5,"{""epsilon"": 0.1, ""window"": 0.3}",LVQ3,10,99,550,4950,0.98,1038474166,False,,True
0.9636363636363636,99,False,0.02,0.02,"{""0"": 9, ""1"": 9, ""10"": 9, ""2"": 9, ""3"": 9, ""4"": 9, ""5"": 9, ""6"": 9, ""7"": 9, ""8"": 9, ""9"": 9}",0.9272520000231452,0.9272520000231452,0.0,texture,5,,KMeans,10,99,550,4950,0.98,1038474166,False,,True
0.8927272727272727,99,False,0.02,0.02,"{""0"": 9, ""1"": 9, ""10"": 9, ""2"": 9, ""3"": 9, ""4"": 9, ""5"": 9, ""6"": 9, ""7"": 9, ""8"": 9, ""9"": 9}",0.0011529999901540577,0.0011529999901540577,0.0,texture,5,,Random,10,99,550,4950,0.98,1038474166,False,,True
0.9236363636363636,99,False,0.02,0.02,,1.7156559999566525,1.7156559999566525,0.0,texture,5,,SPOT,10,99,550,4950,0.98,1038474166,False,,True
0.9163636363636364,99,False,0.02,0.02,,13.240472999983467,13.240472999983467,0.0,texture,5,,GLVQ,10,99,550,4950,0.98,1038474166,False,,True
0.9509090909090909,99,False,0.02,0.02,,1.7374340000096709,1.7374340000096709,0.0,texture,5,,GNG,10,99,550,4950,0.98,1038474166,False,,True
0.9890909090909091,248,False,0.050101010101010104,0.05,,0.0011879999656230211,0.0011879999656230211,0.0,texture,5,,Full,10,4950,550,4950,0.0,1038474166,True,,False
0.9872727272727273,248,False,0.050101010101010104,0.05,,1.7289039999595843,1.7289039999595843,0.0,texture,5,,RSP3,10,847,550,4950,0.8288888888888889,1038474166,True,,False
0.9690909090909091,248,False,0.050101010101010104,0.05,,0.7395939999842085,0.7395939999842085,0.0,texture,5,,RHC,10,252,550,4950,0.9490909090909091,1038474166,True,,False
0.9690909090909091,248,False,0.050101010101010104,0.05,,5.941259999992326,5.941259999992326,0.0,texture,5,,SPINE+1NN,10,248,550,4950,0.9498989898989899,1038474166,False,"{""admission"": {""criterion"": ""risk"", ""removed_risk"": 1, ""removed_support"": 0}, ""betti_final"": [[1, 0], [1, 0], [1, 0], [1, 0], [1, 0], [1, 0], [1, 0], [1, 0], [1, 0], [1, 0], [2, 0]], ""betti_frozen"": [[1, 0], [1, 0], [1, 0], [1, 0], [1, 0], [1, 0], [1, 0], [1, 0], [1, 0], [1, 0], [2, 0]], ""betti_nerve"": [[1, 0], [1, 0], [1, 0], [1, 0], [1, 0], [1, 0], [1, 0], [1, 0], [1, 0], [1, 0], [1, 0]], ""boundary_restriction"": ""both"", ""forced_removals"": 0, ""growth_representation_fallbacks"": 121, ""invariant_held"": true, ""n_segments"": 236, ""n_train_fit"": 3712, ""n_val"": 1238, ""phase0"": [{""constant_lens"": false, ""gain"": 0.25, ""lens"": ""pc1"", ""lens_scaling"": ""standardize"", ""min_cluster_size"": 18, ""min_samples"": 5, ""n_class"": 338, ""n_edges"": 4, ""n_intervals"": 5, ""n_vertices"": 5, ""noise_reassigned"": 313, ""placement"": ""quantile"", ""slabs"": [{""k"": 1, ""n"": 76}, {""k"": 1, ""n"": 85}, {""k"": 1, ""n"": 84}, {""k"": 1, ""n"": 85}, {""k"": 1, ""n"": 76}]}, {""constant_lens"": false, ""gain"": 0.25, ""lens"": ""pc1"", ""lens_scaling"": ""standardize"", ""min_cluster_size"": 18, ""min_samples"": 5, ""n_class"": 338, ""n_edges"": 4, ""n_intervals"": 5, ""n_vertices"": 5, ""noise_reassigned"": 314, ""placement"": ""quantile"", ""slabs"": [{""k"": 1, ""n"": 76}, {""k"": 1, ""n"": 85}, {""k"": 1, ""n"": 84}, {""k"": 1, ""n"": 85}, {""k"": 1, ""n"": 76}]}, {""constant_lens"": false, ""gain"": 0.25, ""lens"": ""pc1"", ""lens_scaling"": ""standardize"", ""min_cluster_size"": 18, ""min_samples"": 5, ""n_class"": 337, ""n_edges"": 4, ""n_intervals"": 5, ""n_vertices"": 5, ""noise_reassigned"": 314, ""placement"": ""quantile"", ""slabs"": [{""k"": 1, ""n"": 76}, {""k"": 1, ""n"": 84}, {""k"": 1, ""n"": 85}, {""k"": 1, ""n"": 84}, {""k"": 1, ""n"": 76}]}, {""constant_lens"": false, ""gain"": 0.25, ""lens"": ""pc1"", ""lens_scaling"": ""standardize"", ""min_cluster_size"": 18, ""min_samples"": 5, ""n_class"": 337, ""n_edges"": 4, ""n_intervals"": 5, ""n_vertices"": 5, ""noise_reassigned"": 312, ""placement"": ""quantile"", ""slabs"": [{""k"": 1, ""n"": 76}, {""k"": 1, ""n"": 84}, {""k"": 1, ""n"": 85}, {""k"": 1, ""n"": 84}, {""k"": 1, ""n"": 76}]}, {""constant_lens"": false, ""gain"": 0.25, ""lens"": ""pc1"", ""lens_scaling"": ""standardize"", ""min_cluster_size"": 18, ""min_samples"": 5, ""n_class"": 337, ""n_edges"": 4, ""n_intervals"": 5, ""n_vertices"": 5, ""noise_reassigned"": 308, ""placement"": ""quantile"", ""slabs"": [{""k"": 1, ""n"": 76}, {""k"": 1, ""n"": 84}, {""k"": 1, ""n"": 85}, {""k"": 1, ""n"": 84}, {""k"": 1, ""n"": 76}]}, {""constant_lens"": false, ""gain"": 0.25, ""lens"": ""pc1"", ""lens_scaling"": ""standardize"", ""min_cluster_size"": 18, ""min_samples"": 5, ""n_class"": 337, ""n_edges"": 4, ""n_intervals"": 5, ""n_vertices"": 5, ""noise_reassigned"": 313, ""placement"": ""quantile"", ""slabs"": [{""k"": 1, ""n"": 76}, {""k"": 1, ""n"": 84}, {""k"": 1, ""n"": 85}, {""k"": 1, ""n"": 84}, {""k"": 1, ""n"": 76}]}, {""constant_lens"": false, ""gain"": 0.25, ""lens"": ""pc1"", ""lens_scaling"": ""standardize"", ""min_cluster_size"": 18, ""min_samples"": 5, ""n_class"": 338, ""n_edges"": 4, ""n_intervals"": 5, ""n_vertices"": 5, ""noise_reassigned"": 310, ""placement"": ""quantile"", ""slabs"": [{""k"": 1, ""n"": 76}, {""k"": 1, ""n"": 85}, {""k"": 1, ""n"": 84}, {""k"": 1, ""n"": 85}, {""k"": 1, ""n"": 76}]}, {""constant_lens"": false, ""gain"": 0.25, ""lens"": ""pc1"", ""lens_scaling"": ""standardize"", ""min_cluster_size"": 18, ""min_samples"": 5, ""n_class"": 337, ""n_edges"": 4, ""n_intervals"": 5, ""n_vertices"": 5, ""noise_reassigned"": 315, ""placement"": ""quantile"", ""slabs"": [{""k"": 1, ""n"": 76}, {""k"": 1, ""n"": 84}, {""k"": 1, ""n"": 85}, {""k"": 1, ""n"": 84}, {""k"": 1, ""n"": 76}]}, {""constant_lens"": false, ""gain"": 0.25, ""lens"": ""pc1"", ""lens_scaling"": ""standardize"", ""min_cluster_size"": 18, ""min_samples"": 5, ""n_class"": 337, ""n_edges"": 4, ""n_intervals"": 5, ""n_vertices"": 5, ""noise_reassigned"": 266, ""placement"": ""quantile"", ""slabs"": [{""k"": 1, ""n"": 76}, {""k"": 1, ""n"": 84}, {""k"": 1, ""n"": 85}, {""k"": 1, ""n"": 84}, {""k"": 1, ""n"": 76}]}, {""constant_lens"": false, ""gain"": 0.25, ""lens"": ""pc1"", ""lens_scaling"": ""standardize"", ""min_cluster_size"": 18, ""min_samples"": 5, ""n_class"": 338, ""n_edges"": 4, ""n_intervals"": 5, ""n_vertices"": 5, ""noise_reassigned"": 313, ""placement"": ""quantile"", ""slabs"": [{""k"": 1, ""n"": 76}, {""k"": 1, ""n"": 85}, {""k"": 1, ""n"": 84}, {""k"": 1, ""n"": 85}, {""k"": 1, ""n"": 76}]}, {""constant_lens"": false, ""gain"": 0.25, ""lens"": ""pc1"", ""lens_scaling"": ""standardize"", ""min_cluster_size"": 18, ""min_samples"": 5, ""n_class"": 338, ""n_edges"": 4, ""n_intervals"": 5, ""n_vertices"": 5, ""noise_reassigned"": 311, ""placement"": ""quantile"", ""slabs"": [{""k"": 1, ""n"": 76}, {""k"": 1, ""n"": 85}, {""k"": 1, ""n"": 84}, {""k"": 1, ""n"": 85}, {""k"": 1, ""n"": 76}]}], ""soundness_bound_holds"": true, ""step_rule"": ""scale_free"", ""topology_retention_nerve_to_frozen"": {""beta0_frozen"": 12, ""beta0_nerve"": 11, ""beta1_frozen"": 0, ""beta1_nerve"": 0}}",True
0.9763636363636363,248,False,0.050101010101010104,0.05,,5.941259999992326,5.941259999992326,0.0,texture,5,,SPINE+Graph,10,248,550,4950,0.9498989898989899,1038474166,False,"{""admission"": {""criterion"": ""risk"", ""removed_risk"": 1, ""removed_support"": 0}, ""betti_final"": [[1, 0], [1, 0], [1, 0], [1, 0], [1, 0], [1, 0], [1, 0], [1, 0], [1, 0], [1, 0], [2, 0]], ""betti_frozen"": [[1, 0], [1, 0], [1, 0], [1, 0], [1, 0], [1, 0], [1, 0], [1, 0], [1, 0], [1, 0], [2, 0]], ""betti_nerve"": [[1, 0], [1, 0], [1, 0], [1, 0], [1, 0], [1, 0], [1, 0], [1, 0], [1, 0], [1, 0], [1, 0]], ""boundary_restriction"": ""both"", ""forced_removals"": 0, ""growth_representation_fallbacks"": 121, ""invariant_held"": true, ""n_segments"": 236, ""n_train_fit"": 3712, ""n_val"": 1238, ""phase0"": [{""constant_lens"": false, ""gain"": 0.25, ""lens"": ""pc1"", ""lens_scaling"": ""standardize"", ""min_cluster_size"": 18, ""min_samples"": 5, ""n_class"": 338, ""n_edges"": 4, ""n_intervals"": 5, ""n_vertices"": 5, ""noise_reassigned"": 313, ""placement"": ""quantile"", ""slabs"": [{""k"": 1, ""n"": 76}, {""k"": 1, ""n"": 85}, {""k"": 1, ""n"": 84}, {""k"": 1, ""n"": 85}, {""k"": 1, ""n"": 76}]}, {""constant_lens"": false, ""gain"": 0.25, ""lens"": ""pc1"", ""lens_scaling"": ""standardize"", ""min_cluster_size"": 18, ""min_samples"": 5, ""n_class"": 338, ""n_edges"": 4, ""n_intervals"": 5, ""n_vertices"": 5, ""noise_reassigned"": 314, ""placement"": ""quantile"", ""slabs"": [{""k"": 1, ""n"": 76}, {""k"": 1, ""n"": 85}, {""k"": 1, ""n"": 84}, {""k"": 1, ""n"": 85}, {""k"": 1, ""n"": 76}]}, {""constant_lens"": false, ""gain"": 0.25, ""lens"": ""pc1"", ""lens_scaling"": ""standardize"", ""min_cluster_size"": 18, ""min_samples"": 5, ""n_class"": 337, ""n_edges"": 4, ""n_intervals"": 5, ""n_vertices"": 5, ""noise_reassigned"": 314, ""placement"": ""quantile"", ""slabs"": [{""k"": 1, ""n"": 76}, {""k"": 1, ""n"": 84}, {""k"": 1, ""n"": 85}, {""k"": 1, ""n"": 84}, {""k"": 1, ""n"": 76}]}, {""constant_lens"": false, ""gain"": 0.25, ""lens"": ""pc1"", ""lens_scaling"": ""standardize"", ""min_cluster_size"": 18, ""min_samples"": 5, ""n_class"": 337, ""n_edges"": 4, ""n_intervals"": 5, ""n_vertices"": 5, ""noise_reassigned"": 312, ""placement"": ""quantile"", ""slabs"": [{""k"": 1, ""n"": 76}, {""k"": 1, ""n"": 84}, {""k"": 1, ""n"": 85}, {""k"": 1, ""n"": 84}, {""k"": 1, ""n"": 76}]}, {""constant_lens"": false, ""gain"": 0.25, ""lens"": ""pc1"", ""lens_scaling"": ""standardize"", ""min_cluster_size"": 18, ""min_samples"": 5, ""n_class"": 337, ""n_edges"": 4, ""n_intervals"": 5, ""n_vertices"": 5, ""noise_reassigned"": 308, ""placement"": ""quantile"", ""slabs"": [{""k"": 1, ""n"": 76}, {""k"": 1, ""n"": 84}, {""k"": 1, ""n"": 85}, {""k"": 1, ""n"": 84}, {""k"": 1, ""n"": 76}]}, {""constant_lens"": false, ""gain"": 0.25, ""lens"": ""pc1"", ""lens_scaling"": ""standardize"", ""min_cluster_size"": 18, ""min_samples"": 5, ""n_class"": 337, ""n_edges"": 4, ""n_intervals"": 5, ""n_vertices"": 5, ""noise_reassigned"": 313, ""placement"": ""quantile"", ""slabs"": [{""k"": 1, ""n"": 76}, {""k"": 1, ""n"": 84}, {""k"": 1, ""n"": 85}, {""k"": 1, ""n"": 84}, {""k"": 1, ""n"": 76}]}, {""constant_lens"": false, ""gain"": 0.25, ""lens"": ""pc1"", ""lens_scaling"": ""standardize"", ""min_cluster_size"": 18, ""min_samples"": 5, ""n_class"": 338, ""n_edges"": 4, ""n_intervals"": 5, ""n_vertices"": 5, ""noise_reassigned"": 310, ""placement"": ""quantile"", ""slabs"": [{""k"": 1, ""n"": 76}, {""k"": 1, ""n"": 85}, {""k"": 1, ""n"": 84}, {""k"": 1, ""n"": 85}, {""k"": 1, ""n"": 76}]}, {""constant_lens"": false, ""gain"": 0.25, ""lens"": ""pc1"", ""lens_scaling"": ""standardize"", ""min_cluster_size"": 18, ""min_samples"": 5, ""n_class"": 337, ""n_edges"": 4, ""n_intervals"": 5, ""n_vertices"": 5, ""noise_reassigned"": 315, ""placement"": ""quantile"", ""slabs"": [{""k"": 1, ""n"": 76}, {""k"": 1, ""n"": 84}, {""k"": 1, ""n"": 85}, {""k"": 1, ""n"": 84}, {""k"": 1, ""n"": 76}]}, {""constant_lens"": false, ""gain"": 0.25, ""lens"": ""pc1"", ""lens_scaling"": ""standardize"", ""min_cluster_size"": 18, ""min_samples"": 5, ""n_class"": 337, ""n_edges"": 4, ""n_intervals"": 5, ""n_vertices"": 5, ""noise_reassigned"": 266, ""placement"": ""quantile"", ""slabs"": [{""k"": 1, ""n"": 76}, {""k"": 1, ""n"": 84}, {""k"": 1, ""n"": 85}, {""k"": 1, ""n"": 84}, {""k"": 1, ""n"": 76}]}, {""constant_lens"": false, ""gain"": 0.25, ""lens"": ""pc1"", ""lens_scaling"": ""standardize"", ""min_cluster_size"": 18, ""min_samples"": 5, ""n_class"": 338, ""n_edges"": 4, ""n_intervals"": 5, ""n_vertices"": 5, ""noise_reassigned"": 313, ""placement"": ""quantile"", ""slabs"": [{""k"": 1, ""n"": 76}, {""k"": 1, ""n"": 85}, {""k"": 1, ""n"": 84}, {""k"": 1, ""n"": 85}, {""k"": 1, ""n"": 76}]}, {""constant_lens"": false, ""gain"": 0.25, ""lens"": ""pc1"", ""lens_scaling"": ""standardize"", ""min_cluster_size"": 18, ""min_samples"": 5, ""n_class"": 338, ""n_edges"": 4, ""n_intervals"": 5, ""n_vertices"": 5, ""noise_reassigned"": 311, ""placement"": ""quantile"", ""slabs"": [{""k"": 1, ""n"": 76}, {""k"": 1, ""n"": 85}, {""k"": 1, ""n"": 84}, {""k"": 1, ""n"": 85}, {""k"": 1, ""n"": 76}]}], ""soundness_bound_holds"": true, ""step_rule"": ""scale_free"", ""topology_retention_nerve_to_frozen"": {""beta0_frozen"": 12, ""beta0_nerve"": 11, ""beta1_frozen"": 0, ""beta1_nerve"": 0}}",True
0.9818181818181818,248,False,0.050101010101010104,0.05,,4.498542999965139,80.11625099997036,75.61770800000522,texture,5,"{""epsilon"": 0.1, ""window"": 0.2}",LVQ3,10,248,550,4950,0.9498989898989899,1038474166,False,,True
0.9763636363636363,248,False,0.050101010101010104,0.05,"{""0"": 23, ""1"": 23, ""10"": 22, ""2"": 23, ""3"": 23, ""4"": 23, ""5"": 23, ""6"": 22, ""7"": 22, ""8"": 22, ""9"": 22}",1.6879840000183322,1.6879840000183322,0.0,texture,5,,KMeans,10,248,550,4950,0.9498989898989899,1038474166,False,,True
0.8981818181818182,248,False,0.050101010101010104,0.05,"{""0"": 23, ""1"": 23, ""10"": 22, ""2"": 23, ""3"": 23, ""4"": 23, ""5"": 23, ""6"": 22, ""7"": 22, ""8"": 22, ""9"": 22}",0.001715000020340085,0.001715000020340085,0.0,texture,5,,Random,10,248,550,4950,0.9498989898989899,1038474166,False,,True
0.9363636363636364,248,False,0.050101010101010104,0.05,,1.8488559999968857,1.8488559999968857,0.0,texture,5,,SPOT,10,248,550,4950,0.9498989898989899,1038474166,False,,True
0.9145454545454546,248,False,0.050101010101010104,0.05,,28.697700000018813,28.697700000018813,0.0,texture,5,,GLVQ,10,248,550,4950,0.9498989898989899,1038474166,False,,True
0.9727272727272728,248,False,0.050101010101010104,0.05,,2.5924590000067838,2.5924590000067838,0.0,texture,5,,GNG,10,248,550,4950,0.9498989898989899,1038474166,False,,True
0.9890909090909091,495,False,0.1,0.1,,0.0011879999656230211,0.0011879999656230211,0.0,texture,5,,Full,10,4950,550,4950,0.0,1038474166,True,,False
0.9872727272727273,495,False,0.1,0.1,,1.7289039999595843,1.7289039999595843,0.0,texture,5,,RSP3,10,847,550,4950,0.8288888888888889,1038474166,True,,False
0.9690909090909091,495,False,0.1,0.1,,0.7395939999842085,0.7395939999842085,0.0,texture,5,,RHC,10,252,550,4950,0.9490909090909091,1038474166,True,,False
0.9781818181818182,495,False,0.1,0.1,,7.075379999994766,7.075379999994766,0.0,texture,5,,SPINE+1NN,10,495,550,4950,0.9,1038474166,False,"{""admission"": {""criterion"": ""risk"", ""removed_risk"": 1, ""removed_support"": 0}, ""betti_final"": [[1, 0], [1, 0], [1, 0], [1, 0], [1, 0], [1, 0], [1, 0], [1, 0], [1, 0], [1, 0], [2, 0]], ""betti_frozen"": [[1, 0], [1, 0], [1, 0], [1, 0], [1, 0], [1, 0], [1, 0], [1, 0], [1, 0], [1, 0], [2, 0]], ""betti_nerve"": [[1, 0], [1, 0], [1, 0], [1, 0], [1, 0], [1, 0], [1, 0], [1, 0], [1, 0], [1, 0], [1, 0]], ""boundary_restriction"": ""both"", ""forced_removals"": 0, ""growth_representation_fallbacks"": 423, ""invariant_held"": true, ""n_segments"": 483, ""n_train_fit"": 3712, ""n_val"": 1238, ""phase0"": [{""constant_lens"": false, ""gain"": 0.25, ""lens"": ""pc1"", ""lens_scaling"": ""standardize"", ""min_cluster_size"": 18, ""min_samples"": 5, ""n_class"": 338, ""n_edges"": 4, ""n_intervals"": 5, ""n_vertices"": 5, ""noise_reassigned"": 313, ""placement"": ""quantile"", ""slabs"": [{""k"": 1, ""n"": 76}, {""k"": 1, ""n"": 85}, {""k"": 1, ""n"": 84}, {""k"": 1, ""n"": 85}, {""k"": 1, ""n"": 76}]}, {""constant_lens"": false, ""gain"": 0.25, ""lens"": ""pc1"", ""lens_scaling"": ""standardize"", ""min_cluster_size"": 18, ""min_samples"": 5, ""n_class"": 338, ""n_edges"": 4, ""n_intervals"": 5, ""n_vertices"": 5, ""noise_reassigned"": 314, ""placement"": ""quantile"", ""slabs"": [{""k"": 1, ""n"": 76}, {""k"": 1, ""n"": 85}, {""k"": 1, ""n"": 84}, {""k"": 1, ""n"": 85}, {""k"": 1, ""n"": 76}]}, {""constant_lens"": false, ""gain"": 0.25, ""lens"": ""pc1"", ""lens_scaling"": ""standardize"", ""min_cluster_size"": 18, ""min_samples"": 5, ""n_class"": 337, ""n_edges"": 4, ""n_intervals"": 5, ""n_vertices"": 5, ""noise_reassigned"": 314, ""placement"": ""quantile"", ""slabs"": [{""k"": 1, ""n"": 76}, {""k"": 1, ""n"": 84}, {""k"": 1, ""n"": 85}, {""k"": 1, ""n"": 84}, {""k"": 1, ""n"": 76}]}, {""constant_lens"": false, ""gain"": 0.25, ""lens"": ""pc1"", ""lens_scaling"": ""standardize"", ""min_cluster_size"": 18, ""min_samples"": 5, ""n_class"": 337, ""n_edges"": 4, ""n_intervals"": 5, ""n_vertices"": 5, ""noise_reassigned"": 312, ""placement"": ""quantile"", ""slabs"": [{""k"": 1, ""n"": 76}, {""k"": 1, ""n"": 84}, {""k"": 1, ""n"": 85}, {""k"": 1, ""n"": 84}, {""k"": 1, ""n"": 76}]}, {""constant_lens"": false, ""gain"": 0.25, ""lens"": ""pc1"", ""lens_scaling"": ""standardize"", ""min_cluster_size"": 18, ""min_samples"": 5, ""n_class"": 337, ""n_edges"": 4, ""n_intervals"": 5, ""n_vertices"": 5, ""noise_reassigned"": 308, ""placement"": ""quantile"", ""slabs"": [{""k"": 1, ""n"": 76}, {""k"": 1, ""n"": 84}, {""k"": 1, ""n"": 85}, {""k"": 1, ""n"": 84}, {""k"": 1, ""n"": 76}]}, {""constant_lens"": false, ""gain"": 0.25, ""lens"": ""pc1"", ""lens_scaling"": ""standardize"", ""min_cluster_size"": 18, ""min_samples"": 5, ""n_class"": 337, ""n_edges"": 4, ""n_intervals"": 5, ""n_vertices"": 5, ""noise_reassigned"": 313, ""placement"": ""quantile"", ""slabs"": [{""k"": 1, ""n"": 76}, {""k"": 1, ""n"": 84}, {""k"": 1, ""n"": 85}, {""k"": 1, ""n"": 84}, {""k"": 1, ""n"": 76}]}, {""constant_lens"": false, ""gain"": 0.25, ""lens"": ""pc1"", ""lens_scaling"": ""standardize"", ""min_cluster_size"": 18, ""min_samples"": 5, ""n_class"": 338, ""n_edges"": 4, ""n_intervals"": 5, ""n_vertices"": 5, ""noise_reassigned"": 310, ""placement"": ""quantile"", ""slabs"": [{""k"": 1, ""n"": 76}, {""k"": 1, ""n"": 85}, {""k"": 1, ""n"": 84}, {""k"": 1, ""n"": 85}, {""k"": 1, ""n"": 76}]}, {""constant_lens"": false, ""gain"": 0.25, ""lens"": ""pc1"", ""lens_scaling"": ""standardize"", ""min_cluster_size"": 18, ""min_samples"": 5, ""n_class"": 337, ""n_edges"": 4, ""n_intervals"": 5, ""n_vertices"": 5, ""noise_reassigned"": 315, ""placement"": ""quantile"", ""slabs"": [{""k"": 1, ""n"": 76}, {""k"": 1, ""n"": 84}, {""k"": 1, ""n"": 85}, {""k"": 1, ""n"": 84}, {""k"": 1, ""n"": 76}]}, {""constant_lens"": false, ""gain"": 0.25, ""lens"": ""pc1"", ""lens_scaling"": ""standardize"", ""min_cluster_size"": 18, ""min_samples"": 5, ""n_class"": 337, ""n_edges"": 4, ""n_intervals"": 5, ""n_vertices"": 5, ""noise_reassigned"": 266, ""placement"": ""quantile"", ""slabs"": [{""k"": 1, ""n"": 76}, {""k"": 1, ""n"": 84}, {""k"": 1, ""n"": 85}, {""k"": 1, ""n"": 84}, {""k"": 1, ""n"": 76}]}, {""constant_lens"": false, ""gain"": 0.25, ""lens"": ""pc1"", ""lens_scaling"": ""standardize"", ""min_cluster_size"": 18, ""min_samples"": 5, ""n_class"": 338, ""n_edges"": 4, ""n_intervals"": 5, ""n_vertices"": 5, ""noise_reassigned"": 313, ""placement"": ""quantile"", ""slabs"": [{""k"": 1, ""n"": 76}, {""k"": 1, ""n"": 85}, {""k"": 1, ""n"": 84}, {""k"": 1, ""n"": 85}, {""k"": 1, ""n"": 76}]}, {""constant_lens"": false, ""gain"": 0.25, ""lens"": ""pc1"", ""lens_scaling"": ""standardize"", ""min_cluster_size"": 18, ""min_samples"": 5, ""n_class"": 338, ""n_edges"": 4, ""n_intervals"": 5, ""n_vertices"": 5, ""noise_reassigned"": 311, ""placement"": ""quantile"", ""slabs"": [{""k"": 1, ""n"": 76}, {""k"": 1, ""n"": 85}, {""k"": 1, ""n"": 84}, {""k"": 1, ""n"": 85}, {""k"": 1, ""n"": 76}]}], ""soundness_bound_holds"": true, ""step_rule"": ""scale_free"", ""topology_retention_nerve_to_frozen"": {""beta0_frozen"": 12, ""beta0_nerve"": 11, ""beta1_frozen"": 0, ""beta1_nerve"": 0}}",True
0.98,495,False,0.1,0.1,,7.075379999994766,7.075379999994766,0.0,texture,5,,SPINE+Graph,10,495,550,4950,0.9,1038474166,False,"{""admission"": {""criterion"": ""risk"", ""removed_risk"": 1, ""removed_support"": 0}, ""betti_final"": [[1, 0], [1, 0], [1, 0], [1, 0], [1, 0], [1, 0], [1, 0], [1, 0], [1, 0], [1, 0], [2, 0]], ""betti_frozen"": [[1, 0], [1, 0], [1, 0], [1, 0], [1, 0], [1, 0], [1, 0], [1, 0], [1, 0], [1, 0], [2, 0]], ""betti_nerve"": [[1, 0], [1, 0], [1, 0], [1, 0], [1, 0], [1, 0], [1, 0], [1, 0], [1, 0], [1, 0], [1, 0]], ""boundary_restriction"": ""both"", ""forced_removals"": 0, ""growth_representation_fallbacks"": 423, ""invariant_held"": true, ""n_segments"": 483, ""n_train_fit"": 3712, ""n_val"": 1238, ""phase0"": [{""constant_lens"": false, ""gain"": 0.25, ""lens"": ""pc1"", ""lens_scaling"": ""standardize"", ""min_cluster_size"": 18, ""min_samples"": 5, ""n_class"": 338, ""n_edges"": 4, ""n_intervals"": 5, ""n_vertices"": 5, ""noise_reassigned"": 313, ""placement"": ""quantile"", ""slabs"": [{""k"": 1, ""n"": 76}, {""k"": 1, ""n"": 85}, {""k"": 1, ""n"": 84}, {""k"": 1, ""n"": 85}, {""k"": 1, ""n"": 76}]}, {""constant_lens"": false, ""gain"": 0.25, ""lens"": ""pc1"", ""lens_scaling"": ""standardize"", ""min_cluster_size"": 18, ""min_samples"": 5, ""n_class"": 338, ""n_edges"": 4, ""n_intervals"": 5, ""n_vertices"": 5, ""noise_reassigned"": 314, ""placement"": ""quantile"", ""slabs"": [{""k"": 1, ""n"": 76}, {""k"": 1, ""n"": 85}, {""k"": 1, ""n"": 84}, {""k"": 1, ""n"": 85}, {""k"": 1, ""n"": 76}]}, {""constant_lens"": false, ""gain"": 0.25, ""lens"": ""pc1"", ""lens_scaling"": ""standardize"", ""min_cluster_size"": 18, ""min_samples"": 5, ""n_class"": 337, ""n_edges"": 4, ""n_intervals"": 5, ""n_vertices"": 5, ""noise_reassigned"": 314, ""placement"": ""quantile"", ""slabs"": [{""k"": 1, ""n"": 76}, {""k"": 1, ""n"": 84}, {""k"": 1, ""n"": 85}, {""k"": 1, ""n"": 84}, {""k"": 1, ""n"": 76}]}, {""constant_lens"": false, ""gain"": 0.25, ""lens"": ""pc1"", ""lens_scaling"": ""standardize"", ""min_cluster_size"": 18, ""min_samples"": 5, ""n_class"": 337, ""n_edges"": 4, ""n_intervals"": 5, ""n_vertices"": 5, ""noise_reassigned"": 312, ""placement"": ""quantile"", ""slabs"": [{""k"": 1, ""n"": 76}, {""k"": 1, ""n"": 84}, {""k"": 1, ""n"": 85}, {""k"": 1, ""n"": 84}, {""k"": 1, ""n"": 76}]}, {""constant_lens"": false, ""gain"": 0.25, ""lens"": ""pc1"", ""lens_scaling"": ""standardize"", ""min_cluster_size"": 18, ""min_samples"": 5, ""n_class"": 337, ""n_edges"": 4, ""n_intervals"": 5, ""n_vertices"": 5, ""noise_reassigned"": 308, ""placement"": ""quantile"", ""slabs"": [{""k"": 1, ""n"": 76}, {""k"": 1, ""n"": 84}, {""k"": 1, ""n"": 85}, {""k"": 1, ""n"": 84}, {""k"": 1, ""n"": 76}]}, {""constant_lens"": false, ""gain"": 0.25, ""lens"": ""pc1"", ""lens_scaling"": ""standardize"", ""min_cluster_size"": 18, ""min_samples"": 5, ""n_class"": 337, ""n_edges"": 4, ""n_intervals"": 5, ""n_vertices"": 5, ""noise_reassigned"": 313, ""placement"": ""quantile"", ""slabs"": [{""k"": 1, ""n"": 76}, {""k"": 1, ""n"": 84}, {""k"": 1, ""n"": 85}, {""k"": 1, ""n"": 84}, {""k"": 1, ""n"": 76}]}, {""constant_lens"": false, ""gain"": 0.25, ""lens"": ""pc1"", ""lens_scaling"": ""standardize"", ""min_cluster_size"": 18, ""min_samples"": 5, ""n_class"": 338, ""n_edges"": 4, ""n_intervals"": 5, ""n_vertices"": 5, ""noise_reassigned"": 310, ""placement"": ""quantile"", ""slabs"": [{""k"": 1, ""n"": 76}, {""k"": 1, ""n"": 85}, {""k"": 1, ""n"": 84}, {""k"": 1, ""n"": 85}, {""k"": 1, ""n"": 76}]}, {""constant_lens"": false, ""gain"": 0.25, ""lens"": ""pc1"", ""lens_scaling"": ""standardize"", ""min_cluster_size"": 18, ""min_samples"": 5, ""n_class"": 337, ""n_edges"": 4, ""n_intervals"": 5, ""n_vertices"": 5, ""noise_reassigned"": 315, ""placement"": ""quantile"", ""slabs"": [{""k"": 1, ""n"": 76}, {""k"": 1, ""n"": 84}, {""k"": 1, ""n"": 85}, {""k"": 1, ""n"": 84}, {""k"": 1, ""n"": 76}]}, {""constant_lens"": false, ""gain"": 0.25, ""lens"": ""pc1"", ""lens_scaling"": ""standardize"", ""min_cluster_size"": 18, ""min_samples"": 5, ""n_class"": 337, ""n_edges"": 4, ""n_intervals"": 5, ""n_vertices"": 5, ""noise_reassigned"": 266, ""placement"": ""quantile"", ""slabs"": [{""k"": 1, ""n"": 76}, {""k"": 1, ""n"": 84}, {""k"": 1, ""n"": 85}, {""k"": 1, ""n"": 84}, {""k"": 1, ""n"": 76}]}, {""constant_lens"": false, ""gain"": 0.25, ""lens"": ""pc1"", ""lens_scaling"": ""standardize"", ""min_cluster_size"": 18, ""min_samples"": 5, ""n_class"": 338, ""n_edges"": 4, ""n_intervals"": 5, ""n_vertices"": 5, ""noise_reassigned"": 313, ""placement"": ""quantile"", ""slabs"": [{""k"": 1, ""n"": 76}, {""k"": 1, ""n"": 85}, {""k"": 1, ""n"": 84}, {""k"": 1, ""n"": 85}, {""k"": 1, ""n"": 76}]}, {""constant_lens"": false, ""gain"": 0.25, ""lens"": ""pc1"", ""lens_scaling"": ""standardize"", ""min_cluster_size"": 18, ""min_samples"": 5, ""n_class"": 338, ""n_edges"": 4, ""n_intervals"": 5, ""n_vertices"": 5, ""noise_reassigned"": 311, ""placement"": ""quantile"", ""slabs"": [{""k"": 1, ""n"": 76}, {""k"": 1, ""n"": 85}, {""k"": 1, ""n"": 84}, {""k"": 1, ""n"": 85}, {""k"": 1, ""n"": 76}]}], ""soundness_bound_holds"": true, ""step_rule"": ""scale_free"", ""topology_retention_nerve_to_frozen"": {""beta0_frozen"": 12, ""beta0_nerve"": 11, ""beta1_frozen"": 0, ""beta1_nerve"": 0}}",True
0.9727272727272728,495,False,0.1,0.1,,6.40684200002579,113.92121800000314,107.51437599997735,texture,5,"{""epsilon"": 0.1, ""window"": 0.3}",LVQ3,10,495,550,4950,0.9,1038474166,False,,True
0.9818181818181818,495,False,0.1,0.1,"{""0"": 45, ""1"": 45, ""10"": 45, ""2"": 45, ""3"": 45, ""4"": 45, ""5"": 45, ""6"": 45, ""7"": 45, ""8"": 45, ""9"": 45}",2.4431550000444986,2.4431550000444986,0.0,texture,5,,KMeans,10,495,550,4950,0.9,1038474166,False,,True
0.9363636363636364,495,False,0.1,0.1,"{""0"": 45, ""1"": 45, ""10"": 45, ""2"": 45, ""3"": 45, ""4"": 45, ""5"": 45, ""6"": 45, ""7"": 45, ""8"": 45, ""9"": 45}",0.002019000006839633,0.002019000006839633,0.0,texture,5,,Random,10,495,550,4950,0.9,1038474166,False,,True
0.9581818181818181,495,False,0.1,0.1,,1.8865510000032373,1.8865510000032373,0.0,texture,5,,SPOT,10,495,550,4950,0.9,1038474166,False,,True
0.9163636363636364,495,False,0.1,0.1,,54.72462399996584,54.72462399996584,0.0,texture,5,,GLVQ,10,495,550,4950,0.9,1038474166,False,,True
0.9818181818181818,495,False,0.1,0.1,,5.092860000033397,5.092860000033397,0.0,texture,5,,GNG,10,495,550,4950,0.9,1038474166,False,,True
0.9890909090909091,1238,False,0.2501010101010101,0.25,,0.0011879999656230211,0.0011879999656230211,0.0,texture,5,,Full,10,4950,550,4950,0.0,1038474166,True,,False
0.9872727272727273,1238,False,0.2501010101010101,0.25,,1.7289039999595843,1.7289039999595843,0.0,texture,5,,RSP3,10,847,550,4950,0.8288888888888889,1038474166,True,,False
0.9690909090909091,1238,False,0.2501010101010101,0.25,,0.7395939999842085,0.7395939999842085,0.0,texture,5,,RHC,10,252,550,4950,0.9490909090909091,1038474166,True,,False
0.9836363636363636,1238,False,0.2501010101010101,0.25,,15.171556000015698,15.171556000015698,0.0,texture,5,,SPINE+1NN,10,1238,550,4950,0.7498989898989898,1038474166,False,"{""admission"": {""criterion"": ""risk"", ""removed_risk"": 1, ""removed_support"": 0}, ""betti_final"": [[1, 0], [1, 0], [1, 0], [1, 0], [1, 0], [1, 0], [1, 0], [1, 0], [1, 0], [1, 0], [2, 0]], ""betti_frozen"": [[1, 0], [1, 0], [1, 0], [1, 0], [1, 0], [1, 0], [1, 0], [1, 0], [1, 0], [1, 0], [2, 0]], ""betti_nerve"": [[1, 0], [1, 0], [1, 0], [1, 0], [1, 0], [1, 0], [1, 0], [1, 0], [1, 0], [1, 0], [1, 0]], ""boundary_restriction"": ""both"", ""forced_removals"": 0, ""growth_representation_fallbacks"": 1328, ""invariant_held"": true, ""n_segments"": 1226, ""n_train_fit"": 3712, ""n_val"": 1238, ""phase0"": [{""constant_lens"": false, ""gain"": 0.25, ""lens"": ""pc1"", ""lens_scaling"": ""standardize"", ""min_cluster_size"": 18, ""min_samples"": 5, ""n_class"": 338, ""n_edges"": 4, ""n_intervals"": 5, ""n_vertices"": 5, ""noise_reassigned"": 313, ""placement"": ""quantile"", ""slabs"": [{""k"": 1, ""n"": 76}, {""k"": 1, ""n"": 85}, {""k"": 1, ""n"": 84}, {""k"": 1, ""n"": 85}, {""k"": 1, ""n"": 76}]}, {""constant_lens"": false, ""gain"": 0.25, ""lens"": ""pc1"", ""lens_scaling"": ""standardize"", ""min_cluster_size"": 18, ""min_samples"": 5, ""n_class"": 338, ""n_edges"": 4, ""n_intervals"": 5, ""n_vertices"": 5, ""noise_reassigned"": 314, ""placement"": ""quantile"", ""slabs"": [{""k"": 1, ""n"": 76}, {""k"": 1, ""n"": 85}, {""k"": 1, ""n"": 84}, {""k"": 1, ""n"": 85}, {""k"": 1, ""n"": 76}]}, {""constant_lens"": false, ""gain"": 0.25, ""lens"": ""pc1"", ""lens_scaling"": ""standardize"", ""min_cluster_size"": 18, ""min_samples"": 5, ""n_class"": 337, ""n_edges"": 4, ""n_intervals"": 5, ""n_vertices"": 5, ""noise_reassigned"": 314, ""placement"": ""quantile"", ""slabs"": [{""k"": 1, ""n"": 76}, {""k"": 1, ""n"": 84}, {""k"": 1, ""n"": 85}, {""k"": 1, ""n"": 84}, {""k"": 1, ""n"": 76}]}, {""constant_lens"": false, ""gain"": 0.25, ""lens"": ""pc1"", ""lens_scaling"": ""standardize"", ""min_cluster_size"": 18, ""min_samples"": 5, ""n_class"": 337, ""n_edges"": 4, ""n_intervals"": 5, ""n_vertices"": 5, ""noise_reassigned"": 312, ""placement"": ""quantile"", ""slabs"": [{""k"": 1, ""n"": 76}, {""k"": 1, ""n"": 84}, {""k"": 1, ""n"": 85}, {""k"": 1, ""n"": 84}, {""k"": 1, ""n"": 76}]}, {""constant_lens"": false, ""gain"": 0.25, ""lens"": ""pc1"", ""lens_scaling"": ""standardize"", ""min_cluster_size"": 18, ""min_samples"": 5, ""n_class"": 337, ""n_edges"": 4, ""n_intervals"": 5, ""n_vertices"": 5, ""noise_reassigned"": 308, ""placement"": ""quantile"", ""slabs"": [{""k"": 1, ""n"": 76}, {""k"": 1, ""n"": 84}, {""k"": 1, ""n"": 85}, {""k"": 1, ""n"": 84}, {""k"": 1, ""n"": 76}]}, {""constant_lens"": false, ""gain"": 0.25, ""lens"": ""pc1"", ""lens_scaling"": ""standardize"", ""min_cluster_size"": 18, ""min_samples"": 5, ""n_class"": 337, ""n_edges"": 4, ""n_intervals"": 5, ""n_vertices"": 5, ""noise_reassigned"": 313, ""placement"": ""quantile"", ""slabs"": [{""k"": 1, ""n"": 76}, {""k"": 1, ""n"": 84}, {""k"": 1, ""n"": 85}, {""k"": 1, ""n"": 84}, {""k"": 1, ""n"": 76}]}, {""constant_lens"": false, ""gain"": 0.25, ""lens"": ""pc1"", ""lens_scaling"": ""standardize"", ""min_cluster_size"": 18, ""min_samples"": 5, ""n_class"": 338, ""n_edges"": 4, ""n_intervals"": 5, ""n_vertices"": 5, ""noise_reassigned"": 310, ""placement"": ""quantile"", ""slabs"": [{""k"": 1, ""n"": 76}, {""k"": 1, ""n"": 85}, {""k"": 1, ""n"": 84}, {""k"": 1, ""n"": 85}, {""k"": 1, ""n"": 76}]}, {""constant_lens"": false, ""gain"": 0.25, ""lens"": ""pc1"", ""lens_scaling"": ""standardize"", ""min_cluster_size"": 18, ""min_samples"": 5, ""n_class"": 337, ""n_edges"": 4, ""n_intervals"": 5, ""n_vertices"": 5, ""noise_reassigned"": 315, ""placement"": ""quantile"", ""slabs"": [{""k"": 1, ""n"": 76}, {""k"": 1, ""n"": 84}, {""k"": 1, ""n"": 85}, {""k"": 1, ""n"": 84}, {""k"": 1, ""n"": 76}]}, {""constant_lens"": false, ""gain"": 0.25, ""lens"": ""pc1"", ""lens_scaling"": ""standardize"", ""min_cluster_size"": 18, ""min_samples"": 5, ""n_class"": 337, ""n_edges"": 4, ""n_intervals"": 5, ""n_vertices"": 5, ""noise_reassigned"": 266, ""placement"": ""quantile"", ""slabs"": [{""k"": 1, ""n"": 76}, {""k"": 1, ""n"": 84}, {""k"": 1, ""n"": 85}, {""k"": 1, ""n"": 84}, {""k"": 1, ""n"": 76}]}, {""constant_lens"": false, ""gain"": 0.25, ""lens"": ""pc1"", ""lens_scaling"": ""standardize"", ""min_cluster_size"": 18, ""min_samples"": 5, ""n_class"": 338, ""n_edges"": 4, ""n_intervals"": 5, ""n_vertices"": 5, ""noise_reassigned"": 313, ""placement"": ""quantile"", ""slabs"": [{""k"": 1, ""n"": 76}, {""k"": 1, ""n"": 85}, {""k"": 1, ""n"": 84}, {""k"": 1, ""n"": 85}, {""k"": 1, ""n"": 76}]}, {""constant_lens"": false, ""gain"": 0.25, ""lens"": ""pc1"", ""lens_scaling"": ""standardize"", ""min_cluster_size"": 18, ""min_samples"": 5, ""n_class"": 338, ""n_edges"": 4, ""n_intervals"": 5, ""n_vertices"": 5, ""noise_reassigned"": 311, ""placement"": ""quantile"", ""slabs"": [{""k"": 1, ""n"": 76}, {""k"": 1, ""n"": 85}, {""k"": 1, ""n"": 84}, {""k"": 1, ""n"": 85}, {""k"": 1, ""n"": 76}]}], ""soundness_bound_holds"": true, ""step_rule"": ""scale_free"", ""topology_retention_nerve_to_frozen"": {""beta0_frozen"": 12, ""beta0_nerve"": 11, ""beta1_frozen"": 0, ""beta1_nerve"": 0}}",True
0.98,1238,False,0.2501010101010101,0.25,,15.171556000015698,15.171556000015698,0.0,texture,5,,SPINE+Graph,10,1238,550,4950,0.7498989898989898,1038474166,False,"{""admission"": {""criterion"": ""risk"", ""removed_risk"": 1, ""removed_support"": 0}, ""betti_final"": [[1, 0], [1, 0], [1, 0], [1, 0], [1, 0], [1, 0], [1, 0], [1, 0], [1, 0], [1, 0], [2, 0]], ""betti_frozen"": [[1, 0], [1, 0], [1, 0], [1, 0], [1, 0], [1, 0], [1, 0], [1, 0], [1, 0], [1, 0], [2, 0]], ""betti_nerve"": [[1, 0], [1, 0], [1, 0], [1, 0], [1, 0], [1, 0], [1, 0], [1, 0], [1, 0], [1, 0], [1, 0]], ""boundary_restriction"": ""both"", ""forced_removals"": 0, ""growth_representation_fallbacks"": 1328, ""invariant_held"": true, ""n_segments"": 1226, ""n_train_fit"": 3712, ""n_val"": 1238, ""phase0"": [{""constant_lens"": false, ""gain"": 0.25, ""lens"": ""pc1"", ""lens_scaling"": ""standardize"", ""min_cluster_size"": 18, ""min_samples"": 5, ""n_class"": 338, ""n_edges"": 4, ""n_intervals"": 5, ""n_vertices"": 5, ""noise_reassigned"": 313, ""placement"": ""quantile"", ""slabs"": [{""k"": 1, ""n"": 76}, {""k"": 1, ""n"": 85}, {""k"": 1, ""n"": 84}, {""k"": 1, ""n"": 85}, {""k"": 1, ""n"": 76}]}, {""constant_lens"": false, ""gain"": 0.25, ""lens"": ""pc1"", ""lens_scaling"": ""standardize"", ""min_cluster_size"": 18, ""min_samples"": 5, ""n_class"": 338, ""n_edges"": 4, ""n_intervals"": 5, ""n_vertices"": 5, ""noise_reassigned"": 314, ""placement"": ""quantile"", ""slabs"": [{""k"": 1, ""n"": 76}, {""k"": 1, ""n"": 85}, {""k"": 1, ""n"": 84}, {""k"": 1, ""n"": 85}, {""k"": 1, ""n"": 76}]}, {""constant_lens"": false, ""gain"": 0.25, ""lens"": ""pc1"", ""lens_scaling"": ""standardize"", ""min_cluster_size"": 18, ""min_samples"": 5, ""n_class"": 337, ""n_edges"": 4, ""n_intervals"": 5, ""n_vertices"": 5, ""noise_reassigned"": 314, ""placement"": ""quantile"", ""slabs"": [{""k"": 1, ""n"": 76}, {""k"": 1, ""n"": 84}, {""k"": 1, ""n"": 85}, {""k"": 1, ""n"": 84}, {""k"": 1, ""n"": 76}]}, {""constant_lens"": false, ""gain"": 0.25, ""lens"": ""pc1"", ""lens_scaling"": ""standardize"", ""min_cluster_size"": 18, ""min_samples"": 5, ""n_class"": 337, ""n_edges"": 4, ""n_intervals"": 5, ""n_vertices"": 5, ""noise_reassigned"": 312, ""placement"": ""quantile"", ""slabs"": [{""k"": 1, ""n"": 76}, {""k"": 1, ""n"": 84}, {""k"": 1, ""n"": 85}, {""k"": 1, ""n"": 84}, {""k"": 1, ""n"": 76}]}, {""constant_lens"": false, ""gain"": 0.25, ""lens"": ""pc1"", ""lens_scaling"": ""standardize"", ""min_cluster_size"": 18, ""min_samples"": 5, ""n_class"": 337, ""n_edges"": 4, ""n_intervals"": 5, ""n_vertices"": 5, ""noise_reassigned"": 308, ""placement"": ""quantile"", ""slabs"": [{""k"": 1, ""n"": 76}, {""k"": 1, ""n"": 84}, {""k"": 1, ""n"": 85}, {""k"": 1, ""n"": 84}, {""k"": 1, ""n"": 76}]}, {""constant_lens"": false, ""gain"": 0.25, ""lens"": ""pc1"", ""lens_scaling"": ""standardize"", ""min_cluster_size"": 18, ""min_samples"": 5, ""n_class"": 337, ""n_edges"": 4, ""n_intervals"": 5, ""n_vertices"": 5, ""noise_reassigned"": 313, ""placement"": ""quantile"", ""slabs"": [{""k"": 1, ""n"": 76}, {""k"": 1, ""n"": 84}, {""k"": 1, ""n"": 85}, {""k"": 1, ""n"": 84}, {""k"": 1, ""n"": 76}]}, {""constant_lens"": false, ""gain"": 0.25, ""lens"": ""pc1"", ""lens_scaling"": ""standardize"", ""min_cluster_size"": 18, ""min_samples"": 5, ""n_class"": 338, ""n_edges"": 4, ""n_intervals"": 5, ""n_vertices"": 5, ""noise_reassigned"": 310, ""placement"": ""quantile"", ""slabs"": [{""k"": 1, ""n"": 76}, {""k"": 1, ""n"": 85}, {""k"": 1, ""n"": 84}, {""k"": 1, ""n"": 85}, {""k"": 1, ""n"": 76}]}, {""constant_lens"": false, ""gain"": 0.25, ""lens"": ""pc1"", ""lens_scaling"": ""standardize"", ""min_cluster_size"": 18, ""min_samples"": 5, ""n_class"": 337, ""n_edges"": 4, ""n_intervals"": 5, ""n_vertices"": 5, ""noise_reassigned"": 315, ""placement"": ""quantile"", ""slabs"": [{""k"": 1, ""n"": 76}, {""k"": 1, ""n"": 84}, {""k"": 1, ""n"": 85}, {""k"": 1, ""n"": 84}, {""k"": 1, ""n"": 76}]}, {""constant_lens"": false, ""gain"": 0.25, ""lens"": ""pc1"", ""lens_scaling"": ""standardize"", ""min_cluster_size"": 18, ""min_samples"": 5, ""n_class"": 337, ""n_edges"": 4, ""n_intervals"": 5, ""n_vertices"": 5, ""noise_reassigned"": 266, ""placement"": ""quantile"", ""slabs"": [{""k"": 1, ""n"": 76}, {""k"": 1, ""n"": 84}, {""k"": 1, ""n"": 85}, {""k"": 1, ""n"": 84}, {""k"": 1, ""n"": 76}]}, {""constant_lens"": false, ""gain"": 0.25, ""lens"": ""pc1"", ""lens_scaling"": ""standardize"", ""min_cluster_size"": 18, ""min_samples"": 5, ""n_class"": 338, ""n_edges"": 4, ""n_intervals"": 5, ""n_vertices"": 5, ""noise_reassigned"": 313, ""placement"": ""quantile"", ""slabs"": [{""k"": 1, ""n"": 76}, {""k"": 1, ""n"": 85}, {""k"": 1, ""n"": 84}, {""k"": 1, ""n"": 85}, {""k"": 1, ""n"": 76}]}, {""constant_lens"": false, ""gain"": 0.25, ""lens"": ""pc1"", ""lens_scaling"": ""standardize"", ""min_cluster_size"": 18, ""min_samples"": 5, ""n_class"": 338, ""n_edges"": 4, ""n_intervals"": 5, ""n_vertices"": 5, ""noise_reassigned"": 311, ""placement"": ""quantile"", ""slabs"": [{""k"": 1, ""n"": 76}, {""k"": 1, ""n"": 85}, {""k"": 1, ""n"": 84}, {""k"": 1, ""n"": 85}, {""k"": 1, ""n"": 76}]}], ""soundness_bound_holds"": true, ""step_rule"": ""scale_free"", ""topology_retention_nerve_to_frozen"": {""beta0_frozen"": 12, ""beta0_nerve"": 11, ""beta1_frozen"": 0, ""beta1_nerve"": 0}}",True
0.9745454545454545,1238,False,0.2501010101010101,0.25,,14.982705000031274,260.3899490000331,245.4072440000018,texture,5,"{""epsilon"": 0.3, ""window"": 0.2}",LVQ3,10,1238,550,4950,0.7498989898989898,1038474166,False,,True
0.9836363636363636,1238,False,0.2501010101010101,0.25,"{""0"": 113, ""1"": 113, ""10"": 112, ""2"": 113, ""3"": 113, ""4"": 113, ""5"": 113, ""6"": 112, ""7"": 112, ""8"": 112, ""9"": 112}",4.992702000017744,4.992702000017744,0.0,texture,5,,KMeans,10,1238,550,4950,0.7498989898989898,1038474166,False,,True
0.9654545454545455,1238,False,0.2501010101010101,0.25,"{""0"": 113, ""1"": 113, ""10"": 112, ""2"": 113, ""3"": 113, ""4"": 113, ""5"": 113, ""6"": 112, ""7"": 112, ""8"": 112, ""9"": 112}",0.0029879999929107726,0.0029879999929107726,0.0,texture,5,,Random,10,1238,550,4950,0.7498989898989898,1038474166,False,,True
0.9854545454545455,1238,False,0.2501010101010101,0.25,,2.0040440000011586,2.0040440000011586,0.0,texture,5,,SPOT,10,1238,550,4950,0.7498989898989898,1038474166,False,,True
0.9145454545454546,1238,False,0.2501010101010101,0.25,,132.7019020000007,132.7019020000007,0.0,texture,5,,GLVQ,10,1238,550,4950,0.7498989898989898,1038474166,False,,True
0.9854545454545455,1238,False,0.2501010101010101,0.25,,17.845655000011902,17.845655000011902,0.0,texture,5,,GNG,10,1238,550,4950,0.7498989898989898,1038474166,False,,True
0.98,25,False,0.005050505050505051,0.005,,0.0012169999536126852,0.0012169999536126852,0.0,texture,6,,Full,10,4950,550,4950,0.0,1039474169,False,,False
0.9818181818181818,25,False,0.005050505050505051,0.005,,1.7415259999688715,1.7415259999688715,0.0,texture,6,,RSP3,10,861,550,4950,0.826060606060606,1039474169,False,,False
0.9618181818181818,25,False,0.005050505050505051,0.005,,0.7062760000117123,0.7062760000117123,0.0,texture,6,,RHC,10,272,550,4950,0.945050505050505,1039474169,False,,False
0.7454545454545455,25,False,0.005050505050505051,0.005,,3.747488000022713,3.747488000022713,0.0,texture,6,,SPINE+1NN,10,25,550,4950,0.9949494949494949,1039474169,False,"{""admission"": {""criterion"": ""risk"", ""removed_risk"": 4, ""removed_support"": 0}, ""betti_final"": [[2, 0], [1, 0], [1, 0], [1, 0], [1, 0], [2, 0], [2, 0], [2, 0], [1, 0], [1, 0], [1, 0]], ""betti_frozen"": [[2, 0], [1, 0], [1, 0], [1, 0], [1, 0], [2, 0], [2, 0], [2, 0], [1, 0], [1, 0], [1, 0]], ""betti_nerve"": [[1, 0], [1, 0], [1, 0], [1, 0], [1, 0], [1, 0], [1, 0], [1, 0], [1, 0], [1, 0], [1, 0]], ""boundary_restriction"": ""both"", ""forced_removals"": 0, ""growth_representation_fallbacks"": 0, ""invariant_held"": true, ""n_segments"": 10, ""n_train_fit"": 3712, ""n_val"": 1238, ""phase0"": [{""constant_lens"": false, ""gain"": 0.25, ""lens"": ""pc1"", ""lens_scaling"": ""standardize"", ""min_cluster_size"": 18, ""min_samples"": 5, ""n_class"": 337, ""n_edges"": 4, ""n_intervals"": 5, ""n_vertices"": 5, ""noise_reassigned"": 311, ""placement"": ""quantile"", ""slabs"": [{""k"": 1, ""n"": 76}, {""k"": 1, ""n"": 84}, {""k"": 1, ""n"": 85}, {""k"": 1, ""n"": 84}, {""k"": 1, ""n"": 76}]}, {""constant_lens"": false, ""gain"": 0.25, ""lens"": ""pc1"", ""lens_scaling"": ""standardize"", ""min_cluster_size"": 18, ""min_samples"": 5, ""n_class"": 337, ""n_edges"": 4, ""n_intervals"": 5, ""n_vertices"": 5, ""noise_reassigned"": 313, ""placement"": ""quantile"", ""slabs"": [{""k"": 1, ""n"": 76}, {""k"": 1, ""n"": 84}, {""k"": 1, ""n"": 85}, {""k"": 1, ""n"": 84}, {""k"": 1, ""n"": 76}]}, {""constant_lens"": false, ""gain"": 0.25, ""lens"": ""pc1"", ""lens_scaling"": ""standardize"", ""min_cluster_size"": 18, ""min_samples"": 5, ""n_class"": 338, ""n_edges"": 4, ""n_intervals"": 5, ""n_vertices"": 5, ""noise_reassigned"": 306, ""placement"": ""quantile"", ""slabs"": [{""k"": 1, ""n"": 76}, {""k"": 1, ""n"": 85}, {""k"": 1, ""n"": 84}, {""k"": 1, ""n"": 85}, {""k"": 1, ""n"": 76}]}, {""constant_lens"": false, ""gain"": 0.25, ""lens"": ""pc1"", ""lens_scaling"": ""standardize"", ""min_cluster_size"": 18, ""min_samples"": 5, ""n_class"": 337, ""n_edges"": 4, ""n_intervals"": 5, ""n_vertices"": 5, ""noise_reassigned"": 272, ""placement"": ""quantile"", ""slabs"": [{""k"": 1, ""n"": 76}, {""k"": 1, ""n"": 84}, {""k"": 1, ""n"": 85}, {""k"": 1, ""n"": 84}, {""k"": 1, ""n"": 76}]}, {""constant_lens"": false, ""gain"": 0.25, ""lens"": ""pc1"", ""lens_scaling"": ""standardize"", ""min_cluster_size"": 18, ""min_samples"": 5, ""n_class"": 337, ""n_edges"": 4, ""n_intervals"": 5, ""n_vertices"": 5, ""noise_reassigned"": 315, ""placement"": ""quantile"", ""slabs"": [{""k"": 1, ""n"": 76}, {""k"": 1, ""n"": 84}, {""k"": 1, ""n"": 85}, {""k"": 1, ""n"": 84}, {""k"": 1, ""n"": 76}]}, {""constant_lens"": false, ""gain"": 0.25, ""lens"": ""pc1"", ""lens_scaling"": ""standardize"", ""min_cluster_size"": 18, ""min_samples"": 5, ""n_class"": 338, ""n_edges"": 4, ""n_intervals"": 5, ""n_vertices"": 5, ""noise_reassigned"": 294, ""placement"": ""quantile"", ""slabs"": [{""k"": 1, ""n"": 76}, {""k"": 1, ""n"": 85}, {""k"": 1, ""n"": 84}, {""k"": 1, ""n"": 85}, {""k"": 1, ""n"": 76}]}, {""constant_lens"": false, ""gain"": 0.25, ""lens"": ""pc1"", ""lens_scaling"": ""standardize"", ""min_cluster_size"": 18, ""min_samples"": 5, ""n_class"": 338, ""n_edges"": 4, ""n_intervals"": 5, ""n_vertices"": 5, ""noise_reassigned"": 311, ""placement"": ""quantile"", ""slabs"": [{""k"": 1, ""n"": 76}, {""k"": 1, ""n"": 85}, {""k"": 1, ""n"": 84}, {""k"": 1, ""n"": 85}, {""k"": 1, ""n"": 76}]}, {""constant_lens"": false, ""gain"": 0.25, ""lens"": ""pc1"", ""lens_scaling"": ""standardize"", ""min_cluster_size"": 18, ""min_samples"": 5, ""n_class"": 338, ""n_edges"": 4, ""n_intervals"": 5, ""n_vertices"": 5, ""noise_reassigned"": 309, ""placement"": ""quantile"", ""slabs"": [{""k"": 1, ""n"": 76}, {""k"": 1, ""n"": 85}, {""k"": 1, ""n"": 84}, {""k"": 1, ""n"": 85}, {""k"": 1, ""n"": 76}]}, {""constant_lens"": false, ""gain"": 0.25, ""lens"": ""pc1"", ""lens_scaling"": ""standardize"", ""min_cluster_size"": 18, ""min_samples"": 5, ""n_class"": 337, ""n_edges"": 4, ""n_intervals"": 5, ""n_vertices"": 5, ""noise_reassigned"": 263, ""placement"": ""quantile"", ""slabs"": [{""k"": 1, ""n"": 76}, {""k"": 1, ""n"": 84}, {""k"": 1, ""n"": 85}, {""k"": 1, ""n"": 84}, {""k"": 1, ""n"": 76}]}, {""constant_lens"": false, ""gain"": 0.25, ""lens"": ""pc1"", ""lens_scaling"": ""standardize"", ""min_cluster_size"": 18, ""min_samples"": 5, ""n_class"": 337, ""n_edges"": 4, ""n_intervals"": 5, ""n_vertices"": 5, ""noise_reassigned"": 311, ""placement"": ""quantile"", ""slabs"": [{""k"": 1, ""n"": 76}, {""k"": 1, ""n"": 84}, {""k"": 1, ""n"": 85}, {""k"": 1, ""n"": 84}, {""k"": 1, ""n"": 76}]}, {""constant_lens"": false, ""gain"": 0.25, ""lens"": ""pc1"", ""lens_scaling"": ""standardize"", ""min_cluster_size"": 18, ""min_samples"": 5, ""n_class"": 338, ""n_edges"": 4, ""n_intervals"": 5, ""n_vertices"": 5, ""noise_reassigned"": 306, ""placement"": ""quantile"", ""slabs"": [{""k"": 1, ""n"": 76}, {""k"": 1, ""n"": 85}, {""k"": 1, ""n"": 84}, {""k"": 1, ""n"": 85}, {""k"": 1, ""n"": 76}]}], ""soundness_bound_holds"": true, ""step_rule"": ""scale_free"", ""topology_retention_nerve_to_frozen"": {""beta0_frozen"": 15, ""beta0_nerve"": 11, ""beta1_frozen"": 0, ""beta1_nerve"": 0}}",True
0.9436363636363636,25,False,0.005050505050505051,0.005,,3.747488000022713,3.747488000022713,0.0,texture,6,,SPINE+Graph,10,25,550,4950,0.9949494949494949,1039474169,False,"{""admission"": {""criterion"": ""risk"", ""removed_risk"": 4, ""removed_support"": 0}, ""betti_final"": [[2, 0], [1, 0], [1, 0], [1, 0], [1, 0], [2, 0], [2, 0], [2, 0], [1, 0], [1, 0], [1, 0]], ""betti_frozen"": [[2, 0], [1, 0], [1, 0], [1, 0], [1, 0], [2, 0], [2, 0], [2, 0], [1, 0], [1, 0], [1, 0]], ""betti_nerve"": [[1, 0], [1, 0], [1, 0], [1, 0], [1, 0], [1, 0], [1, 0], [1, 0], [1, 0], [1, 0], [1, 0]], ""boundary_restriction"": ""both"", ""forced_removals"": 0, ""growth_representation_fallbacks"": 0, ""invariant_held"": true, ""n_segments"": 10, ""n_train_fit"": 3712, ""n_val"": 1238, ""phase0"": [{""constant_lens"": false, ""gain"": 0.25, ""lens"": ""pc1"", ""lens_scaling"": ""standardize"", ""min_cluster_size"": 18, ""min_samples"": 5, ""n_class"": 337, ""n_edges"": 4, ""n_intervals"": 5, ""n_vertices"": 5, ""noise_reassigned"": 311, ""placement"": ""quantile"", ""slabs"": [{""k"": 1, ""n"": 76}, {""k"": 1, ""n"": 84}, {""k"": 1, ""n"": 85}, {""k"": 1, ""n"": 84}, {""k"": 1, ""n"": 76}]}, {""constant_lens"": false, ""gain"": 0.25, ""lens"": ""pc1"", ""lens_scaling"": ""standardize"", ""min_cluster_size"": 18, ""min_samples"": 5, ""n_class"": 337, ""n_edges"": 4, ""n_intervals"": 5, ""n_vertices"": 5, ""noise_reassigned"": 313, ""placement"": ""quantile"", ""slabs"": [{""k"": 1, ""n"": 76}, {""k"": 1, ""n"": 84}, {""k"": 1, ""n"": 85}, {""k"": 1, ""n"": 84}, {""k"": 1, ""n"": 76}]}, {""constant_lens"": false, ""gain"": 0.25, ""lens"": ""pc1"", ""lens_scaling"": ""standardize"", ""min_cluster_size"": 18, ""min_samples"": 5, ""n_class"": 338, ""n_edges"": 4, ""n_intervals"": 5, ""n_vertices"": 5, ""noise_reassigned"": 306, ""placement"": ""quantile"", ""slabs"": [{""k"": 1, ""n"": 76}, {""k"": 1, ""n"": 85}, {""k"": 1, ""n"": 84}, {""k"": 1, ""n"": 85}, {""k"": 1, ""n"": 76}]}, {""constant_lens"": false, ""gain"": 0.25, ""lens"": ""pc1"", ""lens_scaling"": ""standardize"", ""min_cluster_size"": 18, ""min_samples"": 5, ""n_class"": 337, ""n_edges"": 4, ""n_intervals"": 5, ""n_vertices"": 5, ""noise_reassigned"": 272, ""placement"": ""quantile"", ""slabs"": [{""k"": 1, ""n"": 76}, {""k"": 1, ""n"": 84}, {""k"": 1, ""n"": 85}, {""k"": 1, ""n"": 84}, {""k"": 1, ""n"": 76}]}, {""constant_lens"": false, ""gain"": 0.25, ""lens"": ""pc1"", ""lens_scaling"": ""standardize"", ""min_cluster_size"": 18, ""min_samples"": 5, ""n_class"": 337, ""n_edges"": 4, ""n_intervals"": 5, ""n_vertices"": 5, ""noise_reassigned"": 315, ""placement"": ""quantile"", ""slabs"": [{""k"": 1, ""n"": 76}, {""k"": 1, ""n"": 84}, {""k"": 1, ""n"": 85}, {""k"": 1, ""n"": 84}, {""k"": 1, ""n"": 76}]}, {""constant_lens"": false, ""gain"": 0.25, ""lens"": ""pc1"", ""lens_scaling"": ""standardize"", ""min_cluster_size"": 18, ""min_samples"": 5, ""n_class"": 338, ""n_edges"": 4, ""n_intervals"": 5, ""n_vertices"": 5, ""noise_reassigned"": 294, ""placement"": ""quantile"", ""slabs"": [{""k"": 1, ""n"": 76}, {""k"": 1, ""n"": 85}, {""k"": 1, ""n"": 84}, {""k"": 1, ""n"": 85}, {""k"": 1, ""n"": 76}]}, {""constant_lens"": false, ""gain"": 0.25, ""lens"": ""pc1"", ""lens_scaling"": ""standardize"", ""min_cluster_size"": 18, ""min_samples"": 5, ""n_class"": 338, ""n_edges"": 4, ""n_intervals"": 5, ""n_vertices"": 5, ""noise_reassigned"": 311, ""placement"": ""quantile"", ""slabs"": [{""k"": 1, ""n"": 76}, {""k"": 1, ""n"": 85}, {""k"": 1, ""n"": 84}, {""k"": 1, ""n"": 85}, {""k"": 1, ""n"": 76}]}, {""constant_lens"": false, ""gain"": 0.25, ""lens"": ""pc1"", ""lens_scaling"": ""standardize"", ""min_cluster_size"": 18, ""min_samples"": 5, ""n_class"": 338, ""n_edges"": 4, ""n_intervals"": 5, ""n_vertices"": 5, ""noise_reassigned"": 309, ""placement"": ""quantile"", ""slabs"": [{""k"": 1, ""n"": 76}, {""k"": 1, ""n"": 85}, {""k"": 1, ""n"": 84}, {""k"": 1, ""n"": 85}, {""k"": 1, ""n"": 76}]}, {""constant_lens"": false, ""gain"": 0.25, ""lens"": ""pc1"", ""lens_scaling"": ""standardize"", ""min_cluster_size"": 18, ""min_samples"": 5, ""n_class"": 337, ""n_edges"": 4, ""n_intervals"": 5, ""n_vertices"": 5, ""noise_reassigned"": 263, ""placement"": ""quantile"", ""slabs"": [{""k"": 1, ""n"": 76}, {""k"": 1, ""n"": 84}, {""k"": 1, ""n"": 85}, {""k"": 1, ""n"": 84}, {""k"": 1, ""n"": 76}]}, {""constant_lens"": false, ""gain"": 0.25, ""lens"": ""pc1"", ""lens_scaling"": ""standardize"", ""min_cluster_size"": 18, ""min_samples"": 5, ""n_class"": 337, ""n_edges"": 4, ""n_intervals"": 5, ""n_vertices"": 5, ""noise_reassigned"": 311, ""placement"": ""quantile"", ""slabs"": [{""k"": 1, ""n"": 76}, {""k"": 1, ""n"": 84}, {""k"": 1, ""n"": 85}, {""k"": 1, ""n"": 84}, {""k"": 1, ""n"": 76}]}, {""constant_lens"": false, ""gain"": 0.25, ""lens"": ""pc1"", ""lens_scaling"": ""standardize"", ""min_cluster_size"": 18, ""min_samples"": 5, ""n_class"": 338, ""n_edges"": 4, ""n_intervals"": 5, ""n_vertices"": 5, ""noise_reassigned"": 306, ""placement"": ""quantile"", ""slabs"": [{""k"": 1, ""n"": 76}, {""k"": 1, ""n"": 85}, {""k"": 1, ""n"": 84}, {""k"": 1, ""n"": 85}, {""k"": 1, ""n"": 76}]}], ""soundness_bound_holds"": true, ""step_rule"": ""scale_free"", ""topology_retention_nerve_to_frozen"": {""beta0_frozen"": 15, ""beta0_nerve"": 11, ""beta1_frozen"": 0, ""beta1_nerve"": 0}}",True
0.9618181818181818,25,False,0.005050505050505051,0.005,,2.3092670000041835,44.407256999984384,42.0979899999802,texture,6,"{""epsilon"": 0.1, ""window"": 0.2}",LVQ3,10,25,550,4950,0.9949494949494949,1039474169,False,,True
0.84,25,False,0.005050505050505051,0.005,"{""0"": 3, ""1"": 3, ""10"": 2, ""2"": 3, ""3"": 2, ""4"": 2, ""5"": 2, ""6"": 2, ""7"": 2, ""8"": 2, ""9"": 2}",0.559644999972079,0.559644999972079,0.0,texture,6,,KMeans,10,25,550,4950,0.9949494949494949,1039474169,False,,True
0.6690909090909091,25,False,0.005050505050505051,0.005,"{""0"": 3, ""1"": 3, ""10"": 2, ""2"": 3, ""3"": 2, ""4"": 2, ""5"": 2, ""6"": 2, ""7"": 2, ""8"": 2, ""9"": 2}",0.0012529999949038029,0.0012529999949038029,0.0,texture,6,,Random,10,25,550,4950,0.9949494949494949,1039474169,False,,True
0.7345454545454545,25,False,0.005050505050505051,0.005,,1.6590560000040568,1.6590560000040568,0.0,texture,6,,SPOT,10,25,550,4950,0.9949494949494949,1039474169,False,,True
0.9181818181818182,25,False,0.005050505050505051,0.005,,5.554630000027828,5.554630000027828,0.0,texture,6,,GLVQ,10,25,550,4950,0.9949494949494949,1039474169,False,,True
0.8709090909090909,25,False,0.005050505050505051,0.005,,0.6116339999716729,0.6116339999716729,0.0,texture,6,,GNG,10,25,550,4950,0.9949494949494949,1039474169,False,,True
0.98,50,False,0.010101010101010102,0.01,,0.0012169999536126852,0.0012169999536126852,0.0,texture,6,,Full,10,4950,550,4950,0.0,1039474169,True,,False
0.9818181818181818,50,False,0.010101010101010102,0.01,,1.7415259999688715,1.7415259999688715,0.0,texture,6,,RSP3,10,861,550,4950,0.826060606060606,1039474169,True,,False
0.9618181818181818,50,False,0.010101010101010102,0.01,,0.7062760000117123,0.7062760000117123,0.0,texture,6,,RHC,10,272,550,4950,0.945050505050505,1039474169,True,,False
0.94,50,False,0.010101010101010102,0.01,,4.276781999971718,4.276781999971718,0.0,texture,6,,SPINE+1NN,10,50,550,4950,0.98989898989899,1039474169,False,"{""admission"": {""criterion"": ""risk"", ""removed_risk"": 4, ""removed_support"": 0}, ""betti_final"": [[2, 0], [1, 0], [1, 0], [1, 0], [1, 0], [2, 0], [2, 0], [2, 0], [1, 0], [1, 0], [1, 0]], ""betti_frozen"": [[2, 0], [1, 0], [1, 0], [1, 0], [1, 0], [2, 0], [2, 0], [2, 0], [1, 0], [1, 0], [1, 0]], ""betti_nerve"": [[1, 0], [1, 0], [1, 0], [1, 0], [1, 0], [1, 0], [1, 0], [1, 0], [1, 0], [1, 0], [1, 0]], ""boundary_restriction"": ""both"", ""forced_removals"": 0, ""growth_representation_fallbacks"": 2, ""invariant_held"": true, ""n_segments"": 35, ""n_train_fit"": 3712, ""n_val"": 1238, ""phase0"": [{""constant_lens"": false, ""gain"": 0.25, ""lens"": ""pc1"", ""lens_scaling"": ""standardize"", ""min_cluster_size"": 18, ""min_samples"": 5, ""n_class"": 337, ""n_edges"": 4, ""n_intervals"": 5, ""n_vertices"": 5, ""noise_reassigned"": 311, ""placement"": ""quantile"", ""slabs"": [{""k"": 1, ""n"": 76}, {""k"": 1, ""n"": 84}, {""k"": 1, ""n"": 85}, {""k"": 1, ""n"": 84}, {""k"": 1, ""n"": 76}]}, {""constant_lens"": false, ""gain"": 0.25, ""lens"": ""pc1"", ""lens_scaling"": ""standardize"", ""min_cluster_size"": 18, ""min_samples"": 5, ""n_class"": 337, ""n_edges"": 4, ""n_intervals"": 5, ""n_vertices"": 5, ""noise_reassigned"": 313, ""placement"": ""quantile"", ""slabs"": [{""k"": 1, ""n"": 76}, {""k"": 1, ""n"": 84}, {""k"": 1, ""n"": 85}, {""k"": 1, ""n"": 84}, {""k"": 1, ""n"": 76}]}, {""constant_lens"": false, ""gain"": 0.25, ""lens"": ""pc1"", ""lens_scaling"": ""standardize"", ""min_cluster_size"": 18, ""min_samples"": 5, ""n_class"": 338, ""n_edges"": 4, ""n_intervals"": 5, ""n_vertices"": 5, ""noise_reassigned"": 306, ""placement"": ""quantile"", ""slabs"": [{""k"": 1, ""n"": 76}, {""k"": 1, ""n"": 85}, {""k"": 1, ""n"": 84}, {""k"": 1, ""n"": 85}, {""k"": 1, ""n"": 76}]}, {""constant_lens"": false, ""gain"": 0.25, ""lens"": ""pc1"", ""lens_scaling"": ""standardize"", ""min_cluster_size"": 18, ""min_samples"": 5, ""n_class"": 337, ""n_edges"": 4, ""n_intervals"": 5, ""n_vertices"": 5, ""noise_reassigned"": 272, ""placement"": ""quantile"", ""slabs"": [{""k"": 1, ""n"": 76}, {""k"": 1, ""n"": 84}, {""k"": 1, ""n"": 85}, {""k"": 1, ""n"": 84}, {""k"": 1, ""n"": 76}]}, {""constant_lens"": false, ""gain"": 0.25, ""lens"": ""pc1"", ""lens_scaling"": ""standardize"", ""min_cluster_size"": 18, ""min_samples"": 5, ""n_class"": 337, ""n_edges"": 4, ""n_intervals"": 5, ""n_vertices"": 5, ""noise_reassigned"": 315, ""placement"": ""quantile"", ""slabs"": [{""k"": 1, ""n"": 76}, {""k"": 1, ""n"": 84}, {""k"": 1, ""n"": 85}, {""k"": 1, ""n"": 84}, {""k"": 1, ""n"": 76}]}, {""constant_lens"": false, ""gain"": 0.25, ""lens"": ""pc1"", ""lens_scaling"": ""standardize"", ""min_cluster_size"": 18, ""min_samples"": 5, ""n_class"": 338, ""n_edges"": 4, ""n_intervals"": 5, ""n_vertices"": 5, ""noise_reassigned"": 294, ""placement"": ""quantile"", ""slabs"": [{""k"": 1, ""n"": 76}, {""k"": 1, ""n"": 85}, {""k"": 1, ""n"": 84}, {""k"": 1, ""n"": 85}, {""k"": 1, ""n"": 76}]}, {""constant_lens"": false, ""gain"": 0.25, ""lens"": ""pc1"", ""lens_scaling"": ""standardize"", ""min_cluster_size"": 18, ""min_samples"": 5, ""n_class"": 338, ""n_edges"": 4, ""n_intervals"": 5, ""n_vertices"": 5, ""noise_reassigned"": 311, ""placement"": ""quantile"", ""slabs"": [{""k"": 1, ""n"": 76}, {""k"": 1, ""n"": 85}, {""k"": 1, ""n"": 84}, {""k"": 1, ""n"": 85}, {""k"": 1, ""n"": 76}]}, {""constant_lens"": false, ""gain"": 0.25, ""lens"": ""pc1"", ""lens_scaling"": ""standardize"", ""min_cluster_size"": 18, ""min_samples"": 5, ""n_class"": 338, ""n_edges"": 4, ""n_intervals"": 5, ""n_vertices"": 5, ""noise_reassigned"": 309, ""placement"": ""quantile"", ""slabs"": [{""k"": 1, ""n"": 76}, {""k"": 1, ""n"": 85}, {""k"": 1, ""n"": 84}, {""k"": 1, ""n"": 85}, {""k"": 1, ""n"": 76}]}, {""constant_lens"": false, ""gain"": 0.25, ""lens"": ""pc1"", ""lens_scaling"": ""standardize"", ""min_cluster_size"": 18, ""min_samples"": 5, ""n_class"": 337, ""n_edges"": 4, ""n_intervals"": 5, ""n_vertices"": 5, ""noise_reassigned"": 263, ""placement"": ""quantile"", ""slabs"": [{""k"": 1, ""n"": 76}, {""k"": 1, ""n"": 84}, {""k"": 1, ""n"": 85}, {""k"": 1, ""n"": 84}, {""k"": 1, ""n"": 76}]}, {""constant_lens"": false, ""gain"": 0.25, ""lens"": ""pc1"", ""lens_scaling"": ""standardize"", ""min_cluster_size"": 18, ""min_samples"": 5, ""n_class"": 337, ""n_edges"": 4, ""n_intervals"": 5, ""n_vertices"": 5, ""noise_reassigned"": 311, ""placement"": ""quantile"", ""slabs"": [{""k"": 1, ""n"": 76}, {""k"": 1, ""n"": 84}, {""k"": 1, ""n"": 85}, {""k"": 1, ""n"": 84}, {""k"": 1, ""n"": 76}]}, {""constant_lens"": false, ""gain"": 0.25, ""lens"": ""pc1"", ""lens_scaling"": ""standardize"", ""min_cluster_size"": 18, ""min_samples"": 5, ""n_class"": 338, ""n_edges"": 4, ""n_intervals"": 5, ""n_vertices"": 5, ""noise_reassigned"": 306, ""placement"": ""quantile"", ""slabs"": [{""k"": 1, ""n"": 76}, {""k"": 1, ""n"": 85}, {""k"": 1, ""n"": 84}, {""k"": 1, ""n"": 85}, {""k"": 1, ""n"": 76}]}], ""soundness_bound_holds"": true, ""step_rule"": ""scale_free"", ""topology_retention_nerve_to_frozen"": {""beta0_frozen"": 15, ""beta0_nerve"": 11, ""beta1_frozen"": 0, ""beta1_nerve"": 0}}",True
0.9545454545454546,50,False,0.010101010101010102,0.01,,4.276781999971718,4.276781999971718,0.0,texture,6,,SPINE+Graph,10,50,550,4950,0.98989898989899,1039474169,False,"{""admission"": {""criterion"": ""risk"", ""removed_risk"": 4, ""removed_support"": 0}, ""betti_final"": [[2, 0], [1, 0], [1, 0], [1, 0], [1, 0], [2, 0], [2, 0], [2, 0], [1, 0], [1, 0], [1, 0]], ""betti_frozen"": [[2, 0], [1, 0], [1, 0], [1, 0], [1, 0], [2, 0], [2, 0], [2, 0], [1, 0], [1, 0], [1, 0]], ""betti_nerve"": [[1, 0], [1, 0], [1, 0], [1, 0], [1, 0], [1, 0], [1, 0], [1, 0], [1, 0], [1, 0], [1, 0]], ""boundary_restriction"": ""both"", ""forced_removals"": 0, ""growth_representation_fallbacks"": 2, ""invariant_held"": true, ""n_segments"": 35, ""n_train_fit"": 3712, ""n_val"": 1238, ""phase0"": [{""constant_lens"": false, ""gain"": 0.25, ""lens"": ""pc1"", ""lens_scaling"": ""standardize"", ""min_cluster_size"": 18, ""min_samples"": 5, ""n_class"": 337, ""n_edges"": 4, ""n_intervals"": 5, ""n_vertices"": 5, ""noise_reassigned"": 311, ""placement"": ""quantile"", ""slabs"": [{""k"": 1, ""n"": 76}, {""k"": 1, ""n"": 84}, {""k"": 1, ""n"": 85}, {""k"": 1, ""n"": 84}, {""k"": 1, ""n"": 76}]}, {""constant_lens"": false, ""gain"": 0.25, ""lens"": ""pc1"", ""lens_scaling"": ""standardize"", ""min_cluster_size"": 18, ""min_samples"": 5, ""n_class"": 337, ""n_edges"": 4, ""n_intervals"": 5, ""n_vertices"": 5, ""noise_reassigned"": 313, ""placement"": ""quantile"", ""slabs"": [{""k"": 1, ""n"": 76}, {""k"": 1, ""n"": 84}, {""k"": 1, ""n"": 85}, {""k"": 1, ""n"": 84}, {""k"": 1, ""n"": 76}]}, {""constant_lens"": false, ""gain"": 0.25, ""lens"": ""pc1"", ""lens_scaling"": ""standardize"", ""min_cluster_size"": 18, ""min_samples"": 5, ""n_class"": 338, ""n_edges"": 4, ""n_intervals"": 5, ""n_vertices"": 5, ""noise_reassigned"": 306, ""placement"": ""quantile"", ""slabs"": [{""k"": 1, ""n"": 76}, {""k"": 1, ""n"": 85}, {""k"": 1, ""n"": 84}, {""k"": 1, ""n"": 85}, {""k"": 1, ""n"": 76}]}, {""constant_lens"": false, ""gain"": 0.25, ""lens"": ""pc1"", ""lens_scaling"": ""standardize"", ""min_cluster_size"": 18, ""min_samples"": 5, ""n_class"": 337, ""n_edges"": 4, ""n_intervals"": 5, ""n_vertices"": 5, ""noise_reassigned"": 272, ""placement"": ""quantile"", ""slabs"": [{""k"": 1, ""n"": 76}, {""k"": 1, ""n"": 84}, {""k"": 1, ""n"": 85}, {""k"": 1, ""n"": 84}, {""k"": 1, ""n"": 76}]}, {""constant_lens"": false, ""gain"": 0.25, ""lens"": ""pc1"", ""lens_scaling"": ""standardize"", ""min_cluster_size"": 18, ""min_samples"": 5, ""n_class"": 337, ""n_edges"": 4, ""n_intervals"": 5, ""n_vertices"": 5, ""noise_reassigned"": 315, ""placement"": ""quantile"", ""slabs"": [{""k"": 1, ""n"": 76}, {""k"": 1, ""n"": 84}, {""k"": 1, ""n"": 85}, {""k"": 1, ""n"": 84}, {""k"": 1, ""n"": 76}]}, {""constant_lens"": false, ""gain"": 0.25, ""lens"": ""pc1"", ""lens_scaling"": ""standardize"", ""min_cluster_size"": 18, ""min_samples"": 5, ""n_class"": 338, ""n_edges"": 4, ""n_intervals"": 5, ""n_vertices"": 5, ""noise_reassigned"": 294, ""placement"": ""quantile"", ""slabs"": [{""k"": 1, ""n"": 76}, {""k"": 1, ""n"": 85}, {""k"": 1, ""n"": 84}, {""k"": 1, ""n"": 85}, {""k"": 1, ""n"": 76}]}, {""constant_lens"": false, ""gain"": 0.25, ""lens"": ""pc1"", ""lens_scaling"": ""standardize"", ""min_cluster_size"": 18, ""min_samples"": 5, ""n_class"": 338, ""n_edges"": 4, ""n_intervals"": 5, ""n_vertices"": 5, ""noise_reassigned"": 311, ""placement"": ""quantile"", ""slabs"": [{""k"": 1, ""n"": 76}, {""k"": 1, ""n"": 85}, {""k"": 1, ""n"": 84}, {""k"": 1, ""n"": 85}, {""k"": 1, ""n"": 76}]}, {""constant_lens"": false, ""gain"": 0.25, ""lens"": ""pc1"", ""lens_scaling"": ""standardize"", ""min_cluster_size"": 18, ""min_samples"": 5, ""n_class"": 338, ""n_edges"": 4, ""n_intervals"": 5, ""n_vertices"": 5, ""noise_reassigned"": 309, ""placement"": ""quantile"", ""slabs"": [{""k"": 1, ""n"": 76}, {""k"": 1, ""n"": 85}, {""k"": 1, ""n"": 84}, {""k"": 1, ""n"": 85}, {""k"": 1, ""n"": 76}]}, {""constant_lens"": false, ""gain"": 0.25, ""lens"": ""pc1"", ""lens_scaling"": ""standardize"", ""min_cluster_size"": 18, ""min_samples"": 5, ""n_class"": 337, ""n_edges"": 4, ""n_intervals"": 5, ""n_vertices"": 5, ""noise_reassigned"": 263, ""placement"": ""quantile"", ""slabs"": [{""k"": 1, ""n"": 76}, {""k"": 1, ""n"": 84}, {""k"": 1, ""n"": 85}, {""k"": 1, ""n"": 84}, {""k"": 1, ""n"": 76}]}, {""constant_lens"": false, ""gain"": 0.25, ""lens"": ""pc1"", ""lens_scaling"": ""standardize"", ""min_cluster_size"": 18, ""min_samples"": 5, ""n_class"": 337, ""n_edges"": 4, ""n_intervals"": 5, ""n_vertices"": 5, ""noise_reassigned"": 311, ""placement"": ""quantile"", ""slabs"": [{""k"": 1, ""n"": 76}, {""k"": 1, ""n"": 84}, {""k"": 1, ""n"": 85}, {""k"": 1, ""n"": 84}, {""k"": 1, ""n"": 76}]}, {""constant_lens"": false, ""gain"": 0.25, ""lens"": ""pc1"", ""lens_scaling"": ""standardize"", ""min_cluster_size"": 18, ""min_samples"": 5, ""n_class"": 338, ""n_edges"": 4, ""n_intervals"": 5, ""n_vertices"": 5, ""noise_reassigned"": 306, ""placement"": ""quantile"", ""slabs"": [{""k"": 1, ""n"": 76}, {""k"": 1, ""n"": 85}, {""k"": 1, ""n"": 84}, {""k"": 1, ""n"": 85}, {""k"": 1, ""n"": 76}]}], ""soundness_bound_holds"": true, ""step_rule"": ""scale_free"", ""topology_retention_nerve_to_frozen"": {""beta0_frozen"": 15, ""beta0_nerve"": 11, ""beta1_frozen"": 0, ""beta1_nerve"": 0}}",True
0.9690909090909091,50,False,0.010101010101010102,0.01,,2.5208049999782816,48.1988409999758,45.67803599999752,texture,6,"{""epsilon"": 0.1, ""window"": 0.2}",LVQ3,10,50,550,4950,0.98989898989899,1039474169,False,,True
0.9163636363636364,50,False,0.010101010101010102,0.01,"{""0"": 5, ""1"": 5, ""10"": 4, ""2"": 5, ""3"": 5, ""4"": 5, ""5"": 5, ""6"": 4, ""7"": 4, ""8"": 4, ""9"": 4}",0.9312079999945126,0.9312079999945126,0.0,texture,6,,KMeans,10,50,550,4950,0.98989898989899,1039474169,False,,True
0.7890909090909091,50,False,0.010101010101010102,0.01,"{""0"": 5, ""1"": 5, ""10"": 4, ""2"": 5, ""3"": 5, ""4"": 5, ""5"": 5, ""6"": 4, ""7"": 4, ""8"": 4, ""9"": 4}",0.0012940000160597265,0.0012940000160597265,0.0,texture,6,,Random,10,50,550,4950,0.98989898989899,1039474169,False,,True
0.8454545454545455,50,False,0.010101010101010102,0.01,,1.6638960000127554,1.6638960000127554,0.0,texture,6,,SPOT,10,50,550,4950,0.98989898989899,1039474169,False,,True
0.9327272727272727,50,False,0.010101010101010102,0.01,,8.172896000032779,8.172896000032779,0.0,texture,6,,GLVQ,10,50,550,4950,0.98989898989899,1039474169,False,,True
0.9254545454545454,50,False,0.010101010101010102,0.01,,1.0505370000028051,1.0505370000028051,0.0,texture,6,,GNG,10,50,550,4950,0.98989898989899,1039474169,False,,True
0.98,99,False,0.02,0.02,,0.0012169999536126852,0.0012169999536126852,0.0,texture,6,,Full,10,4950,550,4950,0.0,1039474169,True,,False
0.9818181818181818,99,False,0.02,0.02,,1.7415259999688715,1.7415259999688715,0.0,texture,6,,RSP3,10,861,550,4950,0.826060606060606,1039474169,True,,False
0.9618181818181818,99,False,0.02,0.02,,0.7062760000117123,0.7062760000117123,0.0,texture,6,,RHC,10,272,550,4950,0.945050505050505,1039474169,True,,False
0.9490909090909091,99,False,0.02,0.02,,4.81870699999854,4.81870699999854,0.0,texture,6,,SPINE+1NN,10,99,550,4950,0.98,1039474169,False,"{""admission"": {""criterion"": ""risk"", ""removed_risk"": 4, ""removed_support"": 0}, ""betti_final"": [[2, 0], [1, 0], [1, 0], [1, 0], [1, 0], [2, 0], [2, 0], [2, 0], [1, 0], [1, 0], [1, 0]], ""betti_frozen"": [[2, 0], [1, 0], [1, 0], [1, 0], [1, 0], [2, 0], [2, 0], [2, 0], [1, 0], [1, 0], [1, 0]], ""betti_nerve"": [[1, 0], [1, 0], [1, 0], [1, 0], [1, 0], [1, 0], [1, 0], [1, 0], [1, 0], [1, 0], [1, 0]], ""boundary_restriction"": ""both"", ""forced_removals"": 0, ""growth_representation_fallbacks"": 21, ""invariant_held"": true, ""n_segments"": 84, ""n_train_fit"": 3712, ""n_val"": 1238, ""phase0"": [{""constant_lens"": false, ""gain"": 0.25, ""lens"": ""pc1"", ""lens_scaling"": ""standardize"", ""min_cluster_size"": 18, ""min_samples"": 5, ""n_class"": 337, ""n_edges"": 4, ""n_intervals"": 5, ""n_vertices"": 5, ""noise_reassigned"": 311, ""placement"": ""quantile"", ""slabs"": [{""k"": 1, ""n"": 76}, {""k"": 1, ""n"": 84}, {""k"": 1, ""n"": 85}, {""k"": 1, ""n"": 84}, {""k"": 1, ""n"": 76}]}, {""constant_lens"": false, ""gain"": 0.25, ""lens"": ""pc1"", ""lens_scaling"": ""standardize"", ""min_cluster_size"": 18, ""min_samples"": 5, ""n_class"": 337, ""n_edges"": 4, ""n_intervals"": 5, ""n_vertices"": 5, ""noise_reassigned"": 313, ""placement"": ""quantile"", ""slabs"": [{""k"": 1, ""n"": 76}, {""k"": 1, ""n"": 84}, {""k"": 1, ""n"": 85}, {""k"": 1, ""n"": 84}, {""k"": 1, ""n"": 76}]}, {""constant_lens"": false, ""gain"": 0.25, ""lens"": ""pc1"", ""lens_scaling"": ""standardize"", ""min_cluster_size"": 18, ""min_samples"": 5, ""n_class"": 338, ""n_edges"": 4, ""n_intervals"": 5, ""n_vertices"": 5, ""noise_reassigned"": 306, ""placement"": ""quantile"", ""slabs"": [{""k"": 1, ""n"": 76}, {""k"": 1, ""n"": 85}, {""k"": 1, ""n"": 84}, {""k"": 1, ""n"": 85}, {""k"": 1, ""n"": 76}]}, {""constant_lens"": false, ""gain"": 0.25, ""lens"": ""pc1"", ""lens_scaling"": ""standardize"", ""min_cluster_size"": 18, ""min_samples"": 5, ""n_class"": 337, ""n_edges"": 4, ""n_intervals"": 5, ""n_vertices"": 5, ""noise_reassigned"": 272, ""placement"": ""quantile"", ""slabs"": [{""k"": 1, ""n"": 76}, {""k"": 1, ""n"": 84}, {""k"": 1, ""n"": 85}, {""k"": 1, ""n"": 84}, {""k"": 1, ""n"": 76}]}, {""constant_lens"": false, ""gain"": 0.25, ""lens"": ""pc1"", ""lens_scaling"": ""standardize"", ""min_cluster_size"": 18, ""min_samples"": 5, ""n_class"": 337, ""n_edges"": 4, ""n_intervals"": 5, ""n_vertices"": 5, ""noise_reassigned"": 315, ""placement"": ""quantile"", ""slabs"": [{""k"": 1, ""n"": 76}, {""k"": 1, ""n"": 84}, {""k"": 1, ""n"": 85}, {""k"": 1, ""n"": 84}, {""k"": 1, ""n"": 76}]}, {""constant_lens"": false, ""gain"": 0.25, ""lens"": ""pc1"", ""lens_scaling"": ""standardize"", ""min_cluster_size"": 18, ""min_samples"": 5, ""n_class"": 338, ""n_edges"": 4, ""n_intervals"": 5, ""n_vertices"": 5, ""noise_reassigned"": 294, ""placement"": ""quantile"", ""slabs"": [{""k"": 1, ""n"": 76}, {""k"": 1, ""n"": 85}, {""k"": 1, ""n"": 84}, {""k"": 1, ""n"": 85}, {""k"": 1, ""n"": 76}]}, {""constant_lens"": false, ""gain"": 0.25, ""lens"": ""pc1"", ""lens_scaling"": ""standardize"", ""min_cluster_size"": 18, ""min_samples"": 5, ""n_class"": 338, ""n_edges"": 4, ""n_intervals"": 5, ""n_vertices"": 5, ""noise_reassigned"": 311, ""placement"": ""quantile"", ""slabs"": [{""k"": 1, ""n"": 76}, {""k"": 1, ""n"": 85}, {""k"": 1, ""n"": 84}, {""k"": 1, ""n"": 85}, {""k"": 1, ""n"": 76}]}, {""constant_lens"": false, ""gain"": 0.25, ""lens"": ""pc1"", ""lens_scaling"": ""standardize"", ""min_cluster_size"": 18, ""min_samples"": 5, ""n_class"": 338, ""n_edges"": 4, ""n_intervals"": 5, ""n_vertices"": 5, ""noise_reassigned"": 309, ""placement"": ""quantile"", ""slabs"": [{""k"": 1, ""n"": 76}, {""k"": 1, ""n"": 85}, {""k"": 1, ""n"": 84}, {""k"": 1, ""n"": 85}, {""k"": 1, ""n"": 76}]}, {""constant_lens"": false, ""gain"": 0.25, ""lens"": ""pc1"", ""lens_scaling"": ""standardize"", ""min_cluster_size"": 18, ""min_samples"": 5, ""n_class"": 337, ""n_edges"": 4, ""n_intervals"": 5, ""n_vertices"": 5, ""noise_reassigned"": 263, ""placement"": ""quantile"", ""slabs"": [{""k"": 1, ""n"": 76}, {""k"": 1, ""n"": 84}, {""k"": 1, ""n"": 85}, {""k"": 1, ""n"": 84}, {""k"": 1, ""n"": 76}]}, {""constant_lens"": false, ""gain"": 0.25, ""lens"": ""pc1"", ""lens_scaling"": ""standardize"", ""min_cluster_size"": 18, ""min_samples"": 5, ""n_class"": 337, ""n_edges"": 4, ""n_intervals"": 5, ""n_vertices"": 5, ""noise_reassigned"": 311, ""placement"": ""quantile"", ""slabs"": [{""k"": 1, ""n"": 76}, {""k"": 1, ""n"": 84}, {""k"": 1, ""n"": 85}, {""k"": 1, ""n"": 84}, {""k"": 1, ""n"": 76}]}, {""constant_lens"": false, ""gain"": 0.25, ""lens"": ""pc1"", ""lens_scaling"": ""standardize"", ""min_cluster_size"": 18, ""min_samples"": 5, ""n_class"": 338, ""n_edges"": 4, ""n_intervals"": 5, ""n_vertices"": 5, ""noise_reassigned"": 306, ""placement"": ""quantile"", ""slabs"": [{""k"": 1, ""n"": 76}, {""k"": 1, ""n"": 85}, {""k"": 1, ""n"": 84}, {""k"": 1, ""n"": 85}, {""k"": 1, ""n"": 76}]}], ""soundness_bound_holds"": true, ""step_rule"": ""scale_free"", ""topology_retention_nerve_to_frozen"": {""beta0_frozen"": 15, ""beta0_nerve"": 11, ""beta1_frozen"": 0, ""beta1_nerve"": 0}}",True
0.9636363636363636,99,False,0.02,0.02,,4.81870699999854,4.81870699999854,0.0,texture,6,,SPINE+Graph,10,99,550,4950,0.98,1039474169,False,"{""admission"": {""criterion"": ""risk"", ""removed_risk"": 4, ""removed_support"": 0}, ""betti_final"": [[2, 0], [1, 0], [1, 0], [1, 0], [1, 0], [2, 0], [2, 0], [2, 0], [1, 0], [1, 0], [1, 0]], ""betti_frozen"": [[2, 0], [1, 0], [1, 0], [1, 0], [1, 0], [2, 0], [2, 0], [2, 0], [1, 0], [1, 0], [1, 0]], ""betti_nerve"": [[1, 0], [1, 0], [1, 0], [1, 0], [1, 0], [1, 0], [1, 0], [1, 0], [1, 0], [1, 0], [1, 0]], ""boundary_restriction"": ""both"", ""forced_removals"": 0, ""growth_representation_fallbacks"": 21, ""invariant_held"": true, ""n_segments"": 84, ""n_train_fit"": 3712, ""n_val"": 1238, ""phase0"": [{""constant_lens"": false, ""gain"": 0.25, ""lens"": ""pc1"", ""lens_scaling"": ""standardize"", ""min_cluster_size"": 18, ""min_samples"": 5, ""n_class"": 337, ""n_edges"": 4, ""n_intervals"": 5, ""n_vertices"": 5, ""noise_reassigned"": 311, ""placement"": ""quantile"", ""slabs"": [{""k"": 1, ""n"": 76}, {""k"": 1, ""n"": 84}, {""k"": 1, ""n"": 85}, {""k"": 1, ""n"": 84}, {""k"": 1, ""n"": 76}]}, {""constant_lens"": false, ""gain"": 0.25, ""lens"": ""pc1"", ""lens_scaling"": ""standardize"", ""min_cluster_size"": 18, ""min_samples"": 5, ""n_class"": 337, ""n_edges"": 4, ""n_intervals"": 5, ""n_vertices"": 5, ""noise_reassigned"": 313, ""placement"": ""quantile"", ""slabs"": [{""k"": 1, ""n"": 76}, {""k"": 1, ""n"": 84}, {""k"": 1, ""n"": 85}, {""k"": 1, ""n"": 84}, {""k"": 1, ""n"": 76}]}, {""constant_lens"": false, ""gain"": 0.25, ""lens"": ""pc1"", ""lens_scaling"": ""standardize"", ""min_cluster_size"": 18, ""min_samples"": 5, ""n_class"": 338, ""n_edges"": 4, ""n_intervals"": 5, ""n_vertices"": 5, ""noise_reassigned"": 306, ""placement"": ""quantile"", ""slabs"": [{""k"": 1, ""n"": 76}, {""k"": 1, ""n"": 85}, {""k"": 1, ""n"": 84}, {""k"": 1, ""n"": 85}, {""k"": 1, ""n"": 76}]}, {""constant_lens"": false, ""gain"": 0.25, ""lens"": ""pc1"", ""lens_scaling"": ""standardize"", ""min_cluster_size"": 18, ""min_samples"": 5, ""n_class"": 337, ""n_edges"": 4, ""n_intervals"": 5, ""n_vertices"": 5, ""noise_reassigned"": 272, ""placement"": ""quantile"", ""slabs"": [{""k"": 1, ""n"": 76}, {""k"": 1, ""n"": 84}, {""k"": 1, ""n"": 85}, {""k"": 1, ""n"": 84}, {""k"": 1, ""n"": 76}]}, {""constant_lens"": false, ""gain"": 0.25, ""lens"": ""pc1"", ""lens_scaling"": ""standardize"", ""min_cluster_size"": 18, ""min_samples"": 5, ""n_class"": 337, ""n_edges"": 4, ""n_intervals"": 5, ""n_vertices"": 5, ""noise_reassigned"": 315, ""placement"": ""quantile"", ""slabs"": [{""k"": 1, ""n"": 76}, {""k"": 1, ""n"": 84}, {""k"": 1, ""n"": 85}, {""k"": 1, ""n"": 84}, {""k"": 1, ""n"": 76}]}, {""constant_lens"": false, ""gain"": 0.25, ""lens"": ""pc1"", ""lens_scaling"": ""standardize"", ""min_cluster_size"": 18, ""min_samples"": 5, ""n_class"": 338, ""n_edges"": 4, ""n_intervals"": 5, ""n_vertices"": 5, ""noise_reassigned"": 294, ""placement"": ""quantile"", ""slabs"": [{""k"": 1, ""n"": 76}, {""k"": 1, ""n"": 85}, {""k"": 1, ""n"": 84}, {""k"": 1, ""n"": 85}, {""k"": 1, ""n"": 76}]}, {""constant_lens"": false, ""gain"": 0.25, ""lens"": ""pc1"", ""lens_scaling"": ""standardize"", ""min_cluster_size"": 18, ""min_samples"": 5, ""n_class"": 338, ""n_edges"": 4, ""n_intervals"": 5, ""n_vertices"": 5, ""noise_reassigned"": 311, ""placement"": ""quantile"", ""slabs"": [{""k"": 1, ""n"": 76}, {""k"": 1, ""n"": 85}, {""k"": 1, ""n"": 84}, {""k"": 1, ""n"": 85}, {""k"": 1, ""n"": 76}]}, {""constant_lens"": false, ""gain"": 0.25, ""lens"": ""pc1"", ""lens_scaling"": ""standardize"", ""min_cluster_size"": 18, ""min_samples"": 5, ""n_class"": 338, ""n_edges"": 4, ""n_intervals"": 5, ""n_vertices"": 5, ""noise_reassigned"": 309, ""placement"": ""quantile"", ""slabs"": [{""k"": 1, ""n"": 76}, {""k"": 1, ""n"": 85}, {""k"": 1, ""n"": 84}, {""k"": 1, ""n"": 85}, {""k"": 1, ""n"": 76}]}, {""constant_lens"": false, ""gain"": 0.25, ""lens"": ""pc1"", ""lens_scaling"": ""standardize"", ""min_cluster_size"": 18, ""min_samples"": 5, ""n_class"": 337, ""n_edges"": 4, ""n_intervals"": 5, ""n_vertices"": 5, ""noise_reassigned"": 263, ""placement"": ""quantile"", ""slabs"": [{""k"": 1, ""n"": 76}, {""k"": 1, ""n"": 84}, {""k"": 1, ""n"": 85}, {""k"": 1, ""n"": 84}, {""k"": 1, ""n"": 76}]}, {""constant_lens"": false, ""gain"": 0.25, ""lens"": ""pc1"", ""lens_scaling"": ""standardize"", ""min_cluster_size"": 18, ""min_samples"": 5, ""n_class"": 337, ""n_edges"": 4, ""n_intervals"": 5, ""n_vertices"": 5, ""noise_reassigned"": 311, ""placement"": ""quantile"", ""slabs"": [{""k"": 1, ""n"": 76}, {""k"": 1, ""n"": 84}, {""k"": 1, ""n"": 85}, {""k"": 1, ""n"": 84}, {""k"": 1, ""n"": 76}]}, {""constant_lens"": false, ""gain"": 0.25, ""lens"": ""pc1"", ""lens_scaling"": ""standardize"", ""min_cluster_size"": 18, ""min_samples"": 5, ""n_class"": 338, ""n_edges"": 4, ""n_intervals"": 5, ""n_vertices"": 5, ""noise_reassigned"": 306, ""placement"": ""quantile"", ""slabs"": [{""k"": 1, ""n"": 76}, {""k"": 1, ""n"": 85}, {""k"": 1, ""n"": 84}, {""k"": 1, ""n"": 85}, {""k"": 1, ""n"": 76}]}], ""soundness_bound_holds"": true, ""step_rule"": ""scale_free"", ""topology_retention_nerve_to_frozen"": {""beta0_frozen"": 15, ""beta0_nerve"": 11, ""beta1_frozen"": 0, ""beta1_nerve"": 0}}",True
0.9763636363636363,99,False,0.02,0.02,,3.222952999989502,59.26194799999939,56.03899500000989,texture,6,"{""epsilon"": 0.1, ""window"": 0.3}",LVQ3,10,99,550,4950,0.98,1039474169,False,,True
0.9636363636363636,99,False,0.02,0.02,"{""0"": 9, ""1"": 9, ""10"": 9, ""2"": 9, ""3"": 9, ""4"": 9, ""5"": 9, ""6"": 9, ""7"": 9, ""8"": 9, ""9"": 9}",0.943336000025738,0.943336000025738,0.0,texture,6,,KMeans,10,99,550,4950,0.98,1039474169,False,,True
0.8654545454545455,99,False,0.02,0.02,"{""0"": 9, ""1"": 9, ""10"": 9, ""2"": 9, ""3"": 9, ""4"": 9, ""5"": 9, ""6"": 9, ""7"": 9, ""8"": 9, ""9"": 9}",0.001554999966174364,0.001554999966174364,0.0,texture,6,,Random,10,99,550,4950,0.98,1039474169,False,,True
0.9181818181818182,99,False,0.02,0.02,,1.7840040000155568,1.7840040000155568,0.0,texture,6,,SPOT,10,99,550,4950,0.98,1039474169,False,,True
0.9272727272727272,99,False,0.02,0.02,,13.2950290000299,13.2950290000299,0.0,texture,6,,GLVQ,10,99,550,4950,0.98,1039474169,False,,True
0.9636363636363636,99,False,0.02,0.02,,1.394001999986358,1.394001999986358,0.0,texture,6,,GNG,10,99,550,4950,0.98,1039474169,False,,True
0.98,248,False,0.050101010101010104,0.05,,0.0012169999536126852,0.0012169999536126852,0.0,texture,6,,Full,10,4950,550,4950,0.0,1039474169,True,,False
0.9818181818181818,248,False,0.050101010101010104,0.05,,1.7415259999688715,1.7415259999688715,0.0,texture,6,,RSP3,10,861,550,4950,0.826060606060606,1039474169,True,,False
0.9618181818181818,248,False,0.050101010101010104,0.05,,0.7062760000117123,0.7062760000117123,0.0,texture,6,,RHC,10,272,550,4950,0.945050505050505,1039474169,True,,False
0.9709090909090909,248,False,0.050101010101010104,0.05,,5.609461999963969,5.609461999963969,0.0,texture,6,,SPINE+1NN,10,248,550,4950,0.9498989898989899,1039474169,False,"{""admission"": {""criterion"": ""risk"", ""removed_risk"": 4, ""removed_support"": 0}, ""betti_final"": [[2, 0], [1, 0], [1, 0], [1, 0], [1, 0], [2, 0], [2, 0], [2, 0], [1, 0], [1, 0], [1, 0]], ""betti_frozen"": [[2, 0], [1, 0], [1, 0], [1, 0], [1, 0], [2, 0], [2, 0], [2, 0], [1, 0], [1, 0], [1, 0]], ""betti_nerve"": [[1, 0], [1, 0], [1, 0], [1, 0], [1, 0], [1, 0], [1, 0], [1, 0], [1, 0], [1, 0], [1, 0]], ""boundary_restriction"": ""both"", ""forced_removals"": 0, ""growth_representation_fallbacks"": 122, ""invariant_held"": true, ""n_segments"": 233, ""n_train_fit"": 3712, ""n_val"": 1238, ""phase0"": [{""constant_lens"": false, ""gain"": 0.25, ""lens"": ""pc1"", ""lens_scaling"": ""standardize"", ""min_cluster_size"": 18, ""min_samples"": 5, ""n_class"": 337, ""n_edges"": 4, ""n_intervals"": 5, ""n_vertices"": 5, ""noise_reassigned"": 311, ""placement"": ""quantile"", ""slabs"": [{""k"": 1, ""n"": 76}, {""k"": 1, ""n"": 84}, {""k"": 1, ""n"": 85}, {""k"": 1, ""n"": 84}, {""k"": 1, ""n"": 76}]}, {""constant_lens"": false, ""gain"": 0.25, ""lens"": ""pc1"", ""lens_scaling"": ""standardize"", ""min_cluster_size"": 18, ""min_samples"": 5, ""n_class"": 337, ""n_edges"": 4, ""n_intervals"": 5, ""n_vertices"": 5, ""noise_reassigned"": 313, ""placement"": ""quantile"", ""slabs"": [{""k"": 1, ""n"": 76}, {""k"": 1, ""n"": 84}, {""k"": 1, ""n"": 85}, {""k"": 1, ""n"": 84}, {""k"": 1, ""n"": 76}]}, {""constant_lens"": false, ""gain"": 0.25, ""lens"": ""pc1"", ""lens_scaling"": ""standardize"", ""min_cluster_size"": 18, ""min_samples"": 5, ""n_class"": 338, ""n_edges"": 4, ""n_intervals"": 5, ""n_vertices"": 5, ""noise_reassigned"": 306, ""placement"": ""quantile"", ""slabs"": [{""k"": 1, ""n"": 76}, {""k"": 1, ""n"": 85}, {""k"": 1, ""n"": 84}, {""k"": 1, ""n"": 85}, {""k"": 1, ""n"": 76}]}, {""constant_lens"": false, ""gain"": 0.25, ""lens"": ""pc1"", ""lens_scaling"": ""standardize"", ""min_cluster_size"": 18, ""min_samples"": 5, ""n_class"": 337, ""n_edges"": 4, ""n_intervals"": 5, ""n_vertices"": 5, ""noise_reassigned"": 272, ""placement"": ""quantile"", ""slabs"": [{""k"": 1, ""n"": 76}, {""k"": 1, ""n"": 84}, {""k"": 1, ""n"": 85}, {""k"": 1, ""n"": 84}, {""k"": 1, ""n"": 76}]}, {""constant_lens"": false, ""gain"": 0.25, ""lens"": ""pc1"", ""lens_scaling"": ""standardize"", ""min_cluster_size"": 18, ""min_samples"": 5, ""n_class"": 337, ""n_edges"": 4, ""n_intervals"": 5, ""n_vertices"": 5, ""noise_reassigned"": 315, ""placement"": ""quantile"", ""slabs"": [{""k"": 1, ""n"": 76}, {""k"": 1, ""n"": 84}, {""k"": 1, ""n"": 85}, {""k"": 1, ""n"": 84}, {""k"": 1, ""n"": 76}]}, {""constant_lens"": false, ""gain"": 0.25, ""lens"": ""pc1"", ""lens_scaling"": ""standardize"", ""min_cluster_size"": 18, ""min_samples"": 5, ""n_class"": 338, ""n_edges"": 4, ""n_intervals"": 5, ""n_vertices"": 5, ""noise_reassigned"": 294, ""placement"": ""quantile"", ""slabs"": [{""k"": 1, ""n"": 76}, {""k"": 1, ""n"": 85}, {""k"": 1, ""n"": 84}, {""k"": 1, ""n"": 85}, {""k"": 1, ""n"": 76}]}, {""constant_lens"": false, ""gain"": 0.25, ""lens"": ""pc1"", ""lens_scaling"": ""standardize"", ""min_cluster_size"": 18, ""min_samples"": 5, ""n_class"": 338, ""n_edges"": 4, ""n_intervals"": 5, ""n_vertices"": 5, ""noise_reassigned"": 311, ""placement"": ""quantile"", ""slabs"": [{""k"": 1, ""n"": 76}, {""k"": 1, ""n"": 85}, {""k"": 1, ""n"": 84}, {""k"": 1, ""n"": 85}, {""k"": 1, ""n"": 76}]}, {""constant_lens"": false, ""gain"": 0.25, ""lens"": ""pc1"", ""lens_scaling"": ""standardize"", ""min_cluster_size"": 18, ""min_samples"": 5, ""n_class"": 338, ""n_edges"": 4, ""n_intervals"": 5, ""n_vertices"": 5, ""noise_reassigned"": 309, ""placement"": ""quantile"", ""slabs"": [{""k"": 1, ""n"": 76}, {""k"": 1, ""n"": 85}, {""k"": 1, ""n"": 84}, {""k"": 1, ""n"": 85}, {""k"": 1, ""n"": 76}]}, {""constant_lens"": false, ""gain"": 0.25, ""lens"": ""pc1"", ""lens_scaling"": ""standardize"", ""min_cluster_size"": 18, ""min_samples"": 5, ""n_class"": 337, ""n_edges"": 4, ""n_intervals"": 5, ""n_vertices"": 5, ""noise_reassigned"": 263, ""placement"": ""quantile"", ""slabs"": [{""k"": 1, ""n"": 76}, {""k"": 1, ""n"": 84}, {""k"": 1, ""n"": 85}, {""k"": 1, ""n"": 84}, {""k"": 1, ""n"": 76}]}, {""constant_lens"": false, ""gain"": 0.25, ""lens"": ""pc1"", ""lens_scaling"": ""standardize"", ""min_cluster_size"": 18, ""min_samples"": 5, ""n_class"": 337, ""n_edges"": 4, ""n_intervals"": 5, ""n_vertices"": 5, ""noise_reassigned"": 311, ""placement"": ""quantile"", ""slabs"": [{""k"": 1, ""n"": 76}, {""k"": 1, ""n"": 84}, {""k"": 1, ""n"": 85}, {""k"": 1, ""n"": 84}, {""k"": 1, ""n"": 76}]}, {""constant_lens"": false, ""gain"": 0.25, ""lens"": ""pc1"", ""lens_scaling"": ""standardize"", ""min_cluster_size"": 18, ""min_samples"": 5, ""n_class"": 338, ""n_edges"": 4, ""n_intervals"": 5, ""n_vertices"": 5, ""noise_reassigned"": 306, ""placement"": ""quantile"", ""slabs"": [{""k"": 1, ""n"": 76}, {""k"": 1, ""n"": 85}, {""k"": 1, ""n"": 84}, {""k"": 1, ""n"": 85}, {""k"": 1, ""n"": 76}]}], ""soundness_bound_holds"": true, ""step_rule"": ""scale_free"", ""topology_retention_nerve_to_frozen"": {""beta0_frozen"": 15, ""beta0_nerve"": 11, ""beta1_frozen"": 0, ""beta1_nerve"": 0}}",True
0.9727272727272728,248,False,0.050101010101010104,0.05,,5.609461999963969,5.609461999963969,0.0,texture,6,,SPINE+Graph,10,248,550,4950,0.9498989898989899,1039474169,False,"{""admission"": {""criterion"": ""risk"", ""removed_risk"": 4, ""removed_support"": 0}, ""betti_final"": [[2, 0], [1, 0], [1, 0], [1, 0], [1, 0], [2, 0], [2, 0], [2, 0], [1, 0], [1, 0], [1, 0]], ""betti_frozen"": [[2, 0], [1, 0], [1, 0], [1, 0], [1, 0], [2, 0], [2, 0], [2, 0], [1, 0], [1, 0], [1, 0]], ""betti_nerve"": [[1, 0], [1, 0], [1, 0], [1, 0], [1, 0], [1, 0], [1, 0], [1, 0], [1, 0], [1, 0], [1, 0]], ""boundary_restriction"": ""both"", ""forced_removals"": 0, ""growth_representation_fallbacks"": 122, ""invariant_held"": true, ""n_segments"": 233, ""n_train_fit"": 3712, ""n_val"": 1238, ""phase0"": [{""constant_lens"": false, ""gain"": 0.25, ""lens"": ""pc1"", ""lens_scaling"": ""standardize"", ""min_cluster_size"": 18, ""min_samples"": 5, ""n_class"": 337, ""n_edges"": 4, ""n_intervals"": 5, ""n_vertices"": 5, ""noise_reassigned"": 311, ""placement"": ""quantile"", ""slabs"": [{""k"": 1, ""n"": 76}, {""k"": 1, ""n"": 84}, {""k"": 1, ""n"": 85}, {""k"": 1, ""n"": 84}, {""k"": 1, ""n"": 76}]}, {""constant_lens"": false, ""gain"": 0.25, ""lens"": ""pc1"", ""lens_scaling"": ""standardize"", ""min_cluster_size"": 18, ""min_samples"": 5, ""n_class"": 337, ""n_edges"": 4, ""n_intervals"": 5, ""n_vertices"": 5, ""noise_reassigned"": 313, ""placement"": ""quantile"", ""slabs"": [{""k"": 1, ""n"": 76}, {""k"": 1, ""n"": 84}, {""k"": 1, ""n"": 85}, {""k"": 1, ""n"": 84}, {""k"": 1, ""n"": 76}]}, {""constant_lens"": false, ""gain"": 0.25, ""lens"": ""pc1"", ""lens_scaling"": ""standardize"", ""min_cluster_size"": 18, ""min_samples"": 5, ""n_class"": 338, ""n_edges"": 4, ""n_intervals"": 5, ""n_vertices"": 5, ""noise_reassigned"": 306, ""placement"": ""quantile"", ""slabs"": [{""k"": 1, ""n"": 76}, {""k"": 1, ""n"": 85}, {""k"": 1, ""n"": 84}, {""k"": 1, ""n"": 85}, {""k"": 1, ""n"": 76}]}, {""constant_lens"": false, ""gain"": 0.25, ""lens"": ""pc1"", ""lens_scaling"": ""standardize"", ""min_cluster_size"": 18, ""min_samples"": 5, ""n_class"": 337, ""n_edges"": 4, ""n_intervals"": 5, ""n_vertices"": 5, ""noise_reassigned"": 272, ""placement"": ""quantile"", ""slabs"": [{""k"": 1, ""n"": 76}, {""k"": 1, ""n"": 84}, {""k"": 1, ""n"": 85}, {""k"": 1, ""n"": 84}, {""k"": 1, ""n"": 76}]}, {""constant_lens"": false, ""gain"": 0.25, ""lens"": ""pc1"", ""lens_scaling"": ""standardize"", ""min_cluster_size"": 18, ""min_samples"": 5, ""n_class"": 337, ""n_edges"": 4, ""n_intervals"": 5, ""n_vertices"": 5, ""noise_reassigned"": 315, ""placement"": ""quantile"", ""slabs"": [{""k"": 1, ""n"": 76}, {""k"": 1, ""n"": 84}, {""k"": 1, ""n"": 85}, {""k"": 1, ""n"": 84}, {""k"": 1, ""n"": 76}]}, {""constant_lens"": false, ""gain"": 0.25, ""lens"": ""pc1"", ""lens_scaling"": ""standardize"", ""min_cluster_size"": 18, ""min_samples"": 5, ""n_class"": 338, ""n_edges"": 4, ""n_intervals"": 5, ""n_vertices"": 5, ""noise_reassigned"": 294, ""placement"": ""quantile"", ""slabs"": [{""k"": 1, ""n"": 76}, {""k"": 1, ""n"": 85}, {""k"": 1, ""n"": 84}, {""k"": 1, ""n"": 85}, {""k"": 1, ""n"": 76}]}, {""constant_lens"": false, ""gain"": 0.25, ""lens"": ""pc1"", ""lens_scaling"": ""standardize"", ""min_cluster_size"": 18, ""min_samples"": 5, ""n_class"": 338, ""n_edges"": 4, ""n_intervals"": 5, ""n_vertices"": 5, ""noise_reassigned"": 311, ""placement"": ""quantile"", ""slabs"": [{""k"": 1, ""n"": 76}, {""k"": 1, ""n"": 85}, {""k"": 1, ""n"": 84}, {""k"": 1, ""n"": 85}, {""k"": 1, ""n"": 76}]}, {""constant_lens"": false, ""gain"": 0.25, ""lens"": ""pc1"", ""lens_scaling"": ""standardize"", ""min_cluster_size"": 18, ""min_samples"": 5, ""n_class"": 338, ""n_edges"": 4, ""n_intervals"": 5, ""n_vertices"": 5, ""noise_reassigned"": 309, ""placement"": ""quantile"", ""slabs"": [{""k"": 1, ""n"": 76}, {""k"": 1, ""n"": 85}, {""k"": 1, ""n"": 84}, {""k"": 1, ""n"": 85}, {""k"": 1, ""n"": 76}]}, {""constant_lens"": false, ""gain"": 0.25, ""lens"": ""pc1"", ""lens_scaling"": ""standardize"", ""min_cluster_size"": 18, ""min_samples"": 5, ""n_class"": 337, ""n_edges"": 4, ""n_intervals"": 5, ""n_vertices"": 5, ""noise_reassigned"": 263, ""placement"": ""quantile"", ""slabs"": [{""k"": 1, ""n"": 76}, {""k"": 1, ""n"": 84}, {""k"": 1, ""n"": 85}, {""k"": 1, ""n"": 84}, {""k"": 1, ""n"": 76}]}, {""constant_lens"": false, ""gain"": 0.25, ""lens"": ""pc1"", ""lens_scaling"": ""standardize"", ""min_cluster_size"": 18, ""min_samples"": 5, ""n_class"": 337, ""n_edges"": 4, ""n_intervals"": 5, ""n_vertices"": 5, ""noise_reassigned"": 311, ""placement"": ""quantile"", ""slabs"": [{""k"": 1, ""n"": 76}, {""k"": 1, ""n"": 84}, {""k"": 1, ""n"": 85}, {""k"": 1, ""n"": 84}, {""k"": 1, ""n"": 76}]}, {""constant_lens"": false, ""gain"": 0.25, ""lens"": ""pc1"", ""lens_scaling"": ""standardize"", ""min_cluster_size"": 18, ""min_samples"": 5, ""n_class"": 338, ""n_edges"": 4, ""n_intervals"": 5, ""n_vertices"": 5, ""noise_reassigned"": 306, ""placement"": ""quantile"", ""slabs"": [{""k"": 1, ""n"": 76}, {""k"": 1, ""n"": 85}, {""k"": 1, ""n"": 84}, {""k"": 1, ""n"": 85}, {""k"": 1, ""n"": 76}]}], ""soundness_bound_holds"": true, ""step_rule"": ""scale_free"", ""topology_retention_nerve_to_frozen"": {""beta0_frozen"": 15, ""beta0_nerve"": 11, ""beta1_frozen"": 0, ""beta1_nerve"": 0}}",True
0.9781818181818182,248,False,0.050101010101010104,0.05,,4.326699999975972,79.32397699996363,74.99727699998766,texture,6,"{""epsilon"": 0.1, ""window"": 0.3}",LVQ3,10,248,550,4950,0.9498989898989899,1039474169,False,,True
0.9818181818181818,248,False,0.050101010101010104,0.05,"{""0"": 23, ""1"": 23, ""10"": 22, ""2"": 23, ""3"": 23, ""4"": 23, ""5"": 23, ""6"": 22, ""7"": 22, ""8"": 22, ""9"": 22}",1.6431279999669641,1.6431279999669641,0.0,texture,6,,KMeans,10,248,550,4950,0.9498989898989899,1039474169,False,,True
0.8854545454545455,248,False,0.050101010101010104,0.05,"{""0"": 23, ""1"": 23, ""10"": 22, ""2"": 23, ""3"": 23, ""4"": 23, ""5"": 23, ""6"": 22, ""7"": 22, ""8"": 22, ""9"": 22}",0.0016760000144131482,0.0016760000144131482,0.0,texture,6,,Random,10,248,550,4950,0.9498989898989899,1039474169,False,,True
0.9581818181818181,248,False,0.050101010101010104,0.05,,1.8309540000045672,1.8309540000045672,0.0,texture,6,,SPOT,10,248,550,4950,0.9498989898989899,1039474169,False,,True
0.9218181818181819,248,False,0.050101010101010104,0.05,,28.881615000020247,28.881615000020247,0.0,texture,6,,GLVQ,10,248,550,4950,0.9498989898989899,1039474169,False,,True
0.9727272727272728,248,False,0.050101010101010104,0.05,,2.5980020000133663,2.5980020000133663,0.0,texture,6,,GNG,10,248,550,4950,0.9498989898989899,1039474169,False,,True
0.98,495,False,0.1,0.1,,0.0012169999536126852,0.0012169999536126852,0.0,texture,6,,Full,10,4950,550,4950,0.0,1039474169,True,,False
0.9818181818181818,495,False,0.1,0.1,,1.7415259999688715,1.7415259999688715,0.0,texture,6,,RSP3,10,861,550,4950,0.826060606060606,1039474169,True,,False
0.9618181818181818,495,False,0.1,0.1,,0.7062760000117123,0.7062760000117123,0.0,texture,6,,RHC,10,272,550,4950,0.945050505050505,1039474169,True,,False
0.9763636363636363,495,False,0.1,0.1,,7.569292000029236,7.569292000029236,0.0,texture,6,,SPINE+1NN,10,495,550,4950,0.9,1039474169,False,"{""admission"": {""criterion"": ""risk"", ""removed_risk"": 4, ""removed_support"": 0}, ""betti_final"": [[2, 0], [1, 0], [1, 0], [1, 0], [1, 0], [2, 0], [2, 0], [2, 0], [1, 0], [1, 0], [1, 0]], ""betti_frozen"": [[2, 0], [1, 0], [1, 0], [1, 0], [1, 0], [2, 0], [2, 0], [2, 0], [1, 0], [1, 0], [1, 0]], ""betti_nerve"": [[1, 0], [1, 0], [1, 0], [1, 0], [1, 0], [1, 0], [1, 0], [1, 0], [1, 0], [1, 0], [1, 0]], ""boundary_restriction"": ""both"", ""forced_removals"": 0, ""growth_representation_fallbacks"": 415, ""invariant_held"": true, ""n_segments"": 480, ""n_train_fit"": 3712, ""n_val"": 1238, ""phase0"": [{""constant_lens"": false, ""gain"": 0.25, ""lens"": ""pc1"", ""lens_scaling"": ""standardize"", ""min_cluster_size"": 18, ""min_samples"": 5, ""n_class"": 337, ""n_edges"": 4, ""n_intervals"": 5, ""n_vertices"": 5, ""noise_reassigned"": 311, ""placement"": ""quantile"", ""slabs"": [{""k"": 1, ""n"": 76}, {""k"": 1, ""n"": 84}, {""k"": 1, ""n"": 85}, {""k"": 1, ""n"": 84}, {""k"": 1, ""n"": 76}]}, {""constant_lens"": false, ""gain"": 0.25, ""lens"": ""pc1"", ""lens_scaling"": ""standardize"", ""min_cluster_size"": 18, ""min_samples"": 5, ""n_class"": 337, ""n_edges"": 4, ""n_intervals"": 5, ""n_vertices"": 5, ""noise_reassigned"": 313, ""placement"": ""quantile"", ""slabs"": [{""k"": 1, ""n"": 76}, {""k"": 1, ""n"": 84}, {""k"": 1, ""n"": 85}, {""k"": 1, ""n"": 84}, {""k"": 1, ""n"": 76}]}, {""constant_lens"": false, ""gain"": 0.25, ""lens"": ""pc1"", ""lens_scaling"": ""standardize"", ""min_cluster_size"": 18, ""min_samples"": 5, ""n_class"": 338, ""n_edges"": 4, ""n_intervals"": 5, ""n_vertices"": 5, ""noise_reassigned"": 306, ""placement"": ""quantile"", ""slabs"": [{""k"": 1, ""n"": 76}, {""k"": 1, ""n"": 85}, {""k"": 1, ""n"": 84}, {""k"": 1, ""n"": 85}, {""k"": 1, ""n"": 76}]}, {""constant_lens"": false, ""gain"": 0.25, ""lens"": ""pc1"", ""lens_scaling"": ""standardize"", ""min_cluster_size"": 18, ""min_samples"": 5, ""n_class"": 337, ""n_edges"": 4, ""n_intervals"": 5, ""n_vertices"": 5, ""noise_reassigned"": 272, ""placement"": ""quantile"", ""slabs"": [{""k"": 1, ""n"": 76}, {""k"": 1, ""n"": 84}, {""k"": 1, ""n"": 85}, {""k"": 1, ""n"": 84}, {""k"": 1, ""n"": 76}]}, {""constant_lens"": false, ""gain"": 0.25, ""lens"": ""pc1"", ""lens_scaling"": ""standardize"", ""min_cluster_size"": 18, ""min_samples"": 5, ""n_class"": 337, ""n_edges"": 4, ""n_intervals"": 5, ""n_vertices"": 5, ""noise_reassigned"": 315, ""placement"": ""quantile"", ""slabs"": [{""k"": 1, ""n"": 76}, {""k"": 1, ""n"": 84}, {""k"": 1, ""n"": 85}, {""k"": 1, ""n"": 84}, {""k"": 1, ""n"": 76}]}, {""constant_lens"": false, ""gain"": 0.25, ""lens"": ""pc1"", ""lens_scaling"": ""standardize"", ""min_cluster_size"": 18, ""min_samples"": 5, ""n_class"": 338, ""n_edges"": 4, ""n_intervals"": 5, ""n_vertices"": 5, ""noise_reassigned"": 294, ""placement"": ""quantile"", ""slabs"": [{""k"": 1, ""n"": 76}, {""k"": 1, ""n"": 85}, {""k"": 1, ""n"": 84}, {""k"": 1, ""n"": 85}, {""k"": 1, ""n"": 76}]}, {""constant_lens"": false, ""gain"": 0.25, ""lens"": ""pc1"", ""lens_scaling"": ""standardize"", ""min_cluster_size"": 18, ""min_samples"": 5, ""n_class"": 338, ""n_edges"": 4, ""n_intervals"": 5, ""n_vertices"": 5, ""noise_reassigned"": 311, ""placement"": ""quantile"", ""slabs"": [{""k"": 1, ""n"": 76}, {""k"": 1, ""n"": 85}, {""k"": 1, ""n"": 84}, {""k"": 1, ""n"": 85}, {""k"": 1, ""n"": 76}]}, {""constant_lens"": false, ""gain"": 0.25, ""lens"": ""pc1"", ""lens_scaling"": ""standardize"", ""min_cluster_size"": 18, ""min_samples"": 5, ""n_class"": 338, ""n_edges"": 4, ""n_intervals"": 5, ""n_vertices"": 5, ""noise_reassigned"": 309, ""placement"": ""quantile"", ""slabs"": [{""k"": 1, ""n"": 76}, {""k"": 1, ""n"": 85}, {""k"": 1, ""n"": 84}, {""k"": 1, ""n"": 85}, {""k"": 1, ""n"": 76}]}, {""constant_lens"": false, ""gain"": 0.25, ""lens"": ""pc1"", ""lens_scaling"": ""standardize"", ""min_cluster_size"": 18, ""min_samples"": 5, ""n_class"": 337, ""n_edges"": 4, ""n_intervals"": 5, ""n_vertices"": 5, ""noise_reassigned"": 263, ""placement"": ""quantile"", ""slabs"": [{""k"": 1, ""n"": 76}, {""k"": 1, ""n"": 84}, {""k"": 1, ""n"": 85}, {""k"": 1, ""n"": 84}, {""k"": 1, ""n"": 76}]}, {""constant_lens"": false, ""gain"": 0.25, ""lens"": ""pc1"", ""lens_scaling"": ""standardize"", ""min_cluster_size"": 18, ""min_samples"": 5, ""n_class"": 337, ""n_edges"": 4, ""n_intervals"": 5, ""n_vertices"": 5, ""noise_reassigned"": 311, ""placement"": ""quantile"", ""slabs"": [{""k"": 1, ""n"": 76}, {""k"": 1, ""n"": 84}, {""k"": 1, ""n"": 85}, {""k"": 1, ""n"": 84}, {""k"": 1, ""n"": 76}]}, {""constant_lens"": false, ""gain"": 0.25, ""lens"": ""pc1"", ""lens_scaling"": ""standardize"", ""min_cluster_size"": 18, ""min_samples"": 5, ""n_class"": 338, ""n_edges"": 4, ""n_intervals"": 5, ""n_vertices"": 5, ""noise_reassigned"": 306, ""placement"": ""quantile"", ""slabs"": [{""k"": 1, ""n"": 76}, {""k"": 1, ""n"": 85}, {""k"": 1, ""n"": 84}, {""k"": 1, ""n"": 85}, {""k"": 1, ""n"": 76}]}], ""soundness_bound_holds"": true, ""step_rule"": ""scale_free"", ""topology_retention_nerve_to_frozen"": {""beta0_frozen"": 15, ""beta0_nerve"": 11, ""beta1_frozen"": 0, ""beta1_nerve"": 0}}",True
0.98,495,False,0.1,0.1,,7.569292000029236,7.569292000029236,0.0,texture,6,,SPINE+Graph,10,495,550,4950,0.9,1039474169,False,"{""admission"": {""criterion"": ""risk"", ""removed_risk"": 4, ""removed_support"": 0}, ""betti_final"": [[2, 0], [1, 0], [1, 0], [1, 0], [1, 0], [2, 0], [2, 0], [2, 0], [1, 0], [1, 0], [1, 0]], ""betti_frozen"": [[2, 0], [1, 0], [1, 0], [1, 0], [1, 0], [2, 0], [2, 0], [2, 0], [1, 0], [1, 0], [1, 0]], ""betti_nerve"": [[1, 0], [1, 0], [1, 0], [1, 0], [1, 0], [1, 0], [1, 0], [1, 0], [1, 0], [1, 0], [1, 0]], ""boundary_restriction"": ""both"", ""forced_removals"": 0, ""growth_representation_fallbacks"": 415, ""invariant_held"": true, ""n_segments"": 480, ""n_train_fit"": 3712, ""n_val"": 1238, ""phase0"": [{""constant_lens"": false, ""gain"": 0.25, ""lens"": ""pc1"", ""lens_scaling"": ""standardize"", ""min_cluster_size"": 18, ""min_samples"": 5, ""n_class"": 337, ""n_edges"": 4, ""n_intervals"": 5, ""n_vertices"": 5, ""noise_reassigned"": 311, ""placement"": ""quantile"", ""slabs"": [{""k"": 1, ""n"": 76}, {""k"": 1, ""n"": 84}, {""k"": 1, ""n"": 85}, {""k"": 1, ""n"": 84}, {""k"": 1, ""n"": 76}]}, {""constant_lens"": false, ""gain"": 0.25, ""lens"": ""pc1"", ""lens_scaling"": ""standardize"", ""min_cluster_size"": 18, ""min_samples"": 5, ""n_class"": 337, ""n_edges"": 4, ""n_intervals"": 5, ""n_vertices"": 5, ""noise_reassigned"": 313, ""placement"": ""quantile"", ""slabs"": [{""k"": 1, ""n"": 76}, {""k"": 1, ""n"": 84}, {""k"": 1, ""n"": 85}, {""k"": 1, ""n"": 84}, {""k"": 1, ""n"": 76}]}, {""constant_lens"": false, ""gain"": 0.25, ""lens"": ""pc1"", ""lens_scaling"": ""standardize"", ""min_cluster_size"": 18, ""min_samples"": 5, ""n_class"": 338, ""n_edges"": 4, ""n_intervals"": 5, ""n_vertices"": 5, ""noise_reassigned"": 306, ""placement"": ""quantile"", ""slabs"": [{""k"": 1, ""n"": 76}, {""k"": 1, ""n"": 85}, {""k"": 1, ""n"": 84}, {""k"": 1, ""n"": 85}, {""k"": 1, ""n"": 76}]}, {""constant_lens"": false, ""gain"": 0.25, ""lens"": ""pc1"", ""lens_scaling"": ""standardize"", ""min_cluster_size"": 18, ""min_samples"": 5, ""n_class"": 337, ""n_edges"": 4, ""n_intervals"": 5, ""n_vertices"": 5, ""noise_reassigned"": 272, ""placement"": ""quantile"", ""slabs"": [{""k"": 1, ""n"": 76}, {""k"": 1, ""n"": 84}, {""k"": 1, ""n"": 85}, {""k"": 1, ""n"": 84}, {""k"": 1, ""n"": 76}]}, {""constant_lens"": false, ""gain"": 0.25, ""lens"": ""pc1"", ""lens_scaling"": ""standardize"", ""min_cluster_size"": 18, ""min_samples"": 5, ""n_class"": 337, ""n_edges"": 4, ""n_intervals"": 5, ""n_vertices"": 5, ""noise_reassigned"": 315, ""placement"": ""quantile"", ""slabs"": [{""k"": 1, ""n"": 76}, {""k"": 1, ""n"": 84}, {""k"": 1, ""n"": 85}, {""k"": 1, ""n"": 84}, {""k"": 1, ""n"": 76}]}, {""constant_lens"": false, ""gain"": 0.25, ""lens"": ""pc1"", ""lens_scaling"": ""standardize"", ""min_cluster_size"": 18, ""min_samples"": 5, ""n_class"": 338, ""n_edges"": 4, ""n_intervals"": 5, ""n_vertices"": 5, ""noise_reassigned"": 294, ""placement"": ""quantile"", ""slabs"": [{""k"": 1, ""n"": 76}, {""k"": 1, ""n"": 85}, {""k"": 1, ""n"": 84}, {""k"": 1, ""n"": 85}, {""k"": 1, ""n"": 76}]}, {""constant_lens"": false, ""gain"": 0.25, ""lens"": ""pc1"", ""lens_scaling"": ""standardize"", ""min_cluster_size"": 18, ""min_samples"": 5, ""n_class"": 338, ""n_edges"": 4, ""n_intervals"": 5, ""n_vertices"": 5, ""noise_reassigned"": 311, ""placement"": ""quantile"", ""slabs"": [{""k"": 1, ""n"": 76}, {""k"": 1, ""n"": 85}, {""k"": 1, ""n"": 84}, {""k"": 1, ""n"": 85}, {""k"": 1, ""n"": 76}]}, {""constant_lens"": false, ""gain"": 0.25, ""lens"": ""pc1"", ""lens_scaling"": ""standardize"", ""min_cluster_size"": 18, ""min_samples"": 5, ""n_class"": 338, ""n_edges"": 4, ""n_intervals"": 5, ""n_vertices"": 5, ""noise_reassigned"": 309, ""placement"": ""quantile"", ""slabs"": [{""k"": 1, ""n"": 76}, {""k"": 1, ""n"": 85}, {""k"": 1, ""n"": 84}, {""k"": 1, ""n"": 85}, {""k"": 1, ""n"": 76}]}, {""constant_lens"": false, ""gain"": 0.25, ""lens"": ""pc1"", ""lens_scaling"": ""standardize"", ""min_cluster_size"": 18, ""min_samples"": 5, ""n_class"": 337, ""n_edges"": 4, ""n_intervals"": 5, ""n_vertices"": 5, ""noise_reassigned"": 263, ""placement"": ""quantile"", ""slabs"": [{""k"": 1, ""n"": 76}, {""k"": 1, ""n"": 84}, {""k"": 1, ""n"": 85}, {""k"": 1, ""n"": 84}, {""k"": 1, ""n"": 76}]}, {""constant_lens"": false, ""gain"": 0.25, ""lens"": ""pc1"", ""lens_scaling"": ""standardize"", ""min_cluster_size"": 18, ""min_samples"": 5, ""n_class"": 337, ""n_edges"": 4, ""n_intervals"": 5, ""n_vertices"": 5, ""noise_reassigned"": 311, ""placement"": ""quantile"", ""slabs"": [{""k"": 1, ""n"": 76}, {""k"": 1, ""n"": 84}, {""k"": 1, ""n"": 85}, {""k"": 1, ""n"": 84}, {""k"": 1, ""n"": 76}]}, {""constant_lens"": false, ""gain"": 0.25, ""lens"": ""pc1"", ""lens_scaling"": ""standardize"", ""min_cluster_size"": 18, ""min_samples"": 5, ""n_class"": 338, ""n_edges"": 4, ""n_intervals"": 5, ""n_vertices"": 5, ""noise_reassigned"": 306, ""placement"": ""quantile"", ""slabs"": [{""k"": 1, ""n"": 76}, {""k"": 1, ""n"": 85}, {""k"": 1, ""n"": 84}, {""k"": 1, ""n"": 85}, {""k"": 1, ""n"": 76}]}], ""soundness_bound_holds"": true, ""step_rule"": ""scale_free"", ""topology_retention_nerve_to_frozen"": {""beta0_frozen"": 15, ""beta0_nerve"": 11, ""beta1_frozen"": 0, ""beta1_nerve"": 0}}",True
0.98,495,False,0.1,0.1,,6.353304999996908,113.84740699996473,107.49410199996782,texture,6,"{""epsilon"": 0.1, ""window"": 0.3}",LVQ3,10,495,550,4950,0.9,1039474169,False,,True
0.9781818181818182,495,False,0.1,0.1,"{""0"": 45, ""1"": 45, ""10"": 45, ""2"": 45, ""3"": 45, ""4"": 45, ""5"": 45, ""6"": 45, ""7"": 45, ""8"": 45, ""9"": 45}",2.4917330000316724,2.4917330000316724,0.0,texture,6,,KMeans,10,495,550,4950,0.9,1039474169,False,,True
0.9236363636363636,495,False,0.1,0.1,"{""0"": 45, ""1"": 45, ""10"": 45, ""2"": 45, ""3"": 45, ""4"": 45, ""5"": 45, ""6"": 45, ""7"": 45, ""8"": 45, ""9"": 45}",0.0018910000217147171,0.0018910000217147171,0.0,texture,6,,Random,10,495,550,4950,0.9,1039474169,False,,True
0.9763636363636363,495,False,0.1,0.1,,1.8933829999878071,1.8933829999878071,0.0,texture,6,,SPOT,10,495,550,4950,0.9,1039474169,False,,True
0.92,495,False,0.1,0.1,,54.90888999996241,54.90888999996241,0.0,texture,6,,GLVQ,10,495,550,4950,0.9,1039474169,False,,True
0.9781818181818182,495,False,0.1,0.1,,5.1003790000104345,5.1003790000104345,0.0,texture,6,,GNG,10,495,550,4950,0.9,1039474169,False,,True
0.98,1238,False,0.2501010101010101,0.25,,0.0012169999536126852,0.0012169999536126852,0.0,texture,6,,Full,10,4950,550,4950,0.0,1039474169,True,,False
0.9818181818181818,1238,False,0.2501010101010101,0.25,,1.7415259999688715,1.7415259999688715,0.0,texture,6,,RSP3,10,861,550,4950,0.826060606060606,1039474169,True,,False
0.9618181818181818,1238,False,0.2501010101010101,0.25,,0.7062760000117123,0.7062760000117123,0.0,texture,6,,RHC,10,272,550,4950,0.945050505050505,1039474169,True,,False
0.9781818181818182,1238,False,0.2501010101010101,0.25,,15.155296999961138,15.155296999961138,0.0,texture,6,,SPINE+1NN,10,1238,550,4950,0.7498989898989898,1039474169,False,"{""admission"": {""criterion"": ""risk"", ""removed_risk"": 4, ""removed_support"": 0}, ""betti_final"": [[2, 0], [1, 0], [1, 0], [1, 0], [1, 0], [2, 0], [2, 0], [2, 0], [1, 0], [1, 0], [1, 0]], ""betti_frozen"": [[2, 0], [1, 0], [1, 0], [1, 0], [1, 0], [2, 0], [2, 0], [2, 0], [1, 0], [1, 0], [1, 0]], ""betti_nerve"": [[1, 0], [1, 0], [1, 0], [1, 0], [1, 0], [1, 0], [1, 0], [1, 0], [1, 0], [1, 0], [1, 0]], ""boundary_restriction"": ""both"", ""forced_removals"": 0, ""growth_representation_fallbacks"": 1327, ""invariant_held"": true, ""n_segments"": 1223, ""n_train_fit"": 3712, ""n_val"": 1238, ""phase0"": [{""constant_lens"": false, ""gain"": 0.25, ""lens"": ""pc1"", ""lens_scaling"": ""standardize"", ""min_cluster_size"": 18, ""min_samples"": 5, ""n_class"": 337, ""n_edges"": 4, ""n_intervals"": 5, ""n_vertices"": 5, ""noise_reassigned"": 311, ""placement"": ""quantile"", ""slabs"": [{""k"": 1, ""n"": 76}, {""k"": 1, ""n"": 84}, {""k"": 1, ""n"": 85}, {""k"": 1, ""n"": 84}, {""k"": 1, ""n"": 76}]}, {""constant_lens"": false, ""gain"": 0.25, ""lens"": ""pc1"", ""lens_scaling"": ""standardize"", ""min_cluster_size"": 18, ""min_samples"": 5, ""n_class"": 337, ""n_edges"": 4, ""n_intervals"": 5, ""n_vertices"": 5, ""noise_reassigned"": 313, ""placement"": ""quantile"", ""slabs"": [{""k"": 1, ""n"": 76}, {""k"": 1, ""n"": 84}, {""k"": 1, ""n"": 85}, {""k"": 1, ""n"": 84}, {""k"": 1, ""n"": 76}]}, {""constant_lens"": false, ""gain"": 0.25, ""lens"": ""pc1"", ""lens_scaling"": ""standardize"", ""min_cluster_size"": 18, ""min_samples"": 5, ""n_class"": 338, ""n_edges"": 4, ""n_intervals"": 5, ""n_vertices"": 5, ""noise_reassigned"": 306, ""placement"": ""quantile"", ""slabs"": [{""k"": 1, ""n"": 76}, {""k"": 1, ""n"": 85}, {""k"": 1, ""n"": 84}, {""k"": 1, ""n"": 85}, {""k"": 1, ""n"": 76}]}, {""constant_lens"": false, ""gain"": 0.25, ""lens"": ""pc1"", ""lens_scaling"": ""standardize"", ""min_cluster_size"": 18, ""min_samples"": 5, ""n_class"": 337, ""n_edges"": 4, ""n_intervals"": 5, ""n_vertices"": 5, ""noise_reassigned"": 272, ""placement"": ""quantile"", ""slabs"": [{""k"": 1, ""n"": 76}, {""k"": 1, ""n"": 84}, {""k"": 1, ""n"": 85}, {""k"": 1, ""n"": 84}, {""k"": 1, ""n"": 76}]}, {""constant_lens"": false, ""gain"": 0.25, ""lens"": ""pc1"", ""lens_scaling"": ""standardize"", ""min_cluster_size"": 18, ""min_samples"": 5, ""n_class"": 337, ""n_edges"": 4, ""n_intervals"": 5, ""n_vertices"": 5, ""noise_reassigned"": 315, ""placement"": ""quantile"", ""slabs"": [{""k"": 1, ""n"": 76}, {""k"": 1, ""n"": 84}, {""k"": 1, ""n"": 85}, {""k"": 1, ""n"": 84}, {""k"": 1, ""n"": 76}]}, {""constant_lens"": false, ""gain"": 0.25, ""lens"": ""pc1"", ""lens_scaling"": ""standardize"", ""min_cluster_size"": 18, ""min_samples"": 5, ""n_class"": 338, ""n_edges"": 4, ""n_intervals"": 5, ""n_vertices"": 5, ""noise_reassigned"": 294, ""placement"": ""quantile"", ""slabs"": [{""k"": 1, ""n"": 76}, {""k"": 1, ""n"": 85}, {""k"": 1, ""n"": 84}, {""k"": 1, ""n"": 85}, {""k"": 1, ""n"": 76}]}, {""constant_lens"": false, ""gain"": 0.25, ""lens"": ""pc1"", ""lens_scaling"": ""standardize"", ""min_cluster_size"": 18, ""min_samples"": 5, ""n_class"": 338, ""n_edges"": 4, ""n_intervals"": 5, ""n_vertices"": 5, ""noise_reassigned"": 311, ""placement"": ""quantile"", ""slabs"": [{""k"": 1, ""n"": 76}, {""k"": 1, ""n"": 85}, {""k"": 1, ""n"": 84}, {""k"": 1, ""n"": 85}, {""k"": 1, ""n"": 76}]}, {""constant_lens"": false, ""gain"": 0.25, ""lens"": ""pc1"", ""lens_scaling"": ""standardize"", ""min_cluster_size"": 18, ""min_samples"": 5, ""n_class"": 338, ""n_edges"": 4, ""n_intervals"": 5, ""n_vertices"": 5, ""noise_reassigned"": 309, ""placement"": ""quantile"", ""slabs"": [{""k"": 1, ""n"": 76}, {""k"": 1, ""n"": 85}, {""k"": 1, ""n"": 84}, {""k"": 1, ""n"": 85}, {""k"": 1, ""n"": 76}]}, {""constant_lens"": false, ""gain"": 0.25, ""lens"": ""pc1"", ""lens_scaling"": ""standardize"", ""min_cluster_size"": 18, ""min_samples"": 5, ""n_class"": 337, ""n_edges"": 4, ""n_intervals"": 5, ""n_vertices"": 5, ""noise_reassigned"": 263, ""placement"": ""quantile"", ""slabs"": [{""k"": 1, ""n"": 76}, {""k"": 1, ""n"": 84}, {""k"": 1, ""n"": 85}, {""k"": 1, ""n"": 84}, {""k"": 1, ""n"": 76}]}, {""constant_lens"": false, ""gain"": 0.25, ""lens"": ""pc1"", ""lens_scaling"": ""standardize"", ""min_cluster_size"": 18, ""min_samples"": 5, ""n_class"": 337, ""n_edges"": 4, ""n_intervals"": 5, ""n_vertices"": 5, ""noise_reassigned"": 311, ""placement"": ""quantile"", ""slabs"": [{""k"": 1, ""n"": 76}, {""k"": 1, ""n"": 84}, {""k"": 1, ""n"": 85}, {""k"": 1, ""n"": 84}, {""k"": 1, ""n"": 76}]}, {""constant_lens"": false, ""gain"": 0.25, ""lens"": ""pc1"", ""lens_scaling"": ""standardize"", ""min_cluster_size"": 18, ""min_samples"": 5, ""n_class"": 338, ""n_edges"": 4, ""n_intervals"": 5, ""n_vertices"": 5, ""noise_reassigned"": 306, ""placement"": ""quantile"", ""slabs"": [{""k"": 1, ""n"": 76}, {""k"": 1, ""n"": 85}, {""k"": 1, ""n"": 84}, {""k"": 1, ""n"": 85}, {""k"": 1, ""n"": 76}]}], ""soundness_bound_holds"": true, ""step_rule"": ""scale_free"", ""topology_retention_nerve_to_frozen"": {""beta0_frozen"": 15, ""beta0_nerve"": 11, ""beta1_frozen"": 0, ""beta1_nerve"": 0}}",True
0.9818181818181818,1238,False,0.2501010101010101,0.25,,15.155296999961138,15.155296999961138,0.0,texture,6,,SPINE+Graph,10,1238,550,4950,0.7498989898989898,1039474169,False,"{""admission"": {""criterion"": ""risk"", ""removed_risk"": 4, ""removed_support"": 0}, ""betti_final"": [[2, 0], [1, 0], [1, 0], [1, 0], [1, 0], [2, 0], [2, 0], [2, 0], [1, 0], [1, 0], [1, 0]], ""betti_frozen"": [[2, 0], [1, 0], [1, 0], [1, 0], [1, 0], [2, 0], [2, 0], [2, 0], [1, 0], [1, 0], [1, 0]], ""betti_nerve"": [[1, 0], [1, 0], [1, 0], [1, 0], [1, 0], [1, 0], [1, 0], [1, 0], [1, 0], [1, 0], [1, 0]], ""boundary_restriction"": ""both"", ""forced_removals"": 0, ""growth_representation_fallbacks"": 1327, ""invariant_held"": true, ""n_segments"": 1223, ""n_train_fit"": 3712, ""n_val"": 1238, ""phase0"": [{""constant_lens"": false, ""gain"": 0.25, ""lens"": ""pc1"", ""lens_scaling"": ""standardize"", ""min_cluster_size"": 18, ""min_samples"": 5, ""n_class"": 337, ""n_edges"": 4, ""n_intervals"": 5, ""n_vertices"": 5, ""noise_reassigned"": 311, ""placement"": ""quantile"", ""slabs"": [{""k"": 1, ""n"": 76}, {""k"": 1, ""n"": 84}, {""k"": 1, ""n"": 85}, {""k"": 1, ""n"": 84}, {""k"": 1, ""n"": 76}]}, {""constant_lens"": false, ""gain"": 0.25, ""lens"": ""pc1"", ""lens_scaling"": ""standardize"", ""min_cluster_size"": 18, ""min_samples"": 5, ""n_class"": 337, ""n_edges"": 4, ""n_intervals"": 5, ""n_vertices"": 5, ""noise_reassigned"": 313, ""placement"": ""quantile"", ""slabs"": [{""k"": 1, ""n"": 76}, {""k"": 1, ""n"": 84}, {""k"": 1, ""n"": 85}, {""k"": 1, ""n"": 84}, {""k"": 1, ""n"": 76}]}, {""constant_lens"": false, ""gain"": 0.25, ""lens"": ""pc1"", ""lens_scaling"": ""standardize"", ""min_cluster_size"": 18, ""min_samples"": 5, ""n_class"": 338, ""n_edges"": 4, ""n_intervals"": 5, ""n_vertices"": 5, ""noise_reassigned"": 306, ""placement"": ""quantile"", ""slabs"": [{""k"": 1, ""n"": 76}, {""k"": 1, ""n"": 85}, {""k"": 1, ""n"": 84}, {""k"": 1, ""n"": 85}, {""k"": 1, ""n"": 76}]}, {""constant_lens"": false, ""gain"": 0.25, ""lens"": ""pc1"", ""lens_scaling"": ""standardize"", ""min_cluster_size"": 18, ""min_samples"": 5, ""n_class"": 337, ""n_edges"": 4, ""n_intervals"": 5, ""n_vertices"": 5, ""noise_reassigned"": 272, ""placement"": ""quantile"", ""slabs"": [{""k"": 1, ""n"": 76}, {""k"": 1, ""n"": 84}, {""k"": 1, ""n"": 85}, {""k"": 1, ""n"": 84}, {""k"": 1, ""n"": 76}]}, {""constant_lens"": false, ""gain"": 0.25, ""lens"": ""pc1"", ""lens_scaling"": ""standardize"", ""min_cluster_size"": 18, ""min_samples"": 5, ""n_class"": 337, ""n_edges"": 4, ""n_intervals"": 5, ""n_vertices"": 5, ""noise_reassigned"": 315, ""placement"": ""quantile"", ""slabs"": [{""k"": 1, ""n"": 76}, {""k"": 1, ""n"": 84}, {""k"": 1, ""n"": 85}, {""k"": 1, ""n"": 84}, {""k"": 1, ""n"": 76}]}, {""constant_lens"": false, ""gain"": 0.25, ""lens"": ""pc1"", ""lens_scaling"": ""standardize"", ""min_cluster_size"": 18, ""min_samples"": 5, ""n_class"": 338, ""n_edges"": 4, ""n_intervals"": 5, ""n_vertices"": 5, ""noise_reassigned"": 294, ""placement"": ""quantile"", ""slabs"": [{""k"": 1, ""n"": 76}, {""k"": 1, ""n"": 85}, {""k"": 1, ""n"": 84}, {""k"": 1, ""n"": 85}, {""k"": 1, ""n"": 76}]}, {""constant_lens"": false, ""gain"": 0.25, ""lens"": ""pc1"", ""lens_scaling"": ""standardize"", ""min_cluster_size"": 18, ""min_samples"": 5, ""n_class"": 338, ""n_edges"": 4, ""n_intervals"": 5, ""n_vertices"": 5, ""noise_reassigned"": 311, ""placement"": ""quantile"", ""slabs"": [{""k"": 1, ""n"": 76}, {""k"": 1, ""n"": 85}, {""k"": 1, ""n"": 84}, {""k"": 1, ""n"": 85}, {""k"": 1, ""n"": 76}]}, {""constant_lens"": false, ""gain"": 0.25, ""lens"": ""pc1"", ""lens_scaling"": ""standardize"", ""min_cluster_size"": 18, ""min_samples"": 5, ""n_class"": 338, ""n_edges"": 4, ""n_intervals"": 5, ""n_vertices"": 5, ""noise_reassigned"": 309, ""placement"": ""quantile"", ""slabs"": [{""k"": 1, ""n"": 76}, {""k"": 1, ""n"": 85}, {""k"": 1, ""n"": 84}, {""k"": 1, ""n"": 85}, {""k"": 1, ""n"": 76}]}, {""constant_lens"": false, ""gain"": 0.25, ""lens"": ""pc1"", ""lens_scaling"": ""standardize"", ""min_cluster_size"": 18, ""min_samples"": 5, ""n_class"": 337, ""n_edges"": 4, ""n_intervals"": 5, ""n_vertices"": 5, ""noise_reassigned"": 263, ""placement"": ""quantile"", ""slabs"": [{""k"": 1, ""n"": 76}, {""k"": 1, ""n"": 84}, {""k"": 1, ""n"": 85}, {""k"": 1, ""n"": 84}, {""k"": 1, ""n"": 76}]}, {""constant_lens"": false, ""gain"": 0.25, ""lens"": ""pc1"", ""lens_scaling"": ""standardize"", ""min_cluster_size"": 18, ""min_samples"": 5, ""n_class"": 337, ""n_edges"": 4, ""n_intervals"": 5, ""n_vertices"": 5, ""noise_reassigned"": 311, ""placement"": ""quantile"", ""slabs"": [{""k"": 1, ""n"": 76}, {""k"": 1, ""n"": 84}, {""k"": 1, ""n"": 85}, {""k"": 1, ""n"": 84}, {""k"": 1, ""n"": 76}]}, {""constant_lens"": false, ""gain"": 0.25, ""lens"": ""pc1"", ""lens_scaling"": ""standardize"", ""min_cluster_size"": 18, ""min_samples"": 5, ""n_class"": 338, ""n_edges"": 4, ""n_intervals"": 5, ""n_vertices"": 5, ""noise_reassigned"": 306, ""placement"": ""quantile"", ""slabs"": [{""k"": 1, ""n"": 76}, {""k"": 1, ""n"": 85}, {""k"": 1, ""n"": 84}, {""k"": 1, ""n"": 85}, {""k"": 1, ""n"": 76}]}], ""soundness_bound_holds"": true, ""step_rule"": ""scale_free"", ""topology_retention_nerve_to_frozen"": {""beta0_frozen"": 15, ""beta0_nerve"": 11, ""beta1_frozen"": 0, ""beta1_nerve"": 0}}",True
0.9781818181818182,1238,False,0.2501010101010101,0.25,,15.014066000003368,259.6892280000029,244.67516199999955,texture,6,"{""epsilon"": 0.1, ""window"": 0.3}",LVQ3,10,1238,550,4950,0.7498989898989898,1039474169,False,,True
0.9781818181818182,1238,False,0.2501010101010101,0.25,"{""0"": 113, ""1"": 113, ""10"": 112, ""2"": 113, ""3"": 113, ""4"": 113, ""5"": 113, ""6"": 112, ""7"": 112, ""8"": 112, ""9"": 112}",5.034411999979056,5.034411999979056,0.0,texture,6,,KMeans,10,1238,550,4950,0.7498989898989898,1039474169,False,,True
0.9672727272727273,1238,False,0.2501010101010101,0.25,"{""0"": 113, ""1"": 113, ""10"": 112, ""2"": 113, ""3"": 113, ""4"": 113, ""5"": 113, ""6"": 112, ""7"": 112, ""8"": 112, ""9"": 112}",0.002605999994557351,0.002605999994557351,0.0,texture,6,,Random,10,1238,550,4950,0.7498989898989898,1039474169,False,,True
0.9727272727272728,1238,False,0.2501010101010101,0.25,,1.9881619999650866,1.9881619999650866,0.0,texture,6,,SPOT,10,1238,550,4950,0.7498989898989898,1039474169,False,,True
0.9163636363636364,1238,False,0.2501010101010101,0.25,,132.85416699998314,132.85416699998314,0.0,texture,6,,GLVQ,10,1238,550,4950,0.7498989898989898,1039474169,False,,True
0.9836363636363636,1238,False,0.2501010101010101,0.25,,17.984513000003062,17.984513000003062,0.0,texture,6,,GNG,10,1238,550,4950,0.7498989898989898,1039474169,False,,True
0.9963636363636363,25,False,0.005050505050505051,0.005,,0.0013679999974556267,0.0013679999974556267,0.0,texture,7,,Full,10,4950,550,4950,0.0,1040474172,False,,False
0.9945454545454545,25,False,0.005050505050505051,0.005,,1.7054669999633916,1.7054669999633916,0.0,texture,7,,RSP3,10,874,550,4950,0.8234343434343434,1040474172,False,,False
0.96,25,False,0.005050505050505051,0.005,,0.7633369999821298,0.7633369999821298,0.0,texture,7,,RHC,10,268,550,4950,0.9458585858585858,1040474172,False,,False
0.7836363636363637,25,False,0.005050505050505051,0.005,,3.7827870000037365,3.7827870000037365,0.0,texture,7,,SPINE+1NN,10,25,550,4950,0.9949494949494949,1040474172,False,"{""admission"": {""criterion"": ""risk"", ""removed_risk"": 4, ""removed_support"": 0}, ""betti_final"": [[1, 0], [1, 0], [1, 0], [2, 0], [1, 0], [2, 0], [1, 0], [2, 0], [1, 0], [1, 0], [1, 0]], ""betti_frozen"": [[1, 0], [1, 0], [1, 0], [2, 0], [1, 0], [3, 0], [1, 0], [2, 0], [1, 0], [1, 0], [1, 0]], ""betti_nerve"": [[1, 0], [1, 0], [1, 0], [1, 0], [1, 0], [1, 0], [1, 0], [1, 0], [1, 0], [1, 0], [1, 0]], ""boundary_restriction"": ""both"", ""forced_removals"": 1, ""growth_representation_fallbacks"": 0, ""invariant_held"": false, ""n_segments"": 11, ""n_train_fit"": 3712, ""n_val"": 1238, ""phase0"": [{""constant_lens"": false, ""gain"": 0.25, ""lens"": ""pc1"", ""lens_scaling"": ""standardize"", ""min_cluster_size"": 18, ""min_samples"": 5, ""n_class"": 337, ""n_edges"": 4, ""n_intervals"": 5, ""n_vertices"": 5, ""noise_reassigned"": 312, ""placement"": ""quantile"", ""slabs"": [{""k"": 1, ""n"": 76}, {""k"": 1, ""n"": 84}, {""k"": 1, ""n"": 85}, {""k"": 1, ""n"": 84}, {""k"": 1, ""n"": 76}]}, {""constant_lens"": false, ""gain"": 0.25, ""lens"": ""pc1"", ""lens_scaling"": ""standardize"", ""min_cluster_size"": 18, ""min_samples"": 5, ""n_class"": 338, ""n_edges"": 4, ""n_intervals"": 5, ""n_vertices"": 5, ""noise_reassigned"": 313, ""placement"": ""quantile"", ""slabs"": [{""k"": 1, ""n"": 76}, {""k"": 1, ""n"": 85}, {""k"": 1, ""n"": 84}, {""k"": 1, ""n"": 85}, {""k"": 1, ""n"": 76}]}, {""constant_lens"": false, ""gain"": 0.25, ""lens"": ""pc1"", ""lens_scaling"": ""standardize"", ""min_cluster_size"": 18, ""min_samples"": 5, ""n_class"": 337, ""n_edges"": 4, ""n_intervals"": 5, ""n_vertices"": 5, ""noise_reassigned"": 306, ""placement"": ""quantile"", ""slabs"": [{""k"": 1, ""n"": 76}, {""k"": 1, ""n"": 84}, {""k"": 1, ""n"": 85}, {""k"": 1, ""n"": 84}, {""k"": 1, ""n"": 76}]}, {""constant_lens"": false, ""gain"": 0.25, ""lens"": ""pc1"", ""lens_scaling"": ""standardize"", ""min_cluster_size"": 18, ""min_samples"": 5, ""n_class"": 337, ""n_edges"": 4, ""n_intervals"": 5, ""n_vertices"": 5, ""noise_reassigned"": 247, ""placement"": ""quantile"", ""slabs"": [{""k"": 1, ""n"": 76}, {""k"": 1, ""n"": 84}, {""k"": 1, ""n"": 85}, {""k"": 1, ""n"": 84}, {""k"": 1, ""n"": 76}]}, {""constant_lens"": false, ""gain"": 0.25, ""lens"": ""pc1"", ""lens_scaling"": ""standardize"", ""min_cluster_size"": 18, ""min_samples"": 5, ""n_class"": 338, ""n_edges"": 4, ""n_intervals"": 5, ""n_vertices"": 5, ""noise_reassigned"": 314, ""placement"": ""quantile"", ""slabs"": [{""k"": 1, ""n"": 76}, {""k"": 1, ""n"": 85}, {""k"": 1, ""n"": 84}, {""k"": 1, ""n"": 85}, {""k"": 1, ""n"": 76}]}, {""constant_lens"": false, ""gain"": 0.25, ""lens"": ""pc1"", ""lens_scaling"": ""standardize"", ""min_cluster_size"": 18, ""min_samples"": 5, ""n_class"": 337, ""n_edges"": 4, ""n_intervals"": 5, ""n_vertices"": 5, ""noise_reassigned"": 302, ""placement"": ""quantile"", ""slabs"": [{""k"": 1, ""n"": 76}, {""k"": 1, ""n"": 84}, {""k"": 1, ""n"": 85}, {""k"": 1, ""n"": 84}, {""k"": 1, ""n"": 76}]}, {""constant_lens"": false, ""gain"": 0.25, ""lens"": ""pc1"", ""lens_scaling"": ""standardize"", ""min_cluster_size"": 18, ""min_samples"": 5, ""n_class"": 338, ""n_edges"": 4, ""n_intervals"": 5, ""n_vertices"": 5, ""noise_reassigned"": 314, ""placement"": ""quantile"", ""slabs"": [{""k"": 1, ""n"": 76}, {""k"": 1, ""n"": 85}, {""k"": 1, ""n"": 84}, {""k"": 1, ""n"": 85}, {""k"": 1, ""n"": 76}]}, {""constant_lens"": false, ""gain"": 0.25, ""lens"": ""pc1"", ""lens_scaling"": ""standardize"", ""min_cluster_size"": 18, ""min_samples"": 5, ""n_class"": 338, ""n_edges"": 4, ""n_intervals"": 5, ""n_vertices"": 5, ""noise_reassigned"": 311, ""placement"": ""quantile"", ""slabs"": [{""k"": 1, ""n"": 76}, {""k"": 1, ""n"": 85}, {""k"": 1, ""n"": 84}, {""k"": 1, ""n"": 85}, {""k"": 1, ""n"": 76}]}, {""constant_lens"": false, ""gain"": 0.25, ""lens"": ""pc1"", ""lens_scaling"": ""standardize"", ""min_cluster_size"": 18, ""min_samples"": 5, ""n_class"": 338, ""n_edges"": 4, ""n_intervals"": 5, ""n_vertices"": 5, ""noise_reassigned"": 312, ""placement"": ""quantile"", ""slabs"": [{""k"": 1, ""n"": 76}, {""k"": 1, ""n"": 85}, {""k"": 1, ""n"": 84}, {""k"": 1, ""n"": 85}, {""k"": 1, ""n"": 76}]}, {""constant_lens"": false, ""gain"": 0.25, ""lens"": ""pc1"", ""lens_scaling"": ""standardize"", ""min_cluster_size"": 18, ""min_samples"": 5, ""n_class"": 337, ""n_edges"": 4, ""n_intervals"": 5, ""n_vertices"": 5, ""noise_reassigned"": 309, ""placement"": ""quantile"", ""slabs"": [{""k"": 1, ""n"": 76}, {""k"": 1, ""n"": 84}, {""k"": 1, ""n"": 85}, {""k"": 1, ""n"": 84}, {""k"": 1, ""n"": 76}]}, {""constant_lens"": false, ""gain"": 0.25, ""lens"": ""pc1"", ""lens_scaling"": ""standardize"", ""min_cluster_size"": 18, ""min_samples"": 5, ""n_class"": 337, ""n_edges"": 4, ""n_intervals"": 5, ""n_vertices"": 5, ""noise_reassigned"": 309, ""placement"": ""quantile"", ""slabs"": [{""k"": 1, ""n"": 76}, {""k"": 1, ""n"": 84}, {""k"": 1, ""n"": 85}, {""k"": 1, ""n"": 84}, {""k"": 1, ""n"": 76}]}], ""soundness_bound_holds"": true, ""step_rule"": ""scale_free"", ""topology_retention_nerve_to_frozen"": {""beta0_frozen"": 15, ""beta0_nerve"": 11, ""beta1_frozen"": 0, ""beta1_nerve"": 0}}",True
0.9472727272727273,25,False,0.005050505050505051,0.005,,3.7827870000037365,3.7827870000037365,0.0,texture,7,,SPINE+Graph,10,25,550,4950,0.9949494949494949,1040474172,False,"{""admission"": {""criterion"": ""risk"", ""removed_risk"": 4, ""removed_support"": 0}, ""betti_final"": [[1, 0], [1, 0], [1, 0], [2, 0], [1, 0], [2, 0], [1, 0], [2, 0], [1, 0], [1, 0], [1, 0]], ""betti_frozen"": [[1, 0], [1, 0], [1, 0], [2, 0], [1, 0], [3, 0], [1, 0], [2, 0], [1, 0], [1, 0], [1, 0]], ""betti_nerve"": [[1, 0], [1, 0], [1, 0], [1, 0], [1, 0], [1, 0], [1, 0], [1, 0], [1, 0], [1, 0], [1, 0]], ""boundary_restriction"": ""both"", ""forced_removals"": 1, ""growth_representation_fallbacks"": 0, ""invariant_held"": false, ""n_segments"": 11, ""n_train_fit"": 3712, ""n_val"": 1238, ""phase0"": [{""constant_lens"": false, ""gain"": 0.25, ""lens"": ""pc1"", ""lens_scaling"": ""standardize"", ""min_cluster_size"": 18, ""min_samples"": 5, ""n_class"": 337, ""n_edges"": 4, ""n_intervals"": 5, ""n_vertices"": 5, ""noise_reassigned"": 312, ""placement"": ""quantile"", ""slabs"": [{""k"": 1, ""n"": 76}, {""k"": 1, ""n"": 84}, {""k"": 1, ""n"": 85}, {""k"": 1, ""n"": 84}, {""k"": 1, ""n"": 76}]}, {""constant_lens"": false, ""gain"": 0.25, ""lens"": ""pc1"", ""lens_scaling"": ""standardize"", ""min_cluster_size"": 18, ""min_samples"": 5, ""n_class"": 338, ""n_edges"": 4, ""n_intervals"": 5, ""n_vertices"": 5, ""noise_reassigned"": 313, ""placement"": ""quantile"", ""slabs"": [{""k"": 1, ""n"": 76}, {""k"": 1, ""n"": 85}, {""k"": 1, ""n"": 84}, {""k"": 1, ""n"": 85}, {""k"": 1, ""n"": 76}]}, {""constant_lens"": false, ""gain"": 0.25, ""lens"": ""pc1"", ""lens_scaling"": ""standardize"", ""min_cluster_size"": 18, ""min_samples"": 5, ""n_class"": 337, ""n_edges"": 4, ""n_intervals"": 5, ""n_vertices"": 5, ""noise_reassigned"": 306, ""placement"": ""quantile"", ""slabs"": [{""k"": 1, ""n"": 76}, {""k"": 1, ""n"": 84}, {""k"": 1, ""n"": 85}, {""k"": 1, ""n"": 84}, {""k"": 1, ""n"": 76}]}, {""constant_lens"": false, ""gain"": 0.25, ""lens"": ""pc1"", ""lens_scaling"": ""standardize"", ""min_cluster_size"": 18, ""min_samples"": 5, ""n_class"": 337, ""n_edges"": 4, ""n_intervals"": 5, ""n_vertices"": 5, ""noise_reassigned"": 247, ""placement"": ""quantile"", ""slabs"": [{""k"": 1, ""n"": 76}, {""k"": 1, ""n"": 84}, {""k"": 1, ""n"": 85}, {""k"": 1, ""n"": 84}, {""k"": 1, ""n"": 76}]}, {""constant_lens"": false, ""gain"": 0.25, ""lens"": ""pc1"", ""lens_scaling"": ""standardize"", ""min_cluster_size"": 18, ""min_samples"": 5, ""n_class"": 338, ""n_edges"": 4, ""n_intervals"": 5, ""n_vertices"": 5, ""noise_reassigned"": 314, ""placement"": ""quantile"", ""slabs"": [{""k"": 1, ""n"": 76}, {""k"": 1, ""n"": 85}, {""k"": 1, ""n"": 84}, {""k"": 1, ""n"": 85}, {""k"": 1, ""n"": 76}]}, {""constant_lens"": false, ""gain"": 0.25, ""lens"": ""pc1"", ""lens_scaling"": ""standardize"", ""min_cluster_size"": 18, ""min_samples"": 5, ""n_class"": 337, ""n_edges"": 4, ""n_intervals"": 5, ""n_vertices"": 5, ""noise_reassigned"": 302, ""placement"": ""quantile"", ""slabs"": [{""k"": 1, ""n"": 76}, {""k"": 1, ""n"": 84}, {""k"": 1, ""n"": 85}, {""k"": 1, ""n"": 84}, {""k"": 1, ""n"": 76}]}, {""constant_lens"": false, ""gain"": 0.25, ""lens"": ""pc1"", ""lens_scaling"": ""standardize"", ""min_cluster_size"": 18, ""min_samples"": 5, ""n_class"": 338, ""n_edges"": 4, ""n_intervals"": 5, ""n_vertices"": 5, ""noise_reassigned"": 314, ""placement"": ""quantile"", ""slabs"": [{""k"": 1, ""n"": 76}, {""k"": 1, ""n"": 85}, {""k"": 1, ""n"": 84}, {""k"": 1, ""n"": 85}, {""k"": 1, ""n"": 76}]}, {""constant_lens"": false, ""gain"": 0.25, ""lens"": ""pc1"", ""lens_scaling"": ""standardize"", ""min_cluster_size"": 18, ""min_samples"": 5, ""n_class"": 338, ""n_edges"": 4, ""n_intervals"": 5, ""n_vertices"": 5, ""noise_reassigned"": 311, ""placement"": ""quantile"", ""slabs"": [{""k"": 1, ""n"": 76}, {""k"": 1, ""n"": 85}, {""k"": 1, ""n"": 84}, {""k"": 1, ""n"": 85}, {""k"": 1, ""n"": 76}]}, {""constant_lens"": false, ""gain"": 0.25, ""lens"": ""pc1"", ""lens_scaling"": ""standardize"", ""min_cluster_size"": 18, ""min_samples"": 5, ""n_class"": 338, ""n_edges"": 4, ""n_intervals"": 5, ""n_vertices"": 5, ""noise_reassigned"": 312, ""placement"": ""quantile"", ""slabs"": [{""k"": 1, ""n"": 76}, {""k"": 1, ""n"": 85}, {""k"": 1, ""n"": 84}, {""k"": 1, ""n"": 85}, {""k"": 1, ""n"": 76}]}, {""constant_lens"": false, ""gain"": 0.25, ""lens"": ""pc1"", ""lens_scaling"": ""standardize"", ""min_cluster_size"": 18, ""min_samples"": 5, ""n_class"": 337, ""n_edges"": 4, ""n_intervals"": 5, ""n_vertices"": 5, ""noise_reassigned"": 309, ""placement"": ""quantile"", ""slabs"": [{""k"": 1, ""n"": 76}, {""k"": 1, ""n"": 84}, {""k"": 1, ""n"": 85}, {""k"": 1, ""n"": 84}, {""k"": 1, ""n"": 76}]}, {""constant_lens"": false, ""gain"": 0.25, ""lens"": ""pc1"", ""lens_scaling"": ""standardize"", ""min_cluster_size"": 18, ""min_samples"": 5, ""n_class"": 337, ""n_edges"": 4, ""n_intervals"": 5, ""n_vertices"": 5, ""noise_reassigned"": 309, ""placement"": ""quantile"", ""slabs"": [{""k"": 1, ""n"": 76}, {""k"": 1, ""n"": 84}, {""k"": 1, ""n"": 85}, {""k"": 1, ""n"": 84}, {""k"": 1, ""n"": 76}]}], ""soundness_bound_holds"": true, ""step_rule"": ""scale_free"", ""topology_retention_nerve_to_frozen"": {""beta0_frozen"": 15, ""beta0_nerve"": 11, ""beta1_frozen"": 0, ""beta1_nerve"": 0}}",True
0.9636363636363636,25,False,0.005050505050505051,0.005,,2.125125000020489,44.19633700005943,42.07121200003894,texture,7,"{""epsilon"": 0.1, ""window"": 0.2}",LVQ3,10,25,550,4950,0.9949494949494949,1040474172,False,,True
0.8472727272727273,25,False,0.005050505050505051,0.005,"{""0"": 3, ""1"": 3, ""10"": 2, ""2"": 3, ""3"": 2, ""4"": 2, ""5"": 2, ""6"": 2, ""7"": 2, ""8"": 2, ""9"": 2}",0.5456029999768361,0.5456029999768361,0.0,texture,7,,KMeans,10,25,550,4950,0.9949494949494949,1040474172,False,,True
0.7363636363636363,25,False,0.005050505050505051,0.005,"{""0"": 3, ""1"": 3, ""10"": 2, ""2"": 3, ""3"": 2, ""4"": 2, ""5"": 2, ""6"": 2, ""7"": 2, ""8"": 2, ""9"": 2}",0.0014220000011846423,0.0014220000011846423,0.0,texture,7,,Random,10,25,550,4950,0.9949494949494949,1040474172,False,,True
0.7890909090909091,25,False,0.005050505050505051,0.005,,1.6577539999852888,1.6577539999852888,0.0,texture,7,,SPOT,10,25,550,4950,0.9949494949494949,1040474172,False,,True
0.9109090909090909,25,False,0.005050505050505051,0.005,,5.575377999979537,5.575377999979537,0.0,texture,7,,GLVQ,10,25,550,4950,0.9949494949494949,1040474172,False,,True
0.8763636363636363,25,False,0.005050505050505051,0.005,,0.6083549999748357,0.6083549999748357,0.0,texture,7,,GNG,10,25,550,4950,0.9949494949494949,1040474172,False,,True
0.9963636363636363,50,False,0.010101010101010102,0.01,,0.0013679999974556267,0.0013679999974556267,0.0,texture,7,,Full,10,4950,550,4950,0.0,1040474172,True,,False
0.9945454545454545,50,False,0.010101010101010102,0.01,,1.7054669999633916,1.7054669999633916,0.0,texture,7,,RSP3,10,874,550,4950,0.8234343434343434,1040474172,True,,False
0.96,50,False,0.010101010101010102,0.01,,0.7633369999821298,0.7633369999821298,0.0,texture,7,,RHC,10,268,550,4950,0.9458585858585858,1040474172,True,,False
0.9545454545454546,50,False,0.010101010101010102,0.01,,4.286674999981187,4.286674999981187,0.0,texture,7,,SPINE+1NN,10,50,550,4950,0.98989898989899,1040474172,False,"{""admission"": {""criterion"": ""risk"", ""removed_risk"": 4, ""removed_support"": 0}, ""betti_final"": [[1, 0], [1, 0], [1, 0], [2, 0], [1, 0], [3, 0], [1, 0], [2, 0], [1, 0], [1, 0], [1, 0]], ""betti_frozen"": [[1, 0], [1, 0], [1, 0], [2, 0], [1, 0], [3, 0], [1, 0], [2, 0], [1, 0], [1, 0], [1, 0]], ""betti_nerve"": [[1, 0], [1, 0], [1, 0], [1, 0], [1, 0], [1, 0], [1, 0], [1, 0], [1, 0], [1, 0], [1, 0]], ""boundary_restriction"": ""both"", ""forced_removals"": 0, ""growth_representation_fallbacks"": 2, ""invariant_held"": true, ""n_segments"": 35, ""n_train_fit"": 3712, ""n_val"": 1238, ""phase0"": [{""constant_lens"": false, ""gain"": 0.25, ""lens"": ""pc1"", ""lens_scaling"": ""standardize"", ""min_cluster_size"": 18, ""min_samples"": 5, ""n_class"": 337, ""n_edges"": 4, ""n_intervals"": 5, ""n_vertices"": 5, ""noise_reassigned"": 312, ""placement"": ""quantile"", ""slabs"": [{""k"": 1, ""n"": 76}, {""k"": 1, ""n"": 84}, {""k"": 1, ""n"": 85}, {""k"": 1, ""n"": 84}, {""k"": 1, ""n"": 76}]}, {""constant_lens"": false, ""gain"": 0.25, ""lens"": ""pc1"", ""lens_scaling"": ""standardize"", ""min_cluster_size"": 18, ""min_samples"": 5, ""n_class"": 338, ""n_edges"": 4, ""n_intervals"": 5, ""n_vertices"": 5, ""noise_reassigned"": 313, ""placement"": ""quantile"", ""slabs"": [{""k"": 1, ""n"": 76}, {""k"": 1, ""n"": 85}, {""k"": 1, ""n"": 84}, {""k"": 1, ""n"": 85}, {""k"": 1, ""n"": 76}]}, {""constant_lens"": false, ""gain"": 0.25, ""lens"": ""pc1"", ""lens_scaling"": ""standardize"", ""min_cluster_size"": 18, ""min_samples"": 5, ""n_class"": 337, ""n_edges"": 4, ""n_intervals"": 5, ""n_vertices"": 5, ""noise_reassigned"": 306, ""placement"": ""quantile"", ""slabs"": [{""k"": 1, ""n"": 76}, {""k"": 1, ""n"": 84}, {""k"": 1, ""n"": 85}, {""k"": 1, ""n"": 84}, {""k"": 1, ""n"": 76}]}, {""constant_lens"": false, ""gain"": 0.25, ""lens"": ""pc1"", ""lens_scaling"": ""standardize"", ""min_cluster_size"": 18, ""min_samples"": 5, ""n_class"": 337, ""n_edges"": 4, ""n_intervals"": 5, ""n_vertices"": 5, ""noise_reassigned"": 247, ""placement"": ""quantile"", ""slabs"": [{""k"": 1, ""n"": 76}, {""k"": 1, ""n"": 84}, {""k"": 1, ""n"": 85}, {""k"": 1, ""n"": 84}, {""k"": 1, ""n"": 76}]}, {""constant_lens"": false, ""gain"": 0.25, ""lens"": ""pc1"", ""lens_scaling"": ""standardize"", ""min_cluster_size"": 18, ""min_samples"": 5, ""n_class"": 338, ""n_edges"": 4, ""n_intervals"": 5, ""n_vertices"": 5, ""noise_reassigned"": 314, ""placement"": ""quantile"", ""slabs"": [{""k"": 1, ""n"": 76}, {""k"": 1, ""n"": 85}, {""k"": 1, ""n"": 84}, {""k"": 1, ""n"": 85}, {""k"": 1, ""n"": 76}]}, {""constant_lens"": false, ""gain"": 0.25, ""lens"": ""pc1"", ""lens_scaling"": ""standardize"", ""min_cluster_size"": 18, ""min_samples"": 5, ""n_class"": 337, ""n_edges"": 4, ""n_intervals"": 5, ""n_vertices"": 5, ""noise_reassigned"": 302, ""placement"": ""quantile"", ""slabs"": [{""k"": 1, ""n"": 76}, {""k"": 1, ""n"": 84}, {""k"": 1, ""n"": 85}, {""k"": 1, ""n"": 84}, {""k"": 1, ""n"": 76}]}, {""constant_lens"": false, ""gain"": 0.25, ""lens"": ""pc1"", ""lens_scaling"": ""standardize"", ""min_cluster_size"": 18, ""min_samples"": 5, ""n_class"": 338, ""n_edges"": 4, ""n_intervals"": 5, ""n_vertices"": 5, ""noise_reassigned"": 314, ""placement"": ""quantile"", ""slabs"": [{""k"": 1, ""n"": 76}, {""k"": 1, ""n"": 85}, {""k"": 1, ""n"": 84}, {""k"": 1, ""n"": 85}, {""k"": 1, ""n"": 76}]}, {""constant_lens"": false, ""gain"": 0.25, ""lens"": ""pc1"", ""lens_scaling"": ""standardize"", ""min_cluster_size"": 18, ""min_samples"": 5, ""n_class"": 338, ""n_edges"": 4, ""n_intervals"": 5, ""n_vertices"": 5, ""noise_reassigned"": 311, ""placement"": ""quantile"", ""slabs"": [{""k"": 1, ""n"": 76}, {""k"": 1, ""n"": 85}, {""k"": 1, ""n"": 84}, {""k"": 1, ""n"": 85}, {""k"": 1, ""n"": 76}]}, {""constant_lens"": false, ""gain"": 0.25, ""lens"": ""pc1"", ""lens_scaling"": ""standardize"", ""min_cluster_size"": 18, ""min_samples"": 5, ""n_class"": 338, ""n_edges"": 4, ""n_intervals"": 5, ""n_vertices"": 5, ""noise_reassigned"": 312, ""placement"": ""quantile"", ""slabs"": [{""k"": 1, ""n"": 76}, {""k"": 1, ""n"": 85}, {""k"": 1, ""n"": 84}, {""k"": 1, ""n"": 85}, {""k"": 1, ""n"": 76}]}, {""constant_lens"": false, ""gain"": 0.25, ""lens"": ""pc1"", ""lens_scaling"": ""standardize"", ""min_cluster_size"": 18, ""min_samples"": 5, ""n_class"": 337, ""n_edges"": 4, ""n_intervals"": 5, ""n_vertices"": 5, ""noise_reassigned"": 309, ""placement"": ""quantile"", ""slabs"": [{""k"": 1, ""n"": 76}, {""k"": 1, ""n"": 84}, {""k"": 1, ""n"": 85}, {""k"": 1, ""n"": 84}, {""k"": 1, ""n"": 76}]}, {""constant_lens"": false, ""gain"": 0.25, ""lens"": ""pc1"", ""lens_scaling"": ""standardize"", ""min_cluster_size"": 18, ""min_samples"": 5, ""n_class"": 337, ""n_edges"": 4, ""n_intervals"": 5, ""n_vertices"": 5, ""noise_reassigned"": 309, ""placement"": ""quantile"", ""slabs"": [{""k"": 1, ""n"": 76}, {""k"": 1, ""n"": 84}, {""k"": 1, ""n"": 85}, {""k"": 1, ""n"": 84}, {""k"": 1, ""n"": 76}]}], ""soundness_bound_holds"": true, ""step_rule"": ""scale_free"", ""topology_retention_nerve_to_frozen"": {""beta0_frozen"": 15, ""beta0_nerve"": 11, ""beta1_frozen"": 0, ""beta1_nerve"": 0}}",True
0.9636363636363636,50,False,0.010101010101010102,0.01,,4.286674999981187,4.286674999981187,0.0,texture,7,,SPINE+Graph,10,50,550,4950,0.98989898989899,1040474172,False,"{""admission"": {""criterion"": ""risk"", ""removed_risk"": 4, ""removed_support"": 0}, ""betti_final"": [[1, 0], [1, 0], [1, 0], [2, 0], [1, 0], [3, 0], [1, 0], [2, 0], [1, 0], [1, 0], [1, 0]], ""betti_frozen"": [[1, 0], [1, 0], [1, 0], [2, 0], [1, 0], [3, 0], [1, 0], [2, 0], [1, 0], [1, 0], [1, 0]], ""betti_nerve"": [[1, 0], [1, 0], [1, 0], [1, 0], [1, 0], [1, 0], [1, 0], [1, 0], [1, 0], [1, 0], [1, 0]], ""boundary_restriction"": ""both"", ""forced_removals"": 0, ""growth_representation_fallbacks"": 2, ""invariant_held"": true, ""n_segments"": 35, ""n_train_fit"": 3712, ""n_val"": 1238, ""phase0"": [{""constant_lens"": false, ""gain"": 0.25, ""lens"": ""pc1"", ""lens_scaling"": ""standardize"", ""min_cluster_size"": 18, ""min_samples"": 5, ""n_class"": 337, ""n_edges"": 4, ""n_intervals"": 5, ""n_vertices"": 5, ""noise_reassigned"": 312, ""placement"": ""quantile"", ""slabs"": [{""k"": 1, ""n"": 76}, {""k"": 1, ""n"": 84}, {""k"": 1, ""n"": 85}, {""k"": 1, ""n"": 84}, {""k"": 1, ""n"": 76}]}, {""constant_lens"": false, ""gain"": 0.25, ""lens"": ""pc1"", ""lens_scaling"": ""standardize"", ""min_cluster_size"": 18, ""min_samples"": 5, ""n_class"": 338, ""n_edges"": 4, ""n_intervals"": 5, ""n_vertices"": 5, ""noise_reassigned"": 313, ""placement"": ""quantile"", ""slabs"": [{""k"": 1, ""n"": 76}, {""k"": 1, ""n"": 85}, {""k"": 1, ""n"": 84}, {""k"": 1, ""n"": 85}, {""k"": 1, ""n"": 76}]}, {""constant_lens"": false, ""gain"": 0.25, ""lens"": ""pc1"", ""lens_scaling"": ""standardize"", ""min_cluster_size"": 18, ""min_samples"": 5, ""n_class"": 337, ""n_edges"": 4, ""n_intervals"": 5, ""n_vertices"": 5, ""noise_reassigned"": 306, ""placement"": ""quantile"", ""slabs"": [{""k"": 1, ""n"": 76}, {""k"": 1, ""n"": 84}, {""k"": 1, ""n"": 85}, {""k"": 1, ""n"": 84}, {""k"": 1, ""n"": 76}]}, {""constant_lens"": false, ""gain"": 0.25, ""lens"": ""pc1"", ""lens_scaling"": ""standardize"", ""min_cluster_size"": 18, ""min_samples"": 5, ""n_class"": 337, ""n_edges"": 4, ""n_intervals"": 5, ""n_vertices"": 5, ""noise_reassigned"": 247, ""placement"": ""quantile"", ""slabs"": [{""k"": 1, ""n"": 76}, {""k"": 1, ""n"": 84}, {""k"": 1, ""n"": 85}, {""k"": 1, ""n"": 84}, {""k"": 1, ""n"": 76}]}, {""constant_lens"": false, ""gain"": 0.25, ""lens"": ""pc1"", ""lens_scaling"": ""standardize"", ""min_cluster_size"": 18, ""min_samples"": 5, ""n_class"": 338, ""n_edges"": 4, ""n_intervals"": 5, ""n_vertices"": 5, ""noise_reassigned"": 314, ""placement"": ""quantile"", ""slabs"": [{""k"": 1, ""n"": 76}, {""k"": 1, ""n"": 85}, {""k"": 1, ""n"": 84}, {""k"": 1, ""n"": 85}, {""k"": 1, ""n"": 76}]}, {""constant_lens"": false, ""gain"": 0.25, ""lens"": ""pc1"", ""lens_scaling"": ""standardize"", ""min_cluster_size"": 18, ""min_samples"": 5, ""n_class"": 337, ""n_edges"": 4, ""n_intervals"": 5, ""n_vertices"": 5, ""noise_reassigned"": 302, ""placement"": ""quantile"", ""slabs"": [{""k"": 1, ""n"": 76}, {""k"": 1, ""n"": 84}, {""k"": 1, ""n"": 85}, {""k"": 1, ""n"": 84}, {""k"": 1, ""n"": 76}]}, {""constant_lens"": false, ""gain"": 0.25, ""lens"": ""pc1"", ""lens_scaling"": ""standardize"", ""min_cluster_size"": 18, ""min_samples"": 5, ""n_class"": 338, ""n_edges"": 4, ""n_intervals"": 5, ""n_vertices"": 5, ""noise_reassigned"": 314, ""placement"": ""quantile"", ""slabs"": [{""k"": 1, ""n"": 76}, {""k"": 1, ""n"": 85}, {""k"": 1, ""n"": 84}, {""k"": 1, ""n"": 85}, {""k"": 1, ""n"": 76}]}, {""constant_lens"": false, ""gain"": 0.25, ""lens"": ""pc1"", ""lens_scaling"": ""standardize"", ""min_cluster_size"": 18, ""min_samples"": 5, ""n_class"": 338, ""n_edges"": 4, ""n_intervals"": 5, ""n_vertices"": 5, ""noise_reassigned"": 311, ""placement"": ""quantile"", ""slabs"": [{""k"": 1, ""n"": 76}, {""k"": 1, ""n"": 85}, {""k"": 1, ""n"": 84}, {""k"": 1, ""n"": 85}, {""k"": 1, ""n"": 76}]}, {""constant_lens"": false, ""gain"": 0.25, ""lens"": ""pc1"", ""lens_scaling"": ""standardize"", ""min_cluster_size"": 18, ""min_samples"": 5, ""n_class"": 338, ""n_edges"": 4, ""n_intervals"": 5, ""n_vertices"": 5, ""noise_reassigned"": 312, ""placement"": ""quantile"", ""slabs"": [{""k"": 1, ""n"": 76}, {""k"": 1, ""n"": 85}, {""k"": 1, ""n"": 84}, {""k"": 1, ""n"": 85}, {""k"": 1, ""n"": 76}]}, {""constant_lens"": false, ""gain"": 0.25, ""lens"": ""pc1"", ""lens_scaling"": ""standardize"", ""min_cluster_size"": 18, ""min_samples"": 5, ""n_class"": 337, ""n_edges"": 4, ""n_intervals"": 5, ""n_vertices"": 5, ""noise_reassigned"": 309, ""placement"": ""quantile"", ""slabs"": [{""k"": 1, ""n"": 76}, {""k"": 1, ""n"": 84}, {""k"": 1, ""n"": 85}, {""k"": 1, ""n"": 84}, {""k"": 1, ""n"": 76}]}, {""constant_lens"": false, ""gain"": 0.25, ""lens"": ""pc1"", ""lens_scaling"": ""standardize"", ""min_cluster_size"": 18, ""min_samples"": 5, ""n_class"": 337, ""n_edges"": 4, ""n_intervals"": 5, ""n_vertices"": 5, ""noise_reassigned"": 309, ""placement"": ""quantile"", ""slabs"": [{""k"": 1, ""n"": 76}, {""k"": 1, ""n"": 84}, {""k"": 1, ""n"": 85}, {""k"": 1, ""n"": 84}, {""k"": 1, ""n"": 76}]}], ""soundness_bound_holds"": true, ""step_rule"": ""scale_free"", ""topology_retention_nerve_to_frozen"": {""beta0_frozen"": 15, ""beta0_nerve"": 11, ""beta1_frozen"": 0, ""beta1_nerve"": 0}}",True
0.9763636363636363,50,False,0.010101010101010102,0.01,,2.5164029999868944,46.08533400000306,43.568931000016164,texture,7,"{""epsilon"": 0.1, ""window"": 0.2}",LVQ3,10,50,550,4950,0.98989898989899,1040474172,False,,True
0.9327272727272727,50,False,0.010101010101010102,0.01,"{""0"": 5, ""1"": 5, ""10"": 4, ""2"": 5, ""3"": 5, ""4"": 5, ""5"": 5, ""6"": 4, ""7"": 4, ""8"": 4, ""9"": 4}",0.8041739999898709,0.8041739999898709,0.0,texture,7,,KMeans,10,50,550,4950,0.98989898989899,1040474172,False,,True
0.7909090909090909,50,False,0.010101010101010102,0.01,"{""0"": 5, ""1"": 5, ""10"": 4, ""2"": 5, ""3"": 5, ""4"": 5, ""5"": 5, ""6"": 4, ""7"": 4, ""8"": 4, ""9"": 4}",0.0014020000235177577,0.0014020000235177577,0.0,texture,7,,Random,10,50,550,4950,0.98989898989899,1040474172,False,,True
0.8763636363636363,50,False,0.010101010101010102,0.01,,1.7227870000060648,1.7227870000060648,0.0,texture,7,,SPOT,10,50,550,4950,0.98989898989899,1040474172,False,,True
0.9218181818181819,50,False,0.010101010101010102,0.01,,8.188844999996945,8.188844999996945,0.0,texture,7,,GLVQ,10,50,550,4950,0.98989898989899,1040474172,False,,True
0.9309090909090909,50,False,0.010101010101010102,0.01,,1.0600459999986924,1.0600459999986924,0.0,texture,7,,GNG,10,50,550,4950,0.98989898989899,1040474172,False,,True
0.9963636363636363,99,False,0.02,0.02,,0.0013679999974556267,0.0013679999974556267,0.0,texture,7,,Full,10,4950,550,4950,0.0,1040474172,True,,False
0.9945454545454545,99,False,0.02,0.02,,1.7054669999633916,1.7054669999633916,0.0,texture,7,,RSP3,10,874,550,4950,0.8234343434343434,1040474172,True,,False
0.96,99,False,0.02,0.02,,0.7633369999821298,0.7633369999821298,0.0,texture,7,,RHC,10,268,550,4950,0.9458585858585858,1040474172,True,,False
0.9636363636363636,99,False,0.02,0.02,,4.8216559999855235,4.8216559999855235,0.0,texture,7,,SPINE+1NN,10,99,550,4950,0.98,1040474172,False,"{""admission"": {""criterion"": ""risk"", ""removed_risk"": 4, ""removed_support"": 0}, ""betti_final"": [[1, 0], [1, 0], [1, 0], [2, 0], [1, 0], [3, 0], [1, 0], [2, 0], [1, 0], [1, 0], [1, 0]], ""betti_frozen"": [[1, 0], [1, 0], [1, 0], [2, 0], [1, 0], [3, 0], [1, 0], [2, 0], [1, 0], [1, 0], [1, 0]], ""betti_nerve"": [[1, 0], [1, 0], [1, 0], [1, 0], [1, 0], [1, 0], [1, 0], [1, 0], [1, 0], [1, 0], [1, 0]], ""boundary_restriction"": ""both"", ""forced_removals"": 0, ""growth_representation_fallbacks"": 21, ""invariant_held"": true, ""n_segments"": 84, ""n_train_fit"": 3712, ""n_val"": 1238, ""phase0"": [{""constant_lens"": false, ""gain"": 0.25, ""lens"": ""pc1"", ""lens_scaling"": ""standardize"", ""min_cluster_size"": 18, ""min_samples"": 5, ""n_class"": 337, ""n_edges"": 4, ""n_intervals"": 5, ""n_vertices"": 5, ""noise_reassigned"": 312, ""placement"": ""quantile"", ""slabs"": [{""k"": 1, ""n"": 76}, {""k"": 1, ""n"": 84}, {""k"": 1, ""n"": 85}, {""k"": 1, ""n"": 84}, {""k"": 1, ""n"": 76}]}, {""constant_lens"": false, ""gain"": 0.25, ""lens"": ""pc1"", ""lens_scaling"": ""standardize"", ""min_cluster_size"": 18, ""min_samples"": 5, ""n_class"": 338, ""n_edges"": 4, ""n_intervals"": 5, ""n_vertices"": 5, ""noise_reassigned"": 313, ""placement"": ""quantile"", ""slabs"": [{""k"": 1, ""n"": 76}, {""k"": 1, ""n"": 85}, {""k"": 1, ""n"": 84}, {""k"": 1, ""n"": 85}, {""k"": 1, ""n"": 76}]}, {""constant_lens"": false, ""gain"": 0.25, ""lens"": ""pc1"", ""lens_scaling"": ""standardize"", ""min_cluster_size"": 18, ""min_samples"": 5, ""n_class"": 337, ""n_edges"": 4, ""n_intervals"": 5, ""n_vertices"": 5, ""noise_reassigned"": 306, ""placement"": ""quantile"", ""slabs"": [{""k"": 1, ""n"": 76}, {""k"": 1, ""n"": 84}, {""k"": 1, ""n"": 85}, {""k"": 1, ""n"": 84}, {""k"": 1, ""n"": 76}]}, {""constant_lens"": false, ""gain"": 0.25, ""lens"": ""pc1"", ""lens_scaling"": ""standardize"", ""min_cluster_size"": 18, ""min_samples"": 5, ""n_class"": 337, ""n_edges"": 4, ""n_intervals"": 5, ""n_vertices"": 5, ""noise_reassigned"": 247, ""placement"": ""quantile"", ""slabs"": [{""k"": 1, ""n"": 76}, {""k"": 1, ""n"": 84}, {""k"": 1, ""n"": 85}, {""k"": 1, ""n"": 84}, {""k"": 1, ""n"": 76}]}, {""constant_lens"": false, ""gain"": 0.25, ""lens"": ""pc1"", ""lens_scaling"": ""standardize"", ""min_cluster_size"": 18, ""min_samples"": 5, ""n_class"": 338, ""n_edges"": 4, ""n_intervals"": 5, ""n_vertices"": 5, ""noise_reassigned"": 314, ""placement"": ""quantile"", ""slabs"": [{""k"": 1, ""n"": 76}, {""k"": 1, ""n"": 85}, {""k"": 1, ""n"": 84}, {""k"": 1, ""n"": 85}, {""k"": 1, ""n"": 76}]}, {""constant_lens"": false, ""gain"": 0.25, ""lens"": ""pc1"", ""lens_scaling"": ""standardize"", ""min_cluster_size"": 18, ""min_samples"": 5, ""n_class"": 337, ""n_edges"": 4, ""n_intervals"": 5, ""n_vertices"": 5, ""noise_reassigned"": 302, ""placement"": ""quantile"", ""slabs"": [{""k"": 1, ""n"": 76}, {""k"": 1, ""n"": 84}, {""k"": 1, ""n"": 85}, {""k"": 1, ""n"": 84}, {""k"": 1, ""n"": 76}]}, {""constant_lens"": false, ""gain"": 0.25, ""lens"": ""pc1"", ""lens_scaling"": ""standardize"", ""min_cluster_size"": 18, ""min_samples"": 5, ""n_class"": 338, ""n_edges"": 4, ""n_intervals"": 5, ""n_vertices"": 5, ""noise_reassigned"": 314, ""placement"": ""quantile"", ""slabs"": [{""k"": 1, ""n"": 76}, {""k"": 1, ""n"": 85}, {""k"": 1, ""n"": 84}, {""k"": 1, ""n"": 85}, {""k"": 1, ""n"": 76}]}, {""constant_lens"": false, ""gain"": 0.25, ""lens"": ""pc1"", ""lens_scaling"": ""standardize"", ""min_cluster_size"": 18, ""min_samples"": 5, ""n_class"": 338, ""n_edges"": 4, ""n_intervals"": 5, ""n_vertices"": 5, ""noise_reassigned"": 311, ""placement"": ""quantile"", ""slabs"": [{""k"": 1, ""n"": 76}, {""k"": 1, ""n"": 85}, {""k"": 1, ""n"": 84}, {""k"": 1, ""n"": 85}, {""k"": 1, ""n"": 76}]}, {""constant_lens"": false, ""gain"": 0.25, ""lens"": ""pc1"", ""lens_scaling"": ""standardize"", ""min_cluster_size"": 18, ""min_samples"": 5, ""n_class"": 338, ""n_edges"": 4, ""n_intervals"": 5, ""n_vertices"": 5, ""noise_reassigned"": 312, ""placement"": ""quantile"", ""slabs"": [{""k"": 1, ""n"": 76}, {""k"": 1, ""n"": 85}, {""k"": 1, ""n"": 84}, {""k"": 1, ""n"": 85}, {""k"": 1, ""n"": 76}]}, {""constant_lens"": false, ""gain"": 0.25, ""lens"": ""pc1"", ""lens_scaling"": ""standardize"", ""min_cluster_size"": 18, ""min_samples"": 5, ""n_class"": 337, ""n_edges"": 4, ""n_intervals"": 5, ""n_vertices"": 5, ""noise_reassigned"": 309, ""placement"": ""quantile"", ""slabs"": [{""k"": 1, ""n"": 76}, {""k"": 1, ""n"": 84}, {""k"": 1, ""n"": 85}, {""k"": 1, ""n"": 84}, {""k"": 1, ""n"": 76}]}, {""constant_lens"": false, ""gain"": 0.25, ""lens"": ""pc1"", ""lens_scaling"": ""standardize"", ""min_cluster_size"": 18, ""min_samples"": 5, ""n_class"": 337, ""n_edges"": 4, ""n_intervals"": 5, ""n_vertices"": 5, ""noise_reassigned"": 309, ""placement"": ""quantile"", ""slabs"": [{""k"": 1, ""n"": 76}, {""k"": 1, ""n"": 84}, {""k"": 1, ""n"": 85}, {""k"": 1, ""n"": 84}, {""k"": 1, ""n"": 76}]}], ""soundness_bound_holds"": true, ""step_rule"": ""scale_free"", ""topology_retention_nerve_to_frozen"": {""beta0_frozen"": 15, ""beta0_nerve"": 11, ""beta1_frozen"": 0, ""beta1_nerve"": 0}}",True
0.9763636363636363,99,False,0.02,0.02,,4.8216559999855235,4.8216559999855235,0.0,texture,7,,SPINE+Graph,10,99,550,4950,0.98,1040474172,False,"{""admission"": {""criterion"": ""risk"", ""removed_risk"": 4, ""removed_support"": 0}, ""betti_final"": [[1, 0], [1, 0], [1, 0], [2, 0], [1, 0], [3, 0], [1, 0], [2, 0], [1, 0], [1, 0], [1, 0]], ""betti_frozen"": [[1, 0], [1, 0], [1, 0], [2, 0], [1, 0], [3, 0], [1, 0], [2, 0], [1, 0], [1, 0], [1, 0]], ""betti_nerve"": [[1, 0], [1, 0], [1, 0], [1, 0], [1, 0], [1, 0], [1, 0], [1, 0], [1, 0], [1, 0], [1, 0]], ""boundary_restriction"": ""both"", ""forced_removals"": 0, ""growth_representation_fallbacks"": 21, ""invariant_held"": true, ""n_segments"": 84, ""n_train_fit"": 3712, ""n_val"": 1238, ""phase0"": [{""constant_lens"": false, ""gain"": 0.25, ""lens"": ""pc1"", ""lens_scaling"": ""standardize"", ""min_cluster_size"": 18, ""min_samples"": 5, ""n_class"": 337, ""n_edges"": 4, ""n_intervals"": 5, ""n_vertices"": 5, ""noise_reassigned"": 312, ""placement"": ""quantile"", ""slabs"": [{""k"": 1, ""n"": 76}, {""k"": 1, ""n"": 84}, {""k"": 1, ""n"": 85}, {""k"": 1, ""n"": 84}, {""k"": 1, ""n"": 76}]}, {""constant_lens"": false, ""gain"": 0.25, ""lens"": ""pc1"", ""lens_scaling"": ""standardize"", ""min_cluster_size"": 18, ""min_samples"": 5, ""n_class"": 338, ""n_edges"": 4, ""n_intervals"": 5, ""n_vertices"": 5, ""noise_reassigned"": 313, ""placement"": ""quantile"", ""slabs"": [{""k"": 1, ""n"": 76}, {""k"": 1, ""n"": 85}, {""k"": 1, ""n"": 84}, {""k"": 1, ""n"": 85}, {""k"": 1, ""n"": 76}]}, {""constant_lens"": false, ""gain"": 0.25, ""lens"": ""pc1"", ""lens_scaling"": ""standardize"", ""min_cluster_size"": 18, ""min_samples"": 5, ""n_class"": 337, ""n_edges"": 4, ""n_intervals"": 5, ""n_vertices"": 5, ""noise_reassigned"": 306, ""placement"": ""quantile"", ""slabs"": [{""k"": 1, ""n"": 76}, {""k"": 1, ""n"": 84}, {""k"": 1, ""n"": 85}, {""k"": 1, ""n"": 84}, {""k"": 1, ""n"": 76}]}, {""constant_lens"": false, ""gain"": 0.25, ""lens"": ""pc1"", ""lens_scaling"": ""standardize"", ""min_cluster_size"": 18, ""min_samples"": 5, ""n_class"": 337, ""n_edges"": 4, ""n_intervals"": 5, ""n_vertices"": 5, ""noise_reassigned"": 247, ""placement"": ""quantile"", ""slabs"": [{""k"": 1, ""n"": 76}, {""k"": 1, ""n"": 84}, {""k"": 1, ""n"": 85}, {""k"": 1, ""n"": 84}, {""k"": 1, ""n"": 76}]}, {""constant_lens"": false, ""gain"": 0.25, ""lens"": ""pc1"", ""lens_scaling"": ""standardize"", ""min_cluster_size"": 18, ""min_samples"": 5, ""n_class"": 338, ""n_edges"": 4, ""n_intervals"": 5, ""n_vertices"": 5, ""noise_reassigned"": 314, ""placement"": ""quantile"", ""slabs"": [{""k"": 1, ""n"": 76}, {""k"": 1, ""n"": 85}, {""k"": 1, ""n"": 84}, {""k"": 1, ""n"": 85}, {""k"": 1, ""n"": 76}]}, {""constant_lens"": false, ""gain"": 0.25, ""lens"": ""pc1"", ""lens_scaling"": ""standardize"", ""min_cluster_size"": 18, ""min_samples"": 5, ""n_class"": 337, ""n_edges"": 4, ""n_intervals"": 5, ""n_vertices"": 5, ""noise_reassigned"": 302, ""placement"": ""quantile"", ""slabs"": [{""k"": 1, ""n"": 76}, {""k"": 1, ""n"": 84}, {""k"": 1, ""n"": 85}, {""k"": 1, ""n"": 84}, {""k"": 1, ""n"": 76}]}, {""constant_lens"": false, ""gain"": 0.25, ""lens"": ""pc1"", ""lens_scaling"": ""standardize"", ""min_cluster_size"": 18, ""min_samples"": 5, ""n_class"": 338, ""n_edges"": 4, ""n_intervals"": 5, ""n_vertices"": 5, ""noise_reassigned"": 314, ""placement"": ""quantile"", ""slabs"": [{""k"": 1, ""n"": 76}, {""k"": 1, ""n"": 85}, {""k"": 1, ""n"": 84}, {""k"": 1, ""n"": 85}, {""k"": 1, ""n"": 76}]}, {""constant_lens"": false, ""gain"": 0.25, ""lens"": ""pc1"", ""lens_scaling"": ""standardize"", ""min_cluster_size"": 18, ""min_samples"": 5, ""n_class"": 338, ""n_edges"": 4, ""n_intervals"": 5, ""n_vertices"": 5, ""noise_reassigned"": 311, ""placement"": ""quantile"", ""slabs"": [{""k"": 1, ""n"": 76}, {""k"": 1, ""n"": 85}, {""k"": 1, ""n"": 84}, {""k"": 1, ""n"": 85}, {""k"": 1, ""n"": 76}]}, {""constant_lens"": false, ""gain"": 0.25, ""lens"": ""pc1"", ""lens_scaling"": ""standardize"", ""min_cluster_size"": 18, ""min_samples"": 5, ""n_class"": 338, ""n_edges"": 4, ""n_intervals"": 5, ""n_vertices"": 5, ""noise_reassigned"": 312, ""placement"": ""quantile"", ""slabs"": [{""k"": 1, ""n"": 76}, {""k"": 1, ""n"": 85}, {""k"": 1, ""n"": 84}, {""k"": 1, ""n"": 85}, {""k"": 1, ""n"": 76}]}, {""constant_lens"": false, ""gain"": 0.25, ""lens"": ""pc1"", ""lens_scaling"": ""standardize"", ""min_cluster_size"": 18, ""min_samples"": 5, ""n_class"": 337, ""n_edges"": 4, ""n_intervals"": 5, ""n_vertices"": 5, ""noise_reassigned"": 309, ""placement"": ""quantile"", ""slabs"": [{""k"": 1, ""n"": 76}, {""k"": 1, ""n"": 84}, {""k"": 1, ""n"": 85}, {""k"": 1, ""n"": 84}, {""k"": 1, ""n"": 76}]}, {""constant_lens"": false, ""gain"": 0.25, ""lens"": ""pc1"", ""lens_scaling"": ""standardize"", ""min_cluster_size"": 18, ""min_samples"": 5, ""n_class"": 337, ""n_edges"": 4, ""n_intervals"": 5, ""n_vertices"": 5, ""noise_reassigned"": 309, ""placement"": ""quantile"", ""slabs"": [{""k"": 1, ""n"": 76}, {""k"": 1, ""n"": 84}, {""k"": 1, ""n"": 85}, {""k"": 1, ""n"": 84}, {""k"": 1, ""n"": 76}]}], ""soundness_bound_holds"": true, ""step_rule"": ""scale_free"", ""topology_retention_nerve_to_frozen"": {""beta0_frozen"": 15, ""beta0_nerve"": 11, ""beta1_frozen"": 0, ""beta1_nerve"": 0}}",True
0.9854545454545455,99,False,0.02,0.02,,3.168433000042569,60.42393900005845,57.255506000015885,texture,7,"{""epsilon"": 0.1, ""window"": 0.2}",LVQ3,10,99,550,4950,0.98,1040474172,False,,True
0.9490909090909091,99,False,0.02,0.02,"{""0"": 9, ""1"": 9, ""10"": 9, ""2"": 9, ""3"": 9, ""4"": 9, ""5"": 9, ""6"": 9, ""7"": 9, ""8"": 9, ""9"": 9}",0.9491639999905601,0.9491639999905601,0.0,texture,7,,KMeans,10,99,550,4950,0.98,1040474172,False,,True
0.8618181818181818,99,False,0.02,0.02,"{""0"": 9, ""1"": 9, ""10"": 9, ""2"": 9, ""3"": 9, ""4"": 9, ""5"": 9, ""6"": 9, ""7"": 9, ""8"": 9, ""9"": 9}",0.0015479999710805714,0.0015479999710805714,0.0,texture,7,,Random,10,99,550,4950,0.98,1040474172,False,,True
0.9236363636363636,99,False,0.02,0.02,,1.7484300000360236,1.7484300000360236,0.0,texture,7,,SPOT,10,99,550,4950,0.98,1040474172,False,,True
0.9218181818181819,99,False,0.02,0.02,,13.308537999982946,13.308537999982946,0.0,texture,7,,GLVQ,10,99,550,4950,0.98,1040474172,False,,True
0.9581818181818181,99,False,0.02,0.02,,1.7480789999826811,1.7480789999826811,0.0,texture,7,,GNG,10,99,550,4950,0.98,1040474172,False,,True
0.9963636363636363,248,False,0.050101010101010104,0.05,,0.0013679999974556267,0.0013679999974556267,0.0,texture,7,,Full,10,4950,550,4950,0.0,1040474172,True,,False
0.9945454545454545,248,False,0.050101010101010104,0.05,,1.7054669999633916,1.7054669999633916,0.0,texture,7,,RSP3,10,874,550,4950,0.8234343434343434,1040474172,True,,False
0.96,248,False,0.050101010101010104,0.05,,0.7633369999821298,0.7633369999821298,0.0,texture,7,,RHC,10,268,550,4950,0.9458585858585858,1040474172,True,,False
0.9763636363636363,248,False,0.050101010101010104,0.05,,5.8170910000335425,5.8170910000335425,0.0,texture,7,,SPINE+1NN,10,248,550,4950,0.9498989898989899,1040474172,False,"{""admission"": {""criterion"": ""risk"", ""removed_risk"": 4, ""removed_support"": 0}, ""betti_final"": [[1, 0], [1, 0], [1, 0], [2, 0], [1, 0], [3, 0], [1, 0], [2, 0], [1, 0], [1, 0], [1, 0]], ""betti_frozen"": [[1, 0], [1, 0], [1, 0], [2, 0], [1, 0], [3, 0], [1, 0], [2, 0], [1, 0], [1, 0], [1, 0]], ""betti_nerve"": [[1, 0], [1, 0], [1, 0], [1, 0], [1, 0], [1, 0], [1, 0], [1, 0], [1, 0], [1, 0], [1, 0]], ""boundary_restriction"": ""both"", ""forced_removals"": 0, ""growth_representation_fallbacks"": 128, ""invariant_held"": true, ""n_segments"": 233, ""n_train_fit"": 3712, ""n_val"": 1238, ""phase0"": [{""constant_lens"": false, ""gain"": 0.25, ""lens"": ""pc1"", ""lens_scaling"": ""standardize"", ""min_cluster_size"": 18, ""min_samples"": 5, ""n_class"": 337, ""n_edges"": 4, ""n_intervals"": 5, ""n_vertices"": 5, ""noise_reassigned"": 312, ""placement"": ""quantile"", ""slabs"": [{""k"": 1, ""n"": 76}, {""k"": 1, ""n"": 84}, {""k"": 1, ""n"": 85}, {""k"": 1, ""n"": 84}, {""k"": 1, ""n"": 76}]}, {""constant_lens"": false, ""gain"": 0.25, ""lens"": ""pc1"", ""lens_scaling"": ""standardize"", ""min_cluster_size"": 18, ""min_samples"": 5, ""n_class"": 338, ""n_edges"": 4, ""n_intervals"": 5, ""n_vertices"": 5, ""noise_reassigned"": 313, ""placement"": ""quantile"", ""slabs"": [{""k"": 1, ""n"": 76}, {""k"": 1, ""n"": 85}, {""k"": 1, ""n"": 84}, {""k"": 1, ""n"": 85}, {""k"": 1, ""n"": 76}]}, {""constant_lens"": false, ""gain"": 0.25, ""lens"": ""pc1"", ""lens_scaling"": ""standardize"", ""min_cluster_size"": 18, ""min_samples"": 5, ""n_class"": 337, ""n_edges"": 4, ""n_intervals"": 5, ""n_vertices"": 5, ""noise_reassigned"": 306, ""placement"": ""quantile"", ""slabs"": [{""k"": 1, ""n"": 76}, {""k"": 1, ""n"": 84}, {""k"": 1, ""n"": 85}, {""k"": 1, ""n"": 84}, {""k"": 1, ""n"": 76}]}, {""constant_lens"": false, ""gain"": 0.25, ""lens"": ""pc1"", ""lens_scaling"": ""standardize"", ""min_cluster_size"": 18, ""min_samples"": 5, ""n_class"": 337, ""n_edges"": 4, ""n_intervals"": 5, ""n_vertices"": 5, ""noise_reassigned"": 247, ""placement"": ""quantile"", ""slabs"": [{""k"": 1, ""n"": 76}, {""k"": 1, ""n"": 84}, {""k"": 1, ""n"": 85}, {""k"": 1, ""n"": 84}, {""k"": 1, ""n"": 76}]}, {""constant_lens"": false, ""gain"": 0.25, ""lens"": ""pc1"", ""lens_scaling"": ""standardize"", ""min_cluster_size"": 18, ""min_samples"": 5, ""n_class"": 338, ""n_edges"": 4, ""n_intervals"": 5, ""n_vertices"": 5, ""noise_reassigned"": 314, ""placement"": ""quantile"", ""slabs"": [{""k"": 1, ""n"": 76}, {""k"": 1, ""n"": 85}, {""k"": 1, ""n"": 84}, {""k"": 1, ""n"": 85}, {""k"": 1, ""n"": 76}]}, {""constant_lens"": false, ""gain"": 0.25, ""lens"": ""pc1"", ""lens_scaling"": ""standardize"", ""min_cluster_size"": 18, ""min_samples"": 5, ""n_class"": 337, ""n_edges"": 4, ""n_intervals"": 5, ""n_vertices"": 5, ""noise_reassigned"": 302, ""placement"": ""quantile"", ""slabs"": [{""k"": 1, ""n"": 76}, {""k"": 1, ""n"": 84}, {""k"": 1, ""n"": 85}, {""k"": 1, ""n"": 84}, {""k"": 1, ""n"": 76}]}, {""constant_lens"": false, ""gain"": 0.25, ""lens"": ""pc1"", ""lens_scaling"": ""standardize"", ""min_cluster_size"": 18, ""min_samples"": 5, ""n_class"": 338, ""n_edges"": 4, ""n_intervals"": 5, ""n_vertices"": 5, ""noise_reassigned"": 314, ""placement"": ""quantile"", ""slabs"": [{""k"": 1, ""n"": 76}, {""k"": 1, ""n"": 85}, {""k"": 1, ""n"": 84}, {""k"": 1, ""n"": 85}, {""k"": 1, ""n"": 76}]}, {""constant_lens"": false, ""gain"": 0.25, ""lens"": ""pc1"", ""lens_scaling"": ""standardize"", ""min_cluster_size"": 18, ""min_samples"": 5, ""n_class"": 338, ""n_edges"": 4, ""n_intervals"": 5, ""n_vertices"": 5, ""noise_reassigned"": 311, ""placement"": ""quantile"", ""slabs"": [{""k"": 1, ""n"": 76}, {""k"": 1, ""n"": 85}, {""k"": 1, ""n"": 84}, {""k"": 1, ""n"": 85}, {""k"": 1, ""n"": 76}]}, {""constant_lens"": false, ""gain"": 0.25, ""lens"": ""pc1"", ""lens_scaling"": ""standardize"", ""min_cluster_size"": 18, ""min_samples"": 5, ""n_class"": 338, ""n_edges"": 4, ""n_intervals"": 5, ""n_vertices"": 5, ""noise_reassigned"": 312, ""placement"": ""quantile"", ""slabs"": [{""k"": 1, ""n"": 76}, {""k"": 1, ""n"": 85}, {""k"": 1, ""n"": 84}, {""k"": 1, ""n"": 85}, {""k"": 1, ""n"": 76}]}, {""constant_lens"": false, ""gain"": 0.25, ""lens"": ""pc1"", ""lens_scaling"": ""standardize"", ""min_cluster_size"": 18, ""min_samples"": 5, ""n_class"": 337, ""n_edges"": 4, ""n_intervals"": 5, ""n_vertices"": 5, ""noise_reassigned"": 309, ""placement"": ""quantile"", ""slabs"": [{""k"": 1, ""n"": 76}, {""k"": 1, ""n"": 84}, {""k"": 1, ""n"": 85}, {""k"": 1, ""n"": 84}, {""k"": 1, ""n"": 76}]}, {""constant_lens"": false, ""gain"": 0.25, ""lens"": ""pc1"", ""lens_scaling"": ""standardize"", ""min_cluster_size"": 18, ""min_samples"": 5, ""n_class"": 337, ""n_edges"": 4, ""n_intervals"": 5, ""n_vertices"": 5, ""noise_reassigned"": 309, ""placement"": ""quantile"", ""slabs"": [{""k"": 1, ""n"": 76}, {""k"": 1, ""n"": 84}, {""k"": 1, ""n"": 85}, {""k"": 1, ""n"": 84}, {""k"": 1, ""n"": 76}]}], ""soundness_bound_holds"": true, ""step_rule"": ""scale_free"", ""topology_retention_nerve_to_frozen"": {""beta0_frozen"": 15, ""beta0_nerve"": 11, ""beta1_frozen"": 0, ""beta1_nerve"": 0}}",True
0.9781818181818182,248,False,0.050101010101010104,0.05,,5.8170910000335425,5.8170910000335425,0.0,texture,7,,SPINE+Graph,10,248,550,4950,0.9498989898989899,1040474172,False,"{""admission"": {""criterion"": ""risk"", ""removed_risk"": 4, ""removed_support"": 0}, ""betti_final"": [[1, 0], [1, 0], [1, 0], [2, 0], [1, 0], [3, 0], [1, 0], [2, 0], [1, 0], [1, 0], [1, 0]], ""betti_frozen"": [[1, 0], [1, 0], [1, 0], [2, 0], [1, 0], [3, 0], [1, 0], [2, 0], [1, 0], [1, 0], [1, 0]], ""betti_nerve"": [[1, 0], [1, 0], [1, 0], [1, 0], [1, 0], [1, 0], [1, 0], [1, 0], [1, 0], [1, 0], [1, 0]], ""boundary_restriction"": ""both"", ""forced_removals"": 0, ""growth_representation_fallbacks"": 128, ""invariant_held"": true, ""n_segments"": 233, ""n_train_fit"": 3712, ""n_val"": 1238, ""phase0"": [{""constant_lens"": false, ""gain"": 0.25, ""lens"": ""pc1"", ""lens_scaling"": ""standardize"", ""min_cluster_size"": 18, ""min_samples"": 5, ""n_class"": 337, ""n_edges"": 4, ""n_intervals"": 5, ""n_vertices"": 5, ""noise_reassigned"": 312, ""placement"": ""quantile"", ""slabs"": [{""k"": 1, ""n"": 76}, {""k"": 1, ""n"": 84}, {""k"": 1, ""n"": 85}, {""k"": 1, ""n"": 84}, {""k"": 1, ""n"": 76}]}, {""constant_lens"": false, ""gain"": 0.25, ""lens"": ""pc1"", ""lens_scaling"": ""standardize"", ""min_cluster_size"": 18, ""min_samples"": 5, ""n_class"": 338, ""n_edges"": 4, ""n_intervals"": 5, ""n_vertices"": 5, ""noise_reassigned"": 313, ""placement"": ""quantile"", ""slabs"": [{""k"": 1, ""n"": 76}, {""k"": 1, ""n"": 85}, {""k"": 1, ""n"": 84}, {""k"": 1, ""n"": 85}, {""k"": 1, ""n"": 76}]}, {""constant_lens"": false, ""gain"": 0.25, ""lens"": ""pc1"", ""lens_scaling"": ""standardize"", ""min_cluster_size"": 18, ""min_samples"": 5, ""n_class"": 337, ""n_edges"": 4, ""n_intervals"": 5, ""n_vertices"": 5, ""noise_reassigned"": 306, ""placement"": ""quantile"", ""slabs"": [{""k"": 1, ""n"": 76}, {""k"": 1, ""n"": 84}, {""k"": 1, ""n"": 85}, {""k"": 1, ""n"": 84}, {""k"": 1, ""n"": 76}]}, {""constant_lens"": false, ""gain"": 0.25, ""lens"": ""pc1"", ""lens_scaling"": ""standardize"", ""min_cluster_size"": 18, ""min_samples"": 5, ""n_class"": 337, ""n_edges"": 4, ""n_intervals"": 5, ""n_vertices"": 5, ""noise_reassigned"": 247, ""placement"": ""quantile"", ""slabs"": [{""k"": 1, ""n"": 76}, {""k"": 1, ""n"": 84}, {""k"": 1, ""n"": 85}, {""k"": 1, ""n"": 84}, {""k"": 1, ""n"": 76}]}, {""constant_lens"": false, ""gain"": 0.25, ""lens"": ""pc1"", ""lens_scaling"": ""standardize"", ""min_cluster_size"": 18, ""min_samples"": 5, ""n_class"": 338, ""n_edges"": 4, ""n_intervals"": 5, ""n_vertices"": 5, ""noise_reassigned"": 314, ""placement"": ""quantile"", ""slabs"": [{""k"": 1, ""n"": 76}, {""k"": 1, ""n"": 85}, {""k"": 1, ""n"": 84}, {""k"": 1, ""n"": 85}, {""k"": 1, ""n"": 76}]}, {""constant_lens"": false, ""gain"": 0.25, ""lens"": ""pc1"", ""lens_scaling"": ""standardize"", ""min_cluster_size"": 18, ""min_samples"": 5, ""n_class"": 337, ""n_edges"": 4, ""n_intervals"": 5, ""n_vertices"": 5, ""noise_reassigned"": 302, ""placement"": ""quantile"", ""slabs"": [{""k"": 1, ""n"": 76}, {""k"": 1, ""n"": 84}, {""k"": 1, ""n"": 85}, {""k"": 1, ""n"": 84}, {""k"": 1, ""n"": 76}]}, {""constant_lens"": false, ""gain"": 0.25, ""lens"": ""pc1"", ""lens_scaling"": ""standardize"", ""min_cluster_size"": 18, ""min_samples"": 5, ""n_class"": 338, ""n_edges"": 4, ""n_intervals"": 5, ""n_vertices"": 5, ""noise_reassigned"": 314, ""placement"": ""quantile"", ""slabs"": [{""k"": 1, ""n"": 76}, {""k"": 1, ""n"": 85}, {""k"": 1, ""n"": 84}, {""k"": 1, ""n"": 85}, {""k"": 1, ""n"": 76}]}, {""constant_lens"": false, ""gain"": 0.25, ""lens"": ""pc1"", ""lens_scaling"": ""standardize"", ""min_cluster_size"": 18, ""min_samples"": 5, ""n_class"": 338, ""n_edges"": 4, ""n_intervals"": 5, ""n_vertices"": 5, ""noise_reassigned"": 311, ""placement"": ""quantile"", ""slabs"": [{""k"": 1, ""n"": 76}, {""k"": 1, ""n"": 85}, {""k"": 1, ""n"": 84}, {""k"": 1, ""n"": 85}, {""k"": 1, ""n"": 76}]}, {""constant_lens"": false, ""gain"": 0.25, ""lens"": ""pc1"", ""lens_scaling"": ""standardize"", ""min_cluster_size"": 18, ""min_samples"": 5, ""n_class"": 338, ""n_edges"": 4, ""n_intervals"": 5, ""n_vertices"": 5, ""noise_reassigned"": 312, ""placement"": ""quantile"", ""slabs"": [{""k"": 1, ""n"": 76}, {""k"": 1, ""n"": 85}, {""k"": 1, ""n"": 84}, {""k"": 1, ""n"": 85}, {""k"": 1, ""n"": 76}]}, {""constant_lens"": false, ""gain"": 0.25, ""lens"": ""pc1"", ""lens_scaling"": ""standardize"", ""min_cluster_size"": 18, ""min_samples"": 5, ""n_class"": 337, ""n_edges"": 4, ""n_intervals"": 5, ""n_vertices"": 5, ""noise_reassigned"": 309, ""placement"": ""quantile"", ""slabs"": [{""k"": 1, ""n"": 76}, {""k"": 1, ""n"": 84}, {""k"": 1, ""n"": 85}, {""k"": 1, ""n"": 84}, {""k"": 1, ""n"": 76}]}, {""constant_lens"": false, ""gain"": 0.25, ""lens"": ""pc1"", ""lens_scaling"": ""standardize"", ""min_cluster_size"": 18, ""min_samples"": 5, ""n_class"": 337, ""n_edges"": 4, ""n_intervals"": 5, ""n_vertices"": 5, ""noise_reassigned"": 309, ""placement"": ""quantile"", ""slabs"": [{""k"": 1, ""n"": 76}, {""k"": 1, ""n"": 84}, {""k"": 1, ""n"": 85}, {""k"": 1, ""n"": 84}, {""k"": 1, ""n"": 76}]}], ""soundness_bound_holds"": true, ""step_rule"": ""scale_free"", ""topology_retention_nerve_to_frozen"": {""beta0_frozen"": 15, ""beta0_nerve"": 11, ""beta1_frozen"": 0, ""beta1_nerve"": 0}}",True
0.9872727272727273,248,False,0.050101010101010104,0.05,,4.4649179999832995,80.11862299998756,75.65370500000427,texture,7,"{""epsilon"": 0.1, ""window"": 0.3}",LVQ3,10,248,550,4950,0.9498989898989899,1040474172,False,,True
0.98,248,False,0.050101010101010104,0.05,"{""0"": 23, ""1"": 23, ""10"": 22, ""2"": 23, ""3"": 23, ""4"": 23, ""5"": 23, ""6"": 22, ""7"": 22, ""8"": 22, ""9"": 22}",1.525681999977678,1.525681999977678,0.0,texture,7,,KMeans,10,248,550,4950,0.9498989898989899,1040474172,False,,True
0.9290909090909091,248,False,0.050101010101010104,0.05,"{""0"": 23, ""1"": 23, ""10"": 22, ""2"": 23, ""3"": 23, ""4"": 23, ""5"": 23, ""6"": 22, ""7"": 22, ""8"": 22, ""9"": 22}",0.001723000023048371,0.001723000023048371,0.0,texture,7,,Random,10,248,550,4950,0.9498989898989899,1040474172,False,,True
0.9545454545454546,248,False,0.050101010101010104,0.05,,1.8652479999582283,1.8652479999582283,0.0,texture,7,,SPOT,10,248,550,4950,0.9498989898989899,1040474172,False,,True
0.9218181818181819,248,False,0.050101010101010104,0.05,,29.28529799997341,29.28529799997341,0.0,texture,7,,GLVQ,10,248,550,4950,0.9498989898989899,1040474172,False,,True
0.9836363636363636,248,False,0.050101010101010104,0.05,,2.589068999979645,2.589068999979645,0.0,texture,7,,GNG,10,248,550,4950,0.9498989898989899,1040474172,False,,True
0.9963636363636363,495,False,0.1,0.1,,0.0013679999974556267,0.0013679999974556267,0.0,texture,7,,Full,10,4950,550,4950,0.0,1040474172,True,,False
0.9945454545454545,495,False,0.1,0.1,,1.7054669999633916,1.7054669999633916,0.0,texture,7,,RSP3,10,874,550,4950,0.8234343434343434,1040474172,True,,False
0.96,495,False,0.1,0.1,,0.7633369999821298,0.7633369999821298,0.0,texture,7,,RHC,10,268,550,4950,0.9458585858585858,1040474172,True,,False
0.9836363636363636,495,False,0.1,0.1,,7.4878650000318885,7.4878650000318885,0.0,texture,7,,SPINE+1NN,10,495,550,4950,0.9,1040474172,False,"{""admission"": {""criterion"": ""risk"", ""removed_risk"": 4, ""removed_support"": 0}, ""betti_final"": [[1, 0], [1, 0], [1, 0], [2, 0], [1, 0], [3, 0], [1, 0], [2, 0], [1, 0], [1, 0], [1, 0]], ""betti_frozen"": [[1, 0], [1, 0], [1, 0], [2, 0], [1, 0], [3, 0], [1, 0], [2, 0], [1, 0], [1, 0], [1, 0]], ""betti_nerve"": [[1, 0], [1, 0], [1, 0], [1, 0], [1, 0], [1, 0], [1, 0], [1, 0], [1, 0], [1, 0], [1, 0]], ""boundary_restriction"": ""both"", ""forced_removals"": 0, ""growth_representation_fallbacks"": 419, ""invariant_held"": true, ""n_segments"": 480, ""n_train_fit"": 3712, ""n_val"": 1238, ""phase0"": [{""constant_lens"": false, ""gain"": 0.25, ""lens"": ""pc1"", ""lens_scaling"": ""standardize"", ""min_cluster_size"": 18, ""min_samples"": 5, ""n_class"": 337, ""n_edges"": 4, ""n_intervals"": 5, ""n_vertices"": 5, ""noise_reassigned"": 312, ""placement"": ""quantile"", ""slabs"": [{""k"": 1, ""n"": 76}, {""k"": 1, ""n"": 84}, {""k"": 1, ""n"": 85}, {""k"": 1, ""n"": 84}, {""k"": 1, ""n"": 76}]}, {""constant_lens"": false, ""gain"": 0.25, ""lens"": ""pc1"", ""lens_scaling"": ""standardize"", ""min_cluster_size"": 18, ""min_samples"": 5, ""n_class"": 338, ""n_edges"": 4, ""n_intervals"": 5, ""n_vertices"": 5, ""noise_reassigned"": 313, ""placement"": ""quantile"", ""slabs"": [{""k"": 1, ""n"": 76}, {""k"": 1, ""n"": 85}, {""k"": 1, ""n"": 84}, {""k"": 1, ""n"": 85}, {""k"": 1, ""n"": 76}]}, {""constant_lens"": false, ""gain"": 0.25, ""lens"": ""pc1"", ""lens_scaling"": ""standardize"", ""min_cluster_size"": 18, ""min_samples"": 5, ""n_class"": 337, ""n_edges"": 4, ""n_intervals"": 5, ""n_vertices"": 5, ""noise_reassigned"": 306, ""placement"": ""quantile"", ""slabs"": [{""k"": 1, ""n"": 76}, {""k"": 1, ""n"": 84}, {""k"": 1, ""n"": 85}, {""k"": 1, ""n"": 84}, {""k"": 1, ""n"": 76}]}, {""constant_lens"": false, ""gain"": 0.25, ""lens"": ""pc1"", ""lens_scaling"": ""standardize"", ""min_cluster_size"": 18, ""min_samples"": 5, ""n_class"": 337, ""n_edges"": 4, ""n_intervals"": 5, ""n_vertices"": 5, ""noise_reassigned"": 247, ""placement"": ""quantile"", ""slabs"": [{""k"": 1, ""n"": 76}, {""k"": 1, ""n"": 84}, {""k"": 1, ""n"": 85}, {""k"": 1, ""n"": 84}, {""k"": 1, ""n"": 76}]}, {""constant_lens"": false, ""gain"": 0.25, ""lens"": ""pc1"", ""lens_scaling"": ""standardize"", ""min_cluster_size"": 18, ""min_samples"": 5, ""n_class"": 338, ""n_edges"": 4, ""n_intervals"": 5, ""n_vertices"": 5, ""noise_reassigned"": 314, ""placement"": ""quantile"", ""slabs"": [{""k"": 1, ""n"": 76}, {""k"": 1, ""n"": 85}, {""k"": 1, ""n"": 84}, {""k"": 1, ""n"": 85}, {""k"": 1, ""n"": 76}]}, {""constant_lens"": false, ""gain"": 0.25, ""lens"": ""pc1"", ""lens_scaling"": ""standardize"", ""min_cluster_size"": 18, ""min_samples"": 5, ""n_class"": 337, ""n_edges"": 4, ""n_intervals"": 5, ""n_vertices"": 5, ""noise_reassigned"": 302, ""placement"": ""quantile"", ""slabs"": [{""k"": 1, ""n"": 76}, {""k"": 1, ""n"": 84}, {""k"": 1, ""n"": 85}, {""k"": 1, ""n"": 84}, {""k"": 1, ""n"": 76}]}, {""constant_lens"": false, ""gain"": 0.25, ""lens"": ""pc1"", ""lens_scaling"": ""standardize"", ""min_cluster_size"": 18, ""min_samples"": 5, ""n_class"": 338, ""n_edges"": 4, ""n_intervals"": 5, ""n_vertices"": 5, ""noise_reassigned"": 314, ""placement"": ""quantile"", ""slabs"": [{""k"": 1, ""n"": 76}, {""k"": 1, ""n"": 85}, {""k"": 1, ""n"": 84}, {""k"": 1, ""n"": 85}, {""k"": 1, ""n"": 76}]}, {""constant_lens"": false, ""gain"": 0.25, ""lens"": ""pc1"", ""lens_scaling"": ""standardize"", ""min_cluster_size"": 18, ""min_samples"": 5, ""n_class"": 338, ""n_edges"": 4, ""n_intervals"": 5, ""n_vertices"": 5, ""noise_reassigned"": 311, ""placement"": ""quantile"", ""slabs"": [{""k"": 1, ""n"": 76}, {""k"": 1, ""n"": 85}, {""k"": 1, ""n"": 84}, {""k"": 1, ""n"": 85}, {""k"": 1, ""n"": 76}]}, {""constant_lens"": false, ""gain"": 0.25, ""lens"": ""pc1"", ""lens_scaling"": ""standardize"", ""min_cluster_size"": 18, ""min_samples"": 5, ""n_class"": 338, ""n_edges"": 4, ""n_intervals"": 5, ""n_vertices"": 5, ""noise_reassigned"": 312, ""placement"": ""quantile"", ""slabs"": [{""k"": 1, ""n"": 76}, {""k"": 1, ""n"": 85}, {""k"": 1, ""n"": 84}, {""k"": 1, ""n"": 85}, {""k"": 1, ""n"": 76}]}, {""constant_lens"": false, ""gain"": 0.25, ""lens"": ""pc1"", ""lens_scaling"": ""standardize"", ""min_cluster_size"": 18, ""min_samples"": 5, ""n_class"": 337, ""n_edges"": 4, ""n_intervals"": 5, ""n_vertices"": 5, ""noise_reassigned"": 309, ""placement"": ""quantile"", ""slabs"": [{""k"": 1, ""n"": 76}, {""k"": 1, ""n"": 84}, {""k"": 1, ""n"": 85}, {""k"": 1, ""n"": 84}, {""k"": 1, ""n"": 76}]}, {""constant_lens"": false, ""gain"": 0.25, ""lens"": ""pc1"", ""lens_scaling"": ""standardize"", ""min_cluster_size"": 18, ""min_samples"": 5, ""n_class"": 337, ""n_edges"": 4, ""n_intervals"": 5, ""n_vertices"": 5, ""noise_reassigned"": 309, ""placement"": ""quantile"", ""slabs"": [{""k"": 1, ""n"": 76}, {""k"": 1, ""n"": 84}, {""k"": 1, ""n"": 85}, {""k"": 1, ""n"": 84}, {""k"": 1, ""n"": 76}]}], ""soundness_bound_holds"": true, ""step_rule"": ""scale_free"", ""topology_retention_nerve_to_frozen"": {""beta0_frozen"": 15, ""beta0_nerve"": 11, ""beta1_frozen"": 0, ""beta1_nerve"": 0}}",True
0.9818181818181818,495,False,0.1,0.1,,7.4878650000318885,7.4878650000318885,0.0,texture,7,,SPINE+Graph,10,495,550,4950,0.9,1040474172,False,"{""admission"": {""criterion"": ""risk"", ""removed_risk"": 4, ""removed_support"": 0}, ""betti_final"": [[1, 0], [1, 0], [1, 0], [2, 0], [1, 0], [3, 0], [1, 0], [2, 0], [1, 0], [1, 0], [1, 0]], ""betti_frozen"": [[1, 0], [1, 0], [1, 0], [2, 0], [1, 0], [3, 0], [1, 0], [2, 0], [1, 0], [1, 0], [1, 0]], ""betti_nerve"": [[1, 0], [1, 0], [1, 0], [1, 0], [1, 0], [1, 0], [1, 0], [1, 0], [1, 0], [1, 0], [1, 0]], ""boundary_restriction"": ""both"", ""forced_removals"": 0, ""growth_representation_fallbacks"": 419, ""invariant_held"": true, ""n_segments"": 480, ""n_train_fit"": 3712, ""n_val"": 1238, ""phase0"": [{""constant_lens"": false, ""gain"": 0.25, ""lens"": ""pc1"", ""lens_scaling"": ""standardize"", ""min_cluster_size"": 18, ""min_samples"": 5, ""n_class"": 337, ""n_edges"": 4, ""n_intervals"": 5, ""n_vertices"": 5, ""noise_reassigned"": 312, ""placement"": ""quantile"", ""slabs"": [{""k"": 1, ""n"": 76}, {""k"": 1, ""n"": 84}, {""k"": 1, ""n"": 85}, {""k"": 1, ""n"": 84}, {""k"": 1, ""n"": 76}]}, {""constant_lens"": false, ""gain"": 0.25, ""lens"": ""pc1"", ""lens_scaling"": ""standardize"", ""min_cluster_size"": 18, ""min_samples"": 5, ""n_class"": 338, ""n_edges"": 4, ""n_intervals"": 5, ""n_vertices"": 5, ""noise_reassigned"": 313, ""placement"": ""quantile"", ""slabs"": [{""k"": 1, ""n"": 76}, {""k"": 1, ""n"": 85}, {""k"": 1, ""n"": 84}, {""k"": 1, ""n"": 85}, {""k"": 1, ""n"": 76}]}, {""constant_lens"": false, ""gain"": 0.25, ""lens"": ""pc1"", ""lens_scaling"": ""standardize"", ""min_cluster_size"": 18, ""min_samples"": 5, ""n_class"": 337, ""n_edges"": 4, ""n_intervals"": 5, ""n_vertices"": 5, ""noise_reassigned"": 306, ""placement"": ""quantile"", ""slabs"": [{""k"": 1, ""n"": 76}, {""k"": 1, ""n"": 84}, {""k"": 1, ""n"": 85}, {""k"": 1, ""n"": 84}, {""k"": 1, ""n"": 76}]}, {""constant_lens"": false, ""gain"": 0.25, ""lens"": ""pc1"", ""lens_scaling"": ""standardize"", ""min_cluster_size"": 18, ""min_samples"": 5, ""n_class"": 337, ""n_edges"": 4, ""n_intervals"": 5, ""n_vertices"": 5, ""noise_reassigned"": 247, ""placement"": ""quantile"", ""slabs"": [{""k"": 1, ""n"": 76}, {""k"": 1, ""n"": 84}, {""k"": 1, ""n"": 85}, {""k"": 1, ""n"": 84}, {""k"": 1, ""n"": 76}]}, {""constant_lens"": false, ""gain"": 0.25, ""lens"": ""pc1"", ""lens_scaling"": ""standardize"", ""min_cluster_size"": 18, ""min_samples"": 5, ""n_class"": 338, ""n_edges"": 4, ""n_intervals"": 5, ""n_vertices"": 5, ""noise_reassigned"": 314, ""placement"": ""quantile"", ""slabs"": [{""k"": 1, ""n"": 76}, {""k"": 1, ""n"": 85}, {""k"": 1, ""n"": 84}, {""k"": 1, ""n"": 85}, {""k"": 1, ""n"": 76}]}, {""constant_lens"": false, ""gain"": 0.25, ""lens"": ""pc1"", ""lens_scaling"": ""standardize"", ""min_cluster_size"": 18, ""min_samples"": 5, ""n_class"": 337, ""n_edges"": 4, ""n_intervals"": 5, ""n_vertices"": 5, ""noise_reassigned"": 302, ""placement"": ""quantile"", ""slabs"": [{""k"": 1, ""n"": 76}, {""k"": 1, ""n"": 84}, {""k"": 1, ""n"": 85}, {""k"": 1, ""n"": 84}, {""k"": 1, ""n"": 76}]}, {""constant_lens"": false, ""gain"": 0.25, ""lens"": ""pc1"", ""lens_scaling"": ""standardize"", ""min_cluster_size"": 18, ""min_samples"": 5, ""n_class"": 338, ""n_edges"": 4, ""n_intervals"": 5, ""n_vertices"": 5, ""noise_reassigned"": 314, ""placement"": ""quantile"", ""slabs"": [{""k"": 1, ""n"": 76}, {""k"": 1, ""n"": 85}, {""k"": 1, ""n"": 84}, {""k"": 1, ""n"": 85}, {""k"": 1, ""n"": 76}]}, {""constant_lens"": false, ""gain"": 0.25, ""lens"": ""pc1"", ""lens_scaling"": ""standardize"", ""min_cluster_size"": 18, ""min_samples"": 5, ""n_class"": 338, ""n_edges"": 4, ""n_intervals"": 5, ""n_vertices"": 5, ""noise_reassigned"": 311, ""placement"": ""quantile"", ""slabs"": [{""k"": 1, ""n"": 76}, {""k"": 1, ""n"": 85}, {""k"": 1, ""n"": 84}, {""k"": 1, ""n"": 85}, {""k"": 1, ""n"": 76}]}, {""constant_lens"": false, ""gain"": 0.25, ""lens"": ""pc1"", ""lens_scaling"": ""standardize"", ""min_cluster_size"": 18, ""min_samples"": 5, ""n_class"": 338, ""n_edges"": 4, ""n_intervals"": 5, ""n_vertices"": 5, ""noise_reassigned"": 312, ""placement"": ""quantile"", ""slabs"": [{""k"": 1, ""n"": 76}, {""k"": 1, ""n"": 85}, {""k"": 1, ""n"": 84}, {""k"": 1, ""n"": 85}, {""k"": 1, ""n"": 76}]}, {""constant_lens"": false, ""gain"": 0.25, ""lens"": ""pc1"", ""lens_scaling"": ""standardize"", ""min_cluster_size"": 18, ""min_samples"": 5, ""n_class"": 337, ""n_edges"": 4, ""n_intervals"": 5, ""n_vertices"": 5, ""noise_reassigned"": 309, ""placement"": ""quantile"", ""slabs"": [{""k"": 1, ""n"": 76}, {""k"": 1, ""n"": 84}, {""k"": 1, ""n"": 85}, {""k"": 1, ""n"": 84}, {""k"": 1, ""n"": 76}]}, {""constant_lens"": false, ""gain"": 0.25, ""lens"": ""pc1"", ""lens_scaling"": ""standardize"", ""min_cluster_size"": 18, ""min_samples"": 5, ""n_class"": 337, ""n_edges"": 4, ""n_intervals"": 5, ""n_vertices"": 5, ""noise_reassigned"": 309, ""placement"": ""quantile"", ""slabs"": [{""k"": 1, ""n"": 76}, {""k"": 1, ""n"": 84}, {""k"": 1, ""n"": 85}, {""k"": 1, ""n"": 84}, {""k"": 1, ""n"": 76}]}], ""soundness_bound_holds"": true, ""step_rule"": ""scale_free"", ""topology_retention_nerve_to_frozen"": {""beta0_frozen"": 15, ""beta0_nerve"": 11, ""beta1_frozen"": 0, ""beta1_nerve"": 0}}",True
0.9927272727272727,495,False,0.1,0.1,,6.420646999962628,113.68315799994161,107.26251099997899,texture,7,"{""epsilon"": 0.1, ""window"": 0.3}",LVQ3,10,495,550,4950,0.9,1040474172,False,,True
0.9872727272727273,495,False,0.1,0.1,"{""0"": 45, ""1"": 45, ""10"": 45, ""2"": 45, ""3"": 45, ""4"": 45, ""5"": 45, ""6"": 45, ""7"": 45, ""8"": 45, ""9"": 45}",2.340038000023924,2.340038000023924,0.0,texture,7,,KMeans,10,495,550,4950,0.9,1040474172,False,,True
0.9472727272727273,495,False,0.1,0.1,"{""0"": 45, ""1"": 45, ""10"": 45, ""2"": 45, ""3"": 45, ""4"": 45, ""5"": 45, ""6"": 45, ""7"": 45, ""8"": 45, ""9"": 45}",0.0019409999949857593,0.0019409999949857593,0.0,texture,7,,Random,10,495,550,4950,0.9,1040474172,False,,True
0.9709090909090909,495,False,0.1,0.1,,1.857743999978993,1.857743999978993,0.0,texture,7,,SPOT,10,495,550,4950,0.9,1040474172,False,,True
0.9181818181818182,495,False,0.1,0.1,,55.184389999951236,55.184389999951236,0.0,texture,7,,GLVQ,10,495,550,4950,0.9,1040474172,False,,True
0.9927272727272727,495,False,0.1,0.1,,5.088738999969792,5.088738999969792,0.0,texture,7,,GNG,10,495,550,4950,0.9,1040474172,False,,True
0.9963636363636363,1238,False,0.2501010101010101,0.25,,0.0013679999974556267,0.0013679999974556267,0.0,texture,7,,Full,10,4950,550,4950,0.0,1040474172,True,,False
0.9945454545454545,1238,False,0.2501010101010101,0.25,,1.7054669999633916,1.7054669999633916,0.0,texture,7,,RSP3,10,874,550,4950,0.8234343434343434,1040474172,True,,False
0.96,1238,False,0.2501010101010101,0.25,,0.7633369999821298,0.7633369999821298,0.0,texture,7,,RHC,10,268,550,4950,0.9458585858585858,1040474172,True,,False
0.9927272727272727,1238,False,0.2501010101010101,0.25,,15.088839000032749,15.088839000032749,0.0,texture,7,,SPINE+1NN,10,1238,550,4950,0.7498989898989898,1040474172,False,"{""admission"": {""criterion"": ""risk"", ""removed_risk"": 4, ""removed_support"": 0}, ""betti_final"": [[1, 0], [1, 0], [1, 0], [2, 0], [1, 0], [3, 0], [1, 0], [2, 0], [1, 0], [1, 0], [1, 0]], ""betti_frozen"": [[1, 0], [1, 0], [1, 0], [2, 0], [1, 0], [3, 0], [1, 0], [2, 0], [1, 0], [1, 0], [1, 0]], ""betti_nerve"": [[1, 0], [1, 0], [1, 0], [1, 0], [1, 0], [1, 0], [1, 0], [1, 0], [1, 0], [1, 0], [1, 0]], ""boundary_restriction"": ""both"", ""forced_removals"": 0, ""growth_representation_fallbacks"": 1328, ""invariant_held"": true, ""n_segments"": 1223, ""n_train_fit"": 3712, ""n_val"": 1238, ""phase0"": [{""constant_lens"": false, ""gain"": 0.25, ""lens"": ""pc1"", ""lens_scaling"": ""standardize"", ""min_cluster_size"": 18, ""min_samples"": 5, ""n_class"": 337, ""n_edges"": 4, ""n_intervals"": 5, ""n_vertices"": 5, ""noise_reassigned"": 312, ""placement"": ""quantile"", ""slabs"": [{""k"": 1, ""n"": 76}, {""k"": 1, ""n"": 84}, {""k"": 1, ""n"": 85}, {""k"": 1, ""n"": 84}, {""k"": 1, ""n"": 76}]}, {""constant_lens"": false, ""gain"": 0.25, ""lens"": ""pc1"", ""lens_scaling"": ""standardize"", ""min_cluster_size"": 18, ""min_samples"": 5, ""n_class"": 338, ""n_edges"": 4, ""n_intervals"": 5, ""n_vertices"": 5, ""noise_reassigned"": 313, ""placement"": ""quantile"", ""slabs"": [{""k"": 1, ""n"": 76}, {""k"": 1, ""n"": 85}, {""k"": 1, ""n"": 84}, {""k"": 1, ""n"": 85}, {""k"": 1, ""n"": 76}]}, {""constant_lens"": false, ""gain"": 0.25, ""lens"": ""pc1"", ""lens_scaling"": ""standardize"", ""min_cluster_size"": 18, ""min_samples"": 5, ""n_class"": 337, ""n_edges"": 4, ""n_intervals"": 5, ""n_vertices"": 5, ""noise_reassigned"": 306, ""placement"": ""quantile"", ""slabs"": [{""k"": 1, ""n"": 76}, {""k"": 1, ""n"": 84}, {""k"": 1, ""n"": 85}, {""k"": 1, ""n"": 84}, {""k"": 1, ""n"": 76}]}, {""constant_lens"": false, ""gain"": 0.25, ""lens"": ""pc1"", ""lens_scaling"": ""standardize"", ""min_cluster_size"": 18, ""min_samples"": 5, ""n_class"": 337, ""n_edges"": 4, ""n_intervals"": 5, ""n_vertices"": 5, ""noise_reassigned"": 247, ""placement"": ""quantile"", ""slabs"": [{""k"": 1, ""n"": 76}, {""k"": 1, ""n"": 84}, {""k"": 1, ""n"": 85}, {""k"": 1, ""n"": 84}, {""k"": 1, ""n"": 76}]}, {""constant_lens"": false, ""gain"": 0.25, ""lens"": ""pc1"", ""lens_scaling"": ""standardize"", ""min_cluster_size"": 18, ""min_samples"": 5, ""n_class"": 338, ""n_edges"": 4, ""n_intervals"": 5, ""n_vertices"": 5, ""noise_reassigned"": 314, ""placement"": ""quantile"", ""slabs"": [{""k"": 1, ""n"": 76}, {""k"": 1, ""n"": 85}, {""k"": 1, ""n"": 84}, {""k"": 1, ""n"": 85}, {""k"": 1, ""n"": 76}]}, {""constant_lens"": false, ""gain"": 0.25, ""lens"": ""pc1"", ""lens_scaling"": ""standardize"", ""min_cluster_size"": 18, ""min_samples"": 5, ""n_class"": 337, ""n_edges"": 4, ""n_intervals"": 5, ""n_vertices"": 5, ""noise_reassigned"": 302, ""placement"": ""quantile"", ""slabs"": [{""k"": 1, ""n"": 76}, {""k"": 1, ""n"": 84}, {""k"": 1, ""n"": 85}, {""k"": 1, ""n"": 84}, {""k"": 1, ""n"": 76}]}, {""constant_lens"": false, ""gain"": 0.25, ""lens"": ""pc1"", ""lens_scaling"": ""standardize"", ""min_cluster_size"": 18, ""min_samples"": 5, ""n_class"": 338, ""n_edges"": 4, ""n_intervals"": 5, ""n_vertices"": 5, ""noise_reassigned"": 314, ""placement"": ""quantile"", ""slabs"": [{""k"": 1, ""n"": 76}, {""k"": 1, ""n"": 85}, {""k"": 1, ""n"": 84}, {""k"": 1, ""n"": 85}, {""k"": 1, ""n"": 76}]}, {""constant_lens"": false, ""gain"": 0.25, ""lens"": ""pc1"", ""lens_scaling"": ""standardize"", ""min_cluster_size"": 18, ""min_samples"": 5, ""n_class"": 338, ""n_edges"": 4, ""n_intervals"": 5, ""n_vertices"": 5, ""noise_reassigned"": 311, ""placement"": ""quantile"", ""slabs"": [{""k"": 1, ""n"": 76}, {""k"": 1, ""n"": 85}, {""k"": 1, ""n"": 84}, {""k"": 1, ""n"": 85}, {""k"": 1, ""n"": 76}]}, {""constant_lens"": false, ""gain"": 0.25, ""lens"": ""pc1"", ""lens_scaling"": ""standardize"", ""min_cluster_size"": 18, ""min_samples"": 5, ""n_class"": 338, ""n_edges"": 4, ""n_intervals"": 5, ""n_vertices"": 5, ""noise_reassigned"": 312, ""placement"": ""quantile"", ""slabs"": [{""k"": 1, ""n"": 76}, {""k"": 1, ""n"": 85}, {""k"": 1, ""n"": 84}, {""k"": 1, ""n"": 85}, {""k"": 1, ""n"": 76}]}, {""constant_lens"": false, ""gain"": 0.25, ""lens"": ""pc1"", ""lens_scaling"": ""standardize"", ""min_cluster_size"": 18, ""min_samples"": 5, ""n_class"": 337, ""n_edges"": 4, ""n_intervals"": 5, ""n_vertices"": 5, ""noise_reassigned"": 309, ""placement"": ""quantile"", ""slabs"": [{""k"": 1, ""n"": 76}, {""k"": 1, ""n"": 84}, {""k"": 1, ""n"": 85}, {""k"": 1, ""n"": 84}, {""k"": 1, ""n"": 76}]}, {""constant_lens"": false, ""gain"": 0.25, ""lens"": ""pc1"", ""lens_scaling"": ""standardize"", ""min_cluster_size"": 18, ""min_samples"": 5, ""n_class"": 337, ""n_edges"": 4, ""n_intervals"": 5, ""n_vertices"": 5, ""noise_reassigned"": 309, ""placement"": ""quantile"", ""slabs"": [{""k"": 1, ""n"": 76}, {""k"": 1, ""n"": 84}, {""k"": 1, ""n"": 85}, {""k"": 1, ""n"": 84}, {""k"": 1, ""n"": 76}]}], ""soundness_bound_holds"": true, ""step_rule"": ""scale_free"", ""topology_retention_nerve_to_frozen"": {""beta0_frozen"": 15, ""beta0_nerve"": 11, ""beta1_frozen"": 0, ""beta1_nerve"": 0}}",True
0.9927272727272727,1238,False,0.2501010101010101,0.25,,15.088839000032749,15.088839000032749,0.0,texture,7,,SPINE+Graph,10,1238,550,4950,0.7498989898989898,1040474172,False,"{""admission"": {""criterion"": ""risk"", ""removed_risk"": 4, ""removed_support"": 0}, ""betti_final"": [[1, 0], [1, 0], [1, 0], [2, 0], [1, 0], [3, 0], [1, 0], [2, 0], [1, 0], [1, 0], [1, 0]], ""betti_frozen"": [[1, 0], [1, 0], [1, 0], [2, 0], [1, 0], [3, 0], [1, 0], [2, 0], [1, 0], [1, 0], [1, 0]], ""betti_nerve"": [[1, 0], [1, 0], [1, 0], [1, 0], [1, 0], [1, 0], [1, 0], [1, 0], [1, 0], [1, 0], [1, 0]], ""boundary_restriction"": ""both"", ""forced_removals"": 0, ""growth_representation_fallbacks"": 1328, ""invariant_held"": true, ""n_segments"": 1223, ""n_train_fit"": 3712, ""n_val"": 1238, ""phase0"": [{""constant_lens"": false, ""gain"": 0.25, ""lens"": ""pc1"", ""lens_scaling"": ""standardize"", ""min_cluster_size"": 18, ""min_samples"": 5, ""n_class"": 337, ""n_edges"": 4, ""n_intervals"": 5, ""n_vertices"": 5, ""noise_reassigned"": 312, ""placement"": ""quantile"", ""slabs"": [{""k"": 1, ""n"": 76}, {""k"": 1, ""n"": 84}, {""k"": 1, ""n"": 85}, {""k"": 1, ""n"": 84}, {""k"": 1, ""n"": 76}]}, {""constant_lens"": false, ""gain"": 0.25, ""lens"": ""pc1"", ""lens_scaling"": ""standardize"", ""min_cluster_size"": 18, ""min_samples"": 5, ""n_class"": 338, ""n_edges"": 4, ""n_intervals"": 5, ""n_vertices"": 5, ""noise_reassigned"": 313, ""placement"": ""quantile"", ""slabs"": [{""k"": 1, ""n"": 76}, {""k"": 1, ""n"": 85}, {""k"": 1, ""n"": 84}, {""k"": 1, ""n"": 85}, {""k"": 1, ""n"": 76}]}, {""constant_lens"": false, ""gain"": 0.25, ""lens"": ""pc1"", ""lens_scaling"": ""standardize"", ""min_cluster_size"": 18, ""min_samples"": 5, ""n_class"": 337, ""n_edges"": 4, ""n_intervals"": 5, ""n_vertices"": 5, ""noise_reassigned"": 306, ""placement"": ""quantile"", ""slabs"": [{""k"": 1, ""n"": 76}, {""k"": 1, ""n"": 84}, {""k"": 1, ""n"": 85}, {""k"": 1, ""n"": 84}, {""k"": 1, ""n"": 76}]}, {""constant_lens"": false, ""gain"": 0.25, ""lens"": ""pc1"", ""lens_scaling"": ""standardize"", ""min_cluster_size"": 18, ""min_samples"": 5, ""n_class"": 337, ""n_edges"": 4, ""n_intervals"": 5, ""n_vertices"": 5, ""noise_reassigned"": 247, ""placement"": ""quantile"", ""slabs"": [{""k"": 1, ""n"": 76}, {""k"": 1, ""n"": 84}, {""k"": 1, ""n"": 85}, {""k"": 1, ""n"": 84}, {""k"": 1, ""n"": 76}]}, {""constant_lens"": false, ""gain"": 0.25, ""lens"": ""pc1"", ""lens_scaling"": ""standardize"", ""min_cluster_size"": 18, ""min_samples"": 5, ""n_class"": 338, ""n_edges"": 4, ""n_intervals"": 5, ""n_vertices"": 5, ""noise_reassigned"": 314, ""placement"": ""quantile"", ""slabs"": [{""k"": 1, ""n"": 76}, {""k"": 1, ""n"": 85}, {""k"": 1, ""n"": 84}, {""k"": 1, ""n"": 85}, {""k"": 1, ""n"": 76}]}, {""constant_lens"": false, ""gain"": 0.25, ""lens"": ""pc1"", ""lens_scaling"": ""standardize"", ""min_cluster_size"": 18, ""min_samples"": 5, ""n_class"": 337, ""n_edges"": 4, ""n_intervals"": 5, ""n_vertices"": 5, ""noise_reassigned"": 302, ""placement"": ""quantile"", ""slabs"": [{""k"": 1, ""n"": 76}, {""k"": 1, ""n"": 84}, {""k"": 1, ""n"": 85}, {""k"": 1, ""n"": 84}, {""k"": 1, ""n"": 76}]}, {""constant_lens"": false, ""gain"": 0.25, ""lens"": ""pc1"", ""lens_scaling"": ""standardize"", ""min_cluster_size"": 18, ""min_samples"": 5, ""n_class"": 338, ""n_edges"": 4, ""n_intervals"": 5, ""n_vertices"": 5, ""noise_reassigned"": 314, ""placement"": ""quantile"", ""slabs"": [{""k"": 1, ""n"": 76}, {""k"": 1, ""n"": 85}, {""k"": 1, ""n"": 84}, {""k"": 1, ""n"": 85}, {""k"": 1, ""n"": 76}]}, {""constant_lens"": false, ""gain"": 0.25, ""lens"": ""pc1"", ""lens_scaling"": ""standardize"", ""min_cluster_size"": 18, ""min_samples"": 5, ""n_class"": 338, ""n_edges"": 4, ""n_intervals"": 5, ""n_vertices"": 5, ""noise_reassigned"": 311, ""placement"": ""quantile"", ""slabs"": [{""k"": 1, ""n"": 76}, {""k"": 1, ""n"": 85}, {""k"": 1, ""n"": 84}, {""k"": 1, ""n"": 85}, {""k"": 1, ""n"": 76}]}, {""constant_lens"": false, ""gain"": 0.25, ""lens"": ""pc1"", ""lens_scaling"": ""standardize"", ""min_cluster_size"": 18, ""min_samples"": 5, ""n_class"": 338, ""n_edges"": 4, ""n_intervals"": 5, ""n_vertices"": 5, ""noise_reassigned"": 312, ""placement"": ""quantile"", ""slabs"": [{""k"": 1, ""n"": 76}, {""k"": 1, ""n"": 85}, {""k"": 1, ""n"": 84}, {""k"": 1, ""n"": 85}, {""k"": 1, ""n"": 76}]}, {""constant_lens"": false, ""gain"": 0.25, ""lens"": ""pc1"", ""lens_scaling"": ""standardize"", ""min_cluster_size"": 18, ""min_samples"": 5, ""n_class"": 337, ""n_edges"": 4, ""n_intervals"": 5, ""n_vertices"": 5, ""noise_reassigned"": 309, ""placement"": ""quantile"", ""slabs"": [{""k"": 1, ""n"": 76}, {""k"": 1, ""n"": 84}, {""k"": 1, ""n"": 85}, {""k"": 1, ""n"": 84}, {""k"": 1, ""n"": 76}]}, {""constant_lens"": false, ""gain"": 0.25, ""lens"": ""pc1"", ""lens_scaling"": ""standardize"", ""min_cluster_size"": 18, ""min_samples"": 5, ""n_class"": 337, ""n_edges"": 4, ""n_intervals"": 5, ""n_vertices"": 5, ""noise_reassigned"": 309, ""placement"": ""quantile"", ""slabs"": [{""k"": 1, ""n"": 76}, {""k"": 1, ""n"": 84}, {""k"": 1, ""n"": 85}, {""k"": 1, ""n"": 84}, {""k"": 1, ""n"": 76}]}], ""soundness_bound_holds"": true, ""step_rule"": ""scale_free"", ""topology_retention_nerve_to_frozen"": {""beta0_frozen"": 15, ""beta0_nerve"": 11, ""beta1_frozen"": 0, ""beta1_nerve"": 0}}",True
0.9945454545454545,1238,False,0.2501010101010101,0.25,,15.136800000036601,260.5135950000258,245.37679499998922,texture,7,"{""epsilon"": 0.3, ""window"": 0.3}",LVQ3,10,1238,550,4950,0.7498989898989898,1040474172,False,,True
0.9963636363636363,1238,False,0.2501010101010101,0.25,"{""0"": 113, ""1"": 113, ""10"": 112, ""2"": 113, ""3"": 113, ""4"": 113, ""5"": 113, ""6"": 112, ""7"": 112, ""8"": 112, ""9"": 112}",4.965254999988247,4.965254999988247,0.0,texture,7,,KMeans,10,1238,550,4950,0.7498989898989898,1040474172,False,,True
0.9890909090909091,1238,False,0.2501010101010101,0.25,"{""0"": 113, ""1"": 113, ""10"": 112, ""2"": 113, ""3"": 113, ""4"": 113, ""5"": 113, ""6"": 112, ""7"": 112, ""8"": 112, ""9"": 112}",0.0026840000064112246,0.0026840000064112246,0.0,texture,7,,Random,10,1238,550,4950,0.7498989898989898,1040474172,False,,True
0.990909090909091,1238,False,0.2501010101010101,0.25,,1.9944799999939278,1.9944799999939278,0.0,texture,7,,SPOT,10,1238,550,4950,0.7498989898989898,1040474172,False,,True
0.9218181818181819,1238,False,0.2501010101010101,0.25,,133.60986200004118,133.60986200004118,0.0,texture,7,,GLVQ,10,1238,550,4950,0.7498989898989898,1040474172,False,,True
0.9981818181818182,1238,False,0.2501010101010101,0.25,,17.851448000001255,17.851448000001255,0.0,texture,7,,GNG,10,1238,550,4950,0.7498989898989898,1040474172,False,,True
0.9927272727272727,25,False,0.005050505050505051,0.005,,0.0013809999800287187,0.0013809999800287187,0.0,texture,8,,Full,10,4950,550,4950,0.0,1041474175,False,,False
0.9818181818181818,25,False,0.005050505050505051,0.005,,1.7133400000166148,1.7133400000166148,0.0,texture,8,,RSP3,10,883,550,4950,0.8216161616161616,1041474175,False,,False
0.9709090909090909,25,False,0.005050505050505051,0.005,,0.7042000000365078,0.7042000000365078,0.0,texture,8,,RHC,10,268,550,4950,0.9458585858585858,1041474175,False,,False
0.84,25,False,0.005050505050505051,0.005,,3.7755059999763034,3.7755059999763034,0.0,texture,8,,SPINE+1NN,10,25,550,4950,0.9949494949494949,1041474175,False,"{""admission"": {""criterion"": ""risk"", ""removed_risk"": 2, ""removed_support"": 0}, ""betti_final"": [[1, 0], [1, 0], [1, 0], [2, 0], [2, 0], [1, 0], [1, 0], [1, 0], [1, 0], [1, 0], [1, 0]], ""betti_frozen"": [[1, 0], [1, 0], [1, 0], [2, 0], [2, 0], [1, 0], [1, 0], [1, 0], [1, 0], [1, 0], [1, 0]], ""betti_nerve"": [[1, 0], [1, 0], [1, 0], [1, 0], [1, 0], [1, 0], [1, 0], [1, 0], [1, 0], [1, 0], [1, 0]], ""boundary_restriction"": ""both"", ""forced_removals"": 0, ""growth_representation_fallbacks"": 0, ""invariant_held"": true, ""n_segments"": 12, ""n_train_fit"": 3712, ""n_val"": 1238, ""phase0"": [{""constant_lens"": false, ""gain"": 0.25, ""lens"": ""pc1"", ""lens_scaling"": ""standardize"", ""min_cluster_size"": 18, ""min_samples"": 5, ""n_class"": 337, ""n_edges"": 4, ""n_intervals"": 5, ""n_vertices"": 5, ""noise_reassigned"": 313, ""placement"": ""quantile"", ""slabs"": [{""k"": 1, ""n"": 76}, {""k"": 1, ""n"": 84}, {""k"": 1, ""n"": 85}, {""k"": 1, ""n"": 84}, {""k"": 1, ""n"": 76}]}, {""constant_lens"": false, ""gain"": 0.25, ""lens"": ""pc1"", ""lens_scaling"": ""standardize"", ""min_cluster_size"": 18, ""min_samples"": 5, ""n_class"": 337, ""n_edges"": 4, ""n_intervals"": 5, ""n_vertices"": 5, ""noise_reassigned"": 308, ""placement"": ""quantile"", ""slabs"": [{""k"": 1, ""n"": 76}, {""k"": 1, ""n"": 84}, {""k"": 1, ""n"": 85}, {""k"": 1, ""n"": 84}, {""k"": 1, ""n"": 76}]}, {""constant_lens"": false, ""gain"": 0.25, ""lens"": ""pc1"", ""lens_scaling"": ""standardize"", ""min_cluster_size"": 18, ""min_samples"": 5, ""n_class"": 338, ""n_edges"": 4, ""n_intervals"": 5, ""n_vertices"": 5, ""noise_reassigned"": 306, ""placement"": ""quantile"", ""slabs"": [{""k"": 1, ""n"": 76}, {""k"": 1, ""n"": 85}, {""k"": 1, ""n"": 84}, {""k"": 1, ""n"": 85}, {""k"": 1, ""n"": 76}]}, {""constant_lens"": false, ""gain"": 0.25, ""lens"": ""pc1"", ""lens_scaling"": ""standardize"", ""min_cluster_size"": 18, ""min_samples"": 5, ""n_class"": 337, ""n_edges"": 4, ""n_intervals"": 5, ""n_vertices"": 5, ""noise_reassigned"": 296, ""placement"": ""quantile"", ""slabs"": [{""k"": 1, ""n"": 76}, {""k"": 1, ""n"": 84}, {""k"": 1, ""n"": 85}, {""k"": 1, ""n"": 84}, {""k"": 1, ""n"": 76}]}, {""constant_lens"": false, ""gain"": 0.25, ""lens"": ""pc1"", ""lens_scaling"": ""standardize"", ""min_cluster_size"": 18, ""min_samples"": 5, ""n_class"": 338, ""n_edges"": 4, ""n_intervals"": 5, ""n_vertices"": 5, ""noise_reassigned"": 316, ""placement"": ""quantile"", ""slabs"": [{""k"": 1, ""n"": 76}, {""k"": 1, ""n"": 85}, {""k"": 1, ""n"": 84}, {""k"": 1, ""n"": 85}, {""k"": 1, ""n"": 76}]}, {""constant_lens"": false, ""gain"": 0.25, ""lens"": ""pc1"", ""lens_scaling"": ""standardize"", ""min_cluster_size"": 18, ""min_samples"": 5, ""n_class"": 337, ""n_edges"": 4, ""n_intervals"": 5, ""n_vertices"": 5, ""noise_reassigned"": 306, ""placement"": ""quantile"", ""slabs"": [{""k"": 1, ""n"": 76}, {""k"": 1, ""n"": 84}, {""k"": 1, ""n"": 85}, {""k"": 1, ""n"": 84}, {""k"": 1, ""n"": 76}]}, {""constant_lens"": false, ""gain"": 0.25, ""lens"": ""pc1"", ""lens_scaling"": ""standardize"", ""min_cluster_size"": 18, ""min_samples"": 5, ""n_class"": 338, ""n_edges"": 4, ""n_intervals"": 5, ""n_vertices"": 5, ""noise_reassigned"": 282, ""placement"": ""quantile"", ""slabs"": [{""k"": 1, ""n"": 76}, {""k"": 1, ""n"": 85}, {""k"": 1, ""n"": 84}, {""k"": 1, ""n"": 85}, {""k"": 1, ""n"": 76}]}, {""constant_lens"": false, ""gain"": 0.25, ""lens"": ""pc1"", ""lens_scaling"": ""standardize"", ""min_cluster_size"": 18, ""min_samples"": 5, ""n_class"": 337, ""n_edges"": 4, ""n_intervals"": 5, ""n_vertices"": 5, ""noise_reassigned"": 306, ""placement"": ""quantile"", ""slabs"": [{""k"": 1, ""n"": 76}, {""k"": 1, ""n"": 84}, {""k"": 1, ""n"": 85}, {""k"": 1, ""n"": 84}, {""k"": 1, ""n"": 76}]}, {""constant_lens"": false, ""gain"": 0.25, ""lens"": ""pc1"", ""lens_scaling"": ""standardize"", ""min_cluster_size"": 18, ""min_samples"": 5, ""n_class"": 338, ""n_edges"": 4, ""n_intervals"": 5, ""n_vertices"": 5, ""noise_reassigned"": 301, ""placement"": ""quantile"", ""slabs"": [{""k"": 1, ""n"": 76}, {""k"": 1, ""n"": 85}, {""k"": 1, ""n"": 84}, {""k"": 1, ""n"": 85}, {""k"": 1, ""n"": 76}]}, {""constant_lens"": false, ""gain"": 0.25, ""lens"": ""pc1"", ""lens_scaling"": ""standardize"", ""min_cluster_size"": 18, ""min_samples"": 5, ""n_class"": 338, ""n_edges"": 4, ""n_intervals"": 5, ""n_vertices"": 5, ""noise_reassigned"": 308, ""placement"": ""quantile"", ""slabs"": [{""k"": 1, ""n"": 76}, {""k"": 1, ""n"": 85}, {""k"": 1, ""n"": 84}, {""k"": 1, ""n"": 85}, {""k"": 1, ""n"": 76}]}, {""constant_lens"": false, ""gain"": 0.25, ""lens"": ""pc1"", ""lens_scaling"": ""standardize"", ""min_cluster_size"": 18, ""min_samples"": 5, ""n_class"": 337, ""n_edges"": 4, ""n_intervals"": 5, ""n_vertices"": 5, ""noise_reassigned"": 307, ""placement"": ""quantile"", ""slabs"": [{""k"": 1, ""n"": 76}, {""k"": 1, ""n"": 84}, {""k"": 1, ""n"": 85}, {""k"": 1, ""n"": 84}, {""k"": 1, ""n"": 76}]}], ""soundness_bound_holds"": true, ""step_rule"": ""scale_free"", ""topology_retention_nerve_to_frozen"": {""beta0_frozen"": 13, ""beta0_nerve"": 11, ""beta1_frozen"": 0, ""beta1_nerve"": 0}}",True
0.9272727272727272,25,False,0.005050505050505051,0.005,,3.7755059999763034,3.7755059999763034,0.0,texture,8,,SPINE+Graph,10,25,550,4950,0.9949494949494949,1041474175,False,"{""admission"": {""criterion"": ""risk"", ""removed_risk"": 2, ""removed_support"": 0}, ""betti_final"": [[1, 0], [1, 0], [1, 0], [2, 0], [2, 0], [1, 0], [1, 0], [1, 0], [1, 0], [1, 0], [1, 0]], ""betti_frozen"": [[1, 0], [1, 0], [1, 0], [2, 0], [2, 0], [1, 0], [1, 0], [1, 0], [1, 0], [1, 0], [1, 0]], ""betti_nerve"": [[1, 0], [1, 0], [1, 0], [1, 0], [1, 0], [1, 0], [1, 0], [1, 0], [1, 0], [1, 0], [1, 0]], ""boundary_restriction"": ""both"", ""forced_removals"": 0, ""growth_representation_fallbacks"": 0, ""invariant_held"": true, ""n_segments"": 12, ""n_train_fit"": 3712, ""n_val"": 1238, ""phase0"": [{""constant_lens"": false, ""gain"": 0.25, ""lens"": ""pc1"", ""lens_scaling"": ""standardize"", ""min_cluster_size"": 18, ""min_samples"": 5, ""n_class"": 337, ""n_edges"": 4, ""n_intervals"": 5, ""n_vertices"": 5, ""noise_reassigned"": 313, ""placement"": ""quantile"", ""slabs"": [{""k"": 1, ""n"": 76}, {""k"": 1, ""n"": 84}, {""k"": 1, ""n"": 85}, {""k"": 1, ""n"": 84}, {""k"": 1, ""n"": 76}]}, {""constant_lens"": false, ""gain"": 0.25, ""lens"": ""pc1"", ""lens_scaling"": ""standardize"", ""min_cluster_size"": 18, ""min_samples"": 5, ""n_class"": 337, ""n_edges"": 4, ""n_intervals"": 5, ""n_vertices"": 5, ""noise_reassigned"": 308, ""placement"": ""quantile"", ""slabs"": [{""k"": 1, ""n"": 76}, {""k"": 1, ""n"": 84}, {""k"": 1, ""n"": 85}, {""k"": 1, ""n"": 84}, {""k"": 1, ""n"": 76}]}, {""constant_lens"": false, ""gain"": 0.25, ""lens"": ""pc1"", ""lens_scaling"": ""standardize"", ""min_cluster_size"": 18, ""min_samples"": 5, ""n_class"": 338, ""n_edges"": 4, ""n_intervals"": 5, ""n_vertices"": 5, ""noise_reassigned"": 306, ""placement"": ""quantile"", ""slabs"": [{""k"": 1, ""n"": 76}, {""k"": 1, ""n"": 85}, {""k"": 1, ""n"": 84}, {""k"": 1, ""n"": 85}, {""k"": 1, ""n"": 76}]}, {""constant_lens"": false, ""gain"": 0.25, ""lens"": ""pc1"", ""lens_scaling"": ""standardize"", ""min_cluster_size"": 18, ""min_samples"": 5, ""n_class"": 337, ""n_edges"": 4, ""n_intervals"": 5, ""n_vertices"": 5, ""noise_reassigned"": 296, ""placement"": ""quantile"", ""slabs"": [{""k"": 1, ""n"": 76}, {""k"": 1, ""n"": 84}, {""k"": 1, ""n"": 85}, {""k"": 1, ""n"": 84}, {""k"": 1, ""n"": 76}]}, {""constant_lens"": false, ""gain"": 0.25, ""lens"": ""pc1"", ""lens_scaling"": ""standardize"", ""min_cluster_size"": 18, ""min_samples"": 5, ""n_class"": 338, ""n_edges"": 4, ""n_intervals"": 5, ""n_vertices"": 5, ""noise_reassigned"": 316, ""placement"": ""quantile"", ""slabs"": [{""k"": 1, ""n"": 76}, {""k"": 1, ""n"": 85}, {""k"": 1, ""n"": 84}, {""k"": 1, ""n"": 85}, {""k"": 1, ""n"": 76}]}, {""constant_lens"": false, ""gain"": 0.25, ""lens"": ""pc1"", ""lens_scaling"": ""standardize"", ""min_cluster_size"": 18, ""min_samples"": 5, ""n_class"": 337, ""n_edges"": 4, ""n_intervals"": 5, ""n_vertices"": 5, ""noise_reassigned"": 306, ""placement"": ""quantile"", ""slabs"": [{""k"": 1, ""n"": 76}, {""k"": 1, ""n"": 84}, {""k"": 1, ""n"": 85}, {""k"": 1, ""n"": 84}, {""k"": 1, ""n"": 76}]}, {""constant_lens"": false, ""gain"": 0.25, ""lens"": ""pc1"", ""lens_scaling"": ""standardize"", ""min_cluster_size"": 18, ""min_samples"": 5, ""n_class"": 338, ""n_edges"": 4, ""n_intervals"": 5, ""n_vertices"": 5, ""noise_reassigned"": 282, ""placement"": ""quantile"", ""slabs"": [{""k"": 1, ""n"": 76}, {""k"": 1, ""n"": 85}, {""k"": 1, ""n"": 84}, {""k"": 1, ""n"": 85}, {""k"": 1, ""n"": 76}]}, {""constant_lens"": false, ""gain"": 0.25, ""lens"": ""pc1"", ""lens_scaling"": ""standardize"", ""min_cluster_size"": 18, ""min_samples"": 5, ""n_class"": 337, ""n_edges"": 4, ""n_intervals"": 5, ""n_vertices"": 5, ""noise_reassigned"": 306, ""placement"": ""quantile"", ""slabs"": [{""k"": 1, ""n"": 76}, {""k"": 1, ""n"": 84}, {""k"": 1, ""n"": 85}, {""k"": 1, ""n"": 84}, {""k"": 1, ""n"": 76}]}, {""constant_lens"": false, ""gain"": 0.25, ""lens"": ""pc1"", ""lens_scaling"": ""standardize"", ""min_cluster_size"": 18, ""min_samples"": 5, ""n_class"": 338, ""n_edges"": 4, ""n_intervals"": 5, ""n_vertices"": 5, ""noise_reassigned"": 301, ""placement"": ""quantile"", ""slabs"": [{""k"": 1, ""n"": 76}, {""k"": 1, ""n"": 85}, {""k"": 1, ""n"": 84}, {""k"": 1, ""n"": 85}, {""k"": 1, ""n"": 76}]}, {""constant_lens"": false, ""gain"": 0.25, ""lens"": ""pc1"", ""lens_scaling"": ""standardize"", ""min_cluster_size"": 18, ""min_samples"": 5, ""n_class"": 338, ""n_edges"": 4, ""n_intervals"": 5, ""n_vertices"": 5, ""noise_reassigned"": 308, ""placement"": ""quantile"", ""slabs"": [{""k"": 1, ""n"": 76}, {""k"": 1, ""n"": 85}, {""k"": 1, ""n"": 84}, {""k"": 1, ""n"": 85}, {""k"": 1, ""n"": 76}]}, {""constant_lens"": false, ""gain"": 0.25, ""lens"": ""pc1"", ""lens_scaling"": ""standardize"", ""min_cluster_size"": 18, ""min_samples"": 5, ""n_class"": 337, ""n_edges"": 4, ""n_intervals"": 5, ""n_vertices"": 5, ""noise_reassigned"": 307, ""placement"": ""quantile"", ""slabs"": [{""k"": 1, ""n"": 76}, {""k"": 1, ""n"": 84}, {""k"": 1, ""n"": 85}, {""k"": 1, ""n"": 84}, {""k"": 1, ""n"": 76}]}], ""soundness_bound_holds"": true, ""step_rule"": ""scale_free"", ""topology_retention_nerve_to_frozen"": {""beta0_frozen"": 13, ""beta0_nerve"": 11, ""beta1_frozen"": 0, ""beta1_nerve"": 0}}",True
0.9036363636363637,25,False,0.005050505050505051,0.005,,2.3114150000037625,44.356336000026204,42.04492100002244,texture,8,"{""epsilon"": 0.3, ""window"": 0.2}",LVQ3,10,25,550,4950,0.9949494949494949,1041474175,False,,True
0.8527272727272728,25,False,0.005050505050505051,0.005,"{""0"": 3, ""1"": 3, ""10"": 2, ""2"": 3, ""3"": 2, ""4"": 2, ""5"": 2, ""6"": 2, ""7"": 2, ""8"": 2, ""9"": 2}",0.5042320000356995,0.5042320000356995,0.0,texture,8,,KMeans,10,25,550,4950,0.9949494949494949,1041474175,False,,True
0.6890909090909091,25,False,0.005050505050505051,0.005,"{""0"": 3, ""1"": 3, ""10"": 2, ""2"": 3, ""3"": 2, ""4"": 2, ""5"": 2, ""6"": 2, ""7"": 2, ""8"": 2, ""9"": 2}",0.001428999996278435,0.001428999996278435,0.0,texture,8,,Random,10,25,550,4950,0.9949494949494949,1041474175,False,,True
0.74,25,False,0.005050505050505051,0.005,,1.6670840000151657,1.6670840000151657,0.0,texture,8,,SPOT,10,25,550,4950,0.9949494949494949,1041474175,False,,True
0.9054545454545454,25,False,0.005050505050505051,0.005,,5.5840469999820925,5.5840469999820925,0.0,texture,8,,GLVQ,10,25,550,4950,0.9949494949494949,1041474175,False,,True
0.8218181818181818,25,False,0.005050505050505051,0.005,,0.6198160000494681,0.6198160000494681,0.0,texture,8,,GNG,10,25,550,4950,0.9949494949494949,1041474175,False,,True
0.9927272727272727,50,False,0.010101010101010102,0.01,,0.0013809999800287187,0.0013809999800287187,0.0,texture,8,,Full,10,4950,550,4950,0.0,1041474175,True,,False
0.9818181818181818,50,False,0.010101010101010102,0.01,,1.7133400000166148,1.7133400000166148,0.0,texture,8,,RSP3,10,883,550,4950,0.8216161616161616,1041474175,True,,False
0.9709090909090909,50,False,0.010101010101010102,0.01,,0.7042000000365078,0.7042000000365078,0.0,texture,8,,RHC,10,268,550,4950,0.9458585858585858,1041474175,True,,False
0.9254545454545454,50,False,0.010101010101010102,0.01,,4.309189000050537,4.309189000050537,0.0,texture,8,,SPINE+1NN,10,50,550,4950,0.98989898989899,1041474175,False,"{""admission"": {""criterion"": ""risk"", ""removed_risk"": 2, ""removed_support"": 0}, ""betti_final"": [[1, 0], [1, 0], [1, 0], [2, 0], [2, 0], [1, 0], [1, 0], [1, 0], [1, 0], [1, 0], [1, 0]], ""betti_frozen"": [[1, 0], [1, 0], [1, 0], [2, 0], [2, 0], [1, 0], [1, 0], [1, 0], [1, 0], [1, 0], [1, 0]], ""betti_nerve"": [[1, 0], [1, 0], [1, 0], [1, 0], [1, 0], [1, 0], [1, 0], [1, 0], [1, 0], [1, 0], [1, 0]], ""boundary_restriction"": ""both"", ""forced_removals"": 0, ""growth_representation_fallbacks"": 2, ""invariant_held"": true, ""n_segments"": 37, ""n_train_fit"": 3712, ""n_val"": 1238, ""phase0"": [{""constant_lens"": false, ""gain"": 0.25, ""lens"": ""pc1"", ""lens_scaling"": ""standardize"", ""min_cluster_size"": 18, ""min_samples"": 5, ""n_class"": 337, ""n_edges"": 4, ""n_intervals"": 5, ""n_vertices"": 5, ""noise_reassigned"": 313, ""placement"": ""quantile"", ""slabs"": [{""k"": 1, ""n"": 76}, {""k"": 1, ""n"": 84}, {""k"": 1, ""n"": 85}, {""k"": 1, ""n"": 84}, {""k"": 1, ""n"": 76}]}, {""constant_lens"": false, ""gain"": 0.25, ""lens"": ""pc1"", ""lens_scaling"": ""standardize"", ""min_cluster_size"": 18, ""min_samples"": 5, ""n_class"": 337, ""n_edges"": 4, ""n_intervals"": 5, ""n_vertices"": 5, ""noise_reassigned"": 308, ""placement"": ""quantile"", ""slabs"": [{""k"": 1, ""n"": 76}, {""k"": 1, ""n"": 84}, {""k"": 1, ""n"": 85}, {""k"": 1, ""n"": 84}, {""k"": 1, ""n"": 76}]}, {""constant_lens"": false, ""gain"": 0.25, ""lens"": ""pc1"", ""lens_scaling"": ""standardize"", ""min_cluster_size"": 18, ""min_samples"": 5, ""n_class"": 338, ""n_edges"": 4, ""n_intervals"": 5, ""n_vertices"": 5, ""noise_reassigned"": 306, ""placement"": ""quantile"", ""slabs"": [{""k"": 1, ""n"": 76}, {""k"": 1, ""n"": 85}, {""k"": 1, ""n"": 84}, {""k"": 1, ""n"": 85}, {""k"": 1, ""n"": 76}]}, {""constant_lens"": false, ""gain"": 0.25, ""lens"": ""pc1"", ""lens_scaling"": ""standardize"", ""min_cluster_size"": 18, ""min_samples"": 5, ""n_class"": 337, ""n_edges"": 4, ""n_intervals"": 5, ""n_vertices"": 5, ""noise_reassigned"": 296, ""placement"": ""quantile"", ""slabs"": [{""k"": 1, ""n"": 76}, {""k"": 1, ""n"": 84}, {""k"": 1, ""n"": 85}, {""k"": 1, ""n"": 84}, {""k"": 1, ""n"": 76}]}, {""constant_lens"": false, ""gain"": 0.25, ""lens"": ""pc1"", ""lens_scaling"": ""standardize"", ""min_cluster_size"": 18, ""min_samples"": 5, ""n_class"": 338, ""n_edges"": 4, ""n_intervals"": 5, ""n_vertices"": 5, ""noise_reassigned"": 316, ""placement"": ""quantile"", ""slabs"": [{""k"": 1, ""n"": 76}, {""k"": 1, ""n"": 85}, {""k"": 1, ""n"": 84}, {""k"": 1, ""n"": 85}, {""k"": 1, ""n"": 76}]}, {""constant_lens"": false, ""gain"": 0.25, ""lens"": ""pc1"", ""lens_scaling"": ""standardize"", ""min_cluster_size"": 18, ""min_samples"": 5, ""n_class"": 337, ""n_edges"": 4, ""n_intervals"": 5, ""n_vertices"": 5, ""noise_reassigned"": 306, ""placement"": ""quantile"", ""slabs"": [{""k"": 1, ""n"": 76}, {""k"": 1, ""n"": 84}, {""k"": 1, ""n"": 85}, {""k"": 1, ""n"": 84}, {""k"": 1, ""n"": 76}]}, {""constant_lens"": false, ""gain"": 0.25, ""lens"": ""pc1"", ""lens_scaling"": ""standardize"", ""min_cluster_size"": 18, ""min_samples"": 5, ""n_class"": 338, ""n_edges"": 4, ""n_intervals"": 5, ""n_vertices"": 5, ""noise_reassigned"": 282, ""placement"": ""quantile"", ""slabs"": [{""k"": 1, ""n"": 76}, {""k"": 1, ""n"": 85}, {""k"": 1, ""n"": 84}, {""k"": 1, ""n"": 85}, {""k"": 1, ""n"": 76}]}, {""constant_lens"": false, ""gain"": 0.25, ""lens"": ""pc1"", ""lens_scaling"": ""standardize"", ""min_cluster_size"": 18, ""min_samples"": 5, ""n_class"": 337, ""n_edges"": 4, ""n_intervals"": 5, ""n_vertices"": 5, ""noise_reassigned"": 306, ""placement"": ""quantile"", ""slabs"": [{""k"": 1, ""n"": 76}, {""k"": 1, ""n"": 84}, {""k"": 1, ""n"": 85}, {""k"": 1, ""n"": 84}, {""k"": 1, ""n"": 76}]}, {""constant_lens"": false, ""gain"": 0.25, ""lens"": ""pc1"", ""lens_scaling"": ""standardize"", ""min_cluster_size"": 18, ""min_samples"": 5, ""n_class"": 338, ""n_edges"": 4, ""n_intervals"": 5, ""n_vertices"": 5, ""noise_reassigned"": 301, ""placement"": ""quantile"", ""slabs"": [{""k"": 1, ""n"": 76}, {""k"": 1, ""n"": 85}, {""k"": 1, ""n"": 84}, {""k"": 1, ""n"": 85}, {""k"": 1, ""n"": 76}]}, {""constant_lens"": false, ""gain"": 0.25, ""lens"": ""pc1"", ""lens_scaling"": ""standardize"", ""min_cluster_size"": 18, ""min_samples"": 5, ""n_class"": 338, ""n_edges"": 4, ""n_intervals"": 5, ""n_vertices"": 5, ""noise_reassigned"": 308, ""placement"": ""quantile"", ""slabs"": [{""k"": 1, ""n"": 76}, {""k"": 1, ""n"": 85}, {""k"": 1, ""n"": 84}, {""k"": 1, ""n"": 85}, {""k"": 1, ""n"": 76}]}, {""constant_lens"": false, ""gain"": 0.25, ""lens"": ""pc1"", ""lens_scaling"": ""standardize"", ""min_cluster_size"": 18, ""min_samples"": 5, ""n_class"": 337, ""n_edges"": 4, ""n_intervals"": 5, ""n_vertices"": 5, ""noise_reassigned"": 307, ""placement"": ""quantile"", ""slabs"": [{""k"": 1, ""n"": 76}, {""k"": 1, ""n"": 84}, {""k"": 1, ""n"": 85}, {""k"": 1, ""n"": 84}, {""k"": 1, ""n"": 76}]}], ""soundness_bound_holds"": true, ""step_rule"": ""scale_free"", ""topology_retention_nerve_to_frozen"": {""beta0_frozen"": 13, ""beta0_nerve"": 11, ""beta1_frozen"": 0, ""beta1_nerve"": 0}}",True
0.9418181818181818,50,False,0.010101010101010102,0.01,,4.309189000050537,4.309189000050537,0.0,texture,8,,SPINE+Graph,10,50,550,4950,0.98989898989899,1041474175,False,"{""admission"": {""criterion"": ""risk"", ""removed_risk"": 2, ""removed_support"": 0}, ""betti_final"": [[1, 0], [1, 0], [1, 0], [2, 0], [2, 0], [1, 0], [1, 0], [1, 0], [1, 0], [1, 0], [1, 0]], ""betti_frozen"": [[1, 0], [1, 0], [1, 0], [2, 0], [2, 0], [1, 0], [1, 0], [1, 0], [1, 0], [1, 0], [1, 0]], ""betti_nerve"": [[1, 0], [1, 0], [1, 0], [1, 0], [1, 0], [1, 0], [1, 0], [1, 0], [1, 0], [1, 0], [1, 0]], ""boundary_restriction"": ""both"", ""forced_removals"": 0, ""growth_representation_fallbacks"": 2, ""invariant_held"": true, ""n_segments"": 37, ""n_train_fit"": 3712, ""n_val"": 1238, ""phase0"": [{""constant_lens"": false, ""gain"": 0.25, ""lens"": ""pc1"", ""lens_scaling"": ""standardize"", ""min_cluster_size"": 18, ""min_samples"": 5, ""n_class"": 337, ""n_edges"": 4, ""n_intervals"": 5, ""n_vertices"": 5, ""noise_reassigned"": 313, ""placement"": ""quantile"", ""slabs"": [{""k"": 1, ""n"": 76}, {""k"": 1, ""n"": 84}, {""k"": 1, ""n"": 85}, {""k"": 1, ""n"": 84}, {""k"": 1, ""n"": 76}]}, {""constant_lens"": false, ""gain"": 0.25, ""lens"": ""pc1"", ""lens_scaling"": ""standardize"", ""min_cluster_size"": 18, ""min_samples"": 5, ""n_class"": 337, ""n_edges"": 4, ""n_intervals"": 5, ""n_vertices"": 5, ""noise_reassigned"": 308, ""placement"": ""quantile"", ""slabs"": [{""k"": 1, ""n"": 76}, {""k"": 1, ""n"": 84}, {""k"": 1, ""n"": 85}, {""k"": 1, ""n"": 84}, {""k"": 1, ""n"": 76}]}, {""constant_lens"": false, ""gain"": 0.25, ""lens"": ""pc1"", ""lens_scaling"": ""standardize"", ""min_cluster_size"": 18, ""min_samples"": 5, ""n_class"": 338, ""n_edges"": 4, ""n_intervals"": 5, ""n_vertices"": 5, ""noise_reassigned"": 306, ""placement"": ""quantile"", ""slabs"": [{""k"": 1, ""n"": 76}, {""k"": 1, ""n"": 85}, {""k"": 1, ""n"": 84}, {""k"": 1, ""n"": 85}, {""k"": 1, ""n"": 76}]}, {""constant_lens"": false, ""gain"": 0.25, ""lens"": ""pc1"", ""lens_scaling"": ""standardize"", ""min_cluster_size"": 18, ""min_samples"": 5, ""n_class"": 337, ""n_edges"": 4, ""n_intervals"": 5, ""n_vertices"": 5, ""noise_reassigned"": 296, ""placement"": ""quantile"", ""slabs"": [{""k"": 1, ""n"": 76}, {""k"": 1, ""n"": 84}, {""k"": 1, ""n"": 85}, {""k"": 1, ""n"": 84}, {""k"": 1, ""n"": 76}]}, {""constant_lens"": false, ""gain"": 0.25, ""lens"": ""pc1"", ""lens_scaling"": ""standardize"", ""min_cluster_size"": 18, ""min_samples"": 5, ""n_class"": 338, ""n_edges"": 4, ""n_intervals"": 5, ""n_vertices"": 5, ""noise_reassigned"": 316, ""placement"": ""quantile"", ""slabs"": [{""k"": 1, ""n"": 76}, {""k"": 1, ""n"": 85}, {""k"": 1, ""n"": 84}, {""k"": 1, ""n"": 85}, {""k"": 1, ""n"": 76}]}, {""constant_lens"": false, ""gain"": 0.25, ""lens"": ""pc1"", ""lens_scaling"": ""standardize"", ""min_cluster_size"": 18, ""min_samples"": 5, ""n_class"": 337, ""n_edges"": 4, ""n_intervals"": 5, ""n_vertices"": 5, ""noise_reassigned"": 306, ""placement"": ""quantile"", ""slabs"": [{""k"": 1, ""n"": 76}, {""k"": 1, ""n"": 84}, {""k"": 1, ""n"": 85}, {""k"": 1, ""n"": 84}, {""k"": 1, ""n"": 76}]}, {""constant_lens"": false, ""gain"": 0.25, ""lens"": ""pc1"", ""lens_scaling"": ""standardize"", ""min_cluster_size"": 18, ""min_samples"": 5, ""n_class"": 338, ""n_edges"": 4, ""n_intervals"": 5, ""n_vertices"": 5, ""noise_reassigned"": 282, ""placement"": ""quantile"", ""slabs"": [{""k"": 1, ""n"": 76}, {""k"": 1, ""n"": 85}, {""k"": 1, ""n"": 84}, {""k"": 1, ""n"": 85}, {""k"": 1, ""n"": 76}]}, {""constant_lens"": false, ""gain"": 0.25, ""lens"": ""pc1"", ""lens_scaling"": ""standardize"", ""min_cluster_size"": 18, ""min_samples"": 5, ""n_class"": 337, ""n_edges"": 4, ""n_intervals"": 5, ""n_vertices"": 5, ""noise_reassigned"": 306, ""placement"": ""quantile"", ""slabs"": [{""k"": 1, ""n"": 76}, {""k"": 1, ""n"": 84}, {""k"": 1, ""n"": 85}, {""k"": 1, ""n"": 84}, {""k"": 1, ""n"": 76}]}, {""constant_lens"": false, ""gain"": 0.25, ""lens"": ""pc1"", ""lens_scaling"": ""standardize"", ""min_cluster_size"": 18, ""min_samples"": 5, ""n_class"": 338, ""n_edges"": 4, ""n_intervals"": 5, ""n_vertices"": 5, ""noise_reassigned"": 301, ""placement"": ""quantile"", ""slabs"": [{""k"": 1, ""n"": 76}, {""k"": 1, ""n"": 85}, {""k"": 1, ""n"": 84}, {""k"": 1, ""n"": 85}, {""k"": 1, ""n"": 76}]}, {""constant_lens"": false, ""gain"": 0.25, ""lens"": ""pc1"", ""lens_scaling"": ""standardize"", ""min_cluster_size"": 18, ""min_samples"": 5, ""n_class"": 338, ""n_edges"": 4, ""n_intervals"": 5, ""n_vertices"": 5, ""noise_reassigned"": 308, ""placement"": ""quantile"", ""slabs"": [{""k"": 1, ""n"": 76}, {""k"": 1, ""n"": 85}, {""k"": 1, ""n"": 84}, {""k"": 1, ""n"": 85}, {""k"": 1, ""n"": 76}]}, {""constant_lens"": false, ""gain"": 0.25, ""lens"": ""pc1"", ""lens_scaling"": ""standardize"", ""min_cluster_size"": 18, ""min_samples"": 5, ""n_class"": 337, ""n_edges"": 4, ""n_intervals"": 5, ""n_vertices"": 5, ""noise_reassigned"": 307, ""placement"": ""quantile"", ""slabs"": [{""k"": 1, ""n"": 76}, {""k"": 1, ""n"": 84}, {""k"": 1, ""n"": 85}, {""k"": 1, ""n"": 84}, {""k"": 1, ""n"": 76}]}], ""soundness_bound_holds"": true, ""step_rule"": ""scale_free"", ""topology_retention_nerve_to_frozen"": {""beta0_frozen"": 13, ""beta0_nerve"": 11, ""beta1_frozen"": 0, ""beta1_nerve"": 0}}",True
0.9636363636363636,50,False,0.010101010101010102,0.01,,2.515177999972366,48.125929999980144,45.61075200000778,texture,8,"{""epsilon"": 0.1, ""window"": 0.2}",LVQ3,10,50,550,4950,0.98989898989899,1041474175,False,,True
0.9127272727272727,50,False,0.010101010101010102,0.01,"{""0"": 5, ""1"": 5, ""10"": 4, ""2"": 5, ""3"": 5, ""4"": 5, ""5"": 5, ""6"": 4, ""7"": 4, ""8"": 4, ""9"": 4}",0.7984029999934137,0.7984029999934137,0.0,texture,8,,KMeans,10,50,550,4950,0.98989898989899,1041474175,False,,True
0.8054545454545454,50,False,0.010101010101010102,0.01,"{""0"": 5, ""1"": 5, ""10"": 4, ""2"": 5, ""3"": 5, ""4"": 5, ""5"": 5, ""6"": 4, ""7"": 4, ""8"": 4, ""9"": 4}",0.0012860000133514404,0.0012860000133514404,0.0,texture,8,,Random,10,50,550,4950,0.98989898989899,1041474175,False,,True
0.8545454545454545,50,False,0.010101010101010102,0.01,,1.6307350000133738,1.6307350000133738,0.0,texture,8,,SPOT,10,50,550,4950,0.98989898989899,1041474175,False,,True
0.9127272727272727,50,False,0.010101010101010102,0.01,,8.160952000005636,8.160952000005636,0.0,texture,8,,GLVQ,10,50,550,4950,0.98989898989899,1041474175,False,,True
0.9036363636363637,50,False,0.010101010101010102,0.01,,1.0437640000018291,1.0437640000018291,0.0,texture,8,,GNG,10,50,550,4950,0.98989898989899,1041474175,False,,True
0.9927272727272727,99,False,0.02,0.02,,0.0013809999800287187,0.0013809999800287187,0.0,texture,8,,Full,10,4950,550,4950,0.0,1041474175,True,,False
0.9818181818181818,99,False,0.02,0.02,,1.7133400000166148,1.7133400000166148,0.0,texture,8,,RSP3,10,883,550,4950,0.8216161616161616,1041474175,True,,False
0.9709090909090909,99,False,0.02,0.02,,0.7042000000365078,0.7042000000365078,0.0,texture,8,,RHC,10,268,550,4950,0.9458585858585858,1041474175,True,,False
0.9472727272727273,99,False,0.02,0.02,,4.789474999997765,4.789474999997765,0.0,texture,8,,SPINE+1NN,10,99,550,4950,0.98,1041474175,False,"{""admission"": {""criterion"": ""risk"", ""removed_risk"": 2, ""removed_support"": 0}, ""betti_final"": [[1, 0], [1, 0], [1, 0], [2, 0], [2, 0], [1, 0], [1, 0], [1, 0], [1, 0], [1, 0], [1, 0]], ""betti_frozen"": [[1, 0], [1, 0], [1, 0], [2, 0], [2, 0], [1, 0], [1, 0], [1, 0], [1, 0], [1, 0], [1, 0]], ""betti_nerve"": [[1, 0], [1, 0], [1, 0], [1, 0], [1, 0], [1, 0], [1, 0], [1, 0], [1, 0], [1, 0], [1, 0]], ""boundary_restriction"": ""both"", ""forced_removals"": 0, ""growth_representation_fallbacks"": 20, ""invariant_held"": true, ""n_segments"": 86, ""n_train_fit"": 3712, ""n_val"": 1238, ""phase0"": [{""constant_lens"": false, ""gain"": 0.25, ""lens"": ""pc1"", ""lens_scaling"": ""standardize"", ""min_cluster_size"": 18, ""min_samples"": 5, ""n_class"": 337, ""n_edges"": 4, ""n_intervals"": 5, ""n_vertices"": 5, ""noise_reassigned"": 313, ""placement"": ""quantile"", ""slabs"": [{""k"": 1, ""n"": 76}, {""k"": 1, ""n"": 84}, {""k"": 1, ""n"": 85}, {""k"": 1, ""n"": 84}, {""k"": 1, ""n"": 76}]}, {""constant_lens"": false, ""gain"": 0.25, ""lens"": ""pc1"", ""lens_scaling"": ""standardize"", ""min_cluster_size"": 18, ""min_samples"": 5, ""n_class"": 337, ""n_edges"": 4, ""n_intervals"": 5, ""n_vertices"": 5, ""noise_reassigned"": 308, ""placement"": ""quantile"", ""slabs"": [{""k"": 1, ""n"": 76}, {""k"": 1, ""n"": 84}, {""k"": 1, ""n"": 85}, {""k"": 1, ""n"": 84}, {""k"": 1, ""n"": 76}]}, {""constant_lens"": false, ""gain"": 0.25, ""lens"": ""pc1"", ""lens_scaling"": ""standardize"", ""min_cluster_size"": 18, ""min_samples"": 5, ""n_class"": 338, ""n_edges"": 4, ""n_intervals"": 5, ""n_vertices"": 5, ""noise_reassigned"": 306, ""placement"": ""quantile"", ""slabs"": [{""k"": 1, ""n"": 76}, {""k"": 1, ""n"": 85}, {""k"": 1, ""n"": 84}, {""k"": 1, ""n"": 85}, {""k"": 1, ""n"": 76}]}, {""constant_lens"": false, ""gain"": 0.25, ""lens"": ""pc1"", ""lens_scaling"": ""standardize"", ""min_cluster_size"": 18, ""min_samples"": 5, ""n_class"": 337, ""n_edges"": 4, ""n_intervals"": 5, ""n_vertices"": 5, ""noise_reassigned"": 296, ""placement"": ""quantile"", ""slabs"": [{""k"": 1, ""n"": 76}, {""k"": 1, ""n"": 84}, {""k"": 1, ""n"": 85}, {""k"": 1, ""n"": 84}, {""k"": 1, ""n"": 76}]}, {""constant_lens"": false, ""gain"": 0.25, ""lens"": ""pc1"", ""lens_scaling"": ""standardize"", ""min_cluster_size"": 18, ""min_samples"": 5, ""n_class"": 338, ""n_edges"": 4, ""n_intervals"": 5, ""n_vertices"": 5, ""noise_reassigned"": 316, ""placement"": ""quantile"", ""slabs"": [{""k"": 1, ""n"": 76}, {""k"": 1, ""n"": 85}, {""k"": 1, ""n"": 84}, {""k"": 1, ""n"": 85}, {""k"": 1, ""n"": 76}]}, {""constant_lens"": false, ""gain"": 0.25, ""lens"": ""pc1"", ""lens_scaling"": ""standardize"", ""min_cluster_size"": 18, ""min_samples"": 5, ""n_class"": 337, ""n_edges"": 4, ""n_intervals"": 5, ""n_vertices"": 5, ""noise_reassigned"": 306, ""placement"": ""quantile"", ""slabs"": [{""k"": 1, ""n"": 76}, {""k"": 1, ""n"": 84}, {""k"": 1, ""n"": 85}, {""k"": 1, ""n"": 84}, {""k"": 1, ""n"": 76}]}, {""constant_lens"": false, ""gain"": 0.25, ""lens"": ""pc1"", ""lens_scaling"": ""standardize"", ""min_cluster_size"": 18, ""min_samples"": 5, ""n_class"": 338, ""n_edges"": 4, ""n_intervals"": 5, ""n_vertices"": 5, ""noise_reassigned"": 282, ""placement"": ""quantile"", ""slabs"": [{""k"": 1, ""n"": 76}, {""k"": 1, ""n"": 85}, {""k"": 1, ""n"": 84}, {""k"": 1, ""n"": 85}, {""k"": 1, ""n"": 76}]}, {""constant_lens"": false, ""gain"": 0.25, ""lens"": ""pc1"", ""lens_scaling"": ""standardize"", ""min_cluster_size"": 18, ""min_samples"": 5, ""n_class"": 337, ""n_edges"": 4, ""n_intervals"": 5, ""n_vertices"": 5, ""noise_reassigned"": 306, ""placement"": ""quantile"", ""slabs"": [{""k"": 1, ""n"": 76}, {""k"": 1, ""n"": 84}, {""k"": 1, ""n"": 85}, {""k"": 1, ""n"": 84}, {""k"": 1, ""n"": 76}]}, {""constant_lens"": false, ""gain"": 0.25, ""lens"": ""pc1"", ""lens_scaling"": ""standardize"", ""min_cluster_size"": 18, ""min_samples"": 5, ""n_class"": 338, ""n_edges"": 4, ""n_intervals"": 5, ""n_vertices"": 5, ""noise_reassigned"": 301, ""placement"": ""quantile"", ""slabs"": [{""k"": 1, ""n"": 76}, {""k"": 1, ""n"": 85}, {""k"": 1, ""n"": 84}, {""k"": 1, ""n"": 85}, {""k"": 1, ""n"": 76}]}, {""constant_lens"": false, ""gain"": 0.25, ""lens"": ""pc1"", ""lens_scaling"": ""standardize"", ""min_cluster_size"": 18, ""min_samples"": 5, ""n_class"": 338, ""n_edges"": 4, ""n_intervals"": 5, ""n_vertices"": 5, ""noise_reassigned"": 308, ""placement"": ""quantile"", ""slabs"": [{""k"": 1, ""n"": 76}, {""k"": 1, ""n"": 85}, {""k"": 1, ""n"": 84}, {""k"": 1, ""n"": 85}, {""k"": 1, ""n"": 76}]}, {""constant_lens"": false, ""gain"": 0.25, ""lens"": ""pc1"", ""lens_scaling"": ""standardize"", ""min_cluster_size"": 18, ""min_samples"": 5, ""n_class"": 337, ""n_edges"": 4, ""n_intervals"": 5, ""n_vertices"": 5, ""noise_reassigned"": 307, ""placement"": ""quantile"", ""slabs"": [{""k"": 1, ""n"": 76}, {""k"": 1, ""n"": 84}, {""k"": 1, ""n"": 85}, {""k"": 1, ""n"": 84}, {""k"": 1, ""n"": 76}]}], ""soundness_bound_holds"": true, ""step_rule"": ""scale_free"", ""topology_retention_nerve_to_frozen"": {""beta0_frozen"": 13, ""beta0_nerve"": 11, ""beta1_frozen"": 0, ""beta1_nerve"": 0}}",True
0.9545454545454546,99,False,0.02,0.02,,4.789474999997765,4.789474999997765,0.0,texture,8,,SPINE+Graph,10,99,550,4950,0.98,1041474175,False,"{""admission"": {""criterion"": ""risk"", ""removed_risk"": 2, ""removed_support"": 0}, ""betti_final"": [[1, 0], [1, 0], [1, 0], [2, 0], [2, 0], [1, 0], [1, 0], [1, 0], [1, 0], [1, 0], [1, 0]], ""betti_frozen"": [[1, 0], [1, 0], [1, 0], [2, 0], [2, 0], [1, 0], [1, 0], [1, 0], [1, 0], [1, 0], [1, 0]], ""betti_nerve"": [[1, 0], [1, 0], [1, 0], [1, 0], [1, 0], [1, 0], [1, 0], [1, 0], [1, 0], [1, 0], [1, 0]], ""boundary_restriction"": ""both"", ""forced_removals"": 0, ""growth_representation_fallbacks"": 20, ""invariant_held"": true, ""n_segments"": 86, ""n_train_fit"": 3712, ""n_val"": 1238, ""phase0"": [{""constant_lens"": false, ""gain"": 0.25, ""lens"": ""pc1"", ""lens_scaling"": ""standardize"", ""min_cluster_size"": 18, ""min_samples"": 5, ""n_class"": 337, ""n_edges"": 4, ""n_intervals"": 5, ""n_vertices"": 5, ""noise_reassigned"": 313, ""placement"": ""quantile"", ""slabs"": [{""k"": 1, ""n"": 76}, {""k"": 1, ""n"": 84}, {""k"": 1, ""n"": 85}, {""k"": 1, ""n"": 84}, {""k"": 1, ""n"": 76}]}, {""constant_lens"": false, ""gain"": 0.25, ""lens"": ""pc1"", ""lens_scaling"": ""standardize"", ""min_cluster_size"": 18, ""min_samples"": 5, ""n_class"": 337, ""n_edges"": 4, ""n_intervals"": 5, ""n_vertices"": 5, ""noise_reassigned"": 308, ""placement"": ""quantile"", ""slabs"": [{""k"": 1, ""n"": 76}, {""k"": 1, ""n"": 84}, {""k"": 1, ""n"": 85}, {""k"": 1, ""n"": 84}, {""k"": 1, ""n"": 76}]}, {""constant_lens"": false, ""gain"": 0.25, ""lens"": ""pc1"", ""lens_scaling"": ""standardize"", ""min_cluster_size"": 18, ""min_samples"": 5, ""n_class"": 338, ""n_edges"": 4, ""n_intervals"": 5, ""n_vertices"": 5, ""noise_reassigned"": 306, ""placement"": ""quantile"", ""slabs"": [{""k"": 1, ""n"": 76}, {""k"": 1, ""n"": 85}, {""k"": 1, ""n"": 84}, {""k"": 1, ""n"": 85}, {""k"": 1, ""n"": 76}]}, {""constant_lens"": false, ""gain"": 0.25, ""lens"": ""pc1"", ""lens_scaling"": ""standardize"", ""min_cluster_size"": 18, ""min_samples"": 5, ""n_class"": 337, ""n_edges"": 4, ""n_intervals"": 5, ""n_vertices"": 5, ""noise_reassigned"": 296, ""placement"": ""quantile"", ""slabs"": [{""k"": 1, ""n"": 76}, {""k"": 1, ""n"": 84}, {""k"": 1, ""n"": 85}, {""k"": 1, ""n"": 84}, {""k"": 1, ""n"": 76}]}, {""constant_lens"": false, ""gain"": 0.25, ""lens"": ""pc1"", ""lens_scaling"": ""standardize"", ""min_cluster_size"": 18, ""min_samples"": 5, ""n_class"": 338, ""n_edges"": 4, ""n_intervals"": 5, ""n_vertices"": 5, ""noise_reassigned"": 316, ""placement"": ""quantile"", ""slabs"": [{""k"": 1, ""n"": 76}, {""k"": 1, ""n"": 85}, {""k"": 1, ""n"": 84}, {""k"": 1, ""n"": 85}, {""k"": 1, ""n"": 76}]}, {""constant_lens"": false, ""gain"": 0.25, ""lens"": ""pc1"", ""lens_scaling"": ""standardize"", ""min_cluster_size"": 18, ""min_samples"": 5, ""n_class"": 337, ""n_edges"": 4, ""n_intervals"": 5, ""n_vertices"": 5, ""noise_reassigned"": 306, ""placement"": ""quantile"", ""slabs"": [{""k"": 1, ""n"": 76}, {""k"": 1, ""n"": 84}, {""k"": 1, ""n"": 85}, {""k"": 1, ""n"": 84}, {""k"": 1, ""n"": 76}]}, {""constant_lens"": false, ""gain"": 0.25, ""lens"": ""pc1"", ""lens_scaling"": ""standardize"", ""min_cluster_size"": 18, ""min_samples"": 5, ""n_class"": 338, ""n_edges"": 4, ""n_intervals"": 5, ""n_vertices"": 5, ""noise_reassigned"": 282, ""placement"": ""quantile"", ""slabs"": [{""k"": 1, ""n"": 76}, {""k"": 1, ""n"": 85}, {""k"": 1, ""n"": 84}, {""k"": 1, ""n"": 85}, {""k"": 1, ""n"": 76}]}, {""constant_lens"": false, ""gain"": 0.25, ""lens"": ""pc1"", ""lens_scaling"": ""standardize"", ""min_cluster_size"": 18, ""min_samples"": 5, ""n_class"": 337, ""n_edges"": 4, ""n_intervals"": 5, ""n_vertices"": 5, ""noise_reassigned"": 306, ""placement"": ""quantile"", ""slabs"": [{""k"": 1, ""n"": 76}, {""k"": 1, ""n"": 84}, {""k"": 1, ""n"": 85}, {""k"": 1, ""n"": 84}, {""k"": 1, ""n"": 76}]}, {""constant_lens"": false, ""gain"": 0.25, ""lens"": ""pc1"", ""lens_scaling"": ""standardize"", ""min_cluster_size"": 18, ""min_samples"": 5, ""n_class"": 338, ""n_edges"": 4, ""n_intervals"": 5, ""n_vertices"": 5, ""noise_reassigned"": 301, ""placement"": ""quantile"", ""slabs"": [{""k"": 1, ""n"": 76}, {""k"": 1, ""n"": 85}, {""k"": 1, ""n"": 84}, {""k"": 1, ""n"": 85}, {""k"": 1, ""n"": 76}]}, {""constant_lens"": false, ""gain"": 0.25, ""lens"": ""pc1"", ""lens_scaling"": ""standardize"", ""min_cluster_size"": 18, ""min_samples"": 5, ""n_class"": 338, ""n_edges"": 4, ""n_intervals"": 5, ""n_vertices"": 5, ""noise_reassigned"": 308, ""placement"": ""quantile"", ""slabs"": [{""k"": 1, ""n"": 76}, {""k"": 1, ""n"": 85}, {""k"": 1, ""n"": 84}, {""k"": 1, ""n"": 85}, {""k"": 1, ""n"": 76}]}, {""constant_lens"": false, ""gain"": 0.25, ""lens"": ""pc1"", ""lens_scaling"": ""standardize"", ""min_cluster_size"": 18, ""min_samples"": 5, ""n_class"": 337, ""n_edges"": 4, ""n_intervals"": 5, ""n_vertices"": 5, ""noise_reassigned"": 307, ""placement"": ""quantile"", ""slabs"": [{""k"": 1, ""n"": 76}, {""k"": 1, ""n"": 84}, {""k"": 1, ""n"": 85}, {""k"": 1, ""n"": 84}, {""k"": 1, ""n"": 76}]}], ""soundness_bound_holds"": true, ""step_rule"": ""scale_free"", ""topology_retention_nerve_to_frozen"": {""beta0_frozen"": 13, ""beta0_nerve"": 11, ""beta1_frozen"": 0, ""beta1_nerve"": 0}}",True
0.9709090909090909,99,False,0.02,0.02,,3.2287430000142194,58.72021500003757,55.49147200002335,texture,8,"{""epsilon"": 0.1, ""window"": 0.2}",LVQ3,10,99,550,4950,0.98,1041474175,False,,True
0.9454545454545454,99,False,0.02,0.02,"{""0"": 9, ""1"": 9, ""10"": 9, ""2"": 9, ""3"": 9, ""4"": 9, ""5"": 9, ""6"": 9, ""7"": 9, ""8"": 9, ""9"": 9}",0.9679790000081994,0.9679790000081994,0.0,texture,8,,KMeans,10,99,550,4950,0.98,1041474175,False,,True
0.8527272727272728,99,False,0.02,0.02,"{""0"": 9, ""1"": 9, ""10"": 9, ""2"": 9, ""3"": 9, ""4"": 9, ""5"": 9, ""6"": 9, ""7"": 9, ""8"": 9, ""9"": 9}",0.001520999998319894,0.001520999998319894,0.0,texture,8,,Random,10,99,550,4950,0.98,1041474175,False,,True
0.9163636363636364,99,False,0.02,0.02,,1.7897290000109933,1.7897290000109933,0.0,texture,8,,SPOT,10,99,550,4950,0.98,1041474175,False,,True
0.9054545454545454,99,False,0.02,0.02,,13.360954000032507,13.360954000032507,0.0,texture,8,,GLVQ,10,99,550,4950,0.98,1041474175,False,,True
0.9345454545454546,99,False,0.02,0.02,,1.7494360000127926,1.7494360000127926,0.0,texture,8,,GNG,10,99,550,4950,0.98,1041474175,False,,True
0.9927272727272727,248,False,0.050101010101010104,0.05,,0.0013809999800287187,0.0013809999800287187,0.0,texture,8,,Full,10,4950,550,4950,0.0,1041474175,True,,False
0.9818181818181818,248,False,0.050101010101010104,0.05,,1.7133400000166148,1.7133400000166148,0.0,texture,8,,RSP3,10,883,550,4950,0.8216161616161616,1041474175,True,,False
0.9709090909090909,248,False,0.050101010101010104,0.05,,0.7042000000365078,0.7042000000365078,0.0,texture,8,,RHC,10,268,550,4950,0.9458585858585858,1041474175,True,,False
0.9545454545454546,248,False,0.050101010101010104,0.05,,6.12349800002994,6.12349800002994,0.0,texture,8,,SPINE+1NN,10,248,550,4950,0.9498989898989899,1041474175,False,"{""admission"": {""criterion"": ""risk"", ""removed_risk"": 2, ""removed_support"": 0}, ""betti_final"": [[1, 0], [1, 0], [1, 0], [2, 0], [2, 0], [1, 0], [1, 0], [1, 0], [1, 0], [1, 0], [1, 0]], ""betti_frozen"": [[1, 0], [1, 0], [1, 0], [2, 0], [2, 0], [1, 0], [1, 0], [1, 0], [1, 0], [1, 0], [1, 0]], ""betti_nerve"": [[1, 0], [1, 0], [1, 0], [1, 0], [1, 0], [1, 0], [1, 0], [1, 0], [1, 0], [1, 0], [1, 0]], ""boundary_restriction"": ""both"", ""forced_removals"": 0, ""growth_representation_fallbacks"": 132, ""invariant_held"": true, ""n_segments"": 235, ""n_train_fit"": 3712, ""n_val"": 1238, ""phase0"": [{""constant_lens"": false, ""gain"": 0.25, ""lens"": ""pc1"", ""lens_scaling"": ""standardize"", ""min_cluster_size"": 18, ""min_samples"": 5, ""n_class"": 337, ""n_edges"": 4, ""n_intervals"": 5, ""n_vertices"": 5, ""noise_reassigned"": 313, ""placement"": ""quantile"", ""slabs"": [{""k"": 1, ""n"": 76}, {""k"": 1, ""n"": 84}, {""k"": 1, ""n"": 85}, {""k"": 1, ""n"": 84}, {""k"": 1, ""n"": 76}]}, {""constant_lens"": false, ""gain"": 0.25, ""lens"": ""pc1"", ""lens_scaling"": ""standardize"", ""min_cluster_size"": 18, ""min_samples"": 5, ""n_class"": 337, ""n_edges"": 4, ""n_intervals"": 5, ""n_vertices"": 5, ""noise_reassigned"": 308, ""placement"": ""quantile"", ""slabs"": [{""k"": 1, ""n"": 76}, {""k"": 1, ""n"": 84}, {""k"": 1, ""n"": 85}, {""k"": 1, ""n"": 84}, {""k"": 1, ""n"": 76}]}, {""constant_lens"": false, ""gain"": 0.25, ""lens"": ""pc1"", ""lens_scaling"": ""standardize"", ""min_cluster_size"": 18, ""min_samples"": 5, ""n_class"": 338, ""n_edges"": 4, ""n_intervals"": 5, ""n_vertices"": 5, ""noise_reassigned"": 306, ""placement"": ""quantile"", ""slabs"": [{""k"": 1, ""n"": 76}, {""k"": 1, ""n"": 85}, {""k"": 1, ""n"": 84}, {""k"": 1, ""n"": 85}, {""k"": 1, ""n"": 76}]}, {""constant_lens"": false, ""gain"": 0.25, ""lens"": ""pc1"", ""lens_scaling"": ""standardize"", ""min_cluster_size"": 18, ""min_samples"": 5, ""n_class"": 337, ""n_edges"": 4, ""n_intervals"": 5, ""n_vertices"": 5, ""noise_reassigned"": 296, ""placement"": ""quantile"", ""slabs"": [{""k"": 1, ""n"": 76}, {""k"": 1, ""n"": 84}, {""k"": 1, ""n"": 85}, {""k"": 1, ""n"": 84}, {""k"": 1, ""n"": 76}]}, {""constant_lens"": false, ""gain"": 0.25, ""lens"": ""pc1"", ""lens_scaling"": ""standardize"", ""min_cluster_size"": 18, ""min_samples"": 5, ""n_class"": 338, ""n_edges"": 4, ""n_intervals"": 5, ""n_vertices"": 5, ""noise_reassigned"": 316, ""placement"": ""quantile"", ""slabs"": [{""k"": 1, ""n"": 76}, {""k"": 1, ""n"": 85}, {""k"": 1, ""n"": 84}, {""k"": 1, ""n"": 85}, {""k"": 1, ""n"": 76}]}, {""constant_lens"": false, ""gain"": 0.25, ""lens"": ""pc1"", ""lens_scaling"": ""standardize"", ""min_cluster_size"": 18, ""min_samples"": 5, ""n_class"": 337, ""n_edges"": 4, ""n_intervals"": 5, ""n_vertices"": 5, ""noise_reassigned"": 306, ""placement"": ""quantile"", ""slabs"": [{""k"": 1, ""n"": 76}, {""k"": 1, ""n"": 84}, {""k"": 1, ""n"": 85}, {""k"": 1, ""n"": 84}, {""k"": 1, ""n"": 76}]}, {""constant_lens"": false, ""gain"": 0.25, ""lens"": ""pc1"", ""lens_scaling"": ""standardize"", ""min_cluster_size"": 18, ""min_samples"": 5, ""n_class"": 338, ""n_edges"": 4, ""n_intervals"": 5, ""n_vertices"": 5, ""noise_reassigned"": 282, ""placement"": ""quantile"", ""slabs"": [{""k"": 1, ""n"": 76}, {""k"": 1, ""n"": 85}, {""k"": 1, ""n"": 84}, {""k"": 1, ""n"": 85}, {""k"": 1, ""n"": 76}]}, {""constant_lens"": false, ""gain"": 0.25, ""lens"": ""pc1"", ""lens_scaling"": ""standardize"", ""min_cluster_size"": 18, ""min_samples"": 5, ""n_class"": 337, ""n_edges"": 4, ""n_intervals"": 5, ""n_vertices"": 5, ""noise_reassigned"": 306, ""placement"": ""quantile"", ""slabs"": [{""k"": 1, ""n"": 76}, {""k"": 1, ""n"": 84}, {""k"": 1, ""n"": 85}, {""k"": 1, ""n"": 84}, {""k"": 1, ""n"": 76}]}, {""constant_lens"": false, ""gain"": 0.25, ""lens"": ""pc1"", ""lens_scaling"": ""standardize"", ""min_cluster_size"": 18, ""min_samples"": 5, ""n_class"": 338, ""n_edges"": 4, ""n_intervals"": 5, ""n_vertices"": 5, ""noise_reassigned"": 301, ""placement"": ""quantile"", ""slabs"": [{""k"": 1, ""n"": 76}, {""k"": 1, ""n"": 85}, {""k"": 1, ""n"": 84}, {""k"": 1, ""n"": 85}, {""k"": 1, ""n"": 76}]}, {""constant_lens"": false, ""gain"": 0.25, ""lens"": ""pc1"", ""lens_scaling"": ""standardize"", ""min_cluster_size"": 18, ""min_samples"": 5, ""n_class"": 338, ""n_edges"": 4, ""n_intervals"": 5, ""n_vertices"": 5, ""noise_reassigned"": 308, ""placement"": ""quantile"", ""slabs"": [{""k"": 1, ""n"": 76}, {""k"": 1, ""n"": 85}, {""k"": 1, ""n"": 84}, {""k"": 1, ""n"": 85}, {""k"": 1, ""n"": 76}]}, {""constant_lens"": false, ""gain"": 0.25, ""lens"": ""pc1"", ""lens_scaling"": ""standardize"", ""min_cluster_size"": 18, ""min_samples"": 5, ""n_class"": 337, ""n_edges"": 4, ""n_intervals"": 5, ""n_vertices"": 5, ""noise_reassigned"": 307, ""placement"": ""quantile"", ""slabs"": [{""k"": 1, ""n"": 76}, {""k"": 1, ""n"": 84}, {""k"": 1, ""n"": 85}, {""k"": 1, ""n"": 84}, {""k"": 1, ""n"": 76}]}], ""soundness_bound_holds"": true, ""step_rule"": ""scale_free"", ""topology_retention_nerve_to_frozen"": {""beta0_frozen"": 13, ""beta0_nerve"": 11, ""beta1_frozen"": 0, ""beta1_nerve"": 0}}",True
0.96,248,False,0.050101010101010104,0.05,,6.12349800002994,6.12349800002994,0.0,texture,8,,SPINE+Graph,10,248,550,4950,0.9498989898989899,1041474175,False,"{""admission"": {""criterion"": ""risk"", ""removed_risk"": 2, ""removed_support"": 0}, ""betti_final"": [[1, 0], [1, 0], [1, 0], [2, 0], [2, 0], [1, 0], [1, 0], [1, 0], [1, 0], [1, 0], [1, 0]], ""betti_frozen"": [[1, 0], [1, 0], [1, 0], [2, 0], [2, 0], [1, 0], [1, 0], [1, 0], [1, 0], [1, 0], [1, 0]], ""betti_nerve"": [[1, 0], [1, 0], [1, 0], [1, 0], [1, 0], [1, 0], [1, 0], [1, 0], [1, 0], [1, 0], [1, 0]], ""boundary_restriction"": ""both"", ""forced_removals"": 0, ""growth_representation_fallbacks"": 132, ""invariant_held"": true, ""n_segments"": 235, ""n_train_fit"": 3712, ""n_val"": 1238, ""phase0"": [{""constant_lens"": false, ""gain"": 0.25, ""lens"": ""pc1"", ""lens_scaling"": ""standardize"", ""min_cluster_size"": 18, ""min_samples"": 5, ""n_class"": 337, ""n_edges"": 4, ""n_intervals"": 5, ""n_vertices"": 5, ""noise_reassigned"": 313, ""placement"": ""quantile"", ""slabs"": [{""k"": 1, ""n"": 76}, {""k"": 1, ""n"": 84}, {""k"": 1, ""n"": 85}, {""k"": 1, ""n"": 84}, {""k"": 1, ""n"": 76}]}, {""constant_lens"": false, ""gain"": 0.25, ""lens"": ""pc1"", ""lens_scaling"": ""standardize"", ""min_cluster_size"": 18, ""min_samples"": 5, ""n_class"": 337, ""n_edges"": 4, ""n_intervals"": 5, ""n_vertices"": 5, ""noise_reassigned"": 308, ""placement"": ""quantile"", ""slabs"": [{""k"": 1, ""n"": 76}, {""k"": 1, ""n"": 84}, {""k"": 1, ""n"": 85}, {""k"": 1, ""n"": 84}, {""k"": 1, ""n"": 76}]}, {""constant_lens"": false, ""gain"": 0.25, ""lens"": ""pc1"", ""lens_scaling"": ""standardize"", ""min_cluster_size"": 18, ""min_samples"": 5, ""n_class"": 338, ""n_edges"": 4, ""n_intervals"": 5, ""n_vertices"": 5, ""noise_reassigned"": 306, ""placement"": ""quantile"", ""slabs"": [{""k"": 1, ""n"": 76}, {""k"": 1, ""n"": 85}, {""k"": 1, ""n"": 84}, {""k"": 1, ""n"": 85}, {""k"": 1, ""n"": 76}]}, {""constant_lens"": false, ""gain"": 0.25, ""lens"": ""pc1"", ""lens_scaling"": ""standardize"", ""min_cluster_size"": 18, ""min_samples"": 5, ""n_class"": 337, ""n_edges"": 4, ""n_intervals"": 5, ""n_vertices"": 5, ""noise_reassigned"": 296, ""placement"": ""quantile"", ""slabs"": [{""k"": 1, ""n"": 76}, {""k"": 1, ""n"": 84}, {""k"": 1, ""n"": 85}, {""k"": 1, ""n"": 84}, {""k"": 1, ""n"": 76}]}, {""constant_lens"": false, ""gain"": 0.25, ""lens"": ""pc1"", ""lens_scaling"": ""standardize"", ""min_cluster_size"": 18, ""min_samples"": 5, ""n_class"": 338, ""n_edges"": 4, ""n_intervals"": 5, ""n_vertices"": 5, ""noise_reassigned"": 316, ""placement"": ""quantile"", ""slabs"": [{""k"": 1, ""n"": 76}, {""k"": 1, ""n"": 85}, {""k"": 1, ""n"": 84}, {""k"": 1, ""n"": 85}, {""k"": 1, ""n"": 76}]}, {""constant_lens"": false, ""gain"": 0.25, ""lens"": ""pc1"", ""lens_scaling"": ""standardize"", ""min_cluster_size"": 18, ""min_samples"": 5, ""n_class"": 337, ""n_edges"": 4, ""n_intervals"": 5, ""n_vertices"": 5, ""noise_reassigned"": 306, ""placement"": ""quantile"", ""slabs"": [{""k"": 1, ""n"": 76}, {""k"": 1, ""n"": 84}, {""k"": 1, ""n"": 85}, {""k"": 1, ""n"": 84}, {""k"": 1, ""n"": 76}]}, {""constant_lens"": false, ""gain"": 0.25, ""lens"": ""pc1"", ""lens_scaling"": ""standardize"", ""min_cluster_size"": 18, ""min_samples"": 5, ""n_class"": 338, ""n_edges"": 4, ""n_intervals"": 5, ""n_vertices"": 5, ""noise_reassigned"": 282, ""placement"": ""quantile"", ""slabs"": [{""k"": 1, ""n"": 76}, {""k"": 1, ""n"": 85}, {""k"": 1, ""n"": 84}, {""k"": 1, ""n"": 85}, {""k"": 1, ""n"": 76}]}, {""constant_lens"": false, ""gain"": 0.25, ""lens"": ""pc1"", ""lens_scaling"": ""standardize"", ""min_cluster_size"": 18, ""min_samples"": 5, ""n_class"": 337, ""n_edges"": 4, ""n_intervals"": 5, ""n_vertices"": 5, ""noise_reassigned"": 306, ""placement"": ""quantile"", ""slabs"": [{""k"": 1, ""n"": 76}, {""k"": 1, ""n"": 84}, {""k"": 1, ""n"": 85}, {""k"": 1, ""n"": 84}, {""k"": 1, ""n"": 76}]}, {""constant_lens"": false, ""gain"": 0.25, ""lens"": ""pc1"", ""lens_scaling"": ""standardize"", ""min_cluster_size"": 18, ""min_samples"": 5, ""n_class"": 338, ""n_edges"": 4, ""n_intervals"": 5, ""n_vertices"": 5, ""noise_reassigned"": 301, ""placement"": ""quantile"", ""slabs"": [{""k"": 1, ""n"": 76}, {""k"": 1, ""n"": 85}, {""k"": 1, ""n"": 84}, {""k"": 1, ""n"": 85}, {""k"": 1, ""n"": 76}]}, {""constant_lens"": false, ""gain"": 0.25, ""lens"": ""pc1"", ""lens_scaling"": ""standardize"", ""min_cluster_size"": 18, ""min_samples"": 5, ""n_class"": 338, ""n_edges"": 4, ""n_intervals"": 5, ""n_vertices"": 5, ""noise_reassigned"": 308, ""placement"": ""quantile"", ""slabs"": [{""k"": 1, ""n"": 76}, {""k"": 1, ""n"": 85}, {""k"": 1, ""n"": 84}, {""k"": 1, ""n"": 85}, {""k"": 1, ""n"": 76}]}, {""constant_lens"": false, ""gain"": 0.25, ""lens"": ""pc1"", ""lens_scaling"": ""standardize"", ""min_cluster_size"": 18, ""min_samples"": 5, ""n_class"": 337, ""n_edges"": 4, ""n_intervals"": 5, ""n_vertices"": 5, ""noise_reassigned"": 307, ""placement"": ""quantile"", ""slabs"": [{""k"": 1, ""n"": 76}, {""k"": 1, ""n"": 84}, {""k"": 1, ""n"": 85}, {""k"": 1, ""n"": 84}, {""k"": 1, ""n"": 76}]}], ""soundness_bound_holds"": true, ""step_rule"": ""scale_free"", ""topology_retention_nerve_to_frozen"": {""beta0_frozen"": 13, ""beta0_nerve"": 11, ""beta1_frozen"": 0, ""beta1_nerve"": 0}}",True
0.9781818181818182,248,False,0.050101010101010104,0.05,,4.330047000024933,79.85061100003077,75.52056400000583,texture,8,"{""epsilon"": 0.1, ""window"": 0.3}",LVQ3,10,248,550,4950,0.9498989898989899,1041474175,False,,True
0.9709090909090909,248,False,0.050101010101010104,0.05,"{""0"": 23, ""1"": 23, ""10"": 22, ""2"": 23, ""3"": 23, ""4"": 23, ""5"": 23, ""6"": 22, ""7"": 22, ""8"": 22, ""9"": 22}",1.5604460000176914,1.5604460000176914,0.0,texture,8,,KMeans,10,248,550,4950,0.9498989898989899,1041474175,False,,True
0.8981818181818182,248,False,0.050101010101010104,0.05,"{""0"": 23, ""1"": 23, ""10"": 22, ""2"": 23, ""3"": 23, ""4"": 23, ""5"": 23, ""6"": 22, ""7"": 22, ""8"": 22, ""9"": 22}",0.0017380000208504498,0.0017380000208504498,0.0,texture,8,,Random,10,248,550,4950,0.9498989898989899,1041474175,False,,True
0.9418181818181818,248,False,0.050101010101010104,0.05,,1.8626720000174828,1.8626720000174828,0.0,texture,8,,SPOT,10,248,550,4950,0.9498989898989899,1041474175,False,,True
0.9090909090909091,248,False,0.050101010101010104,0.05,,28.982421999971848,28.982421999971848,0.0,texture,8,,GLVQ,10,248,550,4950,0.9498989898989899,1041474175,False,,True
0.96,248,False,0.050101010101010104,0.05,,2.6052879999624565,2.6052879999624565,0.0,texture,8,,GNG,10,248,550,4950,0.9498989898989899,1041474175,False,,True
0.9927272727272727,495,False,0.1,0.1,,0.0013809999800287187,0.0013809999800287187,0.0,texture,8,,Full,10,4950,550,4950,0.0,1041474175,True,,False
0.9818181818181818,495,False,0.1,0.1,,1.7133400000166148,1.7133400000166148,0.0,texture,8,,RSP3,10,883,550,4950,0.8216161616161616,1041474175,True,,False
0.9709090909090909,495,False,0.1,0.1,,0.7042000000365078,0.7042000000365078,0.0,texture,8,,RHC,10,268,550,4950,0.9458585858585858,1041474175,True,,False
0.9654545454545455,495,False,0.1,0.1,,7.4415310000185855,7.4415310000185855,0.0,texture,8,,SPINE+1NN,10,495,550,4950,0.9,1041474175,False,"{""admission"": {""criterion"": ""risk"", ""removed_risk"": 2, ""removed_support"": 0}, ""betti_final"": [[1, 0], [1, 0], [1, 0], [2, 0], [2, 0], [1, 0], [1, 0], [1, 0], [1, 0], [1, 0], [1, 0]], ""betti_frozen"": [[1, 0], [1, 0], [1, 0], [2, 0], [2, 0], [1, 0], [1, 0], [1, 0], [1, 0], [1, 0], [1, 0]], ""betti_nerve"": [[1, 0], [1, 0], [1, 0], [1, 0], [1, 0], [1, 0], [1, 0], [1, 0], [1, 0], [1, 0], [1, 0]], ""boundary_restriction"": ""both"", ""forced_removals"": 0, ""growth_representation_fallbacks"": 418, ""invariant_held"": true, ""n_segments"": 482, ""n_train_fit"": 3712, ""n_val"": 1238, ""phase0"": [{""constant_lens"": false, ""gain"": 0.25, ""lens"": ""pc1"", ""lens_scaling"": ""standardize"", ""min_cluster_size"": 18, ""min_samples"": 5, ""n_class"": 337, ""n_edges"": 4, ""n_intervals"": 5, ""n_vertices"": 5, ""noise_reassigned"": 313, ""placement"": ""quantile"", ""slabs"": [{""k"": 1, ""n"": 76}, {""k"": 1, ""n"": 84}, {""k"": 1, ""n"": 85}, {""k"": 1, ""n"": 84}, {""k"": 1, ""n"": 76}]}, {""constant_lens"": false, ""gain"": 0.25, ""lens"": ""pc1"", ""lens_scaling"": ""standardize"", ""min_cluster_size"": 18, ""min_samples"": 5, ""n_class"": 337, ""n_edges"": 4, ""n_intervals"": 5, ""n_vertices"": 5, ""noise_reassigned"": 308, ""placement"": ""quantile"", ""slabs"": [{""k"": 1, ""n"": 76}, {""k"": 1, ""n"": 84}, {""k"": 1, ""n"": 85}, {""k"": 1, ""n"": 84}, {""k"": 1, ""n"": 76}]}, {""constant_lens"": false, ""gain"": 0.25, ""lens"": ""pc1"", ""lens_scaling"": ""standardize"", ""min_cluster_size"": 18, ""min_samples"": 5, ""n_class"": 338, ""n_edges"": 4, ""n_intervals"": 5, ""n_vertices"": 5, ""noise_reassigned"": 306, ""placement"": ""quantile"", ""slabs"": [{""k"": 1, ""n"": 76}, {""k"": 1, ""n"": 85}, {""k"": 1, ""n"": 84}, {""k"": 1, ""n"": 85}, {""k"": 1, ""n"": 76}]}, {""constant_lens"": false, ""gain"": 0.25, ""lens"": ""pc1"", ""lens_scaling"": ""standardize"", ""min_cluster_size"": 18, ""min_samples"": 5, ""n_class"": 337, ""n_edges"": 4, ""n_intervals"": 5, ""n_vertices"": 5, ""noise_reassigned"": 296, ""placement"": ""quantile"", ""slabs"": [{""k"": 1, ""n"": 76}, {""k"": 1, ""n"": 84}, {""k"": 1, ""n"": 85}, {""k"": 1, ""n"": 84}, {""k"": 1, ""n"": 76}]}, {""constant_lens"": false, ""gain"": 0.25, ""lens"": ""pc1"", ""lens_scaling"": ""standardize"", ""min_cluster_size"": 18, ""min_samples"": 5, ""n_class"": 338, ""n_edges"": 4, ""n_intervals"": 5, ""n_vertices"": 5, ""noise_reassigned"": 316, ""placement"": ""quantile"", ""slabs"": [{""k"": 1, ""n"": 76}, {""k"": 1, ""n"": 85}, {""k"": 1, ""n"": 84}, {""k"": 1, ""n"": 85}, {""k"": 1, ""n"": 76}]}, {""constant_lens"": false, ""gain"": 0.25, ""lens"": ""pc1"", ""lens_scaling"": ""standardize"", ""min_cluster_size"": 18, ""min_samples"": 5, ""n_class"": 337, ""n_edges"": 4, ""n_intervals"": 5, ""n_vertices"": 5, ""noise_reassigned"": 306, ""placement"": ""quantile"", ""slabs"": [{""k"": 1, ""n"": 76}, {""k"": 1, ""n"": 84}, {""k"": 1, ""n"": 85}, {""k"": 1, ""n"": 84}, {""k"": 1, ""n"": 76}]}, {""constant_lens"": false, ""gain"": 0.25, ""lens"": ""pc1"", ""lens_scaling"": ""standardize"", ""min_cluster_size"": 18, ""min_samples"": 5, ""n_class"": 338, ""n_edges"": 4, ""n_intervals"": 5, ""n_vertices"": 5, ""noise_reassigned"": 282, ""placement"": ""quantile"", ""slabs"": [{""k"": 1, ""n"": 76}, {""k"": 1, ""n"": 85}, {""k"": 1, ""n"": 84}, {""k"": 1, ""n"": 85}, {""k"": 1, ""n"": 76}]}, {""constant_lens"": false, ""gain"": 0.25, ""lens"": ""pc1"", ""lens_scaling"": ""standardize"", ""min_cluster_size"": 18, ""min_samples"": 5, ""n_class"": 337, ""n_edges"": 4, ""n_intervals"": 5, ""n_vertices"": 5, ""noise_reassigned"": 306, ""placement"": ""quantile"", ""slabs"": [{""k"": 1, ""n"": 76}, {""k"": 1, ""n"": 84}, {""k"": 1, ""n"": 85}, {""k"": 1, ""n"": 84}, {""k"": 1, ""n"": 76}]}, {""constant_lens"": false, ""gain"": 0.25, ""lens"": ""pc1"", ""lens_scaling"": ""standardize"", ""min_cluster_size"": 18, ""min_samples"": 5, ""n_class"": 338, ""n_edges"": 4, ""n_intervals"": 5, ""n_vertices"": 5, ""noise_reassigned"": 301, ""placement"": ""quantile"", ""slabs"": [{""k"": 1, ""n"": 76}, {""k"": 1, ""n"": 85}, {""k"": 1, ""n"": 84}, {""k"": 1, ""n"": 85}, {""k"": 1, ""n"": 76}]}, {""constant_lens"": false, ""gain"": 0.25, ""lens"": ""pc1"", ""lens_scaling"": ""standardize"", ""min_cluster_size"": 18, ""min_samples"": 5, ""n_class"": 338, ""n_edges"": 4, ""n_intervals"": 5, ""n_vertices"": 5, ""noise_reassigned"": 308, ""placement"": ""quantile"", ""slabs"": [{""k"": 1, ""n"": 76}, {""k"": 1, ""n"": 85}, {""k"": 1, ""n"": 84}, {""k"": 1, ""n"": 85}, {""k"": 1, ""n"": 76}]}, {""constant_lens"": false, ""gain"": 0.25, ""lens"": ""pc1"", ""lens_scaling"": ""standardize"", ""min_cluster_size"": 18, ""min_samples"": 5, ""n_class"": 337, ""n_edges"": 4, ""n_intervals"": 5, ""n_vertices"": 5, ""noise_reassigned"": 307, ""placement"": ""quantile"", ""slabs"": [{""k"": 1, ""n"": 76}, {""k"": 1, ""n"": 84}, {""k"": 1, ""n"": 85}, {""k"": 1, ""n"": 84}, {""k"": 1, ""n"": 76}]}], ""soundness_bound_holds"": true, ""step_rule"": ""scale_free"", ""topology_retention_nerve_to_frozen"": {""beta0_frozen"": 13, ""beta0_nerve"": 11, ""beta1_frozen"": 0, ""beta1_nerve"": 0}}",True
0.9654545454545455,495,False,0.1,0.1,,7.4415310000185855,7.4415310000185855,0.0,texture,8,,SPINE+Graph,10,495,550,4950,0.9,1041474175,False,"{""admission"": {""criterion"": ""risk"", ""removed_risk"": 2, ""removed_support"": 0}, ""betti_final"": [[1, 0], [1, 0], [1, 0], [2, 0], [2, 0], [1, 0], [1, 0], [1, 0], [1, 0], [1, 0], [1, 0]], ""betti_frozen"": [[1, 0], [1, 0], [1, 0], [2, 0], [2, 0], [1, 0], [1, 0], [1, 0], [1, 0], [1, 0], [1, 0]], ""betti_nerve"": [[1, 0], [1, 0], [1, 0], [1, 0], [1, 0], [1, 0], [1, 0], [1, 0], [1, 0], [1, 0], [1, 0]], ""boundary_restriction"": ""both"", ""forced_removals"": 0, ""growth_representation_fallbacks"": 418, ""invariant_held"": true, ""n_segments"": 482, ""n_train_fit"": 3712, ""n_val"": 1238, ""phase0"": [{""constant_lens"": false, ""gain"": 0.25, ""lens"": ""pc1"", ""lens_scaling"": ""standardize"", ""min_cluster_size"": 18, ""min_samples"": 5, ""n_class"": 337, ""n_edges"": 4, ""n_intervals"": 5, ""n_vertices"": 5, ""noise_reassigned"": 313, ""placement"": ""quantile"", ""slabs"": [{""k"": 1, ""n"": 76}, {""k"": 1, ""n"": 84}, {""k"": 1, ""n"": 85}, {""k"": 1, ""n"": 84}, {""k"": 1, ""n"": 76}]}, {""constant_lens"": false, ""gain"": 0.25, ""lens"": ""pc1"", ""lens_scaling"": ""standardize"", ""min_cluster_size"": 18, ""min_samples"": 5, ""n_class"": 337, ""n_edges"": 4, ""n_intervals"": 5, ""n_vertices"": 5, ""noise_reassigned"": 308, ""placement"": ""quantile"", ""slabs"": [{""k"": 1, ""n"": 76}, {""k"": 1, ""n"": 84}, {""k"": 1, ""n"": 85}, {""k"": 1, ""n"": 84}, {""k"": 1, ""n"": 76}]}, {""constant_lens"": false, ""gain"": 0.25, ""lens"": ""pc1"", ""lens_scaling"": ""standardize"", ""min_cluster_size"": 18, ""min_samples"": 5, ""n_class"": 338, ""n_edges"": 4, ""n_intervals"": 5, ""n_vertices"": 5, ""noise_reassigned"": 306, ""placement"": ""quantile"", ""slabs"": [{""k"": 1, ""n"": 76}, {""k"": 1, ""n"": 85}, {""k"": 1, ""n"": 84}, {""k"": 1, ""n"": 85}, {""k"": 1, ""n"": 76}]}, {""constant_lens"": false, ""gain"": 0.25, ""lens"": ""pc1"", ""lens_scaling"": ""standardize"", ""min_cluster_size"": 18, ""min_samples"": 5, ""n_class"": 337, ""n_edges"": 4, ""n_intervals"": 5, ""n_vertices"": 5, ""noise_reassigned"": 296, ""placement"": ""quantile"", ""slabs"": [{""k"": 1, ""n"": 76}, {""k"": 1, ""n"": 84}, {""k"": 1, ""n"": 85}, {""k"": 1, ""n"": 84}, {""k"": 1, ""n"": 76}]}, {""constant_lens"": false, ""gain"": 0.25, ""lens"": ""pc1"", ""lens_scaling"": ""standardize"", ""min_cluster_size"": 18, ""min_samples"": 5, ""n_class"": 338, ""n_edges"": 4, ""n_intervals"": 5, ""n_vertices"": 5, ""noise_reassigned"": 316, ""placement"": ""quantile"", ""slabs"": [{""k"": 1, ""n"": 76}, {""k"": 1, ""n"": 85}, {""k"": 1, ""n"": 84}, {""k"": 1, ""n"": 85}, {""k"": 1, ""n"": 76}]}, {""constant_lens"": false, ""gain"": 0.25, ""lens"": ""pc1"", ""lens_scaling"": ""standardize"", ""min_cluster_size"": 18, ""min_samples"": 5, ""n_class"": 337, ""n_edges"": 4, ""n_intervals"": 5, ""n_vertices"": 5, ""noise_reassigned"": 306, ""placement"": ""quantile"", ""slabs"": [{""k"": 1, ""n"": 76}, {""k"": 1, ""n"": 84}, {""k"": 1, ""n"": 85}, {""k"": 1, ""n"": 84}, {""k"": 1, ""n"": 76}]}, {""constant_lens"": false, ""gain"": 0.25, ""lens"": ""pc1"", ""lens_scaling"": ""standardize"", ""min_cluster_size"": 18, ""min_samples"": 5, ""n_class"": 338, ""n_edges"": 4, ""n_intervals"": 5, ""n_vertices"": 5, ""noise_reassigned"": 282, ""placement"": ""quantile"", ""slabs"": [{""k"": 1, ""n"": 76}, {""k"": 1, ""n"": 85}, {""k"": 1, ""n"": 84}, {""k"": 1, ""n"": 85}, {""k"": 1, ""n"": 76}]}, {""constant_lens"": false, ""gain"": 0.25, ""lens"": ""pc1"", ""lens_scaling"": ""standardize"", ""min_cluster_size"": 18, ""min_samples"": 5, ""n_class"": 337, ""n_edges"": 4, ""n_intervals"": 5, ""n_vertices"": 5, ""noise_reassigned"": 306, ""placement"": ""quantile"", ""slabs"": [{""k"": 1, ""n"": 76}, {""k"": 1, ""n"": 84}, {""k"": 1, ""n"": 85}, {""k"": 1, ""n"": 84}, {""k"": 1, ""n"": 76}]}, {""constant_lens"": false, ""gain"": 0.25, ""lens"": ""pc1"", ""lens_scaling"": ""standardize"", ""min_cluster_size"": 18, ""min_samples"": 5, ""n_class"": 338, ""n_edges"": 4, ""n_intervals"": 5, ""n_vertices"": 5, ""noise_reassigned"": 301, ""placement"": ""quantile"", ""slabs"": [{""k"": 1, ""n"": 76}, {""k"": 1, ""n"": 85}, {""k"": 1, ""n"": 84}, {""k"": 1, ""n"": 85}, {""k"": 1, ""n"": 76}]}, {""constant_lens"": false, ""gain"": 0.25, ""lens"": ""pc1"", ""lens_scaling"": ""standardize"", ""min_cluster_size"": 18, ""min_samples"": 5, ""n_class"": 338, ""n_edges"": 4, ""n_intervals"": 5, ""n_vertices"": 5, ""noise_reassigned"": 308, ""placement"": ""quantile"", ""slabs"": [{""k"": 1, ""n"": 76}, {""k"": 1, ""n"": 85}, {""k"": 1, ""n"": 84}, {""k"": 1, ""n"": 85}, {""k"": 1, ""n"": 76}]}, {""constant_lens"": false, ""gain"": 0.25, ""lens"": ""pc1"", ""lens_scaling"": ""standardize"", ""min_cluster_size"": 18, ""min_samples"": 5, ""n_class"": 337, ""n_edges"": 4, ""n_intervals"": 5, ""n_vertices"": 5, ""noise_reassigned"": 307, ""placement"": ""quantile"", ""slabs"": [{""k"": 1, ""n"": 76}, {""k"": 1, ""n"": 84}, {""k"": 1, ""n"": 85}, {""k"": 1, ""n"": 84}, {""k"": 1, ""n"": 76}]}], ""soundness_bound_holds"": true, ""step_rule"": ""scale_free"", ""topology_retention_nerve_to_frozen"": {""beta0_frozen"": 13, ""beta0_nerve"": 11, ""beta1_frozen"": 0, ""beta1_nerve"": 0}}",True
0.9818181818181818,495,False,0.1,0.1,,6.36562799999956,113.96267099998659,107.59704299998702,texture,8,"{""epsilon"": 0.1, ""window"": 0.3}",LVQ3,10,495,550,4950,0.9,1041474175,False,,True
0.9781818181818182,495,False,0.1,0.1,"{""0"": 45, ""1"": 45, ""10"": 45, ""2"": 45, ""3"": 45, ""4"": 45, ""5"": 45, ""6"": 45, ""7"": 45, ""8"": 45, ""9"": 45}",2.260454999981448,2.260454999981448,0.0,texture,8,,KMeans,10,495,550,4950,0.9,1041474175,False,,True
0.9581818181818181,495,False,0.1,0.1,"{""0"": 45, ""1"": 45, ""10"": 45, ""2"": 45, ""3"": 45, ""4"": 45, ""5"": 45, ""6"": 45, ""7"": 45, ""8"": 45, ""9"": 45}",0.0017610000213608146,0.0017610000213608146,0.0,texture,8,,Random,10,495,550,4950,0.9,1041474175,False,,True
0.96,495,False,0.1,0.1,,1.5453080000006594,1.5453080000006594,0.0,texture,8,,SPOT,10,495,550,4950,0.9,1041474175,False,,True
0.9072727272727272,495,False,0.1,0.1,,54.70735099999001,54.70735099999001,0.0,texture,8,,GLVQ,10,495,550,4950,0.9,1041474175,False,,True
0.9690909090909091,495,False,0.1,0.1,,5.10984799999278,5.10984799999278,0.0,texture,8,,GNG,10,495,550,4950,0.9,1041474175,False,,True
0.9927272727272727,1238,False,0.2501010101010101,0.25,,0.0013809999800287187,0.0013809999800287187,0.0,texture,8,,Full,10,4950,550,4950,0.0,1041474175,True,,False
0.9818181818181818,1238,False,0.2501010101010101,0.25,,1.7133400000166148,1.7133400000166148,0.0,texture,8,,RSP3,10,883,550,4950,0.8216161616161616,1041474175,True,,False
0.9709090909090909,1238,False,0.2501010101010101,0.25,,0.7042000000365078,0.7042000000365078,0.0,texture,8,,RHC,10,268,550,4950,0.9458585858585858,1041474175,True,,False
0.9818181818181818,1238,False,0.2501010101010101,0.25,,15.234422000008635,15.234422000008635,0.0,texture,8,,SPINE+1NN,10,1238,550,4950,0.7498989898989898,1041474175,False,"{""admission"": {""criterion"": ""risk"", ""removed_risk"": 2, ""removed_support"": 0}, ""betti_final"": [[1, 0], [1, 0], [1, 0], [2, 0], [2, 0], [1, 0], [1, 0], [1, 0], [1, 0], [1, 0], [1, 0]], ""betti_frozen"": [[1, 0], [1, 0], [1, 0], [2, 0], [2, 0], [1, 0], [1, 0], [1, 0], [1, 0], [1, 0], [1, 0]], ""betti_nerve"": [[1, 0], [1, 0], [1, 0], [1, 0], [1, 0], [1, 0], [1, 0], [1, 0], [1, 0], [1, 0], [1, 0]], ""boundary_restriction"": ""both"", ""forced_removals"": 0, ""growth_representation_fallbacks"": 1332, ""invariant_held"": true, ""n_segments"": 1225, ""n_train_fit"": 3712, ""n_val"": 1238, ""phase0"": [{""constant_lens"": false, ""gain"": 0.25, ""lens"": ""pc1"", ""lens_scaling"": ""standardize"", ""min_cluster_size"": 18, ""min_samples"": 5, ""n_class"": 337, ""n_edges"": 4, ""n_intervals"": 5, ""n_vertices"": 5, ""noise_reassigned"": 313, ""placement"": ""quantile"", ""slabs"": [{""k"": 1, ""n"": 76}, {""k"": 1, ""n"": 84}, {""k"": 1, ""n"": 85}, {""k"": 1, ""n"": 84}, {""k"": 1, ""n"": 76}]}, {""constant_lens"": false, ""gain"": 0.25, ""lens"": ""pc1"", ""lens_scaling"": ""standardize"", ""min_cluster_size"": 18, ""min_samples"": 5, ""n_class"": 337, ""n_edges"": 4, ""n_intervals"": 5, ""n_vertices"": 5, ""noise_reassigned"": 308, ""placement"": ""quantile"", ""slabs"": [{""k"": 1, ""n"": 76}, {""k"": 1, ""n"": 84}, {""k"": 1, ""n"": 85}, {""k"": 1, ""n"": 84}, {""k"": 1, ""n"": 76}]}, {""constant_lens"": false, ""gain"": 0.25, ""lens"": ""pc1"", ""lens_scaling"": ""standardize"", ""min_cluster_size"": 18, ""min_samples"": 5, ""n_class"": 338, ""n_edges"": 4, ""n_intervals"": 5, ""n_vertices"": 5, ""noise_reassigned"": 306, ""placement"": ""quantile"", ""slabs"": [{""k"": 1, ""n"": 76}, {""k"": 1, ""n"": 85}, {""k"": 1, ""n"": 84}, {""k"": 1, ""n"": 85}, {""k"": 1, ""n"": 76}]}, {""constant_lens"": false, ""gain"": 0.25, ""lens"": ""pc1"", ""lens_scaling"": ""standardize"", ""min_cluster_size"": 18, ""min_samples"": 5, ""n_class"": 337, ""n_edges"": 4, ""n_intervals"": 5, ""n_vertices"": 5, ""noise_reassigned"": 296, ""placement"": ""quantile"", ""slabs"": [{""k"": 1, ""n"": 76}, {""k"": 1, ""n"": 84}, {""k"": 1, ""n"": 85}, {""k"": 1, ""n"": 84}, {""k"": 1, ""n"": 76}]}, {""constant_lens"": false, ""gain"": 0.25, ""lens"": ""pc1"", ""lens_scaling"": ""standardize"", ""min_cluster_size"": 18, ""min_samples"": 5, ""n_class"": 338, ""n_edges"": 4, ""n_intervals"": 5, ""n_vertices"": 5, ""noise_reassigned"": 316, ""placement"": ""quantile"", ""slabs"": [{""k"": 1, ""n"": 76}, {""k"": 1, ""n"": 85}, {""k"": 1, ""n"": 84}, {""k"": 1, ""n"": 85}, {""k"": 1, ""n"": 76}]}, {""constant_lens"": false, ""gain"": 0.25, ""lens"": ""pc1"", ""lens_scaling"": ""standardize"", ""min_cluster_size"": 18, ""min_samples"": 5, ""n_class"": 337, ""n_edges"": 4, ""n_intervals"": 5, ""n_vertices"": 5, ""noise_reassigned"": 306, ""placement"": ""quantile"", ""slabs"": [{""k"": 1, ""n"": 76}, {""k"": 1, ""n"": 84}, {""k"": 1, ""n"": 85}, {""k"": 1, ""n"": 84}, {""k"": 1, ""n"": 76}]}, {""constant_lens"": false, ""gain"": 0.25, ""lens"": ""pc1"", ""lens_scaling"": ""standardize"", ""min_cluster_size"": 18, ""min_samples"": 5, ""n_class"": 338, ""n_edges"": 4, ""n_intervals"": 5, ""n_vertices"": 5, ""noise_reassigned"": 282, ""placement"": ""quantile"", ""slabs"": [{""k"": 1, ""n"": 76}, {""k"": 1, ""n"": 85}, {""k"": 1, ""n"": 84}, {""k"": 1, ""n"": 85}, {""k"": 1, ""n"": 76}]}, {""constant_lens"": false, ""gain"": 0.25, ""lens"": ""pc1"", ""lens_scaling"": ""standardize"", ""min_cluster_size"": 18, ""min_samples"": 5, ""n_class"": 337, ""n_edges"": 4, ""n_intervals"": 5, ""n_vertices"": 5, ""noise_reassigned"": 306, ""placement"": ""quantile"", ""slabs"": [{""k"": 1, ""n"": 76}, {""k"": 1, ""n"": 84}, {""k"": 1, ""n"": 85}, {""k"": 1, ""n"": 84}, {""k"": 1, ""n"": 76}]}, {""constant_lens"": false, ""gain"": 0.25, ""lens"": ""pc1"", ""lens_scaling"": ""standardize"", ""min_cluster_size"": 18, ""min_samples"": 5, ""n_class"": 338, ""n_edges"": 4, ""n_intervals"": 5, ""n_vertices"": 5, ""noise_reassigned"": 301, ""placement"": ""quantile"", ""slabs"": [{""k"": 1, ""n"": 76}, {""k"": 1, ""n"": 85}, {""k"": 1, ""n"": 84}, {""k"": 1, ""n"": 85}, {""k"": 1, ""n"": 76}]}, {""constant_lens"": false, ""gain"": 0.25, ""lens"": ""pc1"", ""lens_scaling"": ""standardize"", ""min_cluster_size"": 18, ""min_samples"": 5, ""n_class"": 338, ""n_edges"": 4, ""n_intervals"": 5, ""n_vertices"": 5, ""noise_reassigned"": 308, ""placement"": ""quantile"", ""slabs"": [{""k"": 1, ""n"": 76}, {""k"": 1, ""n"": 85}, {""k"": 1, ""n"": 84}, {""k"": 1, ""n"": 85}, {""k"": 1, ""n"": 76}]}, {""constant_lens"": false, ""gain"": 0.25, ""lens"": ""pc1"", ""lens_scaling"": ""standardize"", ""min_cluster_size"": 18, ""min_samples"": 5, ""n_class"": 337, ""n_edges"": 4, ""n_intervals"": 5, ""n_vertices"": 5, ""noise_reassigned"": 307, ""placement"": ""quantile"", ""slabs"": [{""k"": 1, ""n"": 76}, {""k"": 1, ""n"": 84}, {""k"": 1, ""n"": 85}, {""k"": 1, ""n"": 84}, {""k"": 1, ""n"": 76}]}], ""soundness_bound_holds"": true, ""step_rule"": ""scale_free"", ""topology_retention_nerve_to_frozen"": {""beta0_frozen"": 13, ""beta0_nerve"": 11, ""beta1_frozen"": 0, ""beta1_nerve"": 0}}",True
0.9836363636363636,1238,False,0.2501010101010101,0.25,,15.234422000008635,15.234422000008635,0.0,texture,8,,SPINE+Graph,10,1238,550,4950,0.7498989898989898,1041474175,False,"{""admission"": {""criterion"": ""risk"", ""removed_risk"": 2, ""removed_support"": 0}, ""betti_final"": [[1, 0], [1, 0], [1, 0], [2, 0], [2, 0], [1, 0], [1, 0], [1, 0], [1, 0], [1, 0], [1, 0]], ""betti_frozen"": [[1, 0], [1, 0], [1, 0], [2, 0], [2, 0], [1, 0], [1, 0], [1, 0], [1, 0], [1, 0], [1, 0]], ""betti_nerve"": [[1, 0], [1, 0], [1, 0], [1, 0], [1, 0], [1, 0], [1, 0], [1, 0], [1, 0], [1, 0], [1, 0]], ""boundary_restriction"": ""both"", ""forced_removals"": 0, ""growth_representation_fallbacks"": 1332, ""invariant_held"": true, ""n_segments"": 1225, ""n_train_fit"": 3712, ""n_val"": 1238, ""phase0"": [{""constant_lens"": false, ""gain"": 0.25, ""lens"": ""pc1"", ""lens_scaling"": ""standardize"", ""min_cluster_size"": 18, ""min_samples"": 5, ""n_class"": 337, ""n_edges"": 4, ""n_intervals"": 5, ""n_vertices"": 5, ""noise_reassigned"": 313, ""placement"": ""quantile"", ""slabs"": [{""k"": 1, ""n"": 76}, {""k"": 1, ""n"": 84}, {""k"": 1, ""n"": 85}, {""k"": 1, ""n"": 84}, {""k"": 1, ""n"": 76}]}, {""constant_lens"": false, ""gain"": 0.25, ""lens"": ""pc1"", ""lens_scaling"": ""standardize"", ""min_cluster_size"": 18, ""min_samples"": 5, ""n_class"": 337, ""n_edges"": 4, ""n_intervals"": 5, ""n_vertices"": 5, ""noise_reassigned"": 308, ""placement"": ""quantile"", ""slabs"": [{""k"": 1, ""n"": 76}, {""k"": 1, ""n"": 84}, {""k"": 1, ""n"": 85}, {""k"": 1, ""n"": 84}, {""k"": 1, ""n"": 76}]}, {""constant_lens"": false, ""gain"": 0.25, ""lens"": ""pc1"", ""lens_scaling"": ""standardize"", ""min_cluster_size"": 18, ""min_samples"": 5, ""n_class"": 338, ""n_edges"": 4, ""n_intervals"": 5, ""n_vertices"": 5, ""noise_reassigned"": 306, ""placement"": ""quantile"", ""slabs"": [{""k"": 1, ""n"": 76}, {""k"": 1, ""n"": 85}, {""k"": 1, ""n"": 84}, {""k"": 1, ""n"": 85}, {""k"": 1, ""n"": 76}]}, {""constant_lens"": false, ""gain"": 0.25, ""lens"": ""pc1"", ""lens_scaling"": ""standardize"", ""min_cluster_size"": 18, ""min_samples"": 5, ""n_class"": 337, ""n_edges"": 4, ""n_intervals"": 5, ""n_vertices"": 5, ""noise_reassigned"": 296, ""placement"": ""quantile"", ""slabs"": [{""k"": 1, ""n"": 76}, {""k"": 1, ""n"": 84}, {""k"": 1, ""n"": 85}, {""k"": 1, ""n"": 84}, {""k"": 1, ""n"": 76}]}, {""constant_lens"": false, ""gain"": 0.25, ""lens"": ""pc1"", ""lens_scaling"": ""standardize"", ""min_cluster_size"": 18, ""min_samples"": 5, ""n_class"": 338, ""n_edges"": 4, ""n_intervals"": 5, ""n_vertices"": 5, ""noise_reassigned"": 316, ""placement"": ""quantile"", ""slabs"": [{""k"": 1, ""n"": 76}, {""k"": 1, ""n"": 85}, {""k"": 1, ""n"": 84}, {""k"": 1, ""n"": 85}, {""k"": 1, ""n"": 76}]}, {""constant_lens"": false, ""gain"": 0.25, ""lens"": ""pc1"", ""lens_scaling"": ""standardize"", ""min_cluster_size"": 18, ""min_samples"": 5, ""n_class"": 337, ""n_edges"": 4, ""n_intervals"": 5, ""n_vertices"": 5, ""noise_reassigned"": 306, ""placement"": ""quantile"", ""slabs"": [{""k"": 1, ""n"": 76}, {""k"": 1, ""n"": 84}, {""k"": 1, ""n"": 85}, {""k"": 1, ""n"": 84}, {""k"": 1, ""n"": 76}]}, {""constant_lens"": false, ""gain"": 0.25, ""lens"": ""pc1"", ""lens_scaling"": ""standardize"", ""min_cluster_size"": 18, ""min_samples"": 5, ""n_class"": 338, ""n_edges"": 4, ""n_intervals"": 5, ""n_vertices"": 5, ""noise_reassigned"": 282, ""placement"": ""quantile"", ""slabs"": [{""k"": 1, ""n"": 76}, {""k"": 1, ""n"": 85}, {""k"": 1, ""n"": 84}, {""k"": 1, ""n"": 85}, {""k"": 1, ""n"": 76}]}, {""constant_lens"": false, ""gain"": 0.25, ""lens"": ""pc1"", ""lens_scaling"": ""standardize"", ""min_cluster_size"": 18, ""min_samples"": 5, ""n_class"": 337, ""n_edges"": 4, ""n_intervals"": 5, ""n_vertices"": 5, ""noise_reassigned"": 306, ""placement"": ""quantile"", ""slabs"": [{""k"": 1, ""n"": 76}, {""k"": 1, ""n"": 84}, {""k"": 1, ""n"": 85}, {""k"": 1, ""n"": 84}, {""k"": 1, ""n"": 76}]}, {""constant_lens"": false, ""gain"": 0.25, ""lens"": ""pc1"", ""lens_scaling"": ""standardize"", ""min_cluster_size"": 18, ""min_samples"": 5, ""n_class"": 338, ""n_edges"": 4, ""n_intervals"": 5, ""n_vertices"": 5, ""noise_reassigned"": 301, ""placement"": ""quantile"", ""slabs"": [{""k"": 1, ""n"": 76}, {""k"": 1, ""n"": 85}, {""k"": 1, ""n"": 84}, {""k"": 1, ""n"": 85}, {""k"": 1, ""n"": 76}]}, {""constant_lens"": false, ""gain"": 0.25, ""lens"": ""pc1"", ""lens_scaling"": ""standardize"", ""min_cluster_size"": 18, ""min_samples"": 5, ""n_class"": 338, ""n_edges"": 4, ""n_intervals"": 5, ""n_vertices"": 5, ""noise_reassigned"": 308, ""placement"": ""quantile"", ""slabs"": [{""k"": 1, ""n"": 76}, {""k"": 1, ""n"": 85}, {""k"": 1, ""n"": 84}, {""k"": 1, ""n"": 85}, {""k"": 1, ""n"": 76}]}, {""constant_lens"": false, ""gain"": 0.25, ""lens"": ""pc1"", ""lens_scaling"": ""standardize"", ""min_cluster_size"": 18, ""min_samples"": 5, ""n_class"": 337, ""n_edges"": 4, ""n_intervals"": 5, ""n_vertices"": 5, ""noise_reassigned"": 307, ""placement"": ""quantile"", ""slabs"": [{""k"": 1, ""n"": 76}, {""k"": 1, ""n"": 84}, {""k"": 1, ""n"": 85}, {""k"": 1, ""n"": 84}, {""k"": 1, ""n"": 76}]}], ""soundness_bound_holds"": true, ""step_rule"": ""scale_free"", ""topology_retention_nerve_to_frozen"": {""beta0_frozen"": 13, ""beta0_nerve"": 11, ""beta1_frozen"": 0, ""beta1_nerve"": 0}}",True
0.9854545454545455,1238,False,0.2501010101010101,0.25,,15.090151000011247,260.8425060000154,245.75235500000417,texture,8,"{""epsilon"": 0.3, ""window"": 0.2}",LVQ3,10,1238,550,4950,0.7498989898989898,1041474175,False,,True
0.9836363636363636,1238,False,0.2501010101010101,0.25,"{""0"": 113, ""1"": 113, ""10"": 112, ""2"": 113, ""3"": 113, ""4"": 113, ""5"": 113, ""6"": 112, ""7"": 112, ""8"": 112, ""9"": 112}",5.182680999976583,5.182680999976583,0.0,texture,8,,KMeans,10,1238,550,4950,0.7498989898989898,1041474175,False,,True
0.9672727272727273,1238,False,0.2501010101010101,0.25,"{""0"": 113, ""1"": 113, ""10"": 112, ""2"": 113, ""3"": 113, ""4"": 113, ""5"": 113, ""6"": 112, ""7"": 112, ""8"": 112, ""9"": 112}",0.0026209999923594296,0.0026209999923594296,0.0,texture,8,,Random,10,1238,550,4950,0.7498989898989898,1041474175,False,,True
0.9818181818181818,1238,False,0.2501010101010101,0.25,,1.9869680000119843,1.9869680000119843,0.0,texture,8,,SPOT,10,1238,550,4950,0.7498989898989898,1041474175,False,,True
0.9090909090909091,1238,False,0.2501010101010101,0.25,,133.80028600001242,133.80028600001242,0.0,texture,8,,GLVQ,10,1238,550,4950,0.7498989898989898,1041474175,False,,True
0.9854545454545455,1238,False,0.2501010101010101,0.25,,18.29072599997744,18.29072599997744,0.0,texture,8,,GNG,10,1238,550,4950,0.7498989898989898,1041474175,False,,True
0.9872727272727273,25,False,0.005050505050505051,0.005,,0.0012880000285804272,0.0012880000285804272,0.0,texture,9,,Full,10,4950,550,4950,0.0,1042474178,False,,False
0.9854545454545455,25,False,0.005050505050505051,0.005,,1.7262899999623187,1.7262899999623187,0.0,texture,9,,RSP3,10,860,550,4950,0.8262626262626263,1042474178,False,,False
0.9745454545454545,25,False,0.005050505050505051,0.005,,0.7394899999490008,0.7394899999490008,0.0,texture,9,,RHC,10,277,550,4950,0.944040404040404,1042474178,False,,False
0.7909090909090909,25,False,0.005050505050505051,0.005,,3.8110419999575242,3.8110419999575242,0.0,texture,9,,SPINE+1NN,10,25,550,4950,0.9949494949494949,1042474178,False,"{""admission"": {""criterion"": ""risk"", ""removed_risk"": 1, ""removed_support"": 0}, ""betti_final"": [[1, 0], [1, 0], [1, 0], [2, 0], [1, 0], [1, 0], [1, 0], [1, 0], [1, 0], [1, 0], [1, 0]], ""betti_frozen"": [[1, 0], [1, 0], [1, 0], [2, 0], [1, 0], [1, 0], [1, 0], [1, 0], [1, 0], [1, 0], [1, 0]], ""betti_nerve"": [[1, 0], [1, 0], [1, 0], [1, 0], [1, 0], [1, 0], [1, 0], [1, 0], [1, 0], [1, 0], [1, 0]], ""boundary_restriction"": ""both"", ""forced_removals"": 0, ""growth_representation_fallbacks"": 0, ""invariant_held"": true, ""n_segments"": 13, ""n_train_fit"": 3712, ""n_val"": 1238, ""phase0"": [{""constant_lens"": false, ""gain"": 0.25, ""lens"": ""pc1"", ""lens_scaling"": ""standardize"", ""min_cluster_size"": 18, ""min_samples"": 5, ""n_class"": 337, ""n_edges"": 4, ""n_intervals"": 5, ""n_vertices"": 5, ""noise_reassigned"": 298, ""placement"": ""quantile"", ""slabs"": [{""k"": 1, ""n"": 76}, {""k"": 1, ""n"": 84}, {""k"": 1, ""n"": 85}, {""k"": 1, ""n"": 84}, {""k"": 1, ""n"": 76}]}, {""constant_lens"": false, ""gain"": 0.25, ""lens"": ""pc1"", ""lens_scaling"": ""standardize"", ""min_cluster_size"": 18, ""min_samples"": 5, ""n_class"": 337, ""n_edges"": 4, ""n_intervals"": 5, ""n_vertices"": 5, ""noise_reassigned"": 301, ""placement"": ""quantile"", ""slabs"": [{""k"": 1, ""n"": 76}, {""k"": 1, ""n"": 84}, {""k"": 1, ""n"": 85}, {""k"": 1, ""n"": 84}, {""k"": 1, ""n"": 76}]}, {""constant_lens"": false, ""gain"": 0.25, ""lens"": ""pc1"", ""lens_scaling"": ""standardize"", ""min_cluster_size"": 18, ""min_samples"": 5, ""n_class"": 338, ""n_edges"": 4, ""n_intervals"": 5, ""n_vertices"": 5, ""noise_reassigned"": 314, ""placement"": ""quantile"", ""slabs"": [{""k"": 1, ""n"": 76}, {""k"": 1, ""n"": 85}, {""k"": 1, ""n"": 84}, {""k"": 1, ""n"": 85}, {""k"": 1, ""n"": 76}]}, {""constant_lens"": false, ""gain"": 0.25, ""lens"": ""pc1"", ""lens_scaling"": ""standardize"", ""min_cluster_size"": 18, ""min_samples"": 5, ""n_class"": 337, ""n_edges"": 4, ""n_intervals"": 5, ""n_vertices"": 5, ""noise_reassigned"": 291, ""placement"": ""quantile"", ""slabs"": [{""k"": 1, ""n"": 76}, {""k"": 1, ""n"": 84}, {""k"": 1, ""n"": 85}, {""k"": 1, ""n"": 84}, {""k"": 1, ""n"": 76}]}, {""constant_lens"": false, ""gain"": 0.25, ""lens"": ""pc1"", ""lens_scaling"": ""standardize"", ""min_cluster_size"": 18, ""min_samples"": 5, ""n_class"": 338, ""n_edges"": 4, ""n_intervals"": 5, ""n_vertices"": 5, ""noise_reassigned"": 308, ""placement"": ""quantile"", ""slabs"": [{""k"": 1, ""n"": 76}, {""k"": 1, ""n"": 85}, {""k"": 1, ""n"": 84}, {""k"": 1, ""n"": 85}, {""k"": 1, ""n"": 76}]}, {""constant_lens"": false, ""gain"": 0.25, ""lens"": ""pc1"", ""lens_scaling"": ""standardize"", ""min_cluster_size"": 18, ""min_samples"": 5, ""n_class"": 338, ""n_edges"": 4, ""n_intervals"": 5, ""n_vertices"": 5, ""noise_reassigned"": 307, ""placement"": ""quantile"", ""slabs"": [{""k"": 1, ""n"": 76}, {""k"": 1, ""n"": 85}, {""k"": 1, ""n"": 84}, {""k"": 1, ""n"": 85}, {""k"": 1, ""n"": 76}]}, {""constant_lens"": false, ""gain"": 0.25, ""lens"": ""pc1"", ""lens_scaling"": ""standardize"", ""min_cluster_size"": 18, ""min_samples"": 5, ""n_class"": 337, ""n_edges"": 4, ""n_intervals"": 5, ""n_vertices"": 5, ""noise_reassigned"": 284, ""placement"": ""quantile"", ""slabs"": [{""k"": 1, ""n"": 76}, {""k"": 1, ""n"": 84}, {""k"": 1, ""n"": 85}, {""k"": 1, ""n"": 84}, {""k"": 1, ""n"": 76}]}, {""constant_lens"": false, ""gain"": 0.25, ""lens"": ""pc1"", ""lens_scaling"": ""standardize"", ""min_cluster_size"": 18, ""min_samples"": 5, ""n_class"": 337, ""n_edges"": 4, ""n_intervals"": 5, ""n_vertices"": 5, ""noise_reassigned"": 309, ""placement"": ""quantile"", ""slabs"": [{""k"": 1, ""n"": 76}, {""k"": 1, ""n"": 84}, {""k"": 1, ""n"": 85}, {""k"": 1, ""n"": 84}, {""k"": 1, ""n"": 76}]}, {""constant_lens"": false, ""gain"": 0.25, ""lens"": ""pc1"", ""lens_scaling"": ""standardize"", ""min_cluster_size"": 18, ""min_samples"": 5, ""n_class"": 338, ""n_edges"": 4, ""n_intervals"": 5, ""n_vertices"": 5, ""noise_reassigned"": 258, ""placement"": ""quantile"", ""slabs"": [{""k"": 1, ""n"": 76}, {""k"": 1, ""n"": 85}, {""k"": 1, ""n"": 84}, {""k"": 1, ""n"": 85}, {""k"": 1, ""n"": 76}]}, {""constant_lens"": false, ""gain"": 0.25, ""lens"": ""pc1"", ""lens_scaling"": ""standardize"", ""min_cluster_size"": 18, ""min_samples"": 5, ""n_class"": 338, ""n_edges"": 4, ""n_intervals"": 5, ""n_vertices"": 5, ""noise_reassigned"": 294, ""placement"": ""quantile"", ""slabs"": [{""k"": 1, ""n"": 76}, {""k"": 1, ""n"": 85}, {""k"": 1, ""n"": 84}, {""k"": 1, ""n"": 85}, {""k"": 1, ""n"": 76}]}, {""constant_lens"": false, ""gain"": 0.25, ""lens"": ""pc1"", ""lens_scaling"": ""standardize"", ""min_cluster_size"": 18, ""min_samples"": 5, ""n_class"": 337, ""n_edges"": 4, ""n_intervals"": 5, ""n_vertices"": 5, ""noise_reassigned"": 314, ""placement"": ""quantile"", ""slabs"": [{""k"": 1, ""n"": 76}, {""k"": 1, ""n"": 84}, {""k"": 1, ""n"": 85}, {""k"": 1, ""n"": 84}, {""k"": 1, ""n"": 76}]}], ""soundness_bound_holds"": true, ""step_rule"": ""scale_free"", ""topology_retention_nerve_to_frozen"": {""beta0_frozen"": 12, ""beta0_nerve"": 11, ""beta1_frozen"": 0, ""beta1_nerve"": 0}}",True
0.9309090909090909,25,False,0.005050505050505051,0.005,,3.8110419999575242,3.8110419999575242,0.0,texture,9,,SPINE+Graph,10,25,550,4950,0.9949494949494949,1042474178,False,"{""admission"": {""criterion"": ""risk"", ""removed_risk"": 1, ""removed_support"": 0}, ""betti_final"": [[1, 0], [1, 0], [1, 0], [2, 0], [1, 0], [1, 0], [1, 0], [1, 0], [1, 0], [1, 0], [1, 0]], ""betti_frozen"": [[1, 0], [1, 0], [1, 0], [2, 0], [1, 0], [1, 0], [1, 0], [1, 0], [1, 0], [1, 0], [1, 0]], ""betti_nerve"": [[1, 0], [1, 0], [1, 0], [1, 0], [1, 0], [1, 0], [1, 0], [1, 0], [1, 0], [1, 0], [1, 0]], ""boundary_restriction"": ""both"", ""forced_removals"": 0, ""growth_representation_fallbacks"": 0, ""invariant_held"": true, ""n_segments"": 13, ""n_train_fit"": 3712, ""n_val"": 1238, ""phase0"": [{""constant_lens"": false, ""gain"": 0.25, ""lens"": ""pc1"", ""lens_scaling"": ""standardize"", ""min_cluster_size"": 18, ""min_samples"": 5, ""n_class"": 337, ""n_edges"": 4, ""n_intervals"": 5, ""n_vertices"": 5, ""noise_reassigned"": 298, ""placement"": ""quantile"", ""slabs"": [{""k"": 1, ""n"": 76}, {""k"": 1, ""n"": 84}, {""k"": 1, ""n"": 85}, {""k"": 1, ""n"": 84}, {""k"": 1, ""n"": 76}]}, {""constant_lens"": false, ""gain"": 0.25, ""lens"": ""pc1"", ""lens_scaling"": ""standardize"", ""min_cluster_size"": 18, ""min_samples"": 5, ""n_class"": 337, ""n_edges"": 4, ""n_intervals"": 5, ""n_vertices"": 5, ""noise_reassigned"": 301, ""placement"": ""quantile"", ""slabs"": [{""k"": 1, ""n"": 76}, {""k"": 1, ""n"": 84}, {""k"": 1, ""n"": 85}, {""k"": 1, ""n"": 84}, {""k"": 1, ""n"": 76}]}, {""constant_lens"": false, ""gain"": 0.25, ""lens"": ""pc1"", ""lens_scaling"": ""standardize"", ""min_cluster_size"": 18, ""min_samples"": 5, ""n_class"": 338, ""n_edges"": 4, ""n_intervals"": 5, ""n_vertices"": 5, ""noise_reassigned"": 314, ""placement"": ""quantile"", ""slabs"": [{""k"": 1, ""n"": 76}, {""k"": 1, ""n"": 85}, {""k"": 1, ""n"": 84}, {""k"": 1, ""n"": 85}, {""k"": 1, ""n"": 76}]}, {""constant_lens"": false, ""gain"": 0.25, ""lens"": ""pc1"", ""lens_scaling"": ""standardize"", ""min_cluster_size"": 18, ""min_samples"": 5, ""n_class"": 337, ""n_edges"": 4, ""n_intervals"": 5, ""n_vertices"": 5, ""noise_reassigned"": 291, ""placement"": ""quantile"", ""slabs"": [{""k"": 1, ""n"": 76}, {""k"": 1, ""n"": 84}, {""k"": 1, ""n"": 85}, {""k"": 1, ""n"": 84}, {""k"": 1, ""n"": 76}]}, {""constant_lens"": false, ""gain"": 0.25, ""lens"": ""pc1"", ""lens_scaling"": ""standardize"", ""min_cluster_size"": 18, ""min_samples"": 5, ""n_class"": 338, ""n_edges"": 4, ""n_intervals"": 5, ""n_vertices"": 5, ""noise_reassigned"": 308, ""placement"": ""quantile"", ""slabs"": [{""k"": 1, ""n"": 76}, {""k"": 1, ""n"": 85}, {""k"": 1, ""n"": 84}, {""k"": 1, ""n"": 85}, {""k"": 1, ""n"": 76}]}, {""constant_lens"": false, ""gain"": 0.25, ""lens"": ""pc1"", ""lens_scaling"": ""standardize"", ""min_cluster_size"": 18, ""min_samples"": 5, ""n_class"": 338, ""n_edges"": 4, ""n_intervals"": 5, ""n_vertices"": 5, ""noise_reassigned"": 307, ""placement"": ""quantile"", ""slabs"": [{""k"": 1, ""n"": 76}, {""k"": 1, ""n"": 85}, {""k"": 1, ""n"": 84}, {""k"": 1, ""n"": 85}, {""k"": 1, ""n"": 76}]}, {""constant_lens"": false, ""gain"": 0.25, ""lens"": ""pc1"", ""lens_scaling"": ""standardize"", ""min_cluster_size"": 18, ""min_samples"": 5, ""n_class"": 337, ""n_edges"": 4, ""n_intervals"": 5, ""n_vertices"": 5, ""noise_reassigned"": 284, ""placement"": ""quantile"", ""slabs"": [{""k"": 1, ""n"": 76}, {""k"": 1, ""n"": 84}, {""k"": 1, ""n"": 85}, {""k"": 1, ""n"": 84}, {""k"": 1, ""n"": 76}]}, {""constant_lens"": false, ""gain"": 0.25, ""lens"": ""pc1"", ""lens_scaling"": ""standardize"", ""min_cluster_size"": 18, ""min_samples"": 5, ""n_class"": 337, ""n_edges"": 4, ""n_intervals"": 5, ""n_vertices"": 5, ""noise_reassigned"": 309, ""placement"": ""quantile"", ""slabs"": [{""k"": 1, ""n"": 76}, {""k"": 1, ""n"": 84}, {""k"": 1, ""n"": 85}, {""k"": 1, ""n"": 84}, {""k"": 1, ""n"": 76}]}, {""constant_lens"": false, ""gain"": 0.25, ""lens"": ""pc1"", ""lens_scaling"": ""standardize"", ""min_cluster_size"": 18, ""min_samples"": 5, ""n_class"": 338, ""n_edges"": 4, ""n_intervals"": 5, ""n_vertices"": 5, ""noise_reassigned"": 258, ""placement"": ""quantile"", ""slabs"": [{""k"": 1, ""n"": 76}, {""k"": 1, ""n"": 85}, {""k"": 1, ""n"": 84}, {""k"": 1, ""n"": 85}, {""k"": 1, ""n"": 76}]}, {""constant_lens"": false, ""gain"": 0.25, ""lens"": ""pc1"", ""lens_scaling"": ""standardize"", ""min_cluster_size"": 18, ""min_samples"": 5, ""n_class"": 338, ""n_edges"": 4, ""n_intervals"": 5, ""n_vertices"": 5, ""noise_reassigned"": 294, ""placement"": ""quantile"", ""slabs"": [{""k"": 1, ""n"": 76}, {""k"": 1, ""n"": 85}, {""k"": 1, ""n"": 84}, {""k"": 1, ""n"": 85}, {""k"": 1, ""n"": 76}]}, {""constant_lens"": false, ""gain"": 0.25, ""lens"": ""pc1"", ""lens_scaling"": ""standardize"", ""min_cluster_size"": 18, ""min_samples"": 5, ""n_class"": 337, ""n_edges"": 4, ""n_intervals"": 5, ""n_vertices"": 5, ""noise_reassigned"": 314, ""placement"": ""quantile"", ""slabs"": [{""k"": 1, ""n"": 76}, {""k"": 1, ""n"": 84}, {""k"": 1, ""n"": 85}, {""k"": 1, ""n"": 84}, {""k"": 1, ""n"": 76}]}], ""soundness_bound_holds"": true, ""step_rule"": ""scale_free"", ""topology_retention_nerve_to_frozen"": {""beta0_frozen"": 12, ""beta0_nerve"": 11, ""beta1_frozen"": 0, ""beta1_nerve"": 0}}",True
0.8690909090909091,25,False,0.005050505050505051,0.005,,2.327647000027355,43.89977700001327,41.57212999998592,texture,9,"{""epsilon"": 0.1, ""window"": 0.2}",LVQ3,10,25,550,4950,0.9949494949494949,1042474178,False,,True
0.8563636363636363,25,False,0.005050505050505051,0.005,"{""0"": 3, ""1"": 3, ""10"": 2, ""2"": 3, ""3"": 2, ""4"": 2, ""5"": 2, ""6"": 2, ""7"": 2, ""8"": 2, ""9"": 2}",0.5368840000010096,0.5368840000010096,0.0,texture,9,,KMeans,10,25,550,4950,0.9949494949494949,1042474178,False,,True
0.72,25,False,0.005050505050505051,0.005,"{""0"": 3, ""1"": 3, ""10"": 2, ""2"": 3, ""3"": 2, ""4"": 2, ""5"": 2, ""6"": 2, ""7"": 2, ""8"": 2, ""9"": 2}",0.0012490000226534903,0.0012490000226534903,0.0,texture,9,,Random,10,25,550,4950,0.9949494949494949,1042474178,False,,True
0.7890909090909091,25,False,0.005050505050505051,0.005,,1.6606499999761581,1.6606499999761581,0.0,texture,9,,SPOT,10,25,550,4950,0.9949494949494949,1042474178,False,,True
0.8981818181818182,25,False,0.005050505050505051,0.005,,5.585441000002902,5.585441000002902,0.0,texture,9,,GLVQ,10,25,550,4950,0.9949494949494949,1042474178,False,,True
0.8363636363636363,25,False,0.005050505050505051,0.005,,0.6134690000326373,0.6134690000326373,0.0,texture,9,,GNG,10,25,550,4950,0.9949494949494949,1042474178,False,,True
0.9872727272727273,50,False,0.010101010101010102,0.01,,0.0012880000285804272,0.0012880000285804272,0.0,texture,9,,Full,10,4950,550,4950,0.0,1042474178,True,,False
0.9854545454545455,50,False,0.010101010101010102,0.01,,1.7262899999623187,1.7262899999623187,0.0,texture,9,,RSP3,10,860,550,4950,0.8262626262626263,1042474178,True,,False
0.9745454545454545,50,False,0.010101010101010102,0.01,,0.7394899999490008,0.7394899999490008,0.0,texture,9,,RHC,10,277,550,4950,0.944040404040404,1042474178,True,,False
0.9309090909090909,50,False,0.010101010101010102,0.01,,4.306133999954909,4.306133999954909,0.0,texture,9,,SPINE+1NN,10,50,550,4950,0.98989898989899,1042474178,False,"{""admission"": {""criterion"": ""risk"", ""removed_risk"": 1, ""removed_support"": 0}, ""betti_final"": [[1, 0], [1, 0], [1, 0], [2, 0], [1, 0], [1, 0], [1, 0], [1, 0], [1, 0], [1, 0], [1, 0]], ""betti_frozen"": [[1, 0], [1, 0], [1, 0], [2, 0], [1, 0], [1, 0], [1, 0], [1, 0], [1, 0], [1, 0], [1, 0]], ""betti_nerve"": [[1, 0], [1, 0], [1, 0], [1, 0], [1, 0], [1, 0], [1, 0], [1, 0], [1, 0], [1, 0], [1, 0]], ""boundary_restriction"": ""both"", ""forced_removals"": 0, ""growth_representation_fallbacks"": 2, ""invariant_held"": true, ""n_segments"": 38, ""n_train_fit"": 3712, ""n_val"": 1238, ""phase0"": [{""constant_lens"": false, ""gain"": 0.25, ""lens"": ""pc1"", ""lens_scaling"": ""standardize"", ""min_cluster_size"": 18, ""min_samples"": 5, ""n_class"": 337, ""n_edges"": 4, ""n_intervals"": 5, ""n_vertices"": 5, ""noise_reassigned"": 298, ""placement"": ""quantile"", ""slabs"": [{""k"": 1, ""n"": 76}, {""k"": 1, ""n"": 84}, {""k"": 1, ""n"": 85}, {""k"": 1, ""n"": 84}, {""k"": 1, ""n"": 76}]}, {""constant_lens"": false, ""gain"": 0.25, ""lens"": ""pc1"", ""lens_scaling"": ""standardize"", ""min_cluster_size"": 18, ""min_samples"": 5, ""n_class"": 337, ""n_edges"": 4, ""n_intervals"": 5, ""n_vertices"": 5, ""noise_reassigned"": 301, ""placement"": ""quantile"", ""slabs"": [{""k"": 1, ""n"": 76}, {""k"": 1, ""n"": 84}, {""k"": 1, ""n"": 85}, {""k"": 1, ""n"": 84}, {""k"": 1, ""n"": 76}]}, {""constant_lens"": false, ""gain"": 0.25, ""lens"": ""pc1"", ""lens_scaling"": ""standardize"", ""min_cluster_size"": 18, ""min_samples"": 5, ""n_class"": 338, ""n_edges"": 4, ""n_intervals"": 5, ""n_vertices"": 5, ""noise_reassigned"": 314, ""placement"": ""quantile"", ""slabs"": [{""k"": 1, ""n"": 76}, {""k"": 1, ""n"": 85}, {""k"": 1, ""n"": 84}, {""k"": 1, ""n"": 85}, {""k"": 1, ""n"": 76}]}, {""constant_lens"": false, ""gain"": 0.25, ""lens"": ""pc1"", ""lens_scaling"": ""standardize"", ""min_cluster_size"": 18, ""min_samples"": 5, ""n_class"": 337, ""n_edges"": 4, ""n_intervals"": 5, ""n_vertices"": 5, ""noise_reassigned"": 291, ""placement"": ""quantile"", ""slabs"": [{""k"": 1, ""n"": 76}, {""k"": 1, ""n"": 84}, {""k"": 1, ""n"": 85}, {""k"": 1, ""n"": 84}, {""k"": 1, ""n"": 76}]}, {""constant_lens"": false, ""gain"": 0.25, ""lens"": ""pc1"", ""lens_scaling"": ""standardize"", ""min_cluster_size"": 18, ""min_samples"": 5, ""n_class"": 338, ""n_edges"": 4, ""n_intervals"": 5, ""n_vertices"": 5, ""noise_reassigned"": 308, ""placement"": ""quantile"", ""slabs"": [{""k"": 1, ""n"": 76}, {""k"": 1, ""n"": 85}, {""k"": 1, ""n"": 84}, {""k"": 1, ""n"": 85}, {""k"": 1, ""n"": 76}]}, {""constant_lens"": false, ""gain"": 0.25, ""lens"": ""pc1"", ""lens_scaling"": ""standardize"", ""min_cluster_size"": 18, ""min_samples"": 5, ""n_class"": 338, ""n_edges"": 4, ""n_intervals"": 5, ""n_vertices"": 5, ""noise_reassigned"": 307, ""placement"": ""quantile"", ""slabs"": [{""k"": 1, ""n"": 76}, {""k"": 1, ""n"": 85}, {""k"": 1, ""n"": 84}, {""k"": 1, ""n"": 85}, {""k"": 1, ""n"": 76}]}, {""constant_lens"": false, ""gain"": 0.25, ""lens"": ""pc1"", ""lens_scaling"": ""standardize"", ""min_cluster_size"": 18, ""min_samples"": 5, ""n_class"": 337, ""n_edges"": 4, ""n_intervals"": 5, ""n_vertices"": 5, ""noise_reassigned"": 284, ""placement"": ""quantile"", ""slabs"": [{""k"": 1, ""n"": 76}, {""k"": 1, ""n"": 84}, {""k"": 1, ""n"": 85}, {""k"": 1, ""n"": 84}, {""k"": 1, ""n"": 76}]}, {""constant_lens"": false, ""gain"": 0.25, ""lens"": ""pc1"", ""lens_scaling"": ""standardize"", ""min_cluster_size"": 18, ""min_samples"": 5, ""n_class"": 337, ""n_edges"": 4, ""n_intervals"": 5, ""n_vertices"": 5, ""noise_reassigned"": 309, ""placement"": ""quantile"", ""slabs"": [{""k"": 1, ""n"": 76}, {""k"": 1, ""n"": 84}, {""k"": 1, ""n"": 85}, {""k"": 1, ""n"": 84}, {""k"": 1, ""n"": 76}]}, {""constant_lens"": false, ""gain"": 0.25, ""lens"": ""pc1"", ""lens_scaling"": ""standardize"", ""min_cluster_size"": 18, ""min_samples"": 5, ""n_class"": 338, ""n_edges"": 4, ""n_intervals"": 5, ""n_vertices"": 5, ""noise_reassigned"": 258, ""placement"": ""quantile"", ""slabs"": [{""k"": 1, ""n"": 76}, {""k"": 1, ""n"": 85}, {""k"": 1, ""n"": 84}, {""k"": 1, ""n"": 85}, {""k"": 1, ""n"": 76}]}, {""constant_lens"": false, ""gain"": 0.25, ""lens"": ""pc1"", ""lens_scaling"": ""standardize"", ""min_cluster_size"": 18, ""min_samples"": 5, ""n_class"": 338, ""n_edges"": 4, ""n_intervals"": 5, ""n_vertices"": 5, ""noise_reassigned"": 294, ""placement"": ""quantile"", ""slabs"": [{""k"": 1, ""n"": 76}, {""k"": 1, ""n"": 85}, {""k"": 1, ""n"": 84}, {""k"": 1, ""n"": 85}, {""k"": 1, ""n"": 76}]}, {""constant_lens"": false, ""gain"": 0.25, ""lens"": ""pc1"", ""lens_scaling"": ""standardize"", ""min_cluster_size"": 18, ""min_samples"": 5, ""n_class"": 337, ""n_edges"": 4, ""n_intervals"": 5, ""n_vertices"": 5, ""noise_reassigned"": 314, ""placement"": ""quantile"", ""slabs"": [{""k"": 1, ""n"": 76}, {""k"": 1, ""n"": 84}, {""k"": 1, ""n"": 85}, {""k"": 1, ""n"": 84}, {""k"": 1, ""n"": 76}]}], ""soundness_bound_holds"": true, ""step_rule"": ""scale_free"", ""topology_retention_nerve_to_frozen"": {""beta0_frozen"": 12, ""beta0_nerve"": 11, ""beta1_frozen"": 0, ""beta1_nerve"": 0}}",True
0.9418181818181818,50,False,0.010101010101010102,0.01,,4.306133999954909,4.306133999954909,0.0,texture,9,,SPINE+Graph,10,50,550,4950,0.98989898989899,1042474178,False,"{""admission"": {""criterion"": ""risk"", ""removed_risk"": 1, ""removed_support"": 0}, ""betti_final"": [[1, 0], [1, 0], [1, 0], [2, 0], [1, 0], [1, 0], [1, 0], [1, 0], [1, 0], [1, 0], [1, 0]], ""betti_frozen"": [[1, 0], [1, 0], [1, 0], [2, 0], [1, 0], [1, 0], [1, 0], [1, 0], [1, 0], [1, 0], [1, 0]], ""betti_nerve"": [[1, 0], [1, 0], [1, 0], [1, 0], [1, 0], [1, 0], [1, 0], [1, 0], [1, 0], [1, 0], [1, 0]], ""boundary_restriction"": ""both"", ""forced_removals"": 0, ""growth_representation_fallbacks"": 2, ""invariant_held"": true, ""n_segments"": 38, ""n_train_fit"": 3712, ""n_val"": 1238, ""phase0"": [{""constant_lens"": false, ""gain"": 0.25, ""lens"": ""pc1"", ""lens_scaling"": ""standardize"", ""min_cluster_size"": 18, ""min_samples"": 5, ""n_class"": 337, ""n_edges"": 4, ""n_intervals"": 5, ""n_vertices"": 5, ""noise_reassigned"": 298, ""placement"": ""quantile"", ""slabs"": [{""k"": 1, ""n"": 76}, {""k"": 1, ""n"": 84}, {""k"": 1, ""n"": 85}, {""k"": 1, ""n"": 84}, {""k"": 1, ""n"": 76}]}, {""constant_lens"": false, ""gain"": 0.25, ""lens"": ""pc1"", ""lens_scaling"": ""standardize"", ""min_cluster_size"": 18, ""min_samples"": 5, ""n_class"": 337, ""n_edges"": 4, ""n_intervals"": 5, ""n_vertices"": 5, ""noise_reassigned"": 301, ""placement"": ""quantile"", ""slabs"": [{""k"": 1, ""n"": 76}, {""k"": 1, ""n"": 84}, {""k"": 1, ""n"": 85}, {""k"": 1, ""n"": 84}, {""k"": 1, ""n"": 76}]}, {""constant_lens"": false, ""gain"": 0.25, ""lens"": ""pc1"", ""lens_scaling"": ""standardize"", ""min_cluster_size"": 18, ""min_samples"": 5, ""n_class"": 338, ""n_edges"": 4, ""n_intervals"": 5, ""n_vertices"": 5, ""noise_reassigned"": 314, ""placement"": ""quantile"", ""slabs"": [{""k"": 1, ""n"": 76}, {""k"": 1, ""n"": 85}, {""k"": 1, ""n"": 84}, {""k"": 1, ""n"": 85}, {""k"": 1, ""n"": 76}]}, {""constant_lens"": false, ""gain"": 0.25, ""lens"": ""pc1"", ""lens_scaling"": ""standardize"", ""min_cluster_size"": 18, ""min_samples"": 5, ""n_class"": 337, ""n_edges"": 4, ""n_intervals"": 5, ""n_vertices"": 5, ""noise_reassigned"": 291, ""placement"": ""quantile"", ""slabs"": [{""k"": 1, ""n"": 76}, {""k"": 1, ""n"": 84}, {""k"": 1, ""n"": 85}, {""k"": 1, ""n"": 84}, {""k"": 1, ""n"": 76}]}, {""constant_lens"": false, ""gain"": 0.25, ""lens"": ""pc1"", ""lens_scaling"": ""standardize"", ""min_cluster_size"": 18, ""min_samples"": 5, ""n_class"": 338, ""n_edges"": 4, ""n_intervals"": 5, ""n_vertices"": 5, ""noise_reassigned"": 308, ""placement"": ""quantile"", ""slabs"": [{""k"": 1, ""n"": 76}, {""k"": 1, ""n"": 85}, {""k"": 1, ""n"": 84}, {""k"": 1, ""n"": 85}, {""k"": 1, ""n"": 76}]}, {""constant_lens"": false, ""gain"": 0.25, ""lens"": ""pc1"", ""lens_scaling"": ""standardize"", ""min_cluster_size"": 18, ""min_samples"": 5, ""n_class"": 338, ""n_edges"": 4, ""n_intervals"": 5, ""n_vertices"": 5, ""noise_reassigned"": 307, ""placement"": ""quantile"", ""slabs"": [{""k"": 1, ""n"": 76}, {""k"": 1, ""n"": 85}, {""k"": 1, ""n"": 84}, {""k"": 1, ""n"": 85}, {""k"": 1, ""n"": 76}]}, {""constant_lens"": false, ""gain"": 0.25, ""lens"": ""pc1"", ""lens_scaling"": ""standardize"", ""min_cluster_size"": 18, ""min_samples"": 5, ""n_class"": 337, ""n_edges"": 4, ""n_intervals"": 5, ""n_vertices"": 5, ""noise_reassigned"": 284, ""placement"": ""quantile"", ""slabs"": [{""k"": 1, ""n"": 76}, {""k"": 1, ""n"": 84}, {""k"": 1, ""n"": 85}, {""k"": 1, ""n"": 84}, {""k"": 1, ""n"": 76}]}, {""constant_lens"": false, ""gain"": 0.25, ""lens"": ""pc1"", ""lens_scaling"": ""standardize"", ""min_cluster_size"": 18, ""min_samples"": 5, ""n_class"": 337, ""n_edges"": 4, ""n_intervals"": 5, ""n_vertices"": 5, ""noise_reassigned"": 309, ""placement"": ""quantile"", ""slabs"": [{""k"": 1, ""n"": 76}, {""k"": 1, ""n"": 84}, {""k"": 1, ""n"": 85}, {""k"": 1, ""n"": 84}, {""k"": 1, ""n"": 76}]}, {""constant_lens"": false, ""gain"": 0.25, ""lens"": ""pc1"", ""lens_scaling"": ""standardize"", ""min_cluster_size"": 18, ""min_samples"": 5, ""n_class"": 338, ""n_edges"": 4, ""n_intervals"": 5, ""n_vertices"": 5, ""noise_reassigned"": 258, ""placement"": ""quantile"", ""slabs"": [{""k"": 1, ""n"": 76}, {""k"": 1, ""n"": 85}, {""k"": 1, ""n"": 84}, {""k"": 1, ""n"": 85}, {""k"": 1, ""n"": 76}]}, {""constant_lens"": false, ""gain"": 0.25, ""lens"": ""pc1"", ""lens_scaling"": ""standardize"", ""min_cluster_size"": 18, ""min_samples"": 5, ""n_class"": 338, ""n_edges"": 4, ""n_intervals"": 5, ""n_vertices"": 5, ""noise_reassigned"": 294, ""placement"": ""quantile"", ""slabs"": [{""k"": 1, ""n"": 76}, {""k"": 1, ""n"": 85}, {""k"": 1, ""n"": 84}, {""k"": 1, ""n"": 85}, {""k"": 1, ""n"": 76}]}, {""constant_lens"": false, ""gain"": 0.25, ""lens"": ""pc1"", ""lens_scaling"": ""standardize"", ""min_cluster_size"": 18, ""min_samples"": 5, ""n_class"": 337, ""n_edges"": 4, ""n_intervals"": 5, ""n_vertices"": 5, ""noise_reassigned"": 314, ""placement"": ""quantile"", ""slabs"": [{""k"": 1, ""n"": 76}, {""k"": 1, ""n"": 84}, {""k"": 1, ""n"": 85}, {""k"": 1, ""n"": 84}, {""k"": 1, ""n"": 76}]}], ""soundness_bound_holds"": true, ""step_rule"": ""scale_free"", ""topology_retention_nerve_to_frozen"": {""beta0_frozen"": 12, ""beta0_nerve"": 11, ""beta1_frozen"": 0, ""beta1_nerve"": 0}}",True
0.9418181818181818,50,False,0.010101010101010102,0.01,,2.523375000047963,48.17895700002555,45.655581999977585,texture,9,"{""epsilon"": 0.1, ""window"": 0.2}",LVQ3,10,50,550,4950,0.98989898989899,1042474178,False,,True
0.9,50,False,0.010101010101010102,0.01,"{""0"": 5, ""1"": 5, ""10"": 4, ""2"": 5, ""3"": 5, ""4"": 5, ""5"": 5, ""6"": 4, ""7"": 4, ""8"": 4, ""9"": 4}",0.8282260000123642,0.8282260000123642,0.0,texture,9,,KMeans,10,50,550,4950,0.98989898989899,1042474178,False,,True
0.7709090909090909,50,False,0.010101010101010102,0.01,"{""0"": 5, ""1"": 5, ""10"": 4, ""2"": 5, ""3"": 5, ""4"": 5, ""5"": 5, ""6"": 4, ""7"": 4, ""8"": 4, ""9"": 4}",0.0015070000081323087,0.0015070000081323087,0.0,texture,9,,Random,10,50,550,4950,0.98989898989899,1042474178,False,,True
0.8836363636363637,50,False,0.010101010101010102,0.01,,1.7421500000054948,1.7421500000054948,0.0,texture,9,,SPOT,10,50,550,4950,0.98989898989899,1042474178,False,,True
0.9181818181818182,50,False,0.010101010101010102,0.01,,8.233845999988262,8.233845999988262,0.0,texture,9,,GLVQ,10,50,550,4950,0.98989898989899,1042474178,False,,True
0.92,50,False,0.010101010101010102,0.01,,1.0545270000002347,1.0545270000002347,0.0,texture,9,,GNG,10,50,550,4950,0.98989898989899,1042474178,False,,True
0.9872727272727273,99,False,0.02,0.02,,0.0012880000285804272,0.0012880000285804272,0.0,texture,9,,Full,10,4950,550,4950,0.0,1042474178,True,,False
0.9854545454545455,99,False,0.02,0.02,,1.7262899999623187,1.7262899999623187,0.0,texture,9,,RSP3,10,860,550,4950,0.8262626262626263,1042474178,True,,False
0.9745454545454545,99,False,0.02,0.02,,0.7394899999490008,0.7394899999490008,0.0,texture,9,,RHC,10,277,550,4950,0.944040404040404,1042474178,True,,False
0.9436363636363636,99,False,0.02,0.02,,4.831769000040367,4.831769000040367,0.0,texture,9,,SPINE+1NN,10,99,550,4950,0.98,1042474178,False,"{""admission"": {""criterion"": ""risk"", ""removed_risk"": 1, ""removed_support"": 0}, ""betti_final"": [[1, 0], [1, 0], [1, 0], [2, 0], [1, 0], [1, 0], [1, 0], [1, 0], [1, 0], [1, 0], [1, 0]], ""betti_frozen"": [[1, 0], [1, 0], [1, 0], [2, 0], [1, 0], [1, 0], [1, 0], [1, 0], [1, 0], [1, 0], [1, 0]], ""betti_nerve"": [[1, 0], [1, 0], [1, 0], [1, 0], [1, 0], [1, 0], [1, 0], [1, 0], [1, 0], [1, 0], [1, 0]], ""boundary_restriction"": ""both"", ""forced_removals"": 0, ""growth_representation_fallbacks"": 23, ""invariant_held"": true, ""n_segments"": 87, ""n_train_fit"": 3712, ""n_val"": 1238, ""phase0"": [{""constant_lens"": false, ""gain"": 0.25, ""lens"": ""pc1"", ""lens_scaling"": ""standardize"", ""min_cluster_size"": 18, ""min_samples"": 5, ""n_class"": 337, ""n_edges"": 4, ""n_intervals"": 5, ""n_vertices"": 5, ""noise_reassigned"": 298, ""placement"": ""quantile"", ""slabs"": [{""k"": 1, ""n"": 76}, {""k"": 1, ""n"": 84}, {""k"": 1, ""n"": 85}, {""k"": 1, ""n"": 84}, {""k"": 1, ""n"": 76}]}, {""constant_lens"": false, ""gain"": 0.25, ""lens"": ""pc1"", ""lens_scaling"": ""standardize"", ""min_cluster_size"": 18, ""min_samples"": 5, ""n_class"": 337, ""n_edges"": 4, ""n_intervals"": 5, ""n_vertices"": 5, ""noise_reassigned"": 301, ""placement"": ""quantile"", ""slabs"": [{""k"": 1, ""n"": 76}, {""k"": 1, ""n"": 84}, {""k"": 1, ""n"": 85}, {""k"": 1, ""n"": 84}, {""k"": 1, ""n"": 76}]}, {""constant_lens"": false, ""gain"": 0.25, ""lens"": ""pc1"", ""lens_scaling"": ""standardize"", ""min_cluster_size"": 18, ""min_samples"": 5, ""n_class"": 338, ""n_edges"": 4, ""n_intervals"": 5, ""n_vertices"": 5, ""noise_reassigned"": 314, ""placement"": ""quantile"", ""slabs"": [{""k"": 1, ""n"": 76}, {""k"": 1, ""n"": 85}, {""k"": 1, ""n"": 84}, {""k"": 1, ""n"": 85}, {""k"": 1, ""n"": 76}]}, {""constant_lens"": false, ""gain"": 0.25, ""lens"": ""pc1"", ""lens_scaling"": ""standardize"", ""min_cluster_size"": 18, ""min_samples"": 5, ""n_class"": 337, ""n_edges"": 4, ""n_intervals"": 5, ""n_vertices"": 5, ""noise_reassigned"": 291, ""placement"": ""quantile"", ""slabs"": [{""k"": 1, ""n"": 76}, {""k"": 1, ""n"": 84}, {""k"": 1, ""n"": 85}, {""k"": 1, ""n"": 84}, {""k"": 1, ""n"": 76}]}, {""constant_lens"": false, ""gain"": 0.25, ""lens"": ""pc1"", ""lens_scaling"": ""standardize"", ""min_cluster_size"": 18, ""min_samples"": 5, ""n_class"": 338, ""n_edges"": 4, ""n_intervals"": 5, ""n_vertices"": 5, ""noise_reassigned"": 308, ""placement"": ""quantile"", ""slabs"": [{""k"": 1, ""n"": 76}, {""k"": 1, ""n"": 85}, {""k"": 1, ""n"": 84}, {""k"": 1, ""n"": 85}, {""k"": 1, ""n"": 76}]}, {""constant_lens"": false, ""gain"": 0.25, ""lens"": ""pc1"", ""lens_scaling"": ""standardize"", ""min_cluster_size"": 18, ""min_samples"": 5, ""n_class"": 338, ""n_edges"": 4, ""n_intervals"": 5, ""n_vertices"": 5, ""noise_reassigned"": 307, ""placement"": ""quantile"", ""slabs"": [{""k"": 1, ""n"": 76}, {""k"": 1, ""n"": 85}, {""k"": 1, ""n"": 84}, {""k"": 1, ""n"": 85}, {""k"": 1, ""n"": 76}]}, {""constant_lens"": false, ""gain"": 0.25, ""lens"": ""pc1"", ""lens_scaling"": ""standardize"", ""min_cluster_size"": 18, ""min_samples"": 5, ""n_class"": 337, ""n_edges"": 4, ""n_intervals"": 5, ""n_vertices"": 5, ""noise_reassigned"": 284, ""placement"": ""quantile"", ""slabs"": [{""k"": 1, ""n"": 76}, {""k"": 1, ""n"": 84}, {""k"": 1, ""n"": 85}, {""k"": 1, ""n"": 84}, {""k"": 1, ""n"": 76}]}, {""constant_lens"": false, ""gain"": 0.25, ""lens"": ""pc1"", ""lens_scaling"": ""standardize"", ""min_cluster_size"": 18, ""min_samples"": 5, ""n_class"": 337, ""n_edges"": 4, ""n_intervals"": 5, ""n_vertices"": 5, ""noise_reassigned"": 309, ""placement"": ""quantile"", ""slabs"": [{""k"": 1, ""n"": 76}, {""k"": 1, ""n"": 84}, {""k"": 1, ""n"": 85}, {""k"": 1, ""n"": 84}, {""k"": 1, ""n"": 76}]}, {""constant_lens"": false, ""gain"": 0.25, ""lens"": ""pc1"", ""lens_scaling"": ""standardize"", ""min_cluster_size"": 18, ""min_samples"": 5, ""n_class"": 338, ""n_edges"": 4, ""n_intervals"": 5, ""n_vertices"": 5, ""noise_reassigned"": 258, ""placement"": ""quantile"", ""slabs"": [{""k"": 1, ""n"": 76}, {""k"": 1, ""n"": 85}, {""k"": 1, ""n"": 84}, {""k"": 1, ""n"": 85}, {""k"": 1, ""n"": 76}]}, {""constant_lens"": false, ""gain"": 0.25, ""lens"": ""pc1"", ""lens_scaling"": ""standardize"", ""min_cluster_size"": 18, ""min_samples"": 5, ""n_class"": 338, ""n_edges"": 4, ""n_intervals"": 5, ""n_vertices"": 5, ""noise_reassigned"": 294, ""placement"": ""quantile"", ""slabs"": [{""k"": 1, ""n"": 76}, {""k"": 1, ""n"": 85}, {""k"": 1, ""n"": 84}, {""k"": 1, ""n"": 85}, {""k"": 1, ""n"": 76}]}, {""constant_lens"": false, ""gain"": 0.25, ""lens"": ""pc1"", ""lens_scaling"": ""standardize"", ""min_cluster_size"": 18, ""min_samples"": 5, ""n_class"": 337, ""n_edges"": 4, ""n_intervals"": 5, ""n_vertices"": 5, ""noise_reassigned"": 314, ""placement"": ""quantile"", ""slabs"": [{""k"": 1, ""n"": 76}, {""k"": 1, ""n"": 84}, {""k"": 1, ""n"": 85}, {""k"": 1, ""n"": 84}, {""k"": 1, ""n"": 76}]}], ""soundness_bound_holds"": true, ""step_rule"": ""scale_free"", ""topology_retention_nerve_to_frozen"": {""beta0_frozen"": 12, ""beta0_nerve"": 11, ""beta1_frozen"": 0, ""beta1_nerve"": 0}}",True
0.9454545454545454,99,False,0.02,0.02,,4.831769000040367,4.831769000040367,0.0,texture,9,,SPINE+Graph,10,99,550,4950,0.98,1042474178,False,"{""admission"": {""criterion"": ""risk"", ""removed_risk"": 1, ""removed_support"": 0}, ""betti_final"": [[1, 0], [1, 0], [1, 0], [2, 0], [1, 0], [1, 0], [1, 0], [1, 0], [1, 0], [1, 0], [1, 0]], ""betti_frozen"": [[1, 0], [1, 0], [1, 0], [2, 0], [1, 0], [1, 0], [1, 0], [1, 0], [1, 0], [1, 0], [1, 0]], ""betti_nerve"": [[1, 0], [1, 0], [1, 0], [1, 0], [1, 0], [1, 0], [1, 0], [1, 0], [1, 0], [1, 0], [1, 0]], ""boundary_restriction"": ""both"", ""forced_removals"": 0, ""growth_representation_fallbacks"": 23, ""invariant_held"": true, ""n_segments"": 87, ""n_train_fit"": 3712, ""n_val"": 1238, ""phase0"": [{""constant_lens"": false, ""gain"": 0.25, ""lens"": ""pc1"", ""lens_scaling"": ""standardize"", ""min_cluster_size"": 18, ""min_samples"": 5, ""n_class"": 337, ""n_edges"": 4, ""n_intervals"": 5, ""n_vertices"": 5, ""noise_reassigned"": 298, ""placement"": ""quantile"", ""slabs"": [{""k"": 1, ""n"": 76}, {""k"": 1, ""n"": 84}, {""k"": 1, ""n"": 85}, {""k"": 1, ""n"": 84}, {""k"": 1, ""n"": 76}]}, {""constant_lens"": false, ""gain"": 0.25, ""lens"": ""pc1"", ""lens_scaling"": ""standardize"", ""min_cluster_size"": 18, ""min_samples"": 5, ""n_class"": 337, ""n_edges"": 4, ""n_intervals"": 5, ""n_vertices"": 5, ""noise_reassigned"": 301, ""placement"": ""quantile"", ""slabs"": [{""k"": 1, ""n"": 76}, {""k"": 1, ""n"": 84}, {""k"": 1, ""n"": 85}, {""k"": 1, ""n"": 84}, {""k"": 1, ""n"": 76}]}, {""constant_lens"": false, ""gain"": 0.25, ""lens"": ""pc1"", ""lens_scaling"": ""standardize"", ""min_cluster_size"": 18, ""min_samples"": 5, ""n_class"": 338, ""n_edges"": 4, ""n_intervals"": 5, ""n_vertices"": 5, ""noise_reassigned"": 314, ""placement"": ""quantile"", ""slabs"": [{""k"": 1, ""n"": 76}, {""k"": 1, ""n"": 85}, {""k"": 1, ""n"": 84}, {""k"": 1, ""n"": 85}, {""k"": 1, ""n"": 76}]}, {""constant_lens"": false, ""gain"": 0.25, ""lens"": ""pc1"", ""lens_scaling"": ""standardize"", ""min_cluster_size"": 18, ""min_samples"": 5, ""n_class"": 337, ""n_edges"": 4, ""n_intervals"": 5, ""n_vertices"": 5, ""noise_reassigned"": 291, ""placement"": ""quantile"", ""slabs"": [{""k"": 1, ""n"": 76}, {""k"": 1, ""n"": 84}, {""k"": 1, ""n"": 85}, {""k"": 1, ""n"": 84}, {""k"": 1, ""n"": 76}]}, {""constant_lens"": false, ""gain"": 0.25, ""lens"": ""pc1"", ""lens_scaling"": ""standardize"", ""min_cluster_size"": 18, ""min_samples"": 5, ""n_class"": 338, ""n_edges"": 4, ""n_intervals"": 5, ""n_vertices"": 5, ""noise_reassigned"": 308, ""placement"": ""quantile"", ""slabs"": [{""k"": 1, ""n"": 76}, {""k"": 1, ""n"": 85}, {""k"": 1, ""n"": 84}, {""k"": 1, ""n"": 85}, {""k"": 1, ""n"": 76}]}, {""constant_lens"": false, ""gain"": 0.25, ""lens"": ""pc1"", ""lens_scaling"": ""standardize"", ""min_cluster_size"": 18, ""min_samples"": 5, ""n_class"": 338, ""n_edges"": 4, ""n_intervals"": 5, ""n_vertices"": 5, ""noise_reassigned"": 307, ""placement"": ""quantile"", ""slabs"": [{""k"": 1, ""n"": 76}, {""k"": 1, ""n"": 85}, {""k"": 1, ""n"": 84}, {""k"": 1, ""n"": 85}, {""k"": 1, ""n"": 76}]}, {""constant_lens"": false, ""gain"": 0.25, ""lens"": ""pc1"", ""lens_scaling"": ""standardize"", ""min_cluster_size"": 18, ""min_samples"": 5, ""n_class"": 337, ""n_edges"": 4, ""n_intervals"": 5, ""n_vertices"": 5, ""noise_reassigned"": 284, ""placement"": ""quantile"", ""slabs"": [{""k"": 1, ""n"": 76}, {""k"": 1, ""n"": 84}, {""k"": 1, ""n"": 85}, {""k"": 1, ""n"": 84}, {""k"": 1, ""n"": 76}]}, {""constant_lens"": false, ""gain"": 0.25, ""lens"": ""pc1"", ""lens_scaling"": ""standardize"", ""min_cluster_size"": 18, ""min_samples"": 5, ""n_class"": 337, ""n_edges"": 4, ""n_intervals"": 5, ""n_vertices"": 5, ""noise_reassigned"": 309, ""placement"": ""quantile"", ""slabs"": [{""k"": 1, ""n"": 76}, {""k"": 1, ""n"": 84}, {""k"": 1, ""n"": 85}, {""k"": 1, ""n"": 84}, {""k"": 1, ""n"": 76}]}, {""constant_lens"": false, ""gain"": 0.25, ""lens"": ""pc1"", ""lens_scaling"": ""standardize"", ""min_cluster_size"": 18, ""min_samples"": 5, ""n_class"": 338, ""n_edges"": 4, ""n_intervals"": 5, ""n_vertices"": 5, ""noise_reassigned"": 258, ""placement"": ""quantile"", ""slabs"": [{""k"": 1, ""n"": 76}, {""k"": 1, ""n"": 85}, {""k"": 1, ""n"": 84}, {""k"": 1, ""n"": 85}, {""k"": 1, ""n"": 76}]}, {""constant_lens"": false, ""gain"": 0.25, ""lens"": ""pc1"", ""lens_scaling"": ""standardize"", ""min_cluster_size"": 18, ""min_samples"": 5, ""n_class"": 338, ""n_edges"": 4, ""n_intervals"": 5, ""n_vertices"": 5, ""noise_reassigned"": 294, ""placement"": ""quantile"", ""slabs"": [{""k"": 1, ""n"": 76}, {""k"": 1, ""n"": 85}, {""k"": 1, ""n"": 84}, {""k"": 1, ""n"": 85}, {""k"": 1, ""n"": 76}]}, {""constant_lens"": false, ""gain"": 0.25, ""lens"": ""pc1"", ""lens_scaling"": ""standardize"", ""min_cluster_size"": 18, ""min_samples"": 5, ""n_class"": 337, ""n_edges"": 4, ""n_intervals"": 5, ""n_vertices"": 5, ""noise_reassigned"": 314, ""placement"": ""quantile"", ""slabs"": [{""k"": 1, ""n"": 76}, {""k"": 1, ""n"": 84}, {""k"": 1, ""n"": 85}, {""k"": 1, ""n"": 84}, {""k"": 1, ""n"": 76}]}], ""soundness_bound_holds"": true, ""step_rule"": ""scale_free"", ""topology_retention_nerve_to_frozen"": {""beta0_frozen"": 12, ""beta0_nerve"": 11, ""beta1_frozen"": 0, ""beta1_nerve"": 0}}",True
0.9636363636363636,99,False,0.02,0.02,,3.1180739999981597,59.61807499994757,56.50000099994941,texture,9,"{""epsilon"": 0.1, ""window"": 0.3}",LVQ3,10,99,550,4950,0.98,1042474178,False,,True
0.94,99,False,0.02,0.02,"{""0"": 9, ""1"": 9, ""10"": 9, ""2"": 9, ""3"": 9, ""4"": 9, ""5"": 9, ""6"": 9, ""7"": 9, ""8"": 9, ""9"": 9}",0.8842789999907836,0.8842789999907836,0.0,texture,9,,KMeans,10,99,550,4950,0.98,1042474178,False,,True
0.8654545454545455,99,False,0.02,0.02,"{""0"": 9, ""1"": 9, ""10"": 9, ""2"": 9, ""3"": 9, ""4"": 9, ""5"": 9, ""6"": 9, ""7"": 9, ""8"": 9, ""9"": 9}",0.0014990000054240227,0.0014990000054240227,0.0,texture,9,,Random,10,99,550,4950,0.98,1042474178,False,,True
0.9018181818181819,99,False,0.02,0.02,,1.7811689999653026,1.7811689999653026,0.0,texture,9,,SPOT,10,99,550,4950,0.98,1042474178,False,,True
0.9218181818181819,99,False,0.02,0.02,,13.354845999972895,13.354845999972895,0.0,texture,9,,GLVQ,10,99,550,4950,0.98,1042474178,False,,True
0.9327272727272727,99,False,0.02,0.02,,1.748373000009451,1.748373000009451,0.0,texture,9,,GNG,10,99,550,4950,0.98,1042474178,False,,True
0.9872727272727273,248,False,0.050101010101010104,0.05,,0.0012880000285804272,0.0012880000285804272,0.0,texture,9,,Full,10,4950,550,4950,0.0,1042474178,True,,False
0.9854545454545455,248,False,0.050101010101010104,0.05,,1.7262899999623187,1.7262899999623187,0.0,texture,9,,RSP3,10,860,550,4950,0.8262626262626263,1042474178,True,,False
0.9745454545454545,248,False,0.050101010101010104,0.05,,0.7394899999490008,0.7394899999490008,0.0,texture,9,,RHC,10,277,550,4950,0.944040404040404,1042474178,True,,False
0.96,248,False,0.050101010101010104,0.05,,5.923544000019319,5.923544000019319,0.0,texture,9,,SPINE+1NN,10,248,550,4950,0.9498989898989899,1042474178,False,"{""admission"": {""criterion"": ""risk"", ""removed_risk"": 1, ""removed_support"": 0}, ""betti_final"": [[1, 0], [1, 0], [1, 0], [2, 0], [1, 0], [1, 0], [1, 0], [1, 0], [1, 0], [1, 0], [1, 0]], ""betti_frozen"": [[1, 0], [1, 0], [1, 0], [2, 0], [1, 0], [1, 0], [1, 0], [1, 0], [1, 0], [1, 0], [1, 0]], ""betti_nerve"": [[1, 0], [1, 0], [1, 0], [1, 0], [1, 0], [1, 0], [1, 0], [1, 0], [1, 0], [1, 0], [1, 0]], ""boundary_restriction"": ""both"", ""forced_removals"": 0, ""growth_representation_fallbacks"": 139, ""invariant_held"": true, ""n_segments"": 236, ""n_train_fit"": 3712, ""n_val"": 1238, ""phase0"": [{""constant_lens"": false, ""gain"": 0.25, ""lens"": ""pc1"", ""lens_scaling"": ""standardize"", ""min_cluster_size"": 18, ""min_samples"": 5, ""n_class"": 337, ""n_edges"": 4, ""n_intervals"": 5, ""n_vertices"": 5, ""noise_reassigned"": 298, ""placement"": ""quantile"", ""slabs"": [{""k"": 1, ""n"": 76}, {""k"": 1, ""n"": 84}, {""k"": 1, ""n"": 85}, {""k"": 1, ""n"": 84}, {""k"": 1, ""n"": 76}]}, {""constant_lens"": false, ""gain"": 0.25, ""lens"": ""pc1"", ""lens_scaling"": ""standardize"", ""min_cluster_size"": 18, ""min_samples"": 5, ""n_class"": 337, ""n_edges"": 4, ""n_intervals"": 5, ""n_vertices"": 5, ""noise_reassigned"": 301, ""placement"": ""quantile"", ""slabs"": [{""k"": 1, ""n"": 76}, {""k"": 1, ""n"": 84}, {""k"": 1, ""n"": 85}, {""k"": 1, ""n"": 84}, {""k"": 1, ""n"": 76}]}, {""constant_lens"": false, ""gain"": 0.25, ""lens"": ""pc1"", ""lens_scaling"": ""standardize"", ""min_cluster_size"": 18, ""min_samples"": 5, ""n_class"": 338, ""n_edges"": 4, ""n_intervals"": 5, ""n_vertices"": 5, ""noise_reassigned"": 314, ""placement"": ""quantile"", ""slabs"": [{""k"": 1, ""n"": 76}, {""k"": 1, ""n"": 85}, {""k"": 1, ""n"": 84}, {""k"": 1, ""n"": 85}, {""k"": 1, ""n"": 76}]}, {""constant_lens"": false, ""gain"": 0.25, ""lens"": ""pc1"", ""lens_scaling"": ""standardize"", ""min_cluster_size"": 18, ""min_samples"": 5, ""n_class"": 337, ""n_edges"": 4, ""n_intervals"": 5, ""n_vertices"": 5, ""noise_reassigned"": 291, ""placement"": ""quantile"", ""slabs"": [{""k"": 1, ""n"": 76}, {""k"": 1, ""n"": 84}, {""k"": 1, ""n"": 85}, {""k"": 1, ""n"": 84}, {""k"": 1, ""n"": 76}]}, {""constant_lens"": false, ""gain"": 0.25, ""lens"": ""pc1"", ""lens_scaling"": ""standardize"", ""min_cluster_size"": 18, ""min_samples"": 5, ""n_class"": 338, ""n_edges"": 4, ""n_intervals"": 5, ""n_vertices"": 5, ""noise_reassigned"": 308, ""placement"": ""quantile"", ""slabs"": [{""k"": 1, ""n"": 76}, {""k"": 1, ""n"": 85}, {""k"": 1, ""n"": 84}, {""k"": 1, ""n"": 85}, {""k"": 1, ""n"": 76}]}, {""constant_lens"": false, ""gain"": 0.25, ""lens"": ""pc1"", ""lens_scaling"": ""standardize"", ""min_cluster_size"": 18, ""min_samples"": 5, ""n_class"": 338, ""n_edges"": 4, ""n_intervals"": 5, ""n_vertices"": 5, ""noise_reassigned"": 307, ""placement"": ""quantile"", ""slabs"": [{""k"": 1, ""n"": 76}, {""k"": 1, ""n"": 85}, {""k"": 1, ""n"": 84}, {""k"": 1, ""n"": 85}, {""k"": 1, ""n"": 76}]}, {""constant_lens"": false, ""gain"": 0.25, ""lens"": ""pc1"", ""lens_scaling"": ""standardize"", ""min_cluster_size"": 18, ""min_samples"": 5, ""n_class"": 337, ""n_edges"": 4, ""n_intervals"": 5, ""n_vertices"": 5, ""noise_reassigned"": 284, ""placement"": ""quantile"", ""slabs"": [{""k"": 1, ""n"": 76}, {""k"": 1, ""n"": 84}, {""k"": 1, ""n"": 85}, {""k"": 1, ""n"": 84}, {""k"": 1, ""n"": 76}]}, {""constant_lens"": false, ""gain"": 0.25, ""lens"": ""pc1"", ""lens_scaling"": ""standardize"", ""min_cluster_size"": 18, ""min_samples"": 5, ""n_class"": 337, ""n_edges"": 4, ""n_intervals"": 5, ""n_vertices"": 5, ""noise_reassigned"": 309, ""placement"": ""quantile"", ""slabs"": [{""k"": 1, ""n"": 76}, {""k"": 1, ""n"": 84}, {""k"": 1, ""n"": 85}, {""k"": 1, ""n"": 84}, {""k"": 1, ""n"": 76}]}, {""constant_lens"": false, ""gain"": 0.25, ""lens"": ""pc1"", ""lens_scaling"": ""standardize"", ""min_cluster_size"": 18, ""min_samples"": 5, ""n_class"": 338, ""n_edges"": 4, ""n_intervals"": 5, ""n_vertices"": 5, ""noise_reassigned"": 258, ""placement"": ""quantile"", ""slabs"": [{""k"": 1, ""n"": 76}, {""k"": 1, ""n"": 85}, {""k"": 1, ""n"": 84}, {""k"": 1, ""n"": 85}, {""k"": 1, ""n"": 76}]}, {""constant_lens"": false, ""gain"": 0.25, ""lens"": ""pc1"", ""lens_scaling"": ""standardize"", ""min_cluster_size"": 18, ""min_samples"": 5, ""n_class"": 338, ""n_edges"": 4, ""n_intervals"": 5, ""n_vertices"": 5, ""noise_reassigned"": 294, ""placement"": ""quantile"", ""slabs"": [{""k"": 1, ""n"": 76}, {""k"": 1, ""n"": 85}, {""k"": 1, ""n"": 84}, {""k"": 1, ""n"": 85}, {""k"": 1, ""n"": 76}]}, {""constant_lens"": false, ""gain"": 0.25, ""lens"": ""pc1"", ""lens_scaling"": ""standardize"", ""min_cluster_size"": 18, ""min_samples"": 5, ""n_class"": 337, ""n_edges"": 4, ""n_intervals"": 5, ""n_vertices"": 5, ""noise_reassigned"": 314, ""placement"": ""quantile"", ""slabs"": [{""k"": 1, ""n"": 76}, {""k"": 1, ""n"": 84}, {""k"": 1, ""n"": 85}, {""k"": 1, ""n"": 84}, {""k"": 1, ""n"": 76}]}], ""soundness_bound_holds"": true, ""step_rule"": ""scale_free"", ""topology_retention_nerve_to_frozen"": {""beta0_frozen"": 12, ""beta0_nerve"": 11, ""beta1_frozen"": 0, ""beta1_nerve"": 0}}",True
0.9636363636363636,248,False,0.050101010101010104,0.05,,5.923544000019319,5.923544000019319,0.0,texture,9,,SPINE+Graph,10,248,550,4950,0.9498989898989899,1042474178,False,"{""admission"": {""criterion"": ""risk"", ""removed_risk"": 1, ""removed_support"": 0}, ""betti_final"": [[1, 0], [1, 0], [1, 0], [2, 0], [1, 0], [1, 0], [1, 0], [1, 0], [1, 0], [1, 0], [1, 0]], ""betti_frozen"": [[1, 0], [1, 0], [1, 0], [2, 0], [1, 0], [1, 0], [1, 0], [1, 0], [1, 0], [1, 0], [1, 0]], ""betti_nerve"": [[1, 0], [1, 0], [1, 0], [1, 0], [1, 0], [1, 0], [1, 0], [1, 0], [1, 0], [1, 0], [1, 0]], ""boundary_restriction"": ""both"", ""forced_removals"": 0, ""growth_representation_fallbacks"": 139, ""invariant_held"": true, ""n_segments"": 236, ""n_train_fit"": 3712, ""n_val"": 1238, ""phase0"": [{""constant_lens"": false, ""gain"": 0.25, ""lens"": ""pc1"", ""lens_scaling"": ""standardize"", ""min_cluster_size"": 18, ""min_samples"": 5, ""n_class"": 337, ""n_edges"": 4, ""n_intervals"": 5, ""n_vertices"": 5, ""noise_reassigned"": 298, ""placement"": ""quantile"", ""slabs"": [{""k"": 1, ""n"": 76}, {""k"": 1, ""n"": 84}, {""k"": 1, ""n"": 85}, {""k"": 1, ""n"": 84}, {""k"": 1, ""n"": 76}]}, {""constant_lens"": false, ""gain"": 0.25, ""lens"": ""pc1"", ""lens_scaling"": ""standardize"", ""min_cluster_size"": 18, ""min_samples"": 5, ""n_class"": 337, ""n_edges"": 4, ""n_intervals"": 5, ""n_vertices"": 5, ""noise_reassigned"": 301, ""placement"": ""quantile"", ""slabs"": [{""k"": 1, ""n"": 76}, {""k"": 1, ""n"": 84}, {""k"": 1, ""n"": 85}, {""k"": 1, ""n"": 84}, {""k"": 1, ""n"": 76}]}, {""constant_lens"": false, ""gain"": 0.25, ""lens"": ""pc1"", ""lens_scaling"": ""standardize"", ""min_cluster_size"": 18, ""min_samples"": 5, ""n_class"": 338, ""n_edges"": 4, ""n_intervals"": 5, ""n_vertices"": 5, ""noise_reassigned"": 314, ""placement"": ""quantile"", ""slabs"": [{""k"": 1, ""n"": 76}, {""k"": 1, ""n"": 85}, {""k"": 1, ""n"": 84}, {""k"": 1, ""n"": 85}, {""k"": 1, ""n"": 76}]}, {""constant_lens"": false, ""gain"": 0.25, ""lens"": ""pc1"", ""lens_scaling"": ""standardize"", ""min_cluster_size"": 18, ""min_samples"": 5, ""n_class"": 337, ""n_edges"": 4, ""n_intervals"": 5, ""n_vertices"": 5, ""noise_reassigned"": 291, ""placement"": ""quantile"", ""slabs"": [{""k"": 1, ""n"": 76}, {""k"": 1, ""n"": 84}, {""k"": 1, ""n"": 85}, {""k"": 1, ""n"": 84}, {""k"": 1, ""n"": 76}]}, {""constant_lens"": false, ""gain"": 0.25, ""lens"": ""pc1"", ""lens_scaling"": ""standardize"", ""min_cluster_size"": 18, ""min_samples"": 5, ""n_class"": 338, ""n_edges"": 4, ""n_intervals"": 5, ""n_vertices"": 5, ""noise_reassigned"": 308, ""placement"": ""quantile"", ""slabs"": [{""k"": 1, ""n"": 76}, {""k"": 1, ""n"": 85}, {""k"": 1, ""n"": 84}, {""k"": 1, ""n"": 85}, {""k"": 1, ""n"": 76}]}, {""constant_lens"": false, ""gain"": 0.25, ""lens"": ""pc1"", ""lens_scaling"": ""standardize"", ""min_cluster_size"": 18, ""min_samples"": 5, ""n_class"": 338, ""n_edges"": 4, ""n_intervals"": 5, ""n_vertices"": 5, ""noise_reassigned"": 307, ""placement"": ""quantile"", ""slabs"": [{""k"": 1, ""n"": 76}, {""k"": 1, ""n"": 85}, {""k"": 1, ""n"": 84}, {""k"": 1, ""n"": 85}, {""k"": 1, ""n"": 76}]}, {""constant_lens"": false, ""gain"": 0.25, ""lens"": ""pc1"", ""lens_scaling"": ""standardize"", ""min_cluster_size"": 18, ""min_samples"": 5, ""n_class"": 337, ""n_edges"": 4, ""n_intervals"": 5, ""n_vertices"": 5, ""noise_reassigned"": 284, ""placement"": ""quantile"", ""slabs"": [{""k"": 1, ""n"": 76}, {""k"": 1, ""n"": 84}, {""k"": 1, ""n"": 85}, {""k"": 1, ""n"": 84}, {""k"": 1, ""n"": 76}]}, {""constant_lens"": false, ""gain"": 0.25, ""lens"": ""pc1"", ""lens_scaling"": ""standardize"", ""min_cluster_size"": 18, ""min_samples"": 5, ""n_class"": 337, ""n_edges"": 4, ""n_intervals"": 5, ""n_vertices"": 5, ""noise_reassigned"": 309, ""placement"": ""quantile"", ""slabs"": [{""k"": 1, ""n"": 76}, {""k"": 1, ""n"": 84}, {""k"": 1, ""n"": 85}, {""k"": 1, ""n"": 84}, {""k"": 1, ""n"": 76}]}, {""constant_lens"": false, ""gain"": 0.25, ""lens"": ""pc1"", ""lens_scaling"": ""standardize"", ""min_cluster_size"": 18, ""min_samples"": 5, ""n_class"": 338, ""n_edges"": 4, ""n_intervals"": 5, ""n_vertices"": 5, ""noise_reassigned"": 258, ""placement"": ""quantile"", ""slabs"": [{""k"": 1, ""n"": 76}, {""k"": 1, ""n"": 85}, {""k"": 1, ""n"": 84}, {""k"": 1, ""n"": 85}, {""k"": 1, ""n"": 76}]}, {""constant_lens"": false, ""gain"": 0.25, ""lens"": ""pc1"", ""lens_scaling"": ""standardize"", ""min_cluster_size"": 18, ""min_samples"": 5, ""n_class"": 338, ""n_edges"": 4, ""n_intervals"": 5, ""n_vertices"": 5, ""noise_reassigned"": 294, ""placement"": ""quantile"", ""slabs"": [{""k"": 1, ""n"": 76}, {""k"": 1, ""n"": 85}, {""k"": 1, ""n"": 84}, {""k"": 1, ""n"": 85}, {""k"": 1, ""n"": 76}]}, {""constant_lens"": false, ""gain"": 0.25, ""lens"": ""pc1"", ""lens_scaling"": ""standardize"", ""min_cluster_size"": 18, ""min_samples"": 5, ""n_class"": 337, ""n_edges"": 4, ""n_intervals"": 5, ""n_vertices"": 5, ""noise_reassigned"": 314, ""placement"": ""quantile"", ""slabs"": [{""k"": 1, ""n"": 76}, {""k"": 1, ""n"": 84}, {""k"": 1, ""n"": 85}, {""k"": 1, ""n"": 84}, {""k"": 1, ""n"": 76}]}], ""soundness_bound_holds"": true, ""step_rule"": ""scale_free"", ""topology_retention_nerve_to_frozen"": {""beta0_frozen"": 12, ""beta0_nerve"": 11, ""beta1_frozen"": 0, ""beta1_nerve"": 0}}",True
0.9636363636363636,248,False,0.050101010101010104,0.05,,4.54603099997621,79.89761399995768,75.35158299998147,texture,9,"{""epsilon"": 0.1, ""window"": 0.2}",LVQ3,10,248,550,4950,0.9498989898989899,1042474178,False,,True
0.9709090909090909,248,False,0.050101010101010104,0.05,"{""0"": 23, ""1"": 23, ""10"": 22, ""2"": 23, ""3"": 23, ""4"": 23, ""5"": 23, ""6"": 22, ""7"": 22, ""8"": 22, ""9"": 22}",1.4747470000293106,1.4747470000293106,0.0,texture,9,,KMeans,10,248,550,4950,0.9498989898989899,1042474178,False,,True
0.9036363636363637,248,False,0.050101010101010104,0.05,"{""0"": 23, ""1"": 23, ""10"": 22, ""2"": 23, ""3"": 23, ""4"": 23, ""5"": 23, ""6"": 22, ""7"": 22, ""8"": 22, ""9"": 22}",0.0016799999866634607,0.0016799999866634607,0.0,texture,9,,Random,10,248,550,4950,0.9498989898989899,1042474178,False,,True
0.9436363636363636,248,False,0.050101010101010104,0.05,,1.8705629999749362,1.8705629999749362,0.0,texture,9,,SPOT,10,248,550,4950,0.9498989898989899,1042474178,False,,True
0.92,248,False,0.050101010101010104,0.05,,28.876817999989726,28.876817999989726,0.0,texture,9,,GLVQ,10,248,550,4950,0.9498989898989899,1042474178,False,,True
0.9654545454545455,248,False,0.050101010101010104,0.05,,2.6108049999456853,2.6108049999456853,0.0,texture,9,,GNG,10,248,550,4950,0.9498989898989899,1042474178,False,,True
0.9872727272727273,495,False,0.1,0.1,,0.0012880000285804272,0.0012880000285804272,0.0,texture,9,,Full,10,4950,550,4950,0.0,1042474178,True,,False
0.9854545454545455,495,False,0.1,0.1,,1.7262899999623187,1.7262899999623187,0.0,texture,9,,RSP3,10,860,550,4950,0.8262626262626263,1042474178,True,,False
0.9745454545454545,495,False,0.1,0.1,,0.7394899999490008,0.7394899999490008,0.0,texture,9,,RHC,10,277,550,4950,0.944040404040404,1042474178,True,,False
0.9727272727272728,495,False,0.1,0.1,,7.260366999951657,7.260366999951657,0.0,texture,9,,SPINE+1NN,10,495,550,4950,0.9,1042474178,False,"{""admission"": {""criterion"": ""risk"", ""removed_risk"": 1, ""removed_support"": 0}, ""betti_final"": [[1, 0], [1, 0], [1, 0], [2, 0], [1, 0], [1, 0], [1, 0], [1, 0], [1, 0], [1, 0], [1, 0]], ""betti_frozen"": [[1, 0], [1, 0], [1, 0], [2, 0], [1, 0], [1, 0], [1, 0], [1, 0], [1, 0], [1, 0], [1, 0]], ""betti_nerve"": [[1, 0], [1, 0], [1, 0], [1, 0], [1, 0], [1, 0], [1, 0], [1, 0], [1, 0], [1, 0], [1, 0]], ""boundary_restriction"": ""both"", ""forced_removals"": 0, ""growth_representation_fallbacks"": 428, ""invariant_held"": true, ""n_segments"": 483, ""n_train_fit"": 3712, ""n_val"": 1238, ""phase0"": [{""constant_lens"": false, ""gain"": 0.25, ""lens"": ""pc1"", ""lens_scaling"": ""standardize"", ""min_cluster_size"": 18, ""min_samples"": 5, ""n_class"": 337, ""n_edges"": 4, ""n_intervals"": 5, ""n_vertices"": 5, ""noise_reassigned"": 298, ""placement"": ""quantile"", ""slabs"": [{""k"": 1, ""n"": 76}, {""k"": 1, ""n"": 84}, {""k"": 1, ""n"": 85}, {""k"": 1, ""n"": 84}, {""k"": 1, ""n"": 76}]}, {""constant_lens"": false, ""gain"": 0.25, ""lens"": ""pc1"", ""lens_scaling"": ""standardize"", ""min_cluster_size"": 18, ""min_samples"": 5, ""n_class"": 337, ""n_edges"": 4, ""n_intervals"": 5, ""n_vertices"": 5, ""noise_reassigned"": 301, ""placement"": ""quantile"", ""slabs"": [{""k"": 1, ""n"": 76}, {""k"": 1, ""n"": 84}, {""k"": 1, ""n"": 85}, {""k"": 1, ""n"": 84}, {""k"": 1, ""n"": 76}]}, {""constant_lens"": false, ""gain"": 0.25, ""lens"": ""pc1"", ""lens_scaling"": ""standardize"", ""min_cluster_size"": 18, ""min_samples"": 5, ""n_class"": 338, ""n_edges"": 4, ""n_intervals"": 5, ""n_vertices"": 5, ""noise_reassigned"": 314, ""placement"": ""quantile"", ""slabs"": [{""k"": 1, ""n"": 76}, {""k"": 1, ""n"": 85}, {""k"": 1, ""n"": 84}, {""k"": 1, ""n"": 85}, {""k"": 1, ""n"": 76}]}, {""constant_lens"": false, ""gain"": 0.25, ""lens"": ""pc1"", ""lens_scaling"": ""standardize"", ""min_cluster_size"": 18, ""min_samples"": 5, ""n_class"": 337, ""n_edges"": 4, ""n_intervals"": 5, ""n_vertices"": 5, ""noise_reassigned"": 291, ""placement"": ""quantile"", ""slabs"": [{""k"": 1, ""n"": 76}, {""k"": 1, ""n"": 84}, {""k"": 1, ""n"": 85}, {""k"": 1, ""n"": 84}, {""k"": 1, ""n"": 76}]}, {""constant_lens"": false, ""gain"": 0.25, ""lens"": ""pc1"", ""lens_scaling"": ""standardize"", ""min_cluster_size"": 18, ""min_samples"": 5, ""n_class"": 338, ""n_edges"": 4, ""n_intervals"": 5, ""n_vertices"": 5, ""noise_reassigned"": 308, ""placement"": ""quantile"", ""slabs"": [{""k"": 1, ""n"": 76}, {""k"": 1, ""n"": 85}, {""k"": 1, ""n"": 84}, {""k"": 1, ""n"": 85}, {""k"": 1, ""n"": 76}]}, {""constant_lens"": false, ""gain"": 0.25, ""lens"": ""pc1"", ""lens_scaling"": ""standardize"", ""min_cluster_size"": 18, ""min_samples"": 5, ""n_class"": 338, ""n_edges"": 4, ""n_intervals"": 5, ""n_vertices"": 5, ""noise_reassigned"": 307, ""placement"": ""quantile"", ""slabs"": [{""k"": 1, ""n"": 76}, {""k"": 1, ""n"": 85}, {""k"": 1, ""n"": 84}, {""k"": 1, ""n"": 85}, {""k"": 1, ""n"": 76}]}, {""constant_lens"": false, ""gain"": 0.25, ""lens"": ""pc1"", ""lens_scaling"": ""standardize"", ""min_cluster_size"": 18, ""min_samples"": 5, ""n_class"": 337, ""n_edges"": 4, ""n_intervals"": 5, ""n_vertices"": 5, ""noise_reassigned"": 284, ""placement"": ""quantile"", ""slabs"": [{""k"": 1, ""n"": 76}, {""k"": 1, ""n"": 84}, {""k"": 1, ""n"": 85}, {""k"": 1, ""n"": 84}, {""k"": 1, ""n"": 76}]}, {""constant_lens"": false, ""gain"": 0.25, ""lens"": ""pc1"", ""lens_scaling"": ""standardize"", ""min_cluster_size"": 18, ""min_samples"": 5, ""n_class"": 337, ""n_edges"": 4, ""n_intervals"": 5, ""n_vertices"": 5, ""noise_reassigned"": 309, ""placement"": ""quantile"", ""slabs"": [{""k"": 1, ""n"": 76}, {""k"": 1, ""n"": 84}, {""k"": 1, ""n"": 85}, {""k"": 1, ""n"": 84}, {""k"": 1, ""n"": 76}]}, {""constant_lens"": false, ""gain"": 0.25, ""lens"": ""pc1"", ""lens_scaling"": ""standardize"", ""min_cluster_size"": 18, ""min_samples"": 5, ""n_class"": 338, ""n_edges"": 4, ""n_intervals"": 5, ""n_vertices"": 5, ""noise_reassigned"": 258, ""placement"": ""quantile"", ""slabs"": [{""k"": 1, ""n"": 76}, {""k"": 1, ""n"": 85}, {""k"": 1, ""n"": 84}, {""k"": 1, ""n"": 85}, {""k"": 1, ""n"": 76}]}, {""constant_lens"": false, ""gain"": 0.25, ""lens"": ""pc1"", ""lens_scaling"": ""standardize"", ""min_cluster_size"": 18, ""min_samples"": 5, ""n_class"": 338, ""n_edges"": 4, ""n_intervals"": 5, ""n_vertices"": 5, ""noise_reassigned"": 294, ""placement"": ""quantile"", ""slabs"": [{""k"": 1, ""n"": 76}, {""k"": 1, ""n"": 85}, {""k"": 1, ""n"": 84}, {""k"": 1, ""n"": 85}, {""k"": 1, ""n"": 76}]}, {""constant_lens"": false, ""gain"": 0.25, ""lens"": ""pc1"", ""lens_scaling"": ""standardize"", ""min_cluster_size"": 18, ""min_samples"": 5, ""n_class"": 337, ""n_edges"": 4, ""n_intervals"": 5, ""n_vertices"": 5, ""noise_reassigned"": 314, ""placement"": ""quantile"", ""slabs"": [{""k"": 1, ""n"": 76}, {""k"": 1, ""n"": 84}, {""k"": 1, ""n"": 85}, {""k"": 1, ""n"": 84}, {""k"": 1, ""n"": 76}]}], ""soundness_bound_holds"": true, ""step_rule"": ""scale_free"", ""topology_retention_nerve_to_frozen"": {""beta0_frozen"": 12, ""beta0_nerve"": 11, ""beta1_frozen"": 0, ""beta1_nerve"": 0}}",True
0.9727272727272728,495,False,0.1,0.1,,7.260366999951657,7.260366999951657,0.0,texture,9,,SPINE+Graph,10,495,550,4950,0.9,1042474178,False,"{""admission"": {""criterion"": ""risk"", ""removed_risk"": 1, ""removed_support"": 0}, ""betti_final"": [[1, 0], [1, 0], [1, 0], [2, 0], [1, 0], [1, 0], [1, 0], [1, 0], [1, 0], [1, 0], [1, 0]], ""betti_frozen"": [[1, 0], [1, 0], [1, 0], [2, 0], [1, 0], [1, 0], [1, 0], [1, 0], [1, 0], [1, 0], [1, 0]], ""betti_nerve"": [[1, 0], [1, 0], [1, 0], [1, 0], [1, 0], [1, 0], [1, 0], [1, 0], [1, 0], [1, 0], [1, 0]], ""boundary_restriction"": ""both"", ""forced_removals"": 0, ""growth_representation_fallbacks"": 428, ""invariant_held"": true, ""n_segments"": 483, ""n_train_fit"": 3712, ""n_val"": 1238, ""phase0"": [{""constant_lens"": false, ""gain"": 0.25, ""lens"": ""pc1"", ""lens_scaling"": ""standardize"", ""min_cluster_size"": 18, ""min_samples"": 5, ""n_class"": 337, ""n_edges"": 4, ""n_intervals"": 5, ""n_vertices"": 5, ""noise_reassigned"": 298, ""placement"": ""quantile"", ""slabs"": [{""k"": 1, ""n"": 76}, {""k"": 1, ""n"": 84}, {""k"": 1, ""n"": 85}, {""k"": 1, ""n"": 84}, {""k"": 1, ""n"": 76}]}, {""constant_lens"": false, ""gain"": 0.25, ""lens"": ""pc1"", ""lens_scaling"": ""standardize"", ""min_cluster_size"": 18, ""min_samples"": 5, ""n_class"": 337, ""n_edges"": 4, ""n_intervals"": 5, ""n_vertices"": 5, ""noise_reassigned"": 301, ""placement"": ""quantile"", ""slabs"": [{""k"": 1, ""n"": 76}, {""k"": 1, ""n"": 84}, {""k"": 1, ""n"": 85}, {""k"": 1, ""n"": 84}, {""k"": 1, ""n"": 76}]}, {""constant_lens"": false, ""gain"": 0.25, ""lens"": ""pc1"", ""lens_scaling"": ""standardize"", ""min_cluster_size"": 18, ""min_samples"": 5, ""n_class"": 338, ""n_edges"": 4, ""n_intervals"": 5, ""n_vertices"": 5, ""noise_reassigned"": 314, ""placement"": ""quantile"", ""slabs"": [{""k"": 1, ""n"": 76}, {""k"": 1, ""n"": 85}, {""k"": 1, ""n"": 84}, {""k"": 1, ""n"": 85}, {""k"": 1, ""n"": 76}]}, {""constant_lens"": false, ""gain"": 0.25, ""lens"": ""pc1"", ""lens_scaling"": ""standardize"", ""min_cluster_size"": 18, ""min_samples"": 5, ""n_class"": 337, ""n_edges"": 4, ""n_intervals"": 5, ""n_vertices"": 5, ""noise_reassigned"": 291, ""placement"": ""quantile"", ""slabs"": [{""k"": 1, ""n"": 76}, {""k"": 1, ""n"": 84}, {""k"": 1, ""n"": 85}, {""k"": 1, ""n"": 84}, {""k"": 1, ""n"": 76}]}, {""constant_lens"": false, ""gain"": 0.25, ""lens"": ""pc1"", ""lens_scaling"": ""standardize"", ""min_cluster_size"": 18, ""min_samples"": 5, ""n_class"": 338, ""n_edges"": 4, ""n_intervals"": 5, ""n_vertices"": 5, ""noise_reassigned"": 308, ""placement"": ""quantile"", ""slabs"": [{""k"": 1, ""n"": 76}, {""k"": 1, ""n"": 85}, {""k"": 1, ""n"": 84}, {""k"": 1, ""n"": 85}, {""k"": 1, ""n"": 76}]}, {""constant_lens"": false, ""gain"": 0.25, ""lens"": ""pc1"", ""lens_scaling"": ""standardize"", ""min_cluster_size"": 18, ""min_samples"": 5, ""n_class"": 338, ""n_edges"": 4, ""n_intervals"": 5, ""n_vertices"": 5, ""noise_reassigned"": 307, ""placement"": ""quantile"", ""slabs"": [{""k"": 1, ""n"": 76}, {""k"": 1, ""n"": 85}, {""k"": 1, ""n"": 84}, {""k"": 1, ""n"": 85}, {""k"": 1, ""n"": 76}]}, {""constant_lens"": false, ""gain"": 0.25, ""lens"": ""pc1"", ""lens_scaling"": ""standardize"", ""min_cluster_size"": 18, ""min_samples"": 5, ""n_class"": 337, ""n_edges"": 4, ""n_intervals"": 5, ""n_vertices"": 5, ""noise_reassigned"": 284, ""placement"": ""quantile"", ""slabs"": [{""k"": 1, ""n"": 76}, {""k"": 1, ""n"": 84}, {""k"": 1, ""n"": 85}, {""k"": 1, ""n"": 84}, {""k"": 1, ""n"": 76}]}, {""constant_lens"": false, ""gain"": 0.25, ""lens"": ""pc1"", ""lens_scaling"": ""standardize"", ""min_cluster_size"": 18, ""min_samples"": 5, ""n_class"": 337, ""n_edges"": 4, ""n_intervals"": 5, ""n_vertices"": 5, ""noise_reassigned"": 309, ""placement"": ""quantile"", ""slabs"": [{""k"": 1, ""n"": 76}, {""k"": 1, ""n"": 84}, {""k"": 1, ""n"": 85}, {""k"": 1, ""n"": 84}, {""k"": 1, ""n"": 76}]}, {""constant_lens"": false, ""gain"": 0.25, ""lens"": ""pc1"", ""lens_scaling"": ""standardize"", ""min_cluster_size"": 18, ""min_samples"": 5, ""n_class"": 338, ""n_edges"": 4, ""n_intervals"": 5, ""n_vertices"": 5, ""noise_reassigned"": 258, ""placement"": ""quantile"", ""slabs"": [{""k"": 1, ""n"": 76}, {""k"": 1, ""n"": 85}, {""k"": 1, ""n"": 84}, {""k"": 1, ""n"": 85}, {""k"": 1, ""n"": 76}]}, {""constant_lens"": false, ""gain"": 0.25, ""lens"": ""pc1"", ""lens_scaling"": ""standardize"", ""min_cluster_size"": 18, ""min_samples"": 5, ""n_class"": 338, ""n_edges"": 4, ""n_intervals"": 5, ""n_vertices"": 5, ""noise_reassigned"": 294, ""placement"": ""quantile"", ""slabs"": [{""k"": 1, ""n"": 76}, {""k"": 1, ""n"": 85}, {""k"": 1, ""n"": 84}, {""k"": 1, ""n"": 85}, {""k"": 1, ""n"": 76}]}, {""constant_lens"": false, ""gain"": 0.25, ""lens"": ""pc1"", ""lens_scaling"": ""standardize"", ""min_cluster_size"": 18, ""min_samples"": 5, ""n_class"": 337, ""n_edges"": 4, ""n_intervals"": 5, ""n_vertices"": 5, ""noise_reassigned"": 314, ""placement"": ""quantile"", ""slabs"": [{""k"": 1, ""n"": 76}, {""k"": 1, ""n"": 84}, {""k"": 1, ""n"": 85}, {""k"": 1, ""n"": 84}, {""k"": 1, ""n"": 76}]}], ""soundness_bound_holds"": true, ""step_rule"": ""scale_free"", ""topology_retention_nerve_to_frozen"": {""beta0_frozen"": 12, ""beta0_nerve"": 11, ""beta1_frozen"": 0, ""beta1_nerve"": 0}}",True
0.9745454545454545,495,False,0.1,0.1,,6.442276999994647,114.1383490000153,107.69607200002065,texture,9,"{""epsilon"": 0.1, ""window"": 0.2}",LVQ3,10,495,550,4950,0.9,1042474178,False,,True
0.9763636363636363,495,False,0.1,0.1,"{""0"": 45, ""1"": 45, ""10"": 45, ""2"": 45, ""3"": 45, ""4"": 45, ""5"": 45, ""6"": 45, ""7"": 45, ""8"": 45, ""9"": 45}",2.479732000036165,2.479732000036165,0.0,texture,9,,KMeans,10,495,550,4950,0.9,1042474178,False,,True
0.9327272727272727,495,False,0.1,0.1,"{""0"": 45, ""1"": 45, ""10"": 45, ""2"": 45, ""3"": 45, ""4"": 45, ""5"": 45, ""6"": 45, ""7"": 45, ""8"": 45, ""9"": 45}",0.001967000018339604,0.001967000018339604,0.0,texture,9,,Random,10,495,550,4950,0.9,1042474178,False,,True
0.9672727272727273,495,False,0.1,0.1,,1.9070470000151545,1.9070470000151545,0.0,texture,9,,SPOT,10,495,550,4950,0.9,1042474178,False,,True
0.92,495,False,0.1,0.1,,54.617296000011265,54.617296000011265,0.0,texture,9,,GLVQ,10,495,550,4950,0.9,1042474178,False,,True
0.9745454545454545,495,False,0.1,0.1,,5.102480000001378,5.102480000001378,0.0,texture,9,,GNG,10,495,550,4950,0.9,1042474178,False,,True
0.9872727272727273,1238,False,0.2501010101010101,0.25,,0.0012880000285804272,0.0012880000285804272,0.0,texture,9,,Full,10,4950,550,4950,0.0,1042474178,True,,False
0.9854545454545455,1238,False,0.2501010101010101,0.25,,1.7262899999623187,1.7262899999623187,0.0,texture,9,,RSP3,10,860,550,4950,0.8262626262626263,1042474178,True,,False
0.9745454545454545,1238,False,0.2501010101010101,0.25,,0.7394899999490008,0.7394899999490008,0.0,texture,9,,RHC,10,277,550,4950,0.944040404040404,1042474178,True,,False
0.9763636363636363,1238,False,0.2501010101010101,0.25,,15.417239999980666,15.417239999980666,0.0,texture,9,,SPINE+1NN,10,1238,550,4950,0.7498989898989898,1042474178,False,"{""admission"": {""criterion"": ""risk"", ""removed_risk"": 1, ""removed_support"": 0}, ""betti_final"": [[1, 0], [1, 0], [1, 0], [2, 0], [1, 0], [1, 0], [1, 0], [1, 0], [1, 0], [1, 0], [1, 0]], ""betti_frozen"": [[1, 0], [1, 0], [1, 0], [2, 0], [1, 0], [1, 0], [1, 0], [1, 0], [1, 0], [1, 0], [1, 0]], ""betti_nerve"": [[1, 0], [1, 0], [1, 0], [1, 0], [1, 0], [1, 0], [1, 0], [1, 0], [1, 0], [1, 0], [1, 0]], ""boundary_restriction"": ""both"", ""forced_removals"": 0, ""growth_representation_fallbacks"": 1346, ""invariant_held"": true, ""n_segments"": 1226, ""n_train_fit"": 3712, ""n_val"": 1238, ""phase0"": [{""constant_lens"": false, ""gain"": 0.25, ""lens"": ""pc1"", ""lens_scaling"": ""standardize"", ""min_cluster_size"": 18, ""min_samples"": 5, ""n_class"": 337, ""n_edges"": 4, ""n_intervals"": 5, ""n_vertices"": 5, ""noise_reassigned"": 298, ""placement"": ""quantile"", ""slabs"": [{""k"": 1, ""n"": 76}, {""k"": 1, ""n"": 84}, {""k"": 1, ""n"": 85}, {""k"": 1, ""n"": 84}, {""k"": 1, ""n"": 76}]}, {""constant_lens"": false, ""gain"": 0.25, ""lens"": ""pc1"", ""lens_scaling"": ""standardize"", ""min_cluster_size"": 18, ""min_samples"": 5, ""n_class"": 337, ""n_edges"": 4, ""n_intervals"": 5, ""n_vertices"": 5, ""noise_reassigned"": 301, ""placement"": ""quantile"", ""slabs"": [{""k"": 1, ""n"": 76}, {""k"": 1, ""n"": 84}, {""k"": 1, ""n"": 85}, {""k"": 1, ""n"": 84}, {""k"": 1, ""n"": 76}]}, {""constant_lens"": false, ""gain"": 0.25, ""lens"": ""pc1"", ""lens_scaling"": ""standardize"", ""min_cluster_size"": 18, ""min_samples"": 5, ""n_class"": 338, ""n_edges"": 4, ""n_intervals"": 5, ""n_vertices"": 5, ""noise_reassigned"": 314, ""placement"": ""quantile"", ""slabs"": [{""k"": 1, ""n"": 76}, {""k"": 1, ""n"": 85}, {""k"": 1, ""n"": 84}, {""k"": 1, ""n"": 85}, {""k"": 1, ""n"": 76}]}, {""constant_lens"": false, ""gain"": 0.25, ""lens"": ""pc1"", ""lens_scaling"": ""standardize"", ""min_cluster_size"": 18, ""min_samples"": 5, ""n_class"": 337, ""n_edges"": 4, ""n_intervals"": 5, ""n_vertices"": 5, ""noise_reassigned"": 291, ""placement"": ""quantile"", ""slabs"": [{""k"": 1, ""n"": 76}, {""k"": 1, ""n"": 84}, {""k"": 1, ""n"": 85}, {""k"": 1, ""n"": 84}, {""k"": 1, ""n"": 76}]}, {""constant_lens"": false, ""gain"": 0.25, ""lens"": ""pc1"", ""lens_scaling"": ""standardize"", ""min_cluster_size"": 18, ""min_samples"": 5, ""n_class"": 338, ""n_edges"": 4, ""n_intervals"": 5, ""n_vertices"": 5, ""noise_reassigned"": 308, ""placement"": ""quantile"", ""slabs"": [{""k"": 1, ""n"": 76}, {""k"": 1, ""n"": 85}, {""k"": 1, ""n"": 84}, {""k"": 1, ""n"": 85}, {""k"": 1, ""n"": 76}]}, {""constant_lens"": false, ""gain"": 0.25, ""lens"": ""pc1"", ""lens_scaling"": ""standardize"", ""min_cluster_size"": 18, ""min_samples"": 5, ""n_class"": 338, ""n_edges"": 4, ""n_intervals"": 5, ""n_vertices"": 5, ""noise_reassigned"": 307, ""placement"": ""quantile"", ""slabs"": [{""k"": 1, ""n"": 76}, {""k"": 1, ""n"": 85}, {""k"": 1, ""n"": 84}, {""k"": 1, ""n"": 85}, {""k"": 1, ""n"": 76}]}, {""constant_lens"": false, ""gain"": 0.25, ""lens"": ""pc1"", ""lens_scaling"": ""standardize"", ""min_cluster_size"": 18, ""min_samples"": 5, ""n_class"": 337, ""n_edges"": 4, ""n_intervals"": 5, ""n_vertices"": 5, ""noise_reassigned"": 284, ""placement"": ""quantile"", ""slabs"": [{""k"": 1, ""n"": 76}, {""k"": 1, ""n"": 84}, {""k"": 1, ""n"": 85}, {""k"": 1, ""n"": 84}, {""k"": 1, ""n"": 76}]}, {""constant_lens"": false, ""gain"": 0.25, ""lens"": ""pc1"", ""lens_scaling"": ""standardize"", ""min_cluster_size"": 18, ""min_samples"": 5, ""n_class"": 337, ""n_edges"": 4, ""n_intervals"": 5, ""n_vertices"": 5, ""noise_reassigned"": 309, ""placement"": ""quantile"", ""slabs"": [{""k"": 1, ""n"": 76}, {""k"": 1, ""n"": 84}, {""k"": 1, ""n"": 85}, {""k"": 1, ""n"": 84}, {""k"": 1, ""n"": 76}]}, {""constant_lens"": false, ""gain"": 0.25, ""lens"": ""pc1"", ""lens_scaling"": ""standardize"", ""min_cluster_size"": 18, ""min_samples"": 5, ""n_class"": 338, ""n_edges"": 4, ""n_intervals"": 5, ""n_vertices"": 5, ""noise_reassigned"": 258, ""placement"": ""quantile"", ""slabs"": [{""k"": 1, ""n"": 76}, {""k"": 1, ""n"": 85}, {""k"": 1, ""n"": 84}, {""k"": 1, ""n"": 85}, {""k"": 1, ""n"": 76}]}, {""constant_lens"": false, ""gain"": 0.25, ""lens"": ""pc1"", ""lens_scaling"": ""standardize"", ""min_cluster_size"": 18, ""min_samples"": 5, ""n_class"": 338, ""n_edges"": 4, ""n_intervals"": 5, ""n_vertices"": 5, ""noise_reassigned"": 294, ""placement"": ""quantile"", ""slabs"": [{""k"": 1, ""n"": 76}, {""k"": 1, ""n"": 85}, {""k"": 1, ""n"": 84}, {""k"": 1, ""n"": 85}, {""k"": 1, ""n"": 76}]}, {""constant_lens"": false, ""gain"": 0.25, ""lens"": ""pc1"", ""lens_scaling"": ""standardize"", ""min_cluster_size"": 18, ""min_samples"": 5, ""n_class"": 337, ""n_edges"": 4, ""n_intervals"": 5, ""n_vertices"": 5, ""noise_reassigned"": 314, ""placement"": ""quantile"", ""slabs"": [{""k"": 1, ""n"": 76}, {""k"": 1, ""n"": 84}, {""k"": 1, ""n"": 85}, {""k"": 1, ""n"": 84}, {""k"": 1, ""n"": 76}]}], ""soundness_bound_holds"": true, ""step_rule"": ""scale_free"", ""topology_retention_nerve_to_frozen"": {""beta0_frozen"": 12, ""beta0_nerve"": 11, ""beta1_frozen"": 0, ""beta1_nerve"": 0}}",True
0.98,1238,False,0.2501010101010101,0.25,,15.417239999980666,15.417239999980666,0.0,texture,9,,SPINE+Graph,10,1238,550,4950,0.7498989898989898,1042474178,False,"{""admission"": {""criterion"": ""risk"", ""removed_risk"": 1, ""removed_support"": 0}, ""betti_final"": [[1, 0], [1, 0], [1, 0], [2, 0], [1, 0], [1, 0], [1, 0], [1, 0], [1, 0], [1, 0], [1, 0]], ""betti_frozen"": [[1, 0], [1, 0], [1, 0], [2, 0], [1, 0], [1, 0], [1, 0], [1, 0], [1, 0], [1, 0], [1, 0]], ""betti_nerve"": [[1, 0], [1, 0], [1, 0], [1, 0], [1, 0], [1, 0], [1, 0], [1, 0], [1, 0], [1, 0], [1, 0]], ""boundary_restriction"": ""both"", ""forced_removals"": 0, ""growth_representation_fallbacks"": 1346, ""invariant_held"": true, ""n_segments"": 1226, ""n_train_fit"": 3712, ""n_val"": 1238, ""phase0"": [{""constant_lens"": false, ""gain"": 0.25, ""lens"": ""pc1"", ""lens_scaling"": ""standardize"", ""min_cluster_size"": 18, ""min_samples"": 5, ""n_class"": 337, ""n_edges"": 4, ""n_intervals"": 5, ""n_vertices"": 5, ""noise_reassigned"": 298, ""placement"": ""quantile"", ""slabs"": [{""k"": 1, ""n"": 76}, {""k"": 1, ""n"": 84}, {""k"": 1, ""n"": 85}, {""k"": 1, ""n"": 84}, {""k"": 1, ""n"": 76}]}, {""constant_lens"": false, ""gain"": 0.25, ""lens"": ""pc1"", ""lens_scaling"": ""standardize"", ""min_cluster_size"": 18, ""min_samples"": 5, ""n_class"": 337, ""n_edges"": 4, ""n_intervals"": 5, ""n_vertices"": 5, ""noise_reassigned"": 301, ""placement"": ""quantile"", ""slabs"": [{""k"": 1, ""n"": 76}, {""k"": 1, ""n"": 84}, {""k"": 1, ""n"": 85}, {""k"": 1, ""n"": 84}, {""k"": 1, ""n"": 76}]}, {""constant_lens"": false, ""gain"": 0.25, ""lens"": ""pc1"", ""lens_scaling"": ""standardize"", ""min_cluster_size"": 18, ""min_samples"": 5, ""n_class"": 338, ""n_edges"": 4, ""n_intervals"": 5, ""n_vertices"": 5, ""noise_reassigned"": 314, ""placement"": ""quantile"", ""slabs"": [{""k"": 1, ""n"": 76}, {""k"": 1, ""n"": 85}, {""k"": 1, ""n"": 84}, {""k"": 1, ""n"": 85}, {""k"": 1, ""n"": 76}]}, {""constant_lens"": false, ""gain"": 0.25, ""lens"": ""pc1"", ""lens_scaling"": ""standardize"", ""min_cluster_size"": 18, ""min_samples"": 5, ""n_class"": 337, ""n_edges"": 4, ""n_intervals"": 5, ""n_vertices"": 5, ""noise_reassigned"": 291, ""placement"": ""quantile"", ""slabs"": [{""k"": 1, ""n"": 76}, {""k"": 1, ""n"": 84}, {""k"": 1, ""n"": 85}, {""k"": 1, ""n"": 84}, {""k"": 1, ""n"": 76}]}, {""constant_lens"": false, ""gain"": 0.25, ""lens"": ""pc1"", ""lens_scaling"": ""standardize"", ""min_cluster_size"": 18, ""min_samples"": 5, ""n_class"": 338, ""n_edges"": 4, ""n_intervals"": 5, ""n_vertices"": 5, ""noise_reassigned"": 308, ""placement"": ""quantile"", ""slabs"": [{""k"": 1, ""n"": 76}, {""k"": 1, ""n"": 85}, {""k"": 1, ""n"": 84}, {""k"": 1, ""n"": 85}, {""k"": 1, ""n"": 76}]}, {""constant_lens"": false, ""gain"": 0.25, ""lens"": ""pc1"", ""lens_scaling"": ""standardize"", ""min_cluster_size"": 18, ""min_samples"": 5, ""n_class"": 338, ""n_edges"": 4, ""n_intervals"": 5, ""n_vertices"": 5, ""noise_reassigned"": 307, ""placement"": ""quantile"", ""slabs"": [{""k"": 1, ""n"": 76}, {""k"": 1, ""n"": 85}, {""k"": 1, ""n"": 84}, {""k"": 1, ""n"": 85}, {""k"": 1, ""n"": 76}]}, {""constant_lens"": false, ""gain"": 0.25, ""lens"": ""pc1"", ""lens_scaling"": ""standardize"", ""min_cluster_size"": 18, ""min_samples"": 5, ""n_class"": 337, ""n_edges"": 4, ""n_intervals"": 5, ""n_vertices"": 5, ""noise_reassigned"": 284, ""placement"": ""quantile"", ""slabs"": [{""k"": 1, ""n"": 76}, {""k"": 1, ""n"": 84}, {""k"": 1, ""n"": 85}, {""k"": 1, ""n"": 84}, {""k"": 1, ""n"": 76}]}, {""constant_lens"": false, ""gain"": 0.25, ""lens"": ""pc1"", ""lens_scaling"": ""standardize"", ""min_cluster_size"": 18, ""min_samples"": 5, ""n_class"": 337, ""n_edges"": 4, ""n_intervals"": 5, ""n_vertices"": 5, ""noise_reassigned"": 309, ""placement"": ""quantile"", ""slabs"": [{""k"": 1, ""n"": 76}, {""k"": 1, ""n"": 84}, {""k"": 1, ""n"": 85}, {""k"": 1, ""n"": 84}, {""k"": 1, ""n"": 76}]}, {""constant_lens"": false, ""gain"": 0.25, ""lens"": ""pc1"", ""lens_scaling"": ""standardize"", ""min_cluster_size"": 18, ""min_samples"": 5, ""n_class"": 338, ""n_edges"": 4, ""n_intervals"": 5, ""n_vertices"": 5, ""noise_reassigned"": 258, ""placement"": ""quantile"", ""slabs"": [{""k"": 1, ""n"": 76}, {""k"": 1, ""n"": 85}, {""k"": 1, ""n"": 84}, {""k"": 1, ""n"": 85}, {""k"": 1, ""n"": 76}]}, {""constant_lens"": false, ""gain"": 0.25, ""lens"": ""pc1"", ""lens_scaling"": ""standardize"", ""min_cluster_size"": 18, ""min_samples"": 5, ""n_class"": 338, ""n_edges"": 4, ""n_intervals"": 5, ""n_vertices"": 5, ""noise_reassigned"": 294, ""placement"": ""quantile"", ""slabs"": [{""k"": 1, ""n"": 76}, {""k"": 1, ""n"": 85}, {""k"": 1, ""n"": 84}, {""k"": 1, ""n"": 85}, {""k"": 1, ""n"": 76}]}, {""constant_lens"": false, ""gain"": 0.25, ""lens"": ""pc1"", ""lens_scaling"": ""standardize"", ""min_cluster_size"": 18, ""min_samples"": 5, ""n_class"": 337, ""n_edges"": 4, ""n_intervals"": 5, ""n_vertices"": 5, ""noise_reassigned"": 314, ""placement"": ""quantile"", ""slabs"": [{""k"": 1, ""n"": 76}, {""k"": 1, ""n"": 84}, {""k"": 1, ""n"": 85}, {""k"": 1, ""n"": 84}, {""k"": 1, ""n"": 76}]}], ""soundness_bound_holds"": true, ""step_rule"": ""scale_free"", ""topology_retention_nerve_to_frozen"": {""beta0_frozen"": 12, ""beta0_nerve"": 11, ""beta1_frozen"": 0, ""beta1_nerve"": 0}}",True
0.98,1238,False,0.2501010101010101,0.25,,15.084038000029977,260.9972120000166,245.9131739999866,texture,9,"{""epsilon"": 0.3, ""window"": 0.3}",LVQ3,10,1238,550,4950,0.7498989898989898,1042474178,False,,True
0.9854545454545455,1238,False,0.2501010101010101,0.25,"{""0"": 113, ""1"": 113, ""10"": 112, ""2"": 113, ""3"": 113, ""4"": 113, ""5"": 113, ""6"": 112, ""7"": 112, ""8"": 112, ""9"": 112}",4.8632919999654405,4.8632919999654405,0.0,texture,9,,KMeans,10,1238,550,4950,0.7498989898989898,1042474178,False,,True
0.9654545454545455,1238,False,0.2501010101010101,0.25,"{""0"": 113, ""1"": 113, ""10"": 112, ""2"": 113, ""3"": 113, ""4"": 113, ""5"": 113, ""6"": 112, ""7"": 112, ""8"": 112, ""9"": 112}",0.0025400000158697367,0.0025400000158697367,0.0,texture,9,,Random,10,1238,550,4950,0.7498989898989898,1042474178,False,,True
0.9763636363636363,1238,False,0.2501010101010101,0.25,,1.9705700000049546,1.9705700000049546,0.0,texture,9,,SPOT,10,1238,550,4950,0.7498989898989898,1042474178,False,,True
0.92,1238,False,0.2501010101010101,0.25,,133.8843239999842,133.8843239999842,0.0,texture,9,,GLVQ,10,1238,550,4950,0.7498989898989898,1042474178,False,,True
0.9836363636363636,1238,False,0.2501010101010101,0.25,,17.856799999950454,17.856799999950454,0.0,texture,9,,GNG,10,1238,550,4950,0.7498989898989898,1042474178,False,,True
