acc_1nn,budget,budget_floored,budget_fraction,budget_fraction_nominal,class_counts,cpu_select,cpu_total,cpu_tuning,dataset,fold,lvq3_params,method,n_outer_folds,n_proto,n_test,n_train,reduction,seed,shared_build,spine_params,swept
0.9824561403508771,3,False,0.005859375,0.005,,0.00010699999984353781,0.00010699999984353781,0.0,wdbc,0,,Full,10,512,57,512,0.0,312973536,False,,False
0.9298245614035088,3,False,0.005859375,0.005,,0.0645290000247769,0.0645290000247769,0.0,wdbc,0,,RSP3,10,99,57,512,0.806640625,312973536,False,,False
0.9473684210526315,3,False,0.005859375,0.005,,0.13360699999611825,0.13360699999611825,0.0,wdbc,0,,RHC,10,38,57,512,0.92578125,312973536,False,,False
0.8771929824561403,3,False,0.005859375,0.005,,1.5680529999663122,1.5680529999663122,0.0,wdbc,0,,SPINE+1NN,10,3,57,512,0.994140625,312973536,False,"{""admission"": {""criterion"": ""risk"", ""removed_risk"": 0, ""removed_support"": 0}, ""betti_final"": [[1, 0], [1, 0]], ""betti_frozen"": [[1, 0], [1, 0]], ""betti_nerve"": [[1, 0], [1, 0]], ""boundary_restriction"": ""both"", ""forced_removals"": 0, ""growth_representation_fallbacks"": 0, ""invariant_held"": true, ""n_segments"": 1, ""n_train_fit"": 384, ""n_val"": 128, ""phase0"": [{""constant_lens"": false, ""gain"": 0.25, ""lens"": ""pc1"", ""lens_scaling"": ""standardize"", ""min_cluster_size"": 15, ""min_samples"": 5, ""n_class"": 242, ""n_edges"": 4, ""n_intervals"": 5, ""n_vertices"": 5, ""noise_reassigned"": 214, ""placement"": ""quantile"", ""slabs"": [{""k"": 1, ""n"": 55}, {""k"": 1, ""n"": 60}, {""k"": 1, ""n"": 60}, {""k"": 1, ""n"": 60}, {""k"": 1, ""n"": 55}]}, {""constant_lens"": false, ""gain"": 0.25, ""lens"": ""pc1"", ""lens_scaling"": ""standardize"", ""min_cluster_size"": 15, ""min_samples"": 5, ""n_class"": 142, ""n_edges"": 4, ""n_intervals"": 5, ""n_vertices"": 5, ""noise_reassigned"": 94, ""placement"": ""quantile"", ""slabs"": [{""k"": 1, ""n"": 32}, {""k"": 1, ""n"": 35}, {""k"": 1, ""n"": 36}, {""k"": 1, ""n"": 35}, {""k"": 1, ""n"": 32}]}], ""soundness_bound_holds"": true, ""step_rule"": ""scale_free"", ""topology_retention_nerve_to_frozen"": {""beta0_frozen"": 2, ""beta0_nerve"": 2, ""beta1_frozen"": 0, ""beta1_nerve"": 0}}",True
0.8421052631578947,3,False,0.005859375,0.005,,1.5680529999663122,1.5680529999663122,0.0,wdbc,0,,SPINE+Graph,10,3,57,512,0.994140625,312973536,False,"{""admission"": {""criterion"": ""risk"", ""removed_risk"": 0, ""removed_support"": 0}, ""betti_final"": [[1, 0], [1, 0]], ""betti_frozen"": [[1, 0], [1, 0]], ""betti_nerve"": [[1, 0], [1, 0]], ""boundary_restriction"": ""both"", ""forced_removals"": 0, ""growth_representation_fallbacks"": 0, ""invariant_held"": true, ""n_segments"": 1, ""n_train_fit"": 384, ""n_val"": 128, ""phase0"": [{""constant_lens"": false, ""gain"": 0.25, ""lens"": ""pc1"", ""lens_scaling"": ""standardize"", ""min_cluster_size"": 15, ""min_samples"": 5, ""n_class"": 242, ""n_edges"": 4, ""n_intervals"": 5, ""n_vertices"": 5, ""noise_reassigned"": 214, ""placement"": ""quantile"", ""slabs"": [{""k"": 1, ""n"": 55}, {""k"": 1, ""n"": 60}, {""k"": 1, ""n"": 60}, {""k"": 1, ""n"": 60}, {""k"": 1, ""n"": 55}]}, {""constant_lens"": false, ""gain"": 0.25, ""lens"": ""pc1"", ""lens_scaling"": ""standardize"", ""min_cluster_size"": 15, ""min_samples"": 5, ""n_class"": 142, ""n_edges"": 4, ""n_intervals"": 5, ""n_vertices"": 5, ""noise_reassigned"": 94, ""placement"": ""quantile"", ""slabs"": [{""k"": 1, ""n"": 32}, {""k"": 1, ""n"": 35}, {""k"": 1, ""n"": 36}, {""k"": 1, ""n"": 35}, {""k"": 1, ""n"": 32}]}], ""soundness_bound_holds"": true, ""step_rule"": ""scale_free"", ""topology_retention_nerve_to_frozen"": {""beta0_frozen"": 2, ""beta0_nerve"": 2, ""beta1_frozen"": 0, ""beta1_nerve"": 0}}",True
0.9298245614035088,3,False,0.005859375,0.005,,0.6639430000213906,11.949903000029735,11.285960000008345,wdbc,0,"{""epsilon"": 0.1, ""window"": 0.2}",LVQ3,10,3,57,512,0.994140625,312973536,False,,True
0.9473684210526315,3,False,0.005859375,0.005,"{""0"": 2, ""1"": 1}",0.08660100004635751,0.08660100004635751,0.0,wdbc,0,,KMeans,10,3,57,512,0.994140625,312973536,False,,True
0.8245614035087719,3,False,0.005859375,0.005,"{""0"": 2, ""1"": 1}",0.0004539999645203352,0.0004539999645203352,0.0,wdbc,0,,Random,10,3,57,512,0.994140625,312973536,False,,True
0.8947368421052632,3,False,0.005859375,0.005,,0.021799999987706542,0.021799999987706542,0.0,wdbc,0,,SPOT,10,3,57,512,0.994140625,312973536,False,,True
0.9824561403508771,3,False,0.005859375,0.005,,1.5448239999823272,1.5448239999823272,0.0,wdbc,0,,GLVQ,10,3,57,512,0.994140625,312973536,False,,True
0.9649122807017544,3,False,0.005859375,0.005,,0.041766999987885356,0.041766999987885356,0.0,wdbc,0,,GNG,10,3,57,512,0.994140625,312973536,False,,True
0.9824561403508771,5,False,0.009765625,0.01,,0.00010699999984353781,0.00010699999984353781,0.0,wdbc,0,,Full,10,512,57,512,0.0,312973536,True,,False
0.9298245614035088,5,False,0.009765625,0.01,,0.0645290000247769,0.0645290000247769,0.0,wdbc,0,,RSP3,10,99,57,512,0.806640625,312973536,True,,False
0.9473684210526315,5,False,0.009765625,0.01,,0.13360699999611825,0.13360699999611825,0.0,wdbc,0,,RHC,10,38,57,512,0.92578125,312973536,True,,False
0.9122807017543859,5,False,0.009765625,0.01,,1.5765550000360236,1.5765550000360236,0.0,wdbc,0,,SPINE+1NN,10,5,57,512,0.990234375,312973536,False,"{""admission"": {""criterion"": ""risk"", ""removed_risk"": 0, ""removed_support"": 0}, ""betti_final"": [[1, 0], [1, 0]], ""betti_frozen"": [[1, 0], [1, 0]], ""betti_nerve"": [[1, 0], [1, 0]], ""boundary_restriction"": ""both"", ""forced_removals"": 0, ""growth_representation_fallbacks"": 0, ""invariant_held"": true, ""n_segments"": 3, ""n_train_fit"": 384, ""n_val"": 128, ""phase0"": [{""constant_lens"": false, ""gain"": 0.25, ""lens"": ""pc1"", ""lens_scaling"": ""standardize"", ""min_cluster_size"": 15, ""min_samples"": 5, ""n_class"": 242, ""n_edges"": 4, ""n_intervals"": 5, ""n_vertices"": 5, ""noise_reassigned"": 214, ""placement"": ""quantile"", ""slabs"": [{""k"": 1, ""n"": 55}, {""k"": 1, ""n"": 60}, {""k"": 1, ""n"": 60}, {""k"": 1, ""n"": 60}, {""k"": 1, ""n"": 55}]}, {""constant_lens"": false, ""gain"": 0.25, ""lens"": ""pc1"", ""lens_scaling"": ""standardize"", ""min_cluster_size"": 15, ""min_samples"": 5, ""n_class"": 142, ""n_edges"": 4, ""n_intervals"": 5, ""n_vertices"": 5, ""noise_reassigned"": 94, ""placement"": ""quantile"", ""slabs"": [{""k"": 1, ""n"": 32}, {""k"": 1, ""n"": 35}, {""k"": 1, ""n"": 36}, {""k"": 1, ""n"": 35}, {""k"": 1, ""n"": 32}]}], ""soundness_bound_holds"": true, ""step_rule"": ""scale_free"", ""topology_retention_nerve_to_frozen"": {""beta0_frozen"": 2, ""beta0_nerve"": 2, ""beta1_frozen"": 0, ""beta1_nerve"": 0}}",True
0.9122807017543859,5,False,0.009765625,0.01,,1.5765550000360236,1.5765550000360236,0.0,wdbc,0,,SPINE+Graph,10,5,57,512,0.990234375,312973536,False,"{""admission"": {""criterion"": ""risk"", ""removed_risk"": 0, ""removed_support"": 0}, ""betti_final"": [[1, 0], [1, 0]], ""betti_frozen"": [[1, 0], [1, 0]], ""betti_nerve"": [[1, 0], [1, 0]], ""boundary_restriction"": ""both"", ""forced_removals"": 0, ""growth_representation_fallbacks"": 0, ""invariant_held"": true, ""n_segments"": 3, ""n_train_fit"": 384, ""n_val"": 128, ""phase0"": [{""constant_lens"": false, ""gain"": 0.25, ""lens"": ""pc1"", ""lens_scaling"": ""standardize"", ""min_cluster_size"": 15, ""min_samples"": 5, ""n_class"": 242, ""n_edges"": 4, ""n_intervals"": 5, ""n_vertices"": 5, ""noise_reassigned"": 214, ""placement"": ""quantile"", ""slabs"": [{""k"": 1, ""n"": 55}, {""k"": 1, ""n"": 60}, {""k"": 1, ""n"": 60}, {""k"": 1, ""n"": 60}, {""k"": 1, ""n"": 55}]}, {""constant_lens"": false, ""gain"": 0.25, ""lens"": ""pc1"", ""lens_scaling"": ""standardize"", ""min_cluster_size"": 15, ""min_samples"": 5, ""n_class"": 142, ""n_edges"": 4, ""n_intervals"": 5, ""n_vertices"": 5, ""noise_reassigned"": 94, ""placement"": ""quantile"", ""slabs"": [{""k"": 1, ""n"": 32}, {""k"": 1, ""n"": 35}, {""k"": 1, ""n"": 36}, {""k"": 1, ""n"": 35}, {""k"": 1, ""n"": 32}]}], ""soundness_bound_holds"": true, ""step_rule"": ""scale_free"", ""topology_retention_nerve_to_frozen"": {""beta0_frozen"": 2, ""beta0_nerve"": 2, ""beta1_frozen"": 0, ""beta1_nerve"": 0}}",True
0.9298245614035088,5,False,0.009765625,0.01,,0.7331430000485852,12.661917000077665,11.92877400002908,wdbc,0,"{""epsilon"": 0.1, ""window"": 0.3}",LVQ3,10,5,57,512,0.990234375,312973536,False,,True
0.9649122807017544,5,False,0.009765625,0.01,"{""0"": 3, ""1"": 2}",0.10394599998835474,0.10394599998835474,0.0,wdbc,0,,KMeans,10,5,57,512,0.990234375,312973536,False,,True
0.8245614035087719,5,False,0.009765625,0.01,"{""0"": 3, ""1"": 2}",0.00044000003254041076,0.00044000003254041076,0.0,wdbc,0,,Random,10,5,57,512,0.990234375,312973536,False,,True
0.9649122807017544,5,False,0.009765625,0.01,,0.058114999963436276,0.058114999963436276,0.0,wdbc,0,,SPOT,10,5,57,512,0.990234375,312973536,False,,True
0.9824561403508771,5,False,0.009765625,0.01,,1.5756980000296608,1.5756980000296608,0.0,wdbc,0,,GLVQ,10,5,57,512,0.990234375,312973536,False,,True
0.9824561403508771,5,False,0.009765625,0.01,,0.0708600000361912,0.0708600000361912,0.0,wdbc,0,,GNG,10,5,57,512,0.990234375,312973536,False,,True
0.9824561403508771,10,False,0.01953125,0.02,,0.00010699999984353781,0.00010699999984353781,0.0,wdbc,0,,Full,10,512,57,512,0.0,312973536,True,,False
0.9298245614035088,10,False,0.01953125,0.02,,0.0645290000247769,0.0645290000247769,0.0,wdbc,0,,RSP3,10,99,57,512,0.806640625,312973536,True,,False
0.9473684210526315,10,False,0.01953125,0.02,,0.13360699999611825,0.13360699999611825,0.0,wdbc,0,,RHC,10,38,57,512,0.92578125,312973536,True,,False
0.9122807017543859,10,False,0.01953125,0.02,,1.6103640000219457,1.6103640000219457,0.0,wdbc,0,,SPINE+1NN,10,10,57,512,0.98046875,312973536,False,"{""admission"": {""criterion"": ""risk"", ""removed_risk"": 0, ""removed_support"": 0}, ""betti_final"": [[1, 0], [1, 0]], ""betti_frozen"": [[1, 0], [1, 0]], ""betti_nerve"": [[1, 0], [1, 0]], ""boundary_restriction"": ""both"", ""forced_removals"": 0, ""growth_representation_fallbacks"": 3, ""invariant_held"": true, ""n_segments"": 8, ""n_train_fit"": 384, ""n_val"": 128, ""phase0"": [{""constant_lens"": false, ""gain"": 0.25, ""lens"": ""pc1"", ""lens_scaling"": ""standardize"", ""min_cluster_size"": 15, ""min_samples"": 5, ""n_class"": 242, ""n_edges"": 4, ""n_intervals"": 5, ""n_vertices"": 5, ""noise_reassigned"": 214, ""placement"": ""quantile"", ""slabs"": [{""k"": 1, ""n"": 55}, {""k"": 1, ""n"": 60}, {""k"": 1, ""n"": 60}, {""k"": 1, ""n"": 60}, {""k"": 1, ""n"": 55}]}, {""constant_lens"": false, ""gain"": 0.25, ""lens"": ""pc1"", ""lens_scaling"": ""standardize"", ""min_cluster_size"": 15, ""min_samples"": 5, ""n_class"": 142, ""n_edges"": 4, ""n_intervals"": 5, ""n_vertices"": 5, ""noise_reassigned"": 94, ""placement"": ""quantile"", ""slabs"": [{""k"": 1, ""n"": 32}, {""k"": 1, ""n"": 35}, {""k"": 1, ""n"": 36}, {""k"": 1, ""n"": 35}, {""k"": 1, ""n"": 32}]}], ""soundness_bound_holds"": true, ""step_rule"": ""scale_free"", ""topology_retention_nerve_to_frozen"": {""beta0_frozen"": 2, ""beta0_nerve"": 2, ""beta1_frozen"": 0, ""beta1_nerve"": 0}}",True
0.9122807017543859,10,False,0.01953125,0.02,,1.6103640000219457,1.6103640000219457,0.0,wdbc,0,,SPINE+Graph,10,10,57,512,0.98046875,312973536,False,"{""admission"": {""criterion"": ""risk"", ""removed_risk"": 0, ""removed_support"": 0}, ""betti_final"": [[1, 0], [1, 0]], ""betti_frozen"": [[1, 0], [1, 0]], ""betti_nerve"": [[1, 0], [1, 0]], ""boundary_restriction"": ""both"", ""forced_removals"": 0, ""growth_representation_fallbacks"": 3, ""invariant_held"": true, ""n_segments"": 8, ""n_train_fit"": 384, ""n_val"": 128, ""phase0"": [{""constant_lens"": false, ""gain"": 0.25, ""lens"": ""pc1"", ""lens_scaling"": ""standardize"", ""min_cluster_size"": 15, ""min_samples"": 5, ""n_class"": 242, ""n_edges"": 4, ""n_intervals"": 5, ""n_vertices"": 5, ""noise_reassigned"": 214, ""placement"": ""quantile"", ""slabs"": [{""k"": 1, ""n"": 55}, {""k"": 1, ""n"": 60}, {""k"": 1, ""n"": 60}, {""k"": 1, ""n"": 60}, {""k"": 1, ""n"": 55}]}, {""constant_lens"": false, ""gain"": 0.25, ""lens"": ""pc1"", ""lens_scaling"": ""standardize"", ""min_cluster_size"": 15, ""min_samples"": 5, ""n_class"": 142, ""n_edges"": 4, ""n_intervals"": 5, ""n_vertices"": 5, ""noise_reassigned"": 94, ""placement"": ""quantile"", ""slabs"": [{""k"": 1, ""n"": 32}, {""k"": 1, ""n"": 35}, {""k"": 1, ""n"": 36}, {""k"": 1, ""n"": 35}, {""k"": 1, ""n"": 32}]}], ""soundness_bound_holds"": true, ""step_rule"": ""scale_free"", ""topology_retention_nerve_to_frozen"": {""beta0_frozen"": 2, ""beta0_nerve"": 2, ""beta1_frozen"": 0, ""beta1_nerve"": 0}}",True
0.9473684210526315,10,False,0.01953125,0.02,,0.6355270000058226,12.456551000010222,11.8210240000044,wdbc,0,"{""epsilon"": 0.1, ""window"": 0.2}",LVQ3,10,10,57,512,0.98046875,312973536,False,,True
0.9824561403508771,10,False,0.01953125,0.02,"{""0"": 6, ""1"": 4}",0.09276900003897026,0.09276900003897026,0.0,wdbc,0,,KMeans,10,10,57,512,0.98046875,312973536,False,,True
0.8771929824561403,10,False,0.01953125,0.02,"{""0"": 6, ""1"": 4}",0.0005779999773949385,0.0005779999773949385,0.0,wdbc,0,,Random,10,10,57,512,0.98046875,312973536,False,,True
1.0,10,False,0.01953125,0.02,,0.08397300000069663,0.08397300000069663,0.0,wdbc,0,,SPOT,10,10,57,512,0.98046875,312973536,False,,True
1.0,10,False,0.01953125,0.02,,1.283476000011433,1.283476000011433,0.0,wdbc,0,,GLVQ,10,10,57,512,0.98046875,312973536,False,,True
0.9473684210526315,10,False,0.01953125,0.02,,0.20492500002728775,0.20492500002728775,0.0,wdbc,0,,GNG,10,10,57,512,0.98046875,312973536,False,,True
0.9824561403508771,26,False,0.05078125,0.05,,0.00010699999984353781,0.00010699999984353781,0.0,wdbc,0,,Full,10,512,57,512,0.0,312973536,True,,False
0.9298245614035088,26,False,0.05078125,0.05,,0.0645290000247769,0.0645290000247769,0.0,wdbc,0,,RSP3,10,99,57,512,0.806640625,312973536,True,,False
0.9473684210526315,26,False,0.05078125,0.05,,0.13360699999611825,0.13360699999611825,0.0,wdbc,0,,RHC,10,38,57,512,0.92578125,312973536,True,,False
0.9824561403508771,26,False,0.05078125,0.05,,1.3894629999995232,1.3894629999995232,0.0,wdbc,0,,SPINE+1NN,10,26,57,512,0.94921875,312973536,False,"{""admission"": {""criterion"": ""risk"", ""removed_risk"": 0, ""removed_support"": 0}, ""betti_final"": [[1, 0], [1, 0]], ""betti_frozen"": [[1, 0], [1, 0]], ""betti_nerve"": [[1, 0], [1, 0]], ""boundary_restriction"": ""both"", ""forced_removals"": 0, ""growth_representation_fallbacks"": 14, ""invariant_held"": true, ""n_segments"": 24, ""n_train_fit"": 384, ""n_val"": 128, ""phase0"": [{""constant_lens"": false, ""gain"": 0.25, ""lens"": ""pc1"", ""lens_scaling"": ""standardize"", ""min_cluster_size"": 15, ""min_samples"": 5, ""n_class"": 242, ""n_edges"": 4, ""n_intervals"": 5, ""n_vertices"": 5, ""noise_reassigned"": 214, ""placement"": ""quantile"", ""slabs"": [{""k"": 1, ""n"": 55}, {""k"": 1, ""n"": 60}, {""k"": 1, ""n"": 60}, {""k"": 1, ""n"": 60}, {""k"": 1, ""n"": 55}]}, {""constant_lens"": false, ""gain"": 0.25, ""lens"": ""pc1"", ""lens_scaling"": ""standardize"", ""min_cluster_size"": 15, ""min_samples"": 5, ""n_class"": 142, ""n_edges"": 4, ""n_intervals"": 5, ""n_vertices"": 5, ""noise_reassigned"": 94, ""placement"": ""quantile"", ""slabs"": [{""k"": 1, ""n"": 32}, {""k"": 1, ""n"": 35}, {""k"": 1, ""n"": 36}, {""k"": 1, ""n"": 35}, {""k"": 1, ""n"": 32}]}], ""soundness_bound_holds"": true, ""step_rule"": ""scale_free"", ""topology_retention_nerve_to_frozen"": {""beta0_frozen"": 2, ""beta0_nerve"": 2, ""beta1_frozen"": 0, ""beta1_nerve"": 0}}",True
0.9824561403508771,26,False,0.05078125,0.05,,1.3894629999995232,1.3894629999995232,0.0,wdbc,0,,SPINE+Graph,10,26,57,512,0.94921875,312973536,False,"{""admission"": {""criterion"": ""risk"", ""removed_risk"": 0, ""removed_support"": 0}, ""betti_final"": [[1, 0], [1, 0]], ""betti_frozen"": [[1, 0], [1, 0]], ""betti_nerve"": [[1, 0], [1, 0]], ""boundary_restriction"": ""both"", ""forced_removals"": 0, ""growth_representation_fallbacks"": 14, ""invariant_held"": true, ""n_segments"": 24, ""n_train_fit"": 384, ""n_val"": 128, ""phase0"": [{""constant_lens"": false, ""gain"": 0.25, ""lens"": ""pc1"", ""lens_scaling"": ""standardize"", ""min_cluster_size"": 15, ""min_samples"": 5, ""n_class"": 242, ""n_edges"": 4, ""n_intervals"": 5, ""n_vertices"": 5, ""noise_reassigned"": 214, ""placement"": ""quantile"", ""slabs"": [{""k"": 1, ""n"": 55}, {""k"": 1, ""n"": 60}, {""k"": 1, ""n"": 60}, {""k"": 1, ""n"": 60}, {""k"": 1, ""n"": 55}]}, {""constant_lens"": false, ""gain"": 0.25, ""lens"": ""pc1"", ""lens_scaling"": ""standardize"", ""min_cluster_size"": 15, ""min_samples"": 5, ""n_class"": 142, ""n_edges"": 4, ""n_intervals"": 5, ""n_vertices"": 5, ""noise_reassigned"": 94, ""placement"": ""quantile"", ""slabs"": [{""k"": 1, ""n"": 32}, {""k"": 1, ""n"": 35}, {""k"": 1, ""n"": 36}, {""k"": 1, ""n"": 35}, {""k"": 1, ""n"": 32}]}], ""soundness_bound_holds"": true, ""step_rule"": ""scale_free"", ""topology_retention_nerve_to_frozen"": {""beta0_frozen"": 2, ""beta0_nerve"": 2, ""beta1_frozen"": 0, ""beta1_nerve"": 0}}",True
0.9649122807017544,26,False,0.05078125,0.05,,0.6582129999878816,11.459713999938685,10.801500999950804,wdbc,0,"{""epsilon"": 0.1, ""window"": 0.2}",LVQ3,10,26,57,512,0.94921875,312973536,False,,True
0.9298245614035088,26,False,0.05078125,0.05,"{""0"": 16, ""1"": 10}",0.1456519999774173,0.1456519999774173,0.0,wdbc,0,,KMeans,10,26,57,512,0.94921875,312973536,False,,True
0.9824561403508771,26,False,0.05078125,0.05,"{""0"": 16, ""1"": 10}",0.00038300000596791506,0.00038300000596791506,0.0,wdbc,0,,Random,10,26,57,512,0.94921875,312973536,False,,True
0.9649122807017544,26,False,0.05078125,0.05,,0.08691300003556535,0.08691300003556535,0.0,wdbc,0,,SPOT,10,26,57,512,0.94921875,312973536,False,,True
1.0,26,False,0.05078125,0.05,,1.5186899999971502,1.5186899999971502,0.0,wdbc,0,,GLVQ,10,26,57,512,0.94921875,312973536,False,,True
0.9473684210526315,26,False,0.05078125,0.05,,0.6501040000002831,0.6501040000002831,0.0,wdbc,0,,GNG,10,26,57,512,0.94921875,312973536,False,,True
0.9824561403508771,51,False,0.099609375,0.1,,0.00010699999984353781,0.00010699999984353781,0.0,wdbc,0,,Full,10,512,57,512,0.0,312973536,True,,False
0.9298245614035088,51,False,0.099609375,0.1,,0.0645290000247769,0.0645290000247769,0.0,wdbc,0,,RSP3,10,99,57,512,0.806640625,312973536,True,,False
0.9473684210526315,51,False,0.099609375,0.1,,0.13360699999611825,0.13360699999611825,0.0,wdbc,0,,RHC,10,38,57,512,0.92578125,312973536,True,,False
1.0,51,False,0.099609375,0.1,,1.3267009999835864,1.3267009999835864,0.0,wdbc,0,,SPINE+1NN,10,51,57,512,0.900390625,312973536,False,"{""admission"": {""criterion"": ""risk"", ""removed_risk"": 0, ""removed_support"": 0}, ""betti_final"": [[1, 0], [1, 0]], ""betti_frozen"": [[1, 0], [1, 0]], ""betti_nerve"": [[1, 0], [1, 0]], ""boundary_restriction"": ""both"", ""forced_removals"": 0, ""growth_representation_fallbacks"": 32, ""invariant_held"": true, ""n_segments"": 49, ""n_train_fit"": 384, ""n_val"": 128, ""phase0"": [{""constant_lens"": false, ""gain"": 0.25, ""lens"": ""pc1"", ""lens_scaling"": ""standardize"", ""min_cluster_size"": 15, ""min_samples"": 5, ""n_class"": 242, ""n_edges"": 4, ""n_intervals"": 5, ""n_vertices"": 5, ""noise_reassigned"": 214, ""placement"": ""quantile"", ""slabs"": [{""k"": 1, ""n"": 55}, {""k"": 1, ""n"": 60}, {""k"": 1, ""n"": 60}, {""k"": 1, ""n"": 60}, {""k"": 1, ""n"": 55}]}, {""constant_lens"": false, ""gain"": 0.25, ""lens"": ""pc1"", ""lens_scaling"": ""standardize"", ""min_cluster_size"": 15, ""min_samples"": 5, ""n_class"": 142, ""n_edges"": 4, ""n_intervals"": 5, ""n_vertices"": 5, ""noise_reassigned"": 94, ""placement"": ""quantile"", ""slabs"": [{""k"": 1, ""n"": 32}, {""k"": 1, ""n"": 35}, {""k"": 1, ""n"": 36}, {""k"": 1, ""n"": 35}, {""k"": 1, ""n"": 32}]}], ""soundness_bound_holds"": true, ""step_rule"": ""scale_free"", ""topology_retention_nerve_to_frozen"": {""beta0_frozen"": 2, ""beta0_nerve"": 2, ""beta1_frozen"": 0, ""beta1_nerve"": 0}}",True
1.0,51,False,0.099609375,0.1,,1.3267009999835864,1.3267009999835864,0.0,wdbc,0,,SPINE+Graph,10,51,57,512,0.900390625,312973536,False,"{""admission"": {""criterion"": ""risk"", ""removed_risk"": 0, ""removed_support"": 0}, ""betti_final"": [[1, 0], [1, 0]], ""betti_frozen"": [[1, 0], [1, 0]], ""betti_nerve"": [[1, 0], [1, 0]], ""boundary_restriction"": ""both"", ""forced_removals"": 0, ""growth_representation_fallbacks"": 32, ""invariant_held"": true, ""n_segments"": 49, ""n_train_fit"": 384, ""n_val"": 128, ""phase0"": [{""constant_lens"": false, ""gain"": 0.25, ""lens"": ""pc1"", ""lens_scaling"": ""standardize"", ""min_cluster_size"": 15, ""min_samples"": 5, ""n_class"": 242, ""n_edges"": 4, ""n_intervals"": 5, ""n_vertices"": 5, ""noise_reassigned"": 214, ""placement"": ""quantile"", ""slabs"": [{""k"": 1, ""n"": 55}, {""k"": 1, ""n"": 60}, {""k"": 1, ""n"": 60}, {""k"": 1, ""n"": 60}, {""k"": 1, ""n"": 55}]}, {""constant_lens"": false, ""gain"": 0.25, ""lens"": ""pc1"", ""lens_scaling"": ""standardize"", ""min_cluster_size"": 15, ""min_samples"": 5, ""n_class"": 142, ""n_edges"": 4, ""n_intervals"": 5, ""n_vertices"": 5, ""noise_reassigned"": 94, ""placement"": ""quantile"", ""slabs"": [{""k"": 1, ""n"": 32}, {""k"": 1, ""n"": 35}, {""k"": 1, ""n"": 36}, {""k"": 1, ""n"": 35}, {""k"": 1, ""n"": 32}]}], ""soundness_bound_holds"": true, ""step_rule"": ""scale_free"", ""topology_retention_nerve_to_frozen"": {""beta0_frozen"": 2, ""beta0_nerve"": 2, ""beta1_frozen"": 0, ""beta1_nerve"": 0}}",True
0.9649122807017544,51,False,0.099609375,0.1,,0.8028399999602698,15.444984999950975,14.642144999990705,wdbc,0,"{""epsilon"": 0.1, ""window"": 0.3}",LVQ3,10,51,57,512,0.900390625,312973536,False,,True
0.9649122807017544,51,False,0.099609375,0.1,"{""0"": 32, ""1"": 19}",0.21479399997042492,0.21479399997042492,0.0,wdbc,0,,KMeans,10,51,57,512,0.900390625,312973536,False,,True
0.9122807017543859,51,False,0.099609375,0.1,"{""0"": 32, ""1"": 19}",0.000526999996509403,0.000526999996509403,0.0,wdbc,0,,Random,10,51,57,512,0.900390625,312973536,False,,True
0.9824561403508771,51,False,0.099609375,0.1,,0.15865600004326552,0.15865600004326552,0.0,wdbc,0,,SPOT,10,51,57,512,0.900390625,312973536,False,,True
0.9824561403508771,51,False,0.099609375,0.1,,2.075490000017453,2.075490000017453,0.0,wdbc,0,,GLVQ,10,51,57,512,0.900390625,312973536,False,,True
0.9649122807017544,51,False,0.099609375,0.1,,1.6287439999869093,1.6287439999869093,0.0,wdbc,0,,GNG,10,51,57,512,0.900390625,312973536,False,,True
0.9824561403508771,128,False,0.25,0.25,,0.00010699999984353781,0.00010699999984353781,0.0,wdbc,0,,Full,10,512,57,512,0.0,312973536,True,,False
0.9298245614035088,128,False,0.25,0.25,,0.0645290000247769,0.0645290000247769,0.0,wdbc,0,,RSP3,10,99,57,512,0.806640625,312973536,True,,False
0.9473684210526315,128,False,0.25,0.25,,0.13360699999611825,0.13360699999611825,0.0,wdbc,0,,RHC,10,38,57,512,0.92578125,312973536,True,,False
1.0,128,False,0.25,0.25,,1.84960100002354,1.84960100002354,0.0,wdbc,0,,SPINE+1NN,10,128,57,512,0.75,312973536,False,"{""admission"": {""criterion"": ""risk"", ""removed_risk"": 0, ""removed_support"": 0}, ""betti_final"": [[1, 0], [1, 0]], ""betti_frozen"": [[1, 0], [1, 0]], ""betti_nerve"": [[1, 0], [1, 0]], ""boundary_restriction"": ""both"", ""forced_removals"": 0, ""growth_representation_fallbacks"": 126, ""invariant_held"": true, ""n_segments"": 126, ""n_train_fit"": 384, ""n_val"": 128, ""phase0"": [{""constant_lens"": false, ""gain"": 0.25, ""lens"": ""pc1"", ""lens_scaling"": ""standardize"", ""min_cluster_size"": 15, ""min_samples"": 5, ""n_class"": 242, ""n_edges"": 4, ""n_intervals"": 5, ""n_vertices"": 5, ""noise_reassigned"": 214, ""placement"": ""quantile"", ""slabs"": [{""k"": 1, ""n"": 55}, {""k"": 1, ""n"": 60}, {""k"": 1, ""n"": 60}, {""k"": 1, ""n"": 60}, {""k"": 1, ""n"": 55}]}, {""constant_lens"": false, ""gain"": 0.25, ""lens"": ""pc1"", ""lens_scaling"": ""standardize"", ""min_cluster_size"": 15, ""min_samples"": 5, ""n_class"": 142, ""n_edges"": 4, ""n_intervals"": 5, ""n_vertices"": 5, ""noise_reassigned"": 94, ""placement"": ""quantile"", ""slabs"": [{""k"": 1, ""n"": 32}, {""k"": 1, ""n"": 35}, {""k"": 1, ""n"": 36}, {""k"": 1, ""n"": 35}, {""k"": 1, ""n"": 32}]}], ""soundness_bound_holds"": true, ""step_rule"": ""scale_free"", ""topology_retention_nerve_to_frozen"": {""beta0_frozen"": 2, ""beta0_nerve"": 2, ""beta1_frozen"": 0, ""beta1_nerve"": 0}}",True
1.0,128,False,0.25,0.25,,1.84960100002354,1.84960100002354,0.0,wdbc,0,,SPINE+Graph,10,128,57,512,0.75,312973536,False,"{""admission"": {""criterion"": ""risk"", ""removed_risk"": 0, ""removed_support"": 0}, ""betti_final"": [[1, 0], [1, 0]], ""betti_frozen"": [[1, 0], [1, 0]], ""betti_nerve"": [[1, 0], [1, 0]], ""boundary_restriction"": ""both"", ""forced_removals"": 0, ""growth_representation_fallbacks"": 126, ""invariant_held"": true, ""n_segments"": 126, ""n_train_fit"": 384, ""n_val"": 128, ""phase0"": [{""constant_lens"": false, ""gain"": 0.25, ""lens"": ""pc1"", ""lens_scaling"": ""standardize"", ""min_cluster_size"": 15, ""min_samples"": 5, ""n_class"": 242, ""n_edges"": 4, ""n_intervals"": 5, ""n_vertices"": 5, ""noise_reassigned"": 214, ""placement"": ""quantile"", ""slabs"": [{""k"": 1, ""n"": 55}, {""k"": 1, ""n"": 60}, {""k"": 1, ""n"": 60}, {""k"": 1, ""n"": 60}, {""k"": 1, ""n"": 55}]}, {""constant_lens"": false, ""gain"": 0.25, ""lens"": ""pc1"", ""lens_scaling"": ""standardize"", ""min_cluster_size"": 15, ""min_samples"": 5, ""n_class"": 142, ""n_edges"": 4, ""n_intervals"": 5, ""n_vertices"": 5, ""noise_reassigned"": 94, ""placement"": ""quantile"", ""slabs"": [{""k"": 1, ""n"": 32}, {""k"": 1, ""n"": 35}, {""k"": 1, ""n"": 36}, {""k"": 1, ""n"": 35}, {""k"": 1, ""n"": 32}]}], ""soundness_bound_holds"": true, ""step_rule"": ""scale_free"", ""topology_retention_nerve_to_frozen"": {""beta0_frozen"": 2, ""beta0_nerve"": 2, ""beta1_frozen"": 0, ""beta1_nerve"": 0}}",True
0.9824561403508771,128,False,0.25,0.25,,1.5364069999777712,27.21653699997114,25.68012999999337,wdbc,0,"{""epsilon"": 0.1, ""window"": 0.3}",LVQ3,10,128,57,512,0.75,312973536,False,,True
1.0,128,False,0.25,0.25,"{""0"": 81, ""1"": 47}",0.4604260000050999,0.4604260000050999,0.0,wdbc,0,,KMeans,10,128,57,512,0.75,312973536,False,,True
0.9649122807017544,128,False,0.25,0.25,"{""0"": 81, ""1"": 47}",0.000610999995842576,0.000610999995842576,0.0,wdbc,0,,Random,10,128,57,512,0.75,312973536,False,,True
0.9824561403508771,128,False,0.25,0.25,,0.2047570000286214,0.2047570000286214,0.0,wdbc,0,,SPOT,10,128,57,512,0.75,312973536,False,,True
0.9824561403508771,128,False,0.25,0.25,,2.910017999995034,2.910017999995034,0.0,wdbc,0,,GLVQ,10,128,57,512,0.75,312973536,False,,True
1.0,128,False,0.25,0.25,,2.576471999986097,2.576471999986097,0.0,wdbc,0,,GNG,10,128,57,512,0.75,312973536,False,,True
0.9824561403508771,3,False,0.005859375,0.005,,0.0001010000123642385,0.0001010000123642385,0.0,wdbc,1,,Full,10,512,57,512,0.0,313973539,False,,False
0.9824561403508771,3,False,0.005859375,0.005,,0.0937489999923855,0.0937489999923855,0.0,wdbc,1,,RSP3,10,108,57,512,0.7890625,313973539,False,,False
0.9298245614035088,3,False,0.005859375,0.005,,0.16562300000805408,0.16562300000805408,0.0,wdbc,1,,RHC,10,39,57,512,0.923828125,313973539,False,,False
0.8947368421052632,3,False,0.005859375,0.005,,1.574456000002101,1.574456000002101,0.0,wdbc,1,,SPINE+1NN,10,3,57,512,0.994140625,313973539,False,"{""admission"": {""criterion"": ""risk"", ""removed_risk"": 0, ""removed_support"": 0}, ""betti_final"": [[1, 0], [1, 0]], ""betti_frozen"": [[1, 0], [1, 0]], ""betti_nerve"": [[1, 0], [1, 0]], ""boundary_restriction"": ""both"", ""forced_removals"": 0, ""growth_representation_fallbacks"": 0, ""invariant_held"": true, ""n_segments"": 1, ""n_train_fit"": 384, ""n_val"": 128, ""phase0"": [{""constant_lens"": false, ""gain"": 0.25, ""lens"": ""pc1"", ""lens_scaling"": ""standardize"", ""min_cluster_size"": 15, ""min_samples"": 5, ""n_class"": 242, ""n_edges"": 4, ""n_intervals"": 5, ""n_vertices"": 5, ""noise_reassigned"": 215, ""placement"": ""quantile"", ""slabs"": [{""k"": 1, ""n"": 55}, {""k"": 1, ""n"": 60}, {""k"": 1, ""n"": 60}, {""k"": 1, ""n"": 60}, {""k"": 1, ""n"": 55}]}, {""constant_lens"": false, ""gain"": 0.25, ""lens"": ""pc1"", ""lens_scaling"": ""standardize"", ""min_cluster_size"": 15, ""min_samples"": 5, ""n_class"": 142, ""n_edges"": 4, ""n_intervals"": 5, ""n_vertices"": 5, ""noise_reassigned"": 94, ""placement"": ""quantile"", ""slabs"": [{""k"": 1, ""n"": 32}, {""k"": 1, ""n"": 35}, {""k"": 1, ""n"": 36}, {""k"": 1, ""n"": 35}, {""k"": 1, ""n"": 32}]}], ""soundness_bound_holds"": true, ""step_rule"": ""scale_free"", ""topology_retention_nerve_to_frozen"": {""beta0_frozen"": 2, ""beta0_nerve"": 2, ""beta1_frozen"": 0, ""beta1_nerve"": 0}}",True
0.8947368421052632,3,False,0.005859375,0.005,,1.574456000002101,1.574456000002101,0.0,wdbc,1,,SPINE+Graph,10,3,57,512,0.994140625,313973539,False,"{""admission"": {""criterion"": ""risk"", ""removed_risk"": 0, ""removed_support"": 0}, ""betti_final"": [[1, 0], [1, 0]], ""betti_frozen"": [[1, 0], [1, 0]], ""betti_nerve"": [[1, 0], [1, 0]], ""boundary_restriction"": ""both"", ""forced_removals"": 0, ""growth_representation_fallbacks"": 0, ""invariant_held"": true, ""n_segments"": 1, ""n_train_fit"": 384, ""n_val"": 128, ""phase0"": [{""constant_lens"": false, ""gain"": 0.25, ""lens"": ""pc1"", ""lens_scaling"": ""standardize"", ""min_cluster_size"": 15, ""min_samples"": 5, ""n_class"": 242, ""n_edges"": 4, ""n_intervals"": 5, ""n_vertices"": 5, ""noise_reassigned"": 215, ""placement"": ""quantile"", ""slabs"": [{""k"": 1, ""n"": 55}, {""k"": 1, ""n"": 60}, {""k"": 1, ""n"": 60}, {""k"": 1, ""n"": 60}, {""k"": 1, ""n"": 55}]}, {""constant_lens"": false, ""gain"": 0.25, ""lens"": ""pc1"", ""lens_scaling"": ""standardize"", ""min_cluster_size"": 15, ""min_samples"": 5, ""n_class"": 142, ""n_edges"": 4, ""n_intervals"": 5, ""n_vertices"": 5, ""noise_reassigned"": 94, ""placement"": ""quantile"", ""slabs"": [{""k"": 1, ""n"": 32}, {""k"": 1, ""n"": 35}, {""k"": 1, ""n"": 36}, {""k"": 1, ""n"": 35}, {""k"": 1, ""n"": 32}]}], ""soundness_bound_holds"": true, ""step_rule"": ""scale_free"", ""topology_retention_nerve_to_frozen"": {""beta0_frozen"": 2, ""beta0_nerve"": 2, ""beta1_frozen"": 0, ""beta1_nerve"": 0}}",True
0.9824561403508771,3,False,0.005859375,0.005,,0.6633279999950901,11.87285400001565,11.20952600002056,wdbc,1,"{""epsilon"": 0.1, ""window"": 0.2}",LVQ3,10,3,57,512,0.994140625,313973539,False,,True
0.9649122807017544,3,False,0.005859375,0.005,"{""0"": 2, ""1"": 1}",0.07706300000427291,0.07706300000427291,0.0,wdbc,1,,KMeans,10,3,57,512,0.994140625,313973539,False,,True
0.9122807017543859,3,False,0.005859375,0.005,"{""0"": 2, ""1"": 1}",0.00044299999717622995,0.00044299999717622995,0.0,wdbc,1,,Random,10,3,57,512,0.994140625,313973539,False,,True
0.9122807017543859,3,False,0.005859375,0.005,,0.019180000002961606,0.019180000002961606,0.0,wdbc,1,,SPOT,10,3,57,512,0.994140625,313973539,False,,True
0.9824561403508771,3,False,0.005859375,0.005,,1.5447970000095665,1.5447970000095665,0.0,wdbc,1,,GLVQ,10,3,57,512,0.994140625,313973539,False,,True
0.9824561403508771,3,False,0.005859375,0.005,,0.04192099999636412,0.04192099999636412,0.0,wdbc,1,,GNG,10,3,57,512,0.994140625,313973539,False,,True
0.9824561403508771,5,False,0.009765625,0.01,,0.0001010000123642385,0.0001010000123642385,0.0,wdbc,1,,Full,10,512,57,512,0.0,313973539,True,,False
0.9824561403508771,5,False,0.009765625,0.01,,0.0937489999923855,0.0937489999923855,0.0,wdbc,1,,RSP3,10,108,57,512,0.7890625,313973539,True,,False
0.9298245614035088,5,False,0.009765625,0.01,,0.16562300000805408,0.16562300000805408,0.0,wdbc,1,,RHC,10,39,57,512,0.923828125,313973539,True,,False
0.8947368421052632,5,False,0.009765625,0.01,,1.574183999968227,1.574183999968227,0.0,wdbc,1,,SPINE+1NN,10,5,57,512,0.990234375,313973539,False,"{""admission"": {""criterion"": ""risk"", ""removed_risk"": 0, ""removed_support"": 0}, ""betti_final"": [[1, 0], [1, 0]], ""betti_frozen"": [[1, 0], [1, 0]], ""betti_nerve"": [[1, 0], [1, 0]], ""boundary_restriction"": ""both"", ""forced_removals"": 0, ""growth_representation_fallbacks"": 0, ""invariant_held"": true, ""n_segments"": 3, ""n_train_fit"": 384, ""n_val"": 128, ""phase0"": [{""constant_lens"": false, ""gain"": 0.25, ""lens"": ""pc1"", ""lens_scaling"": ""standardize"", ""min_cluster_size"": 15, ""min_samples"": 5, ""n_class"": 242, ""n_edges"": 4, ""n_intervals"": 5, ""n_vertices"": 5, ""noise_reassigned"": 215, ""placement"": ""quantile"", ""slabs"": [{""k"": 1, ""n"": 55}, {""k"": 1, ""n"": 60}, {""k"": 1, ""n"": 60}, {""k"": 1, ""n"": 60}, {""k"": 1, ""n"": 55}]}, {""constant_lens"": false, ""gain"": 0.25, ""lens"": ""pc1"", ""lens_scaling"": ""standardize"", ""min_cluster_size"": 15, ""min_samples"": 5, ""n_class"": 142, ""n_edges"": 4, ""n_intervals"": 5, ""n_vertices"": 5, ""noise_reassigned"": 94, ""placement"": ""quantile"", ""slabs"": [{""k"": 1, ""n"": 32}, {""k"": 1, ""n"": 35}, {""k"": 1, ""n"": 36}, {""k"": 1, ""n"": 35}, {""k"": 1, ""n"": 32}]}], ""soundness_bound_holds"": true, ""step_rule"": ""scale_free"", ""topology_retention_nerve_to_frozen"": {""beta0_frozen"": 2, ""beta0_nerve"": 2, ""beta1_frozen"": 0, ""beta1_nerve"": 0}}",True
0.9298245614035088,5,False,0.009765625,0.01,,1.574183999968227,1.574183999968227,0.0,wdbc,1,,SPINE+Graph,10,5,57,512,0.990234375,313973539,False,"{""admission"": {""criterion"": ""risk"", ""removed_risk"": 0, ""removed_support"": 0}, ""betti_final"": [[1, 0], [1, 0]], ""betti_frozen"": [[1, 0], [1, 0]], ""betti_nerve"": [[1, 0], [1, 0]], ""boundary_restriction"": ""both"", ""forced_removals"": 0, ""growth_representation_fallbacks"": 0, ""invariant_held"": true, ""n_segments"": 3, ""n_train_fit"": 384, ""n_val"": 128, ""phase0"": [{""constant_lens"": false, ""gain"": 0.25, ""lens"": ""pc1"", ""lens_scaling"": ""standardize"", ""min_cluster_size"": 15, ""min_samples"": 5, ""n_class"": 242, ""n_edges"": 4, ""n_intervals"": 5, ""n_vertices"": 5, ""noise_reassigned"": 215, ""placement"": ""quantile"", ""slabs"": [{""k"": 1, ""n"": 55}, {""k"": 1, ""n"": 60}, {""k"": 1, ""n"": 60}, {""k"": 1, ""n"": 60}, {""k"": 1, ""n"": 55}]}, {""constant_lens"": false, ""gain"": 0.25, ""lens"": ""pc1"", ""lens_scaling"": ""standardize"", ""min_cluster_size"": 15, ""min_samples"": 5, ""n_class"": 142, ""n_edges"": 4, ""n_intervals"": 5, ""n_vertices"": 5, ""noise_reassigned"": 94, ""placement"": ""quantile"", ""slabs"": [{""k"": 1, ""n"": 32}, {""k"": 1, ""n"": 35}, {""k"": 1, ""n"": 36}, {""k"": 1, ""n"": 35}, {""k"": 1, ""n"": 32}]}], ""soundness_bound_holds"": true, ""step_rule"": ""scale_free"", ""topology_retention_nerve_to_frozen"": {""beta0_frozen"": 2, ""beta0_nerve"": 2, ""beta1_frozen"": 0, ""beta1_nerve"": 0}}",True
0.9824561403508771,5,False,0.009765625,0.01,,0.722784000041429,13.045722000009846,12.322937999968417,wdbc,1,"{""epsilon"": 0.1, ""window"": 0.2}",LVQ3,10,5,57,512,0.990234375,313973539,False,,True
0.9649122807017544,5,False,0.009765625,0.01,"{""0"": 3, ""1"": 2}",0.09541599999647588,0.09541599999647588,0.0,wdbc,1,,KMeans,10,5,57,512,0.990234375,313973539,False,,True
0.9473684210526315,5,False,0.009765625,0.01,"{""0"": 3, ""1"": 2}",0.0004259999841451645,0.0004259999841451645,0.0,wdbc,1,,Random,10,5,57,512,0.990234375,313973539,False,,True
0.9298245614035088,5,False,0.009765625,0.01,,0.05065300001297146,0.05065300001297146,0.0,wdbc,1,,SPOT,10,5,57,512,0.990234375,313973539,False,,True
0.9824561403508771,5,False,0.009765625,0.01,,1.5646240000496618,1.5646240000496618,0.0,wdbc,1,,GLVQ,10,5,57,512,0.990234375,313973539,False,,True
0.9824561403508771,5,False,0.009765625,0.01,,0.06486799998674542,0.06486799998674542,0.0,wdbc,1,,GNG,10,5,57,512,0.990234375,313973539,False,,True
0.9824561403508771,10,False,0.01953125,0.02,,0.0001010000123642385,0.0001010000123642385,0.0,wdbc,1,,Full,10,512,57,512,0.0,313973539,True,,False
0.9824561403508771,10,False,0.01953125,0.02,,0.0937489999923855,0.0937489999923855,0.0,wdbc,1,,RSP3,10,108,57,512,0.7890625,313973539,True,,False
0.9298245614035088,10,False,0.01953125,0.02,,0.16562300000805408,0.16562300000805408,0.0,wdbc,1,,RHC,10,39,57,512,0.923828125,313973539,True,,False
0.8947368421052632,10,False,0.01953125,0.02,,1.6090170000097714,1.6090170000097714,0.0,wdbc,1,,SPINE+1NN,10,10,57,512,0.98046875,313973539,False,"{""admission"": {""criterion"": ""risk"", ""removed_risk"": 0, ""removed_support"": 0}, ""betti_final"": [[1, 0], [1, 0]], ""betti_frozen"": [[1, 0], [1, 0]], ""betti_nerve"": [[1, 0], [1, 0]], ""boundary_restriction"": ""both"", ""forced_removals"": 0, ""growth_representation_fallbacks"": 3, ""invariant_held"": true, ""n_segments"": 8, ""n_train_fit"": 384, ""n_val"": 128, ""phase0"": [{""constant_lens"": false, ""gain"": 0.25, ""lens"": ""pc1"", ""lens_scaling"": ""standardize"", ""min_cluster_size"": 15, ""min_samples"": 5, ""n_class"": 242, ""n_edges"": 4, ""n_intervals"": 5, ""n_vertices"": 5, ""noise_reassigned"": 215, ""placement"": ""quantile"", ""slabs"": [{""k"": 1, ""n"": 55}, {""k"": 1, ""n"": 60}, {""k"": 1, ""n"": 60}, {""k"": 1, ""n"": 60}, {""k"": 1, ""n"": 55}]}, {""constant_lens"": false, ""gain"": 0.25, ""lens"": ""pc1"", ""lens_scaling"": ""standardize"", ""min_cluster_size"": 15, ""min_samples"": 5, ""n_class"": 142, ""n_edges"": 4, ""n_intervals"": 5, ""n_vertices"": 5, ""noise_reassigned"": 94, ""placement"": ""quantile"", ""slabs"": [{""k"": 1, ""n"": 32}, {""k"": 1, ""n"": 35}, {""k"": 1, ""n"": 36}, {""k"": 1, ""n"": 35}, {""k"": 1, ""n"": 32}]}], ""soundness_bound_holds"": true, ""step_rule"": ""scale_free"", ""topology_retention_nerve_to_frozen"": {""beta0_frozen"": 2, ""beta0_nerve"": 2, ""beta1_frozen"": 0, ""beta1_nerve"": 0}}",True
0.9473684210526315,10,False,0.01953125,0.02,,1.6090170000097714,1.6090170000097714,0.0,wdbc,1,,SPINE+Graph,10,10,57,512,0.98046875,313973539,False,"{""admission"": {""criterion"": ""risk"", ""removed_risk"": 0, ""removed_support"": 0}, ""betti_final"": [[1, 0], [1, 0]], ""betti_frozen"": [[1, 0], [1, 0]], ""betti_nerve"": [[1, 0], [1, 0]], ""boundary_restriction"": ""both"", ""forced_removals"": 0, ""growth_representation_fallbacks"": 3, ""invariant_held"": true, ""n_segments"": 8, ""n_train_fit"": 384, ""n_val"": 128, ""phase0"": [{""constant_lens"": false, ""gain"": 0.25, ""lens"": ""pc1"", ""lens_scaling"": ""standardize"", ""min_cluster_size"": 15, ""min_samples"": 5, ""n_class"": 242, ""n_edges"": 4, ""n_intervals"": 5, ""n_vertices"": 5, ""noise_reassigned"": 215, ""placement"": ""quantile"", ""slabs"": [{""k"": 1, ""n"": 55}, {""k"": 1, ""n"": 60}, {""k"": 1, ""n"": 60}, {""k"": 1, ""n"": 60}, {""k"": 1, ""n"": 55}]}, {""constant_lens"": false, ""gain"": 0.25, ""lens"": ""pc1"", ""lens_scaling"": ""standardize"", ""min_cluster_size"": 15, ""min_samples"": 5, ""n_class"": 142, ""n_edges"": 4, ""n_intervals"": 5, ""n_vertices"": 5, ""noise_reassigned"": 94, ""placement"": ""quantile"", ""slabs"": [{""k"": 1, ""n"": 32}, {""k"": 1, ""n"": 35}, {""k"": 1, ""n"": 36}, {""k"": 1, ""n"": 35}, {""k"": 1, ""n"": 32}]}], ""soundness_bound_holds"": true, ""step_rule"": ""scale_free"", ""topology_retention_nerve_to_frozen"": {""beta0_frozen"": 2, ""beta0_nerve"": 2, ""beta1_frozen"": 0, ""beta1_nerve"": 0}}",True
0.9649122807017544,10,False,0.01953125,0.02,,0.7440739999874495,14.073560999997426,13.329487000009976,wdbc,1,"{""epsilon"": 0.1, ""window"": 0.3}",LVQ3,10,10,57,512,0.98046875,313973539,False,,True
0.9824561403508771,10,False,0.01953125,0.02,"{""0"": 6, ""1"": 4}",0.12544299999717623,0.12544299999717623,0.0,wdbc,1,,KMeans,10,10,57,512,0.98046875,313973539,False,,True
0.9298245614035088,10,False,0.01953125,0.02,"{""0"": 6, ""1"": 4}",0.00044999999227002263,0.00044999999227002263,0.0,wdbc,1,,Random,10,10,57,512,0.98046875,313973539,False,,True
0.9824561403508771,10,False,0.01953125,0.02,,0.07737199997063726,0.07737199997063726,0.0,wdbc,1,,SPOT,10,10,57,512,0.98046875,313973539,False,,True
0.9824561403508771,10,False,0.01953125,0.02,,1.6153189999749884,1.6153189999749884,0.0,wdbc,1,,GLVQ,10,10,57,512,0.98046875,313973539,False,,True
1.0,10,False,0.01953125,0.02,,0.22834500001044944,0.22834500001044944,0.0,wdbc,1,,GNG,10,10,57,512,0.98046875,313973539,False,,True
0.9824561403508771,26,False,0.05078125,0.05,,0.0001010000123642385,0.0001010000123642385,0.0,wdbc,1,,Full,10,512,57,512,0.0,313973539,True,,False
0.9824561403508771,26,False,0.05078125,0.05,,0.0937489999923855,0.0937489999923855,0.0,wdbc,1,,RSP3,10,108,57,512,0.7890625,313973539,True,,False
0.9298245614035088,26,False,0.05078125,0.05,,0.16562300000805408,0.16562300000805408,0.0,wdbc,1,,RHC,10,39,57,512,0.923828125,313973539,True,,False
0.9824561403508771,26,False,0.05078125,0.05,,1.6861059999791905,1.6861059999791905,0.0,wdbc,1,,SPINE+1NN,10,26,57,512,0.94921875,313973539,False,"{""admission"": {""criterion"": ""risk"", ""removed_risk"": 0, ""removed_support"": 0}, ""betti_final"": [[1, 0], [1, 0]], ""betti_frozen"": [[1, 0], [1, 0]], ""betti_nerve"": [[1, 0], [1, 0]], ""boundary_restriction"": ""both"", ""forced_removals"": 0, ""growth_representation_fallbacks"": 16, ""invariant_held"": true, ""n_segments"": 24, ""n_train_fit"": 384, ""n_val"": 128, ""phase0"": [{""constant_lens"": false, ""gain"": 0.25, ""lens"": ""pc1"", ""lens_scaling"": ""standardize"", ""min_cluster_size"": 15, ""min_samples"": 5, ""n_class"": 242, ""n_edges"": 4, ""n_intervals"": 5, ""n_vertices"": 5, ""noise_reassigned"": 215, ""placement"": ""quantile"", ""slabs"": [{""k"": 1, ""n"": 55}, {""k"": 1, ""n"": 60}, {""k"": 1, ""n"": 60}, {""k"": 1, ""n"": 60}, {""k"": 1, ""n"": 55}]}, {""constant_lens"": false, ""gain"": 0.25, ""lens"": ""pc1"", ""lens_scaling"": ""standardize"", ""min_cluster_size"": 15, ""min_samples"": 5, ""n_class"": 142, ""n_edges"": 4, ""n_intervals"": 5, ""n_vertices"": 5, ""noise_reassigned"": 94, ""placement"": ""quantile"", ""slabs"": [{""k"": 1, ""n"": 32}, {""k"": 1, ""n"": 35}, {""k"": 1, ""n"": 36}, {""k"": 1, ""n"": 35}, {""k"": 1, ""n"": 32}]}], ""soundness_bound_holds"": true, ""step_rule"": ""scale_free"", ""topology_retention_nerve_to_frozen"": {""beta0_frozen"": 2, ""beta0_nerve"": 2, ""beta1_frozen"": 0, ""beta1_nerve"": 0}}",True
0.9824561403508771,26,False,0.05078125,0.05,,1.6861059999791905,1.6861059999791905,0.0,wdbc,1,,SPINE+Graph,10,26,57,512,0.94921875,313973539,False,"{""admission"": {""criterion"": ""risk"", ""removed_risk"": 0, ""removed_support"": 0}, ""betti_final"": [[1, 0], [1, 0]], ""betti_frozen"": [[1, 0], [1, 0]], ""betti_nerve"": [[1, 0], [1, 0]], ""boundary_restriction"": ""both"", ""forced_removals"": 0, ""growth_representation_fallbacks"": 16, ""invariant_held"": true, ""n_segments"": 24, ""n_train_fit"": 384, ""n_val"": 128, ""phase0"": [{""constant_lens"": false, ""gain"": 0.25, ""lens"": ""pc1"", ""lens_scaling"": ""standardize"", ""min_cluster_size"": 15, ""min_samples"": 5, ""n_class"": 242, ""n_edges"": 4, ""n_intervals"": 5, ""n_vertices"": 5, ""noise_reassigned"": 215, ""placement"": ""quantile"", ""slabs"": [{""k"": 1, ""n"": 55}, {""k"": 1, ""n"": 60}, {""k"": 1, ""n"": 60}, {""k"": 1, ""n"": 60}, {""k"": 1, ""n"": 55}]}, {""constant_lens"": false, ""gain"": 0.25, ""lens"": ""pc1"", ""lens_scaling"": ""standardize"", ""min_cluster_size"": 15, ""min_samples"": 5, ""n_class"": 142, ""n_edges"": 4, ""n_intervals"": 5, ""n_vertices"": 5, ""noise_reassigned"": 94, ""placement"": ""quantile"", ""slabs"": [{""k"": 1, ""n"": 32}, {""k"": 1, ""n"": 35}, {""k"": 1, ""n"": 36}, {""k"": 1, ""n"": 35}, {""k"": 1, ""n"": 32}]}], ""soundness_bound_holds"": true, ""step_rule"": ""scale_free"", ""topology_retention_nerve_to_frozen"": {""beta0_frozen"": 2, ""beta0_nerve"": 2, ""beta1_frozen"": 0, ""beta1_nerve"": 0}}",True
0.9824561403508771,26,False,0.05078125,0.05,,0.8344379999907687,14.147893999994267,13.313456000003498,wdbc,1,"{""epsilon"": 0.1, ""window"": 0.2}",LVQ3,10,26,57,512,0.94921875,313973539,False,,True
0.9824561403508771,26,False,0.05078125,0.05,"{""0"": 16, ""1"": 10}",0.13872899999842048,0.13872899999842048,0.0,wdbc,1,,KMeans,10,26,57,512,0.94921875,313973539,False,,True
0.9473684210526315,26,False,0.05078125,0.05,"{""0"": 16, ""1"": 10}",0.0004830000107176602,0.0004830000107176602,0.0,wdbc,1,,Random,10,26,57,512,0.94921875,313973539,False,,True
0.9824561403508771,26,False,0.05078125,0.05,,0.12860799999907613,0.12860799999907613,0.0,wdbc,1,,SPOT,10,26,57,512,0.94921875,313973539,False,,True
0.9824561403508771,26,False,0.05078125,0.05,,1.8044370000134222,1.8044370000134222,0.0,wdbc,1,,GLVQ,10,26,57,512,0.94921875,313973539,False,,True
0.9824561403508771,26,False,0.05078125,0.05,,0.8861569999717176,0.8861569999717176,0.0,wdbc,1,,GNG,10,26,57,512,0.94921875,313973539,False,,True
0.9824561403508771,51,False,0.099609375,0.1,,0.0001010000123642385,0.0001010000123642385,0.0,wdbc,1,,Full,10,512,57,512,0.0,313973539,True,,False
0.9824561403508771,51,False,0.099609375,0.1,,0.0937489999923855,0.0937489999923855,0.0,wdbc,1,,RSP3,10,108,57,512,0.7890625,313973539,True,,False
0.9298245614035088,51,False,0.099609375,0.1,,0.16562300000805408,0.16562300000805408,0.0,wdbc,1,,RHC,10,39,57,512,0.923828125,313973539,True,,False
0.9824561403508771,51,False,0.099609375,0.1,,1.7372510000132024,1.7372510000132024,0.0,wdbc,1,,SPINE+1NN,10,51,57,512,0.900390625,313973539,False,"{""admission"": {""criterion"": ""risk"", ""removed_risk"": 0, ""removed_support"": 0}, ""betti_final"": [[1, 0], [1, 0]], ""betti_frozen"": [[1, 0], [1, 0]], ""betti_nerve"": [[1, 0], [1, 0]], ""boundary_restriction"": ""both"", ""forced_removals"": 0, ""growth_representation_fallbacks"": 42, ""invariant_held"": true, ""n_segments"": 49, ""n_train_fit"": 384, ""n_val"": 128, ""phase0"": [{""constant_lens"": false, ""gain"": 0.25, ""lens"": ""pc1"", ""lens_scaling"": ""standardize"", ""min_cluster_size"": 15, ""min_samples"": 5, ""n_class"": 242, ""n_edges"": 4, ""n_intervals"": 5, ""n_vertices"": 5, ""noise_reassigned"": 215, ""placement"": ""quantile"", ""slabs"": [{""k"": 1, ""n"": 55}, {""k"": 1, ""n"": 60}, {""k"": 1, ""n"": 60}, {""k"": 1, ""n"": 60}, {""k"": 1, ""n"": 55}]}, {""constant_lens"": false, ""gain"": 0.25, ""lens"": ""pc1"", ""lens_scaling"": ""standardize"", ""min_cluster_size"": 15, ""min_samples"": 5, ""n_class"": 142, ""n_edges"": 4, ""n_intervals"": 5, ""n_vertices"": 5, ""noise_reassigned"": 94, ""placement"": ""quantile"", ""slabs"": [{""k"": 1, ""n"": 32}, {""k"": 1, ""n"": 35}, {""k"": 1, ""n"": 36}, {""k"": 1, ""n"": 35}, {""k"": 1, ""n"": 32}]}], ""soundness_bound_holds"": true, ""step_rule"": ""scale_free"", ""topology_retention_nerve_to_frozen"": {""beta0_frozen"": 2, ""beta0_nerve"": 2, ""beta1_frozen"": 0, ""beta1_nerve"": 0}}",True
0.9824561403508771,51,False,0.099609375,0.1,,1.7372510000132024,1.7372510000132024,0.0,wdbc,1,,SPINE+Graph,10,51,57,512,0.900390625,313973539,False,"{""admission"": {""criterion"": ""risk"", ""removed_risk"": 0, ""removed_support"": 0}, ""betti_final"": [[1, 0], [1, 0]], ""betti_frozen"": [[1, 0], [1, 0]], ""betti_nerve"": [[1, 0], [1, 0]], ""boundary_restriction"": ""both"", ""forced_removals"": 0, ""growth_representation_fallbacks"": 42, ""invariant_held"": true, ""n_segments"": 49, ""n_train_fit"": 384, ""n_val"": 128, ""phase0"": [{""constant_lens"": false, ""gain"": 0.25, ""lens"": ""pc1"", ""lens_scaling"": ""standardize"", ""min_cluster_size"": 15, ""min_samples"": 5, ""n_class"": 242, ""n_edges"": 4, ""n_intervals"": 5, ""n_vertices"": 5, ""noise_reassigned"": 215, ""placement"": ""quantile"", ""slabs"": [{""k"": 1, ""n"": 55}, {""k"": 1, ""n"": 60}, {""k"": 1, ""n"": 60}, {""k"": 1, ""n"": 60}, {""k"": 1, ""n"": 55}]}, {""constant_lens"": false, ""gain"": 0.25, ""lens"": ""pc1"", ""lens_scaling"": ""standardize"", ""min_cluster_size"": 15, ""min_samples"": 5, ""n_class"": 142, ""n_edges"": 4, ""n_intervals"": 5, ""n_vertices"": 5, ""noise_reassigned"": 94, ""placement"": ""quantile"", ""slabs"": [{""k"": 1, ""n"": 32}, {""k"": 1, ""n"": 35}, {""k"": 1, ""n"": 36}, {""k"": 1, ""n"": 35}, {""k"": 1, ""n"": 32}]}], ""soundness_bound_holds"": true, ""step_rule"": ""scale_free"", ""topology_retention_nerve_to_frozen"": {""beta0_frozen"": 2, ""beta0_nerve"": 2, ""beta1_frozen"": 0, ""beta1_nerve"": 0}}",True
1.0,51,False,0.099609375,0.1,,0.9305140000069514,16.086570999992546,15.156056999985594,wdbc,1,"{""epsilon"": 0.1, ""window"": 0.2}",LVQ3,10,51,57,512,0.900390625,313973539,False,,True
0.9473684210526315,51,False,0.099609375,0.1,"{""0"": 32, ""1"": 19}",0.20823799999197945,0.20823799999197945,0.0,wdbc,1,,KMeans,10,51,57,512,0.900390625,313973539,False,,True
0.9824561403508771,51,False,0.099609375,0.1,"{""0"": 32, ""1"": 19}",0.0005390000296756625,0.0005390000296756625,0.0,wdbc,1,,Random,10,51,57,512,0.900390625,313973539,False,,True
1.0,51,False,0.099609375,0.1,,0.15325400000438094,0.15325400000438094,0.0,wdbc,1,,SPOT,10,51,57,512,0.900390625,313973539,False,,True
0.9824561403508771,51,False,0.099609375,0.1,,2.0779050000128336,2.0779050000128336,0.0,wdbc,1,,GLVQ,10,51,57,512,0.900390625,313973539,False,,True
1.0,51,False,0.099609375,0.1,,1.6423390000127256,1.6423390000127256,0.0,wdbc,1,,GNG,10,51,57,512,0.900390625,313973539,False,,True
0.9824561403508771,128,False,0.25,0.25,,0.0001010000123642385,0.0001010000123642385,0.0,wdbc,1,,Full,10,512,57,512,0.0,313973539,True,,False
0.9824561403508771,128,False,0.25,0.25,,0.0937489999923855,0.0937489999923855,0.0,wdbc,1,,RSP3,10,108,57,512,0.7890625,313973539,True,,False
0.9298245614035088,128,False,0.25,0.25,,0.16562300000805408,0.16562300000805408,0.0,wdbc,1,,RHC,10,39,57,512,0.923828125,313973539,True,,False
0.9824561403508771,128,False,0.25,0.25,,1.8524540000362322,1.8524540000362322,0.0,wdbc,1,,SPINE+1NN,10,128,57,512,0.75,313973539,False,"{""admission"": {""criterion"": ""risk"", ""removed_risk"": 0, ""removed_support"": 0}, ""betti_final"": [[1, 0], [1, 0]], ""betti_frozen"": [[1, 0], [1, 0]], ""betti_nerve"": [[1, 0], [1, 0]], ""boundary_restriction"": ""both"", ""forced_removals"": 0, ""growth_representation_fallbacks"": 135, ""invariant_held"": true, ""n_segments"": 126, ""n_train_fit"": 384, ""n_val"": 128, ""phase0"": [{""constant_lens"": false, ""gain"": 0.25, ""lens"": ""pc1"", ""lens_scaling"": ""standardize"", ""min_cluster_size"": 15, ""min_samples"": 5, ""n_class"": 242, ""n_edges"": 4, ""n_intervals"": 5, ""n_vertices"": 5, ""noise_reassigned"": 215, ""placement"": ""quantile"", ""slabs"": [{""k"": 1, ""n"": 55}, {""k"": 1, ""n"": 60}, {""k"": 1, ""n"": 60}, {""k"": 1, ""n"": 60}, {""k"": 1, ""n"": 55}]}, {""constant_lens"": false, ""gain"": 0.25, ""lens"": ""pc1"", ""lens_scaling"": ""standardize"", ""min_cluster_size"": 15, ""min_samples"": 5, ""n_class"": 142, ""n_edges"": 4, ""n_intervals"": 5, ""n_vertices"": 5, ""noise_reassigned"": 94, ""placement"": ""quantile"", ""slabs"": [{""k"": 1, ""n"": 32}, {""k"": 1, ""n"": 35}, {""k"": 1, ""n"": 36}, {""k"": 1, ""n"": 35}, {""k"": 1, ""n"": 32}]}], ""soundness_bound_holds"": true, ""step_rule"": ""scale_free"", ""topology_retention_nerve_to_frozen"": {""beta0_frozen"": 2, ""beta0_nerve"": 2, ""beta1_frozen"": 0, ""beta1_nerve"": 0}}",True
0.9824561403508771,128,False,0.25,0.25,,1.8524540000362322,1.8524540000362322,0.0,wdbc,1,,SPINE+Graph,10,128,57,512,0.75,313973539,False,"{""admission"": {""criterion"": ""risk"", ""removed_risk"": 0, ""removed_support"": 0}, ""betti_final"": [[1, 0], [1, 0]], ""betti_frozen"": [[1, 0], [1, 0]], ""betti_nerve"": [[1, 0], [1, 0]], ""boundary_restriction"": ""both"", ""forced_removals"": 0, ""growth_representation_fallbacks"": 135, ""invariant_held"": true, ""n_segments"": 126, ""n_train_fit"": 384, ""n_val"": 128, ""phase0"": [{""constant_lens"": false, ""gain"": 0.25, ""lens"": ""pc1"", ""lens_scaling"": ""standardize"", ""min_cluster_size"": 15, ""min_samples"": 5, ""n_class"": 242, ""n_edges"": 4, ""n_intervals"": 5, ""n_vertices"": 5, ""noise_reassigned"": 215, ""placement"": ""quantile"", ""slabs"": [{""k"": 1, ""n"": 55}, {""k"": 1, ""n"": 60}, {""k"": 1, ""n"": 60}, {""k"": 1, ""n"": 60}, {""k"": 1, ""n"": 55}]}, {""constant_lens"": false, ""gain"": 0.25, ""lens"": ""pc1"", ""lens_scaling"": ""standardize"", ""min_cluster_size"": 15, ""min_samples"": 5, ""n_class"": 142, ""n_edges"": 4, ""n_intervals"": 5, ""n_vertices"": 5, ""noise_reassigned"": 94, ""placement"": ""quantile"", ""slabs"": [{""k"": 1, ""n"": 32}, {""k"": 1, ""n"": 35}, {""k"": 1, ""n"": 36}, {""k"": 1, ""n"": 35}, {""k"": 1, ""n"": 32}]}], ""soundness_bound_holds"": true, ""step_rule"": ""scale_free"", ""topology_retention_nerve_to_frozen"": {""beta0_frozen"": 2, ""beta0_nerve"": 2, ""beta1_frozen"": 0, ""beta1_nerve"": 0}}",True
0.9824561403508771,128,False,0.25,0.25,,1.5424739999580197,27.2831479999586,25.74067400000058,wdbc,1,"{""epsilon"": 0.1, ""window"": 0.3}",LVQ3,10,128,57,512,0.75,313973539,False,,True
1.0,128,False,0.25,0.25,"{""0"": 81, ""1"": 47}",0.46812999999383464,0.46812999999383464,0.0,wdbc,1,,KMeans,10,128,57,512,0.75,313973539,False,,True
1.0,128,False,0.25,0.25,"{""0"": 81, ""1"": 47}",0.0005200000014156103,0.0005200000014156103,0.0,wdbc,1,,Random,10,128,57,512,0.75,313973539,False,,True
0.9824561403508771,128,False,0.25,0.25,,0.19888500001979992,0.19888500001979992,0.0,wdbc,1,,SPOT,10,128,57,512,0.75,313973539,False,,True
0.9824561403508771,128,False,0.25,0.25,,2.8457950000301935,2.8457950000301935,0.0,wdbc,1,,GLVQ,10,128,57,512,0.75,313973539,False,,True
1.0,128,False,0.25,0.25,,2.575802000006661,2.575802000006661,0.0,wdbc,1,,GNG,10,128,57,512,0.75,313973539,False,,True
0.9824561403508771,3,False,0.005859375,0.005,,9.099999442696571e-05,9.099999442696571e-05,0.0,wdbc,2,,Full,10,512,57,512,0.0,314973542,False,,False
1.0,3,False,0.005859375,0.005,,0.074239999987185,0.074239999987185,0.0,wdbc,2,,RSP3,10,96,57,512,0.8125,314973542,False,,False
0.9824561403508771,3,False,0.005859375,0.005,,0.14800099999411032,0.14800099999411032,0.0,wdbc,2,,RHC,10,36,57,512,0.9296875,314973542,False,,False
0.8421052631578947,3,False,0.005859375,0.005,,1.566670999978669,1.566670999978669,0.0,wdbc,2,,SPINE+1NN,10,3,57,512,0.994140625,314973542,False,"{""admission"": {""criterion"": ""risk"", ""removed_risk"": 0, ""removed_support"": 0}, ""betti_final"": [[1, 0], [1, 0]], ""betti_frozen"": [[1, 0], [1, 0]], ""betti_nerve"": [[1, 0], [1, 0]], ""boundary_restriction"": ""both"", ""forced_removals"": 0, ""growth_representation_fallbacks"": 0, ""invariant_held"": true, ""n_segments"": 1, ""n_train_fit"": 384, ""n_val"": 128, ""phase0"": [{""constant_lens"": false, ""gain"": 0.25, ""lens"": ""pc1"", ""lens_scaling"": ""standardize"", ""min_cluster_size"": 15, ""min_samples"": 5, ""n_class"": 241, ""n_edges"": 4, ""n_intervals"": 5, ""n_vertices"": 5, ""noise_reassigned"": 215, ""placement"": ""quantile"", ""slabs"": [{""k"": 1, ""n"": 55}, {""k"": 1, ""n"": 60}, {""k"": 1, ""n"": 61}, {""k"": 1, ""n"": 60}, {""k"": 1, ""n"": 55}]}, {""constant_lens"": false, ""gain"": 0.25, ""lens"": ""pc1"", ""lens_scaling"": ""standardize"", ""min_cluster_size"": 15, ""min_samples"": 5, ""n_class"": 143, ""n_edges"": 4, ""n_intervals"": 5, ""n_vertices"": 5, ""noise_reassigned"": 95, ""placement"": ""quantile"", ""slabs"": [{""k"": 1, ""n"": 32}, {""k"": 1, ""n"": 36}, {""k"": 1, ""n"": 35}, {""k"": 1, ""n"": 36}, {""k"": 1, ""n"": 32}]}], ""soundness_bound_holds"": true, ""step_rule"": ""scale_free"", ""topology_retention_nerve_to_frozen"": {""beta0_frozen"": 2, ""beta0_nerve"": 2, ""beta1_frozen"": 0, ""beta1_nerve"": 0}}",True
0.8421052631578947,3,False,0.005859375,0.005,,1.566670999978669,1.566670999978669,0.0,wdbc,2,,SPINE+Graph,10,3,57,512,0.994140625,314973542,False,"{""admission"": {""criterion"": ""risk"", ""removed_risk"": 0, ""removed_support"": 0}, ""betti_final"": [[1, 0], [1, 0]], ""betti_frozen"": [[1, 0], [1, 0]], ""betti_nerve"": [[1, 0], [1, 0]], ""boundary_restriction"": ""both"", ""forced_removals"": 0, ""growth_representation_fallbacks"": 0, ""invariant_held"": true, ""n_segments"": 1, ""n_train_fit"": 384, ""n_val"": 128, ""phase0"": [{""constant_lens"": false, ""gain"": 0.25, ""lens"": ""pc1"", ""lens_scaling"": ""standardize"", ""min_cluster_size"": 15, ""min_samples"": 5, ""n_class"": 241, ""n_edges"": 4, ""n_intervals"": 5, ""n_vertices"": 5, ""noise_reassigned"": 215, ""placement"": ""quantile"", ""slabs"": [{""k"": 1, ""n"": 55}, {""k"": 1, ""n"": 60}, {""k"": 1, ""n"": 61}, {""k"": 1, ""n"": 60}, {""k"": 1, ""n"": 55}]}, {""constant_lens"": false, ""gain"": 0.25, ""lens"": ""pc1"", ""lens_scaling"": ""standardize"", ""min_cluster_size"": 15, ""min_samples"": 5, ""n_class"": 143, ""n_edges"": 4, ""n_intervals"": 5, ""n_vertices"": 5, ""noise_reassigned"": 95, ""placement"": ""quantile"", ""slabs"": [{""k"": 1, ""n"": 32}, {""k"": 1, ""n"": 36}, {""k"": 1, ""n"": 35}, {""k"": 1, ""n"": 36}, {""k"": 1, ""n"": 32}]}], ""soundness_bound_holds"": true, ""step_rule"": ""scale_free"", ""topology_retention_nerve_to_frozen"": {""beta0_frozen"": 2, ""beta0_nerve"": 2, ""beta1_frozen"": 0, ""beta1_nerve"": 0}}",True
1.0,3,False,0.005859375,0.005,,0.6674739999580197,12.171879999921657,11.504405999963637,wdbc,2,"{""epsilon"": 0.1, ""window"": 0.2}",LVQ3,10,3,57,512,0.994140625,314973542,False,,True
0.9824561403508771,3,False,0.005859375,0.005,"{""0"": 2, ""1"": 1}",0.08320300001651049,0.08320300001651049,0.0,wdbc,2,,KMeans,10,3,57,512,0.994140625,314973542,False,,True
0.9649122807017544,3,False,0.005859375,0.005,"{""0"": 2, ""1"": 1}",0.0004670000053010881,0.0004670000053010881,0.0,wdbc,2,,Random,10,3,57,512,0.994140625,314973542,False,,True
0.8771929824561403,3,False,0.005859375,0.005,,0.024631999956909567,0.024631999956909567,0.0,wdbc,2,,SPOT,10,3,57,512,0.994140625,314973542,False,,True
0.9824561403508771,3,False,0.005859375,0.005,,1.5551080000004731,1.5551080000004731,0.0,wdbc,2,,GLVQ,10,3,57,512,0.994140625,314973542,False,,True
0.9824561403508771,3,False,0.005859375,0.005,,0.04141200002050027,0.04141200002050027,0.0,wdbc,2,,GNG,10,3,57,512,0.994140625,314973542,False,,True
0.9824561403508771,5,False,0.009765625,0.01,,9.099999442696571e-05,9.099999442696571e-05,0.0,wdbc,2,,Full,10,512,57,512,0.0,314973542,True,,False
1.0,5,False,0.009765625,0.01,,0.074239999987185,0.074239999987185,0.0,wdbc,2,,RSP3,10,96,57,512,0.8125,314973542,True,,False
0.9824561403508771,5,False,0.009765625,0.01,,0.14800099999411032,0.14800099999411032,0.0,wdbc,2,,RHC,10,36,57,512,0.9296875,314973542,True,,False
0.8771929824561403,5,False,0.009765625,0.01,,1.5762309999554418,1.5762309999554418,0.0,wdbc,2,,SPINE+1NN,10,5,57,512,0.990234375,314973542,False,"{""admission"": {""criterion"": ""risk"", ""removed_risk"": 0, ""removed_support"": 0}, ""betti_final"": [[1, 0], [1, 0]], ""betti_frozen"": [[1, 0], [1, 0]], ""betti_nerve"": [[1, 0], [1, 0]], ""boundary_restriction"": ""both"", ""forced_removals"": 0, ""growth_representation_fallbacks"": 0, ""invariant_held"": true, ""n_segments"": 3, ""n_train_fit"": 384, ""n_val"": 128, ""phase0"": [{""constant_lens"": false, ""gain"": 0.25, ""lens"": ""pc1"", ""lens_scaling"": ""standardize"", ""min_cluster_size"": 15, ""min_samples"": 5, ""n_class"": 241, ""n_edges"": 4, ""n_intervals"": 5, ""n_vertices"": 5, ""noise_reassigned"": 215, ""placement"": ""quantile"", ""slabs"": [{""k"": 1, ""n"": 55}, {""k"": 1, ""n"": 60}, {""k"": 1, ""n"": 61}, {""k"": 1, ""n"": 60}, {""k"": 1, ""n"": 55}]}, {""constant_lens"": false, ""gain"": 0.25, ""lens"": ""pc1"", ""lens_scaling"": ""standardize"", ""min_cluster_size"": 15, ""min_samples"": 5, ""n_class"": 143, ""n_edges"": 4, ""n_intervals"": 5, ""n_vertices"": 5, ""noise_reassigned"": 95, ""placement"": ""quantile"", ""slabs"": [{""k"": 1, ""n"": 32}, {""k"": 1, ""n"": 36}, {""k"": 1, ""n"": 35}, {""k"": 1, ""n"": 36}, {""k"": 1, ""n"": 32}]}], ""soundness_bound_holds"": true, ""step_rule"": ""scale_free"", ""topology_retention_nerve_to_frozen"": {""beta0_frozen"": 2, ""beta0_nerve"": 2, ""beta1_frozen"": 0, ""beta1_nerve"": 0}}",True
0.9122807017543859,5,False,0.009765625,0.01,,1.5762309999554418,1.5762309999554418,0.0,wdbc,2,,SPINE+Graph,10,5,57,512,0.990234375,314973542,False,"{""admission"": {""criterion"": ""risk"", ""removed_risk"": 0, ""removed_support"": 0}, ""betti_final"": [[1, 0], [1, 0]], ""betti_frozen"": [[1, 0], [1, 0]], ""betti_nerve"": [[1, 0], [1, 0]], ""boundary_restriction"": ""both"", ""forced_removals"": 0, ""growth_representation_fallbacks"": 0, ""invariant_held"": true, ""n_segments"": 3, ""n_train_fit"": 384, ""n_val"": 128, ""phase0"": [{""constant_lens"": false, ""gain"": 0.25, ""lens"": ""pc1"", ""lens_scaling"": ""standardize"", ""min_cluster_size"": 15, ""min_samples"": 5, ""n_class"": 241, ""n_edges"": 4, ""n_intervals"": 5, ""n_vertices"": 5, ""noise_reassigned"": 215, ""placement"": ""quantile"", ""slabs"": [{""k"": 1, ""n"": 55}, {""k"": 1, ""n"": 60}, {""k"": 1, ""n"": 61}, {""k"": 1, ""n"": 60}, {""k"": 1, ""n"": 55}]}, {""constant_lens"": false, ""gain"": 0.25, ""lens"": ""pc1"", ""lens_scaling"": ""standardize"", ""min_cluster_size"": 15, ""min_samples"": 5, ""n_class"": 143, ""n_edges"": 4, ""n_intervals"": 5, ""n_vertices"": 5, ""noise_reassigned"": 95, ""placement"": ""quantile"", ""slabs"": [{""k"": 1, ""n"": 32}, {""k"": 1, ""n"": 36}, {""k"": 1, ""n"": 35}, {""k"": 1, ""n"": 36}, {""k"": 1, ""n"": 32}]}], ""soundness_bound_holds"": true, ""step_rule"": ""scale_free"", ""topology_retention_nerve_to_frozen"": {""beta0_frozen"": 2, ""beta0_nerve"": 2, ""beta1_frozen"": 0, ""beta1_nerve"": 0}}",True
0.9824561403508771,5,False,0.009765625,0.01,,0.8235620000050403,12.746855000033975,11.923293000028934,wdbc,2,"{""epsilon"": 0.1, ""window"": 0.3}",LVQ3,10,5,57,512,0.990234375,314973542,False,,True
0.9824561403508771,5,False,0.009765625,0.01,"{""0"": 3, ""1"": 2}",0.09086100000422448,0.09086100000422448,0.0,wdbc,2,,KMeans,10,5,57,512,0.990234375,314973542,False,,True
0.9473684210526315,5,False,0.009765625,0.01,"{""0"": 3, ""1"": 2}",0.0004479999770410359,0.0004479999770410359,0.0,wdbc,2,,Random,10,5,57,512,0.990234375,314973542,False,,True
0.9473684210526315,5,False,0.009765625,0.01,,0.05657100002281368,0.05657100002281368,0.0,wdbc,2,,SPOT,10,5,57,512,0.990234375,314973542,False,,True
1.0,5,False,0.009765625,0.01,,1.583836000005249,1.583836000005249,0.0,wdbc,2,,GLVQ,10,5,57,512,0.990234375,314973542,False,,True
0.9824561403508771,5,False,0.009765625,0.01,,0.06576500000664964,0.06576500000664964,0.0,wdbc,2,,GNG,10,5,57,512,0.990234375,314973542,False,,True
0.9824561403508771,10,False,0.01953125,0.02,,9.099999442696571e-05,9.099999442696571e-05,0.0,wdbc,2,,Full,10,512,57,512,0.0,314973542,True,,False
1.0,10,False,0.01953125,0.02,,0.074239999987185,0.074239999987185,0.0,wdbc,2,,RSP3,10,96,57,512,0.8125,314973542,True,,False
0.9824561403508771,10,False,0.01953125,0.02,,0.14800099999411032,0.14800099999411032,0.0,wdbc,2,,RHC,10,36,57,512,0.9296875,314973542,True,,False
0.9298245614035088,10,False,0.01953125,0.02,,1.6160459999809973,1.6160459999809973,0.0,wdbc,2,,SPINE+1NN,10,10,57,512,0.98046875,314973542,False,"{""admission"": {""criterion"": ""risk"", ""removed_risk"": 0, ""removed_support"": 0}, ""betti_final"": [[1, 0], [1, 0]], ""betti_frozen"": [[1, 0], [1, 0]], ""betti_nerve"": [[1, 0], [1, 0]], ""boundary_restriction"": ""both"", ""forced_removals"": 0, ""growth_representation_fallbacks"": 3, ""invariant_held"": true, ""n_segments"": 8, ""n_train_fit"": 384, ""n_val"": 128, ""phase0"": [{""constant_lens"": false, ""gain"": 0.25, ""lens"": ""pc1"", ""lens_scaling"": ""standardize"", ""min_cluster_size"": 15, ""min_samples"": 5, ""n_class"": 241, ""n_edges"": 4, ""n_intervals"": 5, ""n_vertices"": 5, ""noise_reassigned"": 215, ""placement"": ""quantile"", ""slabs"": [{""k"": 1, ""n"": 55}, {""k"": 1, ""n"": 60}, {""k"": 1, ""n"": 61}, {""k"": 1, ""n"": 60}, {""k"": 1, ""n"": 55}]}, {""constant_lens"": false, ""gain"": 0.25, ""lens"": ""pc1"", ""lens_scaling"": ""standardize"", ""min_cluster_size"": 15, ""min_samples"": 5, ""n_class"": 143, ""n_edges"": 4, ""n_intervals"": 5, ""n_vertices"": 5, ""noise_reassigned"": 95, ""placement"": ""quantile"", ""slabs"": [{""k"": 1, ""n"": 32}, {""k"": 1, ""n"": 36}, {""k"": 1, ""n"": 35}, {""k"": 1, ""n"": 36}, {""k"": 1, ""n"": 32}]}], ""soundness_bound_holds"": true, ""step_rule"": ""scale_free"", ""topology_retention_nerve_to_frozen"": {""beta0_frozen"": 2, ""beta0_nerve"": 2, ""beta1_frozen"": 0, ""beta1_nerve"": 0}}",True
0.9473684210526315,10,False,0.01953125,0.02,,1.6160459999809973,1.6160459999809973,0.0,wdbc,2,,SPINE+Graph,10,10,57,512,0.98046875,314973542,False,"{""admission"": {""criterion"": ""risk"", ""removed_risk"": 0, ""removed_support"": 0}, ""betti_final"": [[1, 0], [1, 0]], ""betti_frozen"": [[1, 0], [1, 0]], ""betti_nerve"": [[1, 0], [1, 0]], ""boundary_restriction"": ""both"", ""forced_removals"": 0, ""growth_representation_fallbacks"": 3, ""invariant_held"": true, ""n_segments"": 8, ""n_train_fit"": 384, ""n_val"": 128, ""phase0"": [{""constant_lens"": false, ""gain"": 0.25, ""lens"": ""pc1"", ""lens_scaling"": ""standardize"", ""min_cluster_size"": 15, ""min_samples"": 5, ""n_class"": 241, ""n_edges"": 4, ""n_intervals"": 5, ""n_vertices"": 5, ""noise_reassigned"": 215, ""placement"": ""quantile"", ""slabs"": [{""k"": 1, ""n"": 55}, {""k"": 1, ""n"": 60}, {""k"": 1, ""n"": 61}, {""k"": 1, ""n"": 60}, {""k"": 1, ""n"": 55}]}, {""constant_lens"": false, ""gain"": 0.25, ""lens"": ""pc1"", ""lens_scaling"": ""standardize"", ""min_cluster_size"": 15, ""min_samples"": 5, ""n_class"": 143, ""n_edges"": 4, ""n_intervals"": 5, ""n_vertices"": 5, ""noise_reassigned"": 95, ""placement"": ""quantile"", ""slabs"": [{""k"": 1, ""n"": 32}, {""k"": 1, ""n"": 36}, {""k"": 1, ""n"": 35}, {""k"": 1, ""n"": 36}, {""k"": 1, ""n"": 32}]}], ""soundness_bound_holds"": true, ""step_rule"": ""scale_free"", ""topology_retention_nerve_to_frozen"": {""beta0_frozen"": 2, ""beta0_nerve"": 2, ""beta1_frozen"": 0, ""beta1_nerve"": 0}}",True
0.9824561403508771,10,False,0.01953125,0.02,,0.7458629999891855,12.984954999992624,12.239092000003438,wdbc,2,"{""epsilon"": 0.1, ""window"": 0.2}",LVQ3,10,10,57,512,0.98046875,314973542,False,,True
0.9649122807017544,10,False,0.01953125,0.02,"{""0"": 6, ""1"": 4}",0.1274989999947138,0.1274989999947138,0.0,wdbc,2,,KMeans,10,10,57,512,0.98046875,314973542,False,,True
0.9824561403508771,10,False,0.01953125,0.02,"{""0"": 6, ""1"": 4}",0.00041799998143687844,0.00041799998143687844,0.0,wdbc,2,,Random,10,10,57,512,0.98046875,314973542,False,,True
0.9298245614035088,10,False,0.01953125,0.02,,0.08917900000233203,0.08917900000233203,0.0,wdbc,2,,SPOT,10,10,57,512,0.98046875,314973542,False,,True
1.0,10,False,0.01953125,0.02,,1.6396729999687523,1.6396729999687523,0.0,wdbc,2,,GLVQ,10,10,57,512,0.98046875,314973542,False,,True
0.9824561403508771,10,False,0.01953125,0.02,,0.2257930000196211,0.2257930000196211,0.0,wdbc,2,,GNG,10,10,57,512,0.98046875,314973542,False,,True
0.9824561403508771,26,False,0.05078125,0.05,,9.099999442696571e-05,9.099999442696571e-05,0.0,wdbc,2,,Full,10,512,57,512,0.0,314973542,True,,False
1.0,26,False,0.05078125,0.05,,0.074239999987185,0.074239999987185,0.0,wdbc,2,,RSP3,10,96,57,512,0.8125,314973542,True,,False
0.9824561403508771,26,False,0.05078125,0.05,,0.14800099999411032,0.14800099999411032,0.0,wdbc,2,,RHC,10,36,57,512,0.9296875,314973542,True,,False
0.9649122807017544,26,False,0.05078125,0.05,,1.6999230000074022,1.6999230000074022,0.0,wdbc,2,,SPINE+1NN,10,26,57,512,0.94921875,314973542,False,"{""admission"": {""criterion"": ""risk"", ""removed_risk"": 0, ""removed_support"": 0}, ""betti_final"": [[1, 0], [1, 0]], ""betti_frozen"": [[1, 0], [1, 0]], ""betti_nerve"": [[1, 0], [1, 0]], ""boundary_restriction"": ""both"", ""forced_removals"": 0, ""growth_representation_fallbacks"": 15, ""invariant_held"": true, ""n_segments"": 24, ""n_train_fit"": 384, ""n_val"": 128, ""phase0"": [{""constant_lens"": false, ""gain"": 0.25, ""lens"": ""pc1"", ""lens_scaling"": ""standardize"", ""min_cluster_size"": 15, ""min_samples"": 5, ""n_class"": 241, ""n_edges"": 4, ""n_intervals"": 5, ""n_vertices"": 5, ""noise_reassigned"": 215, ""placement"": ""quantile"", ""slabs"": [{""k"": 1, ""n"": 55}, {""k"": 1, ""n"": 60}, {""k"": 1, ""n"": 61}, {""k"": 1, ""n"": 60}, {""k"": 1, ""n"": 55}]}, {""constant_lens"": false, ""gain"": 0.25, ""lens"": ""pc1"", ""lens_scaling"": ""standardize"", ""min_cluster_size"": 15, ""min_samples"": 5, ""n_class"": 143, ""n_edges"": 4, ""n_intervals"": 5, ""n_vertices"": 5, ""noise_reassigned"": 95, ""placement"": ""quantile"", ""slabs"": [{""k"": 1, ""n"": 32}, {""k"": 1, ""n"": 36}, {""k"": 1, ""n"": 35}, {""k"": 1, ""n"": 36}, {""k"": 1, ""n"": 32}]}], ""soundness_bound_holds"": true, ""step_rule"": ""scale_free"", ""topology_retention_nerve_to_frozen"": {""beta0_frozen"": 2, ""beta0_nerve"": 2, ""beta1_frozen"": 0, ""beta1_nerve"": 0}}",True
0.9649122807017544,26,False,0.05078125,0.05,,1.6999230000074022,1.6999230000074022,0.0,wdbc,2,,SPINE+Graph,10,26,57,512,0.94921875,314973542,False,"{""admission"": {""criterion"": ""risk"", ""removed_risk"": 0, ""removed_support"": 0}, ""betti_final"": [[1, 0], [1, 0]], ""betti_frozen"": [[1, 0], [1, 0]], ""betti_nerve"": [[1, 0], [1, 0]], ""boundary_restriction"": ""both"", ""forced_removals"": 0, ""growth_representation_fallbacks"": 15, ""invariant_held"": true, ""n_segments"": 24, ""n_train_fit"": 384, ""n_val"": 128, ""phase0"": [{""constant_lens"": false, ""gain"": 0.25, ""lens"": ""pc1"", ""lens_scaling"": ""standardize"", ""min_cluster_size"": 15, ""min_samples"": 5, ""n_class"": 241, ""n_edges"": 4, ""n_intervals"": 5, ""n_vertices"": 5, ""noise_reassigned"": 215, ""placement"": ""quantile"", ""slabs"": [{""k"": 1, ""n"": 55}, {""k"": 1, ""n"": 60}, {""k"": 1, ""n"": 61}, {""k"": 1, ""n"": 60}, {""k"": 1, ""n"": 55}]}, {""constant_lens"": false, ""gain"": 0.25, ""lens"": ""pc1"", ""lens_scaling"": ""standardize"", ""min_cluster_size"": 15, ""min_samples"": 5, ""n_class"": 143, ""n_edges"": 4, ""n_intervals"": 5, ""n_vertices"": 5, ""noise_reassigned"": 95, ""placement"": ""quantile"", ""slabs"": [{""k"": 1, ""n"": 32}, {""k"": 1, ""n"": 36}, {""k"": 1, ""n"": 35}, {""k"": 1, ""n"": 36}, {""k"": 1, ""n"": 32}]}], ""soundness_bound_holds"": true, ""step_rule"": ""scale_free"", ""topology_retention_nerve_to_frozen"": {""beta0_frozen"": 2, ""beta0_nerve"": 2, ""beta1_frozen"": 0, ""beta1_nerve"": 0}}",True
0.9824561403508771,26,False,0.05078125,0.05,,0.8245649999589659,13.960390999971423,13.135826000012457,wdbc,2,"{""epsilon"": 0.3, ""window"": 0.2}",LVQ3,10,26,57,512,0.94921875,314973542,False,,True
0.9824561403508771,26,False,0.05078125,0.05,"{""0"": 16, ""1"": 10}",0.14769700000761077,0.14769700000761077,0.0,wdbc,2,,KMeans,10,26,57,512,0.94921875,314973542,False,,True
0.9122807017543859,26,False,0.05078125,0.05,"{""0"": 16, ""1"": 10}",0.0004700000281445682,0.0004700000281445682,0.0,wdbc,2,,Random,10,26,57,512,0.94921875,314973542,False,,True
0.9824561403508771,26,False,0.05078125,0.05,,0.12329799996223301,0.12329799996223301,0.0,wdbc,2,,SPOT,10,26,57,512,0.94921875,314973542,False,,True
1.0,26,False,0.05078125,0.05,,1.799018999969121,1.799018999969121,0.0,wdbc,2,,GLVQ,10,26,57,512,0.94921875,314973542,False,,True
0.9824561403508771,26,False,0.05078125,0.05,,0.8956319999997504,0.8956319999997504,0.0,wdbc,2,,GNG,10,26,57,512,0.94921875,314973542,False,,True
0.9824561403508771,51,False,0.099609375,0.1,,9.099999442696571e-05,9.099999442696571e-05,0.0,wdbc,2,,Full,10,512,57,512,0.0,314973542,True,,False
1.0,51,False,0.099609375,0.1,,0.074239999987185,0.074239999987185,0.0,wdbc,2,,RSP3,10,96,57,512,0.8125,314973542,True,,False
0.9824561403508771,51,False,0.099609375,0.1,,0.14800099999411032,0.14800099999411032,0.0,wdbc,2,,RHC,10,36,57,512,0.9296875,314973542,True,,False
0.9824561403508771,51,False,0.099609375,0.1,,1.7046729999710806,1.7046729999710806,0.0,wdbc,2,,SPINE+1NN,10,51,57,512,0.900390625,314973542,False,"{""admission"": {""criterion"": ""risk"", ""removed_risk"": 0, ""removed_support"": 0}, ""betti_final"": [[1, 0], [1, 0]], ""betti_frozen"": [[1, 0], [1, 0]], ""betti_nerve"": [[1, 0], [1, 0]], ""boundary_restriction"": ""both"", ""forced_removals"": 0, ""growth_representation_fallbacks"": 44, ""invariant_held"": true, ""n_segments"": 49, ""n_train_fit"": 384, ""n_val"": 128, ""phase0"": [{""constant_lens"": false, ""gain"": 0.25, ""lens"": ""pc1"", ""lens_scaling"": ""standardize"", ""min_cluster_size"": 15, ""min_samples"": 5, ""n_class"": 241, ""n_edges"": 4, ""n_intervals"": 5, ""n_vertices"": 5, ""noise_reassigned"": 215, ""placement"": ""quantile"", ""slabs"": [{""k"": 1, ""n"": 55}, {""k"": 1, ""n"": 60}, {""k"": 1, ""n"": 61}, {""k"": 1, ""n"": 60}, {""k"": 1, ""n"": 55}]}, {""constant_lens"": false, ""gain"": 0.25, ""lens"": ""pc1"", ""lens_scaling"": ""standardize"", ""min_cluster_size"": 15, ""min_samples"": 5, ""n_class"": 143, ""n_edges"": 4, ""n_intervals"": 5, ""n_vertices"": 5, ""noise_reassigned"": 95, ""placement"": ""quantile"", ""slabs"": [{""k"": 1, ""n"": 32}, {""k"": 1, ""n"": 36}, {""k"": 1, ""n"": 35}, {""k"": 1, ""n"": 36}, {""k"": 1, ""n"": 32}]}], ""soundness_bound_holds"": true, ""step_rule"": ""scale_free"", ""topology_retention_nerve_to_frozen"": {""beta0_frozen"": 2, ""beta0_nerve"": 2, ""beta1_frozen"": 0, ""beta1_nerve"": 0}}",True
0.9824561403508771,51,False,0.099609375,0.1,,1.7046729999710806,1.7046729999710806,0.0,wdbc,2,,SPINE+Graph,10,51,57,512,0.900390625,314973542,False,"{""admission"": {""criterion"": ""risk"", ""removed_risk"": 0, ""removed_support"": 0}, ""betti_final"": [[1, 0], [1, 0]], ""betti_frozen"": [[1, 0], [1, 0]], ""betti_nerve"": [[1, 0], [1, 0]], ""boundary_restriction"": ""both"", ""forced_removals"": 0, ""growth_representation_fallbacks"": 44, ""invariant_held"": true, ""n_segments"": 49, ""n_train_fit"": 384, ""n_val"": 128, ""phase0"": [{""constant_lens"": false, ""gain"": 0.25, ""lens"": ""pc1"", ""lens_scaling"": ""standardize"", ""min_cluster_size"": 15, ""min_samples"": 5, ""n_class"": 241, ""n_edges"": 4, ""n_intervals"": 5, ""n_vertices"": 5, ""noise_reassigned"": 215, ""placement"": ""quantile"", ""slabs"": [{""k"": 1, ""n"": 55}, {""k"": 1, ""n"": 60}, {""k"": 1, ""n"": 61}, {""k"": 1, ""n"": 60}, {""k"": 1, ""n"": 55}]}, {""constant_lens"": false, ""gain"": 0.25, ""lens"": ""pc1"", ""lens_scaling"": ""standardize"", ""min_cluster_size"": 15, ""min_samples"": 5, ""n_class"": 143, ""n_edges"": 4, ""n_intervals"": 5, ""n_vertices"": 5, ""noise_reassigned"": 95, ""placement"": ""quantile"", ""slabs"": [{""k"": 1, ""n"": 32}, {""k"": 1, ""n"": 36}, {""k"": 1, ""n"": 35}, {""k"": 1, ""n"": 36}, {""k"": 1, ""n"": 32}]}], ""soundness_bound_holds"": true, ""step_rule"": ""scale_free"", ""topology_retention_nerve_to_frozen"": {""beta0_frozen"": 2, ""beta0_nerve"": 2, ""beta1_frozen"": 0, ""beta1_nerve"": 0}}",True
0.9824561403508771,51,False,0.099609375,0.1,,0.9384229999850504,16.08933500002604,15.15091200004099,wdbc,2,"{""epsilon"": 0.1, ""window"": 0.3}",LVQ3,10,51,57,512,0.900390625,314973542,False,,True
0.9824561403508771,51,False,0.099609375,0.1,"{""0"": 32, ""1"": 19}",0.2206450000521727,0.2206450000521727,0.0,wdbc,2,,KMeans,10,51,57,512,0.900390625,314973542,False,,True
1.0,51,False,0.099609375,0.1,"{""0"": 32, ""1"": 19}",0.0005149999633431435,0.0005149999633431435,0.0,wdbc,2,,Random,10,51,57,512,0.900390625,314973542,False,,True
0.9824561403508771,51,False,0.099609375,0.1,,0.15726299997186288,0.15726299997186288,0.0,wdbc,2,,SPOT,10,51,57,512,0.900390625,314973542,False,,True
1.0,51,False,0.099609375,0.1,,2.073366000025999,2.073366000025999,0.0,wdbc,2,,GLVQ,10,51,57,512,0.900390625,314973542,False,,True
0.9824561403508771,51,False,0.099609375,0.1,,1.6382630000007339,1.6382630000007339,0.0,wdbc,2,,GNG,10,51,57,512,0.900390625,314973542,False,,True
0.9824561403508771,128,False,0.25,0.25,,9.099999442696571e-05,9.099999442696571e-05,0.0,wdbc,2,,Full,10,512,57,512,0.0,314973542,True,,False
1.0,128,False,0.25,0.25,,0.074239999987185,0.074239999987185,0.0,wdbc,2,,RSP3,10,96,57,512,0.8125,314973542,True,,False
0.9824561403508771,128,False,0.25,0.25,,0.14800099999411032,0.14800099999411032,0.0,wdbc,2,,RHC,10,36,57,512,0.9296875,314973542,True,,False
0.9824561403508771,128,False,0.25,0.25,,1.8475910000270233,1.8475910000270233,0.0,wdbc,2,,SPINE+1NN,10,128,57,512,0.75,314973542,False,"{""admission"": {""criterion"": ""risk"", ""removed_risk"": 0, ""removed_support"": 0}, ""betti_final"": [[1, 0], [1, 0]], ""betti_frozen"": [[1, 0], [1, 0]], ""betti_nerve"": [[1, 0], [1, 0]], ""boundary_restriction"": ""both"", ""forced_removals"": 0, ""growth_representation_fallbacks"": 135, ""invariant_held"": true, ""n_segments"": 126, ""n_train_fit"": 384, ""n_val"": 128, ""phase0"": [{""constant_lens"": false, ""gain"": 0.25, ""lens"": ""pc1"", ""lens_scaling"": ""standardize"", ""min_cluster_size"": 15, ""min_samples"": 5, ""n_class"": 241, ""n_edges"": 4, ""n_intervals"": 5, ""n_vertices"": 5, ""noise_reassigned"": 215, ""placement"": ""quantile"", ""slabs"": [{""k"": 1, ""n"": 55}, {""k"": 1, ""n"": 60}, {""k"": 1, ""n"": 61}, {""k"": 1, ""n"": 60}, {""k"": 1, ""n"": 55}]}, {""constant_lens"": false, ""gain"": 0.25, ""lens"": ""pc1"", ""lens_scaling"": ""standardize"", ""min_cluster_size"": 15, ""min_samples"": 5, ""n_class"": 143, ""n_edges"": 4, ""n_intervals"": 5, ""n_vertices"": 5, ""noise_reassigned"": 95, ""placement"": ""quantile"", ""slabs"": [{""k"": 1, ""n"": 32}, {""k"": 1, ""n"": 36}, {""k"": 1, ""n"": 35}, {""k"": 1, ""n"": 36}, {""k"": 1, ""n"": 32}]}], ""soundness_bound_holds"": true, ""step_rule"": ""scale_free"", ""topology_retention_nerve_to_frozen"": {""beta0_frozen"": 2, ""beta0_nerve"": 2, ""beta1_frozen"": 0, ""beta1_nerve"": 0}}",True
0.9824561403508771,128,False,0.25,0.25,,1.8475910000270233,1.8475910000270233,0.0,wdbc,2,,SPINE+Graph,10,128,57,512,0.75,314973542,False,"{""admission"": {""criterion"": ""risk"", ""removed_risk"": 0, ""removed_support"": 0}, ""betti_final"": [[1, 0], [1, 0]], ""betti_frozen"": [[1, 0], [1, 0]], ""betti_nerve"": [[1, 0], [1, 0]], ""boundary_restriction"": ""both"", ""forced_removals"": 0, ""growth_representation_fallbacks"": 135, ""invariant_held"": true, ""n_segments"": 126, ""n_train_fit"": 384, ""n_val"": 128, ""phase0"": [{""constant_lens"": false, ""gain"": 0.25, ""lens"": ""pc1"", ""lens_scaling"": ""standardize"", ""min_cluster_size"": 15, ""min_samples"": 5, ""n_class"": 241, ""n_edges"": 4, ""n_intervals"": 5, ""n_vertices"": 5, ""noise_reassigned"": 215, ""placement"": ""quantile"", ""slabs"": [{""k"": 1, ""n"": 55}, {""k"": 1, ""n"": 60}, {""k"": 1, ""n"": 61}, {""k"": 1, ""n"": 60}, {""k"": 1, ""n"": 55}]}, {""constant_lens"": false, ""gain"": 0.25, ""lens"": ""pc1"", ""lens_scaling"": ""standardize"", ""min_cluster_size"": 15, ""min_samples"": 5, ""n_class"": 143, ""n_edges"": 4, ""n_intervals"": 5, ""n_vertices"": 5, ""noise_reassigned"": 95, ""placement"": ""quantile"", ""slabs"": [{""k"": 1, ""n"": 32}, {""k"": 1, ""n"": 36}, {""k"": 1, ""n"": 35}, {""k"": 1, ""n"": 36}, {""k"": 1, ""n"": 32}]}], ""soundness_bound_holds"": true, ""step_rule"": ""scale_free"", ""topology_retention_nerve_to_frozen"": {""beta0_frozen"": 2, ""beta0_nerve"": 2, ""beta1_frozen"": 0, ""beta1_nerve"": 0}}",True
0.9824561403508771,128,False,0.25,0.25,,1.5344419999746606,26.941998999973293,25.407556999998633,wdbc,2,"{""epsilon"": 0.3, ""window"": 0.2}",LVQ3,10,128,57,512,0.75,314973542,False,,True
0.9824561403508771,128,False,0.25,0.25,"{""0"": 80, ""1"": 48}",0.4356159999733791,0.4356159999733791,0.0,wdbc,2,,KMeans,10,128,57,512,0.75,314973542,False,,True
0.9824561403508771,128,False,0.25,0.25,"{""0"": 80, ""1"": 48}",0.0005879999953322113,0.0005879999953322113,0.0,wdbc,2,,Random,10,128,57,512,0.75,314973542,False,,True
0.9824561403508771,128,False,0.25,0.25,,0.2005520000238903,0.2005520000238903,0.0,wdbc,2,,SPOT,10,128,57,512,0.75,314973542,False,,True
1.0,128,False,0.25,0.25,,2.9033090000157245,2.9033090000157245,0.0,wdbc,2,,GLVQ,10,128,57,512,0.75,314973542,False,,True
0.9649122807017544,128,False,0.25,0.25,,2.581229999952484,2.581229999952484,0.0,wdbc,2,,GNG,10,128,57,512,0.75,314973542,False,,True
0.9824561403508771,3,False,0.005859375,0.005,,0.0001010000123642385,0.0001010000123642385,0.0,wdbc,3,,Full,10,512,57,512,0.0,315973545,False,,False
0.9298245614035088,3,False,0.005859375,0.005,,0.06821399996988475,0.06821399996988475,0.0,wdbc,3,,RSP3,10,95,57,512,0.814453125,315973545,False,,False
0.9298245614035088,3,False,0.005859375,0.005,,0.12376799999037758,0.12376799999037758,0.0,wdbc,3,,RHC,10,35,57,512,0.931640625,315973545,False,,False
0.8245614035087719,3,False,0.005859375,0.005,,1.569705999980215,1.569705999980215,0.0,wdbc,3,,SPINE+1NN,10,3,57,512,0.994140625,315973545,False,"{""admission"": {""criterion"": ""risk"", ""removed_risk"": 0, ""removed_support"": 0}, ""betti_final"": [[1, 0], [1, 0]], ""betti_frozen"": [[1, 0], [1, 0]], ""betti_nerve"": [[1, 0], [1, 0]], ""boundary_restriction"": ""both"", ""forced_removals"": 0, ""growth_representation_fallbacks"": 0, ""invariant_held"": true, ""n_segments"": 1, ""n_train_fit"": 384, ""n_val"": 128, ""phase0"": [{""constant_lens"": false, ""gain"": 0.25, ""lens"": ""pc1"", ""lens_scaling"": ""standardize"", ""min_cluster_size"": 15, ""min_samples"": 5, ""n_class"": 241, ""n_edges"": 4, ""n_intervals"": 5, ""n_vertices"": 5, ""noise_reassigned"": 214, ""placement"": ""quantile"", ""slabs"": [{""k"": 1, ""n"": 55}, {""k"": 1, ""n"": 60}, {""k"": 1, ""n"": 61}, {""k"": 1, ""n"": 60}, {""k"": 1, ""n"": 55}]}, {""constant_lens"": false, ""gain"": 0.25, ""lens"": ""pc1"", ""lens_scaling"": ""standardize"", ""min_cluster_size"": 15, ""min_samples"": 5, ""n_class"": 143, ""n_edges"": 4, ""n_intervals"": 5, ""n_vertices"": 5, ""noise_reassigned"": 94, ""placement"": ""quantile"", ""slabs"": [{""k"": 1, ""n"": 32}, {""k"": 1, ""n"": 36}, {""k"": 1, ""n"": 35}, {""k"": 1, ""n"": 36}, {""k"": 1, ""n"": 32}]}], ""soundness_bound_holds"": true, ""step_rule"": ""scale_free"", ""topology_retention_nerve_to_frozen"": {""beta0_frozen"": 2, ""beta0_nerve"": 2, ""beta1_frozen"": 0, ""beta1_nerve"": 0}}",True
0.8245614035087719,3,False,0.005859375,0.005,,1.569705999980215,1.569705999980215,0.0,wdbc,3,,SPINE+Graph,10,3,57,512,0.994140625,315973545,False,"{""admission"": {""criterion"": ""risk"", ""removed_risk"": 0, ""removed_support"": 0}, ""betti_final"": [[1, 0], [1, 0]], ""betti_frozen"": [[1, 0], [1, 0]], ""betti_nerve"": [[1, 0], [1, 0]], ""boundary_restriction"": ""both"", ""forced_removals"": 0, ""growth_representation_fallbacks"": 0, ""invariant_held"": true, ""n_segments"": 1, ""n_train_fit"": 384, ""n_val"": 128, ""phase0"": [{""constant_lens"": false, ""gain"": 0.25, ""lens"": ""pc1"", ""lens_scaling"": ""standardize"", ""min_cluster_size"": 15, ""min_samples"": 5, ""n_class"": 241, ""n_edges"": 4, ""n_intervals"": 5, ""n_vertices"": 5, ""noise_reassigned"": 214, ""placement"": ""quantile"", ""slabs"": [{""k"": 1, ""n"": 55}, {""k"": 1, ""n"": 60}, {""k"": 1, ""n"": 61}, {""k"": 1, ""n"": 60}, {""k"": 1, ""n"": 55}]}, {""constant_lens"": false, ""gain"": 0.25, ""lens"": ""pc1"", ""lens_scaling"": ""standardize"", ""min_cluster_size"": 15, ""min_samples"": 5, ""n_class"": 143, ""n_edges"": 4, ""n_intervals"": 5, ""n_vertices"": 5, ""noise_reassigned"": 94, ""placement"": ""quantile"", ""slabs"": [{""k"": 1, ""n"": 32}, {""k"": 1, ""n"": 36}, {""k"": 1, ""n"": 35}, {""k"": 1, ""n"": 36}, {""k"": 1, ""n"": 32}]}], ""soundness_bound_holds"": true, ""step_rule"": ""scale_free"", ""topology_retention_nerve_to_frozen"": {""beta0_frozen"": 2, ""beta0_nerve"": 2, ""beta1_frozen"": 0, ""beta1_nerve"": 0}}",True
0.9649122807017544,3,False,0.005859375,0.005,,0.6682269999873824,12.23407499998575,11.565847999998368,wdbc,3,"{""epsilon"": 0.1, ""window"": 0.2}",LVQ3,10,3,57,512,0.994140625,315973545,False,,True
0.9649122807017544,3,False,0.005859375,0.005,"{""0"": 2, ""1"": 1}",0.07687700004316866,0.07687700004316866,0.0,wdbc,3,,KMeans,10,3,57,512,0.994140625,315973545,False,,True
0.8070175438596491,3,False,0.005859375,0.005,"{""0"": 2, ""1"": 1}",0.0003649999853223562,0.0003649999853223562,0.0,wdbc,3,,Random,10,3,57,512,0.994140625,315973545,False,,True
0.8421052631578947,3,False,0.005859375,0.005,,0.020347999990917742,0.020347999990917742,0.0,wdbc,3,,SPOT,10,3,57,512,0.994140625,315973545,False,,True
1.0,3,False,0.005859375,0.005,,1.5507050000014715,1.5507050000014715,0.0,wdbc,3,,GLVQ,10,3,57,512,0.994140625,315973545,False,,True
0.9649122807017544,3,False,0.005859375,0.005,,0.04197800002293661,0.04197800002293661,0.0,wdbc,3,,GNG,10,3,57,512,0.994140625,315973545,False,,True
0.9824561403508771,5,False,0.009765625,0.01,,0.0001010000123642385,0.0001010000123642385,0.0,wdbc,3,,Full,10,512,57,512,0.0,315973545,True,,False
0.9298245614035088,5,False,0.009765625,0.01,,0.06821399996988475,0.06821399996988475,0.0,wdbc,3,,RSP3,10,95,57,512,0.814453125,315973545,True,,False
0.9298245614035088,5,False,0.009765625,0.01,,0.12376799999037758,0.12376799999037758,0.0,wdbc,3,,RHC,10,35,57,512,0.931640625,315973545,True,,False
0.8771929824561403,5,False,0.009765625,0.01,,1.5838109999895096,1.5838109999895096,0.0,wdbc,3,,SPINE+1NN,10,5,57,512,0.990234375,315973545,False,"{""admission"": {""criterion"": ""risk"", ""removed_risk"": 0, ""removed_support"": 0}, ""betti_final"": [[1, 0], [1, 0]], ""betti_frozen"": [[1, 0], [1, 0]], ""betti_nerve"": [[1, 0], [1, 0]], ""boundary_restriction"": ""both"", ""forced_removals"": 0, ""growth_representation_fallbacks"": 0, ""invariant_held"": true, ""n_segments"": 3, ""n_train_fit"": 384, ""n_val"": 128, ""phase0"": [{""constant_lens"": false, ""gain"": 0.25, ""lens"": ""pc1"", ""lens_scaling"": ""standardize"", ""min_cluster_size"": 15, ""min_samples"": 5, ""n_class"": 241, ""n_edges"": 4, ""n_intervals"": 5, ""n_vertices"": 5, ""noise_reassigned"": 214, ""placement"": ""quantile"", ""slabs"": [{""k"": 1, ""n"": 55}, {""k"": 1, ""n"": 60}, {""k"": 1, ""n"": 61}, {""k"": 1, ""n"": 60}, {""k"": 1, ""n"": 55}]}, {""constant_lens"": false, ""gain"": 0.25, ""lens"": ""pc1"", ""lens_scaling"": ""standardize"", ""min_cluster_size"": 15, ""min_samples"": 5, ""n_class"": 143, ""n_edges"": 4, ""n_intervals"": 5, ""n_vertices"": 5, ""noise_reassigned"": 94, ""placement"": ""quantile"", ""slabs"": [{""k"": 1, ""n"": 32}, {""k"": 1, ""n"": 36}, {""k"": 1, ""n"": 35}, {""k"": 1, ""n"": 36}, {""k"": 1, ""n"": 32}]}], ""soundness_bound_holds"": true, ""step_rule"": ""scale_free"", ""topology_retention_nerve_to_frozen"": {""beta0_frozen"": 2, ""beta0_nerve"": 2, ""beta1_frozen"": 0, ""beta1_nerve"": 0}}",True
0.8771929824561403,5,False,0.009765625,0.01,,1.5838109999895096,1.5838109999895096,0.0,wdbc,3,,SPINE+Graph,10,5,57,512,0.990234375,315973545,False,"{""admission"": {""criterion"": ""risk"", ""removed_risk"": 0, ""removed_support"": 0}, ""betti_final"": [[1, 0], [1, 0]], ""betti_frozen"": [[1, 0], [1, 0]], ""betti_nerve"": [[1, 0], [1, 0]], ""boundary_restriction"": ""both"", ""forced_removals"": 0, ""growth_representation_fallbacks"": 0, ""invariant_held"": true, ""n_segments"": 3, ""n_train_fit"": 384, ""n_val"": 128, ""phase0"": [{""constant_lens"": false, ""gain"": 0.25, ""lens"": ""pc1"", ""lens_scaling"": ""standardize"", ""min_cluster_size"": 15, ""min_samples"": 5, ""n_class"": 241, ""n_edges"": 4, ""n_intervals"": 5, ""n_vertices"": 5, ""noise_reassigned"": 214, ""placement"": ""quantile"", ""slabs"": [{""k"": 1, ""n"": 55}, {""k"": 1, ""n"": 60}, {""k"": 1, ""n"": 61}, {""k"": 1, ""n"": 60}, {""k"": 1, ""n"": 55}]}, {""constant_lens"": false, ""gain"": 0.25, ""lens"": ""pc1"", ""lens_scaling"": ""standardize"", ""min_cluster_size"": 15, ""min_samples"": 5, ""n_class"": 143, ""n_edges"": 4, ""n_intervals"": 5, ""n_vertices"": 5, ""noise_reassigned"": 94, ""placement"": ""quantile"", ""slabs"": [{""k"": 1, ""n"": 32}, {""k"": 1, ""n"": 36}, {""k"": 1, ""n"": 35}, {""k"": 1, ""n"": 36}, {""k"": 1, ""n"": 32}]}], ""soundness_bound_holds"": true, ""step_rule"": ""scale_free"", ""topology_retention_nerve_to_frozen"": {""beta0_frozen"": 2, ""beta0_nerve"": 2, ""beta1_frozen"": 0, ""beta1_nerve"": 0}}",True
0.9824561403508771,5,False,0.009765625,0.01,,0.7281419999781065,12.765471999999136,12.03733000002103,wdbc,3,"{""epsilon"": 0.1, ""window"": 0.3}",LVQ3,10,5,57,512,0.990234375,315973545,False,,True
0.9824561403508771,5,False,0.009765625,0.01,"{""0"": 3, ""1"": 2}",0.1214489999692887,0.1214489999692887,0.0,wdbc,3,,KMeans,10,5,57,512,0.990234375,315973545,False,,True
0.9649122807017544,5,False,0.009765625,0.01,"{""0"": 3, ""1"": 2}",0.0004759999574162066,0.0004759999574162066,0.0,wdbc,3,,Random,10,5,57,512,0.990234375,315973545,False,,True
0.9824561403508771,5,False,0.009765625,0.01,,0.053041000035591424,0.053041000035591424,0.0,wdbc,3,,SPOT,10,5,57,512,0.990234375,315973545,False,,True
1.0,5,False,0.009765625,0.01,,1.575866000028327,1.575866000028327,0.0,wdbc,3,,GLVQ,10,5,57,512,0.990234375,315973545,False,,True
0.9824561403508771,5,False,0.009765625,0.01,,0.06878899998264387,0.06878899998264387,0.0,wdbc,3,,GNG,10,5,57,512,0.990234375,315973545,False,,True
0.9824561403508771,10,False,0.01953125,0.02,,0.0001010000123642385,0.0001010000123642385,0.0,wdbc,3,,Full,10,512,57,512,0.0,315973545,True,,False
0.9298245614035088,10,False,0.01953125,0.02,,0.06821399996988475,0.06821399996988475,0.0,wdbc,3,,RSP3,10,95,57,512,0.814453125,315973545,True,,False
0.9298245614035088,10,False,0.01953125,0.02,,0.12376799999037758,0.12376799999037758,0.0,wdbc,3,,RHC,10,35,57,512,0.931640625,315973545,True,,False
0.8947368421052632,10,False,0.01953125,0.02,,1.6196249999920838,1.6196249999920838,0.0,wdbc,3,,SPINE+1NN,10,10,57,512,0.98046875,315973545,False,"{""admission"": {""criterion"": ""risk"", ""removed_risk"": 0, ""removed_support"": 0}, ""betti_final"": [[1, 0], [1, 0]], ""betti_frozen"": [[1, 0], [1, 0]], ""betti_nerve"": [[1, 0], [1, 0]], ""boundary_restriction"": ""both"", ""forced_removals"": 0, ""growth_representation_fallbacks"": 3, ""invariant_held"": true, ""n_segments"": 8, ""n_train_fit"": 384, ""n_val"": 128, ""phase0"": [{""constant_lens"": false, ""gain"": 0.25, ""lens"": ""pc1"", ""lens_scaling"": ""standardize"", ""min_cluster_size"": 15, ""min_samples"": 5, ""n_class"": 241, ""n_edges"": 4, ""n_intervals"": 5, ""n_vertices"": 5, ""noise_reassigned"": 214, ""placement"": ""quantile"", ""slabs"": [{""k"": 1, ""n"": 55}, {""k"": 1, ""n"": 60}, {""k"": 1, ""n"": 61}, {""k"": 1, ""n"": 60}, {""k"": 1, ""n"": 55}]}, {""constant_lens"": false, ""gain"": 0.25, ""lens"": ""pc1"", ""lens_scaling"": ""standardize"", ""min_cluster_size"": 15, ""min_samples"": 5, ""n_class"": 143, ""n_edges"": 4, ""n_intervals"": 5, ""n_vertices"": 5, ""noise_reassigned"": 94, ""placement"": ""quantile"", ""slabs"": [{""k"": 1, ""n"": 32}, {""k"": 1, ""n"": 36}, {""k"": 1, ""n"": 35}, {""k"": 1, ""n"": 36}, {""k"": 1, ""n"": 32}]}], ""soundness_bound_holds"": true, ""step_rule"": ""scale_free"", ""topology_retention_nerve_to_frozen"": {""beta0_frozen"": 2, ""beta0_nerve"": 2, ""beta1_frozen"": 0, ""beta1_nerve"": 0}}",True
0.9122807017543859,10,False,0.01953125,0.02,,1.6196249999920838,1.6196249999920838,0.0,wdbc,3,,SPINE+Graph,10,10,57,512,0.98046875,315973545,False,"{""admission"": {""criterion"": ""risk"", ""removed_risk"": 0, ""removed_support"": 0}, ""betti_final"": [[1, 0], [1, 0]], ""betti_frozen"": [[1, 0], [1, 0]], ""betti_nerve"": [[1, 0], [1, 0]], ""boundary_restriction"": ""both"", ""forced_removals"": 0, ""growth_representation_fallbacks"": 3, ""invariant_held"": true, ""n_segments"": 8, ""n_train_fit"": 384, ""n_val"": 128, ""phase0"": [{""constant_lens"": false, ""gain"": 0.25, ""lens"": ""pc1"", ""lens_scaling"": ""standardize"", ""min_cluster_size"": 15, ""min_samples"": 5, ""n_class"": 241, ""n_edges"": 4, ""n_intervals"": 5, ""n_vertices"": 5, ""noise_reassigned"": 214, ""placement"": ""quantile"", ""slabs"": [{""k"": 1, ""n"": 55}, {""k"": 1, ""n"": 60}, {""k"": 1, ""n"": 61}, {""k"": 1, ""n"": 60}, {""k"": 1, ""n"": 55}]}, {""constant_lens"": false, ""gain"": 0.25, ""lens"": ""pc1"", ""lens_scaling"": ""standardize"", ""min_cluster_size"": 15, ""min_samples"": 5, ""n_class"": 143, ""n_edges"": 4, ""n_intervals"": 5, ""n_vertices"": 5, ""noise_reassigned"": 94, ""placement"": ""quantile"", ""slabs"": [{""k"": 1, ""n"": 32}, {""k"": 1, ""n"": 36}, {""k"": 1, ""n"": 35}, {""k"": 1, ""n"": 36}, {""k"": 1, ""n"": 32}]}], ""soundness_bound_holds"": true, ""step_rule"": ""scale_free"", ""topology_retention_nerve_to_frozen"": {""beta0_frozen"": 2, ""beta0_nerve"": 2, ""beta1_frozen"": 0, ""beta1_nerve"": 0}}",True
1.0,10,False,0.01953125,0.02,,0.8249550000182353,14.749649000004865,13.92469399998663,wdbc,3,"{""epsilon"": 0.1, ""window"": 0.2}",LVQ3,10,10,57,512,0.98046875,315973545,False,,True
1.0,10,False,0.01953125,0.02,"{""0"": 6, ""1"": 4}",0.10506600001826882,0.10506600001826882,0.0,wdbc,3,,KMeans,10,10,57,512,0.98046875,315973545,False,,True
0.9298245614035088,10,False,0.01953125,0.02,"{""0"": 6, ""1"": 4}",0.0004830000107176602,0.0004830000107176602,0.0,wdbc,3,,Random,10,10,57,512,0.98046875,315973545,False,,True
0.9824561403508771,10,False,0.01953125,0.02,,0.08089700003620237,0.08089700003620237,0.0,wdbc,3,,SPOT,10,10,57,512,0.98046875,315973545,False,,True
0.9824561403508771,10,False,0.01953125,0.02,,1.6167179999756627,1.6167179999756627,0.0,wdbc,3,,GLVQ,10,10,57,512,0.98046875,315973545,False,,True
0.9824561403508771,10,False,0.01953125,0.02,,0.22570900002028793,0.22570900002028793,0.0,wdbc,3,,GNG,10,10,57,512,0.98046875,315973545,False,,True
0.9824561403508771,26,False,0.05078125,0.05,,0.0001010000123642385,0.0001010000123642385,0.0,wdbc,3,,Full,10,512,57,512,0.0,315973545,True,,False
0.9298245614035088,26,False,0.05078125,0.05,,0.06821399996988475,0.06821399996988475,0.0,wdbc,3,,RSP3,10,95,57,512,0.814453125,315973545,True,,False
0.9298245614035088,26,False,0.05078125,0.05,,0.12376799999037758,0.12376799999037758,0.0,wdbc,3,,RHC,10,35,57,512,0.931640625,315973545,True,,False
1.0,26,False,0.05078125,0.05,,1.6676050000241958,1.6676050000241958,0.0,wdbc,3,,SPINE+1NN,10,26,57,512,0.94921875,315973545,False,"{""admission"": {""criterion"": ""risk"", ""removed_risk"": 0, ""removed_support"": 0}, ""betti_final"": [[1, 0], [1, 0]], ""betti_frozen"": [[1, 0], [1, 0]], ""betti_nerve"": [[1, 0], [1, 0]], ""boundary_restriction"": ""both"", ""forced_removals"": 0, ""growth_representation_fallbacks"": 15, ""invariant_held"": true, ""n_segments"": 24, ""n_train_fit"": 384, ""n_val"": 128, ""phase0"": [{""constant_lens"": false, ""gain"": 0.25, ""lens"": ""pc1"", ""lens_scaling"": ""standardize"", ""min_cluster_size"": 15, ""min_samples"": 5, ""n_class"": 241, ""n_edges"": 4, ""n_intervals"": 5, ""n_vertices"": 5, ""noise_reassigned"": 214, ""placement"": ""quantile"", ""slabs"": [{""k"": 1, ""n"": 55}, {""k"": 1, ""n"": 60}, {""k"": 1, ""n"": 61}, {""k"": 1, ""n"": 60}, {""k"": 1, ""n"": 55}]}, {""constant_lens"": false, ""gain"": 0.25, ""lens"": ""pc1"", ""lens_scaling"": ""standardize"", ""min_cluster_size"": 15, ""min_samples"": 5, ""n_class"": 143, ""n_edges"": 4, ""n_intervals"": 5, ""n_vertices"": 5, ""noise_reassigned"": 94, ""placement"": ""quantile"", ""slabs"": [{""k"": 1, ""n"": 32}, {""k"": 1, ""n"": 36}, {""k"": 1, ""n"": 35}, {""k"": 1, ""n"": 36}, {""k"": 1, ""n"": 32}]}], ""soundness_bound_holds"": true, ""step_rule"": ""scale_free"", ""topology_retention_nerve_to_frozen"": {""beta0_frozen"": 2, ""beta0_nerve"": 2, ""beta1_frozen"": 0, ""beta1_nerve"": 0}}",True
1.0,26,False,0.05078125,0.05,,1.6676050000241958,1.6676050000241958,0.0,wdbc,3,,SPINE+Graph,10,26,57,512,0.94921875,315973545,False,"{""admission"": {""criterion"": ""risk"", ""removed_risk"": 0, ""removed_support"": 0}, ""betti_final"": [[1, 0], [1, 0]], ""betti_frozen"": [[1, 0], [1, 0]], ""betti_nerve"": [[1, 0], [1, 0]], ""boundary_restriction"": ""both"", ""forced_removals"": 0, ""growth_representation_fallbacks"": 15, ""invariant_held"": true, ""n_segments"": 24, ""n_train_fit"": 384, ""n_val"": 128, ""phase0"": [{""constant_lens"": false, ""gain"": 0.25, ""lens"": ""pc1"", ""lens_scaling"": ""standardize"", ""min_cluster_size"": 15, ""min_samples"": 5, ""n_class"": 241, ""n_edges"": 4, ""n_intervals"": 5, ""n_vertices"": 5, ""noise_reassigned"": 214, ""placement"": ""quantile"", ""slabs"": [{""k"": 1, ""n"": 55}, {""k"": 1, ""n"": 60}, {""k"": 1, ""n"": 61}, {""k"": 1, ""n"": 60}, {""k"": 1, ""n"": 55}]}, {""constant_lens"": false, ""gain"": 0.25, ""lens"": ""pc1"", ""lens_scaling"": ""standardize"", ""min_cluster_size"": 15, ""min_samples"": 5, ""n_class"": 143, ""n_edges"": 4, ""n_intervals"": 5, ""n_vertices"": 5, ""noise_reassigned"": 94, ""placement"": ""quantile"", ""slabs"": [{""k"": 1, ""n"": 32}, {""k"": 1, ""n"": 36}, {""k"": 1, ""n"": 35}, {""k"": 1, ""n"": 36}, {""k"": 1, ""n"": 32}]}], ""soundness_bound_holds"": true, ""step_rule"": ""scale_free"", ""topology_retention_nerve_to_frozen"": {""beta0_frozen"": 2, ""beta0_nerve"": 2, ""beta1_frozen"": 0, ""beta1_nerve"": 0}}",True
0.9824561403508771,26,False,0.05078125,0.05,,0.8437249999842606,13.997325000003912,13.153600000019651,wdbc,3,"{""epsilon"": 0.3, ""window"": 0.3}",LVQ3,10,26,57,512,0.94921875,315973545,False,,True
0.9649122807017544,26,False,0.05078125,0.05,"{""0"": 16, ""1"": 10}",0.15882199996849522,0.15882199996849522,0.0,wdbc,3,,KMeans,10,26,57,512,0.94921875,315973545,False,,True
0.9649122807017544,26,False,0.05078125,0.05,"{""0"": 16, ""1"": 10}",0.0005119999987073243,0.0005119999987073243,0.0,wdbc,3,,Random,10,26,57,512,0.94921875,315973545,False,,True
0.9824561403508771,26,False,0.05078125,0.05,,0.12508500000694767,0.12508500000694767,0.0,wdbc,3,,SPOT,10,26,57,512,0.94921875,315973545,False,,True
0.9824561403508771,26,False,0.05078125,0.05,,1.801822999957949,1.801822999957949,0.0,wdbc,3,,GLVQ,10,26,57,512,0.94921875,315973545,False,,True
0.9649122807017544,26,False,0.05078125,0.05,,0.8730990000185557,0.8730990000185557,0.0,wdbc,3,,GNG,10,26,57,512,0.94921875,315973545,False,,True
0.9824561403508771,51,False,0.099609375,0.1,,0.0001010000123642385,0.0001010000123642385,0.0,wdbc,3,,Full,10,512,57,512,0.0,315973545,True,,False
0.9298245614035088,51,False,0.099609375,0.1,,0.06821399996988475,0.06821399996988475,0.0,wdbc,3,,RSP3,10,95,57,512,0.814453125,315973545,True,,False
0.9298245614035088,51,False,0.099609375,0.1,,0.12376799999037758,0.12376799999037758,0.0,wdbc,3,,RHC,10,35,57,512,0.931640625,315973545,True,,False
0.9824561403508771,51,False,0.099609375,0.1,,1.640443000011146,1.640443000011146,0.0,wdbc,3,,SPINE+1NN,10,51,57,512,0.900390625,315973545,False,"{""admission"": {""criterion"": ""risk"", ""removed_risk"": 0, ""removed_support"": 0}, ""betti_final"": [[1, 0], [1, 0]], ""betti_frozen"": [[1, 0], [1, 0]], ""betti_nerve"": [[1, 0], [1, 0]], ""boundary_restriction"": ""both"", ""forced_removals"": 0, ""growth_representation_fallbacks"": 44, ""invariant_held"": true, ""n_segments"": 49, ""n_train_fit"": 384, ""n_val"": 128, ""phase0"": [{""constant_lens"": false, ""gain"": 0.25, ""lens"": ""pc1"", ""lens_scaling"": ""standardize"", ""min_cluster_size"": 15, ""min_samples"": 5, ""n_class"": 241, ""n_edges"": 4, ""n_intervals"": 5, ""n_vertices"": 5, ""noise_reassigned"": 214, ""placement"": ""quantile"", ""slabs"": [{""k"": 1, ""n"": 55}, {""k"": 1, ""n"": 60}, {""k"": 1, ""n"": 61}, {""k"": 1, ""n"": 60}, {""k"": 1, ""n"": 55}]}, {""constant_lens"": false, ""gain"": 0.25, ""lens"": ""pc1"", ""lens_scaling"": ""standardize"", ""min_cluster_size"": 15, ""min_samples"": 5, ""n_class"": 143, ""n_edges"": 4, ""n_intervals"": 5, ""n_vertices"": 5, ""noise_reassigned"": 94, ""placement"": ""quantile"", ""slabs"": [{""k"": 1, ""n"": 32}, {""k"": 1, ""n"": 36}, {""k"": 1, ""n"": 35}, {""k"": 1, ""n"": 36}, {""k"": 1, ""n"": 32}]}], ""soundness_bound_holds"": true, ""step_rule"": ""scale_free"", ""topology_retention_nerve_to_frozen"": {""beta0_frozen"": 2, ""beta0_nerve"": 2, ""beta1_frozen"": 0, ""beta1_nerve"": 0}}",True
0.9824561403508771,51,False,0.099609375,0.1,,1.640443000011146,1.640443000011146,0.0,wdbc,3,,SPINE+Graph,10,51,57,512,0.900390625,315973545,False,"{""admission"": {""criterion"": ""risk"", ""removed_risk"": 0, ""removed_support"": 0}, ""betti_final"": [[1, 0], [1, 0]], ""betti_frozen"": [[1, 0], [1, 0]], ""betti_nerve"": [[1, 0], [1, 0]], ""boundary_restriction"": ""both"", ""forced_removals"": 0, ""growth_representation_fallbacks"": 44, ""invariant_held"": true, ""n_segments"": 49, ""n_train_fit"": 384, ""n_val"": 128, ""phase0"": [{""constant_lens"": false, ""gain"": 0.25, ""lens"": ""pc1"", ""lens_scaling"": ""standardize"", ""min_cluster_size"": 15, ""min_samples"": 5, ""n_class"": 241, ""n_edges"": 4, ""n_intervals"": 5, ""n_vertices"": 5, ""noise_reassigned"": 214, ""placement"": ""quantile"", ""slabs"": [{""k"": 1, ""n"": 55}, {""k"": 1, ""n"": 60}, {""k"": 1, ""n"": 61}, {""k"": 1, ""n"": 60}, {""k"": 1, ""n"": 55}]}, {""constant_lens"": false, ""gain"": 0.25, ""lens"": ""pc1"", ""lens_scaling"": ""standardize"", ""min_cluster_size"": 15, ""min_samples"": 5, ""n_class"": 143, ""n_edges"": 4, ""n_intervals"": 5, ""n_vertices"": 5, ""noise_reassigned"": 94, ""placement"": ""quantile"", ""slabs"": [{""k"": 1, ""n"": 32}, {""k"": 1, ""n"": 36}, {""k"": 1, ""n"": 35}, {""k"": 1, ""n"": 36}, {""k"": 1, ""n"": 32}]}], ""soundness_bound_holds"": true, ""step_rule"": ""scale_free"", ""topology_retention_nerve_to_frozen"": {""beta0_frozen"": 2, ""beta0_nerve"": 2, ""beta1_frozen"": 0, ""beta1_nerve"": 0}}",True
0.9649122807017544,51,False,0.099609375,0.1,,0.9182880000444129,15.889484000043012,14.9711959999986,wdbc,3,"{""epsilon"": 0.1, ""window"": 0.3}",LVQ3,10,51,57,512,0.900390625,315973545,False,,True
0.9824561403508771,51,False,0.099609375,0.1,"{""0"": 32, ""1"": 19}",0.21420399995986372,0.21420399995986372,0.0,wdbc,3,,KMeans,10,51,57,512,0.900390625,315973545,False,,True
0.9473684210526315,51,False,0.099609375,0.1,"{""0"": 32, ""1"": 19}",0.0005470000323839486,0.0005470000323839486,0.0,wdbc,3,,Random,10,51,57,512,0.900390625,315973545,False,,True
0.9824561403508771,51,False,0.099609375,0.1,,0.1536140000098385,0.1536140000098385,0.0,wdbc,3,,SPOT,10,51,57,512,0.900390625,315973545,False,,True
0.9824561403508771,51,False,0.099609375,0.1,,2.080223000026308,2.080223000026308,0.0,wdbc,3,,GLVQ,10,51,57,512,0.900390625,315973545,False,,True
0.9824561403508771,51,False,0.099609375,0.1,,1.634623999998439,1.634623999998439,0.0,wdbc,3,,GNG,10,51,57,512,0.900390625,315973545,False,,True
0.9824561403508771,128,False,0.25,0.25,,0.0001010000123642385,0.0001010000123642385,0.0,wdbc,3,,Full,10,512,57,512,0.0,315973545,True,,False
0.9298245614035088,128,False,0.25,0.25,,0.06821399996988475,0.06821399996988475,0.0,wdbc,3,,RSP3,10,95,57,512,0.814453125,315973545,True,,False
0.9298245614035088,128,False,0.25,0.25,,0.12376799999037758,0.12376799999037758,0.0,wdbc,3,,RHC,10,35,57,512,0.931640625,315973545,True,,False
0.9824561403508771,128,False,0.25,0.25,,1.841513000021223,1.841513000021223,0.0,wdbc,3,,SPINE+1NN,10,128,57,512,0.75,315973545,False,"{""admission"": {""criterion"": ""risk"", ""removed_risk"": 0, ""removed_support"": 0}, ""betti_final"": [[1, 0], [1, 0]], ""betti_frozen"": [[1, 0], [1, 0]], ""betti_nerve"": [[1, 0], [1, 0]], ""boundary_restriction"": ""both"", ""forced_removals"": 0, ""growth_representation_fallbacks"": 132, ""invariant_held"": true, ""n_segments"": 126, ""n_train_fit"": 384, ""n_val"": 128, ""phase0"": [{""constant_lens"": false, ""gain"": 0.25, ""lens"": ""pc1"", ""lens_scaling"": ""standardize"", ""min_cluster_size"": 15, ""min_samples"": 5, ""n_class"": 241, ""n_edges"": 4, ""n_intervals"": 5, ""n_vertices"": 5, ""noise_reassigned"": 214, ""placement"": ""quantile"", ""slabs"": [{""k"": 1, ""n"": 55}, {""k"": 1, ""n"": 60}, {""k"": 1, ""n"": 61}, {""k"": 1, ""n"": 60}, {""k"": 1, ""n"": 55}]}, {""constant_lens"": false, ""gain"": 0.25, ""lens"": ""pc1"", ""lens_scaling"": ""standardize"", ""min_cluster_size"": 15, ""min_samples"": 5, ""n_class"": 143, ""n_edges"": 4, ""n_intervals"": 5, ""n_vertices"": 5, ""noise_reassigned"": 94, ""placement"": ""quantile"", ""slabs"": [{""k"": 1, ""n"": 32}, {""k"": 1, ""n"": 36}, {""k"": 1, ""n"": 35}, {""k"": 1, ""n"": 36}, {""k"": 1, ""n"": 32}]}], ""soundness_bound_holds"": true, ""step_rule"": ""scale_free"", ""topology_retention_nerve_to_frozen"": {""beta0_frozen"": 2, ""beta0_nerve"": 2, ""beta1_frozen"": 0, ""beta1_nerve"": 0}}",True
0.9824561403508771,128,False,0.25,0.25,,1.841513000021223,1.841513000021223,0.0,wdbc,3,,SPINE+Graph,10,128,57,512,0.75,315973545,False,"{""admission"": {""criterion"": ""risk"", ""removed_risk"": 0, ""removed_support"": 0}, ""betti_final"": [[1, 0], [1, 0]], ""betti_frozen"": [[1, 0], [1, 0]], ""betti_nerve"": [[1, 0], [1, 0]], ""boundary_restriction"": ""both"", ""forced_removals"": 0, ""growth_representation_fallbacks"": 132, ""invariant_held"": true, ""n_segments"": 126, ""n_train_fit"": 384, ""n_val"": 128, ""phase0"": [{""constant_lens"": false, ""gain"": 0.25, ""lens"": ""pc1"", ""lens_scaling"": ""standardize"", ""min_cluster_size"": 15, ""min_samples"": 5, ""n_class"": 241, ""n_edges"": 4, ""n_intervals"": 5, ""n_vertices"": 5, ""noise_reassigned"": 214, ""placement"": ""quantile"", ""slabs"": [{""k"": 1, ""n"": 55}, {""k"": 1, ""n"": 60}, {""k"": 1, ""n"": 61}, {""k"": 1, ""n"": 60}, {""k"": 1, ""n"": 55}]}, {""constant_lens"": false, ""gain"": 0.25, ""lens"": ""pc1"", ""lens_scaling"": ""standardize"", ""min_cluster_size"": 15, ""min_samples"": 5, ""n_class"": 143, ""n_edges"": 4, ""n_intervals"": 5, ""n_vertices"": 5, ""noise_reassigned"": 94, ""placement"": ""quantile"", ""slabs"": [{""k"": 1, ""n"": 32}, {""k"": 1, ""n"": 36}, {""k"": 1, ""n"": 35}, {""k"": 1, ""n"": 36}, {""k"": 1, ""n"": 32}]}], ""soundness_bound_holds"": true, ""step_rule"": ""scale_free"", ""topology_retention_nerve_to_frozen"": {""beta0_frozen"": 2, ""beta0_nerve"": 2, ""beta1_frozen"": 0, ""beta1_nerve"": 0}}",True
0.9824561403508771,128,False,0.25,0.25,,1.5668610000284389,28.647438000014517,27.08057699998608,wdbc,3,"{""epsilon"": 0.3, ""window"": 0.3}",LVQ3,10,128,57,512,0.75,315973545,False,,True
0.9649122807017544,128,False,0.25,0.25,"{""0"": 80, ""1"": 48}",0.43258299998706207,0.43258299998706207,0.0,wdbc,3,,KMeans,10,128,57,512,0.75,315973545,False,,True
0.9824561403508771,128,False,0.25,0.25,"{""0"": 80, ""1"": 48}",0.0006089999806135893,0.0006089999806135893,0.0,wdbc,3,,Random,10,128,57,512,0.75,315973545,False,,True
0.9824561403508771,128,False,0.25,0.25,,0.19978600001195446,0.19978600001195446,0.0,wdbc,3,,SPOT,10,128,57,512,0.75,315973545,False,,True
0.9824561403508771,128,False,0.25,0.25,,2.903952999971807,2.903952999971807,0.0,wdbc,3,,GLVQ,10,128,57,512,0.75,315973545,False,,True
0.9649122807017544,128,False,0.25,0.25,,2.5568680000142194,2.5568680000142194,0.0,wdbc,3,,GNG,10,128,57,512,0.75,315973545,False,,True
0.9473684210526315,3,False,0.005859375,0.005,,0.00010299996938556433,0.00010299996938556433,0.0,wdbc,4,,Full,10,512,57,512,0.0,316973548,False,,False
0.9298245614035088,3,False,0.005859375,0.005,,0.07765200000721961,0.07765200000721961,0.0,wdbc,4,,RSP3,10,95,57,512,0.814453125,316973548,False,,False
0.8947368421052632,3,False,0.005859375,0.005,,0.10926699999254197,0.10926699999254197,0.0,wdbc,4,,RHC,10,29,57,512,0.943359375,316973548,False,,False
0.8771929824561403,3,False,0.005859375,0.005,,1.5374220000230707,1.5374220000230707,0.0,wdbc,4,,SPINE+1NN,10,3,57,512,0.994140625,316973548,False,"{""admission"": {""criterion"": ""risk"", ""removed_risk"": 1, ""removed_support"": 0}, ""betti_final"": [[2, 0], [1, 0]], ""betti_frozen"": [[2, 0], [1, 0]], ""betti_nerve"": [[1, 0], [1, 0]], ""boundary_restriction"": ""both"", ""forced_removals"": 0, ""growth_representation_fallbacks"": 0, ""invariant_held"": true, ""n_segments"": 0, ""n_train_fit"": 384, ""n_val"": 128, ""phase0"": [{""constant_lens"": false, ""gain"": 0.25, ""lens"": ""pc1"", ""lens_scaling"": ""standardize"", ""min_cluster_size"": 15, ""min_samples"": 5, ""n_class"": 241, ""n_edges"": 4, ""n_intervals"": 5, ""n_vertices"": 5, ""noise_reassigned"": 216, ""placement"": ""quantile"", ""slabs"": [{""k"": 1, ""n"": 55}, {""k"": 1, ""n"": 60}, {""k"": 1, ""n"": 61}, {""k"": 1, ""n"": 60}, {""k"": 1, ""n"": 55}]}, {""constant_lens"": false, ""gain"": 0.25, ""lens"": ""pc1"", ""lens_scaling"": ""standardize"", ""min_cluster_size"": 15, ""min_samples"": 5, ""n_class"": 143, ""n_edges"": 4, ""n_intervals"": 5, ""n_vertices"": 5, ""noise_reassigned"": 96, ""placement"": ""quantile"", ""slabs"": [{""k"": 1, ""n"": 32}, {""k"": 1, ""n"": 36}, {""k"": 1, ""n"": 35}, {""k"": 1, ""n"": 36}, {""k"": 1, ""n"": 32}]}], ""soundness_bound_holds"": true, ""step_rule"": ""scale_free"", ""topology_retention_nerve_to_frozen"": {""beta0_frozen"": 3, ""beta0_nerve"": 2, ""beta1_frozen"": 0, ""beta1_nerve"": 0}}",True
0.8771929824561403,3,False,0.005859375,0.005,,1.5374220000230707,1.5374220000230707,0.0,wdbc,4,,SPINE+Graph,10,3,57,512,0.994140625,316973548,False,"{""admission"": {""criterion"": ""risk"", ""removed_risk"": 1, ""removed_support"": 0}, ""betti_final"": [[2, 0], [1, 0]], ""betti_frozen"": [[2, 0], [1, 0]], ""betti_nerve"": [[1, 0], [1, 0]], ""boundary_restriction"": ""both"", ""forced_removals"": 0, ""growth_representation_fallbacks"": 0, ""invariant_held"": true, ""n_segments"": 0, ""n_train_fit"": 384, ""n_val"": 128, ""phase0"": [{""constant_lens"": false, ""gain"": 0.25, ""lens"": ""pc1"", ""lens_scaling"": ""standardize"", ""min_cluster_size"": 15, ""min_samples"": 5, ""n_class"": 241, ""n_edges"": 4, ""n_intervals"": 5, ""n_vertices"": 5, ""noise_reassigned"": 216, ""placement"": ""quantile"", ""slabs"": [{""k"": 1, ""n"": 55}, {""k"": 1, ""n"": 60}, {""k"": 1, ""n"": 61}, {""k"": 1, ""n"": 60}, {""k"": 1, ""n"": 55}]}, {""constant_lens"": false, ""gain"": 0.25, ""lens"": ""pc1"", ""lens_scaling"": ""standardize"", ""min_cluster_size"": 15, ""min_samples"": 5, ""n_class"": 143, ""n_edges"": 4, ""n_intervals"": 5, ""n_vertices"": 5, ""noise_reassigned"": 96, ""placement"": ""quantile"", ""slabs"": [{""k"": 1, ""n"": 32}, {""k"": 1, ""n"": 36}, {""k"": 1, ""n"": 35}, {""k"": 1, ""n"": 36}, {""k"": 1, ""n"": 32}]}], ""soundness_bound_holds"": true, ""step_rule"": ""scale_free"", ""topology_retention_nerve_to_frozen"": {""beta0_frozen"": 3, ""beta0_nerve"": 2, ""beta1_frozen"": 0, ""beta1_nerve"": 0}}",True
0.9473684210526315,3,False,0.005859375,0.005,,0.7591699999757111,12.889743999985512,12.130574000009801,wdbc,4,"{""epsilon"": 0.1, ""window"": 0.2}",LVQ3,10,3,57,512,0.994140625,316973548,False,,True
0.9122807017543859,3,False,0.005859375,0.005,"{""0"": 2, ""1"": 1}",0.07655599998543039,0.07655599998543039,0.0,wdbc,4,,KMeans,10,3,57,512,0.994140625,316973548,False,,True
0.7719298245614035,3,False,0.005859375,0.005,"{""0"": 2, ""1"": 1}",0.0004900000058114529,0.0004900000058114529,0.0,wdbc,4,,Random,10,3,57,512,0.994140625,316973548,False,,True
0.8771929824561403,3,False,0.005859375,0.005,,0.02562600001692772,0.02562600001692772,0.0,wdbc,4,,SPOT,10,3,57,512,0.994140625,316973548,False,,True
0.9122807017543859,3,False,0.005859375,0.005,,1.5329299999866635,1.5329299999866635,0.0,wdbc,4,,GLVQ,10,3,57,512,0.994140625,316973548,False,,True
0.9298245614035088,3,False,0.005859375,0.005,,0.04177700000582263,0.04177700000582263,0.0,wdbc,4,,GNG,10,3,57,512,0.994140625,316973548,False,,True
0.9473684210526315,5,False,0.009765625,0.01,,0.00010299996938556433,0.00010299996938556433,0.0,wdbc,4,,Full,10,512,57,512,0.0,316973548,True,,False
0.9298245614035088,5,False,0.009765625,0.01,,0.07765200000721961,0.07765200000721961,0.0,wdbc,4,,RSP3,10,95,57,512,0.814453125,316973548,True,,False
0.8947368421052632,5,False,0.009765625,0.01,,0.10926699999254197,0.10926699999254197,0.0,wdbc,4,,RHC,10,29,57,512,0.943359375,316973548,True,,False
0.8947368421052632,5,False,0.009765625,0.01,,1.564018000033684,1.564018000033684,0.0,wdbc,4,,SPINE+1NN,10,5,57,512,0.990234375,316973548,False,"{""admission"": {""criterion"": ""risk"", ""removed_risk"": 1, ""removed_support"": 0}, ""betti_final"": [[2, 0], [1, 0]], ""betti_frozen"": [[2, 0], [1, 0]], ""betti_nerve"": [[1, 0], [1, 0]], ""boundary_restriction"": ""both"", ""forced_removals"": 0, ""growth_representation_fallbacks"": 0, ""invariant_held"": true, ""n_segments"": 2, ""n_train_fit"": 384, ""n_val"": 128, ""phase0"": [{""constant_lens"": false, ""gain"": 0.25, ""lens"": ""pc1"", ""lens_scaling"": ""standardize"", ""min_cluster_size"": 15, ""min_samples"": 5, ""n_class"": 241, ""n_edges"": 4, ""n_intervals"": 5, ""n_vertices"": 5, ""noise_reassigned"": 216, ""placement"": ""quantile"", ""slabs"": [{""k"": 1, ""n"": 55}, {""k"": 1, ""n"": 60}, {""k"": 1, ""n"": 61}, {""k"": 1, ""n"": 60}, {""k"": 1, ""n"": 55}]}, {""constant_lens"": false, ""gain"": 0.25, ""lens"": ""pc1"", ""lens_scaling"": ""standardize"", ""min_cluster_size"": 15, ""min_samples"": 5, ""n_class"": 143, ""n_edges"": 4, ""n_intervals"": 5, ""n_vertices"": 5, ""noise_reassigned"": 96, ""placement"": ""quantile"", ""slabs"": [{""k"": 1, ""n"": 32}, {""k"": 1, ""n"": 36}, {""k"": 1, ""n"": 35}, {""k"": 1, ""n"": 36}, {""k"": 1, ""n"": 32}]}], ""soundness_bound_holds"": true, ""step_rule"": ""scale_free"", ""topology_retention_nerve_to_frozen"": {""beta0_frozen"": 3, ""beta0_nerve"": 2, ""beta1_frozen"": 0, ""beta1_nerve"": 0}}",True
0.8947368421052632,5,False,0.009765625,0.01,,1.564018000033684,1.564018000033684,0.0,wdbc,4,,SPINE+Graph,10,5,57,512,0.990234375,316973548,False,"{""admission"": {""criterion"": ""risk"", ""removed_risk"": 1, ""removed_support"": 0}, ""betti_final"": [[2, 0], [1, 0]], ""betti_frozen"": [[2, 0], [1, 0]], ""betti_nerve"": [[1, 0], [1, 0]], ""boundary_restriction"": ""both"", ""forced_removals"": 0, ""growth_representation_fallbacks"": 0, ""invariant_held"": true, ""n_segments"": 2, ""n_train_fit"": 384, ""n_val"": 128, ""phase0"": [{""constant_lens"": false, ""gain"": 0.25, ""lens"": ""pc1"", ""lens_scaling"": ""standardize"", ""min_cluster_size"": 15, ""min_samples"": 5, ""n_class"": 241, ""n_edges"": 4, ""n_intervals"": 5, ""n_vertices"": 5, ""noise_reassigned"": 216, ""placement"": ""quantile"", ""slabs"": [{""k"": 1, ""n"": 55}, {""k"": 1, ""n"": 60}, {""k"": 1, ""n"": 61}, {""k"": 1, ""n"": 60}, {""k"": 1, ""n"": 55}]}, {""constant_lens"": false, ""gain"": 0.25, ""lens"": ""pc1"", ""lens_scaling"": ""standardize"", ""min_cluster_size"": 15, ""min_samples"": 5, ""n_class"": 143, ""n_edges"": 4, ""n_intervals"": 5, ""n_vertices"": 5, ""noise_reassigned"": 96, ""placement"": ""quantile"", ""slabs"": [{""k"": 1, ""n"": 32}, {""k"": 1, ""n"": 36}, {""k"": 1, ""n"": 35}, {""k"": 1, ""n"": 36}, {""k"": 1, ""n"": 32}]}], ""soundness_bound_holds"": true, ""step_rule"": ""scale_free"", ""topology_retention_nerve_to_frozen"": {""beta0_frozen"": 3, ""beta0_nerve"": 2, ""beta1_frozen"": 0, ""beta1_nerve"": 0}}",True
0.9649122807017544,5,False,0.009765625,0.01,,0.7248409999883734,12.826641999999993,12.10180100001162,wdbc,4,"{""epsilon"": 0.1, ""window"": 0.2}",LVQ3,10,5,57,512,0.990234375,316973548,False,,True
0.8947368421052632,5,False,0.009765625,0.01,"{""0"": 3, ""1"": 2}",0.10365000000456348,0.10365000000456348,0.0,wdbc,4,,KMeans,10,5,57,512,0.990234375,316973548,False,,True
0.8947368421052632,5,False,0.009765625,0.01,"{""0"": 3, ""1"": 2}",0.0005119999987073243,0.0005119999987073243,0.0,wdbc,4,,Random,10,5,57,512,0.990234375,316973548,False,,True
0.8596491228070176,5,False,0.009765625,0.01,,0.05503400001907721,0.05503400001907721,0.0,wdbc,4,,SPOT,10,5,57,512,0.990234375,316973548,False,,True
0.9122807017543859,5,False,0.009765625,0.01,,1.5531740000005811,1.5531740000005811,0.0,wdbc,4,,GLVQ,10,5,57,512,0.990234375,316973548,False,,True
0.8947368421052632,5,False,0.009765625,0.01,,0.0652620000182651,0.0652620000182651,0.0,wdbc,4,,GNG,10,5,57,512,0.990234375,316973548,False,,True
0.9473684210526315,10,False,0.01953125,0.02,,0.00010299996938556433,0.00010299996938556433,0.0,wdbc,4,,Full,10,512,57,512,0.0,316973548,True,,False
0.9298245614035088,10,False,0.01953125,0.02,,0.07765200000721961,0.07765200000721961,0.0,wdbc,4,,RSP3,10,95,57,512,0.814453125,316973548,True,,False
0.8947368421052632,10,False,0.01953125,0.02,,0.10926699999254197,0.10926699999254197,0.0,wdbc,4,,RHC,10,29,57,512,0.943359375,316973548,True,,False
0.8947368421052632,10,False,0.01953125,0.02,,1.585175000014715,1.585175000014715,0.0,wdbc,4,,SPINE+1NN,10,10,57,512,0.98046875,316973548,False,"{""admission"": {""criterion"": ""risk"", ""removed_risk"": 1, ""removed_support"": 0}, ""betti_final"": [[2, 0], [1, 0]], ""betti_frozen"": [[2, 0], [1, 0]], ""betti_nerve"": [[1, 0], [1, 0]], ""boundary_restriction"": ""both"", ""forced_removals"": 0, ""growth_representation_fallbacks"": 3, ""invariant_held"": true, ""n_segments"": 7, ""n_train_fit"": 384, ""n_val"": 128, ""phase0"": [{""constant_lens"": false, ""gain"": 0.25, ""lens"": ""pc1"", ""lens_scaling"": ""standardize"", ""min_cluster_size"": 15, ""min_samples"": 5, ""n_class"": 241, ""n_edges"": 4, ""n_intervals"": 5, ""n_vertices"": 5, ""noise_reassigned"": 216, ""placement"": ""quantile"", ""slabs"": [{""k"": 1, ""n"": 55}, {""k"": 1, ""n"": 60}, {""k"": 1, ""n"": 61}, {""k"": 1, ""n"": 60}, {""k"": 1, ""n"": 55}]}, {""constant_lens"": false, ""gain"": 0.25, ""lens"": ""pc1"", ""lens_scaling"": ""standardize"", ""min_cluster_size"": 15, ""min_samples"": 5, ""n_class"": 143, ""n_edges"": 4, ""n_intervals"": 5, ""n_vertices"": 5, ""noise_reassigned"": 96, ""placement"": ""quantile"", ""slabs"": [{""k"": 1, ""n"": 32}, {""k"": 1, ""n"": 36}, {""k"": 1, ""n"": 35}, {""k"": 1, ""n"": 36}, {""k"": 1, ""n"": 32}]}], ""soundness_bound_holds"": true, ""step_rule"": ""scale_free"", ""topology_retention_nerve_to_frozen"": {""beta0_frozen"": 3, ""beta0_nerve"": 2, ""beta1_frozen"": 0, ""beta1_nerve"": 0}}",True
0.8947368421052632,10,False,0.01953125,0.02,,1.585175000014715,1.585175000014715,0.0,wdbc,4,,SPINE+Graph,10,10,57,512,0.98046875,316973548,False,"{""admission"": {""criterion"": ""risk"", ""removed_risk"": 1, ""removed_support"": 0}, ""betti_final"": [[2, 0], [1, 0]], ""betti_frozen"": [[2, 0], [1, 0]], ""betti_nerve"": [[1, 0], [1, 0]], ""boundary_restriction"": ""both"", ""forced_removals"": 0, ""growth_representation_fallbacks"": 3, ""invariant_held"": true, ""n_segments"": 7, ""n_train_fit"": 384, ""n_val"": 128, ""phase0"": [{""constant_lens"": false, ""gain"": 0.25, ""lens"": ""pc1"", ""lens_scaling"": ""standardize"", ""min_cluster_size"": 15, ""min_samples"": 5, ""n_class"": 241, ""n_edges"": 4, ""n_intervals"": 5, ""n_vertices"": 5, ""noise_reassigned"": 216, ""placement"": ""quantile"", ""slabs"": [{""k"": 1, ""n"": 55}, {""k"": 1, ""n"": 60}, {""k"": 1, ""n"": 61}, {""k"": 1, ""n"": 60}, {""k"": 1, ""n"": 55}]}, {""constant_lens"": false, ""gain"": 0.25, ""lens"": ""pc1"", ""lens_scaling"": ""standardize"", ""min_cluster_size"": 15, ""min_samples"": 5, ""n_class"": 143, ""n_edges"": 4, ""n_intervals"": 5, ""n_vertices"": 5, ""noise_reassigned"": 96, ""placement"": ""quantile"", ""slabs"": [{""k"": 1, ""n"": 32}, {""k"": 1, ""n"": 36}, {""k"": 1, ""n"": 35}, {""k"": 1, ""n"": 36}, {""k"": 1, ""n"": 32}]}], ""soundness_bound_holds"": true, ""step_rule"": ""scale_free"", ""topology_retention_nerve_to_frozen"": {""beta0_frozen"": 3, ""beta0_nerve"": 2, ""beta1_frozen"": 0, ""beta1_nerve"": 0}}",True
0.9298245614035088,10,False,0.01953125,0.02,,0.7482449999661185,13.43691199994646,12.688666999980342,wdbc,4,"{""epsilon"": 0.1, ""window"": 0.3}",LVQ3,10,10,57,512,0.98046875,316973548,False,,True
0.9298245614035088,10,False,0.01953125,0.02,"{""0"": 6, ""1"": 4}",0.13714200002141297,0.13714200002141297,0.0,wdbc,4,,KMeans,10,10,57,512,0.98046875,316973548,False,,True
0.9298245614035088,10,False,0.01953125,0.02,"{""0"": 6, ""1"": 4}",0.0004959999932907522,0.0004959999932907522,0.0,wdbc,4,,Random,10,10,57,512,0.98046875,316973548,False,,True
0.9298245614035088,10,False,0.01953125,0.02,,0.08581999997841194,0.08581999997841194,0.0,wdbc,4,,SPOT,10,10,57,512,0.98046875,316973548,False,,True
0.9122807017543859,10,False,0.01953125,0.02,,1.6381229999824427,1.6381229999824427,0.0,wdbc,4,,GLVQ,10,10,57,512,0.98046875,316973548,False,,True
0.9473684210526315,10,False,0.01953125,0.02,,0.2183470000163652,0.2183470000163652,0.0,wdbc,4,,GNG,10,10,57,512,0.98046875,316973548,False,,True
0.9473684210526315,26,False,0.05078125,0.05,,0.00010299996938556433,0.00010299996938556433,0.0,wdbc,4,,Full,10,512,57,512,0.0,316973548,True,,False
0.9298245614035088,26,False,0.05078125,0.05,,0.07765200000721961,0.07765200000721961,0.0,wdbc,4,,RSP3,10,95,57,512,0.814453125,316973548,True,,False
0.8947368421052632,26,False,0.05078125,0.05,,0.10926699999254197,0.10926699999254197,0.0,wdbc,4,,RHC,10,29,57,512,0.943359375,316973548,True,,False
0.9122807017543859,26,False,0.05078125,0.05,,1.671206000028178,1.671206000028178,0.0,wdbc,4,,SPINE+1NN,10,26,57,512,0.94921875,316973548,False,"{""admission"": {""criterion"": ""risk"", ""removed_risk"": 1, ""removed_support"": 0}, ""betti_final"": [[2, 0], [1, 0]], ""betti_frozen"": [[2, 0], [1, 0]], ""betti_nerve"": [[1, 0], [1, 0]], ""boundary_restriction"": ""both"", ""forced_removals"": 0, ""growth_representation_fallbacks"": 15, ""invariant_held"": true, ""n_segments"": 23, ""n_train_fit"": 384, ""n_val"": 128, ""phase0"": [{""constant_lens"": false, ""gain"": 0.25, ""lens"": ""pc1"", ""lens_scaling"": ""standardize"", ""min_cluster_size"": 15, ""min_samples"": 5, ""n_class"": 241, ""n_edges"": 4, ""n_intervals"": 5, ""n_vertices"": 5, ""noise_reassigned"": 216, ""placement"": ""quantile"", ""slabs"": [{""k"": 1, ""n"": 55}, {""k"": 1, ""n"": 60}, {""k"": 1, ""n"": 61}, {""k"": 1, ""n"": 60}, {""k"": 1, ""n"": 55}]}, {""constant_lens"": false, ""gain"": 0.25, ""lens"": ""pc1"", ""lens_scaling"": ""standardize"", ""min_cluster_size"": 15, ""min_samples"": 5, ""n_class"": 143, ""n_edges"": 4, ""n_intervals"": 5, ""n_vertices"": 5, ""noise_reassigned"": 96, ""placement"": ""quantile"", ""slabs"": [{""k"": 1, ""n"": 32}, {""k"": 1, ""n"": 36}, {""k"": 1, ""n"": 35}, {""k"": 1, ""n"": 36}, {""k"": 1, ""n"": 32}]}], ""soundness_bound_holds"": true, ""step_rule"": ""scale_free"", ""topology_retention_nerve_to_frozen"": {""beta0_frozen"": 3, ""beta0_nerve"": 2, ""beta1_frozen"": 0, ""beta1_nerve"": 0}}",True
0.9122807017543859,26,False,0.05078125,0.05,,1.671206000028178,1.671206000028178,0.0,wdbc,4,,SPINE+Graph,10,26,57,512,0.94921875,316973548,False,"{""admission"": {""criterion"": ""risk"", ""removed_risk"": 1, ""removed_support"": 0}, ""betti_final"": [[2, 0], [1, 0]], ""betti_frozen"": [[2, 0], [1, 0]], ""betti_nerve"": [[1, 0], [1, 0]], ""boundary_restriction"": ""both"", ""forced_removals"": 0, ""growth_representation_fallbacks"": 15, ""invariant_held"": true, ""n_segments"": 23, ""n_train_fit"": 384, ""n_val"": 128, ""phase0"": [{""constant_lens"": false, ""gain"": 0.25, ""lens"": ""pc1"", ""lens_scaling"": ""standardize"", ""min_cluster_size"": 15, ""min_samples"": 5, ""n_class"": 241, ""n_edges"": 4, ""n_intervals"": 5, ""n_vertices"": 5, ""noise_reassigned"": 216, ""placement"": ""quantile"", ""slabs"": [{""k"": 1, ""n"": 55}, {""k"": 1, ""n"": 60}, {""k"": 1, ""n"": 61}, {""k"": 1, ""n"": 60}, {""k"": 1, ""n"": 55}]}, {""constant_lens"": false, ""gain"": 0.25, ""lens"": ""pc1"", ""lens_scaling"": ""standardize"", ""min_cluster_size"": 15, ""min_samples"": 5, ""n_class"": 143, ""n_edges"": 4, ""n_intervals"": 5, ""n_vertices"": 5, ""noise_reassigned"": 96, ""placement"": ""quantile"", ""slabs"": [{""k"": 1, ""n"": 32}, {""k"": 1, ""n"": 36}, {""k"": 1, ""n"": 35}, {""k"": 1, ""n"": 36}, {""k"": 1, ""n"": 32}]}], ""soundness_bound_holds"": true, ""step_rule"": ""scale_free"", ""topology_retention_nerve_to_frozen"": {""beta0_frozen"": 3, ""beta0_nerve"": 2, ""beta1_frozen"": 0, ""beta1_nerve"": 0}}",True
0.8947368421052632,26,False,0.05078125,0.05,,0.8110849999939092,14.60010699997656,13.789021999982651,wdbc,4,"{""epsilon"": 0.3, ""window"": 0.3}",LVQ3,10,26,57,512,0.94921875,316973548,False,,True
0.9649122807017544,26,False,0.05078125,0.05,"{""0"": 16, ""1"": 10}",0.14210100000491366,0.14210100000491366,0.0,wdbc,4,,KMeans,10,26,57,512,0.94921875,316973548,False,,True
0.8771929824561403,26,False,0.05078125,0.05,"{""0"": 16, ""1"": 10}",0.00048400001833215356,0.00048400001833215356,0.0,wdbc,4,,Random,10,26,57,512,0.94921875,316973548,False,,True
0.9122807017543859,26,False,0.05078125,0.05,,0.12650499999290332,0.12650499999290332,0.0,wdbc,4,,SPOT,10,26,57,512,0.94921875,316973548,False,,True
0.9122807017543859,26,False,0.05078125,0.05,,1.8053609999478795,1.8053609999478795,0.0,wdbc,4,,GLVQ,10,26,57,512,0.94921875,316973548,False,,True
0.9473684210526315,26,False,0.05078125,0.05,,0.854122000047937,0.854122000047937,0.0,wdbc,4,,GNG,10,26,57,512,0.94921875,316973548,False,,True
0.9473684210526315,51,False,0.099609375,0.1,,0.00010299996938556433,0.00010299996938556433,0.0,wdbc,4,,Full,10,512,57,512,0.0,316973548,True,,False
0.9298245614035088,51,False,0.099609375,0.1,,0.07765200000721961,0.07765200000721961,0.0,wdbc,4,,RSP3,10,95,57,512,0.814453125,316973548,True,,False
0.8947368421052632,51,False,0.099609375,0.1,,0.10926699999254197,0.10926699999254197,0.0,wdbc,4,,RHC,10,29,57,512,0.943359375,316973548,True,,False
0.9298245614035088,51,False,0.099609375,0.1,,1.7007860000012442,1.7007860000012442,0.0,wdbc,4,,SPINE+1NN,10,51,57,512,0.900390625,316973548,False,"{""admission"": {""criterion"": ""risk"", ""removed_risk"": 1, ""removed_support"": 0}, ""betti_final"": [[2, 0], [1, 0]], ""betti_frozen"": [[2, 0], [1, 0]], ""betti_nerve"": [[1, 0], [1, 0]], ""boundary_restriction"": ""both"", ""forced_removals"": 0, ""growth_representation_fallbacks"": 42, ""invariant_held"": true, ""n_segments"": 48, ""n_train_fit"": 384, ""n_val"": 128, ""phase0"": [{""constant_lens"": false, ""gain"": 0.25, ""lens"": ""pc1"", ""lens_scaling"": ""standardize"", ""min_cluster_size"": 15, ""min_samples"": 5, ""n_class"": 241, ""n_edges"": 4, ""n_intervals"": 5, ""n_vertices"": 5, ""noise_reassigned"": 216, ""placement"": ""quantile"", ""slabs"": [{""k"": 1, ""n"": 55}, {""k"": 1, ""n"": 60}, {""k"": 1, ""n"": 61}, {""k"": 1, ""n"": 60}, {""k"": 1, ""n"": 55}]}, {""constant_lens"": false, ""gain"": 0.25, ""lens"": ""pc1"", ""lens_scaling"": ""standardize"", ""min_cluster_size"": 15, ""min_samples"": 5, ""n_class"": 143, ""n_edges"": 4, ""n_intervals"": 5, ""n_vertices"": 5, ""noise_reassigned"": 96, ""placement"": ""quantile"", ""slabs"": [{""k"": 1, ""n"": 32}, {""k"": 1, ""n"": 36}, {""k"": 1, ""n"": 35}, {""k"": 1, ""n"": 36}, {""k"": 1, ""n"": 32}]}], ""soundness_bound_holds"": true, ""step_rule"": ""scale_free"", ""topology_retention_nerve_to_frozen"": {""beta0_frozen"": 3, ""beta0_nerve"": 2, ""beta1_frozen"": 0, ""beta1_nerve"": 0}}",True
0.9298245614035088,51,False,0.099609375,0.1,,1.7007860000012442,1.7007860000012442,0.0,wdbc,4,,SPINE+Graph,10,51,57,512,0.900390625,316973548,False,"{""admission"": {""criterion"": ""risk"", ""removed_risk"": 1, ""removed_support"": 0}, ""betti_final"": [[2, 0], [1, 0]], ""betti_frozen"": [[2, 0], [1, 0]], ""betti_nerve"": [[1, 0], [1, 0]], ""boundary_restriction"": ""both"", ""forced_removals"": 0, ""growth_representation_fallbacks"": 42, ""invariant_held"": true, ""n_segments"": 48, ""n_train_fit"": 384, ""n_val"": 128, ""phase0"": [{""constant_lens"": false, ""gain"": 0.25, ""lens"": ""pc1"", ""lens_scaling"": ""standardize"", ""min_cluster_size"": 15, ""min_samples"": 5, ""n_class"": 241, ""n_edges"": 4, ""n_intervals"": 5, ""n_vertices"": 5, ""noise_reassigned"": 216, ""placement"": ""quantile"", ""slabs"": [{""k"": 1, ""n"": 55}, {""k"": 1, ""n"": 60}, {""k"": 1, ""n"": 61}, {""k"": 1, ""n"": 60}, {""k"": 1, ""n"": 55}]}, {""constant_lens"": false, ""gain"": 0.25, ""lens"": ""pc1"", ""lens_scaling"": ""standardize"", ""min_cluster_size"": 15, ""min_samples"": 5, ""n_class"": 143, ""n_edges"": 4, ""n_intervals"": 5, ""n_vertices"": 5, ""noise_reassigned"": 96, ""placement"": ""quantile"", ""slabs"": [{""k"": 1, ""n"": 32}, {""k"": 1, ""n"": 36}, {""k"": 1, ""n"": 35}, {""k"": 1, ""n"": 36}, {""k"": 1, ""n"": 32}]}], ""soundness_bound_holds"": true, ""step_rule"": ""scale_free"", ""topology_retention_nerve_to_frozen"": {""beta0_frozen"": 3, ""beta0_nerve"": 2, ""beta1_frozen"": 0, ""beta1_nerve"": 0}}",True
0.9649122807017544,51,False,0.099609375,0.1,,0.9548310000100173,16.810747999988962,15.855916999978945,wdbc,4,"{""epsilon"": 0.3, ""window"": 0.2}",LVQ3,10,51,57,512,0.900390625,316973548,False,,True
0.9649122807017544,51,False,0.099609375,0.1,"{""0"": 32, ""1"": 19}",0.21964699996169657,0.21964699996169657,0.0,wdbc,4,,KMeans,10,51,57,512,0.900390625,316973548,False,,True
0.9473684210526315,51,False,0.099609375,0.1,"{""0"": 32, ""1"": 19}",0.0005130000063218176,0.0005130000063218176,0.0,wdbc,4,,Random,10,51,57,512,0.900390625,316973548,False,,True
0.9298245614035088,51,False,0.099609375,0.1,,0.16131299996050075,0.16131299996050075,0.0,wdbc,4,,SPOT,10,51,57,512,0.900390625,316973548,False,,True
0.9122807017543859,51,False,0.099609375,0.1,,2.0743249999941327,2.0743249999941327,0.0,wdbc,4,,GLVQ,10,51,57,512,0.900390625,316973548,False,,True
0.9649122807017544,51,False,0.099609375,0.1,,1.6208499999484047,1.6208499999484047,0.0,wdbc,4,,GNG,10,51,57,512,0.900390625,316973548,False,,True
0.9473684210526315,128,False,0.25,0.25,,0.00010299996938556433,0.00010299996938556433,0.0,wdbc,4,,Full,10,512,57,512,0.0,316973548,True,,False
0.9298245614035088,128,False,0.25,0.25,,0.07765200000721961,0.07765200000721961,0.0,wdbc,4,,RSP3,10,95,57,512,0.814453125,316973548,True,,False
0.8947368421052632,128,False,0.25,0.25,,0.10926699999254197,0.10926699999254197,0.0,wdbc,4,,RHC,10,29,57,512,0.943359375,316973548,True,,False
0.9122807017543859,128,False,0.25,0.25,,1.8415919999824837,1.8415919999824837,0.0,wdbc,4,,SPINE+1NN,10,128,57,512,0.75,316973548,False,"{""admission"": {""criterion"": ""risk"", ""removed_risk"": 1, ""removed_support"": 0}, ""betti_final"": [[2, 0], [1, 0]], ""betti_frozen"": [[2, 0], [1, 0]], ""betti_nerve"": [[1, 0], [1, 0]], ""boundary_restriction"": ""both"", ""forced_removals"": 0, ""growth_representation_fallbacks"": 134, ""invariant_held"": true, ""n_segments"": 125, ""n_train_fit"": 384, ""n_val"": 128, ""phase0"": [{""constant_lens"": false, ""gain"": 0.25, ""lens"": ""pc1"", ""lens_scaling"": ""standardize"", ""min_cluster_size"": 15, ""min_samples"": 5, ""n_class"": 241, ""n_edges"": 4, ""n_intervals"": 5, ""n_vertices"": 5, ""noise_reassigned"": 216, ""placement"": ""quantile"", ""slabs"": [{""k"": 1, ""n"": 55}, {""k"": 1, ""n"": 60}, {""k"": 1, ""n"": 61}, {""k"": 1, ""n"": 60}, {""k"": 1, ""n"": 55}]}, {""constant_lens"": false, ""gain"": 0.25, ""lens"": ""pc1"", ""lens_scaling"": ""standardize"", ""min_cluster_size"": 15, ""min_samples"": 5, ""n_class"": 143, ""n_edges"": 4, ""n_intervals"": 5, ""n_vertices"": 5, ""noise_reassigned"": 96, ""placement"": ""quantile"", ""slabs"": [{""k"": 1, ""n"": 32}, {""k"": 1, ""n"": 36}, {""k"": 1, ""n"": 35}, {""k"": 1, ""n"": 36}, {""k"": 1, ""n"": 32}]}], ""soundness_bound_holds"": true, ""step_rule"": ""scale_free"", ""topology_retention_nerve_to_frozen"": {""beta0_frozen"": 3, ""beta0_nerve"": 2, ""beta1_frozen"": 0, ""beta1_nerve"": 0}}",True
0.9122807017543859,128,False,0.25,0.25,,1.8415919999824837,1.8415919999824837,0.0,wdbc,4,,SPINE+Graph,10,128,57,512,0.75,316973548,False,"{""admission"": {""criterion"": ""risk"", ""removed_risk"": 1, ""removed_support"": 0}, ""betti_final"": [[2, 0], [1, 0]], ""betti_frozen"": [[2, 0], [1, 0]], ""betti_nerve"": [[1, 0], [1, 0]], ""boundary_restriction"": ""both"", ""forced_removals"": 0, ""growth_representation_fallbacks"": 134, ""invariant_held"": true, ""n_segments"": 125, ""n_train_fit"": 384, ""n_val"": 128, ""phase0"": [{""constant_lens"": false, ""gain"": 0.25, ""lens"": ""pc1"", ""lens_scaling"": ""standardize"", ""min_cluster_size"": 15, ""min_samples"": 5, ""n_class"": 241, ""n_edges"": 4, ""n_intervals"": 5, ""n_vertices"": 5, ""noise_reassigned"": 216, ""placement"": ""quantile"", ""slabs"": [{""k"": 1, ""n"": 55}, {""k"": 1, ""n"": 60}, {""k"": 1, ""n"": 61}, {""k"": 1, ""n"": 60}, {""k"": 1, ""n"": 55}]}, {""constant_lens"": false, ""gain"": 0.25, ""lens"": ""pc1"", ""lens_scaling"": ""standardize"", ""min_cluster_size"": 15, ""min_samples"": 5, ""n_class"": 143, ""n_edges"": 4, ""n_intervals"": 5, ""n_vertices"": 5, ""noise_reassigned"": 96, ""placement"": ""quantile"", ""slabs"": [{""k"": 1, ""n"": 32}, {""k"": 1, ""n"": 36}, {""k"": 1, ""n"": 35}, {""k"": 1, ""n"": 36}, {""k"": 1, ""n"": 32}]}], ""soundness_bound_holds"": true, ""step_rule"": ""scale_free"", ""topology_retention_nerve_to_frozen"": {""beta0_frozen"": 3, ""beta0_nerve"": 2, ""beta1_frozen"": 0, ""beta1_nerve"": 0}}",True
0.9649122807017544,128,False,0.25,0.25,,1.5433929999708198,28.302158000005875,26.758765000035055,wdbc,4,"{""epsilon"": 0.1, ""window"": 0.2}",LVQ3,10,128,57,512,0.75,316973548,False,,True
0.9824561403508771,128,False,0.25,0.25,"{""0"": 80, ""1"": 48}",0.5150980000034906,0.5150980000034906,0.0,wdbc,4,,KMeans,10,128,57,512,0.75,316973548,False,,True
0.9649122807017544,128,False,0.25,0.25,"{""0"": 80, ""1"": 48}",0.0005920000257901847,0.0005920000257901847,0.0,wdbc,4,,Random,10,128,57,512,0.75,316973548,False,,True
0.9298245614035088,128,False,0.25,0.25,,0.20910699997330084,0.20910699997330084,0.0,wdbc,4,,SPOT,10,128,57,512,0.75,316973548,False,,True
0.9122807017543859,128,False,0.25,0.25,,2.9070300000021234,2.9070300000021234,0.0,wdbc,4,,GLVQ,10,128,57,512,0.75,316973548,False,,True
0.9649122807017544,128,False,0.25,0.25,,2.570781000016723,2.570781000016723,0.0,wdbc,4,,GNG,10,128,57,512,0.75,316973548,False,,True
0.9298245614035088,3,False,0.005859375,0.005,,8.599995635449886e-05,8.599995635449886e-05,0.0,wdbc,5,,Full,10,512,57,512,0.0,317973551,False,,False
0.9298245614035088,3,False,0.005859375,0.005,,0.08125000004656613,0.08125000004656613,0.0,wdbc,5,,RSP3,10,96,57,512,0.8125,317973551,False,,False
0.9298245614035088,3,False,0.005859375,0.005,,0.16435499995714054,0.16435499995714054,0.0,wdbc,5,,RHC,10,40,57,512,0.921875,317973551,False,,False
0.9122807017543859,3,False,0.005859375,0.005,,1.561329000047408,1.561329000047408,0.0,wdbc,5,,SPINE+1NN,10,3,57,512,0.994140625,317973551,False,"{""admission"": {""criterion"": ""risk"", ""removed_risk"": 0, ""removed_support"": 0}, ""betti_final"": [[1, 0], [1, 0]], ""betti_frozen"": [[1, 0], [1, 0]], ""betti_nerve"": [[1, 0], [1, 0]], ""boundary_restriction"": ""both"", ""forced_removals"": 0, ""growth_representation_fallbacks"": 0, ""invariant_held"": true, ""n_segments"": 1, ""n_train_fit"": 384, ""n_val"": 128, ""phase0"": [{""constant_lens"": false, ""gain"": 0.25, ""lens"": ""pc1"", ""lens_scaling"": ""standardize"", ""min_cluster_size"": 15, ""min_samples"": 5, ""n_class"": 241, ""n_edges"": 4, ""n_intervals"": 5, ""n_vertices"": 5, ""noise_reassigned"": 215, ""placement"": ""quantile"", ""slabs"": [{""k"": 1, ""n"": 55}, {""k"": 1, ""n"": 60}, {""k"": 1, ""n"": 61}, {""k"": 1, ""n"": 60}, {""k"": 1, ""n"": 55}]}, {""constant_lens"": false, ""gain"": 0.25, ""lens"": ""pc1"", ""lens_scaling"": ""standardize"", ""min_cluster_size"": 15, ""min_samples"": 5, ""n_class"": 143, ""n_edges"": 4, ""n_intervals"": 5, ""n_vertices"": 5, ""noise_reassigned"": 92, ""placement"": ""quantile"", ""slabs"": [{""k"": 1, ""n"": 32}, {""k"": 1, ""n"": 36}, {""k"": 1, ""n"": 35}, {""k"": 1, ""n"": 36}, {""k"": 1, ""n"": 32}]}], ""soundness_bound_holds"": true, ""step_rule"": ""scale_free"", ""topology_retention_nerve_to_frozen"": {""beta0_frozen"": 2, ""beta0_nerve"": 2, ""beta1_frozen"": 0, ""beta1_nerve"": 0}}",True
0.9122807017543859,3,False,0.005859375,0.005,,1.561329000047408,1.561329000047408,0.0,wdbc,5,,SPINE+Graph,10,3,57,512,0.994140625,317973551,False,"{""admission"": {""criterion"": ""risk"", ""removed_risk"": 0, ""removed_support"": 0}, ""betti_final"": [[1, 0], [1, 0]], ""betti_frozen"": [[1, 0], [1, 0]], ""betti_nerve"": [[1, 0], [1, 0]], ""boundary_restriction"": ""both"", ""forced_removals"": 0, ""growth_representation_fallbacks"": 0, ""invariant_held"": true, ""n_segments"": 1, ""n_train_fit"": 384, ""n_val"": 128, ""phase0"": [{""constant_lens"": false, ""gain"": 0.25, ""lens"": ""pc1"", ""lens_scaling"": ""standardize"", ""min_cluster_size"": 15, ""min_samples"": 5, ""n_class"": 241, ""n_edges"": 4, ""n_intervals"": 5, ""n_vertices"": 5, ""noise_reassigned"": 215, ""placement"": ""quantile"", ""slabs"": [{""k"": 1, ""n"": 55}, {""k"": 1, ""n"": 60}, {""k"": 1, ""n"": 61}, {""k"": 1, ""n"": 60}, {""k"": 1, ""n"": 55}]}, {""constant_lens"": false, ""gain"": 0.25, ""lens"": ""pc1"", ""lens_scaling"": ""standardize"", ""min_cluster_size"": 15, ""min_samples"": 5, ""n_class"": 143, ""n_edges"": 4, ""n_intervals"": 5, ""n_vertices"": 5, ""noise_reassigned"": 92, ""placement"": ""quantile"", ""slabs"": [{""k"": 1, ""n"": 32}, {""k"": 1, ""n"": 36}, {""k"": 1, ""n"": 35}, {""k"": 1, ""n"": 36}, {""k"": 1, ""n"": 32}]}], ""soundness_bound_holds"": true, ""step_rule"": ""scale_free"", ""topology_retention_nerve_to_frozen"": {""beta0_frozen"": 2, ""beta0_nerve"": 2, ""beta1_frozen"": 0, ""beta1_nerve"": 0}}",True
0.8947368421052632,3,False,0.005859375,0.005,,0.7609989999909885,12.884056999988388,12.1230579999974,wdbc,5,"{""epsilon"": 0.1, ""window"": 0.2}",LVQ3,10,3,57,512,0.994140625,317973551,False,,True
0.9473684210526315,3,False,0.005859375,0.005,"{""0"": 2, ""1"": 1}",0.05435099999886006,0.05435099999886006,0.0,wdbc,5,,KMeans,10,3,57,512,0.994140625,317973551,False,,True
0.8947368421052632,3,False,0.005859375,0.005,"{""0"": 2, ""1"": 1}",0.0011919999960809946,0.0011919999960809946,0.0,wdbc,5,,Random,10,3,57,512,0.994140625,317973551,False,,True
0.8947368421052632,3,False,0.005859375,0.005,,0.023615000012796372,0.023615000012796372,0.0,wdbc,5,,SPOT,10,3,57,512,0.994140625,317973551,False,,True
0.8947368421052632,3,False,0.005859375,0.005,,1.5500340000144206,1.5500340000144206,0.0,wdbc,5,,GLVQ,10,3,57,512,0.994140625,317973551,False,,True
0.9473684210526315,3,False,0.005859375,0.005,,0.04221499996492639,0.04221499996492639,0.0,wdbc,5,,GNG,10,3,57,512,0.994140625,317973551,False,,True
0.9298245614035088,5,False,0.009765625,0.01,,8.599995635449886e-05,8.599995635449886e-05,0.0,wdbc,5,,Full,10,512,57,512,0.0,317973551,True,,False
0.9298245614035088,5,False,0.009765625,0.01,,0.08125000004656613,0.08125000004656613,0.0,wdbc,5,,RSP3,10,96,57,512,0.8125,317973551,True,,False
0.9298245614035088,5,False,0.009765625,0.01,,0.16435499995714054,0.16435499995714054,0.0,wdbc,5,,RHC,10,40,57,512,0.921875,317973551,True,,False
0.9122807017543859,5,False,0.009765625,0.01,,1.5717600000207312,1.5717600000207312,0.0,wdbc,5,,SPINE+1NN,10,5,57,512,0.990234375,317973551,False,"{""admission"": {""criterion"": ""risk"", ""removed_risk"": 0, ""removed_support"": 0}, ""betti_final"": [[1, 0], [1, 0]], ""betti_frozen"": [[1, 0], [1, 0]], ""betti_nerve"": [[1, 0], [1, 0]], ""boundary_restriction"": ""both"", ""forced_removals"": 0, ""growth_representation_fallbacks"": 0, ""invariant_held"": true, ""n_segments"": 3, ""n_train_fit"": 384, ""n_val"": 128, ""phase0"": [{""constant_lens"": false, ""gain"": 0.25, ""lens"": ""pc1"", ""lens_scaling"": ""standardize"", ""min_cluster_size"": 15, ""min_samples"": 5, ""n_class"": 241, ""n_edges"": 4, ""n_intervals"": 5, ""n_vertices"": 5, ""noise_reassigned"": 215, ""placement"": ""quantile"", ""slabs"": [{""k"": 1, ""n"": 55}, {""k"": 1, ""n"": 60}, {""k"": 1, ""n"": 61}, {""k"": 1, ""n"": 60}, {""k"": 1, ""n"": 55}]}, {""constant_lens"": false, ""gain"": 0.25, ""lens"": ""pc1"", ""lens_scaling"": ""standardize"", ""min_cluster_size"": 15, ""min_samples"": 5, ""n_class"": 143, ""n_edges"": 4, ""n_intervals"": 5, ""n_vertices"": 5, ""noise_reassigned"": 92, ""placement"": ""quantile"", ""slabs"": [{""k"": 1, ""n"": 32}, {""k"": 1, ""n"": 36}, {""k"": 1, ""n"": 35}, {""k"": 1, ""n"": 36}, {""k"": 1, ""n"": 32}]}], ""soundness_bound_holds"": true, ""step_rule"": ""scale_free"", ""topology_retention_nerve_to_frozen"": {""beta0_frozen"": 2, ""beta0_nerve"": 2, ""beta1_frozen"": 0, ""beta1_nerve"": 0}}",True
0.9122807017543859,5,False,0.009765625,0.01,,1.5717600000207312,1.5717600000207312,0.0,wdbc,5,,SPINE+Graph,10,5,57,512,0.990234375,317973551,False,"{""admission"": {""criterion"": ""risk"", ""removed_risk"": 0, ""removed_support"": 0}, ""betti_final"": [[1, 0], [1, 0]], ""betti_frozen"": [[1, 0], [1, 0]], ""betti_nerve"": [[1, 0], [1, 0]], ""boundary_restriction"": ""both"", ""forced_removals"": 0, ""growth_representation_fallbacks"": 0, ""invariant_held"": true, ""n_segments"": 3, ""n_train_fit"": 384, ""n_val"": 128, ""phase0"": [{""constant_lens"": false, ""gain"": 0.25, ""lens"": ""pc1"", ""lens_scaling"": ""standardize"", ""min_cluster_size"": 15, ""min_samples"": 5, ""n_class"": 241, ""n_edges"": 4, ""n_intervals"": 5, ""n_vertices"": 5, ""noise_reassigned"": 215, ""placement"": ""quantile"", ""slabs"": [{""k"": 1, ""n"": 55}, {""k"": 1, ""n"": 60}, {""k"": 1, ""n"": 61}, {""k"": 1, ""n"": 60}, {""k"": 1, ""n"": 55}]}, {""constant_lens"": false, ""gain"": 0.25, ""lens"": ""pc1"", ""lens_scaling"": ""standardize"", ""min_cluster_size"": 15, ""min_samples"": 5, ""n_class"": 143, ""n_edges"": 4, ""n_intervals"": 5, ""n_vertices"": 5, ""noise_reassigned"": 92, ""placement"": ""quantile"", ""slabs"": [{""k"": 1, ""n"": 32}, {""k"": 1, ""n"": 36}, {""k"": 1, ""n"": 35}, {""k"": 1, ""n"": 36}, {""k"": 1, ""n"": 32}]}], ""soundness_bound_holds"": true, ""step_rule"": ""scale_free"", ""topology_retention_nerve_to_frozen"": {""beta0_frozen"": 2, ""beta0_nerve"": 2, ""beta1_frozen"": 0, ""beta1_nerve"": 0}}",True
0.9298245614035088,5,False,0.009765625,0.01,,0.8147319999989122,14.231858999992255,13.417126999993343,wdbc,5,"{""epsilon"": 0.1, ""window"": 0.3}",LVQ3,10,5,57,512,0.990234375,317973551,False,,True
0.9122807017543859,5,False,0.009765625,0.01,"{""0"": 3, ""1"": 2}",0.08442100003594533,0.08442100003594533,0.0,wdbc,5,,KMeans,10,5,57,512,0.990234375,317973551,False,,True
0.8947368421052632,5,False,0.009765625,0.01,"{""0"": 3, ""1"": 2}",0.00040600000647827983,0.00040600000647827983,0.0,wdbc,5,,Random,10,5,57,512,0.990234375,317973551,False,,True
0.8245614035087719,5,False,0.009765625,0.01,,0.05396200000541285,0.05396200000541285,0.0,wdbc,5,,SPOT,10,5,57,512,0.990234375,317973551,False,,True
0.9122807017543859,5,False,0.009765625,0.01,,1.566928000014741,1.566928000014741,0.0,wdbc,5,,GLVQ,10,5,57,512,0.990234375,317973551,False,,True
0.9298245614035088,5,False,0.009765625,0.01,,0.07064799999352545,0.07064799999352545,0.0,wdbc,5,,GNG,10,5,57,512,0.990234375,317973551,False,,True
0.9298245614035088,10,False,0.01953125,0.02,,8.599995635449886e-05,8.599995635449886e-05,0.0,wdbc,5,,Full,10,512,57,512,0.0,317973551,True,,False
0.9298245614035088,10,False,0.01953125,0.02,,0.08125000004656613,0.08125000004656613,0.0,wdbc,5,,RSP3,10,96,57,512,0.8125,317973551,True,,False
0.9298245614035088,10,False,0.01953125,0.02,,0.16435499995714054,0.16435499995714054,0.0,wdbc,5,,RHC,10,40,57,512,0.921875,317973551,True,,False
0.9122807017543859,10,False,0.01953125,0.02,,1.6146320000407286,1.6146320000407286,0.0,wdbc,5,,SPINE+1NN,10,10,57,512,0.98046875,317973551,False,"{""admission"": {""criterion"": ""risk"", ""removed_risk"": 0, ""removed_support"": 0}, ""betti_final"": [[1, 0], [1, 0]], ""betti_frozen"": [[1, 0], [1, 0]], ""betti_nerve"": [[1, 0], [1, 0]], ""boundary_restriction"": ""both"", ""forced_removals"": 0, ""growth_representation_fallbacks"": 3, ""invariant_held"": true, ""n_segments"": 8, ""n_train_fit"": 384, ""n_val"": 128, ""phase0"": [{""constant_lens"": false, ""gain"": 0.25, ""lens"": ""pc1"", ""lens_scaling"": ""standardize"", ""min_cluster_size"": 15, ""min_samples"": 5, ""n_class"": 241, ""n_edges"": 4, ""n_intervals"": 5, ""n_vertices"": 5, ""noise_reassigned"": 215, ""placement"": ""quantile"", ""slabs"": [{""k"": 1, ""n"": 55}, {""k"": 1, ""n"": 60}, {""k"": 1, ""n"": 61}, {""k"": 1, ""n"": 60}, {""k"": 1, ""n"": 55}]}, {""constant_lens"": false, ""gain"": 0.25, ""lens"": ""pc1"", ""lens_scaling"": ""standardize"", ""min_cluster_size"": 15, ""min_samples"": 5, ""n_class"": 143, ""n_edges"": 4, ""n_intervals"": 5, ""n_vertices"": 5, ""noise_reassigned"": 92, ""placement"": ""quantile"", ""slabs"": [{""k"": 1, ""n"": 32}, {""k"": 1, ""n"": 36}, {""k"": 1, ""n"": 35}, {""k"": 1, ""n"": 36}, {""k"": 1, ""n"": 32}]}], ""soundness_bound_holds"": true, ""step_rule"": ""scale_free"", ""topology_retention_nerve_to_frozen"": {""beta0_frozen"": 2, ""beta0_nerve"": 2, ""beta1_frozen"": 0, ""beta1_nerve"": 0}}",True
0.9122807017543859,10,False,0.01953125,0.02,,1.6146320000407286,1.6146320000407286,0.0,wdbc,5,,SPINE+Graph,10,10,57,512,0.98046875,317973551,False,"{""admission"": {""criterion"": ""risk"", ""removed_risk"": 0, ""removed_support"": 0}, ""betti_final"": [[1, 0], [1, 0]], ""betti_frozen"": [[1, 0], [1, 0]], ""betti_nerve"": [[1, 0], [1, 0]], ""boundary_restriction"": ""both"", ""forced_removals"": 0, ""growth_representation_fallbacks"": 3, ""invariant_held"": true, ""n_segments"": 8, ""n_train_fit"": 384, ""n_val"": 128, ""phase0"": [{""constant_lens"": false, ""gain"": 0.25, ""lens"": ""pc1"", ""lens_scaling"": ""standardize"", ""min_cluster_size"": 15, ""min_samples"": 5, ""n_class"": 241, ""n_edges"": 4, ""n_intervals"": 5, ""n_vertices"": 5, ""noise_reassigned"": 215, ""placement"": ""quantile"", ""slabs"": [{""k"": 1, ""n"": 55}, {""k"": 1, ""n"": 60}, {""k"": 1, ""n"": 61}, {""k"": 1, ""n"": 60}, {""k"": 1, ""n"": 55}]}, {""constant_lens"": false, ""gain"": 0.25, ""lens"": ""pc1"", ""lens_scaling"": ""standardize"", ""min_cluster_size"": 15, ""min_samples"": 5, ""n_class"": 143, ""n_edges"": 4, ""n_intervals"": 5, ""n_vertices"": 5, ""noise_reassigned"": 92, ""placement"": ""quantile"", ""slabs"": [{""k"": 1, ""n"": 32}, {""k"": 1, ""n"": 36}, {""k"": 1, ""n"": 35}, {""k"": 1, ""n"": 36}, {""k"": 1, ""n"": 32}]}], ""soundness_bound_holds"": true, ""step_rule"": ""scale_free"", ""topology_retention_nerve_to_frozen"": {""beta0_frozen"": 2, ""beta0_nerve"": 2, ""beta1_frozen"": 0, ""beta1_nerve"": 0}}",True
0.9649122807017544,10,False,0.01953125,0.02,,0.7597250000108033,13.133414999989327,12.373689999978524,wdbc,5,"{""epsilon"": 0.1, ""window"": 0.2}",LVQ3,10,10,57,512,0.98046875,317973551,False,,True
0.9649122807017544,10,False,0.01953125,0.02,"{""0"": 6, ""1"": 4}",0.11760100000537932,0.11760100000537932,0.0,wdbc,5,,KMeans,10,10,57,512,0.98046875,317973551,False,,True
0.9473684210526315,10,False,0.01953125,0.02,"{""0"": 6, ""1"": 4}",0.0004889999981969595,0.0004889999981969595,0.0,wdbc,5,,Random,10,10,57,512,0.98046875,317973551,False,,True
0.9122807017543859,10,False,0.01953125,0.02,,0.07700700004352257,0.07700700004352257,0.0,wdbc,5,,SPOT,10,10,57,512,0.98046875,317973551,False,,True
0.8947368421052632,10,False,0.01953125,0.02,,1.6238289999892004,1.6238289999892004,0.0,wdbc,5,,GLVQ,10,10,57,512,0.98046875,317973551,False,,True
0.9122807017543859,10,False,0.01953125,0.02,,0.2315270000253804,0.2315270000253804,0.0,wdbc,5,,GNG,10,10,57,512,0.98046875,317973551,False,,True
0.9298245614035088,26,False,0.05078125,0.05,,8.599995635449886e-05,8.599995635449886e-05,0.0,wdbc,5,,Full,10,512,57,512,0.0,317973551,True,,False
0.9298245614035088,26,False,0.05078125,0.05,,0.08125000004656613,0.08125000004656613,0.0,wdbc,5,,RSP3,10,96,57,512,0.8125,317973551,True,,False
0.9298245614035088,26,False,0.05078125,0.05,,0.16435499995714054,0.16435499995714054,0.0,wdbc,5,,RHC,10,40,57,512,0.921875,317973551,True,,False
0.9298245614035088,26,False,0.05078125,0.05,,1.6812379999901168,1.6812379999901168,0.0,wdbc,5,,SPINE+1NN,10,26,57,512,0.94921875,317973551,False,"{""admission"": {""criterion"": ""risk"", ""removed_risk"": 0, ""removed_support"": 0}, ""betti_final"": [[1, 0], [1, 0]], ""betti_frozen"": [[1, 0], [1, 0]], ""betti_nerve"": [[1, 0], [1, 0]], ""boundary_restriction"": ""both"", ""forced_removals"": 0, ""growth_representation_fallbacks"": 15, ""invariant_held"": true, ""n_segments"": 24, ""n_train_fit"": 384, ""n_val"": 128, ""phase0"": [{""constant_lens"": false, ""gain"": 0.25, ""lens"": ""pc1"", ""lens_scaling"": ""standardize"", ""min_cluster_size"": 15, ""min_samples"": 5, ""n_class"": 241, ""n_edges"": 4, ""n_intervals"": 5, ""n_vertices"": 5, ""noise_reassigned"": 215, ""placement"": ""quantile"", ""slabs"": [{""k"": 1, ""n"": 55}, {""k"": 1, ""n"": 60}, {""k"": 1, ""n"": 61}, {""k"": 1, ""n"": 60}, {""k"": 1, ""n"": 55}]}, {""constant_lens"": false, ""gain"": 0.25, ""lens"": ""pc1"", ""lens_scaling"": ""standardize"", ""min_cluster_size"": 15, ""min_samples"": 5, ""n_class"": 143, ""n_edges"": 4, ""n_intervals"": 5, ""n_vertices"": 5, ""noise_reassigned"": 92, ""placement"": ""quantile"", ""slabs"": [{""k"": 1, ""n"": 32}, {""k"": 1, ""n"": 36}, {""k"": 1, ""n"": 35}, {""k"": 1, ""n"": 36}, {""k"": 1, ""n"": 32}]}], ""soundness_bound_holds"": true, ""step_rule"": ""scale_free"", ""topology_retention_nerve_to_frozen"": {""beta0_frozen"": 2, ""beta0_nerve"": 2, ""beta1_frozen"": 0, ""beta1_nerve"": 0}}",True
0.9473684210526315,26,False,0.05078125,0.05,,1.6812379999901168,1.6812379999901168,0.0,wdbc,5,,SPINE+Graph,10,26,57,512,0.94921875,317973551,False,"{""admission"": {""criterion"": ""risk"", ""removed_risk"": 0, ""removed_support"": 0}, ""betti_final"": [[1, 0], [1, 0]], ""betti_frozen"": [[1, 0], [1, 0]], ""betti_nerve"": [[1, 0], [1, 0]], ""boundary_restriction"": ""both"", ""forced_removals"": 0, ""growth_representation_fallbacks"": 15, ""invariant_held"": true, ""n_segments"": 24, ""n_train_fit"": 384, ""n_val"": 128, ""phase0"": [{""constant_lens"": false, ""gain"": 0.25, ""lens"": ""pc1"", ""lens_scaling"": ""standardize"", ""min_cluster_size"": 15, ""min_samples"": 5, ""n_class"": 241, ""n_edges"": 4, ""n_intervals"": 5, ""n_vertices"": 5, ""noise_reassigned"": 215, ""placement"": ""quantile"", ""slabs"": [{""k"": 1, ""n"": 55}, {""k"": 1, ""n"": 60}, {""k"": 1, ""n"": 61}, {""k"": 1, ""n"": 60}, {""k"": 1, ""n"": 55}]}, {""constant_lens"": false, ""gain"": 0.25, ""lens"": ""pc1"", ""lens_scaling"": ""standardize"", ""min_cluster_size"": 15, ""min_samples"": 5, ""n_class"": 143, ""n_edges"": 4, ""n_intervals"": 5, ""n_vertices"": 5, ""noise_reassigned"": 92, ""placement"": ""quantile"", ""slabs"": [{""k"": 1, ""n"": 32}, {""k"": 1, ""n"": 36}, {""k"": 1, ""n"": 35}, {""k"": 1, ""n"": 36}, {""k"": 1, ""n"": 32}]}], ""soundness_bound_holds"": true, ""step_rule"": ""scale_free"", ""topology_retention_nerve_to_frozen"": {""beta0_frozen"": 2, ""beta0_nerve"": 2, ""beta1_frozen"": 0, ""beta1_nerve"": 0}}",True
0.9649122807017544,26,False,0.05078125,0.05,,0.8130729999975301,13.896293999976479,13.083220999978948,wdbc,5,"{""epsilon"": 0.3, ""window"": 0.2}",LVQ3,10,26,57,512,0.94921875,317973551,False,,True
0.9649122807017544,26,False,0.05078125,0.05,"{""0"": 16, ""1"": 10}",0.14637400000356138,0.14637400000356138,0.0,wdbc,5,,KMeans,10,26,57,512,0.94921875,317973551,False,,True
0.8596491228070176,26,False,0.05078125,0.05,"{""0"": 16, ""1"": 10}",0.0004440000047907233,0.0004440000047907233,0.0,wdbc,5,,Random,10,26,57,512,0.94921875,317973551,False,,True
0.9298245614035088,26,False,0.05078125,0.05,,0.12500900001032278,0.12500900001032278,0.0,wdbc,5,,SPOT,10,26,57,512,0.94921875,317973551,False,,True
0.8947368421052632,26,False,0.05078125,0.05,,1.798523000034038,1.798523000034038,0.0,wdbc,5,,GLVQ,10,26,57,512,0.94921875,317973551,False,,True
0.9649122807017544,26,False,0.05078125,0.05,,0.8624529999797232,0.8624529999797232,0.0,wdbc,5,,GNG,10,26,57,512,0.94921875,317973551,False,,True
0.9298245614035088,51,False,0.099609375,0.1,,8.599995635449886e-05,8.599995635449886e-05,0.0,wdbc,5,,Full,10,512,57,512,0.0,317973551,True,,False
0.9298245614035088,51,False,0.099609375,0.1,,0.08125000004656613,0.08125000004656613,0.0,wdbc,5,,RSP3,10,96,57,512,0.8125,317973551,True,,False
0.9298245614035088,51,False,0.099609375,0.1,,0.16435499995714054,0.16435499995714054,0.0,wdbc,5,,RHC,10,40,57,512,0.921875,317973551,True,,False
0.9473684210526315,51,False,0.099609375,0.1,,1.6615150000434369,1.6615150000434369,0.0,wdbc,5,,SPINE+1NN,10,51,57,512,0.900390625,317973551,False,"{""admission"": {""criterion"": ""risk"", ""removed_risk"": 0, ""removed_support"": 0}, ""betti_final"": [[1, 0], [1, 0]], ""betti_frozen"": [[1, 0], [1, 0]], ""betti_nerve"": [[1, 0], [1, 0]], ""boundary_restriction"": ""both"", ""forced_removals"": 0, ""growth_representation_fallbacks"": 40, ""invariant_held"": true, ""n_segments"": 49, ""n_train_fit"": 384, ""n_val"": 128, ""phase0"": [{""constant_lens"": false, ""gain"": 0.25, ""lens"": ""pc1"", ""lens_scaling"": ""standardize"", ""min_cluster_size"": 15, ""min_samples"": 5, ""n_class"": 241, ""n_edges"": 4, ""n_intervals"": 5, ""n_vertices"": 5, ""noise_reassigned"": 215, ""placement"": ""quantile"", ""slabs"": [{""k"": 1, ""n"": 55}, {""k"": 1, ""n"": 60}, {""k"": 1, ""n"": 61}, {""k"": 1, ""n"": 60}, {""k"": 1, ""n"": 55}]}, {""constant_lens"": false, ""gain"": 0.25, ""lens"": ""pc1"", ""lens_scaling"": ""standardize"", ""min_cluster_size"": 15, ""min_samples"": 5, ""n_class"": 143, ""n_edges"": 4, ""n_intervals"": 5, ""n_vertices"": 5, ""noise_reassigned"": 92, ""placement"": ""quantile"", ""slabs"": [{""k"": 1, ""n"": 32}, {""k"": 1, ""n"": 36}, {""k"": 1, ""n"": 35}, {""k"": 1, ""n"": 36}, {""k"": 1, ""n"": 32}]}], ""soundness_bound_holds"": true, ""step_rule"": ""scale_free"", ""topology_retention_nerve_to_frozen"": {""beta0_frozen"": 2, ""beta0_nerve"": 2, ""beta1_frozen"": 0, ""beta1_nerve"": 0}}",True
0.9649122807017544,51,False,0.099609375,0.1,,1.6615150000434369,1.6615150000434369,0.0,wdbc,5,,SPINE+Graph,10,51,57,512,0.900390625,317973551,False,"{""admission"": {""criterion"": ""risk"", ""removed_risk"": 0, ""removed_support"": 0}, ""betti_final"": [[1, 0], [1, 0]], ""betti_frozen"": [[1, 0], [1, 0]], ""betti_nerve"": [[1, 0], [1, 0]], ""boundary_restriction"": ""both"", ""forced_removals"": 0, ""growth_representation_fallbacks"": 40, ""invariant_held"": true, ""n_segments"": 49, ""n_train_fit"": 384, ""n_val"": 128, ""phase0"": [{""constant_lens"": false, ""gain"": 0.25, ""lens"": ""pc1"", ""lens_scaling"": ""standardize"", ""min_cluster_size"": 15, ""min_samples"": 5, ""n_class"": 241, ""n_edges"": 4, ""n_intervals"": 5, ""n_vertices"": 5, ""noise_reassigned"": 215, ""placement"": ""quantile"", ""slabs"": [{""k"": 1, ""n"": 55}, {""k"": 1, ""n"": 60}, {""k"": 1, ""n"": 61}, {""k"": 1, ""n"": 60}, {""k"": 1, ""n"": 55}]}, {""constant_lens"": false, ""gain"": 0.25, ""lens"": ""pc1"", ""lens_scaling"": ""standardize"", ""min_cluster_size"": 15, ""min_samples"": 5, ""n_class"": 143, ""n_edges"": 4, ""n_intervals"": 5, ""n_vertices"": 5, ""noise_reassigned"": 92, ""placement"": ""quantile"", ""slabs"": [{""k"": 1, ""n"": 32}, {""k"": 1, ""n"": 36}, {""k"": 1, ""n"": 35}, {""k"": 1, ""n"": 36}, {""k"": 1, ""n"": 32}]}], ""soundness_bound_holds"": true, ""step_rule"": ""scale_free"", ""topology_retention_nerve_to_frozen"": {""beta0_frozen"": 2, ""beta0_nerve"": 2, ""beta1_frozen"": 0, ""beta1_nerve"": 0}}",True
0.9649122807017544,51,False,0.099609375,0.1,,0.9303730000392534,16.545983000076376,15.615610000037123,wdbc,5,"{""epsilon"": 0.3, ""window"": 0.2}",LVQ3,10,51,57,512,0.900390625,317973551,False,,True
0.9649122807017544,51,False,0.099609375,0.1,"{""0"": 32, ""1"": 19}",0.20963100000517443,0.20963100000517443,0.0,wdbc,5,,KMeans,10,51,57,512,0.900390625,317973551,False,,True
0.9473684210526315,51,False,0.099609375,0.1,"{""0"": 32, ""1"": 19}",0.0005200000014156103,0.0005200000014156103,0.0,wdbc,5,,Random,10,51,57,512,0.900390625,317973551,False,,True
0.9122807017543859,51,False,0.099609375,0.1,,0.1577209999668412,0.1577209999668412,0.0,wdbc,5,,SPOT,10,51,57,512,0.900390625,317973551,False,,True
0.8947368421052632,51,False,0.099609375,0.1,,2.062988999998197,2.062988999998197,0.0,wdbc,5,,GLVQ,10,51,57,512,0.900390625,317973551,False,,True
0.9824561403508771,51,False,0.099609375,0.1,,1.6397890000371262,1.6397890000371262,0.0,wdbc,5,,GNG,10,51,57,512,0.900390625,317973551,False,,True
0.9298245614035088,128,False,0.25,0.25,,8.599995635449886e-05,8.599995635449886e-05,0.0,wdbc,5,,Full,10,512,57,512,0.0,317973551,True,,False
0.9298245614035088,128,False,0.25,0.25,,0.08125000004656613,0.08125000004656613,0.0,wdbc,5,,RSP3,10,96,57,512,0.8125,317973551,True,,False
0.9298245614035088,128,False,0.25,0.25,,0.16435499995714054,0.16435499995714054,0.0,wdbc,5,,RHC,10,40,57,512,0.921875,317973551,True,,False
0.9824561403508771,128,False,0.25,0.25,,1.8334410000243224,1.8334410000243224,0.0,wdbc,5,,SPINE+1NN,10,128,57,512,0.75,317973551,False,"{""admission"": {""criterion"": ""risk"", ""removed_risk"": 0, ""removed_support"": 0}, ""betti_final"": [[1, 0], [1, 0]], ""betti_frozen"": [[1, 0], [1, 0]], ""betti_nerve"": [[1, 0], [1, 0]], ""boundary_restriction"": ""both"", ""forced_removals"": 0, ""growth_representation_fallbacks"": 132, ""invariant_held"": true, ""n_segments"": 126, ""n_train_fit"": 384, ""n_val"": 128, ""phase0"": [{""constant_lens"": false, ""gain"": 0.25, ""lens"": ""pc1"", ""lens_scaling"": ""standardize"", ""min_cluster_size"": 15, ""min_samples"": 5, ""n_class"": 241, ""n_edges"": 4, ""n_intervals"": 5, ""n_vertices"": 5, ""noise_reassigned"": 215, ""placement"": ""quantile"", ""slabs"": [{""k"": 1, ""n"": 55}, {""k"": 1, ""n"": 60}, {""k"": 1, ""n"": 61}, {""k"": 1, ""n"": 60}, {""k"": 1, ""n"": 55}]}, {""constant_lens"": false, ""gain"": 0.25, ""lens"": ""pc1"", ""lens_scaling"": ""standardize"", ""min_cluster_size"": 15, ""min_samples"": 5, ""n_class"": 143, ""n_edges"": 4, ""n_intervals"": 5, ""n_vertices"": 5, ""noise_reassigned"": 92, ""placement"": ""quantile"", ""slabs"": [{""k"": 1, ""n"": 32}, {""k"": 1, ""n"": 36}, {""k"": 1, ""n"": 35}, {""k"": 1, ""n"": 36}, {""k"": 1, ""n"": 32}]}], ""soundness_bound_holds"": true, ""step_rule"": ""scale_free"", ""topology_retention_nerve_to_frozen"": {""beta0_frozen"": 2, ""beta0_nerve"": 2, ""beta1_frozen"": 0, ""beta1_nerve"": 0}}",True
0.9824561403508771,128,False,0.25,0.25,,1.8334410000243224,1.8334410000243224,0.0,wdbc,5,,SPINE+Graph,10,128,57,512,0.75,317973551,False,"{""admission"": {""criterion"": ""risk"", ""removed_risk"": 0, ""removed_support"": 0}, ""betti_final"": [[1, 0], [1, 0]], ""betti_frozen"": [[1, 0], [1, 0]], ""betti_nerve"": [[1, 0], [1, 0]], ""boundary_restriction"": ""both"", ""forced_removals"": 0, ""growth_representation_fallbacks"": 132, ""invariant_held"": true, ""n_segments"": 126, ""n_train_fit"": 384, ""n_val"": 128, ""phase0"": [{""constant_lens"": false, ""gain"": 0.25, ""lens"": ""pc1"", ""lens_scaling"": ""standardize"", ""min_cluster_size"": 15, ""min_samples"": 5, ""n_class"": 241, ""n_edges"": 4, ""n_intervals"": 5, ""n_vertices"": 5, ""noise_reassigned"": 215, ""placement"": ""quantile"", ""slabs"": [{""k"": 1, ""n"": 55}, {""k"": 1, ""n"": 60}, {""k"": 1, ""n"": 61}, {""k"": 1, ""n"": 60}, {""k"": 1, ""n"": 55}]}, {""constant_lens"": false, ""gain"": 0.25, ""lens"": ""pc1"", ""lens_scaling"": ""standardize"", ""min_cluster_size"": 15, ""min_samples"": 5, ""n_class"": 143, ""n_edges"": 4, ""n_intervals"": 5, ""n_vertices"": 5, ""noise_reassigned"": 92, ""placement"": ""quantile"", ""slabs"": [{""k"": 1, ""n"": 32}, {""k"": 1, ""n"": 36}, {""k"": 1, ""n"": 35}, {""k"": 1, ""n"": 36}, {""k"": 1, ""n"": 32}]}], ""soundness_bound_holds"": true, ""step_rule"": ""scale_free"", ""topology_retention_nerve_to_frozen"": {""beta0_frozen"": 2, ""beta0_nerve"": 2, ""beta1_frozen"": 0, ""beta1_nerve"": 0}}",True
0.9649122807017544,128,False,0.25,0.25,,1.544675000011921,27.005611000058707,25.460936000046786,wdbc,5,"{""epsilon"": 0.1, ""window"": 0.3}",LVQ3,10,128,57,512,0.75,317973551,False,,True
0.9649122807017544,128,False,0.25,0.25,"{""0"": 80, ""1"": 48}",0.5202389999758452,0.5202389999758452,0.0,wdbc,5,,KMeans,10,128,57,512,0.75,317973551,False,,True
0.9298245614035088,128,False,0.25,0.25,"{""0"": 80, ""1"": 48}",0.0005959999980404973,0.0005959999980404973,0.0,wdbc,5,,Random,10,128,57,512,0.75,317973551,False,,True
0.9298245614035088,128,False,0.25,0.25,,0.20513900002697483,0.20513900002697483,0.0,wdbc,5,,SPOT,10,128,57,512,0.75,317973551,False,,True
0.8947368421052632,128,False,0.25,0.25,,2.917652999982238,2.917652999982238,0.0,wdbc,5,,GLVQ,10,128,57,512,0.75,317973551,False,,True
0.9649122807017544,128,False,0.25,0.25,,2.5721570000168867,2.5721570000168867,0.0,wdbc,5,,GNG,10,128,57,512,0.75,317973551,False,,True
0.9649122807017544,3,False,0.005859375,0.005,,0.00010200001997873187,0.00010200001997873187,0.0,wdbc,6,,Full,10,512,57,512,0.0,318973554,False,,False
0.9649122807017544,3,False,0.005859375,0.005,,0.05742099997587502,0.05742099997587502,0.0,wdbc,6,,RSP3,10,78,57,512,0.84765625,318973554,False,,False
0.9473684210526315,3,False,0.005859375,0.005,,0.13345200003823265,0.13345200003823265,0.0,wdbc,6,,RHC,10,37,57,512,0.927734375,318973554,False,,False
0.8421052631578947,3,False,0.005859375,0.005,,1.5505860000266694,1.5505860000266694,0.0,wdbc,6,,SPINE+1NN,10,3,57,512,0.994140625,318973554,False,"{""admission"": {""criterion"": ""risk"", ""removed_risk"": 0, ""removed_support"": 0}, ""betti_final"": [[1, 0], [1, 0]], ""betti_frozen"": [[1, 0], [1, 0]], ""betti_nerve"": [[1, 0], [1, 0]], ""boundary_restriction"": ""both"", ""forced_removals"": 0, ""growth_representation_fallbacks"": 0, ""invariant_held"": true, ""n_segments"": 1, ""n_train_fit"": 384, ""n_val"": 128, ""phase0"": [{""constant_lens"": false, ""gain"": 0.25, ""lens"": ""pc1"", ""lens_scaling"": ""standardize"", ""min_cluster_size"": 15, ""min_samples"": 5, ""n_class"": 241, ""n_edges"": 4, ""n_intervals"": 5, ""n_vertices"": 5, ""noise_reassigned"": 215, ""placement"": ""quantile"", ""slabs"": [{""k"": 1, ""n"": 55}, {""k"": 1, ""n"": 60}, {""k"": 1, ""n"": 61}, {""k"": 1, ""n"": 60}, {""k"": 1, ""n"": 55}]}, {""constant_lens"": false, ""gain"": 0.25, ""lens"": ""pc1"", ""lens_scaling"": ""standardize"", ""min_cluster_size"": 15, ""min_samples"": 5, ""n_class"": 143, ""n_edges"": 4, ""n_intervals"": 5, ""n_vertices"": 5, ""noise_reassigned"": 96, ""placement"": ""quantile"", ""slabs"": [{""k"": 1, ""n"": 32}, {""k"": 1, ""n"": 36}, {""k"": 1, ""n"": 35}, {""k"": 1, ""n"": 36}, {""k"": 1, ""n"": 32}]}], ""soundness_bound_holds"": true, ""step_rule"": ""scale_free"", ""topology_retention_nerve_to_frozen"": {""beta0_frozen"": 2, ""beta0_nerve"": 2, ""beta1_frozen"": 0, ""beta1_nerve"": 0}}",True
0.8245614035087719,3,False,0.005859375,0.005,,1.5505860000266694,1.5505860000266694,0.0,wdbc,6,,SPINE+Graph,10,3,57,512,0.994140625,318973554,False,"{""admission"": {""criterion"": ""risk"", ""removed_risk"": 0, ""removed_support"": 0}, ""betti_final"": [[1, 0], [1, 0]], ""betti_frozen"": [[1, 0], [1, 0]], ""betti_nerve"": [[1, 0], [1, 0]], ""boundary_restriction"": ""both"", ""forced_removals"": 0, ""growth_representation_fallbacks"": 0, ""invariant_held"": true, ""n_segments"": 1, ""n_train_fit"": 384, ""n_val"": 128, ""phase0"": [{""constant_lens"": false, ""gain"": 0.25, ""lens"": ""pc1"", ""lens_scaling"": ""standardize"", ""min_cluster_size"": 15, ""min_samples"": 5, ""n_class"": 241, ""n_edges"": 4, ""n_intervals"": 5, ""n_vertices"": 5, ""noise_reassigned"": 215, ""placement"": ""quantile"", ""slabs"": [{""k"": 1, ""n"": 55}, {""k"": 1, ""n"": 60}, {""k"": 1, ""n"": 61}, {""k"": 1, ""n"": 60}, {""k"": 1, ""n"": 55}]}, {""constant_lens"": false, ""gain"": 0.25, ""lens"": ""pc1"", ""lens_scaling"": ""standardize"", ""min_cluster_size"": 15, ""min_samples"": 5, ""n_class"": 143, ""n_edges"": 4, ""n_intervals"": 5, ""n_vertices"": 5, ""noise_reassigned"": 96, ""placement"": ""quantile"", ""slabs"": [{""k"": 1, ""n"": 32}, {""k"": 1, ""n"": 36}, {""k"": 1, ""n"": 35}, {""k"": 1, ""n"": 36}, {""k"": 1, ""n"": 32}]}], ""soundness_bound_holds"": true, ""step_rule"": ""scale_free"", ""topology_retention_nerve_to_frozen"": {""beta0_frozen"": 2, ""beta0_nerve"": 2, ""beta1_frozen"": 0, ""beta1_nerve"": 0}}",True
0.9649122807017544,3,False,0.005859375,0.005,,0.7550109999720007,12.760058999992907,12.005048000020906,wdbc,6,"{""epsilon"": 0.1, ""window"": 0.2}",LVQ3,10,3,57,512,0.994140625,318973554,False,,True
0.8947368421052632,3,False,0.005859375,0.005,"{""0"": 2, ""1"": 1}",0.06277999997837469,0.06277999997837469,0.0,wdbc,6,,KMeans,10,3,57,512,0.994140625,318973554,False,,True
0.8947368421052632,3,False,0.005859375,0.005,"{""0"": 2, ""1"": 1}",0.00045599997974932194,0.00045599997974932194,0.0,wdbc,6,,Random,10,3,57,512,0.994140625,318973554,False,,True
0.8421052631578947,3,False,0.005859375,0.005,,0.026606000028550625,0.026606000028550625,0.0,wdbc,6,,SPOT,10,3,57,512,0.994140625,318973554,False,,True
0.8947368421052632,3,False,0.005859375,0.005,,1.5504889999865554,1.5504889999865554,0.0,wdbc,6,,GLVQ,10,3,57,512,0.994140625,318973554,False,,True
0.8947368421052632,3,False,0.005859375,0.005,,0.04218899999978021,0.04218899999978021,0.0,wdbc,6,,GNG,10,3,57,512,0.994140625,318973554,False,,True
0.9649122807017544,5,False,0.009765625,0.01,,0.00010200001997873187,0.00010200001997873187,0.0,wdbc,6,,Full,10,512,57,512,0.0,318973554,True,,False
0.9649122807017544,5,False,0.009765625,0.01,,0.05742099997587502,0.05742099997587502,0.0,wdbc,6,,RSP3,10,78,57,512,0.84765625,318973554,True,,False
0.9473684210526315,5,False,0.009765625,0.01,,0.13345200003823265,0.13345200003823265,0.0,wdbc,6,,RHC,10,37,57,512,0.927734375,318973554,True,,False
0.8421052631578947,5,False,0.009765625,0.01,,1.5587450000457466,1.5587450000457466,0.0,wdbc,6,,SPINE+1NN,10,5,57,512,0.990234375,318973554,False,"{""admission"": {""criterion"": ""risk"", ""removed_risk"": 0, ""removed_support"": 0}, ""betti_final"": [[1, 0], [1, 0]], ""betti_frozen"": [[1, 0], [1, 0]], ""betti_nerve"": [[1, 0], [1, 0]], ""boundary_restriction"": ""both"", ""forced_removals"": 0, ""growth_representation_fallbacks"": 0, ""invariant_held"": true, ""n_segments"": 3, ""n_train_fit"": 384, ""n_val"": 128, ""phase0"": [{""constant_lens"": false, ""gain"": 0.25, ""lens"": ""pc1"", ""lens_scaling"": ""standardize"", ""min_cluster_size"": 15, ""min_samples"": 5, ""n_class"": 241, ""n_edges"": 4, ""n_intervals"": 5, ""n_vertices"": 5, ""noise_reassigned"": 215, ""placement"": ""quantile"", ""slabs"": [{""k"": 1, ""n"": 55}, {""k"": 1, ""n"": 60}, {""k"": 1, ""n"": 61}, {""k"": 1, ""n"": 60}, {""k"": 1, ""n"": 55}]}, {""constant_lens"": false, ""gain"": 0.25, ""lens"": ""pc1"", ""lens_scaling"": ""standardize"", ""min_cluster_size"": 15, ""min_samples"": 5, ""n_class"": 143, ""n_edges"": 4, ""n_intervals"": 5, ""n_vertices"": 5, ""noise_reassigned"": 96, ""placement"": ""quantile"", ""slabs"": [{""k"": 1, ""n"": 32}, {""k"": 1, ""n"": 36}, {""k"": 1, ""n"": 35}, {""k"": 1, ""n"": 36}, {""k"": 1, ""n"": 32}]}], ""soundness_bound_holds"": true, ""step_rule"": ""scale_free"", ""topology_retention_nerve_to_frozen"": {""beta0_frozen"": 2, ""beta0_nerve"": 2, ""beta1_frozen"": 0, ""beta1_nerve"": 0}}",True
0.8596491228070176,5,False,0.009765625,0.01,,1.5587450000457466,1.5587450000457466,0.0,wdbc,6,,SPINE+Graph,10,5,57,512,0.990234375,318973554,False,"{""admission"": {""criterion"": ""risk"", ""removed_risk"": 0, ""removed_support"": 0}, ""betti_final"": [[1, 0], [1, 0]], ""betti_frozen"": [[1, 0], [1, 0]], ""betti_nerve"": [[1, 0], [1, 0]], ""boundary_restriction"": ""both"", ""forced_removals"": 0, ""growth_representation_fallbacks"": 0, ""invariant_held"": true, ""n_segments"": 3, ""n_train_fit"": 384, ""n_val"": 128, ""phase0"": [{""constant_lens"": false, ""gain"": 0.25, ""lens"": ""pc1"", ""lens_scaling"": ""standardize"", ""min_cluster_size"": 15, ""min_samples"": 5, ""n_class"": 241, ""n_edges"": 4, ""n_intervals"": 5, ""n_vertices"": 5, ""noise_reassigned"": 215, ""placement"": ""quantile"", ""slabs"": [{""k"": 1, ""n"": 55}, {""k"": 1, ""n"": 60}, {""k"": 1, ""n"": 61}, {""k"": 1, ""n"": 60}, {""k"": 1, ""n"": 55}]}, {""constant_lens"": false, ""gain"": 0.25, ""lens"": ""pc1"", ""lens_scaling"": ""standardize"", ""min_cluster_size"": 15, ""min_samples"": 5, ""n_class"": 143, ""n_edges"": 4, ""n_intervals"": 5, ""n_vertices"": 5, ""noise_reassigned"": 96, ""placement"": ""quantile"", ""slabs"": [{""k"": 1, ""n"": 32}, {""k"": 1, ""n"": 36}, {""k"": 1, ""n"": 35}, {""k"": 1, ""n"": 36}, {""k"": 1, ""n"": 32}]}], ""soundness_bound_holds"": true, ""step_rule"": ""scale_free"", ""topology_retention_nerve_to_frozen"": {""beta0_frozen"": 2, ""beta0_nerve"": 2, ""beta1_frozen"": 0, ""beta1_nerve"": 0}}",True
0.8947368421052632,5,False,0.009765625,0.01,,0.8272809999762103,12.807172000000719,11.979891000024509,wdbc,6,"{""epsilon"": 0.1, ""window"": 0.3}",LVQ3,10,5,57,512,0.990234375,318973554,False,,True
0.9298245614035088,5,False,0.009765625,0.01,"{""0"": 3, ""1"": 2}",0.0977829999756068,0.0977829999756068,0.0,wdbc,6,,KMeans,10,5,57,512,0.990234375,318973554,False,,True
0.8771929824561403,5,False,0.009765625,0.01,"{""0"": 3, ""1"": 2}",0.00043400004506111145,0.00043400004506111145,0.0,wdbc,6,,Random,10,5,57,512,0.990234375,318973554,False,,True
0.8771929824561403,5,False,0.009765625,0.01,,0.05649200000334531,0.05649200000334531,0.0,wdbc,6,,SPOT,10,5,57,512,0.990234375,318973554,False,,True
0.8947368421052632,5,False,0.009765625,0.01,,1.570062999962829,1.570062999962829,0.0,wdbc,6,,GLVQ,10,5,57,512,0.990234375,318973554,False,,True
0.9298245614035088,5,False,0.009765625,0.01,,0.05079200002364814,0.05079200002364814,0.0,wdbc,6,,GNG,10,5,57,512,0.990234375,318973554,False,,True
0.9649122807017544,10,False,0.01953125,0.02,,0.00010200001997873187,0.00010200001997873187,0.0,wdbc,6,,Full,10,512,57,512,0.0,318973554,True,,False
0.9649122807017544,10,False,0.01953125,0.02,,0.05742099997587502,0.05742099997587502,0.0,wdbc,6,,RSP3,10,78,57,512,0.84765625,318973554,True,,False
0.9473684210526315,10,False,0.01953125,0.02,,0.13345200003823265,0.13345200003823265,0.0,wdbc,6,,RHC,10,37,57,512,0.927734375,318973554,True,,False
0.8771929824561403,10,False,0.01953125,0.02,,1.5503590000444092,1.5503590000444092,0.0,wdbc,6,,SPINE+1NN,10,10,57,512,0.98046875,318973554,False,"{""admission"": {""criterion"": ""risk"", ""removed_risk"": 0, ""removed_support"": 0}, ""betti_final"": [[1, 0], [1, 0]], ""betti_frozen"": [[1, 0], [1, 0]], ""betti_nerve"": [[1, 0], [1, 0]], ""boundary_restriction"": ""both"", ""forced_removals"": 0, ""growth_representation_fallbacks"": 3, ""invariant_held"": true, ""n_segments"": 8, ""n_train_fit"": 384, ""n_val"": 128, ""phase0"": [{""constant_lens"": false, ""gain"": 0.25, ""lens"": ""pc1"", ""lens_scaling"": ""standardize"", ""min_cluster_size"": 15, ""min_samples"": 5, ""n_class"": 241, ""n_edges"": 4, ""n_intervals"": 5, ""n_vertices"": 5, ""noise_reassigned"": 215, ""placement"": ""quantile"", ""slabs"": [{""k"": 1, ""n"": 55}, {""k"": 1, ""n"": 60}, {""k"": 1, ""n"": 61}, {""k"": 1, ""n"": 60}, {""k"": 1, ""n"": 55}]}, {""constant_lens"": false, ""gain"": 0.25, ""lens"": ""pc1"", ""lens_scaling"": ""standardize"", ""min_cluster_size"": 15, ""min_samples"": 5, ""n_class"": 143, ""n_edges"": 4, ""n_intervals"": 5, ""n_vertices"": 5, ""noise_reassigned"": 96, ""placement"": ""quantile"", ""slabs"": [{""k"": 1, ""n"": 32}, {""k"": 1, ""n"": 36}, {""k"": 1, ""n"": 35}, {""k"": 1, ""n"": 36}, {""k"": 1, ""n"": 32}]}], ""soundness_bound_holds"": true, ""step_rule"": ""scale_free"", ""topology_retention_nerve_to_frozen"": {""beta0_frozen"": 2, ""beta0_nerve"": 2, ""beta1_frozen"": 0, ""beta1_nerve"": 0}}",True
0.8771929824561403,10,False,0.01953125,0.02,,1.5503590000444092,1.5503590000444092,0.0,wdbc,6,,SPINE+Graph,10,10,57,512,0.98046875,318973554,False,"{""admission"": {""criterion"": ""risk"", ""removed_risk"": 0, ""removed_support"": 0}, ""betti_final"": [[1, 0], [1, 0]], ""betti_frozen"": [[1, 0], [1, 0]], ""betti_nerve"": [[1, 0], [1, 0]], ""boundary_restriction"": ""both"", ""forced_removals"": 0, ""growth_representation_fallbacks"": 3, ""invariant_held"": true, ""n_segments"": 8, ""n_train_fit"": 384, ""n_val"": 128, ""phase0"": [{""constant_lens"": false, ""gain"": 0.25, ""lens"": ""pc1"", ""lens_scaling"": ""standardize"", ""min_cluster_size"": 15, ""min_samples"": 5, ""n_class"": 241, ""n_edges"": 4, ""n_intervals"": 5, ""n_vertices"": 5, ""noise_reassigned"": 215, ""placement"": ""quantile"", ""slabs"": [{""k"": 1, ""n"": 55}, {""k"": 1, ""n"": 60}, {""k"": 1, ""n"": 61}, {""k"": 1, ""n"": 60}, {""k"": 1, ""n"": 55}]}, {""constant_lens"": false, ""gain"": 0.25, ""lens"": ""pc1"", ""lens_scaling"": ""standardize"", ""min_cluster_size"": 15, ""min_samples"": 5, ""n_class"": 143, ""n_edges"": 4, ""n_intervals"": 5, ""n_vertices"": 5, ""noise_reassigned"": 96, ""placement"": ""quantile"", ""slabs"": [{""k"": 1, ""n"": 32}, {""k"": 1, ""n"": 36}, {""k"": 1, ""n"": 35}, {""k"": 1, ""n"": 36}, {""k"": 1, ""n"": 32}]}], ""soundness_bound_holds"": true, ""step_rule"": ""scale_free"", ""topology_retention_nerve_to_frozen"": {""beta0_frozen"": 2, ""beta0_nerve"": 2, ""beta1_frozen"": 0, ""beta1_nerve"": 0}}",True
0.9649122807017544,10,False,0.01953125,0.02,,0.7403320000157692,13.181256000010762,12.440923999994993,wdbc,6,"{""epsilon"": 0.1, ""window"": 0.3}",LVQ3,10,10,57,512,0.98046875,318973554,False,,True
0.9649122807017544,10,False,0.01953125,0.02,"{""0"": 6, ""1"": 4}",0.13222700002370402,0.13222700002370402,0.0,wdbc,6,,KMeans,10,10,57,512,0.98046875,318973554,False,,True
0.8771929824561403,10,False,0.01953125,0.02,"{""0"": 6, ""1"": 4}",0.0004579999949783087,0.0004579999949783087,0.0,wdbc,6,,Random,10,10,57,512,0.98046875,318973554,False,,True
0.8947368421052632,10,False,0.01953125,0.02,,0.07927600003313273,0.07927600003313273,0.0,wdbc,6,,SPOT,10,10,57,512,0.98046875,318973554,False,,True
0.8771929824561403,10,False,0.01953125,0.02,,1.6135430000140332,1.6135430000140332,0.0,wdbc,6,,GLVQ,10,10,57,512,0.98046875,318973554,False,,True
0.9298245614035088,10,False,0.01953125,0.02,,0.24534300004597753,0.24534300004597753,0.0,wdbc,6,,GNG,10,10,57,512,0.98046875,318973554,False,,True
0.9649122807017544,26,False,0.05078125,0.05,,0.00010200001997873187,0.00010200001997873187,0.0,wdbc,6,,Full,10,512,57,512,0.0,318973554,True,,False
0.9649122807017544,26,False,0.05078125,0.05,,0.05742099997587502,0.05742099997587502,0.0,wdbc,6,,RSP3,10,78,57,512,0.84765625,318973554,True,,False
0.9473684210526315,26,False,0.05078125,0.05,,0.13345200003823265,0.13345200003823265,0.0,wdbc,6,,RHC,10,37,57,512,0.927734375,318973554,True,,False
0.8947368421052632,26,False,0.05078125,0.05,,1.6936290000448935,1.6936290000448935,0.0,wdbc,6,,SPINE+1NN,10,26,57,512,0.94921875,318973554,False,"{""admission"": {""criterion"": ""risk"", ""removed_risk"": 0, ""removed_support"": 0}, ""betti_final"": [[1, 0], [1, 0]], ""betti_frozen"": [[1, 0], [1, 0]], ""betti_nerve"": [[1, 0], [1, 0]], ""boundary_restriction"": ""both"", ""forced_removals"": 0, ""growth_representation_fallbacks"": 14, ""invariant_held"": true, ""n_segments"": 24, ""n_train_fit"": 384, ""n_val"": 128, ""phase0"": [{""constant_lens"": false, ""gain"": 0.25, ""lens"": ""pc1"", ""lens_scaling"": ""standardize"", ""min_cluster_size"": 15, ""min_samples"": 5, ""n_class"": 241, ""n_edges"": 4, ""n_intervals"": 5, ""n_vertices"": 5, ""noise_reassigned"": 215, ""placement"": ""quantile"", ""slabs"": [{""k"": 1, ""n"": 55}, {""k"": 1, ""n"": 60}, {""k"": 1, ""n"": 61}, {""k"": 1, ""n"": 60}, {""k"": 1, ""n"": 55}]}, {""constant_lens"": false, ""gain"": 0.25, ""lens"": ""pc1"", ""lens_scaling"": ""standardize"", ""min_cluster_size"": 15, ""min_samples"": 5, ""n_class"": 143, ""n_edges"": 4, ""n_intervals"": 5, ""n_vertices"": 5, ""noise_reassigned"": 96, ""placement"": ""quantile"", ""slabs"": [{""k"": 1, ""n"": 32}, {""k"": 1, ""n"": 36}, {""k"": 1, ""n"": 35}, {""k"": 1, ""n"": 36}, {""k"": 1, ""n"": 32}]}], ""soundness_bound_holds"": true, ""step_rule"": ""scale_free"", ""topology_retention_nerve_to_frozen"": {""beta0_frozen"": 2, ""beta0_nerve"": 2, ""beta1_frozen"": 0, ""beta1_nerve"": 0}}",True
0.8947368421052632,26,False,0.05078125,0.05,,1.6936290000448935,1.6936290000448935,0.0,wdbc,6,,SPINE+Graph,10,26,57,512,0.94921875,318973554,False,"{""admission"": {""criterion"": ""risk"", ""removed_risk"": 0, ""removed_support"": 0}, ""betti_final"": [[1, 0], [1, 0]], ""betti_frozen"": [[1, 0], [1, 0]], ""betti_nerve"": [[1, 0], [1, 0]], ""boundary_restriction"": ""both"", ""forced_removals"": 0, ""growth_representation_fallbacks"": 14, ""invariant_held"": true, ""n_segments"": 24, ""n_train_fit"": 384, ""n_val"": 128, ""phase0"": [{""constant_lens"": false, ""gain"": 0.25, ""lens"": ""pc1"", ""lens_scaling"": ""standardize"", ""min_cluster_size"": 15, ""min_samples"": 5, ""n_class"": 241, ""n_edges"": 4, ""n_intervals"": 5, ""n_vertices"": 5, ""noise_reassigned"": 215, ""placement"": ""quantile"", ""slabs"": [{""k"": 1, ""n"": 55}, {""k"": 1, ""n"": 60}, {""k"": 1, ""n"": 61}, {""k"": 1, ""n"": 60}, {""k"": 1, ""n"": 55}]}, {""constant_lens"": false, ""gain"": 0.25, ""lens"": ""pc1"", ""lens_scaling"": ""standardize"", ""min_cluster_size"": 15, ""min_samples"": 5, ""n_class"": 143, ""n_edges"": 4, ""n_intervals"": 5, ""n_vertices"": 5, ""noise_reassigned"": 96, ""placement"": ""quantile"", ""slabs"": [{""k"": 1, ""n"": 32}, {""k"": 1, ""n"": 36}, {""k"": 1, ""n"": 35}, {""k"": 1, ""n"": 36}, {""k"": 1, ""n"": 32}]}], ""soundness_bound_holds"": true, ""step_rule"": ""scale_free"", ""topology_retention_nerve_to_frozen"": {""beta0_frozen"": 2, ""beta0_nerve"": 2, ""beta1_frozen"": 0, ""beta1_nerve"": 0}}",True
0.9649122807017544,26,False,0.05078125,0.05,,0.8145039999508299,14.010288999939803,13.195784999988973,wdbc,6,"{""epsilon"": 0.1, ""window"": 0.2}",LVQ3,10,26,57,512,0.94921875,318973554,False,,True
0.9649122807017544,26,False,0.05078125,0.05,"{""0"": 16, ""1"": 10}",0.14116699999431148,0.14116699999431148,0.0,wdbc,6,,KMeans,10,26,57,512,0.94921875,318973554,False,,True
0.8947368421052632,26,False,0.05078125,0.05,"{""0"": 16, ""1"": 10}",0.0004579999949783087,0.0004579999949783087,0.0,wdbc,6,,Random,10,26,57,512,0.94921875,318973554,False,,True
0.9122807017543859,26,False,0.05078125,0.05,,0.1329750000149943,0.1329750000149943,0.0,wdbc,6,,SPOT,10,26,57,512,0.94921875,318973554,False,,True
0.8947368421052632,26,False,0.05078125,0.05,,1.7966429999796674,1.7966429999796674,0.0,wdbc,6,,GLVQ,10,26,57,512,0.94921875,318973554,False,,True
0.9649122807017544,26,False,0.05078125,0.05,,0.8743409999879077,0.8743409999879077,0.0,wdbc,6,,GNG,10,26,57,512,0.94921875,318973554,False,,True
0.9649122807017544,51,False,0.099609375,0.1,,0.00010200001997873187,0.00010200001997873187,0.0,wdbc,6,,Full,10,512,57,512,0.0,318973554,True,,False
0.9649122807017544,51,False,0.099609375,0.1,,0.05742099997587502,0.05742099997587502,0.0,wdbc,6,,RSP3,10,78,57,512,0.84765625,318973554,True,,False
0.9473684210526315,51,False,0.099609375,0.1,,0.13345200003823265,0.13345200003823265,0.0,wdbc,6,,RHC,10,37,57,512,0.927734375,318973554,True,,False
0.8947368421052632,51,False,0.099609375,0.1,,1.7219230000046082,1.7219230000046082,0.0,wdbc,6,,SPINE+1NN,10,51,57,512,0.900390625,318973554,False,"{""admission"": {""criterion"": ""risk"", ""removed_risk"": 0, ""removed_support"": 0}, ""betti_final"": [[1, 0], [1, 0]], ""betti_frozen"": [[1, 0], [1, 0]], ""betti_nerve"": [[1, 0], [1, 0]], ""boundary_restriction"": ""both"", ""forced_removals"": 0, ""growth_representation_fallbacks"": 42, ""invariant_held"": true, ""n_segments"": 49, ""n_train_fit"": 384, ""n_val"": 128, ""phase0"": [{""constant_lens"": false, ""gain"": 0.25, ""lens"": ""pc1"", ""lens_scaling"": ""standardize"", ""min_cluster_size"": 15, ""min_samples"": 5, ""n_class"": 241, ""n_edges"": 4, ""n_intervals"": 5, ""n_vertices"": 5, ""noise_reassigned"": 215, ""placement"": ""quantile"", ""slabs"": [{""k"": 1, ""n"": 55}, {""k"": 1, ""n"": 60}, {""k"": 1, ""n"": 61}, {""k"": 1, ""n"": 60}, {""k"": 1, ""n"": 55}]}, {""constant_lens"": false, ""gain"": 0.25, ""lens"": ""pc1"", ""lens_scaling"": ""standardize"", ""min_cluster_size"": 15, ""min_samples"": 5, ""n_class"": 143, ""n_edges"": 4, ""n_intervals"": 5, ""n_vertices"": 5, ""noise_reassigned"": 96, ""placement"": ""quantile"", ""slabs"": [{""k"": 1, ""n"": 32}, {""k"": 1, ""n"": 36}, {""k"": 1, ""n"": 35}, {""k"": 1, ""n"": 36}, {""k"": 1, ""n"": 32}]}], ""soundness_bound_holds"": true, ""step_rule"": ""scale_free"", ""topology_retention_nerve_to_frozen"": {""beta0_frozen"": 2, ""beta0_nerve"": 2, ""beta1_frozen"": 0, ""beta1_nerve"": 0}}",True
0.8947368421052632,51,False,0.099609375,0.1,,1.7219230000046082,1.7219230000046082,0.0,wdbc,6,,SPINE+Graph,10,51,57,512,0.900390625,318973554,False,"{""admission"": {""criterion"": ""risk"", ""removed_risk"": 0, ""removed_support"": 0}, ""betti_final"": [[1, 0], [1, 0]], ""betti_frozen"": [[1, 0], [1, 0]], ""betti_nerve"": [[1, 0], [1, 0]], ""boundary_restriction"": ""both"", ""forced_removals"": 0, ""growth_representation_fallbacks"": 42, ""invariant_held"": true, ""n_segments"": 49, ""n_train_fit"": 384, ""n_val"": 128, ""phase0"": [{""constant_lens"": false, ""gain"": 0.25, ""lens"": ""pc1"", ""lens_scaling"": ""standardize"", ""min_cluster_size"": 15, ""min_samples"": 5, ""n_class"": 241, ""n_edges"": 4, ""n_intervals"": 5, ""n_vertices"": 5, ""noise_reassigned"": 215, ""placement"": ""quantile"", ""slabs"": [{""k"": 1, ""n"": 55}, {""k"": 1, ""n"": 60}, {""k"": 1, ""n"": 61}, {""k"": 1, ""n"": 60}, {""k"": 1, ""n"": 55}]}, {""constant_lens"": false, ""gain"": 0.25, ""lens"": ""pc1"", ""lens_scaling"": ""standardize"", ""min_cluster_size"": 15, ""min_samples"": 5, ""n_class"": 143, ""n_edges"": 4, ""n_intervals"": 5, ""n_vertices"": 5, ""noise_reassigned"": 96, ""placement"": ""quantile"", ""slabs"": [{""k"": 1, ""n"": 32}, {""k"": 1, ""n"": 36}, {""k"": 1, ""n"": 35}, {""k"": 1, ""n"": 36}, {""k"": 1, ""n"": 32}]}], ""soundness_bound_holds"": true, ""step_rule"": ""scale_free"", ""topology_retention_nerve_to_frozen"": {""beta0_frozen"": 2, ""beta0_nerve"": 2, ""beta1_frozen"": 0, ""beta1_nerve"": 0}}",True
0.9649122807017544,51,False,0.099609375,0.1,,0.9285290000261739,15.916886000020895,14.988356999994721,wdbc,6,"{""epsilon"": 0.1, ""window"": 0.2}",LVQ3,10,51,57,512,0.900390625,318973554,False,,True
0.9649122807017544,51,False,0.099609375,0.1,"{""0"": 32, ""1"": 19}",0.20200299995485693,0.20200299995485693,0.0,wdbc,6,,KMeans,10,51,57,512,0.900390625,318973554,False,,True
0.8771929824561403,51,False,0.099609375,0.1,"{""0"": 32, ""1"": 19}",0.0004929999704472721,0.0004929999704472721,0.0,wdbc,6,,Random,10,51,57,512,0.900390625,318973554,False,,True
0.9298245614035088,51,False,0.099609375,0.1,,0.15370200003962964,0.15370200003962964,0.0,wdbc,6,,SPOT,10,51,57,512,0.900390625,318973554,False,,True
0.8947368421052632,51,False,0.099609375,0.1,,2.0721729999640957,2.0721729999640957,0.0,wdbc,6,,GLVQ,10,51,57,512,0.900390625,318973554,False,,True
0.9649122807017544,51,False,0.099609375,0.1,,1.6349449999979697,1.6349449999979697,0.0,wdbc,6,,GNG,10,51,57,512,0.900390625,318973554,False,,True
0.9649122807017544,128,False,0.25,0.25,,0.00010200001997873187,0.00010200001997873187,0.0,wdbc,6,,Full,10,512,57,512,0.0,318973554,True,,False
0.9649122807017544,128,False,0.25,0.25,,0.05742099997587502,0.05742099997587502,0.0,wdbc,6,,RSP3,10,78,57,512,0.84765625,318973554,True,,False
0.9473684210526315,128,False,0.25,0.25,,0.13345200003823265,0.13345200003823265,0.0,wdbc,6,,RHC,10,37,57,512,0.927734375,318973554,True,,False
0.9122807017543859,128,False,0.25,0.25,,1.838913000014145,1.838913000014145,0.0,wdbc,6,,SPINE+1NN,10,128,57,512,0.75,318973554,False,"{""admission"": {""criterion"": ""risk"", ""removed_risk"": 0, ""removed_support"": 0}, ""betti_final"": [[1, 0], [1, 0]], ""betti_frozen"": [[1, 0], [1, 0]], ""betti_nerve"": [[1, 0], [1, 0]], ""boundary_restriction"": ""both"", ""forced_removals"": 0, ""growth_representation_fallbacks"": 131, ""invariant_held"": true, ""n_segments"": 126, ""n_train_fit"": 384, ""n_val"": 128, ""phase0"": [{""constant_lens"": false, ""gain"": 0.25, ""lens"": ""pc1"", ""lens_scaling"": ""standardize"", ""min_cluster_size"": 15, ""min_samples"": 5, ""n_class"": 241, ""n_edges"": 4, ""n_intervals"": 5, ""n_vertices"": 5, ""noise_reassigned"": 215, ""placement"": ""quantile"", ""slabs"": [{""k"": 1, ""n"": 55}, {""k"": 1, ""n"": 60}, {""k"": 1, ""n"": 61}, {""k"": 1, ""n"": 60}, {""k"": 1, ""n"": 55}]}, {""constant_lens"": false, ""gain"": 0.25, ""lens"": ""pc1"", ""lens_scaling"": ""standardize"", ""min_cluster_size"": 15, ""min_samples"": 5, ""n_class"": 143, ""n_edges"": 4, ""n_intervals"": 5, ""n_vertices"": 5, ""noise_reassigned"": 96, ""placement"": ""quantile"", ""slabs"": [{""k"": 1, ""n"": 32}, {""k"": 1, ""n"": 36}, {""k"": 1, ""n"": 35}, {""k"": 1, ""n"": 36}, {""k"": 1, ""n"": 32}]}], ""soundness_bound_holds"": true, ""step_rule"": ""scale_free"", ""topology_retention_nerve_to_frozen"": {""beta0_frozen"": 2, ""beta0_nerve"": 2, ""beta1_frozen"": 0, ""beta1_nerve"": 0}}",True
0.9122807017543859,128,False,0.25,0.25,,1.838913000014145,1.838913000014145,0.0,wdbc,6,,SPINE+Graph,10,128,57,512,0.75,318973554,False,"{""admission"": {""criterion"": ""risk"", ""removed_risk"": 0, ""removed_support"": 0}, ""betti_final"": [[1, 0], [1, 0]], ""betti_frozen"": [[1, 0], [1, 0]], ""betti_nerve"": [[1, 0], [1, 0]], ""boundary_restriction"": ""both"", ""forced_removals"": 0, ""growth_representation_fallbacks"": 131, ""invariant_held"": true, ""n_segments"": 126, ""n_train_fit"": 384, ""n_val"": 128, ""phase0"": [{""constant_lens"": false, ""gain"": 0.25, ""lens"": ""pc1"", ""lens_scaling"": ""standardize"", ""min_cluster_size"": 15, ""min_samples"": 5, ""n_class"": 241, ""n_edges"": 4, ""n_intervals"": 5, ""n_vertices"": 5, ""noise_reassigned"": 215, ""placement"": ""quantile"", ""slabs"": [{""k"": 1, ""n"": 55}, {""k"": 1, ""n"": 60}, {""k"": 1, ""n"": 61}, {""k"": 1, ""n"": 60}, {""k"": 1, ""n"": 55}]}, {""constant_lens"": false, ""gain"": 0.25, ""lens"": ""pc1"", ""lens_scaling"": ""standardize"", ""min_cluster_size"": 15, ""min_samples"": 5, ""n_class"": 143, ""n_edges"": 4, ""n_intervals"": 5, ""n_vertices"": 5, ""noise_reassigned"": 96, ""placement"": ""quantile"", ""slabs"": [{""k"": 1, ""n"": 32}, {""k"": 1, ""n"": 36}, {""k"": 1, ""n"": 35}, {""k"": 1, ""n"": 36}, {""k"": 1, ""n"": 32}]}], ""soundness_bound_holds"": true, ""step_rule"": ""scale_free"", ""topology_retention_nerve_to_frozen"": {""beta0_frozen"": 2, ""beta0_nerve"": 2, ""beta1_frozen"": 0, ""beta1_nerve"": 0}}",True
0.9473684210526315,128,False,0.25,0.25,,1.506915999983903,26.730566999991424,25.22365100000752,wdbc,6,"{""epsilon"": 0.1, ""window"": 0.2}",LVQ3,10,128,57,512,0.75,318973554,False,,True
0.9649122807017544,128,False,0.25,0.25,"{""0"": 80, ""1"": 48}",0.46469500003149733,0.46469500003149733,0.0,wdbc,6,,KMeans,10,128,57,512,0.75,318973554,False,,True
0.9473684210526315,128,False,0.25,0.25,"{""0"": 80, ""1"": 48}",0.00045200000749900937,0.00045200000749900937,0.0,wdbc,6,,Random,10,128,57,512,0.75,318973554,False,,True
0.9473684210526315,128,False,0.25,0.25,,0.1962690000073053,0.1962690000073053,0.0,wdbc,6,,SPOT,10,128,57,512,0.75,318973554,False,,True
0.8771929824561403,128,False,0.25,0.25,,2.908026000019163,2.908026000019163,0.0,wdbc,6,,GLVQ,10,128,57,512,0.75,318973554,False,,True
0.9473684210526315,128,False,0.25,0.25,,2.5748480000183918,2.5748480000183918,0.0,wdbc,6,,GNG,10,128,57,512,0.75,318973554,False,,True
0.9122807017543859,3,False,0.005859375,0.005,,0.00016300001880154014,0.00016300001880154014,0.0,wdbc,7,,Full,10,512,57,512,0.0,319973557,False,,False
0.9298245614035088,3,False,0.005859375,0.005,,0.10550200002035126,0.10550200002035126,0.0,wdbc,7,,RSP3,10,82,57,512,0.83984375,319973557,False,,False
0.9298245614035088,3,False,0.005859375,0.005,,0.1421270000282675,0.1421270000282675,0.0,wdbc,7,,RHC,10,36,57,512,0.9296875,319973557,False,,False
0.8771929824561403,3,False,0.005859375,0.005,,1.5583459999761544,1.5583459999761544,0.0,wdbc,7,,SPINE+1NN,10,3,57,512,0.994140625,319973557,False,"{""admission"": {""criterion"": ""risk"", ""removed_risk"": 1, ""removed_support"": 0}, ""betti_final"": [[1, 0], [1, 0]], ""betti_frozen"": [[1, 0], [2, 0]], ""betti_nerve"": [[1, 0], [1, 0]], ""boundary_restriction"": ""both"", ""forced_removals"": 1, ""growth_representation_fallbacks"": 0, ""invariant_held"": false, ""n_segments"": 1, ""n_train_fit"": 384, ""n_val"": 128, ""phase0"": [{""constant_lens"": false, ""gain"": 0.25, ""lens"": ""pc1"", ""lens_scaling"": ""standardize"", ""min_cluster_size"": 15, ""min_samples"": 5, ""n_class"": 241, ""n_edges"": 4, ""n_intervals"": 5, ""n_vertices"": 5, ""noise_reassigned"": 216, ""placement"": ""quantile"", ""slabs"": [{""k"": 1, ""n"": 55}, {""k"": 1, ""n"": 60}, {""k"": 1, ""n"": 61}, {""k"": 1, ""n"": 60}, {""k"": 1, ""n"": 55}]}, {""constant_lens"": false, ""gain"": 0.25, ""lens"": ""pc1"", ""lens_scaling"": ""standardize"", ""min_cluster_size"": 15, ""min_samples"": 5, ""n_class"": 143, ""n_edges"": 4, ""n_intervals"": 5, ""n_vertices"": 5, ""noise_reassigned"": 93, ""placement"": ""quantile"", ""slabs"": [{""k"": 1, ""n"": 32}, {""k"": 1, ""n"": 36}, {""k"": 1, ""n"": 35}, {""k"": 1, ""n"": 36}, {""k"": 1, ""n"": 32}]}], ""soundness_bound_holds"": true, ""step_rule"": ""scale_free"", ""topology_retention_nerve_to_frozen"": {""beta0_frozen"": 3, ""beta0_nerve"": 2, ""beta1_frozen"": 0, ""beta1_nerve"": 0}}",True
0.8771929824561403,3,False,0.005859375,0.005,,1.5583459999761544,1.5583459999761544,0.0,wdbc,7,,SPINE+Graph,10,3,57,512,0.994140625,319973557,False,"{""admission"": {""criterion"": ""risk"", ""removed_risk"": 1, ""removed_support"": 0}, ""betti_final"": [[1, 0], [1, 0]], ""betti_frozen"": [[1, 0], [2, 0]], ""betti_nerve"": [[1, 0], [1, 0]], ""boundary_restriction"": ""both"", ""forced_removals"": 1, ""growth_representation_fallbacks"": 0, ""invariant_held"": false, ""n_segments"": 1, ""n_train_fit"": 384, ""n_val"": 128, ""phase0"": [{""constant_lens"": false, ""gain"": 0.25, ""lens"": ""pc1"", ""lens_scaling"": ""standardize"", ""min_cluster_size"": 15, ""min_samples"": 5, ""n_class"": 241, ""n_edges"": 4, ""n_intervals"": 5, ""n_vertices"": 5, ""noise_reassigned"": 216, ""placement"": ""quantile"", ""slabs"": [{""k"": 1, ""n"": 55}, {""k"": 1, ""n"": 60}, {""k"": 1, ""n"": 61}, {""k"": 1, ""n"": 60}, {""k"": 1, ""n"": 55}]}, {""constant_lens"": false, ""gain"": 0.25, ""lens"": ""pc1"", ""lens_scaling"": ""standardize"", ""min_cluster_size"": 15, ""min_samples"": 5, ""n_class"": 143, ""n_edges"": 4, ""n_intervals"": 5, ""n_vertices"": 5, ""noise_reassigned"": 93, ""placement"": ""quantile"", ""slabs"": [{""k"": 1, ""n"": 32}, {""k"": 1, ""n"": 36}, {""k"": 1, ""n"": 35}, {""k"": 1, ""n"": 36}, {""k"": 1, ""n"": 32}]}], ""soundness_bound_holds"": true, ""step_rule"": ""scale_free"", ""topology_retention_nerve_to_frozen"": {""beta0_frozen"": 3, ""beta0_nerve"": 2, ""beta1_frozen"": 0, ""beta1_nerve"": 0}}",True
0.9298245614035088,3,False,0.005859375,0.005,,0.7570120000164025,12.435432000027504,11.678420000011101,wdbc,7,"{""epsilon"": 0.1, ""window"": 0.2}",LVQ3,10,3,57,512,0.994140625,319973557,False,,True
0.9122807017543859,3,False,0.005859375,0.005,"{""0"": 2, ""1"": 1}",0.0782990000443533,0.0782990000443533,0.0,wdbc,7,,KMeans,10,3,57,512,0.994140625,319973557,False,,True
0.5263157894736842,3,False,0.005859375,0.005,"{""0"": 2, ""1"": 1}",0.00046499999007210135,0.00046499999007210135,0.0,wdbc,7,,Random,10,3,57,512,0.994140625,319973557,False,,True
0.8947368421052632,3,False,0.005859375,0.005,,0.026208999974187464,0.026208999974187464,0.0,wdbc,7,,SPOT,10,3,57,512,0.994140625,319973557,False,,True
0.8947368421052632,3,False,0.005859375,0.005,,1.5411829999648035,1.5411829999648035,0.0,wdbc,7,,GLVQ,10,3,57,512,0.994140625,319973557,False,,True
0.9298245614035088,3,False,0.005859375,0.005,,0.04177400004118681,0.04177400004118681,0.0,wdbc,7,,GNG,10,3,57,512,0.994140625,319973557,False,,True
0.9122807017543859,5,False,0.009765625,0.01,,0.00016300001880154014,0.00016300001880154014,0.0,wdbc,7,,Full,10,512,57,512,0.0,319973557,True,,False
0.9298245614035088,5,False,0.009765625,0.01,,0.10550200002035126,0.10550200002035126,0.0,wdbc,7,,RSP3,10,82,57,512,0.83984375,319973557,True,,False
0.9298245614035088,5,False,0.009765625,0.01,,0.1421270000282675,0.1421270000282675,0.0,wdbc,7,,RHC,10,36,57,512,0.9296875,319973557,True,,False
0.8947368421052632,5,False,0.009765625,0.01,,1.558798999991268,1.558798999991268,0.0,wdbc,7,,SPINE+1NN,10,5,57,512,0.990234375,319973557,False,"{""admission"": {""criterion"": ""risk"", ""removed_risk"": 1, ""removed_support"": 0}, ""betti_final"": [[1, 0], [2, 0]], ""betti_frozen"": [[1, 0], [2, 0]], ""betti_nerve"": [[1, 0], [1, 0]], ""boundary_restriction"": ""both"", ""forced_removals"": 0, ""growth_representation_fallbacks"": 0, ""invariant_held"": true, ""n_segments"": 2, ""n_train_fit"": 384, ""n_val"": 128, ""phase0"": [{""constant_lens"": false, ""gain"": 0.25, ""lens"": ""pc1"", ""lens_scaling"": ""standardize"", ""min_cluster_size"": 15, ""min_samples"": 5, ""n_class"": 241, ""n_edges"": 4, ""n_intervals"": 5, ""n_vertices"": 5, ""noise_reassigned"": 216, ""placement"": ""quantile"", ""slabs"": [{""k"": 1, ""n"": 55}, {""k"": 1, ""n"": 60}, {""k"": 1, ""n"": 61}, {""k"": 1, ""n"": 60}, {""k"": 1, ""n"": 55}]}, {""constant_lens"": false, ""gain"": 0.25, ""lens"": ""pc1"", ""lens_scaling"": ""standardize"", ""min_cluster_size"": 15, ""min_samples"": 5, ""n_class"": 143, ""n_edges"": 4, ""n_intervals"": 5, ""n_vertices"": 5, ""noise_reassigned"": 93, ""placement"": ""quantile"", ""slabs"": [{""k"": 1, ""n"": 32}, {""k"": 1, ""n"": 36}, {""k"": 1, ""n"": 35}, {""k"": 1, ""n"": 36}, {""k"": 1, ""n"": 32}]}], ""soundness_bound_holds"": true, ""step_rule"": ""scale_free"", ""topology_retention_nerve_to_frozen"": {""beta0_frozen"": 3, ""beta0_nerve"": 2, ""beta1_frozen"": 0, ""beta1_nerve"": 0}}",True
0.8947368421052632,5,False,0.009765625,0.01,,1.558798999991268,1.558798999991268,0.0,wdbc,7,,SPINE+Graph,10,5,57,512,0.990234375,319973557,False,"{""admission"": {""criterion"": ""risk"", ""removed_risk"": 1, ""removed_support"": 0}, ""betti_final"": [[1, 0], [2, 0]], ""betti_frozen"": [[1, 0], [2, 0]], ""betti_nerve"": [[1, 0], [1, 0]], ""boundary_restriction"": ""both"", ""forced_removals"": 0, ""growth_representation_fallbacks"": 0, ""invariant_held"": true, ""n_segments"": 2, ""n_train_fit"": 384, ""n_val"": 128, ""phase0"": [{""constant_lens"": false, ""gain"": 0.25, ""lens"": ""pc1"", ""lens_scaling"": ""standardize"", ""min_cluster_size"": 15, ""min_samples"": 5, ""n_class"": 241, ""n_edges"": 4, ""n_intervals"": 5, ""n_vertices"": 5, ""noise_reassigned"": 216, ""placement"": ""quantile"", ""slabs"": [{""k"": 1, ""n"": 55}, {""k"": 1, ""n"": 60}, {""k"": 1, ""n"": 61}, {""k"": 1, ""n"": 60}, {""k"": 1, ""n"": 55}]}, {""constant_lens"": false, ""gain"": 0.25, ""lens"": ""pc1"", ""lens_scaling"": ""standardize"", ""min_cluster_size"": 15, ""min_samples"": 5, ""n_class"": 143, ""n_edges"": 4, ""n_intervals"": 5, ""n_vertices"": 5, ""noise_reassigned"": 93, ""placement"": ""quantile"", ""slabs"": [{""k"": 1, ""n"": 32}, {""k"": 1, ""n"": 36}, {""k"": 1, ""n"": 35}, {""k"": 1, ""n"": 36}, {""k"": 1, ""n"": 32}]}], ""soundness_bound_holds"": true, ""step_rule"": ""scale_free"", ""topology_retention_nerve_to_frozen"": {""beta0_frozen"": 3, ""beta0_nerve"": 2, ""beta1_frozen"": 0, ""beta1_nerve"": 0}}",True
0.9824561403508771,5,False,0.009765625,0.01,,0.7120420000283048,13.000921000028029,12.288878999999724,wdbc,7,"{""epsilon"": 0.1, ""window"": 0.3}",LVQ3,10,5,57,512,0.990234375,319973557,False,,True
0.9298245614035088,5,False,0.009765625,0.01,"{""0"": 3, ""1"": 2}",0.10254299995722249,0.10254299995722249,0.0,wdbc,7,,KMeans,10,5,57,512,0.990234375,319973557,False,,True
0.9824561403508771,5,False,0.009765625,0.01,"{""0"": 3, ""1"": 2}",0.00044899998465552926,0.00044899998465552926,0.0,wdbc,7,,Random,10,5,57,512,0.990234375,319973557,False,,True
0.8421052631578947,5,False,0.009765625,0.01,,0.05652300000656396,0.05652300000656396,0.0,wdbc,7,,SPOT,10,5,57,512,0.990234375,319973557,False,,True
0.8947368421052632,5,False,0.009765625,0.01,,1.5602599999983795,1.5602599999983795,0.0,wdbc,7,,GLVQ,10,5,57,512,0.990234375,319973557,False,,True
0.9298245614035088,5,False,0.009765625,0.01,,0.06325800000922754,0.06325800000922754,0.0,wdbc,7,,GNG,10,5,57,512,0.990234375,319973557,False,,True
0.9122807017543859,10,False,0.01953125,0.02,,0.00016300001880154014,0.00016300001880154014,0.0,wdbc,7,,Full,10,512,57,512,0.0,319973557,True,,False
0.9298245614035088,10,False,0.01953125,0.02,,0.10550200002035126,0.10550200002035126,0.0,wdbc,7,,RSP3,10,82,57,512,0.83984375,319973557,True,,False
0.9298245614035088,10,False,0.01953125,0.02,,0.1421270000282675,0.1421270000282675,0.0,wdbc,7,,RHC,10,36,57,512,0.9296875,319973557,True,,False
0.8947368421052632,10,False,0.01953125,0.02,,1.6060549999820068,1.6060549999820068,0.0,wdbc,7,,SPINE+1NN,10,10,57,512,0.98046875,319973557,False,"{""admission"": {""criterion"": ""risk"", ""removed_risk"": 1, ""removed_support"": 0}, ""betti_final"": [[1, 0], [2, 0]], ""betti_frozen"": [[1, 0], [2, 0]], ""betti_nerve"": [[1, 0], [1, 0]], ""boundary_restriction"": ""both"", ""forced_removals"": 0, ""growth_representation_fallbacks"": 3, ""invariant_held"": true, ""n_segments"": 7, ""n_train_fit"": 384, ""n_val"": 128, ""phase0"": [{""constant_lens"": false, ""gain"": 0.25, ""lens"": ""pc1"", ""lens_scaling"": ""standardize"", ""min_cluster_size"": 15, ""min_samples"": 5, ""n_class"": 241, ""n_edges"": 4, ""n_intervals"": 5, ""n_vertices"": 5, ""noise_reassigned"": 216, ""placement"": ""quantile"", ""slabs"": [{""k"": 1, ""n"": 55}, {""k"": 1, ""n"": 60}, {""k"": 1, ""n"": 61}, {""k"": 1, ""n"": 60}, {""k"": 1, ""n"": 55}]}, {""constant_lens"": false, ""gain"": 0.25, ""lens"": ""pc1"", ""lens_scaling"": ""standardize"", ""min_cluster_size"": 15, ""min_samples"": 5, ""n_class"": 143, ""n_edges"": 4, ""n_intervals"": 5, ""n_vertices"": 5, ""noise_reassigned"": 93, ""placement"": ""quantile"", ""slabs"": [{""k"": 1, ""n"": 32}, {""k"": 1, ""n"": 36}, {""k"": 1, ""n"": 35}, {""k"": 1, ""n"": 36}, {""k"": 1, ""n"": 32}]}], ""soundness_bound_holds"": true, ""step_rule"": ""scale_free"", ""topology_retention_nerve_to_frozen"": {""beta0_frozen"": 3, ""beta0_nerve"": 2, ""beta1_frozen"": 0, ""beta1_nerve"": 0}}",True
0.8947368421052632,10,False,0.01953125,0.02,,1.6060549999820068,1.6060549999820068,0.0,wdbc,7,,SPINE+Graph,10,10,57,512,0.98046875,319973557,False,"{""admission"": {""criterion"": ""risk"", ""removed_risk"": 1, ""removed_support"": 0}, ""betti_final"": [[1, 0], [2, 0]], ""betti_frozen"": [[1, 0], [2, 0]], ""betti_nerve"": [[1, 0], [1, 0]], ""boundary_restriction"": ""both"", ""forced_removals"": 0, ""growth_representation_fallbacks"": 3, ""invariant_held"": true, ""n_segments"": 7, ""n_train_fit"": 384, ""n_val"": 128, ""phase0"": [{""constant_lens"": false, ""gain"": 0.25, ""lens"": ""pc1"", ""lens_scaling"": ""standardize"", ""min_cluster_size"": 15, ""min_samples"": 5, ""n_class"": 241, ""n_edges"": 4, ""n_intervals"": 5, ""n_vertices"": 5, ""noise_reassigned"": 216, ""placement"": ""quantile"", ""slabs"": [{""k"": 1, ""n"": 55}, {""k"": 1, ""n"": 60}, {""k"": 1, ""n"": 61}, {""k"": 1, ""n"": 60}, {""k"": 1, ""n"": 55}]}, {""constant_lens"": false, ""gain"": 0.25, ""lens"": ""pc1"", ""lens_scaling"": ""standardize"", ""min_cluster_size"": 15, ""min_samples"": 5, ""n_class"": 143, ""n_edges"": 4, ""n_intervals"": 5, ""n_vertices"": 5, ""noise_reassigned"": 93, ""placement"": ""quantile"", ""slabs"": [{""k"": 1, ""n"": 32}, {""k"": 1, ""n"": 36}, {""k"": 1, ""n"": 35}, {""k"": 1, ""n"": 36}, {""k"": 1, ""n"": 32}]}], ""soundness_bound_holds"": true, ""step_rule"": ""scale_free"", ""topology_retention_nerve_to_frozen"": {""beta0_frozen"": 3, ""beta0_nerve"": 2, ""beta1_frozen"": 0, ""beta1_nerve"": 0}}",True
0.9649122807017544,10,False,0.01953125,0.02,,0.726754000002984,13.091215000022203,12.364461000019219,wdbc,7,"{""epsilon"": 0.1, ""window"": 0.2}",LVQ3,10,10,57,512,0.98046875,319973557,False,,True
0.9122807017543859,10,False,0.01953125,0.02,"{""0"": 6, ""1"": 4}",0.10544200002914295,0.10544200002914295,0.0,wdbc,7,,KMeans,10,10,57,512,0.98046875,319973557,False,,True
0.9473684210526315,10,False,0.01953125,0.02,"{""0"": 6, ""1"": 4}",0.00044999999227002263,0.00044999999227002263,0.0,wdbc,7,,Random,10,10,57,512,0.98046875,319973557,False,,True
0.9298245614035088,10,False,0.01953125,0.02,,0.08788500004447997,0.08788500004447997,0.0,wdbc,7,,SPOT,10,10,57,512,0.98046875,319973557,False,,True
0.9122807017543859,10,False,0.01953125,0.02,,1.6304480000399053,1.6304480000399053,0.0,wdbc,7,,GLVQ,10,10,57,512,0.98046875,319973557,False,,True
0.9473684210526315,10,False,0.01953125,0.02,,0.2505239999736659,0.2505239999736659,0.0,wdbc,7,,GNG,10,10,57,512,0.98046875,319973557,False,,True
0.9122807017543859,26,False,0.05078125,0.05,,0.00016300001880154014,0.00016300001880154014,0.0,wdbc,7,,Full,10,512,57,512,0.0,319973557,True,,False
0.9298245614035088,26,False,0.05078125,0.05,,0.10550200002035126,0.10550200002035126,0.0,wdbc,7,,RSP3,10,82,57,512,0.83984375,319973557,True,,False
0.9298245614035088,26,False,0.05078125,0.05,,0.1421270000282675,0.1421270000282675,0.0,wdbc,7,,RHC,10,36,57,512,0.9296875,319973557,True,,False
0.8947368421052632,26,False,0.05078125,0.05,,1.6664250000030734,1.6664250000030734,0.0,wdbc,7,,SPINE+1NN,10,26,57,512,0.94921875,319973557,False,"{""admission"": {""criterion"": ""risk"", ""removed_risk"": 1, ""removed_support"": 0}, ""betti_final"": [[1, 0], [2, 0]], ""betti_frozen"": [[1, 0], [2, 0]], ""betti_nerve"": [[1, 0], [1, 0]], ""boundary_restriction"": ""both"", ""forced_removals"": 0, ""growth_representation_fallbacks"": 16, ""invariant_held"": true, ""n_segments"": 23, ""n_train_fit"": 384, ""n_val"": 128, ""phase0"": [{""constant_lens"": false, ""gain"": 0.25, ""lens"": ""pc1"", ""lens_scaling"": ""standardize"", ""min_cluster_size"": 15, ""min_samples"": 5, ""n_class"": 241, ""n_edges"": 4, ""n_intervals"": 5, ""n_vertices"": 5, ""noise_reassigned"": 216, ""placement"": ""quantile"", ""slabs"": [{""k"": 1, ""n"": 55}, {""k"": 1, ""n"": 60}, {""k"": 1, ""n"": 61}, {""k"": 1, ""n"": 60}, {""k"": 1, ""n"": 55}]}, {""constant_lens"": false, ""gain"": 0.25, ""lens"": ""pc1"", ""lens_scaling"": ""standardize"", ""min_cluster_size"": 15, ""min_samples"": 5, ""n_class"": 143, ""n_edges"": 4, ""n_intervals"": 5, ""n_vertices"": 5, ""noise_reassigned"": 93, ""placement"": ""quantile"", ""slabs"": [{""k"": 1, ""n"": 32}, {""k"": 1, ""n"": 36}, {""k"": 1, ""n"": 35}, {""k"": 1, ""n"": 36}, {""k"": 1, ""n"": 32}]}], ""soundness_bound_holds"": true, ""step_rule"": ""scale_free"", ""topology_retention_nerve_to_frozen"": {""beta0_frozen"": 3, ""beta0_nerve"": 2, ""beta1_frozen"": 0, ""beta1_nerve"": 0}}",True
0.8947368421052632,26,False,0.05078125,0.05,,1.6664250000030734,1.6664250000030734,0.0,wdbc,7,,SPINE+Graph,10,26,57,512,0.94921875,319973557,False,"{""admission"": {""criterion"": ""risk"", ""removed_risk"": 1, ""removed_support"": 0}, ""betti_final"": [[1, 0], [2, 0]], ""betti_frozen"": [[1, 0], [2, 0]], ""betti_nerve"": [[1, 0], [1, 0]], ""boundary_restriction"": ""both"", ""forced_removals"": 0, ""growth_representation_fallbacks"": 16, ""invariant_held"": true, ""n_segments"": 23, ""n_train_fit"": 384, ""n_val"": 128, ""phase0"": [{""constant_lens"": false, ""gain"": 0.25, ""lens"": ""pc1"", ""lens_scaling"": ""standardize"", ""min_cluster_size"": 15, ""min_samples"": 5, ""n_class"": 241, ""n_edges"": 4, ""n_intervals"": 5, ""n_vertices"": 5, ""noise_reassigned"": 216, ""placement"": ""quantile"", ""slabs"": [{""k"": 1, ""n"": 55}, {""k"": 1, ""n"": 60}, {""k"": 1, ""n"": 61}, {""k"": 1, ""n"": 60}, {""k"": 1, ""n"": 55}]}, {""constant_lens"": false, ""gain"": 0.25, ""lens"": ""pc1"", ""lens_scaling"": ""standardize"", ""min_cluster_size"": 15, ""min_samples"": 5, ""n_class"": 143, ""n_edges"": 4, ""n_intervals"": 5, ""n_vertices"": 5, ""noise_reassigned"": 93, ""placement"": ""quantile"", ""slabs"": [{""k"": 1, ""n"": 32}, {""k"": 1, ""n"": 36}, {""k"": 1, ""n"": 35}, {""k"": 1, ""n"": 36}, {""k"": 1, ""n"": 32}]}], ""soundness_bound_holds"": true, ""step_rule"": ""scale_free"", ""topology_retention_nerve_to_frozen"": {""beta0_frozen"": 3, ""beta0_nerve"": 2, ""beta1_frozen"": 0, ""beta1_nerve"": 0}}",True
0.9649122807017544,26,False,0.05078125,0.05,,0.8104789999779314,14.517707999970298,13.707228999992367,wdbc,7,"{""epsilon"": 0.1, ""window"": 0.2}",LVQ3,10,26,57,512,0.94921875,319973557,False,,True
0.9298245614035088,26,False,0.05078125,0.05,"{""0"": 16, ""1"": 10}",0.1503979999688454,0.1503979999688454,0.0,wdbc,7,,KMeans,10,26,57,512,0.94921875,319973557,False,,True
0.9473684210526315,26,False,0.05078125,0.05,"{""0"": 16, ""1"": 10}",0.0005130000063218176,0.0005130000063218176,0.0,wdbc,7,,Random,10,26,57,512,0.94921875,319973557,False,,True
0.9649122807017544,26,False,0.05078125,0.05,,0.1235300000407733,0.1235300000407733,0.0,wdbc,7,,SPOT,10,26,57,512,0.94921875,319973557,False,,True
0.9122807017543859,26,False,0.05078125,0.05,,1.7982030000421219,1.7982030000421219,0.0,wdbc,7,,GLVQ,10,26,57,512,0.94921875,319973557,False,,True
0.9649122807017544,26,False,0.05078125,0.05,,0.866184999991674,0.866184999991674,0.0,wdbc,7,,GNG,10,26,57,512,0.94921875,319973557,False,,True
0.9122807017543859,51,False,0.099609375,0.1,,0.00016300001880154014,0.00016300001880154014,0.0,wdbc,7,,Full,10,512,57,512,0.0,319973557,True,,False
0.9298245614035088,51,False,0.099609375,0.1,,0.10550200002035126,0.10550200002035126,0.0,wdbc,7,,RSP3,10,82,57,512,0.83984375,319973557,True,,False
0.9298245614035088,51,False,0.099609375,0.1,,0.1421270000282675,0.1421270000282675,0.0,wdbc,7,,RHC,10,36,57,512,0.9296875,319973557,True,,False
0.9473684210526315,51,False,0.099609375,0.1,,1.7083479999564588,1.7083479999564588,0.0,wdbc,7,,SPINE+1NN,10,51,57,512,0.900390625,319973557,False,"{""admission"": {""criterion"": ""risk"", ""removed_risk"": 1, ""removed_support"": 0}, ""betti_final"": [[1, 0], [2, 0]], ""betti_frozen"": [[1, 0], [2, 0]], ""betti_nerve"": [[1, 0], [1, 0]], ""boundary_restriction"": ""both"", ""forced_removals"": 0, ""growth_representation_fallbacks"": 44, ""invariant_held"": true, ""n_segments"": 48, ""n_train_fit"": 384, ""n_val"": 128, ""phase0"": [{""constant_lens"": false, ""gain"": 0.25, ""lens"": ""pc1"", ""lens_scaling"": ""standardize"", ""min_cluster_size"": 15, ""min_samples"": 5, ""n_class"": 241, ""n_edges"": 4, ""n_intervals"": 5, ""n_vertices"": 5, ""noise_reassigned"": 216, ""placement"": ""quantile"", ""slabs"": [{""k"": 1, ""n"": 55}, {""k"": 1, ""n"": 60}, {""k"": 1, ""n"": 61}, {""k"": 1, ""n"": 60}, {""k"": 1, ""n"": 55}]}, {""constant_lens"": false, ""gain"": 0.25, ""lens"": ""pc1"", ""lens_scaling"": ""standardize"", ""min_cluster_size"": 15, ""min_samples"": 5, ""n_class"": 143, ""n_edges"": 4, ""n_intervals"": 5, ""n_vertices"": 5, ""noise_reassigned"": 93, ""placement"": ""quantile"", ""slabs"": [{""k"": 1, ""n"": 32}, {""k"": 1, ""n"": 36}, {""k"": 1, ""n"": 35}, {""k"": 1, ""n"": 36}, {""k"": 1, ""n"": 32}]}], ""soundness_bound_holds"": true, ""step_rule"": ""scale_free"", ""topology_retention_nerve_to_frozen"": {""beta0_frozen"": 3, ""beta0_nerve"": 2, ""beta1_frozen"": 0, ""beta1_nerve"": 0}}",True
0.9473684210526315,51,False,0.099609375,0.1,,1.7083479999564588,1.7083479999564588,0.0,wdbc,7,,SPINE+Graph,10,51,57,512,0.900390625,319973557,False,"{""admission"": {""criterion"": ""risk"", ""removed_risk"": 1, ""removed_support"": 0}, ""betti_final"": [[1, 0], [2, 0]], ""betti_frozen"": [[1, 0], [2, 0]], ""betti_nerve"": [[1, 0], [1, 0]], ""boundary_restriction"": ""both"", ""forced_removals"": 0, ""growth_representation_fallbacks"": 44, ""invariant_held"": true, ""n_segments"": 48, ""n_train_fit"": 384, ""n_val"": 128, ""phase0"": [{""constant_lens"": false, ""gain"": 0.25, ""lens"": ""pc1"", ""lens_scaling"": ""standardize"", ""min_cluster_size"": 15, ""min_samples"": 5, ""n_class"": 241, ""n_edges"": 4, ""n_intervals"": 5, ""n_vertices"": 5, ""noise_reassigned"": 216, ""placement"": ""quantile"", ""slabs"": [{""k"": 1, ""n"": 55}, {""k"": 1, ""n"": 60}, {""k"": 1, ""n"": 61}, {""k"": 1, ""n"": 60}, {""k"": 1, ""n"": 55}]}, {""constant_lens"": false, ""gain"": 0.25, ""lens"": ""pc1"", ""lens_scaling"": ""standardize"", ""min_cluster_size"": 15, ""min_samples"": 5, ""n_class"": 143, ""n_edges"": 4, ""n_intervals"": 5, ""n_vertices"": 5, ""noise_reassigned"": 93, ""placement"": ""quantile"", ""slabs"": [{""k"": 1, ""n"": 32}, {""k"": 1, ""n"": 36}, {""k"": 1, ""n"": 35}, {""k"": 1, ""n"": 36}, {""k"": 1, ""n"": 32}]}], ""soundness_bound_holds"": true, ""step_rule"": ""scale_free"", ""topology_retention_nerve_to_frozen"": {""beta0_frozen"": 3, ""beta0_nerve"": 2, ""beta1_frozen"": 0, ""beta1_nerve"": 0}}",True
0.9649122807017544,51,False,0.099609375,0.1,,0.9370159999816678,16.11014399997657,15.173127999994904,wdbc,7,"{""epsilon"": 0.1, ""window"": 0.2}",LVQ3,10,51,57,512,0.900390625,319973557,False,,True
0.9122807017543859,51,False,0.099609375,0.1,"{""0"": 32, ""1"": 19}",0.21436500002164394,0.21436500002164394,0.0,wdbc,7,,KMeans,10,51,57,512,0.900390625,319973557,False,,True
0.9649122807017544,51,False,0.099609375,0.1,"{""0"": 32, ""1"": 19}",0.000568999967072159,0.000568999967072159,0.0,wdbc,7,,Random,10,51,57,512,0.900390625,319973557,False,,True
0.9824561403508771,51,False,0.099609375,0.1,,0.15600600000470877,0.15600600000470877,0.0,wdbc,7,,SPOT,10,51,57,512,0.900390625,319973557,False,,True
0.9122807017543859,51,False,0.099609375,0.1,,2.0671809999621473,2.0671809999621473,0.0,wdbc,7,,GLVQ,10,51,57,512,0.900390625,319973557,False,,True
0.9473684210526315,51,False,0.099609375,0.1,,1.647956000000704,1.647956000000704,0.0,wdbc,7,,GNG,10,51,57,512,0.900390625,319973557,False,,True
0.9122807017543859,128,False,0.25,0.25,,0.00016300001880154014,0.00016300001880154014,0.0,wdbc,7,,Full,10,512,57,512,0.0,319973557,True,,False
0.9298245614035088,128,False,0.25,0.25,,0.10550200002035126,0.10550200002035126,0.0,wdbc,7,,RSP3,10,82,57,512,0.83984375,319973557,True,,False
0.9298245614035088,128,False,0.25,0.25,,0.1421270000282675,0.1421270000282675,0.0,wdbc,7,,RHC,10,36,57,512,0.9296875,319973557,True,,False
0.9824561403508771,128,False,0.25,0.25,,1.8441449999809265,1.8441449999809265,0.0,wdbc,7,,SPINE+1NN,10,128,57,512,0.75,319973557,False,"{""admission"": {""criterion"": ""risk"", ""removed_risk"": 1, ""removed_support"": 0}, ""betti_final"": [[1, 0], [2, 0]], ""betti_frozen"": [[1, 0], [2, 0]], ""betti_nerve"": [[1, 0], [1, 0]], ""boundary_restriction"": ""both"", ""forced_removals"": 0, ""growth_representation_fallbacks"": 137, ""invariant_held"": true, ""n_segments"": 125, ""n_train_fit"": 384, ""n_val"": 128, ""phase0"": [{""constant_lens"": false, ""gain"": 0.25, ""lens"": ""pc1"", ""lens_scaling"": ""standardize"", ""min_cluster_size"": 15, ""min_samples"": 5, ""n_class"": 241, ""n_edges"": 4, ""n_intervals"": 5, ""n_vertices"": 5, ""noise_reassigned"": 216, ""placement"": ""quantile"", ""slabs"": [{""k"": 1, ""n"": 55}, {""k"": 1, ""n"": 60}, {""k"": 1, ""n"": 61}, {""k"": 1, ""n"": 60}, {""k"": 1, ""n"": 55}]}, {""constant_lens"": false, ""gain"": 0.25, ""lens"": ""pc1"", ""lens_scaling"": ""standardize"", ""min_cluster_size"": 15, ""min_samples"": 5, ""n_class"": 143, ""n_edges"": 4, ""n_intervals"": 5, ""n_vertices"": 5, ""noise_reassigned"": 93, ""placement"": ""quantile"", ""slabs"": [{""k"": 1, ""n"": 32}, {""k"": 1, ""n"": 36}, {""k"": 1, ""n"": 35}, {""k"": 1, ""n"": 36}, {""k"": 1, ""n"": 32}]}], ""soundness_bound_holds"": true, ""step_rule"": ""scale_free"", ""topology_retention_nerve_to_frozen"": {""beta0_frozen"": 3, ""beta0_nerve"": 2, ""beta1_frozen"": 0, ""beta1_nerve"": 0}}",True
0.9824561403508771,128,False,0.25,0.25,,1.8441449999809265,1.8441449999809265,0.0,wdbc,7,,SPINE+Graph,10,128,57,512,0.75,319973557,False,"{""admission"": {""criterion"": ""risk"", ""removed_risk"": 1, ""removed_support"": 0}, ""betti_final"": [[1, 0], [2, 0]], ""betti_frozen"": [[1, 0], [2, 0]], ""betti_nerve"": [[1, 0], [1, 0]], ""boundary_restriction"": ""both"", ""forced_removals"": 0, ""growth_representation_fallbacks"": 137, ""invariant_held"": true, ""n_segments"": 125, ""n_train_fit"": 384, ""n_val"": 128, ""phase0"": [{""constant_lens"": false, ""gain"": 0.25, ""lens"": ""pc1"", ""lens_scaling"": ""standardize"", ""min_cluster_size"": 15, ""min_samples"": 5, ""n_class"": 241, ""n_edges"": 4, ""n_intervals"": 5, ""n_vertices"": 5, ""noise_reassigned"": 216, ""placement"": ""quantile"", ""slabs"": [{""k"": 1, ""n"": 55}, {""k"": 1, ""n"": 60}, {""k"": 1, ""n"": 61}, {""k"": 1, ""n"": 60}, {""k"": 1, ""n"": 55}]}, {""constant_lens"": false, ""gain"": 0.25, ""lens"": ""pc1"", ""lens_scaling"": ""standardize"", ""min_cluster_size"": 15, ""min_samples"": 5, ""n_class"": 143, ""n_edges"": 4, ""n_intervals"": 5, ""n_vertices"": 5, ""noise_reassigned"": 93, ""placement"": ""quantile"", ""slabs"": [{""k"": 1, ""n"": 32}, {""k"": 1, ""n"": 36}, {""k"": 1, ""n"": 35}, {""k"": 1, ""n"": 36}, {""k"": 1, ""n"": 32}]}], ""soundness_bound_holds"": true, ""step_rule"": ""scale_free"", ""topology_retention_nerve_to_frozen"": {""beta0_frozen"": 3, ""beta0_nerve"": 2, ""beta1_frozen"": 0, ""beta1_nerve"": 0}}",True
0.9649122807017544,128,False,0.25,0.25,,1.5660619999980554,27.378116000036243,25.812054000038188,wdbc,7,"{""epsilon"": 0.3, ""window"": 0.2}",LVQ3,10,128,57,512,0.75,319973557,False,,True
0.9473684210526315,128,False,0.25,0.25,"{""0"": 80, ""1"": 48}",0.4669700000085868,0.4669700000085868,0.0,wdbc,7,,KMeans,10,128,57,512,0.75,319973557,False,,True
0.9298245614035088,128,False,0.25,0.25,"{""0"": 80, ""1"": 48}",0.0004860000335611403,0.0004860000335611403,0.0,wdbc,7,,Random,10,128,57,512,0.75,319973557,False,,True
0.9824561403508771,128,False,0.25,0.25,,0.1915710000321269,0.1915710000321269,0.0,wdbc,7,,SPOT,10,128,57,512,0.75,319973557,False,,True
0.9122807017543859,128,False,0.25,0.25,,2.8965279999538325,2.8965279999538325,0.0,wdbc,7,,GLVQ,10,128,57,512,0.75,319973557,False,,True
0.9649122807017544,128,False,0.25,0.25,,2.5732950000092387,2.5732950000092387,0.0,wdbc,7,,GNG,10,128,57,512,0.75,319973557,False,,True
0.8947368421052632,3,False,0.005859375,0.005,,0.00010200001997873187,0.00010200001997873187,0.0,wdbc,8,,Full,10,512,57,512,0.0,320973560,False,,False
0.8947368421052632,3,False,0.005859375,0.005,,0.05413900001440197,0.05413900001440197,0.0,wdbc,8,,RSP3,10,89,57,512,0.826171875,320973560,False,,False
0.8947368421052632,3,False,0.005859375,0.005,,0.1412399999680929,0.1412399999680929,0.0,wdbc,8,,RHC,10,36,57,512,0.9296875,320973560,False,,False
0.8596491228070176,3,False,0.005859375,0.005,,1.5564899999881163,1.5564899999881163,0.0,wdbc,8,,SPINE+1NN,10,3,57,512,0.994140625,320973560,False,"{""admission"": {""criterion"": ""risk"", ""removed_risk"": 1, ""removed_support"": 0}, ""betti_final"": [[1, 0], [1, 0]], ""betti_frozen"": [[1, 0], [2, 0]], ""betti_nerve"": [[1, 0], [1, 0]], ""boundary_restriction"": ""both"", ""forced_removals"": 1, ""growth_representation_fallbacks"": 0, ""invariant_held"": false, ""n_segments"": 1, ""n_train_fit"": 384, ""n_val"": 128, ""phase0"": [{""constant_lens"": false, ""gain"": 0.25, ""lens"": ""pc1"", ""lens_scaling"": ""standardize"", ""min_cluster_size"": 15, ""min_samples"": 5, ""n_class"": 241, ""n_edges"": 4, ""n_intervals"": 5, ""n_vertices"": 5, ""noise_reassigned"": 215, ""placement"": ""quantile"", ""slabs"": [{""k"": 1, ""n"": 55}, {""k"": 1, ""n"": 60}, {""k"": 1, ""n"": 61}, {""k"": 1, ""n"": 60}, {""k"": 1, ""n"": 55}]}, {""constant_lens"": false, ""gain"": 0.25, ""lens"": ""pc1"", ""lens_scaling"": ""standardize"", ""min_cluster_size"": 15, ""min_samples"": 5, ""n_class"": 143, ""n_edges"": 4, ""n_intervals"": 5, ""n_vertices"": 5, ""noise_reassigned"": 93, ""placement"": ""quantile"", ""slabs"": [{""k"": 1, ""n"": 32}, {""k"": 1, ""n"": 36}, {""k"": 1, ""n"": 35}, {""k"": 1, ""n"": 36}, {""k"": 1, ""n"": 32}]}], ""soundness_bound_holds"": true, ""step_rule"": ""scale_free"", ""topology_retention_nerve_to_frozen"": {""beta0_frozen"": 3, ""beta0_nerve"": 2, ""beta1_frozen"": 0, ""beta1_nerve"": 0}}",True
0.8596491228070176,3,False,0.005859375,0.005,,1.5564899999881163,1.5564899999881163,0.0,wdbc,8,,SPINE+Graph,10,3,57,512,0.994140625,320973560,False,"{""admission"": {""criterion"": ""risk"", ""removed_risk"": 1, ""removed_support"": 0}, ""betti_final"": [[1, 0], [1, 0]], ""betti_frozen"": [[1, 0], [2, 0]], ""betti_nerve"": [[1, 0], [1, 0]], ""boundary_restriction"": ""both"", ""forced_removals"": 1, ""growth_representation_fallbacks"": 0, ""invariant_held"": false, ""n_segments"": 1, ""n_train_fit"": 384, ""n_val"": 128, ""phase0"": [{""constant_lens"": false, ""gain"": 0.25, ""lens"": ""pc1"", ""lens_scaling"": ""standardize"", ""min_cluster_size"": 15, ""min_samples"": 5, ""n_class"": 241, ""n_edges"": 4, ""n_intervals"": 5, ""n_vertices"": 5, ""noise_reassigned"": 215, ""placement"": ""quantile"", ""slabs"": [{""k"": 1, ""n"": 55}, {""k"": 1, ""n"": 60}, {""k"": 1, ""n"": 61}, {""k"": 1, ""n"": 60}, {""k"": 1, ""n"": 55}]}, {""constant_lens"": false, ""gain"": 0.25, ""lens"": ""pc1"", ""lens_scaling"": ""standardize"", ""min_cluster_size"": 15, ""min_samples"": 5, ""n_class"": 143, ""n_edges"": 4, ""n_intervals"": 5, ""n_vertices"": 5, ""noise_reassigned"": 93, ""placement"": ""quantile"", ""slabs"": [{""k"": 1, ""n"": 32}, {""k"": 1, ""n"": 36}, {""k"": 1, ""n"": 35}, {""k"": 1, ""n"": 36}, {""k"": 1, ""n"": 32}]}], ""soundness_bound_holds"": true, ""step_rule"": ""scale_free"", ""topology_retention_nerve_to_frozen"": {""beta0_frozen"": 3, ""beta0_nerve"": 2, ""beta1_frozen"": 0, ""beta1_nerve"": 0}}",True
0.9122807017543859,3,False,0.005859375,0.005,,0.7492130000027828,12.61695499997586,11.867741999973077,wdbc,8,"{""epsilon"": 0.1, ""window"": 0.2}",LVQ3,10,3,57,512,0.994140625,320973560,False,,True
0.9122807017543859,3,False,0.005859375,0.005,"{""0"": 2, ""1"": 1}",0.05191500001819804,0.05191500001819804,0.0,wdbc,8,,KMeans,10,3,57,512,0.994140625,320973560,False,,True
0.631578947368421,3,False,0.005859375,0.005,"{""0"": 2, ""1"": 1}",0.0004409999819472432,0.0004409999819472432,0.0,wdbc,8,,Random,10,3,57,512,0.994140625,320973560,False,,True
0.8596491228070176,3,False,0.005859375,0.005,,0.02457999996840954,0.02457999996840954,0.0,wdbc,8,,SPOT,10,3,57,512,0.994140625,320973560,False,,True
0.9122807017543859,3,False,0.005859375,0.005,,1.5495909999590367,1.5495909999590367,0.0,wdbc,8,,GLVQ,10,3,57,512,0.994140625,320973560,False,,True
0.9122807017543859,3,False,0.005859375,0.005,,0.0390309999929741,0.0390309999929741,0.0,wdbc,8,,GNG,10,3,57,512,0.994140625,320973560,False,,True
0.8947368421052632,5,False,0.009765625,0.01,,0.00010200001997873187,0.00010200001997873187,0.0,wdbc,8,,Full,10,512,57,512,0.0,320973560,True,,False
0.8947368421052632,5,False,0.009765625,0.01,,0.05413900001440197,0.05413900001440197,0.0,wdbc,8,,RSP3,10,89,57,512,0.826171875,320973560,True,,False
0.8947368421052632,5,False,0.009765625,0.01,,0.1412399999680929,0.1412399999680929,0.0,wdbc,8,,RHC,10,36,57,512,0.9296875,320973560,True,,False
0.8596491228070176,5,False,0.009765625,0.01,,1.5440170000074431,1.5440170000074431,0.0,wdbc,8,,SPINE+1NN,10,5,57,512,0.990234375,320973560,False,"{""admission"": {""criterion"": ""risk"", ""removed_risk"": 1, ""removed_support"": 0}, ""betti_final"": [[1, 0], [2, 0]], ""betti_frozen"": [[1, 0], [2, 0]], ""betti_nerve"": [[1, 0], [1, 0]], ""boundary_restriction"": ""both"", ""forced_removals"": 0, ""growth_representation_fallbacks"": 0, ""invariant_held"": true, ""n_segments"": 2, ""n_train_fit"": 384, ""n_val"": 128, ""phase0"": [{""constant_lens"": false, ""gain"": 0.25, ""lens"": ""pc1"", ""lens_scaling"": ""standardize"", ""min_cluster_size"": 15, ""min_samples"": 5, ""n_class"": 241, ""n_edges"": 4, ""n_intervals"": 5, ""n_vertices"": 5, ""noise_reassigned"": 215, ""placement"": ""quantile"", ""slabs"": [{""k"": 1, ""n"": 55}, {""k"": 1, ""n"": 60}, {""k"": 1, ""n"": 61}, {""k"": 1, ""n"": 60}, {""k"": 1, ""n"": 55}]}, {""constant_lens"": false, ""gain"": 0.25, ""lens"": ""pc1"", ""lens_scaling"": ""standardize"", ""min_cluster_size"": 15, ""min_samples"": 5, ""n_class"": 143, ""n_edges"": 4, ""n_intervals"": 5, ""n_vertices"": 5, ""noise_reassigned"": 93, ""placement"": ""quantile"", ""slabs"": [{""k"": 1, ""n"": 32}, {""k"": 1, ""n"": 36}, {""k"": 1, ""n"": 35}, {""k"": 1, ""n"": 36}, {""k"": 1, ""n"": 32}]}], ""soundness_bound_holds"": true, ""step_rule"": ""scale_free"", ""topology_retention_nerve_to_frozen"": {""beta0_frozen"": 3, ""beta0_nerve"": 2, ""beta1_frozen"": 0, ""beta1_nerve"": 0}}",True
0.8596491228070176,5,False,0.009765625,0.01,,1.5440170000074431,1.5440170000074431,0.0,wdbc,8,,SPINE+Graph,10,5,57,512,0.990234375,320973560,False,"{""admission"": {""criterion"": ""risk"", ""removed_risk"": 1, ""removed_support"": 0}, ""betti_final"": [[1, 0], [2, 0]], ""betti_frozen"": [[1, 0], [2, 0]], ""betti_nerve"": [[1, 0], [1, 0]], ""boundary_restriction"": ""both"", ""forced_removals"": 0, ""growth_representation_fallbacks"": 0, ""invariant_held"": true, ""n_segments"": 2, ""n_train_fit"": 384, ""n_val"": 128, ""phase0"": [{""constant_lens"": false, ""gain"": 0.25, ""lens"": ""pc1"", ""lens_scaling"": ""standardize"", ""min_cluster_size"": 15, ""min_samples"": 5, ""n_class"": 241, ""n_edges"": 4, ""n_intervals"": 5, ""n_vertices"": 5, ""noise_reassigned"": 215, ""placement"": ""quantile"", ""slabs"": [{""k"": 1, ""n"": 55}, {""k"": 1, ""n"": 60}, {""k"": 1, ""n"": 61}, {""k"": 1, ""n"": 60}, {""k"": 1, ""n"": 55}]}, {""constant_lens"": false, ""gain"": 0.25, ""lens"": ""pc1"", ""lens_scaling"": ""standardize"", ""min_cluster_size"": 15, ""min_samples"": 5, ""n_class"": 143, ""n_edges"": 4, ""n_intervals"": 5, ""n_vertices"": 5, ""noise_reassigned"": 93, ""placement"": ""quantile"", ""slabs"": [{""k"": 1, ""n"": 32}, {""k"": 1, ""n"": 36}, {""k"": 1, ""n"": 35}, {""k"": 1, ""n"": 36}, {""k"": 1, ""n"": 32}]}], ""soundness_bound_holds"": true, ""step_rule"": ""scale_free"", ""topology_retention_nerve_to_frozen"": {""beta0_frozen"": 3, ""beta0_nerve"": 2, ""beta1_frozen"": 0, ""beta1_nerve"": 0}}",True
0.9298245614035088,5,False,0.009765625,0.01,,0.7225679999683052,12.954956999979913,12.232389000011608,wdbc,8,"{""epsilon"": 0.1, ""window"": 0.3}",LVQ3,10,5,57,512,0.990234375,320973560,False,,True
0.8947368421052632,5,False,0.009765625,0.01,"{""0"": 3, ""1"": 2}",0.09267199999885634,0.09267199999885634,0.0,wdbc,8,,KMeans,10,5,57,512,0.990234375,320973560,False,,True
0.8771929824561403,5,False,0.009765625,0.01,"{""0"": 3, ""1"": 2}",0.00044899998465552926,0.00044899998465552926,0.0,wdbc,8,,Random,10,5,57,512,0.990234375,320973560,False,,True
0.8070175438596491,5,False,0.009765625,0.01,,0.05473299999721348,0.05473299999721348,0.0,wdbc,8,,SPOT,10,5,57,512,0.990234375,320973560,False,,True
0.9122807017543859,5,False,0.009765625,0.01,,1.5696459999890067,1.5696459999890067,0.0,wdbc,8,,GLVQ,10,5,57,512,0.990234375,320973560,False,,True
0.8947368421052632,5,False,0.009765625,0.01,,0.0677869999781251,0.0677869999781251,0.0,wdbc,8,,GNG,10,5,57,512,0.990234375,320973560,False,,True
0.8947368421052632,10,False,0.01953125,0.02,,0.00010200001997873187,0.00010200001997873187,0.0,wdbc,8,,Full,10,512,57,512,0.0,320973560,True,,False
0.8947368421052632,10,False,0.01953125,0.02,,0.05413900001440197,0.05413900001440197,0.0,wdbc,8,,RSP3,10,89,57,512,0.826171875,320973560,True,,False
0.8947368421052632,10,False,0.01953125,0.02,,0.1412399999680929,0.1412399999680929,0.0,wdbc,8,,RHC,10,36,57,512,0.9296875,320973560,True,,False
0.8596491228070176,10,False,0.01953125,0.02,,1.600159999972675,1.600159999972675,0.0,wdbc,8,,SPINE+1NN,10,10,57,512,0.98046875,320973560,False,"{""admission"": {""criterion"": ""risk"", ""removed_risk"": 1, ""removed_support"": 0}, ""betti_final"": [[1, 0], [2, 0]], ""betti_frozen"": [[1, 0], [2, 0]], ""betti_nerve"": [[1, 0], [1, 0]], ""boundary_restriction"": ""both"", ""forced_removals"": 0, ""growth_representation_fallbacks"": 3, ""invariant_held"": true, ""n_segments"": 7, ""n_train_fit"": 384, ""n_val"": 128, ""phase0"": [{""constant_lens"": false, ""gain"": 0.25, ""lens"": ""pc1"", ""lens_scaling"": ""standardize"", ""min_cluster_size"": 15, ""min_samples"": 5, ""n_class"": 241, ""n_edges"": 4, ""n_intervals"": 5, ""n_vertices"": 5, ""noise_reassigned"": 215, ""placement"": ""quantile"", ""slabs"": [{""k"": 1, ""n"": 55}, {""k"": 1, ""n"": 60}, {""k"": 1, ""n"": 61}, {""k"": 1, ""n"": 60}, {""k"": 1, ""n"": 55}]}, {""constant_lens"": false, ""gain"": 0.25, ""lens"": ""pc1"", ""lens_scaling"": ""standardize"", ""min_cluster_size"": 15, ""min_samples"": 5, ""n_class"": 143, ""n_edges"": 4, ""n_intervals"": 5, ""n_vertices"": 5, ""noise_reassigned"": 93, ""placement"": ""quantile"", ""slabs"": [{""k"": 1, ""n"": 32}, {""k"": 1, ""n"": 36}, {""k"": 1, ""n"": 35}, {""k"": 1, ""n"": 36}, {""k"": 1, ""n"": 32}]}], ""soundness_bound_holds"": true, ""step_rule"": ""scale_free"", ""topology_retention_nerve_to_frozen"": {""beta0_frozen"": 3, ""beta0_nerve"": 2, ""beta1_frozen"": 0, ""beta1_nerve"": 0}}",True
0.8596491228070176,10,False,0.01953125,0.02,,1.600159999972675,1.600159999972675,0.0,wdbc,8,,SPINE+Graph,10,10,57,512,0.98046875,320973560,False,"{""admission"": {""criterion"": ""risk"", ""removed_risk"": 1, ""removed_support"": 0}, ""betti_final"": [[1, 0], [2, 0]], ""betti_frozen"": [[1, 0], [2, 0]], ""betti_nerve"": [[1, 0], [1, 0]], ""boundary_restriction"": ""both"", ""forced_removals"": 0, ""growth_representation_fallbacks"": 3, ""invariant_held"": true, ""n_segments"": 7, ""n_train_fit"": 384, ""n_val"": 128, ""phase0"": [{""constant_lens"": false, ""gain"": 0.25, ""lens"": ""pc1"", ""lens_scaling"": ""standardize"", ""min_cluster_size"": 15, ""min_samples"": 5, ""n_class"": 241, ""n_edges"": 4, ""n_intervals"": 5, ""n_vertices"": 5, ""noise_reassigned"": 215, ""placement"": ""quantile"", ""slabs"": [{""k"": 1, ""n"": 55}, {""k"": 1, ""n"": 60}, {""k"": 1, ""n"": 61}, {""k"": 1, ""n"": 60}, {""k"": 1, ""n"": 55}]}, {""constant_lens"": false, ""gain"": 0.25, ""lens"": ""pc1"", ""lens_scaling"": ""standardize"", ""min_cluster_size"": 15, ""min_samples"": 5, ""n_class"": 143, ""n_edges"": 4, ""n_intervals"": 5, ""n_vertices"": 5, ""noise_reassigned"": 93, ""placement"": ""quantile"", ""slabs"": [{""k"": 1, ""n"": 32}, {""k"": 1, ""n"": 36}, {""k"": 1, ""n"": 35}, {""k"": 1, ""n"": 36}, {""k"": 1, ""n"": 32}]}], ""soundness_bound_holds"": true, ""step_rule"": ""scale_free"", ""topology_retention_nerve_to_frozen"": {""beta0_frozen"": 3, ""beta0_nerve"": 2, ""beta1_frozen"": 0, ""beta1_nerve"": 0}}",True
0.8947368421052632,10,False,0.01953125,0.02,,0.8615189999691211,13.678713999979664,12.817195000010543,wdbc,8,"{""epsilon"": 0.1, ""window"": 0.3}",LVQ3,10,10,57,512,0.98046875,320973560,False,,True
0.9122807017543859,10,False,0.01953125,0.02,"{""0"": 6, ""1"": 4}",0.10788299998966977,0.10788299998966977,0.0,wdbc,8,,KMeans,10,10,57,512,0.98046875,320973560,False,,True
0.8771929824561403,10,False,0.01953125,0.02,"{""0"": 6, ""1"": 4}",0.0004830000107176602,0.0004830000107176602,0.0,wdbc,8,,Random,10,10,57,512,0.98046875,320973560,False,,True
0.8421052631578947,10,False,0.01953125,0.02,,0.07786099996883422,0.07786099996883422,0.0,wdbc,8,,SPOT,10,10,57,512,0.98046875,320973560,False,,True
0.9122807017543859,10,False,0.01953125,0.02,,1.62011999997776,1.62011999997776,0.0,wdbc,8,,GLVQ,10,10,57,512,0.98046875,320973560,False,,True
0.9473684210526315,10,False,0.01953125,0.02,,0.25150099996244535,0.25150099996244535,0.0,wdbc,8,,GNG,10,10,57,512,0.98046875,320973560,False,,True
0.8947368421052632,26,False,0.05078125,0.05,,0.00010200001997873187,0.00010200001997873187,0.0,wdbc,8,,Full,10,512,57,512,0.0,320973560,True,,False
0.8947368421052632,26,False,0.05078125,0.05,,0.05413900001440197,0.05413900001440197,0.0,wdbc,8,,RSP3,10,89,57,512,0.826171875,320973560,True,,False
0.8947368421052632,26,False,0.05078125,0.05,,0.1412399999680929,0.1412399999680929,0.0,wdbc,8,,RHC,10,36,57,512,0.9296875,320973560,True,,False
0.8947368421052632,26,False,0.05078125,0.05,,1.6782680000178516,1.6782680000178516,0.0,wdbc,8,,SPINE+1NN,10,26,57,512,0.94921875,320973560,False,"{""admission"": {""criterion"": ""risk"", ""removed_risk"": 1, ""removed_support"": 0}, ""betti_final"": [[1, 0], [2, 0]], ""betti_frozen"": [[1, 0], [2, 0]], ""betti_nerve"": [[1, 0], [1, 0]], ""boundary_restriction"": ""both"", ""forced_removals"": 0, ""growth_representation_fallbacks"": 14, ""invariant_held"": true, ""n_segments"": 23, ""n_train_fit"": 384, ""n_val"": 128, ""phase0"": [{""constant_lens"": false, ""gain"": 0.25, ""lens"": ""pc1"", ""lens_scaling"": ""standardize"", ""min_cluster_size"": 15, ""min_samples"": 5, ""n_class"": 241, ""n_edges"": 4, ""n_intervals"": 5, ""n_vertices"": 5, ""noise_reassigned"": 215, ""placement"": ""quantile"", ""slabs"": [{""k"": 1, ""n"": 55}, {""k"": 1, ""n"": 60}, {""k"": 1, ""n"": 61}, {""k"": 1, ""n"": 60}, {""k"": 1, ""n"": 55}]}, {""constant_lens"": false, ""gain"": 0.25, ""lens"": ""pc1"", ""lens_scaling"": ""standardize"", ""min_cluster_size"": 15, ""min_samples"": 5, ""n_class"": 143, ""n_edges"": 4, ""n_intervals"": 5, ""n_vertices"": 5, ""noise_reassigned"": 93, ""placement"": ""quantile"", ""slabs"": [{""k"": 1, ""n"": 32}, {""k"": 1, ""n"": 36}, {""k"": 1, ""n"": 35}, {""k"": 1, ""n"": 36}, {""k"": 1, ""n"": 32}]}], ""soundness_bound_holds"": true, ""step_rule"": ""scale_free"", ""topology_retention_nerve_to_frozen"": {""beta0_frozen"": 3, ""beta0_nerve"": 2, ""beta1_frozen"": 0, ""beta1_nerve"": 0}}",True
0.8947368421052632,26,False,0.05078125,0.05,,1.6782680000178516,1.6782680000178516,0.0,wdbc,8,,SPINE+Graph,10,26,57,512,0.94921875,320973560,False,"{""admission"": {""criterion"": ""risk"", ""removed_risk"": 1, ""removed_support"": 0}, ""betti_final"": [[1, 0], [2, 0]], ""betti_frozen"": [[1, 0], [2, 0]], ""betti_nerve"": [[1, 0], [1, 0]], ""boundary_restriction"": ""both"", ""forced_removals"": 0, ""growth_representation_fallbacks"": 14, ""invariant_held"": true, ""n_segments"": 23, ""n_train_fit"": 384, ""n_val"": 128, ""phase0"": [{""constant_lens"": false, ""gain"": 0.25, ""lens"": ""pc1"", ""lens_scaling"": ""standardize"", ""min_cluster_size"": 15, ""min_samples"": 5, ""n_class"": 241, ""n_edges"": 4, ""n_intervals"": 5, ""n_vertices"": 5, ""noise_reassigned"": 215, ""placement"": ""quantile"", ""slabs"": [{""k"": 1, ""n"": 55}, {""k"": 1, ""n"": 60}, {""k"": 1, ""n"": 61}, {""k"": 1, ""n"": 60}, {""k"": 1, ""n"": 55}]}, {""constant_lens"": false, ""gain"": 0.25, ""lens"": ""pc1"", ""lens_scaling"": ""standardize"", ""min_cluster_size"": 15, ""min_samples"": 5, ""n_class"": 143, ""n_edges"": 4, ""n_intervals"": 5, ""n_vertices"": 5, ""noise_reassigned"": 93, ""placement"": ""quantile"", ""slabs"": [{""k"": 1, ""n"": 32}, {""k"": 1, ""n"": 36}, {""k"": 1, ""n"": 35}, {""k"": 1, ""n"": 36}, {""k"": 1, ""n"": 32}]}], ""soundness_bound_holds"": true, ""step_rule"": ""scale_free"", ""topology_retention_nerve_to_frozen"": {""beta0_frozen"": 3, ""beta0_nerve"": 2, ""beta1_frozen"": 0, ""beta1_nerve"": 0}}",True
0.8947368421052632,26,False,0.05078125,0.05,,0.821366999996826,13.953520999988541,13.132153999991715,wdbc,8,"{""epsilon"": 0.3, ""window"": 0.2}",LVQ3,10,26,57,512,0.94921875,320973560,False,,True
0.9122807017543859,26,False,0.05078125,0.05,"{""0"": 16, ""1"": 10}",0.14821700000902638,0.14821700000902638,0.0,wdbc,8,,KMeans,10,26,57,512,0.94921875,320973560,False,,True
0.8245614035087719,26,False,0.05078125,0.05,"{""0"": 16, ""1"": 10}",0.0004760000156238675,0.0004760000156238675,0.0,wdbc,8,,Random,10,26,57,512,0.94921875,320973560,False,,True
0.8771929824561403,26,False,0.05078125,0.05,,0.12922899995464832,0.12922899995464832,0.0,wdbc,8,,SPOT,10,26,57,512,0.94921875,320973560,False,,True
0.8947368421052632,26,False,0.05078125,0.05,,1.7923220000229776,1.7923220000229776,0.0,wdbc,8,,GLVQ,10,26,57,512,0.94921875,320973560,False,,True
0.9122807017543859,26,False,0.05078125,0.05,,0.8092000000178814,0.8092000000178814,0.0,wdbc,8,,GNG,10,26,57,512,0.94921875,320973560,False,,True
0.8947368421052632,51,False,0.099609375,0.1,,0.00010200001997873187,0.00010200001997873187,0.0,wdbc,8,,Full,10,512,57,512,0.0,320973560,True,,False
0.8947368421052632,51,False,0.099609375,0.1,,0.05413900001440197,0.05413900001440197,0.0,wdbc,8,,RSP3,10,89,57,512,0.826171875,320973560,True,,False
0.8947368421052632,51,False,0.099609375,0.1,,0.1412399999680929,0.1412399999680929,0.0,wdbc,8,,RHC,10,36,57,512,0.9296875,320973560,True,,False
0.9122807017543859,51,False,0.099609375,0.1,,1.6939990000100806,1.6939990000100806,0.0,wdbc,8,,SPINE+1NN,10,51,57,512,0.900390625,320973560,False,"{""admission"": {""criterion"": ""risk"", ""removed_risk"": 1, ""removed_support"": 0}, ""betti_final"": [[1, 0], [2, 0]], ""betti_frozen"": [[1, 0], [2, 0]], ""betti_nerve"": [[1, 0], [1, 0]], ""boundary_restriction"": ""both"", ""forced_removals"": 0, ""growth_representation_fallbacks"": 43, ""invariant_held"": true, ""n_segments"": 48, ""n_train_fit"": 384, ""n_val"": 128, ""phase0"": [{""constant_lens"": false, ""gain"": 0.25, ""lens"": ""pc1"", ""lens_scaling"": ""standardize"", ""min_cluster_size"": 15, ""min_samples"": 5, ""n_class"": 241, ""n_edges"": 4, ""n_intervals"": 5, ""n_vertices"": 5, ""noise_reassigned"": 215, ""placement"": ""quantile"", ""slabs"": [{""k"": 1, ""n"": 55}, {""k"": 1, ""n"": 60}, {""k"": 1, ""n"": 61}, {""k"": 1, ""n"": 60}, {""k"": 1, ""n"": 55}]}, {""constant_lens"": false, ""gain"": 0.25, ""lens"": ""pc1"", ""lens_scaling"": ""standardize"", ""min_cluster_size"": 15, ""min_samples"": 5, ""n_class"": 143, ""n_edges"": 4, ""n_intervals"": 5, ""n_vertices"": 5, ""noise_reassigned"": 93, ""placement"": ""quantile"", ""slabs"": [{""k"": 1, ""n"": 32}, {""k"": 1, ""n"": 36}, {""k"": 1, ""n"": 35}, {""k"": 1, ""n"": 36}, {""k"": 1, ""n"": 32}]}], ""soundness_bound_holds"": true, ""step_rule"": ""scale_free"", ""topology_retention_nerve_to_frozen"": {""beta0_frozen"": 3, ""beta0_nerve"": 2, ""beta1_frozen"": 0, ""beta1_nerve"": 0}}",True
0.9122807017543859,51,False,0.099609375,0.1,,1.6939990000100806,1.6939990000100806,0.0,wdbc,8,,SPINE+Graph,10,51,57,512,0.900390625,320973560,False,"{""admission"": {""criterion"": ""risk"", ""removed_risk"": 1, ""removed_support"": 0}, ""betti_final"": [[1, 0], [2, 0]], ""betti_frozen"": [[1, 0], [2, 0]], ""betti_nerve"": [[1, 0], [1, 0]], ""boundary_restriction"": ""both"", ""forced_removals"": 0, ""growth_representation_fallbacks"": 43, ""invariant_held"": true, ""n_segments"": 48, ""n_train_fit"": 384, ""n_val"": 128, ""phase0"": [{""constant_lens"": false, ""gain"": 0.25, ""lens"": ""pc1"", ""lens_scaling"": ""standardize"", ""min_cluster_size"": 15, ""min_samples"": 5, ""n_class"": 241, ""n_edges"": 4, ""n_intervals"": 5, ""n_vertices"": 5, ""noise_reassigned"": 215, ""placement"": ""quantile"", ""slabs"": [{""k"": 1, ""n"": 55}, {""k"": 1, ""n"": 60}, {""k"": 1, ""n"": 61}, {""k"": 1, ""n"": 60}, {""k"": 1, ""n"": 55}]}, {""constant_lens"": false, ""gain"": 0.25, ""lens"": ""pc1"", ""lens_scaling"": ""standardize"", ""min_cluster_size"": 15, ""min_samples"": 5, ""n_class"": 143, ""n_edges"": 4, ""n_intervals"": 5, ""n_vertices"": 5, ""noise_reassigned"": 93, ""placement"": ""quantile"", ""slabs"": [{""k"": 1, ""n"": 32}, {""k"": 1, ""n"": 36}, {""k"": 1, ""n"": 35}, {""k"": 1, ""n"": 36}, {""k"": 1, ""n"": 32}]}], ""soundness_bound_holds"": true, ""step_rule"": ""scale_free"", ""topology_retention_nerve_to_frozen"": {""beta0_frozen"": 3, ""beta0_nerve"": 2, ""beta1_frozen"": 0, ""beta1_nerve"": 0}}",True
0.9473684210526315,51,False,0.099609375,0.1,,0.9385400000028312,16.257540000020526,15.319000000017695,wdbc,8,"{""epsilon"": 0.1, ""window"": 0.2}",LVQ3,10,51,57,512,0.900390625,320973560,False,,True
0.8947368421052632,51,False,0.099609375,0.1,"{""0"": 32, ""1"": 19}",0.20792299997992814,0.20792299997992814,0.0,wdbc,8,,KMeans,10,51,57,512,0.900390625,320973560,False,,True
0.9473684210526315,51,False,0.099609375,0.1,"{""0"": 32, ""1"": 19}",0.0005150000215508044,0.0005150000215508044,0.0,wdbc,8,,Random,10,51,57,512,0.900390625,320973560,False,,True
0.9122807017543859,51,False,0.099609375,0.1,,0.1607050000457093,0.1607050000457093,0.0,wdbc,8,,SPOT,10,51,57,512,0.900390625,320973560,False,,True
0.8771929824561403,51,False,0.099609375,0.1,,2.0699880000320263,2.0699880000320263,0.0,wdbc,8,,GLVQ,10,51,57,512,0.900390625,320973560,False,,True
0.9122807017543859,51,False,0.099609375,0.1,,1.6307370000286028,1.6307370000286028,0.0,wdbc,8,,GNG,10,51,57,512,0.900390625,320973560,False,,True
0.8947368421052632,128,False,0.25,0.25,,0.00010200001997873187,0.00010200001997873187,0.0,wdbc,8,,Full,10,512,57,512,0.0,320973560,True,,False
0.8947368421052632,128,False,0.25,0.25,,0.05413900001440197,0.05413900001440197,0.0,wdbc,8,,RSP3,10,89,57,512,0.826171875,320973560,True,,False
0.8947368421052632,128,False,0.25,0.25,,0.1412399999680929,0.1412399999680929,0.0,wdbc,8,,RHC,10,36,57,512,0.9296875,320973560,True,,False
0.9122807017543859,128,False,0.25,0.25,,1.7957210000022314,1.7957210000022314,0.0,wdbc,8,,SPINE+1NN,10,128,57,512,0.75,320973560,False,"{""admission"": {""criterion"": ""risk"", ""removed_risk"": 1, ""removed_support"": 0}, ""betti_final"": [[1, 0], [2, 0]], ""betti_frozen"": [[1, 0], [2, 0]], ""betti_nerve"": [[1, 0], [1, 0]], ""boundary_restriction"": ""both"", ""forced_removals"": 0, ""growth_representation_fallbacks"": 135, ""invariant_held"": true, ""n_segments"": 125, ""n_train_fit"": 384, ""n_val"": 128, ""phase0"": [{""constant_lens"": false, ""gain"": 0.25, ""lens"": ""pc1"", ""lens_scaling"": ""standardize"", ""min_cluster_size"": 15, ""min_samples"": 5, ""n_class"": 241, ""n_edges"": 4, ""n_intervals"": 5, ""n_vertices"": 5, ""noise_reassigned"": 215, ""placement"": ""quantile"", ""slabs"": [{""k"": 1, ""n"": 55}, {""k"": 1, ""n"": 60}, {""k"": 1, ""n"": 61}, {""k"": 1, ""n"": 60}, {""k"": 1, ""n"": 55}]}, {""constant_lens"": false, ""gain"": 0.25, ""lens"": ""pc1"", ""lens_scaling"": ""standardize"", ""min_cluster_size"": 15, ""min_samples"": 5, ""n_class"": 143, ""n_edges"": 4, ""n_intervals"": 5, ""n_vertices"": 5, ""noise_reassigned"": 93, ""placement"": ""quantile"", ""slabs"": [{""k"": 1, ""n"": 32}, {""k"": 1, ""n"": 36}, {""k"": 1, ""n"": 35}, {""k"": 1, ""n"": 36}, {""k"": 1, ""n"": 32}]}], ""soundness_bound_holds"": true, ""step_rule"": ""scale_free"", ""topology_retention_nerve_to_frozen"": {""beta0_frozen"": 3, ""beta0_nerve"": 2, ""beta1_frozen"": 0, ""beta1_nerve"": 0}}",True
0.9122807017543859,128,False,0.25,0.25,,1.7957210000022314,1.7957210000022314,0.0,wdbc,8,,SPINE+Graph,10,128,57,512,0.75,320973560,False,"{""admission"": {""criterion"": ""risk"", ""removed_risk"": 1, ""removed_support"": 0}, ""betti_final"": [[1, 0], [2, 0]], ""betti_frozen"": [[1, 0], [2, 0]], ""betti_nerve"": [[1, 0], [1, 0]], ""boundary_restriction"": ""both"", ""forced_removals"": 0, ""growth_representation_fallbacks"": 135, ""invariant_held"": true, ""n_segments"": 125, ""n_train_fit"": 384, ""n_val"": 128, ""phase0"": [{""constant_lens"": false, ""gain"": 0.25, ""lens"": ""pc1"", ""lens_scaling"": ""standardize"", ""min_cluster_size"": 15, ""min_samples"": 5, ""n_class"": 241, ""n_edges"": 4, ""n_intervals"": 5, ""n_vertices"": 5, ""noise_reassigned"": 215, ""placement"": ""quantile"", ""slabs"": [{""k"": 1, ""n"": 55}, {""k"": 1, ""n"": 60}, {""k"": 1, ""n"": 61}, {""k"": 1, ""n"": 60}, {""k"": 1, ""n"": 55}]}, {""constant_lens"": false, ""gain"": 0.25, ""lens"": ""pc1"", ""lens_scaling"": ""standardize"", ""min_cluster_size"": 15, ""min_samples"": 5, ""n_class"": 143, ""n_edges"": 4, ""n_intervals"": 5, ""n_vertices"": 5, ""noise_reassigned"": 93, ""placement"": ""quantile"", ""slabs"": [{""k"": 1, ""n"": 32}, {""k"": 1, ""n"": 36}, {""k"": 1, ""n"": 35}, {""k"": 1, ""n"": 36}, {""k"": 1, ""n"": 32}]}], ""soundness_bound_holds"": true, ""step_rule"": ""scale_free"", ""topology_retention_nerve_to_frozen"": {""beta0_frozen"": 3, ""beta0_nerve"": 2, ""beta1_frozen"": 0, ""beta1_nerve"": 0}}",True
0.9298245614035088,128,False,0.25,0.25,,1.502111000008881,28.686963999993168,27.184852999984287,wdbc,8,"{""epsilon"": 0.1, ""window"": 0.3}",LVQ3,10,128,57,512,0.75,320973560,False,,True
0.9122807017543859,128,False,0.25,0.25,"{""0"": 80, ""1"": 48}",0.45361399999819696,0.45361399999819696,0.0,wdbc,8,,KMeans,10,128,57,512,0.75,320973560,False,,True
0.9298245614035088,128,False,0.25,0.25,"{""0"": 80, ""1"": 48}",0.0006140000186860561,0.0006140000186860561,0.0,wdbc,8,,Random,10,128,57,512,0.75,320973560,False,,True
0.9298245614035088,128,False,0.25,0.25,,0.2041109999991022,0.2041109999991022,0.0,wdbc,8,,SPOT,10,128,57,512,0.75,320973560,False,,True
0.8771929824561403,128,False,0.25,0.25,,2.8702350000385195,2.8702350000385195,0.0,wdbc,8,,GLVQ,10,128,57,512,0.75,320973560,False,,True
0.9122807017543859,128,False,0.25,0.25,,2.566272000025492,2.566272000025492,0.0,wdbc,8,,GNG,10,128,57,512,0.75,320973560,False,,True
0.8928571428571429,3,False,0.005847953216374269,0.005,,4.6999950427562e-05,4.6999950427562e-05,0.0,wdbc,9,,Full,10,513,56,513,0.0,321973563,False,,False
0.8928571428571429,3,False,0.005847953216374269,0.005,,0.04601599997840822,0.04601599997840822,0.0,wdbc,9,,RSP3,10,91,56,513,0.8226120857699806,321973563,False,,False
0.8392857142857143,3,False,0.005847953216374269,0.005,,0.13284099998418242,0.13284099998418242,0.0,wdbc,9,,RHC,10,32,56,513,0.9376218323586745,321973563,False,,False
0.8392857142857143,3,False,0.005847953216374269,0.005,,1.468823999981396,1.468823999981396,0.0,wdbc,9,,SPINE+1NN,10,3,56,513,0.9941520467836258,321973563,False,"{""admission"": {""criterion"": ""risk"", ""removed_risk"": 1, ""removed_support"": 0}, ""betti_final"": [[1, 0], [1, 0]], ""betti_frozen"": [[1, 0], [2, 0]], ""betti_nerve"": [[1, 0], [1, 0]], ""boundary_restriction"": ""both"", ""forced_removals"": 1, ""growth_representation_fallbacks"": 0, ""invariant_held"": false, ""n_segments"": 1, ""n_train_fit"": 385, ""n_val"": 128, ""phase0"": [{""constant_lens"": false, ""gain"": 0.25, ""lens"": ""pc1"", ""lens_scaling"": ""standardize"", ""min_cluster_size"": 15, ""min_samples"": 5, ""n_class"": 242, ""n_edges"": 4, ""n_intervals"": 5, ""n_vertices"": 5, ""noise_reassigned"": 213, ""placement"": ""quantile"", ""slabs"": [{""k"": 1, ""n"": 55}, {""k"": 1, ""n"": 60}, {""k"": 1, ""n"": 60}, {""k"": 1, ""n"": 60}, {""k"": 1, ""n"": 55}]}, {""constant_lens"": false, ""gain"": 0.25, ""lens"": ""pc1"", ""lens_scaling"": ""standardize"", ""min_cluster_size"": 15, ""min_samples"": 5, ""n_class"": 143, ""n_edges"": 4, ""n_intervals"": 5, ""n_vertices"": 5, ""noise_reassigned"": 96, ""placement"": ""quantile"", ""slabs"": [{""k"": 1, ""n"": 32}, {""k"": 1, ""n"": 36}, {""k"": 1, ""n"": 35}, {""k"": 1, ""n"": 36}, {""k"": 1, ""n"": 32}]}], ""soundness_bound_holds"": true, ""step_rule"": ""scale_free"", ""topology_retention_nerve_to_frozen"": {""beta0_frozen"": 3, ""beta0_nerve"": 2, ""beta1_frozen"": 0, ""beta1_nerve"": 0}}",True
0.8392857142857143,3,False,0.005847953216374269,0.005,,1.468823999981396,1.468823999981396,0.0,wdbc,9,,SPINE+Graph,10,3,56,513,0.9941520467836258,321973563,False,"{""admission"": {""criterion"": ""risk"", ""removed_risk"": 1, ""removed_support"": 0}, ""betti_final"": [[1, 0], [1, 0]], ""betti_frozen"": [[1, 0], [2, 0]], ""betti_nerve"": [[1, 0], [1, 0]], ""boundary_restriction"": ""both"", ""forced_removals"": 1, ""growth_representation_fallbacks"": 0, ""invariant_held"": false, ""n_segments"": 1, ""n_train_fit"": 385, ""n_val"": 128, ""phase0"": [{""constant_lens"": false, ""gain"": 0.25, ""lens"": ""pc1"", ""lens_scaling"": ""standardize"", ""min_cluster_size"": 15, ""min_samples"": 5, ""n_class"": 242, ""n_edges"": 4, ""n_intervals"": 5, ""n_vertices"": 5, ""noise_reassigned"": 213, ""placement"": ""quantile"", ""slabs"": [{""k"": 1, ""n"": 55}, {""k"": 1, ""n"": 60}, {""k"": 1, ""n"": 60}, {""k"": 1, ""n"": 60}, {""k"": 1, ""n"": 55}]}, {""constant_lens"": false, ""gain"": 0.25, ""lens"": ""pc1"", ""lens_scaling"": ""standardize"", ""min_cluster_size"": 15, ""min_samples"": 5, ""n_class"": 143, ""n_edges"": 4, ""n_intervals"": 5, ""n_vertices"": 5, ""noise_reassigned"": 96, ""placement"": ""quantile"", ""slabs"": [{""k"": 1, ""n"": 32}, {""k"": 1, ""n"": 36}, {""k"": 1, ""n"": 35}, {""k"": 1, ""n"": 36}, {""k"": 1, ""n"": 32}]}], ""soundness_bound_holds"": true, ""step_rule"": ""scale_free"", ""topology_retention_nerve_to_frozen"": {""beta0_frozen"": 3, ""beta0_nerve"": 2, ""beta1_frozen"": 0, ""beta1_nerve"": 0}}",True
0.9464285714285714,3,False,0.005847953216374269,0.005,,0.6497540000127628,12.275819000031333,11.62606500001857,wdbc,9,"{""epsilon"": 0.1, ""window"": 0.2}",LVQ3,10,3,56,513,0.9941520467836258,321973563,False,,True
0.875,3,False,0.005847953216374269,0.005,"{""0"": 2, ""1"": 1}",0.06497000000672415,0.06497000000672415,0.0,wdbc,9,,KMeans,10,3,56,513,0.9941520467836258,321973563,False,,True
0.6785714285714286,3,False,0.005847953216374269,0.005,"{""0"": 2, ""1"": 1}",0.00023100001271814108,0.00023100001271814108,0.0,wdbc,9,,Random,10,3,56,513,0.9941520467836258,321973563,False,,True
0.75,3,False,0.005847953216374269,0.005,,0.022510999988298863,0.022510999988298863,0.0,wdbc,9,,SPOT,10,3,56,513,0.9941520467836258,321973563,False,,True
0.8571428571428571,3,False,0.005847953216374269,0.005,,1.5556809999980032,1.5556809999980032,0.0,wdbc,9,,GLVQ,10,3,56,513,0.9941520467836258,321973563,False,,True
0.875,3,False,0.005847953216374269,0.005,,0.04204199998639524,0.04204199998639524,0.0,wdbc,9,,GNG,10,3,56,513,0.9941520467836258,321973563,False,,True
0.8928571428571429,5,False,0.009746588693957114,0.01,,4.6999950427562e-05,4.6999950427562e-05,0.0,wdbc,9,,Full,10,513,56,513,0.0,321973563,True,,False
0.8928571428571429,5,False,0.009746588693957114,0.01,,0.04601599997840822,0.04601599997840822,0.0,wdbc,9,,RSP3,10,91,56,513,0.8226120857699806,321973563,True,,False
0.8392857142857143,5,False,0.009746588693957114,0.01,,0.13284099998418242,0.13284099998418242,0.0,wdbc,9,,RHC,10,32,56,513,0.9376218323586745,321973563,True,,False
0.875,5,False,0.009746588693957114,0.01,,1.571728000009898,1.571728000009898,0.0,wdbc,9,,SPINE+1NN,10,5,56,513,0.9902534113060428,321973563,False,"{""admission"": {""criterion"": ""risk"", ""removed_risk"": 1, ""removed_support"": 0}, ""betti_final"": [[1, 0], [2, 0]], ""betti_frozen"": [[1, 0], [2, 0]], ""betti_nerve"": [[1, 0], [1, 0]], ""boundary_restriction"": ""both"", ""forced_removals"": 0, ""growth_representation_fallbacks"": 0, ""invariant_held"": true, ""n_segments"": 2, ""n_train_fit"": 385, ""n_val"": 128, ""phase0"": [{""constant_lens"": false, ""gain"": 0.25, ""lens"": ""pc1"", ""lens_scaling"": ""standardize"", ""min_cluster_size"": 15, ""min_samples"": 5, ""n_class"": 242, ""n_edges"": 4, ""n_intervals"": 5, ""n_vertices"": 5, ""noise_reassigned"": 213, ""placement"": ""quantile"", ""slabs"": [{""k"": 1, ""n"": 55}, {""k"": 1, ""n"": 60}, {""k"": 1, ""n"": 60}, {""k"": 1, ""n"": 60}, {""k"": 1, ""n"": 55}]}, {""constant_lens"": false, ""gain"": 0.25, ""lens"": ""pc1"", ""lens_scaling"": ""standardize"", ""min_cluster_size"": 15, ""min_samples"": 5, ""n_class"": 143, ""n_edges"": 4, ""n_intervals"": 5, ""n_vertices"": 5, ""noise_reassigned"": 96, ""placement"": ""quantile"", ""slabs"": [{""k"": 1, ""n"": 32}, {""k"": 1, ""n"": 36}, {""k"": 1, ""n"": 35}, {""k"": 1, ""n"": 36}, {""k"": 1, ""n"": 32}]}], ""soundness_bound_holds"": true, ""step_rule"": ""scale_free"", ""topology_retention_nerve_to_frozen"": {""beta0_frozen"": 3, ""beta0_nerve"": 2, ""beta1_frozen"": 0, ""beta1_nerve"": 0}}",True
0.8571428571428571,5,False,0.009746588693957114,0.01,,1.571728000009898,1.571728000009898,0.0,wdbc,9,,SPINE+Graph,10,5,56,513,0.9902534113060428,321973563,False,"{""admission"": {""criterion"": ""risk"", ""removed_risk"": 1, ""removed_support"": 0}, ""betti_final"": [[1, 0], [2, 0]], ""betti_frozen"": [[1, 0], [2, 0]], ""betti_nerve"": [[1, 0], [1, 0]], ""boundary_restriction"": ""both"", ""forced_removals"": 0, ""growth_representation_fallbacks"": 0, ""invariant_held"": true, ""n_segments"": 2, ""n_train_fit"": 385, ""n_val"": 128, ""phase0"": [{""constant_lens"": false, ""gain"": 0.25, ""lens"": ""pc1"", ""lens_scaling"": ""standardize"", ""min_cluster_size"": 15, ""min_samples"": 5, ""n_class"": 242, ""n_edges"": 4, ""n_intervals"": 5, ""n_vertices"": 5, ""noise_reassigned"": 213, ""placement"": ""quantile"", ""slabs"": [{""k"": 1, ""n"": 55}, {""k"": 1, ""n"": 60}, {""k"": 1, ""n"": 60}, {""k"": 1, ""n"": 60}, {""k"": 1, ""n"": 55}]}, {""constant_lens"": false, ""gain"": 0.25, ""lens"": ""pc1"", ""lens_scaling"": ""standardize"", ""min_cluster_size"": 15, ""min_samples"": 5, ""n_class"": 143, ""n_edges"": 4, ""n_intervals"": 5, ""n_vertices"": 5, ""noise_reassigned"": 96, ""placement"": ""quantile"", ""slabs"": [{""k"": 1, ""n"": 32}, {""k"": 1, ""n"": 36}, {""k"": 1, ""n"": 35}, {""k"": 1, ""n"": 36}, {""k"": 1, ""n"": 32}]}], ""soundness_bound_holds"": true, ""step_rule"": ""scale_free"", ""topology_retention_nerve_to_frozen"": {""beta0_frozen"": 3, ""beta0_nerve"": 2, ""beta1_frozen"": 0, ""beta1_nerve"": 0}}",True
0.875,5,False,0.009746588693957114,0.01,,0.7290139999822713,12.739303999987897,12.010290000005625,wdbc,9,"{""epsilon"": 0.1, ""window"": 0.2}",LVQ3,10,5,56,513,0.9902534113060428,321973563,False,,True
0.9464285714285714,5,False,0.009746588693957114,0.01,"{""0"": 3, ""1"": 2}",0.1197140000294894,0.1197140000294894,0.0,wdbc,9,,KMeans,10,5,56,513,0.9902534113060428,321973563,False,,True
0.8214285714285714,5,False,0.009746588693957114,0.01,"{""0"": 3, ""1"": 2}",0.0005229999660514295,0.0005229999660514295,0.0,wdbc,9,,Random,10,5,56,513,0.9902534113060428,321973563,False,,True
0.8214285714285714,5,False,0.009746588693957114,0.01,,0.053087999986018986,0.053087999986018986,0.0,wdbc,9,,SPOT,10,5,56,513,0.9902534113060428,321973563,False,,True
0.8571428571428571,5,False,0.009746588693957114,0.01,,1.5457089999690652,1.5457089999690652,0.0,wdbc,9,,GLVQ,10,5,56,513,0.9902534113060428,321973563,False,,True
0.8928571428571429,5,False,0.009746588693957114,0.01,,0.06494400004157797,0.06494400004157797,0.0,wdbc,9,,GNG,10,5,56,513,0.9902534113060428,321973563,False,,True
0.8928571428571429,10,False,0.01949317738791423,0.02,,4.6999950427562e-05,4.6999950427562e-05,0.0,wdbc,9,,Full,10,513,56,513,0.0,321973563,True,,False
0.8928571428571429,10,False,0.01949317738791423,0.02,,0.04601599997840822,0.04601599997840822,0.0,wdbc,9,,RSP3,10,91,56,513,0.8226120857699806,321973563,True,,False
0.8392857142857143,10,False,0.01949317738791423,0.02,,0.13284099998418242,0.13284099998418242,0.0,wdbc,9,,RHC,10,32,56,513,0.9376218323586745,321973563,True,,False
0.8571428571428571,10,False,0.01949317738791423,0.02,,1.572883999964688,1.572883999964688,0.0,wdbc,9,,SPINE+1NN,10,10,56,513,0.9805068226120858,321973563,False,"{""admission"": {""criterion"": ""risk"", ""removed_risk"": 1, ""removed_support"": 0}, ""betti_final"": [[1, 0], [2, 0]], ""betti_frozen"": [[1, 0], [2, 0]], ""betti_nerve"": [[1, 0], [1, 0]], ""boundary_restriction"": ""both"", ""forced_removals"": 0, ""growth_representation_fallbacks"": 3, ""invariant_held"": true, ""n_segments"": 7, ""n_train_fit"": 385, ""n_val"": 128, ""phase0"": [{""constant_lens"": false, ""gain"": 0.25, ""lens"": ""pc1"", ""lens_scaling"": ""standardize"", ""min_cluster_size"": 15, ""min_samples"": 5, ""n_class"": 242, ""n_edges"": 4, ""n_intervals"": 5, ""n_vertices"": 5, ""noise_reassigned"": 213, ""placement"": ""quantile"", ""slabs"": [{""k"": 1, ""n"": 55}, {""k"": 1, ""n"": 60}, {""k"": 1, ""n"": 60}, {""k"": 1, ""n"": 60}, {""k"": 1, ""n"": 55}]}, {""constant_lens"": false, ""gain"": 0.25, ""lens"": ""pc1"", ""lens_scaling"": ""standardize"", ""min_cluster_size"": 15, ""min_samples"": 5, ""n_class"": 143, ""n_edges"": 4, ""n_intervals"": 5, ""n_vertices"": 5, ""noise_reassigned"": 96, ""placement"": ""quantile"", ""slabs"": [{""k"": 1, ""n"": 32}, {""k"": 1, ""n"": 36}, {""k"": 1, ""n"": 35}, {""k"": 1, ""n"": 36}, {""k"": 1, ""n"": 32}]}], ""soundness_bound_holds"": true, ""step_rule"": ""scale_free"", ""topology_retention_nerve_to_frozen"": {""beta0_frozen"": 3, ""beta0_nerve"": 2, ""beta1_frozen"": 0, ""beta1_nerve"": 0}}",True
0.8571428571428571,10,False,0.01949317738791423,0.02,,1.572883999964688,1.572883999964688,0.0,wdbc,9,,SPINE+Graph,10,10,56,513,0.9805068226120858,321973563,False,"{""admission"": {""criterion"": ""risk"", ""removed_risk"": 1, ""removed_support"": 0}, ""betti_final"": [[1, 0], [2, 0]], ""betti_frozen"": [[1, 0], [2, 0]], ""betti_nerve"": [[1, 0], [1, 0]], ""boundary_restriction"": ""both"", ""forced_removals"": 0, ""growth_representation_fallbacks"": 3, ""invariant_held"": true, ""n_segments"": 7, ""n_train_fit"": 385, ""n_val"": 128, ""phase0"": [{""constant_lens"": false, ""gain"": 0.25, ""lens"": ""pc1"", ""lens_scaling"": ""standardize"", ""min_cluster_size"": 15, ""min_samples"": 5, ""n_class"": 242, ""n_edges"": 4, ""n_intervals"": 5, ""n_vertices"": 5, ""noise_reassigned"": 213, ""placement"": ""quantile"", ""slabs"": [{""k"": 1, ""n"": 55}, {""k"": 1, ""n"": 60}, {""k"": 1, ""n"": 60}, {""k"": 1, ""n"": 60}, {""k"": 1, ""n"": 55}]}, {""constant_lens"": false, ""gain"": 0.25, ""lens"": ""pc1"", ""lens_scaling"": ""standardize"", ""min_cluster_size"": 15, ""min_samples"": 5, ""n_class"": 143, ""n_edges"": 4, ""n_intervals"": 5, ""n_vertices"": 5, ""noise_reassigned"": 96, ""placement"": ""quantile"", ""slabs"": [{""k"": 1, ""n"": 32}, {""k"": 1, ""n"": 36}, {""k"": 1, ""n"": 35}, {""k"": 1, ""n"": 36}, {""k"": 1, ""n"": 32}]}], ""soundness_bound_holds"": true, ""step_rule"": ""scale_free"", ""topology_retention_nerve_to_frozen"": {""beta0_frozen"": 3, ""beta0_nerve"": 2, ""beta1_frozen"": 0, ""beta1_nerve"": 0}}",True
0.9642857142857143,10,False,0.01949317738791423,0.02,,0.7696149999974295,12.787670999998227,12.018056000000797,wdbc,9,"{""epsilon"": 0.1, ""window"": 0.3}",LVQ3,10,10,56,513,0.9805068226120858,321973563,False,,True
0.9464285714285714,10,False,0.01949317738791423,0.02,"{""0"": 6, ""1"": 4}",0.11300699994899333,0.11300699994899333,0.0,wdbc,9,,KMeans,10,10,56,513,0.9805068226120858,321973563,False,,True
0.9107142857142857,10,False,0.01949317738791423,0.02,"{""0"": 6, ""1"": 4}",0.00046799995470792055,0.00046799995470792055,0.0,wdbc,9,,Random,10,10,56,513,0.9805068226120858,321973563,False,,True
0.8928571428571429,10,False,0.01949317738791423,0.02,,0.07715700002154335,0.07715700002154335,0.0,wdbc,9,,SPOT,10,10,56,513,0.9805068226120858,321973563,False,,True
0.875,10,False,0.01949317738791423,0.02,,1.635112999996636,1.635112999996636,0.0,wdbc,9,,GLVQ,10,10,56,513,0.9805068226120858,321973563,False,,True
0.9464285714285714,10,False,0.01949317738791423,0.02,,0.23204299999633804,0.23204299999633804,0.0,wdbc,9,,GNG,10,10,56,513,0.9805068226120858,321973563,False,,True
0.8928571428571429,26,False,0.050682261208576995,0.05,,4.6999950427562e-05,4.6999950427562e-05,0.0,wdbc,9,,Full,10,513,56,513,0.0,321973563,True,,False
0.8928571428571429,26,False,0.050682261208576995,0.05,,0.04601599997840822,0.04601599997840822,0.0,wdbc,9,,RSP3,10,91,56,513,0.8226120857699806,321973563,True,,False
0.8392857142857143,26,False,0.050682261208576995,0.05,,0.13284099998418242,0.13284099998418242,0.0,wdbc,9,,RHC,10,32,56,513,0.9376218323586745,321973563,True,,False
0.875,26,False,0.050682261208576995,0.05,,1.6788670000387356,1.6788670000387356,0.0,wdbc,9,,SPINE+1NN,10,26,56,513,0.949317738791423,321973563,False,"{""admission"": {""criterion"": ""risk"", ""removed_risk"": 1, ""removed_support"": 0}, ""betti_final"": [[1, 0], [2, 0]], ""betti_frozen"": [[1, 0], [2, 0]], ""betti_nerve"": [[1, 0], [1, 0]], ""boundary_restriction"": ""both"", ""forced_removals"": 0, ""growth_representation_fallbacks"": 16, ""invariant_held"": true, ""n_segments"": 23, ""n_train_fit"": 385, ""n_val"": 128, ""phase0"": [{""constant_lens"": false, ""gain"": 0.25, ""lens"": ""pc1"", ""lens_scaling"": ""standardize"", ""min_cluster_size"": 15, ""min_samples"": 5, ""n_class"": 242, ""n_edges"": 4, ""n_intervals"": 5, ""n_vertices"": 5, ""noise_reassigned"": 213, ""placement"": ""quantile"", ""slabs"": [{""k"": 1, ""n"": 55}, {""k"": 1, ""n"": 60}, {""k"": 1, ""n"": 60}, {""k"": 1, ""n"": 60}, {""k"": 1, ""n"": 55}]}, {""constant_lens"": false, ""gain"": 0.25, ""lens"": ""pc1"", ""lens_scaling"": ""standardize"", ""min_cluster_size"": 15, ""min_samples"": 5, ""n_class"": 143, ""n_edges"": 4, ""n_intervals"": 5, ""n_vertices"": 5, ""noise_reassigned"": 96, ""placement"": ""quantile"", ""slabs"": [{""k"": 1, ""n"": 32}, {""k"": 1, ""n"": 36}, {""k"": 1, ""n"": 35}, {""k"": 1, ""n"": 36}, {""k"": 1, ""n"": 32}]}], ""soundness_bound_holds"": true, ""step_rule"": ""scale_free"", ""topology_retention_nerve_to_frozen"": {""beta0_frozen"": 3, ""beta0_nerve"": 2, ""beta1_frozen"": 0, ""beta1_nerve"": 0}}",True
0.875,26,False,0.050682261208576995,0.05,,1.6788670000387356,1.6788670000387356,0.0,wdbc,9,,SPINE+Graph,10,26,56,513,0.949317738791423,321973563,False,"{""admission"": {""criterion"": ""risk"", ""removed_risk"": 1, ""removed_support"": 0}, ""betti_final"": [[1, 0], [2, 0]], ""betti_frozen"": [[1, 0], [2, 0]], ""betti_nerve"": [[1, 0], [1, 0]], ""boundary_restriction"": ""both"", ""forced_removals"": 0, ""growth_representation_fallbacks"": 16, ""invariant_held"": true, ""n_segments"": 23, ""n_train_fit"": 385, ""n_val"": 128, ""phase0"": [{""constant_lens"": false, ""gain"": 0.25, ""lens"": ""pc1"", ""lens_scaling"": ""standardize"", ""min_cluster_size"": 15, ""min_samples"": 5, ""n_class"": 242, ""n_edges"": 4, ""n_intervals"": 5, ""n_vertices"": 5, ""noise_reassigned"": 213, ""placement"": ""quantile"", ""slabs"": [{""k"": 1, ""n"": 55}, {""k"": 1, ""n"": 60}, {""k"": 1, ""n"": 60}, {""k"": 1, ""n"": 60}, {""k"": 1, ""n"": 55}]}, {""constant_lens"": false, ""gain"": 0.25, ""lens"": ""pc1"", ""lens_scaling"": ""standardize"", ""min_cluster_size"": 15, ""min_samples"": 5, ""n_class"": 143, ""n_edges"": 4, ""n_intervals"": 5, ""n_vertices"": 5, ""noise_reassigned"": 96, ""placement"": ""quantile"", ""slabs"": [{""k"": 1, ""n"": 32}, {""k"": 1, ""n"": 36}, {""k"": 1, ""n"": 35}, {""k"": 1, ""n"": 36}, {""k"": 1, ""n"": 32}]}], ""soundness_bound_holds"": true, ""step_rule"": ""scale_free"", ""topology_retention_nerve_to_frozen"": {""beta0_frozen"": 3, ""beta0_nerve"": 2, ""beta1_frozen"": 0, ""beta1_nerve"": 0}}",True
0.9464285714285714,26,False,0.050682261208576995,0.05,,0.8278639999916777,13.99379899998894,13.165934999997262,wdbc,9,"{""epsilon"": 0.1, ""window"": 0.2}",LVQ3,10,26,56,513,0.949317738791423,321973563,False,,True
0.9821428571428571,26,False,0.050682261208576995,0.05,"{""0"": 16, ""1"": 10}",0.16880499996477738,0.16880499996477738,0.0,wdbc,9,,KMeans,10,26,56,513,0.949317738791423,321973563,False,,True
0.8035714285714286,26,False,0.050682261208576995,0.05,"{""0"": 16, ""1"": 10}",0.0005210000090301037,0.0005210000090301037,0.0,wdbc,9,,Random,10,26,56,513,0.949317738791423,321973563,False,,True
0.9107142857142857,26,False,0.050682261208576995,0.05,,0.1200669999816455,0.1200669999816455,0.0,wdbc,9,,SPOT,10,26,56,513,0.949317738791423,321973563,False,,True
0.875,26,False,0.050682261208576995,0.05,,1.8074190000188537,1.8074190000188537,0.0,wdbc,9,,GLVQ,10,26,56,513,0.949317738791423,321973563,False,,True
0.9642857142857143,26,False,0.050682261208576995,0.05,,0.8908870000159368,0.8908870000159368,0.0,wdbc,9,,GNG,10,26,56,513,0.949317738791423,321973563,False,,True
0.8928571428571429,51,False,0.09941520467836257,0.1,,4.6999950427562e-05,4.6999950427562e-05,0.0,wdbc,9,,Full,10,513,56,513,0.0,321973563,True,,False
0.8928571428571429,51,False,0.09941520467836257,0.1,,0.04601599997840822,0.04601599997840822,0.0,wdbc,9,,RSP3,10,91,56,513,0.8226120857699806,321973563,True,,False
0.8392857142857143,51,False,0.09941520467836257,0.1,,0.13284099998418242,0.13284099998418242,0.0,wdbc,9,,RHC,10,32,56,513,0.9376218323586745,321973563,True,,False
0.875,51,False,0.09941520467836257,0.1,,1.717860999982804,1.717860999982804,0.0,wdbc,9,,SPINE+1NN,10,51,56,513,0.9005847953216375,321973563,False,"{""admission"": {""criterion"": ""risk"", ""removed_risk"": 1, ""removed_support"": 0}, ""betti_final"": [[1, 0], [2, 0]], ""betti_frozen"": [[1, 0], [2, 0]], ""betti_nerve"": [[1, 0], [1, 0]], ""boundary_restriction"": ""both"", ""forced_removals"": 0, ""growth_representation_fallbacks"": 39, ""invariant_held"": true, ""n_segments"": 48, ""n_train_fit"": 385, ""n_val"": 128, ""phase0"": [{""constant_lens"": false, ""gain"": 0.25, ""lens"": ""pc1"", ""lens_scaling"": ""standardize"", ""min_cluster_size"": 15, ""min_samples"": 5, ""n_class"": 242, ""n_edges"": 4, ""n_intervals"": 5, ""n_vertices"": 5, ""noise_reassigned"": 213, ""placement"": ""quantile"", ""slabs"": [{""k"": 1, ""n"": 55}, {""k"": 1, ""n"": 60}, {""k"": 1, ""n"": 60}, {""k"": 1, ""n"": 60}, {""k"": 1, ""n"": 55}]}, {""constant_lens"": false, ""gain"": 0.25, ""lens"": ""pc1"", ""lens_scaling"": ""standardize"", ""min_cluster_size"": 15, ""min_samples"": 5, ""n_class"": 143, ""n_edges"": 4, ""n_intervals"": 5, ""n_vertices"": 5, ""noise_reassigned"": 96, ""placement"": ""quantile"", ""slabs"": [{""k"": 1, ""n"": 32}, {""k"": 1, ""n"": 36}, {""k"": 1, ""n"": 35}, {""k"": 1, ""n"": 36}, {""k"": 1, ""n"": 32}]}], ""soundness_bound_holds"": true, ""step_rule"": ""scale_free"", ""topology_retention_nerve_to_frozen"": {""beta0_frozen"": 3, ""beta0_nerve"": 2, ""beta1_frozen"": 0, ""beta1_nerve"": 0}}",True
0.875,51,False,0.09941520467836257,0.1,,1.717860999982804,1.717860999982804,0.0,wdbc,9,,SPINE+Graph,10,51,56,513,0.9005847953216375,321973563,False,"{""admission"": {""criterion"": ""risk"", ""removed_risk"": 1, ""removed_support"": 0}, ""betti_final"": [[1, 0], [2, 0]], ""betti_frozen"": [[1, 0], [2, 0]], ""betti_nerve"": [[1, 0], [1, 0]], ""boundary_restriction"": ""both"", ""forced_removals"": 0, ""growth_representation_fallbacks"": 39, ""invariant_held"": true, ""n_segments"": 48, ""n_train_fit"": 385, ""n_val"": 128, ""phase0"": [{""constant_lens"": false, ""gain"": 0.25, ""lens"": ""pc1"", ""lens_scaling"": ""standardize"", ""min_cluster_size"": 15, ""min_samples"": 5, ""n_class"": 242, ""n_edges"": 4, ""n_intervals"": 5, ""n_vertices"": 5, ""noise_reassigned"": 213, ""placement"": ""quantile"", ""slabs"": [{""k"": 1, ""n"": 55}, {""k"": 1, ""n"": 60}, {""k"": 1, ""n"": 60}, {""k"": 1, ""n"": 60}, {""k"": 1, ""n"": 55}]}, {""constant_lens"": false, ""gain"": 0.25, ""lens"": ""pc1"", ""lens_scaling"": ""standardize"", ""min_cluster_size"": 15, ""min_samples"": 5, ""n_class"": 143, ""n_edges"": 4, ""n_intervals"": 5, ""n_vertices"": 5, ""noise_reassigned"": 96, ""placement"": ""quantile"", ""slabs"": [{""k"": 1, ""n"": 32}, {""k"": 1, ""n"": 36}, {""k"": 1, ""n"": 35}, {""k"": 1, ""n"": 36}, {""k"": 1, ""n"": 32}]}], ""soundness_bound_holds"": true, ""step_rule"": ""scale_free"", ""topology_retention_nerve_to_frozen"": {""beta0_frozen"": 3, ""beta0_nerve"": 2, ""beta1_frozen"": 0, ""beta1_nerve"": 0}}",True
0.9642857142857143,51,False,0.09941520467836257,0.1,,0.9519980000331998,16.08162400004221,15.129626000009011,wdbc,9,"{""epsilon"": 0.1, ""window"": 0.2}",LVQ3,10,51,56,513,0.9005847953216375,321973563,False,,True
0.9464285714285714,51,False,0.09941520467836257,0.1,"{""0"": 32, ""1"": 19}",0.20981600001687184,0.20981600001687184,0.0,wdbc,9,,KMeans,10,51,56,513,0.9005847953216375,321973563,False,,True
0.9107142857142857,51,False,0.09941520467836257,0.1,"{""0"": 32, ""1"": 19}",0.0005150000215508044,0.0005150000215508044,0.0,wdbc,9,,Random,10,51,56,513,0.9005847953216375,321973563,False,,True
0.9464285714285714,51,False,0.09941520467836257,0.1,,0.1482869999599643,0.1482869999599643,0.0,wdbc,9,,SPOT,10,51,56,513,0.9005847953216375,321973563,False,,True
0.875,51,False,0.09941520467836257,0.1,,2.0701699999626726,2.0701699999626726,0.0,wdbc,9,,GLVQ,10,51,56,513,0.9005847953216375,321973563,False,,True
0.9642857142857143,51,False,0.09941520467836257,0.1,,1.653969999984838,1.653969999984838,0.0,wdbc,9,,GNG,10,51,56,513,0.9005847953216375,321973563,False,,True
0.8928571428571429,128,False,0.24951267056530213,0.25,,4.6999950427562e-05,4.6999950427562e-05,0.0,wdbc,9,,Full,10,513,56,513,0.0,321973563,True,,False
0.8928571428571429,128,False,0.24951267056530213,0.25,,0.04601599997840822,0.04601599997840822,0.0,wdbc,9,,RSP3,10,91,56,513,0.8226120857699806,321973563,True,,False
0.8392857142857143,128,False,0.24951267056530213,0.25,,0.13284099998418242,0.13284099998418242,0.0,wdbc,9,,RHC,10,32,56,513,0.9376218323586745,321973563,True,,False
0.9107142857142857,128,False,0.24951267056530213,0.25,,1.880539999983739,1.880539999983739,0.0,wdbc,9,,SPINE+1NN,10,128,56,513,0.7504873294346979,321973563,False,"{""admission"": {""criterion"": ""risk"", ""removed_risk"": 1, ""removed_support"": 0}, ""betti_final"": [[1, 0], [2, 0]], ""betti_frozen"": [[1, 0], [2, 0]], ""betti_nerve"": [[1, 0], [1, 0]], ""boundary_restriction"": ""both"", ""forced_removals"": 0, ""growth_representation_fallbacks"": 132, ""invariant_held"": true, ""n_segments"": 125, ""n_train_fit"": 385, ""n_val"": 128, ""phase0"": [{""constant_lens"": false, ""gain"": 0.25, ""lens"": ""pc1"", ""lens_scaling"": ""standardize"", ""min_cluster_size"": 15, ""min_samples"": 5, ""n_class"": 242, ""n_edges"": 4, ""n_intervals"": 5, ""n_vertices"": 5, ""noise_reassigned"": 213, ""placement"": ""quantile"", ""slabs"": [{""k"": 1, ""n"": 55}, {""k"": 1, ""n"": 60}, {""k"": 1, ""n"": 60}, {""k"": 1, ""n"": 60}, {""k"": 1, ""n"": 55}]}, {""constant_lens"": false, ""gain"": 0.25, ""lens"": ""pc1"", ""lens_scaling"": ""standardize"", ""min_cluster_size"": 15, ""min_samples"": 5, ""n_class"": 143, ""n_edges"": 4, ""n_intervals"": 5, ""n_vertices"": 5, ""noise_reassigned"": 96, ""placement"": ""quantile"", ""slabs"": [{""k"": 1, ""n"": 32}, {""k"": 1, ""n"": 36}, {""k"": 1, ""n"": 35}, {""k"": 1, ""n"": 36}, {""k"": 1, ""n"": 32}]}], ""soundness_bound_holds"": true, ""step_rule"": ""scale_free"", ""topology_retention_nerve_to_frozen"": {""beta0_frozen"": 3, ""beta0_nerve"": 2, ""beta1_frozen"": 0, ""beta1_nerve"": 0}}",True
0.8928571428571429,128,False,0.24951267056530213,0.25,,1.880539999983739,1.880539999983739,0.0,wdbc,9,,SPINE+Graph,10,128,56,513,0.7504873294346979,321973563,False,"{""admission"": {""criterion"": ""risk"", ""removed_risk"": 1, ""removed_support"": 0}, ""betti_final"": [[1, 0], [2, 0]], ""betti_frozen"": [[1, 0], [2, 0]], ""betti_nerve"": [[1, 0], [1, 0]], ""boundary_restriction"": ""both"", ""forced_removals"": 0, ""growth_representation_fallbacks"": 132, ""invariant_held"": true, ""n_segments"": 125, ""n_train_fit"": 385, ""n_val"": 128, ""phase0"": [{""constant_lens"": false, ""gain"": 0.25, ""lens"": ""pc1"", ""lens_scaling"": ""standardize"", ""min_cluster_size"": 15, ""min_samples"": 5, ""n_class"": 242, ""n_edges"": 4, ""n_intervals"": 5, ""n_vertices"": 5, ""noise_reassigned"": 213, ""placement"": ""quantile"", ""slabs"": [{""k"": 1, ""n"": 55}, {""k"": 1, ""n"": 60}, {""k"": 1, ""n"": 60}, {""k"": 1, ""n"": 60}, {""k"": 1, ""n"": 55}]}, {""constant_lens"": false, ""gain"": 0.25, ""lens"": ""pc1"", ""lens_scaling"": ""standardize"", ""min_cluster_size"": 15, ""min_samples"": 5, ""n_class"": 143, ""n_edges"": 4, ""n_intervals"": 5, ""n_vertices"": 5, ""noise_reassigned"": 96, ""placement"": ""quantile"", ""slabs"": [{""k"": 1, ""n"": 32}, {""k"": 1, ""n"": 36}, {""k"": 1, ""n"": 35}, {""k"": 1, ""n"": 36}, {""k"": 1, ""n"": 32}]}], ""soundness_bound_holds"": true, ""step_rule"": ""scale_free"", ""topology_retention_nerve_to_frozen"": {""beta0_frozen"": 3, ""beta0_nerve"": 2, ""beta1_frozen"": 0, ""beta1_nerve"": 0}}",True
0.9107142857142857,128,False,0.24951267056530213,0.25,,1.5354829999851063,26.74907700001495,25.213594000029843,wdbc,9,"{""epsilon"": 0.3, ""window"": 0.2}",LVQ3,10,128,56,513,0.7504873294346979,321973563,False,,True
0.875,128,False,0.24951267056530213,0.25,"{""0"": 80, ""1"": 48}",0.4528430000063963,0.4528430000063963,0.0,wdbc,9,,KMeans,10,128,56,513,0.7504873294346979,321973563,False,,True
0.9285714285714286,128,False,0.24951267056530213,0.25,"{""0"": 80, ""1"": 48}",0.000577000027988106,0.000577000027988106,0.0,wdbc,9,,Random,10,128,56,513,0.7504873294346979,321973563,False,,True
0.9285714285714286,128,False,0.24951267056530213,0.25,,0.18394800001988187,0.18394800001988187,0.0,wdbc,9,,SPOT,10,128,56,513,0.7504873294346979,321973563,False,,True
0.875,128,False,0.24951267056530213,0.25,,2.913472999993246,2.913472999993246,0.0,wdbc,9,,GLVQ,10,128,56,513,0.7504873294346979,321973563,False,,True
0.9107142857142857,128,False,0.24951267056530213,0.25,,2.582436000055168,2.582436000055168,0.0,wdbc,9,,GNG,10,128,56,513,0.7504873294346979,321973563,False,,True
