acc_1nn,budget,budget_floored,budget_fraction,budget_fraction_nominal,class_counts,cpu_select,cpu_total,cpu_tuning,dataset,fold,lvq3_params,method,n_outer_folds,n_proto,n_test,n_train,reduction,seed,shared_build,spine_params,swept
0.8257676902536716,67,False,0.004969589081738614,0.005,,0.00017299999944953015,0.00017299999944953015,0.0,eeg-eye-state,0,,Full,10,13482,1498,13482,0.0,1754920251,False,,False
0.8210947930574098,67,False,0.004969589081738614,0.005,,6.190375000000131,6.190375000000131,0.0,eeg-eye-state,0,,RSP3,10,6563,1498,13482,0.5132027889037235,1754920251,False,,False
0.7650200267022697,67,False,0.004969589081738614,0.005,,11.256030999999894,11.256030999999894,0.0,eeg-eye-state,0,,RHC,10,3285,1498,13482,0.7563417890520694,1754920251,False,,False
0.6174899866488651,67,False,0.004969589081738614,0.005,,10.58845299999939,10.58845299999939,0.0,eeg-eye-state,0,,SPINE+1NN,10,67,1498,13482,0.9950304109182614,1754920251,False,"{""admission"": {""criterion"": ""risk"", ""removed_risk"": 3, ""removed_support"": 0}, ""betti_final"": [[1, 0], [4, 0]], ""betti_frozen"": [[1, 0], [4, 0]], ""betti_nerve"": [[1, 0], [1, 0]], ""boundary_restriction"": ""both"", ""forced_removals"": 0, ""growth_representation_fallbacks"": 25, ""invariant_held"": true, ""n_segments"": 62, ""n_train_fit"": 10112, ""n_val"": 3370, ""phase0"": [{""constant_lens"": false, ""gain"": 0.25, ""lens"": ""pc1"", ""lens_scaling"": ""standardize"", ""min_cluster_size"": 50, ""min_samples"": 5, ""n_class"": 5574, ""n_edges"": 8, ""n_intervals"": 9, ""n_vertices"": 9, ""noise_reassigned"": 5252, ""placement"": ""quantile"", ""slabs"": [{""k"": 1, ""n"": 697}, {""k"": 1, ""n"": 774}, {""k"": 1, ""n"": 774}, {""k"": 1, ""n"": 774}, {""k"": 1, ""n"": 774}, {""k"": 1, ""n"": 774}, {""k"": 1, ""n"": 774}, {""k"": 1, ""n"": 774}, {""k"": 1, ""n"": 697}]}, {""constant_lens"": false, ""gain"": 0.25, ""lens"": ""pc1"", ""lens_scaling"": ""standardize"", ""min_cluster_size"": 50, ""min_samples"": 5, ""n_class"": 4538, ""n_edges"": 8, ""n_intervals"": 9, ""n_vertices"": 9, ""noise_reassigned"": 4233, ""placement"": ""quantile"", ""slabs"": [{""k"": 1, ""n"": 568}, {""k"": 1, ""n"": 630}, {""k"": 1, ""n"": 630}, {""k"": 1, ""n"": 630}, {""k"": 1, ""n"": 630}, {""k"": 1, ""n"": 630}, {""k"": 1, ""n"": 630}, {""k"": 1, ""n"": 630}, {""k"": 1, ""n"": 568}]}], ""soundness_bound_holds"": true, ""step_rule"": ""scale_free"", ""topology_retention_nerve_to_frozen"": {""beta0_frozen"": 5, ""beta0_nerve"": 2, ""beta1_frozen"": 0, ""beta1_nerve"": 0}}",True
0.6348464619492656,67,False,0.004969589081738614,0.005,,10.58845299999939,10.58845299999939,0.0,eeg-eye-state,0,,SPINE+Graph,10,67,1498,13482,0.9950304109182614,1754920251,False,"{""admission"": {""criterion"": ""risk"", ""removed_risk"": 3, ""removed_support"": 0}, ""betti_final"": [[1, 0], [4, 0]], ""betti_frozen"": [[1, 0], [4, 0]], ""betti_nerve"": [[1, 0], [1, 0]], ""boundary_restriction"": ""both"", ""forced_removals"": 0, ""growth_representation_fallbacks"": 25, ""invariant_held"": true, ""n_segments"": 62, ""n_train_fit"": 10112, ""n_val"": 3370, ""phase0"": [{""constant_lens"": false, ""gain"": 0.25, ""lens"": ""pc1"", ""lens_scaling"": ""standardize"", ""min_cluster_size"": 50, ""min_samples"": 5, ""n_class"": 5574, ""n_edges"": 8, ""n_intervals"": 9, ""n_vertices"": 9, ""noise_reassigned"": 5252, ""placement"": ""quantile"", ""slabs"": [{""k"": 1, ""n"": 697}, {""k"": 1, ""n"": 774}, {""k"": 1, ""n"": 774}, {""k"": 1, ""n"": 774}, {""k"": 1, ""n"": 774}, {""k"": 1, ""n"": 774}, {""k"": 1, ""n"": 774}, {""k"": 1, ""n"": 774}, {""k"": 1, ""n"": 697}]}, {""constant_lens"": false, ""gain"": 0.25, ""lens"": ""pc1"", ""lens_scaling"": ""standardize"", ""min_cluster_size"": 50, ""min_samples"": 5, ""n_class"": 4538, ""n_edges"": 8, ""n_intervals"": 9, ""n_vertices"": 9, ""noise_reassigned"": 4233, ""placement"": ""quantile"", ""slabs"": [{""k"": 1, ""n"": 568}, {""k"": 1, ""n"": 630}, {""k"": 1, ""n"": 630}, {""k"": 1, ""n"": 630}, {""k"": 1, ""n"": 630}, {""k"": 1, ""n"": 630}, {""k"": 1, ""n"": 630}, {""k"": 1, ""n"": 630}, {""k"": 1, ""n"": 568}]}], ""soundness_bound_holds"": true, ""step_rule"": ""scale_free"", ""topology_retention_nerve_to_frozen"": {""beta0_frozen"": 5, ""beta0_nerve"": 2, ""beta1_frozen"": 0, ""beta1_nerve"": 0}}",True
0.7630173564753004,67,False,0.004969589081738614,0.005,,2.7948749999995925,53.507080999999744,50.71220600000015,eeg-eye-state,0,"{""epsilon"": 0.1, ""window"": 0.2}",LVQ3,10,67,1498,13482,0.9950304109182614,1754920251,False,,True
0.6608811748998665,67,False,0.004969589081738614,0.005,"{""0"": 37, ""1"": 30}",3.963716000000204,3.963716000000204,0.0,eeg-eye-state,0,,KMeans,10,67,1498,13482,0.9950304109182614,1754920251,False,,True
0.5587449933244326,67,False,0.004969589081738614,0.005,"{""0"": 37, ""1"": 30}",0.001479999999901338,0.001479999999901338,0.0,eeg-eye-state,0,,Random,10,67,1498,13482,0.9950304109182614,1754920251,False,,True
0.582109479305741,67,False,0.004969589081738614,0.005,,3.6164779999999155,3.6164779999999155,0.0,eeg-eye-state,0,,SPOT,10,67,1498,13482,0.9950304109182614,1754920251,False,,True
0.692256341789052,67,False,0.004969589081738614,0.005,,23.509968999999728,23.509968999999728,0.0,eeg-eye-state,0,,GLVQ,10,67,1498,13482,0.9950304109182614,1754920251,False,,True
0.6355140186915887,67,False,0.004969589081738614,0.005,,0.4212210000005143,0.4212210000005143,0.0,eeg-eye-state,0,,GNG,10,67,1498,13482,0.9950304109182614,1754920251,False,,True
0.8257676902536716,135,False,0.010013351134846462,0.01,,0.00017299999944953015,0.00017299999944953015,0.0,eeg-eye-state,0,,Full,10,13482,1498,13482,0.0,1754920251,True,,False
0.8210947930574098,135,False,0.010013351134846462,0.01,,6.190375000000131,6.190375000000131,0.0,eeg-eye-state,0,,RSP3,10,6563,1498,13482,0.5132027889037235,1754920251,True,,False
0.7650200267022697,135,False,0.010013351134846462,0.01,,11.256030999999894,11.256030999999894,0.0,eeg-eye-state,0,,RHC,10,3285,1498,13482,0.7563417890520694,1754920251,True,,False
0.670894526034713,135,False,0.010013351134846462,0.01,,10.622839000000567,10.622839000000567,0.0,eeg-eye-state,0,,SPINE+1NN,10,135,1498,13482,0.9899866488651535,1754920251,False,"{""admission"": {""criterion"": ""risk"", ""removed_risk"": 3, ""removed_support"": 0}, ""betti_final"": [[1, 0], [4, 0]], ""betti_frozen"": [[1, 0], [4, 0]], ""betti_nerve"": [[1, 0], [1, 0]], ""boundary_restriction"": ""both"", ""forced_removals"": 0, ""growth_representation_fallbacks"": 49, ""invariant_held"": true, ""n_segments"": 130, ""n_train_fit"": 10112, ""n_val"": 3370, ""phase0"": [{""constant_lens"": false, ""gain"": 0.25, ""lens"": ""pc1"", ""lens_scaling"": ""standardize"", ""min_cluster_size"": 50, ""min_samples"": 5, ""n_class"": 5574, ""n_edges"": 8, ""n_intervals"": 9, ""n_vertices"": 9, ""noise_reassigned"": 5252, ""placement"": ""quantile"", ""slabs"": [{""k"": 1, ""n"": 697}, {""k"": 1, ""n"": 774}, {""k"": 1, ""n"": 774}, {""k"": 1, ""n"": 774}, {""k"": 1, ""n"": 774}, {""k"": 1, ""n"": 774}, {""k"": 1, ""n"": 774}, {""k"": 1, ""n"": 774}, {""k"": 1, ""n"": 697}]}, {""constant_lens"": false, ""gain"": 0.25, ""lens"": ""pc1"", ""lens_scaling"": ""standardize"", ""min_cluster_size"": 50, ""min_samples"": 5, ""n_class"": 4538, ""n_edges"": 8, ""n_intervals"": 9, ""n_vertices"": 9, ""noise_reassigned"": 4233, ""placement"": ""quantile"", ""slabs"": [{""k"": 1, ""n"": 568}, {""k"": 1, ""n"": 630}, {""k"": 1, ""n"": 630}, {""k"": 1, ""n"": 630}, {""k"": 1, ""n"": 630}, {""k"": 1, ""n"": 630}, {""k"": 1, ""n"": 630}, {""k"": 1, ""n"": 630}, {""k"": 1, ""n"": 568}]}], ""soundness_bound_holds"": true, ""step_rule"": ""scale_free"", ""topology_retention_nerve_to_frozen"": {""beta0_frozen"": 5, ""beta0_nerve"": 2, ""beta1_frozen"": 0, ""beta1_nerve"": 0}}",True
0.6842456608811749,135,False,0.010013351134846462,0.01,,10.622839000000567,10.622839000000567,0.0,eeg-eye-state,0,,SPINE+Graph,10,135,1498,13482,0.9899866488651535,1754920251,False,"{""admission"": {""criterion"": ""risk"", ""removed_risk"": 3, ""removed_support"": 0}, ""betti_final"": [[1, 0], [4, 0]], ""betti_frozen"": [[1, 0], [4, 0]], ""betti_nerve"": [[1, 0], [1, 0]], ""boundary_restriction"": ""both"", ""forced_removals"": 0, ""growth_representation_fallbacks"": 49, ""invariant_held"": true, ""n_segments"": 130, ""n_train_fit"": 10112, ""n_val"": 3370, ""phase0"": [{""constant_lens"": false, ""gain"": 0.25, ""lens"": ""pc1"", ""lens_scaling"": ""standardize"", ""min_cluster_size"": 50, ""min_samples"": 5, ""n_class"": 5574, ""n_edges"": 8, ""n_intervals"": 9, ""n_vertices"": 9, ""noise_reassigned"": 5252, ""placement"": ""quantile"", ""slabs"": [{""k"": 1, ""n"": 697}, {""k"": 1, ""n"": 774}, {""k"": 1, ""n"": 774}, {""k"": 1, ""n"": 774}, {""k"": 1, ""n"": 774}, {""k"": 1, ""n"": 774}, {""k"": 1, ""n"": 774}, {""k"": 1, ""n"": 774}, {""k"": 1, ""n"": 697}]}, {""constant_lens"": false, ""gain"": 0.25, ""lens"": ""pc1"", ""lens_scaling"": ""standardize"", ""min_cluster_size"": 50, ""min_samples"": 5, ""n_class"": 4538, ""n_edges"": 8, ""n_intervals"": 9, ""n_vertices"": 9, ""noise_reassigned"": 4233, ""placement"": ""quantile"", ""slabs"": [{""k"": 1, ""n"": 568}, {""k"": 1, ""n"": 630}, {""k"": 1, ""n"": 630}, {""k"": 1, ""n"": 630}, {""k"": 1, ""n"": 630}, {""k"": 1, ""n"": 630}, {""k"": 1, ""n"": 630}, {""k"": 1, ""n"": 630}, {""k"": 1, ""n"": 568}]}], ""soundness_bound_holds"": true, ""step_rule"": ""scale_free"", ""topology_retention_nerve_to_frozen"": {""beta0_frozen"": 5, ""beta0_nerve"": 2, ""beta1_frozen"": 0, ""beta1_nerve"": 0}}",True
0.7797062750333779,135,False,0.010013351134846462,0.01,,4.1422279999997045,65.1142490000002,60.972021000000495,eeg-eye-state,0,"{""epsilon"": 0.1, ""window"": 0.2}",LVQ3,10,135,1498,13482,0.9899866488651535,1754920251,False,,True
0.7149532710280374,135,False,0.010013351134846462,0.01,"{""0"": 74, ""1"": 61}",6.653092999999899,6.653092999999899,0.0,eeg-eye-state,0,,KMeans,10,135,1498,13482,0.9899866488651535,1754920251,False,,True
0.609479305740988,135,False,0.010013351134846462,0.01,"{""0"": 74, ""1"": 61}",0.0016329999998561107,0.0016329999998561107,0.0,eeg-eye-state,0,,Random,10,135,1498,13482,0.9899866488651535,1754920251,False,,True
0.6315086782376502,135,False,0.010013351134846462,0.01,,3.8515489999999772,3.8515489999999772,0.0,eeg-eye-state,0,,SPOT,10,135,1498,13482,0.9899866488651535,1754920251,False,,True
0.7109479305740988,135,False,0.010013351134846462,0.01,,42.76785299999938,42.76785299999938,0.0,eeg-eye-state,0,,GLVQ,10,135,1498,13482,0.9899866488651535,1754920251,False,,True
0.6748998664886515,135,False,0.010013351134846462,0.01,,1.2666369999997187,1.2666369999997187,0.0,eeg-eye-state,0,,GNG,10,135,1498,13482,0.9899866488651535,1754920251,False,,True
0.8257676902536716,270,False,0.020026702269692925,0.02,,0.00017299999944953015,0.00017299999944953015,0.0,eeg-eye-state,0,,Full,10,13482,1498,13482,0.0,1754920251,True,,False
0.8210947930574098,270,False,0.020026702269692925,0.02,,6.190375000000131,6.190375000000131,0.0,eeg-eye-state,0,,RSP3,10,6563,1498,13482,0.5132027889037235,1754920251,True,,False
0.7650200267022697,270,False,0.020026702269692925,0.02,,11.256030999999894,11.256030999999894,0.0,eeg-eye-state,0,,RHC,10,3285,1498,13482,0.7563417890520694,1754920251,True,,False
0.7069425901201603,270,False,0.020026702269692925,0.02,,15.729682000000139,15.729682000000139,0.0,eeg-eye-state,0,,SPINE+1NN,10,270,1498,13482,0.9799732977303071,1754920251,False,"{""admission"": {""criterion"": ""risk"", ""removed_risk"": 3, ""removed_support"": 0}, ""betti_final"": [[1, 0], [4, 0]], ""betti_frozen"": [[1, 0], [4, 0]], ""betti_nerve"": [[1, 0], [1, 0]], ""boundary_restriction"": ""both"", ""forced_removals"": 0, ""growth_representation_fallbacks"": 117, ""invariant_held"": true, ""n_segments"": 265, ""n_train_fit"": 10112, ""n_val"": 3370, ""phase0"": [{""constant_lens"": false, ""gain"": 0.25, ""lens"": ""pc1"", ""lens_scaling"": ""standardize"", ""min_cluster_size"": 50, ""min_samples"": 5, ""n_class"": 5574, ""n_edges"": 8, ""n_intervals"": 9, ""n_vertices"": 9, ""noise_reassigned"": 5252, ""placement"": ""quantile"", ""slabs"": [{""k"": 1, ""n"": 697}, {""k"": 1, ""n"": 774}, {""k"": 1, ""n"": 774}, {""k"": 1, ""n"": 774}, {""k"": 1, ""n"": 774}, {""k"": 1, ""n"": 774}, {""k"": 1, ""n"": 774}, {""k"": 1, ""n"": 774}, {""k"": 1, ""n"": 697}]}, {""constant_lens"": false, ""gain"": 0.25, ""lens"": ""pc1"", ""lens_scaling"": ""standardize"", ""min_cluster_size"": 50, ""min_samples"": 5, ""n_class"": 4538, ""n_edges"": 8, ""n_intervals"": 9, ""n_vertices"": 9, ""noise_reassigned"": 4233, ""placement"": ""quantile"", ""slabs"": [{""k"": 1, ""n"": 568}, {""k"": 1, ""n"": 630}, {""k"": 1, ""n"": 630}, {""k"": 1, ""n"": 630}, {""k"": 1, ""n"": 630}, {""k"": 1, ""n"": 630}, {""k"": 1, ""n"": 630}, {""k"": 1, ""n"": 630}, {""k"": 1, ""n"": 568}]}], ""soundness_bound_holds"": true, ""step_rule"": ""scale_free"", ""topology_retention_nerve_to_frozen"": {""beta0_frozen"": 5, ""beta0_nerve"": 2, ""beta1_frozen"": 0, ""beta1_nerve"": 0}}",True
0.719626168224299,270,False,0.020026702269692925,0.02,,15.729682000000139,15.729682000000139,0.0,eeg-eye-state,0,,SPINE+Graph,10,270,1498,13482,0.9799732977303071,1754920251,False,"{""admission"": {""criterion"": ""risk"", ""removed_risk"": 3, ""removed_support"": 0}, ""betti_final"": [[1, 0], [4, 0]], ""betti_frozen"": [[1, 0], [4, 0]], ""betti_nerve"": [[1, 0], [1, 0]], ""boundary_restriction"": ""both"", ""forced_removals"": 0, ""growth_representation_fallbacks"": 117, ""invariant_held"": true, ""n_segments"": 265, ""n_train_fit"": 10112, ""n_val"": 3370, ""phase0"": [{""constant_lens"": false, ""gain"": 0.25, ""lens"": ""pc1"", ""lens_scaling"": ""standardize"", ""min_cluster_size"": 50, ""min_samples"": 5, ""n_class"": 5574, ""n_edges"": 8, ""n_intervals"": 9, ""n_vertices"": 9, ""noise_reassigned"": 5252, ""placement"": ""quantile"", ""slabs"": [{""k"": 1, ""n"": 697}, {""k"": 1, ""n"": 774}, {""k"": 1, ""n"": 774}, {""k"": 1, ""n"": 774}, {""k"": 1, ""n"": 774}, {""k"": 1, ""n"": 774}, {""k"": 1, ""n"": 774}, {""k"": 1, ""n"": 774}, {""k"": 1, ""n"": 697}]}, {""constant_lens"": false, ""gain"": 0.25, ""lens"": ""pc1"", ""lens_scaling"": ""standardize"", ""min_cluster_size"": 50, ""min_samples"": 5, ""n_class"": 4538, ""n_edges"": 8, ""n_intervals"": 9, ""n_vertices"": 9, ""noise_reassigned"": 4233, ""placement"": ""quantile"", ""slabs"": [{""k"": 1, ""n"": 568}, {""k"": 1, ""n"": 630}, {""k"": 1, ""n"": 630}, {""k"": 1, ""n"": 630}, {""k"": 1, ""n"": 630}, {""k"": 1, ""n"": 630}, {""k"": 1, ""n"": 630}, {""k"": 1, ""n"": 630}, {""k"": 1, ""n"": 568}]}], ""soundness_bound_holds"": true, ""step_rule"": ""scale_free"", ""topology_retention_nerve_to_frozen"": {""beta0_frozen"": 5, ""beta0_nerve"": 2, ""beta1_frozen"": 0, ""beta1_nerve"": 0}}",True
0.8064085447263017,270,False,0.020026702269692925,0.02,,5.407639000000017,95.39264400000047,89.98500500000046,eeg-eye-state,0,"{""epsilon"": 0.1, ""window"": 0.3}",LVQ3,10,270,1498,13482,0.9799732977303071,1754920251,False,,True
0.7656875834445928,270,False,0.020026702269692925,0.02,"{""0"": 149, ""1"": 121}",13.899165000000721,13.899165000000721,0.0,eeg-eye-state,0,,KMeans,10,270,1498,13482,0.9799732977303071,1754920251,False,,True
0.6308411214953271,270,False,0.020026702269692925,0.02,"{""0"": 149, ""1"": 121}",0.0016209999994316604,0.0016209999994316604,0.0,eeg-eye-state,0,,Random,10,270,1498,13482,0.9799732977303071,1754920251,False,,True
0.6735647530040053,270,False,0.020026702269692925,0.02,,5.1998650000005,5.1998650000005,0.0,eeg-eye-state,0,,SPOT,10,270,1498,13482,0.9799732977303071,1754920251,False,,True
0.7263017356475301,270,False,0.020026702269692925,0.02,,81.88494499999979,81.88494499999979,0.0,eeg-eye-state,0,,GLVQ,10,270,1498,13482,0.9799732977303071,1754920251,False,,True
0.7136181575433912,270,False,0.020026702269692925,0.02,,4.149129000000357,4.149129000000357,0.0,eeg-eye-state,0,,GNG,10,270,1498,13482,0.9799732977303071,1754920251,False,,True
0.8257676902536716,674,False,0.049992582702863074,0.05,,0.00017299999944953015,0.00017299999944953015,0.0,eeg-eye-state,0,,Full,10,13482,1498,13482,0.0,1754920251,True,,False
0.8210947930574098,674,False,0.049992582702863074,0.05,,6.190375000000131,6.190375000000131,0.0,eeg-eye-state,0,,RSP3,10,6563,1498,13482,0.5132027889037235,1754920251,True,,False
0.7650200267022697,674,False,0.049992582702863074,0.05,,11.256030999999894,11.256030999999894,0.0,eeg-eye-state,0,,RHC,10,3285,1498,13482,0.7563417890520694,1754920251,True,,False
0.774365821094793,674,False,0.049992582702863074,0.05,,48.563936999999896,48.563936999999896,0.0,eeg-eye-state,0,,SPINE+1NN,10,674,1498,13482,0.9500074172971369,1754920251,False,"{""admission"": {""criterion"": ""risk"", ""removed_risk"": 3, ""removed_support"": 0}, ""betti_final"": [[1, 0], [4, 0]], ""betti_frozen"": [[1, 0], [4, 0]], ""betti_nerve"": [[1, 0], [1, 0]], ""boundary_restriction"": ""both"", ""forced_removals"": 0, ""growth_representation_fallbacks"": 311, ""invariant_held"": true, ""n_segments"": 669, ""n_train_fit"": 10112, ""n_val"": 3370, ""phase0"": [{""constant_lens"": false, ""gain"": 0.25, ""lens"": ""pc1"", ""lens_scaling"": ""standardize"", ""min_cluster_size"": 50, ""min_samples"": 5, ""n_class"": 5574, ""n_edges"": 8, ""n_intervals"": 9, ""n_vertices"": 9, ""noise_reassigned"": 5252, ""placement"": ""quantile"", ""slabs"": [{""k"": 1, ""n"": 697}, {""k"": 1, ""n"": 774}, {""k"": 1, ""n"": 774}, {""k"": 1, ""n"": 774}, {""k"": 1, ""n"": 774}, {""k"": 1, ""n"": 774}, {""k"": 1, ""n"": 774}, {""k"": 1, ""n"": 774}, {""k"": 1, ""n"": 697}]}, {""constant_lens"": false, ""gain"": 0.25, ""lens"": ""pc1"", ""lens_scaling"": ""standardize"", ""min_cluster_size"": 50, ""min_samples"": 5, ""n_class"": 4538, ""n_edges"": 8, ""n_intervals"": 9, ""n_vertices"": 9, ""noise_reassigned"": 4233, ""placement"": ""quantile"", ""slabs"": [{""k"": 1, ""n"": 568}, {""k"": 1, ""n"": 630}, {""k"": 1, ""n"": 630}, {""k"": 1, ""n"": 630}, {""k"": 1, ""n"": 630}, {""k"": 1, ""n"": 630}, {""k"": 1, ""n"": 630}, {""k"": 1, ""n"": 630}, {""k"": 1, ""n"": 568}]}], ""soundness_bound_holds"": true, ""step_rule"": ""scale_free"", ""topology_retention_nerve_to_frozen"": {""beta0_frozen"": 5, ""beta0_nerve"": 2, ""beta1_frozen"": 0, ""beta1_nerve"": 0}}",True
0.7703604806408545,674,False,0.049992582702863074,0.05,,48.563936999999896,48.563936999999896,0.0,eeg-eye-state,0,,SPINE+Graph,10,674,1498,13482,0.9500074172971369,1754920251,False,"{""admission"": {""criterion"": ""risk"", ""removed_risk"": 3, ""removed_support"": 0}, ""betti_final"": [[1, 0], [4, 0]], ""betti_frozen"": [[1, 0], [4, 0]], ""betti_nerve"": [[1, 0], [1, 0]], ""boundary_restriction"": ""both"", ""forced_removals"": 0, ""growth_representation_fallbacks"": 311, ""invariant_held"": true, ""n_segments"": 669, ""n_train_fit"": 10112, ""n_val"": 3370, ""phase0"": [{""constant_lens"": false, ""gain"": 0.25, ""lens"": ""pc1"", ""lens_scaling"": ""standardize"", ""min_cluster_size"": 50, ""min_samples"": 5, ""n_class"": 5574, ""n_edges"": 8, ""n_intervals"": 9, ""n_vertices"": 9, ""noise_reassigned"": 5252, ""placement"": ""quantile"", ""slabs"": [{""k"": 1, ""n"": 697}, {""k"": 1, ""n"": 774}, {""k"": 1, ""n"": 774}, {""k"": 1, ""n"": 774}, {""k"": 1, ""n"": 774}, {""k"": 1, ""n"": 774}, {""k"": 1, ""n"": 774}, {""k"": 1, ""n"": 774}, {""k"": 1, ""n"": 697}]}, {""constant_lens"": false, ""gain"": 0.25, ""lens"": ""pc1"", ""lens_scaling"": ""standardize"", ""min_cluster_size"": 50, ""min_samples"": 5, ""n_class"": 4538, ""n_edges"": 8, ""n_intervals"": 9, ""n_vertices"": 9, ""noise_reassigned"": 4233, ""placement"": ""quantile"", ""slabs"": [{""k"": 1, ""n"": 568}, {""k"": 1, ""n"": 630}, {""k"": 1, ""n"": 630}, {""k"": 1, ""n"": 630}, {""k"": 1, ""n"": 630}, {""k"": 1, ""n"": 630}, {""k"": 1, ""n"": 630}, {""k"": 1, ""n"": 630}, {""k"": 1, ""n"": 568}]}], ""soundness_bound_holds"": true, ""step_rule"": ""scale_free"", ""topology_retention_nerve_to_frozen"": {""beta0_frozen"": 5, ""beta0_nerve"": 2, ""beta1_frozen"": 0, ""beta1_nerve"": 0}}",True
0.8057409879839786,674,False,0.049992582702863074,0.05,,9.15618699999959,156.59967799999959,147.443491,eeg-eye-state,0,"{""epsilon"": 0.1, ""window"": 0.3}",LVQ3,10,674,1498,13482,0.9500074172971369,1754920251,False,,True
0.7870493991989319,674,False,0.049992582702863074,0.05,"{""0"": 371, ""1"": 303}",24.042876999999862,24.042876999999862,0.0,eeg-eye-state,0,,KMeans,10,674,1498,13482,0.9500074172971369,1754920251,False,,True
0.7029372496662216,674,False,0.049992582702863074,0.05,"{""0"": 371, ""1"": 303}",0.0020329999997557024,0.0020329999997557024,0.0,eeg-eye-state,0,,Random,10,674,1498,13482,0.9500074172971369,1754920251,False,,True
0.7303070761014686,674,False,0.049992582702863074,0.05,,5.590614000000642,5.590614000000642,0.0,eeg-eye-state,0,,SPOT,10,674,1498,13482,0.9500074172971369,1754920251,False,,True
0.732977303070761,674,False,0.049992582702863074,0.05,,197.11923099999967,197.11923099999967,0.0,eeg-eye-state,0,,GLVQ,10,674,1498,13482,0.9500074172971369,1754920251,False,,True
0.7723631508678238,674,False,0.049992582702863074,0.05,,23.272084000000177,23.272084000000177,0.0,eeg-eye-state,0,,GNG,10,674,1498,13482,0.9500074172971369,1754920251,False,,True
0.8257676902536716,1348,False,0.09998516540572615,0.1,,0.00017299999944953015,0.00017299999944953015,0.0,eeg-eye-state,0,,Full,10,13482,1498,13482,0.0,1754920251,True,,False
0.8210947930574098,1348,False,0.09998516540572615,0.1,,6.190375000000131,6.190375000000131,0.0,eeg-eye-state,0,,RSP3,10,6563,1498,13482,0.5132027889037235,1754920251,True,,False
0.7650200267022697,1348,False,0.09998516540572615,0.1,,11.256030999999894,11.256030999999894,0.0,eeg-eye-state,0,,RHC,10,3285,1498,13482,0.7563417890520694,1754920251,True,,False
0.7963951935914553,1348,False,0.09998516540572615,0.1,,169.77277800000047,169.77277800000047,0.0,eeg-eye-state,0,,SPINE+1NN,10,1348,1498,13482,0.9000148345942739,1754920251,False,"{""admission"": {""criterion"": ""risk"", ""removed_risk"": 3, ""removed_support"": 0}, ""betti_final"": [[1, 0], [4, 0]], ""betti_frozen"": [[1, 0], [4, 0]], ""betti_nerve"": [[1, 0], [1, 0]], ""boundary_restriction"": ""both"", ""forced_removals"": 0, ""growth_representation_fallbacks"": 658, ""invariant_held"": true, ""n_segments"": 1343, ""n_train_fit"": 10112, ""n_val"": 3370, ""phase0"": [{""constant_lens"": false, ""gain"": 0.25, ""lens"": ""pc1"", ""lens_scaling"": ""standardize"", ""min_cluster_size"": 50, ""min_samples"": 5, ""n_class"": 5574, ""n_edges"": 8, ""n_intervals"": 9, ""n_vertices"": 9, ""noise_reassigned"": 5252, ""placement"": ""quantile"", ""slabs"": [{""k"": 1, ""n"": 697}, {""k"": 1, ""n"": 774}, {""k"": 1, ""n"": 774}, {""k"": 1, ""n"": 774}, {""k"": 1, ""n"": 774}, {""k"": 1, ""n"": 774}, {""k"": 1, ""n"": 774}, {""k"": 1, ""n"": 774}, {""k"": 1, ""n"": 697}]}, {""constant_lens"": false, ""gain"": 0.25, ""lens"": ""pc1"", ""lens_scaling"": ""standardize"", ""min_cluster_size"": 50, ""min_samples"": 5, ""n_class"": 4538, ""n_edges"": 8, ""n_intervals"": 9, ""n_vertices"": 9, ""noise_reassigned"": 4233, ""placement"": ""quantile"", ""slabs"": [{""k"": 1, ""n"": 568}, {""k"": 1, ""n"": 630}, {""k"": 1, ""n"": 630}, {""k"": 1, ""n"": 630}, {""k"": 1, ""n"": 630}, {""k"": 1, ""n"": 630}, {""k"": 1, ""n"": 630}, {""k"": 1, ""n"": 630}, {""k"": 1, ""n"": 568}]}], ""soundness_bound_holds"": true, ""step_rule"": ""scale_free"", ""topology_retention_nerve_to_frozen"": {""beta0_frozen"": 5, ""beta0_nerve"": 2, ""beta1_frozen"": 0, ""beta1_nerve"": 0}}",True
0.8110814419225634,1348,False,0.09998516540572615,0.1,,169.77277800000047,169.77277800000047,0.0,eeg-eye-state,0,,SPINE+Graph,10,1348,1498,13482,0.9000148345942739,1754920251,False,"{""admission"": {""criterion"": ""risk"", ""removed_risk"": 3, ""removed_support"": 0}, ""betti_final"": [[1, 0], [4, 0]], ""betti_frozen"": [[1, 0], [4, 0]], ""betti_nerve"": [[1, 0], [1, 0]], ""boundary_restriction"": ""both"", ""forced_removals"": 0, ""growth_representation_fallbacks"": 658, ""invariant_held"": true, ""n_segments"": 1343, ""n_train_fit"": 10112, ""n_val"": 3370, ""phase0"": [{""constant_lens"": false, ""gain"": 0.25, ""lens"": ""pc1"", ""lens_scaling"": ""standardize"", ""min_cluster_size"": 50, ""min_samples"": 5, ""n_class"": 5574, ""n_edges"": 8, ""n_intervals"": 9, ""n_vertices"": 9, ""noise_reassigned"": 5252, ""placement"": ""quantile"", ""slabs"": [{""k"": 1, ""n"": 697}, {""k"": 1, ""n"": 774}, {""k"": 1, ""n"": 774}, {""k"": 1, ""n"": 774}, {""k"": 1, ""n"": 774}, {""k"": 1, ""n"": 774}, {""k"": 1, ""n"": 774}, {""k"": 1, ""n"": 774}, {""k"": 1, ""n"": 697}]}, {""constant_lens"": false, ""gain"": 0.25, ""lens"": ""pc1"", ""lens_scaling"": ""standardize"", ""min_cluster_size"": 50, ""min_samples"": 5, ""n_class"": 4538, ""n_edges"": 8, ""n_intervals"": 9, ""n_vertices"": 9, ""noise_reassigned"": 4233, ""placement"": ""quantile"", ""slabs"": [{""k"": 1, ""n"": 568}, {""k"": 1, ""n"": 630}, {""k"": 1, ""n"": 630}, {""k"": 1, ""n"": 630}, {""k"": 1, ""n"": 630}, {""k"": 1, ""n"": 630}, {""k"": 1, ""n"": 630}, {""k"": 1, ""n"": 630}, {""k"": 1, ""n"": 568}]}], ""soundness_bound_holds"": true, ""step_rule"": ""scale_free"", ""topology_retention_nerve_to_frozen"": {""beta0_frozen"": 5, ""beta0_nerve"": 2, ""beta1_frozen"": 0, ""beta1_nerve"": 0}}",True
0.8257676902536716,1348,False,0.09998516540572615,0.1,,15.457330000000184,262.87532199999987,247.41799199999969,eeg-eye-state,0,"{""epsilon"": 0.1, ""window"": 0.3}",LVQ3,10,1348,1498,13482,0.9000148345942739,1754920251,False,,True
0.8070761014686249,1348,False,0.09998516540572615,0.1,"{""0"": 743, ""1"": 605}",33.02762100000018,33.02762100000018,0.0,eeg-eye-state,0,,KMeans,10,1348,1498,13482,0.9000148345942739,1754920251,False,,True
0.739652870493992,1348,False,0.09998516540572615,0.1,"{""0"": 743, ""1"": 605}",0.002644000000145752,0.002644000000145752,0.0,eeg-eye-state,0,,Random,10,1348,1498,13482,0.9000148345942739,1754920251,False,,True
0.7543391188251002,1348,False,0.09998516540572615,0.1,,5.12775800000054,5.12775800000054,0.0,eeg-eye-state,0,,SPOT,10,1348,1498,13482,0.9000148345942739,1754920251,False,,True
0.7376502002670227,1348,False,0.09998516540572615,0.1,,392.3682310000004,392.3682310000004,0.0,eeg-eye-state,0,,GLVQ,10,1348,1498,13482,0.9000148345942739,1754920251,False,,True
0.80173564753004,1348,False,0.09998516540572615,0.1,,90.9614160000001,90.9614160000001,0.0,eeg-eye-state,0,,GNG,10,1348,1498,13482,0.9000148345942739,1754920251,False,,True
0.8257676902536716,3371,False,0.2500370864856846,0.25,,0.00017299999944953015,0.00017299999944953015,0.0,eeg-eye-state,0,,Full,10,13482,1498,13482,0.0,1754920251,True,,False
0.8210947930574098,3371,False,0.2500370864856846,0.25,,6.190375000000131,6.190375000000131,0.0,eeg-eye-state,0,,RSP3,10,6563,1498,13482,0.5132027889037235,1754920251,True,,False
0.7650200267022697,3371,False,0.2500370864856846,0.25,,11.256030999999894,11.256030999999894,0.0,eeg-eye-state,0,,RHC,10,3285,1498,13482,0.7563417890520694,1754920251,True,,False
0.8257676902536716,3371,False,0.2500370864856846,0.25,,1265.3427090000005,1265.3427090000005,0.0,eeg-eye-state,0,,SPINE+1NN,10,3371,1498,13482,0.7499629135143153,1754920251,False,"{""admission"": {""criterion"": ""risk"", ""removed_risk"": 3, ""removed_support"": 0}, ""betti_final"": [[1, 0], [4, 0]], ""betti_frozen"": [[1, 0], [4, 0]], ""betti_nerve"": [[1, 0], [1, 0]], ""boundary_restriction"": ""both"", ""forced_removals"": 0, ""growth_representation_fallbacks"": 2617, ""invariant_held"": true, ""n_segments"": 3366, ""n_train_fit"": 10112, ""n_val"": 3370, ""phase0"": [{""constant_lens"": false, ""gain"": 0.25, ""lens"": ""pc1"", ""lens_scaling"": ""standardize"", ""min_cluster_size"": 50, ""min_samples"": 5, ""n_class"": 5574, ""n_edges"": 8, ""n_intervals"": 9, ""n_vertices"": 9, ""noise_reassigned"": 5252, ""placement"": ""quantile"", ""slabs"": [{""k"": 1, ""n"": 697}, {""k"": 1, ""n"": 774}, {""k"": 1, ""n"": 774}, {""k"": 1, ""n"": 774}, {""k"": 1, ""n"": 774}, {""k"": 1, ""n"": 774}, {""k"": 1, ""n"": 774}, {""k"": 1, ""n"": 774}, {""k"": 1, ""n"": 697}]}, {""constant_lens"": false, ""gain"": 0.25, ""lens"": ""pc1"", ""lens_scaling"": ""standardize"", ""min_cluster_size"": 50, ""min_samples"": 5, ""n_class"": 4538, ""n_edges"": 8, ""n_intervals"": 9, ""n_vertices"": 9, ""noise_reassigned"": 4233, ""placement"": ""quantile"", ""slabs"": [{""k"": 1, ""n"": 568}, {""k"": 1, ""n"": 630}, {""k"": 1, ""n"": 630}, {""k"": 1, ""n"": 630}, {""k"": 1, ""n"": 630}, {""k"": 1, ""n"": 630}, {""k"": 1, ""n"": 630}, {""k"": 1, ""n"": 630}, {""k"": 1, ""n"": 568}]}], ""soundness_bound_holds"": true, ""step_rule"": ""scale_free"", ""topology_retention_nerve_to_frozen"": {""beta0_frozen"": 5, ""beta0_nerve"": 2, ""beta1_frozen"": 0, ""beta1_nerve"": 0}}",True
0.8384512683578104,3371,False,0.2500370864856846,0.25,,1265.3427090000005,1265.3427090000005,0.0,eeg-eye-state,0,,SPINE+Graph,10,3371,1498,13482,0.7499629135143153,1754920251,False,"{""admission"": {""criterion"": ""risk"", ""removed_risk"": 3, ""removed_support"": 0}, ""betti_final"": [[1, 0], [4, 0]], ""betti_frozen"": [[1, 0], [4, 0]], ""betti_nerve"": [[1, 0], [1, 0]], ""boundary_restriction"": ""both"", ""forced_removals"": 0, ""growth_representation_fallbacks"": 2617, ""invariant_held"": true, ""n_segments"": 3366, ""n_train_fit"": 10112, ""n_val"": 3370, ""phase0"": [{""constant_lens"": false, ""gain"": 0.25, ""lens"": ""pc1"", ""lens_scaling"": ""standardize"", ""min_cluster_size"": 50, ""min_samples"": 5, ""n_class"": 5574, ""n_edges"": 8, ""n_intervals"": 9, ""n_vertices"": 9, ""noise_reassigned"": 5252, ""placement"": ""quantile"", ""slabs"": [{""k"": 1, ""n"": 697}, {""k"": 1, ""n"": 774}, {""k"": 1, ""n"": 774}, {""k"": 1, ""n"": 774}, {""k"": 1, ""n"": 774}, {""k"": 1, ""n"": 774}, {""k"": 1, ""n"": 774}, {""k"": 1, ""n"": 774}, {""k"": 1, ""n"": 697}]}, {""constant_lens"": false, ""gain"": 0.25, ""lens"": ""pc1"", ""lens_scaling"": ""standardize"", ""min_cluster_size"": 50, ""min_samples"": 5, ""n_class"": 4538, ""n_edges"": 8, ""n_intervals"": 9, ""n_vertices"": 9, ""noise_reassigned"": 4233, ""placement"": ""quantile"", ""slabs"": [{""k"": 1, ""n"": 568}, {""k"": 1, ""n"": 630}, {""k"": 1, ""n"": 630}, {""k"": 1, ""n"": 630}, {""k"": 1, ""n"": 630}, {""k"": 1, ""n"": 630}, {""k"": 1, ""n"": 630}, {""k"": 1, ""n"": 630}, {""k"": 1, ""n"": 568}]}], ""soundness_bound_holds"": true, ""step_rule"": ""scale_free"", ""topology_retention_nerve_to_frozen"": {""beta0_frozen"": 5, ""beta0_nerve"": 2, ""beta1_frozen"": 0, ""beta1_nerve"": 0}}",True
0.8177570093457944,3371,False,0.2500370864856846,0.25,,42.52476999999999,721.7801650000001,679.2553950000001,eeg-eye-state,0,"{""epsilon"": 0.3, ""window"": 0.2}",LVQ3,10,3371,1498,13482,0.7499629135143153,1754920251,False,,True
0.8144192256341789,3371,False,0.2500370864856846,0.25,"{""0"": 1858, ""1"": 1513}",47.90819800000099,47.90819800000099,0.0,eeg-eye-state,0,,KMeans,10,3371,1498,13482,0.7499629135143153,1754920251,False,,True
0.7770360480640854,3371,False,0.2500370864856846,0.25,"{""0"": 1858, ""1"": 1513}",0.0029709999998885905,0.0029709999998885905,0.0,eeg-eye-state,0,,Random,10,3371,1498,13482,0.7499629135143153,1754920251,False,,True
0.7863818424566088,3371,False,0.2500370864856846,0.25,,5.382492999999158,5.382492999999158,0.0,eeg-eye-state,0,,SPOT,10,3371,1498,13482,0.7499629135143153,1754920251,False,,True
0.739652870493992,3371,False,0.2500370864856846,0.25,,967.7455430000009,967.7455430000009,0.0,eeg-eye-state,0,,GLVQ,10,3371,1498,13482,0.7499629135143153,1754920251,False,,True
0.8164218958611482,3371,False,0.2500370864856846,0.25,,547.84224,547.84224,0.0,eeg-eye-state,0,,GNG,10,3371,1498,13482,0.7499629135143153,1754920251,False,,True
0.9192256341789052,67,False,0.004969589081738614,0.005,,0.00022200000057637226,0.00022200000057637226,0.0,eeg-eye-state,1,,Full,10,13482,1498,13482,0.0,1755920254,False,,False
0.9025367156208278,67,False,0.004969589081738614,0.005,,5.514735000000655,5.514735000000655,0.0,eeg-eye-state,1,,RSP3,10,5934,1498,13482,0.5598575878949711,1755920254,False,,False
0.8704939919893191,67,False,0.004969589081738614,0.005,,8.368585000000166,8.368585000000166,0.0,eeg-eye-state,1,,RHC,10,2347,1498,13482,0.82591603619641,1755920254,False,,False
0.6341789052069426,67,False,0.004969589081738614,0.005,,10.248047999999471,10.248047999999471,0.0,eeg-eye-state,1,,SPINE+1NN,10,67,1498,13482,0.9950304109182614,1755920254,False,"{""admission"": {""criterion"": ""risk"", ""removed_risk"": 6, ""removed_support"": 0}, ""betti_final"": [[1, 0], [7, 0]], ""betti_frozen"": [[1, 0], [7, 0]], ""betti_nerve"": [[1, 0], [1, 0]], ""boundary_restriction"": ""both"", ""forced_removals"": 0, ""growth_representation_fallbacks"": 22, ""invariant_held"": true, ""n_segments"": 59, ""n_train_fit"": 10112, ""n_val"": 3370, ""phase0"": [{""constant_lens"": false, ""gain"": 0.25, ""lens"": ""pc1"", ""lens_scaling"": ""standardize"", ""min_cluster_size"": 50, ""min_samples"": 5, ""n_class"": 5574, ""n_edges"": 8, ""n_intervals"": 9, ""n_vertices"": 9, ""noise_reassigned"": 5022, ""placement"": ""quantile"", ""slabs"": [{""k"": 1, ""n"": 697}, {""k"": 1, ""n"": 774}, {""k"": 1, ""n"": 774}, {""k"": 1, ""n"": 774}, {""k"": 1, ""n"": 774}, {""k"": 1, ""n"": 774}, {""k"": 1, ""n"": 774}, {""k"": 1, ""n"": 774}, {""k"": 1, ""n"": 697}]}, {""constant_lens"": false, ""gain"": 0.25, ""lens"": ""pc1"", ""lens_scaling"": ""standardize"", ""min_cluster_size"": 50, ""min_samples"": 5, ""n_class"": 4538, ""n_edges"": 8, ""n_intervals"": 9, ""n_vertices"": 9, ""noise_reassigned"": 4182, ""placement"": ""quantile"", ""slabs"": [{""k"": 1, ""n"": 568}, {""k"": 1, ""n"": 630}, {""k"": 1, ""n"": 630}, {""k"": 1, ""n"": 630}, {""k"": 1, ""n"": 630}, {""k"": 1, ""n"": 630}, {""k"": 1, ""n"": 630}, {""k"": 1, ""n"": 630}, {""k"": 1, ""n"": 568}]}], ""soundness_bound_holds"": true, ""step_rule"": ""scale_free"", ""topology_retention_nerve_to_frozen"": {""beta0_frozen"": 8, ""beta0_nerve"": 2, ""beta1_frozen"": 0, ""beta1_nerve"": 0}}",True
0.6468624833110814,67,False,0.004969589081738614,0.005,,10.248047999999471,10.248047999999471,0.0,eeg-eye-state,1,,SPINE+Graph,10,67,1498,13482,0.9950304109182614,1755920254,False,"{""admission"": {""criterion"": ""risk"", ""removed_risk"": 6, ""removed_support"": 0}, ""betti_final"": [[1, 0], [7, 0]], ""betti_frozen"": [[1, 0], [7, 0]], ""betti_nerve"": [[1, 0], [1, 0]], ""boundary_restriction"": ""both"", ""forced_removals"": 0, ""growth_representation_fallbacks"": 22, ""invariant_held"": true, ""n_segments"": 59, ""n_train_fit"": 10112, ""n_val"": 3370, ""phase0"": [{""constant_lens"": false, ""gain"": 0.25, ""lens"": ""pc1"", ""lens_scaling"": ""standardize"", ""min_cluster_size"": 50, ""min_samples"": 5, ""n_class"": 5574, ""n_edges"": 8, ""n_intervals"": 9, ""n_vertices"": 9, ""noise_reassigned"": 5022, ""placement"": ""quantile"", ""slabs"": [{""k"": 1, ""n"": 697}, {""k"": 1, ""n"": 774}, {""k"": 1, ""n"": 774}, {""k"": 1, ""n"": 774}, {""k"": 1, ""n"": 774}, {""k"": 1, ""n"": 774}, {""k"": 1, ""n"": 774}, {""k"": 1, ""n"": 774}, {""k"": 1, ""n"": 697}]}, {""constant_lens"": false, ""gain"": 0.25, ""lens"": ""pc1"", ""lens_scaling"": ""standardize"", ""min_cluster_size"": 50, ""min_samples"": 5, ""n_class"": 4538, ""n_edges"": 8, ""n_intervals"": 9, ""n_vertices"": 9, ""noise_reassigned"": 4182, ""placement"": ""quantile"", ""slabs"": [{""k"": 1, ""n"": 568}, {""k"": 1, ""n"": 630}, {""k"": 1, ""n"": 630}, {""k"": 1, ""n"": 630}, {""k"": 1, ""n"": 630}, {""k"": 1, ""n"": 630}, {""k"": 1, ""n"": 630}, {""k"": 1, ""n"": 630}, {""k"": 1, ""n"": 568}]}], ""soundness_bound_holds"": true, ""step_rule"": ""scale_free"", ""topology_retention_nerve_to_frozen"": {""beta0_frozen"": 8, ""beta0_nerve"": 2, ""beta1_frozen"": 0, ""beta1_nerve"": 0}}",True
0.8177570093457944,67,False,0.004969589081738614,0.005,,2.8974530000014056,51.35028400000192,48.452831000000515,eeg-eye-state,1,"{""epsilon"": 0.1, ""window"": 0.2}",LVQ3,10,67,1498,13482,0.9950304109182614,1755920254,False,,True
0.7202937249666221,67,False,0.004969589081738614,0.005,"{""0"": 37, ""1"": 30}",4.522584000000279,4.522584000000279,0.0,eeg-eye-state,1,,KMeans,10,67,1498,13482,0.9950304109182614,1755920254,False,,True
0.6214953271028038,67,False,0.004969589081738614,0.005,"{""0"": 37, ""1"": 30}",0.0016429999996034894,0.0016429999996034894,0.0,eeg-eye-state,1,,Random,10,67,1498,13482,0.9950304109182614,1755920254,False,,True
0.5907877169559412,67,False,0.004969589081738614,0.005,,3.3824509999994916,3.3824509999994916,0.0,eeg-eye-state,1,,SPOT,10,67,1498,13482,0.9950304109182614,1755920254,False,,True
0.7249666221628839,67,False,0.004969589081738614,0.005,,23.42675000000054,23.42675000000054,0.0,eeg-eye-state,1,,GLVQ,10,67,1498,13482,0.9950304109182614,1755920254,False,,True
0.6668891855807744,67,False,0.004969589081738614,0.005,,0.4254959999998391,0.4254959999998391,0.0,eeg-eye-state,1,,GNG,10,67,1498,13482,0.9950304109182614,1755920254,False,,True
0.9192256341789052,135,False,0.010013351134846462,0.01,,0.00022200000057637226,0.00022200000057637226,0.0,eeg-eye-state,1,,Full,10,13482,1498,13482,0.0,1755920254,True,,False
0.9025367156208278,135,False,0.010013351134846462,0.01,,5.514735000000655,5.514735000000655,0.0,eeg-eye-state,1,,RSP3,10,5934,1498,13482,0.5598575878949711,1755920254,True,,False
0.8704939919893191,135,False,0.010013351134846462,0.01,,8.368585000000166,8.368585000000166,0.0,eeg-eye-state,1,,RHC,10,2347,1498,13482,0.82591603619641,1755920254,True,,False
0.6722296395193591,135,False,0.010013351134846462,0.01,,10.471497999998974,10.471497999998974,0.0,eeg-eye-state,1,,SPINE+1NN,10,135,1498,13482,0.9899866488651535,1755920254,False,"{""admission"": {""criterion"": ""risk"", ""removed_risk"": 6, ""removed_support"": 0}, ""betti_final"": [[1, 0], [7, 0]], ""betti_frozen"": [[1, 0], [7, 0]], ""betti_nerve"": [[1, 0], [1, 0]], ""boundary_restriction"": ""both"", ""forced_removals"": 0, ""growth_representation_fallbacks"": 56, ""invariant_held"": true, ""n_segments"": 127, ""n_train_fit"": 10112, ""n_val"": 3370, ""phase0"": [{""constant_lens"": false, ""gain"": 0.25, ""lens"": ""pc1"", ""lens_scaling"": ""standardize"", ""min_cluster_size"": 50, ""min_samples"": 5, ""n_class"": 5574, ""n_edges"": 8, ""n_intervals"": 9, ""n_vertices"": 9, ""noise_reassigned"": 5022, ""placement"": ""quantile"", ""slabs"": [{""k"": 1, ""n"": 697}, {""k"": 1, ""n"": 774}, {""k"": 1, ""n"": 774}, {""k"": 1, ""n"": 774}, {""k"": 1, ""n"": 774}, {""k"": 1, ""n"": 774}, {""k"": 1, ""n"": 774}, {""k"": 1, ""n"": 774}, {""k"": 1, ""n"": 697}]}, {""constant_lens"": false, ""gain"": 0.25, ""lens"": ""pc1"", ""lens_scaling"": ""standardize"", ""min_cluster_size"": 50, ""min_samples"": 5, ""n_class"": 4538, ""n_edges"": 8, ""n_intervals"": 9, ""n_vertices"": 9, ""noise_reassigned"": 4182, ""placement"": ""quantile"", ""slabs"": [{""k"": 1, ""n"": 568}, {""k"": 1, ""n"": 630}, {""k"": 1, ""n"": 630}, {""k"": 1, ""n"": 630}, {""k"": 1, ""n"": 630}, {""k"": 1, ""n"": 630}, {""k"": 1, ""n"": 630}, {""k"": 1, ""n"": 630}, {""k"": 1, ""n"": 568}]}], ""soundness_bound_holds"": true, ""step_rule"": ""scale_free"", ""topology_retention_nerve_to_frozen"": {""beta0_frozen"": 8, ""beta0_nerve"": 2, ""beta1_frozen"": 0, ""beta1_nerve"": 0}}",True
0.684913217623498,135,False,0.010013351134846462,0.01,,10.471497999998974,10.471497999998974,0.0,eeg-eye-state,1,,SPINE+Graph,10,135,1498,13482,0.9899866488651535,1755920254,False,"{""admission"": {""criterion"": ""risk"", ""removed_risk"": 6, ""removed_support"": 0}, ""betti_final"": [[1, 0], [7, 0]], ""betti_frozen"": [[1, 0], [7, 0]], ""betti_nerve"": [[1, 0], [1, 0]], ""boundary_restriction"": ""both"", ""forced_removals"": 0, ""growth_representation_fallbacks"": 56, ""invariant_held"": true, ""n_segments"": 127, ""n_train_fit"": 10112, ""n_val"": 3370, ""phase0"": [{""constant_lens"": false, ""gain"": 0.25, ""lens"": ""pc1"", ""lens_scaling"": ""standardize"", ""min_cluster_size"": 50, ""min_samples"": 5, ""n_class"": 5574, ""n_edges"": 8, ""n_intervals"": 9, ""n_vertices"": 9, ""noise_reassigned"": 5022, ""placement"": ""quantile"", ""slabs"": [{""k"": 1, ""n"": 697}, {""k"": 1, ""n"": 774}, {""k"": 1, ""n"": 774}, {""k"": 1, ""n"": 774}, {""k"": 1, ""n"": 774}, {""k"": 1, ""n"": 774}, {""k"": 1, ""n"": 774}, {""k"": 1, ""n"": 774}, {""k"": 1, ""n"": 697}]}, {""constant_lens"": false, ""gain"": 0.25, ""lens"": ""pc1"", ""lens_scaling"": ""standardize"", ""min_cluster_size"": 50, ""min_samples"": 5, ""n_class"": 4538, ""n_edges"": 8, ""n_intervals"": 9, ""n_vertices"": 9, ""noise_reassigned"": 4182, ""placement"": ""quantile"", ""slabs"": [{""k"": 1, ""n"": 568}, {""k"": 1, ""n"": 630}, {""k"": 1, ""n"": 630}, {""k"": 1, ""n"": 630}, {""k"": 1, ""n"": 630}, {""k"": 1, ""n"": 630}, {""k"": 1, ""n"": 630}, {""k"": 1, ""n"": 630}, {""k"": 1, ""n"": 568}]}], ""soundness_bound_holds"": true, ""step_rule"": ""scale_free"", ""topology_retention_nerve_to_frozen"": {""beta0_frozen"": 8, ""beta0_nerve"": 2, ""beta1_frozen"": 0, ""beta1_nerve"": 0}}",True
0.8511348464619493,135,False,0.010013351134846462,0.01,,3.5121460000009392,66.55779900000198,63.04565300000104,eeg-eye-state,1,"{""epsilon"": 0.1, ""window"": 0.2}",LVQ3,10,135,1498,13482,0.9899866488651535,1755920254,False,,True
0.7863818424566088,135,False,0.010013351134846462,0.01,"{""0"": 74, ""1"": 61}",7.230483999999706,7.230483999999706,0.0,eeg-eye-state,1,,KMeans,10,135,1498,13482,0.9899866488651535,1755920254,False,,True
0.6622162883845126,135,False,0.010013351134846462,0.01,"{""0"": 74, ""1"": 61}",0.0072950000012497185,0.0072950000012497185,0.0,eeg-eye-state,1,,Random,10,135,1498,13482,0.9899866488651535,1755920254,False,,True
0.670894526034713,135,False,0.010013351134846462,0.01,,4.35454000000027,4.35454000000027,0.0,eeg-eye-state,1,,SPOT,10,135,1498,13482,0.9899866488651535,1755920254,False,,True
0.7323097463284379,135,False,0.010013351134846462,0.01,,42.907100000000355,42.907100000000355,0.0,eeg-eye-state,1,,GLVQ,10,135,1498,13482,0.9899866488651535,1755920254,False,,True
0.69826435246996,135,False,0.010013351134846462,0.01,,1.2778679999992164,1.2778679999992164,0.0,eeg-eye-state,1,,GNG,10,135,1498,13482,0.9899866488651535,1755920254,False,,True
0.9192256341789052,270,False,0.020026702269692925,0.02,,0.00022200000057637226,0.00022200000057637226,0.0,eeg-eye-state,1,,Full,10,13482,1498,13482,0.0,1755920254,True,,False
0.9025367156208278,270,False,0.020026702269692925,0.02,,5.514735000000655,5.514735000000655,0.0,eeg-eye-state,1,,RSP3,10,5934,1498,13482,0.5598575878949711,1755920254,True,,False
0.8704939919893191,270,False,0.020026702269692925,0.02,,8.368585000000166,8.368585000000166,0.0,eeg-eye-state,1,,RHC,10,2347,1498,13482,0.82591603619641,1755920254,True,,False
0.7263017356475301,270,False,0.020026702269692925,0.02,,15.891638999999486,15.891638999999486,0.0,eeg-eye-state,1,,SPINE+1NN,10,270,1498,13482,0.9799732977303071,1755920254,False,"{""admission"": {""criterion"": ""risk"", ""removed_risk"": 6, ""removed_support"": 0}, ""betti_final"": [[1, 0], [7, 0]], ""betti_frozen"": [[1, 0], [7, 0]], ""betti_nerve"": [[1, 0], [1, 0]], ""boundary_restriction"": ""both"", ""forced_removals"": 0, ""growth_representation_fallbacks"": 127, ""invariant_held"": true, ""n_segments"": 262, ""n_train_fit"": 10112, ""n_val"": 3370, ""phase0"": [{""constant_lens"": false, ""gain"": 0.25, ""lens"": ""pc1"", ""lens_scaling"": ""standardize"", ""min_cluster_size"": 50, ""min_samples"": 5, ""n_class"": 5574, ""n_edges"": 8, ""n_intervals"": 9, ""n_vertices"": 9, ""noise_reassigned"": 5022, ""placement"": ""quantile"", ""slabs"": [{""k"": 1, ""n"": 697}, {""k"": 1, ""n"": 774}, {""k"": 1, ""n"": 774}, {""k"": 1, ""n"": 774}, {""k"": 1, ""n"": 774}, {""k"": 1, ""n"": 774}, {""k"": 1, ""n"": 774}, {""k"": 1, ""n"": 774}, {""k"": 1, ""n"": 697}]}, {""constant_lens"": false, ""gain"": 0.25, ""lens"": ""pc1"", ""lens_scaling"": ""standardize"", ""min_cluster_size"": 50, ""min_samples"": 5, ""n_class"": 4538, ""n_edges"": 8, ""n_intervals"": 9, ""n_vertices"": 9, ""noise_reassigned"": 4182, ""placement"": ""quantile"", ""slabs"": [{""k"": 1, ""n"": 568}, {""k"": 1, ""n"": 630}, {""k"": 1, ""n"": 630}, {""k"": 1, ""n"": 630}, {""k"": 1, ""n"": 630}, {""k"": 1, ""n"": 630}, {""k"": 1, ""n"": 630}, {""k"": 1, ""n"": 630}, {""k"": 1, ""n"": 568}]}], ""soundness_bound_holds"": true, ""step_rule"": ""scale_free"", ""topology_retention_nerve_to_frozen"": {""beta0_frozen"": 8, ""beta0_nerve"": 2, ""beta1_frozen"": 0, ""beta1_nerve"": 0}}",True
0.7349799732977303,270,False,0.020026702269692925,0.02,,15.891638999999486,15.891638999999486,0.0,eeg-eye-state,1,,SPINE+Graph,10,270,1498,13482,0.9799732977303071,1755920254,False,"{""admission"": {""criterion"": ""risk"", ""removed_risk"": 6, ""removed_support"": 0}, ""betti_final"": [[1, 0], [7, 0]], ""betti_frozen"": [[1, 0], [7, 0]], ""betti_nerve"": [[1, 0], [1, 0]], ""boundary_restriction"": ""both"", ""forced_removals"": 0, ""growth_representation_fallbacks"": 127, ""invariant_held"": true, ""n_segments"": 262, ""n_train_fit"": 10112, ""n_val"": 3370, ""phase0"": [{""constant_lens"": false, ""gain"": 0.25, ""lens"": ""pc1"", ""lens_scaling"": ""standardize"", ""min_cluster_size"": 50, ""min_samples"": 5, ""n_class"": 5574, ""n_edges"": 8, ""n_intervals"": 9, ""n_vertices"": 9, ""noise_reassigned"": 5022, ""placement"": ""quantile"", ""slabs"": [{""k"": 1, ""n"": 697}, {""k"": 1, ""n"": 774}, {""k"": 1, ""n"": 774}, {""k"": 1, ""n"": 774}, {""k"": 1, ""n"": 774}, {""k"": 1, ""n"": 774}, {""k"": 1, ""n"": 774}, {""k"": 1, ""n"": 774}, {""k"": 1, ""n"": 697}]}, {""constant_lens"": false, ""gain"": 0.25, ""lens"": ""pc1"", ""lens_scaling"": ""standardize"", ""min_cluster_size"": 50, ""min_samples"": 5, ""n_class"": 4538, ""n_edges"": 8, ""n_intervals"": 9, ""n_vertices"": 9, ""noise_reassigned"": 4182, ""placement"": ""quantile"", ""slabs"": [{""k"": 1, ""n"": 568}, {""k"": 1, ""n"": 630}, {""k"": 1, ""n"": 630}, {""k"": 1, ""n"": 630}, {""k"": 1, ""n"": 630}, {""k"": 1, ""n"": 630}, {""k"": 1, ""n"": 630}, {""k"": 1, ""n"": 630}, {""k"": 1, ""n"": 568}]}], ""soundness_bound_holds"": true, ""step_rule"": ""scale_free"", ""topology_retention_nerve_to_frozen"": {""beta0_frozen"": 8, ""beta0_nerve"": 2, ""beta1_frozen"": 0, ""beta1_nerve"": 0}}",True
0.8731642189586115,270,False,0.020026702269692925,0.02,,5.345209999999497,97.22495199999867,91.87974199999917,eeg-eye-state,1,"{""epsilon"": 0.1, ""window"": 0.3}",LVQ3,10,270,1498,13482,0.9799732977303071,1755920254,False,,True
0.8197596795727636,270,False,0.020026702269692925,0.02,"{""0"": 149, ""1"": 121}",10.778105999999752,10.778105999999752,0.0,eeg-eye-state,1,,KMeans,10,270,1498,13482,0.9799732977303071,1755920254,False,,True
0.677570093457944,270,False,0.020026702269692925,0.02,"{""0"": 149, ""1"": 121}",0.0016189999987545889,0.0016189999987545889,0.0,eeg-eye-state,1,,Random,10,270,1498,13482,0.9799732977303071,1755920254,False,,True
0.725634178905207,270,False,0.020026702269692925,0.02,,3.982705000000351,3.982705000000351,0.0,eeg-eye-state,1,,SPOT,10,270,1498,13482,0.9799732977303071,1755920254,False,,True
0.7703604806408545,270,False,0.020026702269692925,0.02,,81.19967700000052,81.19967700000052,0.0,eeg-eye-state,1,,GLVQ,10,270,1498,13482,0.9799732977303071,1755920254,False,,True
0.7570093457943925,270,False,0.020026702269692925,0.02,,4.174511999999595,4.174511999999595,0.0,eeg-eye-state,1,,GNG,10,270,1498,13482,0.9799732977303071,1755920254,False,,True
0.9192256341789052,674,False,0.049992582702863074,0.05,,0.00022200000057637226,0.00022200000057637226,0.0,eeg-eye-state,1,,Full,10,13482,1498,13482,0.0,1755920254,True,,False
0.9025367156208278,674,False,0.049992582702863074,0.05,,5.514735000000655,5.514735000000655,0.0,eeg-eye-state,1,,RSP3,10,5934,1498,13482,0.5598575878949711,1755920254,True,,False
0.8704939919893191,674,False,0.049992582702863074,0.05,,8.368585000000166,8.368585000000166,0.0,eeg-eye-state,1,,RHC,10,2347,1498,13482,0.82591603619641,1755920254,True,,False
0.8144192256341789,674,False,0.049992582702863074,0.05,,50.74544099999912,50.74544099999912,0.0,eeg-eye-state,1,,SPINE+1NN,10,674,1498,13482,0.9500074172971369,1755920254,False,"{""admission"": {""criterion"": ""risk"", ""removed_risk"": 6, ""removed_support"": 0}, ""betti_final"": [[1, 0], [7, 0]], ""betti_frozen"": [[1, 0], [7, 0]], ""betti_nerve"": [[1, 0], [1, 0]], ""boundary_restriction"": ""both"", ""forced_removals"": 0, ""growth_representation_fallbacks"": 360, ""invariant_held"": true, ""n_segments"": 666, ""n_train_fit"": 10112, ""n_val"": 3370, ""phase0"": [{""constant_lens"": false, ""gain"": 0.25, ""lens"": ""pc1"", ""lens_scaling"": ""standardize"", ""min_cluster_size"": 50, ""min_samples"": 5, ""n_class"": 5574, ""n_edges"": 8, ""n_intervals"": 9, ""n_vertices"": 9, ""noise_reassigned"": 5022, ""placement"": ""quantile"", ""slabs"": [{""k"": 1, ""n"": 697}, {""k"": 1, ""n"": 774}, {""k"": 1, ""n"": 774}, {""k"": 1, ""n"": 774}, {""k"": 1, ""n"": 774}, {""k"": 1, ""n"": 774}, {""k"": 1, ""n"": 774}, {""k"": 1, ""n"": 774}, {""k"": 1, ""n"": 697}]}, {""constant_lens"": false, ""gain"": 0.25, ""lens"": ""pc1"", ""lens_scaling"": ""standardize"", ""min_cluster_size"": 50, ""min_samples"": 5, ""n_class"": 4538, ""n_edges"": 8, ""n_intervals"": 9, ""n_vertices"": 9, ""noise_reassigned"": 4182, ""placement"": ""quantile"", ""slabs"": [{""k"": 1, ""n"": 568}, {""k"": 1, ""n"": 630}, {""k"": 1, ""n"": 630}, {""k"": 1, ""n"": 630}, {""k"": 1, ""n"": 630}, {""k"": 1, ""n"": 630}, {""k"": 1, ""n"": 630}, {""k"": 1, ""n"": 630}, {""k"": 1, ""n"": 568}]}], ""soundness_bound_holds"": true, ""step_rule"": ""scale_free"", ""topology_retention_nerve_to_frozen"": {""beta0_frozen"": 8, ""beta0_nerve"": 2, ""beta1_frozen"": 0, ""beta1_nerve"": 0}}",True
0.8170894526034713,674,False,0.049992582702863074,0.05,,50.74544099999912,50.74544099999912,0.0,eeg-eye-state,1,,SPINE+Graph,10,674,1498,13482,0.9500074172971369,1755920254,False,"{""admission"": {""criterion"": ""risk"", ""removed_risk"": 6, ""removed_support"": 0}, ""betti_final"": [[1, 0], [7, 0]], ""betti_frozen"": [[1, 0], [7, 0]], ""betti_nerve"": [[1, 0], [1, 0]], ""boundary_restriction"": ""both"", ""forced_removals"": 0, ""growth_representation_fallbacks"": 360, ""invariant_held"": true, ""n_segments"": 666, ""n_train_fit"": 10112, ""n_val"": 3370, ""phase0"": [{""constant_lens"": false, ""gain"": 0.25, ""lens"": ""pc1"", ""lens_scaling"": ""standardize"", ""min_cluster_size"": 50, ""min_samples"": 5, ""n_class"": 5574, ""n_edges"": 8, ""n_intervals"": 9, ""n_vertices"": 9, ""noise_reassigned"": 5022, ""placement"": ""quantile"", ""slabs"": [{""k"": 1, ""n"": 697}, {""k"": 1, ""n"": 774}, {""k"": 1, ""n"": 774}, {""k"": 1, ""n"": 774}, {""k"": 1, ""n"": 774}, {""k"": 1, ""n"": 774}, {""k"": 1, ""n"": 774}, {""k"": 1, ""n"": 774}, {""k"": 1, ""n"": 697}]}, {""constant_lens"": false, ""gain"": 0.25, ""lens"": ""pc1"", ""lens_scaling"": ""standardize"", ""min_cluster_size"": 50, ""min_samples"": 5, ""n_class"": 4538, ""n_edges"": 8, ""n_intervals"": 9, ""n_vertices"": 9, ""noise_reassigned"": 4182, ""placement"": ""quantile"", ""slabs"": [{""k"": 1, ""n"": 568}, {""k"": 1, ""n"": 630}, {""k"": 1, ""n"": 630}, {""k"": 1, ""n"": 630}, {""k"": 1, ""n"": 630}, {""k"": 1, ""n"": 630}, {""k"": 1, ""n"": 630}, {""k"": 1, ""n"": 630}, {""k"": 1, ""n"": 568}]}], ""soundness_bound_holds"": true, ""step_rule"": ""scale_free"", ""topology_retention_nerve_to_frozen"": {""beta0_frozen"": 8, ""beta0_nerve"": 2, ""beta1_frozen"": 0, ""beta1_nerve"": 0}}",True
0.8978638184245661,674,False,0.049992582702863074,0.05,,9.201983999999356,152.22422899999947,143.0222450000001,eeg-eye-state,1,"{""epsilon"": 0.1, ""window"": 0.3}",LVQ3,10,674,1498,13482,0.9500074172971369,1755920254,False,,True
0.8484646194926568,674,False,0.049992582702863074,0.05,"{""0"": 371, ""1"": 303}",20.100570000000516,20.100570000000516,0.0,eeg-eye-state,1,,KMeans,10,674,1498,13482,0.9500074172971369,1755920254,False,,True
0.7510013351134847,674,False,0.049992582702863074,0.05,"{""0"": 371, ""1"": 303}",0.002276999999594409,0.002276999999594409,0.0,eeg-eye-state,1,,Random,10,674,1498,13482,0.9500074172971369,1755920254,False,,True
0.7850467289719626,674,False,0.049992582702863074,0.05,,4.4459570000017266,4.4459570000017266,0.0,eeg-eye-state,1,,SPOT,10,674,1498,13482,0.9500074172971369,1755920254,False,,True
0.7763684913217623,674,False,0.049992582702863074,0.05,,196.4768899999999,196.4768899999999,0.0,eeg-eye-state,1,,GLVQ,10,674,1498,13482,0.9500074172971369,1755920254,False,,True
0.8404539385847797,674,False,0.049992582702863074,0.05,,22.574730000000272,22.574730000000272,0.0,eeg-eye-state,1,,GNG,10,674,1498,13482,0.9500074172971369,1755920254,False,,True
0.9192256341789052,1348,False,0.09998516540572615,0.1,,0.00022200000057637226,0.00022200000057637226,0.0,eeg-eye-state,1,,Full,10,13482,1498,13482,0.0,1755920254,True,,False
0.9025367156208278,1348,False,0.09998516540572615,0.1,,5.514735000000655,5.514735000000655,0.0,eeg-eye-state,1,,RSP3,10,5934,1498,13482,0.5598575878949711,1755920254,True,,False
0.8704939919893191,1348,False,0.09998516540572615,0.1,,8.368585000000166,8.368585000000166,0.0,eeg-eye-state,1,,RHC,10,2347,1498,13482,0.82591603619641,1755920254,True,,False
0.855807743658211,1348,False,0.09998516540572615,0.1,,185.56875799999943,185.56875799999943,0.0,eeg-eye-state,1,,SPINE+1NN,10,1348,1498,13482,0.9000148345942739,1755920254,False,"{""admission"": {""criterion"": ""risk"", ""removed_risk"": 6, ""removed_support"": 0}, ""betti_final"": [[1, 0], [7, 0]], ""betti_frozen"": [[1, 0], [7, 0]], ""betti_nerve"": [[1, 0], [1, 0]], ""boundary_restriction"": ""both"", ""forced_removals"": 0, ""growth_representation_fallbacks"": 767, ""invariant_held"": true, ""n_segments"": 1340, ""n_train_fit"": 10112, ""n_val"": 3370, ""phase0"": [{""constant_lens"": false, ""gain"": 0.25, ""lens"": ""pc1"", ""lens_scaling"": ""standardize"", ""min_cluster_size"": 50, ""min_samples"": 5, ""n_class"": 5574, ""n_edges"": 8, ""n_intervals"": 9, ""n_vertices"": 9, ""noise_reassigned"": 5022, ""placement"": ""quantile"", ""slabs"": [{""k"": 1, ""n"": 697}, {""k"": 1, ""n"": 774}, {""k"": 1, ""n"": 774}, {""k"": 1, ""n"": 774}, {""k"": 1, ""n"": 774}, {""k"": 1, ""n"": 774}, {""k"": 1, ""n"": 774}, {""k"": 1, ""n"": 774}, {""k"": 1, ""n"": 697}]}, {""constant_lens"": false, ""gain"": 0.25, ""lens"": ""pc1"", ""lens_scaling"": ""standardize"", ""min_cluster_size"": 50, ""min_samples"": 5, ""n_class"": 4538, ""n_edges"": 8, ""n_intervals"": 9, ""n_vertices"": 9, ""noise_reassigned"": 4182, ""placement"": ""quantile"", ""slabs"": [{""k"": 1, ""n"": 568}, {""k"": 1, ""n"": 630}, {""k"": 1, ""n"": 630}, {""k"": 1, ""n"": 630}, {""k"": 1, ""n"": 630}, {""k"": 1, ""n"": 630}, {""k"": 1, ""n"": 630}, {""k"": 1, ""n"": 630}, {""k"": 1, ""n"": 568}]}], ""soundness_bound_holds"": true, ""step_rule"": ""scale_free"", ""topology_retention_nerve_to_frozen"": {""beta0_frozen"": 8, ""beta0_nerve"": 2, ""beta1_frozen"": 0, ""beta1_nerve"": 0}}",True
0.8658210947930574,1348,False,0.09998516540572615,0.1,,185.56875799999943,185.56875799999943,0.0,eeg-eye-state,1,,SPINE+Graph,10,1348,1498,13482,0.9000148345942739,1755920254,False,"{""admission"": {""criterion"": ""risk"", ""removed_risk"": 6, ""removed_support"": 0}, ""betti_final"": [[1, 0], [7, 0]], ""betti_frozen"": [[1, 0], [7, 0]], ""betti_nerve"": [[1, 0], [1, 0]], ""boundary_restriction"": ""both"", ""forced_removals"": 0, ""growth_representation_fallbacks"": 767, ""invariant_held"": true, ""n_segments"": 1340, ""n_train_fit"": 10112, ""n_val"": 3370, ""phase0"": [{""constant_lens"": false, ""gain"": 0.25, ""lens"": ""pc1"", ""lens_scaling"": ""standardize"", ""min_cluster_size"": 50, ""min_samples"": 5, ""n_class"": 5574, ""n_edges"": 8, ""n_intervals"": 9, ""n_vertices"": 9, ""noise_reassigned"": 5022, ""placement"": ""quantile"", ""slabs"": [{""k"": 1, ""n"": 697}, {""k"": 1, ""n"": 774}, {""k"": 1, ""n"": 774}, {""k"": 1, ""n"": 774}, {""k"": 1, ""n"": 774}, {""k"": 1, ""n"": 774}, {""k"": 1, ""n"": 774}, {""k"": 1, ""n"": 774}, {""k"": 1, ""n"": 697}]}, {""constant_lens"": false, ""gain"": 0.25, ""lens"": ""pc1"", ""lens_scaling"": ""standardize"", ""min_cluster_size"": 50, ""min_samples"": 5, ""n_class"": 4538, ""n_edges"": 8, ""n_intervals"": 9, ""n_vertices"": 9, ""noise_reassigned"": 4182, ""placement"": ""quantile"", ""slabs"": [{""k"": 1, ""n"": 568}, {""k"": 1, ""n"": 630}, {""k"": 1, ""n"": 630}, {""k"": 1, ""n"": 630}, {""k"": 1, ""n"": 630}, {""k"": 1, ""n"": 630}, {""k"": 1, ""n"": 630}, {""k"": 1, ""n"": 630}, {""k"": 1, ""n"": 568}]}], ""soundness_bound_holds"": true, ""step_rule"": ""scale_free"", ""topology_retention_nerve_to_frozen"": {""beta0_frozen"": 8, ""beta0_nerve"": 2, ""beta1_frozen"": 0, ""beta1_nerve"": 0}}",True
0.8925233644859814,1348,False,0.09998516540572615,0.1,,17.288386000000173,266.3391479999991,249.05076199999894,eeg-eye-state,1,"{""epsilon"": 0.1, ""window"": 0.3}",LVQ3,10,1348,1498,13482,0.9000148345942739,1755920254,False,,True
0.8738317757009346,1348,False,0.09998516540572615,0.1,"{""0"": 743, ""1"": 605}",32.444195999998556,32.444195999998556,0.0,eeg-eye-state,1,,KMeans,10,1348,1498,13482,0.9000148345942739,1755920254,False,,True
0.8037383177570093,1348,False,0.09998516540572615,0.1,"{""0"": 743, ""1"": 605}",0.0033000000003085006,0.0033000000003085006,0.0,eeg-eye-state,1,,Random,10,1348,1498,13482,0.9000148345942739,1755920254,False,,True
0.8197596795727636,1348,False,0.09998516540572615,0.1,,4.296442999999272,4.296442999999272,0.0,eeg-eye-state,1,,SPOT,10,1348,1498,13482,0.9000148345942739,1755920254,False,,True
0.7797062750333779,1348,False,0.09998516540572615,0.1,,389.384806,389.384806,0.0,eeg-eye-state,1,,GLVQ,10,1348,1498,13482,0.9000148345942739,1755920254,False,,True
0.8704939919893191,1348,False,0.09998516540572615,0.1,,97.84389499999997,97.84389499999997,0.0,eeg-eye-state,1,,GNG,10,1348,1498,13482,0.9000148345942739,1755920254,False,,True
0.9192256341789052,3371,False,0.2500370864856846,0.25,,0.00022200000057637226,0.00022200000057637226,0.0,eeg-eye-state,1,,Full,10,13482,1498,13482,0.0,1755920254,True,,False
0.9025367156208278,3371,False,0.2500370864856846,0.25,,5.514735000000655,5.514735000000655,0.0,eeg-eye-state,1,,RSP3,10,5934,1498,13482,0.5598575878949711,1755920254,True,,False
0.8704939919893191,3371,False,0.2500370864856846,0.25,,8.368585000000166,8.368585000000166,0.0,eeg-eye-state,1,,RHC,10,2347,1498,13482,0.82591603619641,1755920254,True,,False
0.8958611481975968,3371,False,0.2500370864856846,0.25,,1351.8343479999985,1351.8343479999985,0.0,eeg-eye-state,1,,SPINE+1NN,10,3371,1498,13482,0.7499629135143153,1755920254,False,"{""admission"": {""criterion"": ""risk"", ""removed_risk"": 6, ""removed_support"": 0}, ""betti_final"": [[1, 0], [7, 0]], ""betti_frozen"": [[1, 0], [7, 0]], ""betti_nerve"": [[1, 0], [1, 0]], ""boundary_restriction"": ""both"", ""forced_removals"": 0, ""growth_representation_fallbacks"": 3054, ""invariant_held"": true, ""n_segments"": 3363, ""n_train_fit"": 10112, ""n_val"": 3370, ""phase0"": [{""constant_lens"": false, ""gain"": 0.25, ""lens"": ""pc1"", ""lens_scaling"": ""standardize"", ""min_cluster_size"": 50, ""min_samples"": 5, ""n_class"": 5574, ""n_edges"": 8, ""n_intervals"": 9, ""n_vertices"": 9, ""noise_reassigned"": 5022, ""placement"": ""quantile"", ""slabs"": [{""k"": 1, ""n"": 697}, {""k"": 1, ""n"": 774}, {""k"": 1, ""n"": 774}, {""k"": 1, ""n"": 774}, {""k"": 1, ""n"": 774}, {""k"": 1, ""n"": 774}, {""k"": 1, ""n"": 774}, {""k"": 1, ""n"": 774}, {""k"": 1, ""n"": 697}]}, {""constant_lens"": false, ""gain"": 0.25, ""lens"": ""pc1"", ""lens_scaling"": ""standardize"", ""min_cluster_size"": 50, ""min_samples"": 5, ""n_class"": 4538, ""n_edges"": 8, ""n_intervals"": 9, ""n_vertices"": 9, ""noise_reassigned"": 4182, ""placement"": ""quantile"", ""slabs"": [{""k"": 1, ""n"": 568}, {""k"": 1, ""n"": 630}, {""k"": 1, ""n"": 630}, {""k"": 1, ""n"": 630}, {""k"": 1, ""n"": 630}, {""k"": 1, ""n"": 630}, {""k"": 1, ""n"": 630}, {""k"": 1, ""n"": 630}, {""k"": 1, ""n"": 568}]}], ""soundness_bound_holds"": true, ""step_rule"": ""scale_free"", ""topology_retention_nerve_to_frozen"": {""beta0_frozen"": 8, ""beta0_nerve"": 2, ""beta1_frozen"": 0, ""beta1_nerve"": 0}}",True
0.8985313751668892,3371,False,0.2500370864856846,0.25,,1351.8343479999985,1351.8343479999985,0.0,eeg-eye-state,1,,SPINE+Graph,10,3371,1498,13482,0.7499629135143153,1755920254,False,"{""admission"": {""criterion"": ""risk"", ""removed_risk"": 6, ""removed_support"": 0}, ""betti_final"": [[1, 0], [7, 0]], ""betti_frozen"": [[1, 0], [7, 0]], ""betti_nerve"": [[1, 0], [1, 0]], ""boundary_restriction"": ""both"", ""forced_removals"": 0, ""growth_representation_fallbacks"": 3054, ""invariant_held"": true, ""n_segments"": 3363, ""n_train_fit"": 10112, ""n_val"": 3370, ""phase0"": [{""constant_lens"": false, ""gain"": 0.25, ""lens"": ""pc1"", ""lens_scaling"": ""standardize"", ""min_cluster_size"": 50, ""min_samples"": 5, ""n_class"": 5574, ""n_edges"": 8, ""n_intervals"": 9, ""n_vertices"": 9, ""noise_reassigned"": 5022, ""placement"": ""quantile"", ""slabs"": [{""k"": 1, ""n"": 697}, {""k"": 1, ""n"": 774}, {""k"": 1, ""n"": 774}, {""k"": 1, ""n"": 774}, {""k"": 1, ""n"": 774}, {""k"": 1, ""n"": 774}, {""k"": 1, ""n"": 774}, {""k"": 1, ""n"": 774}, {""k"": 1, ""n"": 697}]}, {""constant_lens"": false, ""gain"": 0.25, ""lens"": ""pc1"", ""lens_scaling"": ""standardize"", ""min_cluster_size"": 50, ""min_samples"": 5, ""n_class"": 4538, ""n_edges"": 8, ""n_intervals"": 9, ""n_vertices"": 9, ""noise_reassigned"": 4182, ""placement"": ""quantile"", ""slabs"": [{""k"": 1, ""n"": 568}, {""k"": 1, ""n"": 630}, {""k"": 1, ""n"": 630}, {""k"": 1, ""n"": 630}, {""k"": 1, ""n"": 630}, {""k"": 1, ""n"": 630}, {""k"": 1, ""n"": 630}, {""k"": 1, ""n"": 630}, {""k"": 1, ""n"": 568}]}], ""soundness_bound_holds"": true, ""step_rule"": ""scale_free"", ""topology_retention_nerve_to_frozen"": {""beta0_frozen"": 8, ""beta0_nerve"": 2, ""beta1_frozen"": 0, ""beta1_nerve"": 0}}",True
0.9025367156208278,3371,False,0.2500370864856846,0.25,,43.022101000000475,722.9756940000007,679.9535930000002,eeg-eye-state,1,"{""epsilon"": 0.3, ""window"": 0.3}",LVQ3,10,3371,1498,13482,0.7499629135143153,1755920254,False,,True
0.8978638184245661,3371,False,0.2500370864856846,0.25,"{""0"": 1858, ""1"": 1513}",41.302200999998604,41.302200999998604,0.0,eeg-eye-state,1,,KMeans,10,3371,1498,13482,0.7499629135143153,1755920254,False,,True
0.8584779706275033,3371,False,0.2500370864856846,0.25,"{""0"": 1858, ""1"": 1513}",0.010040000001026783,0.010040000001026783,0.0,eeg-eye-state,1,,Random,10,3371,1498,13482,0.7499629135143153,1755920254,False,,True
0.8464619492656876,3371,False,0.2500370864856846,0.25,,5.182802999999694,5.182802999999694,0.0,eeg-eye-state,1,,SPOT,10,3371,1498,13482,0.7499629135143153,1755920254,False,,True
0.7863818424566088,3371,False,0.2500370864856846,0.25,,971.1350510000011,971.1350510000011,0.0,eeg-eye-state,1,,GLVQ,10,3371,1498,13482,0.7499629135143153,1755920254,False,,True
0.8951935914552737,3371,False,0.2500370864856846,0.25,,533.3817589999999,533.3817589999999,0.0,eeg-eye-state,1,,GNG,10,3371,1498,13482,0.7499629135143153,1755920254,False,,True
0.8304405874499332,67,False,0.004969589081738614,0.005,,8.900000102585182e-05,8.900000102585182e-05,0.0,eeg-eye-state,2,,Full,10,13482,1498,13482,0.0,1756920257,False,,False
0.8097463284379173,67,False,0.004969589081738614,0.005,,6.1833009999973,6.1833009999973,0.0,eeg-eye-state,2,,RSP3,10,6681,1498,13482,0.504450378282154,1756920257,False,,False
0.7863818424566088,67,False,0.004969589081738614,0.005,,11.370943000001716,11.370943000001716,0.0,eeg-eye-state,2,,RHC,10,3298,1498,13482,0.7553775404242694,1756920257,False,,False
0.6048064085447263,67,False,0.004969589081738614,0.005,,10.03296500000215,10.03296500000215,0.0,eeg-eye-state,2,,SPINE+1NN,10,67,1498,13482,0.9950304109182614,1756920257,False,"{""admission"": {""criterion"": ""risk"", ""removed_risk"": 5, ""removed_support"": 0}, ""betti_final"": [[2, 0], [5, 0]], ""betti_frozen"": [[2, 0], [5, 0]], ""betti_nerve"": [[1, 0], [1, 0]], ""boundary_restriction"": ""both"", ""forced_removals"": 0, ""growth_representation_fallbacks"": 22, ""invariant_held"": true, ""n_segments"": 60, ""n_train_fit"": 10112, ""n_val"": 3370, ""phase0"": [{""constant_lens"": false, ""gain"": 0.25, ""lens"": ""pc1"", ""lens_scaling"": ""standardize"", ""min_cluster_size"": 50, ""min_samples"": 5, ""n_class"": 5574, ""n_edges"": 8, ""n_intervals"": 9, ""n_vertices"": 9, ""noise_reassigned"": 4402, ""placement"": ""quantile"", ""slabs"": [{""k"": 1, ""n"": 697}, {""k"": 1, ""n"": 774}, {""k"": 1, ""n"": 774}, {""k"": 1, ""n"": 774}, {""k"": 1, ""n"": 774}, {""k"": 1, ""n"": 774}, {""k"": 1, ""n"": 774}, {""k"": 1, ""n"": 774}, {""k"": 1, ""n"": 697}]}, {""constant_lens"": false, ""gain"": 0.25, ""lens"": ""pc1"", ""lens_scaling"": ""standardize"", ""min_cluster_size"": 50, ""min_samples"": 5, ""n_class"": 4538, ""n_edges"": 8, ""n_intervals"": 9, ""n_vertices"": 9, ""noise_reassigned"": 4290, ""placement"": ""quantile"", ""slabs"": [{""k"": 1, ""n"": 568}, {""k"": 1, ""n"": 630}, {""k"": 1, ""n"": 630}, {""k"": 1, ""n"": 630}, {""k"": 1, ""n"": 630}, {""k"": 1, ""n"": 630}, {""k"": 1, ""n"": 630}, {""k"": 1, ""n"": 630}, {""k"": 1, ""n"": 568}]}], ""soundness_bound_holds"": true, ""step_rule"": ""scale_free"", ""topology_retention_nerve_to_frozen"": {""beta0_frozen"": 7, ""beta0_nerve"": 2, ""beta1_frozen"": 0, ""beta1_nerve"": 0}}",True
0.6261682242990654,67,False,0.004969589081738614,0.005,,10.03296500000215,10.03296500000215,0.0,eeg-eye-state,2,,SPINE+Graph,10,67,1498,13482,0.9950304109182614,1756920257,False,"{""admission"": {""criterion"": ""risk"", ""removed_risk"": 5, ""removed_support"": 0}, ""betti_final"": [[2, 0], [5, 0]], ""betti_frozen"": [[2, 0], [5, 0]], ""betti_nerve"": [[1, 0], [1, 0]], ""boundary_restriction"": ""both"", ""forced_removals"": 0, ""growth_representation_fallbacks"": 22, ""invariant_held"": true, ""n_segments"": 60, ""n_train_fit"": 10112, ""n_val"": 3370, ""phase0"": [{""constant_lens"": false, ""gain"": 0.25, ""lens"": ""pc1"", ""lens_scaling"": ""standardize"", ""min_cluster_size"": 50, ""min_samples"": 5, ""n_class"": 5574, ""n_edges"": 8, ""n_intervals"": 9, ""n_vertices"": 9, ""noise_reassigned"": 4402, ""placement"": ""quantile"", ""slabs"": [{""k"": 1, ""n"": 697}, {""k"": 1, ""n"": 774}, {""k"": 1, ""n"": 774}, {""k"": 1, ""n"": 774}, {""k"": 1, ""n"": 774}, {""k"": 1, ""n"": 774}, {""k"": 1, ""n"": 774}, {""k"": 1, ""n"": 774}, {""k"": 1, ""n"": 697}]}, {""constant_lens"": false, ""gain"": 0.25, ""lens"": ""pc1"", ""lens_scaling"": ""standardize"", ""min_cluster_size"": 50, ""min_samples"": 5, ""n_class"": 4538, ""n_edges"": 8, ""n_intervals"": 9, ""n_vertices"": 9, ""noise_reassigned"": 4290, ""placement"": ""quantile"", ""slabs"": [{""k"": 1, ""n"": 568}, {""k"": 1, ""n"": 630}, {""k"": 1, ""n"": 630}, {""k"": 1, ""n"": 630}, {""k"": 1, ""n"": 630}, {""k"": 1, ""n"": 630}, {""k"": 1, ""n"": 630}, {""k"": 1, ""n"": 630}, {""k"": 1, ""n"": 568}]}], ""soundness_bound_holds"": true, ""step_rule"": ""scale_free"", ""topology_retention_nerve_to_frozen"": {""beta0_frozen"": 7, ""beta0_nerve"": 2, ""beta1_frozen"": 0, ""beta1_nerve"": 0}}",True
0.7343124165554072,67,False,0.004969589081738614,0.005,,3.2725759999993898,52.19571800000267,48.92314200000328,eeg-eye-state,2,"{""epsilon"": 0.1, ""window"": 0.3}",LVQ3,10,67,1498,13482,0.9950304109182614,1756920257,False,,True
0.705607476635514,67,False,0.004969589081738614,0.005,"{""0"": 37, ""1"": 30}",3.625330999999278,3.625330999999278,0.0,eeg-eye-state,2,,KMeans,10,67,1498,13482,0.9950304109182614,1756920257,False,,True
0.5981308411214953,67,False,0.004969589081738614,0.005,"{""0"": 37, ""1"": 30}",0.0015910000001895241,0.0015910000001895241,0.0,eeg-eye-state,2,,Random,10,67,1498,13482,0.9950304109182614,1756920257,False,,True
0.6034712950600801,67,False,0.004969589081738614,0.005,,5.1411669999979495,5.1411669999979495,0.0,eeg-eye-state,2,,SPOT,10,67,1498,13482,0.9950304109182614,1756920257,False,,True
0.705607476635514,67,False,0.004969589081738614,0.005,,23.494354000002204,23.494354000002204,0.0,eeg-eye-state,2,,GLVQ,10,67,1498,13482,0.9950304109182614,1756920257,False,,True
0.6508678237650201,67,False,0.004969589081738614,0.005,,0.442973000001075,0.442973000001075,0.0,eeg-eye-state,2,,GNG,10,67,1498,13482,0.9950304109182614,1756920257,False,,True
0.8304405874499332,135,False,0.010013351134846462,0.01,,8.900000102585182e-05,8.900000102585182e-05,0.0,eeg-eye-state,2,,Full,10,13482,1498,13482,0.0,1756920257,True,,False
0.8097463284379173,135,False,0.010013351134846462,0.01,,6.1833009999973,6.1833009999973,0.0,eeg-eye-state,2,,RSP3,10,6681,1498,13482,0.504450378282154,1756920257,True,,False
0.7863818424566088,135,False,0.010013351134846462,0.01,,11.370943000001716,11.370943000001716,0.0,eeg-eye-state,2,,RHC,10,3298,1498,13482,0.7553775404242694,1756920257,True,,False
0.6475300400534045,135,False,0.010013351134846462,0.01,,10.237234000000171,10.237234000000171,0.0,eeg-eye-state,2,,SPINE+1NN,10,135,1498,13482,0.9899866488651535,1756920257,False,"{""admission"": {""criterion"": ""risk"", ""removed_risk"": 5, ""removed_support"": 0}, ""betti_final"": [[2, 0], [5, 0]], ""betti_frozen"": [[2, 0], [5, 0]], ""betti_nerve"": [[1, 0], [1, 0]], ""boundary_restriction"": ""both"", ""forced_removals"": 0, ""growth_representation_fallbacks"": 54, ""invariant_held"": true, ""n_segments"": 128, ""n_train_fit"": 10112, ""n_val"": 3370, ""phase0"": [{""constant_lens"": false, ""gain"": 0.25, ""lens"": ""pc1"", ""lens_scaling"": ""standardize"", ""min_cluster_size"": 50, ""min_samples"": 5, ""n_class"": 5574, ""n_edges"": 8, ""n_intervals"": 9, ""n_vertices"": 9, ""noise_reassigned"": 4402, ""placement"": ""quantile"", ""slabs"": [{""k"": 1, ""n"": 697}, {""k"": 1, ""n"": 774}, {""k"": 1, ""n"": 774}, {""k"": 1, ""n"": 774}, {""k"": 1, ""n"": 774}, {""k"": 1, ""n"": 774}, {""k"": 1, ""n"": 774}, {""k"": 1, ""n"": 774}, {""k"": 1, ""n"": 697}]}, {""constant_lens"": false, ""gain"": 0.25, ""lens"": ""pc1"", ""lens_scaling"": ""standardize"", ""min_cluster_size"": 50, ""min_samples"": 5, ""n_class"": 4538, ""n_edges"": 8, ""n_intervals"": 9, ""n_vertices"": 9, ""noise_reassigned"": 4290, ""placement"": ""quantile"", ""slabs"": [{""k"": 1, ""n"": 568}, {""k"": 1, ""n"": 630}, {""k"": 1, ""n"": 630}, {""k"": 1, ""n"": 630}, {""k"": 1, ""n"": 630}, {""k"": 1, ""n"": 630}, {""k"": 1, ""n"": 630}, {""k"": 1, ""n"": 630}, {""k"": 1, ""n"": 568}]}], ""soundness_bound_holds"": true, ""step_rule"": ""scale_free"", ""topology_retention_nerve_to_frozen"": {""beta0_frozen"": 7, ""beta0_nerve"": 2, ""beta1_frozen"": 0, ""beta1_nerve"": 0}}",True
0.6728971962616822,135,False,0.010013351134846462,0.01,,10.237234000000171,10.237234000000171,0.0,eeg-eye-state,2,,SPINE+Graph,10,135,1498,13482,0.9899866488651535,1756920257,False,"{""admission"": {""criterion"": ""risk"", ""removed_risk"": 5, ""removed_support"": 0}, ""betti_final"": [[2, 0], [5, 0]], ""betti_frozen"": [[2, 0], [5, 0]], ""betti_nerve"": [[1, 0], [1, 0]], ""boundary_restriction"": ""both"", ""forced_removals"": 0, ""growth_representation_fallbacks"": 54, ""invariant_held"": true, ""n_segments"": 128, ""n_train_fit"": 10112, ""n_val"": 3370, ""phase0"": [{""constant_lens"": false, ""gain"": 0.25, ""lens"": ""pc1"", ""lens_scaling"": ""standardize"", ""min_cluster_size"": 50, ""min_samples"": 5, ""n_class"": 5574, ""n_edges"": 8, ""n_intervals"": 9, ""n_vertices"": 9, ""noise_reassigned"": 4402, ""placement"": ""quantile"", ""slabs"": [{""k"": 1, ""n"": 697}, {""k"": 1, ""n"": 774}, {""k"": 1, ""n"": 774}, {""k"": 1, ""n"": 774}, {""k"": 1, ""n"": 774}, {""k"": 1, ""n"": 774}, {""k"": 1, ""n"": 774}, {""k"": 1, ""n"": 774}, {""k"": 1, ""n"": 697}]}, {""constant_lens"": false, ""gain"": 0.25, ""lens"": ""pc1"", ""lens_scaling"": ""standardize"", ""min_cluster_size"": 50, ""min_samples"": 5, ""n_class"": 4538, ""n_edges"": 8, ""n_intervals"": 9, ""n_vertices"": 9, ""noise_reassigned"": 4290, ""placement"": ""quantile"", ""slabs"": [{""k"": 1, ""n"": 568}, {""k"": 1, ""n"": 630}, {""k"": 1, ""n"": 630}, {""k"": 1, ""n"": 630}, {""k"": 1, ""n"": 630}, {""k"": 1, ""n"": 630}, {""k"": 1, ""n"": 630}, {""k"": 1, ""n"": 630}, {""k"": 1, ""n"": 568}]}], ""soundness_bound_holds"": true, ""step_rule"": ""scale_free"", ""topology_retention_nerve_to_frozen"": {""beta0_frozen"": 7, ""beta0_nerve"": 2, ""beta1_frozen"": 0, ""beta1_nerve"": 0}}",True
0.780373831775701,135,False,0.010013351134846462,0.01,,3.8644190000013623,61.115670999999566,57.2512519999982,eeg-eye-state,2,"{""epsilon"": 0.1, ""window"": 0.3}",LVQ3,10,135,1498,13482,0.9899866488651535,1756920257,False,,True
0.7416555407209613,135,False,0.010013351134846462,0.01,"{""0"": 74, ""1"": 61}",6.461580999999569,6.461580999999569,0.0,eeg-eye-state,2,,KMeans,10,135,1498,13482,0.9899866488651535,1756920257,False,,True
0.5847797062750334,135,False,0.010013351134846462,0.01,"{""0"": 74, ""1"": 61}",0.0016030000006139744,0.0016030000006139744,0.0,eeg-eye-state,2,,Random,10,135,1498,13482,0.9899866488651535,1756920257,False,,True
0.644192256341789,135,False,0.010013351134846462,0.01,,4.856747000001633,4.856747000001633,0.0,eeg-eye-state,2,,SPOT,10,135,1498,13482,0.9899866488651535,1756920257,False,,True
0.7323097463284379,135,False,0.010013351134846462,0.01,,43.031371999997646,43.031371999997646,0.0,eeg-eye-state,2,,GLVQ,10,135,1498,13482,0.9899866488651535,1756920257,False,,True
0.6889185580774366,135,False,0.010013351134846462,0.01,,1.3045160000001488,1.3045160000001488,0.0,eeg-eye-state,2,,GNG,10,135,1498,13482,0.9899866488651535,1756920257,False,,True
0.8304405874499332,270,False,0.020026702269692925,0.02,,8.900000102585182e-05,8.900000102585182e-05,0.0,eeg-eye-state,2,,Full,10,13482,1498,13482,0.0,1756920257,True,,False
0.8097463284379173,270,False,0.020026702269692925,0.02,,6.1833009999973,6.1833009999973,0.0,eeg-eye-state,2,,RSP3,10,6681,1498,13482,0.504450378282154,1756920257,True,,False
0.7863818424566088,270,False,0.020026702269692925,0.02,,11.370943000001716,11.370943000001716,0.0,eeg-eye-state,2,,RHC,10,3298,1498,13482,0.7553775404242694,1756920257,True,,False
0.7136181575433912,270,False,0.020026702269692925,0.02,,15.210047999997187,15.210047999997187,0.0,eeg-eye-state,2,,SPINE+1NN,10,270,1498,13482,0.9799732977303071,1756920257,False,"{""admission"": {""criterion"": ""risk"", ""removed_risk"": 5, ""removed_support"": 0}, ""betti_final"": [[2, 0], [5, 0]], ""betti_frozen"": [[2, 0], [5, 0]], ""betti_nerve"": [[1, 0], [1, 0]], ""boundary_restriction"": ""both"", ""forced_removals"": 0, ""growth_representation_fallbacks"": 107, ""invariant_held"": true, ""n_segments"": 263, ""n_train_fit"": 10112, ""n_val"": 3370, ""phase0"": [{""constant_lens"": false, ""gain"": 0.25, ""lens"": ""pc1"", ""lens_scaling"": ""standardize"", ""min_cluster_size"": 50, ""min_samples"": 5, ""n_class"": 5574, ""n_edges"": 8, ""n_intervals"": 9, ""n_vertices"": 9, ""noise_reassigned"": 4402, ""placement"": ""quantile"", ""slabs"": [{""k"": 1, ""n"": 697}, {""k"": 1, ""n"": 774}, {""k"": 1, ""n"": 774}, {""k"": 1, ""n"": 774}, {""k"": 1, ""n"": 774}, {""k"": 1, ""n"": 774}, {""k"": 1, ""n"": 774}, {""k"": 1, ""n"": 774}, {""k"": 1, ""n"": 697}]}, {""constant_lens"": false, ""gain"": 0.25, ""lens"": ""pc1"", ""lens_scaling"": ""standardize"", ""min_cluster_size"": 50, ""min_samples"": 5, ""n_class"": 4538, ""n_edges"": 8, ""n_intervals"": 9, ""n_vertices"": 9, ""noise_reassigned"": 4290, ""placement"": ""quantile"", ""slabs"": [{""k"": 1, ""n"": 568}, {""k"": 1, ""n"": 630}, {""k"": 1, ""n"": 630}, {""k"": 1, ""n"": 630}, {""k"": 1, ""n"": 630}, {""k"": 1, ""n"": 630}, {""k"": 1, ""n"": 630}, {""k"": 1, ""n"": 630}, {""k"": 1, ""n"": 568}]}], ""soundness_bound_holds"": true, ""step_rule"": ""scale_free"", ""topology_retention_nerve_to_frozen"": {""beta0_frozen"": 7, ""beta0_nerve"": 2, ""beta1_frozen"": 0, ""beta1_nerve"": 0}}",True
0.7182910547396528,270,False,0.020026702269692925,0.02,,15.210047999997187,15.210047999997187,0.0,eeg-eye-state,2,,SPINE+Graph,10,270,1498,13482,0.9799732977303071,1756920257,False,"{""admission"": {""criterion"": ""risk"", ""removed_risk"": 5, ""removed_support"": 0}, ""betti_final"": [[2, 0], [5, 0]], ""betti_frozen"": [[2, 0], [5, 0]], ""betti_nerve"": [[1, 0], [1, 0]], ""boundary_restriction"": ""both"", ""forced_removals"": 0, ""growth_representation_fallbacks"": 107, ""invariant_held"": true, ""n_segments"": 263, ""n_train_fit"": 10112, ""n_val"": 3370, ""phase0"": [{""constant_lens"": false, ""gain"": 0.25, ""lens"": ""pc1"", ""lens_scaling"": ""standardize"", ""min_cluster_size"": 50, ""min_samples"": 5, ""n_class"": 5574, ""n_edges"": 8, ""n_intervals"": 9, ""n_vertices"": 9, ""noise_reassigned"": 4402, ""placement"": ""quantile"", ""slabs"": [{""k"": 1, ""n"": 697}, {""k"": 1, ""n"": 774}, {""k"": 1, ""n"": 774}, {""k"": 1, ""n"": 774}, {""k"": 1, ""n"": 774}, {""k"": 1, ""n"": 774}, {""k"": 1, ""n"": 774}, {""k"": 1, ""n"": 774}, {""k"": 1, ""n"": 697}]}, {""constant_lens"": false, ""gain"": 0.25, ""lens"": ""pc1"", ""lens_scaling"": ""standardize"", ""min_cluster_size"": 50, ""min_samples"": 5, ""n_class"": 4538, ""n_edges"": 8, ""n_intervals"": 9, ""n_vertices"": 9, ""noise_reassigned"": 4290, ""placement"": ""quantile"", ""slabs"": [{""k"": 1, ""n"": 568}, {""k"": 1, ""n"": 630}, {""k"": 1, ""n"": 630}, {""k"": 1, ""n"": 630}, {""k"": 1, ""n"": 630}, {""k"": 1, ""n"": 630}, {""k"": 1, ""n"": 630}, {""k"": 1, ""n"": 630}, {""k"": 1, ""n"": 568}]}], ""soundness_bound_holds"": true, ""step_rule"": ""scale_free"", ""topology_retention_nerve_to_frozen"": {""beta0_frozen"": 7, ""beta0_nerve"": 2, ""beta1_frozen"": 0, ""beta1_nerve"": 0}}",True
0.8297730307076101,270,False,0.020026702269692925,0.02,,5.6062459999993735,96.93950000000041,91.33325400000103,eeg-eye-state,2,"{""epsilon"": 0.1, ""window"": 0.2}",LVQ3,10,270,1498,13482,0.9799732977303071,1756920257,False,,True
0.7863818424566088,270,False,0.020026702269692925,0.02,"{""0"": 149, ""1"": 121}",10.635870000001887,10.635870000001887,0.0,eeg-eye-state,2,,KMeans,10,270,1498,13482,0.9799732977303071,1756920257,False,,True
0.6181575433911882,270,False,0.020026702269692925,0.02,"{""0"": 149, ""1"": 121}",0.0016700000014679972,0.0016700000014679972,0.0,eeg-eye-state,2,,Random,10,270,1498,13482,0.9799732977303071,1756920257,False,,True
0.6748998664886515,270,False,0.020026702269692925,0.02,,4.915216000001237,4.915216000001237,0.0,eeg-eye-state,2,,SPOT,10,270,1498,13482,0.9799732977303071,1756920257,False,,True
0.7449933244325768,270,False,0.020026702269692925,0.02,,81.70026100000177,81.70026100000177,0.0,eeg-eye-state,2,,GLVQ,10,270,1498,13482,0.9799732977303071,1756920257,False,,True
0.7176234979973297,270,False,0.020026702269692925,0.02,,4.208454999999958,4.208454999999958,0.0,eeg-eye-state,2,,GNG,10,270,1498,13482,0.9799732977303071,1756920257,False,,True
0.8304405874499332,674,False,0.049992582702863074,0.05,,8.900000102585182e-05,8.900000102585182e-05,0.0,eeg-eye-state,2,,Full,10,13482,1498,13482,0.0,1756920257,True,,False
0.8097463284379173,674,False,0.049992582702863074,0.05,,6.1833009999973,6.1833009999973,0.0,eeg-eye-state,2,,RSP3,10,6681,1498,13482,0.504450378282154,1756920257,True,,False
0.7863818424566088,674,False,0.049992582702863074,0.05,,11.370943000001716,11.370943000001716,0.0,eeg-eye-state,2,,RHC,10,3298,1498,13482,0.7553775404242694,1756920257,True,,False
0.7636849132176236,674,False,0.049992582702863074,0.05,,47.95392599999832,47.95392599999832,0.0,eeg-eye-state,2,,SPINE+1NN,10,674,1498,13482,0.9500074172971369,1756920257,False,"{""admission"": {""criterion"": ""risk"", ""removed_risk"": 5, ""removed_support"": 0}, ""betti_final"": [[2, 0], [5, 0]], ""betti_frozen"": [[2, 0], [5, 0]], ""betti_nerve"": [[1, 0], [1, 0]], ""boundary_restriction"": ""both"", ""forced_removals"": 0, ""growth_representation_fallbacks"": 300, ""invariant_held"": true, ""n_segments"": 667, ""n_train_fit"": 10112, ""n_val"": 3370, ""phase0"": [{""constant_lens"": false, ""gain"": 0.25, ""lens"": ""pc1"", ""lens_scaling"": ""standardize"", ""min_cluster_size"": 50, ""min_samples"": 5, ""n_class"": 5574, ""n_edges"": 8, ""n_intervals"": 9, ""n_vertices"": 9, ""noise_reassigned"": 4402, ""placement"": ""quantile"", ""slabs"": [{""k"": 1, ""n"": 697}, {""k"": 1, ""n"": 774}, {""k"": 1, ""n"": 774}, {""k"": 1, ""n"": 774}, {""k"": 1, ""n"": 774}, {""k"": 1, ""n"": 774}, {""k"": 1, ""n"": 774}, {""k"": 1, ""n"": 774}, {""k"": 1, ""n"": 697}]}, {""constant_lens"": false, ""gain"": 0.25, ""lens"": ""pc1"", ""lens_scaling"": ""standardize"", ""min_cluster_size"": 50, ""min_samples"": 5, ""n_class"": 4538, ""n_edges"": 8, ""n_intervals"": 9, ""n_vertices"": 9, ""noise_reassigned"": 4290, ""placement"": ""quantile"", ""slabs"": [{""k"": 1, ""n"": 568}, {""k"": 1, ""n"": 630}, {""k"": 1, ""n"": 630}, {""k"": 1, ""n"": 630}, {""k"": 1, ""n"": 630}, {""k"": 1, ""n"": 630}, {""k"": 1, ""n"": 630}, {""k"": 1, ""n"": 630}, {""k"": 1, ""n"": 568}]}], ""soundness_bound_holds"": true, ""step_rule"": ""scale_free"", ""topology_retention_nerve_to_frozen"": {""beta0_frozen"": 7, ""beta0_nerve"": 2, ""beta1_frozen"": 0, ""beta1_nerve"": 0}}",True
0.7770360480640854,674,False,0.049992582702863074,0.05,,47.95392599999832,47.95392599999832,0.0,eeg-eye-state,2,,SPINE+Graph,10,674,1498,13482,0.9500074172971369,1756920257,False,"{""admission"": {""criterion"": ""risk"", ""removed_risk"": 5, ""removed_support"": 0}, ""betti_final"": [[2, 0], [5, 0]], ""betti_frozen"": [[2, 0], [5, 0]], ""betti_nerve"": [[1, 0], [1, 0]], ""boundary_restriction"": ""both"", ""forced_removals"": 0, ""growth_representation_fallbacks"": 300, ""invariant_held"": true, ""n_segments"": 667, ""n_train_fit"": 10112, ""n_val"": 3370, ""phase0"": [{""constant_lens"": false, ""gain"": 0.25, ""lens"": ""pc1"", ""lens_scaling"": ""standardize"", ""min_cluster_size"": 50, ""min_samples"": 5, ""n_class"": 5574, ""n_edges"": 8, ""n_intervals"": 9, ""n_vertices"": 9, ""noise_reassigned"": 4402, ""placement"": ""quantile"", ""slabs"": [{""k"": 1, ""n"": 697}, {""k"": 1, ""n"": 774}, {""k"": 1, ""n"": 774}, {""k"": 1, ""n"": 774}, {""k"": 1, ""n"": 774}, {""k"": 1, ""n"": 774}, {""k"": 1, ""n"": 774}, {""k"": 1, ""n"": 774}, {""k"": 1, ""n"": 697}]}, {""constant_lens"": false, ""gain"": 0.25, ""lens"": ""pc1"", ""lens_scaling"": ""standardize"", ""min_cluster_size"": 50, ""min_samples"": 5, ""n_class"": 4538, ""n_edges"": 8, ""n_intervals"": 9, ""n_vertices"": 9, ""noise_reassigned"": 4290, ""placement"": ""quantile"", ""slabs"": [{""k"": 1, ""n"": 568}, {""k"": 1, ""n"": 630}, {""k"": 1, ""n"": 630}, {""k"": 1, ""n"": 630}, {""k"": 1, ""n"": 630}, {""k"": 1, ""n"": 630}, {""k"": 1, ""n"": 630}, {""k"": 1, ""n"": 630}, {""k"": 1, ""n"": 568}]}], ""soundness_bound_holds"": true, ""step_rule"": ""scale_free"", ""topology_retention_nerve_to_frozen"": {""beta0_frozen"": 7, ""beta0_nerve"": 2, ""beta1_frozen"": 0, ""beta1_nerve"": 0}}",True
0.828437917222964,674,False,0.049992582702863074,0.05,,9.343697999996948,166.11975299999904,156.7760550000021,eeg-eye-state,2,"{""epsilon"": 0.1, ""window"": 0.3}",LVQ3,10,674,1498,13482,0.9500074172971369,1756920257,False,,True
0.7837116154873164,674,False,0.049992582702863074,0.05,"{""0"": 371, ""1"": 303}",19.43892400000186,19.43892400000186,0.0,eeg-eye-state,2,,KMeans,10,674,1498,13482,0.9500074172971369,1756920257,False,,True
0.6989319092122831,674,False,0.049992582702863074,0.05,"{""0"": 371, ""1"": 303}",0.0019790000005741604,0.0019790000005741604,0.0,eeg-eye-state,2,,Random,10,674,1498,13482,0.9500074172971369,1756920257,False,,True
0.7423230974632844,674,False,0.049992582702863074,0.05,,5.536305999998149,5.536305999998149,0.0,eeg-eye-state,2,,SPOT,10,674,1498,13482,0.9500074172971369,1756920257,False,,True
0.7376502002670227,674,False,0.049992582702863074,0.05,,197.78466800000024,197.78466800000024,0.0,eeg-eye-state,2,,GLVQ,10,674,1498,13482,0.9500074172971369,1756920257,False,,True
0.7763684913217623,674,False,0.049992582702863074,0.05,,22.67016700000022,22.67016700000022,0.0,eeg-eye-state,2,,GNG,10,674,1498,13482,0.9500074172971369,1756920257,False,,True
0.8304405874499332,1348,False,0.09998516540572615,0.1,,8.900000102585182e-05,8.900000102585182e-05,0.0,eeg-eye-state,2,,Full,10,13482,1498,13482,0.0,1756920257,True,,False
0.8097463284379173,1348,False,0.09998516540572615,0.1,,6.1833009999973,6.1833009999973,0.0,eeg-eye-state,2,,RSP3,10,6681,1498,13482,0.504450378282154,1756920257,True,,False
0.7863818424566088,1348,False,0.09998516540572615,0.1,,11.370943000001716,11.370943000001716,0.0,eeg-eye-state,2,,RHC,10,3298,1498,13482,0.7553775404242694,1756920257,True,,False
0.8057409879839786,1348,False,0.09998516540572615,0.1,,168.1967939999995,168.1967939999995,0.0,eeg-eye-state,2,,SPINE+1NN,10,1348,1498,13482,0.9000148345942739,1756920257,False,"{""admission"": {""criterion"": ""risk"", ""removed_risk"": 5, ""removed_support"": 0}, ""betti_final"": [[2, 0], [5, 0]], ""betti_frozen"": [[2, 0], [5, 0]], ""betti_nerve"": [[1, 0], [1, 0]], ""boundary_restriction"": ""both"", ""forced_removals"": 0, ""growth_representation_fallbacks"": 638, ""invariant_held"": true, ""n_segments"": 1341, ""n_train_fit"": 10112, ""n_val"": 3370, ""phase0"": [{""constant_lens"": false, ""gain"": 0.25, ""lens"": ""pc1"", ""lens_scaling"": ""standardize"", ""min_cluster_size"": 50, ""min_samples"": 5, ""n_class"": 5574, ""n_edges"": 8, ""n_intervals"": 9, ""n_vertices"": 9, ""noise_reassigned"": 4402, ""placement"": ""quantile"", ""slabs"": [{""k"": 1, ""n"": 697}, {""k"": 1, ""n"": 774}, {""k"": 1, ""n"": 774}, {""k"": 1, ""n"": 774}, {""k"": 1, ""n"": 774}, {""k"": 1, ""n"": 774}, {""k"": 1, ""n"": 774}, {""k"": 1, ""n"": 774}, {""k"": 1, ""n"": 697}]}, {""constant_lens"": false, ""gain"": 0.25, ""lens"": ""pc1"", ""lens_scaling"": ""standardize"", ""min_cluster_size"": 50, ""min_samples"": 5, ""n_class"": 4538, ""n_edges"": 8, ""n_intervals"": 9, ""n_vertices"": 9, ""noise_reassigned"": 4290, ""placement"": ""quantile"", ""slabs"": [{""k"": 1, ""n"": 568}, {""k"": 1, ""n"": 630}, {""k"": 1, ""n"": 630}, {""k"": 1, ""n"": 630}, {""k"": 1, ""n"": 630}, {""k"": 1, ""n"": 630}, {""k"": 1, ""n"": 630}, {""k"": 1, ""n"": 630}, {""k"": 1, ""n"": 568}]}], ""soundness_bound_holds"": true, ""step_rule"": ""scale_free"", ""topology_retention_nerve_to_frozen"": {""beta0_frozen"": 7, ""beta0_nerve"": 2, ""beta1_frozen"": 0, ""beta1_nerve"": 0}}",True
0.8110814419225634,1348,False,0.09998516540572615,0.1,,168.1967939999995,168.1967939999995,0.0,eeg-eye-state,2,,SPINE+Graph,10,1348,1498,13482,0.9000148345942739,1756920257,False,"{""admission"": {""criterion"": ""risk"", ""removed_risk"": 5, ""removed_support"": 0}, ""betti_final"": [[2, 0], [5, 0]], ""betti_frozen"": [[2, 0], [5, 0]], ""betti_nerve"": [[1, 0], [1, 0]], ""boundary_restriction"": ""both"", ""forced_removals"": 0, ""growth_representation_fallbacks"": 638, ""invariant_held"": true, ""n_segments"": 1341, ""n_train_fit"": 10112, ""n_val"": 3370, ""phase0"": [{""constant_lens"": false, ""gain"": 0.25, ""lens"": ""pc1"", ""lens_scaling"": ""standardize"", ""min_cluster_size"": 50, ""min_samples"": 5, ""n_class"": 5574, ""n_edges"": 8, ""n_intervals"": 9, ""n_vertices"": 9, ""noise_reassigned"": 4402, ""placement"": ""quantile"", ""slabs"": [{""k"": 1, ""n"": 697}, {""k"": 1, ""n"": 774}, {""k"": 1, ""n"": 774}, {""k"": 1, ""n"": 774}, {""k"": 1, ""n"": 774}, {""k"": 1, ""n"": 774}, {""k"": 1, ""n"": 774}, {""k"": 1, ""n"": 774}, {""k"": 1, ""n"": 697}]}, {""constant_lens"": false, ""gain"": 0.25, ""lens"": ""pc1"", ""lens_scaling"": ""standardize"", ""min_cluster_size"": 50, ""min_samples"": 5, ""n_class"": 4538, ""n_edges"": 8, ""n_intervals"": 9, ""n_vertices"": 9, ""noise_reassigned"": 4290, ""placement"": ""quantile"", ""slabs"": [{""k"": 1, ""n"": 568}, {""k"": 1, ""n"": 630}, {""k"": 1, ""n"": 630}, {""k"": 1, ""n"": 630}, {""k"": 1, ""n"": 630}, {""k"": 1, ""n"": 630}, {""k"": 1, ""n"": 630}, {""k"": 1, ""n"": 630}, {""k"": 1, ""n"": 568}]}], ""soundness_bound_holds"": true, ""step_rule"": ""scale_free"", ""topology_retention_nerve_to_frozen"": {""beta0_frozen"": 7, ""beta0_nerve"": 2, ""beta1_frozen"": 0, ""beta1_nerve"": 0}}",True
0.8230974632843792,1348,False,0.09998516540572615,0.1,,15.775288999997429,266.7396299999964,250.96434099999897,eeg-eye-state,2,"{""epsilon"": 0.1, ""window"": 0.2}",LVQ3,10,1348,1498,13482,0.9000148345942739,1756920257,False,,True
0.8177570093457944,1348,False,0.09998516540572615,0.1,"{""0"": 743, ""1"": 605}",32.198403999998845,32.198403999998845,0.0,eeg-eye-state,2,,KMeans,10,1348,1498,13482,0.9000148345942739,1756920257,False,,True
0.7403204272363151,1348,False,0.09998516540572615,0.1,"{""0"": 743, ""1"": 605}",0.002165999998396728,0.002165999998396728,0.0,eeg-eye-state,2,,Random,10,1348,1498,13482,0.9000148345942739,1756920257,False,,True
0.7596795727636849,1348,False,0.09998516540572615,0.1,,5.960738999998284,5.960738999998284,0.0,eeg-eye-state,2,,SPOT,10,1348,1498,13482,0.9000148345942739,1756920257,False,,True
0.7489986648865153,1348,False,0.09998516540572615,0.1,,389.45915500000046,389.45915500000046,0.0,eeg-eye-state,2,,GLVQ,10,1348,1498,13482,0.9000148345942739,1756920257,False,,True
0.8070761014686249,1348,False,0.09998516540572615,0.1,,97.54954999999973,97.54954999999973,0.0,eeg-eye-state,2,,GNG,10,1348,1498,13482,0.9000148345942739,1756920257,False,,True
0.8304405874499332,3371,False,0.2500370864856846,0.25,,8.900000102585182e-05,8.900000102585182e-05,0.0,eeg-eye-state,2,,Full,10,13482,1498,13482,0.0,1756920257,True,,False
0.8097463284379173,3371,False,0.2500370864856846,0.25,,6.1833009999973,6.1833009999973,0.0,eeg-eye-state,2,,RSP3,10,6681,1498,13482,0.504450378282154,1756920257,True,,False
0.7863818424566088,3371,False,0.2500370864856846,0.25,,11.370943000001716,11.370943000001716,0.0,eeg-eye-state,2,,RHC,10,3298,1498,13482,0.7553775404242694,1756920257,True,,False
0.835113484646195,3371,False,0.2500370864856846,0.25,,1266.6699829999998,1266.6699829999998,0.0,eeg-eye-state,2,,SPINE+1NN,10,3371,1498,13482,0.7499629135143153,1756920257,False,"{""admission"": {""criterion"": ""risk"", ""removed_risk"": 5, ""removed_support"": 0}, ""betti_final"": [[2, 0], [5, 0]], ""betti_frozen"": [[2, 0], [5, 0]], ""betti_nerve"": [[1, 0], [1, 0]], ""boundary_restriction"": ""both"", ""forced_removals"": 0, ""growth_representation_fallbacks"": 2587, ""invariant_held"": true, ""n_segments"": 3364, ""n_train_fit"": 10112, ""n_val"": 3370, ""phase0"": [{""constant_lens"": false, ""gain"": 0.25, ""lens"": ""pc1"", ""lens_scaling"": ""standardize"", ""min_cluster_size"": 50, ""min_samples"": 5, ""n_class"": 5574, ""n_edges"": 8, ""n_intervals"": 9, ""n_vertices"": 9, ""noise_reassigned"": 4402, ""placement"": ""quantile"", ""slabs"": [{""k"": 1, ""n"": 697}, {""k"": 1, ""n"": 774}, {""k"": 1, ""n"": 774}, {""k"": 1, ""n"": 774}, {""k"": 1, ""n"": 774}, {""k"": 1, ""n"": 774}, {""k"": 1, ""n"": 774}, {""k"": 1, ""n"": 774}, {""k"": 1, ""n"": 697}]}, {""constant_lens"": false, ""gain"": 0.25, ""lens"": ""pc1"", ""lens_scaling"": ""standardize"", ""min_cluster_size"": 50, ""min_samples"": 5, ""n_class"": 4538, ""n_edges"": 8, ""n_intervals"": 9, ""n_vertices"": 9, ""noise_reassigned"": 4290, ""placement"": ""quantile"", ""slabs"": [{""k"": 1, ""n"": 568}, {""k"": 1, ""n"": 630}, {""k"": 1, ""n"": 630}, {""k"": 1, ""n"": 630}, {""k"": 1, ""n"": 630}, {""k"": 1, ""n"": 630}, {""k"": 1, ""n"": 630}, {""k"": 1, ""n"": 630}, {""k"": 1, ""n"": 568}]}], ""soundness_bound_holds"": true, ""step_rule"": ""scale_free"", ""topology_retention_nerve_to_frozen"": {""beta0_frozen"": 7, ""beta0_nerve"": 2, ""beta1_frozen"": 0, ""beta1_nerve"": 0}}",True
0.8464619492656876,3371,False,0.2500370864856846,0.25,,1266.6699829999998,1266.6699829999998,0.0,eeg-eye-state,2,,SPINE+Graph,10,3371,1498,13482,0.7499629135143153,1756920257,False,"{""admission"": {""criterion"": ""risk"", ""removed_risk"": 5, ""removed_support"": 0}, ""betti_final"": [[2, 0], [5, 0]], ""betti_frozen"": [[2, 0], [5, 0]], ""betti_nerve"": [[1, 0], [1, 0]], ""boundary_restriction"": ""both"", ""forced_removals"": 0, ""growth_representation_fallbacks"": 2587, ""invariant_held"": true, ""n_segments"": 3364, ""n_train_fit"": 10112, ""n_val"": 3370, ""phase0"": [{""constant_lens"": false, ""gain"": 0.25, ""lens"": ""pc1"", ""lens_scaling"": ""standardize"", ""min_cluster_size"": 50, ""min_samples"": 5, ""n_class"": 5574, ""n_edges"": 8, ""n_intervals"": 9, ""n_vertices"": 9, ""noise_reassigned"": 4402, ""placement"": ""quantile"", ""slabs"": [{""k"": 1, ""n"": 697}, {""k"": 1, ""n"": 774}, {""k"": 1, ""n"": 774}, {""k"": 1, ""n"": 774}, {""k"": 1, ""n"": 774}, {""k"": 1, ""n"": 774}, {""k"": 1, ""n"": 774}, {""k"": 1, ""n"": 774}, {""k"": 1, ""n"": 697}]}, {""constant_lens"": false, ""gain"": 0.25, ""lens"": ""pc1"", ""lens_scaling"": ""standardize"", ""min_cluster_size"": 50, ""min_samples"": 5, ""n_class"": 4538, ""n_edges"": 8, ""n_intervals"": 9, ""n_vertices"": 9, ""noise_reassigned"": 4290, ""placement"": ""quantile"", ""slabs"": [{""k"": 1, ""n"": 568}, {""k"": 1, ""n"": 630}, {""k"": 1, ""n"": 630}, {""k"": 1, ""n"": 630}, {""k"": 1, ""n"": 630}, {""k"": 1, ""n"": 630}, {""k"": 1, ""n"": 630}, {""k"": 1, ""n"": 630}, {""k"": 1, ""n"": 568}]}], ""soundness_bound_holds"": true, ""step_rule"": ""scale_free"", ""topology_retention_nerve_to_frozen"": {""beta0_frozen"": 7, ""beta0_nerve"": 2, ""beta1_frozen"": 0, ""beta1_nerve"": 0}}",True
0.8244325767690254,3371,False,0.2500370864856846,0.25,,42.1121149999999,713.3468390000016,671.2347240000017,eeg-eye-state,2,"{""epsilon"": 0.3, ""window"": 0.3}",LVQ3,10,3371,1498,13482,0.7499629135143153,1756920257,False,,True
0.8164218958611482,3371,False,0.2500370864856846,0.25,"{""0"": 1858, ""1"": 1513}",46.99521900000036,46.99521900000036,0.0,eeg-eye-state,2,,KMeans,10,3371,1498,13482,0.7499629135143153,1756920257,False,,True
0.780373831775701,3371,False,0.2500370864856846,0.25,"{""0"": 1858, ""1"": 1513}",0.002983999998832587,0.002983999998832587,0.0,eeg-eye-state,2,,Random,10,3371,1498,13482,0.7499629135143153,1756920257,False,,True
0.7963951935914553,3371,False,0.2500370864856846,0.25,,5.293233000000328,5.293233000000328,0.0,eeg-eye-state,2,,SPOT,10,3371,1498,13482,0.7499629135143153,1756920257,False,,True
0.7463284379172229,3371,False,0.2500370864856846,0.25,,965.773083,965.773083,0.0,eeg-eye-state,2,,GLVQ,10,3371,1498,13482,0.7499629135143153,1756920257,False,,True
0.8257676902536716,3371,False,0.2500370864856846,0.25,,550.0247720000007,550.0247720000007,0.0,eeg-eye-state,2,,GNG,10,3371,1498,13482,0.7499629135143153,1756920257,False,,True
0.8251001335113485,67,False,0.004969589081738614,0.005,,0.00013799999942420982,0.00013799999942420982,0.0,eeg-eye-state,3,,Full,10,13482,1498,13482,0.0,1757920260,False,,False
0.8117489986648865,67,False,0.004969589081738614,0.005,,6.278929000000062,6.278929000000062,0.0,eeg-eye-state,3,,RSP3,10,6654,1498,13482,0.5064530485091232,1757920260,False,,False
0.7790387182910548,67,False,0.004969589081738614,0.005,,11.462889999998879,11.462889999998879,0.0,eeg-eye-state,3,,RHC,10,3337,1498,13482,0.7524847945408693,1757920260,False,,False
0.630173564753004,67,False,0.004969589081738614,0.005,,10.414198999998916,10.414198999998916,0.0,eeg-eye-state,3,,SPINE+1NN,10,67,1498,13482,0.9950304109182614,1757920260,False,"{""admission"": {""criterion"": ""risk"", ""removed_risk"": 4, ""removed_support"": 0}, ""betti_final"": [[2, 0], [4, 0]], ""betti_frozen"": [[2, 0], [4, 0]], ""betti_nerve"": [[1, 0], [1, 0]], ""boundary_restriction"": ""both"", ""forced_removals"": 0, ""growth_representation_fallbacks"": 18, ""invariant_held"": true, ""n_segments"": 61, ""n_train_fit"": 10112, ""n_val"": 3370, ""phase0"": [{""constant_lens"": false, ""gain"": 0.25, ""lens"": ""pc1"", ""lens_scaling"": ""standardize"", ""min_cluster_size"": 50, ""min_samples"": 5, ""n_class"": 5574, ""n_edges"": 8, ""n_intervals"": 9, ""n_vertices"": 9, ""noise_reassigned"": 6349, ""placement"": ""quantile"", ""slabs"": [{""k"": 1, ""n"": 697}, {""k"": 1, ""n"": 774}, {""k"": 1, ""n"": 774}, {""k"": 1, ""n"": 774}, {""k"": 1, ""n"": 774}, {""k"": 1, ""n"": 774}, {""k"": 1, ""n"": 774}, {""k"": 1, ""n"": 774}, {""k"": 1, ""n"": 697}]}, {""constant_lens"": false, ""gain"": 0.25, ""lens"": ""pc1"", ""lens_scaling"": ""standardize"", ""min_cluster_size"": 50, ""min_samples"": 5, ""n_class"": 4538, ""n_edges"": 8, ""n_intervals"": 9, ""n_vertices"": 9, ""noise_reassigned"": 4453, ""placement"": ""quantile"", ""slabs"": [{""k"": 1, ""n"": 568}, {""k"": 1, ""n"": 630}, {""k"": 1, ""n"": 630}, {""k"": 1, ""n"": 630}, {""k"": 1, ""n"": 630}, {""k"": 1, ""n"": 630}, {""k"": 1, ""n"": 630}, {""k"": 1, ""n"": 630}, {""k"": 1, ""n"": 568}]}], ""soundness_bound_holds"": true, ""step_rule"": ""scale_free"", ""topology_retention_nerve_to_frozen"": {""beta0_frozen"": 6, ""beta0_nerve"": 2, ""beta1_frozen"": 0, ""beta1_nerve"": 0}}",True
0.6401869158878505,67,False,0.004969589081738614,0.005,,10.414198999998916,10.414198999998916,0.0,eeg-eye-state,3,,SPINE+Graph,10,67,1498,13482,0.9950304109182614,1757920260,False,"{""admission"": {""criterion"": ""risk"", ""removed_risk"": 4, ""removed_support"": 0}, ""betti_final"": [[2, 0], [4, 0]], ""betti_frozen"": [[2, 0], [4, 0]], ""betti_nerve"": [[1, 0], [1, 0]], ""boundary_restriction"": ""both"", ""forced_removals"": 0, ""growth_representation_fallbacks"": 18, ""invariant_held"": true, ""n_segments"": 61, ""n_train_fit"": 10112, ""n_val"": 3370, ""phase0"": [{""constant_lens"": false, ""gain"": 0.25, ""lens"": ""pc1"", ""lens_scaling"": ""standardize"", ""min_cluster_size"": 50, ""min_samples"": 5, ""n_class"": 5574, ""n_edges"": 8, ""n_intervals"": 9, ""n_vertices"": 9, ""noise_reassigned"": 6349, ""placement"": ""quantile"", ""slabs"": [{""k"": 1, ""n"": 697}, {""k"": 1, ""n"": 774}, {""k"": 1, ""n"": 774}, {""k"": 1, ""n"": 774}, {""k"": 1, ""n"": 774}, {""k"": 1, ""n"": 774}, {""k"": 1, ""n"": 774}, {""k"": 1, ""n"": 774}, {""k"": 1, ""n"": 697}]}, {""constant_lens"": false, ""gain"": 0.25, ""lens"": ""pc1"", ""lens_scaling"": ""standardize"", ""min_cluster_size"": 50, ""min_samples"": 5, ""n_class"": 4538, ""n_edges"": 8, ""n_intervals"": 9, ""n_vertices"": 9, ""noise_reassigned"": 4453, ""placement"": ""quantile"", ""slabs"": [{""k"": 1, ""n"": 568}, {""k"": 1, ""n"": 630}, {""k"": 1, ""n"": 630}, {""k"": 1, ""n"": 630}, {""k"": 1, ""n"": 630}, {""k"": 1, ""n"": 630}, {""k"": 1, ""n"": 630}, {""k"": 1, ""n"": 630}, {""k"": 1, ""n"": 568}]}], ""soundness_bound_holds"": true, ""step_rule"": ""scale_free"", ""topology_retention_nerve_to_frozen"": {""beta0_frozen"": 6, ""beta0_nerve"": 2, ""beta1_frozen"": 0, ""beta1_nerve"": 0}}",True
0.7656875834445928,67,False,0.004969589081738614,0.005,,2.912011000000348,49.297529999999824,46.385518999999476,eeg-eye-state,3,"{""epsilon"": 0.1, ""window"": 0.2}",LVQ3,10,67,1498,13482,0.9950304109182614,1757920260,False,,True
0.705607476635514,67,False,0.004969589081738614,0.005,"{""0"": 37, ""1"": 30}",3.790106000000378,3.790106000000378,0.0,eeg-eye-state,3,,KMeans,10,67,1498,13482,0.9950304109182614,1757920260,False,,True
0.5647530040053405,67,False,0.004969589081738614,0.005,"{""0"": 37, ""1"": 30}",0.0016170000017154962,0.0016170000017154962,0.0,eeg-eye-state,3,,Random,10,67,1498,13482,0.9950304109182614,1757920260,False,,True
0.6248331108144193,67,False,0.004969589081738614,0.005,,4.255731000001106,4.255731000001106,0.0,eeg-eye-state,3,,SPOT,10,67,1498,13482,0.9950304109182614,1757920260,False,,True
0.705607476635514,67,False,0.004969589081738614,0.005,,23.494541000000027,23.494541000000027,0.0,eeg-eye-state,3,,GLVQ,10,67,1498,13482,0.9950304109182614,1757920260,False,,True
0.6281708945260347,67,False,0.004969589081738614,0.005,,0.43793899999946007,0.43793899999946007,0.0,eeg-eye-state,3,,GNG,10,67,1498,13482,0.9950304109182614,1757920260,False,,True
0.8251001335113485,135,False,0.010013351134846462,0.01,,0.00013799999942420982,0.00013799999942420982,0.0,eeg-eye-state,3,,Full,10,13482,1498,13482,0.0,1757920260,True,,False
0.8117489986648865,135,False,0.010013351134846462,0.01,,6.278929000000062,6.278929000000062,0.0,eeg-eye-state,3,,RSP3,10,6654,1498,13482,0.5064530485091232,1757920260,True,,False
0.7790387182910548,135,False,0.010013351134846462,0.01,,11.462889999998879,11.462889999998879,0.0,eeg-eye-state,3,,RHC,10,3337,1498,13482,0.7524847945408693,1757920260,True,,False
0.6735647530040053,135,False,0.010013351134846462,0.01,,10.594853000002331,10.594853000002331,0.0,eeg-eye-state,3,,SPINE+1NN,10,135,1498,13482,0.9899866488651535,1757920260,False,"{""admission"": {""criterion"": ""risk"", ""removed_risk"": 4, ""removed_support"": 0}, ""betti_final"": [[2, 0], [4, 0]], ""betti_frozen"": [[2, 0], [4, 0]], ""betti_nerve"": [[1, 0], [1, 0]], ""boundary_restriction"": ""both"", ""forced_removals"": 0, ""growth_representation_fallbacks"": 46, ""invariant_held"": true, ""n_segments"": 129, ""n_train_fit"": 10112, ""n_val"": 3370, ""phase0"": [{""constant_lens"": false, ""gain"": 0.25, ""lens"": ""pc1"", ""lens_scaling"": ""standardize"", ""min_cluster_size"": 50, ""min_samples"": 5, ""n_class"": 5574, ""n_edges"": 8, ""n_intervals"": 9, ""n_vertices"": 9, ""noise_reassigned"": 6349, ""placement"": ""quantile"", ""slabs"": [{""k"": 1, ""n"": 697}, {""k"": 1, ""n"": 774}, {""k"": 1, ""n"": 774}, {""k"": 1, ""n"": 774}, {""k"": 1, ""n"": 774}, {""k"": 1, ""n"": 774}, {""k"": 1, ""n"": 774}, {""k"": 1, ""n"": 774}, {""k"": 1, ""n"": 697}]}, {""constant_lens"": false, ""gain"": 0.25, ""lens"": ""pc1"", ""lens_scaling"": ""standardize"", ""min_cluster_size"": 50, ""min_samples"": 5, ""n_class"": 4538, ""n_edges"": 8, ""n_intervals"": 9, ""n_vertices"": 9, ""noise_reassigned"": 4453, ""placement"": ""quantile"", ""slabs"": [{""k"": 1, ""n"": 568}, {""k"": 1, ""n"": 630}, {""k"": 1, ""n"": 630}, {""k"": 1, ""n"": 630}, {""k"": 1, ""n"": 630}, {""k"": 1, ""n"": 630}, {""k"": 1, ""n"": 630}, {""k"": 1, ""n"": 630}, {""k"": 1, ""n"": 568}]}], ""soundness_bound_holds"": true, ""step_rule"": ""scale_free"", ""topology_retention_nerve_to_frozen"": {""beta0_frozen"": 6, ""beta0_nerve"": 2, ""beta1_frozen"": 0, ""beta1_nerve"": 0}}",True
0.678237650200267,135,False,0.010013351134846462,0.01,,10.594853000002331,10.594853000002331,0.0,eeg-eye-state,3,,SPINE+Graph,10,135,1498,13482,0.9899866488651535,1757920260,False,"{""admission"": {""criterion"": ""risk"", ""removed_risk"": 4, ""removed_support"": 0}, ""betti_final"": [[2, 0], [4, 0]], ""betti_frozen"": [[2, 0], [4, 0]], ""betti_nerve"": [[1, 0], [1, 0]], ""boundary_restriction"": ""both"", ""forced_removals"": 0, ""growth_representation_fallbacks"": 46, ""invariant_held"": true, ""n_segments"": 129, ""n_train_fit"": 10112, ""n_val"": 3370, ""phase0"": [{""constant_lens"": false, ""gain"": 0.25, ""lens"": ""pc1"", ""lens_scaling"": ""standardize"", ""min_cluster_size"": 50, ""min_samples"": 5, ""n_class"": 5574, ""n_edges"": 8, ""n_intervals"": 9, ""n_vertices"": 9, ""noise_reassigned"": 6349, ""placement"": ""quantile"", ""slabs"": [{""k"": 1, ""n"": 697}, {""k"": 1, ""n"": 774}, {""k"": 1, ""n"": 774}, {""k"": 1, ""n"": 774}, {""k"": 1, ""n"": 774}, {""k"": 1, ""n"": 774}, {""k"": 1, ""n"": 774}, {""k"": 1, ""n"": 774}, {""k"": 1, ""n"": 697}]}, {""constant_lens"": false, ""gain"": 0.25, ""lens"": ""pc1"", ""lens_scaling"": ""standardize"", ""min_cluster_size"": 50, ""min_samples"": 5, ""n_class"": 4538, ""n_edges"": 8, ""n_intervals"": 9, ""n_vertices"": 9, ""noise_reassigned"": 4453, ""placement"": ""quantile"", ""slabs"": [{""k"": 1, ""n"": 568}, {""k"": 1, ""n"": 630}, {""k"": 1, ""n"": 630}, {""k"": 1, ""n"": 630}, {""k"": 1, ""n"": 630}, {""k"": 1, ""n"": 630}, {""k"": 1, ""n"": 630}, {""k"": 1, ""n"": 630}, {""k"": 1, ""n"": 568}]}], ""soundness_bound_holds"": true, ""step_rule"": ""scale_free"", ""topology_retention_nerve_to_frozen"": {""beta0_frozen"": 6, ""beta0_nerve"": 2, ""beta1_frozen"": 0, ""beta1_nerve"": 0}}",True
0.7910547396528705,135,False,0.010013351134846462,0.01,,3.403395000001183,62.453527000001486,59.0501320000003,eeg-eye-state,3,"{""epsilon"": 0.1, ""window"": 0.2}",LVQ3,10,135,1498,13482,0.9899866488651535,1757920260,False,,True
0.7276368491321762,135,False,0.010013351134846462,0.01,"{""0"": 74, ""1"": 61}",7.6989889999968,7.6989889999968,0.0,eeg-eye-state,3,,KMeans,10,135,1498,13482,0.9899866488651535,1757920260,False,,True
0.595460614152203,135,False,0.010013351134846462,0.01,"{""0"": 74, ""1"": 61}",0.001529999997728737,0.001529999997728737,0.0,eeg-eye-state,3,,Random,10,135,1498,13482,0.9899866488651535,1757920260,False,,True
0.6628838451268357,135,False,0.010013351134846462,0.01,,4.000056999997469,4.000056999997469,0.0,eeg-eye-state,3,,SPOT,10,135,1498,13482,0.9899866488651535,1757920260,False,,True
0.7263017356475301,135,False,0.010013351134846462,0.01,,43.0982780000013,43.0982780000013,0.0,eeg-eye-state,3,,GLVQ,10,135,1498,13482,0.9899866488651535,1757920260,False,,True
0.6742323097463284,135,False,0.010013351134846462,0.01,,1.2836170000009588,1.2836170000009588,0.0,eeg-eye-state,3,,GNG,10,135,1498,13482,0.9899866488651535,1757920260,False,,True
0.8251001335113485,270,False,0.020026702269692925,0.02,,0.00013799999942420982,0.00013799999942420982,0.0,eeg-eye-state,3,,Full,10,13482,1498,13482,0.0,1757920260,True,,False
0.8117489986648865,270,False,0.020026702269692925,0.02,,6.278929000000062,6.278929000000062,0.0,eeg-eye-state,3,,RSP3,10,6654,1498,13482,0.5064530485091232,1757920260,True,,False
0.7790387182910548,270,False,0.020026702269692925,0.02,,11.462889999998879,11.462889999998879,0.0,eeg-eye-state,3,,RHC,10,3337,1498,13482,0.7524847945408693,1757920260,True,,False
0.705607476635514,270,False,0.020026702269692925,0.02,,15.36190500000157,15.36190500000157,0.0,eeg-eye-state,3,,SPINE+1NN,10,270,1498,13482,0.9799732977303071,1757920260,False,"{""admission"": {""criterion"": ""risk"", ""removed_risk"": 4, ""removed_support"": 0}, ""betti_final"": [[2, 0], [4, 0]], ""betti_frozen"": [[2, 0], [4, 0]], ""betti_nerve"": [[1, 0], [1, 0]], ""boundary_restriction"": ""both"", ""forced_removals"": 0, ""growth_representation_fallbacks"": 100, ""invariant_held"": true, ""n_segments"": 264, ""n_train_fit"": 10112, ""n_val"": 3370, ""phase0"": [{""constant_lens"": false, ""gain"": 0.25, ""lens"": ""pc1"", ""lens_scaling"": ""standardize"", ""min_cluster_size"": 50, ""min_samples"": 5, ""n_class"": 5574, ""n_edges"": 8, ""n_intervals"": 9, ""n_vertices"": 9, ""noise_reassigned"": 6349, ""placement"": ""quantile"", ""slabs"": [{""k"": 1, ""n"": 697}, {""k"": 1, ""n"": 774}, {""k"": 1, ""n"": 774}, {""k"": 1, ""n"": 774}, {""k"": 1, ""n"": 774}, {""k"": 1, ""n"": 774}, {""k"": 1, ""n"": 774}, {""k"": 1, ""n"": 774}, {""k"": 1, ""n"": 697}]}, {""constant_lens"": false, ""gain"": 0.25, ""lens"": ""pc1"", ""lens_scaling"": ""standardize"", ""min_cluster_size"": 50, ""min_samples"": 5, ""n_class"": 4538, ""n_edges"": 8, ""n_intervals"": 9, ""n_vertices"": 9, ""noise_reassigned"": 4453, ""placement"": ""quantile"", ""slabs"": [{""k"": 1, ""n"": 568}, {""k"": 1, ""n"": 630}, {""k"": 1, ""n"": 630}, {""k"": 1, ""n"": 630}, {""k"": 1, ""n"": 630}, {""k"": 1, ""n"": 630}, {""k"": 1, ""n"": 630}, {""k"": 1, ""n"": 630}, {""k"": 1, ""n"": 568}]}], ""soundness_bound_holds"": true, ""step_rule"": ""scale_free"", ""topology_retention_nerve_to_frozen"": {""beta0_frozen"": 6, ""beta0_nerve"": 2, ""beta1_frozen"": 0, ""beta1_nerve"": 0}}",True
0.7283044058744993,270,False,0.020026702269692925,0.02,,15.36190500000157,15.36190500000157,0.0,eeg-eye-state,3,,SPINE+Graph,10,270,1498,13482,0.9799732977303071,1757920260,False,"{""admission"": {""criterion"": ""risk"", ""removed_risk"": 4, ""removed_support"": 0}, ""betti_final"": [[2, 0], [4, 0]], ""betti_frozen"": [[2, 0], [4, 0]], ""betti_nerve"": [[1, 0], [1, 0]], ""boundary_restriction"": ""both"", ""forced_removals"": 0, ""growth_representation_fallbacks"": 100, ""invariant_held"": true, ""n_segments"": 264, ""n_train_fit"": 10112, ""n_val"": 3370, ""phase0"": [{""constant_lens"": false, ""gain"": 0.25, ""lens"": ""pc1"", ""lens_scaling"": ""standardize"", ""min_cluster_size"": 50, ""min_samples"": 5, ""n_class"": 5574, ""n_edges"": 8, ""n_intervals"": 9, ""n_vertices"": 9, ""noise_reassigned"": 6349, ""placement"": ""quantile"", ""slabs"": [{""k"": 1, ""n"": 697}, {""k"": 1, ""n"": 774}, {""k"": 1, ""n"": 774}, {""k"": 1, ""n"": 774}, {""k"": 1, ""n"": 774}, {""k"": 1, ""n"": 774}, {""k"": 1, ""n"": 774}, {""k"": 1, ""n"": 774}, {""k"": 1, ""n"": 697}]}, {""constant_lens"": false, ""gain"": 0.25, ""lens"": ""pc1"", ""lens_scaling"": ""standardize"", ""min_cluster_size"": 50, ""min_samples"": 5, ""n_class"": 4538, ""n_edges"": 8, ""n_intervals"": 9, ""n_vertices"": 9, ""noise_reassigned"": 4453, ""placement"": ""quantile"", ""slabs"": [{""k"": 1, ""n"": 568}, {""k"": 1, ""n"": 630}, {""k"": 1, ""n"": 630}, {""k"": 1, ""n"": 630}, {""k"": 1, ""n"": 630}, {""k"": 1, ""n"": 630}, {""k"": 1, ""n"": 630}, {""k"": 1, ""n"": 630}, {""k"": 1, ""n"": 568}]}], ""soundness_bound_holds"": true, ""step_rule"": ""scale_free"", ""topology_retention_nerve_to_frozen"": {""beta0_frozen"": 6, ""beta0_nerve"": 2, ""beta1_frozen"": 0, ""beta1_nerve"": 0}}",True
0.8070761014686249,270,False,0.020026702269692925,0.02,,5.820822000001499,99.32493800000157,93.50411600000007,eeg-eye-state,3,"{""epsilon"": 0.1, ""window"": 0.2}",LVQ3,10,270,1498,13482,0.9799732977303071,1757920260,False,,True
0.7636849132176236,270,False,0.020026702269692925,0.02,"{""0"": 149, ""1"": 121}",12.876477999998315,12.876477999998315,0.0,eeg-eye-state,3,,KMeans,10,270,1498,13482,0.9799732977303071,1757920260,False,,True
0.6388518024032043,270,False,0.020026702269692925,0.02,"{""0"": 149, ""1"": 121}",0.0037789999987580813,0.0037789999987580813,0.0,eeg-eye-state,3,,Random,10,270,1498,13482,0.9799732977303071,1757920260,False,,True
0.7149532710280374,270,False,0.020026702269692925,0.02,,4.93314399999872,4.93314399999872,0.0,eeg-eye-state,3,,SPOT,10,270,1498,13482,0.9799732977303071,1757920260,False,,True
0.739652870493992,270,False,0.020026702269692925,0.02,,81.17363100000148,81.17363100000148,0.0,eeg-eye-state,3,,GLVQ,10,270,1498,13482,0.9799732977303071,1757920260,False,,True
0.7222963951935915,270,False,0.020026702269692925,0.02,,4.196893000000273,4.196893000000273,0.0,eeg-eye-state,3,,GNG,10,270,1498,13482,0.9799732977303071,1757920260,False,,True
0.8251001335113485,674,False,0.049992582702863074,0.05,,0.00013799999942420982,0.00013799999942420982,0.0,eeg-eye-state,3,,Full,10,13482,1498,13482,0.0,1757920260,True,,False
0.8117489986648865,674,False,0.049992582702863074,0.05,,6.278929000000062,6.278929000000062,0.0,eeg-eye-state,3,,RSP3,10,6654,1498,13482,0.5064530485091232,1757920260,True,,False
0.7790387182910548,674,False,0.049992582702863074,0.05,,11.462889999998879,11.462889999998879,0.0,eeg-eye-state,3,,RHC,10,3337,1498,13482,0.7524847945408693,1757920260,True,,False
0.7656875834445928,674,False,0.049992582702863074,0.05,,47.56694300000163,47.56694300000163,0.0,eeg-eye-state,3,,SPINE+1NN,10,674,1498,13482,0.9500074172971369,1757920260,False,"{""admission"": {""criterion"": ""risk"", ""removed_risk"": 4, ""removed_support"": 0}, ""betti_final"": [[2, 0], [4, 0]], ""betti_frozen"": [[2, 0], [4, 0]], ""betti_nerve"": [[1, 0], [1, 0]], ""boundary_restriction"": ""both"", ""forced_removals"": 0, ""growth_representation_fallbacks"": 287, ""invariant_held"": true, ""n_segments"": 668, ""n_train_fit"": 10112, ""n_val"": 3370, ""phase0"": [{""constant_lens"": false, ""gain"": 0.25, ""lens"": ""pc1"", ""lens_scaling"": ""standardize"", ""min_cluster_size"": 50, ""min_samples"": 5, ""n_class"": 5574, ""n_edges"": 8, ""n_intervals"": 9, ""n_vertices"": 9, ""noise_reassigned"": 6349, ""placement"": ""quantile"", ""slabs"": [{""k"": 1, ""n"": 697}, {""k"": 1, ""n"": 774}, {""k"": 1, ""n"": 774}, {""k"": 1, ""n"": 774}, {""k"": 1, ""n"": 774}, {""k"": 1, ""n"": 774}, {""k"": 1, ""n"": 774}, {""k"": 1, ""n"": 774}, {""k"": 1, ""n"": 697}]}, {""constant_lens"": false, ""gain"": 0.25, ""lens"": ""pc1"", ""lens_scaling"": ""standardize"", ""min_cluster_size"": 50, ""min_samples"": 5, ""n_class"": 4538, ""n_edges"": 8, ""n_intervals"": 9, ""n_vertices"": 9, ""noise_reassigned"": 4453, ""placement"": ""quantile"", ""slabs"": [{""k"": 1, ""n"": 568}, {""k"": 1, ""n"": 630}, {""k"": 1, ""n"": 630}, {""k"": 1, ""n"": 630}, {""k"": 1, ""n"": 630}, {""k"": 1, ""n"": 630}, {""k"": 1, ""n"": 630}, {""k"": 1, ""n"": 630}, {""k"": 1, ""n"": 568}]}], ""soundness_bound_holds"": true, ""step_rule"": ""scale_free"", ""topology_retention_nerve_to_frozen"": {""beta0_frozen"": 6, ""beta0_nerve"": 2, ""beta1_frozen"": 0, ""beta1_nerve"": 0}}",True
0.7757009345794392,674,False,0.049992582702863074,0.05,,47.56694300000163,47.56694300000163,0.0,eeg-eye-state,3,,SPINE+Graph,10,674,1498,13482,0.9500074172971369,1757920260,False,"{""admission"": {""criterion"": ""risk"", ""removed_risk"": 4, ""removed_support"": 0}, ""betti_final"": [[2, 0], [4, 0]], ""betti_frozen"": [[2, 0], [4, 0]], ""betti_nerve"": [[1, 0], [1, 0]], ""boundary_restriction"": ""both"", ""forced_removals"": 0, ""growth_representation_fallbacks"": 287, ""invariant_held"": true, ""n_segments"": 668, ""n_train_fit"": 10112, ""n_val"": 3370, ""phase0"": [{""constant_lens"": false, ""gain"": 0.25, ""lens"": ""pc1"", ""lens_scaling"": ""standardize"", ""min_cluster_size"": 50, ""min_samples"": 5, ""n_class"": 5574, ""n_edges"": 8, ""n_intervals"": 9, ""n_vertices"": 9, ""noise_reassigned"": 6349, ""placement"": ""quantile"", ""slabs"": [{""k"": 1, ""n"": 697}, {""k"": 1, ""n"": 774}, {""k"": 1, ""n"": 774}, {""k"": 1, ""n"": 774}, {""k"": 1, ""n"": 774}, {""k"": 1, ""n"": 774}, {""k"": 1, ""n"": 774}, {""k"": 1, ""n"": 774}, {""k"": 1, ""n"": 697}]}, {""constant_lens"": false, ""gain"": 0.25, ""lens"": ""pc1"", ""lens_scaling"": ""standardize"", ""min_cluster_size"": 50, ""min_samples"": 5, ""n_class"": 4538, ""n_edges"": 8, ""n_intervals"": 9, ""n_vertices"": 9, ""noise_reassigned"": 4453, ""placement"": ""quantile"", ""slabs"": [{""k"": 1, ""n"": 568}, {""k"": 1, ""n"": 630}, {""k"": 1, ""n"": 630}, {""k"": 1, ""n"": 630}, {""k"": 1, ""n"": 630}, {""k"": 1, ""n"": 630}, {""k"": 1, ""n"": 630}, {""k"": 1, ""n"": 630}, {""k"": 1, ""n"": 568}]}], ""soundness_bound_holds"": true, ""step_rule"": ""scale_free"", ""topology_retention_nerve_to_frozen"": {""beta0_frozen"": 6, ""beta0_nerve"": 2, ""beta1_frozen"": 0, ""beta1_nerve"": 0}}",True
0.8297730307076101,674,False,0.049992582702863074,0.05,,9.2585259999978,152.7337719999996,143.4752460000018,eeg-eye-state,3,"{""epsilon"": 0.1, ""window"": 0.2}",LVQ3,10,674,1498,13482,0.9500074172971369,1757920260,False,,True
0.7963951935914553,674,False,0.049992582702863074,0.05,"{""0"": 371, ""1"": 303}",20.75572100000136,20.75572100000136,0.0,eeg-eye-state,3,,KMeans,10,674,1498,13482,0.9500074172971369,1757920260,False,,True
0.7189586114819759,674,False,0.049992582702863074,0.05,"{""0"": 371, ""1"": 303}",0.0019959999990533106,0.0019959999990533106,0.0,eeg-eye-state,3,,Random,10,674,1498,13482,0.9500074172971369,1757920260,False,,True
0.7269692923898531,674,False,0.049992582702863074,0.05,,5.339013000000705,5.339013000000705,0.0,eeg-eye-state,3,,SPOT,10,674,1498,13482,0.9500074172971369,1757920260,False,,True
0.7523364485981309,674,False,0.049992582702863074,0.05,,196.0248320000028,196.0248320000028,0.0,eeg-eye-state,3,,GLVQ,10,674,1498,13482,0.9500074172971369,1757920260,False,,True
0.7616822429906542,674,False,0.049992582702863074,0.05,,23.070624999996653,23.070624999996653,0.0,eeg-eye-state,3,,GNG,10,674,1498,13482,0.9500074172971369,1757920260,False,,True
0.8251001335113485,1348,False,0.09998516540572615,0.1,,0.00013799999942420982,0.00013799999942420982,0.0,eeg-eye-state,3,,Full,10,13482,1498,13482,0.0,1757920260,True,,False
0.8117489986648865,1348,False,0.09998516540572615,0.1,,6.278929000000062,6.278929000000062,0.0,eeg-eye-state,3,,RSP3,10,6654,1498,13482,0.5064530485091232,1757920260,True,,False
0.7790387182910548,1348,False,0.09998516540572615,0.1,,11.462889999998879,11.462889999998879,0.0,eeg-eye-state,3,,RHC,10,3337,1498,13482,0.7524847945408693,1757920260,True,,False
0.8164218958611482,1348,False,0.09998516540572615,0.1,,167.79513600000064,167.79513600000064,0.0,eeg-eye-state,3,,SPINE+1NN,10,1348,1498,13482,0.9000148345942739,1757920260,False,"{""admission"": {""criterion"": ""risk"", ""removed_risk"": 4, ""removed_support"": 0}, ""betti_final"": [[2, 0], [4, 0]], ""betti_frozen"": [[2, 0], [4, 0]], ""betti_nerve"": [[1, 0], [1, 0]], ""boundary_restriction"": ""both"", ""forced_removals"": 0, ""growth_representation_fallbacks"": 625, ""invariant_held"": true, ""n_segments"": 1342, ""n_train_fit"": 10112, ""n_val"": 3370, ""phase0"": [{""constant_lens"": false, ""gain"": 0.25, ""lens"": ""pc1"", ""lens_scaling"": ""standardize"", ""min_cluster_size"": 50, ""min_samples"": 5, ""n_class"": 5574, ""n_edges"": 8, ""n_intervals"": 9, ""n_vertices"": 9, ""noise_reassigned"": 6349, ""placement"": ""quantile"", ""slabs"": [{""k"": 1, ""n"": 697}, {""k"": 1, ""n"": 774}, {""k"": 1, ""n"": 774}, {""k"": 1, ""n"": 774}, {""k"": 1, ""n"": 774}, {""k"": 1, ""n"": 774}, {""k"": 1, ""n"": 774}, {""k"": 1, ""n"": 774}, {""k"": 1, ""n"": 697}]}, {""constant_lens"": false, ""gain"": 0.25, ""lens"": ""pc1"", ""lens_scaling"": ""standardize"", ""min_cluster_size"": 50, ""min_samples"": 5, ""n_class"": 4538, ""n_edges"": 8, ""n_intervals"": 9, ""n_vertices"": 9, ""noise_reassigned"": 4453, ""placement"": ""quantile"", ""slabs"": [{""k"": 1, ""n"": 568}, {""k"": 1, ""n"": 630}, {""k"": 1, ""n"": 630}, {""k"": 1, ""n"": 630}, {""k"": 1, ""n"": 630}, {""k"": 1, ""n"": 630}, {""k"": 1, ""n"": 630}, {""k"": 1, ""n"": 630}, {""k"": 1, ""n"": 568}]}], ""soundness_bound_holds"": true, ""step_rule"": ""scale_free"", ""topology_retention_nerve_to_frozen"": {""beta0_frozen"": 6, ""beta0_nerve"": 2, ""beta1_frozen"": 0, ""beta1_nerve"": 0}}",True
0.8170894526034713,1348,False,0.09998516540572615,0.1,,167.79513600000064,167.79513600000064,0.0,eeg-eye-state,3,,SPINE+Graph,10,1348,1498,13482,0.9000148345942739,1757920260,False,"{""admission"": {""criterion"": ""risk"", ""removed_risk"": 4, ""removed_support"": 0}, ""betti_final"": [[2, 0], [4, 0]], ""betti_frozen"": [[2, 0], [4, 0]], ""betti_nerve"": [[1, 0], [1, 0]], ""boundary_restriction"": ""both"", ""forced_removals"": 0, ""growth_representation_fallbacks"": 625, ""invariant_held"": true, ""n_segments"": 1342, ""n_train_fit"": 10112, ""n_val"": 3370, ""phase0"": [{""constant_lens"": false, ""gain"": 0.25, ""lens"": ""pc1"", ""lens_scaling"": ""standardize"", ""min_cluster_size"": 50, ""min_samples"": 5, ""n_class"": 5574, ""n_edges"": 8, ""n_intervals"": 9, ""n_vertices"": 9, ""noise_reassigned"": 6349, ""placement"": ""quantile"", ""slabs"": [{""k"": 1, ""n"": 697}, {""k"": 1, ""n"": 774}, {""k"": 1, ""n"": 774}, {""k"": 1, ""n"": 774}, {""k"": 1, ""n"": 774}, {""k"": 1, ""n"": 774}, {""k"": 1, ""n"": 774}, {""k"": 1, ""n"": 774}, {""k"": 1, ""n"": 697}]}, {""constant_lens"": false, ""gain"": 0.25, ""lens"": ""pc1"", ""lens_scaling"": ""standardize"", ""min_cluster_size"": 50, ""min_samples"": 5, ""n_class"": 4538, ""n_edges"": 8, ""n_intervals"": 9, ""n_vertices"": 9, ""noise_reassigned"": 4453, ""placement"": ""quantile"", ""slabs"": [{""k"": 1, ""n"": 568}, {""k"": 1, ""n"": 630}, {""k"": 1, ""n"": 630}, {""k"": 1, ""n"": 630}, {""k"": 1, ""n"": 630}, {""k"": 1, ""n"": 630}, {""k"": 1, ""n"": 630}, {""k"": 1, ""n"": 630}, {""k"": 1, ""n"": 568}]}], ""soundness_bound_holds"": true, ""step_rule"": ""scale_free"", ""topology_retention_nerve_to_frozen"": {""beta0_frozen"": 6, ""beta0_nerve"": 2, ""beta1_frozen"": 0, ""beta1_nerve"": 0}}",True
0.8311081441922563,1348,False,0.09998516540572615,0.1,,15.597120000002178,271.7644780000046,256.1673580000024,eeg-eye-state,3,"{""epsilon"": 0.1, ""window"": 0.3}",LVQ3,10,1348,1498,13482,0.9000148345942739,1757920260,False,,True
0.7983978638184246,1348,False,0.09998516540572615,0.1,"{""0"": 743, ""1"": 605}",32.91319300000032,32.91319300000032,0.0,eeg-eye-state,3,,KMeans,10,1348,1498,13482,0.9000148345942739,1757920260,False,,True
0.7383177570093458,1348,False,0.09998516540572615,0.1,"{""0"": 743, ""1"": 605}",0.0025080000013986137,0.0025080000013986137,0.0,eeg-eye-state,3,,Random,10,1348,1498,13482,0.9000148345942739,1757920260,False,,True
0.7456608811748998,1348,False,0.09998516540572615,0.1,,5.77560799999992,5.77560799999992,0.0,eeg-eye-state,3,,SPOT,10,1348,1498,13482,0.9000148345942739,1757920260,False,,True
0.7616822429906542,1348,False,0.09998516540572615,0.1,,389.8433040000018,389.8433040000018,0.0,eeg-eye-state,3,,GLVQ,10,1348,1498,13482,0.9000148345942739,1757920260,False,,True
0.7983978638184246,1348,False,0.09998516540572615,0.1,,87.34385900000052,87.34385900000052,0.0,eeg-eye-state,3,,GNG,10,1348,1498,13482,0.9000148345942739,1757920260,False,,True
0.8251001335113485,3371,False,0.2500370864856846,0.25,,0.00013799999942420982,0.00013799999942420982,0.0,eeg-eye-state,3,,Full,10,13482,1498,13482,0.0,1757920260,True,,False
0.8117489986648865,3371,False,0.2500370864856846,0.25,,6.278929000000062,6.278929000000062,0.0,eeg-eye-state,3,,RSP3,10,6654,1498,13482,0.5064530485091232,1757920260,True,,False
0.7790387182910548,3371,False,0.2500370864856846,0.25,,11.462889999998879,11.462889999998879,0.0,eeg-eye-state,3,,RHC,10,3337,1498,13482,0.7524847945408693,1757920260,True,,False
0.828437917222964,3371,False,0.2500370864856846,0.25,,1274.4115640000018,1274.4115640000018,0.0,eeg-eye-state,3,,SPINE+1NN,10,3371,1498,13482,0.7499629135143153,1757920260,False,"{""admission"": {""criterion"": ""risk"", ""removed_risk"": 4, ""removed_support"": 0}, ""betti_final"": [[2, 0], [4, 0]], ""betti_frozen"": [[2, 0], [4, 0]], ""betti_nerve"": [[1, 0], [1, 0]], ""boundary_restriction"": ""both"", ""forced_removals"": 0, ""growth_representation_fallbacks"": 2613, ""invariant_held"": true, ""n_segments"": 3365, ""n_train_fit"": 10112, ""n_val"": 3370, ""phase0"": [{""constant_lens"": false, ""gain"": 0.25, ""lens"": ""pc1"", ""lens_scaling"": ""standardize"", ""min_cluster_size"": 50, ""min_samples"": 5, ""n_class"": 5574, ""n_edges"": 8, ""n_intervals"": 9, ""n_vertices"": 9, ""noise_reassigned"": 6349, ""placement"": ""quantile"", ""slabs"": [{""k"": 1, ""n"": 697}, {""k"": 1, ""n"": 774}, {""k"": 1, ""n"": 774}, {""k"": 1, ""n"": 774}, {""k"": 1, ""n"": 774}, {""k"": 1, ""n"": 774}, {""k"": 1, ""n"": 774}, {""k"": 1, ""n"": 774}, {""k"": 1, ""n"": 697}]}, {""constant_lens"": false, ""gain"": 0.25, ""lens"": ""pc1"", ""lens_scaling"": ""standardize"", ""min_cluster_size"": 50, ""min_samples"": 5, ""n_class"": 4538, ""n_edges"": 8, ""n_intervals"": 9, ""n_vertices"": 9, ""noise_reassigned"": 4453, ""placement"": ""quantile"", ""slabs"": [{""k"": 1, ""n"": 568}, {""k"": 1, ""n"": 630}, {""k"": 1, ""n"": 630}, {""k"": 1, ""n"": 630}, {""k"": 1, ""n"": 630}, {""k"": 1, ""n"": 630}, {""k"": 1, ""n"": 630}, {""k"": 1, ""n"": 630}, {""k"": 1, ""n"": 568}]}], ""soundness_bound_holds"": true, ""step_rule"": ""scale_free"", ""topology_retention_nerve_to_frozen"": {""beta0_frozen"": 6, ""beta0_nerve"": 2, ""beta1_frozen"": 0, ""beta1_nerve"": 0}}",True
0.8311081441922563,3371,False,0.2500370864856846,0.25,,1274.4115640000018,1274.4115640000018,0.0,eeg-eye-state,3,,SPINE+Graph,10,3371,1498,13482,0.7499629135143153,1757920260,False,"{""admission"": {""criterion"": ""risk"", ""removed_risk"": 4, ""removed_support"": 0}, ""betti_final"": [[2, 0], [4, 0]], ""betti_frozen"": [[2, 0], [4, 0]], ""betti_nerve"": [[1, 0], [1, 0]], ""boundary_restriction"": ""both"", ""forced_removals"": 0, ""growth_representation_fallbacks"": 2613, ""invariant_held"": true, ""n_segments"": 3365, ""n_train_fit"": 10112, ""n_val"": 3370, ""phase0"": [{""constant_lens"": false, ""gain"": 0.25, ""lens"": ""pc1"", ""lens_scaling"": ""standardize"", ""min_cluster_size"": 50, ""min_samples"": 5, ""n_class"": 5574, ""n_edges"": 8, ""n_intervals"": 9, ""n_vertices"": 9, ""noise_reassigned"": 6349, ""placement"": ""quantile"", ""slabs"": [{""k"": 1, ""n"": 697}, {""k"": 1, ""n"": 774}, {""k"": 1, ""n"": 774}, {""k"": 1, ""n"": 774}, {""k"": 1, ""n"": 774}, {""k"": 1, ""n"": 774}, {""k"": 1, ""n"": 774}, {""k"": 1, ""n"": 774}, {""k"": 1, ""n"": 697}]}, {""constant_lens"": false, ""gain"": 0.25, ""lens"": ""pc1"", ""lens_scaling"": ""standardize"", ""min_cluster_size"": 50, ""min_samples"": 5, ""n_class"": 4538, ""n_edges"": 8, ""n_intervals"": 9, ""n_vertices"": 9, ""noise_reassigned"": 4453, ""placement"": ""quantile"", ""slabs"": [{""k"": 1, ""n"": 568}, {""k"": 1, ""n"": 630}, {""k"": 1, ""n"": 630}, {""k"": 1, ""n"": 630}, {""k"": 1, ""n"": 630}, {""k"": 1, ""n"": 630}, {""k"": 1, ""n"": 630}, {""k"": 1, ""n"": 630}, {""k"": 1, ""n"": 568}]}], ""soundness_bound_holds"": true, ""step_rule"": ""scale_free"", ""topology_retention_nerve_to_frozen"": {""beta0_frozen"": 6, ""beta0_nerve"": 2, ""beta1_frozen"": 0, ""beta1_nerve"": 0}}",True
0.8337783711615487,3371,False,0.2500370864856846,0.25,,42.23375699999815,714.3686979999984,672.1349410000003,eeg-eye-state,3,"{""epsilon"": 0.3, ""window"": 0.3}",LVQ3,10,3371,1498,13482,0.7499629135143153,1757920260,False,,True
0.815086782376502,3371,False,0.2500370864856846,0.25,"{""0"": 1858, ""1"": 1513}",47.79773800000112,47.79773800000112,0.0,eeg-eye-state,3,,KMeans,10,3371,1498,13482,0.7499629135143153,1757920260,False,,True
0.7797062750333779,3371,False,0.2500370864856846,0.25,"{""0"": 1858, ""1"": 1513}",0.0032889999965846073,0.0032889999965846073,0.0,eeg-eye-state,3,,Random,10,3371,1498,13482,0.7499629135143153,1757920260,False,,True
0.7843791722296395,3371,False,0.2500370864856846,0.25,,6.066503999998531,6.066503999998531,0.0,eeg-eye-state,3,,SPOT,10,3371,1498,13482,0.7499629135143153,1757920260,False,,True
0.7510013351134847,3371,False,0.2500370864856846,0.25,,966.670854,966.670854,0.0,eeg-eye-state,3,,GLVQ,10,3371,1498,13482,0.7499629135143153,1757920260,False,,True
0.822429906542056,3371,False,0.2500370864856846,0.25,,537.1572750000014,537.1572750000014,0.0,eeg-eye-state,3,,GNG,10,3371,1498,13482,0.7499629135143153,1757920260,False,,True
0.8571428571428571,67,False,0.004969589081738614,0.005,,0.0002700000004551839,0.0002700000004551839,0.0,eeg-eye-state,4,,Full,10,13482,1498,13482,0.0,1758920263,False,,False
0.8257676902536716,67,False,0.004969589081738614,0.005,,6.186362999997073,6.186362999997073,0.0,eeg-eye-state,4,,RSP3,10,6518,1498,13482,0.5165405726153389,1758920263,False,,False
0.8070761014686249,67,False,0.004969589081738614,0.005,,11.150760000000446,11.150760000000446,0.0,eeg-eye-state,4,,RHC,10,3283,1498,13482,0.7564901349948079,1758920263,False,,False
0.6008010680907877,67,False,0.004969589081738614,0.005,,10.057078000001638,10.057078000001638,0.0,eeg-eye-state,4,,SPINE+1NN,10,67,1498,13482,0.9950304109182614,1758920263,False,"{""admission"": {""criterion"": ""risk"", ""removed_risk"": 7, ""removed_support"": 0}, ""betti_final"": [[4, 0], [5, 0]], ""betti_frozen"": [[4, 0], [5, 0]], ""betti_nerve"": [[1, 0], [1, 0]], ""boundary_restriction"": ""both"", ""forced_removals"": 0, ""growth_representation_fallbacks"": 23, ""invariant_held"": true, ""n_segments"": 58, ""n_train_fit"": 10112, ""n_val"": 3370, ""phase0"": [{""constant_lens"": false, ""gain"": 0.25, ""lens"": ""pc1"", ""lens_scaling"": ""standardize"", ""min_cluster_size"": 50, ""min_samples"": 5, ""n_class"": 5574, ""n_edges"": 8, ""n_intervals"": 9, ""n_vertices"": 9, ""noise_reassigned"": 5067, ""placement"": ""quantile"", ""slabs"": [{""k"": 1, ""n"": 697}, {""k"": 1, ""n"": 774}, {""k"": 1, ""n"": 774}, {""k"": 1, ""n"": 774}, {""k"": 1, ""n"": 774}, {""k"": 1, ""n"": 774}, {""k"": 1, ""n"": 774}, {""k"": 1, ""n"": 774}, {""k"": 1, ""n"": 697}]}, {""constant_lens"": false, ""gain"": 0.25, ""lens"": ""pc1"", ""lens_scaling"": ""standardize"", ""min_cluster_size"": 50, ""min_samples"": 5, ""n_class"": 4538, ""n_edges"": 8, ""n_intervals"": 9, ""n_vertices"": 9, ""noise_reassigned"": 4222, ""placement"": ""quantile"", ""slabs"": [{""k"": 1, ""n"": 568}, {""k"": 1, ""n"": 630}, {""k"": 1, ""n"": 630}, {""k"": 1, ""n"": 630}, {""k"": 1, ""n"": 630}, {""k"": 1, ""n"": 630}, {""k"": 1, ""n"": 630}, {""k"": 1, ""n"": 630}, {""k"": 1, ""n"": 568}]}], ""soundness_bound_holds"": true, ""step_rule"": ""scale_free"", ""topology_retention_nerve_to_frozen"": {""beta0_frozen"": 9, ""beta0_nerve"": 2, ""beta1_frozen"": 0, ""beta1_nerve"": 0}}",True
0.6114819759679573,67,False,0.004969589081738614,0.005,,10.057078000001638,10.057078000001638,0.0,eeg-eye-state,4,,SPINE+Graph,10,67,1498,13482,0.9950304109182614,1758920263,False,"{""admission"": {""criterion"": ""risk"", ""removed_risk"": 7, ""removed_support"": 0}, ""betti_final"": [[4, 0], [5, 0]], ""betti_frozen"": [[4, 0], [5, 0]], ""betti_nerve"": [[1, 0], [1, 0]], ""boundary_restriction"": ""both"", ""forced_removals"": 0, ""growth_representation_fallbacks"": 23, ""invariant_held"": true, ""n_segments"": 58, ""n_train_fit"": 10112, ""n_val"": 3370, ""phase0"": [{""constant_lens"": false, ""gain"": 0.25, ""lens"": ""pc1"", ""lens_scaling"": ""standardize"", ""min_cluster_size"": 50, ""min_samples"": 5, ""n_class"": 5574, ""n_edges"": 8, ""n_intervals"": 9, ""n_vertices"": 9, ""noise_reassigned"": 5067, ""placement"": ""quantile"", ""slabs"": [{""k"": 1, ""n"": 697}, {""k"": 1, ""n"": 774}, {""k"": 1, ""n"": 774}, {""k"": 1, ""n"": 774}, {""k"": 1, ""n"": 774}, {""k"": 1, ""n"": 774}, {""k"": 1, ""n"": 774}, {""k"": 1, ""n"": 774}, {""k"": 1, ""n"": 697}]}, {""constant_lens"": false, ""gain"": 0.25, ""lens"": ""pc1"", ""lens_scaling"": ""standardize"", ""min_cluster_size"": 50, ""min_samples"": 5, ""n_class"": 4538, ""n_edges"": 8, ""n_intervals"": 9, ""n_vertices"": 9, ""noise_reassigned"": 4222, ""placement"": ""quantile"", ""slabs"": [{""k"": 1, ""n"": 568}, {""k"": 1, ""n"": 630}, {""k"": 1, ""n"": 630}, {""k"": 1, ""n"": 630}, {""k"": 1, ""n"": 630}, {""k"": 1, ""n"": 630}, {""k"": 1, ""n"": 630}, {""k"": 1, ""n"": 630}, {""k"": 1, ""n"": 568}]}], ""soundness_bound_holds"": true, ""step_rule"": ""scale_free"", ""topology_retention_nerve_to_frozen"": {""beta0_frozen"": 9, ""beta0_nerve"": 2, ""beta1_frozen"": 0, ""beta1_nerve"": 0}}",True
0.7616822429906542,67,False,0.004969589081738614,0.005,,2.7690120000006573,46.976368000003276,44.20735600000262,eeg-eye-state,4,"{""epsilon"": 0.1, ""window"": 0.2}",LVQ3,10,67,1498,13482,0.9950304109182614,1758920263,False,,True
0.7089452603471295,67,False,0.004969589081738614,0.005,"{""0"": 37, ""1"": 30}",4.069927000000462,4.069927000000462,0.0,eeg-eye-state,4,,KMeans,10,67,1498,13482,0.9950304109182614,1758920263,False,,True
0.5520694259012016,67,False,0.004969589081738614,0.005,"{""0"": 37, ""1"": 30}",0.001715999998850748,0.001715999998850748,0.0,eeg-eye-state,4,,Random,10,67,1498,13482,0.9950304109182614,1758920263,False,,True
0.6455273698264352,67,False,0.004969589081738614,0.005,,4.274195999998483,4.274195999998483,0.0,eeg-eye-state,4,,SPOT,10,67,1498,13482,0.9950304109182614,1758920263,False,,True
0.7209612817089452,67,False,0.004969589081738614,0.005,,23.56834699999672,23.56834699999672,0.0,eeg-eye-state,4,,GLVQ,10,67,1498,13482,0.9950304109182614,1758920263,False,,True
0.636849132176235,67,False,0.004969589081738614,0.005,,0.43396600000050967,0.43396600000050967,0.0,eeg-eye-state,4,,GNG,10,67,1498,13482,0.9950304109182614,1758920263,False,,True
0.8571428571428571,135,False,0.010013351134846462,0.01,,0.0002700000004551839,0.0002700000004551839,0.0,eeg-eye-state,4,,Full,10,13482,1498,13482,0.0,1758920263,True,,False
0.8257676902536716,135,False,0.010013351134846462,0.01,,6.186362999997073,6.186362999997073,0.0,eeg-eye-state,4,,RSP3,10,6518,1498,13482,0.5165405726153389,1758920263,True,,False
0.8070761014686249,135,False,0.010013351134846462,0.01,,11.150760000000446,11.150760000000446,0.0,eeg-eye-state,4,,RHC,10,3283,1498,13482,0.7564901349948079,1758920263,True,,False
0.6568758344459279,135,False,0.010013351134846462,0.01,,10.239219999999477,10.239219999999477,0.0,eeg-eye-state,4,,SPINE+1NN,10,135,1498,13482,0.9899866488651535,1758920263,False,"{""admission"": {""criterion"": ""risk"", ""removed_risk"": 7, ""removed_support"": 0}, ""betti_final"": [[4, 0], [5, 0]], ""betti_frozen"": [[4, 0], [5, 0]], ""betti_nerve"": [[1, 0], [1, 0]], ""boundary_restriction"": ""both"", ""forced_removals"": 0, ""growth_representation_fallbacks"": 51, ""invariant_held"": true, ""n_segments"": 126, ""n_train_fit"": 10112, ""n_val"": 3370, ""phase0"": [{""constant_lens"": false, ""gain"": 0.25, ""lens"": ""pc1"", ""lens_scaling"": ""standardize"", ""min_cluster_size"": 50, ""min_samples"": 5, ""n_class"": 5574, ""n_edges"": 8, ""n_intervals"": 9, ""n_vertices"": 9, ""noise_reassigned"": 5067, ""placement"": ""quantile"", ""slabs"": [{""k"": 1, ""n"": 697}, {""k"": 1, ""n"": 774}, {""k"": 1, ""n"": 774}, {""k"": 1, ""n"": 774}, {""k"": 1, ""n"": 774}, {""k"": 1, ""n"": 774}, {""k"": 1, ""n"": 774}, {""k"": 1, ""n"": 774}, {""k"": 1, ""n"": 697}]}, {""constant_lens"": false, ""gain"": 0.25, ""lens"": ""pc1"", ""lens_scaling"": ""standardize"", ""min_cluster_size"": 50, ""min_samples"": 5, ""n_class"": 4538, ""n_edges"": 8, ""n_intervals"": 9, ""n_vertices"": 9, ""noise_reassigned"": 4222, ""placement"": ""quantile"", ""slabs"": [{""k"": 1, ""n"": 568}, {""k"": 1, ""n"": 630}, {""k"": 1, ""n"": 630}, {""k"": 1, ""n"": 630}, {""k"": 1, ""n"": 630}, {""k"": 1, ""n"": 630}, {""k"": 1, ""n"": 630}, {""k"": 1, ""n"": 630}, {""k"": 1, ""n"": 568}]}], ""soundness_bound_holds"": true, ""step_rule"": ""scale_free"", ""topology_retention_nerve_to_frozen"": {""beta0_frozen"": 9, ""beta0_nerve"": 2, ""beta1_frozen"": 0, ""beta1_nerve"": 0}}",True
0.6809078771695594,135,False,0.010013351134846462,0.01,,10.239219999999477,10.239219999999477,0.0,eeg-eye-state,4,,SPINE+Graph,10,135,1498,13482,0.9899866488651535,1758920263,False,"{""admission"": {""criterion"": ""risk"", ""removed_risk"": 7, ""removed_support"": 0}, ""betti_final"": [[4, 0], [5, 0]], ""betti_frozen"": [[4, 0], [5, 0]], ""betti_nerve"": [[1, 0], [1, 0]], ""boundary_restriction"": ""both"", ""forced_removals"": 0, ""growth_representation_fallbacks"": 51, ""invariant_held"": true, ""n_segments"": 126, ""n_train_fit"": 10112, ""n_val"": 3370, ""phase0"": [{""constant_lens"": false, ""gain"": 0.25, ""lens"": ""pc1"", ""lens_scaling"": ""standardize"", ""min_cluster_size"": 50, ""min_samples"": 5, ""n_class"": 5574, ""n_edges"": 8, ""n_intervals"": 9, ""n_vertices"": 9, ""noise_reassigned"": 5067, ""placement"": ""quantile"", ""slabs"": [{""k"": 1, ""n"": 697}, {""k"": 1, ""n"": 774}, {""k"": 1, ""n"": 774}, {""k"": 1, ""n"": 774}, {""k"": 1, ""n"": 774}, {""k"": 1, ""n"": 774}, {""k"": 1, ""n"": 774}, {""k"": 1, ""n"": 774}, {""k"": 1, ""n"": 697}]}, {""constant_lens"": false, ""gain"": 0.25, ""lens"": ""pc1"", ""lens_scaling"": ""standardize"", ""min_cluster_size"": 50, ""min_samples"": 5, ""n_class"": 4538, ""n_edges"": 8, ""n_intervals"": 9, ""n_vertices"": 9, ""noise_reassigned"": 4222, ""placement"": ""quantile"", ""slabs"": [{""k"": 1, ""n"": 568}, {""k"": 1, ""n"": 630}, {""k"": 1, ""n"": 630}, {""k"": 1, ""n"": 630}, {""k"": 1, ""n"": 630}, {""k"": 1, ""n"": 630}, {""k"": 1, ""n"": 630}, {""k"": 1, ""n"": 630}, {""k"": 1, ""n"": 568}]}], ""soundness_bound_holds"": true, ""step_rule"": ""scale_free"", ""topology_retention_nerve_to_frozen"": {""beta0_frozen"": 9, ""beta0_nerve"": 2, ""beta1_frozen"": 0, ""beta1_nerve"": 0}}",True
0.7970627503337784,135,False,0.010013351134846462,0.01,,3.54182800000126,64.81787899999836,61.276050999997096,eeg-eye-state,4,"{""epsilon"": 0.1, ""window"": 0.3}",LVQ3,10,135,1498,13482,0.9899866488651535,1758920263,False,,True
0.7476635514018691,135,False,0.010013351134846462,0.01,"{""0"": 74, ""1"": 61}",6.372821999997541,6.372821999997541,0.0,eeg-eye-state,4,,KMeans,10,135,1498,13482,0.9899866488651535,1758920263,False,,True
0.5981308411214953,135,False,0.010013351134846462,0.01,"{""0"": 74, ""1"": 61}",0.001458000002457993,0.001458000002457993,0.0,eeg-eye-state,4,,Random,10,135,1498,13482,0.9899866488651535,1758920263,False,,True
0.6455273698264352,135,False,0.010013351134846462,0.01,,4.04957899999863,4.04957899999863,0.0,eeg-eye-state,4,,SPOT,10,135,1498,13482,0.9899866488651535,1758920263,False,,True
0.7296395193591455,135,False,0.010013351134846462,0.01,,42.99780699999974,42.99780699999974,0.0,eeg-eye-state,4,,GLVQ,10,135,1498,13482,0.9899866488651535,1758920263,False,,True
0.6635514018691588,135,False,0.010013351134846462,0.01,,1.234639000002062,1.234639000002062,0.0,eeg-eye-state,4,,GNG,10,135,1498,13482,0.9899866488651535,1758920263,False,,True
0.8571428571428571,270,False,0.020026702269692925,0.02,,0.0002700000004551839,0.0002700000004551839,0.0,eeg-eye-state,4,,Full,10,13482,1498,13482,0.0,1758920263,True,,False
0.8257676902536716,270,False,0.020026702269692925,0.02,,6.186362999997073,6.186362999997073,0.0,eeg-eye-state,4,,RSP3,10,6518,1498,13482,0.5165405726153389,1758920263,True,,False
0.8070761014686249,270,False,0.020026702269692925,0.02,,11.150760000000446,11.150760000000446,0.0,eeg-eye-state,4,,RHC,10,3283,1498,13482,0.7564901349948079,1758920263,True,,False
0.7176234979973297,270,False,0.020026702269692925,0.02,,15.088542999998026,15.088542999998026,0.0,eeg-eye-state,4,,SPINE+1NN,10,270,1498,13482,0.9799732977303071,1758920263,False,"{""admission"": {""criterion"": ""risk"", ""removed_risk"": 7, ""removed_support"": 0}, ""betti_final"": [[4, 0], [5, 0]], ""betti_frozen"": [[4, 0], [5, 0]], ""betti_nerve"": [[1, 0], [1, 0]], ""boundary_restriction"": ""both"", ""forced_removals"": 0, ""growth_representation_fallbacks"": 110, ""invariant_held"": true, ""n_segments"": 261, ""n_train_fit"": 10112, ""n_val"": 3370, ""phase0"": [{""constant_lens"": false, ""gain"": 0.25, ""lens"": ""pc1"", ""lens_scaling"": ""standardize"", ""min_cluster_size"": 50, ""min_samples"": 5, ""n_class"": 5574, ""n_edges"": 8, ""n_intervals"": 9, ""n_vertices"": 9, ""noise_reassigned"": 5067, ""placement"": ""quantile"", ""slabs"": [{""k"": 1, ""n"": 697}, {""k"": 1, ""n"": 774}, {""k"": 1, ""n"": 774}, {""k"": 1, ""n"": 774}, {""k"": 1, ""n"": 774}, {""k"": 1, ""n"": 774}, {""k"": 1, ""n"": 774}, {""k"": 1, ""n"": 774}, {""k"": 1, ""n"": 697}]}, {""constant_lens"": false, ""gain"": 0.25, ""lens"": ""pc1"", ""lens_scaling"": ""standardize"", ""min_cluster_size"": 50, ""min_samples"": 5, ""n_class"": 4538, ""n_edges"": 8, ""n_intervals"": 9, ""n_vertices"": 9, ""noise_reassigned"": 4222, ""placement"": ""quantile"", ""slabs"": [{""k"": 1, ""n"": 568}, {""k"": 1, ""n"": 630}, {""k"": 1, ""n"": 630}, {""k"": 1, ""n"": 630}, {""k"": 1, ""n"": 630}, {""k"": 1, ""n"": 630}, {""k"": 1, ""n"": 630}, {""k"": 1, ""n"": 630}, {""k"": 1, ""n"": 568}]}], ""soundness_bound_holds"": true, ""step_rule"": ""scale_free"", ""topology_retention_nerve_to_frozen"": {""beta0_frozen"": 9, ""beta0_nerve"": 2, ""beta1_frozen"": 0, ""beta1_nerve"": 0}}",True
0.7236315086782377,270,False,0.020026702269692925,0.02,,15.088542999998026,15.088542999998026,0.0,eeg-eye-state,4,,SPINE+Graph,10,270,1498,13482,0.9799732977303071,1758920263,False,"{""admission"": {""criterion"": ""risk"", ""removed_risk"": 7, ""removed_support"": 0}, ""betti_final"": [[4, 0], [5, 0]], ""betti_frozen"": [[4, 0], [5, 0]], ""betti_nerve"": [[1, 0], [1, 0]], ""boundary_restriction"": ""both"", ""forced_removals"": 0, ""growth_representation_fallbacks"": 110, ""invariant_held"": true, ""n_segments"": 261, ""n_train_fit"": 10112, ""n_val"": 3370, ""phase0"": [{""constant_lens"": false, ""gain"": 0.25, ""lens"": ""pc1"", ""lens_scaling"": ""standardize"", ""min_cluster_size"": 50, ""min_samples"": 5, ""n_class"": 5574, ""n_edges"": 8, ""n_intervals"": 9, ""n_vertices"": 9, ""noise_reassigned"": 5067, ""placement"": ""quantile"", ""slabs"": [{""k"": 1, ""n"": 697}, {""k"": 1, ""n"": 774}, {""k"": 1, ""n"": 774}, {""k"": 1, ""n"": 774}, {""k"": 1, ""n"": 774}, {""k"": 1, ""n"": 774}, {""k"": 1, ""n"": 774}, {""k"": 1, ""n"": 774}, {""k"": 1, ""n"": 697}]}, {""constant_lens"": false, ""gain"": 0.25, ""lens"": ""pc1"", ""lens_scaling"": ""standardize"", ""min_cluster_size"": 50, ""min_samples"": 5, ""n_class"": 4538, ""n_edges"": 8, ""n_intervals"": 9, ""n_vertices"": 9, ""noise_reassigned"": 4222, ""placement"": ""quantile"", ""slabs"": [{""k"": 1, ""n"": 568}, {""k"": 1, ""n"": 630}, {""k"": 1, ""n"": 630}, {""k"": 1, ""n"": 630}, {""k"": 1, ""n"": 630}, {""k"": 1, ""n"": 630}, {""k"": 1, ""n"": 630}, {""k"": 1, ""n"": 630}, {""k"": 1, ""n"": 568}]}], ""soundness_bound_holds"": true, ""step_rule"": ""scale_free"", ""topology_retention_nerve_to_frozen"": {""beta0_frozen"": 9, ""beta0_nerve"": 2, ""beta1_frozen"": 0, ""beta1_nerve"": 0}}",True
0.7970627503337784,270,False,0.020026702269692925,0.02,,5.682206999998016,103.00197000000117,97.31976300000315,eeg-eye-state,4,"{""epsilon"": 0.1, ""window"": 0.2}",LVQ3,10,270,1498,13482,0.9799732977303071,1758920263,False,,True
0.7656875834445928,270,False,0.020026702269692925,0.02,"{""0"": 149, ""1"": 121}",11.348555000000488,11.348555000000488,0.0,eeg-eye-state,4,,KMeans,10,270,1498,13482,0.9799732977303071,1758920263,False,,True
0.6608811748998665,270,False,0.020026702269692925,0.02,"{""0"": 149, ""1"": 121}",0.0035619999980553985,0.0035619999980553985,0.0,eeg-eye-state,4,,Random,10,270,1498,13482,0.9799732977303071,1758920263,False,,True
0.6855807743658211,270,False,0.020026702269692925,0.02,,5.090613000000303,5.090613000000303,0.0,eeg-eye-state,4,,SPOT,10,270,1498,13482,0.9799732977303071,1758920263,False,,True
0.739652870493992,270,False,0.020026702269692925,0.02,,81.20588099999804,81.20588099999804,0.0,eeg-eye-state,4,,GLVQ,10,270,1498,13482,0.9799732977303071,1758920263,False,,True
0.7383177570093458,270,False,0.020026702269692925,0.02,,4.083083999998053,4.083083999998053,0.0,eeg-eye-state,4,,GNG,10,270,1498,13482,0.9799732977303071,1758920263,False,,True
0.8571428571428571,674,False,0.049992582702863074,0.05,,0.0002700000004551839,0.0002700000004551839,0.0,eeg-eye-state,4,,Full,10,13482,1498,13482,0.0,1758920263,True,,False
0.8257676902536716,674,False,0.049992582702863074,0.05,,6.186362999997073,6.186362999997073,0.0,eeg-eye-state,4,,RSP3,10,6518,1498,13482,0.5165405726153389,1758920263,True,,False
0.8070761014686249,674,False,0.049992582702863074,0.05,,11.150760000000446,11.150760000000446,0.0,eeg-eye-state,4,,RHC,10,3283,1498,13482,0.7564901349948079,1758920263,True,,False
0.7703604806408545,674,False,0.049992582702863074,0.05,,48.17314900000201,48.17314900000201,0.0,eeg-eye-state,4,,SPINE+1NN,10,674,1498,13482,0.9500074172971369,1758920263,False,"{""admission"": {""criterion"": ""risk"", ""removed_risk"": 7, ""removed_support"": 0}, ""betti_final"": [[4, 0], [5, 0]], ""betti_frozen"": [[4, 0], [5, 0]], ""betti_nerve"": [[1, 0], [1, 0]], ""boundary_restriction"": ""both"", ""forced_removals"": 0, ""growth_representation_fallbacks"": 305, ""invariant_held"": true, ""n_segments"": 665, ""n_train_fit"": 10112, ""n_val"": 3370, ""phase0"": [{""constant_lens"": false, ""gain"": 0.25, ""lens"": ""pc1"", ""lens_scaling"": ""standardize"", ""min_cluster_size"": 50, ""min_samples"": 5, ""n_class"": 5574, ""n_edges"": 8, ""n_intervals"": 9, ""n_vertices"": 9, ""noise_reassigned"": 5067, ""placement"": ""quantile"", ""slabs"": [{""k"": 1, ""n"": 697}, {""k"": 1, ""n"": 774}, {""k"": 1, ""n"": 774}, {""k"": 1, ""n"": 774}, {""k"": 1, ""n"": 774}, {""k"": 1, ""n"": 774}, {""k"": 1, ""n"": 774}, {""k"": 1, ""n"": 774}, {""k"": 1, ""n"": 697}]}, {""constant_lens"": false, ""gain"": 0.25, ""lens"": ""pc1"", ""lens_scaling"": ""standardize"", ""min_cluster_size"": 50, ""min_samples"": 5, ""n_class"": 4538, ""n_edges"": 8, ""n_intervals"": 9, ""n_vertices"": 9, ""noise_reassigned"": 4222, ""placement"": ""quantile"", ""slabs"": [{""k"": 1, ""n"": 568}, {""k"": 1, ""n"": 630}, {""k"": 1, ""n"": 630}, {""k"": 1, ""n"": 630}, {""k"": 1, ""n"": 630}, {""k"": 1, ""n"": 630}, {""k"": 1, ""n"": 630}, {""k"": 1, ""n"": 630}, {""k"": 1, ""n"": 568}]}], ""soundness_bound_holds"": true, ""step_rule"": ""scale_free"", ""topology_retention_nerve_to_frozen"": {""beta0_frozen"": 9, ""beta0_nerve"": 2, ""beta1_frozen"": 0, ""beta1_nerve"": 0}}",True
0.7703604806408545,674,False,0.049992582702863074,0.05,,48.17314900000201,48.17314900000201,0.0,eeg-eye-state,4,,SPINE+Graph,10,674,1498,13482,0.9500074172971369,1758920263,False,"{""admission"": {""criterion"": ""risk"", ""removed_risk"": 7, ""removed_support"": 0}, ""betti_final"": [[4, 0], [5, 0]], ""betti_frozen"": [[4, 0], [5, 0]], ""betti_nerve"": [[1, 0], [1, 0]], ""boundary_restriction"": ""both"", ""forced_removals"": 0, ""growth_representation_fallbacks"": 305, ""invariant_held"": true, ""n_segments"": 665, ""n_train_fit"": 10112, ""n_val"": 3370, ""phase0"": [{""constant_lens"": false, ""gain"": 0.25, ""lens"": ""pc1"", ""lens_scaling"": ""standardize"", ""min_cluster_size"": 50, ""min_samples"": 5, ""n_class"": 5574, ""n_edges"": 8, ""n_intervals"": 9, ""n_vertices"": 9, ""noise_reassigned"": 5067, ""placement"": ""quantile"", ""slabs"": [{""k"": 1, ""n"": 697}, {""k"": 1, ""n"": 774}, {""k"": 1, ""n"": 774}, {""k"": 1, ""n"": 774}, {""k"": 1, ""n"": 774}, {""k"": 1, ""n"": 774}, {""k"": 1, ""n"": 774}, {""k"": 1, ""n"": 774}, {""k"": 1, ""n"": 697}]}, {""constant_lens"": false, ""gain"": 0.25, ""lens"": ""pc1"", ""lens_scaling"": ""standardize"", ""min_cluster_size"": 50, ""min_samples"": 5, ""n_class"": 4538, ""n_edges"": 8, ""n_intervals"": 9, ""n_vertices"": 9, ""noise_reassigned"": 4222, ""placement"": ""quantile"", ""slabs"": [{""k"": 1, ""n"": 568}, {""k"": 1, ""n"": 630}, {""k"": 1, ""n"": 630}, {""k"": 1, ""n"": 630}, {""k"": 1, ""n"": 630}, {""k"": 1, ""n"": 630}, {""k"": 1, ""n"": 630}, {""k"": 1, ""n"": 630}, {""k"": 1, ""n"": 568}]}], ""soundness_bound_holds"": true, ""step_rule"": ""scale_free"", ""topology_retention_nerve_to_frozen"": {""beta0_frozen"": 9, ""beta0_nerve"": 2, ""beta1_frozen"": 0, ""beta1_nerve"": 0}}",True
0.835113484646195,674,False,0.049992582702863074,0.05,,9.916258000001108,167.1819220000034,157.2656640000023,eeg-eye-state,4,"{""epsilon"": 0.1, ""window"": 0.3}",LVQ3,10,674,1498,13482,0.9500074172971369,1758920263,False,,True
0.7930574098798397,674,False,0.049992582702863074,0.05,"{""0"": 371, ""1"": 303}",23.008323000001837,23.008323000001837,0.0,eeg-eye-state,4,,KMeans,10,674,1498,13482,0.9500074172971369,1758920263,False,,True
0.7142857142857143,674,False,0.049992582702863074,0.05,"{""0"": 371, ""1"": 303}",0.001485999997385079,0.001485999997385079,0.0,eeg-eye-state,4,,Random,10,674,1498,13482,0.9500074172971369,1758920263,False,,True
0.7316421895861148,674,False,0.049992582702863074,0.05,,4.685787000002165,4.685787000002165,0.0,eeg-eye-state,4,,SPOT,10,674,1498,13482,0.9500074172971369,1758920263,False,,True
0.7429906542056075,674,False,0.049992582702863074,0.05,,196.44354100000055,196.44354100000055,0.0,eeg-eye-state,4,,GLVQ,10,674,1498,13482,0.9500074172971369,1758920263,False,,True
0.7903871829105474,674,False,0.049992582702863074,0.05,,22.353009999998903,22.353009999998903,0.0,eeg-eye-state,4,,GNG,10,674,1498,13482,0.9500074172971369,1758920263,False,,True
0.8571428571428571,1348,False,0.09998516540572615,0.1,,0.0002700000004551839,0.0002700000004551839,0.0,eeg-eye-state,4,,Full,10,13482,1498,13482,0.0,1758920263,True,,False
0.8257676902536716,1348,False,0.09998516540572615,0.1,,6.186362999997073,6.186362999997073,0.0,eeg-eye-state,4,,RSP3,10,6518,1498,13482,0.5165405726153389,1758920263,True,,False
0.8070761014686249,1348,False,0.09998516540572615,0.1,,11.150760000000446,11.150760000000446,0.0,eeg-eye-state,4,,RHC,10,3283,1498,13482,0.7564901349948079,1758920263,True,,False
0.8010680907877169,1348,False,0.09998516540572615,0.1,,168.37896399999954,168.37896399999954,0.0,eeg-eye-state,4,,SPINE+1NN,10,1348,1498,13482,0.9000148345942739,1758920263,False,"{""admission"": {""criterion"": ""risk"", ""removed_risk"": 7, ""removed_support"": 0}, ""betti_final"": [[4, 0], [5, 0]], ""betti_frozen"": [[4, 0], [5, 0]], ""betti_nerve"": [[1, 0], [1, 0]], ""boundary_restriction"": ""both"", ""forced_removals"": 0, ""growth_representation_fallbacks"": 647, ""invariant_held"": true, ""n_segments"": 1339, ""n_train_fit"": 10112, ""n_val"": 3370, ""phase0"": [{""constant_lens"": false, ""gain"": 0.25, ""lens"": ""pc1"", ""lens_scaling"": ""standardize"", ""min_cluster_size"": 50, ""min_samples"": 5, ""n_class"": 5574, ""n_edges"": 8, ""n_intervals"": 9, ""n_vertices"": 9, ""noise_reassigned"": 5067, ""placement"": ""quantile"", ""slabs"": [{""k"": 1, ""n"": 697}, {""k"": 1, ""n"": 774}, {""k"": 1, ""n"": 774}, {""k"": 1, ""n"": 774}, {""k"": 1, ""n"": 774}, {""k"": 1, ""n"": 774}, {""k"": 1, ""n"": 774}, {""k"": 1, ""n"": 774}, {""k"": 1, ""n"": 697}]}, {""constant_lens"": false, ""gain"": 0.25, ""lens"": ""pc1"", ""lens_scaling"": ""standardize"", ""min_cluster_size"": 50, ""min_samples"": 5, ""n_class"": 4538, ""n_edges"": 8, ""n_intervals"": 9, ""n_vertices"": 9, ""noise_reassigned"": 4222, ""placement"": ""quantile"", ""slabs"": [{""k"": 1, ""n"": 568}, {""k"": 1, ""n"": 630}, {""k"": 1, ""n"": 630}, {""k"": 1, ""n"": 630}, {""k"": 1, ""n"": 630}, {""k"": 1, ""n"": 630}, {""k"": 1, ""n"": 630}, {""k"": 1, ""n"": 630}, {""k"": 1, ""n"": 568}]}], ""soundness_bound_holds"": true, ""step_rule"": ""scale_free"", ""topology_retention_nerve_to_frozen"": {""beta0_frozen"": 9, ""beta0_nerve"": 2, ""beta1_frozen"": 0, ""beta1_nerve"": 0}}",True
0.8044058744993324,1348,False,0.09998516540572615,0.1,,168.37896399999954,168.37896399999954,0.0,eeg-eye-state,4,,SPINE+Graph,10,1348,1498,13482,0.9000148345942739,1758920263,False,"{""admission"": {""criterion"": ""risk"", ""removed_risk"": 7, ""removed_support"": 0}, ""betti_final"": [[4, 0], [5, 0]], ""betti_frozen"": [[4, 0], [5, 0]], ""betti_nerve"": [[1, 0], [1, 0]], ""boundary_restriction"": ""both"", ""forced_removals"": 0, ""growth_representation_fallbacks"": 647, ""invariant_held"": true, ""n_segments"": 1339, ""n_train_fit"": 10112, ""n_val"": 3370, ""phase0"": [{""constant_lens"": false, ""gain"": 0.25, ""lens"": ""pc1"", ""lens_scaling"": ""standardize"", ""min_cluster_size"": 50, ""min_samples"": 5, ""n_class"": 5574, ""n_edges"": 8, ""n_intervals"": 9, ""n_vertices"": 9, ""noise_reassigned"": 5067, ""placement"": ""quantile"", ""slabs"": [{""k"": 1, ""n"": 697}, {""k"": 1, ""n"": 774}, {""k"": 1, ""n"": 774}, {""k"": 1, ""n"": 774}, {""k"": 1, ""n"": 774}, {""k"": 1, ""n"": 774}, {""k"": 1, ""n"": 774}, {""k"": 1, ""n"": 774}, {""k"": 1, ""n"": 697}]}, {""constant_lens"": false, ""gain"": 0.25, ""lens"": ""pc1"", ""lens_scaling"": ""standardize"", ""min_cluster_size"": 50, ""min_samples"": 5, ""n_class"": 4538, ""n_edges"": 8, ""n_intervals"": 9, ""n_vertices"": 9, ""noise_reassigned"": 4222, ""placement"": ""quantile"", ""slabs"": [{""k"": 1, ""n"": 568}, {""k"": 1, ""n"": 630}, {""k"": 1, ""n"": 630}, {""k"": 1, ""n"": 630}, {""k"": 1, ""n"": 630}, {""k"": 1, ""n"": 630}, {""k"": 1, ""n"": 630}, {""k"": 1, ""n"": 630}, {""k"": 1, ""n"": 568}]}], ""soundness_bound_holds"": true, ""step_rule"": ""scale_free"", ""topology_retention_nerve_to_frozen"": {""beta0_frozen"": 9, ""beta0_nerve"": 2, ""beta1_frozen"": 0, ""beta1_nerve"": 0}}",True
0.829105473965287,1348,False,0.09998516540572615,0.1,,16.331827999998495,266.92530799999804,250.59347999999954,eeg-eye-state,4,"{""epsilon"": 0.1, ""window"": 0.2}",LVQ3,10,1348,1498,13482,0.9000148345942739,1758920263,False,,True
0.8177570093457944,1348,False,0.09998516540572615,0.1,"{""0"": 743, ""1"": 605}",36.66272899999967,36.66272899999967,0.0,eeg-eye-state,4,,KMeans,10,1348,1498,13482,0.9000148345942739,1758920263,False,,True
0.7323097463284379,1348,False,0.09998516540572615,0.1,"{""0"": 743, ""1"": 605}",0.0029130000002624,0.0029130000002624,0.0,eeg-eye-state,4,,Random,10,1348,1498,13482,0.9000148345942739,1758920263,False,,True
0.7676902536715621,1348,False,0.09998516540572615,0.1,,6.148135999999795,6.148135999999795,0.0,eeg-eye-state,4,,SPOT,10,1348,1498,13482,0.9000148345942739,1758920263,False,,True
0.746995994659546,1348,False,0.09998516540572615,0.1,,387.2905329999994,387.2905329999994,0.0,eeg-eye-state,4,,GLVQ,10,1348,1498,13482,0.9000148345942739,1758920263,False,,True
0.80173564753004,1348,False,0.09998516540572615,0.1,,85.80397699999958,85.80397699999958,0.0,eeg-eye-state,4,,GNG,10,1348,1498,13482,0.9000148345942739,1758920263,False,,True
0.8571428571428571,3371,False,0.2500370864856846,0.25,,0.0002700000004551839,0.0002700000004551839,0.0,eeg-eye-state,4,,Full,10,13482,1498,13482,0.0,1758920263,True,,False
0.8257676902536716,3371,False,0.2500370864856846,0.25,,6.186362999997073,6.186362999997073,0.0,eeg-eye-state,4,,RSP3,10,6518,1498,13482,0.5165405726153389,1758920263,True,,False
0.8070761014686249,3371,False,0.2500370864856846,0.25,,11.150760000000446,11.150760000000446,0.0,eeg-eye-state,4,,RHC,10,3283,1498,13482,0.7564901349948079,1758920263,True,,False
0.8344459279038718,3371,False,0.2500370864856846,0.25,,1265.5973320000012,1265.5973320000012,0.0,eeg-eye-state,4,,SPINE+1NN,10,3371,1498,13482,0.7499629135143153,1758920263,False,"{""admission"": {""criterion"": ""risk"", ""removed_risk"": 7, ""removed_support"": 0}, ""betti_final"": [[4, 0], [5, 0]], ""betti_frozen"": [[4, 0], [5, 0]], ""betti_nerve"": [[1, 0], [1, 0]], ""boundary_restriction"": ""both"", ""forced_removals"": 0, ""growth_representation_fallbacks"": 2615, ""invariant_held"": true, ""n_segments"": 3362, ""n_train_fit"": 10112, ""n_val"": 3370, ""phase0"": [{""constant_lens"": false, ""gain"": 0.25, ""lens"": ""pc1"", ""lens_scaling"": ""standardize"", ""min_cluster_size"": 50, ""min_samples"": 5, ""n_class"": 5574, ""n_edges"": 8, ""n_intervals"": 9, ""n_vertices"": 9, ""noise_reassigned"": 5067, ""placement"": ""quantile"", ""slabs"": [{""k"": 1, ""n"": 697}, {""k"": 1, ""n"": 774}, {""k"": 1, ""n"": 774}, {""k"": 1, ""n"": 774}, {""k"": 1, ""n"": 774}, {""k"": 1, ""n"": 774}, {""k"": 1, ""n"": 774}, {""k"": 1, ""n"": 774}, {""k"": 1, ""n"": 697}]}, {""constant_lens"": false, ""gain"": 0.25, ""lens"": ""pc1"", ""lens_scaling"": ""standardize"", ""min_cluster_size"": 50, ""min_samples"": 5, ""n_class"": 4538, ""n_edges"": 8, ""n_intervals"": 9, ""n_vertices"": 9, ""noise_reassigned"": 4222, ""placement"": ""quantile"", ""slabs"": [{""k"": 1, ""n"": 568}, {""k"": 1, ""n"": 630}, {""k"": 1, ""n"": 630}, {""k"": 1, ""n"": 630}, {""k"": 1, ""n"": 630}, {""k"": 1, ""n"": 630}, {""k"": 1, ""n"": 630}, {""k"": 1, ""n"": 630}, {""k"": 1, ""n"": 568}]}], ""soundness_bound_holds"": true, ""step_rule"": ""scale_free"", ""topology_retention_nerve_to_frozen"": {""beta0_frozen"": 9, ""beta0_nerve"": 2, ""beta1_frozen"": 0, ""beta1_nerve"": 0}}",True
0.8431241655540721,3371,False,0.2500370864856846,0.25,,1265.5973320000012,1265.5973320000012,0.0,eeg-eye-state,4,,SPINE+Graph,10,3371,1498,13482,0.7499629135143153,1758920263,False,"{""admission"": {""criterion"": ""risk"", ""removed_risk"": 7, ""removed_support"": 0}, ""betti_final"": [[4, 0], [5, 0]], ""betti_frozen"": [[4, 0], [5, 0]], ""betti_nerve"": [[1, 0], [1, 0]], ""boundary_restriction"": ""both"", ""forced_removals"": 0, ""growth_representation_fallbacks"": 2615, ""invariant_held"": true, ""n_segments"": 3362, ""n_train_fit"": 10112, ""n_val"": 3370, ""phase0"": [{""constant_lens"": false, ""gain"": 0.25, ""lens"": ""pc1"", ""lens_scaling"": ""standardize"", ""min_cluster_size"": 50, ""min_samples"": 5, ""n_class"": 5574, ""n_edges"": 8, ""n_intervals"": 9, ""n_vertices"": 9, ""noise_reassigned"": 5067, ""placement"": ""quantile"", ""slabs"": [{""k"": 1, ""n"": 697}, {""k"": 1, ""n"": 774}, {""k"": 1, ""n"": 774}, {""k"": 1, ""n"": 774}, {""k"": 1, ""n"": 774}, {""k"": 1, ""n"": 774}, {""k"": 1, ""n"": 774}, {""k"": 1, ""n"": 774}, {""k"": 1, ""n"": 697}]}, {""constant_lens"": false, ""gain"": 0.25, ""lens"": ""pc1"", ""lens_scaling"": ""standardize"", ""min_cluster_size"": 50, ""min_samples"": 5, ""n_class"": 4538, ""n_edges"": 8, ""n_intervals"": 9, ""n_vertices"": 9, ""noise_reassigned"": 4222, ""placement"": ""quantile"", ""slabs"": [{""k"": 1, ""n"": 568}, {""k"": 1, ""n"": 630}, {""k"": 1, ""n"": 630}, {""k"": 1, ""n"": 630}, {""k"": 1, ""n"": 630}, {""k"": 1, ""n"": 630}, {""k"": 1, ""n"": 630}, {""k"": 1, ""n"": 630}, {""k"": 1, ""n"": 568}]}], ""soundness_bound_holds"": true, ""step_rule"": ""scale_free"", ""topology_retention_nerve_to_frozen"": {""beta0_frozen"": 9, ""beta0_nerve"": 2, ""beta1_frozen"": 0, ""beta1_nerve"": 0}}",True
0.8471295060080107,3371,False,0.2500370864856846,0.25,,42.640339999998105,721.1068529999975,678.4665129999994,eeg-eye-state,4,"{""epsilon"": 0.3, ""window"": 0.3}",LVQ3,10,3371,1498,13482,0.7499629135143153,1758920263,False,,True
0.8431241655540721,3371,False,0.2500370864856846,0.25,"{""0"": 1858, ""1"": 1513}",46.701686000000336,46.701686000000336,0.0,eeg-eye-state,4,,KMeans,10,3371,1498,13482,0.7499629135143153,1758920263,False,,True
0.7923898531375166,3371,False,0.2500370864856846,0.25,"{""0"": 1858, ""1"": 1513}",0.00325900000098045,0.00325900000098045,0.0,eeg-eye-state,4,,Random,10,3371,1498,13482,0.7499629135143153,1758920263,False,,True
0.7983978638184246,3371,False,0.2500370864856846,0.25,,6.34991699999955,6.34991699999955,0.0,eeg-eye-state,4,,SPOT,10,3371,1498,13482,0.7499629135143153,1758920263,False,,True
0.7576769025367156,3371,False,0.2500370864856846,0.25,,970.398293000002,970.398293000002,0.0,eeg-eye-state,4,,GLVQ,10,3371,1498,13482,0.7499629135143153,1758920263,False,,True
0.8451268357810414,3371,False,0.2500370864856846,0.25,,532.6907500000016,532.6907500000016,0.0,eeg-eye-state,4,,GNG,10,3371,1498,13482,0.7499629135143153,1758920263,False,,True
0.9312416555407209,67,False,0.004969589081738614,0.005,,0.00013300000136950985,0.00013300000136950985,0.0,eeg-eye-state,5,,Full,10,13482,1498,13482,0.0,1759920266,False,,False
0.9145527369826435,67,False,0.004969589081738614,0.005,,5.674251000004006,5.674251000004006,0.0,eeg-eye-state,5,,RSP3,10,5408,1498,13482,0.5988725708351876,1759920266,False,,False
0.8624833110814419,67,False,0.004969589081738614,0.005,,8.106080000005022,8.106080000005022,0.0,eeg-eye-state,5,,RHC,10,2264,1498,13482,0.8320723928200564,1759920266,False,,False
0.6762349799732977,67,False,0.004969589081738614,0.005,,10.396543999995629,10.396543999995629,0.0,eeg-eye-state,5,,SPINE+1NN,10,67,1498,13482,0.9950304109182614,1759920266,False,"{""admission"": {""criterion"": ""risk"", ""removed_risk"": 4, ""removed_support"": 0}, ""betti_final"": [[1, 0], [5, 0]], ""betti_frozen"": [[1, 0], [5, 0]], ""betti_nerve"": [[1, 0], [1, 0]], ""boundary_restriction"": ""both"", ""forced_removals"": 0, ""growth_representation_fallbacks"": 22, ""invariant_held"": true, ""n_segments"": 61, ""n_train_fit"": 10112, ""n_val"": 3370, ""phase0"": [{""constant_lens"": false, ""gain"": 0.25, ""lens"": ""pc1"", ""lens_scaling"": ""standardize"", ""min_cluster_size"": 50, ""min_samples"": 5, ""n_class"": 5574, ""n_edges"": 8, ""n_intervals"": 9, ""n_vertices"": 9, ""noise_reassigned"": 4648, ""placement"": ""quantile"", ""slabs"": [{""k"": 1, ""n"": 697}, {""k"": 1, ""n"": 774}, {""k"": 1, ""n"": 774}, {""k"": 1, ""n"": 774}, {""k"": 1, ""n"": 774}, {""k"": 1, ""n"": 774}, {""k"": 1, ""n"": 774}, {""k"": 1, ""n"": 774}, {""k"": 1, ""n"": 697}]}, {""constant_lens"": false, ""gain"": 0.25, ""lens"": ""pc1"", ""lens_scaling"": ""standardize"", ""min_cluster_size"": 50, ""min_samples"": 5, ""n_class"": 4538, ""n_edges"": 8, ""n_intervals"": 9, ""n_vertices"": 9, ""noise_reassigned"": 3912, ""placement"": ""quantile"", ""slabs"": [{""k"": 1, ""n"": 568}, {""k"": 1, ""n"": 630}, {""k"": 1, ""n"": 630}, {""k"": 1, ""n"": 630}, {""k"": 1, ""n"": 630}, {""k"": 1, ""n"": 630}, {""k"": 1, ""n"": 630}, {""k"": 1, ""n"": 630}, {""k"": 1, ""n"": 568}]}], ""soundness_bound_holds"": true, ""step_rule"": ""scale_free"", ""topology_retention_nerve_to_frozen"": {""beta0_frozen"": 6, ""beta0_nerve"": 2, ""beta1_frozen"": 0, ""beta1_nerve"": 0}}",True
0.6815754339118825,67,False,0.004969589081738614,0.005,,10.396543999995629,10.396543999995629,0.0,eeg-eye-state,5,,SPINE+Graph,10,67,1498,13482,0.9950304109182614,1759920266,False,"{""admission"": {""criterion"": ""risk"", ""removed_risk"": 4, ""removed_support"": 0}, ""betti_final"": [[1, 0], [5, 0]], ""betti_frozen"": [[1, 0], [5, 0]], ""betti_nerve"": [[1, 0], [1, 0]], ""boundary_restriction"": ""both"", ""forced_removals"": 0, ""growth_representation_fallbacks"": 22, ""invariant_held"": true, ""n_segments"": 61, ""n_train_fit"": 10112, ""n_val"": 3370, ""phase0"": [{""constant_lens"": false, ""gain"": 0.25, ""lens"": ""pc1"", ""lens_scaling"": ""standardize"", ""min_cluster_size"": 50, ""min_samples"": 5, ""n_class"": 5574, ""n_edges"": 8, ""n_intervals"": 9, ""n_vertices"": 9, ""noise_reassigned"": 4648, ""placement"": ""quantile"", ""slabs"": [{""k"": 1, ""n"": 697}, {""k"": 1, ""n"": 774}, {""k"": 1, ""n"": 774}, {""k"": 1, ""n"": 774}, {""k"": 1, ""n"": 774}, {""k"": 1, ""n"": 774}, {""k"": 1, ""n"": 774}, {""k"": 1, ""n"": 774}, {""k"": 1, ""n"": 697}]}, {""constant_lens"": false, ""gain"": 0.25, ""lens"": ""pc1"", ""lens_scaling"": ""standardize"", ""min_cluster_size"": 50, ""min_samples"": 5, ""n_class"": 4538, ""n_edges"": 8, ""n_intervals"": 9, ""n_vertices"": 9, ""noise_reassigned"": 3912, ""placement"": ""quantile"", ""slabs"": [{""k"": 1, ""n"": 568}, {""k"": 1, ""n"": 630}, {""k"": 1, ""n"": 630}, {""k"": 1, ""n"": 630}, {""k"": 1, ""n"": 630}, {""k"": 1, ""n"": 630}, {""k"": 1, ""n"": 630}, {""k"": 1, ""n"": 630}, {""k"": 1, ""n"": 568}]}], ""soundness_bound_holds"": true, ""step_rule"": ""scale_free"", ""topology_retention_nerve_to_frozen"": {""beta0_frozen"": 6, ""beta0_nerve"": 2, ""beta1_frozen"": 0, ""beta1_nerve"": 0}}",True
0.8044058744993324,67,False,0.004969589081738614,0.005,,2.896111000001838,52.8166640000054,49.920553000003565,eeg-eye-state,5,"{""epsilon"": 0.1, ""window"": 0.2}",LVQ3,10,67,1498,13482,0.9950304109182614,1759920266,False,,True
0.7356475300400535,67,False,0.004969589081738614,0.005,"{""0"": 37, ""1"": 30}",4.530585000000428,4.530585000000428,0.0,eeg-eye-state,5,,KMeans,10,67,1498,13482,0.9950304109182614,1759920266,False,,True
0.5987983978638184,67,False,0.004969589081738614,0.005,"{""0"": 37, ""1"": 30}",0.0016439999963040464,0.0016439999963040464,0.0,eeg-eye-state,5,,Random,10,67,1498,13482,0.9950304109182614,1759920266,False,,True
0.6308411214953271,67,False,0.004969589081738614,0.005,,4.474934999998368,4.474934999998368,0.0,eeg-eye-state,5,,SPOT,10,67,1498,13482,0.9950304109182614,1759920266,False,,True
0.7436582109479306,67,False,0.004969589081738614,0.005,,23.452847999993537,23.452847999993537,0.0,eeg-eye-state,5,,GLVQ,10,67,1498,13482,0.9950304109182614,1759920266,False,,True
0.6989319092122831,67,False,0.004969589081738614,0.005,,0.41473599999881117,0.41473599999881117,0.0,eeg-eye-state,5,,GNG,10,67,1498,13482,0.9950304109182614,1759920266,False,,True
0.9312416555407209,135,False,0.010013351134846462,0.01,,0.00013300000136950985,0.00013300000136950985,0.0,eeg-eye-state,5,,Full,10,13482,1498,13482,0.0,1759920266,True,,False
0.9145527369826435,135,False,0.010013351134846462,0.01,,5.674251000004006,5.674251000004006,0.0,eeg-eye-state,5,,RSP3,10,5408,1498,13482,0.5988725708351876,1759920266,True,,False
0.8624833110814419,135,False,0.010013351134846462,0.01,,8.106080000005022,8.106080000005022,0.0,eeg-eye-state,5,,RHC,10,2264,1498,13482,0.8320723928200564,1759920266,True,,False
0.7109479305740988,135,False,0.010013351134846462,0.01,,10.64849000000686,10.64849000000686,0.0,eeg-eye-state,5,,SPINE+1NN,10,135,1498,13482,0.9899866488651535,1759920266,False,"{""admission"": {""criterion"": ""risk"", ""removed_risk"": 4, ""removed_support"": 0}, ""betti_final"": [[1, 0], [5, 0]], ""betti_frozen"": [[1, 0], [5, 0]], ""betti_nerve"": [[1, 0], [1, 0]], ""boundary_restriction"": ""both"", ""forced_removals"": 0, ""growth_representation_fallbacks"": 62, ""invariant_held"": true, ""n_segments"": 129, ""n_train_fit"": 10112, ""n_val"": 3370, ""phase0"": [{""constant_lens"": false, ""gain"": 0.25, ""lens"": ""pc1"", ""lens_scaling"": ""standardize"", ""min_cluster_size"": 50, ""min_samples"": 5, ""n_class"": 5574, ""n_edges"": 8, ""n_intervals"": 9, ""n_vertices"": 9, ""noise_reassigned"": 4648, ""placement"": ""quantile"", ""slabs"": [{""k"": 1, ""n"": 697}, {""k"": 1, ""n"": 774}, {""k"": 1, ""n"": 774}, {""k"": 1, ""n"": 774}, {""k"": 1, ""n"": 774}, {""k"": 1, ""n"": 774}, {""k"": 1, ""n"": 774}, {""k"": 1, ""n"": 774}, {""k"": 1, ""n"": 697}]}, {""constant_lens"": false, ""gain"": 0.25, ""lens"": ""pc1"", ""lens_scaling"": ""standardize"", ""min_cluster_size"": 50, ""min_samples"": 5, ""n_class"": 4538, ""n_edges"": 8, ""n_intervals"": 9, ""n_vertices"": 9, ""noise_reassigned"": 3912, ""placement"": ""quantile"", ""slabs"": [{""k"": 1, ""n"": 568}, {""k"": 1, ""n"": 630}, {""k"": 1, ""n"": 630}, {""k"": 1, ""n"": 630}, {""k"": 1, ""n"": 630}, {""k"": 1, ""n"": 630}, {""k"": 1, ""n"": 630}, {""k"": 1, ""n"": 630}, {""k"": 1, ""n"": 568}]}], ""soundness_bound_holds"": true, ""step_rule"": ""scale_free"", ""topology_retention_nerve_to_frozen"": {""beta0_frozen"": 6, ""beta0_nerve"": 2, ""beta1_frozen"": 0, ""beta1_nerve"": 0}}",True
0.7436582109479306,135,False,0.010013351134846462,0.01,,10.64849000000686,10.64849000000686,0.0,eeg-eye-state,5,,SPINE+Graph,10,135,1498,13482,0.9899866488651535,1759920266,False,"{""admission"": {""criterion"": ""risk"", ""removed_risk"": 4, ""removed_support"": 0}, ""betti_final"": [[1, 0], [5, 0]], ""betti_frozen"": [[1, 0], [5, 0]], ""betti_nerve"": [[1, 0], [1, 0]], ""boundary_restriction"": ""both"", ""forced_removals"": 0, ""growth_representation_fallbacks"": 62, ""invariant_held"": true, ""n_segments"": 129, ""n_train_fit"": 10112, ""n_val"": 3370, ""phase0"": [{""constant_lens"": false, ""gain"": 0.25, ""lens"": ""pc1"", ""lens_scaling"": ""standardize"", ""min_cluster_size"": 50, ""min_samples"": 5, ""n_class"": 5574, ""n_edges"": 8, ""n_intervals"": 9, ""n_vertices"": 9, ""noise_reassigned"": 4648, ""placement"": ""quantile"", ""slabs"": [{""k"": 1, ""n"": 697}, {""k"": 1, ""n"": 774}, {""k"": 1, ""n"": 774}, {""k"": 1, ""n"": 774}, {""k"": 1, ""n"": 774}, {""k"": 1, ""n"": 774}, {""k"": 1, ""n"": 774}, {""k"": 1, ""n"": 774}, {""k"": 1, ""n"": 697}]}, {""constant_lens"": false, ""gain"": 0.25, ""lens"": ""pc1"", ""lens_scaling"": ""standardize"", ""min_cluster_size"": 50, ""min_samples"": 5, ""n_class"": 4538, ""n_edges"": 8, ""n_intervals"": 9, ""n_vertices"": 9, ""noise_reassigned"": 3912, ""placement"": ""quantile"", ""slabs"": [{""k"": 1, ""n"": 568}, {""k"": 1, ""n"": 630}, {""k"": 1, ""n"": 630}, {""k"": 1, ""n"": 630}, {""k"": 1, ""n"": 630}, {""k"": 1, ""n"": 630}, {""k"": 1, ""n"": 630}, {""k"": 1, ""n"": 630}, {""k"": 1, ""n"": 568}]}], ""soundness_bound_holds"": true, ""step_rule"": ""scale_free"", ""topology_retention_nerve_to_frozen"": {""beta0_frozen"": 6, ""beta0_nerve"": 2, ""beta1_frozen"": 0, ""beta1_nerve"": 0}}",True
0.8584779706275033,135,False,0.010013351134846462,0.01,,4.245318999994197,65.67664700000023,61.43132800000603,eeg-eye-state,5,"{""epsilon"": 0.1, ""window"": 0.2}",LVQ3,10,135,1498,13482,0.9899866488651535,1759920266,False,,True
0.7843791722296395,135,False,0.010013351134846462,0.01,"{""0"": 74, ""1"": 61}",7.448054000000411,7.448054000000411,0.0,eeg-eye-state,5,,KMeans,10,135,1498,13482,0.9899866488651535,1759920266,False,,True
0.6762349799732977,135,False,0.010013351134846462,0.01,"{""0"": 74, ""1"": 61}",0.0015899999998509884,0.0015899999998509884,0.0,eeg-eye-state,5,,Random,10,135,1498,13482,0.9899866488651535,1759920266,False,,True
0.692256341789052,135,False,0.010013351134846462,0.01,,4.402217000002565,4.402217000002565,0.0,eeg-eye-state,5,,SPOT,10,135,1498,13482,0.9899866488651535,1759920266,False,,True
0.7516688918558078,135,False,0.010013351134846462,0.01,,43.31474500000331,43.31474500000331,0.0,eeg-eye-state,5,,GLVQ,10,135,1498,13482,0.9899866488651535,1759920266,False,,True
0.7496662216288384,135,False,0.010013351134846462,0.01,,1.2649319999982254,1.2649319999982254,0.0,eeg-eye-state,5,,GNG,10,135,1498,13482,0.9899866488651535,1759920266,False,,True
0.9312416555407209,270,False,0.020026702269692925,0.02,,0.00013300000136950985,0.00013300000136950985,0.0,eeg-eye-state,5,,Full,10,13482,1498,13482,0.0,1759920266,True,,False
0.9145527369826435,270,False,0.020026702269692925,0.02,,5.674251000004006,5.674251000004006,0.0,eeg-eye-state,5,,RSP3,10,5408,1498,13482,0.5988725708351876,1759920266,True,,False
0.8624833110814419,270,False,0.020026702269692925,0.02,,8.106080000005022,8.106080000005022,0.0,eeg-eye-state,5,,RHC,10,2264,1498,13482,0.8320723928200564,1759920266,True,,False
0.7736982643524699,270,False,0.020026702269692925,0.02,,16.029084999994666,16.029084999994666,0.0,eeg-eye-state,5,,SPINE+1NN,10,270,1498,13482,0.9799732977303071,1759920266,False,"{""admission"": {""criterion"": ""risk"", ""removed_risk"": 4, ""removed_support"": 0}, ""betti_final"": [[1, 0], [5, 0]], ""betti_frozen"": [[1, 0], [5, 0]], ""betti_nerve"": [[1, 0], [1, 0]], ""boundary_restriction"": ""both"", ""forced_removals"": 0, ""growth_representation_fallbacks"": 140, ""invariant_held"": true, ""n_segments"": 264, ""n_train_fit"": 10112, ""n_val"": 3370, ""phase0"": [{""constant_lens"": false, ""gain"": 0.25, ""lens"": ""pc1"", ""lens_scaling"": ""standardize"", ""min_cluster_size"": 50, ""min_samples"": 5, ""n_class"": 5574, ""n_edges"": 8, ""n_intervals"": 9, ""n_vertices"": 9, ""noise_reassigned"": 4648, ""placement"": ""quantile"", ""slabs"": [{""k"": 1, ""n"": 697}, {""k"": 1, ""n"": 774}, {""k"": 1, ""n"": 774}, {""k"": 1, ""n"": 774}, {""k"": 1, ""n"": 774}, {""k"": 1, ""n"": 774}, {""k"": 1, ""n"": 774}, {""k"": 1, ""n"": 774}, {""k"": 1, ""n"": 697}]}, {""constant_lens"": false, ""gain"": 0.25, ""lens"": ""pc1"", ""lens_scaling"": ""standardize"", ""min_cluster_size"": 50, ""min_samples"": 5, ""n_class"": 4538, ""n_edges"": 8, ""n_intervals"": 9, ""n_vertices"": 9, ""noise_reassigned"": 3912, ""placement"": ""quantile"", ""slabs"": [{""k"": 1, ""n"": 568}, {""k"": 1, ""n"": 630}, {""k"": 1, ""n"": 630}, {""k"": 1, ""n"": 630}, {""k"": 1, ""n"": 630}, {""k"": 1, ""n"": 630}, {""k"": 1, ""n"": 630}, {""k"": 1, ""n"": 630}, {""k"": 1, ""n"": 568}]}], ""soundness_bound_holds"": true, ""step_rule"": ""scale_free"", ""topology_retention_nerve_to_frozen"": {""beta0_frozen"": 6, ""beta0_nerve"": 2, ""beta1_frozen"": 0, ""beta1_nerve"": 0}}",True
0.7897196261682243,270,False,0.020026702269692925,0.02,,16.029084999994666,16.029084999994666,0.0,eeg-eye-state,5,,SPINE+Graph,10,270,1498,13482,0.9799732977303071,1759920266,False,"{""admission"": {""criterion"": ""risk"", ""removed_risk"": 4, ""removed_support"": 0}, ""betti_final"": [[1, 0], [5, 0]], ""betti_frozen"": [[1, 0], [5, 0]], ""betti_nerve"": [[1, 0], [1, 0]], ""boundary_restriction"": ""both"", ""forced_removals"": 0, ""growth_representation_fallbacks"": 140, ""invariant_held"": true, ""n_segments"": 264, ""n_train_fit"": 10112, ""n_val"": 3370, ""phase0"": [{""constant_lens"": false, ""gain"": 0.25, ""lens"": ""pc1"", ""lens_scaling"": ""standardize"", ""min_cluster_size"": 50, ""min_samples"": 5, ""n_class"": 5574, ""n_edges"": 8, ""n_intervals"": 9, ""n_vertices"": 9, ""noise_reassigned"": 4648, ""placement"": ""quantile"", ""slabs"": [{""k"": 1, ""n"": 697}, {""k"": 1, ""n"": 774}, {""k"": 1, ""n"": 774}, {""k"": 1, ""n"": 774}, {""k"": 1, ""n"": 774}, {""k"": 1, ""n"": 774}, {""k"": 1, ""n"": 774}, {""k"": 1, ""n"": 774}, {""k"": 1, ""n"": 697}]}, {""constant_lens"": false, ""gain"": 0.25, ""lens"": ""pc1"", ""lens_scaling"": ""standardize"", ""min_cluster_size"": 50, ""min_samples"": 5, ""n_class"": 4538, ""n_edges"": 8, ""n_intervals"": 9, ""n_vertices"": 9, ""noise_reassigned"": 3912, ""placement"": ""quantile"", ""slabs"": [{""k"": 1, ""n"": 568}, {""k"": 1, ""n"": 630}, {""k"": 1, ""n"": 630}, {""k"": 1, ""n"": 630}, {""k"": 1, ""n"": 630}, {""k"": 1, ""n"": 630}, {""k"": 1, ""n"": 630}, {""k"": 1, ""n"": 630}, {""k"": 1, ""n"": 568}]}], ""soundness_bound_holds"": true, ""step_rule"": ""scale_free"", ""topology_retention_nerve_to_frozen"": {""beta0_frozen"": 6, ""beta0_nerve"": 2, ""beta1_frozen"": 0, ""beta1_nerve"": 0}}",True
0.8765020026702269,270,False,0.020026702269692925,0.02,,6.019483999996737,95.40605399999185,89.38656999999512,eeg-eye-state,5,"{""epsilon"": 0.1, ""window"": 0.3}",LVQ3,10,270,1498,13482,0.9799732977303071,1759920266,False,,True
0.8277703604806409,270,False,0.020026702269692925,0.02,"{""0"": 149, ""1"": 121}",12.306862999997975,12.306862999997975,0.0,eeg-eye-state,5,,KMeans,10,270,1498,13482,0.9799732977303071,1759920266,False,,True
0.7149532710280374,270,False,0.020026702269692925,0.02,"{""0"": 149, ""1"": 121}",0.0017670000015641563,0.0017670000015641563,0.0,eeg-eye-state,5,,Random,10,270,1498,13482,0.9799732977303071,1759920266,False,,True
0.7496662216288384,270,False,0.020026702269692925,0.02,,4.170707000004768,4.170707000004768,0.0,eeg-eye-state,5,,SPOT,10,270,1498,13482,0.9799732977303071,1759920266,False,,True
0.7623497997329773,270,False,0.020026702269692925,0.02,,82.20519200000126,82.20519200000126,0.0,eeg-eye-state,5,,GLVQ,10,270,1498,13482,0.9799732977303071,1759920266,False,,True
0.7797062750333779,270,False,0.020026702269692925,0.02,,4.1611269999993965,4.1611269999993965,0.0,eeg-eye-state,5,,GNG,10,270,1498,13482,0.9799732977303071,1759920266,False,,True
0.9312416555407209,674,False,0.049992582702863074,0.05,,0.00013300000136950985,0.00013300000136950985,0.0,eeg-eye-state,5,,Full,10,13482,1498,13482,0.0,1759920266,True,,False
0.9145527369826435,674,False,0.049992582702863074,0.05,,5.674251000004006,5.674251000004006,0.0,eeg-eye-state,5,,RSP3,10,5408,1498,13482,0.5988725708351876,1759920266,True,,False
0.8624833110814419,674,False,0.049992582702863074,0.05,,8.106080000005022,8.106080000005022,0.0,eeg-eye-state,5,,RHC,10,2264,1498,13482,0.8320723928200564,1759920266,True,,False
0.8204272363150867,674,False,0.049992582702863074,0.05,,50.566305000000284,50.566305000000284,0.0,eeg-eye-state,5,,SPINE+1NN,10,674,1498,13482,0.9500074172971369,1759920266,False,"{""admission"": {""criterion"": ""risk"", ""removed_risk"": 4, ""removed_support"": 0}, ""betti_final"": [[1, 0], [5, 0]], ""betti_frozen"": [[1, 0], [5, 0]], ""betti_nerve"": [[1, 0], [1, 0]], ""boundary_restriction"": ""both"", ""forced_removals"": 0, ""growth_representation_fallbacks"": 362, ""invariant_held"": true, ""n_segments"": 668, ""n_train_fit"": 10112, ""n_val"": 3370, ""phase0"": [{""constant_lens"": false, ""gain"": 0.25, ""lens"": ""pc1"", ""lens_scaling"": ""standardize"", ""min_cluster_size"": 50, ""min_samples"": 5, ""n_class"": 5574, ""n_edges"": 8, ""n_intervals"": 9, ""n_vertices"": 9, ""noise_reassigned"": 4648, ""placement"": ""quantile"", ""slabs"": [{""k"": 1, ""n"": 697}, {""k"": 1, ""n"": 774}, {""k"": 1, ""n"": 774}, {""k"": 1, ""n"": 774}, {""k"": 1, ""n"": 774}, {""k"": 1, ""n"": 774}, {""k"": 1, ""n"": 774}, {""k"": 1, ""n"": 774}, {""k"": 1, ""n"": 697}]}, {""constant_lens"": false, ""gain"": 0.25, ""lens"": ""pc1"", ""lens_scaling"": ""standardize"", ""min_cluster_size"": 50, ""min_samples"": 5, ""n_class"": 4538, ""n_edges"": 8, ""n_intervals"": 9, ""n_vertices"": 9, ""noise_reassigned"": 3912, ""placement"": ""quantile"", ""slabs"": [{""k"": 1, ""n"": 568}, {""k"": 1, ""n"": 630}, {""k"": 1, ""n"": 630}, {""k"": 1, ""n"": 630}, {""k"": 1, ""n"": 630}, {""k"": 1, ""n"": 630}, {""k"": 1, ""n"": 630}, {""k"": 1, ""n"": 630}, {""k"": 1, ""n"": 568}]}], ""soundness_bound_holds"": true, ""step_rule"": ""scale_free"", ""topology_retention_nerve_to_frozen"": {""beta0_frozen"": 6, ""beta0_nerve"": 2, ""beta1_frozen"": 0, ""beta1_nerve"": 0}}",True
0.8311081441922563,674,False,0.049992582702863074,0.05,,50.566305000000284,50.566305000000284,0.0,eeg-eye-state,5,,SPINE+Graph,10,674,1498,13482,0.9500074172971369,1759920266,False,"{""admission"": {""criterion"": ""risk"", ""removed_risk"": 4, ""removed_support"": 0}, ""betti_final"": [[1, 0], [5, 0]], ""betti_frozen"": [[1, 0], [5, 0]], ""betti_nerve"": [[1, 0], [1, 0]], ""boundary_restriction"": ""both"", ""forced_removals"": 0, ""growth_representation_fallbacks"": 362, ""invariant_held"": true, ""n_segments"": 668, ""n_train_fit"": 10112, ""n_val"": 3370, ""phase0"": [{""constant_lens"": false, ""gain"": 0.25, ""lens"": ""pc1"", ""lens_scaling"": ""standardize"", ""min_cluster_size"": 50, ""min_samples"": 5, ""n_class"": 5574, ""n_edges"": 8, ""n_intervals"": 9, ""n_vertices"": 9, ""noise_reassigned"": 4648, ""placement"": ""quantile"", ""slabs"": [{""k"": 1, ""n"": 697}, {""k"": 1, ""n"": 774}, {""k"": 1, ""n"": 774}, {""k"": 1, ""n"": 774}, {""k"": 1, ""n"": 774}, {""k"": 1, ""n"": 774}, {""k"": 1, ""n"": 774}, {""k"": 1, ""n"": 774}, {""k"": 1, ""n"": 697}]}, {""constant_lens"": false, ""gain"": 0.25, ""lens"": ""pc1"", ""lens_scaling"": ""standardize"", ""min_cluster_size"": 50, ""min_samples"": 5, ""n_class"": 4538, ""n_edges"": 8, ""n_intervals"": 9, ""n_vertices"": 9, ""noise_reassigned"": 3912, ""placement"": ""quantile"", ""slabs"": [{""k"": 1, ""n"": 568}, {""k"": 1, ""n"": 630}, {""k"": 1, ""n"": 630}, {""k"": 1, ""n"": 630}, {""k"": 1, ""n"": 630}, {""k"": 1, ""n"": 630}, {""k"": 1, ""n"": 630}, {""k"": 1, ""n"": 630}, {""k"": 1, ""n"": 568}]}], ""soundness_bound_holds"": true, ""step_rule"": ""scale_free"", ""topology_retention_nerve_to_frozen"": {""beta0_frozen"": 6, ""beta0_nerve"": 2, ""beta1_frozen"": 0, ""beta1_nerve"": 0}}",True
0.8871829105473965,674,False,0.049992582702863074,0.05,,9.484161000000313,162.73736700000154,153.25320600000123,eeg-eye-state,5,"{""epsilon"": 0.1, ""window"": 0.3}",LVQ3,10,674,1498,13482,0.9500074172971369,1759920266,False,,True
0.8791722296395194,674,False,0.049992582702863074,0.05,"{""0"": 371, ""1"": 303}",19.434879999993427,19.434879999993427,0.0,eeg-eye-state,5,,KMeans,10,674,1498,13482,0.9500074172971369,1759920266,False,,True
0.7403204272363151,674,False,0.049992582702863074,0.05,"{""0"": 371, ""1"": 303}",0.002121000004990492,0.002121000004990492,0.0,eeg-eye-state,5,,Random,10,674,1498,13482,0.9500074172971369,1759920266,False,,True
0.815086782376502,674,False,0.049992582702863074,0.05,,5.682917999998608,5.682917999998608,0.0,eeg-eye-state,5,,SPOT,10,674,1498,13482,0.9500074172971369,1759920266,False,,True
0.7583444592790387,674,False,0.049992582702863074,0.05,,198.7793909999964,198.7793909999964,0.0,eeg-eye-state,5,,GLVQ,10,674,1498,13482,0.9500074172971369,1759920266,False,,True
0.8511348464619493,674,False,0.049992582702863074,0.05,,23.28237800000352,23.28237800000352,0.0,eeg-eye-state,5,,GNG,10,674,1498,13482,0.9500074172971369,1759920266,False,,True
0.9312416555407209,1348,False,0.09998516540572615,0.1,,0.00013300000136950985,0.00013300000136950985,0.0,eeg-eye-state,5,,Full,10,13482,1498,13482,0.0,1759920266,True,,False
0.9145527369826435,1348,False,0.09998516540572615,0.1,,5.674251000004006,5.674251000004006,0.0,eeg-eye-state,5,,RSP3,10,5408,1498,13482,0.5988725708351876,1759920266,True,,False
0.8624833110814419,1348,False,0.09998516540572615,0.1,,8.106080000005022,8.106080000005022,0.0,eeg-eye-state,5,,RHC,10,2264,1498,13482,0.8320723928200564,1759920266,True,,False
0.8704939919893191,1348,False,0.09998516540572615,0.1,,178.50839299999643,178.50839299999643,0.0,eeg-eye-state,5,,SPINE+1NN,10,1348,1498,13482,0.9000148345942739,1759920266,False,"{""admission"": {""criterion"": ""risk"", ""removed_risk"": 4, ""removed_support"": 0}, ""betti_final"": [[1, 0], [5, 0]], ""betti_frozen"": [[1, 0], [5, 0]], ""betti_nerve"": [[1, 0], [1, 0]], ""boundary_restriction"": ""both"", ""forced_removals"": 0, ""growth_representation_fallbacks"": 768, ""invariant_held"": true, ""n_segments"": 1342, ""n_train_fit"": 10112, ""n_val"": 3370, ""phase0"": [{""constant_lens"": false, ""gain"": 0.25, ""lens"": ""pc1"", ""lens_scaling"": ""standardize"", ""min_cluster_size"": 50, ""min_samples"": 5, ""n_class"": 5574, ""n_edges"": 8, ""n_intervals"": 9, ""n_vertices"": 9, ""noise_reassigned"": 4648, ""placement"": ""quantile"", ""slabs"": [{""k"": 1, ""n"": 697}, {""k"": 1, ""n"": 774}, {""k"": 1, ""n"": 774}, {""k"": 1, ""n"": 774}, {""k"": 1, ""n"": 774}, {""k"": 1, ""n"": 774}, {""k"": 1, ""n"": 774}, {""k"": 1, ""n"": 774}, {""k"": 1, ""n"": 697}]}, {""constant_lens"": false, ""gain"": 0.25, ""lens"": ""pc1"", ""lens_scaling"": ""standardize"", ""min_cluster_size"": 50, ""min_samples"": 5, ""n_class"": 4538, ""n_edges"": 8, ""n_intervals"": 9, ""n_vertices"": 9, ""noise_reassigned"": 3912, ""placement"": ""quantile"", ""slabs"": [{""k"": 1, ""n"": 568}, {""k"": 1, ""n"": 630}, {""k"": 1, ""n"": 630}, {""k"": 1, ""n"": 630}, {""k"": 1, ""n"": 630}, {""k"": 1, ""n"": 630}, {""k"": 1, ""n"": 630}, {""k"": 1, ""n"": 630}, {""k"": 1, ""n"": 568}]}], ""soundness_bound_holds"": true, ""step_rule"": ""scale_free"", ""topology_retention_nerve_to_frozen"": {""beta0_frozen"": 6, ""beta0_nerve"": 2, ""beta1_frozen"": 0, ""beta1_nerve"": 0}}",True
0.8758344459279038,1348,False,0.09998516540572615,0.1,,178.50839299999643,178.50839299999643,0.0,eeg-eye-state,5,,SPINE+Graph,10,1348,1498,13482,0.9000148345942739,1759920266,False,"{""admission"": {""criterion"": ""risk"", ""removed_risk"": 4, ""removed_support"": 0}, ""betti_final"": [[1, 0], [5, 0]], ""betti_frozen"": [[1, 0], [5, 0]], ""betti_nerve"": [[1, 0], [1, 0]], ""boundary_restriction"": ""both"", ""forced_removals"": 0, ""growth_representation_fallbacks"": 768, ""invariant_held"": true, ""n_segments"": 1342, ""n_train_fit"": 10112, ""n_val"": 3370, ""phase0"": [{""constant_lens"": false, ""gain"": 0.25, ""lens"": ""pc1"", ""lens_scaling"": ""standardize"", ""min_cluster_size"": 50, ""min_samples"": 5, ""n_class"": 5574, ""n_edges"": 8, ""n_intervals"": 9, ""n_vertices"": 9, ""noise_reassigned"": 4648, ""placement"": ""quantile"", ""slabs"": [{""k"": 1, ""n"": 697}, {""k"": 1, ""n"": 774}, {""k"": 1, ""n"": 774}, {""k"": 1, ""n"": 774}, {""k"": 1, ""n"": 774}, {""k"": 1, ""n"": 774}, {""k"": 1, ""n"": 774}, {""k"": 1, ""n"": 774}, {""k"": 1, ""n"": 697}]}, {""constant_lens"": false, ""gain"": 0.25, ""lens"": ""pc1"", ""lens_scaling"": ""standardize"", ""min_cluster_size"": 50, ""min_samples"": 5, ""n_class"": 4538, ""n_edges"": 8, ""n_intervals"": 9, ""n_vertices"": 9, ""noise_reassigned"": 3912, ""placement"": ""quantile"", ""slabs"": [{""k"": 1, ""n"": 568}, {""k"": 1, ""n"": 630}, {""k"": 1, ""n"": 630}, {""k"": 1, ""n"": 630}, {""k"": 1, ""n"": 630}, {""k"": 1, ""n"": 630}, {""k"": 1, ""n"": 630}, {""k"": 1, ""n"": 630}, {""k"": 1, ""n"": 568}]}], ""soundness_bound_holds"": true, ""step_rule"": ""scale_free"", ""topology_retention_nerve_to_frozen"": {""beta0_frozen"": 6, ""beta0_nerve"": 2, ""beta1_frozen"": 0, ""beta1_nerve"": 0}}",True
0.910547396528705,1348,False,0.09998516540572615,0.1,,15.315447000000859,261.6833809999953,246.36793399999442,eeg-eye-state,5,"{""epsilon"": 0.1, ""window"": 0.3}",LVQ3,10,1348,1498,13482,0.9000148345942739,1759920266,False,,True
0.8851802403204272,1348,False,0.09998516540572615,0.1,"{""0"": 743, ""1"": 605}",33.566312000002654,33.566312000002654,0.0,eeg-eye-state,5,,KMeans,10,1348,1498,13482,0.9000148345942739,1759920266,False,,True
0.8104138851802403,1348,False,0.09998516540572615,0.1,"{""0"": 743, ""1"": 605}",0.0024020000055315904,0.0024020000055315904,0.0,eeg-eye-state,5,,Random,10,1348,1498,13482,0.9000148345942739,1759920266,False,,True
0.835113484646195,1348,False,0.09998516540572615,0.1,,5.807010999997146,5.807010999997146,0.0,eeg-eye-state,5,,SPOT,10,1348,1498,13482,0.9000148345942739,1759920266,False,,True
0.7663551401869159,1348,False,0.09998516540572615,0.1,,393.1939080000011,393.1939080000011,0.0,eeg-eye-state,5,,GLVQ,10,1348,1498,13482,0.9000148345942739,1759920266,False,,True
0.8825100133511349,1348,False,0.09998516540572615,0.1,,88.79919299999892,88.79919299999892,0.0,eeg-eye-state,5,,GNG,10,1348,1498,13482,0.9000148345942739,1759920266,False,,True
0.9312416555407209,3371,False,0.2500370864856846,0.25,,0.00013300000136950985,0.00013300000136950985,0.0,eeg-eye-state,5,,Full,10,13482,1498,13482,0.0,1759920266,True,,False
0.9145527369826435,3371,False,0.2500370864856846,0.25,,5.674251000004006,5.674251000004006,0.0,eeg-eye-state,5,,RSP3,10,5408,1498,13482,0.5988725708351876,1759920266,True,,False
0.8624833110814419,3371,False,0.2500370864856846,0.25,,8.106080000005022,8.106080000005022,0.0,eeg-eye-state,5,,RHC,10,2264,1498,13482,0.8320723928200564,1759920266,True,,False
0.8985313751668892,3371,False,0.2500370864856846,0.25,,1342.0252239999973,1342.0252239999973,0.0,eeg-eye-state,5,,SPINE+1NN,10,3371,1498,13482,0.7499629135143153,1759920266,False,"{""admission"": {""criterion"": ""risk"", ""removed_risk"": 4, ""removed_support"": 0}, ""betti_final"": [[1, 0], [5, 0]], ""betti_frozen"": [[1, 0], [5, 0]], ""betti_nerve"": [[1, 0], [1, 0]], ""boundary_restriction"": ""both"", ""forced_removals"": 0, ""growth_representation_fallbacks"": 3109, ""invariant_held"": true, ""n_segments"": 3365, ""n_train_fit"": 10112, ""n_val"": 3370, ""phase0"": [{""constant_lens"": false, ""gain"": 0.25, ""lens"": ""pc1"", ""lens_scaling"": ""standardize"", ""min_cluster_size"": 50, ""min_samples"": 5, ""n_class"": 5574, ""n_edges"": 8, ""n_intervals"": 9, ""n_vertices"": 9, ""noise_reassigned"": 4648, ""placement"": ""quantile"", ""slabs"": [{""k"": 1, ""n"": 697}, {""k"": 1, ""n"": 774}, {""k"": 1, ""n"": 774}, {""k"": 1, ""n"": 774}, {""k"": 1, ""n"": 774}, {""k"": 1, ""n"": 774}, {""k"": 1, ""n"": 774}, {""k"": 1, ""n"": 774}, {""k"": 1, ""n"": 697}]}, {""constant_lens"": false, ""gain"": 0.25, ""lens"": ""pc1"", ""lens_scaling"": ""standardize"", ""min_cluster_size"": 50, ""min_samples"": 5, ""n_class"": 4538, ""n_edges"": 8, ""n_intervals"": 9, ""n_vertices"": 9, ""noise_reassigned"": 3912, ""placement"": ""quantile"", ""slabs"": [{""k"": 1, ""n"": 568}, {""k"": 1, ""n"": 630}, {""k"": 1, ""n"": 630}, {""k"": 1, ""n"": 630}, {""k"": 1, ""n"": 630}, {""k"": 1, ""n"": 630}, {""k"": 1, ""n"": 630}, {""k"": 1, ""n"": 630}, {""k"": 1, ""n"": 568}]}], ""soundness_bound_holds"": true, ""step_rule"": ""scale_free"", ""topology_retention_nerve_to_frozen"": {""beta0_frozen"": 6, ""beta0_nerve"": 2, ""beta1_frozen"": 0, ""beta1_nerve"": 0}}",True
0.9012016021361816,3371,False,0.2500370864856846,0.25,,1342.0252239999973,1342.0252239999973,0.0,eeg-eye-state,5,,SPINE+Graph,10,3371,1498,13482,0.7499629135143153,1759920266,False,"{""admission"": {""criterion"": ""risk"", ""removed_risk"": 4, ""removed_support"": 0}, ""betti_final"": [[1, 0], [5, 0]], ""betti_frozen"": [[1, 0], [5, 0]], ""betti_nerve"": [[1, 0], [1, 0]], ""boundary_restriction"": ""both"", ""forced_removals"": 0, ""growth_representation_fallbacks"": 3109, ""invariant_held"": true, ""n_segments"": 3365, ""n_train_fit"": 10112, ""n_val"": 3370, ""phase0"": [{""constant_lens"": false, ""gain"": 0.25, ""lens"": ""pc1"", ""lens_scaling"": ""standardize"", ""min_cluster_size"": 50, ""min_samples"": 5, ""n_class"": 5574, ""n_edges"": 8, ""n_intervals"": 9, ""n_vertices"": 9, ""noise_reassigned"": 4648, ""placement"": ""quantile"", ""slabs"": [{""k"": 1, ""n"": 697}, {""k"": 1, ""n"": 774}, {""k"": 1, ""n"": 774}, {""k"": 1, ""n"": 774}, {""k"": 1, ""n"": 774}, {""k"": 1, ""n"": 774}, {""k"": 1, ""n"": 774}, {""k"": 1, ""n"": 774}, {""k"": 1, ""n"": 697}]}, {""constant_lens"": false, ""gain"": 0.25, ""lens"": ""pc1"", ""lens_scaling"": ""standardize"", ""min_cluster_size"": 50, ""min_samples"": 5, ""n_class"": 4538, ""n_edges"": 8, ""n_intervals"": 9, ""n_vertices"": 9, ""noise_reassigned"": 3912, ""placement"": ""quantile"", ""slabs"": [{""k"": 1, ""n"": 568}, {""k"": 1, ""n"": 630}, {""k"": 1, ""n"": 630}, {""k"": 1, ""n"": 630}, {""k"": 1, ""n"": 630}, {""k"": 1, ""n"": 630}, {""k"": 1, ""n"": 630}, {""k"": 1, ""n"": 630}, {""k"": 1, ""n"": 568}]}], ""soundness_bound_holds"": true, ""step_rule"": ""scale_free"", ""topology_retention_nerve_to_frozen"": {""beta0_frozen"": 6, ""beta0_nerve"": 2, ""beta1_frozen"": 0, ""beta1_nerve"": 0}}",True
0.8998664886515354,3371,False,0.2500370864856846,0.25,,42.53686199999356,723.8112839999958,681.2744220000022,eeg-eye-state,5,"{""epsilon"": 0.3, ""window"": 0.3}",LVQ3,10,3371,1498,13482,0.7499629135143153,1759920266,False,,True
0.904539385847797,3371,False,0.2500370864856846,0.25,"{""0"": 1858, ""1"": 1513}",47.114495000001625,47.114495000001625,0.0,eeg-eye-state,5,,KMeans,10,3371,1498,13482,0.7499629135143153,1759920266,False,,True
0.8504672897196262,3371,False,0.2500370864856846,0.25,"{""0"": 1858, ""1"": 1513}",0.0032309999951394275,0.0032309999951394275,0.0,eeg-eye-state,5,,Random,10,3371,1498,13482,0.7499629135143153,1759920266,False,,True
0.8731642189586115,3371,False,0.2500370864856846,0.25,,5.816351000001305,5.816351000001305,0.0,eeg-eye-state,5,,SPOT,10,3371,1498,13482,0.7499629135143153,1759920266,False,,True
0.7696929238985314,3371,False,0.2500370864856846,0.25,,968.6761449999976,968.6761449999976,0.0,eeg-eye-state,5,,GLVQ,10,3371,1498,13482,0.7499629135143153,1759920266,False,,True
0.9085447263017357,3371,False,0.2500370864856846,0.25,,531.6631310000012,531.6631310000012,0.0,eeg-eye-state,5,,GNG,10,3371,1498,13482,0.7499629135143153,1759920266,False,,True
0.8411214953271028,67,False,0.004969589081738614,0.005,,9.999999747378752e-05,9.999999747378752e-05,0.0,eeg-eye-state,6,,Full,10,13482,1498,13482,0.0,1760920269,False,,False
0.8277703604806409,67,False,0.004969589081738614,0.005,,6.129421999998158,6.129421999998158,0.0,eeg-eye-state,6,,RSP3,10,6611,1498,13482,0.5096424862780002,1760920269,False,,False
0.7950600801068091,67,False,0.004969589081738614,0.005,,10.92768100000103,10.92768100000103,0.0,eeg-eye-state,6,,RHC,10,3222,1498,13482,0.7610146862483311,1760920269,False,,False
0.6181575433911882,67,False,0.004969589081738614,0.005,,10.171583000003011,10.171583000003011,0.0,eeg-eye-state,6,,SPINE+1NN,10,67,1498,13482,0.9950304109182614,1760920269,False,"{""admission"": {""criterion"": ""risk"", ""removed_risk"": 7, ""removed_support"": 0}, ""betti_final"": [[2, 0], [7, 0]], ""betti_frozen"": [[2, 0], [7, 0]], ""betti_nerve"": [[1, 0], [1, 0]], ""boundary_restriction"": ""both"", ""forced_removals"": 0, ""growth_representation_fallbacks"": 21, ""invariant_held"": true, ""n_segments"": 58, ""n_train_fit"": 10112, ""n_val"": 3370, ""phase0"": [{""constant_lens"": false, ""gain"": 0.25, ""lens"": ""pc1"", ""lens_scaling"": ""standardize"", ""min_cluster_size"": 50, ""min_samples"": 5, ""n_class"": 5574, ""n_edges"": 8, ""n_intervals"": 9, ""n_vertices"": 9, ""noise_reassigned"": 5425, ""placement"": ""quantile"", ""slabs"": [{""k"": 1, ""n"": 697}, {""k"": 1, ""n"": 774}, {""k"": 1, ""n"": 774}, {""k"": 1, ""n"": 774}, {""k"": 1, ""n"": 774}, {""k"": 1, ""n"": 774}, {""k"": 1, ""n"": 774}, {""k"": 1, ""n"": 774}, {""k"": 1, ""n"": 697}]}, {""constant_lens"": false, ""gain"": 0.25, ""lens"": ""pc1"", ""lens_scaling"": ""standardize"", ""min_cluster_size"": 50, ""min_samples"": 5, ""n_class"": 4538, ""n_edges"": 8, ""n_intervals"": 9, ""n_vertices"": 9, ""noise_reassigned"": 4524, ""placement"": ""quantile"", ""slabs"": [{""k"": 1, ""n"": 568}, {""k"": 1, ""n"": 630}, {""k"": 1, ""n"": 630}, {""k"": 1, ""n"": 630}, {""k"": 1, ""n"": 630}, {""k"": 1, ""n"": 630}, {""k"": 1, ""n"": 630}, {""k"": 1, ""n"": 630}, {""k"": 1, ""n"": 568}]}], ""soundness_bound_holds"": true, ""step_rule"": ""scale_free"", ""topology_retention_nerve_to_frozen"": {""beta0_frozen"": 9, ""beta0_nerve"": 2, ""beta1_frozen"": 0, ""beta1_nerve"": 0}}",True
0.6295060080106809,67,False,0.004969589081738614,0.005,,10.171583000003011,10.171583000003011,0.0,eeg-eye-state,6,,SPINE+Graph,10,67,1498,13482,0.9950304109182614,1760920269,False,"{""admission"": {""criterion"": ""risk"", ""removed_risk"": 7, ""removed_support"": 0}, ""betti_final"": [[2, 0], [7, 0]], ""betti_frozen"": [[2, 0], [7, 0]], ""betti_nerve"": [[1, 0], [1, 0]], ""boundary_restriction"": ""both"", ""forced_removals"": 0, ""growth_representation_fallbacks"": 21, ""invariant_held"": true, ""n_segments"": 58, ""n_train_fit"": 10112, ""n_val"": 3370, ""phase0"": [{""constant_lens"": false, ""gain"": 0.25, ""lens"": ""pc1"", ""lens_scaling"": ""standardize"", ""min_cluster_size"": 50, ""min_samples"": 5, ""n_class"": 5574, ""n_edges"": 8, ""n_intervals"": 9, ""n_vertices"": 9, ""noise_reassigned"": 5425, ""placement"": ""quantile"", ""slabs"": [{""k"": 1, ""n"": 697}, {""k"": 1, ""n"": 774}, {""k"": 1, ""n"": 774}, {""k"": 1, ""n"": 774}, {""k"": 1, ""n"": 774}, {""k"": 1, ""n"": 774}, {""k"": 1, ""n"": 774}, {""k"": 1, ""n"": 774}, {""k"": 1, ""n"": 697}]}, {""constant_lens"": false, ""gain"": 0.25, ""lens"": ""pc1"", ""lens_scaling"": ""standardize"", ""min_cluster_size"": 50, ""min_samples"": 5, ""n_class"": 4538, ""n_edges"": 8, ""n_intervals"": 9, ""n_vertices"": 9, ""noise_reassigned"": 4524, ""placement"": ""quantile"", ""slabs"": [{""k"": 1, ""n"": 568}, {""k"": 1, ""n"": 630}, {""k"": 1, ""n"": 630}, {""k"": 1, ""n"": 630}, {""k"": 1, ""n"": 630}, {""k"": 1, ""n"": 630}, {""k"": 1, ""n"": 630}, {""k"": 1, ""n"": 630}, {""k"": 1, ""n"": 568}]}], ""soundness_bound_holds"": true, ""step_rule"": ""scale_free"", ""topology_retention_nerve_to_frozen"": {""beta0_frozen"": 9, ""beta0_nerve"": 2, ""beta1_frozen"": 0, ""beta1_nerve"": 0}}",True
0.7456608811748998,67,False,0.004969589081738614,0.005,,2.9208230000003823,50.5352619999976,47.61443899999722,eeg-eye-state,6,"{""epsilon"": 0.1, ""window"": 0.2}",LVQ3,10,67,1498,13482,0.9950304109182614,1760920269,False,,True
0.6969292389853138,67,False,0.004969589081738614,0.005,"{""0"": 37, ""1"": 30}",4.1257820000028005,4.1257820000028005,0.0,eeg-eye-state,6,,KMeans,10,67,1498,13482,0.9950304109182614,1760920269,False,,True
0.6101468624833111,67,False,0.004969589081738614,0.005,"{""0"": 37, ""1"": 30}",0.004397999997308943,0.004397999997308943,0.0,eeg-eye-state,6,,Random,10,67,1498,13482,0.9950304109182614,1760920269,False,,True
0.6261682242990654,67,False,0.004969589081738614,0.005,,4.386742000002414,4.386742000002414,0.0,eeg-eye-state,6,,SPOT,10,67,1498,13482,0.9950304109182614,1760920269,False,,True
0.7162883845126836,67,False,0.004969589081738614,0.005,,23.627214000000095,23.627214000000095,0.0,eeg-eye-state,6,,GLVQ,10,67,1498,13482,0.9950304109182614,1760920269,False,,True
0.6381842456608812,67,False,0.004969589081738614,0.005,,0.41458499999862397,0.41458499999862397,0.0,eeg-eye-state,6,,GNG,10,67,1498,13482,0.9950304109182614,1760920269,False,,True
0.8411214953271028,135,False,0.010013351134846462,0.01,,9.999999747378752e-05,9.999999747378752e-05,0.0,eeg-eye-state,6,,Full,10,13482,1498,13482,0.0,1760920269,True,,False
0.8277703604806409,135,False,0.010013351134846462,0.01,,6.129421999998158,6.129421999998158,0.0,eeg-eye-state,6,,RSP3,10,6611,1498,13482,0.5096424862780002,1760920269,True,,False
0.7950600801068091,135,False,0.010013351134846462,0.01,,10.92768100000103,10.92768100000103,0.0,eeg-eye-state,6,,RHC,10,3222,1498,13482,0.7610146862483311,1760920269,True,,False
0.6702269692923899,135,False,0.010013351134846462,0.01,,10.274215000004915,10.274215000004915,0.0,eeg-eye-state,6,,SPINE+1NN,10,135,1498,13482,0.9899866488651535,1760920269,False,"{""admission"": {""criterion"": ""risk"", ""removed_risk"": 7, ""removed_support"": 0}, ""betti_final"": [[2, 0], [7, 0]], ""betti_frozen"": [[2, 0], [7, 0]], ""betti_nerve"": [[1, 0], [1, 0]], ""boundary_restriction"": ""both"", ""forced_removals"": 0, ""growth_representation_fallbacks"": 50, ""invariant_held"": true, ""n_segments"": 126, ""n_train_fit"": 10112, ""n_val"": 3370, ""phase0"": [{""constant_lens"": false, ""gain"": 0.25, ""lens"": ""pc1"", ""lens_scaling"": ""standardize"", ""min_cluster_size"": 50, ""min_samples"": 5, ""n_class"": 5574, ""n_edges"": 8, ""n_intervals"": 9, ""n_vertices"": 9, ""noise_reassigned"": 5425, ""placement"": ""quantile"", ""slabs"": [{""k"": 1, ""n"": 697}, {""k"": 1, ""n"": 774}, {""k"": 1, ""n"": 774}, {""k"": 1, ""n"": 774}, {""k"": 1, ""n"": 774}, {""k"": 1, ""n"": 774}, {""k"": 1, ""n"": 774}, {""k"": 1, ""n"": 774}, {""k"": 1, ""n"": 697}]}, {""constant_lens"": false, ""gain"": 0.25, ""lens"": ""pc1"", ""lens_scaling"": ""standardize"", ""min_cluster_size"": 50, ""min_samples"": 5, ""n_class"": 4538, ""n_edges"": 8, ""n_intervals"": 9, ""n_vertices"": 9, ""noise_reassigned"": 4524, ""placement"": ""quantile"", ""slabs"": [{""k"": 1, ""n"": 568}, {""k"": 1, ""n"": 630}, {""k"": 1, ""n"": 630}, {""k"": 1, ""n"": 630}, {""k"": 1, ""n"": 630}, {""k"": 1, ""n"": 630}, {""k"": 1, ""n"": 630}, {""k"": 1, ""n"": 630}, {""k"": 1, ""n"": 568}]}], ""soundness_bound_holds"": true, ""step_rule"": ""scale_free"", ""topology_retention_nerve_to_frozen"": {""beta0_frozen"": 9, ""beta0_nerve"": 2, ""beta1_frozen"": 0, ""beta1_nerve"": 0}}",True
0.6902536715620827,135,False,0.010013351134846462,0.01,,10.274215000004915,10.274215000004915,0.0,eeg-eye-state,6,,SPINE+Graph,10,135,1498,13482,0.9899866488651535,1760920269,False,"{""admission"": {""criterion"": ""risk"", ""removed_risk"": 7, ""removed_support"": 0}, ""betti_final"": [[2, 0], [7, 0]], ""betti_frozen"": [[2, 0], [7, 0]], ""betti_nerve"": [[1, 0], [1, 0]], ""boundary_restriction"": ""both"", ""forced_removals"": 0, ""growth_representation_fallbacks"": 50, ""invariant_held"": true, ""n_segments"": 126, ""n_train_fit"": 10112, ""n_val"": 3370, ""phase0"": [{""constant_lens"": false, ""gain"": 0.25, ""lens"": ""pc1"", ""lens_scaling"": ""standardize"", ""min_cluster_size"": 50, ""min_samples"": 5, ""n_class"": 5574, ""n_edges"": 8, ""n_intervals"": 9, ""n_vertices"": 9, ""noise_reassigned"": 5425, ""placement"": ""quantile"", ""slabs"": [{""k"": 1, ""n"": 697}, {""k"": 1, ""n"": 774}, {""k"": 1, ""n"": 774}, {""k"": 1, ""n"": 774}, {""k"": 1, ""n"": 774}, {""k"": 1, ""n"": 774}, {""k"": 1, ""n"": 774}, {""k"": 1, ""n"": 774}, {""k"": 1, ""n"": 697}]}, {""constant_lens"": false, ""gain"": 0.25, ""lens"": ""pc1"", ""lens_scaling"": ""standardize"", ""min_cluster_size"": 50, ""min_samples"": 5, ""n_class"": 4538, ""n_edges"": 8, ""n_intervals"": 9, ""n_vertices"": 9, ""noise_reassigned"": 4524, ""placement"": ""quantile"", ""slabs"": [{""k"": 1, ""n"": 568}, {""k"": 1, ""n"": 630}, {""k"": 1, ""n"": 630}, {""k"": 1, ""n"": 630}, {""k"": 1, ""n"": 630}, {""k"": 1, ""n"": 630}, {""k"": 1, ""n"": 630}, {""k"": 1, ""n"": 630}, {""k"": 1, ""n"": 568}]}], ""soundness_bound_holds"": true, ""step_rule"": ""scale_free"", ""topology_retention_nerve_to_frozen"": {""beta0_frozen"": 9, ""beta0_nerve"": 2, ""beta1_frozen"": 0, ""beta1_nerve"": 0}}",True
0.7970627503337784,135,False,0.010013351134846462,0.01,,4.030343000005814,62.07520400000794,58.04486100000213,eeg-eye-state,6,"{""epsilon"": 0.1, ""window"": 0.3}",LVQ3,10,135,1498,13482,0.9899866488651535,1760920269,False,,True
0.7463284379172229,135,False,0.010013351134846462,0.01,"{""0"": 74, ""1"": 61}",8.237021999993885,8.237021999993885,0.0,eeg-eye-state,6,,KMeans,10,135,1498,13482,0.9899866488651535,1760920269,False,,True
0.62283044058745,135,False,0.010013351134846462,0.01,"{""0"": 74, ""1"": 61}",0.001618000002054032,0.001618000002054032,0.0,eeg-eye-state,6,,Random,10,135,1498,13482,0.9899866488651535,1760920269,False,,True
0.664886515353805,135,False,0.010013351134846462,0.01,,4.169230999999854,4.169230999999854,0.0,eeg-eye-state,6,,SPOT,10,135,1498,13482,0.9899866488651535,1760920269,False,,True
0.7309746328437917,135,False,0.010013351134846462,0.01,,43.00011800000357,43.00011800000357,0.0,eeg-eye-state,6,,GLVQ,10,135,1498,13482,0.9899866488651535,1760920269,False,,True
0.6895861148197597,135,False,0.010013351134846462,0.01,,1.2205079999985173,1.2205079999985173,0.0,eeg-eye-state,6,,GNG,10,135,1498,13482,0.9899866488651535,1760920269,False,,True
0.8411214953271028,270,False,0.020026702269692925,0.02,,9.999999747378752e-05,9.999999747378752e-05,0.0,eeg-eye-state,6,,Full,10,13482,1498,13482,0.0,1760920269,True,,False
0.8277703604806409,270,False,0.020026702269692925,0.02,,6.129421999998158,6.129421999998158,0.0,eeg-eye-state,6,,RSP3,10,6611,1498,13482,0.5096424862780002,1760920269,True,,False
0.7950600801068091,270,False,0.020026702269692925,0.02,,10.92768100000103,10.92768100000103,0.0,eeg-eye-state,6,,RHC,10,3222,1498,13482,0.7610146862483311,1760920269,True,,False
0.719626168224299,270,False,0.020026702269692925,0.02,,15.296064000001934,15.296064000001934,0.0,eeg-eye-state,6,,SPINE+1NN,10,270,1498,13482,0.9799732977303071,1760920269,False,"{""admission"": {""criterion"": ""risk"", ""removed_risk"": 7, ""removed_support"": 0}, ""betti_final"": [[2, 0], [7, 0]], ""betti_frozen"": [[2, 0], [7, 0]], ""betti_nerve"": [[1, 0], [1, 0]], ""boundary_restriction"": ""both"", ""forced_removals"": 0, ""growth_representation_fallbacks"": 115, ""invariant_held"": true, ""n_segments"": 261, ""n_train_fit"": 10112, ""n_val"": 3370, ""phase0"": [{""constant_lens"": false, ""gain"": 0.25, ""lens"": ""pc1"", ""lens_scaling"": ""standardize"", ""min_cluster_size"": 50, ""min_samples"": 5, ""n_class"": 5574, ""n_edges"": 8, ""n_intervals"": 9, ""n_vertices"": 9, ""noise_reassigned"": 5425, ""placement"": ""quantile"", ""slabs"": [{""k"": 1, ""n"": 697}, {""k"": 1, ""n"": 774}, {""k"": 1, ""n"": 774}, {""k"": 1, ""n"": 774}, {""k"": 1, ""n"": 774}, {""k"": 1, ""n"": 774}, {""k"": 1, ""n"": 774}, {""k"": 1, ""n"": 774}, {""k"": 1, ""n"": 697}]}, {""constant_lens"": false, ""gain"": 0.25, ""lens"": ""pc1"", ""lens_scaling"": ""standardize"", ""min_cluster_size"": 50, ""min_samples"": 5, ""n_class"": 4538, ""n_edges"": 8, ""n_intervals"": 9, ""n_vertices"": 9, ""noise_reassigned"": 4524, ""placement"": ""quantile"", ""slabs"": [{""k"": 1, ""n"": 568}, {""k"": 1, ""n"": 630}, {""k"": 1, ""n"": 630}, {""k"": 1, ""n"": 630}, {""k"": 1, ""n"": 630}, {""k"": 1, ""n"": 630}, {""k"": 1, ""n"": 630}, {""k"": 1, ""n"": 630}, {""k"": 1, ""n"": 568}]}], ""soundness_bound_holds"": true, ""step_rule"": ""scale_free"", ""topology_retention_nerve_to_frozen"": {""beta0_frozen"": 9, ""beta0_nerve"": 2, ""beta1_frozen"": 0, ""beta1_nerve"": 0}}",True
0.7369826435246996,270,False,0.020026702269692925,0.02,,15.296064000001934,15.296064000001934,0.0,eeg-eye-state,6,,SPINE+Graph,10,270,1498,13482,0.9799732977303071,1760920269,False,"{""admission"": {""criterion"": ""risk"", ""removed_risk"": 7, ""removed_support"": 0}, ""betti_final"": [[2, 0], [7, 0]], ""betti_frozen"": [[2, 0], [7, 0]], ""betti_nerve"": [[1, 0], [1, 0]], ""boundary_restriction"": ""both"", ""forced_removals"": 0, ""growth_representation_fallbacks"": 115, ""invariant_held"": true, ""n_segments"": 261, ""n_train_fit"": 10112, ""n_val"": 3370, ""phase0"": [{""constant_lens"": false, ""gain"": 0.25, ""lens"": ""pc1"", ""lens_scaling"": ""standardize"", ""min_cluster_size"": 50, ""min_samples"": 5, ""n_class"": 5574, ""n_edges"": 8, ""n_intervals"": 9, ""n_vertices"": 9, ""noise_reassigned"": 5425, ""placement"": ""quantile"", ""slabs"": [{""k"": 1, ""n"": 697}, {""k"": 1, ""n"": 774}, {""k"": 1, ""n"": 774}, {""k"": 1, ""n"": 774}, {""k"": 1, ""n"": 774}, {""k"": 1, ""n"": 774}, {""k"": 1, ""n"": 774}, {""k"": 1, ""n"": 774}, {""k"": 1, ""n"": 697}]}, {""constant_lens"": false, ""gain"": 0.25, ""lens"": ""pc1"", ""lens_scaling"": ""standardize"", ""min_cluster_size"": 50, ""min_samples"": 5, ""n_class"": 4538, ""n_edges"": 8, ""n_intervals"": 9, ""n_vertices"": 9, ""noise_reassigned"": 4524, ""placement"": ""quantile"", ""slabs"": [{""k"": 1, ""n"": 568}, {""k"": 1, ""n"": 630}, {""k"": 1, ""n"": 630}, {""k"": 1, ""n"": 630}, {""k"": 1, ""n"": 630}, {""k"": 1, ""n"": 630}, {""k"": 1, ""n"": 630}, {""k"": 1, ""n"": 630}, {""k"": 1, ""n"": 568}]}], ""soundness_bound_holds"": true, ""step_rule"": ""scale_free"", ""topology_retention_nerve_to_frozen"": {""beta0_frozen"": 9, ""beta0_nerve"": 2, ""beta1_frozen"": 0, ""beta1_nerve"": 0}}",True
0.8090787716955942,270,False,0.020026702269692925,0.02,,5.906371999997646,95.96033299999544,90.0539609999978,eeg-eye-state,6,"{""epsilon"": 0.1, ""window"": 0.2}",LVQ3,10,270,1498,13482,0.9799732977303071,1760920269,False,,True
0.7630173564753004,270,False,0.020026702269692925,0.02,"{""0"": 149, ""1"": 121}",13.638423000003968,13.638423000003968,0.0,eeg-eye-state,6,,KMeans,10,270,1498,13482,0.9799732977303071,1760920269,False,,True
0.6288384512683578,270,False,0.020026702269692925,0.02,"{""0"": 149, ""1"": 121}",0.0016269999978248961,0.0016269999978248961,0.0,eeg-eye-state,6,,Random,10,270,1498,13482,0.9799732977303071,1760920269,False,,True
0.7142857142857143,270,False,0.020026702269692925,0.02,,4.4706050000022515,4.4706050000022515,0.0,eeg-eye-state,6,,SPOT,10,270,1498,13482,0.9799732977303071,1760920269,False,,True
0.7456608811748998,270,False,0.020026702269692925,0.02,,81.33304099999805,81.33304099999805,0.0,eeg-eye-state,6,,GLVQ,10,270,1498,13482,0.9799732977303071,1760920269,False,,True
0.7289719626168224,270,False,0.020026702269692925,0.02,,4.062104000004183,4.062104000004183,0.0,eeg-eye-state,6,,GNG,10,270,1498,13482,0.9799732977303071,1760920269,False,,True
0.8411214953271028,674,False,0.049992582702863074,0.05,,9.999999747378752e-05,9.999999747378752e-05,0.0,eeg-eye-state,6,,Full,10,13482,1498,13482,0.0,1760920269,True,,False
0.8277703604806409,674,False,0.049992582702863074,0.05,,6.129421999998158,6.129421999998158,0.0,eeg-eye-state,6,,RSP3,10,6611,1498,13482,0.5096424862780002,1760920269,True,,False
0.7950600801068091,674,False,0.049992582702863074,0.05,,10.92768100000103,10.92768100000103,0.0,eeg-eye-state,6,,RHC,10,3222,1498,13482,0.7610146862483311,1760920269,True,,False
0.7937249666221629,674,False,0.049992582702863074,0.05,,48.478861000003235,48.478861000003235,0.0,eeg-eye-state,6,,SPINE+1NN,10,674,1498,13482,0.9500074172971369,1760920269,False,"{""admission"": {""criterion"": ""risk"", ""removed_risk"": 7, ""removed_support"": 0}, ""betti_final"": [[2, 0], [7, 0]], ""betti_frozen"": [[2, 0], [7, 0]], ""betti_nerve"": [[1, 0], [1, 0]], ""boundary_restriction"": ""both"", ""forced_removals"": 0, ""growth_representation_fallbacks"": 314, ""invariant_held"": true, ""n_segments"": 665, ""n_train_fit"": 10112, ""n_val"": 3370, ""phase0"": [{""constant_lens"": false, ""gain"": 0.25, ""lens"": ""pc1"", ""lens_scaling"": ""standardize"", ""min_cluster_size"": 50, ""min_samples"": 5, ""n_class"": 5574, ""n_edges"": 8, ""n_intervals"": 9, ""n_vertices"": 9, ""noise_reassigned"": 5425, ""placement"": ""quantile"", ""slabs"": [{""k"": 1, ""n"": 697}, {""k"": 1, ""n"": 774}, {""k"": 1, ""n"": 774}, {""k"": 1, ""n"": 774}, {""k"": 1, ""n"": 774}, {""k"": 1, ""n"": 774}, {""k"": 1, ""n"": 774}, {""k"": 1, ""n"": 774}, {""k"": 1, ""n"": 697}]}, {""constant_lens"": false, ""gain"": 0.25, ""lens"": ""pc1"", ""lens_scaling"": ""standardize"", ""min_cluster_size"": 50, ""min_samples"": 5, ""n_class"": 4538, ""n_edges"": 8, ""n_intervals"": 9, ""n_vertices"": 9, ""noise_reassigned"": 4524, ""placement"": ""quantile"", ""slabs"": [{""k"": 1, ""n"": 568}, {""k"": 1, ""n"": 630}, {""k"": 1, ""n"": 630}, {""k"": 1, ""n"": 630}, {""k"": 1, ""n"": 630}, {""k"": 1, ""n"": 630}, {""k"": 1, ""n"": 630}, {""k"": 1, ""n"": 630}, {""k"": 1, ""n"": 568}]}], ""soundness_bound_holds"": true, ""step_rule"": ""scale_free"", ""topology_retention_nerve_to_frozen"": {""beta0_frozen"": 9, ""beta0_nerve"": 2, ""beta1_frozen"": 0, ""beta1_nerve"": 0}}",True
0.7977303070761015,674,False,0.049992582702863074,0.05,,48.478861000003235,48.478861000003235,0.0,eeg-eye-state,6,,SPINE+Graph,10,674,1498,13482,0.9500074172971369,1760920269,False,"{""admission"": {""criterion"": ""risk"", ""removed_risk"": 7, ""removed_support"": 0}, ""betti_final"": [[2, 0], [7, 0]], ""betti_frozen"": [[2, 0], [7, 0]], ""betti_nerve"": [[1, 0], [1, 0]], ""boundary_restriction"": ""both"", ""forced_removals"": 0, ""growth_representation_fallbacks"": 314, ""invariant_held"": true, ""n_segments"": 665, ""n_train_fit"": 10112, ""n_val"": 3370, ""phase0"": [{""constant_lens"": false, ""gain"": 0.25, ""lens"": ""pc1"", ""lens_scaling"": ""standardize"", ""min_cluster_size"": 50, ""min_samples"": 5, ""n_class"": 5574, ""n_edges"": 8, ""n_intervals"": 9, ""n_vertices"": 9, ""noise_reassigned"": 5425, ""placement"": ""quantile"", ""slabs"": [{""k"": 1, ""n"": 697}, {""k"": 1, ""n"": 774}, {""k"": 1, ""n"": 774}, {""k"": 1, ""n"": 774}, {""k"": 1, ""n"": 774}, {""k"": 1, ""n"": 774}, {""k"": 1, ""n"": 774}, {""k"": 1, ""n"": 774}, {""k"": 1, ""n"": 697}]}, {""constant_lens"": false, ""gain"": 0.25, ""lens"": ""pc1"", ""lens_scaling"": ""standardize"", ""min_cluster_size"": 50, ""min_samples"": 5, ""n_class"": 4538, ""n_edges"": 8, ""n_intervals"": 9, ""n_vertices"": 9, ""noise_reassigned"": 4524, ""placement"": ""quantile"", ""slabs"": [{""k"": 1, ""n"": 568}, {""k"": 1, ""n"": 630}, {""k"": 1, ""n"": 630}, {""k"": 1, ""n"": 630}, {""k"": 1, ""n"": 630}, {""k"": 1, ""n"": 630}, {""k"": 1, ""n"": 630}, {""k"": 1, ""n"": 630}, {""k"": 1, ""n"": 568}]}], ""soundness_bound_holds"": true, ""step_rule"": ""scale_free"", ""topology_retention_nerve_to_frozen"": {""beta0_frozen"": 9, ""beta0_nerve"": 2, ""beta1_frozen"": 0, ""beta1_nerve"": 0}}",True
0.8311081441922563,674,False,0.049992582702863074,0.05,,9.154858999994758,156.70719299999473,147.55233399999997,eeg-eye-state,6,"{""epsilon"": 0.1, ""window"": 0.2}",LVQ3,10,674,1498,13482,0.9500074172971369,1760920269,False,,True
0.7917222963951935,674,False,0.049992582702863074,0.05,"{""0"": 371, ""1"": 303}",22.526364999997895,22.526364999997895,0.0,eeg-eye-state,6,,KMeans,10,674,1498,13482,0.9500074172971369,1760920269,False,,True
0.6855807743658211,674,False,0.049992582702863074,0.05,"{""0"": 371, ""1"": 303}",0.0015899999998509884,0.0015899999998509884,0.0,eeg-eye-state,6,,Random,10,674,1498,13482,0.9500074172971369,1760920269,False,,True
0.7496662216288384,674,False,0.049992582702863074,0.05,,4.727566000001389,4.727566000001389,0.0,eeg-eye-state,6,,SPOT,10,674,1498,13482,0.9500074172971369,1760920269,False,,True
0.7650200267022697,674,False,0.049992582702863074,0.05,,196.73508700000093,196.73508700000093,0.0,eeg-eye-state,6,,GLVQ,10,674,1498,13482,0.9500074172971369,1760920269,False,,True
0.7596795727636849,674,False,0.049992582702863074,0.05,,22.082494000002043,22.082494000002043,0.0,eeg-eye-state,6,,GNG,10,674,1498,13482,0.9500074172971369,1760920269,False,,True
0.8411214953271028,1348,False,0.09998516540572615,0.1,,9.999999747378752e-05,9.999999747378752e-05,0.0,eeg-eye-state,6,,Full,10,13482,1498,13482,0.0,1760920269,True,,False
0.8277703604806409,1348,False,0.09998516540572615,0.1,,6.129421999998158,6.129421999998158,0.0,eeg-eye-state,6,,RSP3,10,6611,1498,13482,0.5096424862780002,1760920269,True,,False
0.7950600801068091,1348,False,0.09998516540572615,0.1,,10.92768100000103,10.92768100000103,0.0,eeg-eye-state,6,,RHC,10,3222,1498,13482,0.7610146862483311,1760920269,True,,False
0.8204272363150867,1348,False,0.09998516540572615,0.1,,169.7278159999987,169.7278159999987,0.0,eeg-eye-state,6,,SPINE+1NN,10,1348,1498,13482,0.9000148345942739,1760920269,False,"{""admission"": {""criterion"": ""risk"", ""removed_risk"": 7, ""removed_support"": 0}, ""betti_final"": [[2, 0], [7, 0]], ""betti_frozen"": [[2, 0], [7, 0]], ""betti_nerve"": [[1, 0], [1, 0]], ""boundary_restriction"": ""both"", ""forced_removals"": 0, ""growth_representation_fallbacks"": 661, ""invariant_held"": true, ""n_segments"": 1339, ""n_train_fit"": 10112, ""n_val"": 3370, ""phase0"": [{""constant_lens"": false, ""gain"": 0.25, ""lens"": ""pc1"", ""lens_scaling"": ""standardize"", ""min_cluster_size"": 50, ""min_samples"": 5, ""n_class"": 5574, ""n_edges"": 8, ""n_intervals"": 9, ""n_vertices"": 9, ""noise_reassigned"": 5425, ""placement"": ""quantile"", ""slabs"": [{""k"": 1, ""n"": 697}, {""k"": 1, ""n"": 774}, {""k"": 1, ""n"": 774}, {""k"": 1, ""n"": 774}, {""k"": 1, ""n"": 774}, {""k"": 1, ""n"": 774}, {""k"": 1, ""n"": 774}, {""k"": 1, ""n"": 774}, {""k"": 1, ""n"": 697}]}, {""constant_lens"": false, ""gain"": 0.25, ""lens"": ""pc1"", ""lens_scaling"": ""standardize"", ""min_cluster_size"": 50, ""min_samples"": 5, ""n_class"": 4538, ""n_edges"": 8, ""n_intervals"": 9, ""n_vertices"": 9, ""noise_reassigned"": 4524, ""placement"": ""quantile"", ""slabs"": [{""k"": 1, ""n"": 568}, {""k"": 1, ""n"": 630}, {""k"": 1, ""n"": 630}, {""k"": 1, ""n"": 630}, {""k"": 1, ""n"": 630}, {""k"": 1, ""n"": 630}, {""k"": 1, ""n"": 630}, {""k"": 1, ""n"": 630}, {""k"": 1, ""n"": 568}]}], ""soundness_bound_holds"": true, ""step_rule"": ""scale_free"", ""topology_retention_nerve_to_frozen"": {""beta0_frozen"": 9, ""beta0_nerve"": 2, ""beta1_frozen"": 0, ""beta1_nerve"": 0}}",True
0.821762349799733,1348,False,0.09998516540572615,0.1,,169.7278159999987,169.7278159999987,0.0,eeg-eye-state,6,,SPINE+Graph,10,1348,1498,13482,0.9000148345942739,1760920269,False,"{""admission"": {""criterion"": ""risk"", ""removed_risk"": 7, ""removed_support"": 0}, ""betti_final"": [[2, 0], [7, 0]], ""betti_frozen"": [[2, 0], [7, 0]], ""betti_nerve"": [[1, 0], [1, 0]], ""boundary_restriction"": ""both"", ""forced_removals"": 0, ""growth_representation_fallbacks"": 661, ""invariant_held"": true, ""n_segments"": 1339, ""n_train_fit"": 10112, ""n_val"": 3370, ""phase0"": [{""constant_lens"": false, ""gain"": 0.25, ""lens"": ""pc1"", ""lens_scaling"": ""standardize"", ""min_cluster_size"": 50, ""min_samples"": 5, ""n_class"": 5574, ""n_edges"": 8, ""n_intervals"": 9, ""n_vertices"": 9, ""noise_reassigned"": 5425, ""placement"": ""quantile"", ""slabs"": [{""k"": 1, ""n"": 697}, {""k"": 1, ""n"": 774}, {""k"": 1, ""n"": 774}, {""k"": 1, ""n"": 774}, {""k"": 1, ""n"": 774}, {""k"": 1, ""n"": 774}, {""k"": 1, ""n"": 774}, {""k"": 1, ""n"": 774}, {""k"": 1, ""n"": 697}]}, {""constant_lens"": false, ""gain"": 0.25, ""lens"": ""pc1"", ""lens_scaling"": ""standardize"", ""min_cluster_size"": 50, ""min_samples"": 5, ""n_class"": 4538, ""n_edges"": 8, ""n_intervals"": 9, ""n_vertices"": 9, ""noise_reassigned"": 4524, ""placement"": ""quantile"", ""slabs"": [{""k"": 1, ""n"": 568}, {""k"": 1, ""n"": 630}, {""k"": 1, ""n"": 630}, {""k"": 1, ""n"": 630}, {""k"": 1, ""n"": 630}, {""k"": 1, ""n"": 630}, {""k"": 1, ""n"": 630}, {""k"": 1, ""n"": 630}, {""k"": 1, ""n"": 568}]}], ""soundness_bound_holds"": true, ""step_rule"": ""scale_free"", ""topology_retention_nerve_to_frozen"": {""beta0_frozen"": 9, ""beta0_nerve"": 2, ""beta1_frozen"": 0, ""beta1_nerve"": 0}}",True
0.8324432576769025,1348,False,0.09998516540572615,0.1,,15.670918999996502,267.17684200000076,251.50592300000426,eeg-eye-state,6,"{""epsilon"": 0.1, ""window"": 0.3}",LVQ3,10,1348,1498,13482,0.9000148345942739,1760920269,False,,True
0.8057409879839786,1348,False,0.09998516540572615,0.1,"{""0"": 743, ""1"": 605}",36.842454999998154,36.842454999998154,0.0,eeg-eye-state,6,,KMeans,10,1348,1498,13482,0.9000148345942739,1760920269,False,,True
0.7182910547396528,1348,False,0.09998516540572615,0.1,"{""0"": 743, ""1"": 605}",0.002453000000969041,0.002453000000969041,0.0,eeg-eye-state,6,,Random,10,1348,1498,13482,0.9000148345942739,1760920269,False,,True
0.7536715620827771,1348,False,0.09998516540572615,0.1,,5.381191000000399,5.381191000000399,0.0,eeg-eye-state,6,,SPOT,10,1348,1498,13482,0.9000148345942739,1760920269,False,,True
0.7449933244325768,1348,False,0.09998516540572615,0.1,,392.1833620000034,392.1833620000034,0.0,eeg-eye-state,6,,GLVQ,10,1348,1498,13482,0.9000148345942739,1760920269,False,,True
0.7923898531375166,1348,False,0.09998516540572615,0.1,,87.73859699999593,87.73859699999593,0.0,eeg-eye-state,6,,GNG,10,1348,1498,13482,0.9000148345942739,1760920269,False,,True
0.8411214953271028,3371,False,0.2500370864856846,0.25,,9.999999747378752e-05,9.999999747378752e-05,0.0,eeg-eye-state,6,,Full,10,13482,1498,13482,0.0,1760920269,True,,False
0.8277703604806409,3371,False,0.2500370864856846,0.25,,6.129421999998158,6.129421999998158,0.0,eeg-eye-state,6,,RSP3,10,6611,1498,13482,0.5096424862780002,1760920269,True,,False
0.7950600801068091,3371,False,0.2500370864856846,0.25,,10.92768100000103,10.92768100000103,0.0,eeg-eye-state,6,,RHC,10,3222,1498,13482,0.7610146862483311,1760920269,True,,False
0.842456608811749,3371,False,0.2500370864856846,0.25,,1250.4247509999987,1250.4247509999987,0.0,eeg-eye-state,6,,SPINE+1NN,10,3371,1498,13482,0.7499629135143153,1760920269,False,"{""admission"": {""criterion"": ""risk"", ""removed_risk"": 7, ""removed_support"": 0}, ""betti_final"": [[2, 0], [7, 0]], ""betti_frozen"": [[2, 0], [7, 0]], ""betti_nerve"": [[1, 0], [1, 0]], ""boundary_restriction"": ""both"", ""forced_removals"": 0, ""growth_representation_fallbacks"": 2580, ""invariant_held"": true, ""n_segments"": 3362, ""n_train_fit"": 10112, ""n_val"": 3370, ""phase0"": [{""constant_lens"": false, ""gain"": 0.25, ""lens"": ""pc1"", ""lens_scaling"": ""standardize"", ""min_cluster_size"": 50, ""min_samples"": 5, ""n_class"": 5574, ""n_edges"": 8, ""n_intervals"": 9, ""n_vertices"": 9, ""noise_reassigned"": 5425, ""placement"": ""quantile"", ""slabs"": [{""k"": 1, ""n"": 697}, {""k"": 1, ""n"": 774}, {""k"": 1, ""n"": 774}, {""k"": 1, ""n"": 774}, {""k"": 1, ""n"": 774}, {""k"": 1, ""n"": 774}, {""k"": 1, ""n"": 774}, {""k"": 1, ""n"": 774}, {""k"": 1, ""n"": 697}]}, {""constant_lens"": false, ""gain"": 0.25, ""lens"": ""pc1"", ""lens_scaling"": ""standardize"", ""min_cluster_size"": 50, ""min_samples"": 5, ""n_class"": 4538, ""n_edges"": 8, ""n_intervals"": 9, ""n_vertices"": 9, ""noise_reassigned"": 4524, ""placement"": ""quantile"", ""slabs"": [{""k"": 1, ""n"": 568}, {""k"": 1, ""n"": 630}, {""k"": 1, ""n"": 630}, {""k"": 1, ""n"": 630}, {""k"": 1, ""n"": 630}, {""k"": 1, ""n"": 630}, {""k"": 1, ""n"": 630}, {""k"": 1, ""n"": 630}, {""k"": 1, ""n"": 568}]}], ""soundness_bound_holds"": true, ""step_rule"": ""scale_free"", ""topology_retention_nerve_to_frozen"": {""beta0_frozen"": 9, ""beta0_nerve"": 2, ""beta1_frozen"": 0, ""beta1_nerve"": 0}}",True
0.8531375166889186,3371,False,0.2500370864856846,0.25,,1250.4247509999987,1250.4247509999987,0.0,eeg-eye-state,6,,SPINE+Graph,10,3371,1498,13482,0.7499629135143153,1760920269,False,"{""admission"": {""criterion"": ""risk"", ""removed_risk"": 7, ""removed_support"": 0}, ""betti_final"": [[2, 0], [7, 0]], ""betti_frozen"": [[2, 0], [7, 0]], ""betti_nerve"": [[1, 0], [1, 0]], ""boundary_restriction"": ""both"", ""forced_removals"": 0, ""growth_representation_fallbacks"": 2580, ""invariant_held"": true, ""n_segments"": 3362, ""n_train_fit"": 10112, ""n_val"": 3370, ""phase0"": [{""constant_lens"": false, ""gain"": 0.25, ""lens"": ""pc1"", ""lens_scaling"": ""standardize"", ""min_cluster_size"": 50, ""min_samples"": 5, ""n_class"": 5574, ""n_edges"": 8, ""n_intervals"": 9, ""n_vertices"": 9, ""noise_reassigned"": 5425, ""placement"": ""quantile"", ""slabs"": [{""k"": 1, ""n"": 697}, {""k"": 1, ""n"": 774}, {""k"": 1, ""n"": 774}, {""k"": 1, ""n"": 774}, {""k"": 1, ""n"": 774}, {""k"": 1, ""n"": 774}, {""k"": 1, ""n"": 774}, {""k"": 1, ""n"": 774}, {""k"": 1, ""n"": 697}]}, {""constant_lens"": false, ""gain"": 0.25, ""lens"": ""pc1"", ""lens_scaling"": ""standardize"", ""min_cluster_size"": 50, ""min_samples"": 5, ""n_class"": 4538, ""n_edges"": 8, ""n_intervals"": 9, ""n_vertices"": 9, ""noise_reassigned"": 4524, ""placement"": ""quantile"", ""slabs"": [{""k"": 1, ""n"": 568}, {""k"": 1, ""n"": 630}, {""k"": 1, ""n"": 630}, {""k"": 1, ""n"": 630}, {""k"": 1, ""n"": 630}, {""k"": 1, ""n"": 630}, {""k"": 1, ""n"": 630}, {""k"": 1, ""n"": 630}, {""k"": 1, ""n"": 568}]}], ""soundness_bound_holds"": true, ""step_rule"": ""scale_free"", ""topology_retention_nerve_to_frozen"": {""beta0_frozen"": 9, ""beta0_nerve"": 2, ""beta1_frozen"": 0, ""beta1_nerve"": 0}}",True
0.8364485981308412,3371,False,0.2500370864856846,0.25,,42.51401899999473,715.8889869999985,673.3749680000037,eeg-eye-state,6,"{""epsilon"": 0.1, ""window"": 0.3}",LVQ3,10,3371,1498,13482,0.7499629135143153,1760920269,False,,True
0.8144192256341789,3371,False,0.2500370864856846,0.25,"{""0"": 1858, ""1"": 1513}",47.1909799999994,47.1909799999994,0.0,eeg-eye-state,6,,KMeans,10,3371,1498,13482,0.7499629135143153,1760920269,False,,True
0.7823765020026703,3371,False,0.2500370864856846,0.25,"{""0"": 1858, ""1"": 1513}",0.003249000001233071,0.003249000001233071,0.0,eeg-eye-state,6,,Random,10,3371,1498,13482,0.7499629135143153,1760920269,False,,True
0.7890520694259012,3371,False,0.2500370864856846,0.25,,6.191640000004554,6.191640000004554,0.0,eeg-eye-state,6,,SPOT,10,3371,1498,13482,0.7499629135143153,1760920269,False,,True
0.7570093457943925,3371,False,0.2500370864856846,0.25,,971.8569999999963,971.8569999999963,0.0,eeg-eye-state,6,,GLVQ,10,3371,1498,13482,0.7499629135143153,1760920269,False,,True
0.8331108144192256,3371,False,0.2500370864856846,0.25,,568.7605479999984,568.7605479999984,0.0,eeg-eye-state,6,,GNG,10,3371,1498,13482,0.7499629135143153,1760920269,False,,True
0.8297730307076101,67,False,0.004969589081738614,0.005,,8.399999933317304e-05,8.399999933317304e-05,0.0,eeg-eye-state,7,,Full,10,13482,1498,13482,0.0,1761920272,False,,False
0.8124165554072096,67,False,0.004969589081738614,0.005,,5.257961999996041,5.257961999996041,0.0,eeg-eye-state,7,,RSP3,10,6757,1498,13482,0.4988132324580923,1761920272,False,,False
0.7770360480640854,67,False,0.004969589081738614,0.005,,11.707658999999694,11.707658999999694,0.0,eeg-eye-state,7,,RHC,10,3439,1498,13482,0.7449191514612075,1761920272,False,,False
0.6061415220293725,67,False,0.004969589081738614,0.005,,10.499136999998882,10.499136999998882,0.0,eeg-eye-state,7,,SPINE+1NN,10,67,1498,13482,0.9950304109182614,1761920272,False,"{""admission"": {""criterion"": ""risk"", ""removed_risk"": 4, ""removed_support"": 0}, ""betti_final"": [[1, 0], [5, 0]], ""betti_frozen"": [[1, 0], [5, 0]], ""betti_nerve"": [[1, 0], [1, 0]], ""boundary_restriction"": ""both"", ""forced_removals"": 0, ""growth_representation_fallbacks"": 23, ""invariant_held"": true, ""n_segments"": 61, ""n_train_fit"": 10112, ""n_val"": 3370, ""phase0"": [{""constant_lens"": false, ""gain"": 0.25, ""lens"": ""pc1"", ""lens_scaling"": ""standardize"", ""min_cluster_size"": 50, ""min_samples"": 5, ""n_class"": 5574, ""n_edges"": 8, ""n_intervals"": 9, ""n_vertices"": 9, ""noise_reassigned"": 4870, ""placement"": ""quantile"", ""slabs"": [{""k"": 1, ""n"": 697}, {""k"": 1, ""n"": 774}, {""k"": 1, ""n"": 774}, {""k"": 1, ""n"": 774}, {""k"": 1, ""n"": 774}, {""k"": 1, ""n"": 774}, {""k"": 1, ""n"": 774}, {""k"": 1, ""n"": 774}, {""k"": 1, ""n"": 697}]}, {""constant_lens"": false, ""gain"": 0.25, ""lens"": ""pc1"", ""lens_scaling"": ""standardize"", ""min_cluster_size"": 50, ""min_samples"": 5, ""n_class"": 4538, ""n_edges"": 8, ""n_intervals"": 9, ""n_vertices"": 9, ""noise_reassigned"": 4734, ""placement"": ""quantile"", ""slabs"": [{""k"": 1, ""n"": 568}, {""k"": 1, ""n"": 630}, {""k"": 1, ""n"": 630}, {""k"": 1, ""n"": 630}, {""k"": 1, ""n"": 630}, {""k"": 1, ""n"": 630}, {""k"": 1, ""n"": 630}, {""k"": 1, ""n"": 630}, {""k"": 1, ""n"": 568}]}], ""soundness_bound_holds"": true, ""step_rule"": ""scale_free"", ""topology_retention_nerve_to_frozen"": {""beta0_frozen"": 6, ""beta0_nerve"": 2, ""beta1_frozen"": 0, ""beta1_nerve"": 0}}",True
0.6114819759679573,67,False,0.004969589081738614,0.005,,10.499136999998882,10.499136999998882,0.0,eeg-eye-state,7,,SPINE+Graph,10,67,1498,13482,0.9950304109182614,1761920272,False,"{""admission"": {""criterion"": ""risk"", ""removed_risk"": 4, ""removed_support"": 0}, ""betti_final"": [[1, 0], [5, 0]], ""betti_frozen"": [[1, 0], [5, 0]], ""betti_nerve"": [[1, 0], [1, 0]], ""boundary_restriction"": ""both"", ""forced_removals"": 0, ""growth_representation_fallbacks"": 23, ""invariant_held"": true, ""n_segments"": 61, ""n_train_fit"": 10112, ""n_val"": 3370, ""phase0"": [{""constant_lens"": false, ""gain"": 0.25, ""lens"": ""pc1"", ""lens_scaling"": ""standardize"", ""min_cluster_size"": 50, ""min_samples"": 5, ""n_class"": 5574, ""n_edges"": 8, ""n_intervals"": 9, ""n_vertices"": 9, ""noise_reassigned"": 4870, ""placement"": ""quantile"", ""slabs"": [{""k"": 1, ""n"": 697}, {""k"": 1, ""n"": 774}, {""k"": 1, ""n"": 774}, {""k"": 1, ""n"": 774}, {""k"": 1, ""n"": 774}, {""k"": 1, ""n"": 774}, {""k"": 1, ""n"": 774}, {""k"": 1, ""n"": 774}, {""k"": 1, ""n"": 697}]}, {""constant_lens"": false, ""gain"": 0.25, ""lens"": ""pc1"", ""lens_scaling"": ""standardize"", ""min_cluster_size"": 50, ""min_samples"": 5, ""n_class"": 4538, ""n_edges"": 8, ""n_intervals"": 9, ""n_vertices"": 9, ""noise_reassigned"": 4734, ""placement"": ""quantile"", ""slabs"": [{""k"": 1, ""n"": 568}, {""k"": 1, ""n"": 630}, {""k"": 1, ""n"": 630}, {""k"": 1, ""n"": 630}, {""k"": 1, ""n"": 630}, {""k"": 1, ""n"": 630}, {""k"": 1, ""n"": 630}, {""k"": 1, ""n"": 630}, {""k"": 1, ""n"": 568}]}], ""soundness_bound_holds"": true, ""step_rule"": ""scale_free"", ""topology_retention_nerve_to_frozen"": {""beta0_frozen"": 6, ""beta0_nerve"": 2, ""beta1_frozen"": 0, ""beta1_nerve"": 0}}",True
0.7316421895861148,67,False,0.004969589081738614,0.005,,2.9730730000010226,51.61181000000215,48.63873700000113,eeg-eye-state,7,"{""epsilon"": 0.1, ""window"": 0.2}",LVQ3,10,67,1498,13482,0.9950304109182614,1761920272,False,,True
0.684913217623498,67,False,0.004969589081738614,0.005,"{""0"": 37, ""1"": 30}",4.03787100000045,4.03787100000045,0.0,eeg-eye-state,7,,KMeans,10,67,1498,13482,0.9950304109182614,1761920272,False,,True
0.5687583444592791,67,False,0.004969589081738614,0.005,"{""0"": 37, ""1"": 30}",0.0015439999988302588,0.0015439999988302588,0.0,eeg-eye-state,7,,Random,10,67,1498,13482,0.9950304109182614,1761920272,False,,True
0.5967957276368492,67,False,0.004969589081738614,0.005,,4.516820000004373,4.516820000004373,0.0,eeg-eye-state,7,,SPOT,10,67,1498,13482,0.9950304109182614,1761920272,False,,True
0.6909212283044058,67,False,0.004969589081738614,0.005,,23.4191770000034,23.4191770000034,0.0,eeg-eye-state,7,,GLVQ,10,67,1498,13482,0.9950304109182614,1761920272,False,,True
0.6034712950600801,67,False,0.004969589081738614,0.005,,0.4183370000027935,0.4183370000027935,0.0,eeg-eye-state,7,,GNG,10,67,1498,13482,0.9950304109182614,1761920272,False,,True
0.8297730307076101,135,False,0.010013351134846462,0.01,,8.399999933317304e-05,8.399999933317304e-05,0.0,eeg-eye-state,7,,Full,10,13482,1498,13482,0.0,1761920272,True,,False
0.8124165554072096,135,False,0.010013351134846462,0.01,,5.257961999996041,5.257961999996041,0.0,eeg-eye-state,7,,RSP3,10,6757,1498,13482,0.4988132324580923,1761920272,True,,False
0.7770360480640854,135,False,0.010013351134846462,0.01,,11.707658999999694,11.707658999999694,0.0,eeg-eye-state,7,,RHC,10,3439,1498,13482,0.7449191514612075,1761920272,True,,False
0.6535380507343124,135,False,0.010013351134846462,0.01,,10.697741999996651,10.697741999996651,0.0,eeg-eye-state,7,,SPINE+1NN,10,135,1498,13482,0.9899866488651535,1761920272,False,"{""admission"": {""criterion"": ""risk"", ""removed_risk"": 4, ""removed_support"": 0}, ""betti_final"": [[1, 0], [5, 0]], ""betti_frozen"": [[1, 0], [5, 0]], ""betti_nerve"": [[1, 0], [1, 0]], ""boundary_restriction"": ""both"", ""forced_removals"": 0, ""growth_representation_fallbacks"": 47, ""invariant_held"": true, ""n_segments"": 129, ""n_train_fit"": 10112, ""n_val"": 3370, ""phase0"": [{""constant_lens"": false, ""gain"": 0.25, ""lens"": ""pc1"", ""lens_scaling"": ""standardize"", ""min_cluster_size"": 50, ""min_samples"": 5, ""n_class"": 5574, ""n_edges"": 8, ""n_intervals"": 9, ""n_vertices"": 9, ""noise_reassigned"": 4870, ""placement"": ""quantile"", ""slabs"": [{""k"": 1, ""n"": 697}, {""k"": 1, ""n"": 774}, {""k"": 1, ""n"": 774}, {""k"": 1, ""n"": 774}, {""k"": 1, ""n"": 774}, {""k"": 1, ""n"": 774}, {""k"": 1, ""n"": 774}, {""k"": 1, ""n"": 774}, {""k"": 1, ""n"": 697}]}, {""constant_lens"": false, ""gain"": 0.25, ""lens"": ""pc1"", ""lens_scaling"": ""standardize"", ""min_cluster_size"": 50, ""min_samples"": 5, ""n_class"": 4538, ""n_edges"": 8, ""n_intervals"": 9, ""n_vertices"": 9, ""noise_reassigned"": 4734, ""placement"": ""quantile"", ""slabs"": [{""k"": 1, ""n"": 568}, {""k"": 1, ""n"": 630}, {""k"": 1, ""n"": 630}, {""k"": 1, ""n"": 630}, {""k"": 1, ""n"": 630}, {""k"": 1, ""n"": 630}, {""k"": 1, ""n"": 630}, {""k"": 1, ""n"": 630}, {""k"": 1, ""n"": 568}]}], ""soundness_bound_holds"": true, ""step_rule"": ""scale_free"", ""topology_retention_nerve_to_frozen"": {""beta0_frozen"": 6, ""beta0_nerve"": 2, ""beta1_frozen"": 0, ""beta1_nerve"": 0}}",True
0.6748998664886515,135,False,0.010013351134846462,0.01,,10.697741999996651,10.697741999996651,0.0,eeg-eye-state,7,,SPINE+Graph,10,135,1498,13482,0.9899866488651535,1761920272,False,"{""admission"": {""criterion"": ""risk"", ""removed_risk"": 4, ""removed_support"": 0}, ""betti_final"": [[1, 0], [5, 0]], ""betti_frozen"": [[1, 0], [5, 0]], ""betti_nerve"": [[1, 0], [1, 0]], ""boundary_restriction"": ""both"", ""forced_removals"": 0, ""growth_representation_fallbacks"": 47, ""invariant_held"": true, ""n_segments"": 129, ""n_train_fit"": 10112, ""n_val"": 3370, ""phase0"": [{""constant_lens"": false, ""gain"": 0.25, ""lens"": ""pc1"", ""lens_scaling"": ""standardize"", ""min_cluster_size"": 50, ""min_samples"": 5, ""n_class"": 5574, ""n_edges"": 8, ""n_intervals"": 9, ""n_vertices"": 9, ""noise_reassigned"": 4870, ""placement"": ""quantile"", ""slabs"": [{""k"": 1, ""n"": 697}, {""k"": 1, ""n"": 774}, {""k"": 1, ""n"": 774}, {""k"": 1, ""n"": 774}, {""k"": 1, ""n"": 774}, {""k"": 1, ""n"": 774}, {""k"": 1, ""n"": 774}, {""k"": 1, ""n"": 774}, {""k"": 1, ""n"": 697}]}, {""constant_lens"": false, ""gain"": 0.25, ""lens"": ""pc1"", ""lens_scaling"": ""standardize"", ""min_cluster_size"": 50, ""min_samples"": 5, ""n_class"": 4538, ""n_edges"": 8, ""n_intervals"": 9, ""n_vertices"": 9, ""noise_reassigned"": 4734, ""placement"": ""quantile"", ""slabs"": [{""k"": 1, ""n"": 568}, {""k"": 1, ""n"": 630}, {""k"": 1, ""n"": 630}, {""k"": 1, ""n"": 630}, {""k"": 1, ""n"": 630}, {""k"": 1, ""n"": 630}, {""k"": 1, ""n"": 630}, {""k"": 1, ""n"": 630}, {""k"": 1, ""n"": 568}]}], ""soundness_bound_holds"": true, ""step_rule"": ""scale_free"", ""topology_retention_nerve_to_frozen"": {""beta0_frozen"": 6, ""beta0_nerve"": 2, ""beta1_frozen"": 0, ""beta1_nerve"": 0}}",True
0.7570093457943925,135,False,0.010013351134846462,0.01,,3.724289999998291,67.07665899999847,63.35236900000018,eeg-eye-state,7,"{""epsilon"": 0.1, ""window"": 0.3}",LVQ3,10,135,1498,13482,0.9899866488651535,1761920272,False,,True
0.7076101468624834,135,False,0.010013351134846462,0.01,"{""0"": 74, ""1"": 61}",6.930454000001191,6.930454000001191,0.0,eeg-eye-state,7,,KMeans,10,135,1498,13482,0.9899866488651535,1761920272,False,,True
0.6241655540720962,135,False,0.010013351134846462,0.01,"{""0"": 74, ""1"": 61}",0.0015280000006896444,0.0015280000006896444,0.0,eeg-eye-state,7,,Random,10,135,1498,13482,0.9899866488651535,1761920272,False,,True
0.644192256341789,135,False,0.010013351134846462,0.01,,4.098080000003392,4.098080000003392,0.0,eeg-eye-state,7,,SPOT,10,135,1498,13482,0.9899866488651535,1761920272,False,,True
0.6909212283044058,135,False,0.010013351134846462,0.01,,42.9025049999982,42.9025049999982,0.0,eeg-eye-state,7,,GLVQ,10,135,1498,13482,0.9899866488651535,1761920272,False,,True
0.6428571428571429,135,False,0.010013351134846462,0.01,,1.2099569999991218,1.2099569999991218,0.0,eeg-eye-state,7,,GNG,10,135,1498,13482,0.9899866488651535,1761920272,False,,True
0.8297730307076101,270,False,0.020026702269692925,0.02,,8.399999933317304e-05,8.399999933317304e-05,0.0,eeg-eye-state,7,,Full,10,13482,1498,13482,0.0,1761920272,True,,False
0.8124165554072096,270,False,0.020026702269692925,0.02,,5.257961999996041,5.257961999996041,0.0,eeg-eye-state,7,,RSP3,10,6757,1498,13482,0.4988132324580923,1761920272,True,,False
0.7770360480640854,270,False,0.020026702269692925,0.02,,11.707658999999694,11.707658999999694,0.0,eeg-eye-state,7,,RHC,10,3439,1498,13482,0.7449191514612075,1761920272,True,,False
0.6975967957276369,270,False,0.020026702269692925,0.02,,15.713529000000563,15.713529000000563,0.0,eeg-eye-state,7,,SPINE+1NN,10,270,1498,13482,0.9799732977303071,1761920272,False,"{""admission"": {""criterion"": ""risk"", ""removed_risk"": 4, ""removed_support"": 0}, ""betti_final"": [[1, 0], [5, 0]], ""betti_frozen"": [[1, 0], [5, 0]], ""betti_nerve"": [[1, 0], [1, 0]], ""boundary_restriction"": ""both"", ""forced_removals"": 0, ""growth_representation_fallbacks"": 111, ""invariant_held"": true, ""n_segments"": 264, ""n_train_fit"": 10112, ""n_val"": 3370, ""phase0"": [{""constant_lens"": false, ""gain"": 0.25, ""lens"": ""pc1"", ""lens_scaling"": ""standardize"", ""min_cluster_size"": 50, ""min_samples"": 5, ""n_class"": 5574, ""n_edges"": 8, ""n_intervals"": 9, ""n_vertices"": 9, ""noise_reassigned"": 4870, ""placement"": ""quantile"", ""slabs"": [{""k"": 1, ""n"": 697}, {""k"": 1, ""n"": 774}, {""k"": 1, ""n"": 774}, {""k"": 1, ""n"": 774}, {""k"": 1, ""n"": 774}, {""k"": 1, ""n"": 774}, {""k"": 1, ""n"": 774}, {""k"": 1, ""n"": 774}, {""k"": 1, ""n"": 697}]}, {""constant_lens"": false, ""gain"": 0.25, ""lens"": ""pc1"", ""lens_scaling"": ""standardize"", ""min_cluster_size"": 50, ""min_samples"": 5, ""n_class"": 4538, ""n_edges"": 8, ""n_intervals"": 9, ""n_vertices"": 9, ""noise_reassigned"": 4734, ""placement"": ""quantile"", ""slabs"": [{""k"": 1, ""n"": 568}, {""k"": 1, ""n"": 630}, {""k"": 1, ""n"": 630}, {""k"": 1, ""n"": 630}, {""k"": 1, ""n"": 630}, {""k"": 1, ""n"": 630}, {""k"": 1, ""n"": 630}, {""k"": 1, ""n"": 630}, {""k"": 1, ""n"": 568}]}], ""soundness_bound_holds"": true, ""step_rule"": ""scale_free"", ""topology_retention_nerve_to_frozen"": {""beta0_frozen"": 6, ""beta0_nerve"": 2, ""beta1_frozen"": 0, ""beta1_nerve"": 0}}",True
0.7136181575433912,270,False,0.020026702269692925,0.02,,15.713529000000563,15.713529000000563,0.0,eeg-eye-state,7,,SPINE+Graph,10,270,1498,13482,0.9799732977303071,1761920272,False,"{""admission"": {""criterion"": ""risk"", ""removed_risk"": 4, ""removed_support"": 0}, ""betti_final"": [[1, 0], [5, 0]], ""betti_frozen"": [[1, 0], [5, 0]], ""betti_nerve"": [[1, 0], [1, 0]], ""boundary_restriction"": ""both"", ""forced_removals"": 0, ""growth_representation_fallbacks"": 111, ""invariant_held"": true, ""n_segments"": 264, ""n_train_fit"": 10112, ""n_val"": 3370, ""phase0"": [{""constant_lens"": false, ""gain"": 0.25, ""lens"": ""pc1"", ""lens_scaling"": ""standardize"", ""min_cluster_size"": 50, ""min_samples"": 5, ""n_class"": 5574, ""n_edges"": 8, ""n_intervals"": 9, ""n_vertices"": 9, ""noise_reassigned"": 4870, ""placement"": ""quantile"", ""slabs"": [{""k"": 1, ""n"": 697}, {""k"": 1, ""n"": 774}, {""k"": 1, ""n"": 774}, {""k"": 1, ""n"": 774}, {""k"": 1, ""n"": 774}, {""k"": 1, ""n"": 774}, {""k"": 1, ""n"": 774}, {""k"": 1, ""n"": 774}, {""k"": 1, ""n"": 697}]}, {""constant_lens"": false, ""gain"": 0.25, ""lens"": ""pc1"", ""lens_scaling"": ""standardize"", ""min_cluster_size"": 50, ""min_samples"": 5, ""n_class"": 4538, ""n_edges"": 8, ""n_intervals"": 9, ""n_vertices"": 9, ""noise_reassigned"": 4734, ""placement"": ""quantile"", ""slabs"": [{""k"": 1, ""n"": 568}, {""k"": 1, ""n"": 630}, {""k"": 1, ""n"": 630}, {""k"": 1, ""n"": 630}, {""k"": 1, ""n"": 630}, {""k"": 1, ""n"": 630}, {""k"": 1, ""n"": 630}, {""k"": 1, ""n"": 630}, {""k"": 1, ""n"": 568}]}], ""soundness_bound_holds"": true, ""step_rule"": ""scale_free"", ""topology_retention_nerve_to_frozen"": {""beta0_frozen"": 6, ""beta0_nerve"": 2, ""beta1_frozen"": 0, ""beta1_nerve"": 0}}",True
0.7937249666221629,270,False,0.020026702269692925,0.02,,5.489778000002843,94.07180700000754,88.5820290000047,eeg-eye-state,7,"{""epsilon"": 0.1, ""window"": 0.2}",LVQ3,10,270,1498,13482,0.9799732977303071,1761920272,False,,True
0.7336448598130841,270,False,0.020026702269692925,0.02,"{""0"": 149, ""1"": 121}",11.43979699999909,11.43979699999909,0.0,eeg-eye-state,7,,KMeans,10,270,1498,13482,0.9799732977303071,1761920272,False,,True
0.6114819759679573,270,False,0.020026702269692925,0.02,"{""0"": 149, ""1"": 121}",0.003908999999111984,0.003908999999111984,0.0,eeg-eye-state,7,,Random,10,270,1498,13482,0.9799732977303071,1761920272,False,,True
0.6882510013351135,270,False,0.020026702269692925,0.02,,4.946515999996336,4.946515999996336,0.0,eeg-eye-state,7,,SPOT,10,270,1498,13482,0.9799732977303071,1761920272,False,,True
0.7089452603471295,270,False,0.020026702269692925,0.02,,81.737853000006,81.737853000006,0.0,eeg-eye-state,7,,GLVQ,10,270,1498,13482,0.9799732977303071,1761920272,False,,True
0.7049399198931909,270,False,0.020026702269692925,0.02,,4.067768000000797,4.067768000000797,0.0,eeg-eye-state,7,,GNG,10,270,1498,13482,0.9799732977303071,1761920272,False,,True
0.8297730307076101,674,False,0.049992582702863074,0.05,,8.399999933317304e-05,8.399999933317304e-05,0.0,eeg-eye-state,7,,Full,10,13482,1498,13482,0.0,1761920272,True,,False
0.8124165554072096,674,False,0.049992582702863074,0.05,,5.257961999996041,5.257961999996041,0.0,eeg-eye-state,7,,RSP3,10,6757,1498,13482,0.4988132324580923,1761920272,True,,False
0.7770360480640854,674,False,0.049992582702863074,0.05,,11.707658999999694,11.707658999999694,0.0,eeg-eye-state,7,,RHC,10,3439,1498,13482,0.7449191514612075,1761920272,True,,False
0.7496662216288384,674,False,0.049992582702863074,0.05,,47.97755999999936,47.97755999999936,0.0,eeg-eye-state,7,,SPINE+1NN,10,674,1498,13482,0.9500074172971369,1761920272,False,"{""admission"": {""criterion"": ""risk"", ""removed_risk"": 4, ""removed_support"": 0}, ""betti_final"": [[1, 0], [5, 0]], ""betti_frozen"": [[1, 0], [5, 0]], ""betti_nerve"": [[1, 0], [1, 0]], ""boundary_restriction"": ""both"", ""forced_removals"": 0, ""growth_representation_fallbacks"": 280, ""invariant_held"": true, ""n_segments"": 668, ""n_train_fit"": 10112, ""n_val"": 3370, ""phase0"": [{""constant_lens"": false, ""gain"": 0.25, ""lens"": ""pc1"", ""lens_scaling"": ""standardize"", ""min_cluster_size"": 50, ""min_samples"": 5, ""n_class"": 5574, ""n_edges"": 8, ""n_intervals"": 9, ""n_vertices"": 9, ""noise_reassigned"": 4870, ""placement"": ""quantile"", ""slabs"": [{""k"": 1, ""n"": 697}, {""k"": 1, ""n"": 774}, {""k"": 1, ""n"": 774}, {""k"": 1, ""n"": 774}, {""k"": 1, ""n"": 774}, {""k"": 1, ""n"": 774}, {""k"": 1, ""n"": 774}, {""k"": 1, ""n"": 774}, {""k"": 1, ""n"": 697}]}, {""constant_lens"": false, ""gain"": 0.25, ""lens"": ""pc1"", ""lens_scaling"": ""standardize"", ""min_cluster_size"": 50, ""min_samples"": 5, ""n_class"": 4538, ""n_edges"": 8, ""n_intervals"": 9, ""n_vertices"": 9, ""noise_reassigned"": 4734, ""placement"": ""quantile"", ""slabs"": [{""k"": 1, ""n"": 568}, {""k"": 1, ""n"": 630}, {""k"": 1, ""n"": 630}, {""k"": 1, ""n"": 630}, {""k"": 1, ""n"": 630}, {""k"": 1, ""n"": 630}, {""k"": 1, ""n"": 630}, {""k"": 1, ""n"": 630}, {""k"": 1, ""n"": 568}]}], ""soundness_bound_holds"": true, ""step_rule"": ""scale_free"", ""topology_retention_nerve_to_frozen"": {""beta0_frozen"": 6, ""beta0_nerve"": 2, ""beta1_frozen"": 0, ""beta1_nerve"": 0}}",True
0.7596795727636849,674,False,0.049992582702863074,0.05,,47.97755999999936,47.97755999999936,0.0,eeg-eye-state,7,,SPINE+Graph,10,674,1498,13482,0.9500074172971369,1761920272,False,"{""admission"": {""criterion"": ""risk"", ""removed_risk"": 4, ""removed_support"": 0}, ""betti_final"": [[1, 0], [5, 0]], ""betti_frozen"": [[1, 0], [5, 0]], ""betti_nerve"": [[1, 0], [1, 0]], ""boundary_restriction"": ""both"", ""forced_removals"": 0, ""growth_representation_fallbacks"": 280, ""invariant_held"": true, ""n_segments"": 668, ""n_train_fit"": 10112, ""n_val"": 3370, ""phase0"": [{""constant_lens"": false, ""gain"": 0.25, ""lens"": ""pc1"", ""lens_scaling"": ""standardize"", ""min_cluster_size"": 50, ""min_samples"": 5, ""n_class"": 5574, ""n_edges"": 8, ""n_intervals"": 9, ""n_vertices"": 9, ""noise_reassigned"": 4870, ""placement"": ""quantile"", ""slabs"": [{""k"": 1, ""n"": 697}, {""k"": 1, ""n"": 774}, {""k"": 1, ""n"": 774}, {""k"": 1, ""n"": 774}, {""k"": 1, ""n"": 774}, {""k"": 1, ""n"": 774}, {""k"": 1, ""n"": 774}, {""k"": 1, ""n"": 774}, {""k"": 1, ""n"": 697}]}, {""constant_lens"": false, ""gain"": 0.25, ""lens"": ""pc1"", ""lens_scaling"": ""standardize"", ""min_cluster_size"": 50, ""min_samples"": 5, ""n_class"": 4538, ""n_edges"": 8, ""n_intervals"": 9, ""n_vertices"": 9, ""noise_reassigned"": 4734, ""placement"": ""quantile"", ""slabs"": [{""k"": 1, ""n"": 568}, {""k"": 1, ""n"": 630}, {""k"": 1, ""n"": 630}, {""k"": 1, ""n"": 630}, {""k"": 1, ""n"": 630}, {""k"": 1, ""n"": 630}, {""k"": 1, ""n"": 630}, {""k"": 1, ""n"": 630}, {""k"": 1, ""n"": 568}]}], ""soundness_bound_holds"": true, ""step_rule"": ""scale_free"", ""topology_retention_nerve_to_frozen"": {""beta0_frozen"": 6, ""beta0_nerve"": 2, ""beta1_frozen"": 0, ""beta1_nerve"": 0}}",True
0.8064085447263017,674,False,0.049992582702863074,0.05,,8.876481999999669,157.92944100000022,149.05295900000056,eeg-eye-state,7,"{""epsilon"": 0.1, ""window"": 0.2}",LVQ3,10,674,1498,13482,0.9500074172971369,1761920272,False,,True
0.7750333778371161,674,False,0.049992582702863074,0.05,"{""0"": 372, ""1"": 302}",23.05887499999517,23.05887499999517,0.0,eeg-eye-state,7,,KMeans,10,674,1498,13482,0.9500074172971369,1761920272,False,,True
0.678237650200267,674,False,0.049992582702863074,0.05,"{""0"": 372, ""1"": 302}",0.0019430000029387884,0.0019430000029387884,0.0,eeg-eye-state,7,,Random,10,674,1498,13482,0.9500074172971369,1761920272,False,,True
0.7156208277703605,674,False,0.049992582702863074,0.05,,5.567179999998189,5.567179999998189,0.0,eeg-eye-state,7,,SPOT,10,674,1498,13482,0.9500074172971369,1761920272,False,,True
0.7102803738317757,674,False,0.049992582702863074,0.05,,196.6984639999937,196.6984639999937,0.0,eeg-eye-state,7,,GLVQ,10,674,1498,13482,0.9500074172971369,1761920272,False,,True
0.7489986648865153,674,False,0.049992582702863074,0.05,,22.712353000002622,22.712353000002622,0.0,eeg-eye-state,7,,GNG,10,674,1498,13482,0.9500074172971369,1761920272,False,,True
0.8297730307076101,1348,False,0.09998516540572615,0.1,,8.399999933317304e-05,8.399999933317304e-05,0.0,eeg-eye-state,7,,Full,10,13482,1498,13482,0.0,1761920272,True,,False
0.8124165554072096,1348,False,0.09998516540572615,0.1,,5.257961999996041,5.257961999996041,0.0,eeg-eye-state,7,,RSP3,10,6757,1498,13482,0.4988132324580923,1761920272,True,,False
0.7770360480640854,1348,False,0.09998516540572615,0.1,,11.707658999999694,11.707658999999694,0.0,eeg-eye-state,7,,RHC,10,3439,1498,13482,0.7449191514612075,1761920272,True,,False
0.780373831775701,1348,False,0.09998516540572615,0.1,,168.11523499999748,168.11523499999748,0.0,eeg-eye-state,7,,SPINE+1NN,10,1348,1498,13482,0.9000148345942739,1761920272,False,"{""admission"": {""criterion"": ""risk"", ""removed_risk"": 4, ""removed_support"": 0}, ""betti_final"": [[1, 0], [5, 0]], ""betti_frozen"": [[1, 0], [5, 0]], ""betti_nerve"": [[1, 0], [1, 0]], ""boundary_restriction"": ""both"", ""forced_removals"": 0, ""growth_representation_fallbacks"": 627, ""invariant_held"": true, ""n_segments"": 1342, ""n_train_fit"": 10112, ""n_val"": 3370, ""phase0"": [{""constant_lens"": false, ""gain"": 0.25, ""lens"": ""pc1"", ""lens_scaling"": ""standardize"", ""min_cluster_size"": 50, ""min_samples"": 5, ""n_class"": 5574, ""n_edges"": 8, ""n_intervals"": 9, ""n_vertices"": 9, ""noise_reassigned"": 4870, ""placement"": ""quantile"", ""slabs"": [{""k"": 1, ""n"": 697}, {""k"": 1, ""n"": 774}, {""k"": 1, ""n"": 774}, {""k"": 1, ""n"": 774}, {""k"": 1, ""n"": 774}, {""k"": 1, ""n"": 774}, {""k"": 1, ""n"": 774}, {""k"": 1, ""n"": 774}, {""k"": 1, ""n"": 697}]}, {""constant_lens"": false, ""gain"": 0.25, ""lens"": ""pc1"", ""lens_scaling"": ""standardize"", ""min_cluster_size"": 50, ""min_samples"": 5, ""n_class"": 4538, ""n_edges"": 8, ""n_intervals"": 9, ""n_vertices"": 9, ""noise_reassigned"": 4734, ""placement"": ""quantile"", ""slabs"": [{""k"": 1, ""n"": 568}, {""k"": 1, ""n"": 630}, {""k"": 1, ""n"": 630}, {""k"": 1, ""n"": 630}, {""k"": 1, ""n"": 630}, {""k"": 1, ""n"": 630}, {""k"": 1, ""n"": 630}, {""k"": 1, ""n"": 630}, {""k"": 1, ""n"": 568}]}], ""soundness_bound_holds"": true, ""step_rule"": ""scale_free"", ""topology_retention_nerve_to_frozen"": {""beta0_frozen"": 6, ""beta0_nerve"": 2, ""beta1_frozen"": 0, ""beta1_nerve"": 0}}",True
0.7823765020026703,1348,False,0.09998516540572615,0.1,,168.11523499999748,168.11523499999748,0.0,eeg-eye-state,7,,SPINE+Graph,10,1348,1498,13482,0.9000148345942739,1761920272,False,"{""admission"": {""criterion"": ""risk"", ""removed_risk"": 4, ""removed_support"": 0}, ""betti_final"": [[1, 0], [5, 0]], ""betti_frozen"": [[1, 0], [5, 0]], ""betti_nerve"": [[1, 0], [1, 0]], ""boundary_restriction"": ""both"", ""forced_removals"": 0, ""growth_representation_fallbacks"": 627, ""invariant_held"": true, ""n_segments"": 1342, ""n_train_fit"": 10112, ""n_val"": 3370, ""phase0"": [{""constant_lens"": false, ""gain"": 0.25, ""lens"": ""pc1"", ""lens_scaling"": ""standardize"", ""min_cluster_size"": 50, ""min_samples"": 5, ""n_class"": 5574, ""n_edges"": 8, ""n_intervals"": 9, ""n_vertices"": 9, ""noise_reassigned"": 4870, ""placement"": ""quantile"", ""slabs"": [{""k"": 1, ""n"": 697}, {""k"": 1, ""n"": 774}, {""k"": 1, ""n"": 774}, {""k"": 1, ""n"": 774}, {""k"": 1, ""n"": 774}, {""k"": 1, ""n"": 774}, {""k"": 1, ""n"": 774}, {""k"": 1, ""n"": 774}, {""k"": 1, ""n"": 697}]}, {""constant_lens"": false, ""gain"": 0.25, ""lens"": ""pc1"", ""lens_scaling"": ""standardize"", ""min_cluster_size"": 50, ""min_samples"": 5, ""n_class"": 4538, ""n_edges"": 8, ""n_intervals"": 9, ""n_vertices"": 9, ""noise_reassigned"": 4734, ""placement"": ""quantile"", ""slabs"": [{""k"": 1, ""n"": 568}, {""k"": 1, ""n"": 630}, {""k"": 1, ""n"": 630}, {""k"": 1, ""n"": 630}, {""k"": 1, ""n"": 630}, {""k"": 1, ""n"": 630}, {""k"": 1, ""n"": 630}, {""k"": 1, ""n"": 630}, {""k"": 1, ""n"": 568}]}], ""soundness_bound_holds"": true, ""step_rule"": ""scale_free"", ""topology_retention_nerve_to_frozen"": {""beta0_frozen"": 6, ""beta0_nerve"": 2, ""beta1_frozen"": 0, ""beta1_nerve"": 0}}",True
0.8044058744993324,1348,False,0.09998516540572615,0.1,,15.425710999996227,264.6792279999936,249.25351699999737,eeg-eye-state,7,"{""epsilon"": 0.1, ""window"": 0.2}",LVQ3,10,1348,1498,13482,0.9000148345942739,1761920272,False,,True
0.7857142857142857,1348,False,0.09998516540572615,0.1,"{""0"": 743, ""1"": 605}",33.50152600000001,33.50152600000001,0.0,eeg-eye-state,7,,KMeans,10,1348,1498,13482,0.9000148345942739,1761920272,False,,True
0.719626168224299,1348,False,0.09998516540572615,0.1,"{""0"": 743, ""1"": 605}",0.002418000003672205,0.002418000003672205,0.0,eeg-eye-state,7,,Random,10,1348,1498,13482,0.9000148345942739,1761920272,False,,True
0.7216288384512684,1348,False,0.09998516540572615,0.1,,5.936900000000605,5.936900000000605,0.0,eeg-eye-state,7,,SPOT,10,1348,1498,13482,0.9000148345942739,1761920272,False,,True
0.7082777036048065,1348,False,0.09998516540572615,0.1,,389.88522800000646,389.88522800000646,0.0,eeg-eye-state,7,,GLVQ,10,1348,1498,13482,0.9000148345942739,1761920272,False,,True
0.780373831775701,1348,False,0.09998516540572615,0.1,,87.69034200000169,87.69034200000169,0.0,eeg-eye-state,7,,GNG,10,1348,1498,13482,0.9000148345942739,1761920272,False,,True
0.8297730307076101,3371,False,0.2500370864856846,0.25,,8.399999933317304e-05,8.399999933317304e-05,0.0,eeg-eye-state,7,,Full,10,13482,1498,13482,0.0,1761920272,True,,False
0.8124165554072096,3371,False,0.2500370864856846,0.25,,5.257961999996041,5.257961999996041,0.0,eeg-eye-state,7,,RSP3,10,6757,1498,13482,0.4988132324580923,1761920272,True,,False
0.7770360480640854,3371,False,0.2500370864856846,0.25,,11.707658999999694,11.707658999999694,0.0,eeg-eye-state,7,,RHC,10,3439,1498,13482,0.7449191514612075,1761920272,True,,False
0.8317757009345794,3371,False,0.2500370864856846,0.25,,1264.634785999995,1264.634785999995,0.0,eeg-eye-state,7,,SPINE+1NN,10,3371,1498,13482,0.7499629135143153,1761920272,False,"{""admission"": {""criterion"": ""risk"", ""removed_risk"": 4, ""removed_support"": 0}, ""betti_final"": [[1, 0], [5, 0]], ""betti_frozen"": [[1, 0], [5, 0]], ""betti_nerve"": [[1, 0], [1, 0]], ""boundary_restriction"": ""both"", ""forced_removals"": 0, ""growth_representation_fallbacks"": 2552, ""invariant_held"": true, ""n_segments"": 3365, ""n_train_fit"": 10112, ""n_val"": 3370, ""phase0"": [{""constant_lens"": false, ""gain"": 0.25, ""lens"": ""pc1"", ""lens_scaling"": ""standardize"", ""min_cluster_size"": 50, ""min_samples"": 5, ""n_class"": 5574, ""n_edges"": 8, ""n_intervals"": 9, ""n_vertices"": 9, ""noise_reassigned"": 4870, ""placement"": ""quantile"", ""slabs"": [{""k"": 1, ""n"": 697}, {""k"": 1, ""n"": 774}, {""k"": 1, ""n"": 774}, {""k"": 1, ""n"": 774}, {""k"": 1, ""n"": 774}, {""k"": 1, ""n"": 774}, {""k"": 1, ""n"": 774}, {""k"": 1, ""n"": 774}, {""k"": 1, ""n"": 697}]}, {""constant_lens"": false, ""gain"": 0.25, ""lens"": ""pc1"", ""lens_scaling"": ""standardize"", ""min_cluster_size"": 50, ""min_samples"": 5, ""n_class"": 4538, ""n_edges"": 8, ""n_intervals"": 9, ""n_vertices"": 9, ""noise_reassigned"": 4734, ""placement"": ""quantile"", ""slabs"": [{""k"": 1, ""n"": 568}, {""k"": 1, ""n"": 630}, {""k"": 1, ""n"": 630}, {""k"": 1, ""n"": 630}, {""k"": 1, ""n"": 630}, {""k"": 1, ""n"": 630}, {""k"": 1, ""n"": 630}, {""k"": 1, ""n"": 630}, {""k"": 1, ""n"": 568}]}], ""soundness_bound_holds"": true, ""step_rule"": ""scale_free"", ""topology_retention_nerve_to_frozen"": {""beta0_frozen"": 6, ""beta0_nerve"": 2, ""beta1_frozen"": 0, ""beta1_nerve"": 0}}",True
0.822429906542056,3371,False,0.2500370864856846,0.25,,1264.634785999995,1264.634785999995,0.0,eeg-eye-state,7,,SPINE+Graph,10,3371,1498,13482,0.7499629135143153,1761920272,False,"{""admission"": {""criterion"": ""risk"", ""removed_risk"": 4, ""removed_support"": 0}, ""betti_final"": [[1, 0], [5, 0]], ""betti_frozen"": [[1, 0], [5, 0]], ""betti_nerve"": [[1, 0], [1, 0]], ""boundary_restriction"": ""both"", ""forced_removals"": 0, ""growth_representation_fallbacks"": 2552, ""invariant_held"": true, ""n_segments"": 3365, ""n_train_fit"": 10112, ""n_val"": 3370, ""phase0"": [{""constant_lens"": false, ""gain"": 0.25, ""lens"": ""pc1"", ""lens_scaling"": ""standardize"", ""min_cluster_size"": 50, ""min_samples"": 5, ""n_class"": 5574, ""n_edges"": 8, ""n_intervals"": 9, ""n_vertices"": 9, ""noise_reassigned"": 4870, ""placement"": ""quantile"", ""slabs"": [{""k"": 1, ""n"": 697}, {""k"": 1, ""n"": 774}, {""k"": 1, ""n"": 774}, {""k"": 1, ""n"": 774}, {""k"": 1, ""n"": 774}, {""k"": 1, ""n"": 774}, {""k"": 1, ""n"": 774}, {""k"": 1, ""n"": 774}, {""k"": 1, ""n"": 697}]}, {""constant_lens"": false, ""gain"": 0.25, ""lens"": ""pc1"", ""lens_scaling"": ""standardize"", ""min_cluster_size"": 50, ""min_samples"": 5, ""n_class"": 4538, ""n_edges"": 8, ""n_intervals"": 9, ""n_vertices"": 9, ""noise_reassigned"": 4734, ""placement"": ""quantile"", ""slabs"": [{""k"": 1, ""n"": 568}, {""k"": 1, ""n"": 630}, {""k"": 1, ""n"": 630}, {""k"": 1, ""n"": 630}, {""k"": 1, ""n"": 630}, {""k"": 1, ""n"": 630}, {""k"": 1, ""n"": 630}, {""k"": 1, ""n"": 630}, {""k"": 1, ""n"": 568}]}], ""soundness_bound_holds"": true, ""step_rule"": ""scale_free"", ""topology_retention_nerve_to_frozen"": {""beta0_frozen"": 6, ""beta0_nerve"": 2, ""beta1_frozen"": 0, ""beta1_nerve"": 0}}",True
0.8190921228304406,3371,False,0.2500370864856846,0.25,,41.852795999999216,711.7443790000034,669.8915830000042,eeg-eye-state,7,"{""epsilon"": 0.3, ""window"": 0.3}",LVQ3,10,3371,1498,13482,0.7499629135143153,1761920272,False,,True
0.8070761014686249,3371,False,0.2500370864856846,0.25,"{""0"": 1858, ""1"": 1513}",46.204546000000846,46.204546000000846,0.0,eeg-eye-state,7,,KMeans,10,3371,1498,13482,0.7499629135143153,1761920272,False,,True
0.767022696929239,3371,False,0.2500370864856846,0.25,"{""0"": 1858, ""1"": 1513}",0.003232999995816499,0.003232999995816499,0.0,eeg-eye-state,7,,Random,10,3371,1498,13482,0.7499629135143153,1761920272,False,,True
0.7716955941255007,3371,False,0.2500370864856846,0.25,,6.404882999995607,6.404882999995607,0.0,eeg-eye-state,7,,SPOT,10,3371,1498,13482,0.7499629135143153,1761920272,False,,True
0.7136181575433912,3371,False,0.2500370864856846,0.25,,972.0520929999984,972.0520929999984,0.0,eeg-eye-state,7,,GLVQ,10,3371,1498,13482,0.7499629135143153,1761920272,False,,True
0.8037383177570093,3371,False,0.2500370864856846,0.25,,554.5693849999952,554.5693849999952,0.0,eeg-eye-state,7,,GNG,10,3371,1498,13482,0.7499629135143153,1761920272,False,,True
0.8571428571428571,67,False,0.004969589081738614,0.005,,0.0001429999974789098,0.0001429999974789098,0.0,eeg-eye-state,8,,Full,10,13482,1498,13482,0.0,1762920275,False,,False
0.828437917222964,67,False,0.004969589081738614,0.005,,5.359588999999687,5.359588999999687,0.0,eeg-eye-state,8,,RSP3,10,5976,1498,13482,0.5567423230974633,1762920275,False,,False
0.8110814419225634,67,False,0.004969589081738614,0.005,,9.534923999999592,9.534923999999592,0.0,eeg-eye-state,8,,RHC,10,2742,1498,13482,0.796617712505563,1762920275,False,,False
0.6128170894526035,67,False,0.004969589081738614,0.005,,10.382368999999017,10.382368999999017,0.0,eeg-eye-state,8,,SPINE+1NN,10,67,1498,13482,0.9950304109182614,1762920275,False,"{""admission"": {""criterion"": ""risk"", ""removed_risk"": 3, ""removed_support"": 0}, ""betti_final"": [[2, 0], [3, 0]], ""betti_frozen"": [[2, 0], [3, 0]], ""betti_nerve"": [[1, 0], [1, 0]], ""boundary_restriction"": ""both"", ""forced_removals"": 0, ""growth_representation_fallbacks"": 26, ""invariant_held"": true, ""n_segments"": 62, ""n_train_fit"": 10112, ""n_val"": 3370, ""phase0"": [{""constant_lens"": false, ""gain"": 0.25, ""lens"": ""pc1"", ""lens_scaling"": ""standardize"", ""min_cluster_size"": 50, ""min_samples"": 5, ""n_class"": 5574, ""n_edges"": 8, ""n_intervals"": 9, ""n_vertices"": 9, ""noise_reassigned"": 4738, ""placement"": ""quantile"", ""slabs"": [{""k"": 1, ""n"": 697}, {""k"": 1, ""n"": 774}, {""k"": 1, ""n"": 774}, {""k"": 1, ""n"": 774}, {""k"": 1, ""n"": 774}, {""k"": 1, ""n"": 774}, {""k"": 1, ""n"": 774}, {""k"": 1, ""n"": 774}, {""k"": 1, ""n"": 697}]}, {""constant_lens"": false, ""gain"": 0.25, ""lens"": ""pc1"", ""lens_scaling"": ""standardize"", ""min_cluster_size"": 50, ""min_samples"": 5, ""n_class"": 4538, ""n_edges"": 8, ""n_intervals"": 9, ""n_vertices"": 9, ""noise_reassigned"": 4383, ""placement"": ""quantile"", ""slabs"": [{""k"": 1, ""n"": 568}, {""k"": 1, ""n"": 630}, {""k"": 1, ""n"": 630}, {""k"": 1, ""n"": 630}, {""k"": 1, ""n"": 630}, {""k"": 1, ""n"": 630}, {""k"": 1, ""n"": 630}, {""k"": 1, ""n"": 630}, {""k"": 1, ""n"": 568}]}], ""soundness_bound_holds"": true, ""step_rule"": ""scale_free"", ""topology_retention_nerve_to_frozen"": {""beta0_frozen"": 5, ""beta0_nerve"": 2, ""beta1_frozen"": 0, ""beta1_nerve"": 0}}",True
0.636849132176235,67,False,0.004969589081738614,0.005,,10.382368999999017,10.382368999999017,0.0,eeg-eye-state,8,,SPINE+Graph,10,67,1498,13482,0.9950304109182614,1762920275,False,"{""admission"": {""criterion"": ""risk"", ""removed_risk"": 3, ""removed_support"": 0}, ""betti_final"": [[2, 0], [3, 0]], ""betti_frozen"": [[2, 0], [3, 0]], ""betti_nerve"": [[1, 0], [1, 0]], ""boundary_restriction"": ""both"", ""forced_removals"": 0, ""growth_representation_fallbacks"": 26, ""invariant_held"": true, ""n_segments"": 62, ""n_train_fit"": 10112, ""n_val"": 3370, ""phase0"": [{""constant_lens"": false, ""gain"": 0.25, ""lens"": ""pc1"", ""lens_scaling"": ""standardize"", ""min_cluster_size"": 50, ""min_samples"": 5, ""n_class"": 5574, ""n_edges"": 8, ""n_intervals"": 9, ""n_vertices"": 9, ""noise_reassigned"": 4738, ""placement"": ""quantile"", ""slabs"": [{""k"": 1, ""n"": 697}, {""k"": 1, ""n"": 774}, {""k"": 1, ""n"": 774}, {""k"": 1, ""n"": 774}, {""k"": 1, ""n"": 774}, {""k"": 1, ""n"": 774}, {""k"": 1, ""n"": 774}, {""k"": 1, ""n"": 774}, {""k"": 1, ""n"": 697}]}, {""constant_lens"": false, ""gain"": 0.25, ""lens"": ""pc1"", ""lens_scaling"": ""standardize"", ""min_cluster_size"": 50, ""min_samples"": 5, ""n_class"": 4538, ""n_edges"": 8, ""n_intervals"": 9, ""n_vertices"": 9, ""noise_reassigned"": 4383, ""placement"": ""quantile"", ""slabs"": [{""k"": 1, ""n"": 568}, {""k"": 1, ""n"": 630}, {""k"": 1, ""n"": 630}, {""k"": 1, ""n"": 630}, {""k"": 1, ""n"": 630}, {""k"": 1, ""n"": 630}, {""k"": 1, ""n"": 630}, {""k"": 1, ""n"": 630}, {""k"": 1, ""n"": 568}]}], ""soundness_bound_holds"": true, ""step_rule"": ""scale_free"", ""topology_retention_nerve_to_frozen"": {""beta0_frozen"": 5, ""beta0_nerve"": 2, ""beta1_frozen"": 0, ""beta1_nerve"": 0}}",True
0.8124165554072096,67,False,0.004969589081738614,0.005,,2.98765199999616,56.72782400000142,53.74017200000526,eeg-eye-state,8,"{""epsilon"": 0.1, ""window"": 0.3}",LVQ3,10,67,1498,13482,0.9950304109182614,1762920275,False,,True
0.725634178905207,67,False,0.004969589081738614,0.005,"{""0"": 37, ""1"": 30}",3.8317690000039875,3.8317690000039875,0.0,eeg-eye-state,8,,KMeans,10,67,1498,13482,0.9950304109182614,1762920275,False,,True
0.6308411214953271,67,False,0.004969589081738614,0.005,"{""0"": 37, ""1"": 30}",0.0016529999993508682,0.0016529999993508682,0.0,eeg-eye-state,8,,Random,10,67,1498,13482,0.9950304109182614,1762920275,False,,True
0.6341789052069426,67,False,0.004969589081738614,0.005,,4.3634320000055595,4.3634320000055595,0.0,eeg-eye-state,8,,SPOT,10,67,1498,13482,0.9950304109182614,1762920275,False,,True
0.7623497997329773,67,False,0.004969589081738614,0.005,,23.444187000000966,23.444187000000966,0.0,eeg-eye-state,8,,GLVQ,10,67,1498,13482,0.9950304109182614,1762920275,False,,True
0.6902536715620827,67,False,0.004969589081738614,0.005,,0.43545000000449363,0.43545000000449363,0.0,eeg-eye-state,8,,GNG,10,67,1498,13482,0.9950304109182614,1762920275,False,,True
0.8571428571428571,135,False,0.010013351134846462,0.01,,0.0001429999974789098,0.0001429999974789098,0.0,eeg-eye-state,8,,Full,10,13482,1498,13482,0.0,1762920275,True,,False
0.828437917222964,135,False,0.010013351134846462,0.01,,5.359588999999687,5.359588999999687,0.0,eeg-eye-state,8,,RSP3,10,5976,1498,13482,0.5567423230974633,1762920275,True,,False
0.8110814419225634,135,False,0.010013351134846462,0.01,,9.534923999999592,9.534923999999592,0.0,eeg-eye-state,8,,RHC,10,2742,1498,13482,0.796617712505563,1762920275,True,,False
0.6882510013351135,135,False,0.010013351134846462,0.01,,10.695617000004859,10.695617000004859,0.0,eeg-eye-state,8,,SPINE+1NN,10,135,1498,13482,0.9899866488651535,1762920275,False,"{""admission"": {""criterion"": ""risk"", ""removed_risk"": 3, ""removed_support"": 0}, ""betti_final"": [[2, 0], [3, 0]], ""betti_frozen"": [[2, 0], [3, 0]], ""betti_nerve"": [[1, 0], [1, 0]], ""boundary_restriction"": ""both"", ""forced_removals"": 0, ""growth_representation_fallbacks"": 55, ""invariant_held"": true, ""n_segments"": 130, ""n_train_fit"": 10112, ""n_val"": 3370, ""phase0"": [{""constant_lens"": false, ""gain"": 0.25, ""lens"": ""pc1"", ""lens_scaling"": ""standardize"", ""min_cluster_size"": 50, ""min_samples"": 5, ""n_class"": 5574, ""n_edges"": 8, ""n_intervals"": 9, ""n_vertices"": 9, ""noise_reassigned"": 4738, ""placement"": ""quantile"", ""slabs"": [{""k"": 1, ""n"": 697}, {""k"": 1, ""n"": 774}, {""k"": 1, ""n"": 774}, {""k"": 1, ""n"": 774}, {""k"": 1, ""n"": 774}, {""k"": 1, ""n"": 774}, {""k"": 1, ""n"": 774}, {""k"": 1, ""n"": 774}, {""k"": 1, ""n"": 697}]}, {""constant_lens"": false, ""gain"": 0.25, ""lens"": ""pc1"", ""lens_scaling"": ""standardize"", ""min_cluster_size"": 50, ""min_samples"": 5, ""n_class"": 4538, ""n_edges"": 8, ""n_intervals"": 9, ""n_vertices"": 9, ""noise_reassigned"": 4383, ""placement"": ""quantile"", ""slabs"": [{""k"": 1, ""n"": 568}, {""k"": 1, ""n"": 630}, {""k"": 1, ""n"": 630}, {""k"": 1, ""n"": 630}, {""k"": 1, ""n"": 630}, {""k"": 1, ""n"": 630}, {""k"": 1, ""n"": 630}, {""k"": 1, ""n"": 630}, {""k"": 1, ""n"": 568}]}], ""soundness_bound_holds"": true, ""step_rule"": ""scale_free"", ""topology_retention_nerve_to_frozen"": {""beta0_frozen"": 5, ""beta0_nerve"": 2, ""beta1_frozen"": 0, ""beta1_nerve"": 0}}",True
0.7189586114819759,135,False,0.010013351134846462,0.01,,10.695617000004859,10.695617000004859,0.0,eeg-eye-state,8,,SPINE+Graph,10,135,1498,13482,0.9899866488651535,1762920275,False,"{""admission"": {""criterion"": ""risk"", ""removed_risk"": 3, ""removed_support"": 0}, ""betti_final"": [[2, 0], [3, 0]], ""betti_frozen"": [[2, 0], [3, 0]], ""betti_nerve"": [[1, 0], [1, 0]], ""boundary_restriction"": ""both"", ""forced_removals"": 0, ""growth_representation_fallbacks"": 55, ""invariant_held"": true, ""n_segments"": 130, ""n_train_fit"": 10112, ""n_val"": 3370, ""phase0"": [{""constant_lens"": false, ""gain"": 0.25, ""lens"": ""pc1"", ""lens_scaling"": ""standardize"", ""min_cluster_size"": 50, ""min_samples"": 5, ""n_class"": 5574, ""n_edges"": 8, ""n_intervals"": 9, ""n_vertices"": 9, ""noise_reassigned"": 4738, ""placement"": ""quantile"", ""slabs"": [{""k"": 1, ""n"": 697}, {""k"": 1, ""n"": 774}, {""k"": 1, ""n"": 774}, {""k"": 1, ""n"": 774}, {""k"": 1, ""n"": 774}, {""k"": 1, ""n"": 774}, {""k"": 1, ""n"": 774}, {""k"": 1, ""n"": 774}, {""k"": 1, ""n"": 697}]}, {""constant_lens"": false, ""gain"": 0.25, ""lens"": ""pc1"", ""lens_scaling"": ""standardize"", ""min_cluster_size"": 50, ""min_samples"": 5, ""n_class"": 4538, ""n_edges"": 8, ""n_intervals"": 9, ""n_vertices"": 9, ""noise_reassigned"": 4383, ""placement"": ""quantile"", ""slabs"": [{""k"": 1, ""n"": 568}, {""k"": 1, ""n"": 630}, {""k"": 1, ""n"": 630}, {""k"": 1, ""n"": 630}, {""k"": 1, ""n"": 630}, {""k"": 1, ""n"": 630}, {""k"": 1, ""n"": 630}, {""k"": 1, ""n"": 630}, {""k"": 1, ""n"": 568}]}], ""soundness_bound_holds"": true, ""step_rule"": ""scale_free"", ""topology_retention_nerve_to_frozen"": {""beta0_frozen"": 5, ""beta0_nerve"": 2, ""beta1_frozen"": 0, ""beta1_nerve"": 0}}",True
0.8391188251001335,135,False,0.010013351134846462,0.01,,3.6085240000029444,67.80243000000337,64.19390600000042,eeg-eye-state,8,"{""epsilon"": 0.1, ""window"": 0.3}",LVQ3,10,135,1498,13482,0.9899866488651535,1762920275,False,,True
0.7897196261682243,135,False,0.010013351134846462,0.01,"{""0"": 74, ""1"": 61}",7.434135999996215,7.434135999996215,0.0,eeg-eye-state,8,,KMeans,10,135,1498,13482,0.9899866488651535,1762920275,False,,True
0.6321762349799733,135,False,0.010013351134846462,0.01,"{""0"": 74, ""1"": 61}",0.001631999999517575,0.001631999999517575,0.0,eeg-eye-state,8,,Random,10,135,1498,13482,0.9899866488651535,1762920275,False,,True
0.6955941255006676,135,False,0.010013351134846462,0.01,,4.0263080000004265,4.0263080000004265,0.0,eeg-eye-state,8,,SPOT,10,135,1498,13482,0.9899866488651535,1762920275,False,,True
0.7656875834445928,135,False,0.010013351134846462,0.01,,42.86688200000208,42.86688200000208,0.0,eeg-eye-state,8,,GLVQ,10,135,1498,13482,0.9899866488651535,1762920275,False,,True
0.7156208277703605,135,False,0.010013351134846462,0.01,,1.2882339999996475,1.2882339999996475,0.0,eeg-eye-state,8,,GNG,10,135,1498,13482,0.9899866488651535,1762920275,False,,True
0.8571428571428571,270,False,0.020026702269692925,0.02,,0.0001429999974789098,0.0001429999974789098,0.0,eeg-eye-state,8,,Full,10,13482,1498,13482,0.0,1762920275,True,,False
0.828437917222964,270,False,0.020026702269692925,0.02,,5.359588999999687,5.359588999999687,0.0,eeg-eye-state,8,,RSP3,10,5976,1498,13482,0.5567423230974633,1762920275,True,,False
0.8110814419225634,270,False,0.020026702269692925,0.02,,9.534923999999592,9.534923999999592,0.0,eeg-eye-state,8,,RHC,10,2742,1498,13482,0.796617712505563,1762920275,True,,False
0.7610146862483311,270,False,0.020026702269692925,0.02,,15.848938000002818,15.848938000002818,0.0,eeg-eye-state,8,,SPINE+1NN,10,270,1498,13482,0.9799732977303071,1762920275,False,"{""admission"": {""criterion"": ""risk"", ""removed_risk"": 3, ""removed_support"": 0}, ""betti_final"": [[2, 0], [3, 0]], ""betti_frozen"": [[2, 0], [3, 0]], ""betti_nerve"": [[1, 0], [1, 0]], ""boundary_restriction"": ""both"", ""forced_removals"": 0, ""growth_representation_fallbacks"": 121, ""invariant_held"": true, ""n_segments"": 265, ""n_train_fit"": 10112, ""n_val"": 3370, ""phase0"": [{""constant_lens"": false, ""gain"": 0.25, ""lens"": ""pc1"", ""lens_scaling"": ""standardize"", ""min_cluster_size"": 50, ""min_samples"": 5, ""n_class"": 5574, ""n_edges"": 8, ""n_intervals"": 9, ""n_vertices"": 9, ""noise_reassigned"": 4738, ""placement"": ""quantile"", ""slabs"": [{""k"": 1, ""n"": 697}, {""k"": 1, ""n"": 774}, {""k"": 1, ""n"": 774}, {""k"": 1, ""n"": 774}, {""k"": 1, ""n"": 774}, {""k"": 1, ""n"": 774}, {""k"": 1, ""n"": 774}, {""k"": 1, ""n"": 774}, {""k"": 1, ""n"": 697}]}, {""constant_lens"": false, ""gain"": 0.25, ""lens"": ""pc1"", ""lens_scaling"": ""standardize"", ""min_cluster_size"": 50, ""min_samples"": 5, ""n_class"": 4538, ""n_edges"": 8, ""n_intervals"": 9, ""n_vertices"": 9, ""noise_reassigned"": 4383, ""placement"": ""quantile"", ""slabs"": [{""k"": 1, ""n"": 568}, {""k"": 1, ""n"": 630}, {""k"": 1, ""n"": 630}, {""k"": 1, ""n"": 630}, {""k"": 1, ""n"": 630}, {""k"": 1, ""n"": 630}, {""k"": 1, ""n"": 630}, {""k"": 1, ""n"": 630}, {""k"": 1, ""n"": 568}]}], ""soundness_bound_holds"": true, ""step_rule"": ""scale_free"", ""topology_retention_nerve_to_frozen"": {""beta0_frozen"": 5, ""beta0_nerve"": 2, ""beta1_frozen"": 0, ""beta1_nerve"": 0}}",True
0.7810413885180241,270,False,0.020026702269692925,0.02,,15.848938000002818,15.848938000002818,0.0,eeg-eye-state,8,,SPINE+Graph,10,270,1498,13482,0.9799732977303071,1762920275,False,"{""admission"": {""criterion"": ""risk"", ""removed_risk"": 3, ""removed_support"": 0}, ""betti_final"": [[2, 0], [3, 0]], ""betti_frozen"": [[2, 0], [3, 0]], ""betti_nerve"": [[1, 0], [1, 0]], ""boundary_restriction"": ""both"", ""forced_removals"": 0, ""growth_representation_fallbacks"": 121, ""invariant_held"": true, ""n_segments"": 265, ""n_train_fit"": 10112, ""n_val"": 3370, ""phase0"": [{""constant_lens"": false, ""gain"": 0.25, ""lens"": ""pc1"", ""lens_scaling"": ""standardize"", ""min_cluster_size"": 50, ""min_samples"": 5, ""n_class"": 5574, ""n_edges"": 8, ""n_intervals"": 9, ""n_vertices"": 9, ""noise_reassigned"": 4738, ""placement"": ""quantile"", ""slabs"": [{""k"": 1, ""n"": 697}, {""k"": 1, ""n"": 774}, {""k"": 1, ""n"": 774}, {""k"": 1, ""n"": 774}, {""k"": 1, ""n"": 774}, {""k"": 1, ""n"": 774}, {""k"": 1, ""n"": 774}, {""k"": 1, ""n"": 774}, {""k"": 1, ""n"": 697}]}, {""constant_lens"": false, ""gain"": 0.25, ""lens"": ""pc1"", ""lens_scaling"": ""standardize"", ""min_cluster_size"": 50, ""min_samples"": 5, ""n_class"": 4538, ""n_edges"": 8, ""n_intervals"": 9, ""n_vertices"": 9, ""noise_reassigned"": 4383, ""placement"": ""quantile"", ""slabs"": [{""k"": 1, ""n"": 568}, {""k"": 1, ""n"": 630}, {""k"": 1, ""n"": 630}, {""k"": 1, ""n"": 630}, {""k"": 1, ""n"": 630}, {""k"": 1, ""n"": 630}, {""k"": 1, ""n"": 630}, {""k"": 1, ""n"": 630}, {""k"": 1, ""n"": 568}]}], ""soundness_bound_holds"": true, ""step_rule"": ""scale_free"", ""topology_retention_nerve_to_frozen"": {""beta0_frozen"": 5, ""beta0_nerve"": 2, ""beta1_frozen"": 0, ""beta1_nerve"": 0}}",True
0.8518024032042724,270,False,0.020026702269692925,0.02,,5.8634819999933825,96.94144699999742,91.07796500000404,eeg-eye-state,8,"{""epsilon"": 0.1, ""window"": 0.2}",LVQ3,10,270,1498,13482,0.9799732977303071,1762920275,False,,True
0.8137516688918558,270,False,0.020026702269692925,0.02,"{""0"": 149, ""1"": 121}",13.034479999994801,13.034479999994801,0.0,eeg-eye-state,8,,KMeans,10,270,1498,13482,0.9799732977303071,1762920275,False,,True
0.6915887850467289,270,False,0.020026702269692925,0.02,"{""0"": 149, ""1"": 121}",0.005137000000104308,0.005137000000104308,0.0,eeg-eye-state,8,,Random,10,270,1498,13482,0.9799732977303071,1762920275,False,,True
0.7436582109479306,270,False,0.020026702269692925,0.02,,5.117663000004541,5.117663000004541,0.0,eeg-eye-state,8,,SPOT,10,270,1498,13482,0.9799732977303071,1762920275,False,,True
0.7823765020026703,270,False,0.020026702269692925,0.02,,81.29240700000082,81.29240700000082,0.0,eeg-eye-state,8,,GLVQ,10,270,1498,13482,0.9799732977303071,1762920275,False,,True
0.7643524699599465,270,False,0.020026702269692925,0.02,,4.2061329999996815,4.2061329999996815,0.0,eeg-eye-state,8,,GNG,10,270,1498,13482,0.9799732977303071,1762920275,False,,True
0.8571428571428571,674,False,0.049992582702863074,0.05,,0.0001429999974789098,0.0001429999974789098,0.0,eeg-eye-state,8,,Full,10,13482,1498,13482,0.0,1762920275,True,,False
0.828437917222964,674,False,0.049992582702863074,0.05,,5.359588999999687,5.359588999999687,0.0,eeg-eye-state,8,,RSP3,10,5976,1498,13482,0.5567423230974633,1762920275,True,,False
0.8110814419225634,674,False,0.049992582702863074,0.05,,9.534923999999592,9.534923999999592,0.0,eeg-eye-state,8,,RHC,10,2742,1498,13482,0.796617712505563,1762920275,True,,False
0.8170894526034713,674,False,0.049992582702863074,0.05,,48.90780200000154,48.90780200000154,0.0,eeg-eye-state,8,,SPINE+1NN,10,674,1498,13482,0.9500074172971369,1762920275,False,"{""admission"": {""criterion"": ""risk"", ""removed_risk"": 3, ""removed_support"": 0}, ""betti_final"": [[2, 0], [3, 0]], ""betti_frozen"": [[2, 0], [3, 0]], ""betti_nerve"": [[1, 0], [1, 0]], ""boundary_restriction"": ""both"", ""forced_removals"": 0, ""growth_representation_fallbacks"": 308, ""invariant_held"": true, ""n_segments"": 669, ""n_train_fit"": 10112, ""n_val"": 3370, ""phase0"": [{""constant_lens"": false, ""gain"": 0.25, ""lens"": ""pc1"", ""lens_scaling"": ""standardize"", ""min_cluster_size"": 50, ""min_samples"": 5, ""n_class"": 5574, ""n_edges"": 8, ""n_intervals"": 9, ""n_vertices"": 9, ""noise_reassigned"": 4738, ""placement"": ""quantile"", ""slabs"": [{""k"": 1, ""n"": 697}, {""k"": 1, ""n"": 774}, {""k"": 1, ""n"": 774}, {""k"": 1, ""n"": 774}, {""k"": 1, ""n"": 774}, {""k"": 1, ""n"": 774}, {""k"": 1, ""n"": 774}, {""k"": 1, ""n"": 774}, {""k"": 1, ""n"": 697}]}, {""constant_lens"": false, ""gain"": 0.25, ""lens"": ""pc1"", ""lens_scaling"": ""standardize"", ""min_cluster_size"": 50, ""min_samples"": 5, ""n_class"": 4538, ""n_edges"": 8, ""n_intervals"": 9, ""n_vertices"": 9, ""noise_reassigned"": 4383, ""placement"": ""quantile"", ""slabs"": [{""k"": 1, ""n"": 568}, {""k"": 1, ""n"": 630}, {""k"": 1, ""n"": 630}, {""k"": 1, ""n"": 630}, {""k"": 1, ""n"": 630}, {""k"": 1, ""n"": 630}, {""k"": 1, ""n"": 630}, {""k"": 1, ""n"": 630}, {""k"": 1, ""n"": 568}]}], ""soundness_bound_holds"": true, ""step_rule"": ""scale_free"", ""topology_retention_nerve_to_frozen"": {""beta0_frozen"": 5, ""beta0_nerve"": 2, ""beta1_frozen"": 0, ""beta1_nerve"": 0}}",True
0.8177570093457944,674,False,0.049992582702863074,0.05,,48.90780200000154,48.90780200000154,0.0,eeg-eye-state,8,,SPINE+Graph,10,674,1498,13482,0.9500074172971369,1762920275,False,"{""admission"": {""criterion"": ""risk"", ""removed_risk"": 3, ""removed_support"": 0}, ""betti_final"": [[2, 0], [3, 0]], ""betti_frozen"": [[2, 0], [3, 0]], ""betti_nerve"": [[1, 0], [1, 0]], ""boundary_restriction"": ""both"", ""forced_removals"": 0, ""growth_representation_fallbacks"": 308, ""invariant_held"": true, ""n_segments"": 669, ""n_train_fit"": 10112, ""n_val"": 3370, ""phase0"": [{""constant_lens"": false, ""gain"": 0.25, ""lens"": ""pc1"", ""lens_scaling"": ""standardize"", ""min_cluster_size"": 50, ""min_samples"": 5, ""n_class"": 5574, ""n_edges"": 8, ""n_intervals"": 9, ""n_vertices"": 9, ""noise_reassigned"": 4738, ""placement"": ""quantile"", ""slabs"": [{""k"": 1, ""n"": 697}, {""k"": 1, ""n"": 774}, {""k"": 1, ""n"": 774}, {""k"": 1, ""n"": 774}, {""k"": 1, ""n"": 774}, {""k"": 1, ""n"": 774}, {""k"": 1, ""n"": 774}, {""k"": 1, ""n"": 774}, {""k"": 1, ""n"": 697}]}, {""constant_lens"": false, ""gain"": 0.25, ""lens"": ""pc1"", ""lens_scaling"": ""standardize"", ""min_cluster_size"": 50, ""min_samples"": 5, ""n_class"": 4538, ""n_edges"": 8, ""n_intervals"": 9, ""n_vertices"": 9, ""noise_reassigned"": 4383, ""placement"": ""quantile"", ""slabs"": [{""k"": 1, ""n"": 568}, {""k"": 1, ""n"": 630}, {""k"": 1, ""n"": 630}, {""k"": 1, ""n"": 630}, {""k"": 1, ""n"": 630}, {""k"": 1, ""n"": 630}, {""k"": 1, ""n"": 630}, {""k"": 1, ""n"": 630}, {""k"": 1, ""n"": 568}]}], ""soundness_bound_holds"": true, ""step_rule"": ""scale_free"", ""topology_retention_nerve_to_frozen"": {""beta0_frozen"": 5, ""beta0_nerve"": 2, ""beta1_frozen"": 0, ""beta1_nerve"": 0}}",True
0.863150867823765,674,False,0.049992582702863074,0.05,,8.909250999997312,154.45392999999603,145.54467899999872,eeg-eye-state,8,"{""epsilon"": 0.1, ""window"": 0.3}",LVQ3,10,674,1498,13482,0.9500074172971369,1762920275,False,,True
0.829105473965287,674,False,0.049992582702863074,0.05,"{""0"": 372, ""1"": 302}",22.85102000000188,22.85102000000188,0.0,eeg-eye-state,8,,KMeans,10,674,1498,13482,0.9500074172971369,1762920275,False,,True
0.732977303070761,674,False,0.049992582702863074,0.05,"{""0"": 372, ""1"": 302}",0.002007000002777204,0.002007000002777204,0.0,eeg-eye-state,8,,Random,10,674,1498,13482,0.9500074172971369,1762920275,False,,True
0.7850467289719626,674,False,0.049992582702863074,0.05,,5.16374899999937,5.16374899999937,0.0,eeg-eye-state,8,,SPOT,10,674,1498,13482,0.9500074172971369,1762920275,False,,True
0.80173564753004,674,False,0.049992582702863074,0.05,,196.8464329999988,196.8464329999988,0.0,eeg-eye-state,8,,GLVQ,10,674,1498,13482,0.9500074172971369,1762920275,False,,True
0.8244325767690254,674,False,0.049992582702863074,0.05,,23.50133300000016,23.50133300000016,0.0,eeg-eye-state,8,,GNG,10,674,1498,13482,0.9500074172971369,1762920275,False,,True
0.8571428571428571,1348,False,0.09998516540572615,0.1,,0.0001429999974789098,0.0001429999974789098,0.0,eeg-eye-state,8,,Full,10,13482,1498,13482,0.0,1762920275,True,,False
0.828437917222964,1348,False,0.09998516540572615,0.1,,5.359588999999687,5.359588999999687,0.0,eeg-eye-state,8,,RSP3,10,5976,1498,13482,0.5567423230974633,1762920275,True,,False
0.8110814419225634,1348,False,0.09998516540572615,0.1,,9.534923999999592,9.534923999999592,0.0,eeg-eye-state,8,,RHC,10,2742,1498,13482,0.796617712505563,1762920275,True,,False
0.8471295060080107,1348,False,0.09998516540572615,0.1,,174.6465429999953,174.6465429999953,0.0,eeg-eye-state,8,,SPINE+1NN,10,1348,1498,13482,0.9000148345942739,1762920275,False,"{""admission"": {""criterion"": ""risk"", ""removed_risk"": 3, ""removed_support"": 0}, ""betti_final"": [[2, 0], [3, 0]], ""betti_frozen"": [[2, 0], [3, 0]], ""betti_nerve"": [[1, 0], [1, 0]], ""boundary_restriction"": ""both"", ""forced_removals"": 0, ""growth_representation_fallbacks"": 696, ""invariant_held"": true, ""n_segments"": 1343, ""n_train_fit"": 10112, ""n_val"": 3370, ""phase0"": [{""constant_lens"": false, ""gain"": 0.25, ""lens"": ""pc1"", ""lens_scaling"": ""standardize"", ""min_cluster_size"": 50, ""min_samples"": 5, ""n_class"": 5574, ""n_edges"": 8, ""n_intervals"": 9, ""n_vertices"": 9, ""noise_reassigned"": 4738, ""placement"": ""quantile"", ""slabs"": [{""k"": 1, ""n"": 697}, {""k"": 1, ""n"": 774}, {""k"": 1, ""n"": 774}, {""k"": 1, ""n"": 774}, {""k"": 1, ""n"": 774}, {""k"": 1, ""n"": 774}, {""k"": 1, ""n"": 774}, {""k"": 1, ""n"": 774}, {""k"": 1, ""n"": 697}]}, {""constant_lens"": false, ""gain"": 0.25, ""lens"": ""pc1"", ""lens_scaling"": ""standardize"", ""min_cluster_size"": 50, ""min_samples"": 5, ""n_class"": 4538, ""n_edges"": 8, ""n_intervals"": 9, ""n_vertices"": 9, ""noise_reassigned"": 4383, ""placement"": ""quantile"", ""slabs"": [{""k"": 1, ""n"": 568}, {""k"": 1, ""n"": 630}, {""k"": 1, ""n"": 630}, {""k"": 1, ""n"": 630}, {""k"": 1, ""n"": 630}, {""k"": 1, ""n"": 630}, {""k"": 1, ""n"": 630}, {""k"": 1, ""n"": 630}, {""k"": 1, ""n"": 568}]}], ""soundness_bound_holds"": true, ""step_rule"": ""scale_free"", ""topology_retention_nerve_to_frozen"": {""beta0_frozen"": 5, ""beta0_nerve"": 2, ""beta1_frozen"": 0, ""beta1_nerve"": 0}}",True
0.8464619492656876,1348,False,0.09998516540572615,0.1,,174.6465429999953,174.6465429999953,0.0,eeg-eye-state,8,,SPINE+Graph,10,1348,1498,13482,0.9000148345942739,1762920275,False,"{""admission"": {""criterion"": ""risk"", ""removed_risk"": 3, ""removed_support"": 0}, ""betti_final"": [[2, 0], [3, 0]], ""betti_frozen"": [[2, 0], [3, 0]], ""betti_nerve"": [[1, 0], [1, 0]], ""boundary_restriction"": ""both"", ""forced_removals"": 0, ""growth_representation_fallbacks"": 696, ""invariant_held"": true, ""n_segments"": 1343, ""n_train_fit"": 10112, ""n_val"": 3370, ""phase0"": [{""constant_lens"": false, ""gain"": 0.25, ""lens"": ""pc1"", ""lens_scaling"": ""standardize"", ""min_cluster_size"": 50, ""min_samples"": 5, ""n_class"": 5574, ""n_edges"": 8, ""n_intervals"": 9, ""n_vertices"": 9, ""noise_reassigned"": 4738, ""placement"": ""quantile"", ""slabs"": [{""k"": 1, ""n"": 697}, {""k"": 1, ""n"": 774}, {""k"": 1, ""n"": 774}, {""k"": 1, ""n"": 774}, {""k"": 1, ""n"": 774}, {""k"": 1, ""n"": 774}, {""k"": 1, ""n"": 774}, {""k"": 1, ""n"": 774}, {""k"": 1, ""n"": 697}]}, {""constant_lens"": false, ""gain"": 0.25, ""lens"": ""pc1"", ""lens_scaling"": ""standardize"", ""min_cluster_size"": 50, ""min_samples"": 5, ""n_class"": 4538, ""n_edges"": 8, ""n_intervals"": 9, ""n_vertices"": 9, ""noise_reassigned"": 4383, ""placement"": ""quantile"", ""slabs"": [{""k"": 1, ""n"": 568}, {""k"": 1, ""n"": 630}, {""k"": 1, ""n"": 630}, {""k"": 1, ""n"": 630}, {""k"": 1, ""n"": 630}, {""k"": 1, ""n"": 630}, {""k"": 1, ""n"": 630}, {""k"": 1, ""n"": 630}, {""k"": 1, ""n"": 568}]}], ""soundness_bound_holds"": true, ""step_rule"": ""scale_free"", ""topology_retention_nerve_to_frozen"": {""beta0_frozen"": 5, ""beta0_nerve"": 2, ""beta1_frozen"": 0, ""beta1_nerve"": 0}}",True
0.8671562082777036,1348,False,0.09998516540572615,0.1,,15.656371999997646,265.4153040000019,249.75893200000428,eeg-eye-state,8,"{""epsilon"": 0.1, ""window"": 0.3}",LVQ3,10,1348,1498,13482,0.9000148345942739,1762920275,False,,True
0.8451268357810414,1348,False,0.09998516540572615,0.1,"{""0"": 743, ""1"": 605}",33.84700200000225,33.84700200000225,0.0,eeg-eye-state,8,,KMeans,10,1348,1498,13482,0.9000148345942739,1762920275,False,,True
0.7616822429906542,1348,False,0.09998516540572615,0.1,"{""0"": 743, ""1"": 605}",0.0024950000006356277,0.0024950000006356277,0.0,eeg-eye-state,8,,Random,10,1348,1498,13482,0.9000148345942739,1762920275,False,,True
0.8050734312416555,1348,False,0.09998516540572615,0.1,,5.722496000002138,5.722496000002138,0.0,eeg-eye-state,8,,SPOT,10,1348,1498,13482,0.9000148345942739,1762920275,False,,True
0.7843791722296395,1348,False,0.09998516540572615,0.1,,391.32196300000214,391.32196300000214,0.0,eeg-eye-state,8,,GLVQ,10,1348,1498,13482,0.9000148345942739,1762920275,False,,True
0.8397863818424566,1348,False,0.09998516540572615,0.1,,96.36313500000688,96.36313500000688,0.0,eeg-eye-state,8,,GNG,10,1348,1498,13482,0.9000148345942739,1762920275,False,,True
0.8571428571428571,3371,False,0.2500370864856846,0.25,,0.0001429999974789098,0.0001429999974789098,0.0,eeg-eye-state,8,,Full,10,13482,1498,13482,0.0,1762920275,True,,False
0.828437917222964,3371,False,0.2500370864856846,0.25,,5.359588999999687,5.359588999999687,0.0,eeg-eye-state,8,,RSP3,10,5976,1498,13482,0.5567423230974633,1762920275,True,,False
0.8110814419225634,3371,False,0.2500370864856846,0.25,,9.534923999999592,9.534923999999592,0.0,eeg-eye-state,8,,RHC,10,2742,1498,13482,0.796617712505563,1762920275,True,,False
0.8731642189586115,3371,False,0.2500370864856846,0.25,,1300.7614329999997,1300.7614329999997,0.0,eeg-eye-state,8,,SPINE+1NN,10,3371,1498,13482,0.7499629135143153,1762920275,False,"{""admission"": {""criterion"": ""risk"", ""removed_risk"": 3, ""removed_support"": 0}, ""betti_final"": [[2, 0], [3, 0]], ""betti_frozen"": [[2, 0], [3, 0]], ""betti_nerve"": [[1, 0], [1, 0]], ""boundary_restriction"": ""both"", ""forced_removals"": 0, ""growth_representation_fallbacks"": 2843, ""invariant_held"": true, ""n_segments"": 3366, ""n_train_fit"": 10112, ""n_val"": 3370, ""phase0"": [{""constant_lens"": false, ""gain"": 0.25, ""lens"": ""pc1"", ""lens_scaling"": ""standardize"", ""min_cluster_size"": 50, ""min_samples"": 5, ""n_class"": 5574, ""n_edges"": 8, ""n_intervals"": 9, ""n_vertices"": 9, ""noise_reassigned"": 4738, ""placement"": ""quantile"", ""slabs"": [{""k"": 1, ""n"": 697}, {""k"": 1, ""n"": 774}, {""k"": 1, ""n"": 774}, {""k"": 1, ""n"": 774}, {""k"": 1, ""n"": 774}, {""k"": 1, ""n"": 774}, {""k"": 1, ""n"": 774}, {""k"": 1, ""n"": 774}, {""k"": 1, ""n"": 697}]}, {""constant_lens"": false, ""gain"": 0.25, ""lens"": ""pc1"", ""lens_scaling"": ""standardize"", ""min_cluster_size"": 50, ""min_samples"": 5, ""n_class"": 4538, ""n_edges"": 8, ""n_intervals"": 9, ""n_vertices"": 9, ""noise_reassigned"": 4383, ""placement"": ""quantile"", ""slabs"": [{""k"": 1, ""n"": 568}, {""k"": 1, ""n"": 630}, {""k"": 1, ""n"": 630}, {""k"": 1, ""n"": 630}, {""k"": 1, ""n"": 630}, {""k"": 1, ""n"": 630}, {""k"": 1, ""n"": 630}, {""k"": 1, ""n"": 630}, {""k"": 1, ""n"": 568}]}], ""soundness_bound_holds"": true, ""step_rule"": ""scale_free"", ""topology_retention_nerve_to_frozen"": {""beta0_frozen"": 5, ""beta0_nerve"": 2, ""beta1_frozen"": 0, ""beta1_nerve"": 0}}",True
0.87716955941255,3371,False,0.2500370864856846,0.25,,1300.7614329999997,1300.7614329999997,0.0,eeg-eye-state,8,,SPINE+Graph,10,3371,1498,13482,0.7499629135143153,1762920275,False,"{""admission"": {""criterion"": ""risk"", ""removed_risk"": 3, ""removed_support"": 0}, ""betti_final"": [[2, 0], [3, 0]], ""betti_frozen"": [[2, 0], [3, 0]], ""betti_nerve"": [[1, 0], [1, 0]], ""boundary_restriction"": ""both"", ""forced_removals"": 0, ""growth_representation_fallbacks"": 2843, ""invariant_held"": true, ""n_segments"": 3366, ""n_train_fit"": 10112, ""n_val"": 3370, ""phase0"": [{""constant_lens"": false, ""gain"": 0.25, ""lens"": ""pc1"", ""lens_scaling"": ""standardize"", ""min_cluster_size"": 50, ""min_samples"": 5, ""n_class"": 5574, ""n_edges"": 8, ""n_intervals"": 9, ""n_vertices"": 9, ""noise_reassigned"": 4738, ""placement"": ""quantile"", ""slabs"": [{""k"": 1, ""n"": 697}, {""k"": 1, ""n"": 774}, {""k"": 1, ""n"": 774}, {""k"": 1, ""n"": 774}, {""k"": 1, ""n"": 774}, {""k"": 1, ""n"": 774}, {""k"": 1, ""n"": 774}, {""k"": 1, ""n"": 774}, {""k"": 1, ""n"": 697}]}, {""constant_lens"": false, ""gain"": 0.25, ""lens"": ""pc1"", ""lens_scaling"": ""standardize"", ""min_cluster_size"": 50, ""min_samples"": 5, ""n_class"": 4538, ""n_edges"": 8, ""n_intervals"": 9, ""n_vertices"": 9, ""noise_reassigned"": 4383, ""placement"": ""quantile"", ""slabs"": [{""k"": 1, ""n"": 568}, {""k"": 1, ""n"": 630}, {""k"": 1, ""n"": 630}, {""k"": 1, ""n"": 630}, {""k"": 1, ""n"": 630}, {""k"": 1, ""n"": 630}, {""k"": 1, ""n"": 630}, {""k"": 1, ""n"": 630}, {""k"": 1, ""n"": 568}]}], ""soundness_bound_holds"": true, ""step_rule"": ""scale_free"", ""topology_retention_nerve_to_frozen"": {""beta0_frozen"": 5, ""beta0_nerve"": 2, ""beta1_frozen"": 0, ""beta1_nerve"": 0}}",True
0.8564753004005341,3371,False,0.2500370864856846,0.25,,41.78137699999934,713.7153029999972,671.9339259999979,eeg-eye-state,8,"{""epsilon"": 0.1, ""window"": 0.3}",LVQ3,10,3371,1498,13482,0.7499629135143153,1762920275,False,,True
0.8524699599465955,3371,False,0.2500370864856846,0.25,"{""0"": 1858, ""1"": 1513}",46.51326800000243,46.51326800000243,0.0,eeg-eye-state,8,,KMeans,10,3371,1498,13482,0.7499629135143153,1762920275,False,,True
0.8264352469959947,3371,False,0.2500370864856846,0.25,"{""0"": 1858, ""1"": 1513}",0.003246999993280042,0.003246999993280042,0.0,eeg-eye-state,8,,Random,10,3371,1498,13482,0.7499629135143153,1762920275,False,,True
0.8377837116154874,3371,False,0.2500370864856846,0.25,,5.779958999999508,5.779958999999508,0.0,eeg-eye-state,8,,SPOT,10,3371,1498,13482,0.7499629135143153,1762920275,False,,True
0.7923898531375166,3371,False,0.2500370864856846,0.25,,968.9680079999962,968.9680079999962,0.0,eeg-eye-state,8,,GLVQ,10,3371,1498,13482,0.7499629135143153,1762920275,False,,True
0.849799732977303,3371,False,0.2500370864856846,0.25,,540.0942310000028,540.0942310000028,0.0,eeg-eye-state,8,,GNG,10,3371,1498,13482,0.7499629135143153,1762920275,False,,True
0.8484646194926568,67,False,0.004969589081738614,0.005,,0.00015100000018719584,0.00015100000018719584,0.0,eeg-eye-state,9,,Full,10,13482,1498,13482,0.0,1763920278,False,,False
0.8337783711615487,67,False,0.004969589081738614,0.005,,6.140472999999474,6.140472999999474,0.0,eeg-eye-state,9,,RSP3,10,6591,1498,13482,0.5111259457053849,1763920278,False,,False
0.8050734312416555,67,False,0.004969589081738614,0.005,,11.229809999997087,11.229809999997087,0.0,eeg-eye-state,9,,RHC,10,3297,1498,13482,0.7554517133956387,1763920278,False,,False
0.6061415220293725,67,False,0.004969589081738614,0.005,,10.203325999995286,10.203325999995286,0.0,eeg-eye-state,9,,SPINE+1NN,10,67,1498,13482,0.9950304109182614,1763920278,False,"{""admission"": {""criterion"": ""risk"", ""removed_risk"": 8, ""removed_support"": 0}, ""betti_final"": [[4, 0], [6, 0]], ""betti_frozen"": [[4, 0], [6, 0]], ""betti_nerve"": [[1, 0], [1, 0]], ""boundary_restriction"": ""both"", ""forced_removals"": 0, ""growth_representation_fallbacks"": 19, ""invariant_held"": true, ""n_segments"": 57, ""n_train_fit"": 10112, ""n_val"": 3370, ""phase0"": [{""constant_lens"": false, ""gain"": 0.25, ""lens"": ""pc1"", ""lens_scaling"": ""standardize"", ""min_cluster_size"": 50, ""min_samples"": 5, ""n_class"": 5574, ""n_edges"": 9, ""n_intervals"": 9, ""n_vertices"": 10, ""noise_reassigned"": 4986, ""placement"": ""quantile"", ""slabs"": [{""k"": 1, ""n"": 697}, {""k"": 1, ""n"": 774}, {""k"": 1, ""n"": 774}, {""k"": 1, ""n"": 774}, {""k"": 1, ""n"": 774}, {""k"": 1, ""n"": 774}, {""k"": 1, ""n"": 774}, {""k"": 1, ""n"": 774}, {""k"": 2, ""n"": 697}]}, {""constant_lens"": false, ""gain"": 0.25, ""lens"": ""pc1"", ""lens_scaling"": ""standardize"", ""min_cluster_size"": 50, ""min_samples"": 5, ""n_class"": 4538, ""n_edges"": 8, ""n_intervals"": 9, ""n_vertices"": 9, ""noise_reassigned"": 4588, ""placement"": ""quantile"", ""slabs"": [{""k"": 1, ""n"": 568}, {""k"": 1, ""n"": 630}, {""k"": 1, ""n"": 630}, {""k"": 1, ""n"": 630}, {""k"": 1, ""n"": 630}, {""k"": 1, ""n"": 630}, {""k"": 1, ""n"": 630}, {""k"": 1, ""n"": 630}, {""k"": 1, ""n"": 568}]}], ""soundness_bound_holds"": true, ""step_rule"": ""scale_free"", ""topology_retention_nerve_to_frozen"": {""beta0_frozen"": 10, ""beta0_nerve"": 2, ""beta1_frozen"": 0, ""beta1_nerve"": 0}}",True
0.6148197596795728,67,False,0.004969589081738614,0.005,,10.203325999995286,10.203325999995286,0.0,eeg-eye-state,9,,SPINE+Graph,10,67,1498,13482,0.9950304109182614,1763920278,False,"{""admission"": {""criterion"": ""risk"", ""removed_risk"": 8, ""removed_support"": 0}, ""betti_final"": [[4, 0], [6, 0]], ""betti_frozen"": [[4, 0], [6, 0]], ""betti_nerve"": [[1, 0], [1, 0]], ""boundary_restriction"": ""both"", ""forced_removals"": 0, ""growth_representation_fallbacks"": 19, ""invariant_held"": true, ""n_segments"": 57, ""n_train_fit"": 10112, ""n_val"": 3370, ""phase0"": [{""constant_lens"": false, ""gain"": 0.25, ""lens"": ""pc1"", ""lens_scaling"": ""standardize"", ""min_cluster_size"": 50, ""min_samples"": 5, ""n_class"": 5574, ""n_edges"": 9, ""n_intervals"": 9, ""n_vertices"": 10, ""noise_reassigned"": 4986, ""placement"": ""quantile"", ""slabs"": [{""k"": 1, ""n"": 697}, {""k"": 1, ""n"": 774}, {""k"": 1, ""n"": 774}, {""k"": 1, ""n"": 774}, {""k"": 1, ""n"": 774}, {""k"": 1, ""n"": 774}, {""k"": 1, ""n"": 774}, {""k"": 1, ""n"": 774}, {""k"": 2, ""n"": 697}]}, {""constant_lens"": false, ""gain"": 0.25, ""lens"": ""pc1"", ""lens_scaling"": ""standardize"", ""min_cluster_size"": 50, ""min_samples"": 5, ""n_class"": 4538, ""n_edges"": 8, ""n_intervals"": 9, ""n_vertices"": 9, ""noise_reassigned"": 4588, ""placement"": ""quantile"", ""slabs"": [{""k"": 1, ""n"": 568}, {""k"": 1, ""n"": 630}, {""k"": 1, ""n"": 630}, {""k"": 1, ""n"": 630}, {""k"": 1, ""n"": 630}, {""k"": 1, ""n"": 630}, {""k"": 1, ""n"": 630}, {""k"": 1, ""n"": 630}, {""k"": 1, ""n"": 568}]}], ""soundness_bound_holds"": true, ""step_rule"": ""scale_free"", ""topology_retention_nerve_to_frozen"": {""beta0_frozen"": 10, ""beta0_nerve"": 2, ""beta1_frozen"": 0, ""beta1_nerve"": 0}}",True
0.7683578104138852,67,False,0.004969589081738614,0.005,,2.783019999995304,53.125592999997025,50.34257300000172,eeg-eye-state,9,"{""epsilon"": 0.1, ""window"": 0.2}",LVQ3,10,67,1498,13482,0.9950304109182614,1763920278,False,,True
0.6895861148197597,67,False,0.004969589081738614,0.005,"{""0"": 37, ""1"": 30}",4.284416000002238,4.284416000002238,0.0,eeg-eye-state,9,,KMeans,10,67,1498,13482,0.9950304109182614,1763920278,False,,True
0.5567423230974633,67,False,0.004969589081738614,0.005,"{""0"": 37, ""1"": 30}",0.0016529999993508682,0.0016529999993508682,0.0,eeg-eye-state,9,,Random,10,67,1498,13482,0.9950304109182614,1763920278,False,,True
0.6355140186915887,67,False,0.004969589081738614,0.005,,4.4378320000032545,4.4378320000032545,0.0,eeg-eye-state,9,,SPOT,10,67,1498,13482,0.9950304109182614,1763920278,False,,True
0.7129506008010681,67,False,0.004969589081738614,0.005,,23.628725000002305,23.628725000002305,0.0,eeg-eye-state,9,,GLVQ,10,67,1498,13482,0.9950304109182614,1763920278,False,,True
0.6048064085447263,67,False,0.004969589081738614,0.005,,0.43082200000208104,0.43082200000208104,0.0,eeg-eye-state,9,,GNG,10,67,1498,13482,0.9950304109182614,1763920278,False,,True
0.8484646194926568,135,False,0.010013351134846462,0.01,,0.00015100000018719584,0.00015100000018719584,0.0,eeg-eye-state,9,,Full,10,13482,1498,13482,0.0,1763920278,True,,False
0.8337783711615487,135,False,0.010013351134846462,0.01,,6.140472999999474,6.140472999999474,0.0,eeg-eye-state,9,,RSP3,10,6591,1498,13482,0.5111259457053849,1763920278,True,,False
0.8050734312416555,135,False,0.010013351134846462,0.01,,11.229809999997087,11.229809999997087,0.0,eeg-eye-state,9,,RHC,10,3297,1498,13482,0.7554517133956387,1763920278,True,,False
0.677570093457944,135,False,0.010013351134846462,0.01,,10.356683999998495,10.356683999998495,0.0,eeg-eye-state,9,,SPINE+1NN,10,135,1498,13482,0.9899866488651535,1763920278,False,"{""admission"": {""criterion"": ""risk"", ""removed_risk"": 8, ""removed_support"": 0}, ""betti_final"": [[4, 0], [6, 0]], ""betti_frozen"": [[4, 0], [6, 0]], ""betti_nerve"": [[1, 0], [1, 0]], ""boundary_restriction"": ""both"", ""forced_removals"": 0, ""growth_representation_fallbacks"": 43, ""invariant_held"": true, ""n_segments"": 125, ""n_train_fit"": 10112, ""n_val"": 3370, ""phase0"": [{""constant_lens"": false, ""gain"": 0.25, ""lens"": ""pc1"", ""lens_scaling"": ""standardize"", ""min_cluster_size"": 50, ""min_samples"": 5, ""n_class"": 5574, ""n_edges"": 9, ""n_intervals"": 9, ""n_vertices"": 10, ""noise_reassigned"": 4986, ""placement"": ""quantile"", ""slabs"": [{""k"": 1, ""n"": 697}, {""k"": 1, ""n"": 774}, {""k"": 1, ""n"": 774}, {""k"": 1, ""n"": 774}, {""k"": 1, ""n"": 774}, {""k"": 1, ""n"": 774}, {""k"": 1, ""n"": 774}, {""k"": 1, ""n"": 774}, {""k"": 2, ""n"": 697}]}, {""constant_lens"": false, ""gain"": 0.25, ""lens"": ""pc1"", ""lens_scaling"": ""standardize"", ""min_cluster_size"": 50, ""min_samples"": 5, ""n_class"": 4538, ""n_edges"": 8, ""n_intervals"": 9, ""n_vertices"": 9, ""noise_reassigned"": 4588, ""placement"": ""quantile"", ""slabs"": [{""k"": 1, ""n"": 568}, {""k"": 1, ""n"": 630}, {""k"": 1, ""n"": 630}, {""k"": 1, ""n"": 630}, {""k"": 1, ""n"": 630}, {""k"": 1, ""n"": 630}, {""k"": 1, ""n"": 630}, {""k"": 1, ""n"": 630}, {""k"": 1, ""n"": 568}]}], ""soundness_bound_holds"": true, ""step_rule"": ""scale_free"", ""topology_retention_nerve_to_frozen"": {""beta0_frozen"": 10, ""beta0_nerve"": 2, ""beta1_frozen"": 0, ""beta1_nerve"": 0}}",True
0.6842456608811749,135,False,0.010013351134846462,0.01,,10.356683999998495,10.356683999998495,0.0,eeg-eye-state,9,,SPINE+Graph,10,135,1498,13482,0.9899866488651535,1763920278,False,"{""admission"": {""criterion"": ""risk"", ""removed_risk"": 8, ""removed_support"": 0}, ""betti_final"": [[4, 0], [6, 0]], ""betti_frozen"": [[4, 0], [6, 0]], ""betti_nerve"": [[1, 0], [1, 0]], ""boundary_restriction"": ""both"", ""forced_removals"": 0, ""growth_representation_fallbacks"": 43, ""invariant_held"": true, ""n_segments"": 125, ""n_train_fit"": 10112, ""n_val"": 3370, ""phase0"": [{""constant_lens"": false, ""gain"": 0.25, ""lens"": ""pc1"", ""lens_scaling"": ""standardize"", ""min_cluster_size"": 50, ""min_samples"": 5, ""n_class"": 5574, ""n_edges"": 9, ""n_intervals"": 9, ""n_vertices"": 10, ""noise_reassigned"": 4986, ""placement"": ""quantile"", ""slabs"": [{""k"": 1, ""n"": 697}, {""k"": 1, ""n"": 774}, {""k"": 1, ""n"": 774}, {""k"": 1, ""n"": 774}, {""k"": 1, ""n"": 774}, {""k"": 1, ""n"": 774}, {""k"": 1, ""n"": 774}, {""k"": 1, ""n"": 774}, {""k"": 2, ""n"": 697}]}, {""constant_lens"": false, ""gain"": 0.25, ""lens"": ""pc1"", ""lens_scaling"": ""standardize"", ""min_cluster_size"": 50, ""min_samples"": 5, ""n_class"": 4538, ""n_edges"": 8, ""n_intervals"": 9, ""n_vertices"": 9, ""noise_reassigned"": 4588, ""placement"": ""quantile"", ""slabs"": [{""k"": 1, ""n"": 568}, {""k"": 1, ""n"": 630}, {""k"": 1, ""n"": 630}, {""k"": 1, ""n"": 630}, {""k"": 1, ""n"": 630}, {""k"": 1, ""n"": 630}, {""k"": 1, ""n"": 630}, {""k"": 1, ""n"": 630}, {""k"": 1, ""n"": 568}]}], ""soundness_bound_holds"": true, ""step_rule"": ""scale_free"", ""topology_retention_nerve_to_frozen"": {""beta0_frozen"": 10, ""beta0_nerve"": 2, ""beta1_frozen"": 0, ""beta1_nerve"": 0}}",True
0.7870493991989319,135,False,0.010013351134846462,0.01,,3.6346790000025067,65.68751400000474,62.05283500000223,eeg-eye-state,9,"{""epsilon"": 0.1, ""window"": 0.3}",LVQ3,10,135,1498,13482,0.9899866488651535,1763920278,False,,True
0.7309746328437917,135,False,0.010013351134846462,0.01,"{""0"": 74, ""1"": 61}",7.616972999996506,7.616972999996506,0.0,eeg-eye-state,9,,KMeans,10,135,1498,13482,0.9899866488651535,1763920278,False,,True
0.5941255006675568,135,False,0.010013351134846462,0.01,"{""0"": 74, ""1"": 61}",0.0015690000000176951,0.0015690000000176951,0.0,eeg-eye-state,9,,Random,10,135,1498,13482,0.9899866488651535,1763920278,False,,True
0.6955941255006676,135,False,0.010013351134846462,0.01,,4.4757079999981215,4.4757079999981215,0.0,eeg-eye-state,9,,SPOT,10,135,1498,13482,0.9899866488651535,1763920278,False,,True
0.7356475300400535,135,False,0.010013351134846462,0.01,,42.94366900000023,42.94366900000023,0.0,eeg-eye-state,9,,GLVQ,10,135,1498,13482,0.9899866488651535,1763920278,False,,True
0.6929238985313751,135,False,0.010013351134846462,0.01,,1.2753179999999702,1.2753179999999702,0.0,eeg-eye-state,9,,GNG,10,135,1498,13482,0.9899866488651535,1763920278,False,,True
0.8484646194926568,270,False,0.020026702269692925,0.02,,0.00015100000018719584,0.00015100000018719584,0.0,eeg-eye-state,9,,Full,10,13482,1498,13482,0.0,1763920278,True,,False
0.8337783711615487,270,False,0.020026702269692925,0.02,,6.140472999999474,6.140472999999474,0.0,eeg-eye-state,9,,RSP3,10,6591,1498,13482,0.5111259457053849,1763920278,True,,False
0.8050734312416555,270,False,0.020026702269692925,0.02,,11.229809999997087,11.229809999997087,0.0,eeg-eye-state,9,,RHC,10,3297,1498,13482,0.7554517133956387,1763920278,True,,False
0.7169559412550067,270,False,0.020026702269692925,0.02,,15.313246999998228,15.313246999998228,0.0,eeg-eye-state,9,,SPINE+1NN,10,270,1498,13482,0.9799732977303071,1763920278,False,"{""admission"": {""criterion"": ""risk"", ""removed_risk"": 8, ""removed_support"": 0}, ""betti_final"": [[4, 0], [6, 0]], ""betti_frozen"": [[4, 0], [6, 0]], ""betti_nerve"": [[1, 0], [1, 0]], ""boundary_restriction"": ""both"", ""forced_removals"": 0, ""growth_representation_fallbacks"": 105, ""invariant_held"": true, ""n_segments"": 260, ""n_train_fit"": 10112, ""n_val"": 3370, ""phase0"": [{""constant_lens"": false, ""gain"": 0.25, ""lens"": ""pc1"", ""lens_scaling"": ""standardize"", ""min_cluster_size"": 50, ""min_samples"": 5, ""n_class"": 5574, ""n_edges"": 9, ""n_intervals"": 9, ""n_vertices"": 10, ""noise_reassigned"": 4986, ""placement"": ""quantile"", ""slabs"": [{""k"": 1, ""n"": 697}, {""k"": 1, ""n"": 774}, {""k"": 1, ""n"": 774}, {""k"": 1, ""n"": 774}, {""k"": 1, ""n"": 774}, {""k"": 1, ""n"": 774}, {""k"": 1, ""n"": 774}, {""k"": 1, ""n"": 774}, {""k"": 2, ""n"": 697}]}, {""constant_lens"": false, ""gain"": 0.25, ""lens"": ""pc1"", ""lens_scaling"": ""standardize"", ""min_cluster_size"": 50, ""min_samples"": 5, ""n_class"": 4538, ""n_edges"": 8, ""n_intervals"": 9, ""n_vertices"": 9, ""noise_reassigned"": 4588, ""placement"": ""quantile"", ""slabs"": [{""k"": 1, ""n"": 568}, {""k"": 1, ""n"": 630}, {""k"": 1, ""n"": 630}, {""k"": 1, ""n"": 630}, {""k"": 1, ""n"": 630}, {""k"": 1, ""n"": 630}, {""k"": 1, ""n"": 630}, {""k"": 1, ""n"": 630}, {""k"": 1, ""n"": 568}]}], ""soundness_bound_holds"": true, ""step_rule"": ""scale_free"", ""topology_retention_nerve_to_frozen"": {""beta0_frozen"": 10, ""beta0_nerve"": 2, ""beta1_frozen"": 0, ""beta1_nerve"": 0}}",True
0.7363150867823764,270,False,0.020026702269692925,0.02,,15.313246999998228,15.313246999998228,0.0,eeg-eye-state,9,,SPINE+Graph,10,270,1498,13482,0.9799732977303071,1763920278,False,"{""admission"": {""criterion"": ""risk"", ""removed_risk"": 8, ""removed_support"": 0}, ""betti_final"": [[4, 0], [6, 0]], ""betti_frozen"": [[4, 0], [6, 0]], ""betti_nerve"": [[1, 0], [1, 0]], ""boundary_restriction"": ""both"", ""forced_removals"": 0, ""growth_representation_fallbacks"": 105, ""invariant_held"": true, ""n_segments"": 260, ""n_train_fit"": 10112, ""n_val"": 3370, ""phase0"": [{""constant_lens"": false, ""gain"": 0.25, ""lens"": ""pc1"", ""lens_scaling"": ""standardize"", ""min_cluster_size"": 50, ""min_samples"": 5, ""n_class"": 5574, ""n_edges"": 9, ""n_intervals"": 9, ""n_vertices"": 10, ""noise_reassigned"": 4986, ""placement"": ""quantile"", ""slabs"": [{""k"": 1, ""n"": 697}, {""k"": 1, ""n"": 774}, {""k"": 1, ""n"": 774}, {""k"": 1, ""n"": 774}, {""k"": 1, ""n"": 774}, {""k"": 1, ""n"": 774}, {""k"": 1, ""n"": 774}, {""k"": 1, ""n"": 774}, {""k"": 2, ""n"": 697}]}, {""constant_lens"": false, ""gain"": 0.25, ""lens"": ""pc1"", ""lens_scaling"": ""standardize"", ""min_cluster_size"": 50, ""min_samples"": 5, ""n_class"": 4538, ""n_edges"": 8, ""n_intervals"": 9, ""n_vertices"": 9, ""noise_reassigned"": 4588, ""placement"": ""quantile"", ""slabs"": [{""k"": 1, ""n"": 568}, {""k"": 1, ""n"": 630}, {""k"": 1, ""n"": 630}, {""k"": 1, ""n"": 630}, {""k"": 1, ""n"": 630}, {""k"": 1, ""n"": 630}, {""k"": 1, ""n"": 630}, {""k"": 1, ""n"": 630}, {""k"": 1, ""n"": 568}]}], ""soundness_bound_holds"": true, ""step_rule"": ""scale_free"", ""topology_retention_nerve_to_frozen"": {""beta0_frozen"": 10, ""beta0_nerve"": 2, ""beta1_frozen"": 0, ""beta1_nerve"": 0}}",True
0.8097463284379173,270,False,0.020026702269692925,0.02,,5.769529999997758,95.13129499999923,89.36176500000147,eeg-eye-state,9,"{""epsilon"": 0.1, ""window"": 0.3}",LVQ3,10,270,1498,13482,0.9799732977303071,1763920278,False,,True
0.7783711615487316,270,False,0.020026702269692925,0.02,"{""0"": 149, ""1"": 121}",10.845941999999923,10.845941999999923,0.0,eeg-eye-state,9,,KMeans,10,270,1498,13482,0.9799732977303071,1763920278,False,,True
0.6161548731642189,270,False,0.020026702269692925,0.02,"{""0"": 149, ""1"": 121}",0.0016990000003715977,0.0016990000003715977,0.0,eeg-eye-state,9,,Random,10,270,1498,13482,0.9799732977303071,1763920278,False,,True
0.7222963951935915,270,False,0.020026702269692925,0.02,,3.979730999999447,3.979730999999447,0.0,eeg-eye-state,9,,SPOT,10,270,1498,13482,0.9799732977303071,1763920278,False,,True
0.7476635514018691,270,False,0.020026702269692925,0.02,,81.82780199999979,81.82780199999979,0.0,eeg-eye-state,9,,GLVQ,10,270,1498,13482,0.9799732977303071,1763920278,False,,True
0.732977303070761,270,False,0.020026702269692925,0.02,,4.162261999998009,4.162261999998009,0.0,eeg-eye-state,9,,GNG,10,270,1498,13482,0.9799732977303071,1763920278,False,,True
0.8484646194926568,674,False,0.049992582702863074,0.05,,0.00015100000018719584,0.00015100000018719584,0.0,eeg-eye-state,9,,Full,10,13482,1498,13482,0.0,1763920278,True,,False
0.8337783711615487,674,False,0.049992582702863074,0.05,,6.140472999999474,6.140472999999474,0.0,eeg-eye-state,9,,RSP3,10,6591,1498,13482,0.5111259457053849,1763920278,True,,False
0.8050734312416555,674,False,0.049992582702863074,0.05,,11.229809999997087,11.229809999997087,0.0,eeg-eye-state,9,,RHC,10,3297,1498,13482,0.7554517133956387,1763920278,True,,False
0.7830440587449933,674,False,0.049992582702863074,0.05,,47.80466400000296,47.80466400000296,0.0,eeg-eye-state,9,,SPINE+1NN,10,674,1498,13482,0.9500074172971369,1763920278,False,"{""admission"": {""criterion"": ""risk"", ""removed_risk"": 8, ""removed_support"": 0}, ""betti_final"": [[4, 0], [6, 0]], ""betti_frozen"": [[4, 0], [6, 0]], ""betti_nerve"": [[1, 0], [1, 0]], ""boundary_restriction"": ""both"", ""forced_removals"": 0, ""growth_representation_fallbacks"": 297, ""invariant_held"": true, ""n_segments"": 664, ""n_train_fit"": 10112, ""n_val"": 3370, ""phase0"": [{""constant_lens"": false, ""gain"": 0.25, ""lens"": ""pc1"", ""lens_scaling"": ""standardize"", ""min_cluster_size"": 50, ""min_samples"": 5, ""n_class"": 5574, ""n_edges"": 9, ""n_intervals"": 9, ""n_vertices"": 10, ""noise_reassigned"": 4986, ""placement"": ""quantile"", ""slabs"": [{""k"": 1, ""n"": 697}, {""k"": 1, ""n"": 774}, {""k"": 1, ""n"": 774}, {""k"": 1, ""n"": 774}, {""k"": 1, ""n"": 774}, {""k"": 1, ""n"": 774}, {""k"": 1, ""n"": 774}, {""k"": 1, ""n"": 774}, {""k"": 2, ""n"": 697}]}, {""constant_lens"": false, ""gain"": 0.25, ""lens"": ""pc1"", ""lens_scaling"": ""standardize"", ""min_cluster_size"": 50, ""min_samples"": 5, ""n_class"": 4538, ""n_edges"": 8, ""n_intervals"": 9, ""n_vertices"": 9, ""noise_reassigned"": 4588, ""placement"": ""quantile"", ""slabs"": [{""k"": 1, ""n"": 568}, {""k"": 1, ""n"": 630}, {""k"": 1, ""n"": 630}, {""k"": 1, ""n"": 630}, {""k"": 1, ""n"": 630}, {""k"": 1, ""n"": 630}, {""k"": 1, ""n"": 630}, {""k"": 1, ""n"": 630}, {""k"": 1, ""n"": 568}]}], ""soundness_bound_holds"": true, ""step_rule"": ""scale_free"", ""topology_retention_nerve_to_frozen"": {""beta0_frozen"": 10, ""beta0_nerve"": 2, ""beta1_frozen"": 0, ""beta1_nerve"": 0}}",True
0.7917222963951935,674,False,0.049992582702863074,0.05,,47.80466400000296,47.80466400000296,0.0,eeg-eye-state,9,,SPINE+Graph,10,674,1498,13482,0.9500074172971369,1763920278,False,"{""admission"": {""criterion"": ""risk"", ""removed_risk"": 8, ""removed_support"": 0}, ""betti_final"": [[4, 0], [6, 0]], ""betti_frozen"": [[4, 0], [6, 0]], ""betti_nerve"": [[1, 0], [1, 0]], ""boundary_restriction"": ""both"", ""forced_removals"": 0, ""growth_representation_fallbacks"": 297, ""invariant_held"": true, ""n_segments"": 664, ""n_train_fit"": 10112, ""n_val"": 3370, ""phase0"": [{""constant_lens"": false, ""gain"": 0.25, ""lens"": ""pc1"", ""lens_scaling"": ""standardize"", ""min_cluster_size"": 50, ""min_samples"": 5, ""n_class"": 5574, ""n_edges"": 9, ""n_intervals"": 9, ""n_vertices"": 10, ""noise_reassigned"": 4986, ""placement"": ""quantile"", ""slabs"": [{""k"": 1, ""n"": 697}, {""k"": 1, ""n"": 774}, {""k"": 1, ""n"": 774}, {""k"": 1, ""n"": 774}, {""k"": 1, ""n"": 774}, {""k"": 1, ""n"": 774}, {""k"": 1, ""n"": 774}, {""k"": 1, ""n"": 774}, {""k"": 2, ""n"": 697}]}, {""constant_lens"": false, ""gain"": 0.25, ""lens"": ""pc1"", ""lens_scaling"": ""standardize"", ""min_cluster_size"": 50, ""min_samples"": 5, ""n_class"": 4538, ""n_edges"": 8, ""n_intervals"": 9, ""n_vertices"": 9, ""noise_reassigned"": 4588, ""placement"": ""quantile"", ""slabs"": [{""k"": 1, ""n"": 568}, {""k"": 1, ""n"": 630}, {""k"": 1, ""n"": 630}, {""k"": 1, ""n"": 630}, {""k"": 1, ""n"": 630}, {""k"": 1, ""n"": 630}, {""k"": 1, ""n"": 630}, {""k"": 1, ""n"": 630}, {""k"": 1, ""n"": 568}]}], ""soundness_bound_holds"": true, ""step_rule"": ""scale_free"", ""topology_retention_nerve_to_frozen"": {""beta0_frozen"": 10, ""beta0_nerve"": 2, ""beta1_frozen"": 0, ""beta1_nerve"": 0}}",True
0.8311081441922563,674,False,0.049992582702863074,0.05,,10.228774999995949,166.93657999999414,156.7078049999982,eeg-eye-state,9,"{""epsilon"": 0.1, ""window"": 0.3}",LVQ3,10,674,1498,13482,0.9500074172971369,1763920278,False,,True
0.780373831775701,674,False,0.049992582702863074,0.05,"{""0"": 372, ""1"": 302}",22.13011099999858,22.13011099999858,0.0,eeg-eye-state,9,,KMeans,10,674,1498,13482,0.9500074172971369,1763920278,False,,True
0.6995994659546061,674,False,0.049992582702863074,0.05,"{""0"": 372, ""1"": 302}",0.004689000001235399,0.004689000001235399,0.0,eeg-eye-state,9,,Random,10,674,1498,13482,0.9500074172971369,1763920278,False,,True
0.7423230974632844,674,False,0.049992582702863074,0.05,,4.705114999997022,4.705114999997022,0.0,eeg-eye-state,9,,SPOT,10,674,1498,13482,0.9500074172971369,1763920278,False,,True
0.7536715620827771,674,False,0.049992582702863074,0.05,,197.81990900000528,197.81990900000528,0.0,eeg-eye-state,9,,GLVQ,10,674,1498,13482,0.9500074172971369,1763920278,False,,True
0.7777036048064085,674,False,0.049992582702863074,0.05,,22.783047999997507,22.783047999997507,0.0,eeg-eye-state,9,,GNG,10,674,1498,13482,0.9500074172971369,1763920278,False,,True
0.8484646194926568,1348,False,0.09998516540572615,0.1,,0.00015100000018719584,0.00015100000018719584,0.0,eeg-eye-state,9,,Full,10,13482,1498,13482,0.0,1763920278,True,,False
0.8337783711615487,1348,False,0.09998516540572615,0.1,,6.140472999999474,6.140472999999474,0.0,eeg-eye-state,9,,RSP3,10,6591,1498,13482,0.5111259457053849,1763920278,True,,False
0.8050734312416555,1348,False,0.09998516540572615,0.1,,11.229809999997087,11.229809999997087,0.0,eeg-eye-state,9,,RHC,10,3297,1498,13482,0.7554517133956387,1763920278,True,,False
0.8311081441922563,1348,False,0.09998516540572615,0.1,,167.75447700000223,167.75447700000223,0.0,eeg-eye-state,9,,SPINE+1NN,10,1348,1498,13482,0.9000148345942739,1763920278,False,"{""admission"": {""criterion"": ""risk"", ""removed_risk"": 8, ""removed_support"": 0}, ""betti_final"": [[4, 0], [6, 0]], ""betti_frozen"": [[4, 0], [6, 0]], ""betti_nerve"": [[1, 0], [1, 0]], ""boundary_restriction"": ""both"", ""forced_removals"": 0, ""growth_representation_fallbacks"": 631, ""invariant_held"": true, ""n_segments"": 1338, ""n_train_fit"": 10112, ""n_val"": 3370, ""phase0"": [{""constant_lens"": false, ""gain"": 0.25, ""lens"": ""pc1"", ""lens_scaling"": ""standardize"", ""min_cluster_size"": 50, ""min_samples"": 5, ""n_class"": 5574, ""n_edges"": 9, ""n_intervals"": 9, ""n_vertices"": 10, ""noise_reassigned"": 4986, ""placement"": ""quantile"", ""slabs"": [{""k"": 1, ""n"": 697}, {""k"": 1, ""n"": 774}, {""k"": 1, ""n"": 774}, {""k"": 1, ""n"": 774}, {""k"": 1, ""n"": 774}, {""k"": 1, ""n"": 774}, {""k"": 1, ""n"": 774}, {""k"": 1, ""n"": 774}, {""k"": 2, ""n"": 697}]}, {""constant_lens"": false, ""gain"": 0.25, ""lens"": ""pc1"", ""lens_scaling"": ""standardize"", ""min_cluster_size"": 50, ""min_samples"": 5, ""n_class"": 4538, ""n_edges"": 8, ""n_intervals"": 9, ""n_vertices"": 9, ""noise_reassigned"": 4588, ""placement"": ""quantile"", ""slabs"": [{""k"": 1, ""n"": 568}, {""k"": 1, ""n"": 630}, {""k"": 1, ""n"": 630}, {""k"": 1, ""n"": 630}, {""k"": 1, ""n"": 630}, {""k"": 1, ""n"": 630}, {""k"": 1, ""n"": 630}, {""k"": 1, ""n"": 630}, {""k"": 1, ""n"": 568}]}], ""soundness_bound_holds"": true, ""step_rule"": ""scale_free"", ""topology_retention_nerve_to_frozen"": {""beta0_frozen"": 10, ""beta0_nerve"": 2, ""beta1_frozen"": 0, ""beta1_nerve"": 0}}",True
0.8317757009345794,1348,False,0.09998516540572615,0.1,,167.75447700000223,167.75447700000223,0.0,eeg-eye-state,9,,SPINE+Graph,10,1348,1498,13482,0.9000148345942739,1763920278,False,"{""admission"": {""criterion"": ""risk"", ""removed_risk"": 8, ""removed_support"": 0}, ""betti_final"": [[4, 0], [6, 0]], ""betti_frozen"": [[4, 0], [6, 0]], ""betti_nerve"": [[1, 0], [1, 0]], ""boundary_restriction"": ""both"", ""forced_removals"": 0, ""growth_representation_fallbacks"": 631, ""invariant_held"": true, ""n_segments"": 1338, ""n_train_fit"": 10112, ""n_val"": 3370, ""phase0"": [{""constant_lens"": false, ""gain"": 0.25, ""lens"": ""pc1"", ""lens_scaling"": ""standardize"", ""min_cluster_size"": 50, ""min_samples"": 5, ""n_class"": 5574, ""n_edges"": 9, ""n_intervals"": 9, ""n_vertices"": 10, ""noise_reassigned"": 4986, ""placement"": ""quantile"", ""slabs"": [{""k"": 1, ""n"": 697}, {""k"": 1, ""n"": 774}, {""k"": 1, ""n"": 774}, {""k"": 1, ""n"": 774}, {""k"": 1, ""n"": 774}, {""k"": 1, ""n"": 774}, {""k"": 1, ""n"": 774}, {""k"": 1, ""n"": 774}, {""k"": 2, ""n"": 697}]}, {""constant_lens"": false, ""gain"": 0.25, ""lens"": ""pc1"", ""lens_scaling"": ""standardize"", ""min_cluster_size"": 50, ""min_samples"": 5, ""n_class"": 4538, ""n_edges"": 8, ""n_intervals"": 9, ""n_vertices"": 9, ""noise_reassigned"": 4588, ""placement"": ""quantile"", ""slabs"": [{""k"": 1, ""n"": 568}, {""k"": 1, ""n"": 630}, {""k"": 1, ""n"": 630}, {""k"": 1, ""n"": 630}, {""k"": 1, ""n"": 630}, {""k"": 1, ""n"": 630}, {""k"": 1, ""n"": 630}, {""k"": 1, ""n"": 630}, {""k"": 1, ""n"": 568}]}], ""soundness_bound_holds"": true, ""step_rule"": ""scale_free"", ""topology_retention_nerve_to_frozen"": {""beta0_frozen"": 10, ""beta0_nerve"": 2, ""beta1_frozen"": 0, ""beta1_nerve"": 0}}",True
0.8184245660881175,1348,False,0.09998516540572615,0.1,,15.715464000000793,266.1775590000034,250.4620950000026,eeg-eye-state,9,"{""epsilon"": 0.1, ""window"": 0.3}",LVQ3,10,1348,1498,13482,0.9000148345942739,1763920278,False,,True
0.8137516688918558,1348,False,0.09998516540572615,0.1,"{""0"": 743, ""1"": 605}",36.16671199999837,36.16671199999837,0.0,eeg-eye-state,9,,KMeans,10,1348,1498,13482,0.9000148345942739,1763920278,False,,True
0.7323097463284379,1348,False,0.09998516540572615,0.1,"{""0"": 743, ""1"": 605}",0.002476000001479406,0.002476000001479406,0.0,eeg-eye-state,9,,Random,10,1348,1498,13482,0.9000148345942739,1763920278,False,,True
0.7656875834445928,1348,False,0.09998516540572615,0.1,,5.723581999998714,5.723581999998714,0.0,eeg-eye-state,9,,SPOT,10,1348,1498,13482,0.9000148345942739,1763920278,False,,True
0.7556742323097463,1348,False,0.09998516540572615,0.1,,391.56804000000557,391.56804000000557,0.0,eeg-eye-state,9,,GLVQ,10,1348,1498,13482,0.9000148345942739,1763920278,False,,True
0.8024032042723631,1348,False,0.09998516540572615,0.1,,89.50775499999872,89.50775499999872,0.0,eeg-eye-state,9,,GNG,10,1348,1498,13482,0.9000148345942739,1763920278,False,,True
0.8484646194926568,3371,False,0.2500370864856846,0.25,,0.00015100000018719584,0.00015100000018719584,0.0,eeg-eye-state,9,,Full,10,13482,1498,13482,0.0,1763920278,True,,False
0.8337783711615487,3371,False,0.2500370864856846,0.25,,6.140472999999474,6.140472999999474,0.0,eeg-eye-state,9,,RSP3,10,6591,1498,13482,0.5111259457053849,1763920278,True,,False
0.8050734312416555,3371,False,0.2500370864856846,0.25,,11.229809999997087,11.229809999997087,0.0,eeg-eye-state,9,,RHC,10,3297,1498,13482,0.7554517133956387,1763920278,True,,False
0.8484646194926568,3371,False,0.2500370864856846,0.25,,1268.9071259999982,1268.9071259999982,0.0,eeg-eye-state,9,,SPINE+1NN,10,3371,1498,13482,0.7499629135143153,1763920278,False,"{""admission"": {""criterion"": ""risk"", ""removed_risk"": 8, ""removed_support"": 0}, ""betti_final"": [[4, 0], [6, 0]], ""betti_frozen"": [[4, 0], [6, 0]], ""betti_nerve"": [[1, 0], [1, 0]], ""boundary_restriction"": ""both"", ""forced_removals"": 0, ""growth_representation_fallbacks"": 2557, ""invariant_held"": true, ""n_segments"": 3361, ""n_train_fit"": 10112, ""n_val"": 3370, ""phase0"": [{""constant_lens"": false, ""gain"": 0.25, ""lens"": ""pc1"", ""lens_scaling"": ""standardize"", ""min_cluster_size"": 50, ""min_samples"": 5, ""n_class"": 5574, ""n_edges"": 9, ""n_intervals"": 9, ""n_vertices"": 10, ""noise_reassigned"": 4986, ""placement"": ""quantile"", ""slabs"": [{""k"": 1, ""n"": 697}, {""k"": 1, ""n"": 774}, {""k"": 1, ""n"": 774}, {""k"": 1, ""n"": 774}, {""k"": 1, ""n"": 774}, {""k"": 1, ""n"": 774}, {""k"": 1, ""n"": 774}, {""k"": 1, ""n"": 774}, {""k"": 2, ""n"": 697}]}, {""constant_lens"": false, ""gain"": 0.25, ""lens"": ""pc1"", ""lens_scaling"": ""standardize"", ""min_cluster_size"": 50, ""min_samples"": 5, ""n_class"": 4538, ""n_edges"": 8, ""n_intervals"": 9, ""n_vertices"": 9, ""noise_reassigned"": 4588, ""placement"": ""quantile"", ""slabs"": [{""k"": 1, ""n"": 568}, {""k"": 1, ""n"": 630}, {""k"": 1, ""n"": 630}, {""k"": 1, ""n"": 630}, {""k"": 1, ""n"": 630}, {""k"": 1, ""n"": 630}, {""k"": 1, ""n"": 630}, {""k"": 1, ""n"": 630}, {""k"": 1, ""n"": 568}]}], ""soundness_bound_holds"": true, ""step_rule"": ""scale_free"", ""topology_retention_nerve_to_frozen"": {""beta0_frozen"": 10, ""beta0_nerve"": 2, ""beta1_frozen"": 0, ""beta1_nerve"": 0}}",True
0.849799732977303,3371,False,0.2500370864856846,0.25,,1268.9071259999982,1268.9071259999982,0.0,eeg-eye-state,9,,SPINE+Graph,10,3371,1498,13482,0.7499629135143153,1763920278,False,"{""admission"": {""criterion"": ""risk"", ""removed_risk"": 8, ""removed_support"": 0}, ""betti_final"": [[4, 0], [6, 0]], ""betti_frozen"": [[4, 0], [6, 0]], ""betti_nerve"": [[1, 0], [1, 0]], ""boundary_restriction"": ""both"", ""forced_removals"": 0, ""growth_representation_fallbacks"": 2557, ""invariant_held"": true, ""n_segments"": 3361, ""n_train_fit"": 10112, ""n_val"": 3370, ""phase0"": [{""constant_lens"": false, ""gain"": 0.25, ""lens"": ""pc1"", ""lens_scaling"": ""standardize"", ""min_cluster_size"": 50, ""min_samples"": 5, ""n_class"": 5574, ""n_edges"": 9, ""n_intervals"": 9, ""n_vertices"": 10, ""noise_reassigned"": 4986, ""placement"": ""quantile"", ""slabs"": [{""k"": 1, ""n"": 697}, {""k"": 1, ""n"": 774}, {""k"": 1, ""n"": 774}, {""k"": 1, ""n"": 774}, {""k"": 1, ""n"": 774}, {""k"": 1, ""n"": 774}, {""k"": 1, ""n"": 774}, {""k"": 1, ""n"": 774}, {""k"": 2, ""n"": 697}]}, {""constant_lens"": false, ""gain"": 0.25, ""lens"": ""pc1"", ""lens_scaling"": ""standardize"", ""min_cluster_size"": 50, ""min_samples"": 5, ""n_class"": 4538, ""n_edges"": 8, ""n_intervals"": 9, ""n_vertices"": 9, ""noise_reassigned"": 4588, ""placement"": ""quantile"", ""slabs"": [{""k"": 1, ""n"": 568}, {""k"": 1, ""n"": 630}, {""k"": 1, ""n"": 630}, {""k"": 1, ""n"": 630}, {""k"": 1, ""n"": 630}, {""k"": 1, ""n"": 630}, {""k"": 1, ""n"": 630}, {""k"": 1, ""n"": 630}, {""k"": 1, ""n"": 568}]}], ""soundness_bound_holds"": true, ""step_rule"": ""scale_free"", ""topology_retention_nerve_to_frozen"": {""beta0_frozen"": 10, ""beta0_nerve"": 2, ""beta1_frozen"": 0, ""beta1_nerve"": 0}}",True
0.829105473965287,3371,False,0.2500370864856846,0.25,,42.197298999999475,721.3436559999973,679.1463569999978,eeg-eye-state,9,"{""epsilon"": 0.3, ""window"": 0.3}",LVQ3,10,3371,1498,13482,0.7499629135143153,1763920278,False,,True
0.8251001335113485,3371,False,0.2500370864856846,0.25,"{""0"": 1858, ""1"": 1513}",46.284349000001384,46.284349000001384,0.0,eeg-eye-state,9,,KMeans,10,3371,1498,13482,0.7499629135143153,1763920278,False,,True
0.7850467289719626,3371,False,0.2500370864856846,0.25,"{""0"": 1858, ""1"": 1513}",0.0029280000017024577,0.0029280000017024577,0.0,eeg-eye-state,9,,Random,10,3371,1498,13482,0.7499629135143153,1763920278,False,,True
0.80173564753004,3371,False,0.2500370864856846,0.25,,7.152642000000924,7.152642000000924,0.0,eeg-eye-state,9,,SPOT,10,3371,1498,13482,0.7499629135143153,1763920278,False,,True
0.7583444592790387,3371,False,0.2500370864856846,0.25,,969.5104120000033,969.5104120000033,0.0,eeg-eye-state,9,,GLVQ,10,3371,1498,13482,0.7499629135143153,1763920278,False,,True
0.8197596795727636,3371,False,0.2500370864856846,0.25,,554.896080999999,554.896080999999,0.0,eeg-eye-state,9,,GNG,10,3371,1498,13482,0.7499629135143153,1763920278,False,,True
