acc_1nn,budget,budget_floored,budget_fraction,budget_fraction_nominal,class_counts,cpu_select,cpu_total,cpu_tuning,dataset,fold,lvq3_params,method,n_outer_folds,n_proto,n_test,n_train,reduction,seed,shared_build,spine_params,swept
0.8622641509433963,24,False,0.005031446540880503,0.005,,0.0002089999999999037,0.0002089999999999037,0.0,banana,0,,Full,10,4770,530,4770,0.0,1522386627,False,,False
0.8283018867924529,24,False,0.005031446540880503,0.005,,0.7974160000000001,0.7974160000000001,0.0,banana,0,,RSP3,10,1175,530,4770,0.7536687631027253,1522386627,False,,False
0.8169811320754717,24,False,0.005031446540880503,0.005,,2.5709800000000005,2.5709800000000005,0.0,banana,0,,RHC,10,959,530,4770,0.7989517819706499,1522386627,False,,False
0.7716981132075472,24,False,0.005031446540880503,0.005,,4.6202809999999985,4.6202809999999985,0.0,banana,0,,SPINE+1NN,10,24,530,4770,0.9949685534591195,1522386627,False,"{""admission"": {""criterion"": ""risk"", ""removed_risk"": 4, ""removed_support"": 0}, ""betti_final"": [[5, 0], [3, 0]], ""betti_frozen"": [[5, 0], [3, 0]], ""betti_nerve"": [[2, 0], [2, 0]], ""boundary_restriction"": ""both"", ""forced_removals"": 0, ""growth_representation_fallbacks"": 0, ""invariant_held"": true, ""n_segments"": 16, ""n_train_fit"": 3578, ""n_val"": 1192, ""phase0"": [{""constant_lens"": false, ""gain"": 0.25, ""lens"": ""pc1"", ""lens_scaling"": ""standardize"", ""min_cluster_size"": 17, ""min_samples"": 5, ""n_class"": 1974, ""n_edges"": 10, ""n_intervals"": 7, ""n_vertices"": 12, ""noise_reassigned"": 253, ""placement"": ""quantile"", ""slabs"": [{""k"": 1, ""n"": 318}, {""k"": 1, ""n"": 352}, {""k"": 1, ""n"": 352}, {""k"": 3, ""n"": 352}, {""k"": 2, ""n"": 352}, {""k"": 2, ""n"": 352}, {""k"": 2, ""n"": 318}]}, {""constant_lens"": false, ""gain"": 0.25, ""lens"": ""pc1"", ""lens_scaling"": ""standardize"", ""min_cluster_size"": 17, ""min_samples"": 5, ""n_class"": 1604, ""n_edges"": 6, ""n_intervals"": 7, ""n_vertices"": 8, ""noise_reassigned"": 457, ""placement"": ""uniform"", ""slabs"": [{""k"": 1, ""n"": 65}, {""k"": 1, ""n"": 204}, {""k"": 1, ""n"": 458}, {""k"": 1, ""n"": 751}, {""k"": 2, ""n"": 256}, {""k"": 1, ""n"": 168}, {""k"": 1, ""n"": 103}]}], ""soundness_bound_holds"": true, ""step_rule"": ""scale_free"", ""topology_retention_nerve_to_frozen"": {""beta0_frozen"": 8, ""beta0_nerve"": 4, ""beta1_frozen"": 0, ""beta1_nerve"": 0}}",True
0.8905660377358491,24,False,0.005031446540880503,0.005,,4.6202809999999985,4.6202809999999985,0.0,banana,0,,SPINE+Graph,10,24,530,4770,0.9949685534591195,1522386627,False,"{""admission"": {""criterion"": ""risk"", ""removed_risk"": 4, ""removed_support"": 0}, ""betti_final"": [[5, 0], [3, 0]], ""betti_frozen"": [[5, 0], [3, 0]], ""betti_nerve"": [[2, 0], [2, 0]], ""boundary_restriction"": ""both"", ""forced_removals"": 0, ""growth_representation_fallbacks"": 0, ""invariant_held"": true, ""n_segments"": 16, ""n_train_fit"": 3578, ""n_val"": 1192, ""phase0"": [{""constant_lens"": false, ""gain"": 0.25, ""lens"": ""pc1"", ""lens_scaling"": ""standardize"", ""min_cluster_size"": 17, ""min_samples"": 5, ""n_class"": 1974, ""n_edges"": 10, ""n_intervals"": 7, ""n_vertices"": 12, ""noise_reassigned"": 253, ""placement"": ""quantile"", ""slabs"": [{""k"": 1, ""n"": 318}, {""k"": 1, ""n"": 352}, {""k"": 1, ""n"": 352}, {""k"": 3, ""n"": 352}, {""k"": 2, ""n"": 352}, {""k"": 2, ""n"": 352}, {""k"": 2, ""n"": 318}]}, {""constant_lens"": false, ""gain"": 0.25, ""lens"": ""pc1"", ""lens_scaling"": ""standardize"", ""min_cluster_size"": 17, ""min_samples"": 5, ""n_class"": 1604, ""n_edges"": 6, ""n_intervals"": 7, ""n_vertices"": 8, ""noise_reassigned"": 457, ""placement"": ""uniform"", ""slabs"": [{""k"": 1, ""n"": 65}, {""k"": 1, ""n"": 204}, {""k"": 1, ""n"": 458}, {""k"": 1, ""n"": 751}, {""k"": 2, ""n"": 256}, {""k"": 1, ""n"": 168}, {""k"": 1, ""n"": 103}]}], ""soundness_bound_holds"": true, ""step_rule"": ""scale_free"", ""topology_retention_nerve_to_frozen"": {""beta0_frozen"": 8, ""beta0_nerve"": 4, ""beta1_frozen"": 0, ""beta1_nerve"": 0}}",True
0.8886792452830189,24,False,0.005031446540880503,0.005,,0.8470370000000003,14.897366,14.050329,banana,0,"{""epsilon"": 0.1, ""window"": 0.2}",LVQ3,10,24,530,4770,0.9949685534591195,1522386627,False,,True
0.8584905660377359,24,False,0.005031446540880503,0.005,"{""0"": 13, ""1"": 11}",0.6134510000000013,0.6134510000000013,0.0,banana,0,,KMeans,10,24,530,4770,0.9949685534591195,1522386627,False,,True
0.8245283018867925,24,False,0.005031446540880503,0.005,"{""0"": 13, ""1"": 11}",0.0007230000000006953,0.0007230000000006953,0.0,banana,0,,Random,10,24,530,4770,0.9949685534591195,1522386627,False,,True
0.7962264150943397,24,False,0.005031446540880503,0.005,,1.3293280000000003,1.3293280000000003,0.0,banana,0,,SPOT,10,24,530,4770,0.9949685534591195,1522386627,False,,True
0.8830188679245283,24,False,0.005031446540880503,0.005,,4.134533999999999,4.134533999999999,0.0,banana,0,,GLVQ,10,24,530,4770,0.9949685534591195,1522386627,False,,True
0.8660377358490566,24,False,0.005031446540880503,0.005,,0.09810800000000341,0.09810800000000341,0.0,banana,0,,GNG,10,24,530,4770,0.9949685534591195,1522386627,False,,True
0.8622641509433963,48,False,0.010062893081761006,0.01,,0.0002089999999999037,0.0002089999999999037,0.0,banana,0,,Full,10,4770,530,4770,0.0,1522386627,True,,False
0.8283018867924529,48,False,0.010062893081761006,0.01,,0.7974160000000001,0.7974160000000001,0.0,banana,0,,RSP3,10,1175,530,4770,0.7536687631027253,1522386627,True,,False
0.8169811320754717,48,False,0.010062893081761006,0.01,,2.5709800000000005,2.5709800000000005,0.0,banana,0,,RHC,10,959,530,4770,0.7989517819706499,1522386627,True,,False
0.8924528301886793,48,False,0.010062893081761006,0.01,,2.894414999999995,2.894414999999995,0.0,banana,0,,SPINE+1NN,10,48,530,4770,0.989937106918239,1522386627,False,"{""admission"": {""criterion"": ""risk"", ""removed_risk"": 4, ""removed_support"": 0}, ""betti_final"": [[5, 0], [3, 0]], ""betti_frozen"": [[5, 0], [3, 0]], ""betti_nerve"": [[2, 0], [2, 0]], ""boundary_restriction"": ""both"", ""forced_removals"": 0, ""growth_representation_fallbacks"": 0, ""invariant_held"": true, ""n_segments"": 40, ""n_train_fit"": 3578, ""n_val"": 1192, ""phase0"": [{""constant_lens"": false, ""gain"": 0.25, ""lens"": ""pc1"", ""lens_scaling"": ""standardize"", ""min_cluster_size"": 17, ""min_samples"": 5, ""n_class"": 1974, ""n_edges"": 10, ""n_intervals"": 7, ""n_vertices"": 12, ""noise_reassigned"": 253, ""placement"": ""quantile"", ""slabs"": [{""k"": 1, ""n"": 318}, {""k"": 1, ""n"": 352}, {""k"": 1, ""n"": 352}, {""k"": 3, ""n"": 352}, {""k"": 2, ""n"": 352}, {""k"": 2, ""n"": 352}, {""k"": 2, ""n"": 318}]}, {""constant_lens"": false, ""gain"": 0.25, ""lens"": ""pc1"", ""lens_scaling"": ""standardize"", ""min_cluster_size"": 17, ""min_samples"": 5, ""n_class"": 1604, ""n_edges"": 6, ""n_intervals"": 7, ""n_vertices"": 8, ""noise_reassigned"": 457, ""placement"": ""uniform"", ""slabs"": [{""k"": 1, ""n"": 65}, {""k"": 1, ""n"": 204}, {""k"": 1, ""n"": 458}, {""k"": 1, ""n"": 751}, {""k"": 2, ""n"": 256}, {""k"": 1, ""n"": 168}, {""k"": 1, ""n"": 103}]}], ""soundness_bound_holds"": true, ""step_rule"": ""scale_free"", ""topology_retention_nerve_to_frozen"": {""beta0_frozen"": 8, ""beta0_nerve"": 4, ""beta1_frozen"": 0, ""beta1_nerve"": 0}}",True
0.8924528301886793,48,False,0.010062893081761006,0.01,,2.894414999999995,2.894414999999995,0.0,banana,0,,SPINE+Graph,10,48,530,4770,0.989937106918239,1522386627,False,"{""admission"": {""criterion"": ""risk"", ""removed_risk"": 4, ""removed_support"": 0}, ""betti_final"": [[5, 0], [3, 0]], ""betti_frozen"": [[5, 0], [3, 0]], ""betti_nerve"": [[2, 0], [2, 0]], ""boundary_restriction"": ""both"", ""forced_removals"": 0, ""growth_representation_fallbacks"": 0, ""invariant_held"": true, ""n_segments"": 40, ""n_train_fit"": 3578, ""n_val"": 1192, ""phase0"": [{""constant_lens"": false, ""gain"": 0.25, ""lens"": ""pc1"", ""lens_scaling"": ""standardize"", ""min_cluster_size"": 17, ""min_samples"": 5, ""n_class"": 1974, ""n_edges"": 10, ""n_intervals"": 7, ""n_vertices"": 12, ""noise_reassigned"": 253, ""placement"": ""quantile"", ""slabs"": [{""k"": 1, ""n"": 318}, {""k"": 1, ""n"": 352}, {""k"": 1, ""n"": 352}, {""k"": 3, ""n"": 352}, {""k"": 2, ""n"": 352}, {""k"": 2, ""n"": 352}, {""k"": 2, ""n"": 318}]}, {""constant_lens"": false, ""gain"": 0.25, ""lens"": ""pc1"", ""lens_scaling"": ""standardize"", ""min_cluster_size"": 17, ""min_samples"": 5, ""n_class"": 1604, ""n_edges"": 6, ""n_intervals"": 7, ""n_vertices"": 8, ""noise_reassigned"": 457, ""placement"": ""uniform"", ""slabs"": [{""k"": 1, ""n"": 65}, {""k"": 1, ""n"": 204}, {""k"": 1, ""n"": 458}, {""k"": 1, ""n"": 751}, {""k"": 2, ""n"": 256}, {""k"": 1, ""n"": 168}, {""k"": 1, ""n"": 103}]}], ""soundness_bound_holds"": true, ""step_rule"": ""scale_free"", ""topology_retention_nerve_to_frozen"": {""beta0_frozen"": 8, ""beta0_nerve"": 4, ""beta1_frozen"": 0, ""beta1_nerve"": 0}}",True
0.8886792452830189,48,False,0.010062893081761006,0.01,,0.864258999999997,14.881988,14.017729000000003,banana,0,"{""epsilon"": 0.1, ""window"": 0.3}",LVQ3,10,48,530,4770,0.989937106918239,1522386627,False,,True
0.8943396226415095,48,False,0.010062893081761006,0.01,"{""0"": 26, ""1"": 22}",0.9696470000000019,0.9696470000000019,0.0,banana,0,,KMeans,10,48,530,4770,0.989937106918239,1522386627,False,,True
0.8075471698113208,48,False,0.010062893081761006,0.01,"{""0"": 26, ""1"": 22}",0.0009140000000016357,0.0009140000000016357,0.0,banana,0,,Random,10,48,530,4770,0.989937106918239,1522386627,False,,True
0.8452830188679246,48,False,0.010062893081761006,0.01,,1.6062909999999988,1.6062909999999988,0.0,banana,0,,SPOT,10,48,530,4770,0.989937106918239,1522386627,False,,True
0.8452830188679246,48,False,0.010062893081761006,0.01,,6.35266,6.35266,0.0,banana,0,,GLVQ,10,48,530,4770,0.989937106918239,1522386627,False,,True
0.8905660377358491,48,False,0.010062893081761006,0.01,,0.2436530000000019,0.2436530000000019,0.0,banana,0,,GNG,10,48,530,4770,0.989937106918239,1522386627,False,,True
0.8622641509433963,95,False,0.019916142557651992,0.02,,0.0002089999999999037,0.0002089999999999037,0.0,banana,0,,Full,10,4770,530,4770,0.0,1522386627,True,,False
0.8283018867924529,95,False,0.019916142557651992,0.02,,0.7974160000000001,0.7974160000000001,0.0,banana,0,,RSP3,10,1175,530,4770,0.7536687631027253,1522386627,True,,False
0.8169811320754717,95,False,0.019916142557651992,0.02,,2.5709800000000005,2.5709800000000005,0.0,banana,0,,RHC,10,959,530,4770,0.7989517819706499,1522386627,True,,False
0.8849056603773585,95,False,0.019916142557651992,0.02,,3.0606730000000084,3.0606730000000084,0.0,banana,0,,SPINE+1NN,10,95,530,4770,0.980083857442348,1522386627,False,"{""admission"": {""criterion"": ""risk"", ""removed_risk"": 4, ""removed_support"": 0}, ""betti_final"": [[5, 0], [3, 0]], ""betti_frozen"": [[5, 0], [3, 0]], ""betti_nerve"": [[2, 0], [2, 0]], ""boundary_restriction"": ""both"", ""forced_removals"": 0, ""growth_representation_fallbacks"": 18, ""invariant_held"": true, ""n_segments"": 87, ""n_train_fit"": 3578, ""n_val"": 1192, ""phase0"": [{""constant_lens"": false, ""gain"": 0.25, ""lens"": ""pc1"", ""lens_scaling"": ""standardize"", ""min_cluster_size"": 17, ""min_samples"": 5, ""n_class"": 1974, ""n_edges"": 10, ""n_intervals"": 7, ""n_vertices"": 12, ""noise_reassigned"": 253, ""placement"": ""quantile"", ""slabs"": [{""k"": 1, ""n"": 318}, {""k"": 1, ""n"": 352}, {""k"": 1, ""n"": 352}, {""k"": 3, ""n"": 352}, {""k"": 2, ""n"": 352}, {""k"": 2, ""n"": 352}, {""k"": 2, ""n"": 318}]}, {""constant_lens"": false, ""gain"": 0.25, ""lens"": ""pc1"", ""lens_scaling"": ""standardize"", ""min_cluster_size"": 17, ""min_samples"": 5, ""n_class"": 1604, ""n_edges"": 6, ""n_intervals"": 7, ""n_vertices"": 8, ""noise_reassigned"": 457, ""placement"": ""uniform"", ""slabs"": [{""k"": 1, ""n"": 65}, {""k"": 1, ""n"": 204}, {""k"": 1, ""n"": 458}, {""k"": 1, ""n"": 751}, {""k"": 2, ""n"": 256}, {""k"": 1, ""n"": 168}, {""k"": 1, ""n"": 103}]}], ""soundness_bound_holds"": true, ""step_rule"": ""scale_free"", ""topology_retention_nerve_to_frozen"": {""beta0_frozen"": 8, ""beta0_nerve"": 4, ""beta1_frozen"": 0, ""beta1_nerve"": 0}}",True
0.8849056603773585,95,False,0.019916142557651992,0.02,,3.0606730000000084,3.0606730000000084,0.0,banana,0,,SPINE+Graph,10,95,530,4770,0.980083857442348,1522386627,False,"{""admission"": {""criterion"": ""risk"", ""removed_risk"": 4, ""removed_support"": 0}, ""betti_final"": [[5, 0], [3, 0]], ""betti_frozen"": [[5, 0], [3, 0]], ""betti_nerve"": [[2, 0], [2, 0]], ""boundary_restriction"": ""both"", ""forced_removals"": 0, ""growth_representation_fallbacks"": 18, ""invariant_held"": true, ""n_segments"": 87, ""n_train_fit"": 3578, ""n_val"": 1192, ""phase0"": [{""constant_lens"": false, ""gain"": 0.25, ""lens"": ""pc1"", ""lens_scaling"": ""standardize"", ""min_cluster_size"": 17, ""min_samples"": 5, ""n_class"": 1974, ""n_edges"": 10, ""n_intervals"": 7, ""n_vertices"": 12, ""noise_reassigned"": 253, ""placement"": ""quantile"", ""slabs"": [{""k"": 1, ""n"": 318}, {""k"": 1, ""n"": 352}, {""k"": 1, ""n"": 352}, {""k"": 3, ""n"": 352}, {""k"": 2, ""n"": 352}, {""k"": 2, ""n"": 352}, {""k"": 2, ""n"": 318}]}, {""constant_lens"": false, ""gain"": 0.25, ""lens"": ""pc1"", ""lens_scaling"": ""standardize"", ""min_cluster_size"": 17, ""min_samples"": 5, ""n_class"": 1604, ""n_edges"": 6, ""n_intervals"": 7, ""n_vertices"": 8, ""noise_reassigned"": 457, ""placement"": ""uniform"", ""slabs"": [{""k"": 1, ""n"": 65}, {""k"": 1, ""n"": 204}, {""k"": 1, ""n"": 458}, {""k"": 1, ""n"": 751}, {""k"": 2, ""n"": 256}, {""k"": 1, ""n"": 168}, {""k"": 1, ""n"": 103}]}], ""soundness_bound_holds"": true, ""step_rule"": ""scale_free"", ""topology_retention_nerve_to_frozen"": {""beta0_frozen"": 8, ""beta0_nerve"": 4, ""beta1_frozen"": 0, ""beta1_nerve"": 0}}",True
0.8886792452830189,95,False,0.019916142557651992,0.02,,1.0583469999999977,18.274347000000006,17.216000000000008,banana,0,"{""epsilon"": 0.1, ""window"": 0.2}",LVQ3,10,95,530,4770,0.980083857442348,1522386627,False,,True
0.8660377358490566,95,False,0.019916142557651992,0.02,"{""0"": 52, ""1"": 43}",1.0779840000000007,1.0779840000000007,0.0,banana,0,,KMeans,10,95,530,4770,0.980083857442348,1522386627,False,,True
0.8358490566037736,95,False,0.019916142557651992,0.02,"{""0"": 52, ""1"": 43}",0.0008940000000023929,0.0008940000000023929,0.0,banana,0,,Random,10,95,530,4770,0.980083857442348,1522386627,False,,True
0.8566037735849057,95,False,0.019916142557651992,0.02,,1.8853969999999975,1.8853969999999975,0.0,banana,0,,SPOT,10,95,530,4770,0.980083857442348,1522386627,False,,True
0.8490566037735849,95,False,0.019916142557651992,0.02,,17.839962,17.839962,0.0,banana,0,,GLVQ,10,95,530,4770,0.980083857442348,1522386627,False,,True
0.8924528301886793,95,False,0.019916142557651992,0.02,,0.7431219999999996,0.7431219999999996,0.0,banana,0,,GNG,10,95,530,4770,0.980083857442348,1522386627,False,,True
0.8622641509433963,239,False,0.05010482180293501,0.05,,0.0002089999999999037,0.0002089999999999037,0.0,banana,0,,Full,10,4770,530,4770,0.0,1522386627,True,,False
0.8283018867924529,239,False,0.05010482180293501,0.05,,0.7974160000000001,0.7974160000000001,0.0,banana,0,,RSP3,10,1175,530,4770,0.7536687631027253,1522386627,True,,False
0.8169811320754717,239,False,0.05010482180293501,0.05,,2.5709800000000005,2.5709800000000005,0.0,banana,0,,RHC,10,959,530,4770,0.7989517819706499,1522386627,True,,False
0.8886792452830189,239,False,0.05010482180293501,0.05,,4.680340000000001,4.680340000000001,0.0,banana,0,,SPINE+1NN,10,239,530,4770,0.949895178197065,1522386627,False,"{""admission"": {""criterion"": ""risk"", ""removed_risk"": 4, ""removed_support"": 0}, ""betti_final"": [[5, 0], [3, 0]], ""betti_frozen"": [[5, 0], [3, 0]], ""betti_nerve"": [[2, 0], [2, 0]], ""boundary_restriction"": ""both"", ""forced_removals"": 0, ""growth_representation_fallbacks"": 94, ""invariant_held"": true, ""n_segments"": 231, ""n_train_fit"": 3578, ""n_val"": 1192, ""phase0"": [{""constant_lens"": false, ""gain"": 0.25, ""lens"": ""pc1"", ""lens_scaling"": ""standardize"", ""min_cluster_size"": 17, ""min_samples"": 5, ""n_class"": 1974, ""n_edges"": 10, ""n_intervals"": 7, ""n_vertices"": 12, ""noise_reassigned"": 253, ""placement"": ""quantile"", ""slabs"": [{""k"": 1, ""n"": 318}, {""k"": 1, ""n"": 352}, {""k"": 1, ""n"": 352}, {""k"": 3, ""n"": 352}, {""k"": 2, ""n"": 352}, {""k"": 2, ""n"": 352}, {""k"": 2, ""n"": 318}]}, {""constant_lens"": false, ""gain"": 0.25, ""lens"": ""pc1"", ""lens_scaling"": ""standardize"", ""min_cluster_size"": 17, ""min_samples"": 5, ""n_class"": 1604, ""n_edges"": 6, ""n_intervals"": 7, ""n_vertices"": 8, ""noise_reassigned"": 457, ""placement"": ""uniform"", ""slabs"": [{""k"": 1, ""n"": 65}, {""k"": 1, ""n"": 204}, {""k"": 1, ""n"": 458}, {""k"": 1, ""n"": 751}, {""k"": 2, ""n"": 256}, {""k"": 1, ""n"": 168}, {""k"": 1, ""n"": 103}]}], ""soundness_bound_holds"": true, ""step_rule"": ""scale_free"", ""topology_retention_nerve_to_frozen"": {""beta0_frozen"": 8, ""beta0_nerve"": 4, ""beta1_frozen"": 0, ""beta1_nerve"": 0}}",True
0.8886792452830189,239,False,0.05010482180293501,0.05,,4.680340000000001,4.680340000000001,0.0,banana,0,,SPINE+Graph,10,239,530,4770,0.949895178197065,1522386627,False,"{""admission"": {""criterion"": ""risk"", ""removed_risk"": 4, ""removed_support"": 0}, ""betti_final"": [[5, 0], [3, 0]], ""betti_frozen"": [[5, 0], [3, 0]], ""betti_nerve"": [[2, 0], [2, 0]], ""boundary_restriction"": ""both"", ""forced_removals"": 0, ""growth_representation_fallbacks"": 94, ""invariant_held"": true, ""n_segments"": 231, ""n_train_fit"": 3578, ""n_val"": 1192, ""phase0"": [{""constant_lens"": false, ""gain"": 0.25, ""lens"": ""pc1"", ""lens_scaling"": ""standardize"", ""min_cluster_size"": 17, ""min_samples"": 5, ""n_class"": 1974, ""n_edges"": 10, ""n_intervals"": 7, ""n_vertices"": 12, ""noise_reassigned"": 253, ""placement"": ""quantile"", ""slabs"": [{""k"": 1, ""n"": 318}, {""k"": 1, ""n"": 352}, {""k"": 1, ""n"": 352}, {""k"": 3, ""n"": 352}, {""k"": 2, ""n"": 352}, {""k"": 2, ""n"": 352}, {""k"": 2, ""n"": 318}]}, {""constant_lens"": false, ""gain"": 0.25, ""lens"": ""pc1"", ""lens_scaling"": ""standardize"", ""min_cluster_size"": 17, ""min_samples"": 5, ""n_class"": 1604, ""n_edges"": 6, ""n_intervals"": 7, ""n_vertices"": 8, ""noise_reassigned"": 457, ""placement"": ""uniform"", ""slabs"": [{""k"": 1, ""n"": 65}, {""k"": 1, ""n"": 204}, {""k"": 1, ""n"": 458}, {""k"": 1, ""n"": 751}, {""k"": 2, ""n"": 256}, {""k"": 1, ""n"": 168}, {""k"": 1, ""n"": 103}]}], ""soundness_bound_holds"": true, ""step_rule"": ""scale_free"", ""topology_retention_nerve_to_frozen"": {""beta0_frozen"": 8, ""beta0_nerve"": 4, ""beta1_frozen"": 0, ""beta1_nerve"": 0}}",True
0.8867924528301887,239,False,0.05010482180293501,0.05,,1.3413799999999867,23.470304,22.128924000000012,banana,0,"{""epsilon"": 0.1, ""window"": 0.3}",LVQ3,10,239,530,4770,0.949895178197065,1522386627,False,,True
0.8641509433962264,239,False,0.05010482180293501,0.05,"{""0"": 132, ""1"": 107}",3.3292869999999937,3.3292869999999937,0.0,banana,0,,KMeans,10,239,530,4770,0.949895178197065,1522386627,False,,True
0.8584905660377359,239,False,0.05010482180293501,0.05,"{""0"": 132, ""1"": 107}",0.0025290000000097734,0.0025290000000097734,0.0,banana,0,,Random,10,239,530,4770,0.949895178197065,1522386627,False,,True
0.8641509433962264,239,False,0.05010482180293501,0.05,,2.062595999999985,2.062595999999985,0.0,banana,0,,SPOT,10,239,530,4770,0.949895178197065,1522386627,False,,True
0.8641509433962264,239,False,0.05010482180293501,0.05,,25.745862000000017,25.745862000000017,0.0,banana,0,,GLVQ,10,239,530,4770,0.949895178197065,1522386627,False,,True
0.8830188679245283,239,False,0.05010482180293501,0.05,,3.1627689999999973,3.1627689999999973,0.0,banana,0,,GNG,10,239,530,4770,0.949895178197065,1522386627,False,,True
0.8622641509433963,477,False,0.1,0.1,,0.0002089999999999037,0.0002089999999999037,0.0,banana,0,,Full,10,4770,530,4770,0.0,1522386627,True,,False
0.8283018867924529,477,False,0.1,0.1,,0.7974160000000001,0.7974160000000001,0.0,banana,0,,RSP3,10,1175,530,4770,0.7536687631027253,1522386627,True,,False
0.8169811320754717,477,False,0.1,0.1,,2.5709800000000005,2.5709800000000005,0.0,banana,0,,RHC,10,959,530,4770,0.7989517819706499,1522386627,True,,False
0.8886792452830189,477,False,0.1,0.1,,9.533492999999993,9.533492999999993,0.0,banana,0,,SPINE+1NN,10,477,530,4770,0.9,1522386627,False,"{""admission"": {""criterion"": ""risk"", ""removed_risk"": 4, ""removed_support"": 0}, ""betti_final"": [[5, 0], [3, 0]], ""betti_frozen"": [[5, 0], [3, 0]], ""betti_nerve"": [[2, 0], [2, 0]], ""boundary_restriction"": ""both"", ""forced_removals"": 0, ""growth_representation_fallbacks"": 247, ""invariant_held"": true, ""n_segments"": 469, ""n_train_fit"": 3578, ""n_val"": 1192, ""phase0"": [{""constant_lens"": false, ""gain"": 0.25, ""lens"": ""pc1"", ""lens_scaling"": ""standardize"", ""min_cluster_size"": 17, ""min_samples"": 5, ""n_class"": 1974, ""n_edges"": 10, ""n_intervals"": 7, ""n_vertices"": 12, ""noise_reassigned"": 253, ""placement"": ""quantile"", ""slabs"": [{""k"": 1, ""n"": 318}, {""k"": 1, ""n"": 352}, {""k"": 1, ""n"": 352}, {""k"": 3, ""n"": 352}, {""k"": 2, ""n"": 352}, {""k"": 2, ""n"": 352}, {""k"": 2, ""n"": 318}]}, {""constant_lens"": false, ""gain"": 0.25, ""lens"": ""pc1"", ""lens_scaling"": ""standardize"", ""min_cluster_size"": 17, ""min_samples"": 5, ""n_class"": 1604, ""n_edges"": 6, ""n_intervals"": 7, ""n_vertices"": 8, ""noise_reassigned"": 457, ""placement"": ""uniform"", ""slabs"": [{""k"": 1, ""n"": 65}, {""k"": 1, ""n"": 204}, {""k"": 1, ""n"": 458}, {""k"": 1, ""n"": 751}, {""k"": 2, ""n"": 256}, {""k"": 1, ""n"": 168}, {""k"": 1, ""n"": 103}]}], ""soundness_bound_holds"": true, ""step_rule"": ""scale_free"", ""topology_retention_nerve_to_frozen"": {""beta0_frozen"": 8, ""beta0_nerve"": 4, ""beta1_frozen"": 0, ""beta1_nerve"": 0}}",True
0.8905660377358491,477,False,0.1,0.1,,9.533492999999993,9.533492999999993,0.0,banana,0,,SPINE+Graph,10,477,530,4770,0.9,1522386627,False,"{""admission"": {""criterion"": ""risk"", ""removed_risk"": 4, ""removed_support"": 0}, ""betti_final"": [[5, 0], [3, 0]], ""betti_frozen"": [[5, 0], [3, 0]], ""betti_nerve"": [[2, 0], [2, 0]], ""boundary_restriction"": ""both"", ""forced_removals"": 0, ""growth_representation_fallbacks"": 247, ""invariant_held"": true, ""n_segments"": 469, ""n_train_fit"": 3578, ""n_val"": 1192, ""phase0"": [{""constant_lens"": false, ""gain"": 0.25, ""lens"": ""pc1"", ""lens_scaling"": ""standardize"", ""min_cluster_size"": 17, ""min_samples"": 5, ""n_class"": 1974, ""n_edges"": 10, ""n_intervals"": 7, ""n_vertices"": 12, ""noise_reassigned"": 253, ""placement"": ""quantile"", ""slabs"": [{""k"": 1, ""n"": 318}, {""k"": 1, ""n"": 352}, {""k"": 1, ""n"": 352}, {""k"": 3, ""n"": 352}, {""k"": 2, ""n"": 352}, {""k"": 2, ""n"": 352}, {""k"": 2, ""n"": 318}]}, {""constant_lens"": false, ""gain"": 0.25, ""lens"": ""pc1"", ""lens_scaling"": ""standardize"", ""min_cluster_size"": 17, ""min_samples"": 5, ""n_class"": 1604, ""n_edges"": 6, ""n_intervals"": 7, ""n_vertices"": 8, ""noise_reassigned"": 457, ""placement"": ""uniform"", ""slabs"": [{""k"": 1, ""n"": 65}, {""k"": 1, ""n"": 204}, {""k"": 1, ""n"": 458}, {""k"": 1, ""n"": 751}, {""k"": 2, ""n"": 256}, {""k"": 1, ""n"": 168}, {""k"": 1, ""n"": 103}]}], ""soundness_bound_holds"": true, ""step_rule"": ""scale_free"", ""topology_retention_nerve_to_frozen"": {""beta0_frozen"": 8, ""beta0_nerve"": 4, ""beta1_frozen"": 0, ""beta1_nerve"": 0}}",True
0.8660377358490566,477,False,0.1,0.1,,1.8793419999999799,32.74154199999998,30.8622,banana,0,"{""epsilon"": 0.1, ""window"": 0.3}",LVQ3,10,477,530,4770,0.9,1522386627,False,,True
0.839622641509434,477,False,0.1,0.1,"{""0"": 263, ""1"": 214}",5.430378000000019,5.430378000000019,0.0,banana,0,,KMeans,10,477,530,4770,0.9,1522386627,False,,True
0.8339622641509434,477,False,0.1,0.1,"{""0"": 263, ""1"": 214}",0.001069999999998572,0.001069999999998572,0.0,banana,0,,Random,10,477,530,4770,0.9,1522386627,False,,True
0.8452830188679246,477,False,0.1,0.1,,2.027805999999998,2.027805999999998,0.0,banana,0,,SPOT,10,477,530,4770,0.9,1522386627,False,,True
0.8584905660377359,477,False,0.1,0.1,,51.180475,51.180475,0.0,banana,0,,GLVQ,10,477,530,4770,0.9,1522386627,False,,True
0.8547169811320755,477,False,0.1,0.1,,16.96248499999996,16.96248499999996,0.0,banana,0,,GNG,10,477,530,4770,0.9,1522386627,False,,True
0.8622641509433963,1193,False,0.25010482180293503,0.25,,0.0002089999999999037,0.0002089999999999037,0.0,banana,0,,Full,10,4770,530,4770,0.0,1522386627,True,,False
0.8283018867924529,1193,False,0.25010482180293503,0.25,,0.7974160000000001,0.7974160000000001,0.0,banana,0,,RSP3,10,1175,530,4770,0.7536687631027253,1522386627,True,,False
0.8169811320754717,1193,False,0.25010482180293503,0.25,,2.5709800000000005,2.5709800000000005,0.0,banana,0,,RHC,10,959,530,4770,0.7989517819706499,1522386627,True,,False
0.8943396226415095,1193,False,0.25010482180293503,0.25,,56.54758799999996,56.54758799999996,0.0,banana,0,,SPINE+1NN,10,1193,530,4770,0.749895178197065,1522386627,False,"{""admission"": {""criterion"": ""risk"", ""removed_risk"": 4, ""removed_support"": 0}, ""betti_final"": [[5, 0], [3, 0]], ""betti_frozen"": [[5, 0], [3, 0]], ""betti_nerve"": [[2, 0], [2, 0]], ""boundary_restriction"": ""both"", ""forced_removals"": 0, ""growth_representation_fallbacks"": 757, ""invariant_held"": true, ""n_segments"": 1185, ""n_train_fit"": 3578, ""n_val"": 1192, ""phase0"": [{""constant_lens"": false, ""gain"": 0.25, ""lens"": ""pc1"", ""lens_scaling"": ""standardize"", ""min_cluster_size"": 17, ""min_samples"": 5, ""n_class"": 1974, ""n_edges"": 10, ""n_intervals"": 7, ""n_vertices"": 12, ""noise_reassigned"": 253, ""placement"": ""quantile"", ""slabs"": [{""k"": 1, ""n"": 318}, {""k"": 1, ""n"": 352}, {""k"": 1, ""n"": 352}, {""k"": 3, ""n"": 352}, {""k"": 2, ""n"": 352}, {""k"": 2, ""n"": 352}, {""k"": 2, ""n"": 318}]}, {""constant_lens"": false, ""gain"": 0.25, ""lens"": ""pc1"", ""lens_scaling"": ""standardize"", ""min_cluster_size"": 17, ""min_samples"": 5, ""n_class"": 1604, ""n_edges"": 6, ""n_intervals"": 7, ""n_vertices"": 8, ""noise_reassigned"": 457, ""placement"": ""uniform"", ""slabs"": [{""k"": 1, ""n"": 65}, {""k"": 1, ""n"": 204}, {""k"": 1, ""n"": 458}, {""k"": 1, ""n"": 751}, {""k"": 2, ""n"": 256}, {""k"": 1, ""n"": 168}, {""k"": 1, ""n"": 103}]}], ""soundness_bound_holds"": true, ""step_rule"": ""scale_free"", ""topology_retention_nerve_to_frozen"": {""beta0_frozen"": 8, ""beta0_nerve"": 4, ""beta1_frozen"": 0, ""beta1_nerve"": 0}}",True
0.8943396226415095,1193,False,0.25010482180293503,0.25,,56.54758799999996,56.54758799999996,0.0,banana,0,,SPINE+Graph,10,1193,530,4770,0.749895178197065,1522386627,False,"{""admission"": {""criterion"": ""risk"", ""removed_risk"": 4, ""removed_support"": 0}, ""betti_final"": [[5, 0], [3, 0]], ""betti_frozen"": [[5, 0], [3, 0]], ""betti_nerve"": [[2, 0], [2, 0]], ""boundary_restriction"": ""both"", ""forced_removals"": 0, ""growth_representation_fallbacks"": 757, ""invariant_held"": true, ""n_segments"": 1185, ""n_train_fit"": 3578, ""n_val"": 1192, ""phase0"": [{""constant_lens"": false, ""gain"": 0.25, ""lens"": ""pc1"", ""lens_scaling"": ""standardize"", ""min_cluster_size"": 17, ""min_samples"": 5, ""n_class"": 1974, ""n_edges"": 10, ""n_intervals"": 7, ""n_vertices"": 12, ""noise_reassigned"": 253, ""placement"": ""quantile"", ""slabs"": [{""k"": 1, ""n"": 318}, {""k"": 1, ""n"": 352}, {""k"": 1, ""n"": 352}, {""k"": 3, ""n"": 352}, {""k"": 2, ""n"": 352}, {""k"": 2, ""n"": 352}, {""k"": 2, ""n"": 318}]}, {""constant_lens"": false, ""gain"": 0.25, ""lens"": ""pc1"", ""lens_scaling"": ""standardize"", ""min_cluster_size"": 17, ""min_samples"": 5, ""n_class"": 1604, ""n_edges"": 6, ""n_intervals"": 7, ""n_vertices"": 8, ""noise_reassigned"": 457, ""placement"": ""uniform"", ""slabs"": [{""k"": 1, ""n"": 65}, {""k"": 1, ""n"": 204}, {""k"": 1, ""n"": 458}, {""k"": 1, ""n"": 751}, {""k"": 2, ""n"": 256}, {""k"": 1, ""n"": 168}, {""k"": 1, ""n"": 103}]}], ""soundness_bound_holds"": true, ""step_rule"": ""scale_free"", ""topology_retention_nerve_to_frozen"": {""beta0_frozen"": 8, ""beta0_nerve"": 4, ""beta1_frozen"": 0, ""beta1_nerve"": 0}}",True
0.869811320754717,1193,False,0.25010482180293503,0.25,,3.7125260000000253,61.63995700000004,57.92743100000001,banana,0,"{""epsilon"": 0.1, ""window"": 0.3}",LVQ3,10,1193,530,4770,0.749895178197065,1522386627,False,,True
0.8264150943396227,1193,False,0.25010482180293503,0.25,"{""0"": 658, ""1"": 535}",12.26241600000003,12.26241600000003,0.0,banana,0,,KMeans,10,1193,530,4770,0.749895178197065,1522386627,False,,True
0.8509433962264151,1193,False,0.25010482180293503,0.25,"{""0"": 658, ""1"": 535}",0.006664000000000669,0.006664000000000669,0.0,banana,0,,Random,10,1193,530,4770,0.749895178197065,1522386627,False,,True
0.8377358490566038,1193,False,0.25010482180293503,0.25,,2.127954999999986,2.127954999999986,0.0,banana,0,,SPOT,10,1193,530,4770,0.749895178197065,1522386627,False,,True
0.8358490566037736,1193,False,0.25010482180293503,0.25,,120.92880799999995,120.92880799999995,0.0,banana,0,,GLVQ,10,1193,530,4770,0.749895178197065,1522386627,False,,True
0.8452830188679246,1193,False,0.25010482180293503,0.25,,63.80599399999994,63.80599399999994,0.0,banana,0,,GNG,10,1193,530,4770,0.749895178197065,1522386627,False,,True
0.8716981132075472,24,False,0.005031446540880503,0.005,,7.099999993442907e-05,7.099999993442907e-05,0.0,banana,1,,Full,10,4770,530,4770,0.0,1523386630,False,,False
0.8377358490566038,24,False,0.005031446540880503,0.005,,0.24308000000007723,0.24308000000007723,0.0,banana,1,,RSP3,10,1153,530,4770,0.7582809224318658,1523386630,False,,False
0.8377358490566038,24,False,0.005031446540880503,0.005,,3.747252000000003,3.747252000000003,0.0,banana,1,,RHC,10,982,530,4770,0.7941299790356394,1523386630,False,,False
0.7924528301886793,24,False,0.005031446540880503,0.005,,4.02194499999996,4.02194499999996,0.0,banana,1,,SPINE+1NN,10,24,530,4770,0.9949685534591195,1523386630,False,"{""admission"": {""criterion"": ""risk"", ""removed_risk"": 4, ""removed_support"": 0}, ""betti_final"": [[4, 0], [4, 0]], ""betti_frozen"": [[4, 0], [4, 0]], ""betti_nerve"": [[2, 0], [2, 0]], ""boundary_restriction"": ""both"", ""forced_removals"": 0, ""growth_representation_fallbacks"": 0, ""invariant_held"": true, ""n_segments"": 16, ""n_train_fit"": 3578, ""n_val"": 1192, ""phase0"": [{""constant_lens"": false, ""gain"": 0.25, ""lens"": ""pc1"", ""lens_scaling"": ""standardize"", ""min_cluster_size"": 17, ""min_samples"": 5, ""n_class"": 1974, ""n_edges"": 10, ""n_intervals"": 7, ""n_vertices"": 12, ""noise_reassigned"": 173, ""placement"": ""quantile"", ""slabs"": [{""k"": 1, ""n"": 318}, {""k"": 1, ""n"": 352}, {""k"": 1, ""n"": 352}, {""k"": 3, ""n"": 352}, {""k"": 2, ""n"": 352}, {""k"": 2, ""n"": 352}, {""k"": 2, ""n"": 318}]}, {""constant_lens"": false, ""gain"": 0.25, ""lens"": ""pc1"", ""lens_scaling"": ""standardize"", ""min_cluster_size"": 17, ""min_samples"": 5, ""n_class"": 1604, ""n_edges"": 6, ""n_intervals"": 7, ""n_vertices"": 8, ""noise_reassigned"": 382, ""placement"": ""uniform"", ""slabs"": [{""k"": 1, ""n"": 57}, {""k"": 1, ""n"": 200}, {""k"": 1, ""n"": 436}, {""k"": 1, ""n"": 742}, {""k"": 2, ""n"": 262}, {""k"": 1, ""n"": 185}, {""k"": 1, ""n"": 110}]}], ""soundness_bound_holds"": true, ""step_rule"": ""scale_free"", ""topology_retention_nerve_to_frozen"": {""beta0_frozen"": 8, ""beta0_nerve"": 4, ""beta1_frozen"": 0, ""beta1_nerve"": 0}}",True
0.8905660377358491,24,False,0.005031446540880503,0.005,,4.02194499999996,4.02194499999996,0.0,banana,1,,SPINE+Graph,10,24,530,4770,0.9949685534591195,1523386630,False,"{""admission"": {""criterion"": ""risk"", ""removed_risk"": 4, ""removed_support"": 0}, ""betti_final"": [[4, 0], [4, 0]], ""betti_frozen"": [[4, 0], [4, 0]], ""betti_nerve"": [[2, 0], [2, 0]], ""boundary_restriction"": ""both"", ""forced_removals"": 0, ""growth_representation_fallbacks"": 0, ""invariant_held"": true, ""n_segments"": 16, ""n_train_fit"": 3578, ""n_val"": 1192, ""phase0"": [{""constant_lens"": false, ""gain"": 0.25, ""lens"": ""pc1"", ""lens_scaling"": ""standardize"", ""min_cluster_size"": 17, ""min_samples"": 5, ""n_class"": 1974, ""n_edges"": 10, ""n_intervals"": 7, ""n_vertices"": 12, ""noise_reassigned"": 173, ""placement"": ""quantile"", ""slabs"": [{""k"": 1, ""n"": 318}, {""k"": 1, ""n"": 352}, {""k"": 1, ""n"": 352}, {""k"": 3, ""n"": 352}, {""k"": 2, ""n"": 352}, {""k"": 2, ""n"": 352}, {""k"": 2, ""n"": 318}]}, {""constant_lens"": false, ""gain"": 0.25, ""lens"": ""pc1"", ""lens_scaling"": ""standardize"", ""min_cluster_size"": 17, ""min_samples"": 5, ""n_class"": 1604, ""n_edges"": 6, ""n_intervals"": 7, ""n_vertices"": 8, ""noise_reassigned"": 382, ""placement"": ""uniform"", ""slabs"": [{""k"": 1, ""n"": 57}, {""k"": 1, ""n"": 200}, {""k"": 1, ""n"": 436}, {""k"": 1, ""n"": 742}, {""k"": 2, ""n"": 262}, {""k"": 1, ""n"": 185}, {""k"": 1, ""n"": 110}]}], ""soundness_bound_holds"": true, ""step_rule"": ""scale_free"", ""topology_retention_nerve_to_frozen"": {""beta0_frozen"": 8, ""beta0_nerve"": 4, ""beta1_frozen"": 0, ""beta1_nerve"": 0}}",True
0.8924528301886793,24,False,0.005031446540880503,0.005,,0.802962999999977,13.718600000000038,12.91563700000006,banana,1,"{""epsilon"": 0.1, ""window"": 0.2}",LVQ3,10,24,530,4770,0.9949685534591195,1523386630,False,,True
0.8584905660377359,24,False,0.005031446540880503,0.005,"{""0"": 13, ""1"": 11}",0.6816450000000032,0.6816450000000032,0.0,banana,1,,KMeans,10,24,530,4770,0.9949685534591195,1523386630,False,,True
0.769811320754717,24,False,0.005031446540880503,0.005,"{""0"": 13, ""1"": 11}",0.0008519999998952699,0.0008519999998952699,0.0,banana,1,,Random,10,24,530,4770,0.9949685534591195,1523386630,False,,True
0.8433962264150944,24,False,0.005031446540880503,0.005,,1.7202399999999898,1.7202399999999898,0.0,banana,1,,SPOT,10,24,530,4770,0.9949685534591195,1523386630,False,,True
0.8452830188679246,24,False,0.005031446540880503,0.005,,3.9487289999999575,3.9487289999999575,0.0,banana,1,,GLVQ,10,24,530,4770,0.9949685534591195,1523386630,False,,True
0.8773584905660378,24,False,0.005031446540880503,0.005,,0.09576100000003862,0.09576100000003862,0.0,banana,1,,GNG,10,24,530,4770,0.9949685534591195,1523386630,False,,True
0.8716981132075472,48,False,0.010062893081761006,0.01,,7.099999993442907e-05,7.099999993442907e-05,0.0,banana,1,,Full,10,4770,530,4770,0.0,1523386630,True,,False
0.8377358490566038,48,False,0.010062893081761006,0.01,,0.24308000000007723,0.24308000000007723,0.0,banana,1,,RSP3,10,1153,530,4770,0.7582809224318658,1523386630,True,,False
0.8377358490566038,48,False,0.010062893081761006,0.01,,3.747252000000003,3.747252000000003,0.0,banana,1,,RHC,10,982,530,4770,0.7941299790356394,1523386630,True,,False
0.8849056603773585,48,False,0.010062893081761006,0.01,,3.0329679999999826,3.0329679999999826,0.0,banana,1,,SPINE+1NN,10,48,530,4770,0.989937106918239,1523386630,False,"{""admission"": {""criterion"": ""risk"", ""removed_risk"": 4, ""removed_support"": 0}, ""betti_final"": [[4, 0], [4, 0]], ""betti_frozen"": [[4, 0], [4, 0]], ""betti_nerve"": [[2, 0], [2, 0]], ""boundary_restriction"": ""both"", ""forced_removals"": 0, ""growth_representation_fallbacks"": 0, ""invariant_held"": true, ""n_segments"": 40, ""n_train_fit"": 3578, ""n_val"": 1192, ""phase0"": [{""constant_lens"": false, ""gain"": 0.25, ""lens"": ""pc1"", ""lens_scaling"": ""standardize"", ""min_cluster_size"": 17, ""min_samples"": 5, ""n_class"": 1974, ""n_edges"": 10, ""n_intervals"": 7, ""n_vertices"": 12, ""noise_reassigned"": 173, ""placement"": ""quantile"", ""slabs"": [{""k"": 1, ""n"": 318}, {""k"": 1, ""n"": 352}, {""k"": 1, ""n"": 352}, {""k"": 3, ""n"": 352}, {""k"": 2, ""n"": 352}, {""k"": 2, ""n"": 352}, {""k"": 2, ""n"": 318}]}, {""constant_lens"": false, ""gain"": 0.25, ""lens"": ""pc1"", ""lens_scaling"": ""standardize"", ""min_cluster_size"": 17, ""min_samples"": 5, ""n_class"": 1604, ""n_edges"": 6, ""n_intervals"": 7, ""n_vertices"": 8, ""noise_reassigned"": 382, ""placement"": ""uniform"", ""slabs"": [{""k"": 1, ""n"": 57}, {""k"": 1, ""n"": 200}, {""k"": 1, ""n"": 436}, {""k"": 1, ""n"": 742}, {""k"": 2, ""n"": 262}, {""k"": 1, ""n"": 185}, {""k"": 1, ""n"": 110}]}], ""soundness_bound_holds"": true, ""step_rule"": ""scale_free"", ""topology_retention_nerve_to_frozen"": {""beta0_frozen"": 8, ""beta0_nerve"": 4, ""beta1_frozen"": 0, ""beta1_nerve"": 0}}",True
0.8886792452830189,48,False,0.010062893081761006,0.01,,3.0329679999999826,3.0329679999999826,0.0,banana,1,,SPINE+Graph,10,48,530,4770,0.989937106918239,1523386630,False,"{""admission"": {""criterion"": ""risk"", ""removed_risk"": 4, ""removed_support"": 0}, ""betti_final"": [[4, 0], [4, 0]], ""betti_frozen"": [[4, 0], [4, 0]], ""betti_nerve"": [[2, 0], [2, 0]], ""boundary_restriction"": ""both"", ""forced_removals"": 0, ""growth_representation_fallbacks"": 0, ""invariant_held"": true, ""n_segments"": 40, ""n_train_fit"": 3578, ""n_val"": 1192, ""phase0"": [{""constant_lens"": false, ""gain"": 0.25, ""lens"": ""pc1"", ""lens_scaling"": ""standardize"", ""min_cluster_size"": 17, ""min_samples"": 5, ""n_class"": 1974, ""n_edges"": 10, ""n_intervals"": 7, ""n_vertices"": 12, ""noise_reassigned"": 173, ""placement"": ""quantile"", ""slabs"": [{""k"": 1, ""n"": 318}, {""k"": 1, ""n"": 352}, {""k"": 1, ""n"": 352}, {""k"": 3, ""n"": 352}, {""k"": 2, ""n"": 352}, {""k"": 2, ""n"": 352}, {""k"": 2, ""n"": 318}]}, {""constant_lens"": false, ""gain"": 0.25, ""lens"": ""pc1"", ""lens_scaling"": ""standardize"", ""min_cluster_size"": 17, ""min_samples"": 5, ""n_class"": 1604, ""n_edges"": 6, ""n_intervals"": 7, ""n_vertices"": 8, ""noise_reassigned"": 382, ""placement"": ""uniform"", ""slabs"": [{""k"": 1, ""n"": 57}, {""k"": 1, ""n"": 200}, {""k"": 1, ""n"": 436}, {""k"": 1, ""n"": 742}, {""k"": 2, ""n"": 262}, {""k"": 1, ""n"": 185}, {""k"": 1, ""n"": 110}]}], ""soundness_bound_holds"": true, ""step_rule"": ""scale_free"", ""topology_retention_nerve_to_frozen"": {""beta0_frozen"": 8, ""beta0_nerve"": 4, ""beta1_frozen"": 0, ""beta1_nerve"": 0}}",True
0.8886792452830189,48,False,0.010062893081761006,0.01,,0.9589529999999513,15.51738499999999,14.558432000000039,banana,1,"{""epsilon"": 0.1, ""window"": 0.2}",LVQ3,10,48,530,4770,0.989937106918239,1523386630,False,,True
0.8849056603773585,48,False,0.010062893081761006,0.01,"{""0"": 26, ""1"": 22}",1.1514300000000048,1.1514300000000048,0.0,banana,1,,KMeans,10,48,530,4770,0.989937106918239,1523386630,False,,True
0.8358490566037736,48,False,0.010062893081761006,0.01,"{""0"": 26, ""1"": 22}",0.0011230000000068685,0.0011230000000068685,0.0,banana,1,,Random,10,48,530,4770,0.989937106918239,1523386630,False,,True
0.8320754716981132,48,False,0.010062893081761006,0.01,,1.9499359999999797,1.9499359999999797,0.0,banana,1,,SPOT,10,48,530,4770,0.989937106918239,1523386630,False,,True
0.8377358490566038,48,False,0.010062893081761006,0.01,,6.381792000000019,6.381792000000019,0.0,banana,1,,GLVQ,10,48,530,4770,0.989937106918239,1523386630,False,,True
0.8830188679245283,48,False,0.010062893081761006,0.01,,0.24271599999997306,0.24271599999997306,0.0,banana,1,,GNG,10,48,530,4770,0.989937106918239,1523386630,False,,True
0.8716981132075472,95,False,0.019916142557651992,0.02,,7.099999993442907e-05,7.099999993442907e-05,0.0,banana,1,,Full,10,4770,530,4770,0.0,1523386630,True,,False
0.8377358490566038,95,False,0.019916142557651992,0.02,,0.24308000000007723,0.24308000000007723,0.0,banana,1,,RSP3,10,1153,530,4770,0.7582809224318658,1523386630,True,,False
0.8377358490566038,95,False,0.019916142557651992,0.02,,3.747252000000003,3.747252000000003,0.0,banana,1,,RHC,10,982,530,4770,0.7941299790356394,1523386630,True,,False
0.8905660377358491,95,False,0.019916142557651992,0.02,,3.164421000000061,3.164421000000061,0.0,banana,1,,SPINE+1NN,10,95,530,4770,0.980083857442348,1523386630,False,"{""admission"": {""criterion"": ""risk"", ""removed_risk"": 4, ""removed_support"": 0}, ""betti_final"": [[4, 0], [4, 0]], ""betti_frozen"": [[4, 0], [4, 0]], ""betti_nerve"": [[2, 0], [2, 0]], ""boundary_restriction"": ""both"", ""forced_removals"": 0, ""growth_representation_fallbacks"": 13, ""invariant_held"": true, ""n_segments"": 87, ""n_train_fit"": 3578, ""n_val"": 1192, ""phase0"": [{""constant_lens"": false, ""gain"": 0.25, ""lens"": ""pc1"", ""lens_scaling"": ""standardize"", ""min_cluster_size"": 17, ""min_samples"": 5, ""n_class"": 1974, ""n_edges"": 10, ""n_intervals"": 7, ""n_vertices"": 12, ""noise_reassigned"": 173, ""placement"": ""quantile"", ""slabs"": [{""k"": 1, ""n"": 318}, {""k"": 1, ""n"": 352}, {""k"": 1, ""n"": 352}, {""k"": 3, ""n"": 352}, {""k"": 2, ""n"": 352}, {""k"": 2, ""n"": 352}, {""k"": 2, ""n"": 318}]}, {""constant_lens"": false, ""gain"": 0.25, ""lens"": ""pc1"", ""lens_scaling"": ""standardize"", ""min_cluster_size"": 17, ""min_samples"": 5, ""n_class"": 1604, ""n_edges"": 6, ""n_intervals"": 7, ""n_vertices"": 8, ""noise_reassigned"": 382, ""placement"": ""uniform"", ""slabs"": [{""k"": 1, ""n"": 57}, {""k"": 1, ""n"": 200}, {""k"": 1, ""n"": 436}, {""k"": 1, ""n"": 742}, {""k"": 2, ""n"": 262}, {""k"": 1, ""n"": 185}, {""k"": 1, ""n"": 110}]}], ""soundness_bound_holds"": true, ""step_rule"": ""scale_free"", ""topology_retention_nerve_to_frozen"": {""beta0_frozen"": 8, ""beta0_nerve"": 4, ""beta1_frozen"": 0, ""beta1_nerve"": 0}}",True
0.8924528301886793,95,False,0.019916142557651992,0.02,,3.164421000000061,3.164421000000061,0.0,banana,1,,SPINE+Graph,10,95,530,4770,0.980083857442348,1523386630,False,"{""admission"": {""criterion"": ""risk"", ""removed_risk"": 4, ""removed_support"": 0}, ""betti_final"": [[4, 0], [4, 0]], ""betti_frozen"": [[4, 0], [4, 0]], ""betti_nerve"": [[2, 0], [2, 0]], ""boundary_restriction"": ""both"", ""forced_removals"": 0, ""growth_representation_fallbacks"": 13, ""invariant_held"": true, ""n_segments"": 87, ""n_train_fit"": 3578, ""n_val"": 1192, ""phase0"": [{""constant_lens"": false, ""gain"": 0.25, ""lens"": ""pc1"", ""lens_scaling"": ""standardize"", ""min_cluster_size"": 17, ""min_samples"": 5, ""n_class"": 1974, ""n_edges"": 10, ""n_intervals"": 7, ""n_vertices"": 12, ""noise_reassigned"": 173, ""placement"": ""quantile"", ""slabs"": [{""k"": 1, ""n"": 318}, {""k"": 1, ""n"": 352}, {""k"": 1, ""n"": 352}, {""k"": 3, ""n"": 352}, {""k"": 2, ""n"": 352}, {""k"": 2, ""n"": 352}, {""k"": 2, ""n"": 318}]}, {""constant_lens"": false, ""gain"": 0.25, ""lens"": ""pc1"", ""lens_scaling"": ""standardize"", ""min_cluster_size"": 17, ""min_samples"": 5, ""n_class"": 1604, ""n_edges"": 6, ""n_intervals"": 7, ""n_vertices"": 8, ""noise_reassigned"": 382, ""placement"": ""uniform"", ""slabs"": [{""k"": 1, ""n"": 57}, {""k"": 1, ""n"": 200}, {""k"": 1, ""n"": 436}, {""k"": 1, ""n"": 742}, {""k"": 2, ""n"": 262}, {""k"": 1, ""n"": 185}, {""k"": 1, ""n"": 110}]}], ""soundness_bound_holds"": true, ""step_rule"": ""scale_free"", ""topology_retention_nerve_to_frozen"": {""beta0_frozen"": 8, ""beta0_nerve"": 4, ""beta1_frozen"": 0, ""beta1_nerve"": 0}}",True
0.8849056603773585,95,False,0.019916142557651992,0.02,,1.0172910000000002,18.357902999999965,17.340611999999965,banana,1,"{""epsilon"": 0.1, ""window"": 0.2}",LVQ3,10,95,530,4770,0.980083857442348,1523386630,False,,True
0.8716981132075472,95,False,0.019916142557651992,0.02,"{""0"": 52, ""1"": 43}",1.6558729999999287,1.6558729999999287,0.0,banana,1,,KMeans,10,95,530,4770,0.980083857442348,1523386630,False,,True
0.8188679245283019,95,False,0.019916142557651992,0.02,"{""0"": 52, ""1"": 43}",0.0008220000000846994,0.0008220000000846994,0.0,banana,1,,Random,10,95,530,4770,0.980083857442348,1523386630,False,,True
0.8566037735849057,95,False,0.019916142557651992,0.02,,1.9111270000000786,1.9111270000000786,0.0,banana,1,,SPOT,10,95,530,4770,0.980083857442348,1523386630,False,,True
0.839622641509434,95,False,0.019916142557651992,0.02,,13.922916999999984,13.922916999999984,0.0,banana,1,,GLVQ,10,95,530,4770,0.980083857442348,1523386630,False,,True
0.8943396226415095,95,False,0.019916142557651992,0.02,,1.0662569999999505,1.0662569999999505,0.0,banana,1,,GNG,10,95,530,4770,0.980083857442348,1523386630,False,,True
0.8716981132075472,239,False,0.05010482180293501,0.05,,7.099999993442907e-05,7.099999993442907e-05,0.0,banana,1,,Full,10,4770,530,4770,0.0,1523386630,True,,False
0.8377358490566038,239,False,0.05010482180293501,0.05,,0.24308000000007723,0.24308000000007723,0.0,banana,1,,RSP3,10,1153,530,4770,0.7582809224318658,1523386630,True,,False
0.8377358490566038,239,False,0.05010482180293501,0.05,,3.747252000000003,3.747252000000003,0.0,banana,1,,RHC,10,982,530,4770,0.7941299790356394,1523386630,True,,False
0.8905660377358491,239,False,0.05010482180293501,0.05,,6.863928999999985,6.863928999999985,0.0,banana,1,,SPINE+1NN,10,239,530,4770,0.949895178197065,1523386630,False,"{""admission"": {""criterion"": ""risk"", ""removed_risk"": 4, ""removed_support"": 0}, ""betti_final"": [[4, 0], [4, 0]], ""betti_frozen"": [[4, 0], [4, 0]], ""betti_nerve"": [[2, 0], [2, 0]], ""boundary_restriction"": ""both"", ""forced_removals"": 0, ""growth_representation_fallbacks"": 101, ""invariant_held"": true, ""n_segments"": 231, ""n_train_fit"": 3578, ""n_val"": 1192, ""phase0"": [{""constant_lens"": false, ""gain"": 0.25, ""lens"": ""pc1"", ""lens_scaling"": ""standardize"", ""min_cluster_size"": 17, ""min_samples"": 5, ""n_class"": 1974, ""n_edges"": 10, ""n_intervals"": 7, ""n_vertices"": 12, ""noise_reassigned"": 173, ""placement"": ""quantile"", ""slabs"": [{""k"": 1, ""n"": 318}, {""k"": 1, ""n"": 352}, {""k"": 1, ""n"": 352}, {""k"": 3, ""n"": 352}, {""k"": 2, ""n"": 352}, {""k"": 2, ""n"": 352}, {""k"": 2, ""n"": 318}]}, {""constant_lens"": false, ""gain"": 0.25, ""lens"": ""pc1"", ""lens_scaling"": ""standardize"", ""min_cluster_size"": 17, ""min_samples"": 5, ""n_class"": 1604, ""n_edges"": 6, ""n_intervals"": 7, ""n_vertices"": 8, ""noise_reassigned"": 382, ""placement"": ""uniform"", ""slabs"": [{""k"": 1, ""n"": 57}, {""k"": 1, ""n"": 200}, {""k"": 1, ""n"": 436}, {""k"": 1, ""n"": 742}, {""k"": 2, ""n"": 262}, {""k"": 1, ""n"": 185}, {""k"": 1, ""n"": 110}]}], ""soundness_bound_holds"": true, ""step_rule"": ""scale_free"", ""topology_retention_nerve_to_frozen"": {""beta0_frozen"": 8, ""beta0_nerve"": 4, ""beta1_frozen"": 0, ""beta1_nerve"": 0}}",True
0.8886792452830189,239,False,0.05010482180293501,0.05,,6.863928999999985,6.863928999999985,0.0,banana,1,,SPINE+Graph,10,239,530,4770,0.949895178197065,1523386630,False,"{""admission"": {""criterion"": ""risk"", ""removed_risk"": 4, ""removed_support"": 0}, ""betti_final"": [[4, 0], [4, 0]], ""betti_frozen"": [[4, 0], [4, 0]], ""betti_nerve"": [[2, 0], [2, 0]], ""boundary_restriction"": ""both"", ""forced_removals"": 0, ""growth_representation_fallbacks"": 101, ""invariant_held"": true, ""n_segments"": 231, ""n_train_fit"": 3578, ""n_val"": 1192, ""phase0"": [{""constant_lens"": false, ""gain"": 0.25, ""lens"": ""pc1"", ""lens_scaling"": ""standardize"", ""min_cluster_size"": 17, ""min_samples"": 5, ""n_class"": 1974, ""n_edges"": 10, ""n_intervals"": 7, ""n_vertices"": 12, ""noise_reassigned"": 173, ""placement"": ""quantile"", ""slabs"": [{""k"": 1, ""n"": 318}, {""k"": 1, ""n"": 352}, {""k"": 1, ""n"": 352}, {""k"": 3, ""n"": 352}, {""k"": 2, ""n"": 352}, {""k"": 2, ""n"": 352}, {""k"": 2, ""n"": 318}]}, {""constant_lens"": false, ""gain"": 0.25, ""lens"": ""pc1"", ""lens_scaling"": ""standardize"", ""min_cluster_size"": 17, ""min_samples"": 5, ""n_class"": 1604, ""n_edges"": 6, ""n_intervals"": 7, ""n_vertices"": 8, ""noise_reassigned"": 382, ""placement"": ""uniform"", ""slabs"": [{""k"": 1, ""n"": 57}, {""k"": 1, ""n"": 200}, {""k"": 1, ""n"": 436}, {""k"": 1, ""n"": 742}, {""k"": 2, ""n"": 262}, {""k"": 1, ""n"": 185}, {""k"": 1, ""n"": 110}]}], ""soundness_bound_holds"": true, ""step_rule"": ""scale_free"", ""topology_retention_nerve_to_frozen"": {""beta0_frozen"": 8, ""beta0_nerve"": 4, ""beta1_frozen"": 0, ""beta1_nerve"": 0}}",True
0.9037735849056604,239,False,0.05010482180293501,0.05,,2.399285999999961,45.22876800000006,42.8294820000001,banana,1,"{""epsilon"": 0.1, ""window"": 0.2}",LVQ3,10,239,530,4770,0.949895178197065,1523386630,False,,True
0.8622641509433963,239,False,0.05010482180293501,0.05,"{""0"": 132, ""1"": 107}",5.080728000000022,5.080728000000022,0.0,banana,1,,KMeans,10,239,530,4770,0.949895178197065,1523386630,False,,True
0.8509433962264151,239,False,0.05010482180293501,0.05,"{""0"": 132, ""1"": 107}",0.0016380000000708606,0.0016380000000708606,0.0,banana,1,,Random,10,239,530,4770,0.949895178197065,1523386630,False,,True
0.8641509433962264,239,False,0.05010482180293501,0.05,,2.2045460000000503,2.2045460000000503,0.0,banana,1,,SPOT,10,239,530,4770,0.949895178197065,1523386630,False,,True
0.8377358490566038,239,False,0.05010482180293501,0.05,,37.66523600000005,37.66523600000005,0.0,banana,1,,GLVQ,10,239,530,4770,0.949895178197065,1523386630,False,,True
0.8735849056603774,239,False,0.05010482180293501,0.05,,4.95901600000002,4.95901600000002,0.0,banana,1,,GNG,10,239,530,4770,0.949895178197065,1523386630,False,,True
0.8716981132075472,477,False,0.1,0.1,,7.099999993442907e-05,7.099999993442907e-05,0.0,banana,1,,Full,10,4770,530,4770,0.0,1523386630,True,,False
0.8377358490566038,477,False,0.1,0.1,,0.24308000000007723,0.24308000000007723,0.0,banana,1,,RSP3,10,1153,530,4770,0.7582809224318658,1523386630,True,,False
0.8377358490566038,477,False,0.1,0.1,,3.747252000000003,3.747252000000003,0.0,banana,1,,RHC,10,982,530,4770,0.7941299790356394,1523386630,True,,False
0.9018867924528302,477,False,0.1,0.1,,14.142308999999955,14.142308999999955,0.0,banana,1,,SPINE+1NN,10,477,530,4770,0.9,1523386630,False,"{""admission"": {""criterion"": ""risk"", ""removed_risk"": 4, ""removed_support"": 0}, ""betti_final"": [[4, 0], [4, 0]], ""betti_frozen"": [[4, 0], [4, 0]], ""betti_nerve"": [[2, 0], [2, 0]], ""boundary_restriction"": ""both"", ""forced_removals"": 0, ""growth_representation_fallbacks"": 250, ""invariant_held"": true, ""n_segments"": 469, ""n_train_fit"": 3578, ""n_val"": 1192, ""phase0"": [{""constant_lens"": false, ""gain"": 0.25, ""lens"": ""pc1"", ""lens_scaling"": ""standardize"", ""min_cluster_size"": 17, ""min_samples"": 5, ""n_class"": 1974, ""n_edges"": 10, ""n_intervals"": 7, ""n_vertices"": 12, ""noise_reassigned"": 173, ""placement"": ""quantile"", ""slabs"": [{""k"": 1, ""n"": 318}, {""k"": 1, ""n"": 352}, {""k"": 1, ""n"": 352}, {""k"": 3, ""n"": 352}, {""k"": 2, ""n"": 352}, {""k"": 2, ""n"": 352}, {""k"": 2, ""n"": 318}]}, {""constant_lens"": false, ""gain"": 0.25, ""lens"": ""pc1"", ""lens_scaling"": ""standardize"", ""min_cluster_size"": 17, ""min_samples"": 5, ""n_class"": 1604, ""n_edges"": 6, ""n_intervals"": 7, ""n_vertices"": 8, ""noise_reassigned"": 382, ""placement"": ""uniform"", ""slabs"": [{""k"": 1, ""n"": 57}, {""k"": 1, ""n"": 200}, {""k"": 1, ""n"": 436}, {""k"": 1, ""n"": 742}, {""k"": 2, ""n"": 262}, {""k"": 1, ""n"": 185}, {""k"": 1, ""n"": 110}]}], ""soundness_bound_holds"": true, ""step_rule"": ""scale_free"", ""topology_retention_nerve_to_frozen"": {""beta0_frozen"": 8, ""beta0_nerve"": 4, ""beta1_frozen"": 0, ""beta1_nerve"": 0}}",True
0.9018867924528302,477,False,0.1,0.1,,14.142308999999955,14.142308999999955,0.0,banana,1,,SPINE+Graph,10,477,530,4770,0.9,1523386630,False,"{""admission"": {""criterion"": ""risk"", ""removed_risk"": 4, ""removed_support"": 0}, ""betti_final"": [[4, 0], [4, 0]], ""betti_frozen"": [[4, 0], [4, 0]], ""betti_nerve"": [[2, 0], [2, 0]], ""boundary_restriction"": ""both"", ""forced_removals"": 0, ""growth_representation_fallbacks"": 250, ""invariant_held"": true, ""n_segments"": 469, ""n_train_fit"": 3578, ""n_val"": 1192, ""phase0"": [{""constant_lens"": false, ""gain"": 0.25, ""lens"": ""pc1"", ""lens_scaling"": ""standardize"", ""min_cluster_size"": 17, ""min_samples"": 5, ""n_class"": 1974, ""n_edges"": 10, ""n_intervals"": 7, ""n_vertices"": 12, ""noise_reassigned"": 173, ""placement"": ""quantile"", ""slabs"": [{""k"": 1, ""n"": 318}, {""k"": 1, ""n"": 352}, {""k"": 1, ""n"": 352}, {""k"": 3, ""n"": 352}, {""k"": 2, ""n"": 352}, {""k"": 2, ""n"": 352}, {""k"": 2, ""n"": 318}]}, {""constant_lens"": false, ""gain"": 0.25, ""lens"": ""pc1"", ""lens_scaling"": ""standardize"", ""min_cluster_size"": 17, ""min_samples"": 5, ""n_class"": 1604, ""n_edges"": 6, ""n_intervals"": 7, ""n_vertices"": 8, ""noise_reassigned"": 382, ""placement"": ""uniform"", ""slabs"": [{""k"": 1, ""n"": 57}, {""k"": 1, ""n"": 200}, {""k"": 1, ""n"": 436}, {""k"": 1, ""n"": 742}, {""k"": 2, ""n"": 262}, {""k"": 1, ""n"": 185}, {""k"": 1, ""n"": 110}]}], ""soundness_bound_holds"": true, ""step_rule"": ""scale_free"", ""topology_retention_nerve_to_frozen"": {""beta0_frozen"": 8, ""beta0_nerve"": 4, ""beta1_frozen"": 0, ""beta1_nerve"": 0}}",True
0.9,477,False,0.1,0.1,,2.059492999999975,45.616445999999996,43.55695300000002,banana,1,"{""epsilon"": 0.1, ""window"": 0.2}",LVQ3,10,477,530,4770,0.9,1523386630,False,,True
0.8566037735849057,477,False,0.1,0.1,"{""0"": 263, ""1"": 214}",12.84658300000001,12.84658300000001,0.0,banana,1,,KMeans,10,477,530,4770,0.9,1523386630,False,,True
0.8716981132075472,477,False,0.1,0.1,"{""0"": 263, ""1"": 214}",0.003504000000020824,0.003504000000020824,0.0,banana,1,,Random,10,477,530,4770,0.9,1523386630,False,,True
0.8603773584905661,477,False,0.1,0.1,,2.4680620000000317,2.4680620000000317,0.0,banana,1,,SPOT,10,477,530,4770,0.9,1523386630,False,,True
0.8415094339622642,477,False,0.1,0.1,,72.166109,72.166109,0.0,banana,1,,GLVQ,10,477,530,4770,0.9,1523386630,False,,True
0.8716981132075472,477,False,0.1,0.1,,17.335965999999985,17.335965999999985,0.0,banana,1,,GNG,10,477,530,4770,0.9,1523386630,False,,True
0.8716981132075472,1193,False,0.25010482180293503,0.25,,7.099999993442907e-05,7.099999993442907e-05,0.0,banana,1,,Full,10,4770,530,4770,0.0,1523386630,True,,False
0.8377358490566038,1193,False,0.25010482180293503,0.25,,0.24308000000007723,0.24308000000007723,0.0,banana,1,,RSP3,10,1153,530,4770,0.7582809224318658,1523386630,True,,False
0.8377358490566038,1193,False,0.25010482180293503,0.25,,3.747252000000003,3.747252000000003,0.0,banana,1,,RHC,10,982,530,4770,0.7941299790356394,1523386630,True,,False
0.9075471698113208,1193,False,0.25010482180293503,0.25,,75.64991299999997,75.64991299999997,0.0,banana,1,,SPINE+1NN,10,1193,530,4770,0.749895178197065,1523386630,False,"{""admission"": {""criterion"": ""risk"", ""removed_risk"": 4, ""removed_support"": 0}, ""betti_final"": [[4, 0], [4, 0]], ""betti_frozen"": [[4, 0], [4, 0]], ""betti_nerve"": [[2, 0], [2, 0]], ""boundary_restriction"": ""both"", ""forced_removals"": 0, ""growth_representation_fallbacks"": 952, ""invariant_held"": true, ""n_segments"": 1185, ""n_train_fit"": 3578, ""n_val"": 1192, ""phase0"": [{""constant_lens"": false, ""gain"": 0.25, ""lens"": ""pc1"", ""lens_scaling"": ""standardize"", ""min_cluster_size"": 17, ""min_samples"": 5, ""n_class"": 1974, ""n_edges"": 10, ""n_intervals"": 7, ""n_vertices"": 12, ""noise_reassigned"": 173, ""placement"": ""quantile"", ""slabs"": [{""k"": 1, ""n"": 318}, {""k"": 1, ""n"": 352}, {""k"": 1, ""n"": 352}, {""k"": 3, ""n"": 352}, {""k"": 2, ""n"": 352}, {""k"": 2, ""n"": 352}, {""k"": 2, ""n"": 318}]}, {""constant_lens"": false, ""gain"": 0.25, ""lens"": ""pc1"", ""lens_scaling"": ""standardize"", ""min_cluster_size"": 17, ""min_samples"": 5, ""n_class"": 1604, ""n_edges"": 6, ""n_intervals"": 7, ""n_vertices"": 8, ""noise_reassigned"": 382, ""placement"": ""uniform"", ""slabs"": [{""k"": 1, ""n"": 57}, {""k"": 1, ""n"": 200}, {""k"": 1, ""n"": 436}, {""k"": 1, ""n"": 742}, {""k"": 2, ""n"": 262}, {""k"": 1, ""n"": 185}, {""k"": 1, ""n"": 110}]}], ""soundness_bound_holds"": true, ""step_rule"": ""scale_free"", ""topology_retention_nerve_to_frozen"": {""beta0_frozen"": 8, ""beta0_nerve"": 4, ""beta1_frozen"": 0, ""beta1_nerve"": 0}}",True
0.909433962264151,1193,False,0.25010482180293503,0.25,,75.64991299999997,75.64991299999997,0.0,banana,1,,SPINE+Graph,10,1193,530,4770,0.749895178197065,1523386630,False,"{""admission"": {""criterion"": ""risk"", ""removed_risk"": 4, ""removed_support"": 0}, ""betti_final"": [[4, 0], [4, 0]], ""betti_frozen"": [[4, 0], [4, 0]], ""betti_nerve"": [[2, 0], [2, 0]], ""boundary_restriction"": ""both"", ""forced_removals"": 0, ""growth_representation_fallbacks"": 952, ""invariant_held"": true, ""n_segments"": 1185, ""n_train_fit"": 3578, ""n_val"": 1192, ""phase0"": [{""constant_lens"": false, ""gain"": 0.25, ""lens"": ""pc1"", ""lens_scaling"": ""standardize"", ""min_cluster_size"": 17, ""min_samples"": 5, ""n_class"": 1974, ""n_edges"": 10, ""n_intervals"": 7, ""n_vertices"": 12, ""noise_reassigned"": 173, ""placement"": ""quantile"", ""slabs"": [{""k"": 1, ""n"": 318}, {""k"": 1, ""n"": 352}, {""k"": 1, ""n"": 352}, {""k"": 3, ""n"": 352}, {""k"": 2, ""n"": 352}, {""k"": 2, ""n"": 352}, {""k"": 2, ""n"": 318}]}, {""constant_lens"": false, ""gain"": 0.25, ""lens"": ""pc1"", ""lens_scaling"": ""standardize"", ""min_cluster_size"": 17, ""min_samples"": 5, ""n_class"": 1604, ""n_edges"": 6, ""n_intervals"": 7, ""n_vertices"": 8, ""noise_reassigned"": 382, ""placement"": ""uniform"", ""slabs"": [{""k"": 1, ""n"": 57}, {""k"": 1, ""n"": 200}, {""k"": 1, ""n"": 436}, {""k"": 1, ""n"": 742}, {""k"": 2, ""n"": 262}, {""k"": 1, ""n"": 185}, {""k"": 1, ""n"": 110}]}], ""soundness_bound_holds"": true, ""step_rule"": ""scale_free"", ""topology_retention_nerve_to_frozen"": {""beta0_frozen"": 8, ""beta0_nerve"": 4, ""beta1_frozen"": 0, ""beta1_nerve"": 0}}",True
0.8622641509433963,1193,False,0.25010482180293503,0.25,,3.5668869999999515,60.521713999999974,56.95482700000002,banana,1,"{""epsilon"": 0.3, ""window"": 0.2}",LVQ3,10,1193,530,4770,0.749895178197065,1523386630,False,,True
0.8603773584905661,1193,False,0.25010482180293503,0.25,"{""0"": 658, ""1"": 535}",17.904512000000068,17.904512000000068,0.0,banana,1,,KMeans,10,1193,530,4770,0.749895178197065,1523386630,False,,True
0.8584905660377359,1193,False,0.25010482180293503,0.25,"{""0"": 658, ""1"": 535}",0.0021410000001651497,0.0021410000001651497,0.0,banana,1,,Random,10,1193,530,4770,0.749895178197065,1523386630,False,,True
0.8754716981132076,1193,False,0.25010482180293503,0.25,,2.346619000000146,2.346619000000146,0.0,banana,1,,SPOT,10,1193,530,4770,0.749895178197065,1523386630,False,,True
0.8301886792452831,1193,False,0.25010482180293503,0.25,,159.4751080000001,159.4751080000001,0.0,banana,1,,GLVQ,10,1193,530,4770,0.749895178197065,1523386630,False,,True
0.8679245283018868,1193,False,0.25010482180293503,0.25,,63.27839300000005,63.27839300000005,0.0,banana,1,,GNG,10,1193,530,4770,0.749895178197065,1523386630,False,,True
0.8660377358490566,24,False,0.005031446540880503,0.005,,2.2999999828243745e-05,2.2999999828243745e-05,0.0,banana,2,,Full,10,4770,530,4770,0.0,1524386633,False,,False
0.8415094339622642,24,False,0.005031446540880503,0.005,,0.26149499999996806,0.26149499999996806,0.0,banana,2,,RSP3,10,1148,530,4770,0.7593291404612159,1524386633,False,,False
0.8339622641509434,24,False,0.005031446540880503,0.005,,3.064145000000053,3.064145000000053,0.0,banana,2,,RHC,10,946,530,4770,0.8016771488469602,1524386633,False,,False
0.8226415094339623,24,False,0.005031446540880503,0.005,,4.265675000000101,4.265675000000101,0.0,banana,2,,SPINE+1NN,10,24,530,4770,0.9949685534591195,1524386633,False,"{""admission"": {""criterion"": ""risk"", ""removed_risk"": 4, ""removed_support"": 0}, ""betti_final"": [[3, 0], [4, 0]], ""betti_frozen"": [[3, 0], [4, 0]], ""betti_nerve"": [[2, 0], [1, 0]], ""boundary_restriction"": ""both"", ""forced_removals"": 0, ""growth_representation_fallbacks"": 0, ""invariant_held"": true, ""n_segments"": 17, ""n_train_fit"": 3578, ""n_val"": 1192, ""phase0"": [{""constant_lens"": false, ""gain"": 0.25, ""lens"": ""pc1"", ""lens_scaling"": ""standardize"", ""min_cluster_size"": 17, ""min_samples"": 5, ""n_class"": 1974, ""n_edges"": 10, ""n_intervals"": 7, ""n_vertices"": 12, ""noise_reassigned"": 172, ""placement"": ""quantile"", ""slabs"": [{""k"": 1, ""n"": 318}, {""k"": 1, ""n"": 352}, {""k"": 1, ""n"": 352}, {""k"": 3, ""n"": 352}, {""k"": 2, ""n"": 352}, {""k"": 2, ""n"": 352}, {""k"": 2, ""n"": 318}]}, {""constant_lens"": false, ""gain"": 0.25, ""lens"": ""pc1"", ""lens_scaling"": ""standardize"", ""min_cluster_size"": 17, ""min_samples"": 5, ""n_class"": 1604, ""n_edges"": 6, ""n_intervals"": 7, ""n_vertices"": 7, ""noise_reassigned"": 470, ""placement"": ""uniform"", ""slabs"": [{""k"": 1, ""n"": 57}, {""k"": 1, ""n"": 215}, {""k"": 1, ""n"": 419}, {""k"": 1, ""n"": 746}, {""k"": 1, ""n"": 290}, {""k"": 1, ""n"": 150}, {""k"": 1, ""n"": 120}]}], ""soundness_bound_holds"": true, ""step_rule"": ""scale_free"", ""topology_retention_nerve_to_frozen"": {""beta0_frozen"": 7, ""beta0_nerve"": 3, ""beta1_frozen"": 0, ""beta1_nerve"": 0}}",True
0.8962264150943396,24,False,0.005031446540880503,0.005,,4.265675000000101,4.265675000000101,0.0,banana,2,,SPINE+Graph,10,24,530,4770,0.9949685534591195,1524386633,False,"{""admission"": {""criterion"": ""risk"", ""removed_risk"": 4, ""removed_support"": 0}, ""betti_final"": [[3, 0], [4, 0]], ""betti_frozen"": [[3, 0], [4, 0]], ""betti_nerve"": [[2, 0], [1, 0]], ""boundary_restriction"": ""both"", ""forced_removals"": 0, ""growth_representation_fallbacks"": 0, ""invariant_held"": true, ""n_segments"": 17, ""n_train_fit"": 3578, ""n_val"": 1192, ""phase0"": [{""constant_lens"": false, ""gain"": 0.25, ""lens"": ""pc1"", ""lens_scaling"": ""standardize"", ""min_cluster_size"": 17, ""min_samples"": 5, ""n_class"": 1974, ""n_edges"": 10, ""n_intervals"": 7, ""n_vertices"": 12, ""noise_reassigned"": 172, ""placement"": ""quantile"", ""slabs"": [{""k"": 1, ""n"": 318}, {""k"": 1, ""n"": 352}, {""k"": 1, ""n"": 352}, {""k"": 3, ""n"": 352}, {""k"": 2, ""n"": 352}, {""k"": 2, ""n"": 352}, {""k"": 2, ""n"": 318}]}, {""constant_lens"": false, ""gain"": 0.25, ""lens"": ""pc1"", ""lens_scaling"": ""standardize"", ""min_cluster_size"": 17, ""min_samples"": 5, ""n_class"": 1604, ""n_edges"": 6, ""n_intervals"": 7, ""n_vertices"": 7, ""noise_reassigned"": 470, ""placement"": ""uniform"", ""slabs"": [{""k"": 1, ""n"": 57}, {""k"": 1, ""n"": 215}, {""k"": 1, ""n"": 419}, {""k"": 1, ""n"": 746}, {""k"": 1, ""n"": 290}, {""k"": 1, ""n"": 150}, {""k"": 1, ""n"": 120}]}], ""soundness_bound_holds"": true, ""step_rule"": ""scale_free"", ""topology_retention_nerve_to_frozen"": {""beta0_frozen"": 7, ""beta0_nerve"": 3, ""beta1_frozen"": 0, ""beta1_nerve"": 0}}",True
0.8981132075471698,24,False,0.005031446540880503,0.005,,0.8082890000000589,13.736838000000034,12.928548999999975,banana,2,"{""epsilon"": 0.1, ""window"": 0.2}",LVQ3,10,24,530,4770,0.9949685534591195,1524386633,False,,True
0.8754716981132076,24,False,0.005031446540880503,0.005,"{""0"": 13, ""1"": 11}",0.9314480000000458,0.9314480000000458,0.0,banana,2,,KMeans,10,24,530,4770,0.9949685534591195,1524386633,False,,True
0.7754716981132076,24,False,0.005031446540880503,0.005,"{""0"": 13, ""1"": 11}",0.0007779999998547282,0.0007779999998547282,0.0,banana,2,,Random,10,24,530,4770,0.9949685534591195,1524386633,False,,True
0.8528301886792453,24,False,0.005031446540880503,0.005,,1.7391349999998056,1.7391349999998056,0.0,banana,2,,SPOT,10,24,530,4770,0.9949685534591195,1524386633,False,,True
0.8584905660377359,24,False,0.005031446540880503,0.005,,3.8669549999999617,3.8669549999999617,0.0,banana,2,,GLVQ,10,24,530,4770,0.9949685534591195,1524386633,False,,True
0.8603773584905661,24,False,0.005031446540880503,0.005,,0.09484199999997145,0.09484199999997145,0.0,banana,2,,GNG,10,24,530,4770,0.9949685534591195,1524386633,False,,True
0.8660377358490566,48,False,0.010062893081761006,0.01,,2.2999999828243745e-05,2.2999999828243745e-05,0.0,banana,2,,Full,10,4770,530,4770,0.0,1524386633,True,,False
0.8415094339622642,48,False,0.010062893081761006,0.01,,0.26149499999996806,0.26149499999996806,0.0,banana,2,,RSP3,10,1148,530,4770,0.7593291404612159,1524386633,True,,False
0.8339622641509434,48,False,0.010062893081761006,0.01,,3.064145000000053,3.064145000000053,0.0,banana,2,,RHC,10,946,530,4770,0.8016771488469602,1524386633,True,,False
0.9018867924528302,48,False,0.010062893081761006,0.01,,2.932260000000042,2.932260000000042,0.0,banana,2,,SPINE+1NN,10,48,530,4770,0.989937106918239,1524386633,False,"{""admission"": {""criterion"": ""risk"", ""removed_risk"": 4, ""removed_support"": 0}, ""betti_final"": [[3, 0], [4, 0]], ""betti_frozen"": [[3, 0], [4, 0]], ""betti_nerve"": [[2, 0], [1, 0]], ""boundary_restriction"": ""both"", ""forced_removals"": 0, ""growth_representation_fallbacks"": 0, ""invariant_held"": true, ""n_segments"": 41, ""n_train_fit"": 3578, ""n_val"": 1192, ""phase0"": [{""constant_lens"": false, ""gain"": 0.25, ""lens"": ""pc1"", ""lens_scaling"": ""standardize"", ""min_cluster_size"": 17, ""min_samples"": 5, ""n_class"": 1974, ""n_edges"": 10, ""n_intervals"": 7, ""n_vertices"": 12, ""noise_reassigned"": 172, ""placement"": ""quantile"", ""slabs"": [{""k"": 1, ""n"": 318}, {""k"": 1, ""n"": 352}, {""k"": 1, ""n"": 352}, {""k"": 3, ""n"": 352}, {""k"": 2, ""n"": 352}, {""k"": 2, ""n"": 352}, {""k"": 2, ""n"": 318}]}, {""constant_lens"": false, ""gain"": 0.25, ""lens"": ""pc1"", ""lens_scaling"": ""standardize"", ""min_cluster_size"": 17, ""min_samples"": 5, ""n_class"": 1604, ""n_edges"": 6, ""n_intervals"": 7, ""n_vertices"": 7, ""noise_reassigned"": 470, ""placement"": ""uniform"", ""slabs"": [{""k"": 1, ""n"": 57}, {""k"": 1, ""n"": 215}, {""k"": 1, ""n"": 419}, {""k"": 1, ""n"": 746}, {""k"": 1, ""n"": 290}, {""k"": 1, ""n"": 150}, {""k"": 1, ""n"": 120}]}], ""soundness_bound_holds"": true, ""step_rule"": ""scale_free"", ""topology_retention_nerve_to_frozen"": {""beta0_frozen"": 7, ""beta0_nerve"": 3, ""beta1_frozen"": 0, ""beta1_nerve"": 0}}",True
0.8981132075471698,48,False,0.010062893081761006,0.01,,2.932260000000042,2.932260000000042,0.0,banana,2,,SPINE+Graph,10,48,530,4770,0.989937106918239,1524386633,False,"{""admission"": {""criterion"": ""risk"", ""removed_risk"": 4, ""removed_support"": 0}, ""betti_final"": [[3, 0], [4, 0]], ""betti_frozen"": [[3, 0], [4, 0]], ""betti_nerve"": [[2, 0], [1, 0]], ""boundary_restriction"": ""both"", ""forced_removals"": 0, ""growth_representation_fallbacks"": 0, ""invariant_held"": true, ""n_segments"": 41, ""n_train_fit"": 3578, ""n_val"": 1192, ""phase0"": [{""constant_lens"": false, ""gain"": 0.25, ""lens"": ""pc1"", ""lens_scaling"": ""standardize"", ""min_cluster_size"": 17, ""min_samples"": 5, ""n_class"": 1974, ""n_edges"": 10, ""n_intervals"": 7, ""n_vertices"": 12, ""noise_reassigned"": 172, ""placement"": ""quantile"", ""slabs"": [{""k"": 1, ""n"": 318}, {""k"": 1, ""n"": 352}, {""k"": 1, ""n"": 352}, {""k"": 3, ""n"": 352}, {""k"": 2, ""n"": 352}, {""k"": 2, ""n"": 352}, {""k"": 2, ""n"": 318}]}, {""constant_lens"": false, ""gain"": 0.25, ""lens"": ""pc1"", ""lens_scaling"": ""standardize"", ""min_cluster_size"": 17, ""min_samples"": 5, ""n_class"": 1604, ""n_edges"": 6, ""n_intervals"": 7, ""n_vertices"": 7, ""noise_reassigned"": 470, ""placement"": ""uniform"", ""slabs"": [{""k"": 1, ""n"": 57}, {""k"": 1, ""n"": 215}, {""k"": 1, ""n"": 419}, {""k"": 1, ""n"": 746}, {""k"": 1, ""n"": 290}, {""k"": 1, ""n"": 150}, {""k"": 1, ""n"": 120}]}], ""soundness_bound_holds"": true, ""step_rule"": ""scale_free"", ""topology_retention_nerve_to_frozen"": {""beta0_frozen"": 7, ""beta0_nerve"": 3, ""beta1_frozen"": 0, ""beta1_nerve"": 0}}",True
0.8943396226415095,48,False,0.010062893081761006,0.01,,1.1832050000000436,15.948128000000224,14.76492300000018,banana,2,"{""epsilon"": 0.1, ""window"": 0.2}",LVQ3,10,48,530,4770,0.989937106918239,1524386633,False,,True
0.8867924528301887,48,False,0.010062893081761006,0.01,"{""0"": 26, ""1"": 22}",1.435308999999961,1.435308999999961,0.0,banana,2,,KMeans,10,48,530,4770,0.989937106918239,1524386633,False,,True
0.8320754716981132,48,False,0.010062893081761006,0.01,"{""0"": 26, ""1"": 22}",0.001492999999982203,0.001492999999982203,0.0,banana,2,,Random,10,48,530,4770,0.989937106918239,1524386633,False,,True
0.839622641509434,48,False,0.010062893081761006,0.01,,2.3355329999999412,2.3355329999999412,0.0,banana,2,,SPOT,10,48,530,4770,0.989937106918239,1524386633,False,,True
0.8641509433962264,48,False,0.010062893081761006,0.01,,9.294806999999992,9.294806999999992,0.0,banana,2,,GLVQ,10,48,530,4770,0.989937106918239,1524386633,False,,True
0.8962264150943396,48,False,0.010062893081761006,0.01,,0.3778810000001158,0.3778810000001158,0.0,banana,2,,GNG,10,48,530,4770,0.989937106918239,1524386633,False,,True
0.8660377358490566,95,False,0.019916142557651992,0.02,,2.2999999828243745e-05,2.2999999828243745e-05,0.0,banana,2,,Full,10,4770,530,4770,0.0,1524386633,True,,False
0.8415094339622642,95,False,0.019916142557651992,0.02,,0.26149499999996806,0.26149499999996806,0.0,banana,2,,RSP3,10,1148,530,4770,0.7593291404612159,1524386633,True,,False
0.8339622641509434,95,False,0.019916142557651992,0.02,,3.064145000000053,3.064145000000053,0.0,banana,2,,RHC,10,946,530,4770,0.8016771488469602,1524386633,True,,False
0.9018867924528302,95,False,0.019916142557651992,0.02,,4.646164999999883,4.646164999999883,0.0,banana,2,,SPINE+1NN,10,95,530,4770,0.980083857442348,1524386633,False,"{""admission"": {""criterion"": ""risk"", ""removed_risk"": 4, ""removed_support"": 0}, ""betti_final"": [[3, 0], [4, 0]], ""betti_frozen"": [[3, 0], [4, 0]], ""betti_nerve"": [[2, 0], [1, 0]], ""boundary_restriction"": ""both"", ""forced_removals"": 0, ""growth_representation_fallbacks"": 15, ""invariant_held"": true, ""n_segments"": 88, ""n_train_fit"": 3578, ""n_val"": 1192, ""phase0"": [{""constant_lens"": false, ""gain"": 0.25, ""lens"": ""pc1"", ""lens_scaling"": ""standardize"", ""min_cluster_size"": 17, ""min_samples"": 5, ""n_class"": 1974, ""n_edges"": 10, ""n_intervals"": 7, ""n_vertices"": 12, ""noise_reassigned"": 172, ""placement"": ""quantile"", ""slabs"": [{""k"": 1, ""n"": 318}, {""k"": 1, ""n"": 352}, {""k"": 1, ""n"": 352}, {""k"": 3, ""n"": 352}, {""k"": 2, ""n"": 352}, {""k"": 2, ""n"": 352}, {""k"": 2, ""n"": 318}]}, {""constant_lens"": false, ""gain"": 0.25, ""lens"": ""pc1"", ""lens_scaling"": ""standardize"", ""min_cluster_size"": 17, ""min_samples"": 5, ""n_class"": 1604, ""n_edges"": 6, ""n_intervals"": 7, ""n_vertices"": 7, ""noise_reassigned"": 470, ""placement"": ""uniform"", ""slabs"": [{""k"": 1, ""n"": 57}, {""k"": 1, ""n"": 215}, {""k"": 1, ""n"": 419}, {""k"": 1, ""n"": 746}, {""k"": 1, ""n"": 290}, {""k"": 1, ""n"": 150}, {""k"": 1, ""n"": 120}]}], ""soundness_bound_holds"": true, ""step_rule"": ""scale_free"", ""topology_retention_nerve_to_frozen"": {""beta0_frozen"": 7, ""beta0_nerve"": 3, ""beta1_frozen"": 0, ""beta1_nerve"": 0}}",True
0.9018867924528302,95,False,0.019916142557651992,0.02,,4.646164999999883,4.646164999999883,0.0,banana,2,,SPINE+Graph,10,95,530,4770,0.980083857442348,1524386633,False,"{""admission"": {""criterion"": ""risk"", ""removed_risk"": 4, ""removed_support"": 0}, ""betti_final"": [[3, 0], [4, 0]], ""betti_frozen"": [[3, 0], [4, 0]], ""betti_nerve"": [[2, 0], [1, 0]], ""boundary_restriction"": ""both"", ""forced_removals"": 0, ""growth_representation_fallbacks"": 15, ""invariant_held"": true, ""n_segments"": 88, ""n_train_fit"": 3578, ""n_val"": 1192, ""phase0"": [{""constant_lens"": false, ""gain"": 0.25, ""lens"": ""pc1"", ""lens_scaling"": ""standardize"", ""min_cluster_size"": 17, ""min_samples"": 5, ""n_class"": 1974, ""n_edges"": 10, ""n_intervals"": 7, ""n_vertices"": 12, ""noise_reassigned"": 172, ""placement"": ""quantile"", ""slabs"": [{""k"": 1, ""n"": 318}, {""k"": 1, ""n"": 352}, {""k"": 1, ""n"": 352}, {""k"": 3, ""n"": 352}, {""k"": 2, ""n"": 352}, {""k"": 2, ""n"": 352}, {""k"": 2, ""n"": 318}]}, {""constant_lens"": false, ""gain"": 0.25, ""lens"": ""pc1"", ""lens_scaling"": ""standardize"", ""min_cluster_size"": 17, ""min_samples"": 5, ""n_class"": 1604, ""n_edges"": 6, ""n_intervals"": 7, ""n_vertices"": 7, ""noise_reassigned"": 470, ""placement"": ""uniform"", ""slabs"": [{""k"": 1, ""n"": 57}, {""k"": 1, ""n"": 215}, {""k"": 1, ""n"": 419}, {""k"": 1, ""n"": 746}, {""k"": 1, ""n"": 290}, {""k"": 1, ""n"": 150}, {""k"": 1, ""n"": 120}]}], ""soundness_bound_holds"": true, ""step_rule"": ""scale_free"", ""topology_retention_nerve_to_frozen"": {""beta0_frozen"": 7, ""beta0_nerve"": 3, ""beta1_frozen"": 0, ""beta1_nerve"": 0}}",True
0.8924528301886793,95,False,0.019916142557651992,0.02,,1.642238000000134,26.72683700000016,25.084599000000026,banana,2,"{""epsilon"": 0.1, ""window"": 0.3}",LVQ3,10,95,530,4770,0.980083857442348,1524386633,False,,True
0.8886792452830189,95,False,0.019916142557651992,0.02,"{""0"": 52, ""1"": 43}",2.1791299999999865,2.1791299999999865,0.0,banana,2,,KMeans,10,95,530,4770,0.980083857442348,1524386633,False,,True
0.8622641509433963,95,False,0.019916142557651992,0.02,"{""0"": 52, ""1"": 43}",0.002432999999882668,0.002432999999882668,0.0,banana,2,,Random,10,95,530,4770,0.980083857442348,1524386633,False,,True
0.8528301886792453,95,False,0.019916142557651992,0.02,,2.5986770000001798,2.5986770000001798,0.0,banana,2,,SPOT,10,95,530,4770,0.980083857442348,1524386633,False,,True
0.8622641509433963,95,False,0.019916142557651992,0.02,,16.2811999999999,16.2811999999999,0.0,banana,2,,GLVQ,10,95,530,4770,0.980083857442348,1524386633,False,,True
0.8830188679245283,95,False,0.019916142557651992,0.02,,1.0536640000000261,1.0536640000000261,0.0,banana,2,,GNG,10,95,530,4770,0.980083857442348,1524386633,False,,True
0.8660377358490566,239,False,0.05010482180293501,0.05,,2.2999999828243745e-05,2.2999999828243745e-05,0.0,banana,2,,Full,10,4770,530,4770,0.0,1524386633,True,,False
0.8415094339622642,239,False,0.05010482180293501,0.05,,0.26149499999996806,0.26149499999996806,0.0,banana,2,,RSP3,10,1148,530,4770,0.7593291404612159,1524386633,True,,False
0.8339622641509434,239,False,0.05010482180293501,0.05,,3.064145000000053,3.064145000000053,0.0,banana,2,,RHC,10,946,530,4770,0.8016771488469602,1524386633,True,,False
0.8905660377358491,239,False,0.05010482180293501,0.05,,6.766026000000011,6.766026000000011,0.0,banana,2,,SPINE+1NN,10,239,530,4770,0.949895178197065,1524386633,False,"{""admission"": {""criterion"": ""risk"", ""removed_risk"": 4, ""removed_support"": 0}, ""betti_final"": [[3, 0], [4, 0]], ""betti_frozen"": [[3, 0], [4, 0]], ""betti_nerve"": [[2, 0], [1, 0]], ""boundary_restriction"": ""both"", ""forced_removals"": 0, ""growth_representation_fallbacks"": 96, ""invariant_held"": true, ""n_segments"": 232, ""n_train_fit"": 3578, ""n_val"": 1192, ""phase0"": [{""constant_lens"": false, ""gain"": 0.25, ""lens"": ""pc1"", ""lens_scaling"": ""standardize"", ""min_cluster_size"": 17, ""min_samples"": 5, ""n_class"": 1974, ""n_edges"": 10, ""n_intervals"": 7, ""n_vertices"": 12, ""noise_reassigned"": 172, ""placement"": ""quantile"", ""slabs"": [{""k"": 1, ""n"": 318}, {""k"": 1, ""n"": 352}, {""k"": 1, ""n"": 352}, {""k"": 3, ""n"": 352}, {""k"": 2, ""n"": 352}, {""k"": 2, ""n"": 352}, {""k"": 2, ""n"": 318}]}, {""constant_lens"": false, ""gain"": 0.25, ""lens"": ""pc1"", ""lens_scaling"": ""standardize"", ""min_cluster_size"": 17, ""min_samples"": 5, ""n_class"": 1604, ""n_edges"": 6, ""n_intervals"": 7, ""n_vertices"": 7, ""noise_reassigned"": 470, ""placement"": ""uniform"", ""slabs"": [{""k"": 1, ""n"": 57}, {""k"": 1, ""n"": 215}, {""k"": 1, ""n"": 419}, {""k"": 1, ""n"": 746}, {""k"": 1, ""n"": 290}, {""k"": 1, ""n"": 150}, {""k"": 1, ""n"": 120}]}], ""soundness_bound_holds"": true, ""step_rule"": ""scale_free"", ""topology_retention_nerve_to_frozen"": {""beta0_frozen"": 7, ""beta0_nerve"": 3, ""beta1_frozen"": 0, ""beta1_nerve"": 0}}",True
0.9,239,False,0.05010482180293501,0.05,,6.766026000000011,6.766026000000011,0.0,banana,2,,SPINE+Graph,10,239,530,4770,0.949895178197065,1524386633,False,"{""admission"": {""criterion"": ""risk"", ""removed_risk"": 4, ""removed_support"": 0}, ""betti_final"": [[3, 0], [4, 0]], ""betti_frozen"": [[3, 0], [4, 0]], ""betti_nerve"": [[2, 0], [1, 0]], ""boundary_restriction"": ""both"", ""forced_removals"": 0, ""growth_representation_fallbacks"": 96, ""invariant_held"": true, ""n_segments"": 232, ""n_train_fit"": 3578, ""n_val"": 1192, ""phase0"": [{""constant_lens"": false, ""gain"": 0.25, ""lens"": ""pc1"", ""lens_scaling"": ""standardize"", ""min_cluster_size"": 17, ""min_samples"": 5, ""n_class"": 1974, ""n_edges"": 10, ""n_intervals"": 7, ""n_vertices"": 12, ""noise_reassigned"": 172, ""placement"": ""quantile"", ""slabs"": [{""k"": 1, ""n"": 318}, {""k"": 1, ""n"": 352}, {""k"": 1, ""n"": 352}, {""k"": 3, ""n"": 352}, {""k"": 2, ""n"": 352}, {""k"": 2, ""n"": 352}, {""k"": 2, ""n"": 318}]}, {""constant_lens"": false, ""gain"": 0.25, ""lens"": ""pc1"", ""lens_scaling"": ""standardize"", ""min_cluster_size"": 17, ""min_samples"": 5, ""n_class"": 1604, ""n_edges"": 6, ""n_intervals"": 7, ""n_vertices"": 7, ""noise_reassigned"": 470, ""placement"": ""uniform"", ""slabs"": [{""k"": 1, ""n"": 57}, {""k"": 1, ""n"": 215}, {""k"": 1, ""n"": 419}, {""k"": 1, ""n"": 746}, {""k"": 1, ""n"": 290}, {""k"": 1, ""n"": 150}, {""k"": 1, ""n"": 120}]}], ""soundness_bound_holds"": true, ""step_rule"": ""scale_free"", ""topology_retention_nerve_to_frozen"": {""beta0_frozen"": 7, ""beta0_nerve"": 3, ""beta1_frozen"": 0, ""beta1_nerve"": 0}}",True
0.879245283018868,239,False,0.05010482180293501,0.05,,1.4481200000000172,32.372589999999946,30.92446999999993,banana,2,"{""epsilon"": 0.1, ""window"": 0.3}",LVQ3,10,239,530,4770,0.949895178197065,1524386633,False,,True
0.8603773584905661,239,False,0.05010482180293501,0.05,"{""0"": 132, ""1"": 107}",3.741602000000057,3.741602000000057,0.0,banana,2,,KMeans,10,239,530,4770,0.949895178197065,1524386633,False,,True
0.8735849056603774,239,False,0.05010482180293501,0.05,"{""0"": 132, ""1"": 107}",0.0014559999999619322,0.0014559999999619322,0.0,banana,2,,Random,10,239,530,4770,0.949895178197065,1524386633,False,,True
0.8867924528301887,239,False,0.05010482180293501,0.05,,2.052389999999832,2.052389999999832,0.0,banana,2,,SPOT,10,239,530,4770,0.949895178197065,1524386633,False,,True
0.8660377358490566,239,False,0.05010482180293501,0.05,,25.34666100000004,25.34666100000004,0.0,banana,2,,GLVQ,10,239,530,4770,0.949895178197065,1524386633,False,,True
0.8867924528301887,239,False,0.05010482180293501,0.05,,3.2113899999999376,3.2113899999999376,0.0,banana,2,,GNG,10,239,530,4770,0.949895178197065,1524386633,False,,True
0.8660377358490566,477,False,0.1,0.1,,2.2999999828243745e-05,2.2999999828243745e-05,0.0,banana,2,,Full,10,4770,530,4770,0.0,1524386633,True,,False
0.8415094339622642,477,False,0.1,0.1,,0.26149499999996806,0.26149499999996806,0.0,banana,2,,RSP3,10,1148,530,4770,0.7593291404612159,1524386633,True,,False
0.8339622641509434,477,False,0.1,0.1,,3.064145000000053,3.064145000000053,0.0,banana,2,,RHC,10,946,530,4770,0.8016771488469602,1524386633,True,,False
0.8943396226415095,477,False,0.1,0.1,,9.67066600000021,9.67066600000021,0.0,banana,2,,SPINE+1NN,10,477,530,4770,0.9,1524386633,False,"{""admission"": {""criterion"": ""risk"", ""removed_risk"": 4, ""removed_support"": 0}, ""betti_final"": [[3, 0], [4, 0]], ""betti_frozen"": [[3, 0], [4, 0]], ""betti_nerve"": [[2, 0], [1, 0]], ""boundary_restriction"": ""both"", ""forced_removals"": 0, ""growth_representation_fallbacks"": 244, ""invariant_held"": true, ""n_segments"": 470, ""n_train_fit"": 3578, ""n_val"": 1192, ""phase0"": [{""constant_lens"": false, ""gain"": 0.25, ""lens"": ""pc1"", ""lens_scaling"": ""standardize"", ""min_cluster_size"": 17, ""min_samples"": 5, ""n_class"": 1974, ""n_edges"": 10, ""n_intervals"": 7, ""n_vertices"": 12, ""noise_reassigned"": 172, ""placement"": ""quantile"", ""slabs"": [{""k"": 1, ""n"": 318}, {""k"": 1, ""n"": 352}, {""k"": 1, ""n"": 352}, {""k"": 3, ""n"": 352}, {""k"": 2, ""n"": 352}, {""k"": 2, ""n"": 352}, {""k"": 2, ""n"": 318}]}, {""constant_lens"": false, ""gain"": 0.25, ""lens"": ""pc1"", ""lens_scaling"": ""standardize"", ""min_cluster_size"": 17, ""min_samples"": 5, ""n_class"": 1604, ""n_edges"": 6, ""n_intervals"": 7, ""n_vertices"": 7, ""noise_reassigned"": 470, ""placement"": ""uniform"", ""slabs"": [{""k"": 1, ""n"": 57}, {""k"": 1, ""n"": 215}, {""k"": 1, ""n"": 419}, {""k"": 1, ""n"": 746}, {""k"": 1, ""n"": 290}, {""k"": 1, ""n"": 150}, {""k"": 1, ""n"": 120}]}], ""soundness_bound_holds"": true, ""step_rule"": ""scale_free"", ""topology_retention_nerve_to_frozen"": {""beta0_frozen"": 7, ""beta0_nerve"": 3, ""beta1_frozen"": 0, ""beta1_nerve"": 0}}",True
0.8924528301886793,477,False,0.1,0.1,,9.67066600000021,9.67066600000021,0.0,banana,2,,SPINE+Graph,10,477,530,4770,0.9,1524386633,False,"{""admission"": {""criterion"": ""risk"", ""removed_risk"": 4, ""removed_support"": 0}, ""betti_final"": [[3, 0], [4, 0]], ""betti_frozen"": [[3, 0], [4, 0]], ""betti_nerve"": [[2, 0], [1, 0]], ""boundary_restriction"": ""both"", ""forced_removals"": 0, ""growth_representation_fallbacks"": 244, ""invariant_held"": true, ""n_segments"": 470, ""n_train_fit"": 3578, ""n_val"": 1192, ""phase0"": [{""constant_lens"": false, ""gain"": 0.25, ""lens"": ""pc1"", ""lens_scaling"": ""standardize"", ""min_cluster_size"": 17, ""min_samples"": 5, ""n_class"": 1974, ""n_edges"": 10, ""n_intervals"": 7, ""n_vertices"": 12, ""noise_reassigned"": 172, ""placement"": ""quantile"", ""slabs"": [{""k"": 1, ""n"": 318}, {""k"": 1, ""n"": 352}, {""k"": 1, ""n"": 352}, {""k"": 3, ""n"": 352}, {""k"": 2, ""n"": 352}, {""k"": 2, ""n"": 352}, {""k"": 2, ""n"": 318}]}, {""constant_lens"": false, ""gain"": 0.25, ""lens"": ""pc1"", ""lens_scaling"": ""standardize"", ""min_cluster_size"": 17, ""min_samples"": 5, ""n_class"": 1604, ""n_edges"": 6, ""n_intervals"": 7, ""n_vertices"": 7, ""noise_reassigned"": 470, ""placement"": ""uniform"", ""slabs"": [{""k"": 1, ""n"": 57}, {""k"": 1, ""n"": 215}, {""k"": 1, ""n"": 419}, {""k"": 1, ""n"": 746}, {""k"": 1, ""n"": 290}, {""k"": 1, ""n"": 150}, {""k"": 1, ""n"": 120}]}], ""soundness_bound_holds"": true, ""step_rule"": ""scale_free"", ""topology_retention_nerve_to_frozen"": {""beta0_frozen"": 7, ""beta0_nerve"": 3, ""beta1_frozen"": 0, ""beta1_nerve"": 0}}",True
0.8849056603773585,477,False,0.1,0.1,,2.1759329999999864,33.10322300000007,30.927290000000085,banana,2,"{""epsilon"": 0.1, ""window"": 0.3}",LVQ3,10,477,530,4770,0.9,1524386633,False,,True
0.8415094339622642,477,False,0.1,0.1,"{""0"": 263, ""1"": 214}",15.088578000000098,15.088578000000098,0.0,banana,2,,KMeans,10,477,530,4770,0.9,1524386633,False,,True
0.8735849056603774,477,False,0.1,0.1,"{""0"": 263, ""1"": 214}",0.0034410000000661967,0.0034410000000661967,0.0,banana,2,,Random,10,477,530,4770,0.9,1524386633,False,,True
0.8716981132075472,477,False,0.1,0.1,,2.634669000000031,2.634669000000031,0.0,banana,2,,SPOT,10,477,530,4770,0.9,1524386633,False,,True
0.8528301886792453,477,False,0.1,0.1,,49.816208999999844,49.816208999999844,0.0,banana,2,,GLVQ,10,477,530,4770,0.9,1524386633,False,,True
0.8584905660377359,477,False,0.1,0.1,,11.029583999999886,11.029583999999886,0.0,banana,2,,GNG,10,477,530,4770,0.9,1524386633,False,,True
0.8660377358490566,1193,False,0.25010482180293503,0.25,,2.2999999828243745e-05,2.2999999828243745e-05,0.0,banana,2,,Full,10,4770,530,4770,0.0,1524386633,True,,False
0.8415094339622642,1193,False,0.25010482180293503,0.25,,0.26149499999996806,0.26149499999996806,0.0,banana,2,,RSP3,10,1148,530,4770,0.7593291404612159,1524386633,True,,False
0.8339622641509434,1193,False,0.25010482180293503,0.25,,3.064145000000053,3.064145000000053,0.0,banana,2,,RHC,10,946,530,4770,0.8016771488469602,1524386633,True,,False
0.8867924528301887,1193,False,0.25010482180293503,0.25,,50.460182999999915,50.460182999999915,0.0,banana,2,,SPINE+1NN,10,1193,530,4770,0.749895178197065,1524386633,False,"{""admission"": {""criterion"": ""risk"", ""removed_risk"": 4, ""removed_support"": 0}, ""betti_final"": [[3, 0], [4, 0]], ""betti_frozen"": [[3, 0], [4, 0]], ""betti_nerve"": [[2, 0], [1, 0]], ""boundary_restriction"": ""both"", ""forced_removals"": 0, ""growth_representation_fallbacks"": 950, ""invariant_held"": true, ""n_segments"": 1186, ""n_train_fit"": 3578, ""n_val"": 1192, ""phase0"": [{""constant_lens"": false, ""gain"": 0.25, ""lens"": ""pc1"", ""lens_scaling"": ""standardize"", ""min_cluster_size"": 17, ""min_samples"": 5, ""n_class"": 1974, ""n_edges"": 10, ""n_intervals"": 7, ""n_vertices"": 12, ""noise_reassigned"": 172, ""placement"": ""quantile"", ""slabs"": [{""k"": 1, ""n"": 318}, {""k"": 1, ""n"": 352}, {""k"": 1, ""n"": 352}, {""k"": 3, ""n"": 352}, {""k"": 2, ""n"": 352}, {""k"": 2, ""n"": 352}, {""k"": 2, ""n"": 318}]}, {""constant_lens"": false, ""gain"": 0.25, ""lens"": ""pc1"", ""lens_scaling"": ""standardize"", ""min_cluster_size"": 17, ""min_samples"": 5, ""n_class"": 1604, ""n_edges"": 6, ""n_intervals"": 7, ""n_vertices"": 7, ""noise_reassigned"": 470, ""placement"": ""uniform"", ""slabs"": [{""k"": 1, ""n"": 57}, {""k"": 1, ""n"": 215}, {""k"": 1, ""n"": 419}, {""k"": 1, ""n"": 746}, {""k"": 1, ""n"": 290}, {""k"": 1, ""n"": 150}, {""k"": 1, ""n"": 120}]}], ""soundness_bound_holds"": true, ""step_rule"": ""scale_free"", ""topology_retention_nerve_to_frozen"": {""beta0_frozen"": 7, ""beta0_nerve"": 3, ""beta1_frozen"": 0, ""beta1_nerve"": 0}}",True
0.8811320754716981,1193,False,0.25010482180293503,0.25,,50.460182999999915,50.460182999999915,0.0,banana,2,,SPINE+Graph,10,1193,530,4770,0.749895178197065,1524386633,False,"{""admission"": {""criterion"": ""risk"", ""removed_risk"": 4, ""removed_support"": 0}, ""betti_final"": [[3, 0], [4, 0]], ""betti_frozen"": [[3, 0], [4, 0]], ""betti_nerve"": [[2, 0], [1, 0]], ""boundary_restriction"": ""both"", ""forced_removals"": 0, ""growth_representation_fallbacks"": 950, ""invariant_held"": true, ""n_segments"": 1186, ""n_train_fit"": 3578, ""n_val"": 1192, ""phase0"": [{""constant_lens"": false, ""gain"": 0.25, ""lens"": ""pc1"", ""lens_scaling"": ""standardize"", ""min_cluster_size"": 17, ""min_samples"": 5, ""n_class"": 1974, ""n_edges"": 10, ""n_intervals"": 7, ""n_vertices"": 12, ""noise_reassigned"": 172, ""placement"": ""quantile"", ""slabs"": [{""k"": 1, ""n"": 318}, {""k"": 1, ""n"": 352}, {""k"": 1, ""n"": 352}, {""k"": 3, ""n"": 352}, {""k"": 2, ""n"": 352}, {""k"": 2, ""n"": 352}, {""k"": 2, ""n"": 318}]}, {""constant_lens"": false, ""gain"": 0.25, ""lens"": ""pc1"", ""lens_scaling"": ""standardize"", ""min_cluster_size"": 17, ""min_samples"": 5, ""n_class"": 1604, ""n_edges"": 6, ""n_intervals"": 7, ""n_vertices"": 7, ""noise_reassigned"": 470, ""placement"": ""uniform"", ""slabs"": [{""k"": 1, ""n"": 57}, {""k"": 1, ""n"": 215}, {""k"": 1, ""n"": 419}, {""k"": 1, ""n"": 746}, {""k"": 1, ""n"": 290}, {""k"": 1, ""n"": 150}, {""k"": 1, ""n"": 120}]}], ""soundness_bound_holds"": true, ""step_rule"": ""scale_free"", ""topology_retention_nerve_to_frozen"": {""beta0_frozen"": 7, ""beta0_nerve"": 3, ""beta1_frozen"": 0, ""beta1_nerve"": 0}}",True
0.8754716981132076,1193,False,0.25010482180293503,0.25,,5.690710000000081,69.28550799999994,63.594797999999855,banana,2,"{""epsilon"": 0.1, ""window"": 0.2}",LVQ3,10,1193,530,4770,0.749895178197065,1524386633,False,,True
0.8226415094339623,1193,False,0.25010482180293503,0.25,"{""0"": 658, ""1"": 535}",27.170708000000104,27.170708000000104,0.0,banana,2,,KMeans,10,1193,530,4770,0.749895178197065,1524386633,False,,True
0.8641509433962264,1193,False,0.25010482180293503,0.25,"{""0"": 658, ""1"": 535}",0.016886999999996988,0.016886999999996988,0.0,banana,2,,Random,10,1193,530,4770,0.749895178197065,1524386633,False,,True
0.8773584905660378,1193,False,0.25010482180293503,0.25,,2.716212999999925,2.716212999999925,0.0,banana,2,,SPOT,10,1193,530,4770,0.749895178197065,1524386633,False,,True
0.8905660377358491,1193,False,0.25010482180293503,0.25,,124.99108799999999,124.99108799999999,0.0,banana,2,,GLVQ,10,1193,530,4770,0.749895178197065,1524386633,False,,True
0.8490566037735849,1193,False,0.25010482180293503,0.25,,63.484545000000026,63.484545000000026,0.0,banana,2,,GNG,10,1193,530,4770,0.749895178197065,1524386633,False,,True
0.8754716981132076,24,False,0.005031446540880503,0.005,,2.1000000060666935e-05,2.1000000060666935e-05,0.0,banana,3,,Full,10,4770,530,4770,0.0,1525386636,False,,False
0.8452830188679246,24,False,0.005031446540880503,0.005,,0.25446099999999205,0.25446099999999205,0.0,banana,3,,RSP3,10,1197,530,4770,0.7490566037735849,1525386636,False,,False
0.8283018867924529,24,False,0.005031446540880503,0.005,,3.7975229999999556,3.7975229999999556,0.0,banana,3,,RHC,10,982,530,4770,0.7941299790356394,1525386636,False,,False
0.8754716981132076,24,False,0.005031446540880503,0.005,,4.111947999999984,4.111947999999984,0.0,banana,3,,SPINE+1NN,10,24,530,4770,0.9949685534591195,1525386636,False,"{""admission"": {""criterion"": ""risk"", ""removed_risk"": 5, ""removed_support"": 0}, ""betti_final"": [[5, 0], [4, 0]], ""betti_frozen"": [[5, 0], [4, 0]], ""betti_nerve"": [[2, 0], [2, 0]], ""boundary_restriction"": ""both"", ""forced_removals"": 0, ""growth_representation_fallbacks"": 0, ""invariant_held"": true, ""n_segments"": 15, ""n_train_fit"": 3578, ""n_val"": 1192, ""phase0"": [{""constant_lens"": false, ""gain"": 0.25, ""lens"": ""pc1"", ""lens_scaling"": ""standardize"", ""min_cluster_size"": 17, ""min_samples"": 5, ""n_class"": 1974, ""n_edges"": 10, ""n_intervals"": 7, ""n_vertices"": 12, ""noise_reassigned"": 150, ""placement"": ""quantile"", ""slabs"": [{""k"": 1, ""n"": 318}, {""k"": 1, ""n"": 352}, {""k"": 1, ""n"": 352}, {""k"": 3, ""n"": 352}, {""k"": 2, ""n"": 352}, {""k"": 2, ""n"": 352}, {""k"": 2, ""n"": 318}]}, {""constant_lens"": false, ""gain"": 0.25, ""lens"": ""pc1"", ""lens_scaling"": ""standardize"", ""min_cluster_size"": 17, ""min_samples"": 5, ""n_class"": 1604, ""n_edges"": 6, ""n_intervals"": 7, ""n_vertices"": 8, ""noise_reassigned"": 341, ""placement"": ""uniform"", ""slabs"": [{""k"": 1, ""n"": 64}, {""k"": 1, ""n"": 239}, {""k"": 1, ""n"": 462}, {""k"": 1, ""n"": 722}, {""k"": 2, ""n"": 239}, {""k"": 1, ""n"": 174}, {""k"": 1, ""n"": 115}]}], ""soundness_bound_holds"": true, ""step_rule"": ""scale_free"", ""topology_retention_nerve_to_frozen"": {""beta0_frozen"": 9, ""beta0_nerve"": 4, ""beta1_frozen"": 0, ""beta1_nerve"": 0}}",True
0.9,24,False,0.005031446540880503,0.005,,4.111947999999984,4.111947999999984,0.0,banana,3,,SPINE+Graph,10,24,530,4770,0.9949685534591195,1525386636,False,"{""admission"": {""criterion"": ""risk"", ""removed_risk"": 5, ""removed_support"": 0}, ""betti_final"": [[5, 0], [4, 0]], ""betti_frozen"": [[5, 0], [4, 0]], ""betti_nerve"": [[2, 0], [2, 0]], ""boundary_restriction"": ""both"", ""forced_removals"": 0, ""growth_representation_fallbacks"": 0, ""invariant_held"": true, ""n_segments"": 15, ""n_train_fit"": 3578, ""n_val"": 1192, ""phase0"": [{""constant_lens"": false, ""gain"": 0.25, ""lens"": ""pc1"", ""lens_scaling"": ""standardize"", ""min_cluster_size"": 17, ""min_samples"": 5, ""n_class"": 1974, ""n_edges"": 10, ""n_intervals"": 7, ""n_vertices"": 12, ""noise_reassigned"": 150, ""placement"": ""quantile"", ""slabs"": [{""k"": 1, ""n"": 318}, {""k"": 1, ""n"": 352}, {""k"": 1, ""n"": 352}, {""k"": 3, ""n"": 352}, {""k"": 2, ""n"": 352}, {""k"": 2, ""n"": 352}, {""k"": 2, ""n"": 318}]}, {""constant_lens"": false, ""gain"": 0.25, ""lens"": ""pc1"", ""lens_scaling"": ""standardize"", ""min_cluster_size"": 17, ""min_samples"": 5, ""n_class"": 1604, ""n_edges"": 6, ""n_intervals"": 7, ""n_vertices"": 8, ""noise_reassigned"": 341, ""placement"": ""uniform"", ""slabs"": [{""k"": 1, ""n"": 64}, {""k"": 1, ""n"": 239}, {""k"": 1, ""n"": 462}, {""k"": 1, ""n"": 722}, {""k"": 2, ""n"": 239}, {""k"": 1, ""n"": 174}, {""k"": 1, ""n"": 115}]}], ""soundness_bound_holds"": true, ""step_rule"": ""scale_free"", ""topology_retention_nerve_to_frozen"": {""beta0_frozen"": 9, ""beta0_nerve"": 4, ""beta1_frozen"": 0, ""beta1_nerve"": 0}}",True
0.8867924528301887,24,False,0.005031446540880503,0.005,,0.8145250000000033,13.706488000000036,12.891963000000032,banana,3,"{""epsilon"": 0.1, ""window"": 0.3}",LVQ3,10,24,530,4770,0.9949685534591195,1525386636,False,,True
0.8679245283018868,24,False,0.005031446540880503,0.005,"{""0"": 13, ""1"": 11}",0.8122220000000198,0.8122220000000198,0.0,banana,3,,KMeans,10,24,530,4770,0.9949685534591195,1525386636,False,,True
0.7150943396226415,24,False,0.005031446540880503,0.005,"{""0"": 13, ""1"": 11}",0.0031050000000050204,0.0031050000000050204,0.0,banana,3,,Random,10,24,530,4770,0.9949685534591195,1525386636,False,,True
0.8584905660377359,24,False,0.005031446540880503,0.005,,1.536747000000105,1.536747000000105,0.0,banana,3,,SPOT,10,24,530,4770,0.9949685534591195,1525386636,False,,True
0.8509433962264151,24,False,0.005031446540880503,0.005,,3.907034000000067,3.907034000000067,0.0,banana,3,,GLVQ,10,24,530,4770,0.9949685534591195,1525386636,False,,True
0.8660377358490566,24,False,0.005031446540880503,0.005,,0.09590000000002874,0.09590000000002874,0.0,banana,3,,GNG,10,24,530,4770,0.9949685534591195,1525386636,False,,True
0.8754716981132076,48,False,0.010062893081761006,0.01,,2.1000000060666935e-05,2.1000000060666935e-05,0.0,banana,3,,Full,10,4770,530,4770,0.0,1525386636,True,,False
0.8452830188679246,48,False,0.010062893081761006,0.01,,0.25446099999999205,0.25446099999999205,0.0,banana,3,,RSP3,10,1197,530,4770,0.7490566037735849,1525386636,True,,False
0.8283018867924529,48,False,0.010062893081761006,0.01,,3.7975229999999556,3.7975229999999556,0.0,banana,3,,RHC,10,982,530,4770,0.7941299790356394,1525386636,True,,False
0.8924528301886793,48,False,0.010062893081761006,0.01,,2.9042460000000574,2.9042460000000574,0.0,banana,3,,SPINE+1NN,10,48,530,4770,0.989937106918239,1525386636,False,"{""admission"": {""criterion"": ""risk"", ""removed_risk"": 5, ""removed_support"": 0}, ""betti_final"": [[5, 0], [4, 0]], ""betti_frozen"": [[5, 0], [4, 0]], ""betti_nerve"": [[2, 0], [2, 0]], ""boundary_restriction"": ""both"", ""forced_removals"": 0, ""growth_representation_fallbacks"": 0, ""invariant_held"": true, ""n_segments"": 39, ""n_train_fit"": 3578, ""n_val"": 1192, ""phase0"": [{""constant_lens"": false, ""gain"": 0.25, ""lens"": ""pc1"", ""lens_scaling"": ""standardize"", ""min_cluster_size"": 17, ""min_samples"": 5, ""n_class"": 1974, ""n_edges"": 10, ""n_intervals"": 7, ""n_vertices"": 12, ""noise_reassigned"": 150, ""placement"": ""quantile"", ""slabs"": [{""k"": 1, ""n"": 318}, {""k"": 1, ""n"": 352}, {""k"": 1, ""n"": 352}, {""k"": 3, ""n"": 352}, {""k"": 2, ""n"": 352}, {""k"": 2, ""n"": 352}, {""k"": 2, ""n"": 318}]}, {""constant_lens"": false, ""gain"": 0.25, ""lens"": ""pc1"", ""lens_scaling"": ""standardize"", ""min_cluster_size"": 17, ""min_samples"": 5, ""n_class"": 1604, ""n_edges"": 6, ""n_intervals"": 7, ""n_vertices"": 8, ""noise_reassigned"": 341, ""placement"": ""uniform"", ""slabs"": [{""k"": 1, ""n"": 64}, {""k"": 1, ""n"": 239}, {""k"": 1, ""n"": 462}, {""k"": 1, ""n"": 722}, {""k"": 2, ""n"": 239}, {""k"": 1, ""n"": 174}, {""k"": 1, ""n"": 115}]}], ""soundness_bound_holds"": true, ""step_rule"": ""scale_free"", ""topology_retention_nerve_to_frozen"": {""beta0_frozen"": 9, ""beta0_nerve"": 4, ""beta1_frozen"": 0, ""beta1_nerve"": 0}}",True
0.8943396226415095,48,False,0.010062893081761006,0.01,,2.9042460000000574,2.9042460000000574,0.0,banana,3,,SPINE+Graph,10,48,530,4770,0.989937106918239,1525386636,False,"{""admission"": {""criterion"": ""risk"", ""removed_risk"": 5, ""removed_support"": 0}, ""betti_final"": [[5, 0], [4, 0]], ""betti_frozen"": [[5, 0], [4, 0]], ""betti_nerve"": [[2, 0], [2, 0]], ""boundary_restriction"": ""both"", ""forced_removals"": 0, ""growth_representation_fallbacks"": 0, ""invariant_held"": true, ""n_segments"": 39, ""n_train_fit"": 3578, ""n_val"": 1192, ""phase0"": [{""constant_lens"": false, ""gain"": 0.25, ""lens"": ""pc1"", ""lens_scaling"": ""standardize"", ""min_cluster_size"": 17, ""min_samples"": 5, ""n_class"": 1974, ""n_edges"": 10, ""n_intervals"": 7, ""n_vertices"": 12, ""noise_reassigned"": 150, ""placement"": ""quantile"", ""slabs"": [{""k"": 1, ""n"": 318}, {""k"": 1, ""n"": 352}, {""k"": 1, ""n"": 352}, {""k"": 3, ""n"": 352}, {""k"": 2, ""n"": 352}, {""k"": 2, ""n"": 352}, {""k"": 2, ""n"": 318}]}, {""constant_lens"": false, ""gain"": 0.25, ""lens"": ""pc1"", ""lens_scaling"": ""standardize"", ""min_cluster_size"": 17, ""min_samples"": 5, ""n_class"": 1604, ""n_edges"": 6, ""n_intervals"": 7, ""n_vertices"": 8, ""noise_reassigned"": 341, ""placement"": ""uniform"", ""slabs"": [{""k"": 1, ""n"": 64}, {""k"": 1, ""n"": 239}, {""k"": 1, ""n"": 462}, {""k"": 1, ""n"": 722}, {""k"": 2, ""n"": 239}, {""k"": 1, ""n"": 174}, {""k"": 1, ""n"": 115}]}], ""soundness_bound_holds"": true, ""step_rule"": ""scale_free"", ""topology_retention_nerve_to_frozen"": {""beta0_frozen"": 9, ""beta0_nerve"": 4, ""beta1_frozen"": 0, ""beta1_nerve"": 0}}",True
0.8867924528301887,48,False,0.010062893081761006,0.01,,0.8634280000001127,14.678563000000167,13.815135000000055,banana,3,"{""epsilon"": 0.3, ""window"": 0.3}",LVQ3,10,48,530,4770,0.989937106918239,1525386636,False,,True
0.9,48,False,0.010062893081761006,0.01,"{""0"": 26, ""1"": 22}",1.1204159999999774,1.1204159999999774,0.0,banana,3,,KMeans,10,48,530,4770,0.989937106918239,1525386636,False,,True
0.7716981132075472,48,False,0.010062893081761006,0.01,"{""0"": 26, ""1"": 22}",0.0009000000000014552,0.0009000000000014552,0.0,banana,3,,Random,10,48,530,4770,0.989937106918239,1525386636,False,,True
0.839622641509434,48,False,0.010062893081761006,0.01,,1.7878639999998995,1.7878639999998995,0.0,banana,3,,SPOT,10,48,530,4770,0.989937106918239,1525386636,False,,True
0.869811320754717,48,False,0.010062893081761006,0.01,,6.339950999999928,6.339950999999928,0.0,banana,3,,GLVQ,10,48,530,4770,0.989937106918239,1525386636,False,,True
0.8849056603773585,48,False,0.010062893081761006,0.01,,0.24230899999997746,0.24230899999997746,0.0,banana,3,,GNG,10,48,530,4770,0.989937106918239,1525386636,False,,True
0.8754716981132076,95,False,0.019916142557651992,0.02,,2.1000000060666935e-05,2.1000000060666935e-05,0.0,banana,3,,Full,10,4770,530,4770,0.0,1525386636,True,,False
0.8452830188679246,95,False,0.019916142557651992,0.02,,0.25446099999999205,0.25446099999999205,0.0,banana,3,,RSP3,10,1197,530,4770,0.7490566037735849,1525386636,True,,False
0.8283018867924529,95,False,0.019916142557651992,0.02,,3.7975229999999556,3.7975229999999556,0.0,banana,3,,RHC,10,982,530,4770,0.7941299790356394,1525386636,True,,False
0.8886792452830189,95,False,0.019916142557651992,0.02,,3.1238519999999426,3.1238519999999426,0.0,banana,3,,SPINE+1NN,10,95,530,4770,0.980083857442348,1525386636,False,"{""admission"": {""criterion"": ""risk"", ""removed_risk"": 5, ""removed_support"": 0}, ""betti_final"": [[5, 0], [4, 0]], ""betti_frozen"": [[5, 0], [4, 0]], ""betti_nerve"": [[2, 0], [2, 0]], ""boundary_restriction"": ""both"", ""forced_removals"": 0, ""growth_representation_fallbacks"": 7, ""invariant_held"": true, ""n_segments"": 86, ""n_train_fit"": 3578, ""n_val"": 1192, ""phase0"": [{""constant_lens"": false, ""gain"": 0.25, ""lens"": ""pc1"", ""lens_scaling"": ""standardize"", ""min_cluster_size"": 17, ""min_samples"": 5, ""n_class"": 1974, ""n_edges"": 10, ""n_intervals"": 7, ""n_vertices"": 12, ""noise_reassigned"": 150, ""placement"": ""quantile"", ""slabs"": [{""k"": 1, ""n"": 318}, {""k"": 1, ""n"": 352}, {""k"": 1, ""n"": 352}, {""k"": 3, ""n"": 352}, {""k"": 2, ""n"": 352}, {""k"": 2, ""n"": 352}, {""k"": 2, ""n"": 318}]}, {""constant_lens"": false, ""gain"": 0.25, ""lens"": ""pc1"", ""lens_scaling"": ""standardize"", ""min_cluster_size"": 17, ""min_samples"": 5, ""n_class"": 1604, ""n_edges"": 6, ""n_intervals"": 7, ""n_vertices"": 8, ""noise_reassigned"": 341, ""placement"": ""uniform"", ""slabs"": [{""k"": 1, ""n"": 64}, {""k"": 1, ""n"": 239}, {""k"": 1, ""n"": 462}, {""k"": 1, ""n"": 722}, {""k"": 2, ""n"": 239}, {""k"": 1, ""n"": 174}, {""k"": 1, ""n"": 115}]}], ""soundness_bound_holds"": true, ""step_rule"": ""scale_free"", ""topology_retention_nerve_to_frozen"": {""beta0_frozen"": 9, ""beta0_nerve"": 4, ""beta1_frozen"": 0, ""beta1_nerve"": 0}}",True
0.8905660377358491,95,False,0.019916142557651992,0.02,,3.1238519999999426,3.1238519999999426,0.0,banana,3,,SPINE+Graph,10,95,530,4770,0.980083857442348,1525386636,False,"{""admission"": {""criterion"": ""risk"", ""removed_risk"": 5, ""removed_support"": 0}, ""betti_final"": [[5, 0], [4, 0]], ""betti_frozen"": [[5, 0], [4, 0]], ""betti_nerve"": [[2, 0], [2, 0]], ""boundary_restriction"": ""both"", ""forced_removals"": 0, ""growth_representation_fallbacks"": 7, ""invariant_held"": true, ""n_segments"": 86, ""n_train_fit"": 3578, ""n_val"": 1192, ""phase0"": [{""constant_lens"": false, ""gain"": 0.25, ""lens"": ""pc1"", ""lens_scaling"": ""standardize"", ""min_cluster_size"": 17, ""min_samples"": 5, ""n_class"": 1974, ""n_edges"": 10, ""n_intervals"": 7, ""n_vertices"": 12, ""noise_reassigned"": 150, ""placement"": ""quantile"", ""slabs"": [{""k"": 1, ""n"": 318}, {""k"": 1, ""n"": 352}, {""k"": 1, ""n"": 352}, {""k"": 3, ""n"": 352}, {""k"": 2, ""n"": 352}, {""k"": 2, ""n"": 352}, {""k"": 2, ""n"": 318}]}, {""constant_lens"": false, ""gain"": 0.25, ""lens"": ""pc1"", ""lens_scaling"": ""standardize"", ""min_cluster_size"": 17, ""min_samples"": 5, ""n_class"": 1604, ""n_edges"": 6, ""n_intervals"": 7, ""n_vertices"": 8, ""noise_reassigned"": 341, ""placement"": ""uniform"", ""slabs"": [{""k"": 1, ""n"": 64}, {""k"": 1, ""n"": 239}, {""k"": 1, ""n"": 462}, {""k"": 1, ""n"": 722}, {""k"": 2, ""n"": 239}, {""k"": 1, ""n"": 174}, {""k"": 1, ""n"": 115}]}], ""soundness_bound_holds"": true, ""step_rule"": ""scale_free"", ""topology_retention_nerve_to_frozen"": {""beta0_frozen"": 9, ""beta0_nerve"": 4, ""beta1_frozen"": 0, ""beta1_nerve"": 0}}",True
0.8811320754716981,95,False,0.019916142557651992,0.02,,1.082742000000053,17.53829399999995,16.455551999999898,banana,3,"{""epsilon"": 0.1, ""window"": 0.3}",LVQ3,10,95,530,4770,0.980083857442348,1525386636,False,,True
0.8716981132075472,95,False,0.019916142557651992,0.02,"{""0"": 52, ""1"": 43}",1.5056679999997868,1.5056679999997868,0.0,banana,3,,KMeans,10,95,530,4770,0.980083857442348,1525386636,False,,True
0.839622641509434,95,False,0.019916142557651992,0.02,"{""0"": 52, ""1"": 43}",0.0007930000001579174,0.0007930000001579174,0.0,banana,3,,Random,10,95,530,4770,0.980083857442348,1525386636,False,,True
0.8830188679245283,95,False,0.019916142557651992,0.02,,1.7460289999999077,1.7460289999999077,0.0,banana,3,,SPOT,10,95,530,4770,0.980083857442348,1525386636,False,,True
0.8735849056603774,95,False,0.019916142557651992,0.02,,11.016305000000102,11.016305000000102,0.0,banana,3,,GLVQ,10,95,530,4770,0.980083857442348,1525386636,False,,True
0.8867924528301887,95,False,0.019916142557651992,0.02,,0.6901080000002366,0.6901080000002366,0.0,banana,3,,GNG,10,95,530,4770,0.980083857442348,1525386636,False,,True
0.8754716981132076,239,False,0.05010482180293501,0.05,,2.1000000060666935e-05,2.1000000060666935e-05,0.0,banana,3,,Full,10,4770,530,4770,0.0,1525386636,True,,False
0.8452830188679246,239,False,0.05010482180293501,0.05,,0.25446099999999205,0.25446099999999205,0.0,banana,3,,RSP3,10,1197,530,4770,0.7490566037735849,1525386636,True,,False
0.8283018867924529,239,False,0.05010482180293501,0.05,,3.7975229999999556,3.7975229999999556,0.0,banana,3,,RHC,10,982,530,4770,0.7941299790356394,1525386636,True,,False
0.8849056603773585,239,False,0.05010482180293501,0.05,,4.509629000000132,4.509629000000132,0.0,banana,3,,SPINE+1NN,10,239,530,4770,0.949895178197065,1525386636,False,"{""admission"": {""criterion"": ""risk"", ""removed_risk"": 5, ""removed_support"": 0}, ""betti_final"": [[5, 0], [4, 0]], ""betti_frozen"": [[5, 0], [4, 0]], ""betti_nerve"": [[2, 0], [2, 0]], ""boundary_restriction"": ""both"", ""forced_removals"": 0, ""growth_representation_fallbacks"": 88, ""invariant_held"": true, ""n_segments"": 230, ""n_train_fit"": 3578, ""n_val"": 1192, ""phase0"": [{""constant_lens"": false, ""gain"": 0.25, ""lens"": ""pc1"", ""lens_scaling"": ""standardize"", ""min_cluster_size"": 17, ""min_samples"": 5, ""n_class"": 1974, ""n_edges"": 10, ""n_intervals"": 7, ""n_vertices"": 12, ""noise_reassigned"": 150, ""placement"": ""quantile"", ""slabs"": [{""k"": 1, ""n"": 318}, {""k"": 1, ""n"": 352}, {""k"": 1, ""n"": 352}, {""k"": 3, ""n"": 352}, {""k"": 2, ""n"": 352}, {""k"": 2, ""n"": 352}, {""k"": 2, ""n"": 318}]}, {""constant_lens"": false, ""gain"": 0.25, ""lens"": ""pc1"", ""lens_scaling"": ""standardize"", ""min_cluster_size"": 17, ""min_samples"": 5, ""n_class"": 1604, ""n_edges"": 6, ""n_intervals"": 7, ""n_vertices"": 8, ""noise_reassigned"": 341, ""placement"": ""uniform"", ""slabs"": [{""k"": 1, ""n"": 64}, {""k"": 1, ""n"": 239}, {""k"": 1, ""n"": 462}, {""k"": 1, ""n"": 722}, {""k"": 2, ""n"": 239}, {""k"": 1, ""n"": 174}, {""k"": 1, ""n"": 115}]}], ""soundness_bound_holds"": true, ""step_rule"": ""scale_free"", ""topology_retention_nerve_to_frozen"": {""beta0_frozen"": 9, ""beta0_nerve"": 4, ""beta1_frozen"": 0, ""beta1_nerve"": 0}}",True
0.8886792452830189,239,False,0.05010482180293501,0.05,,4.509629000000132,4.509629000000132,0.0,banana,3,,SPINE+Graph,10,239,530,4770,0.949895178197065,1525386636,False,"{""admission"": {""criterion"": ""risk"", ""removed_risk"": 5, ""removed_support"": 0}, ""betti_final"": [[5, 0], [4, 0]], ""betti_frozen"": [[5, 0], [4, 0]], ""betti_nerve"": [[2, 0], [2, 0]], ""boundary_restriction"": ""both"", ""forced_removals"": 0, ""growth_representation_fallbacks"": 88, ""invariant_held"": true, ""n_segments"": 230, ""n_train_fit"": 3578, ""n_val"": 1192, ""phase0"": [{""constant_lens"": false, ""gain"": 0.25, ""lens"": ""pc1"", ""lens_scaling"": ""standardize"", ""min_cluster_size"": 17, ""min_samples"": 5, ""n_class"": 1974, ""n_edges"": 10, ""n_intervals"": 7, ""n_vertices"": 12, ""noise_reassigned"": 150, ""placement"": ""quantile"", ""slabs"": [{""k"": 1, ""n"": 318}, {""k"": 1, ""n"": 352}, {""k"": 1, ""n"": 352}, {""k"": 3, ""n"": 352}, {""k"": 2, ""n"": 352}, {""k"": 2, ""n"": 352}, {""k"": 2, ""n"": 318}]}, {""constant_lens"": false, ""gain"": 0.25, ""lens"": ""pc1"", ""lens_scaling"": ""standardize"", ""min_cluster_size"": 17, ""min_samples"": 5, ""n_class"": 1604, ""n_edges"": 6, ""n_intervals"": 7, ""n_vertices"": 8, ""noise_reassigned"": 341, ""placement"": ""uniform"", ""slabs"": [{""k"": 1, ""n"": 64}, {""k"": 1, ""n"": 239}, {""k"": 1, ""n"": 462}, {""k"": 1, ""n"": 722}, {""k"": 2, ""n"": 239}, {""k"": 1, ""n"": 174}, {""k"": 1, ""n"": 115}]}], ""soundness_bound_holds"": true, ""step_rule"": ""scale_free"", ""topology_retention_nerve_to_frozen"": {""beta0_frozen"": 9, ""beta0_nerve"": 4, ""beta1_frozen"": 0, ""beta1_nerve"": 0}}",True
0.8849056603773585,239,False,0.05010482180293501,0.05,,1.3945090000001983,24.363664999999855,22.969155999999657,banana,3,"{""epsilon"": 0.3, ""window"": 0.3}",LVQ3,10,239,530,4770,0.949895178197065,1525386636,False,,True
0.8773584905660378,239,False,0.05010482180293501,0.05,"{""0"": 132, ""1"": 107}",3.313817000000199,3.313817000000199,0.0,banana,3,,KMeans,10,239,530,4770,0.949895178197065,1525386636,False,,True
0.8433962264150944,239,False,0.05010482180293501,0.05,"{""0"": 132, ""1"": 107}",0.0009810000001380104,0.0009810000001380104,0.0,banana,3,,Random,10,239,530,4770,0.949895178197065,1525386636,False,,True
0.8773584905660378,239,False,0.05010482180293501,0.05,,1.9662410000000818,1.9662410000000818,0.0,banana,3,,SPOT,10,239,530,4770,0.949895178197065,1525386636,False,,True
0.8603773584905661,239,False,0.05010482180293501,0.05,,25.442513999999846,25.442513999999846,0.0,banana,3,,GLVQ,10,239,530,4770,0.949895178197065,1525386636,False,,True
0.879245283018868,239,False,0.05010482180293501,0.05,,3.1943820000001324,3.1943820000001324,0.0,banana,3,,GNG,10,239,530,4770,0.949895178197065,1525386636,False,,True
0.8754716981132076,477,False,0.1,0.1,,2.1000000060666935e-05,2.1000000060666935e-05,0.0,banana,3,,Full,10,4770,530,4770,0.0,1525386636,True,,False
0.8452830188679246,477,False,0.1,0.1,,0.25446099999999205,0.25446099999999205,0.0,banana,3,,RSP3,10,1197,530,4770,0.7490566037735849,1525386636,True,,False
0.8283018867924529,477,False,0.1,0.1,,3.7975229999999556,3.7975229999999556,0.0,banana,3,,RHC,10,982,530,4770,0.7941299790356394,1525386636,True,,False
0.8924528301886793,477,False,0.1,0.1,,9.5457550000001,9.5457550000001,0.0,banana,3,,SPINE+1NN,10,477,530,4770,0.9,1525386636,False,"{""admission"": {""criterion"": ""risk"", ""removed_risk"": 5, ""removed_support"": 0}, ""betti_final"": [[5, 0], [4, 0]], ""betti_frozen"": [[5, 0], [4, 0]], ""betti_nerve"": [[2, 0], [2, 0]], ""boundary_restriction"": ""both"", ""forced_removals"": 0, ""growth_representation_fallbacks"": 243, ""invariant_held"": true, ""n_segments"": 468, ""n_train_fit"": 3578, ""n_val"": 1192, ""phase0"": [{""constant_lens"": false, ""gain"": 0.25, ""lens"": ""pc1"", ""lens_scaling"": ""standardize"", ""min_cluster_size"": 17, ""min_samples"": 5, ""n_class"": 1974, ""n_edges"": 10, ""n_intervals"": 7, ""n_vertices"": 12, ""noise_reassigned"": 150, ""placement"": ""quantile"", ""slabs"": [{""k"": 1, ""n"": 318}, {""k"": 1, ""n"": 352}, {""k"": 1, ""n"": 352}, {""k"": 3, ""n"": 352}, {""k"": 2, ""n"": 352}, {""k"": 2, ""n"": 352}, {""k"": 2, ""n"": 318}]}, {""constant_lens"": false, ""gain"": 0.25, ""lens"": ""pc1"", ""lens_scaling"": ""standardize"", ""min_cluster_size"": 17, ""min_samples"": 5, ""n_class"": 1604, ""n_edges"": 6, ""n_intervals"": 7, ""n_vertices"": 8, ""noise_reassigned"": 341, ""placement"": ""uniform"", ""slabs"": [{""k"": 1, ""n"": 64}, {""k"": 1, ""n"": 239}, {""k"": 1, ""n"": 462}, {""k"": 1, ""n"": 722}, {""k"": 2, ""n"": 239}, {""k"": 1, ""n"": 174}, {""k"": 1, ""n"": 115}]}], ""soundness_bound_holds"": true, ""step_rule"": ""scale_free"", ""topology_retention_nerve_to_frozen"": {""beta0_frozen"": 9, ""beta0_nerve"": 4, ""beta1_frozen"": 0, ""beta1_nerve"": 0}}",True
0.8849056603773585,477,False,0.1,0.1,,9.5457550000001,9.5457550000001,0.0,banana,3,,SPINE+Graph,10,477,530,4770,0.9,1525386636,False,"{""admission"": {""criterion"": ""risk"", ""removed_risk"": 5, ""removed_support"": 0}, ""betti_final"": [[5, 0], [4, 0]], ""betti_frozen"": [[5, 0], [4, 0]], ""betti_nerve"": [[2, 0], [2, 0]], ""boundary_restriction"": ""both"", ""forced_removals"": 0, ""growth_representation_fallbacks"": 243, ""invariant_held"": true, ""n_segments"": 468, ""n_train_fit"": 3578, ""n_val"": 1192, ""phase0"": [{""constant_lens"": false, ""gain"": 0.25, ""lens"": ""pc1"", ""lens_scaling"": ""standardize"", ""min_cluster_size"": 17, ""min_samples"": 5, ""n_class"": 1974, ""n_edges"": 10, ""n_intervals"": 7, ""n_vertices"": 12, ""noise_reassigned"": 150, ""placement"": ""quantile"", ""slabs"": [{""k"": 1, ""n"": 318}, {""k"": 1, ""n"": 352}, {""k"": 1, ""n"": 352}, {""k"": 3, ""n"": 352}, {""k"": 2, ""n"": 352}, {""k"": 2, ""n"": 352}, {""k"": 2, ""n"": 318}]}, {""constant_lens"": false, ""gain"": 0.25, ""lens"": ""pc1"", ""lens_scaling"": ""standardize"", ""min_cluster_size"": 17, ""min_samples"": 5, ""n_class"": 1604, ""n_edges"": 6, ""n_intervals"": 7, ""n_vertices"": 8, ""noise_reassigned"": 341, ""placement"": ""uniform"", ""slabs"": [{""k"": 1, ""n"": 64}, {""k"": 1, ""n"": 239}, {""k"": 1, ""n"": 462}, {""k"": 1, ""n"": 722}, {""k"": 2, ""n"": 239}, {""k"": 1, ""n"": 174}, {""k"": 1, ""n"": 115}]}], ""soundness_bound_holds"": true, ""step_rule"": ""scale_free"", ""topology_retention_nerve_to_frozen"": {""beta0_frozen"": 9, ""beta0_nerve"": 4, ""beta1_frozen"": 0, ""beta1_nerve"": 0}}",True
0.8962264150943396,477,False,0.1,0.1,,1.921875,32.79251699999986,30.87064199999986,banana,3,"{""epsilon"": 0.1, ""window"": 0.3}",LVQ3,10,477,530,4770,0.9,1525386636,False,,True
0.8528301886792453,477,False,0.1,0.1,"{""0"": 263, ""1"": 214}",7.960567000000083,7.960567000000083,0.0,banana,3,,KMeans,10,477,530,4770,0.9,1525386636,False,,True
0.869811320754717,477,False,0.1,0.1,"{""0"": 263, ""1"": 214}",0.0017539999998916755,0.0017539999998916755,0.0,banana,3,,Random,10,477,530,4770,0.9,1525386636,False,,True
0.8622641509433963,477,False,0.1,0.1,,2.0935859999999593,2.0935859999999593,0.0,banana,3,,SPOT,10,477,530,4770,0.9,1525386636,False,,True
0.8943396226415095,477,False,0.1,0.1,,49.217135999999755,49.217135999999755,0.0,banana,3,,GLVQ,10,477,530,4770,0.9,1525386636,False,,True
0.8811320754716981,477,False,0.1,0.1,,11.161278000000038,11.161278000000038,0.0,banana,3,,GNG,10,477,530,4770,0.9,1525386636,False,,True
0.8754716981132076,1193,False,0.25010482180293503,0.25,,2.1000000060666935e-05,2.1000000060666935e-05,0.0,banana,3,,Full,10,4770,530,4770,0.0,1525386636,True,,False
0.8452830188679246,1193,False,0.25010482180293503,0.25,,0.25446099999999205,0.25446099999999205,0.0,banana,3,,RSP3,10,1197,530,4770,0.7490566037735849,1525386636,True,,False
0.8283018867924529,1193,False,0.25010482180293503,0.25,,3.7975229999999556,3.7975229999999556,0.0,banana,3,,RHC,10,982,530,4770,0.7941299790356394,1525386636,True,,False
0.8905660377358491,1193,False,0.25010482180293503,0.25,,48.81390199999987,48.81390199999987,0.0,banana,3,,SPINE+1NN,10,1193,530,4770,0.749895178197065,1525386636,False,"{""admission"": {""criterion"": ""risk"", ""removed_risk"": 5, ""removed_support"": 0}, ""betti_final"": [[5, 0], [4, 0]], ""betti_frozen"": [[5, 0], [4, 0]], ""betti_nerve"": [[2, 0], [2, 0]], ""boundary_restriction"": ""both"", ""forced_removals"": 0, ""growth_representation_fallbacks"": 872, ""invariant_held"": true, ""n_segments"": 1184, ""n_train_fit"": 3578, ""n_val"": 1192, ""phase0"": [{""constant_lens"": false, ""gain"": 0.25, ""lens"": ""pc1"", ""lens_scaling"": ""standardize"", ""min_cluster_size"": 17, ""min_samples"": 5, ""n_class"": 1974, ""n_edges"": 10, ""n_intervals"": 7, ""n_vertices"": 12, ""noise_reassigned"": 150, ""placement"": ""quantile"", ""slabs"": [{""k"": 1, ""n"": 318}, {""k"": 1, ""n"": 352}, {""k"": 1, ""n"": 352}, {""k"": 3, ""n"": 352}, {""k"": 2, ""n"": 352}, {""k"": 2, ""n"": 352}, {""k"": 2, ""n"": 318}]}, {""constant_lens"": false, ""gain"": 0.25, ""lens"": ""pc1"", ""lens_scaling"": ""standardize"", ""min_cluster_size"": 17, ""min_samples"": 5, ""n_class"": 1604, ""n_edges"": 6, ""n_intervals"": 7, ""n_vertices"": 8, ""noise_reassigned"": 341, ""placement"": ""uniform"", ""slabs"": [{""k"": 1, ""n"": 64}, {""k"": 1, ""n"": 239}, {""k"": 1, ""n"": 462}, {""k"": 1, ""n"": 722}, {""k"": 2, ""n"": 239}, {""k"": 1, ""n"": 174}, {""k"": 1, ""n"": 115}]}], ""soundness_bound_holds"": true, ""step_rule"": ""scale_free"", ""topology_retention_nerve_to_frozen"": {""beta0_frozen"": 9, ""beta0_nerve"": 4, ""beta1_frozen"": 0, ""beta1_nerve"": 0}}",True
0.8943396226415095,1193,False,0.25010482180293503,0.25,,48.81390199999987,48.81390199999987,0.0,banana,3,,SPINE+Graph,10,1193,530,4770,0.749895178197065,1525386636,False,"{""admission"": {""criterion"": ""risk"", ""removed_risk"": 5, ""removed_support"": 0}, ""betti_final"": [[5, 0], [4, 0]], ""betti_frozen"": [[5, 0], [4, 0]], ""betti_nerve"": [[2, 0], [2, 0]], ""boundary_restriction"": ""both"", ""forced_removals"": 0, ""growth_representation_fallbacks"": 872, ""invariant_held"": true, ""n_segments"": 1184, ""n_train_fit"": 3578, ""n_val"": 1192, ""phase0"": [{""constant_lens"": false, ""gain"": 0.25, ""lens"": ""pc1"", ""lens_scaling"": ""standardize"", ""min_cluster_size"": 17, ""min_samples"": 5, ""n_class"": 1974, ""n_edges"": 10, ""n_intervals"": 7, ""n_vertices"": 12, ""noise_reassigned"": 150, ""placement"": ""quantile"", ""slabs"": [{""k"": 1, ""n"": 318}, {""k"": 1, ""n"": 352}, {""k"": 1, ""n"": 352}, {""k"": 3, ""n"": 352}, {""k"": 2, ""n"": 352}, {""k"": 2, ""n"": 352}, {""k"": 2, ""n"": 318}]}, {""constant_lens"": false, ""gain"": 0.25, ""lens"": ""pc1"", ""lens_scaling"": ""standardize"", ""min_cluster_size"": 17, ""min_samples"": 5, ""n_class"": 1604, ""n_edges"": 6, ""n_intervals"": 7, ""n_vertices"": 8, ""noise_reassigned"": 341, ""placement"": ""uniform"", ""slabs"": [{""k"": 1, ""n"": 64}, {""k"": 1, ""n"": 239}, {""k"": 1, ""n"": 462}, {""k"": 1, ""n"": 722}, {""k"": 2, ""n"": 239}, {""k"": 1, ""n"": 174}, {""k"": 1, ""n"": 115}]}], ""soundness_bound_holds"": true, ""step_rule"": ""scale_free"", ""topology_retention_nerve_to_frozen"": {""beta0_frozen"": 9, ""beta0_nerve"": 4, ""beta1_frozen"": 0, ""beta1_nerve"": 0}}",True
0.8716981132075472,1193,False,0.25010482180293503,0.25,,3.6831640000000334,65.88650000000007,62.203336000000036,banana,3,"{""epsilon"": 0.1, ""window"": 0.3}",LVQ3,10,1193,530,4770,0.749895178197065,1525386636,False,,True
0.8452830188679246,1193,False,0.25010482180293503,0.25,"{""0"": 658, ""1"": 535}",20.24312400000008,20.24312400000008,0.0,banana,3,,KMeans,10,1193,530,4770,0.749895178197065,1525386636,False,,True
0.8584905660377359,1193,False,0.25010482180293503,0.25,"{""0"": 658, ""1"": 535}",0.0021900000001551234,0.0021900000001551234,0.0,banana,3,,Random,10,1193,530,4770,0.749895178197065,1525386636,False,,True
0.8716981132075472,1193,False,0.25010482180293503,0.25,,2.2834399999997004,2.2834399999997004,0.0,banana,3,,SPOT,10,1193,530,4770,0.749895178197065,1525386636,False,,True
0.8679245283018868,1193,False,0.25010482180293503,0.25,,129.49492800000007,129.49492800000007,0.0,banana,3,,GLVQ,10,1193,530,4770,0.749895178197065,1525386636,False,,True
0.8490566037735849,1193,False,0.25010482180293503,0.25,,69.42833699999983,69.42833699999983,0.0,banana,3,,GNG,10,1193,530,4770,0.749895178197065,1525386636,False,,True
0.8867924528301887,24,False,0.005031446540880503,0.005,,2.699999959077104e-05,2.699999959077104e-05,0.0,banana,4,,Full,10,4770,530,4770,0.0,1526386639,False,,False
0.8584905660377359,24,False,0.005031446540880503,0.005,,0.32921699999997145,0.32921699999997145,0.0,banana,4,,RSP3,10,1195,530,4770,0.749475890985325,1526386639,False,,False
0.8452830188679246,24,False,0.005031446540880503,0.005,,6.333449000000201,6.333449000000201,0.0,banana,4,,RHC,10,999,530,4770,0.790566037735849,1526386639,False,,False
0.8735849056603774,24,False,0.005031446540880503,0.005,,5.326652999999624,5.326652999999624,0.0,banana,4,,SPINE+1NN,10,24,530,4770,0.9949685534591195,1526386639,False,"{""admission"": {""criterion"": ""risk"", ""removed_risk"": 3, ""removed_support"": 0}, ""betti_final"": [[2, 0], [4, 0]], ""betti_frozen"": [[2, 0], [4, 0]], ""betti_nerve"": [[2, 0], [1, 0]], ""boundary_restriction"": ""both"", ""forced_removals"": 0, ""growth_representation_fallbacks"": 0, ""invariant_held"": true, ""n_segments"": 18, ""n_train_fit"": 3578, ""n_val"": 1192, ""phase0"": [{""constant_lens"": false, ""gain"": 0.25, ""lens"": ""pc1"", ""lens_scaling"": ""standardize"", ""min_cluster_size"": 17, ""min_samples"": 5, ""n_class"": 1974, ""n_edges"": 10, ""n_intervals"": 7, ""n_vertices"": 12, ""noise_reassigned"": 311, ""placement"": ""quantile"", ""slabs"": [{""k"": 1, ""n"": 318}, {""k"": 1, ""n"": 352}, {""k"": 1, ""n"": 352}, {""k"": 3, ""n"": 352}, {""k"": 2, ""n"": 352}, {""k"": 2, ""n"": 352}, {""k"": 2, ""n"": 318}]}, {""constant_lens"": false, ""gain"": 0.25, ""lens"": ""pc1"", ""lens_scaling"": ""standardize"", ""min_cluster_size"": 17, ""min_samples"": 5, ""n_class"": 1604, ""n_edges"": 6, ""n_intervals"": 7, ""n_vertices"": 7, ""noise_reassigned"": 534, ""placement"": ""uniform"", ""slabs"": [{""k"": 1, ""n"": 57}, {""k"": 1, ""n"": 205}, {""k"": 1, ""n"": 408}, {""k"": 1, ""n"": 751}, {""k"": 1, ""n"": 273}, {""k"": 1, ""n"": 170}, {""k"": 1, ""n"": 119}]}], ""soundness_bound_holds"": true, ""step_rule"": ""scale_free"", ""topology_retention_nerve_to_frozen"": {""beta0_frozen"": 6, ""beta0_nerve"": 3, ""beta1_frozen"": 0, ""beta1_nerve"": 0}}",True
0.9037735849056604,24,False,0.005031446540880503,0.005,,5.326652999999624,5.326652999999624,0.0,banana,4,,SPINE+Graph,10,24,530,4770,0.9949685534591195,1526386639,False,"{""admission"": {""criterion"": ""risk"", ""removed_risk"": 3, ""removed_support"": 0}, ""betti_final"": [[2, 0], [4, 0]], ""betti_frozen"": [[2, 0], [4, 0]], ""betti_nerve"": [[2, 0], [1, 0]], ""boundary_restriction"": ""both"", ""forced_removals"": 0, ""growth_representation_fallbacks"": 0, ""invariant_held"": true, ""n_segments"": 18, ""n_train_fit"": 3578, ""n_val"": 1192, ""phase0"": [{""constant_lens"": false, ""gain"": 0.25, ""lens"": ""pc1"", ""lens_scaling"": ""standardize"", ""min_cluster_size"": 17, ""min_samples"": 5, ""n_class"": 1974, ""n_edges"": 10, ""n_intervals"": 7, ""n_vertices"": 12, ""noise_reassigned"": 311, ""placement"": ""quantile"", ""slabs"": [{""k"": 1, ""n"": 318}, {""k"": 1, ""n"": 352}, {""k"": 1, ""n"": 352}, {""k"": 3, ""n"": 352}, {""k"": 2, ""n"": 352}, {""k"": 2, ""n"": 352}, {""k"": 2, ""n"": 318}]}, {""constant_lens"": false, ""gain"": 0.25, ""lens"": ""pc1"", ""lens_scaling"": ""standardize"", ""min_cluster_size"": 17, ""min_samples"": 5, ""n_class"": 1604, ""n_edges"": 6, ""n_intervals"": 7, ""n_vertices"": 7, ""noise_reassigned"": 534, ""placement"": ""uniform"", ""slabs"": [{""k"": 1, ""n"": 57}, {""k"": 1, ""n"": 205}, {""k"": 1, ""n"": 408}, {""k"": 1, ""n"": 751}, {""k"": 1, ""n"": 273}, {""k"": 1, ""n"": 170}, {""k"": 1, ""n"": 119}]}], ""soundness_bound_holds"": true, ""step_rule"": ""scale_free"", ""topology_retention_nerve_to_frozen"": {""beta0_frozen"": 6, ""beta0_nerve"": 3, ""beta1_frozen"": 0, ""beta1_nerve"": 0}}",True
0.9075471698113208,24,False,0.005031446540880503,0.005,,0.7961030000001301,17.378187000000253,16.582084000000123,banana,4,"{""epsilon"": 0.1, ""window"": 0.3}",LVQ3,10,24,530,4770,0.9949685534591195,1526386639,False,,True
0.8905660377358491,24,False,0.005031446540880503,0.005,"{""0"": 13, ""1"": 11}",0.8041539999999259,0.8041539999999259,0.0,banana,4,,KMeans,10,24,530,4770,0.9949685534591195,1526386639,False,,True
0.8056603773584906,24,False,0.005031446540880503,0.005,"{""0"": 13, ""1"": 11}",0.001968999999917287,0.001968999999917287,0.0,banana,4,,Random,10,24,530,4770,0.9949685534591195,1526386639,False,,True
0.8660377358490566,24,False,0.005031446540880503,0.005,,1.7199539999996887,1.7199539999996887,0.0,banana,4,,SPOT,10,24,530,4770,0.9949685534591195,1526386639,False,,True
0.8622641509433963,24,False,0.005031446540880503,0.005,,3.892373000000134,3.892373000000134,0.0,banana,4,,GLVQ,10,24,530,4770,0.9949685534591195,1526386639,False,,True
0.8773584905660378,24,False,0.005031446540880503,0.005,,0.09423299999980372,0.09423299999980372,0.0,banana,4,,GNG,10,24,530,4770,0.9949685534591195,1526386639,False,,True
0.8867924528301887,48,False,0.010062893081761006,0.01,,2.699999959077104e-05,2.699999959077104e-05,0.0,banana,4,,Full,10,4770,530,4770,0.0,1526386639,True,,False
0.8584905660377359,48,False,0.010062893081761006,0.01,,0.32921699999997145,0.32921699999997145,0.0,banana,4,,RSP3,10,1195,530,4770,0.749475890985325,1526386639,True,,False
0.8452830188679246,48,False,0.010062893081761006,0.01,,6.333449000000201,6.333449000000201,0.0,banana,4,,RHC,10,999,530,4770,0.790566037735849,1526386639,True,,False
0.9075471698113208,48,False,0.010062893081761006,0.01,,3.005149999999958,3.005149999999958,0.0,banana,4,,SPINE+1NN,10,48,530,4770,0.989937106918239,1526386639,False,"{""admission"": {""criterion"": ""risk"", ""removed_risk"": 3, ""removed_support"": 0}, ""betti_final"": [[2, 0], [4, 0]], ""betti_frozen"": [[2, 0], [4, 0]], ""betti_nerve"": [[2, 0], [1, 0]], ""boundary_restriction"": ""both"", ""forced_removals"": 0, ""growth_representation_fallbacks"": 0, ""invariant_held"": true, ""n_segments"": 42, ""n_train_fit"": 3578, ""n_val"": 1192, ""phase0"": [{""constant_lens"": false, ""gain"": 0.25, ""lens"": ""pc1"", ""lens_scaling"": ""standardize"", ""min_cluster_size"": 17, ""min_samples"": 5, ""n_class"": 1974, ""n_edges"": 10, ""n_intervals"": 7, ""n_vertices"": 12, ""noise_reassigned"": 311, ""placement"": ""quantile"", ""slabs"": [{""k"": 1, ""n"": 318}, {""k"": 1, ""n"": 352}, {""k"": 1, ""n"": 352}, {""k"": 3, ""n"": 352}, {""k"": 2, ""n"": 352}, {""k"": 2, ""n"": 352}, {""k"": 2, ""n"": 318}]}, {""constant_lens"": false, ""gain"": 0.25, ""lens"": ""pc1"", ""lens_scaling"": ""standardize"", ""min_cluster_size"": 17, ""min_samples"": 5, ""n_class"": 1604, ""n_edges"": 6, ""n_intervals"": 7, ""n_vertices"": 7, ""noise_reassigned"": 534, ""placement"": ""uniform"", ""slabs"": [{""k"": 1, ""n"": 57}, {""k"": 1, ""n"": 205}, {""k"": 1, ""n"": 408}, {""k"": 1, ""n"": 751}, {""k"": 1, ""n"": 273}, {""k"": 1, ""n"": 170}, {""k"": 1, ""n"": 119}]}], ""soundness_bound_holds"": true, ""step_rule"": ""scale_free"", ""topology_retention_nerve_to_frozen"": {""beta0_frozen"": 6, ""beta0_nerve"": 3, ""beta1_frozen"": 0, ""beta1_nerve"": 0}}",True
0.9075471698113208,48,False,0.010062893081761006,0.01,,3.005149999999958,3.005149999999958,0.0,banana,4,,SPINE+Graph,10,48,530,4770,0.989937106918239,1526386639,False,"{""admission"": {""criterion"": ""risk"", ""removed_risk"": 3, ""removed_support"": 0}, ""betti_final"": [[2, 0], [4, 0]], ""betti_frozen"": [[2, 0], [4, 0]], ""betti_nerve"": [[2, 0], [1, 0]], ""boundary_restriction"": ""both"", ""forced_removals"": 0, ""growth_representation_fallbacks"": 0, ""invariant_held"": true, ""n_segments"": 42, ""n_train_fit"": 3578, ""n_val"": 1192, ""phase0"": [{""constant_lens"": false, ""gain"": 0.25, ""lens"": ""pc1"", ""lens_scaling"": ""standardize"", ""min_cluster_size"": 17, ""min_samples"": 5, ""n_class"": 1974, ""n_edges"": 10, ""n_intervals"": 7, ""n_vertices"": 12, ""noise_reassigned"": 311, ""placement"": ""quantile"", ""slabs"": [{""k"": 1, ""n"": 318}, {""k"": 1, ""n"": 352}, {""k"": 1, ""n"": 352}, {""k"": 3, ""n"": 352}, {""k"": 2, ""n"": 352}, {""k"": 2, ""n"": 352}, {""k"": 2, ""n"": 318}]}, {""constant_lens"": false, ""gain"": 0.25, ""lens"": ""pc1"", ""lens_scaling"": ""standardize"", ""min_cluster_size"": 17, ""min_samples"": 5, ""n_class"": 1604, ""n_edges"": 6, ""n_intervals"": 7, ""n_vertices"": 7, ""noise_reassigned"": 534, ""placement"": ""uniform"", ""slabs"": [{""k"": 1, ""n"": 57}, {""k"": 1, ""n"": 205}, {""k"": 1, ""n"": 408}, {""k"": 1, ""n"": 751}, {""k"": 1, ""n"": 273}, {""k"": 1, ""n"": 170}, {""k"": 1, ""n"": 119}]}], ""soundness_bound_holds"": true, ""step_rule"": ""scale_free"", ""topology_retention_nerve_to_frozen"": {""beta0_frozen"": 6, ""beta0_nerve"": 3, ""beta1_frozen"": 0, ""beta1_nerve"": 0}}",True
0.9056603773584906,48,False,0.010062893081761006,0.01,,0.9052059999999074,14.910558999999921,14.005353000000014,banana,4,"{""epsilon"": 0.3, ""window"": 0.2}",LVQ3,10,48,530,4770,0.989937106918239,1526386639,False,,True
0.9018867924528302,48,False,0.010062893081761006,0.01,"{""0"": 26, ""1"": 22}",1.14779499999986,1.14779499999986,0.0,banana,4,,KMeans,10,48,530,4770,0.989937106918239,1526386639,False,,True
0.7943396226415095,48,False,0.010062893081761006,0.01,"{""0"": 26, ""1"": 22}",0.0009140000001934823,0.0009140000001934823,0.0,banana,4,,Random,10,48,530,4770,0.989937106918239,1526386639,False,,True
0.8679245283018868,48,False,0.010062893081761006,0.01,,1.7617519999998876,1.7617519999998876,0.0,banana,4,,SPOT,10,48,530,4770,0.989937106918239,1526386639,False,,True
0.8584905660377359,48,False,0.010062893081761006,0.01,,6.260129000000234,6.260129000000234,0.0,banana,4,,GLVQ,10,48,530,4770,0.989937106918239,1526386639,False,,True
0.8962264150943396,48,False,0.010062893081761006,0.01,,0.25610199999982797,0.25610199999982797,0.0,banana,4,,GNG,10,48,530,4770,0.989937106918239,1526386639,False,,True
0.8867924528301887,95,False,0.019916142557651992,0.02,,2.699999959077104e-05,2.699999959077104e-05,0.0,banana,4,,Full,10,4770,530,4770,0.0,1526386639,True,,False
0.8584905660377359,95,False,0.019916142557651992,0.02,,0.32921699999997145,0.32921699999997145,0.0,banana,4,,RSP3,10,1195,530,4770,0.749475890985325,1526386639,True,,False
0.8452830188679246,95,False,0.019916142557651992,0.02,,6.333449000000201,6.333449000000201,0.0,banana,4,,RHC,10,999,530,4770,0.790566037735849,1526386639,True,,False
0.9075471698113208,95,False,0.019916142557651992,0.02,,3.167347999999947,3.167347999999947,0.0,banana,4,,SPINE+1NN,10,95,530,4770,0.980083857442348,1526386639,False,"{""admission"": {""criterion"": ""risk"", ""removed_risk"": 3, ""removed_support"": 0}, ""betti_final"": [[2, 0], [4, 0]], ""betti_frozen"": [[2, 0], [4, 0]], ""betti_nerve"": [[2, 0], [1, 0]], ""boundary_restriction"": ""both"", ""forced_removals"": 0, ""growth_representation_fallbacks"": 16, ""invariant_held"": true, ""n_segments"": 89, ""n_train_fit"": 3578, ""n_val"": 1192, ""phase0"": [{""constant_lens"": false, ""gain"": 0.25, ""lens"": ""pc1"", ""lens_scaling"": ""standardize"", ""min_cluster_size"": 17, ""min_samples"": 5, ""n_class"": 1974, ""n_edges"": 10, ""n_intervals"": 7, ""n_vertices"": 12, ""noise_reassigned"": 311, ""placement"": ""quantile"", ""slabs"": [{""k"": 1, ""n"": 318}, {""k"": 1, ""n"": 352}, {""k"": 1, ""n"": 352}, {""k"": 3, ""n"": 352}, {""k"": 2, ""n"": 352}, {""k"": 2, ""n"": 352}, {""k"": 2, ""n"": 318}]}, {""constant_lens"": false, ""gain"": 0.25, ""lens"": ""pc1"", ""lens_scaling"": ""standardize"", ""min_cluster_size"": 17, ""min_samples"": 5, ""n_class"": 1604, ""n_edges"": 6, ""n_intervals"": 7, ""n_vertices"": 7, ""noise_reassigned"": 534, ""placement"": ""uniform"", ""slabs"": [{""k"": 1, ""n"": 57}, {""k"": 1, ""n"": 205}, {""k"": 1, ""n"": 408}, {""k"": 1, ""n"": 751}, {""k"": 1, ""n"": 273}, {""k"": 1, ""n"": 170}, {""k"": 1, ""n"": 119}]}], ""soundness_bound_holds"": true, ""step_rule"": ""scale_free"", ""topology_retention_nerve_to_frozen"": {""beta0_frozen"": 6, ""beta0_nerve"": 3, ""beta1_frozen"": 0, ""beta1_nerve"": 0}}",True
0.9132075471698113,95,False,0.019916142557651992,0.02,,3.167347999999947,3.167347999999947,0.0,banana,4,,SPINE+Graph,10,95,530,4770,0.980083857442348,1526386639,False,"{""admission"": {""criterion"": ""risk"", ""removed_risk"": 3, ""removed_support"": 0}, ""betti_final"": [[2, 0], [4, 0]], ""betti_frozen"": [[2, 0], [4, 0]], ""betti_nerve"": [[2, 0], [1, 0]], ""boundary_restriction"": ""both"", ""forced_removals"": 0, ""growth_representation_fallbacks"": 16, ""invariant_held"": true, ""n_segments"": 89, ""n_train_fit"": 3578, ""n_val"": 1192, ""phase0"": [{""constant_lens"": false, ""gain"": 0.25, ""lens"": ""pc1"", ""lens_scaling"": ""standardize"", ""min_cluster_size"": 17, ""min_samples"": 5, ""n_class"": 1974, ""n_edges"": 10, ""n_intervals"": 7, ""n_vertices"": 12, ""noise_reassigned"": 311, ""placement"": ""quantile"", ""slabs"": [{""k"": 1, ""n"": 318}, {""k"": 1, ""n"": 352}, {""k"": 1, ""n"": 352}, {""k"": 3, ""n"": 352}, {""k"": 2, ""n"": 352}, {""k"": 2, ""n"": 352}, {""k"": 2, ""n"": 318}]}, {""constant_lens"": false, ""gain"": 0.25, ""lens"": ""pc1"", ""lens_scaling"": ""standardize"", ""min_cluster_size"": 17, ""min_samples"": 5, ""n_class"": 1604, ""n_edges"": 6, ""n_intervals"": 7, ""n_vertices"": 7, ""noise_reassigned"": 534, ""placement"": ""uniform"", ""slabs"": [{""k"": 1, ""n"": 57}, {""k"": 1, ""n"": 205}, {""k"": 1, ""n"": 408}, {""k"": 1, ""n"": 751}, {""k"": 1, ""n"": 273}, {""k"": 1, ""n"": 170}, {""k"": 1, ""n"": 119}]}], ""soundness_bound_holds"": true, ""step_rule"": ""scale_free"", ""topology_retention_nerve_to_frozen"": {""beta0_frozen"": 6, ""beta0_nerve"": 3, ""beta1_frozen"": 0, ""beta1_nerve"": 0}}",True
0.9075471698113208,95,False,0.019916142557651992,0.02,,0.990041999999903,17.721242000000075,16.73120000000017,banana,4,"{""epsilon"": 0.3, ""window"": 0.3}",LVQ3,10,95,530,4770,0.980083857442348,1526386639,False,,True
0.9056603773584906,95,False,0.019916142557651992,0.02,"{""0"": 52, ""1"": 43}",1.6746760000000904,1.6746760000000904,0.0,banana,4,,KMeans,10,95,530,4770,0.980083857442348,1526386639,False,,True
0.8716981132075472,95,False,0.019916142557651992,0.02,"{""0"": 52, ""1"": 43}",0.0014439999999922293,0.0014439999999922293,0.0,banana,4,,Random,10,95,530,4770,0.980083857442348,1526386639,False,,True
0.869811320754717,95,False,0.019916142557651992,0.02,,1.8703349999996135,1.8703349999996135,0.0,banana,4,,SPOT,10,95,530,4770,0.980083857442348,1526386639,False,,True
0.8603773584905661,95,False,0.019916142557651992,0.02,,10.994359999999688,10.994359999999688,0.0,banana,4,,GLVQ,10,95,530,4770,0.980083857442348,1526386639,False,,True
0.9018867924528302,95,False,0.019916142557651992,0.02,,0.6897550000003321,0.6897550000003321,0.0,banana,4,,GNG,10,95,530,4770,0.980083857442348,1526386639,False,,True
0.8867924528301887,239,False,0.05010482180293501,0.05,,2.699999959077104e-05,2.699999959077104e-05,0.0,banana,4,,Full,10,4770,530,4770,0.0,1526386639,True,,False
0.8584905660377359,239,False,0.05010482180293501,0.05,,0.32921699999997145,0.32921699999997145,0.0,banana,4,,RSP3,10,1195,530,4770,0.749475890985325,1526386639,True,,False
0.8452830188679246,239,False,0.05010482180293501,0.05,,6.333449000000201,6.333449000000201,0.0,banana,4,,RHC,10,999,530,4770,0.790566037735849,1526386639,True,,False
0.9075471698113208,239,False,0.05010482180293501,0.05,,4.738655000000108,4.738655000000108,0.0,banana,4,,SPINE+1NN,10,239,530,4770,0.949895178197065,1526386639,False,"{""admission"": {""criterion"": ""risk"", ""removed_risk"": 3, ""removed_support"": 0}, ""betti_final"": [[2, 0], [4, 0]], ""betti_frozen"": [[2, 0], [4, 0]], ""betti_nerve"": [[2, 0], [1, 0]], ""boundary_restriction"": ""both"", ""forced_removals"": 0, ""growth_representation_fallbacks"": 98, ""invariant_held"": true, ""n_segments"": 233, ""n_train_fit"": 3578, ""n_val"": 1192, ""phase0"": [{""constant_lens"": false, ""gain"": 0.25, ""lens"": ""pc1"", ""lens_scaling"": ""standardize"", ""min_cluster_size"": 17, ""min_samples"": 5, ""n_class"": 1974, ""n_edges"": 10, ""n_intervals"": 7, ""n_vertices"": 12, ""noise_reassigned"": 311, ""placement"": ""quantile"", ""slabs"": [{""k"": 1, ""n"": 318}, {""k"": 1, ""n"": 352}, {""k"": 1, ""n"": 352}, {""k"": 3, ""n"": 352}, {""k"": 2, ""n"": 352}, {""k"": 2, ""n"": 352}, {""k"": 2, ""n"": 318}]}, {""constant_lens"": false, ""gain"": 0.25, ""lens"": ""pc1"", ""lens_scaling"": ""standardize"", ""min_cluster_size"": 17, ""min_samples"": 5, ""n_class"": 1604, ""n_edges"": 6, ""n_intervals"": 7, ""n_vertices"": 7, ""noise_reassigned"": 534, ""placement"": ""uniform"", ""slabs"": [{""k"": 1, ""n"": 57}, {""k"": 1, ""n"": 205}, {""k"": 1, ""n"": 408}, {""k"": 1, ""n"": 751}, {""k"": 1, ""n"": 273}, {""k"": 1, ""n"": 170}, {""k"": 1, ""n"": 119}]}], ""soundness_bound_holds"": true, ""step_rule"": ""scale_free"", ""topology_retention_nerve_to_frozen"": {""beta0_frozen"": 6, ""beta0_nerve"": 3, ""beta1_frozen"": 0, ""beta1_nerve"": 0}}",True
0.9113207547169812,239,False,0.05010482180293501,0.05,,4.738655000000108,4.738655000000108,0.0,banana,4,,SPINE+Graph,10,239,530,4770,0.949895178197065,1526386639,False,"{""admission"": {""criterion"": ""risk"", ""removed_risk"": 3, ""removed_support"": 0}, ""betti_final"": [[2, 0], [4, 0]], ""betti_frozen"": [[2, 0], [4, 0]], ""betti_nerve"": [[2, 0], [1, 0]], ""boundary_restriction"": ""both"", ""forced_removals"": 0, ""growth_representation_fallbacks"": 98, ""invariant_held"": true, ""n_segments"": 233, ""n_train_fit"": 3578, ""n_val"": 1192, ""phase0"": [{""constant_lens"": false, ""gain"": 0.25, ""lens"": ""pc1"", ""lens_scaling"": ""standardize"", ""min_cluster_size"": 17, ""min_samples"": 5, ""n_class"": 1974, ""n_edges"": 10, ""n_intervals"": 7, ""n_vertices"": 12, ""noise_reassigned"": 311, ""placement"": ""quantile"", ""slabs"": [{""k"": 1, ""n"": 318}, {""k"": 1, ""n"": 352}, {""k"": 1, ""n"": 352}, {""k"": 3, ""n"": 352}, {""k"": 2, ""n"": 352}, {""k"": 2, ""n"": 352}, {""k"": 2, ""n"": 318}]}, {""constant_lens"": false, ""gain"": 0.25, ""lens"": ""pc1"", ""lens_scaling"": ""standardize"", ""min_cluster_size"": 17, ""min_samples"": 5, ""n_class"": 1604, ""n_edges"": 6, ""n_intervals"": 7, ""n_vertices"": 7, ""noise_reassigned"": 534, ""placement"": ""uniform"", ""slabs"": [{""k"": 1, ""n"": 57}, {""k"": 1, ""n"": 205}, {""k"": 1, ""n"": 408}, {""k"": 1, ""n"": 751}, {""k"": 1, ""n"": 273}, {""k"": 1, ""n"": 170}, {""k"": 1, ""n"": 119}]}], ""soundness_bound_holds"": true, ""step_rule"": ""scale_free"", ""topology_retention_nerve_to_frozen"": {""beta0_frozen"": 6, ""beta0_nerve"": 3, ""beta1_frozen"": 0, ""beta1_nerve"": 0}}",True
0.9056603773584906,239,False,0.05010482180293501,0.05,,1.9209410000003118,35.83140200000025,33.91046099999994,banana,4,"{""epsilon"": 0.3, ""window"": 0.3}",LVQ3,10,239,530,4770,0.949895178197065,1526386639,False,,True
0.8905660377358491,239,False,0.05010482180293501,0.05,"{""0"": 132, ""1"": 107}",4.798972000000049,4.798972000000049,0.0,banana,4,,KMeans,10,239,530,4770,0.949895178197065,1526386639,False,,True
0.8509433962264151,239,False,0.05010482180293501,0.05,"{""0"": 132, ""1"": 107}",0.001807000000098924,0.001807000000098924,0.0,banana,4,,Random,10,239,530,4770,0.949895178197065,1526386639,False,,True
0.8735849056603774,239,False,0.05010482180293501,0.05,,2.2041360000002896,2.2041360000002896,0.0,banana,4,,SPOT,10,239,530,4770,0.949895178197065,1526386639,False,,True
0.8622641509433963,239,False,0.05010482180293501,0.05,,27.684905999999955,27.684905999999955,0.0,banana,4,,GLVQ,10,239,530,4770,0.949895178197065,1526386639,False,,True
0.9037735849056604,239,False,0.05010482180293501,0.05,,3.2150630000001,3.2150630000001,0.0,banana,4,,GNG,10,239,530,4770,0.949895178197065,1526386639,False,,True
0.8867924528301887,477,False,0.1,0.1,,2.699999959077104e-05,2.699999959077104e-05,0.0,banana,4,,Full,10,4770,530,4770,0.0,1526386639,True,,False
0.8584905660377359,477,False,0.1,0.1,,0.32921699999997145,0.32921699999997145,0.0,banana,4,,RSP3,10,1195,530,4770,0.749475890985325,1526386639,True,,False
0.8452830188679246,477,False,0.1,0.1,,6.333449000000201,6.333449000000201,0.0,banana,4,,RHC,10,999,530,4770,0.790566037735849,1526386639,True,,False
0.9037735849056604,477,False,0.1,0.1,,9.709937000000082,9.709937000000082,0.0,banana,4,,SPINE+1NN,10,477,530,4770,0.9,1526386639,False,"{""admission"": {""criterion"": ""risk"", ""removed_risk"": 3, ""removed_support"": 0}, ""betti_final"": [[2, 0], [4, 0]], ""betti_frozen"": [[2, 0], [4, 0]], ""betti_nerve"": [[2, 0], [1, 0]], ""boundary_restriction"": ""both"", ""forced_removals"": 0, ""growth_representation_fallbacks"": 246, ""invariant_held"": true, ""n_segments"": 471, ""n_train_fit"": 3578, ""n_val"": 1192, ""phase0"": [{""constant_lens"": false, ""gain"": 0.25, ""lens"": ""pc1"", ""lens_scaling"": ""standardize"", ""min_cluster_size"": 17, ""min_samples"": 5, ""n_class"": 1974, ""n_edges"": 10, ""n_intervals"": 7, ""n_vertices"": 12, ""noise_reassigned"": 311, ""placement"": ""quantile"", ""slabs"": [{""k"": 1, ""n"": 318}, {""k"": 1, ""n"": 352}, {""k"": 1, ""n"": 352}, {""k"": 3, ""n"": 352}, {""k"": 2, ""n"": 352}, {""k"": 2, ""n"": 352}, {""k"": 2, ""n"": 318}]}, {""constant_lens"": false, ""gain"": 0.25, ""lens"": ""pc1"", ""lens_scaling"": ""standardize"", ""min_cluster_size"": 17, ""min_samples"": 5, ""n_class"": 1604, ""n_edges"": 6, ""n_intervals"": 7, ""n_vertices"": 7, ""noise_reassigned"": 534, ""placement"": ""uniform"", ""slabs"": [{""k"": 1, ""n"": 57}, {""k"": 1, ""n"": 205}, {""k"": 1, ""n"": 408}, {""k"": 1, ""n"": 751}, {""k"": 1, ""n"": 273}, {""k"": 1, ""n"": 170}, {""k"": 1, ""n"": 119}]}], ""soundness_bound_holds"": true, ""step_rule"": ""scale_free"", ""topology_retention_nerve_to_frozen"": {""beta0_frozen"": 6, ""beta0_nerve"": 3, ""beta1_frozen"": 0, ""beta1_nerve"": 0}}",True
0.909433962264151,477,False,0.1,0.1,,9.709937000000082,9.709937000000082,0.0,banana,4,,SPINE+Graph,10,477,530,4770,0.9,1526386639,False,"{""admission"": {""criterion"": ""risk"", ""removed_risk"": 3, ""removed_support"": 0}, ""betti_final"": [[2, 0], [4, 0]], ""betti_frozen"": [[2, 0], [4, 0]], ""betti_nerve"": [[2, 0], [1, 0]], ""boundary_restriction"": ""both"", ""forced_removals"": 0, ""growth_representation_fallbacks"": 246, ""invariant_held"": true, ""n_segments"": 471, ""n_train_fit"": 3578, ""n_val"": 1192, ""phase0"": [{""constant_lens"": false, ""gain"": 0.25, ""lens"": ""pc1"", ""lens_scaling"": ""standardize"", ""min_cluster_size"": 17, ""min_samples"": 5, ""n_class"": 1974, ""n_edges"": 10, ""n_intervals"": 7, ""n_vertices"": 12, ""noise_reassigned"": 311, ""placement"": ""quantile"", ""slabs"": [{""k"": 1, ""n"": 318}, {""k"": 1, ""n"": 352}, {""k"": 1, ""n"": 352}, {""k"": 3, ""n"": 352}, {""k"": 2, ""n"": 352}, {""k"": 2, ""n"": 352}, {""k"": 2, ""n"": 318}]}, {""constant_lens"": false, ""gain"": 0.25, ""lens"": ""pc1"", ""lens_scaling"": ""standardize"", ""min_cluster_size"": 17, ""min_samples"": 5, ""n_class"": 1604, ""n_edges"": 6, ""n_intervals"": 7, ""n_vertices"": 7, ""noise_reassigned"": 534, ""placement"": ""uniform"", ""slabs"": [{""k"": 1, ""n"": 57}, {""k"": 1, ""n"": 205}, {""k"": 1, ""n"": 408}, {""k"": 1, ""n"": 751}, {""k"": 1, ""n"": 273}, {""k"": 1, ""n"": 170}, {""k"": 1, ""n"": 119}]}], ""soundness_bound_holds"": true, ""step_rule"": ""scale_free"", ""topology_retention_nerve_to_frozen"": {""beta0_frozen"": 6, ""beta0_nerve"": 3, ""beta1_frozen"": 0, ""beta1_nerve"": 0}}",True
0.8981132075471698,477,False,0.1,0.1,,2.1047889999999825,33.440751999999975,31.335962999999992,banana,4,"{""epsilon"": 0.1, ""window"": 0.3}",LVQ3,10,477,530,4770,0.9,1526386639,False,,True
0.879245283018868,477,False,0.1,0.1,"{""0"": 263, ""1"": 214}",11.930528000000322,11.930528000000322,0.0,banana,4,,KMeans,10,477,530,4770,0.9,1526386639,False,,True
0.8622641509433963,477,False,0.1,0.1,"{""0"": 263, ""1"": 214}",0.002725000000282307,0.002725000000282307,0.0,banana,4,,Random,10,477,530,4770,0.9,1526386639,False,,True
0.8830188679245283,477,False,0.1,0.1,,2.534979999999905,2.534979999999905,0.0,banana,4,,SPOT,10,477,530,4770,0.9,1526386639,False,,True
0.8641509433962264,477,False,0.1,0.1,,52.990624000000025,52.990624000000025,0.0,banana,4,,GLVQ,10,477,530,4770,0.9,1526386639,False,,True
0.8735849056603774,477,False,0.1,0.1,,11.170489000000089,11.170489000000089,0.0,banana,4,,GNG,10,477,530,4770,0.9,1526386639,False,,True
0.8867924528301887,1193,False,0.25010482180293503,0.25,,2.699999959077104e-05,2.699999959077104e-05,0.0,banana,4,,Full,10,4770,530,4770,0.0,1526386639,True,,False
0.8584905660377359,1193,False,0.25010482180293503,0.25,,0.32921699999997145,0.32921699999997145,0.0,banana,4,,RSP3,10,1195,530,4770,0.749475890985325,1526386639,True,,False
0.8452830188679246,1193,False,0.25010482180293503,0.25,,6.333449000000201,6.333449000000201,0.0,banana,4,,RHC,10,999,530,4770,0.790566037735849,1526386639,True,,False
0.9075471698113208,1193,False,0.25010482180293503,0.25,,50.28515399999969,50.28515399999969,0.0,banana,4,,SPINE+1NN,10,1193,530,4770,0.749895178197065,1526386639,False,"{""admission"": {""criterion"": ""risk"", ""removed_risk"": 3, ""removed_support"": 0}, ""betti_final"": [[2, 0], [4, 0]], ""betti_frozen"": [[2, 0], [4, 0]], ""betti_nerve"": [[2, 0], [1, 0]], ""boundary_restriction"": ""both"", ""forced_removals"": 0, ""growth_representation_fallbacks"": 970, ""invariant_held"": true, ""n_segments"": 1187, ""n_train_fit"": 3578, ""n_val"": 1192, ""phase0"": [{""constant_lens"": false, ""gain"": 0.25, ""lens"": ""pc1"", ""lens_scaling"": ""standardize"", ""min_cluster_size"": 17, ""min_samples"": 5, ""n_class"": 1974, ""n_edges"": 10, ""n_intervals"": 7, ""n_vertices"": 12, ""noise_reassigned"": 311, ""placement"": ""quantile"", ""slabs"": [{""k"": 1, ""n"": 318}, {""k"": 1, ""n"": 352}, {""k"": 1, ""n"": 352}, {""k"": 3, ""n"": 352}, {""k"": 2, ""n"": 352}, {""k"": 2, ""n"": 352}, {""k"": 2, ""n"": 318}]}, {""constant_lens"": false, ""gain"": 0.25, ""lens"": ""pc1"", ""lens_scaling"": ""standardize"", ""min_cluster_size"": 17, ""min_samples"": 5, ""n_class"": 1604, ""n_edges"": 6, ""n_intervals"": 7, ""n_vertices"": 7, ""noise_reassigned"": 534, ""placement"": ""uniform"", ""slabs"": [{""k"": 1, ""n"": 57}, {""k"": 1, ""n"": 205}, {""k"": 1, ""n"": 408}, {""k"": 1, ""n"": 751}, {""k"": 1, ""n"": 273}, {""k"": 1, ""n"": 170}, {""k"": 1, ""n"": 119}]}], ""soundness_bound_holds"": true, ""step_rule"": ""scale_free"", ""topology_retention_nerve_to_frozen"": {""beta0_frozen"": 6, ""beta0_nerve"": 3, ""beta1_frozen"": 0, ""beta1_nerve"": 0}}",True
0.9037735849056604,1193,False,0.25010482180293503,0.25,,50.28515399999969,50.28515399999969,0.0,banana,4,,SPINE+Graph,10,1193,530,4770,0.749895178197065,1526386639,False,"{""admission"": {""criterion"": ""risk"", ""removed_risk"": 3, ""removed_support"": 0}, ""betti_final"": [[2, 0], [4, 0]], ""betti_frozen"": [[2, 0], [4, 0]], ""betti_nerve"": [[2, 0], [1, 0]], ""boundary_restriction"": ""both"", ""forced_removals"": 0, ""growth_representation_fallbacks"": 970, ""invariant_held"": true, ""n_segments"": 1187, ""n_train_fit"": 3578, ""n_val"": 1192, ""phase0"": [{""constant_lens"": false, ""gain"": 0.25, ""lens"": ""pc1"", ""lens_scaling"": ""standardize"", ""min_cluster_size"": 17, ""min_samples"": 5, ""n_class"": 1974, ""n_edges"": 10, ""n_intervals"": 7, ""n_vertices"": 12, ""noise_reassigned"": 311, ""placement"": ""quantile"", ""slabs"": [{""k"": 1, ""n"": 318}, {""k"": 1, ""n"": 352}, {""k"": 1, ""n"": 352}, {""k"": 3, ""n"": 352}, {""k"": 2, ""n"": 352}, {""k"": 2, ""n"": 352}, {""k"": 2, ""n"": 318}]}, {""constant_lens"": false, ""gain"": 0.25, ""lens"": ""pc1"", ""lens_scaling"": ""standardize"", ""min_cluster_size"": 17, ""min_samples"": 5, ""n_class"": 1604, ""n_edges"": 6, ""n_intervals"": 7, ""n_vertices"": 7, ""noise_reassigned"": 534, ""placement"": ""uniform"", ""slabs"": [{""k"": 1, ""n"": 57}, {""k"": 1, ""n"": 205}, {""k"": 1, ""n"": 408}, {""k"": 1, ""n"": 751}, {""k"": 1, ""n"": 273}, {""k"": 1, ""n"": 170}, {""k"": 1, ""n"": 119}]}], ""soundness_bound_holds"": true, ""step_rule"": ""scale_free"", ""topology_retention_nerve_to_frozen"": {""beta0_frozen"": 6, ""beta0_nerve"": 3, ""beta1_frozen"": 0, ""beta1_nerve"": 0}}",True
0.8943396226415095,1193,False,0.25010482180293503,0.25,,3.679808000000321,62.091543,58.41173499999968,banana,4,"{""epsilon"": 0.1, ""window"": 0.3}",LVQ3,10,1193,530,4770,0.749895178197065,1526386639,False,,True
0.8830188679245283,1193,False,0.25010482180293503,0.25,"{""0"": 658, ""1"": 535}",12.631425000000036,12.631425000000036,0.0,banana,4,,KMeans,10,1193,530,4770,0.749895178197065,1526386639,False,,True
0.869811320754717,1193,False,0.25010482180293503,0.25,"{""0"": 658, ""1"": 535}",0.001318000000082975,0.001318000000082975,0.0,banana,4,,Random,10,1193,530,4770,0.749895178197065,1526386639,False,,True
0.8641509433962264,1193,False,0.25010482180293503,0.25,,2.0908250000002226,2.0908250000002226,0.0,banana,4,,SPOT,10,1193,530,4770,0.749895178197065,1526386639,False,,True
0.8603773584905661,1193,False,0.25010482180293503,0.25,,134.15824499999962,134.15824499999962,0.0,banana,4,,GLVQ,10,1193,530,4770,0.749895178197065,1526386639,False,,True
0.8735849056603774,1193,False,0.25010482180293503,0.25,,66.88898299999983,66.88898299999983,0.0,banana,4,,GNG,10,1193,530,4770,0.749895178197065,1526386639,False,,True
0.8754716981132076,24,False,0.005031446540880503,0.005,,3.999999989900971e-05,3.999999989900971e-05,0.0,banana,5,,Full,10,4770,530,4770,0.0,1527386642,False,,False
0.8471698113207548,24,False,0.005031446540880503,0.005,,0.2502220000001216,0.2502220000001216,0.0,banana,5,,RSP3,10,1182,530,4770,0.7522012578616353,1527386642,False,,False
0.8264150943396227,24,False,0.005031446540880503,0.005,,3.058853999999883,3.058853999999883,0.0,banana,5,,RHC,10,964,530,4770,0.7979035639412998,1527386642,False,,False
0.8886792452830189,24,False,0.005031446540880503,0.005,,3.930633999999827,3.930633999999827,0.0,banana,5,,SPINE+1NN,10,24,530,4770,0.9949685534591195,1527386642,False,"{""admission"": {""criterion"": ""risk"", ""removed_risk"": 4, ""removed_support"": 0}, ""betti_final"": [[4, 0], [4, 0]], ""betti_frozen"": [[4, 0], [4, 0]], ""betti_nerve"": [[2, 0], [2, 0]], ""boundary_restriction"": ""both"", ""forced_removals"": 0, ""growth_representation_fallbacks"": 0, ""invariant_held"": true, ""n_segments"": 16, ""n_train_fit"": 3578, ""n_val"": 1192, ""phase0"": [{""constant_lens"": false, ""gain"": 0.25, ""lens"": ""pc1"", ""lens_scaling"": ""standardize"", ""min_cluster_size"": 17, ""min_samples"": 5, ""n_class"": 1974, ""n_edges"": 10, ""n_intervals"": 7, ""n_vertices"": 12, ""noise_reassigned"": 161, ""placement"": ""quantile"", ""slabs"": [{""k"": 1, ""n"": 318}, {""k"": 1, ""n"": 352}, {""k"": 1, ""n"": 352}, {""k"": 3, ""n"": 352}, {""k"": 2, ""n"": 352}, {""k"": 2, ""n"": 352}, {""k"": 2, ""n"": 318}]}, {""constant_lens"": false, ""gain"": 0.25, ""lens"": ""pc1"", ""lens_scaling"": ""standardize"", ""min_cluster_size"": 17, ""min_samples"": 5, ""n_class"": 1604, ""n_edges"": 6, ""n_intervals"": 7, ""n_vertices"": 8, ""noise_reassigned"": 363, ""placement"": ""uniform"", ""slabs"": [{""k"": 1, ""n"": 61}, {""k"": 1, ""n"": 208}, {""k"": 1, ""n"": 422}, {""k"": 1, ""n"": 745}, {""k"": 2, ""n"": 282}, {""k"": 1, ""n"": 155}, {""k"": 1, ""n"": 125}]}], ""soundness_bound_holds"": true, ""step_rule"": ""scale_free"", ""topology_retention_nerve_to_frozen"": {""beta0_frozen"": 8, ""beta0_nerve"": 4, ""beta1_frozen"": 0, ""beta1_nerve"": 0}}",True
0.9037735849056604,24,False,0.005031446540880503,0.005,,3.930633999999827,3.930633999999827,0.0,banana,5,,SPINE+Graph,10,24,530,4770,0.9949685534591195,1527386642,False,"{""admission"": {""criterion"": ""risk"", ""removed_risk"": 4, ""removed_support"": 0}, ""betti_final"": [[4, 0], [4, 0]], ""betti_frozen"": [[4, 0], [4, 0]], ""betti_nerve"": [[2, 0], [2, 0]], ""boundary_restriction"": ""both"", ""forced_removals"": 0, ""growth_representation_fallbacks"": 0, ""invariant_held"": true, ""n_segments"": 16, ""n_train_fit"": 3578, ""n_val"": 1192, ""phase0"": [{""constant_lens"": false, ""gain"": 0.25, ""lens"": ""pc1"", ""lens_scaling"": ""standardize"", ""min_cluster_size"": 17, ""min_samples"": 5, ""n_class"": 1974, ""n_edges"": 10, ""n_intervals"": 7, ""n_vertices"": 12, ""noise_reassigned"": 161, ""placement"": ""quantile"", ""slabs"": [{""k"": 1, ""n"": 318}, {""k"": 1, ""n"": 352}, {""k"": 1, ""n"": 352}, {""k"": 3, ""n"": 352}, {""k"": 2, ""n"": 352}, {""k"": 2, ""n"": 352}, {""k"": 2, ""n"": 318}]}, {""constant_lens"": false, ""gain"": 0.25, ""lens"": ""pc1"", ""lens_scaling"": ""standardize"", ""min_cluster_size"": 17, ""min_samples"": 5, ""n_class"": 1604, ""n_edges"": 6, ""n_intervals"": 7, ""n_vertices"": 8, ""noise_reassigned"": 363, ""placement"": ""uniform"", ""slabs"": [{""k"": 1, ""n"": 61}, {""k"": 1, ""n"": 208}, {""k"": 1, ""n"": 422}, {""k"": 1, ""n"": 745}, {""k"": 2, ""n"": 282}, {""k"": 1, ""n"": 155}, {""k"": 1, ""n"": 125}]}], ""soundness_bound_holds"": true, ""step_rule"": ""scale_free"", ""topology_retention_nerve_to_frozen"": {""beta0_frozen"": 8, ""beta0_nerve"": 4, ""beta1_frozen"": 0, ""beta1_nerve"": 0}}",True
0.9056603773584906,24,False,0.005031446540880503,0.005,,0.8406450000002224,13.71906700000045,12.878422000000228,banana,5,"{""epsilon"": 0.1, ""window"": 0.2}",LVQ3,10,24,530,4770,0.9949685534591195,1527386642,False,,True
0.8735849056603774,24,False,0.005031446540880503,0.005,"{""0"": 13, ""1"": 11}",0.7926120000001902,0.7926120000001902,0.0,banana,5,,KMeans,10,24,530,4770,0.9949685534591195,1527386642,False,,True
0.7754716981132076,24,False,0.005031446540880503,0.005,"{""0"": 13, ""1"": 11}",0.0008400000001529406,0.0008400000001529406,0.0,banana,5,,Random,10,24,530,4770,0.9949685534591195,1527386642,False,,True
0.8433962264150944,24,False,0.005031446540880503,0.005,,1.6290569999996478,1.6290569999996478,0.0,banana,5,,SPOT,10,24,530,4770,0.9949685534591195,1527386642,False,,True
0.8433962264150944,24,False,0.005031446540880503,0.005,,3.913742000000184,3.913742000000184,0.0,banana,5,,GLVQ,10,24,530,4770,0.9949685534591195,1527386642,False,,True
0.8773584905660378,24,False,0.005031446540880503,0.005,,0.09625800000003437,0.09625800000003437,0.0,banana,5,,GNG,10,24,530,4770,0.9949685534591195,1527386642,False,,True
0.8754716981132076,48,False,0.010062893081761006,0.01,,3.999999989900971e-05,3.999999989900971e-05,0.0,banana,5,,Full,10,4770,530,4770,0.0,1527386642,True,,False
0.8471698113207548,48,False,0.010062893081761006,0.01,,0.2502220000001216,0.2502220000001216,0.0,banana,5,,RSP3,10,1182,530,4770,0.7522012578616353,1527386642,True,,False
0.8264150943396227,48,False,0.010062893081761006,0.01,,3.058853999999883,3.058853999999883,0.0,banana,5,,RHC,10,964,530,4770,0.7979035639412998,1527386642,True,,False
0.8830188679245283,48,False,0.010062893081761006,0.01,,2.9162219999998342,2.9162219999998342,0.0,banana,5,,SPINE+1NN,10,48,530,4770,0.989937106918239,1527386642,False,"{""admission"": {""criterion"": ""risk"", ""removed_risk"": 4, ""removed_support"": 0}, ""betti_final"": [[4, 0], [4, 0]], ""betti_frozen"": [[4, 0], [4, 0]], ""betti_nerve"": [[2, 0], [2, 0]], ""boundary_restriction"": ""both"", ""forced_removals"": 0, ""growth_representation_fallbacks"": 0, ""invariant_held"": true, ""n_segments"": 40, ""n_train_fit"": 3578, ""n_val"": 1192, ""phase0"": [{""constant_lens"": false, ""gain"": 0.25, ""lens"": ""pc1"", ""lens_scaling"": ""standardize"", ""min_cluster_size"": 17, ""min_samples"": 5, ""n_class"": 1974, ""n_edges"": 10, ""n_intervals"": 7, ""n_vertices"": 12, ""noise_reassigned"": 161, ""placement"": ""quantile"", ""slabs"": [{""k"": 1, ""n"": 318}, {""k"": 1, ""n"": 352}, {""k"": 1, ""n"": 352}, {""k"": 3, ""n"": 352}, {""k"": 2, ""n"": 352}, {""k"": 2, ""n"": 352}, {""k"": 2, ""n"": 318}]}, {""constant_lens"": false, ""gain"": 0.25, ""lens"": ""pc1"", ""lens_scaling"": ""standardize"", ""min_cluster_size"": 17, ""min_samples"": 5, ""n_class"": 1604, ""n_edges"": 6, ""n_intervals"": 7, ""n_vertices"": 8, ""noise_reassigned"": 363, ""placement"": ""uniform"", ""slabs"": [{""k"": 1, ""n"": 61}, {""k"": 1, ""n"": 208}, {""k"": 1, ""n"": 422}, {""k"": 1, ""n"": 745}, {""k"": 2, ""n"": 282}, {""k"": 1, ""n"": 155}, {""k"": 1, ""n"": 125}]}], ""soundness_bound_holds"": true, ""step_rule"": ""scale_free"", ""topology_retention_nerve_to_frozen"": {""beta0_frozen"": 8, ""beta0_nerve"": 4, ""beta1_frozen"": 0, ""beta1_nerve"": 0}}",True
0.8981132075471698,48,False,0.010062893081761006,0.01,,2.9162219999998342,2.9162219999998342,0.0,banana,5,,SPINE+Graph,10,48,530,4770,0.989937106918239,1527386642,False,"{""admission"": {""criterion"": ""risk"", ""removed_risk"": 4, ""removed_support"": 0}, ""betti_final"": [[4, 0], [4, 0]], ""betti_frozen"": [[4, 0], [4, 0]], ""betti_nerve"": [[2, 0], [2, 0]], ""boundary_restriction"": ""both"", ""forced_removals"": 0, ""growth_representation_fallbacks"": 0, ""invariant_held"": true, ""n_segments"": 40, ""n_train_fit"": 3578, ""n_val"": 1192, ""phase0"": [{""constant_lens"": false, ""gain"": 0.25, ""lens"": ""pc1"", ""lens_scaling"": ""standardize"", ""min_cluster_size"": 17, ""min_samples"": 5, ""n_class"": 1974, ""n_edges"": 10, ""n_intervals"": 7, ""n_vertices"": 12, ""noise_reassigned"": 161, ""placement"": ""quantile"", ""slabs"": [{""k"": 1, ""n"": 318}, {""k"": 1, ""n"": 352}, {""k"": 1, ""n"": 352}, {""k"": 3, ""n"": 352}, {""k"": 2, ""n"": 352}, {""k"": 2, ""n"": 352}, {""k"": 2, ""n"": 318}]}, {""constant_lens"": false, ""gain"": 0.25, ""lens"": ""pc1"", ""lens_scaling"": ""standardize"", ""min_cluster_size"": 17, ""min_samples"": 5, ""n_class"": 1604, ""n_edges"": 6, ""n_intervals"": 7, ""n_vertices"": 8, ""noise_reassigned"": 363, ""placement"": ""uniform"", ""slabs"": [{""k"": 1, ""n"": 61}, {""k"": 1, ""n"": 208}, {""k"": 1, ""n"": 422}, {""k"": 1, ""n"": 745}, {""k"": 2, ""n"": 282}, {""k"": 1, ""n"": 155}, {""k"": 1, ""n"": 125}]}], ""soundness_bound_holds"": true, ""step_rule"": ""scale_free"", ""topology_retention_nerve_to_frozen"": {""beta0_frozen"": 8, ""beta0_nerve"": 4, ""beta1_frozen"": 0, ""beta1_nerve"": 0}}",True
0.9037735849056604,48,False,0.010062893081761006,0.01,,0.8721070000001419,14.783635000000231,13.91152800000009,banana,5,"{""epsilon"": 0.1, ""window"": 0.2}",LVQ3,10,48,530,4770,0.989937106918239,1527386642,False,,True
0.8924528301886793,48,False,0.010062893081761006,0.01,"{""0"": 26, ""1"": 22}",1.1336320000000342,1.1336320000000342,0.0,banana,5,,KMeans,10,48,530,4770,0.989937106918239,1527386642,False,,True
0.8245283018867925,48,False,0.010062893081761006,0.01,"{""0"": 26, ""1"": 22}",0.000849000000016531,0.000849000000016531,0.0,banana,5,,Random,10,48,530,4770,0.989937106918239,1527386642,False,,True
0.8415094339622642,48,False,0.010062893081761006,0.01,,1.7535219999999754,1.7535219999999754,0.0,banana,5,,SPOT,10,48,530,4770,0.989937106918239,1527386642,False,,True
0.8584905660377359,48,False,0.010062893081761006,0.01,,6.365693999999621,6.365693999999621,0.0,banana,5,,GLVQ,10,48,530,4770,0.989937106918239,1527386642,False,,True
0.8811320754716981,48,False,0.010062893081761006,0.01,,0.24303699999973105,0.24303699999973105,0.0,banana,5,,GNG,10,48,530,4770,0.989937106918239,1527386642,False,,True
0.8754716981132076,95,False,0.019916142557651992,0.02,,3.999999989900971e-05,3.999999989900971e-05,0.0,banana,5,,Full,10,4770,530,4770,0.0,1527386642,True,,False
0.8471698113207548,95,False,0.019916142557651992,0.02,,0.2502220000001216,0.2502220000001216,0.0,banana,5,,RSP3,10,1182,530,4770,0.7522012578616353,1527386642,True,,False
0.8264150943396227,95,False,0.019916142557651992,0.02,,3.058853999999883,3.058853999999883,0.0,banana,5,,RHC,10,964,530,4770,0.7979035639412998,1527386642,True,,False
0.8886792452830189,95,False,0.019916142557651992,0.02,,3.0746570000001157,3.0746570000001157,0.0,banana,5,,SPINE+1NN,10,95,530,4770,0.980083857442348,1527386642,False,"{""admission"": {""criterion"": ""risk"", ""removed_risk"": 4, ""removed_support"": 0}, ""betti_final"": [[4, 0], [4, 0]], ""betti_frozen"": [[4, 0], [4, 0]], ""betti_nerve"": [[2, 0], [2, 0]], ""boundary_restriction"": ""both"", ""forced_removals"": 0, ""growth_representation_fallbacks"": 15, ""invariant_held"": true, ""n_segments"": 87, ""n_train_fit"": 3578, ""n_val"": 1192, ""phase0"": [{""constant_lens"": false, ""gain"": 0.25, ""lens"": ""pc1"", ""lens_scaling"": ""standardize"", ""min_cluster_size"": 17, ""min_samples"": 5, ""n_class"": 1974, ""n_edges"": 10, ""n_intervals"": 7, ""n_vertices"": 12, ""noise_reassigned"": 161, ""placement"": ""quantile"", ""slabs"": [{""k"": 1, ""n"": 318}, {""k"": 1, ""n"": 352}, {""k"": 1, ""n"": 352}, {""k"": 3, ""n"": 352}, {""k"": 2, ""n"": 352}, {""k"": 2, ""n"": 352}, {""k"": 2, ""n"": 318}]}, {""constant_lens"": false, ""gain"": 0.25, ""lens"": ""pc1"", ""lens_scaling"": ""standardize"", ""min_cluster_size"": 17, ""min_samples"": 5, ""n_class"": 1604, ""n_edges"": 6, ""n_intervals"": 7, ""n_vertices"": 8, ""noise_reassigned"": 363, ""placement"": ""uniform"", ""slabs"": [{""k"": 1, ""n"": 61}, {""k"": 1, ""n"": 208}, {""k"": 1, ""n"": 422}, {""k"": 1, ""n"": 745}, {""k"": 2, ""n"": 282}, {""k"": 1, ""n"": 155}, {""k"": 1, ""n"": 125}]}], ""soundness_bound_holds"": true, ""step_rule"": ""scale_free"", ""topology_retention_nerve_to_frozen"": {""beta0_frozen"": 8, ""beta0_nerve"": 4, ""beta1_frozen"": 0, ""beta1_nerve"": 0}}",True
0.8962264150943396,95,False,0.019916142557651992,0.02,,3.0746570000001157,3.0746570000001157,0.0,banana,5,,SPINE+Graph,10,95,530,4770,0.980083857442348,1527386642,False,"{""admission"": {""criterion"": ""risk"", ""removed_risk"": 4, ""removed_support"": 0}, ""betti_final"": [[4, 0], [4, 0]], ""betti_frozen"": [[4, 0], [4, 0]], ""betti_nerve"": [[2, 0], [2, 0]], ""boundary_restriction"": ""both"", ""forced_removals"": 0, ""growth_representation_fallbacks"": 15, ""invariant_held"": true, ""n_segments"": 87, ""n_train_fit"": 3578, ""n_val"": 1192, ""phase0"": [{""constant_lens"": false, ""gain"": 0.25, ""lens"": ""pc1"", ""lens_scaling"": ""standardize"", ""min_cluster_size"": 17, ""min_samples"": 5, ""n_class"": 1974, ""n_edges"": 10, ""n_intervals"": 7, ""n_vertices"": 12, ""noise_reassigned"": 161, ""placement"": ""quantile"", ""slabs"": [{""k"": 1, ""n"": 318}, {""k"": 1, ""n"": 352}, {""k"": 1, ""n"": 352}, {""k"": 3, ""n"": 352}, {""k"": 2, ""n"": 352}, {""k"": 2, ""n"": 352}, {""k"": 2, ""n"": 318}]}, {""constant_lens"": false, ""gain"": 0.25, ""lens"": ""pc1"", ""lens_scaling"": ""standardize"", ""min_cluster_size"": 17, ""min_samples"": 5, ""n_class"": 1604, ""n_edges"": 6, ""n_intervals"": 7, ""n_vertices"": 8, ""noise_reassigned"": 363, ""placement"": ""uniform"", ""slabs"": [{""k"": 1, ""n"": 61}, {""k"": 1, ""n"": 208}, {""k"": 1, ""n"": 422}, {""k"": 1, ""n"": 745}, {""k"": 2, ""n"": 282}, {""k"": 1, ""n"": 155}, {""k"": 1, ""n"": 125}]}], ""soundness_bound_holds"": true, ""step_rule"": ""scale_free"", ""topology_retention_nerve_to_frozen"": {""beta0_frozen"": 8, ""beta0_nerve"": 4, ""beta1_frozen"": 0, ""beta1_nerve"": 0}}",True
0.9075471698113208,95,False,0.019916142557651992,0.02,,0.9812099999999191,17.814640000000054,16.833430000000135,banana,5,"{""epsilon"": 0.3, ""window"": 0.3}",LVQ3,10,95,530,4770,0.980083857442348,1527386642,False,,True
0.8943396226415095,95,False,0.019916142557651992,0.02,"{""0"": 52, ""1"": 43}",1.5347000000001572,1.5347000000001572,0.0,banana,5,,KMeans,10,95,530,4770,0.980083857442348,1527386642,False,,True
0.8641509433962264,95,False,0.019916142557651992,0.02,"{""0"": 52, ""1"": 43}",0.000984000000244123,0.000984000000244123,0.0,banana,5,,Random,10,95,530,4770,0.980083857442348,1527386642,False,,True
0.8660377358490566,95,False,0.019916142557651992,0.02,,1.7926259999999274,1.7926259999999274,0.0,banana,5,,SPOT,10,95,530,4770,0.980083857442348,1527386642,False,,True
0.8754716981132076,95,False,0.019916142557651992,0.02,,11.012128000000303,11.012128000000303,0.0,banana,5,,GLVQ,10,95,530,4770,0.980083857442348,1527386642,False,,True
0.8981132075471698,95,False,0.019916142557651992,0.02,,0.6881920000000719,0.6881920000000719,0.0,banana,5,,GNG,10,95,530,4770,0.980083857442348,1527386642,False,,True
0.8754716981132076,239,False,0.05010482180293501,0.05,,3.999999989900971e-05,3.999999989900971e-05,0.0,banana,5,,Full,10,4770,530,4770,0.0,1527386642,True,,False
0.8471698113207548,239,False,0.05010482180293501,0.05,,0.2502220000001216,0.2502220000001216,0.0,banana,5,,RSP3,10,1182,530,4770,0.7522012578616353,1527386642,True,,False
0.8264150943396227,239,False,0.05010482180293501,0.05,,3.058853999999883,3.058853999999883,0.0,banana,5,,RHC,10,964,530,4770,0.7979035639412998,1527386642,True,,False
0.8981132075471698,239,False,0.05010482180293501,0.05,,4.565113999999994,4.565113999999994,0.0,banana,5,,SPINE+1NN,10,239,530,4770,0.949895178197065,1527386642,False,"{""admission"": {""criterion"": ""risk"", ""removed_risk"": 4, ""removed_support"": 0}, ""betti_final"": [[4, 0], [4, 0]], ""betti_frozen"": [[4, 0], [4, 0]], ""betti_nerve"": [[2, 0], [2, 0]], ""boundary_restriction"": ""both"", ""forced_removals"": 0, ""growth_representation_fallbacks"": 100, ""invariant_held"": true, ""n_segments"": 231, ""n_train_fit"": 3578, ""n_val"": 1192, ""phase0"": [{""constant_lens"": false, ""gain"": 0.25, ""lens"": ""pc1"", ""lens_scaling"": ""standardize"", ""min_cluster_size"": 17, ""min_samples"": 5, ""n_class"": 1974, ""n_edges"": 10, ""n_intervals"": 7, ""n_vertices"": 12, ""noise_reassigned"": 161, ""placement"": ""quantile"", ""slabs"": [{""k"": 1, ""n"": 318}, {""k"": 1, ""n"": 352}, {""k"": 1, ""n"": 352}, {""k"": 3, ""n"": 352}, {""k"": 2, ""n"": 352}, {""k"": 2, ""n"": 352}, {""k"": 2, ""n"": 318}]}, {""constant_lens"": false, ""gain"": 0.25, ""lens"": ""pc1"", ""lens_scaling"": ""standardize"", ""min_cluster_size"": 17, ""min_samples"": 5, ""n_class"": 1604, ""n_edges"": 6, ""n_intervals"": 7, ""n_vertices"": 8, ""noise_reassigned"": 363, ""placement"": ""uniform"", ""slabs"": [{""k"": 1, ""n"": 61}, {""k"": 1, ""n"": 208}, {""k"": 1, ""n"": 422}, {""k"": 1, ""n"": 745}, {""k"": 2, ""n"": 282}, {""k"": 1, ""n"": 155}, {""k"": 1, ""n"": 125}]}], ""soundness_bound_holds"": true, ""step_rule"": ""scale_free"", ""topology_retention_nerve_to_frozen"": {""beta0_frozen"": 8, ""beta0_nerve"": 4, ""beta1_frozen"": 0, ""beta1_nerve"": 0}}",True
0.8962264150943396,239,False,0.05010482180293501,0.05,,4.565113999999994,4.565113999999994,0.0,banana,5,,SPINE+Graph,10,239,530,4770,0.949895178197065,1527386642,False,"{""admission"": {""criterion"": ""risk"", ""removed_risk"": 4, ""removed_support"": 0}, ""betti_final"": [[4, 0], [4, 0]], ""betti_frozen"": [[4, 0], [4, 0]], ""betti_nerve"": [[2, 0], [2, 0]], ""boundary_restriction"": ""both"", ""forced_removals"": 0, ""growth_representation_fallbacks"": 100, ""invariant_held"": true, ""n_segments"": 231, ""n_train_fit"": 3578, ""n_val"": 1192, ""phase0"": [{""constant_lens"": false, ""gain"": 0.25, ""lens"": ""pc1"", ""lens_scaling"": ""standardize"", ""min_cluster_size"": 17, ""min_samples"": 5, ""n_class"": 1974, ""n_edges"": 10, ""n_intervals"": 7, ""n_vertices"": 12, ""noise_reassigned"": 161, ""placement"": ""quantile"", ""slabs"": [{""k"": 1, ""n"": 318}, {""k"": 1, ""n"": 352}, {""k"": 1, ""n"": 352}, {""k"": 3, ""n"": 352}, {""k"": 2, ""n"": 352}, {""k"": 2, ""n"": 352}, {""k"": 2, ""n"": 318}]}, {""constant_lens"": false, ""gain"": 0.25, ""lens"": ""pc1"", ""lens_scaling"": ""standardize"", ""min_cluster_size"": 17, ""min_samples"": 5, ""n_class"": 1604, ""n_edges"": 6, ""n_intervals"": 7, ""n_vertices"": 8, ""noise_reassigned"": 363, ""placement"": ""uniform"", ""slabs"": [{""k"": 1, ""n"": 61}, {""k"": 1, ""n"": 208}, {""k"": 1, ""n"": 422}, {""k"": 1, ""n"": 745}, {""k"": 2, ""n"": 282}, {""k"": 1, ""n"": 155}, {""k"": 1, ""n"": 125}]}], ""soundness_bound_holds"": true, ""step_rule"": ""scale_free"", ""topology_retention_nerve_to_frozen"": {""beta0_frozen"": 8, ""beta0_nerve"": 4, ""beta1_frozen"": 0, ""beta1_nerve"": 0}}",True
0.8981132075471698,239,False,0.05010482180293501,0.05,,1.371658000000025,24.219700999999986,22.84804299999996,banana,5,"{""epsilon"": 0.3, ""window"": 0.2}",LVQ3,10,239,530,4770,0.949895178197065,1527386642,False,,True
0.8849056603773585,239,False,0.05010482180293501,0.05,"{""0"": 132, ""1"": 107}",3.3058200000000397,3.3058200000000397,0.0,banana,5,,KMeans,10,239,530,4770,0.949895178197065,1527386642,False,,True
0.8584905660377359,239,False,0.05010482180293501,0.05,"{""0"": 132, ""1"": 107}",0.0009439999998903659,0.0009439999998903659,0.0,banana,5,,Random,10,239,530,4770,0.949895178197065,1527386642,False,,True
0.8754716981132076,239,False,0.05010482180293501,0.05,,1.921071000000211,1.921071000000211,0.0,banana,5,,SPOT,10,239,530,4770,0.949895178197065,1527386642,False,,True
0.8603773584905661,239,False,0.05010482180293501,0.05,,25.698781999999937,25.698781999999937,0.0,banana,5,,GLVQ,10,239,530,4770,0.949895178197065,1527386642,False,,True
0.8886792452830189,239,False,0.05010482180293501,0.05,,4.332214999999906,4.332214999999906,0.0,banana,5,,GNG,10,239,530,4770,0.949895178197065,1527386642,False,,True
0.8754716981132076,477,False,0.1,0.1,,3.999999989900971e-05,3.999999989900971e-05,0.0,banana,5,,Full,10,4770,530,4770,0.0,1527386642,True,,False
0.8471698113207548,477,False,0.1,0.1,,0.2502220000001216,0.2502220000001216,0.0,banana,5,,RSP3,10,1182,530,4770,0.7522012578616353,1527386642,True,,False
0.8264150943396227,477,False,0.1,0.1,,3.058853999999883,3.058853999999883,0.0,banana,5,,RHC,10,964,530,4770,0.7979035639412998,1527386642,True,,False
0.8924528301886793,477,False,0.1,0.1,,12.305599000000257,12.305599000000257,0.0,banana,5,,SPINE+1NN,10,477,530,4770,0.9,1527386642,False,"{""admission"": {""criterion"": ""risk"", ""removed_risk"": 4, ""removed_support"": 0}, ""betti_final"": [[4, 0], [4, 0]], ""betti_frozen"": [[4, 0], [4, 0]], ""betti_nerve"": [[2, 0], [2, 0]], ""boundary_restriction"": ""both"", ""forced_removals"": 0, ""growth_representation_fallbacks"": 241, ""invariant_held"": true, ""n_segments"": 469, ""n_train_fit"": 3578, ""n_val"": 1192, ""phase0"": [{""constant_lens"": false, ""gain"": 0.25, ""lens"": ""pc1"", ""lens_scaling"": ""standardize"", ""min_cluster_size"": 17, ""min_samples"": 5, ""n_class"": 1974, ""n_edges"": 10, ""n_intervals"": 7, ""n_vertices"": 12, ""noise_reassigned"": 161, ""placement"": ""quantile"", ""slabs"": [{""k"": 1, ""n"": 318}, {""k"": 1, ""n"": 352}, {""k"": 1, ""n"": 352}, {""k"": 3, ""n"": 352}, {""k"": 2, ""n"": 352}, {""k"": 2, ""n"": 352}, {""k"": 2, ""n"": 318}]}, {""constant_lens"": false, ""gain"": 0.25, ""lens"": ""pc1"", ""lens_scaling"": ""standardize"", ""min_cluster_size"": 17, ""min_samples"": 5, ""n_class"": 1604, ""n_edges"": 6, ""n_intervals"": 7, ""n_vertices"": 8, ""noise_reassigned"": 363, ""placement"": ""uniform"", ""slabs"": [{""k"": 1, ""n"": 61}, {""k"": 1, ""n"": 208}, {""k"": 1, ""n"": 422}, {""k"": 1, ""n"": 745}, {""k"": 2, ""n"": 282}, {""k"": 1, ""n"": 155}, {""k"": 1, ""n"": 125}]}], ""soundness_bound_holds"": true, ""step_rule"": ""scale_free"", ""topology_retention_nerve_to_frozen"": {""beta0_frozen"": 8, ""beta0_nerve"": 4, ""beta1_frozen"": 0, ""beta1_nerve"": 0}}",True
0.8905660377358491,477,False,0.1,0.1,,12.305599000000257,12.305599000000257,0.0,banana,5,,SPINE+Graph,10,477,530,4770,0.9,1527386642,False,"{""admission"": {""criterion"": ""risk"", ""removed_risk"": 4, ""removed_support"": 0}, ""betti_final"": [[4, 0], [4, 0]], ""betti_frozen"": [[4, 0], [4, 0]], ""betti_nerve"": [[2, 0], [2, 0]], ""boundary_restriction"": ""both"", ""forced_removals"": 0, ""growth_representation_fallbacks"": 241, ""invariant_held"": true, ""n_segments"": 469, ""n_train_fit"": 3578, ""n_val"": 1192, ""phase0"": [{""constant_lens"": false, ""gain"": 0.25, ""lens"": ""pc1"", ""lens_scaling"": ""standardize"", ""min_cluster_size"": 17, ""min_samples"": 5, ""n_class"": 1974, ""n_edges"": 10, ""n_intervals"": 7, ""n_vertices"": 12, ""noise_reassigned"": 161, ""placement"": ""quantile"", ""slabs"": [{""k"": 1, ""n"": 318}, {""k"": 1, ""n"": 352}, {""k"": 1, ""n"": 352}, {""k"": 3, ""n"": 352}, {""k"": 2, ""n"": 352}, {""k"": 2, ""n"": 352}, {""k"": 2, ""n"": 318}]}, {""constant_lens"": false, ""gain"": 0.25, ""lens"": ""pc1"", ""lens_scaling"": ""standardize"", ""min_cluster_size"": 17, ""min_samples"": 5, ""n_class"": 1604, ""n_edges"": 6, ""n_intervals"": 7, ""n_vertices"": 8, ""noise_reassigned"": 363, ""placement"": ""uniform"", ""slabs"": [{""k"": 1, ""n"": 61}, {""k"": 1, ""n"": 208}, {""k"": 1, ""n"": 422}, {""k"": 1, ""n"": 745}, {""k"": 2, ""n"": 282}, {""k"": 1, ""n"": 155}, {""k"": 1, ""n"": 125}]}], ""soundness_bound_holds"": true, ""step_rule"": ""scale_free"", ""topology_retention_nerve_to_frozen"": {""beta0_frozen"": 8, ""beta0_nerve"": 4, ""beta1_frozen"": 0, ""beta1_nerve"": 0}}",True
0.8905660377358491,477,False,0.1,0.1,,1.9883629999999357,32.859163999999964,30.87080100000003,banana,5,"{""epsilon"": 0.1, ""window"": 0.3}",LVQ3,10,477,530,4770,0.9,1527386642,False,,True
0.8415094339622642,477,False,0.1,0.1,"{""0"": 263, ""1"": 214}",4.368930000000091,4.368930000000091,0.0,banana,5,,KMeans,10,477,530,4770,0.9,1527386642,False,,True
0.8339622641509434,477,False,0.1,0.1,"{""0"": 263, ""1"": 214}",0.001172000000224216,0.001172000000224216,0.0,banana,5,,Random,10,477,530,4770,0.9,1527386642,False,,True
0.8528301886792453,477,False,0.1,0.1,,1.5364119999999275,1.5364119999999275,0.0,banana,5,,SPOT,10,477,530,4770,0.9,1527386642,False,,True
0.8867924528301887,477,False,0.1,0.1,,56.69641200000024,56.69641200000024,0.0,banana,5,,GLVQ,10,477,530,4770,0.9,1527386642,False,,True
0.8867924528301887,477,False,0.1,0.1,,11.170450000000073,11.170450000000073,0.0,banana,5,,GNG,10,477,530,4770,0.9,1527386642,False,,True
0.8754716981132076,1193,False,0.25010482180293503,0.25,,3.999999989900971e-05,3.999999989900971e-05,0.0,banana,5,,Full,10,4770,530,4770,0.0,1527386642,True,,False
0.8471698113207548,1193,False,0.25010482180293503,0.25,,0.2502220000001216,0.2502220000001216,0.0,banana,5,,RSP3,10,1182,530,4770,0.7522012578616353,1527386642,True,,False
0.8264150943396227,1193,False,0.25010482180293503,0.25,,3.058853999999883,3.058853999999883,0.0,banana,5,,RHC,10,964,530,4770,0.7979035639412998,1527386642,True,,False
0.8981132075471698,1193,False,0.25010482180293503,0.25,,50.331980999999814,50.331980999999814,0.0,banana,5,,SPINE+1NN,10,1193,530,4770,0.749895178197065,1527386642,False,"{""admission"": {""criterion"": ""risk"", ""removed_risk"": 4, ""removed_support"": 0}, ""betti_final"": [[4, 0], [4, 0]], ""betti_frozen"": [[4, 0], [4, 0]], ""betti_nerve"": [[2, 0], [2, 0]], ""boundary_restriction"": ""both"", ""forced_removals"": 0, ""growth_representation_fallbacks"": 977, ""invariant_held"": true, ""n_segments"": 1185, ""n_train_fit"": 3578, ""n_val"": 1192, ""phase0"": [{""constant_lens"": false, ""gain"": 0.25, ""lens"": ""pc1"", ""lens_scaling"": ""standardize"", ""min_cluster_size"": 17, ""min_samples"": 5, ""n_class"": 1974, ""n_edges"": 10, ""n_intervals"": 7, ""n_vertices"": 12, ""noise_reassigned"": 161, ""placement"": ""quantile"", ""slabs"": [{""k"": 1, ""n"": 318}, {""k"": 1, ""n"": 352}, {""k"": 1, ""n"": 352}, {""k"": 3, ""n"": 352}, {""k"": 2, ""n"": 352}, {""k"": 2, ""n"": 352}, {""k"": 2, ""n"": 318}]}, {""constant_lens"": false, ""gain"": 0.25, ""lens"": ""pc1"", ""lens_scaling"": ""standardize"", ""min_cluster_size"": 17, ""min_samples"": 5, ""n_class"": 1604, ""n_edges"": 6, ""n_intervals"": 7, ""n_vertices"": 8, ""noise_reassigned"": 363, ""placement"": ""uniform"", ""slabs"": [{""k"": 1, ""n"": 61}, {""k"": 1, ""n"": 208}, {""k"": 1, ""n"": 422}, {""k"": 1, ""n"": 745}, {""k"": 2, ""n"": 282}, {""k"": 1, ""n"": 155}, {""k"": 1, ""n"": 125}]}], ""soundness_bound_holds"": true, ""step_rule"": ""scale_free"", ""topology_retention_nerve_to_frozen"": {""beta0_frozen"": 8, ""beta0_nerve"": 4, ""beta1_frozen"": 0, ""beta1_nerve"": 0}}",True
0.9018867924528302,1193,False,0.25010482180293503,0.25,,50.331980999999814,50.331980999999814,0.0,banana,5,,SPINE+Graph,10,1193,530,4770,0.749895178197065,1527386642,False,"{""admission"": {""criterion"": ""risk"", ""removed_risk"": 4, ""removed_support"": 0}, ""betti_final"": [[4, 0], [4, 0]], ""betti_frozen"": [[4, 0], [4, 0]], ""betti_nerve"": [[2, 0], [2, 0]], ""boundary_restriction"": ""both"", ""forced_removals"": 0, ""growth_representation_fallbacks"": 977, ""invariant_held"": true, ""n_segments"": 1185, ""n_train_fit"": 3578, ""n_val"": 1192, ""phase0"": [{""constant_lens"": false, ""gain"": 0.25, ""lens"": ""pc1"", ""lens_scaling"": ""standardize"", ""min_cluster_size"": 17, ""min_samples"": 5, ""n_class"": 1974, ""n_edges"": 10, ""n_intervals"": 7, ""n_vertices"": 12, ""noise_reassigned"": 161, ""placement"": ""quantile"", ""slabs"": [{""k"": 1, ""n"": 318}, {""k"": 1, ""n"": 352}, {""k"": 1, ""n"": 352}, {""k"": 3, ""n"": 352}, {""k"": 2, ""n"": 352}, {""k"": 2, ""n"": 352}, {""k"": 2, ""n"": 318}]}, {""constant_lens"": false, ""gain"": 0.25, ""lens"": ""pc1"", ""lens_scaling"": ""standardize"", ""min_cluster_size"": 17, ""min_samples"": 5, ""n_class"": 1604, ""n_edges"": 6, ""n_intervals"": 7, ""n_vertices"": 8, ""noise_reassigned"": 363, ""placement"": ""uniform"", ""slabs"": [{""k"": 1, ""n"": 61}, {""k"": 1, ""n"": 208}, {""k"": 1, ""n"": 422}, {""k"": 1, ""n"": 745}, {""k"": 2, ""n"": 282}, {""k"": 1, ""n"": 155}, {""k"": 1, ""n"": 125}]}], ""soundness_bound_holds"": true, ""step_rule"": ""scale_free"", ""topology_retention_nerve_to_frozen"": {""beta0_frozen"": 8, ""beta0_nerve"": 4, ""beta1_frozen"": 0, ""beta1_nerve"": 0}}",True
0.8811320754716981,1193,False,0.25010482180293503,0.25,,3.5267029999999977,61.4568290000002,57.9301260000002,banana,5,"{""epsilon"": 0.1, ""window"": 0.3}",LVQ3,10,1193,530,4770,0.749895178197065,1527386642,False,,True
0.8584905660377359,1193,False,0.25010482180293503,0.25,"{""0"": 658, ""1"": 535}",11.344566000000214,11.344566000000214,0.0,banana,5,,KMeans,10,1193,530,4770,0.749895178197065,1527386642,False,,True
0.8924528301886793,1193,False,0.25010482180293503,0.25,"{""0"": 658, ""1"": 535}",0.0015950000001794251,0.0015950000001794251,0.0,banana,5,,Random,10,1193,530,4770,0.749895178197065,1527386642,False,,True
0.8547169811320755,1193,False,0.25010482180293503,0.25,,2.089133000000402,2.089133000000402,0.0,banana,5,,SPOT,10,1193,530,4770,0.749895178197065,1527386642,False,,True
0.8584905660377359,1193,False,0.25010482180293503,0.25,,121.9755699999996,121.9755699999996,0.0,banana,5,,GLVQ,10,1193,530,4770,0.749895178197065,1527386642,False,,True
0.8660377358490566,1193,False,0.25010482180293503,0.25,,64.15102999999999,64.15102999999999,0.0,banana,5,,GNG,10,1193,530,4770,0.749895178197065,1527386642,False,,True
0.8735849056603774,24,False,0.005031446540880503,0.005,,2.700000004551839e-05,2.700000004551839e-05,0.0,banana,6,,Full,10,4770,530,4770,0.0,1528386645,False,,False
0.8377358490566038,24,False,0.005031446540880503,0.005,,0.24870899999996254,0.24870899999996254,0.0,banana,6,,RSP3,10,1176,530,4770,0.7534591194968554,1528386645,False,,False
0.8433962264150944,24,False,0.005031446540880503,0.005,,3.0873019999999087,3.0873019999999087,0.0,banana,6,,RHC,10,960,530,4770,0.7987421383647799,1528386645,False,,False
0.8773584905660378,24,False,0.005031446540880503,0.005,,3.998584999999821,3.998584999999821,0.0,banana,6,,SPINE+1NN,10,24,530,4770,0.9949685534591195,1528386645,False,"{""admission"": {""criterion"": ""risk"", ""removed_risk"": 3, ""removed_support"": 0}, ""betti_final"": [[4, 0], [3, 0]], ""betti_frozen"": [[4, 0], [3, 0]], ""betti_nerve"": [[2, 0], [2, 0]], ""boundary_restriction"": ""both"", ""forced_removals"": 0, ""growth_representation_fallbacks"": 0, ""invariant_held"": true, ""n_segments"": 17, ""n_train_fit"": 3578, ""n_val"": 1192, ""phase0"": [{""constant_lens"": false, ""gain"": 0.25, ""lens"": ""pc1"", ""lens_scaling"": ""standardize"", ""min_cluster_size"": 17, ""min_samples"": 5, ""n_class"": 1974, ""n_edges"": 10, ""n_intervals"": 7, ""n_vertices"": 12, ""noise_reassigned"": 199, ""placement"": ""quantile"", ""slabs"": [{""k"": 1, ""n"": 318}, {""k"": 1, ""n"": 352}, {""k"": 1, ""n"": 352}, {""k"": 3, ""n"": 352}, {""k"": 2, ""n"": 352}, {""k"": 2, ""n"": 352}, {""k"": 2, ""n"": 318}]}, {""constant_lens"": false, ""gain"": 0.25, ""lens"": ""pc1"", ""lens_scaling"": ""standardize"", ""min_cluster_size"": 17, ""min_samples"": 5, ""n_class"": 1604, ""n_edges"": 6, ""n_intervals"": 7, ""n_vertices"": 8, ""noise_reassigned"": 311, ""placement"": ""uniform"", ""slabs"": [{""k"": 1, ""n"": 69}, {""k"": 1, ""n"": 204}, {""k"": 1, ""n"": 449}, {""k"": 1, ""n"": 751}, {""k"": 2, ""n"": 247}, {""k"": 1, ""n"": 165}, {""k"": 1, ""n"": 107}]}], ""soundness_bound_holds"": true, ""step_rule"": ""scale_free"", ""topology_retention_nerve_to_frozen"": {""beta0_frozen"": 7, ""beta0_nerve"": 4, ""beta1_frozen"": 0, ""beta1_nerve"": 0}}",True
0.8849056603773585,24,False,0.005031446540880503,0.005,,3.998584999999821,3.998584999999821,0.0,banana,6,,SPINE+Graph,10,24,530,4770,0.9949685534591195,1528386645,False,"{""admission"": {""criterion"": ""risk"", ""removed_risk"": 3, ""removed_support"": 0}, ""betti_final"": [[4, 0], [3, 0]], ""betti_frozen"": [[4, 0], [3, 0]], ""betti_nerve"": [[2, 0], [2, 0]], ""boundary_restriction"": ""both"", ""forced_removals"": 0, ""growth_representation_fallbacks"": 0, ""invariant_held"": true, ""n_segments"": 17, ""n_train_fit"": 3578, ""n_val"": 1192, ""phase0"": [{""constant_lens"": false, ""gain"": 0.25, ""lens"": ""pc1"", ""lens_scaling"": ""standardize"", ""min_cluster_size"": 17, ""min_samples"": 5, ""n_class"": 1974, ""n_edges"": 10, ""n_intervals"": 7, ""n_vertices"": 12, ""noise_reassigned"": 199, ""placement"": ""quantile"", ""slabs"": [{""k"": 1, ""n"": 318}, {""k"": 1, ""n"": 352}, {""k"": 1, ""n"": 352}, {""k"": 3, ""n"": 352}, {""k"": 2, ""n"": 352}, {""k"": 2, ""n"": 352}, {""k"": 2, ""n"": 318}]}, {""constant_lens"": false, ""gain"": 0.25, ""lens"": ""pc1"", ""lens_scaling"": ""standardize"", ""min_cluster_size"": 17, ""min_samples"": 5, ""n_class"": 1604, ""n_edges"": 6, ""n_intervals"": 7, ""n_vertices"": 8, ""noise_reassigned"": 311, ""placement"": ""uniform"", ""slabs"": [{""k"": 1, ""n"": 69}, {""k"": 1, ""n"": 204}, {""k"": 1, ""n"": 449}, {""k"": 1, ""n"": 751}, {""k"": 2, ""n"": 247}, {""k"": 1, ""n"": 165}, {""k"": 1, ""n"": 107}]}], ""soundness_bound_holds"": true, ""step_rule"": ""scale_free"", ""topology_retention_nerve_to_frozen"": {""beta0_frozen"": 7, ""beta0_nerve"": 4, ""beta1_frozen"": 0, ""beta1_nerve"": 0}}",True
0.8943396226415095,24,False,0.005031446540880503,0.005,,0.8240789999999834,13.74107099999992,12.916991999999937,banana,6,"{""epsilon"": 0.1, ""window"": 0.2}",LVQ3,10,24,530,4770,0.9949685534591195,1528386645,False,,True
0.879245283018868,24,False,0.005031446540880503,0.005,"{""0"": 13, ""1"": 11}",0.7803870000002462,0.7803870000002462,0.0,banana,6,,KMeans,10,24,530,4770,0.9949685534591195,1528386645,False,,True
0.7264150943396226,24,False,0.005031446540880503,0.005,"{""0"": 13, ""1"": 11}",0.0008819999998195271,0.0008819999998195271,0.0,banana,6,,Random,10,24,530,4770,0.9949685534591195,1528386645,False,,True
0.8528301886792453,24,False,0.005031446540880503,0.005,,1.6741219999998975,1.6741219999998975,0.0,banana,6,,SPOT,10,24,530,4770,0.9949685534591195,1528386645,False,,True
0.8528301886792453,24,False,0.005031446540880503,0.005,,3.9521880000002056,3.9521880000002056,0.0,banana,6,,GLVQ,10,24,530,4770,0.9949685534591195,1528386645,False,,True
0.869811320754717,24,False,0.005031446540880503,0.005,,0.09618100000034246,0.09618100000034246,0.0,banana,6,,GNG,10,24,530,4770,0.9949685534591195,1528386645,False,,True
0.8735849056603774,48,False,0.010062893081761006,0.01,,2.700000004551839e-05,2.700000004551839e-05,0.0,banana,6,,Full,10,4770,530,4770,0.0,1528386645,True,,False
0.8377358490566038,48,False,0.010062893081761006,0.01,,0.24870899999996254,0.24870899999996254,0.0,banana,6,,RSP3,10,1176,530,4770,0.7534591194968554,1528386645,True,,False
0.8433962264150944,48,False,0.010062893081761006,0.01,,3.0873019999999087,3.0873019999999087,0.0,banana,6,,RHC,10,960,530,4770,0.7987421383647799,1528386645,True,,False
0.8886792452830189,48,False,0.010062893081761006,0.01,,2.9753930000001674,2.9753930000001674,0.0,banana,6,,SPINE+1NN,10,48,530,4770,0.989937106918239,1528386645,False,"{""admission"": {""criterion"": ""risk"", ""removed_risk"": 3, ""removed_support"": 0}, ""betti_final"": [[4, 0], [3, 0]], ""betti_frozen"": [[4, 0], [3, 0]], ""betti_nerve"": [[2, 0], [2, 0]], ""boundary_restriction"": ""both"", ""forced_removals"": 0, ""growth_representation_fallbacks"": 0, ""invariant_held"": true, ""n_segments"": 41, ""n_train_fit"": 3578, ""n_val"": 1192, ""phase0"": [{""constant_lens"": false, ""gain"": 0.25, ""lens"": ""pc1"", ""lens_scaling"": ""standardize"", ""min_cluster_size"": 17, ""min_samples"": 5, ""n_class"": 1974, ""n_edges"": 10, ""n_intervals"": 7, ""n_vertices"": 12, ""noise_reassigned"": 199, ""placement"": ""quantile"", ""slabs"": [{""k"": 1, ""n"": 318}, {""k"": 1, ""n"": 352}, {""k"": 1, ""n"": 352}, {""k"": 3, ""n"": 352}, {""k"": 2, ""n"": 352}, {""k"": 2, ""n"": 352}, {""k"": 2, ""n"": 318}]}, {""constant_lens"": false, ""gain"": 0.25, ""lens"": ""pc1"", ""lens_scaling"": ""standardize"", ""min_cluster_size"": 17, ""min_samples"": 5, ""n_class"": 1604, ""n_edges"": 6, ""n_intervals"": 7, ""n_vertices"": 8, ""noise_reassigned"": 311, ""placement"": ""uniform"", ""slabs"": [{""k"": 1, ""n"": 69}, {""k"": 1, ""n"": 204}, {""k"": 1, ""n"": 449}, {""k"": 1, ""n"": 751}, {""k"": 2, ""n"": 247}, {""k"": 1, ""n"": 165}, {""k"": 1, ""n"": 107}]}], ""soundness_bound_holds"": true, ""step_rule"": ""scale_free"", ""topology_retention_nerve_to_frozen"": {""beta0_frozen"": 7, ""beta0_nerve"": 4, ""beta1_frozen"": 0, ""beta1_nerve"": 0}}",True
0.9037735849056604,48,False,0.010062893081761006,0.01,,2.9753930000001674,2.9753930000001674,0.0,banana,6,,SPINE+Graph,10,48,530,4770,0.989937106918239,1528386645,False,"{""admission"": {""criterion"": ""risk"", ""removed_risk"": 3, ""removed_support"": 0}, ""betti_final"": [[4, 0], [3, 0]], ""betti_frozen"": [[4, 0], [3, 0]], ""betti_nerve"": [[2, 0], [2, 0]], ""boundary_restriction"": ""both"", ""forced_removals"": 0, ""growth_representation_fallbacks"": 0, ""invariant_held"": true, ""n_segments"": 41, ""n_train_fit"": 3578, ""n_val"": 1192, ""phase0"": [{""constant_lens"": false, ""gain"": 0.25, ""lens"": ""pc1"", ""lens_scaling"": ""standardize"", ""min_cluster_size"": 17, ""min_samples"": 5, ""n_class"": 1974, ""n_edges"": 10, ""n_intervals"": 7, ""n_vertices"": 12, ""noise_reassigned"": 199, ""placement"": ""quantile"", ""slabs"": [{""k"": 1, ""n"": 318}, {""k"": 1, ""n"": 352}, {""k"": 1, ""n"": 352}, {""k"": 3, ""n"": 352}, {""k"": 2, ""n"": 352}, {""k"": 2, ""n"": 352}, {""k"": 2, ""n"": 318}]}, {""constant_lens"": false, ""gain"": 0.25, ""lens"": ""pc1"", ""lens_scaling"": ""standardize"", ""min_cluster_size"": 17, ""min_samples"": 5, ""n_class"": 1604, ""n_edges"": 6, ""n_intervals"": 7, ""n_vertices"": 8, ""noise_reassigned"": 311, ""placement"": ""uniform"", ""slabs"": [{""k"": 1, ""n"": 69}, {""k"": 1, ""n"": 204}, {""k"": 1, ""n"": 449}, {""k"": 1, ""n"": 751}, {""k"": 2, ""n"": 247}, {""k"": 1, ""n"": 165}, {""k"": 1, ""n"": 107}]}], ""soundness_bound_holds"": true, ""step_rule"": ""scale_free"", ""topology_retention_nerve_to_frozen"": {""beta0_frozen"": 7, ""beta0_nerve"": 4, ""beta1_frozen"": 0, ""beta1_nerve"": 0}}",True
0.8905660377358491,48,False,0.010062893081761006,0.01,,0.8782870000000003,15.304191000000174,14.425904000000173,banana,6,"{""epsilon"": 0.1, ""window"": 0.2}",LVQ3,10,48,530,4770,0.989937106918239,1528386645,False,,True
0.909433962264151,48,False,0.010062893081761006,0.01,"{""0"": 26, ""1"": 22}",1.1213049999996656,1.1213049999996656,0.0,banana,6,,KMeans,10,48,530,4770,0.989937106918239,1528386645,False,,True
0.8018867924528302,48,False,0.010062893081761006,0.01,"{""0"": 26, ""1"": 22}",0.0008199999997486884,0.0008199999997486884,0.0,banana,6,,Random,10,48,530,4770,0.989937106918239,1528386645,False,,True
0.8528301886792453,48,False,0.010062893081761006,0.01,,1.7674200000001292,1.7674200000001292,0.0,banana,6,,SPOT,10,48,530,4770,0.989937106918239,1528386645,False,,True
0.8528301886792453,48,False,0.010062893081761006,0.01,,6.35813300000018,6.35813300000018,0.0,banana,6,,GLVQ,10,48,530,4770,0.989937106918239,1528386645,False,,True
0.8867924528301887,48,False,0.010062893081761006,0.01,,0.24688000000014654,0.24688000000014654,0.0,banana,6,,GNG,10,48,530,4770,0.989937106918239,1528386645,False,,True
0.8735849056603774,95,False,0.019916142557651992,0.02,,2.700000004551839e-05,2.700000004551839e-05,0.0,banana,6,,Full,10,4770,530,4770,0.0,1528386645,True,,False
0.8377358490566038,95,False,0.019916142557651992,0.02,,0.24870899999996254,0.24870899999996254,0.0,banana,6,,RSP3,10,1176,530,4770,0.7534591194968554,1528386645,True,,False
0.8433962264150944,95,False,0.019916142557651992,0.02,,3.0873019999999087,3.0873019999999087,0.0,banana,6,,RHC,10,960,530,4770,0.7987421383647799,1528386645,True,,False
0.9056603773584906,95,False,0.019916142557651992,0.02,,3.169608000000153,3.169608000000153,0.0,banana,6,,SPINE+1NN,10,95,530,4770,0.980083857442348,1528386645,False,"{""admission"": {""criterion"": ""risk"", ""removed_risk"": 3, ""removed_support"": 0}, ""betti_final"": [[4, 0], [3, 0]], ""betti_frozen"": [[4, 0], [3, 0]], ""betti_nerve"": [[2, 0], [2, 0]], ""boundary_restriction"": ""both"", ""forced_removals"": 0, ""growth_representation_fallbacks"": 13, ""invariant_held"": true, ""n_segments"": 88, ""n_train_fit"": 3578, ""n_val"": 1192, ""phase0"": [{""constant_lens"": false, ""gain"": 0.25, ""lens"": ""pc1"", ""lens_scaling"": ""standardize"", ""min_cluster_size"": 17, ""min_samples"": 5, ""n_class"": 1974, ""n_edges"": 10, ""n_intervals"": 7, ""n_vertices"": 12, ""noise_reassigned"": 199, ""placement"": ""quantile"", ""slabs"": [{""k"": 1, ""n"": 318}, {""k"": 1, ""n"": 352}, {""k"": 1, ""n"": 352}, {""k"": 3, ""n"": 352}, {""k"": 2, ""n"": 352}, {""k"": 2, ""n"": 352}, {""k"": 2, ""n"": 318}]}, {""constant_lens"": false, ""gain"": 0.25, ""lens"": ""pc1"", ""lens_scaling"": ""standardize"", ""min_cluster_size"": 17, ""min_samples"": 5, ""n_class"": 1604, ""n_edges"": 6, ""n_intervals"": 7, ""n_vertices"": 8, ""noise_reassigned"": 311, ""placement"": ""uniform"", ""slabs"": [{""k"": 1, ""n"": 69}, {""k"": 1, ""n"": 204}, {""k"": 1, ""n"": 449}, {""k"": 1, ""n"": 751}, {""k"": 2, ""n"": 247}, {""k"": 1, ""n"": 165}, {""k"": 1, ""n"": 107}]}], ""soundness_bound_holds"": true, ""step_rule"": ""scale_free"", ""topology_retention_nerve_to_frozen"": {""beta0_frozen"": 7, ""beta0_nerve"": 4, ""beta1_frozen"": 0, ""beta1_nerve"": 0}}",True
0.9056603773584906,95,False,0.019916142557651992,0.02,,3.169608000000153,3.169608000000153,0.0,banana,6,,SPINE+Graph,10,95,530,4770,0.980083857442348,1528386645,False,"{""admission"": {""criterion"": ""risk"", ""removed_risk"": 3, ""removed_support"": 0}, ""betti_final"": [[4, 0], [3, 0]], ""betti_frozen"": [[4, 0], [3, 0]], ""betti_nerve"": [[2, 0], [2, 0]], ""boundary_restriction"": ""both"", ""forced_removals"": 0, ""growth_representation_fallbacks"": 13, ""invariant_held"": true, ""n_segments"": 88, ""n_train_fit"": 3578, ""n_val"": 1192, ""phase0"": [{""constant_lens"": false, ""gain"": 0.25, ""lens"": ""pc1"", ""lens_scaling"": ""standardize"", ""min_cluster_size"": 17, ""min_samples"": 5, ""n_class"": 1974, ""n_edges"": 10, ""n_intervals"": 7, ""n_vertices"": 12, ""noise_reassigned"": 199, ""placement"": ""quantile"", ""slabs"": [{""k"": 1, ""n"": 318}, {""k"": 1, ""n"": 352}, {""k"": 1, ""n"": 352}, {""k"": 3, ""n"": 352}, {""k"": 2, ""n"": 352}, {""k"": 2, ""n"": 352}, {""k"": 2, ""n"": 318}]}, {""constant_lens"": false, ""gain"": 0.25, ""lens"": ""pc1"", ""lens_scaling"": ""standardize"", ""min_cluster_size"": 17, ""min_samples"": 5, ""n_class"": 1604, ""n_edges"": 6, ""n_intervals"": 7, ""n_vertices"": 8, ""noise_reassigned"": 311, ""placement"": ""uniform"", ""slabs"": [{""k"": 1, ""n"": 69}, {""k"": 1, ""n"": 204}, {""k"": 1, ""n"": 449}, {""k"": 1, ""n"": 751}, {""k"": 2, ""n"": 247}, {""k"": 1, ""n"": 165}, {""k"": 1, ""n"": 107}]}], ""soundness_bound_holds"": true, ""step_rule"": ""scale_free"", ""topology_retention_nerve_to_frozen"": {""beta0_frozen"": 7, ""beta0_nerve"": 4, ""beta1_frozen"": 0, ""beta1_nerve"": 0}}",True
0.8962264150943396,95,False,0.019916142557651992,0.02,,1.2049910000000637,19.133550000000014,17.92855899999995,banana,6,"{""epsilon"": 0.1, ""window"": 0.2}",LVQ3,10,95,530,4770,0.980083857442348,1528386645,False,,True
0.8962264150943396,95,False,0.019916142557651992,0.02,"{""0"": 52, ""1"": 43}",1.6785719999998037,1.6785719999998037,0.0,banana,6,,KMeans,10,95,530,4770,0.980083857442348,1528386645,False,,True
0.8075471698113208,95,False,0.019916142557651992,0.02,"{""0"": 52, ""1"": 43}",0.001506000000063068,0.001506000000063068,0.0,banana,6,,Random,10,95,530,4770,0.980083857442348,1528386645,False,,True
0.8377358490566038,95,False,0.019916142557651992,0.02,,2.4709649999999783,2.4709649999999783,0.0,banana,6,,SPOT,10,95,530,4770,0.980083857442348,1528386645,False,,True
0.8471698113207548,95,False,0.019916142557651992,0.02,,16.211001000000124,16.211001000000124,0.0,banana,6,,GLVQ,10,95,530,4770,0.980083857442348,1528386645,False,,True
0.8981132075471698,95,False,0.019916142557651992,0.02,,1.077487999999903,1.077487999999903,0.0,banana,6,,GNG,10,95,530,4770,0.980083857442348,1528386645,False,,True
0.8735849056603774,239,False,0.05010482180293501,0.05,,2.700000004551839e-05,2.700000004551839e-05,0.0,banana,6,,Full,10,4770,530,4770,0.0,1528386645,True,,False
0.8377358490566038,239,False,0.05010482180293501,0.05,,0.24870899999996254,0.24870899999996254,0.0,banana,6,,RSP3,10,1176,530,4770,0.7534591194968554,1528386645,True,,False
0.8433962264150944,239,False,0.05010482180293501,0.05,,3.0873019999999087,3.0873019999999087,0.0,banana,6,,RHC,10,960,530,4770,0.7987421383647799,1528386645,True,,False
0.9,239,False,0.05010482180293501,0.05,,6.8737529999998515,6.8737529999998515,0.0,banana,6,,SPINE+1NN,10,239,530,4770,0.949895178197065,1528386645,False,"{""admission"": {""criterion"": ""risk"", ""removed_risk"": 3, ""removed_support"": 0}, ""betti_final"": [[4, 0], [3, 0]], ""betti_frozen"": [[4, 0], [3, 0]], ""betti_nerve"": [[2, 0], [2, 0]], ""boundary_restriction"": ""both"", ""forced_removals"": 0, ""growth_representation_fallbacks"": 91, ""invariant_held"": true, ""n_segments"": 232, ""n_train_fit"": 3578, ""n_val"": 1192, ""phase0"": [{""constant_lens"": false, ""gain"": 0.25, ""lens"": ""pc1"", ""lens_scaling"": ""standardize"", ""min_cluster_size"": 17, ""min_samples"": 5, ""n_class"": 1974, ""n_edges"": 10, ""n_intervals"": 7, ""n_vertices"": 12, ""noise_reassigned"": 199, ""placement"": ""quantile"", ""slabs"": [{""k"": 1, ""n"": 318}, {""k"": 1, ""n"": 352}, {""k"": 1, ""n"": 352}, {""k"": 3, ""n"": 352}, {""k"": 2, ""n"": 352}, {""k"": 2, ""n"": 352}, {""k"": 2, ""n"": 318}]}, {""constant_lens"": false, ""gain"": 0.25, ""lens"": ""pc1"", ""lens_scaling"": ""standardize"", ""min_cluster_size"": 17, ""min_samples"": 5, ""n_class"": 1604, ""n_edges"": 6, ""n_intervals"": 7, ""n_vertices"": 8, ""noise_reassigned"": 311, ""placement"": ""uniform"", ""slabs"": [{""k"": 1, ""n"": 69}, {""k"": 1, ""n"": 204}, {""k"": 1, ""n"": 449}, {""k"": 1, ""n"": 751}, {""k"": 2, ""n"": 247}, {""k"": 1, ""n"": 165}, {""k"": 1, ""n"": 107}]}], ""soundness_bound_holds"": true, ""step_rule"": ""scale_free"", ""topology_retention_nerve_to_frozen"": {""beta0_frozen"": 7, ""beta0_nerve"": 4, ""beta1_frozen"": 0, ""beta1_nerve"": 0}}",True
0.8981132075471698,239,False,0.05010482180293501,0.05,,6.8737529999998515,6.8737529999998515,0.0,banana,6,,SPINE+Graph,10,239,530,4770,0.949895178197065,1528386645,False,"{""admission"": {""criterion"": ""risk"", ""removed_risk"": 3, ""removed_support"": 0}, ""betti_final"": [[4, 0], [3, 0]], ""betti_frozen"": [[4, 0], [3, 0]], ""betti_nerve"": [[2, 0], [2, 0]], ""boundary_restriction"": ""both"", ""forced_removals"": 0, ""growth_representation_fallbacks"": 91, ""invariant_held"": true, ""n_segments"": 232, ""n_train_fit"": 3578, ""n_val"": 1192, ""phase0"": [{""constant_lens"": false, ""gain"": 0.25, ""lens"": ""pc1"", ""lens_scaling"": ""standardize"", ""min_cluster_size"": 17, ""min_samples"": 5, ""n_class"": 1974, ""n_edges"": 10, ""n_intervals"": 7, ""n_vertices"": 12, ""noise_reassigned"": 199, ""placement"": ""quantile"", ""slabs"": [{""k"": 1, ""n"": 318}, {""k"": 1, ""n"": 352}, {""k"": 1, ""n"": 352}, {""k"": 3, ""n"": 352}, {""k"": 2, ""n"": 352}, {""k"": 2, ""n"": 352}, {""k"": 2, ""n"": 318}]}, {""constant_lens"": false, ""gain"": 0.25, ""lens"": ""pc1"", ""lens_scaling"": ""standardize"", ""min_cluster_size"": 17, ""min_samples"": 5, ""n_class"": 1604, ""n_edges"": 6, ""n_intervals"": 7, ""n_vertices"": 8, ""noise_reassigned"": 311, ""placement"": ""uniform"", ""slabs"": [{""k"": 1, ""n"": 69}, {""k"": 1, ""n"": 204}, {""k"": 1, ""n"": 449}, {""k"": 1, ""n"": 751}, {""k"": 2, ""n"": 247}, {""k"": 1, ""n"": 165}, {""k"": 1, ""n"": 107}]}], ""soundness_bound_holds"": true, ""step_rule"": ""scale_free"", ""topology_retention_nerve_to_frozen"": {""beta0_frozen"": 7, ""beta0_nerve"": 4, ""beta1_frozen"": 0, ""beta1_nerve"": 0}}",True
0.8924528301886793,239,False,0.05010482180293501,0.05,,1.3179250000002867,26.142718000000514,24.824793000000227,banana,6,"{""epsilon"": 0.1, ""window"": 0.3}",LVQ3,10,239,530,4770,0.949895178197065,1528386645,False,,True
0.8754716981132076,239,False,0.05010482180293501,0.05,"{""0"": 132, ""1"": 107}",2.9589889999997467,2.9589889999997467,0.0,banana,6,,KMeans,10,239,530,4770,0.949895178197065,1528386645,False,,True
0.8452830188679246,239,False,0.05010482180293501,0.05,"{""0"": 132, ""1"": 107}",0.001040999999986525,0.001040999999986525,0.0,banana,6,,Random,10,239,530,4770,0.949895178197065,1528386645,False,,True
0.8547169811320755,239,False,0.05010482180293501,0.05,,1.89177699999982,1.89177699999982,0.0,banana,6,,SPOT,10,239,530,4770,0.949895178197065,1528386645,False,,True
0.8547169811320755,239,False,0.05010482180293501,0.05,,25.25014400000009,25.25014400000009,0.0,banana,6,,GLVQ,10,239,530,4770,0.949895178197065,1528386645,False,,True
0.9,239,False,0.05010482180293501,0.05,,3.174149999999827,3.174149999999827,0.0,banana,6,,GNG,10,239,530,4770,0.949895178197065,1528386645,False,,True
0.8735849056603774,477,False,0.1,0.1,,2.700000004551839e-05,2.700000004551839e-05,0.0,banana,6,,Full,10,4770,530,4770,0.0,1528386645,True,,False
0.8377358490566038,477,False,0.1,0.1,,0.24870899999996254,0.24870899999996254,0.0,banana,6,,RSP3,10,1176,530,4770,0.7534591194968554,1528386645,True,,False
0.8433962264150944,477,False,0.1,0.1,,3.0873019999999087,3.0873019999999087,0.0,banana,6,,RHC,10,960,530,4770,0.7987421383647799,1528386645,True,,False
0.9132075471698113,477,False,0.1,0.1,,9.454603000000134,9.454603000000134,0.0,banana,6,,SPINE+1NN,10,477,530,4770,0.9,1528386645,False,"{""admission"": {""criterion"": ""risk"", ""removed_risk"": 3, ""removed_support"": 0}, ""betti_final"": [[4, 0], [3, 0]], ""betti_frozen"": [[4, 0], [3, 0]], ""betti_nerve"": [[2, 0], [2, 0]], ""boundary_restriction"": ""both"", ""forced_removals"": 0, ""growth_representation_fallbacks"": 231, ""invariant_held"": true, ""n_segments"": 470, ""n_train_fit"": 3578, ""n_val"": 1192, ""phase0"": [{""constant_lens"": false, ""gain"": 0.25, ""lens"": ""pc1"", ""lens_scaling"": ""standardize"", ""min_cluster_size"": 17, ""min_samples"": 5, ""n_class"": 1974, ""n_edges"": 10, ""n_intervals"": 7, ""n_vertices"": 12, ""noise_reassigned"": 199, ""placement"": ""quantile"", ""slabs"": [{""k"": 1, ""n"": 318}, {""k"": 1, ""n"": 352}, {""k"": 1, ""n"": 352}, {""k"": 3, ""n"": 352}, {""k"": 2, ""n"": 352}, {""k"": 2, ""n"": 352}, {""k"": 2, ""n"": 318}]}, {""constant_lens"": false, ""gain"": 0.25, ""lens"": ""pc1"", ""lens_scaling"": ""standardize"", ""min_cluster_size"": 17, ""min_samples"": 5, ""n_class"": 1604, ""n_edges"": 6, ""n_intervals"": 7, ""n_vertices"": 8, ""noise_reassigned"": 311, ""placement"": ""uniform"", ""slabs"": [{""k"": 1, ""n"": 69}, {""k"": 1, ""n"": 204}, {""k"": 1, ""n"": 449}, {""k"": 1, ""n"": 751}, {""k"": 2, ""n"": 247}, {""k"": 1, ""n"": 165}, {""k"": 1, ""n"": 107}]}], ""soundness_bound_holds"": true, ""step_rule"": ""scale_free"", ""topology_retention_nerve_to_frozen"": {""beta0_frozen"": 7, ""beta0_nerve"": 4, ""beta1_frozen"": 0, ""beta1_nerve"": 0}}",True
0.909433962264151,477,False,0.1,0.1,,9.454603000000134,9.454603000000134,0.0,banana,6,,SPINE+Graph,10,477,530,4770,0.9,1528386645,False,"{""admission"": {""criterion"": ""risk"", ""removed_risk"": 3, ""removed_support"": 0}, ""betti_final"": [[4, 0], [3, 0]], ""betti_frozen"": [[4, 0], [3, 0]], ""betti_nerve"": [[2, 0], [2, 0]], ""boundary_restriction"": ""both"", ""forced_removals"": 0, ""growth_representation_fallbacks"": 231, ""invariant_held"": true, ""n_segments"": 470, ""n_train_fit"": 3578, ""n_val"": 1192, ""phase0"": [{""constant_lens"": false, ""gain"": 0.25, ""lens"": ""pc1"", ""lens_scaling"": ""standardize"", ""min_cluster_size"": 17, ""min_samples"": 5, ""n_class"": 1974, ""n_edges"": 10, ""n_intervals"": 7, ""n_vertices"": 12, ""noise_reassigned"": 199, ""placement"": ""quantile"", ""slabs"": [{""k"": 1, ""n"": 318}, {""k"": 1, ""n"": 352}, {""k"": 1, ""n"": 352}, {""k"": 3, ""n"": 352}, {""k"": 2, ""n"": 352}, {""k"": 2, ""n"": 352}, {""k"": 2, ""n"": 318}]}, {""constant_lens"": false, ""gain"": 0.25, ""lens"": ""pc1"", ""lens_scaling"": ""standardize"", ""min_cluster_size"": 17, ""min_samples"": 5, ""n_class"": 1604, ""n_edges"": 6, ""n_intervals"": 7, ""n_vertices"": 8, ""noise_reassigned"": 311, ""placement"": ""uniform"", ""slabs"": [{""k"": 1, ""n"": 69}, {""k"": 1, ""n"": 204}, {""k"": 1, ""n"": 449}, {""k"": 1, ""n"": 751}, {""k"": 2, ""n"": 247}, {""k"": 1, ""n"": 165}, {""k"": 1, ""n"": 107}]}], ""soundness_bound_holds"": true, ""step_rule"": ""scale_free"", ""topology_retention_nerve_to_frozen"": {""beta0_frozen"": 7, ""beta0_nerve"": 4, ""beta1_frozen"": 0, ""beta1_nerve"": 0}}",True
0.8830188679245283,477,False,0.1,0.1,,1.9317809999997735,32.78715499999953,30.855373999999756,banana,6,"{""epsilon"": 0.3, ""window"": 0.3}",LVQ3,10,477,530,4770,0.9,1528386645,False,,True
0.8566037735849057,477,False,0.1,0.1,"{""0"": 263, ""1"": 214}",5.465816999999788,5.465816999999788,0.0,banana,6,,KMeans,10,477,530,4770,0.9,1528386645,False,,True
0.8377358490566038,477,False,0.1,0.1,"{""0"": 263, ""1"": 214}",0.0010659999998097192,0.0010659999998097192,0.0,banana,6,,Random,10,477,530,4770,0.9,1528386645,False,,True
0.8547169811320755,477,False,0.1,0.1,,2.029837999999927,2.029837999999927,0.0,banana,6,,SPOT,10,477,530,4770,0.9,1528386645,False,,True
0.8339622641509434,477,False,0.1,0.1,,49.36690800000042,49.36690800000042,0.0,banana,6,,GLVQ,10,477,530,4770,0.9,1528386645,False,,True
0.8886792452830189,477,False,0.1,0.1,,11.103031000000101,11.103031000000101,0.0,banana,6,,GNG,10,477,530,4770,0.9,1528386645,False,,True
0.8735849056603774,1193,False,0.25010482180293503,0.25,,2.700000004551839e-05,2.700000004551839e-05,0.0,banana,6,,Full,10,4770,530,4770,0.0,1528386645,True,,False
0.8377358490566038,1193,False,0.25010482180293503,0.25,,0.24870899999996254,0.24870899999996254,0.0,banana,6,,RSP3,10,1176,530,4770,0.7534591194968554,1528386645,True,,False
0.8433962264150944,1193,False,0.25010482180293503,0.25,,3.0873019999999087,3.0873019999999087,0.0,banana,6,,RHC,10,960,530,4770,0.7987421383647799,1528386645,True,,False
0.9169811320754717,1193,False,0.25010482180293503,0.25,,49.28016699999989,49.28016699999989,0.0,banana,6,,SPINE+1NN,10,1193,530,4770,0.749895178197065,1528386645,False,"{""admission"": {""criterion"": ""risk"", ""removed_risk"": 3, ""removed_support"": 0}, ""betti_final"": [[4, 0], [3, 0]], ""betti_frozen"": [[4, 0], [3, 0]], ""betti_nerve"": [[2, 0], [2, 0]], ""boundary_restriction"": ""both"", ""forced_removals"": 0, ""growth_representation_fallbacks"": 875, ""invariant_held"": true, ""n_segments"": 1186, ""n_train_fit"": 3578, ""n_val"": 1192, ""phase0"": [{""constant_lens"": false, ""gain"": 0.25, ""lens"": ""pc1"", ""lens_scaling"": ""standardize"", ""min_cluster_size"": 17, ""min_samples"": 5, ""n_class"": 1974, ""n_edges"": 10, ""n_intervals"": 7, ""n_vertices"": 12, ""noise_reassigned"": 199, ""placement"": ""quantile"", ""slabs"": [{""k"": 1, ""n"": 318}, {""k"": 1, ""n"": 352}, {""k"": 1, ""n"": 352}, {""k"": 3, ""n"": 352}, {""k"": 2, ""n"": 352}, {""k"": 2, ""n"": 352}, {""k"": 2, ""n"": 318}]}, {""constant_lens"": false, ""gain"": 0.25, ""lens"": ""pc1"", ""lens_scaling"": ""standardize"", ""min_cluster_size"": 17, ""min_samples"": 5, ""n_class"": 1604, ""n_edges"": 6, ""n_intervals"": 7, ""n_vertices"": 8, ""noise_reassigned"": 311, ""placement"": ""uniform"", ""slabs"": [{""k"": 1, ""n"": 69}, {""k"": 1, ""n"": 204}, {""k"": 1, ""n"": 449}, {""k"": 1, ""n"": 751}, {""k"": 2, ""n"": 247}, {""k"": 1, ""n"": 165}, {""k"": 1, ""n"": 107}]}], ""soundness_bound_holds"": true, ""step_rule"": ""scale_free"", ""topology_retention_nerve_to_frozen"": {""beta0_frozen"": 7, ""beta0_nerve"": 4, ""beta1_frozen"": 0, ""beta1_nerve"": 0}}",True
0.9113207547169812,1193,False,0.25010482180293503,0.25,,49.28016699999989,49.28016699999989,0.0,banana,6,,SPINE+Graph,10,1193,530,4770,0.749895178197065,1528386645,False,"{""admission"": {""criterion"": ""risk"", ""removed_risk"": 3, ""removed_support"": 0}, ""betti_final"": [[4, 0], [3, 0]], ""betti_frozen"": [[4, 0], [3, 0]], ""betti_nerve"": [[2, 0], [2, 0]], ""boundary_restriction"": ""both"", ""forced_removals"": 0, ""growth_representation_fallbacks"": 875, ""invariant_held"": true, ""n_segments"": 1186, ""n_train_fit"": 3578, ""n_val"": 1192, ""phase0"": [{""constant_lens"": false, ""gain"": 0.25, ""lens"": ""pc1"", ""lens_scaling"": ""standardize"", ""min_cluster_size"": 17, ""min_samples"": 5, ""n_class"": 1974, ""n_edges"": 10, ""n_intervals"": 7, ""n_vertices"": 12, ""noise_reassigned"": 199, ""placement"": ""quantile"", ""slabs"": [{""k"": 1, ""n"": 318}, {""k"": 1, ""n"": 352}, {""k"": 1, ""n"": 352}, {""k"": 3, ""n"": 352}, {""k"": 2, ""n"": 352}, {""k"": 2, ""n"": 352}, {""k"": 2, ""n"": 318}]}, {""constant_lens"": false, ""gain"": 0.25, ""lens"": ""pc1"", ""lens_scaling"": ""standardize"", ""min_cluster_size"": 17, ""min_samples"": 5, ""n_class"": 1604, ""n_edges"": 6, ""n_intervals"": 7, ""n_vertices"": 8, ""noise_reassigned"": 311, ""placement"": ""uniform"", ""slabs"": [{""k"": 1, ""n"": 69}, {""k"": 1, ""n"": 204}, {""k"": 1, ""n"": 449}, {""k"": 1, ""n"": 751}, {""k"": 2, ""n"": 247}, {""k"": 1, ""n"": 165}, {""k"": 1, ""n"": 107}]}], ""soundness_bound_holds"": true, ""step_rule"": ""scale_free"", ""topology_retention_nerve_to_frozen"": {""beta0_frozen"": 7, ""beta0_nerve"": 4, ""beta1_frozen"": 0, ""beta1_nerve"": 0}}",True
0.879245283018868,1193,False,0.25010482180293503,0.25,,3.689057999999932,61.62587199999962,57.936813999999686,banana,6,"{""epsilon"": 0.1, ""window"": 0.3}",LVQ3,10,1193,530,4770,0.749895178197065,1528386645,False,,True
0.839622641509434,1193,False,0.25010482180293503,0.25,"{""0"": 658, ""1"": 535}",12.991993999999977,12.991993999999977,0.0,banana,6,,KMeans,10,1193,530,4770,0.749895178197065,1528386645,False,,True
0.869811320754717,1193,False,0.25010482180293503,0.25,"{""0"": 658, ""1"": 535}",0.006683999999950174,0.006683999999950174,0.0,banana,6,,Random,10,1193,530,4770,0.749895178197065,1528386645,False,,True
0.8735849056603774,1193,False,0.25010482180293503,0.25,,2.0981879999999364,2.0981879999999364,0.0,banana,6,,SPOT,10,1193,530,4770,0.749895178197065,1528386645,False,,True
0.8452830188679246,1193,False,0.25010482180293503,0.25,,122.0497290000003,122.0497290000003,0.0,banana,6,,GLVQ,10,1193,530,4770,0.749895178197065,1528386645,False,,True
0.8377358490566038,1193,False,0.25010482180293503,0.25,,64.33648900000026,64.33648900000026,0.0,banana,6,,GNG,10,1193,530,4770,0.749895178197065,1528386645,False,,True
0.8924528301886793,24,False,0.005031446540880503,0.005,,3.200000082870247e-05,3.200000082870247e-05,0.0,banana,7,,Full,10,4770,530,4770,0.0,1529386648,False,,False
0.8660377358490566,24,False,0.005031446540880503,0.005,,0.2627650000003996,0.2627650000003996,0.0,banana,7,,RSP3,10,1175,530,4770,0.7536687631027253,1529386648,False,,False
0.8509433962264151,24,False,0.005031446540880503,0.005,,3.244629000000714,3.244629000000714,0.0,banana,7,,RHC,10,983,530,4770,0.7939203354297694,1529386648,False,,False
0.7886792452830189,24,False,0.005031446540880503,0.005,,3.982842999999775,3.982842999999775,0.0,banana,7,,SPINE+1NN,10,24,530,4770,0.9949685534591195,1529386648,False,"{""admission"": {""criterion"": ""risk"", ""removed_risk"": 2, ""removed_support"": 0}, ""betti_final"": [[4, 0], [2, 0]], ""betti_frozen"": [[4, 0], [2, 0]], ""betti_nerve"": [[2, 0], [2, 0]], ""boundary_restriction"": ""both"", ""forced_removals"": 0, ""growth_representation_fallbacks"": 0, ""invariant_held"": true, ""n_segments"": 18, ""n_train_fit"": 3578, ""n_val"": 1192, ""phase0"": [{""constant_lens"": false, ""gain"": 0.25, ""lens"": ""pc1"", ""lens_scaling"": ""standardize"", ""min_cluster_size"": 17, ""min_samples"": 5, ""n_class"": 1974, ""n_edges"": 9, ""n_intervals"": 7, ""n_vertices"": 11, ""noise_reassigned"": 140, ""placement"": ""quantile"", ""slabs"": [{""k"": 1, ""n"": 318}, {""k"": 1, ""n"": 352}, {""k"": 1, ""n"": 352}, {""k"": 2, ""n"": 352}, {""k"": 2, ""n"": 352}, {""k"": 2, ""n"": 352}, {""k"": 2, ""n"": 318}]}, {""constant_lens"": false, ""gain"": 0.25, ""lens"": ""pc1"", ""lens_scaling"": ""standardize"", ""min_cluster_size"": 17, ""min_samples"": 5, ""n_class"": 1604, ""n_edges"": 6, ""n_intervals"": 7, ""n_vertices"": 8, ""noise_reassigned"": 572, ""placement"": ""uniform"", ""slabs"": [{""k"": 1, ""n"": 72}, {""k"": 1, ""n"": 223}, {""k"": 1, ""n"": 454}, {""k"": 1, ""n"": 739}, {""k"": 2, ""n"": 242}, {""k"": 1, ""n"": 171}, {""k"": 1, ""n"": 106}]}], ""soundness_bound_holds"": true, ""step_rule"": ""scale_free"", ""topology_retention_nerve_to_frozen"": {""beta0_frozen"": 6, ""beta0_nerve"": 4, ""beta1_frozen"": 0, ""beta1_nerve"": 0}}",True
0.9018867924528302,24,False,0.005031446540880503,0.005,,3.982842999999775,3.982842999999775,0.0,banana,7,,SPINE+Graph,10,24,530,4770,0.9949685534591195,1529386648,False,"{""admission"": {""criterion"": ""risk"", ""removed_risk"": 2, ""removed_support"": 0}, ""betti_final"": [[4, 0], [2, 0]], ""betti_frozen"": [[4, 0], [2, 0]], ""betti_nerve"": [[2, 0], [2, 0]], ""boundary_restriction"": ""both"", ""forced_removals"": 0, ""growth_representation_fallbacks"": 0, ""invariant_held"": true, ""n_segments"": 18, ""n_train_fit"": 3578, ""n_val"": 1192, ""phase0"": [{""constant_lens"": false, ""gain"": 0.25, ""lens"": ""pc1"", ""lens_scaling"": ""standardize"", ""min_cluster_size"": 17, ""min_samples"": 5, ""n_class"": 1974, ""n_edges"": 9, ""n_intervals"": 7, ""n_vertices"": 11, ""noise_reassigned"": 140, ""placement"": ""quantile"", ""slabs"": [{""k"": 1, ""n"": 318}, {""k"": 1, ""n"": 352}, {""k"": 1, ""n"": 352}, {""k"": 2, ""n"": 352}, {""k"": 2, ""n"": 352}, {""k"": 2, ""n"": 352}, {""k"": 2, ""n"": 318}]}, {""constant_lens"": false, ""gain"": 0.25, ""lens"": ""pc1"", ""lens_scaling"": ""standardize"", ""min_cluster_size"": 17, ""min_samples"": 5, ""n_class"": 1604, ""n_edges"": 6, ""n_intervals"": 7, ""n_vertices"": 8, ""noise_reassigned"": 572, ""placement"": ""uniform"", ""slabs"": [{""k"": 1, ""n"": 72}, {""k"": 1, ""n"": 223}, {""k"": 1, ""n"": 454}, {""k"": 1, ""n"": 739}, {""k"": 2, ""n"": 242}, {""k"": 1, ""n"": 171}, {""k"": 1, ""n"": 106}]}], ""soundness_bound_holds"": true, ""step_rule"": ""scale_free"", ""topology_retention_nerve_to_frozen"": {""beta0_frozen"": 6, ""beta0_nerve"": 4, ""beta1_frozen"": 0, ""beta1_nerve"": 0}}",True
0.9113207547169812,24,False,0.005031446540880503,0.005,,0.8194699999994555,13.696120999999039,12.876650999999583,banana,7,"{""epsilon"": 0.1, ""window"": 0.2}",LVQ3,10,24,530,4770,0.9949685534591195,1529386648,False,,True
0.8830188679245283,24,False,0.005031446540880503,0.005,"{""0"": 13, ""1"": 11}",0.7101459999994404,0.7101459999994404,0.0,banana,7,,KMeans,10,24,530,4770,0.9949685534591195,1529386648,False,,True
0.7245283018867924,24,False,0.005031446540880503,0.005,"{""0"": 13, ""1"": 11}",0.0008080000006884802,0.0008080000006884802,0.0,banana,7,,Random,10,24,530,4770,0.9949685534591195,1529386648,False,,True
0.8150943396226416,24,False,0.005031446540880503,0.005,,1.7397899999996298,1.7397899999996298,0.0,banana,7,,SPOT,10,24,530,4770,0.9949685534591195,1529386648,False,,True
0.8622641509433963,24,False,0.005031446540880503,0.005,,3.9623310000006313,3.9623310000006313,0.0,banana,7,,GLVQ,10,24,530,4770,0.9949685534591195,1529386648,False,,True
0.8754716981132076,24,False,0.005031446540880503,0.005,,0.09627699999964534,0.09627699999964534,0.0,banana,7,,GNG,10,24,530,4770,0.9949685534591195,1529386648,False,,True
0.8924528301886793,48,False,0.010062893081761006,0.01,,3.200000082870247e-05,3.200000082870247e-05,0.0,banana,7,,Full,10,4770,530,4770,0.0,1529386648,True,,False
0.8660377358490566,48,False,0.010062893081761006,0.01,,0.2627650000003996,0.2627650000003996,0.0,banana,7,,RSP3,10,1175,530,4770,0.7536687631027253,1529386648,True,,False
0.8509433962264151,48,False,0.010062893081761006,0.01,,3.244629000000714,3.244629000000714,0.0,banana,7,,RHC,10,983,530,4770,0.7939203354297694,1529386648,True,,False
0.9056603773584906,48,False,0.010062893081761006,0.01,,2.990933000000041,2.990933000000041,0.0,banana,7,,SPINE+1NN,10,48,530,4770,0.989937106918239,1529386648,False,"{""admission"": {""criterion"": ""risk"", ""removed_risk"": 2, ""removed_support"": 0}, ""betti_final"": [[4, 0], [2, 0]], ""betti_frozen"": [[4, 0], [2, 0]], ""betti_nerve"": [[2, 0], [2, 0]], ""boundary_restriction"": ""both"", ""forced_removals"": 0, ""growth_representation_fallbacks"": 0, ""invariant_held"": true, ""n_segments"": 42, ""n_train_fit"": 3578, ""n_val"": 1192, ""phase0"": [{""constant_lens"": false, ""gain"": 0.25, ""lens"": ""pc1"", ""lens_scaling"": ""standardize"", ""min_cluster_size"": 17, ""min_samples"": 5, ""n_class"": 1974, ""n_edges"": 9, ""n_intervals"": 7, ""n_vertices"": 11, ""noise_reassigned"": 140, ""placement"": ""quantile"", ""slabs"": [{""k"": 1, ""n"": 318}, {""k"": 1, ""n"": 352}, {""k"": 1, ""n"": 352}, {""k"": 2, ""n"": 352}, {""k"": 2, ""n"": 352}, {""k"": 2, ""n"": 352}, {""k"": 2, ""n"": 318}]}, {""constant_lens"": false, ""gain"": 0.25, ""lens"": ""pc1"", ""lens_scaling"": ""standardize"", ""min_cluster_size"": 17, ""min_samples"": 5, ""n_class"": 1604, ""n_edges"": 6, ""n_intervals"": 7, ""n_vertices"": 8, ""noise_reassigned"": 572, ""placement"": ""uniform"", ""slabs"": [{""k"": 1, ""n"": 72}, {""k"": 1, ""n"": 223}, {""k"": 1, ""n"": 454}, {""k"": 1, ""n"": 739}, {""k"": 2, ""n"": 242}, {""k"": 1, ""n"": 171}, {""k"": 1, ""n"": 106}]}], ""soundness_bound_holds"": true, ""step_rule"": ""scale_free"", ""topology_retention_nerve_to_frozen"": {""beta0_frozen"": 6, ""beta0_nerve"": 4, ""beta1_frozen"": 0, ""beta1_nerve"": 0}}",True
0.8981132075471698,48,False,0.010062893081761006,0.01,,2.990933000000041,2.990933000000041,0.0,banana,7,,SPINE+Graph,10,48,530,4770,0.989937106918239,1529386648,False,"{""admission"": {""criterion"": ""risk"", ""removed_risk"": 2, ""removed_support"": 0}, ""betti_final"": [[4, 0], [2, 0]], ""betti_frozen"": [[4, 0], [2, 0]], ""betti_nerve"": [[2, 0], [2, 0]], ""boundary_restriction"": ""both"", ""forced_removals"": 0, ""growth_representation_fallbacks"": 0, ""invariant_held"": true, ""n_segments"": 42, ""n_train_fit"": 3578, ""n_val"": 1192, ""phase0"": [{""constant_lens"": false, ""gain"": 0.25, ""lens"": ""pc1"", ""lens_scaling"": ""standardize"", ""min_cluster_size"": 17, ""min_samples"": 5, ""n_class"": 1974, ""n_edges"": 9, ""n_intervals"": 7, ""n_vertices"": 11, ""noise_reassigned"": 140, ""placement"": ""quantile"", ""slabs"": [{""k"": 1, ""n"": 318}, {""k"": 1, ""n"": 352}, {""k"": 1, ""n"": 352}, {""k"": 2, ""n"": 352}, {""k"": 2, ""n"": 352}, {""k"": 2, ""n"": 352}, {""k"": 2, ""n"": 318}]}, {""constant_lens"": false, ""gain"": 0.25, ""lens"": ""pc1"", ""lens_scaling"": ""standardize"", ""min_cluster_size"": 17, ""min_samples"": 5, ""n_class"": 1604, ""n_edges"": 6, ""n_intervals"": 7, ""n_vertices"": 8, ""noise_reassigned"": 572, ""placement"": ""uniform"", ""slabs"": [{""k"": 1, ""n"": 72}, {""k"": 1, ""n"": 223}, {""k"": 1, ""n"": 454}, {""k"": 1, ""n"": 739}, {""k"": 2, ""n"": 242}, {""k"": 1, ""n"": 171}, {""k"": 1, ""n"": 106}]}], ""soundness_bound_holds"": true, ""step_rule"": ""scale_free"", ""topology_retention_nerve_to_frozen"": {""beta0_frozen"": 6, ""beta0_nerve"": 4, ""beta1_frozen"": 0, ""beta1_nerve"": 0}}",True
0.9037735849056604,48,False,0.010062893081761006,0.01,,0.8702059999995981,14.752911999999924,13.882706000000326,banana,7,"{""epsilon"": 0.1, ""window"": 0.3}",LVQ3,10,48,530,4770,0.989937106918239,1529386648,False,,True
0.909433962264151,48,False,0.010062893081761006,0.01,"{""0"": 26, ""1"": 22}",1.1430399999999281,1.1430399999999281,0.0,banana,7,,KMeans,10,48,530,4770,0.989937106918239,1529386648,False,,True
0.8264150943396227,48,False,0.010062893081761006,0.01,"{""0"": 26, ""1"": 22}",0.0008849999994708924,0.0008849999994708924,0.0,banana,7,,Random,10,48,530,4770,0.989937106918239,1529386648,False,,True
0.8471698113207548,48,False,0.010062893081761006,0.01,,1.8128239999996367,1.8128239999996367,0.0,banana,7,,SPOT,10,48,530,4770,0.989937106918239,1529386648,False,,True
0.8622641509433963,48,False,0.010062893081761006,0.01,,6.355608999999276,6.355608999999276,0.0,banana,7,,GLVQ,10,48,530,4770,0.989937106918239,1529386648,False,,True
0.8830188679245283,48,False,0.010062893081761006,0.01,,0.24478699999963283,0.24478699999963283,0.0,banana,7,,GNG,10,48,530,4770,0.989937106918239,1529386648,False,,True
0.8924528301886793,95,False,0.019916142557651992,0.02,,3.200000082870247e-05,3.200000082870247e-05,0.0,banana,7,,Full,10,4770,530,4770,0.0,1529386648,True,,False
0.8660377358490566,95,False,0.019916142557651992,0.02,,0.2627650000003996,0.2627650000003996,0.0,banana,7,,RSP3,10,1175,530,4770,0.7536687631027253,1529386648,True,,False
0.8509433962264151,95,False,0.019916142557651992,0.02,,3.244629000000714,3.244629000000714,0.0,banana,7,,RHC,10,983,530,4770,0.7939203354297694,1529386648,True,,False
0.9056603773584906,95,False,0.019916142557651992,0.02,,3.181995000000825,3.181995000000825,0.0,banana,7,,SPINE+1NN,10,95,530,4770,0.980083857442348,1529386648,False,"{""admission"": {""criterion"": ""risk"", ""removed_risk"": 2, ""removed_support"": 0}, ""betti_final"": [[4, 0], [2, 0]], ""betti_frozen"": [[4, 0], [2, 0]], ""betti_nerve"": [[2, 0], [2, 0]], ""boundary_restriction"": ""both"", ""forced_removals"": 0, ""growth_representation_fallbacks"": 11, ""invariant_held"": true, ""n_segments"": 89, ""n_train_fit"": 3578, ""n_val"": 1192, ""phase0"": [{""constant_lens"": false, ""gain"": 0.25, ""lens"": ""pc1"", ""lens_scaling"": ""standardize"", ""min_cluster_size"": 17, ""min_samples"": 5, ""n_class"": 1974, ""n_edges"": 9, ""n_intervals"": 7, ""n_vertices"": 11, ""noise_reassigned"": 140, ""placement"": ""quantile"", ""slabs"": [{""k"": 1, ""n"": 318}, {""k"": 1, ""n"": 352}, {""k"": 1, ""n"": 352}, {""k"": 2, ""n"": 352}, {""k"": 2, ""n"": 352}, {""k"": 2, ""n"": 352}, {""k"": 2, ""n"": 318}]}, {""constant_lens"": false, ""gain"": 0.25, ""lens"": ""pc1"", ""lens_scaling"": ""standardize"", ""min_cluster_size"": 17, ""min_samples"": 5, ""n_class"": 1604, ""n_edges"": 6, ""n_intervals"": 7, ""n_vertices"": 8, ""noise_reassigned"": 572, ""placement"": ""uniform"", ""slabs"": [{""k"": 1, ""n"": 72}, {""k"": 1, ""n"": 223}, {""k"": 1, ""n"": 454}, {""k"": 1, ""n"": 739}, {""k"": 2, ""n"": 242}, {""k"": 1, ""n"": 171}, {""k"": 1, ""n"": 106}]}], ""soundness_bound_holds"": true, ""step_rule"": ""scale_free"", ""topology_retention_nerve_to_frozen"": {""beta0_frozen"": 6, ""beta0_nerve"": 4, ""beta1_frozen"": 0, ""beta1_nerve"": 0}}",True
0.8943396226415095,95,False,0.019916142557651992,0.02,,3.181995000000825,3.181995000000825,0.0,banana,7,,SPINE+Graph,10,95,530,4770,0.980083857442348,1529386648,False,"{""admission"": {""criterion"": ""risk"", ""removed_risk"": 2, ""removed_support"": 0}, ""betti_final"": [[4, 0], [2, 0]], ""betti_frozen"": [[4, 0], [2, 0]], ""betti_nerve"": [[2, 0], [2, 0]], ""boundary_restriction"": ""both"", ""forced_removals"": 0, ""growth_representation_fallbacks"": 11, ""invariant_held"": true, ""n_segments"": 89, ""n_train_fit"": 3578, ""n_val"": 1192, ""phase0"": [{""constant_lens"": false, ""gain"": 0.25, ""lens"": ""pc1"", ""lens_scaling"": ""standardize"", ""min_cluster_size"": 17, ""min_samples"": 5, ""n_class"": 1974, ""n_edges"": 9, ""n_intervals"": 7, ""n_vertices"": 11, ""noise_reassigned"": 140, ""placement"": ""quantile"", ""slabs"": [{""k"": 1, ""n"": 318}, {""k"": 1, ""n"": 352}, {""k"": 1, ""n"": 352}, {""k"": 2, ""n"": 352}, {""k"": 2, ""n"": 352}, {""k"": 2, ""n"": 352}, {""k"": 2, ""n"": 318}]}, {""constant_lens"": false, ""gain"": 0.25, ""lens"": ""pc1"", ""lens_scaling"": ""standardize"", ""min_cluster_size"": 17, ""min_samples"": 5, ""n_class"": 1604, ""n_edges"": 6, ""n_intervals"": 7, ""n_vertices"": 8, ""noise_reassigned"": 572, ""placement"": ""uniform"", ""slabs"": [{""k"": 1, ""n"": 72}, {""k"": 1, ""n"": 223}, {""k"": 1, ""n"": 454}, {""k"": 1, ""n"": 739}, {""k"": 2, ""n"": 242}, {""k"": 1, ""n"": 171}, {""k"": 1, ""n"": 106}]}], ""soundness_bound_holds"": true, ""step_rule"": ""scale_free"", ""topology_retention_nerve_to_frozen"": {""beta0_frozen"": 6, ""beta0_nerve"": 4, ""beta1_frozen"": 0, ""beta1_nerve"": 0}}",True
0.9037735849056604,95,False,0.019916142557651992,0.02,,0.9895699999997305,18.628107999999884,17.638538000000153,banana,7,"{""epsilon"": 0.1, ""window"": 0.3}",LVQ3,10,95,530,4770,0.980083857442348,1529386648,False,,True
0.8962264150943396,95,False,0.019916142557651992,0.02,"{""0"": 52, ""1"": 43}",1.5095719999999346,1.5095719999999346,0.0,banana,7,,KMeans,10,95,530,4770,0.980083857442348,1529386648,False,,True
0.8169811320754717,95,False,0.019916142557651992,0.02,"{""0"": 52, ""1"": 43}",0.0008770000004005851,0.0008770000004005851,0.0,banana,7,,Random,10,95,530,4770,0.980083857442348,1529386648,False,,True
0.8490566037735849,95,False,0.019916142557651992,0.02,,1.8452360000001136,1.8452360000001136,0.0,banana,7,,SPOT,10,95,530,4770,0.980083857442348,1529386648,False,,True
0.8716981132075472,95,False,0.019916142557651992,0.02,,11.056225000000268,11.056225000000268,0.0,banana,7,,GLVQ,10,95,530,4770,0.980083857442348,1529386648,False,,True
0.8981132075471698,95,False,0.019916142557651992,0.02,,0.6991209999996499,0.6991209999996499,0.0,banana,7,,GNG,10,95,530,4770,0.980083857442348,1529386648,False,,True
0.8924528301886793,239,False,0.05010482180293501,0.05,,3.200000082870247e-05,3.200000082870247e-05,0.0,banana,7,,Full,10,4770,530,4770,0.0,1529386648,True,,False
0.8660377358490566,239,False,0.05010482180293501,0.05,,0.2627650000003996,0.2627650000003996,0.0,banana,7,,RSP3,10,1175,530,4770,0.7536687631027253,1529386648,True,,False
0.8509433962264151,239,False,0.05010482180293501,0.05,,3.244629000000714,3.244629000000714,0.0,banana,7,,RHC,10,983,530,4770,0.7939203354297694,1529386648,True,,False
0.9132075471698113,239,False,0.05010482180293501,0.05,,4.628281999999672,4.628281999999672,0.0,banana,7,,SPINE+1NN,10,239,530,4770,0.949895178197065,1529386648,False,"{""admission"": {""criterion"": ""risk"", ""removed_risk"": 2, ""removed_support"": 0}, ""betti_final"": [[4, 0], [2, 0]], ""betti_frozen"": [[4, 0], [2, 0]], ""betti_nerve"": [[2, 0], [2, 0]], ""boundary_restriction"": ""both"", ""forced_removals"": 0, ""growth_representation_fallbacks"": 104, ""invariant_held"": true, ""n_segments"": 233, ""n_train_fit"": 3578, ""n_val"": 1192, ""phase0"": [{""constant_lens"": false, ""gain"": 0.25, ""lens"": ""pc1"", ""lens_scaling"": ""standardize"", ""min_cluster_size"": 17, ""min_samples"": 5, ""n_class"": 1974, ""n_edges"": 9, ""n_intervals"": 7, ""n_vertices"": 11, ""noise_reassigned"": 140, ""placement"": ""quantile"", ""slabs"": [{""k"": 1, ""n"": 318}, {""k"": 1, ""n"": 352}, {""k"": 1, ""n"": 352}, {""k"": 2, ""n"": 352}, {""k"": 2, ""n"": 352}, {""k"": 2, ""n"": 352}, {""k"": 2, ""n"": 318}]}, {""constant_lens"": false, ""gain"": 0.25, ""lens"": ""pc1"", ""lens_scaling"": ""standardize"", ""min_cluster_size"": 17, ""min_samples"": 5, ""n_class"": 1604, ""n_edges"": 6, ""n_intervals"": 7, ""n_vertices"": 8, ""noise_reassigned"": 572, ""placement"": ""uniform"", ""slabs"": [{""k"": 1, ""n"": 72}, {""k"": 1, ""n"": 223}, {""k"": 1, ""n"": 454}, {""k"": 1, ""n"": 739}, {""k"": 2, ""n"": 242}, {""k"": 1, ""n"": 171}, {""k"": 1, ""n"": 106}]}], ""soundness_bound_holds"": true, ""step_rule"": ""scale_free"", ""topology_retention_nerve_to_frozen"": {""beta0_frozen"": 6, ""beta0_nerve"": 4, ""beta1_frozen"": 0, ""beta1_nerve"": 0}}",True
0.9056603773584906,239,False,0.05010482180293501,0.05,,4.628281999999672,4.628281999999672,0.0,banana,7,,SPINE+Graph,10,239,530,4770,0.949895178197065,1529386648,False,"{""admission"": {""criterion"": ""risk"", ""removed_risk"": 2, ""removed_support"": 0}, ""betti_final"": [[4, 0], [2, 0]], ""betti_frozen"": [[4, 0], [2, 0]], ""betti_nerve"": [[2, 0], [2, 0]], ""boundary_restriction"": ""both"", ""forced_removals"": 0, ""growth_representation_fallbacks"": 104, ""invariant_held"": true, ""n_segments"": 233, ""n_train_fit"": 3578, ""n_val"": 1192, ""phase0"": [{""constant_lens"": false, ""gain"": 0.25, ""lens"": ""pc1"", ""lens_scaling"": ""standardize"", ""min_cluster_size"": 17, ""min_samples"": 5, ""n_class"": 1974, ""n_edges"": 9, ""n_intervals"": 7, ""n_vertices"": 11, ""noise_reassigned"": 140, ""placement"": ""quantile"", ""slabs"": [{""k"": 1, ""n"": 318}, {""k"": 1, ""n"": 352}, {""k"": 1, ""n"": 352}, {""k"": 2, ""n"": 352}, {""k"": 2, ""n"": 352}, {""k"": 2, ""n"": 352}, {""k"": 2, ""n"": 318}]}, {""constant_lens"": false, ""gain"": 0.25, ""lens"": ""pc1"", ""lens_scaling"": ""standardize"", ""min_cluster_size"": 17, ""min_samples"": 5, ""n_class"": 1604, ""n_edges"": 6, ""n_intervals"": 7, ""n_vertices"": 8, ""noise_reassigned"": 572, ""placement"": ""uniform"", ""slabs"": [{""k"": 1, ""n"": 72}, {""k"": 1, ""n"": 223}, {""k"": 1, ""n"": 454}, {""k"": 1, ""n"": 739}, {""k"": 2, ""n"": 242}, {""k"": 1, ""n"": 171}, {""k"": 1, ""n"": 106}]}], ""soundness_bound_holds"": true, ""step_rule"": ""scale_free"", ""topology_retention_nerve_to_frozen"": {""beta0_frozen"": 6, ""beta0_nerve"": 4, ""beta1_frozen"": 0, ""beta1_nerve"": 0}}",True
0.9,239,False,0.05010482180293501,0.05,,1.4031570000006468,25.121564000000035,23.718406999999388,banana,7,"{""epsilon"": 0.1, ""window"": 0.3}",LVQ3,10,239,530,4770,0.949895178197065,1529386648,False,,True
0.879245283018868,239,False,0.05010482180293501,0.05,"{""0"": 132, ""1"": 107}",3.6177450000004683,3.6177450000004683,0.0,banana,7,,KMeans,10,239,530,4770,0.949895178197065,1529386648,False,,True
0.8735849056603774,239,False,0.05010482180293501,0.05,"{""0"": 132, ""1"": 107}",0.0009650000001784065,0.0009650000001784065,0.0,banana,7,,Random,10,239,530,4770,0.949895178197065,1529386648,False,,True
0.8622641509433963,239,False,0.05010482180293501,0.05,,1.98504899999989,1.98504899999989,0.0,banana,7,,SPOT,10,239,530,4770,0.949895178197065,1529386648,False,,True
0.8622641509433963,239,False,0.05010482180293501,0.05,,25.52833399999963,25.52833399999963,0.0,banana,7,,GLVQ,10,239,530,4770,0.949895178197065,1529386648,False,,True
0.9,239,False,0.05010482180293501,0.05,,3.177955000000111,3.177955000000111,0.0,banana,7,,GNG,10,239,530,4770,0.949895178197065,1529386648,False,,True
0.8924528301886793,477,False,0.1,0.1,,3.200000082870247e-05,3.200000082870247e-05,0.0,banana,7,,Full,10,4770,530,4770,0.0,1529386648,True,,False
0.8660377358490566,477,False,0.1,0.1,,0.2627650000003996,0.2627650000003996,0.0,banana,7,,RSP3,10,1175,530,4770,0.7536687631027253,1529386648,True,,False
0.8509433962264151,477,False,0.1,0.1,,3.244629000000714,3.244629000000714,0.0,banana,7,,RHC,10,983,530,4770,0.7939203354297694,1529386648,True,,False
0.9188679245283019,477,False,0.1,0.1,,9.576622000000498,9.576622000000498,0.0,banana,7,,SPINE+1NN,10,477,530,4770,0.9,1529386648,False,"{""admission"": {""criterion"": ""risk"", ""removed_risk"": 2, ""removed_support"": 0}, ""betti_final"": [[4, 0], [2, 0]], ""betti_frozen"": [[4, 0], [2, 0]], ""betti_nerve"": [[2, 0], [2, 0]], ""boundary_restriction"": ""both"", ""forced_removals"": 0, ""growth_representation_fallbacks"": 239, ""invariant_held"": true, ""n_segments"": 471, ""n_train_fit"": 3578, ""n_val"": 1192, ""phase0"": [{""constant_lens"": false, ""gain"": 0.25, ""lens"": ""pc1"", ""lens_scaling"": ""standardize"", ""min_cluster_size"": 17, ""min_samples"": 5, ""n_class"": 1974, ""n_edges"": 9, ""n_intervals"": 7, ""n_vertices"": 11, ""noise_reassigned"": 140, ""placement"": ""quantile"", ""slabs"": [{""k"": 1, ""n"": 318}, {""k"": 1, ""n"": 352}, {""k"": 1, ""n"": 352}, {""k"": 2, ""n"": 352}, {""k"": 2, ""n"": 352}, {""k"": 2, ""n"": 352}, {""k"": 2, ""n"": 318}]}, {""constant_lens"": false, ""gain"": 0.25, ""lens"": ""pc1"", ""lens_scaling"": ""standardize"", ""min_cluster_size"": 17, ""min_samples"": 5, ""n_class"": 1604, ""n_edges"": 6, ""n_intervals"": 7, ""n_vertices"": 8, ""noise_reassigned"": 572, ""placement"": ""uniform"", ""slabs"": [{""k"": 1, ""n"": 72}, {""k"": 1, ""n"": 223}, {""k"": 1, ""n"": 454}, {""k"": 1, ""n"": 739}, {""k"": 2, ""n"": 242}, {""k"": 1, ""n"": 171}, {""k"": 1, ""n"": 106}]}], ""soundness_bound_holds"": true, ""step_rule"": ""scale_free"", ""topology_retention_nerve_to_frozen"": {""beta0_frozen"": 6, ""beta0_nerve"": 4, ""beta1_frozen"": 0, ""beta1_nerve"": 0}}",True
0.9169811320754717,477,False,0.1,0.1,,9.576622000000498,9.576622000000498,0.0,banana,7,,SPINE+Graph,10,477,530,4770,0.9,1529386648,False,"{""admission"": {""criterion"": ""risk"", ""removed_risk"": 2, ""removed_support"": 0}, ""betti_final"": [[4, 0], [2, 0]], ""betti_frozen"": [[4, 0], [2, 0]], ""betti_nerve"": [[2, 0], [2, 0]], ""boundary_restriction"": ""both"", ""forced_removals"": 0, ""growth_representation_fallbacks"": 239, ""invariant_held"": true, ""n_segments"": 471, ""n_train_fit"": 3578, ""n_val"": 1192, ""phase0"": [{""constant_lens"": false, ""gain"": 0.25, ""lens"": ""pc1"", ""lens_scaling"": ""standardize"", ""min_cluster_size"": 17, ""min_samples"": 5, ""n_class"": 1974, ""n_edges"": 9, ""n_intervals"": 7, ""n_vertices"": 11, ""noise_reassigned"": 140, ""placement"": ""quantile"", ""slabs"": [{""k"": 1, ""n"": 318}, {""k"": 1, ""n"": 352}, {""k"": 1, ""n"": 352}, {""k"": 2, ""n"": 352}, {""k"": 2, ""n"": 352}, {""k"": 2, ""n"": 352}, {""k"": 2, ""n"": 318}]}, {""constant_lens"": false, ""gain"": 0.25, ""lens"": ""pc1"", ""lens_scaling"": ""standardize"", ""min_cluster_size"": 17, ""min_samples"": 5, ""n_class"": 1604, ""n_edges"": 6, ""n_intervals"": 7, ""n_vertices"": 8, ""noise_reassigned"": 572, ""placement"": ""uniform"", ""slabs"": [{""k"": 1, ""n"": 72}, {""k"": 1, ""n"": 223}, {""k"": 1, ""n"": 454}, {""k"": 1, ""n"": 739}, {""k"": 2, ""n"": 242}, {""k"": 1, ""n"": 171}, {""k"": 1, ""n"": 106}]}], ""soundness_bound_holds"": true, ""step_rule"": ""scale_free"", ""topology_retention_nerve_to_frozen"": {""beta0_frozen"": 6, ""beta0_nerve"": 4, ""beta1_frozen"": 0, ""beta1_nerve"": 0}}",True
0.8924528301886793,477,False,0.1,0.1,,1.9089850000000297,32.8215680000003,30.912583000000268,banana,7,"{""epsilon"": 0.1, ""window"": 0.3}",LVQ3,10,477,530,4770,0.9,1529386648,False,,True
0.8584905660377359,477,False,0.1,0.1,"{""0"": 263, ""1"": 214}",5.664703000000372,5.664703000000372,0.0,banana,7,,KMeans,10,477,530,4770,0.9,1529386648,False,,True
0.8603773584905661,477,False,0.1,0.1,"{""0"": 263, ""1"": 214}",0.0010579999998299172,0.0010579999998299172,0.0,banana,7,,Random,10,477,530,4770,0.9,1529386648,False,,True
0.8622641509433963,477,False,0.1,0.1,,1.9374539999998888,1.9374539999998888,0.0,banana,7,,SPOT,10,477,530,4770,0.9,1529386648,False,,True
0.869811320754717,477,False,0.1,0.1,,49.76452900000004,49.76452900000004,0.0,banana,7,,GLVQ,10,477,530,4770,0.9,1529386648,False,,True
0.8566037735849057,477,False,0.1,0.1,,11.177588999999898,11.177588999999898,0.0,banana,7,,GNG,10,477,530,4770,0.9,1529386648,False,,True
0.8924528301886793,1193,False,0.25010482180293503,0.25,,3.200000082870247e-05,3.200000082870247e-05,0.0,banana,7,,Full,10,4770,530,4770,0.0,1529386648,True,,False
0.8660377358490566,1193,False,0.25010482180293503,0.25,,0.2627650000003996,0.2627650000003996,0.0,banana,7,,RSP3,10,1175,530,4770,0.7536687631027253,1529386648,True,,False
0.8509433962264151,1193,False,0.25010482180293503,0.25,,3.244629000000714,3.244629000000714,0.0,banana,7,,RHC,10,983,530,4770,0.7939203354297694,1529386648,True,,False
0.9113207547169812,1193,False,0.25010482180293503,0.25,,50.33547300000009,50.33547300000009,0.0,banana,7,,SPINE+1NN,10,1193,530,4770,0.749895178197065,1529386648,False,"{""admission"": {""criterion"": ""risk"", ""removed_risk"": 2, ""removed_support"": 0}, ""betti_final"": [[4, 0], [2, 0]], ""betti_frozen"": [[4, 0], [2, 0]], ""betti_nerve"": [[2, 0], [2, 0]], ""boundary_restriction"": ""both"", ""forced_removals"": 0, ""growth_representation_fallbacks"": 946, ""invariant_held"": true, ""n_segments"": 1187, ""n_train_fit"": 3578, ""n_val"": 1192, ""phase0"": [{""constant_lens"": false, ""gain"": 0.25, ""lens"": ""pc1"", ""lens_scaling"": ""standardize"", ""min_cluster_size"": 17, ""min_samples"": 5, ""n_class"": 1974, ""n_edges"": 9, ""n_intervals"": 7, ""n_vertices"": 11, ""noise_reassigned"": 140, ""placement"": ""quantile"", ""slabs"": [{""k"": 1, ""n"": 318}, {""k"": 1, ""n"": 352}, {""k"": 1, ""n"": 352}, {""k"": 2, ""n"": 352}, {""k"": 2, ""n"": 352}, {""k"": 2, ""n"": 352}, {""k"": 2, ""n"": 318}]}, {""constant_lens"": false, ""gain"": 0.25, ""lens"": ""pc1"", ""lens_scaling"": ""standardize"", ""min_cluster_size"": 17, ""min_samples"": 5, ""n_class"": 1604, ""n_edges"": 6, ""n_intervals"": 7, ""n_vertices"": 8, ""noise_reassigned"": 572, ""placement"": ""uniform"", ""slabs"": [{""k"": 1, ""n"": 72}, {""k"": 1, ""n"": 223}, {""k"": 1, ""n"": 454}, {""k"": 1, ""n"": 739}, {""k"": 2, ""n"": 242}, {""k"": 1, ""n"": 171}, {""k"": 1, ""n"": 106}]}], ""soundness_bound_holds"": true, ""step_rule"": ""scale_free"", ""topology_retention_nerve_to_frozen"": {""beta0_frozen"": 6, ""beta0_nerve"": 4, ""beta1_frozen"": 0, ""beta1_nerve"": 0}}",True
0.9113207547169812,1193,False,0.25010482180293503,0.25,,50.33547300000009,50.33547300000009,0.0,banana,7,,SPINE+Graph,10,1193,530,4770,0.749895178197065,1529386648,False,"{""admission"": {""criterion"": ""risk"", ""removed_risk"": 2, ""removed_support"": 0}, ""betti_final"": [[4, 0], [2, 0]], ""betti_frozen"": [[4, 0], [2, 0]], ""betti_nerve"": [[2, 0], [2, 0]], ""boundary_restriction"": ""both"", ""forced_removals"": 0, ""growth_representation_fallbacks"": 946, ""invariant_held"": true, ""n_segments"": 1187, ""n_train_fit"": 3578, ""n_val"": 1192, ""phase0"": [{""constant_lens"": false, ""gain"": 0.25, ""lens"": ""pc1"", ""lens_scaling"": ""standardize"", ""min_cluster_size"": 17, ""min_samples"": 5, ""n_class"": 1974, ""n_edges"": 9, ""n_intervals"": 7, ""n_vertices"": 11, ""noise_reassigned"": 140, ""placement"": ""quantile"", ""slabs"": [{""k"": 1, ""n"": 318}, {""k"": 1, ""n"": 352}, {""k"": 1, ""n"": 352}, {""k"": 2, ""n"": 352}, {""k"": 2, ""n"": 352}, {""k"": 2, ""n"": 352}, {""k"": 2, ""n"": 318}]}, {""constant_lens"": false, ""gain"": 0.25, ""lens"": ""pc1"", ""lens_scaling"": ""standardize"", ""min_cluster_size"": 17, ""min_samples"": 5, ""n_class"": 1604, ""n_edges"": 6, ""n_intervals"": 7, ""n_vertices"": 8, ""noise_reassigned"": 572, ""placement"": ""uniform"", ""slabs"": [{""k"": 1, ""n"": 72}, {""k"": 1, ""n"": 223}, {""k"": 1, ""n"": 454}, {""k"": 1, ""n"": 739}, {""k"": 2, ""n"": 242}, {""k"": 1, ""n"": 171}, {""k"": 1, ""n"": 106}]}], ""soundness_bound_holds"": true, ""step_rule"": ""scale_free"", ""topology_retention_nerve_to_frozen"": {""beta0_frozen"": 6, ""beta0_nerve"": 4, ""beta1_frozen"": 0, ""beta1_nerve"": 0}}",True
0.8924528301886793,1193,False,0.25010482180293503,0.25,,3.5753500000000713,61.2974779999995,57.72212799999943,banana,7,"{""epsilon"": 0.1, ""window"": 0.3}",LVQ3,10,1193,530,4770,0.749895178197065,1529386648,False,,True
0.8754716981132076,1193,False,0.25010482180293503,0.25,"{""0"": 658, ""1"": 535}",13.07521799999995,13.07521799999995,0.0,banana,7,,KMeans,10,1193,530,4770,0.749895178197065,1529386648,False,,True
0.8754716981132076,1193,False,0.25010482180293503,0.25,"{""0"": 658, ""1"": 535}",0.007662999999411113,0.007662999999411113,0.0,banana,7,,Random,10,1193,530,4770,0.749895178197065,1529386648,False,,True
0.8547169811320755,1193,False,0.25010482180293503,0.25,,2.084867999999915,2.084867999999915,0.0,banana,7,,SPOT,10,1193,530,4770,0.749895178197065,1529386648,False,,True
0.8641509433962264,1193,False,0.25010482180293503,0.25,,121.97162200000002,121.97162200000002,0.0,banana,7,,GLVQ,10,1193,530,4770,0.749895178197065,1529386648,False,,True
0.8603773584905661,1193,False,0.25010482180293503,0.25,,63.7639650000001,63.7639650000001,0.0,banana,7,,GNG,10,1193,530,4770,0.749895178197065,1529386648,False,,True
0.8886792452830189,24,False,0.005031446540880503,0.005,,2.300000051036477e-05,2.300000051036477e-05,0.0,banana,8,,Full,10,4770,530,4770,0.0,1530386651,False,,False
0.8528301886792453,24,False,0.005031446540880503,0.005,,0.25864700000056473,0.25864700000056473,0.0,banana,8,,RSP3,10,1176,530,4770,0.7534591194968554,1530386651,False,,False
0.8528301886792453,24,False,0.005031446540880503,0.005,,3.1153330000006463,3.1153330000006463,0.0,banana,8,,RHC,10,1002,530,4770,0.789937106918239,1530386651,False,,False
0.8886792452830189,24,False,0.005031446540880503,0.005,,4.351708000000144,4.351708000000144,0.0,banana,8,,SPINE+1NN,10,24,530,4770,0.9949685534591195,1530386651,False,"{""admission"": {""criterion"": ""risk"", ""removed_risk"": 2, ""removed_support"": 0}, ""betti_final"": [[2, 0], [3, 0]], ""betti_frozen"": [[2, 0], [3, 0]], ""betti_nerve"": [[2, 0], [1, 0]], ""boundary_restriction"": ""both"", ""forced_removals"": 0, ""growth_representation_fallbacks"": 0, ""invariant_held"": true, ""n_segments"": 19, ""n_train_fit"": 3578, ""n_val"": 1192, ""phase0"": [{""constant_lens"": false, ""gain"": 0.25, ""lens"": ""pc1"", ""lens_scaling"": ""standardize"", ""min_cluster_size"": 17, ""min_samples"": 5, ""n_class"": 1974, ""n_edges"": 9, ""n_intervals"": 7, ""n_vertices"": 11, ""noise_reassigned"": 147, ""placement"": ""quantile"", ""slabs"": [{""k"": 1, ""n"": 318}, {""k"": 1, ""n"": 352}, {""k"": 1, ""n"": 352}, {""k"": 2, ""n"": 352}, {""k"": 2, ""n"": 352}, {""k"": 2, ""n"": 352}, {""k"": 2, ""n"": 318}]}, {""constant_lens"": false, ""gain"": 0.25, ""lens"": ""pc1"", ""lens_scaling"": ""standardize"", ""min_cluster_size"": 17, ""min_samples"": 5, ""n_class"": 1604, ""n_edges"": 6, ""n_intervals"": 7, ""n_vertices"": 7, ""noise_reassigned"": 583, ""placement"": ""uniform"", ""slabs"": [{""k"": 1, ""n"": 50}, {""k"": 1, ""n"": 208}, {""k"": 1, ""n"": 441}, {""k"": 1, ""n"": 735}, {""k"": 1, ""n"": 276}, {""k"": 1, ""n"": 148}, {""k"": 1, ""n"": 122}]}], ""soundness_bound_holds"": true, ""step_rule"": ""scale_free"", ""topology_retention_nerve_to_frozen"": {""beta0_frozen"": 5, ""beta0_nerve"": 3, ""beta1_frozen"": 0, ""beta1_nerve"": 0}}",True
0.9207547169811321,24,False,0.005031446540880503,0.005,,4.351708000000144,4.351708000000144,0.0,banana,8,,SPINE+Graph,10,24,530,4770,0.9949685534591195,1530386651,False,"{""admission"": {""criterion"": ""risk"", ""removed_risk"": 2, ""removed_support"": 0}, ""betti_final"": [[2, 0], [3, 0]], ""betti_frozen"": [[2, 0], [3, 0]], ""betti_nerve"": [[2, 0], [1, 0]], ""boundary_restriction"": ""both"", ""forced_removals"": 0, ""growth_representation_fallbacks"": 0, ""invariant_held"": true, ""n_segments"": 19, ""n_train_fit"": 3578, ""n_val"": 1192, ""phase0"": [{""constant_lens"": false, ""gain"": 0.25, ""lens"": ""pc1"", ""lens_scaling"": ""standardize"", ""min_cluster_size"": 17, ""min_samples"": 5, ""n_class"": 1974, ""n_edges"": 9, ""n_intervals"": 7, ""n_vertices"": 11, ""noise_reassigned"": 147, ""placement"": ""quantile"", ""slabs"": [{""k"": 1, ""n"": 318}, {""k"": 1, ""n"": 352}, {""k"": 1, ""n"": 352}, {""k"": 2, ""n"": 352}, {""k"": 2, ""n"": 352}, {""k"": 2, ""n"": 352}, {""k"": 2, ""n"": 318}]}, {""constant_lens"": false, ""gain"": 0.25, ""lens"": ""pc1"", ""lens_scaling"": ""standardize"", ""min_cluster_size"": 17, ""min_samples"": 5, ""n_class"": 1604, ""n_edges"": 6, ""n_intervals"": 7, ""n_vertices"": 7, ""noise_reassigned"": 583, ""placement"": ""uniform"", ""slabs"": [{""k"": 1, ""n"": 50}, {""k"": 1, ""n"": 208}, {""k"": 1, ""n"": 441}, {""k"": 1, ""n"": 735}, {""k"": 1, ""n"": 276}, {""k"": 1, ""n"": 148}, {""k"": 1, ""n"": 122}]}], ""soundness_bound_holds"": true, ""step_rule"": ""scale_free"", ""topology_retention_nerve_to_frozen"": {""beta0_frozen"": 5, ""beta0_nerve"": 3, ""beta1_frozen"": 0, ""beta1_nerve"": 0}}",True
0.9245283018867925,24,False,0.005031446540880503,0.005,,0.8253130000002784,13.660314000000653,12.835001000000375,banana,8,"{""epsilon"": 0.1, ""window"": 0.3}",LVQ3,10,24,530,4770,0.9949685534591195,1530386651,False,,True
0.9056603773584906,24,False,0.005031446540880503,0.005,"{""0"": 13, ""1"": 11}",0.793894000000364,0.793894000000364,0.0,banana,8,,KMeans,10,24,530,4770,0.9949685534591195,1530386651,False,,True
0.8056603773584906,24,False,0.005031446540880503,0.005,"{""0"": 13, ""1"": 11}",0.0008539999998902204,0.0008539999998902204,0.0,banana,8,,Random,10,24,530,4770,0.9949685534591195,1530386651,False,,True
0.8716981132075472,24,False,0.005031446540880503,0.005,,1.7163870000003953,1.7163870000003953,0.0,banana,8,,SPOT,10,24,530,4770,0.9949685534591195,1530386651,False,,True
0.8716981132075472,24,False,0.005031446540880503,0.005,,3.924539999999979,3.924539999999979,0.0,banana,8,,GLVQ,10,24,530,4770,0.9949685534591195,1530386651,False,,True
0.8981132075471698,24,False,0.005031446540880503,0.005,,0.09621599999991304,0.09621599999991304,0.0,banana,8,,GNG,10,24,530,4770,0.9949685534591195,1530386651,False,,True
0.8886792452830189,48,False,0.010062893081761006,0.01,,2.300000051036477e-05,2.300000051036477e-05,0.0,banana,8,,Full,10,4770,530,4770,0.0,1530386651,True,,False
0.8528301886792453,48,False,0.010062893081761006,0.01,,0.25864700000056473,0.25864700000056473,0.0,banana,8,,RSP3,10,1176,530,4770,0.7534591194968554,1530386651,True,,False
0.8528301886792453,48,False,0.010062893081761006,0.01,,3.1153330000006463,3.1153330000006463,0.0,banana,8,,RHC,10,1002,530,4770,0.789937106918239,1530386651,True,,False
0.9132075471698113,48,False,0.010062893081761006,0.01,,2.9667770000005476,2.9667770000005476,0.0,banana,8,,SPINE+1NN,10,48,530,4770,0.989937106918239,1530386651,False,"{""admission"": {""criterion"": ""risk"", ""removed_risk"": 2, ""removed_support"": 0}, ""betti_final"": [[2, 0], [3, 0]], ""betti_frozen"": [[2, 0], [3, 0]], ""betti_nerve"": [[2, 0], [1, 0]], ""boundary_restriction"": ""both"", ""forced_removals"": 0, ""growth_representation_fallbacks"": 0, ""invariant_held"": true, ""n_segments"": 43, ""n_train_fit"": 3578, ""n_val"": 1192, ""phase0"": [{""constant_lens"": false, ""gain"": 0.25, ""lens"": ""pc1"", ""lens_scaling"": ""standardize"", ""min_cluster_size"": 17, ""min_samples"": 5, ""n_class"": 1974, ""n_edges"": 9, ""n_intervals"": 7, ""n_vertices"": 11, ""noise_reassigned"": 147, ""placement"": ""quantile"", ""slabs"": [{""k"": 1, ""n"": 318}, {""k"": 1, ""n"": 352}, {""k"": 1, ""n"": 352}, {""k"": 2, ""n"": 352}, {""k"": 2, ""n"": 352}, {""k"": 2, ""n"": 352}, {""k"": 2, ""n"": 318}]}, {""constant_lens"": false, ""gain"": 0.25, ""lens"": ""pc1"", ""lens_scaling"": ""standardize"", ""min_cluster_size"": 17, ""min_samples"": 5, ""n_class"": 1604, ""n_edges"": 6, ""n_intervals"": 7, ""n_vertices"": 7, ""noise_reassigned"": 583, ""placement"": ""uniform"", ""slabs"": [{""k"": 1, ""n"": 50}, {""k"": 1, ""n"": 208}, {""k"": 1, ""n"": 441}, {""k"": 1, ""n"": 735}, {""k"": 1, ""n"": 276}, {""k"": 1, ""n"": 148}, {""k"": 1, ""n"": 122}]}], ""soundness_bound_holds"": true, ""step_rule"": ""scale_free"", ""topology_retention_nerve_to_frozen"": {""beta0_frozen"": 5, ""beta0_nerve"": 3, ""beta1_frozen"": 0, ""beta1_nerve"": 0}}",True
0.9226415094339623,48,False,0.010062893081761006,0.01,,2.9667770000005476,2.9667770000005476,0.0,banana,8,,SPINE+Graph,10,48,530,4770,0.989937106918239,1530386651,False,"{""admission"": {""criterion"": ""risk"", ""removed_risk"": 2, ""removed_support"": 0}, ""betti_final"": [[2, 0], [3, 0]], ""betti_frozen"": [[2, 0], [3, 0]], ""betti_nerve"": [[2, 0], [1, 0]], ""boundary_restriction"": ""both"", ""forced_removals"": 0, ""growth_representation_fallbacks"": 0, ""invariant_held"": true, ""n_segments"": 43, ""n_train_fit"": 3578, ""n_val"": 1192, ""phase0"": [{""constant_lens"": false, ""gain"": 0.25, ""lens"": ""pc1"", ""lens_scaling"": ""standardize"", ""min_cluster_size"": 17, ""min_samples"": 5, ""n_class"": 1974, ""n_edges"": 9, ""n_intervals"": 7, ""n_vertices"": 11, ""noise_reassigned"": 147, ""placement"": ""quantile"", ""slabs"": [{""k"": 1, ""n"": 318}, {""k"": 1, ""n"": 352}, {""k"": 1, ""n"": 352}, {""k"": 2, ""n"": 352}, {""k"": 2, ""n"": 352}, {""k"": 2, ""n"": 352}, {""k"": 2, ""n"": 318}]}, {""constant_lens"": false, ""gain"": 0.25, ""lens"": ""pc1"", ""lens_scaling"": ""standardize"", ""min_cluster_size"": 17, ""min_samples"": 5, ""n_class"": 1604, ""n_edges"": 6, ""n_intervals"": 7, ""n_vertices"": 7, ""noise_reassigned"": 583, ""placement"": ""uniform"", ""slabs"": [{""k"": 1, ""n"": 50}, {""k"": 1, ""n"": 208}, {""k"": 1, ""n"": 441}, {""k"": 1, ""n"": 735}, {""k"": 1, ""n"": 276}, {""k"": 1, ""n"": 148}, {""k"": 1, ""n"": 122}]}], ""soundness_bound_holds"": true, ""step_rule"": ""scale_free"", ""topology_retention_nerve_to_frozen"": {""beta0_frozen"": 5, ""beta0_nerve"": 3, ""beta1_frozen"": 0, ""beta1_nerve"": 0}}",True
0.9132075471698113,48,False,0.010062893081761006,0.01,,0.8733140000003914,15.18880100000024,14.315486999999848,banana,8,"{""epsilon"": 0.1, ""window"": 0.2}",LVQ3,10,48,530,4770,0.989937106918239,1530386651,False,,True
0.9150943396226415,48,False,0.010062893081761006,0.01,"{""0"": 26, ""1"": 22}",1.0933480000003328,1.0933480000003328,0.0,banana,8,,KMeans,10,48,530,4770,0.989937106918239,1530386651,False,,True
0.8528301886792453,48,False,0.010062893081761006,0.01,"{""0"": 26, ""1"": 22}",0.000841000000036729,0.000841000000036729,0.0,banana,8,,Random,10,48,530,4770,0.989937106918239,1530386651,False,,True
0.8849056603773585,48,False,0.010062893081761006,0.01,,1.7963519999993878,1.7963519999993878,0.0,banana,8,,SPOT,10,48,530,4770,0.989937106918239,1530386651,False,,True
0.879245283018868,48,False,0.010062893081761006,0.01,,6.387154999999439,6.387154999999439,0.0,banana,8,,GLVQ,10,48,530,4770,0.989937106918239,1530386651,False,,True
0.9113207547169812,48,False,0.010062893081761006,0.01,,0.24877900000046793,0.24877900000046793,0.0,banana,8,,GNG,10,48,530,4770,0.989937106918239,1530386651,False,,True
0.8886792452830189,95,False,0.019916142557651992,0.02,,2.300000051036477e-05,2.300000051036477e-05,0.0,banana,8,,Full,10,4770,530,4770,0.0,1530386651,True,,False
0.8528301886792453,95,False,0.019916142557651992,0.02,,0.25864700000056473,0.25864700000056473,0.0,banana,8,,RSP3,10,1176,530,4770,0.7534591194968554,1530386651,True,,False
0.8528301886792453,95,False,0.019916142557651992,0.02,,3.1153330000006463,3.1153330000006463,0.0,banana,8,,RHC,10,1002,530,4770,0.789937106918239,1530386651,True,,False
0.909433962264151,95,False,0.019916142557651992,0.02,,3.148076000000401,3.148076000000401,0.0,banana,8,,SPINE+1NN,10,95,530,4770,0.980083857442348,1530386651,False,"{""admission"": {""criterion"": ""risk"", ""removed_risk"": 2, ""removed_support"": 0}, ""betti_final"": [[2, 0], [3, 0]], ""betti_frozen"": [[2, 0], [3, 0]], ""betti_nerve"": [[2, 0], [1, 0]], ""boundary_restriction"": ""both"", ""forced_removals"": 0, ""growth_representation_fallbacks"": 19, ""invariant_held"": true, ""n_segments"": 90, ""n_train_fit"": 3578, ""n_val"": 1192, ""phase0"": [{""constant_lens"": false, ""gain"": 0.25, ""lens"": ""pc1"", ""lens_scaling"": ""standardize"", ""min_cluster_size"": 17, ""min_samples"": 5, ""n_class"": 1974, ""n_edges"": 9, ""n_intervals"": 7, ""n_vertices"": 11, ""noise_reassigned"": 147, ""placement"": ""quantile"", ""slabs"": [{""k"": 1, ""n"": 318}, {""k"": 1, ""n"": 352}, {""k"": 1, ""n"": 352}, {""k"": 2, ""n"": 352}, {""k"": 2, ""n"": 352}, {""k"": 2, ""n"": 352}, {""k"": 2, ""n"": 318}]}, {""constant_lens"": false, ""gain"": 0.25, ""lens"": ""pc1"", ""lens_scaling"": ""standardize"", ""min_cluster_size"": 17, ""min_samples"": 5, ""n_class"": 1604, ""n_edges"": 6, ""n_intervals"": 7, ""n_vertices"": 7, ""noise_reassigned"": 583, ""placement"": ""uniform"", ""slabs"": [{""k"": 1, ""n"": 50}, {""k"": 1, ""n"": 208}, {""k"": 1, ""n"": 441}, {""k"": 1, ""n"": 735}, {""k"": 1, ""n"": 276}, {""k"": 1, ""n"": 148}, {""k"": 1, ""n"": 122}]}], ""soundness_bound_holds"": true, ""step_rule"": ""scale_free"", ""topology_retention_nerve_to_frozen"": {""beta0_frozen"": 5, ""beta0_nerve"": 3, ""beta1_frozen"": 0, ""beta1_nerve"": 0}}",True
0.9283018867924528,95,False,0.019916142557651992,0.02,,3.148076000000401,3.148076000000401,0.0,banana,8,,SPINE+Graph,10,95,530,4770,0.980083857442348,1530386651,False,"{""admission"": {""criterion"": ""risk"", ""removed_risk"": 2, ""removed_support"": 0}, ""betti_final"": [[2, 0], [3, 0]], ""betti_frozen"": [[2, 0], [3, 0]], ""betti_nerve"": [[2, 0], [1, 0]], ""boundary_restriction"": ""both"", ""forced_removals"": 0, ""growth_representation_fallbacks"": 19, ""invariant_held"": true, ""n_segments"": 90, ""n_train_fit"": 3578, ""n_val"": 1192, ""phase0"": [{""constant_lens"": false, ""gain"": 0.25, ""lens"": ""pc1"", ""lens_scaling"": ""standardize"", ""min_cluster_size"": 17, ""min_samples"": 5, ""n_class"": 1974, ""n_edges"": 9, ""n_intervals"": 7, ""n_vertices"": 11, ""noise_reassigned"": 147, ""placement"": ""quantile"", ""slabs"": [{""k"": 1, ""n"": 318}, {""k"": 1, ""n"": 352}, {""k"": 1, ""n"": 352}, {""k"": 2, ""n"": 352}, {""k"": 2, ""n"": 352}, {""k"": 2, ""n"": 352}, {""k"": 2, ""n"": 318}]}, {""constant_lens"": false, ""gain"": 0.25, ""lens"": ""pc1"", ""lens_scaling"": ""standardize"", ""min_cluster_size"": 17, ""min_samples"": 5, ""n_class"": 1604, ""n_edges"": 6, ""n_intervals"": 7, ""n_vertices"": 7, ""noise_reassigned"": 583, ""placement"": ""uniform"", ""slabs"": [{""k"": 1, ""n"": 50}, {""k"": 1, ""n"": 208}, {""k"": 1, ""n"": 441}, {""k"": 1, ""n"": 735}, {""k"": 1, ""n"": 276}, {""k"": 1, ""n"": 148}, {""k"": 1, ""n"": 122}]}], ""soundness_bound_holds"": true, ""step_rule"": ""scale_free"", ""topology_retention_nerve_to_frozen"": {""beta0_frozen"": 5, ""beta0_nerve"": 3, ""beta1_frozen"": 0, ""beta1_nerve"": 0}}",True
0.9132075471698113,95,False,0.019916142557651992,0.02,,1.0938399999995454,17.513504999998986,16.41966499999944,banana,8,"{""epsilon"": 0.1, ""window"": 0.3}",LVQ3,10,95,530,4770,0.980083857442348,1530386651,False,,True
0.8886792452830189,95,False,0.019916142557651992,0.02,"{""0"": 52, ""1"": 43}",1.550279000000046,1.550279000000046,0.0,banana,8,,KMeans,10,95,530,4770,0.980083857442348,1530386651,False,,True
0.8622641509433963,95,False,0.019916142557651992,0.02,"{""0"": 52, ""1"": 43}",0.0008689999995112885,0.0008689999995112885,0.0,banana,8,,Random,10,95,530,4770,0.980083857442348,1530386651,False,,True
0.8716981132075472,95,False,0.019916142557651992,0.02,,1.8783180000000357,1.8783180000000357,0.0,banana,8,,SPOT,10,95,530,4770,0.980083857442348,1530386651,False,,True
0.8641509433962264,95,False,0.019916142557651992,0.02,,11.074921000000359,11.074921000000359,0.0,banana,8,,GLVQ,10,95,530,4770,0.980083857442348,1530386651,False,,True
0.9169811320754717,95,False,0.019916142557651992,0.02,,0.6877889999996114,0.6877889999996114,0.0,banana,8,,GNG,10,95,530,4770,0.980083857442348,1530386651,False,,True
0.8886792452830189,239,False,0.05010482180293501,0.05,,2.300000051036477e-05,2.300000051036477e-05,0.0,banana,8,,Full,10,4770,530,4770,0.0,1530386651,True,,False
0.8528301886792453,239,False,0.05010482180293501,0.05,,0.25864700000056473,0.25864700000056473,0.0,banana,8,,RSP3,10,1176,530,4770,0.7534591194968554,1530386651,True,,False
0.8528301886792453,239,False,0.05010482180293501,0.05,,3.1153330000006463,3.1153330000006463,0.0,banana,8,,RHC,10,1002,530,4770,0.789937106918239,1530386651,True,,False
0.9188679245283019,239,False,0.05010482180293501,0.05,,4.625035000000025,4.625035000000025,0.0,banana,8,,SPINE+1NN,10,239,530,4770,0.949895178197065,1530386651,False,"{""admission"": {""criterion"": ""risk"", ""removed_risk"": 2, ""removed_support"": 0}, ""betti_final"": [[2, 0], [3, 0]], ""betti_frozen"": [[2, 0], [3, 0]], ""betti_nerve"": [[2, 0], [1, 0]], ""boundary_restriction"": ""both"", ""forced_removals"": 0, ""growth_representation_fallbacks"": 96, ""invariant_held"": true, ""n_segments"": 234, ""n_train_fit"": 3578, ""n_val"": 1192, ""phase0"": [{""constant_lens"": false, ""gain"": 0.25, ""lens"": ""pc1"", ""lens_scaling"": ""standardize"", ""min_cluster_size"": 17, ""min_samples"": 5, ""n_class"": 1974, ""n_edges"": 9, ""n_intervals"": 7, ""n_vertices"": 11, ""noise_reassigned"": 147, ""placement"": ""quantile"", ""slabs"": [{""k"": 1, ""n"": 318}, {""k"": 1, ""n"": 352}, {""k"": 1, ""n"": 352}, {""k"": 2, ""n"": 352}, {""k"": 2, ""n"": 352}, {""k"": 2, ""n"": 352}, {""k"": 2, ""n"": 318}]}, {""constant_lens"": false, ""gain"": 0.25, ""lens"": ""pc1"", ""lens_scaling"": ""standardize"", ""min_cluster_size"": 17, ""min_samples"": 5, ""n_class"": 1604, ""n_edges"": 6, ""n_intervals"": 7, ""n_vertices"": 7, ""noise_reassigned"": 583, ""placement"": ""uniform"", ""slabs"": [{""k"": 1, ""n"": 50}, {""k"": 1, ""n"": 208}, {""k"": 1, ""n"": 441}, {""k"": 1, ""n"": 735}, {""k"": 1, ""n"": 276}, {""k"": 1, ""n"": 148}, {""k"": 1, ""n"": 122}]}], ""soundness_bound_holds"": true, ""step_rule"": ""scale_free"", ""topology_retention_nerve_to_frozen"": {""beta0_frozen"": 5, ""beta0_nerve"": 3, ""beta1_frozen"": 0, ""beta1_nerve"": 0}}",True
0.9283018867924528,239,False,0.05010482180293501,0.05,,4.625035000000025,4.625035000000025,0.0,banana,8,,SPINE+Graph,10,239,530,4770,0.949895178197065,1530386651,False,"{""admission"": {""criterion"": ""risk"", ""removed_risk"": 2, ""removed_support"": 0}, ""betti_final"": [[2, 0], [3, 0]], ""betti_frozen"": [[2, 0], [3, 0]], ""betti_nerve"": [[2, 0], [1, 0]], ""boundary_restriction"": ""both"", ""forced_removals"": 0, ""growth_representation_fallbacks"": 96, ""invariant_held"": true, ""n_segments"": 234, ""n_train_fit"": 3578, ""n_val"": 1192, ""phase0"": [{""constant_lens"": false, ""gain"": 0.25, ""lens"": ""pc1"", ""lens_scaling"": ""standardize"", ""min_cluster_size"": 17, ""min_samples"": 5, ""n_class"": 1974, ""n_edges"": 9, ""n_intervals"": 7, ""n_vertices"": 11, ""noise_reassigned"": 147, ""placement"": ""quantile"", ""slabs"": [{""k"": 1, ""n"": 318}, {""k"": 1, ""n"": 352}, {""k"": 1, ""n"": 352}, {""k"": 2, ""n"": 352}, {""k"": 2, ""n"": 352}, {""k"": 2, ""n"": 352}, {""k"": 2, ""n"": 318}]}, {""constant_lens"": false, ""gain"": 0.25, ""lens"": ""pc1"", ""lens_scaling"": ""standardize"", ""min_cluster_size"": 17, ""min_samples"": 5, ""n_class"": 1604, ""n_edges"": 6, ""n_intervals"": 7, ""n_vertices"": 7, ""noise_reassigned"": 583, ""placement"": ""uniform"", ""slabs"": [{""k"": 1, ""n"": 50}, {""k"": 1, ""n"": 208}, {""k"": 1, ""n"": 441}, {""k"": 1, ""n"": 735}, {""k"": 1, ""n"": 276}, {""k"": 1, ""n"": 148}, {""k"": 1, ""n"": 122}]}], ""soundness_bound_holds"": true, ""step_rule"": ""scale_free"", ""topology_retention_nerve_to_frozen"": {""beta0_frozen"": 5, ""beta0_nerve"": 3, ""beta1_frozen"": 0, ""beta1_nerve"": 0}}",True
0.8981132075471698,239,False,0.05010482180293501,0.05,,1.5788199999997232,24.75544699999955,23.176626999999826,banana,8,"{""epsilon"": 0.3, ""window"": 0.2}",LVQ3,10,239,530,4770,0.949895178197065,1530386651,False,,True
0.8754716981132076,239,False,0.05010482180293501,0.05,"{""0"": 132, ""1"": 107}",2.2302470000004178,2.2302470000004178,0.0,banana,8,,KMeans,10,239,530,4770,0.949895178197065,1530386651,False,,True
0.8735849056603774,239,False,0.05010482180293501,0.05,"{""0"": 132, ""1"": 107}",0.0022480000006908085,0.0022480000006908085,0.0,banana,8,,Random,10,239,530,4770,0.949895178197065,1530386651,False,,True
0.8830188679245283,239,False,0.05010482180293501,0.05,,1.5239999999994325,1.5239999999994325,0.0,banana,8,,SPOT,10,239,530,4770,0.949895178197065,1530386651,False,,True
0.8660377358490566,239,False,0.05010482180293501,0.05,,26.66742499999964,26.66742499999964,0.0,banana,8,,GLVQ,10,239,530,4770,0.949895178197065,1530386651,False,,True
0.8867924528301887,239,False,0.05010482180293501,0.05,,3.4195049999998446,3.4195049999998446,0.0,banana,8,,GNG,10,239,530,4770,0.949895178197065,1530386651,False,,True
0.8886792452830189,477,False,0.1,0.1,,2.300000051036477e-05,2.300000051036477e-05,0.0,banana,8,,Full,10,4770,530,4770,0.0,1530386651,True,,False
0.8528301886792453,477,False,0.1,0.1,,0.25864700000056473,0.25864700000056473,0.0,banana,8,,RSP3,10,1176,530,4770,0.7534591194968554,1530386651,True,,False
0.8528301886792453,477,False,0.1,0.1,,3.1153330000006463,3.1153330000006463,0.0,banana,8,,RHC,10,1002,530,4770,0.789937106918239,1530386651,True,,False
0.9113207547169812,477,False,0.1,0.1,,11.571057999999539,11.571057999999539,0.0,banana,8,,SPINE+1NN,10,477,530,4770,0.9,1530386651,False,"{""admission"": {""criterion"": ""risk"", ""removed_risk"": 2, ""removed_support"": 0}, ""betti_final"": [[2, 0], [3, 0]], ""betti_frozen"": [[2, 0], [3, 0]], ""betti_nerve"": [[2, 0], [1, 0]], ""boundary_restriction"": ""both"", ""forced_removals"": 0, ""growth_representation_fallbacks"": 240, ""invariant_held"": true, ""n_segments"": 472, ""n_train_fit"": 3578, ""n_val"": 1192, ""phase0"": [{""constant_lens"": false, ""gain"": 0.25, ""lens"": ""pc1"", ""lens_scaling"": ""standardize"", ""min_cluster_size"": 17, ""min_samples"": 5, ""n_class"": 1974, ""n_edges"": 9, ""n_intervals"": 7, ""n_vertices"": 11, ""noise_reassigned"": 147, ""placement"": ""quantile"", ""slabs"": [{""k"": 1, ""n"": 318}, {""k"": 1, ""n"": 352}, {""k"": 1, ""n"": 352}, {""k"": 2, ""n"": 352}, {""k"": 2, ""n"": 352}, {""k"": 2, ""n"": 352}, {""k"": 2, ""n"": 318}]}, {""constant_lens"": false, ""gain"": 0.25, ""lens"": ""pc1"", ""lens_scaling"": ""standardize"", ""min_cluster_size"": 17, ""min_samples"": 5, ""n_class"": 1604, ""n_edges"": 6, ""n_intervals"": 7, ""n_vertices"": 7, ""noise_reassigned"": 583, ""placement"": ""uniform"", ""slabs"": [{""k"": 1, ""n"": 50}, {""k"": 1, ""n"": 208}, {""k"": 1, ""n"": 441}, {""k"": 1, ""n"": 735}, {""k"": 1, ""n"": 276}, {""k"": 1, ""n"": 148}, {""k"": 1, ""n"": 122}]}], ""soundness_bound_holds"": true, ""step_rule"": ""scale_free"", ""topology_retention_nerve_to_frozen"": {""beta0_frozen"": 5, ""beta0_nerve"": 3, ""beta1_frozen"": 0, ""beta1_nerve"": 0}}",True
0.9169811320754717,477,False,0.1,0.1,,11.571057999999539,11.571057999999539,0.0,banana,8,,SPINE+Graph,10,477,530,4770,0.9,1530386651,False,"{""admission"": {""criterion"": ""risk"", ""removed_risk"": 2, ""removed_support"": 0}, ""betti_final"": [[2, 0], [3, 0]], ""betti_frozen"": [[2, 0], [3, 0]], ""betti_nerve"": [[2, 0], [1, 0]], ""boundary_restriction"": ""both"", ""forced_removals"": 0, ""growth_representation_fallbacks"": 240, ""invariant_held"": true, ""n_segments"": 472, ""n_train_fit"": 3578, ""n_val"": 1192, ""phase0"": [{""constant_lens"": false, ""gain"": 0.25, ""lens"": ""pc1"", ""lens_scaling"": ""standardize"", ""min_cluster_size"": 17, ""min_samples"": 5, ""n_class"": 1974, ""n_edges"": 9, ""n_intervals"": 7, ""n_vertices"": 11, ""noise_reassigned"": 147, ""placement"": ""quantile"", ""slabs"": [{""k"": 1, ""n"": 318}, {""k"": 1, ""n"": 352}, {""k"": 1, ""n"": 352}, {""k"": 2, ""n"": 352}, {""k"": 2, ""n"": 352}, {""k"": 2, ""n"": 352}, {""k"": 2, ""n"": 318}]}, {""constant_lens"": false, ""gain"": 0.25, ""lens"": ""pc1"", ""lens_scaling"": ""standardize"", ""min_cluster_size"": 17, ""min_samples"": 5, ""n_class"": 1604, ""n_edges"": 6, ""n_intervals"": 7, ""n_vertices"": 7, ""noise_reassigned"": 583, ""placement"": ""uniform"", ""slabs"": [{""k"": 1, ""n"": 50}, {""k"": 1, ""n"": 208}, {""k"": 1, ""n"": 441}, {""k"": 1, ""n"": 735}, {""k"": 1, ""n"": 276}, {""k"": 1, ""n"": 148}, {""k"": 1, ""n"": 122}]}], ""soundness_bound_holds"": true, ""step_rule"": ""scale_free"", ""topology_retention_nerve_to_frozen"": {""beta0_frozen"": 5, ""beta0_nerve"": 3, ""beta1_frozen"": 0, ""beta1_nerve"": 0}}",True
0.9018867924528302,477,False,0.1,0.1,,2.3228629999994155,36.34529999999904,34.02243699999963,banana,8,"{""epsilon"": 0.3, ""window"": 0.2}",LVQ3,10,477,530,4770,0.9,1530386651,False,,True
0.8754716981132076,477,False,0.1,0.1,"{""0"": 263, ""1"": 214}",4.571296999999504,4.571296999999504,0.0,banana,8,,KMeans,10,477,530,4770,0.9,1530386651,False,,True
0.8849056603773585,477,False,0.1,0.1,"{""0"": 263, ""1"": 214}",0.0014769999997952254,0.0014769999997952254,0.0,banana,8,,Random,10,477,530,4770,0.9,1530386651,False,,True
0.8886792452830189,477,False,0.1,0.1,,1.5518480000000636,1.5518480000000636,0.0,banana,8,,SPOT,10,477,530,4770,0.9,1530386651,False,,True
0.8679245283018868,477,False,0.1,0.1,,52.75142800000049,52.75142800000049,0.0,banana,8,,GLVQ,10,477,530,4770,0.9,1530386651,False,,True
0.8924528301886793,477,False,0.1,0.1,,11.181376999999884,11.181376999999884,0.0,banana,8,,GNG,10,477,530,4770,0.9,1530386651,False,,True
0.8886792452830189,1193,False,0.25010482180293503,0.25,,2.300000051036477e-05,2.300000051036477e-05,0.0,banana,8,,Full,10,4770,530,4770,0.0,1530386651,True,,False
0.8528301886792453,1193,False,0.25010482180293503,0.25,,0.25864700000056473,0.25864700000056473,0.0,banana,8,,RSP3,10,1176,530,4770,0.7534591194968554,1530386651,True,,False
0.8528301886792453,1193,False,0.25010482180293503,0.25,,3.1153330000006463,3.1153330000006463,0.0,banana,8,,RHC,10,1002,530,4770,0.789937106918239,1530386651,True,,False
0.9226415094339623,1193,False,0.25010482180293503,0.25,,50.15405800000008,50.15405800000008,0.0,banana,8,,SPINE+1NN,10,1193,530,4770,0.749895178197065,1530386651,False,"{""admission"": {""criterion"": ""risk"", ""removed_risk"": 2, ""removed_support"": 0}, ""betti_final"": [[2, 0], [3, 0]], ""betti_frozen"": [[2, 0], [3, 0]], ""betti_nerve"": [[2, 0], [1, 0]], ""boundary_restriction"": ""both"", ""forced_removals"": 0, ""growth_representation_fallbacks"": 927, ""invariant_held"": true, ""n_segments"": 1188, ""n_train_fit"": 3578, ""n_val"": 1192, ""phase0"": [{""constant_lens"": false, ""gain"": 0.25, ""lens"": ""pc1"", ""lens_scaling"": ""standardize"", ""min_cluster_size"": 17, ""min_samples"": 5, ""n_class"": 1974, ""n_edges"": 9, ""n_intervals"": 7, ""n_vertices"": 11, ""noise_reassigned"": 147, ""placement"": ""quantile"", ""slabs"": [{""k"": 1, ""n"": 318}, {""k"": 1, ""n"": 352}, {""k"": 1, ""n"": 352}, {""k"": 2, ""n"": 352}, {""k"": 2, ""n"": 352}, {""k"": 2, ""n"": 352}, {""k"": 2, ""n"": 318}]}, {""constant_lens"": false, ""gain"": 0.25, ""lens"": ""pc1"", ""lens_scaling"": ""standardize"", ""min_cluster_size"": 17, ""min_samples"": 5, ""n_class"": 1604, ""n_edges"": 6, ""n_intervals"": 7, ""n_vertices"": 7, ""noise_reassigned"": 583, ""placement"": ""uniform"", ""slabs"": [{""k"": 1, ""n"": 50}, {""k"": 1, ""n"": 208}, {""k"": 1, ""n"": 441}, {""k"": 1, ""n"": 735}, {""k"": 1, ""n"": 276}, {""k"": 1, ""n"": 148}, {""k"": 1, ""n"": 122}]}], ""soundness_bound_holds"": true, ""step_rule"": ""scale_free"", ""topology_retention_nerve_to_frozen"": {""beta0_frozen"": 5, ""beta0_nerve"": 3, ""beta1_frozen"": 0, ""beta1_nerve"": 0}}",True
0.9283018867924528,1193,False,0.25010482180293503,0.25,,50.15405800000008,50.15405800000008,0.0,banana,8,,SPINE+Graph,10,1193,530,4770,0.749895178197065,1530386651,False,"{""admission"": {""criterion"": ""risk"", ""removed_risk"": 2, ""removed_support"": 0}, ""betti_final"": [[2, 0], [3, 0]], ""betti_frozen"": [[2, 0], [3, 0]], ""betti_nerve"": [[2, 0], [1, 0]], ""boundary_restriction"": ""both"", ""forced_removals"": 0, ""growth_representation_fallbacks"": 927, ""invariant_held"": true, ""n_segments"": 1188, ""n_train_fit"": 3578, ""n_val"": 1192, ""phase0"": [{""constant_lens"": false, ""gain"": 0.25, ""lens"": ""pc1"", ""lens_scaling"": ""standardize"", ""min_cluster_size"": 17, ""min_samples"": 5, ""n_class"": 1974, ""n_edges"": 9, ""n_intervals"": 7, ""n_vertices"": 11, ""noise_reassigned"": 147, ""placement"": ""quantile"", ""slabs"": [{""k"": 1, ""n"": 318}, {""k"": 1, ""n"": 352}, {""k"": 1, ""n"": 352}, {""k"": 2, ""n"": 352}, {""k"": 2, ""n"": 352}, {""k"": 2, ""n"": 352}, {""k"": 2, ""n"": 318}]}, {""constant_lens"": false, ""gain"": 0.25, ""lens"": ""pc1"", ""lens_scaling"": ""standardize"", ""min_cluster_size"": 17, ""min_samples"": 5, ""n_class"": 1604, ""n_edges"": 6, ""n_intervals"": 7, ""n_vertices"": 7, ""noise_reassigned"": 583, ""placement"": ""uniform"", ""slabs"": [{""k"": 1, ""n"": 50}, {""k"": 1, ""n"": 208}, {""k"": 1, ""n"": 441}, {""k"": 1, ""n"": 735}, {""k"": 1, ""n"": 276}, {""k"": 1, ""n"": 148}, {""k"": 1, ""n"": 122}]}], ""soundness_bound_holds"": true, ""step_rule"": ""scale_free"", ""topology_retention_nerve_to_frozen"": {""beta0_frozen"": 5, ""beta0_nerve"": 3, ""beta1_frozen"": 0, ""beta1_nerve"": 0}}",True
0.869811320754717,1193,False,0.25010482180293503,0.25,,3.7144829999997455,61.652657999999974,57.93817500000023,banana,8,"{""epsilon"": 0.1, ""window"": 0.3}",LVQ3,10,1193,530,4770,0.749895178197065,1530386651,False,,True
0.8886792452830189,1193,False,0.25010482180293503,0.25,"{""0"": 658, ""1"": 535}",14.938368000000082,14.938368000000082,0.0,banana,8,,KMeans,10,1193,530,4770,0.749895178197065,1530386651,False,,True
0.8754716981132076,1193,False,0.25010482180293503,0.25,"{""0"": 658, ""1"": 535}",0.0014159999991534278,0.0014159999991534278,0.0,banana,8,,Random,10,1193,530,4770,0.749895178197065,1530386651,False,,True
0.8981132075471698,1193,False,0.25010482180293503,0.25,,2.114724000000024,2.114724000000024,0.0,banana,8,,SPOT,10,1193,530,4770,0.749895178197065,1530386651,False,,True
0.8735849056603774,1193,False,0.25010482180293503,0.25,,121.31981300000007,121.31981300000007,0.0,banana,8,,GLVQ,10,1193,530,4770,0.749895178197065,1530386651,False,,True
0.8716981132075472,1193,False,0.25010482180293503,0.25,,63.5743309999998,63.5743309999998,0.0,banana,8,,GNG,10,1193,530,4770,0.749895178197065,1530386651,False,,True
0.8660377358490566,24,False,0.005031446540880503,0.005,,2.299999960087007e-05,2.299999960087007e-05,0.0,banana,9,,Full,10,4770,530,4770,0.0,1531386654,False,,False
0.839622641509434,24,False,0.005031446540880503,0.005,,0.2663880000000063,0.2663880000000063,0.0,banana,9,,RSP3,10,1197,530,4770,0.7490566037735849,1531386654,False,,False
0.8037735849056604,24,False,0.005031446540880503,0.005,,3.088477999999668,3.088477999999668,0.0,banana,9,,RHC,10,978,530,4770,0.7949685534591195,1531386654,False,,False
0.8603773584905661,24,False,0.005031446540880503,0.005,,3.9921070000000327,3.9921070000000327,0.0,banana,9,,SPINE+1NN,10,24,530,4770,0.9949685534591195,1531386654,False,"{""admission"": {""criterion"": ""risk"", ""removed_risk"": 6, ""removed_support"": 0}, ""betti_final"": [[6, 0], [2, 0]], ""betti_frozen"": [[6, 0], [2, 0]], ""betti_nerve"": [[1, 1], [2, 0]], ""boundary_restriction"": ""both"", ""forced_removals"": 0, ""growth_representation_fallbacks"": 0, ""invariant_held"": true, ""n_segments"": 16, ""n_train_fit"": 3578, ""n_val"": 1192, ""phase0"": [{""constant_lens"": false, ""gain"": 0.25, ""lens"": ""pc1"", ""lens_scaling"": ""standardize"", ""min_cluster_size"": 17, ""min_samples"": 5, ""n_class"": 1974, ""n_edges"": 10, ""n_intervals"": 7, ""n_vertices"": 10, ""noise_reassigned"": 511, ""placement"": ""uniform"", ""slabs"": [{""k"": 1, ""n"": 147}, {""k"": 2, ""n"": 557}, {""k"": 2, ""n"": 448}, {""k"": 2, ""n"": 222}, {""k"": 1, ""n"": 511}, {""k"": 1, ""n"": 548}, {""k"": 1, ""n"": 37}]}, {""constant_lens"": false, ""gain"": 0.25, ""lens"": ""pc1"", ""lens_scaling"": ""standardize"", ""min_cluster_size"": 17, ""min_samples"": 5, ""n_class"": 1604, ""n_edges"": 6, ""n_intervals"": 7, ""n_vertices"": 8, ""noise_reassigned"": 398, ""placement"": ""uniform"", ""slabs"": [{""k"": 1, ""n"": 63}, {""k"": 1, ""n"": 215}, {""k"": 1, ""n"": 445}, {""k"": 1, ""n"": 741}, {""k"": 2, ""n"": 240}, {""k"": 1, ""n"": 175}, {""k"": 1, ""n"": 111}]}], ""soundness_bound_holds"": true, ""step_rule"": ""scale_free"", ""topology_retention_nerve_to_frozen"": {""beta0_frozen"": 8, ""beta0_nerve"": 3, ""beta1_frozen"": 0, ""beta1_nerve"": 1}}",True
0.9037735849056604,24,False,0.005031446540880503,0.005,,3.9921070000000327,3.9921070000000327,0.0,banana,9,,SPINE+Graph,10,24,530,4770,0.9949685534591195,1531386654,False,"{""admission"": {""criterion"": ""risk"", ""removed_risk"": 6, ""removed_support"": 0}, ""betti_final"": [[6, 0], [2, 0]], ""betti_frozen"": [[6, 0], [2, 0]], ""betti_nerve"": [[1, 1], [2, 0]], ""boundary_restriction"": ""both"", ""forced_removals"": 0, ""growth_representation_fallbacks"": 0, ""invariant_held"": true, ""n_segments"": 16, ""n_train_fit"": 3578, ""n_val"": 1192, ""phase0"": [{""constant_lens"": false, ""gain"": 0.25, ""lens"": ""pc1"", ""lens_scaling"": ""standardize"", ""min_cluster_size"": 17, ""min_samples"": 5, ""n_class"": 1974, ""n_edges"": 10, ""n_intervals"": 7, ""n_vertices"": 10, ""noise_reassigned"": 511, ""placement"": ""uniform"", ""slabs"": [{""k"": 1, ""n"": 147}, {""k"": 2, ""n"": 557}, {""k"": 2, ""n"": 448}, {""k"": 2, ""n"": 222}, {""k"": 1, ""n"": 511}, {""k"": 1, ""n"": 548}, {""k"": 1, ""n"": 37}]}, {""constant_lens"": false, ""gain"": 0.25, ""lens"": ""pc1"", ""lens_scaling"": ""standardize"", ""min_cluster_size"": 17, ""min_samples"": 5, ""n_class"": 1604, ""n_edges"": 6, ""n_intervals"": 7, ""n_vertices"": 8, ""noise_reassigned"": 398, ""placement"": ""uniform"", ""slabs"": [{""k"": 1, ""n"": 63}, {""k"": 1, ""n"": 215}, {""k"": 1, ""n"": 445}, {""k"": 1, ""n"": 741}, {""k"": 2, ""n"": 240}, {""k"": 1, ""n"": 175}, {""k"": 1, ""n"": 111}]}], ""soundness_bound_holds"": true, ""step_rule"": ""scale_free"", ""topology_retention_nerve_to_frozen"": {""beta0_frozen"": 8, ""beta0_nerve"": 3, ""beta1_frozen"": 0, ""beta1_nerve"": 1}}",True
0.8886792452830189,24,False,0.005031446540880503,0.005,,0.8188819999995758,13.77251299999989,12.953631000000314,banana,9,"{""epsilon"": 0.1, ""window"": 0.3}",LVQ3,10,24,530,4770,0.9949685534591195,1531386654,False,,True
0.879245283018868,24,False,0.005031446540880503,0.005,"{""0"": 13, ""1"": 11}",0.7969220000004498,0.7969220000004498,0.0,banana,9,,KMeans,10,24,530,4770,0.9949685534591195,1531386654,False,,True
0.7603773584905661,24,False,0.005031446540880503,0.005,"{""0"": 13, ""1"": 11}",0.0009300000001530861,0.0009300000001530861,0.0,banana,9,,Random,10,24,530,4770,0.9949685534591195,1531386654,False,,True
0.8622641509433963,24,False,0.005031446540880503,0.005,,1.6888220000000729,1.6888220000000729,0.0,banana,9,,SPOT,10,24,530,4770,0.9949685534591195,1531386654,False,,True
0.8603773584905661,24,False,0.005031446540880503,0.005,,3.9677679999995235,3.9677679999995235,0.0,banana,9,,GLVQ,10,24,530,4770,0.9949685534591195,1531386654,False,,True
0.8981132075471698,24,False,0.005031446540880503,0.005,,0.09584600000016508,0.09584600000016508,0.0,banana,9,,GNG,10,24,530,4770,0.9949685534591195,1531386654,False,,True
0.8660377358490566,48,False,0.010062893081761006,0.01,,2.299999960087007e-05,2.299999960087007e-05,0.0,banana,9,,Full,10,4770,530,4770,0.0,1531386654,True,,False
0.839622641509434,48,False,0.010062893081761006,0.01,,0.2663880000000063,0.2663880000000063,0.0,banana,9,,RSP3,10,1197,530,4770,0.7490566037735849,1531386654,True,,False
0.8037735849056604,48,False,0.010062893081761006,0.01,,3.088477999999668,3.088477999999668,0.0,banana,9,,RHC,10,978,530,4770,0.7949685534591195,1531386654,True,,False
0.9037735849056604,48,False,0.010062893081761006,0.01,,3.0714920000000347,3.0714920000000347,0.0,banana,9,,SPINE+1NN,10,48,530,4770,0.989937106918239,1531386654,False,"{""admission"": {""criterion"": ""risk"", ""removed_risk"": 6, ""removed_support"": 0}, ""betti_final"": [[6, 0], [2, 0]], ""betti_frozen"": [[6, 0], [2, 0]], ""betti_nerve"": [[1, 1], [2, 0]], ""boundary_restriction"": ""both"", ""forced_removals"": 0, ""growth_representation_fallbacks"": 0, ""invariant_held"": true, ""n_segments"": 40, ""n_train_fit"": 3578, ""n_val"": 1192, ""phase0"": [{""constant_lens"": false, ""gain"": 0.25, ""lens"": ""pc1"", ""lens_scaling"": ""standardize"", ""min_cluster_size"": 17, ""min_samples"": 5, ""n_class"": 1974, ""n_edges"": 10, ""n_intervals"": 7, ""n_vertices"": 10, ""noise_reassigned"": 511, ""placement"": ""uniform"", ""slabs"": [{""k"": 1, ""n"": 147}, {""k"": 2, ""n"": 557}, {""k"": 2, ""n"": 448}, {""k"": 2, ""n"": 222}, {""k"": 1, ""n"": 511}, {""k"": 1, ""n"": 548}, {""k"": 1, ""n"": 37}]}, {""constant_lens"": false, ""gain"": 0.25, ""lens"": ""pc1"", ""lens_scaling"": ""standardize"", ""min_cluster_size"": 17, ""min_samples"": 5, ""n_class"": 1604, ""n_edges"": 6, ""n_intervals"": 7, ""n_vertices"": 8, ""noise_reassigned"": 398, ""placement"": ""uniform"", ""slabs"": [{""k"": 1, ""n"": 63}, {""k"": 1, ""n"": 215}, {""k"": 1, ""n"": 445}, {""k"": 1, ""n"": 741}, {""k"": 2, ""n"": 240}, {""k"": 1, ""n"": 175}, {""k"": 1, ""n"": 111}]}], ""soundness_bound_holds"": true, ""step_rule"": ""scale_free"", ""topology_retention_nerve_to_frozen"": {""beta0_frozen"": 8, ""beta0_nerve"": 3, ""beta1_frozen"": 0, ""beta1_nerve"": 1}}",True
0.9113207547169812,48,False,0.010062893081761006,0.01,,3.0714920000000347,3.0714920000000347,0.0,banana,9,,SPINE+Graph,10,48,530,4770,0.989937106918239,1531386654,False,"{""admission"": {""criterion"": ""risk"", ""removed_risk"": 6, ""removed_support"": 0}, ""betti_final"": [[6, 0], [2, 0]], ""betti_frozen"": [[6, 0], [2, 0]], ""betti_nerve"": [[1, 1], [2, 0]], ""boundary_restriction"": ""both"", ""forced_removals"": 0, ""growth_representation_fallbacks"": 0, ""invariant_held"": true, ""n_segments"": 40, ""n_train_fit"": 3578, ""n_val"": 1192, ""phase0"": [{""constant_lens"": false, ""gain"": 0.25, ""lens"": ""pc1"", ""lens_scaling"": ""standardize"", ""min_cluster_size"": 17, ""min_samples"": 5, ""n_class"": 1974, ""n_edges"": 10, ""n_intervals"": 7, ""n_vertices"": 10, ""noise_reassigned"": 511, ""placement"": ""uniform"", ""slabs"": [{""k"": 1, ""n"": 147}, {""k"": 2, ""n"": 557}, {""k"": 2, ""n"": 448}, {""k"": 2, ""n"": 222}, {""k"": 1, ""n"": 511}, {""k"": 1, ""n"": 548}, {""k"": 1, ""n"": 37}]}, {""constant_lens"": false, ""gain"": 0.25, ""lens"": ""pc1"", ""lens_scaling"": ""standardize"", ""min_cluster_size"": 17, ""min_samples"": 5, ""n_class"": 1604, ""n_edges"": 6, ""n_intervals"": 7, ""n_vertices"": 8, ""noise_reassigned"": 398, ""placement"": ""uniform"", ""slabs"": [{""k"": 1, ""n"": 63}, {""k"": 1, ""n"": 215}, {""k"": 1, ""n"": 445}, {""k"": 1, ""n"": 741}, {""k"": 2, ""n"": 240}, {""k"": 1, ""n"": 175}, {""k"": 1, ""n"": 111}]}], ""soundness_bound_holds"": true, ""step_rule"": ""scale_free"", ""topology_retention_nerve_to_frozen"": {""beta0_frozen"": 8, ""beta0_nerve"": 3, ""beta1_frozen"": 0, ""beta1_nerve"": 1}}",True
0.8981132075471698,48,False,0.010062893081761006,0.01,,0.9760940000005576,15.267985000001318,14.29189100000076,banana,9,"{""epsilon"": 0.1, ""window"": 0.2}",LVQ3,10,48,530,4770,0.989937106918239,1531386654,False,,True
0.8830188679245283,48,False,0.010062893081761006,0.01,"{""0"": 26, ""1"": 22}",1.0341559999997116,1.0341559999997116,0.0,banana,9,,KMeans,10,48,530,4770,0.989937106918239,1531386654,False,,True
0.8113207547169812,48,False,0.010062893081761006,0.01,"{""0"": 26, ""1"": 22}",0.000901000000339991,0.000901000000339991,0.0,banana,9,,Random,10,48,530,4770,0.989937106918239,1531386654,False,,True
0.8679245283018868,48,False,0.010062893081761006,0.01,,1.8224239999999554,1.8224239999999554,0.0,banana,9,,SPOT,10,48,530,4770,0.989937106918239,1531386654,False,,True
0.8773584905660378,48,False,0.010062893081761006,0.01,,6.35396800000035,6.35396800000035,0.0,banana,9,,GLVQ,10,48,530,4770,0.989937106918239,1531386654,False,,True
0.9,48,False,0.010062893081761006,0.01,,0.24178399999982503,0.24178399999982503,0.0,banana,9,,GNG,10,48,530,4770,0.989937106918239,1531386654,False,,True
0.8660377358490566,95,False,0.019916142557651992,0.02,,2.299999960087007e-05,2.299999960087007e-05,0.0,banana,9,,Full,10,4770,530,4770,0.0,1531386654,True,,False
0.839622641509434,95,False,0.019916142557651992,0.02,,0.2663880000000063,0.2663880000000063,0.0,banana,9,,RSP3,10,1197,530,4770,0.7490566037735849,1531386654,True,,False
0.8037735849056604,95,False,0.019916142557651992,0.02,,3.088477999999668,3.088477999999668,0.0,banana,9,,RHC,10,978,530,4770,0.7949685534591195,1531386654,True,,False
0.9075471698113208,95,False,0.019916142557651992,0.02,,3.450388999999632,3.450388999999632,0.0,banana,9,,SPINE+1NN,10,95,530,4770,0.980083857442348,1531386654,False,"{""admission"": {""criterion"": ""risk"", ""removed_risk"": 6, ""removed_support"": 0}, ""betti_final"": [[6, 0], [2, 0]], ""betti_frozen"": [[6, 0], [2, 0]], ""betti_nerve"": [[1, 1], [2, 0]], ""boundary_restriction"": ""both"", ""forced_removals"": 0, ""growth_representation_fallbacks"": 16, ""invariant_held"": true, ""n_segments"": 87, ""n_train_fit"": 3578, ""n_val"": 1192, ""phase0"": [{""constant_lens"": false, ""gain"": 0.25, ""lens"": ""pc1"", ""lens_scaling"": ""standardize"", ""min_cluster_size"": 17, ""min_samples"": 5, ""n_class"": 1974, ""n_edges"": 10, ""n_intervals"": 7, ""n_vertices"": 10, ""noise_reassigned"": 511, ""placement"": ""uniform"", ""slabs"": [{""k"": 1, ""n"": 147}, {""k"": 2, ""n"": 557}, {""k"": 2, ""n"": 448}, {""k"": 2, ""n"": 222}, {""k"": 1, ""n"": 511}, {""k"": 1, ""n"": 548}, {""k"": 1, ""n"": 37}]}, {""constant_lens"": false, ""gain"": 0.25, ""lens"": ""pc1"", ""lens_scaling"": ""standardize"", ""min_cluster_size"": 17, ""min_samples"": 5, ""n_class"": 1604, ""n_edges"": 6, ""n_intervals"": 7, ""n_vertices"": 8, ""noise_reassigned"": 398, ""placement"": ""uniform"", ""slabs"": [{""k"": 1, ""n"": 63}, {""k"": 1, ""n"": 215}, {""k"": 1, ""n"": 445}, {""k"": 1, ""n"": 741}, {""k"": 2, ""n"": 240}, {""k"": 1, ""n"": 175}, {""k"": 1, ""n"": 111}]}], ""soundness_bound_holds"": true, ""step_rule"": ""scale_free"", ""topology_retention_nerve_to_frozen"": {""beta0_frozen"": 8, ""beta0_nerve"": 3, ""beta1_frozen"": 0, ""beta1_nerve"": 1}}",True
0.9113207547169812,95,False,0.019916142557651992,0.02,,3.450388999999632,3.450388999999632,0.0,banana,9,,SPINE+Graph,10,95,530,4770,0.980083857442348,1531386654,False,"{""admission"": {""criterion"": ""risk"", ""removed_risk"": 6, ""removed_support"": 0}, ""betti_final"": [[6, 0], [2, 0]], ""betti_frozen"": [[6, 0], [2, 0]], ""betti_nerve"": [[1, 1], [2, 0]], ""boundary_restriction"": ""both"", ""forced_removals"": 0, ""growth_representation_fallbacks"": 16, ""invariant_held"": true, ""n_segments"": 87, ""n_train_fit"": 3578, ""n_val"": 1192, ""phase0"": [{""constant_lens"": false, ""gain"": 0.25, ""lens"": ""pc1"", ""lens_scaling"": ""standardize"", ""min_cluster_size"": 17, ""min_samples"": 5, ""n_class"": 1974, ""n_edges"": 10, ""n_intervals"": 7, ""n_vertices"": 10, ""noise_reassigned"": 511, ""placement"": ""uniform"", ""slabs"": [{""k"": 1, ""n"": 147}, {""k"": 2, ""n"": 557}, {""k"": 2, ""n"": 448}, {""k"": 2, ""n"": 222}, {""k"": 1, ""n"": 511}, {""k"": 1, ""n"": 548}, {""k"": 1, ""n"": 37}]}, {""constant_lens"": false, ""gain"": 0.25, ""lens"": ""pc1"", ""lens_scaling"": ""standardize"", ""min_cluster_size"": 17, ""min_samples"": 5, ""n_class"": 1604, ""n_edges"": 6, ""n_intervals"": 7, ""n_vertices"": 8, ""noise_reassigned"": 398, ""placement"": ""uniform"", ""slabs"": [{""k"": 1, ""n"": 63}, {""k"": 1, ""n"": 215}, {""k"": 1, ""n"": 445}, {""k"": 1, ""n"": 741}, {""k"": 2, ""n"": 240}, {""k"": 1, ""n"": 175}, {""k"": 1, ""n"": 111}]}], ""soundness_bound_holds"": true, ""step_rule"": ""scale_free"", ""topology_retention_nerve_to_frozen"": {""beta0_frozen"": 8, ""beta0_nerve"": 3, ""beta1_frozen"": 0, ""beta1_nerve"": 1}}",True
0.909433962264151,95,False,0.019916142557651992,0.02,,0.9809450000002471,17.93279900000016,16.951853999999912,banana,9,"{""epsilon"": 0.1, ""window"": 0.3}",LVQ3,10,95,530,4770,0.980083857442348,1531386654,False,,True
0.8886792452830189,95,False,0.019916142557651992,0.02,"{""0"": 52, ""1"": 43}",1.5364370000006602,1.5364370000006602,0.0,banana,9,,KMeans,10,95,530,4770,0.980083857442348,1531386654,False,,True
0.8283018867924529,95,False,0.019916142557651992,0.02,"{""0"": 52, ""1"": 43}",0.0008640000005470938,0.0008640000005470938,0.0,banana,9,,Random,10,95,530,4770,0.980083857442348,1531386654,False,,True
0.8943396226415095,95,False,0.019916142557651992,0.02,,1.8630339999999705,1.8630339999999705,0.0,banana,9,,SPOT,10,95,530,4770,0.980083857442348,1531386654,False,,True
0.8679245283018868,95,False,0.019916142557651992,0.02,,10.996654999999919,10.996654999999919,0.0,banana,9,,GLVQ,10,95,530,4770,0.980083857442348,1531386654,False,,True
0.9018867924528302,95,False,0.019916142557651992,0.02,,0.6887440000000424,0.6887440000000424,0.0,banana,9,,GNG,10,95,530,4770,0.980083857442348,1531386654,False,,True
0.8660377358490566,239,False,0.05010482180293501,0.05,,2.299999960087007e-05,2.299999960087007e-05,0.0,banana,9,,Full,10,4770,530,4770,0.0,1531386654,True,,False
0.839622641509434,239,False,0.05010482180293501,0.05,,0.2663880000000063,0.2663880000000063,0.0,banana,9,,RSP3,10,1197,530,4770,0.7490566037735849,1531386654,True,,False
0.8037735849056604,239,False,0.05010482180293501,0.05,,3.088477999999668,3.088477999999668,0.0,banana,9,,RHC,10,978,530,4770,0.7949685534591195,1531386654,True,,False
0.9018867924528302,239,False,0.05010482180293501,0.05,,4.578461000000061,4.578461000000061,0.0,banana,9,,SPINE+1NN,10,239,530,4770,0.949895178197065,1531386654,False,"{""admission"": {""criterion"": ""risk"", ""removed_risk"": 6, ""removed_support"": 0}, ""betti_final"": [[6, 0], [2, 0]], ""betti_frozen"": [[6, 0], [2, 0]], ""betti_nerve"": [[1, 1], [2, 0]], ""boundary_restriction"": ""both"", ""forced_removals"": 0, ""growth_representation_fallbacks"": 94, ""invariant_held"": true, ""n_segments"": 231, ""n_train_fit"": 3578, ""n_val"": 1192, ""phase0"": [{""constant_lens"": false, ""gain"": 0.25, ""lens"": ""pc1"", ""lens_scaling"": ""standardize"", ""min_cluster_size"": 17, ""min_samples"": 5, ""n_class"": 1974, ""n_edges"": 10, ""n_intervals"": 7, ""n_vertices"": 10, ""noise_reassigned"": 511, ""placement"": ""uniform"", ""slabs"": [{""k"": 1, ""n"": 147}, {""k"": 2, ""n"": 557}, {""k"": 2, ""n"": 448}, {""k"": 2, ""n"": 222}, {""k"": 1, ""n"": 511}, {""k"": 1, ""n"": 548}, {""k"": 1, ""n"": 37}]}, {""constant_lens"": false, ""gain"": 0.25, ""lens"": ""pc1"", ""lens_scaling"": ""standardize"", ""min_cluster_size"": 17, ""min_samples"": 5, ""n_class"": 1604, ""n_edges"": 6, ""n_intervals"": 7, ""n_vertices"": 8, ""noise_reassigned"": 398, ""placement"": ""uniform"", ""slabs"": [{""k"": 1, ""n"": 63}, {""k"": 1, ""n"": 215}, {""k"": 1, ""n"": 445}, {""k"": 1, ""n"": 741}, {""k"": 2, ""n"": 240}, {""k"": 1, ""n"": 175}, {""k"": 1, ""n"": 111}]}], ""soundness_bound_holds"": true, ""step_rule"": ""scale_free"", ""topology_retention_nerve_to_frozen"": {""beta0_frozen"": 8, ""beta0_nerve"": 3, ""beta1_frozen"": 0, ""beta1_nerve"": 1}}",True
0.9018867924528302,239,False,0.05010482180293501,0.05,,4.578461000000061,4.578461000000061,0.0,banana,9,,SPINE+Graph,10,239,530,4770,0.949895178197065,1531386654,False,"{""admission"": {""criterion"": ""risk"", ""removed_risk"": 6, ""removed_support"": 0}, ""betti_final"": [[6, 0], [2, 0]], ""betti_frozen"": [[6, 0], [2, 0]], ""betti_nerve"": [[1, 1], [2, 0]], ""boundary_restriction"": ""both"", ""forced_removals"": 0, ""growth_representation_fallbacks"": 94, ""invariant_held"": true, ""n_segments"": 231, ""n_train_fit"": 3578, ""n_val"": 1192, ""phase0"": [{""constant_lens"": false, ""gain"": 0.25, ""lens"": ""pc1"", ""lens_scaling"": ""standardize"", ""min_cluster_size"": 17, ""min_samples"": 5, ""n_class"": 1974, ""n_edges"": 10, ""n_intervals"": 7, ""n_vertices"": 10, ""noise_reassigned"": 511, ""placement"": ""uniform"", ""slabs"": [{""k"": 1, ""n"": 147}, {""k"": 2, ""n"": 557}, {""k"": 2, ""n"": 448}, {""k"": 2, ""n"": 222}, {""k"": 1, ""n"": 511}, {""k"": 1, ""n"": 548}, {""k"": 1, ""n"": 37}]}, {""constant_lens"": false, ""gain"": 0.25, ""lens"": ""pc1"", ""lens_scaling"": ""standardize"", ""min_cluster_size"": 17, ""min_samples"": 5, ""n_class"": 1604, ""n_edges"": 6, ""n_intervals"": 7, ""n_vertices"": 8, ""noise_reassigned"": 398, ""placement"": ""uniform"", ""slabs"": [{""k"": 1, ""n"": 63}, {""k"": 1, ""n"": 215}, {""k"": 1, ""n"": 445}, {""k"": 1, ""n"": 741}, {""k"": 2, ""n"": 240}, {""k"": 1, ""n"": 175}, {""k"": 1, ""n"": 111}]}], ""soundness_bound_holds"": true, ""step_rule"": ""scale_free"", ""topology_retention_nerve_to_frozen"": {""beta0_frozen"": 8, ""beta0_nerve"": 3, ""beta1_frozen"": 0, ""beta1_nerve"": 1}}",True
0.9075471698113208,239,False,0.05010482180293501,0.05,,1.3809069999997519,24.53746299999966,23.15655599999991,banana,9,"{""epsilon"": 0.3, ""window"": 0.3}",LVQ3,10,239,530,4770,0.949895178197065,1531386654,False,,True
0.8679245283018868,239,False,0.05010482180293501,0.05,"{""0"": 132, ""1"": 107}",3.001307999999881,3.001307999999881,0.0,banana,9,,KMeans,10,239,530,4770,0.949895178197065,1531386654,False,,True
0.8603773584905661,239,False,0.05010482180293501,0.05,"{""0"": 132, ""1"": 107}",0.000992999999652966,0.000992999999652966,0.0,banana,9,,Random,10,239,530,4770,0.949895178197065,1531386654,False,,True
0.879245283018868,239,False,0.05010482180293501,0.05,,1.8810489999996207,1.8810489999996207,0.0,banana,9,,SPOT,10,239,530,4770,0.949895178197065,1531386654,False,,True
0.8716981132075472,239,False,0.05010482180293501,0.05,,25.611801000000014,25.611801000000014,0.0,banana,9,,GLVQ,10,239,530,4770,0.949895178197065,1531386654,False,,True
0.8849056603773585,239,False,0.05010482180293501,0.05,,3.1848829999998998,3.1848829999998998,0.0,banana,9,,GNG,10,239,530,4770,0.949895178197065,1531386654,False,,True
0.8660377358490566,477,False,0.1,0.1,,2.299999960087007e-05,2.299999960087007e-05,0.0,banana,9,,Full,10,4770,530,4770,0.0,1531386654,True,,False
0.839622641509434,477,False,0.1,0.1,,0.2663880000000063,0.2663880000000063,0.0,banana,9,,RSP3,10,1197,530,4770,0.7490566037735849,1531386654,True,,False
0.8037735849056604,477,False,0.1,0.1,,3.088477999999668,3.088477999999668,0.0,banana,9,,RHC,10,978,530,4770,0.7949685534591195,1531386654,True,,False
0.9018867924528302,477,False,0.1,0.1,,9.457942000000003,9.457942000000003,0.0,banana,9,,SPINE+1NN,10,477,530,4770,0.9,1531386654,False,"{""admission"": {""criterion"": ""risk"", ""removed_risk"": 6, ""removed_support"": 0}, ""betti_final"": [[6, 0], [2, 0]], ""betti_frozen"": [[6, 0], [2, 0]], ""betti_nerve"": [[1, 1], [2, 0]], ""boundary_restriction"": ""both"", ""forced_removals"": 0, ""growth_representation_fallbacks"": 238, ""invariant_held"": true, ""n_segments"": 469, ""n_train_fit"": 3578, ""n_val"": 1192, ""phase0"": [{""constant_lens"": false, ""gain"": 0.25, ""lens"": ""pc1"", ""lens_scaling"": ""standardize"", ""min_cluster_size"": 17, ""min_samples"": 5, ""n_class"": 1974, ""n_edges"": 10, ""n_intervals"": 7, ""n_vertices"": 10, ""noise_reassigned"": 511, ""placement"": ""uniform"", ""slabs"": [{""k"": 1, ""n"": 147}, {""k"": 2, ""n"": 557}, {""k"": 2, ""n"": 448}, {""k"": 2, ""n"": 222}, {""k"": 1, ""n"": 511}, {""k"": 1, ""n"": 548}, {""k"": 1, ""n"": 37}]}, {""constant_lens"": false, ""gain"": 0.25, ""lens"": ""pc1"", ""lens_scaling"": ""standardize"", ""min_cluster_size"": 17, ""min_samples"": 5, ""n_class"": 1604, ""n_edges"": 6, ""n_intervals"": 7, ""n_vertices"": 8, ""noise_reassigned"": 398, ""placement"": ""uniform"", ""slabs"": [{""k"": 1, ""n"": 63}, {""k"": 1, ""n"": 215}, {""k"": 1, ""n"": 445}, {""k"": 1, ""n"": 741}, {""k"": 2, ""n"": 240}, {""k"": 1, ""n"": 175}, {""k"": 1, ""n"": 111}]}], ""soundness_bound_holds"": true, ""step_rule"": ""scale_free"", ""topology_retention_nerve_to_frozen"": {""beta0_frozen"": 8, ""beta0_nerve"": 3, ""beta1_frozen"": 0, ""beta1_nerve"": 1}}",True
0.9075471698113208,477,False,0.1,0.1,,9.457942000000003,9.457942000000003,0.0,banana,9,,SPINE+Graph,10,477,530,4770,0.9,1531386654,False,"{""admission"": {""criterion"": ""risk"", ""removed_risk"": 6, ""removed_support"": 0}, ""betti_final"": [[6, 0], [2, 0]], ""betti_frozen"": [[6, 0], [2, 0]], ""betti_nerve"": [[1, 1], [2, 0]], ""boundary_restriction"": ""both"", ""forced_removals"": 0, ""growth_representation_fallbacks"": 238, ""invariant_held"": true, ""n_segments"": 469, ""n_train_fit"": 3578, ""n_val"": 1192, ""phase0"": [{""constant_lens"": false, ""gain"": 0.25, ""lens"": ""pc1"", ""lens_scaling"": ""standardize"", ""min_cluster_size"": 17, ""min_samples"": 5, ""n_class"": 1974, ""n_edges"": 10, ""n_intervals"": 7, ""n_vertices"": 10, ""noise_reassigned"": 511, ""placement"": ""uniform"", ""slabs"": [{""k"": 1, ""n"": 147}, {""k"": 2, ""n"": 557}, {""k"": 2, ""n"": 448}, {""k"": 2, ""n"": 222}, {""k"": 1, ""n"": 511}, {""k"": 1, ""n"": 548}, {""k"": 1, ""n"": 37}]}, {""constant_lens"": false, ""gain"": 0.25, ""lens"": ""pc1"", ""lens_scaling"": ""standardize"", ""min_cluster_size"": 17, ""min_samples"": 5, ""n_class"": 1604, ""n_edges"": 6, ""n_intervals"": 7, ""n_vertices"": 8, ""noise_reassigned"": 398, ""placement"": ""uniform"", ""slabs"": [{""k"": 1, ""n"": 63}, {""k"": 1, ""n"": 215}, {""k"": 1, ""n"": 445}, {""k"": 1, ""n"": 741}, {""k"": 2, ""n"": 240}, {""k"": 1, ""n"": 175}, {""k"": 1, ""n"": 111}]}], ""soundness_bound_holds"": true, ""step_rule"": ""scale_free"", ""topology_retention_nerve_to_frozen"": {""beta0_frozen"": 8, ""beta0_nerve"": 3, ""beta1_frozen"": 0, ""beta1_nerve"": 1}}",True
0.8830188679245283,477,False,0.1,0.1,,1.9030509999993228,32.77548899999965,30.87243800000033,banana,9,"{""epsilon"": 0.1, ""window"": 0.3}",LVQ3,10,477,530,4770,0.9,1531386654,False,,True
0.8547169811320755,477,False,0.1,0.1,"{""0"": 263, ""1"": 214}",6.082371000000421,6.082371000000421,0.0,banana,9,,KMeans,10,477,530,4770,0.9,1531386654,False,,True
0.8188679245283019,477,False,0.1,0.1,"{""0"": 263, ""1"": 214}",0.0006459999995058752,0.0006459999995058752,0.0,banana,9,,Random,10,477,530,4770,0.9,1531386654,False,,True
0.8660377358490566,477,False,0.1,0.1,,1.8767029999999068,1.8767029999999068,0.0,banana,9,,SPOT,10,477,530,4770,0.9,1531386654,False,,True
0.8716981132075472,477,False,0.1,0.1,,49.50278100000014,49.50278100000014,0.0,banana,9,,GLVQ,10,477,530,4770,0.9,1531386654,False,,True
0.8547169811320755,477,False,0.1,0.1,,11.177412000000004,11.177412000000004,0.0,banana,9,,GNG,10,477,530,4770,0.9,1531386654,False,,True
0.8660377358490566,1193,False,0.25010482180293503,0.25,,2.299999960087007e-05,2.299999960087007e-05,0.0,banana,9,,Full,10,4770,530,4770,0.0,1531386654,True,,False
0.839622641509434,1193,False,0.25010482180293503,0.25,,0.2663880000000063,0.2663880000000063,0.0,banana,9,,RSP3,10,1197,530,4770,0.7490566037735849,1531386654,True,,False
0.8037735849056604,1193,False,0.25010482180293503,0.25,,3.088477999999668,3.088477999999668,0.0,banana,9,,RHC,10,978,530,4770,0.7949685534591195,1531386654,True,,False
0.8962264150943396,1193,False,0.25010482180293503,0.25,,48.706732999999986,48.706732999999986,0.0,banana,9,,SPINE+1NN,10,1193,530,4770,0.749895178197065,1531386654,False,"{""admission"": {""criterion"": ""risk"", ""removed_risk"": 6, ""removed_support"": 0}, ""betti_final"": [[6, 0], [2, 0]], ""betti_frozen"": [[6, 0], [2, 0]], ""betti_nerve"": [[1, 1], [2, 0]], ""boundary_restriction"": ""both"", ""forced_removals"": 0, ""growth_representation_fallbacks"": 880, ""invariant_held"": true, ""n_segments"": 1185, ""n_train_fit"": 3578, ""n_val"": 1192, ""phase0"": [{""constant_lens"": false, ""gain"": 0.25, ""lens"": ""pc1"", ""lens_scaling"": ""standardize"", ""min_cluster_size"": 17, ""min_samples"": 5, ""n_class"": 1974, ""n_edges"": 10, ""n_intervals"": 7, ""n_vertices"": 10, ""noise_reassigned"": 511, ""placement"": ""uniform"", ""slabs"": [{""k"": 1, ""n"": 147}, {""k"": 2, ""n"": 557}, {""k"": 2, ""n"": 448}, {""k"": 2, ""n"": 222}, {""k"": 1, ""n"": 511}, {""k"": 1, ""n"": 548}, {""k"": 1, ""n"": 37}]}, {""constant_lens"": false, ""gain"": 0.25, ""lens"": ""pc1"", ""lens_scaling"": ""standardize"", ""min_cluster_size"": 17, ""min_samples"": 5, ""n_class"": 1604, ""n_edges"": 6, ""n_intervals"": 7, ""n_vertices"": 8, ""noise_reassigned"": 398, ""placement"": ""uniform"", ""slabs"": [{""k"": 1, ""n"": 63}, {""k"": 1, ""n"": 215}, {""k"": 1, ""n"": 445}, {""k"": 1, ""n"": 741}, {""k"": 2, ""n"": 240}, {""k"": 1, ""n"": 175}, {""k"": 1, ""n"": 111}]}], ""soundness_bound_holds"": true, ""step_rule"": ""scale_free"", ""topology_retention_nerve_to_frozen"": {""beta0_frozen"": 8, ""beta0_nerve"": 3, ""beta1_frozen"": 0, ""beta1_nerve"": 1}}",True
0.8962264150943396,1193,False,0.25010482180293503,0.25,,48.706732999999986,48.706732999999986,0.0,banana,9,,SPINE+Graph,10,1193,530,4770,0.749895178197065,1531386654,False,"{""admission"": {""criterion"": ""risk"", ""removed_risk"": 6, ""removed_support"": 0}, ""betti_final"": [[6, 0], [2, 0]], ""betti_frozen"": [[6, 0], [2, 0]], ""betti_nerve"": [[1, 1], [2, 0]], ""boundary_restriction"": ""both"", ""forced_removals"": 0, ""growth_representation_fallbacks"": 880, ""invariant_held"": true, ""n_segments"": 1185, ""n_train_fit"": 3578, ""n_val"": 1192, ""phase0"": [{""constant_lens"": false, ""gain"": 0.25, ""lens"": ""pc1"", ""lens_scaling"": ""standardize"", ""min_cluster_size"": 17, ""min_samples"": 5, ""n_class"": 1974, ""n_edges"": 10, ""n_intervals"": 7, ""n_vertices"": 10, ""noise_reassigned"": 511, ""placement"": ""uniform"", ""slabs"": [{""k"": 1, ""n"": 147}, {""k"": 2, ""n"": 557}, {""k"": 2, ""n"": 448}, {""k"": 2, ""n"": 222}, {""k"": 1, ""n"": 511}, {""k"": 1, ""n"": 548}, {""k"": 1, ""n"": 37}]}, {""constant_lens"": false, ""gain"": 0.25, ""lens"": ""pc1"", ""lens_scaling"": ""standardize"", ""min_cluster_size"": 17, ""min_samples"": 5, ""n_class"": 1604, ""n_edges"": 6, ""n_intervals"": 7, ""n_vertices"": 8, ""noise_reassigned"": 398, ""placement"": ""uniform"", ""slabs"": [{""k"": 1, ""n"": 63}, {""k"": 1, ""n"": 215}, {""k"": 1, ""n"": 445}, {""k"": 1, ""n"": 741}, {""k"": 2, ""n"": 240}, {""k"": 1, ""n"": 175}, {""k"": 1, ""n"": 111}]}], ""soundness_bound_holds"": true, ""step_rule"": ""scale_free"", ""topology_retention_nerve_to_frozen"": {""beta0_frozen"": 8, ""beta0_nerve"": 3, ""beta1_frozen"": 0, ""beta1_nerve"": 1}}",True
0.869811320754717,1193,False,0.25010482180293503,0.25,,3.530094000000645,60.52691400000094,56.9968200000003,banana,9,"{""epsilon"": 0.1, ""window"": 0.3}",LVQ3,10,1193,530,4770,0.749895178197065,1531386654,False,,True
0.8377358490566038,1193,False,0.25010482180293503,0.25,"{""0"": 658, ""1"": 535}",11.13074400000005,11.13074400000005,0.0,banana,9,,KMeans,10,1193,530,4770,0.749895178197065,1531386654,False,,True
0.8811320754716981,1193,False,0.25010482180293503,0.25,"{""0"": 658, ""1"": 535}",0.004087999999683234,0.004087999999683234,0.0,banana,9,,Random,10,1193,530,4770,0.749895178197065,1531386654,False,,True
0.8735849056603774,1193,False,0.25010482180293503,0.25,,2.0610530000003564,2.0610530000003564,0.0,banana,9,,SPOT,10,1193,530,4770,0.749895178197065,1531386654,False,,True
0.8924528301886793,1193,False,0.25010482180293503,0.25,,121.59729700000025,121.59729700000025,0.0,banana,9,,GLVQ,10,1193,530,4770,0.749895178197065,1531386654,False,,True
0.8528301886792453,1193,False,0.25010482180293503,0.25,,63.79640300000028,63.79640300000028,0.0,banana,9,,GNG,10,1193,530,4770,0.749895178197065,1531386654,False,,True
