acc_1nn,budget,budget_floored,budget_fraction,budget_fraction_nominal,class_counts,cpu_select,cpu_total,cpu_tuning,dataset,fold,lvq3_params,method,n_outer_folds,n_proto,n_test,n_train,reduction,seed,shared_build,spine_params,swept
0.9963636363636363,49,False,0.00495349777598059,0.005,,9.600000339560211e-05,9.600000339560211e-05,0.0,penbased,0,,Full,10,9892,1100,9892,0.0,2056206358,False,,False
0.99,49,False,0.00495349777598059,0.005,,2.546330000011949,2.546330000011949,0.0,penbased,0,,RSP3,10,1008,1100,9892,0.898099474322685,2056206358,False,,False
0.9845454545454545,49,False,0.00495349777598059,0.005,,1.1733889999741223,1.1733889999741223,0.0,penbased,0,,RHC,10,316,1100,9892,0.9680549939344926,2056206358,False,,False
0.9509090909090909,49,False,0.00495349777598059,0.005,,6.034898999991128,6.034898999991128,0.0,penbased,0,,SPINE+1NN,10,49,1100,9892,0.9950465022240194,2056206358,False,"{""admission"": {""criterion"": ""risk"", ""removed_risk"": 8, ""removed_support"": 0}, ""betti_final"": [[2, 0], [3, 0], [1, 0], [1, 0], [1, 0], [3, 0], [1, 0], [2, 0], [2, 0], [3, 0]], ""betti_frozen"": [[2, 0], [3, 0], [1, 0], [1, 0], [1, 0], [3, 0], [1, 0], [2, 0], [2, 0], [3, 0]], ""betti_nerve"": [[1, 0], [1, 0], [1, 0], [1, 0], [1, 0], [2, 0], [1, 0], [1, 0], [1, 0], [1, 0]], ""boundary_restriction"": ""both"", ""forced_removals"": 0, ""growth_representation_fallbacks"": 0, ""invariant_held"": true, ""n_segments"": 30, ""n_train_fit"": 7419, ""n_val"": 2473, ""phase0"": [{""constant_lens"": false, ""gain"": 0.25, ""lens"": ""pc1"", ""lens_scaling"": ""standardize"", ""min_cluster_size"": 37, ""min_samples"": 5, ""n_class"": 771, ""n_edges"": 5, ""n_intervals"": 6, ""n_vertices"": 6, ""noise_reassigned"": 704, ""placement"": ""quantile"", ""slabs"": [{""k"": 1, ""n"": 145}, {""k"": 1, ""n"": 160}, {""k"": 1, ""n"": 161}, {""k"": 1, ""n"": 161}, {""k"": 1, ""n"": 160}, {""k"": 1, ""n"": 145}]}, {""constant_lens"": false, ""gain"": 0.25, ""lens"": ""pc1"", ""lens_scaling"": ""standardize"", ""min_cluster_size"": 37, ""min_samples"": 5, ""n_class"": 772, ""n_edges"": 5, ""n_intervals"": 6, ""n_vertices"": 6, ""noise_reassigned"": 575, ""placement"": ""uniform"", ""slabs"": [{""k"": 1, ""n"": 102}, {""k"": 1, ""n"": 294}, {""k"": 1, ""n"": 122}, {""k"": 1, ""n"": 81}, {""k"": 1, ""n"": 198}, {""k"": 1, ""n"": 156}]}, {""constant_lens"": false, ""gain"": 0.25, ""lens"": ""pc1"", ""lens_scaling"": ""standardize"", ""min_cluster_size"": 37, ""min_samples"": 5, ""n_class"": 772, ""n_edges"": 5, ""n_intervals"": 6, ""n_vertices"": 6, ""noise_reassigned"": 681, ""placement"": ""quantile"", ""slabs"": [{""k"": 1, ""n"": 145}, {""k"": 1, ""n"": 161}, {""k"": 1, ""n"": 161}, {""k"": 1, ""n"": 161}, {""k"": 1, ""n"": 161}, {""k"": 1, ""n"": 145}]}, {""constant_lens"": false, ""gain"": 0.25, ""lens"": ""pc1"", ""lens_scaling"": ""standardize"", ""min_cluster_size"": 37, ""min_samples"": 5, ""n_class"": 712, ""n_edges"": 5, ""n_intervals"": 6, ""n_vertices"": 6, ""noise_reassigned"": 607, ""placement"": ""quantile"", ""slabs"": [{""k"": 1, ""n"": 134}, {""k"": 1, ""n"": 148}, {""k"": 1, ""n"": 148}, {""k"": 1, ""n"": 148}, {""k"": 1, ""n"": 148}, {""k"": 1, ""n"": 134}]}, {""constant_lens"": false, ""gain"": 0.25, ""lens"": ""pc1"", ""lens_scaling"": ""standardize"", ""min_cluster_size"": 37, ""min_samples"": 5, ""n_class"": 773, ""n_edges"": 5, ""n_intervals"": 6, ""n_vertices"": 6, ""noise_reassigned"": 712, ""placement"": ""quantile"", ""slabs"": [{""k"": 1, ""n"": 145}, {""k"": 1, ""n"": 161}, {""k"": 1, ""n"": 161}, {""k"": 1, ""n"": 161}, {""k"": 1, ""n"": 161}, {""k"": 1, ""n"": 145}]}, {""constant_lens"": false, ""gain"": 0.25, ""lens"": ""pc1"", ""lens_scaling"": ""standardize"", ""min_cluster_size"": 37, ""min_samples"": 5, ""n_class"": 712, ""n_edges"": 5, ""n_intervals"": 6, ""n_vertices"": 7, ""noise_reassigned"": 351, ""placement"": ""quantile"", ""slabs"": [{""k"": 1, ""n"": 134}, {""k"": 1, ""n"": 148}, {""k"": 1, ""n"": 148}, {""k"": 2, ""n"": 148}, {""k"": 1, ""n"": 148}, {""k"": 1, ""n"": 134}]}, {""constant_lens"": false, ""gain"": 0.25, ""lens"": ""pc1"", ""lens_scaling"": ""standardize"", ""min_cluster_size"": 37, ""min_samples"": 5, ""n_class"": 713, ""n_edges"": 5, ""n_intervals"": 6, ""n_vertices"": 6, ""noise_reassigned"": 630, ""placement"": ""quantile"", ""slabs"": [{""k"": 1, ""n"": 134}, {""k"": 1, ""n"": 149}, {""k"": 1, ""n"": 148}, {""k"": 1, ""n"": 148}, {""k"": 1, ""n"": 149}, {""k"": 1, ""n"": 134}]}, {""constant_lens"": false, ""gain"": 0.25, ""lens"": ""pc1"", ""lens_scaling"": ""standardize"", ""min_cluster_size"": 37, ""min_samples"": 5, ""n_class"": 770, ""n_edges"": 5, ""n_intervals"": 6, ""n_vertices"": 6, ""noise_reassigned"": 594, ""placement"": ""quantile"", ""slabs"": [{""k"": 1, ""n"": 145}, {""k"": 1, ""n"": 160}, {""k"": 1, ""n"": 160}, {""k"": 1, ""n"": 160}, {""k"": 1, ""n"": 160}, {""k"": 1, ""n"": 145}]}, {""constant_lens"": false, ""gain"": 0.25, ""lens"": ""pc1"", ""lens_scaling"": ""standardize"", ""min_cluster_size"": 37, ""min_samples"": 5, ""n_class"": 712, ""n_edges"": 5, ""n_intervals"": 6, ""n_vertices"": 6, ""noise_reassigned"": 554, ""placement"": ""uniform"", ""slabs"": [{""k"": 1, ""n"": 172}, {""k"": 1, ""n"": 180}, {""k"": 1, ""n"": 137}, {""k"": 1, ""n"": 85}, {""k"": 1, ""n"": 129}, {""k"": 1, ""n"": 172}]}, {""constant_lens"": false, ""gain"": 0.25, ""lens"": ""pc1"", ""lens_scaling"": ""standardize"", ""min_cluster_size"": 37, ""min_samples"": 5, ""n_class"": 712, ""n_edges"": 5, ""n_intervals"": 6, ""n_vertices"": 6, ""noise_reassigned"": 417, ""placement"": ""quantile"", ""slabs"": [{""k"": 1, ""n"": 134}, {""k"": 1, ""n"": 148}, {""k"": 1, ""n"": 148}, {""k"": 1, ""n"": 148}, {""k"": 1, ""n"": 148}, {""k"": 1, ""n"": 134}]}], ""soundness_bound_holds"": true, ""step_rule"": ""scale_free"", ""topology_retention_nerve_to_frozen"": {""beta0_frozen"": 19, ""beta0_nerve"": 11, ""beta1_frozen"": 0, ""beta1_nerve"": 0}}",True
0.9563636363636364,49,False,0.00495349777598059,0.005,,6.034898999991128,6.034898999991128,0.0,penbased,0,,SPINE+Graph,10,49,1100,9892,0.9950465022240194,2056206358,False,"{""admission"": {""criterion"": ""risk"", ""removed_risk"": 8, ""removed_support"": 0}, ""betti_final"": [[2, 0], [3, 0], [1, 0], [1, 0], [1, 0], [3, 0], [1, 0], [2, 0], [2, 0], [3, 0]], ""betti_frozen"": [[2, 0], [3, 0], [1, 0], [1, 0], [1, 0], [3, 0], [1, 0], [2, 0], [2, 0], [3, 0]], ""betti_nerve"": [[1, 0], [1, 0], [1, 0], [1, 0], [1, 0], [2, 0], [1, 0], [1, 0], [1, 0], [1, 0]], ""boundary_restriction"": ""both"", ""forced_removals"": 0, ""growth_representation_fallbacks"": 0, ""invariant_held"": true, ""n_segments"": 30, ""n_train_fit"": 7419, ""n_val"": 2473, ""phase0"": [{""constant_lens"": false, ""gain"": 0.25, ""lens"": ""pc1"", ""lens_scaling"": ""standardize"", ""min_cluster_size"": 37, ""min_samples"": 5, ""n_class"": 771, ""n_edges"": 5, ""n_intervals"": 6, ""n_vertices"": 6, ""noise_reassigned"": 704, ""placement"": ""quantile"", ""slabs"": [{""k"": 1, ""n"": 145}, {""k"": 1, ""n"": 160}, {""k"": 1, ""n"": 161}, {""k"": 1, ""n"": 161}, {""k"": 1, ""n"": 160}, {""k"": 1, ""n"": 145}]}, {""constant_lens"": false, ""gain"": 0.25, ""lens"": ""pc1"", ""lens_scaling"": ""standardize"", ""min_cluster_size"": 37, ""min_samples"": 5, ""n_class"": 772, ""n_edges"": 5, ""n_intervals"": 6, ""n_vertices"": 6, ""noise_reassigned"": 575, ""placement"": ""uniform"", ""slabs"": [{""k"": 1, ""n"": 102}, {""k"": 1, ""n"": 294}, {""k"": 1, ""n"": 122}, {""k"": 1, ""n"": 81}, {""k"": 1, ""n"": 198}, {""k"": 1, ""n"": 156}]}, {""constant_lens"": false, ""gain"": 0.25, ""lens"": ""pc1"", ""lens_scaling"": ""standardize"", ""min_cluster_size"": 37, ""min_samples"": 5, ""n_class"": 772, ""n_edges"": 5, ""n_intervals"": 6, ""n_vertices"": 6, ""noise_reassigned"": 681, ""placement"": ""quantile"", ""slabs"": [{""k"": 1, ""n"": 145}, {""k"": 1, ""n"": 161}, {""k"": 1, ""n"": 161}, {""k"": 1, ""n"": 161}, {""k"": 1, ""n"": 161}, {""k"": 1, ""n"": 145}]}, {""constant_lens"": false, ""gain"": 0.25, ""lens"": ""pc1"", ""lens_scaling"": ""standardize"", ""min_cluster_size"": 37, ""min_samples"": 5, ""n_class"": 712, ""n_edges"": 5, ""n_intervals"": 6, ""n_vertices"": 6, ""noise_reassigned"": 607, ""placement"": ""quantile"", ""slabs"": [{""k"": 1, ""n"": 134}, {""k"": 1, ""n"": 148}, {""k"": 1, ""n"": 148}, {""k"": 1, ""n"": 148}, {""k"": 1, ""n"": 148}, {""k"": 1, ""n"": 134}]}, {""constant_lens"": false, ""gain"": 0.25, ""lens"": ""pc1"", ""lens_scaling"": ""standardize"", ""min_cluster_size"": 37, ""min_samples"": 5, ""n_class"": 773, ""n_edges"": 5, ""n_intervals"": 6, ""n_vertices"": 6, ""noise_reassigned"": 712, ""placement"": ""quantile"", ""slabs"": [{""k"": 1, ""n"": 145}, {""k"": 1, ""n"": 161}, {""k"": 1, ""n"": 161}, {""k"": 1, ""n"": 161}, {""k"": 1, ""n"": 161}, {""k"": 1, ""n"": 145}]}, {""constant_lens"": false, ""gain"": 0.25, ""lens"": ""pc1"", ""lens_scaling"": ""standardize"", ""min_cluster_size"": 37, ""min_samples"": 5, ""n_class"": 712, ""n_edges"": 5, ""n_intervals"": 6, ""n_vertices"": 7, ""noise_reassigned"": 351, ""placement"": ""quantile"", ""slabs"": [{""k"": 1, ""n"": 134}, {""k"": 1, ""n"": 148}, {""k"": 1, ""n"": 148}, {""k"": 2, ""n"": 148}, {""k"": 1, ""n"": 148}, {""k"": 1, ""n"": 134}]}, {""constant_lens"": false, ""gain"": 0.25, ""lens"": ""pc1"", ""lens_scaling"": ""standardize"", ""min_cluster_size"": 37, ""min_samples"": 5, ""n_class"": 713, ""n_edges"": 5, ""n_intervals"": 6, ""n_vertices"": 6, ""noise_reassigned"": 630, ""placement"": ""quantile"", ""slabs"": [{""k"": 1, ""n"": 134}, {""k"": 1, ""n"": 149}, {""k"": 1, ""n"": 148}, {""k"": 1, ""n"": 148}, {""k"": 1, ""n"": 149}, {""k"": 1, ""n"": 134}]}, {""constant_lens"": false, ""gain"": 0.25, ""lens"": ""pc1"", ""lens_scaling"": ""standardize"", ""min_cluster_size"": 37, ""min_samples"": 5, ""n_class"": 770, ""n_edges"": 5, ""n_intervals"": 6, ""n_vertices"": 6, ""noise_reassigned"": 594, ""placement"": ""quantile"", ""slabs"": [{""k"": 1, ""n"": 145}, {""k"": 1, ""n"": 160}, {""k"": 1, ""n"": 160}, {""k"": 1, ""n"": 160}, {""k"": 1, ""n"": 160}, {""k"": 1, ""n"": 145}]}, {""constant_lens"": false, ""gain"": 0.25, ""lens"": ""pc1"", ""lens_scaling"": ""standardize"", ""min_cluster_size"": 37, ""min_samples"": 5, ""n_class"": 712, ""n_edges"": 5, ""n_intervals"": 6, ""n_vertices"": 6, ""noise_reassigned"": 554, ""placement"": ""uniform"", ""slabs"": [{""k"": 1, ""n"": 172}, {""k"": 1, ""n"": 180}, {""k"": 1, ""n"": 137}, {""k"": 1, ""n"": 85}, {""k"": 1, ""n"": 129}, {""k"": 1, ""n"": 172}]}, {""constant_lens"": false, ""gain"": 0.25, ""lens"": ""pc1"", ""lens_scaling"": ""standardize"", ""min_cluster_size"": 37, ""min_samples"": 5, ""n_class"": 712, ""n_edges"": 5, ""n_intervals"": 6, ""n_vertices"": 6, ""noise_reassigned"": 417, ""placement"": ""quantile"", ""slabs"": [{""k"": 1, ""n"": 134}, {""k"": 1, ""n"": 148}, {""k"": 1, ""n"": 148}, {""k"": 1, ""n"": 148}, {""k"": 1, ""n"": 148}, {""k"": 1, ""n"": 134}]}], ""soundness_bound_holds"": true, ""step_rule"": ""scale_free"", ""topology_retention_nerve_to_frozen"": {""beta0_frozen"": 19, ""beta0_nerve"": 11, ""beta1_frozen"": 0, ""beta1_nerve"": 0}}",True
0.9727272727272728,49,False,0.00495349777598059,0.005,,3.2791420000139624,60.85807700001169,57.57893499999773,penbased,0,"{""epsilon"": 0.1, ""window"": 0.2}",LVQ3,10,49,1100,9892,0.9950465022240194,2056206358,False,,True
0.9545454545454546,49,False,0.00495349777598059,0.005,"{""0"": 5, ""1"": 5, ""2"": 5, ""3"": 5, ""4"": 5, ""5"": 5, ""6"": 5, ""7"": 5, ""8"": 5, ""9"": 4}",1.8742539999948349,1.8742539999948349,0.0,penbased,0,,KMeans,10,49,1100,9892,0.9950465022240194,2056206358,False,,True
0.8454545454545455,49,False,0.00495349777598059,0.005,"{""0"": 5, ""1"": 5, ""2"": 5, ""3"": 5, ""4"": 5, ""5"": 5, ""6"": 5, ""7"": 5, ""8"": 5, ""9"": 4}",0.002550000004703179,0.002550000004703179,0.0,penbased,0,,Random,10,49,1100,9892,0.9950465022240194,2056206358,False,,True
0.9172727272727272,49,False,0.00495349777598059,0.005,,2.5282270000025164,2.5282270000025164,0.0,penbased,0,,SPOT,10,49,1100,9892,0.9950465022240194,2056206358,False,,True
0.9427272727272727,49,False,0.00495349777598059,0.005,,14.727635999995982,14.727635999995982,0.0,penbased,0,,GLVQ,10,49,1100,9892,0.9950465022240194,2056206358,False,,True
0.9518181818181818,49,False,0.00495349777598059,0.005,,1.4076449999993201,1.4076449999993201,0.0,penbased,0,,GNG,10,49,1100,9892,0.9950465022240194,2056206358,False,,True
0.9963636363636363,99,False,0.010008087343307723,0.01,,9.600000339560211e-05,9.600000339560211e-05,0.0,penbased,0,,Full,10,9892,1100,9892,0.0,2056206358,True,,False
0.99,99,False,0.010008087343307723,0.01,,2.546330000011949,2.546330000011949,0.0,penbased,0,,RSP3,10,1008,1100,9892,0.898099474322685,2056206358,True,,False
0.9845454545454545,99,False,0.010008087343307723,0.01,,1.1733889999741223,1.1733889999741223,0.0,penbased,0,,RHC,10,316,1100,9892,0.9680549939344926,2056206358,True,,False
0.9672727272727273,99,False,0.010008087343307723,0.01,,7.920404000004055,7.920404000004055,0.0,penbased,0,,SPINE+1NN,10,99,1100,9892,0.9899919126566923,2056206358,False,"{""admission"": {""criterion"": ""risk"", ""removed_risk"": 8, ""removed_support"": 0}, ""betti_final"": [[2, 0], [3, 0], [1, 0], [1, 0], [1, 0], [3, 0], [1, 0], [2, 0], [2, 0], [3, 0]], ""betti_frozen"": [[2, 0], [3, 0], [1, 0], [1, 0], [1, 0], [3, 0], [1, 0], [2, 0], [2, 0], [3, 0]], ""betti_nerve"": [[1, 0], [1, 0], [1, 0], [1, 0], [1, 0], [2, 0], [1, 0], [1, 0], [1, 0], [1, 0]], ""boundary_restriction"": ""both"", ""forced_removals"": 0, ""growth_representation_fallbacks"": 6, ""invariant_held"": true, ""n_segments"": 80, ""n_train_fit"": 7419, ""n_val"": 2473, ""phase0"": [{""constant_lens"": false, ""gain"": 0.25, ""lens"": ""pc1"", ""lens_scaling"": ""standardize"", ""min_cluster_size"": 37, ""min_samples"": 5, ""n_class"": 771, ""n_edges"": 5, ""n_intervals"": 6, ""n_vertices"": 6, ""noise_reassigned"": 704, ""placement"": ""quantile"", ""slabs"": [{""k"": 1, ""n"": 145}, {""k"": 1, ""n"": 160}, {""k"": 1, ""n"": 161}, {""k"": 1, ""n"": 161}, {""k"": 1, ""n"": 160}, {""k"": 1, ""n"": 145}]}, {""constant_lens"": false, ""gain"": 0.25, ""lens"": ""pc1"", ""lens_scaling"": ""standardize"", ""min_cluster_size"": 37, ""min_samples"": 5, ""n_class"": 772, ""n_edges"": 5, ""n_intervals"": 6, ""n_vertices"": 6, ""noise_reassigned"": 575, ""placement"": ""uniform"", ""slabs"": [{""k"": 1, ""n"": 102}, {""k"": 1, ""n"": 294}, {""k"": 1, ""n"": 122}, {""k"": 1, ""n"": 81}, {""k"": 1, ""n"": 198}, {""k"": 1, ""n"": 156}]}, {""constant_lens"": false, ""gain"": 0.25, ""lens"": ""pc1"", ""lens_scaling"": ""standardize"", ""min_cluster_size"": 37, ""min_samples"": 5, ""n_class"": 772, ""n_edges"": 5, ""n_intervals"": 6, ""n_vertices"": 6, ""noise_reassigned"": 681, ""placement"": ""quantile"", ""slabs"": [{""k"": 1, ""n"": 145}, {""k"": 1, ""n"": 161}, {""k"": 1, ""n"": 161}, {""k"": 1, ""n"": 161}, {""k"": 1, ""n"": 161}, {""k"": 1, ""n"": 145}]}, {""constant_lens"": false, ""gain"": 0.25, ""lens"": ""pc1"", ""lens_scaling"": ""standardize"", ""min_cluster_size"": 37, ""min_samples"": 5, ""n_class"": 712, ""n_edges"": 5, ""n_intervals"": 6, ""n_vertices"": 6, ""noise_reassigned"": 607, ""placement"": ""quantile"", ""slabs"": [{""k"": 1, ""n"": 134}, {""k"": 1, ""n"": 148}, {""k"": 1, ""n"": 148}, {""k"": 1, ""n"": 148}, {""k"": 1, ""n"": 148}, {""k"": 1, ""n"": 134}]}, {""constant_lens"": false, ""gain"": 0.25, ""lens"": ""pc1"", ""lens_scaling"": ""standardize"", ""min_cluster_size"": 37, ""min_samples"": 5, ""n_class"": 773, ""n_edges"": 5, ""n_intervals"": 6, ""n_vertices"": 6, ""noise_reassigned"": 712, ""placement"": ""quantile"", ""slabs"": [{""k"": 1, ""n"": 145}, {""k"": 1, ""n"": 161}, {""k"": 1, ""n"": 161}, {""k"": 1, ""n"": 161}, {""k"": 1, ""n"": 161}, {""k"": 1, ""n"": 145}]}, {""constant_lens"": false, ""gain"": 0.25, ""lens"": ""pc1"", ""lens_scaling"": ""standardize"", ""min_cluster_size"": 37, ""min_samples"": 5, ""n_class"": 712, ""n_edges"": 5, ""n_intervals"": 6, ""n_vertices"": 7, ""noise_reassigned"": 351, ""placement"": ""quantile"", ""slabs"": [{""k"": 1, ""n"": 134}, {""k"": 1, ""n"": 148}, {""k"": 1, ""n"": 148}, {""k"": 2, ""n"": 148}, {""k"": 1, ""n"": 148}, {""k"": 1, ""n"": 134}]}, {""constant_lens"": false, ""gain"": 0.25, ""lens"": ""pc1"", ""lens_scaling"": ""standardize"", ""min_cluster_size"": 37, ""min_samples"": 5, ""n_class"": 713, ""n_edges"": 5, ""n_intervals"": 6, ""n_vertices"": 6, ""noise_reassigned"": 630, ""placement"": ""quantile"", ""slabs"": [{""k"": 1, ""n"": 134}, {""k"": 1, ""n"": 149}, {""k"": 1, ""n"": 148}, {""k"": 1, ""n"": 148}, {""k"": 1, ""n"": 149}, {""k"": 1, ""n"": 134}]}, {""constant_lens"": false, ""gain"": 0.25, ""lens"": ""pc1"", ""lens_scaling"": ""standardize"", ""min_cluster_size"": 37, ""min_samples"": 5, ""n_class"": 770, ""n_edges"": 5, ""n_intervals"": 6, ""n_vertices"": 6, ""noise_reassigned"": 594, ""placement"": ""quantile"", ""slabs"": [{""k"": 1, ""n"": 145}, {""k"": 1, ""n"": 160}, {""k"": 1, ""n"": 160}, {""k"": 1, ""n"": 160}, {""k"": 1, ""n"": 160}, {""k"": 1, ""n"": 145}]}, {""constant_lens"": false, ""gain"": 0.25, ""lens"": ""pc1"", ""lens_scaling"": ""standardize"", ""min_cluster_size"": 37, ""min_samples"": 5, ""n_class"": 712, ""n_edges"": 5, ""n_intervals"": 6, ""n_vertices"": 6, ""noise_reassigned"": 554, ""placement"": ""uniform"", ""slabs"": [{""k"": 1, ""n"": 172}, {""k"": 1, ""n"": 180}, {""k"": 1, ""n"": 137}, {""k"": 1, ""n"": 85}, {""k"": 1, ""n"": 129}, {""k"": 1, ""n"": 172}]}, {""constant_lens"": false, ""gain"": 0.25, ""lens"": ""pc1"", ""lens_scaling"": ""standardize"", ""min_cluster_size"": 37, ""min_samples"": 5, ""n_class"": 712, ""n_edges"": 5, ""n_intervals"": 6, ""n_vertices"": 6, ""noise_reassigned"": 417, ""placement"": ""quantile"", ""slabs"": [{""k"": 1, ""n"": 134}, {""k"": 1, ""n"": 148}, {""k"": 1, ""n"": 148}, {""k"": 1, ""n"": 148}, {""k"": 1, ""n"": 148}, {""k"": 1, ""n"": 134}]}], ""soundness_bound_holds"": true, ""step_rule"": ""scale_free"", ""topology_retention_nerve_to_frozen"": {""beta0_frozen"": 19, ""beta0_nerve"": 11, ""beta1_frozen"": 0, ""beta1_nerve"": 0}}",True
0.9727272727272728,99,False,0.010008087343307723,0.01,,7.920404000004055,7.920404000004055,0.0,penbased,0,,SPINE+Graph,10,99,1100,9892,0.9899919126566923,2056206358,False,"{""admission"": {""criterion"": ""risk"", ""removed_risk"": 8, ""removed_support"": 0}, ""betti_final"": [[2, 0], [3, 0], [1, 0], [1, 0], [1, 0], [3, 0], [1, 0], [2, 0], [2, 0], [3, 0]], ""betti_frozen"": [[2, 0], [3, 0], [1, 0], [1, 0], [1, 0], [3, 0], [1, 0], [2, 0], [2, 0], [3, 0]], ""betti_nerve"": [[1, 0], [1, 0], [1, 0], [1, 0], [1, 0], [2, 0], [1, 0], [1, 0], [1, 0], [1, 0]], ""boundary_restriction"": ""both"", ""forced_removals"": 0, ""growth_representation_fallbacks"": 6, ""invariant_held"": true, ""n_segments"": 80, ""n_train_fit"": 7419, ""n_val"": 2473, ""phase0"": [{""constant_lens"": false, ""gain"": 0.25, ""lens"": ""pc1"", ""lens_scaling"": ""standardize"", ""min_cluster_size"": 37, ""min_samples"": 5, ""n_class"": 771, ""n_edges"": 5, ""n_intervals"": 6, ""n_vertices"": 6, ""noise_reassigned"": 704, ""placement"": ""quantile"", ""slabs"": [{""k"": 1, ""n"": 145}, {""k"": 1, ""n"": 160}, {""k"": 1, ""n"": 161}, {""k"": 1, ""n"": 161}, {""k"": 1, ""n"": 160}, {""k"": 1, ""n"": 145}]}, {""constant_lens"": false, ""gain"": 0.25, ""lens"": ""pc1"", ""lens_scaling"": ""standardize"", ""min_cluster_size"": 37, ""min_samples"": 5, ""n_class"": 772, ""n_edges"": 5, ""n_intervals"": 6, ""n_vertices"": 6, ""noise_reassigned"": 575, ""placement"": ""uniform"", ""slabs"": [{""k"": 1, ""n"": 102}, {""k"": 1, ""n"": 294}, {""k"": 1, ""n"": 122}, {""k"": 1, ""n"": 81}, {""k"": 1, ""n"": 198}, {""k"": 1, ""n"": 156}]}, {""constant_lens"": false, ""gain"": 0.25, ""lens"": ""pc1"", ""lens_scaling"": ""standardize"", ""min_cluster_size"": 37, ""min_samples"": 5, ""n_class"": 772, ""n_edges"": 5, ""n_intervals"": 6, ""n_vertices"": 6, ""noise_reassigned"": 681, ""placement"": ""quantile"", ""slabs"": [{""k"": 1, ""n"": 145}, {""k"": 1, ""n"": 161}, {""k"": 1, ""n"": 161}, {""k"": 1, ""n"": 161}, {""k"": 1, ""n"": 161}, {""k"": 1, ""n"": 145}]}, {""constant_lens"": false, ""gain"": 0.25, ""lens"": ""pc1"", ""lens_scaling"": ""standardize"", ""min_cluster_size"": 37, ""min_samples"": 5, ""n_class"": 712, ""n_edges"": 5, ""n_intervals"": 6, ""n_vertices"": 6, ""noise_reassigned"": 607, ""placement"": ""quantile"", ""slabs"": [{""k"": 1, ""n"": 134}, {""k"": 1, ""n"": 148}, {""k"": 1, ""n"": 148}, {""k"": 1, ""n"": 148}, {""k"": 1, ""n"": 148}, {""k"": 1, ""n"": 134}]}, {""constant_lens"": false, ""gain"": 0.25, ""lens"": ""pc1"", ""lens_scaling"": ""standardize"", ""min_cluster_size"": 37, ""min_samples"": 5, ""n_class"": 773, ""n_edges"": 5, ""n_intervals"": 6, ""n_vertices"": 6, ""noise_reassigned"": 712, ""placement"": ""quantile"", ""slabs"": [{""k"": 1, ""n"": 145}, {""k"": 1, ""n"": 161}, {""k"": 1, ""n"": 161}, {""k"": 1, ""n"": 161}, {""k"": 1, ""n"": 161}, {""k"": 1, ""n"": 145}]}, {""constant_lens"": false, ""gain"": 0.25, ""lens"": ""pc1"", ""lens_scaling"": ""standardize"", ""min_cluster_size"": 37, ""min_samples"": 5, ""n_class"": 712, ""n_edges"": 5, ""n_intervals"": 6, ""n_vertices"": 7, ""noise_reassigned"": 351, ""placement"": ""quantile"", ""slabs"": [{""k"": 1, ""n"": 134}, {""k"": 1, ""n"": 148}, {""k"": 1, ""n"": 148}, {""k"": 2, ""n"": 148}, {""k"": 1, ""n"": 148}, {""k"": 1, ""n"": 134}]}, {""constant_lens"": false, ""gain"": 0.25, ""lens"": ""pc1"", ""lens_scaling"": ""standardize"", ""min_cluster_size"": 37, ""min_samples"": 5, ""n_class"": 713, ""n_edges"": 5, ""n_intervals"": 6, ""n_vertices"": 6, ""noise_reassigned"": 630, ""placement"": ""quantile"", ""slabs"": [{""k"": 1, ""n"": 134}, {""k"": 1, ""n"": 149}, {""k"": 1, ""n"": 148}, {""k"": 1, ""n"": 148}, {""k"": 1, ""n"": 149}, {""k"": 1, ""n"": 134}]}, {""constant_lens"": false, ""gain"": 0.25, ""lens"": ""pc1"", ""lens_scaling"": ""standardize"", ""min_cluster_size"": 37, ""min_samples"": 5, ""n_class"": 770, ""n_edges"": 5, ""n_intervals"": 6, ""n_vertices"": 6, ""noise_reassigned"": 594, ""placement"": ""quantile"", ""slabs"": [{""k"": 1, ""n"": 145}, {""k"": 1, ""n"": 160}, {""k"": 1, ""n"": 160}, {""k"": 1, ""n"": 160}, {""k"": 1, ""n"": 160}, {""k"": 1, ""n"": 145}]}, {""constant_lens"": false, ""gain"": 0.25, ""lens"": ""pc1"", ""lens_scaling"": ""standardize"", ""min_cluster_size"": 37, ""min_samples"": 5, ""n_class"": 712, ""n_edges"": 5, ""n_intervals"": 6, ""n_vertices"": 6, ""noise_reassigned"": 554, ""placement"": ""uniform"", ""slabs"": [{""k"": 1, ""n"": 172}, {""k"": 1, ""n"": 180}, {""k"": 1, ""n"": 137}, {""k"": 1, ""n"": 85}, {""k"": 1, ""n"": 129}, {""k"": 1, ""n"": 172}]}, {""constant_lens"": false, ""gain"": 0.25, ""lens"": ""pc1"", ""lens_scaling"": ""standardize"", ""min_cluster_size"": 37, ""min_samples"": 5, ""n_class"": 712, ""n_edges"": 5, ""n_intervals"": 6, ""n_vertices"": 6, ""noise_reassigned"": 417, ""placement"": ""quantile"", ""slabs"": [{""k"": 1, ""n"": 134}, {""k"": 1, ""n"": 148}, {""k"": 1, ""n"": 148}, {""k"": 1, ""n"": 148}, {""k"": 1, ""n"": 148}, {""k"": 1, ""n"": 134}]}], ""soundness_bound_holds"": true, ""step_rule"": ""scale_free"", ""topology_retention_nerve_to_frozen"": {""beta0_frozen"": 19, ""beta0_nerve"": 11, ""beta1_frozen"": 0, ""beta1_nerve"": 0}}",True
0.97,99,False,0.010008087343307723,0.01,,3.6763979999814183,69.57638699997915,65.89998899999773,penbased,0,"{""epsilon"": 0.1, ""window"": 0.2}",LVQ3,10,99,1100,9892,0.9899919126566923,2056206358,False,,True
0.9781818181818182,99,False,0.010008087343307723,0.01,"{""0"": 10, ""1"": 10, ""2"": 10, ""3"": 10, ""4"": 10, ""5"": 10, ""6"": 10, ""7"": 10, ""8"": 10, ""9"": 9}",2.248414000001503,2.248414000001503,0.0,penbased,0,,KMeans,10,99,1100,9892,0.9899919126566923,2056206358,False,,True
0.8945454545454545,99,False,0.010008087343307723,0.01,"{""0"": 10, ""1"": 10, ""2"": 10, ""3"": 10, ""4"": 10, ""5"": 10, ""6"": 10, ""7"": 10, ""8"": 10, ""9"": 9}",0.0025610000011511147,0.0025610000011511147,0.0,penbased,0,,Random,10,99,1100,9892,0.9899919126566923,2056206358,False,,True
0.9572727272727273,99,False,0.010008087343307723,0.01,,2.795485999988159,2.795485999988159,0.0,penbased,0,,SPOT,10,99,1100,9892,0.9899919126566923,2056206358,False,,True
0.9527272727272728,99,False,0.010008087343307723,0.01,,25.289004999998724,25.289004999998724,0.0,penbased,0,,GLVQ,10,99,1100,9892,0.9899919126566923,2056206358,False,,True
0.9736363636363636,99,False,0.010008087343307723,0.01,,1.746796000021277,1.746796000021277,0.0,penbased,0,,GNG,10,99,1100,9892,0.9899919126566923,2056206358,False,,True
0.9963636363636363,198,False,0.020016174686615446,0.02,,9.600000339560211e-05,9.600000339560211e-05,0.0,penbased,0,,Full,10,9892,1100,9892,0.0,2056206358,True,,False
0.99,198,False,0.020016174686615446,0.02,,2.546330000011949,2.546330000011949,0.0,penbased,0,,RSP3,10,1008,1100,9892,0.898099474322685,2056206358,True,,False
0.9845454545454545,198,False,0.020016174686615446,0.02,,1.1733889999741223,1.1733889999741223,0.0,penbased,0,,RHC,10,316,1100,9892,0.9680549939344926,2056206358,True,,False
0.9718181818181818,198,False,0.020016174686615446,0.02,,9.429760999977589,9.429760999977589,0.0,penbased,0,,SPINE+1NN,10,198,1100,9892,0.9799838253133846,2056206358,False,"{""admission"": {""criterion"": ""risk"", ""removed_risk"": 8, ""removed_support"": 0}, ""betti_final"": [[2, 0], [3, 0], [1, 0], [1, 0], [1, 0], [3, 0], [1, 0], [2, 0], [2, 0], [3, 0]], ""betti_frozen"": [[2, 0], [3, 0], [1, 0], [1, 0], [1, 0], [3, 0], [1, 0], [2, 0], [2, 0], [3, 0]], ""betti_nerve"": [[1, 0], [1, 0], [1, 0], [1, 0], [1, 0], [2, 0], [1, 0], [1, 0], [1, 0], [1, 0]], ""boundary_restriction"": ""both"", ""forced_removals"": 0, ""growth_representation_fallbacks"": 56, ""invariant_held"": true, ""n_segments"": 179, ""n_train_fit"": 7419, ""n_val"": 2473, ""phase0"": [{""constant_lens"": false, ""gain"": 0.25, ""lens"": ""pc1"", ""lens_scaling"": ""standardize"", ""min_cluster_size"": 37, ""min_samples"": 5, ""n_class"": 771, ""n_edges"": 5, ""n_intervals"": 6, ""n_vertices"": 6, ""noise_reassigned"": 704, ""placement"": ""quantile"", ""slabs"": [{""k"": 1, ""n"": 145}, {""k"": 1, ""n"": 160}, {""k"": 1, ""n"": 161}, {""k"": 1, ""n"": 161}, {""k"": 1, ""n"": 160}, {""k"": 1, ""n"": 145}]}, {""constant_lens"": false, ""gain"": 0.25, ""lens"": ""pc1"", ""lens_scaling"": ""standardize"", ""min_cluster_size"": 37, ""min_samples"": 5, ""n_class"": 772, ""n_edges"": 5, ""n_intervals"": 6, ""n_vertices"": 6, ""noise_reassigned"": 575, ""placement"": ""uniform"", ""slabs"": [{""k"": 1, ""n"": 102}, {""k"": 1, ""n"": 294}, {""k"": 1, ""n"": 122}, {""k"": 1, ""n"": 81}, {""k"": 1, ""n"": 198}, {""k"": 1, ""n"": 156}]}, {""constant_lens"": false, ""gain"": 0.25, ""lens"": ""pc1"", ""lens_scaling"": ""standardize"", ""min_cluster_size"": 37, ""min_samples"": 5, ""n_class"": 772, ""n_edges"": 5, ""n_intervals"": 6, ""n_vertices"": 6, ""noise_reassigned"": 681, ""placement"": ""quantile"", ""slabs"": [{""k"": 1, ""n"": 145}, {""k"": 1, ""n"": 161}, {""k"": 1, ""n"": 161}, {""k"": 1, ""n"": 161}, {""k"": 1, ""n"": 161}, {""k"": 1, ""n"": 145}]}, {""constant_lens"": false, ""gain"": 0.25, ""lens"": ""pc1"", ""lens_scaling"": ""standardize"", ""min_cluster_size"": 37, ""min_samples"": 5, ""n_class"": 712, ""n_edges"": 5, ""n_intervals"": 6, ""n_vertices"": 6, ""noise_reassigned"": 607, ""placement"": ""quantile"", ""slabs"": [{""k"": 1, ""n"": 134}, {""k"": 1, ""n"": 148}, {""k"": 1, ""n"": 148}, {""k"": 1, ""n"": 148}, {""k"": 1, ""n"": 148}, {""k"": 1, ""n"": 134}]}, {""constant_lens"": false, ""gain"": 0.25, ""lens"": ""pc1"", ""lens_scaling"": ""standardize"", ""min_cluster_size"": 37, ""min_samples"": 5, ""n_class"": 773, ""n_edges"": 5, ""n_intervals"": 6, ""n_vertices"": 6, ""noise_reassigned"": 712, ""placement"": ""quantile"", ""slabs"": [{""k"": 1, ""n"": 145}, {""k"": 1, ""n"": 161}, {""k"": 1, ""n"": 161}, {""k"": 1, ""n"": 161}, {""k"": 1, ""n"": 161}, {""k"": 1, ""n"": 145}]}, {""constant_lens"": false, ""gain"": 0.25, ""lens"": ""pc1"", ""lens_scaling"": ""standardize"", ""min_cluster_size"": 37, ""min_samples"": 5, ""n_class"": 712, ""n_edges"": 5, ""n_intervals"": 6, ""n_vertices"": 7, ""noise_reassigned"": 351, ""placement"": ""quantile"", ""slabs"": [{""k"": 1, ""n"": 134}, {""k"": 1, ""n"": 148}, {""k"": 1, ""n"": 148}, {""k"": 2, ""n"": 148}, {""k"": 1, ""n"": 148}, {""k"": 1, ""n"": 134}]}, {""constant_lens"": false, ""gain"": 0.25, ""lens"": ""pc1"", ""lens_scaling"": ""standardize"", ""min_cluster_size"": 37, ""min_samples"": 5, ""n_class"": 713, ""n_edges"": 5, ""n_intervals"": 6, ""n_vertices"": 6, ""noise_reassigned"": 630, ""placement"": ""quantile"", ""slabs"": [{""k"": 1, ""n"": 134}, {""k"": 1, ""n"": 149}, {""k"": 1, ""n"": 148}, {""k"": 1, ""n"": 148}, {""k"": 1, ""n"": 149}, {""k"": 1, ""n"": 134}]}, {""constant_lens"": false, ""gain"": 0.25, ""lens"": ""pc1"", ""lens_scaling"": ""standardize"", ""min_cluster_size"": 37, ""min_samples"": 5, ""n_class"": 770, ""n_edges"": 5, ""n_intervals"": 6, ""n_vertices"": 6, ""noise_reassigned"": 594, ""placement"": ""quantile"", ""slabs"": [{""k"": 1, ""n"": 145}, {""k"": 1, ""n"": 160}, {""k"": 1, ""n"": 160}, {""k"": 1, ""n"": 160}, {""k"": 1, ""n"": 160}, {""k"": 1, ""n"": 145}]}, {""constant_lens"": false, ""gain"": 0.25, ""lens"": ""pc1"", ""lens_scaling"": ""standardize"", ""min_cluster_size"": 37, ""min_samples"": 5, ""n_class"": 712, ""n_edges"": 5, ""n_intervals"": 6, ""n_vertices"": 6, ""noise_reassigned"": 554, ""placement"": ""uniform"", ""slabs"": [{""k"": 1, ""n"": 172}, {""k"": 1, ""n"": 180}, {""k"": 1, ""n"": 137}, {""k"": 1, ""n"": 85}, {""k"": 1, ""n"": 129}, {""k"": 1, ""n"": 172}]}, {""constant_lens"": false, ""gain"": 0.25, ""lens"": ""pc1"", ""lens_scaling"": ""standardize"", ""min_cluster_size"": 37, ""min_samples"": 5, ""n_class"": 712, ""n_edges"": 5, ""n_intervals"": 6, ""n_vertices"": 6, ""noise_reassigned"": 417, ""placement"": ""quantile"", ""slabs"": [{""k"": 1, ""n"": 134}, {""k"": 1, ""n"": 148}, {""k"": 1, ""n"": 148}, {""k"": 1, ""n"": 148}, {""k"": 1, ""n"": 148}, {""k"": 1, ""n"": 134}]}], ""soundness_bound_holds"": true, ""step_rule"": ""scale_free"", ""topology_retention_nerve_to_frozen"": {""beta0_frozen"": 19, ""beta0_nerve"": 11, ""beta1_frozen"": 0, ""beta1_nerve"": 0}}",True
0.9763636363636363,198,False,0.020016174686615446,0.02,,9.429760999977589,9.429760999977589,0.0,penbased,0,,SPINE+Graph,10,198,1100,9892,0.9799838253133846,2056206358,False,"{""admission"": {""criterion"": ""risk"", ""removed_risk"": 8, ""removed_support"": 0}, ""betti_final"": [[2, 0], [3, 0], [1, 0], [1, 0], [1, 0], [3, 0], [1, 0], [2, 0], [2, 0], [3, 0]], ""betti_frozen"": [[2, 0], [3, 0], [1, 0], [1, 0], [1, 0], [3, 0], [1, 0], [2, 0], [2, 0], [3, 0]], ""betti_nerve"": [[1, 0], [1, 0], [1, 0], [1, 0], [1, 0], [2, 0], [1, 0], [1, 0], [1, 0], [1, 0]], ""boundary_restriction"": ""both"", ""forced_removals"": 0, ""growth_representation_fallbacks"": 56, ""invariant_held"": true, ""n_segments"": 179, ""n_train_fit"": 7419, ""n_val"": 2473, ""phase0"": [{""constant_lens"": false, ""gain"": 0.25, ""lens"": ""pc1"", ""lens_scaling"": ""standardize"", ""min_cluster_size"": 37, ""min_samples"": 5, ""n_class"": 771, ""n_edges"": 5, ""n_intervals"": 6, ""n_vertices"": 6, ""noise_reassigned"": 704, ""placement"": ""quantile"", ""slabs"": [{""k"": 1, ""n"": 145}, {""k"": 1, ""n"": 160}, {""k"": 1, ""n"": 161}, {""k"": 1, ""n"": 161}, {""k"": 1, ""n"": 160}, {""k"": 1, ""n"": 145}]}, {""constant_lens"": false, ""gain"": 0.25, ""lens"": ""pc1"", ""lens_scaling"": ""standardize"", ""min_cluster_size"": 37, ""min_samples"": 5, ""n_class"": 772, ""n_edges"": 5, ""n_intervals"": 6, ""n_vertices"": 6, ""noise_reassigned"": 575, ""placement"": ""uniform"", ""slabs"": [{""k"": 1, ""n"": 102}, {""k"": 1, ""n"": 294}, {""k"": 1, ""n"": 122}, {""k"": 1, ""n"": 81}, {""k"": 1, ""n"": 198}, {""k"": 1, ""n"": 156}]}, {""constant_lens"": false, ""gain"": 0.25, ""lens"": ""pc1"", ""lens_scaling"": ""standardize"", ""min_cluster_size"": 37, ""min_samples"": 5, ""n_class"": 772, ""n_edges"": 5, ""n_intervals"": 6, ""n_vertices"": 6, ""noise_reassigned"": 681, ""placement"": ""quantile"", ""slabs"": [{""k"": 1, ""n"": 145}, {""k"": 1, ""n"": 161}, {""k"": 1, ""n"": 161}, {""k"": 1, ""n"": 161}, {""k"": 1, ""n"": 161}, {""k"": 1, ""n"": 145}]}, {""constant_lens"": false, ""gain"": 0.25, ""lens"": ""pc1"", ""lens_scaling"": ""standardize"", ""min_cluster_size"": 37, ""min_samples"": 5, ""n_class"": 712, ""n_edges"": 5, ""n_intervals"": 6, ""n_vertices"": 6, ""noise_reassigned"": 607, ""placement"": ""quantile"", ""slabs"": [{""k"": 1, ""n"": 134}, {""k"": 1, ""n"": 148}, {""k"": 1, ""n"": 148}, {""k"": 1, ""n"": 148}, {""k"": 1, ""n"": 148}, {""k"": 1, ""n"": 134}]}, {""constant_lens"": false, ""gain"": 0.25, ""lens"": ""pc1"", ""lens_scaling"": ""standardize"", ""min_cluster_size"": 37, ""min_samples"": 5, ""n_class"": 773, ""n_edges"": 5, ""n_intervals"": 6, ""n_vertices"": 6, ""noise_reassigned"": 712, ""placement"": ""quantile"", ""slabs"": [{""k"": 1, ""n"": 145}, {""k"": 1, ""n"": 161}, {""k"": 1, ""n"": 161}, {""k"": 1, ""n"": 161}, {""k"": 1, ""n"": 161}, {""k"": 1, ""n"": 145}]}, {""constant_lens"": false, ""gain"": 0.25, ""lens"": ""pc1"", ""lens_scaling"": ""standardize"", ""min_cluster_size"": 37, ""min_samples"": 5, ""n_class"": 712, ""n_edges"": 5, ""n_intervals"": 6, ""n_vertices"": 7, ""noise_reassigned"": 351, ""placement"": ""quantile"", ""slabs"": [{""k"": 1, ""n"": 134}, {""k"": 1, ""n"": 148}, {""k"": 1, ""n"": 148}, {""k"": 2, ""n"": 148}, {""k"": 1, ""n"": 148}, {""k"": 1, ""n"": 134}]}, {""constant_lens"": false, ""gain"": 0.25, ""lens"": ""pc1"", ""lens_scaling"": ""standardize"", ""min_cluster_size"": 37, ""min_samples"": 5, ""n_class"": 713, ""n_edges"": 5, ""n_intervals"": 6, ""n_vertices"": 6, ""noise_reassigned"": 630, ""placement"": ""quantile"", ""slabs"": [{""k"": 1, ""n"": 134}, {""k"": 1, ""n"": 149}, {""k"": 1, ""n"": 148}, {""k"": 1, ""n"": 148}, {""k"": 1, ""n"": 149}, {""k"": 1, ""n"": 134}]}, {""constant_lens"": false, ""gain"": 0.25, ""lens"": ""pc1"", ""lens_scaling"": ""standardize"", ""min_cluster_size"": 37, ""min_samples"": 5, ""n_class"": 770, ""n_edges"": 5, ""n_intervals"": 6, ""n_vertices"": 6, ""noise_reassigned"": 594, ""placement"": ""quantile"", ""slabs"": [{""k"": 1, ""n"": 145}, {""k"": 1, ""n"": 160}, {""k"": 1, ""n"": 160}, {""k"": 1, ""n"": 160}, {""k"": 1, ""n"": 160}, {""k"": 1, ""n"": 145}]}, {""constant_lens"": false, ""gain"": 0.25, ""lens"": ""pc1"", ""lens_scaling"": ""standardize"", ""min_cluster_size"": 37, ""min_samples"": 5, ""n_class"": 712, ""n_edges"": 5, ""n_intervals"": 6, ""n_vertices"": 6, ""noise_reassigned"": 554, ""placement"": ""uniform"", ""slabs"": [{""k"": 1, ""n"": 172}, {""k"": 1, ""n"": 180}, {""k"": 1, ""n"": 137}, {""k"": 1, ""n"": 85}, {""k"": 1, ""n"": 129}, {""k"": 1, ""n"": 172}]}, {""constant_lens"": false, ""gain"": 0.25, ""lens"": ""pc1"", ""lens_scaling"": ""standardize"", ""min_cluster_size"": 37, ""min_samples"": 5, ""n_class"": 712, ""n_edges"": 5, ""n_intervals"": 6, ""n_vertices"": 6, ""noise_reassigned"": 417, ""placement"": ""quantile"", ""slabs"": [{""k"": 1, ""n"": 134}, {""k"": 1, ""n"": 148}, {""k"": 1, ""n"": 148}, {""k"": 1, ""n"": 148}, {""k"": 1, ""n"": 148}, {""k"": 1, ""n"": 134}]}], ""soundness_bound_holds"": true, ""step_rule"": ""scale_free"", ""topology_retention_nerve_to_frozen"": {""beta0_frozen"": 19, ""beta0_nerve"": 11, ""beta1_frozen"": 0, ""beta1_nerve"": 0}}",True
0.9763636363636363,198,False,0.020016174686615446,0.02,,4.678118999989238,84.70510999998078,80.02699099999154,penbased,0,"{""epsilon"": 0.1, ""window"": 0.2}",LVQ3,10,198,1100,9892,0.9799838253133846,2056206358,False,,True
0.98,198,False,0.020016174686615446,0.02,"{""0"": 20, ""1"": 21, ""2"": 21, ""3"": 19, ""4"": 21, ""5"": 19, ""6"": 19, ""7"": 20, ""8"": 19, ""9"": 19}",3.578892999998061,3.578892999998061,0.0,penbased,0,,KMeans,10,198,1100,9892,0.9799838253133846,2056206358,False,,True
0.93,198,False,0.020016174686615446,0.02,"{""0"": 20, ""1"": 21, ""2"": 21, ""3"": 19, ""4"": 21, ""5"": 19, ""6"": 19, ""7"": 20, ""8"": 19, ""9"": 19}",0.0016490000125486404,0.0016490000125486404,0.0,penbased,0,,Random,10,198,1100,9892,0.9799838253133846,2056206358,False,,True
0.9763636363636363,198,False,0.020016174686615446,0.02,,2.548175000003539,2.548175000003539,0.0,penbased,0,,SPOT,10,198,1100,9892,0.9799838253133846,2056206358,False,,True
0.9463636363636364,198,False,0.020016174686615446,0.02,,45.80679199998849,45.80679199998849,0.0,penbased,0,,GLVQ,10,198,1100,9892,0.9799838253133846,2056206358,False,,True
0.98,198,False,0.020016174686615446,0.02,,2.355712999997195,2.355712999997195,0.0,penbased,0,,GNG,10,198,1100,9892,0.9799838253133846,2056206358,False,,True
0.9963636363636363,495,False,0.050040436716538614,0.05,,9.600000339560211e-05,9.600000339560211e-05,0.0,penbased,0,,Full,10,9892,1100,9892,0.0,2056206358,True,,False
0.99,495,False,0.050040436716538614,0.05,,2.546330000011949,2.546330000011949,0.0,penbased,0,,RSP3,10,1008,1100,9892,0.898099474322685,2056206358,True,,False
0.9845454545454545,495,False,0.050040436716538614,0.05,,1.1733889999741223,1.1733889999741223,0.0,penbased,0,,RHC,10,316,1100,9892,0.9680549939344926,2056206358,True,,False
0.9836363636363636,495,False,0.050040436716538614,0.05,,12.205133999988902,12.205133999988902,0.0,penbased,0,,SPINE+1NN,10,495,1100,9892,0.9499595632834614,2056206358,False,"{""admission"": {""criterion"": ""risk"", ""removed_risk"": 8, ""removed_support"": 0}, ""betti_final"": [[2, 0], [3, 0], [1, 0], [1, 0], [1, 0], [3, 0], [1, 0], [2, 0], [2, 0], [3, 0]], ""betti_frozen"": [[2, 0], [3, 0], [1, 0], [1, 0], [1, 0], [3, 0], [1, 0], [2, 0], [2, 0], [3, 0]], ""betti_nerve"": [[1, 0], [1, 0], [1, 0], [1, 0], [1, 0], [2, 0], [1, 0], [1, 0], [1, 0], [1, 0]], ""boundary_restriction"": ""both"", ""forced_removals"": 0, ""growth_representation_fallbacks"": 395, ""invariant_held"": true, ""n_segments"": 476, ""n_train_fit"": 7419, ""n_val"": 2473, ""phase0"": [{""constant_lens"": false, ""gain"": 0.25, ""lens"": ""pc1"", ""lens_scaling"": ""standardize"", ""min_cluster_size"": 37, ""min_samples"": 5, ""n_class"": 771, ""n_edges"": 5, ""n_intervals"": 6, ""n_vertices"": 6, ""noise_reassigned"": 704, ""placement"": ""quantile"", ""slabs"": [{""k"": 1, ""n"": 145}, {""k"": 1, ""n"": 160}, {""k"": 1, ""n"": 161}, {""k"": 1, ""n"": 161}, {""k"": 1, ""n"": 160}, {""k"": 1, ""n"": 145}]}, {""constant_lens"": false, ""gain"": 0.25, ""lens"": ""pc1"", ""lens_scaling"": ""standardize"", ""min_cluster_size"": 37, ""min_samples"": 5, ""n_class"": 772, ""n_edges"": 5, ""n_intervals"": 6, ""n_vertices"": 6, ""noise_reassigned"": 575, ""placement"": ""uniform"", ""slabs"": [{""k"": 1, ""n"": 102}, {""k"": 1, ""n"": 294}, {""k"": 1, ""n"": 122}, {""k"": 1, ""n"": 81}, {""k"": 1, ""n"": 198}, {""k"": 1, ""n"": 156}]}, {""constant_lens"": false, ""gain"": 0.25, ""lens"": ""pc1"", ""lens_scaling"": ""standardize"", ""min_cluster_size"": 37, ""min_samples"": 5, ""n_class"": 772, ""n_edges"": 5, ""n_intervals"": 6, ""n_vertices"": 6, ""noise_reassigned"": 681, ""placement"": ""quantile"", ""slabs"": [{""k"": 1, ""n"": 145}, {""k"": 1, ""n"": 161}, {""k"": 1, ""n"": 161}, {""k"": 1, ""n"": 161}, {""k"": 1, ""n"": 161}, {""k"": 1, ""n"": 145}]}, {""constant_lens"": false, ""gain"": 0.25, ""lens"": ""pc1"", ""lens_scaling"": ""standardize"", ""min_cluster_size"": 37, ""min_samples"": 5, ""n_class"": 712, ""n_edges"": 5, ""n_intervals"": 6, ""n_vertices"": 6, ""noise_reassigned"": 607, ""placement"": ""quantile"", ""slabs"": [{""k"": 1, ""n"": 134}, {""k"": 1, ""n"": 148}, {""k"": 1, ""n"": 148}, {""k"": 1, ""n"": 148}, {""k"": 1, ""n"": 148}, {""k"": 1, ""n"": 134}]}, {""constant_lens"": false, ""gain"": 0.25, ""lens"": ""pc1"", ""lens_scaling"": ""standardize"", ""min_cluster_size"": 37, ""min_samples"": 5, ""n_class"": 773, ""n_edges"": 5, ""n_intervals"": 6, ""n_vertices"": 6, ""noise_reassigned"": 712, ""placement"": ""quantile"", ""slabs"": [{""k"": 1, ""n"": 145}, {""k"": 1, ""n"": 161}, {""k"": 1, ""n"": 161}, {""k"": 1, ""n"": 161}, {""k"": 1, ""n"": 161}, {""k"": 1, ""n"": 145}]}, {""constant_lens"": false, ""gain"": 0.25, ""lens"": ""pc1"", ""lens_scaling"": ""standardize"", ""min_cluster_size"": 37, ""min_samples"": 5, ""n_class"": 712, ""n_edges"": 5, ""n_intervals"": 6, ""n_vertices"": 7, ""noise_reassigned"": 351, ""placement"": ""quantile"", ""slabs"": [{""k"": 1, ""n"": 134}, {""k"": 1, ""n"": 148}, {""k"": 1, ""n"": 148}, {""k"": 2, ""n"": 148}, {""k"": 1, ""n"": 148}, {""k"": 1, ""n"": 134}]}, {""constant_lens"": false, ""gain"": 0.25, ""lens"": ""pc1"", ""lens_scaling"": ""standardize"", ""min_cluster_size"": 37, ""min_samples"": 5, ""n_class"": 713, ""n_edges"": 5, ""n_intervals"": 6, ""n_vertices"": 6, ""noise_reassigned"": 630, ""placement"": ""quantile"", ""slabs"": [{""k"": 1, ""n"": 134}, {""k"": 1, ""n"": 149}, {""k"": 1, ""n"": 148}, {""k"": 1, ""n"": 148}, {""k"": 1, ""n"": 149}, {""k"": 1, ""n"": 134}]}, {""constant_lens"": false, ""gain"": 0.25, ""lens"": ""pc1"", ""lens_scaling"": ""standardize"", ""min_cluster_size"": 37, ""min_samples"": 5, ""n_class"": 770, ""n_edges"": 5, ""n_intervals"": 6, ""n_vertices"": 6, ""noise_reassigned"": 594, ""placement"": ""quantile"", ""slabs"": [{""k"": 1, ""n"": 145}, {""k"": 1, ""n"": 160}, {""k"": 1, ""n"": 160}, {""k"": 1, ""n"": 160}, {""k"": 1, ""n"": 160}, {""k"": 1, ""n"": 145}]}, {""constant_lens"": false, ""gain"": 0.25, ""lens"": ""pc1"", ""lens_scaling"": ""standardize"", ""min_cluster_size"": 37, ""min_samples"": 5, ""n_class"": 712, ""n_edges"": 5, ""n_intervals"": 6, ""n_vertices"": 6, ""noise_reassigned"": 554, ""placement"": ""uniform"", ""slabs"": [{""k"": 1, ""n"": 172}, {""k"": 1, ""n"": 180}, {""k"": 1, ""n"": 137}, {""k"": 1, ""n"": 85}, {""k"": 1, ""n"": 129}, {""k"": 1, ""n"": 172}]}, {""constant_lens"": false, ""gain"": 0.25, ""lens"": ""pc1"", ""lens_scaling"": ""standardize"", ""min_cluster_size"": 37, ""min_samples"": 5, ""n_class"": 712, ""n_edges"": 5, ""n_intervals"": 6, ""n_vertices"": 6, ""noise_reassigned"": 417, ""placement"": ""quantile"", ""slabs"": [{""k"": 1, ""n"": 134}, {""k"": 1, ""n"": 148}, {""k"": 1, ""n"": 148}, {""k"": 1, ""n"": 148}, {""k"": 1, ""n"": 148}, {""k"": 1, ""n"": 134}]}], ""soundness_bound_holds"": true, ""step_rule"": ""scale_free"", ""topology_retention_nerve_to_frozen"": {""beta0_frozen"": 19, ""beta0_nerve"": 11, ""beta1_frozen"": 0, ""beta1_nerve"": 0}}",True
0.9872727272727273,495,False,0.050040436716538614,0.05,,12.205133999988902,12.205133999988902,0.0,penbased,0,,SPINE+Graph,10,495,1100,9892,0.9499595632834614,2056206358,False,"{""admission"": {""criterion"": ""risk"", ""removed_risk"": 8, ""removed_support"": 0}, ""betti_final"": [[2, 0], [3, 0], [1, 0], [1, 0], [1, 0], [3, 0], [1, 0], [2, 0], [2, 0], [3, 0]], ""betti_frozen"": [[2, 0], [3, 0], [1, 0], [1, 0], [1, 0], [3, 0], [1, 0], [2, 0], [2, 0], [3, 0]], ""betti_nerve"": [[1, 0], [1, 0], [1, 0], [1, 0], [1, 0], [2, 0], [1, 0], [1, 0], [1, 0], [1, 0]], ""boundary_restriction"": ""both"", ""forced_removals"": 0, ""growth_representation_fallbacks"": 395, ""invariant_held"": true, ""n_segments"": 476, ""n_train_fit"": 7419, ""n_val"": 2473, ""phase0"": [{""constant_lens"": false, ""gain"": 0.25, ""lens"": ""pc1"", ""lens_scaling"": ""standardize"", ""min_cluster_size"": 37, ""min_samples"": 5, ""n_class"": 771, ""n_edges"": 5, ""n_intervals"": 6, ""n_vertices"": 6, ""noise_reassigned"": 704, ""placement"": ""quantile"", ""slabs"": [{""k"": 1, ""n"": 145}, {""k"": 1, ""n"": 160}, {""k"": 1, ""n"": 161}, {""k"": 1, ""n"": 161}, {""k"": 1, ""n"": 160}, {""k"": 1, ""n"": 145}]}, {""constant_lens"": false, ""gain"": 0.25, ""lens"": ""pc1"", ""lens_scaling"": ""standardize"", ""min_cluster_size"": 37, ""min_samples"": 5, ""n_class"": 772, ""n_edges"": 5, ""n_intervals"": 6, ""n_vertices"": 6, ""noise_reassigned"": 575, ""placement"": ""uniform"", ""slabs"": [{""k"": 1, ""n"": 102}, {""k"": 1, ""n"": 294}, {""k"": 1, ""n"": 122}, {""k"": 1, ""n"": 81}, {""k"": 1, ""n"": 198}, {""k"": 1, ""n"": 156}]}, {""constant_lens"": false, ""gain"": 0.25, ""lens"": ""pc1"", ""lens_scaling"": ""standardize"", ""min_cluster_size"": 37, ""min_samples"": 5, ""n_class"": 772, ""n_edges"": 5, ""n_intervals"": 6, ""n_vertices"": 6, ""noise_reassigned"": 681, ""placement"": ""quantile"", ""slabs"": [{""k"": 1, ""n"": 145}, {""k"": 1, ""n"": 161}, {""k"": 1, ""n"": 161}, {""k"": 1, ""n"": 161}, {""k"": 1, ""n"": 161}, {""k"": 1, ""n"": 145}]}, {""constant_lens"": false, ""gain"": 0.25, ""lens"": ""pc1"", ""lens_scaling"": ""standardize"", ""min_cluster_size"": 37, ""min_samples"": 5, ""n_class"": 712, ""n_edges"": 5, ""n_intervals"": 6, ""n_vertices"": 6, ""noise_reassigned"": 607, ""placement"": ""quantile"", ""slabs"": [{""k"": 1, ""n"": 134}, {""k"": 1, ""n"": 148}, {""k"": 1, ""n"": 148}, {""k"": 1, ""n"": 148}, {""k"": 1, ""n"": 148}, {""k"": 1, ""n"": 134}]}, {""constant_lens"": false, ""gain"": 0.25, ""lens"": ""pc1"", ""lens_scaling"": ""standardize"", ""min_cluster_size"": 37, ""min_samples"": 5, ""n_class"": 773, ""n_edges"": 5, ""n_intervals"": 6, ""n_vertices"": 6, ""noise_reassigned"": 712, ""placement"": ""quantile"", ""slabs"": [{""k"": 1, ""n"": 145}, {""k"": 1, ""n"": 161}, {""k"": 1, ""n"": 161}, {""k"": 1, ""n"": 161}, {""k"": 1, ""n"": 161}, {""k"": 1, ""n"": 145}]}, {""constant_lens"": false, ""gain"": 0.25, ""lens"": ""pc1"", ""lens_scaling"": ""standardize"", ""min_cluster_size"": 37, ""min_samples"": 5, ""n_class"": 712, ""n_edges"": 5, ""n_intervals"": 6, ""n_vertices"": 7, ""noise_reassigned"": 351, ""placement"": ""quantile"", ""slabs"": [{""k"": 1, ""n"": 134}, {""k"": 1, ""n"": 148}, {""k"": 1, ""n"": 148}, {""k"": 2, ""n"": 148}, {""k"": 1, ""n"": 148}, {""k"": 1, ""n"": 134}]}, {""constant_lens"": false, ""gain"": 0.25, ""lens"": ""pc1"", ""lens_scaling"": ""standardize"", ""min_cluster_size"": 37, ""min_samples"": 5, ""n_class"": 713, ""n_edges"": 5, ""n_intervals"": 6, ""n_vertices"": 6, ""noise_reassigned"": 630, ""placement"": ""quantile"", ""slabs"": [{""k"": 1, ""n"": 134}, {""k"": 1, ""n"": 149}, {""k"": 1, ""n"": 148}, {""k"": 1, ""n"": 148}, {""k"": 1, ""n"": 149}, {""k"": 1, ""n"": 134}]}, {""constant_lens"": false, ""gain"": 0.25, ""lens"": ""pc1"", ""lens_scaling"": ""standardize"", ""min_cluster_size"": 37, ""min_samples"": 5, ""n_class"": 770, ""n_edges"": 5, ""n_intervals"": 6, ""n_vertices"": 6, ""noise_reassigned"": 594, ""placement"": ""quantile"", ""slabs"": [{""k"": 1, ""n"": 145}, {""k"": 1, ""n"": 160}, {""k"": 1, ""n"": 160}, {""k"": 1, ""n"": 160}, {""k"": 1, ""n"": 160}, {""k"": 1, ""n"": 145}]}, {""constant_lens"": false, ""gain"": 0.25, ""lens"": ""pc1"", ""lens_scaling"": ""standardize"", ""min_cluster_size"": 37, ""min_samples"": 5, ""n_class"": 712, ""n_edges"": 5, ""n_intervals"": 6, ""n_vertices"": 6, ""noise_reassigned"": 554, ""placement"": ""uniform"", ""slabs"": [{""k"": 1, ""n"": 172}, {""k"": 1, ""n"": 180}, {""k"": 1, ""n"": 137}, {""k"": 1, ""n"": 85}, {""k"": 1, ""n"": 129}, {""k"": 1, ""n"": 172}]}, {""constant_lens"": false, ""gain"": 0.25, ""lens"": ""pc1"", ""lens_scaling"": ""standardize"", ""min_cluster_size"": 37, ""min_samples"": 5, ""n_class"": 712, ""n_edges"": 5, ""n_intervals"": 6, ""n_vertices"": 6, ""noise_reassigned"": 417, ""placement"": ""quantile"", ""slabs"": [{""k"": 1, ""n"": 134}, {""k"": 1, ""n"": 148}, {""k"": 1, ""n"": 148}, {""k"": 1, ""n"": 148}, {""k"": 1, ""n"": 148}, {""k"": 1, ""n"": 134}]}], ""soundness_bound_holds"": true, ""step_rule"": ""scale_free"", ""topology_retention_nerve_to_frozen"": {""beta0_frozen"": 19, ""beta0_nerve"": 11, ""beta1_frozen"": 0, ""beta1_nerve"": 0}}",True
0.99,495,False,0.050040436716538614,0.05,,6.725406000012299,121.3754220000119,114.6500159999996,penbased,0,"{""epsilon"": 0.1, ""window"": 0.3}",LVQ3,10,495,1100,9892,0.9499595632834614,2056206358,False,,True
0.9872727272727273,495,False,0.050040436716538614,0.05,"{""0"": 51, ""1"": 52, ""2"": 52, ""3"": 47, ""4"": 52, ""5"": 47, ""6"": 48, ""7"": 51, ""8"": 48, ""9"": 47}",5.2429380000103265,5.2429380000103265,0.0,penbased,0,,KMeans,10,495,1100,9892,0.9499595632834614,2056206358,False,,True
0.9572727272727273,495,False,0.050040436716538614,0.05,"{""0"": 51, ""1"": 52, ""2"": 52, ""3"": 47, ""4"": 52, ""5"": 47, ""6"": 48, ""7"": 51, ""8"": 48, ""9"": 47}",0.002789999998640269,0.002789999998640269,0.0,penbased,0,,Random,10,495,1100,9892,0.9499595632834614,2056206358,False,,True
0.9863636363636363,495,False,0.050040436716538614,0.05,,2.9969620000047144,2.9969620000047144,0.0,penbased,0,,SPOT,10,495,1100,9892,0.9499595632834614,2056206358,False,,True
0.9463636363636364,495,False,0.050040436716538614,0.05,,107.56217799999285,107.56217799999285,0.0,penbased,0,,GLVQ,10,495,1100,9892,0.9499595632834614,2056206358,False,,True
0.990909090909091,495,False,0.050040436716538614,0.05,,5.250440000003437,5.250440000003437,0.0,penbased,0,,GNG,10,495,1100,9892,0.9499595632834614,2056206358,False,,True
0.9963636363636363,989,False,0.09997978164173069,0.1,,9.600000339560211e-05,9.600000339560211e-05,0.0,penbased,0,,Full,10,9892,1100,9892,0.0,2056206358,True,,False
0.99,989,False,0.09997978164173069,0.1,,2.546330000011949,2.546330000011949,0.0,penbased,0,,RSP3,10,1008,1100,9892,0.898099474322685,2056206358,True,,False
0.9845454545454545,989,False,0.09997978164173069,0.1,,1.1733889999741223,1.1733889999741223,0.0,penbased,0,,RHC,10,316,1100,9892,0.9680549939344926,2056206358,True,,False
0.99,989,False,0.09997978164173069,0.1,,20.106229999975767,20.106229999975767,0.0,penbased,0,,SPINE+1NN,10,989,1100,9892,0.9000202183582693,2056206358,False,"{""admission"": {""criterion"": ""risk"", ""removed_risk"": 8, ""removed_support"": 0}, ""betti_final"": [[2, 0], [3, 0], [1, 0], [1, 0], [1, 0], [3, 0], [1, 0], [2, 0], [2, 0], [3, 0]], ""betti_frozen"": [[2, 0], [3, 0], [1, 0], [1, 0], [1, 0], [3, 0], [1, 0], [2, 0], [2, 0], [3, 0]], ""betti_nerve"": [[1, 0], [1, 0], [1, 0], [1, 0], [1, 0], [2, 0], [1, 0], [1, 0], [1, 0], [1, 0]], ""boundary_restriction"": ""both"", ""forced_removals"": 0, ""growth_representation_fallbacks"": 982, ""invariant_held"": true, ""n_segments"": 970, ""n_train_fit"": 7419, ""n_val"": 2473, ""phase0"": [{""constant_lens"": false, ""gain"": 0.25, ""lens"": ""pc1"", ""lens_scaling"": ""standardize"", ""min_cluster_size"": 37, ""min_samples"": 5, ""n_class"": 771, ""n_edges"": 5, ""n_intervals"": 6, ""n_vertices"": 6, ""noise_reassigned"": 704, ""placement"": ""quantile"", ""slabs"": [{""k"": 1, ""n"": 145}, {""k"": 1, ""n"": 160}, {""k"": 1, ""n"": 161}, {""k"": 1, ""n"": 161}, {""k"": 1, ""n"": 160}, {""k"": 1, ""n"": 145}]}, {""constant_lens"": false, ""gain"": 0.25, ""lens"": ""pc1"", ""lens_scaling"": ""standardize"", ""min_cluster_size"": 37, ""min_samples"": 5, ""n_class"": 772, ""n_edges"": 5, ""n_intervals"": 6, ""n_vertices"": 6, ""noise_reassigned"": 575, ""placement"": ""uniform"", ""slabs"": [{""k"": 1, ""n"": 102}, {""k"": 1, ""n"": 294}, {""k"": 1, ""n"": 122}, {""k"": 1, ""n"": 81}, {""k"": 1, ""n"": 198}, {""k"": 1, ""n"": 156}]}, {""constant_lens"": false, ""gain"": 0.25, ""lens"": ""pc1"", ""lens_scaling"": ""standardize"", ""min_cluster_size"": 37, ""min_samples"": 5, ""n_class"": 772, ""n_edges"": 5, ""n_intervals"": 6, ""n_vertices"": 6, ""noise_reassigned"": 681, ""placement"": ""quantile"", ""slabs"": [{""k"": 1, ""n"": 145}, {""k"": 1, ""n"": 161}, {""k"": 1, ""n"": 161}, {""k"": 1, ""n"": 161}, {""k"": 1, ""n"": 161}, {""k"": 1, ""n"": 145}]}, {""constant_lens"": false, ""gain"": 0.25, ""lens"": ""pc1"", ""lens_scaling"": ""standardize"", ""min_cluster_size"": 37, ""min_samples"": 5, ""n_class"": 712, ""n_edges"": 5, ""n_intervals"": 6, ""n_vertices"": 6, ""noise_reassigned"": 607, ""placement"": ""quantile"", ""slabs"": [{""k"": 1, ""n"": 134}, {""k"": 1, ""n"": 148}, {""k"": 1, ""n"": 148}, {""k"": 1, ""n"": 148}, {""k"": 1, ""n"": 148}, {""k"": 1, ""n"": 134}]}, {""constant_lens"": false, ""gain"": 0.25, ""lens"": ""pc1"", ""lens_scaling"": ""standardize"", ""min_cluster_size"": 37, ""min_samples"": 5, ""n_class"": 773, ""n_edges"": 5, ""n_intervals"": 6, ""n_vertices"": 6, ""noise_reassigned"": 712, ""placement"": ""quantile"", ""slabs"": [{""k"": 1, ""n"": 145}, {""k"": 1, ""n"": 161}, {""k"": 1, ""n"": 161}, {""k"": 1, ""n"": 161}, {""k"": 1, ""n"": 161}, {""k"": 1, ""n"": 145}]}, {""constant_lens"": false, ""gain"": 0.25, ""lens"": ""pc1"", ""lens_scaling"": ""standardize"", ""min_cluster_size"": 37, ""min_samples"": 5, ""n_class"": 712, ""n_edges"": 5, ""n_intervals"": 6, ""n_vertices"": 7, ""noise_reassigned"": 351, ""placement"": ""quantile"", ""slabs"": [{""k"": 1, ""n"": 134}, {""k"": 1, ""n"": 148}, {""k"": 1, ""n"": 148}, {""k"": 2, ""n"": 148}, {""k"": 1, ""n"": 148}, {""k"": 1, ""n"": 134}]}, {""constant_lens"": false, ""gain"": 0.25, ""lens"": ""pc1"", ""lens_scaling"": ""standardize"", ""min_cluster_size"": 37, ""min_samples"": 5, ""n_class"": 713, ""n_edges"": 5, ""n_intervals"": 6, ""n_vertices"": 6, ""noise_reassigned"": 630, ""placement"": ""quantile"", ""slabs"": [{""k"": 1, ""n"": 134}, {""k"": 1, ""n"": 149}, {""k"": 1, ""n"": 148}, {""k"": 1, ""n"": 148}, {""k"": 1, ""n"": 149}, {""k"": 1, ""n"": 134}]}, {""constant_lens"": false, ""gain"": 0.25, ""lens"": ""pc1"", ""lens_scaling"": ""standardize"", ""min_cluster_size"": 37, ""min_samples"": 5, ""n_class"": 770, ""n_edges"": 5, ""n_intervals"": 6, ""n_vertices"": 6, ""noise_reassigned"": 594, ""placement"": ""quantile"", ""slabs"": [{""k"": 1, ""n"": 145}, {""k"": 1, ""n"": 160}, {""k"": 1, ""n"": 160}, {""k"": 1, ""n"": 160}, {""k"": 1, ""n"": 160}, {""k"": 1, ""n"": 145}]}, {""constant_lens"": false, ""gain"": 0.25, ""lens"": ""pc1"", ""lens_scaling"": ""standardize"", ""min_cluster_size"": 37, ""min_samples"": 5, ""n_class"": 712, ""n_edges"": 5, ""n_intervals"": 6, ""n_vertices"": 6, ""noise_reassigned"": 554, ""placement"": ""uniform"", ""slabs"": [{""k"": 1, ""n"": 172}, {""k"": 1, ""n"": 180}, {""k"": 1, ""n"": 137}, {""k"": 1, ""n"": 85}, {""k"": 1, ""n"": 129}, {""k"": 1, ""n"": 172}]}, {""constant_lens"": false, ""gain"": 0.25, ""lens"": ""pc1"", ""lens_scaling"": ""standardize"", ""min_cluster_size"": 37, ""min_samples"": 5, ""n_class"": 712, ""n_edges"": 5, ""n_intervals"": 6, ""n_vertices"": 6, ""noise_reassigned"": 417, ""placement"": ""quantile"", ""slabs"": [{""k"": 1, ""n"": 134}, {""k"": 1, ""n"": 148}, {""k"": 1, ""n"": 148}, {""k"": 1, ""n"": 148}, {""k"": 1, ""n"": 148}, {""k"": 1, ""n"": 134}]}], ""soundness_bound_holds"": true, ""step_rule"": ""scale_free"", ""topology_retention_nerve_to_frozen"": {""beta0_frozen"": 19, ""beta0_nerve"": 11, ""beta1_frozen"": 0, ""beta1_nerve"": 0}}",True
0.9936363636363637,989,False,0.09997978164173069,0.1,,20.106229999975767,20.106229999975767,0.0,penbased,0,,SPINE+Graph,10,989,1100,9892,0.9000202183582693,2056206358,False,"{""admission"": {""criterion"": ""risk"", ""removed_risk"": 8, ""removed_support"": 0}, ""betti_final"": [[2, 0], [3, 0], [1, 0], [1, 0], [1, 0], [3, 0], [1, 0], [2, 0], [2, 0], [3, 0]], ""betti_frozen"": [[2, 0], [3, 0], [1, 0], [1, 0], [1, 0], [3, 0], [1, 0], [2, 0], [2, 0], [3, 0]], ""betti_nerve"": [[1, 0], [1, 0], [1, 0], [1, 0], [1, 0], [2, 0], [1, 0], [1, 0], [1, 0], [1, 0]], ""boundary_restriction"": ""both"", ""forced_removals"": 0, ""growth_representation_fallbacks"": 982, ""invariant_held"": true, ""n_segments"": 970, ""n_train_fit"": 7419, ""n_val"": 2473, ""phase0"": [{""constant_lens"": false, ""gain"": 0.25, ""lens"": ""pc1"", ""lens_scaling"": ""standardize"", ""min_cluster_size"": 37, ""min_samples"": 5, ""n_class"": 771, ""n_edges"": 5, ""n_intervals"": 6, ""n_vertices"": 6, ""noise_reassigned"": 704, ""placement"": ""quantile"", ""slabs"": [{""k"": 1, ""n"": 145}, {""k"": 1, ""n"": 160}, {""k"": 1, ""n"": 161}, {""k"": 1, ""n"": 161}, {""k"": 1, ""n"": 160}, {""k"": 1, ""n"": 145}]}, {""constant_lens"": false, ""gain"": 0.25, ""lens"": ""pc1"", ""lens_scaling"": ""standardize"", ""min_cluster_size"": 37, ""min_samples"": 5, ""n_class"": 772, ""n_edges"": 5, ""n_intervals"": 6, ""n_vertices"": 6, ""noise_reassigned"": 575, ""placement"": ""uniform"", ""slabs"": [{""k"": 1, ""n"": 102}, {""k"": 1, ""n"": 294}, {""k"": 1, ""n"": 122}, {""k"": 1, ""n"": 81}, {""k"": 1, ""n"": 198}, {""k"": 1, ""n"": 156}]}, {""constant_lens"": false, ""gain"": 0.25, ""lens"": ""pc1"", ""lens_scaling"": ""standardize"", ""min_cluster_size"": 37, ""min_samples"": 5, ""n_class"": 772, ""n_edges"": 5, ""n_intervals"": 6, ""n_vertices"": 6, ""noise_reassigned"": 681, ""placement"": ""quantile"", ""slabs"": [{""k"": 1, ""n"": 145}, {""k"": 1, ""n"": 161}, {""k"": 1, ""n"": 161}, {""k"": 1, ""n"": 161}, {""k"": 1, ""n"": 161}, {""k"": 1, ""n"": 145}]}, {""constant_lens"": false, ""gain"": 0.25, ""lens"": ""pc1"", ""lens_scaling"": ""standardize"", ""min_cluster_size"": 37, ""min_samples"": 5, ""n_class"": 712, ""n_edges"": 5, ""n_intervals"": 6, ""n_vertices"": 6, ""noise_reassigned"": 607, ""placement"": ""quantile"", ""slabs"": [{""k"": 1, ""n"": 134}, {""k"": 1, ""n"": 148}, {""k"": 1, ""n"": 148}, {""k"": 1, ""n"": 148}, {""k"": 1, ""n"": 148}, {""k"": 1, ""n"": 134}]}, {""constant_lens"": false, ""gain"": 0.25, ""lens"": ""pc1"", ""lens_scaling"": ""standardize"", ""min_cluster_size"": 37, ""min_samples"": 5, ""n_class"": 773, ""n_edges"": 5, ""n_intervals"": 6, ""n_vertices"": 6, ""noise_reassigned"": 712, ""placement"": ""quantile"", ""slabs"": [{""k"": 1, ""n"": 145}, {""k"": 1, ""n"": 161}, {""k"": 1, ""n"": 161}, {""k"": 1, ""n"": 161}, {""k"": 1, ""n"": 161}, {""k"": 1, ""n"": 145}]}, {""constant_lens"": false, ""gain"": 0.25, ""lens"": ""pc1"", ""lens_scaling"": ""standardize"", ""min_cluster_size"": 37, ""min_samples"": 5, ""n_class"": 712, ""n_edges"": 5, ""n_intervals"": 6, ""n_vertices"": 7, ""noise_reassigned"": 351, ""placement"": ""quantile"", ""slabs"": [{""k"": 1, ""n"": 134}, {""k"": 1, ""n"": 148}, {""k"": 1, ""n"": 148}, {""k"": 2, ""n"": 148}, {""k"": 1, ""n"": 148}, {""k"": 1, ""n"": 134}]}, {""constant_lens"": false, ""gain"": 0.25, ""lens"": ""pc1"", ""lens_scaling"": ""standardize"", ""min_cluster_size"": 37, ""min_samples"": 5, ""n_class"": 713, ""n_edges"": 5, ""n_intervals"": 6, ""n_vertices"": 6, ""noise_reassigned"": 630, ""placement"": ""quantile"", ""slabs"": [{""k"": 1, ""n"": 134}, {""k"": 1, ""n"": 149}, {""k"": 1, ""n"": 148}, {""k"": 1, ""n"": 148}, {""k"": 1, ""n"": 149}, {""k"": 1, ""n"": 134}]}, {""constant_lens"": false, ""gain"": 0.25, ""lens"": ""pc1"", ""lens_scaling"": ""standardize"", ""min_cluster_size"": 37, ""min_samples"": 5, ""n_class"": 770, ""n_edges"": 5, ""n_intervals"": 6, ""n_vertices"": 6, ""noise_reassigned"": 594, ""placement"": ""quantile"", ""slabs"": [{""k"": 1, ""n"": 145}, {""k"": 1, ""n"": 160}, {""k"": 1, ""n"": 160}, {""k"": 1, ""n"": 160}, {""k"": 1, ""n"": 160}, {""k"": 1, ""n"": 145}]}, {""constant_lens"": false, ""gain"": 0.25, ""lens"": ""pc1"", ""lens_scaling"": ""standardize"", ""min_cluster_size"": 37, ""min_samples"": 5, ""n_class"": 712, ""n_edges"": 5, ""n_intervals"": 6, ""n_vertices"": 6, ""noise_reassigned"": 554, ""placement"": ""uniform"", ""slabs"": [{""k"": 1, ""n"": 172}, {""k"": 1, ""n"": 180}, {""k"": 1, ""n"": 137}, {""k"": 1, ""n"": 85}, {""k"": 1, ""n"": 129}, {""k"": 1, ""n"": 172}]}, {""constant_lens"": false, ""gain"": 0.25, ""lens"": ""pc1"", ""lens_scaling"": ""standardize"", ""min_cluster_size"": 37, ""min_samples"": 5, ""n_class"": 712, ""n_edges"": 5, ""n_intervals"": 6, ""n_vertices"": 6, ""noise_reassigned"": 417, ""placement"": ""quantile"", ""slabs"": [{""k"": 1, ""n"": 134}, {""k"": 1, ""n"": 148}, {""k"": 1, ""n"": 148}, {""k"": 1, ""n"": 148}, {""k"": 1, ""n"": 148}, {""k"": 1, ""n"": 134}]}], ""soundness_bound_holds"": true, ""step_rule"": ""scale_free"", ""topology_retention_nerve_to_frozen"": {""beta0_frozen"": 19, ""beta0_nerve"": 11, ""beta1_frozen"": 0, ""beta1_nerve"": 0}}",True
0.9890909090909091,989,False,0.09997978164173069,0.1,,11.384125000011409,197.69923600001493,186.31511100000353,penbased,0,"{""epsilon"": 0.3, ""window"": 0.2}",LVQ3,10,989,1100,9892,0.9000202183582693,2056206358,False,,True
0.990909090909091,989,False,0.09997978164173069,0.1,"{""0"": 103, ""1"": 103, ""2"": 103, ""3"": 95, ""4"": 103, ""5"": 95, ""6"": 95, ""7"": 102, ""8"": 95, ""9"": 95}",8.175336999993306,8.175336999993306,0.0,penbased,0,,KMeans,10,989,1100,9892,0.9000202183582693,2056206358,False,,True
0.9654545454545455,989,False,0.09997978164173069,0.1,"{""0"": 103, ""1"": 103, ""2"": 103, ""3"": 95, ""4"": 103, ""5"": 95, ""6"": 95, ""7"": 102, ""8"": 95, ""9"": 95}",0.002933000010671094,0.002933000010671094,0.0,penbased,0,,Random,10,989,1100,9892,0.9000202183582693,2056206358,False,,True
0.9918181818181818,989,False,0.09997978164173069,0.1,,3.2349249999970198,3.2349249999970198,0.0,penbased,0,,SPOT,10,989,1100,9892,0.9000202183582693,2056206358,False,,True
0.9481818181818182,989,False,0.09997978164173069,0.1,,210.5805490000057,210.5805490000057,0.0,penbased,0,,GLVQ,10,989,1100,9892,0.9000202183582693,2056206358,False,,True
0.9918181818181818,989,False,0.09997978164173069,0.1,,13.602742000017315,13.602742000017315,0.0,penbased,0,,GNG,10,989,1100,9892,0.9000202183582693,2056206358,False,,True
0.9963636363636363,2473,False,0.25,0.25,,9.600000339560211e-05,9.600000339560211e-05,0.0,penbased,0,,Full,10,9892,1100,9892,0.0,2056206358,True,,False
0.99,2473,False,0.25,0.25,,2.546330000011949,2.546330000011949,0.0,penbased,0,,RSP3,10,1008,1100,9892,0.898099474322685,2056206358,True,,False
0.9845454545454545,2473,False,0.25,0.25,,1.1733889999741223,1.1733889999741223,0.0,penbased,0,,RHC,10,316,1100,9892,0.9680549939344926,2056206358,True,,False
0.9936363636363637,2473,False,0.25,0.25,,66.85490199999185,66.85490199999185,0.0,penbased,0,,SPINE+1NN,10,2473,1100,9892,0.75,2056206358,False,"{""admission"": {""criterion"": ""risk"", ""removed_risk"": 8, ""removed_support"": 0}, ""betti_final"": [[2, 0], [3, 0], [1, 0], [1, 0], [1, 0], [3, 0], [1, 0], [2, 0], [2, 0], [3, 0]], ""betti_frozen"": [[2, 0], [3, 0], [1, 0], [1, 0], [1, 0], [3, 0], [1, 0], [2, 0], [2, 0], [3, 0]], ""betti_nerve"": [[1, 0], [1, 0], [1, 0], [1, 0], [1, 0], [2, 0], [1, 0], [1, 0], [1, 0], [1, 0]], ""boundary_restriction"": ""both"", ""forced_removals"": 0, ""growth_representation_fallbacks"": 2783, ""invariant_held"": true, ""n_segments"": 2454, ""n_train_fit"": 7419, ""n_val"": 2473, ""phase0"": [{""constant_lens"": false, ""gain"": 0.25, ""lens"": ""pc1"", ""lens_scaling"": ""standardize"", ""min_cluster_size"": 37, ""min_samples"": 5, ""n_class"": 771, ""n_edges"": 5, ""n_intervals"": 6, ""n_vertices"": 6, ""noise_reassigned"": 704, ""placement"": ""quantile"", ""slabs"": [{""k"": 1, ""n"": 145}, {""k"": 1, ""n"": 160}, {""k"": 1, ""n"": 161}, {""k"": 1, ""n"": 161}, {""k"": 1, ""n"": 160}, {""k"": 1, ""n"": 145}]}, {""constant_lens"": false, ""gain"": 0.25, ""lens"": ""pc1"", ""lens_scaling"": ""standardize"", ""min_cluster_size"": 37, ""min_samples"": 5, ""n_class"": 772, ""n_edges"": 5, ""n_intervals"": 6, ""n_vertices"": 6, ""noise_reassigned"": 575, ""placement"": ""uniform"", ""slabs"": [{""k"": 1, ""n"": 102}, {""k"": 1, ""n"": 294}, {""k"": 1, ""n"": 122}, {""k"": 1, ""n"": 81}, {""k"": 1, ""n"": 198}, {""k"": 1, ""n"": 156}]}, {""constant_lens"": false, ""gain"": 0.25, ""lens"": ""pc1"", ""lens_scaling"": ""standardize"", ""min_cluster_size"": 37, ""min_samples"": 5, ""n_class"": 772, ""n_edges"": 5, ""n_intervals"": 6, ""n_vertices"": 6, ""noise_reassigned"": 681, ""placement"": ""quantile"", ""slabs"": [{""k"": 1, ""n"": 145}, {""k"": 1, ""n"": 161}, {""k"": 1, ""n"": 161}, {""k"": 1, ""n"": 161}, {""k"": 1, ""n"": 161}, {""k"": 1, ""n"": 145}]}, {""constant_lens"": false, ""gain"": 0.25, ""lens"": ""pc1"", ""lens_scaling"": ""standardize"", ""min_cluster_size"": 37, ""min_samples"": 5, ""n_class"": 712, ""n_edges"": 5, ""n_intervals"": 6, ""n_vertices"": 6, ""noise_reassigned"": 607, ""placement"": ""quantile"", ""slabs"": [{""k"": 1, ""n"": 134}, {""k"": 1, ""n"": 148}, {""k"": 1, ""n"": 148}, {""k"": 1, ""n"": 148}, {""k"": 1, ""n"": 148}, {""k"": 1, ""n"": 134}]}, {""constant_lens"": false, ""gain"": 0.25, ""lens"": ""pc1"", ""lens_scaling"": ""standardize"", ""min_cluster_size"": 37, ""min_samples"": 5, ""n_class"": 773, ""n_edges"": 5, ""n_intervals"": 6, ""n_vertices"": 6, ""noise_reassigned"": 712, ""placement"": ""quantile"", ""slabs"": [{""k"": 1, ""n"": 145}, {""k"": 1, ""n"": 161}, {""k"": 1, ""n"": 161}, {""k"": 1, ""n"": 161}, {""k"": 1, ""n"": 161}, {""k"": 1, ""n"": 145}]}, {""constant_lens"": false, ""gain"": 0.25, ""lens"": ""pc1"", ""lens_scaling"": ""standardize"", ""min_cluster_size"": 37, ""min_samples"": 5, ""n_class"": 712, ""n_edges"": 5, ""n_intervals"": 6, ""n_vertices"": 7, ""noise_reassigned"": 351, ""placement"": ""quantile"", ""slabs"": [{""k"": 1, ""n"": 134}, {""k"": 1, ""n"": 148}, {""k"": 1, ""n"": 148}, {""k"": 2, ""n"": 148}, {""k"": 1, ""n"": 148}, {""k"": 1, ""n"": 134}]}, {""constant_lens"": false, ""gain"": 0.25, ""lens"": ""pc1"", ""lens_scaling"": ""standardize"", ""min_cluster_size"": 37, ""min_samples"": 5, ""n_class"": 713, ""n_edges"": 5, ""n_intervals"": 6, ""n_vertices"": 6, ""noise_reassigned"": 630, ""placement"": ""quantile"", ""slabs"": [{""k"": 1, ""n"": 134}, {""k"": 1, ""n"": 149}, {""k"": 1, ""n"": 148}, {""k"": 1, ""n"": 148}, {""k"": 1, ""n"": 149}, {""k"": 1, ""n"": 134}]}, {""constant_lens"": false, ""gain"": 0.25, ""lens"": ""pc1"", ""lens_scaling"": ""standardize"", ""min_cluster_size"": 37, ""min_samples"": 5, ""n_class"": 770, ""n_edges"": 5, ""n_intervals"": 6, ""n_vertices"": 6, ""noise_reassigned"": 594, ""placement"": ""quantile"", ""slabs"": [{""k"": 1, ""n"": 145}, {""k"": 1, ""n"": 160}, {""k"": 1, ""n"": 160}, {""k"": 1, ""n"": 160}, {""k"": 1, ""n"": 160}, {""k"": 1, ""n"": 145}]}, {""constant_lens"": false, ""gain"": 0.25, ""lens"": ""pc1"", ""lens_scaling"": ""standardize"", ""min_cluster_size"": 37, ""min_samples"": 5, ""n_class"": 712, ""n_edges"": 5, ""n_intervals"": 6, ""n_vertices"": 6, ""noise_reassigned"": 554, ""placement"": ""uniform"", ""slabs"": [{""k"": 1, ""n"": 172}, {""k"": 1, ""n"": 180}, {""k"": 1, ""n"": 137}, {""k"": 1, ""n"": 85}, {""k"": 1, ""n"": 129}, {""k"": 1, ""n"": 172}]}, {""constant_lens"": false, ""gain"": 0.25, ""lens"": ""pc1"", ""lens_scaling"": ""standardize"", ""min_cluster_size"": 37, ""min_samples"": 5, ""n_class"": 712, ""n_edges"": 5, ""n_intervals"": 6, ""n_vertices"": 6, ""noise_reassigned"": 417, ""placement"": ""quantile"", ""slabs"": [{""k"": 1, ""n"": 134}, {""k"": 1, ""n"": 148}, {""k"": 1, ""n"": 148}, {""k"": 1, ""n"": 148}, {""k"": 1, ""n"": 148}, {""k"": 1, ""n"": 134}]}], ""soundness_bound_holds"": true, ""step_rule"": ""scale_free"", ""topology_retention_nerve_to_frozen"": {""beta0_frozen"": 19, ""beta0_nerve"": 11, ""beta1_frozen"": 0, ""beta1_nerve"": 0}}",True
0.9936363636363637,2473,False,0.25,0.25,,66.85490199999185,66.85490199999185,0.0,penbased,0,,SPINE+Graph,10,2473,1100,9892,0.75,2056206358,False,"{""admission"": {""criterion"": ""risk"", ""removed_risk"": 8, ""removed_support"": 0}, ""betti_final"": [[2, 0], [3, 0], [1, 0], [1, 0], [1, 0], [3, 0], [1, 0], [2, 0], [2, 0], [3, 0]], ""betti_frozen"": [[2, 0], [3, 0], [1, 0], [1, 0], [1, 0], [3, 0], [1, 0], [2, 0], [2, 0], [3, 0]], ""betti_nerve"": [[1, 0], [1, 0], [1, 0], [1, 0], [1, 0], [2, 0], [1, 0], [1, 0], [1, 0], [1, 0]], ""boundary_restriction"": ""both"", ""forced_removals"": 0, ""growth_representation_fallbacks"": 2783, ""invariant_held"": true, ""n_segments"": 2454, ""n_train_fit"": 7419, ""n_val"": 2473, ""phase0"": [{""constant_lens"": false, ""gain"": 0.25, ""lens"": ""pc1"", ""lens_scaling"": ""standardize"", ""min_cluster_size"": 37, ""min_samples"": 5, ""n_class"": 771, ""n_edges"": 5, ""n_intervals"": 6, ""n_vertices"": 6, ""noise_reassigned"": 704, ""placement"": ""quantile"", ""slabs"": [{""k"": 1, ""n"": 145}, {""k"": 1, ""n"": 160}, {""k"": 1, ""n"": 161}, {""k"": 1, ""n"": 161}, {""k"": 1, ""n"": 160}, {""k"": 1, ""n"": 145}]}, {""constant_lens"": false, ""gain"": 0.25, ""lens"": ""pc1"", ""lens_scaling"": ""standardize"", ""min_cluster_size"": 37, ""min_samples"": 5, ""n_class"": 772, ""n_edges"": 5, ""n_intervals"": 6, ""n_vertices"": 6, ""noise_reassigned"": 575, ""placement"": ""uniform"", ""slabs"": [{""k"": 1, ""n"": 102}, {""k"": 1, ""n"": 294}, {""k"": 1, ""n"": 122}, {""k"": 1, ""n"": 81}, {""k"": 1, ""n"": 198}, {""k"": 1, ""n"": 156}]}, {""constant_lens"": false, ""gain"": 0.25, ""lens"": ""pc1"", ""lens_scaling"": ""standardize"", ""min_cluster_size"": 37, ""min_samples"": 5, ""n_class"": 772, ""n_edges"": 5, ""n_intervals"": 6, ""n_vertices"": 6, ""noise_reassigned"": 681, ""placement"": ""quantile"", ""slabs"": [{""k"": 1, ""n"": 145}, {""k"": 1, ""n"": 161}, {""k"": 1, ""n"": 161}, {""k"": 1, ""n"": 161}, {""k"": 1, ""n"": 161}, {""k"": 1, ""n"": 145}]}, {""constant_lens"": false, ""gain"": 0.25, ""lens"": ""pc1"", ""lens_scaling"": ""standardize"", ""min_cluster_size"": 37, ""min_samples"": 5, ""n_class"": 712, ""n_edges"": 5, ""n_intervals"": 6, ""n_vertices"": 6, ""noise_reassigned"": 607, ""placement"": ""quantile"", ""slabs"": [{""k"": 1, ""n"": 134}, {""k"": 1, ""n"": 148}, {""k"": 1, ""n"": 148}, {""k"": 1, ""n"": 148}, {""k"": 1, ""n"": 148}, {""k"": 1, ""n"": 134}]}, {""constant_lens"": false, ""gain"": 0.25, ""lens"": ""pc1"", ""lens_scaling"": ""standardize"", ""min_cluster_size"": 37, ""min_samples"": 5, ""n_class"": 773, ""n_edges"": 5, ""n_intervals"": 6, ""n_vertices"": 6, ""noise_reassigned"": 712, ""placement"": ""quantile"", ""slabs"": [{""k"": 1, ""n"": 145}, {""k"": 1, ""n"": 161}, {""k"": 1, ""n"": 161}, {""k"": 1, ""n"": 161}, {""k"": 1, ""n"": 161}, {""k"": 1, ""n"": 145}]}, {""constant_lens"": false, ""gain"": 0.25, ""lens"": ""pc1"", ""lens_scaling"": ""standardize"", ""min_cluster_size"": 37, ""min_samples"": 5, ""n_class"": 712, ""n_edges"": 5, ""n_intervals"": 6, ""n_vertices"": 7, ""noise_reassigned"": 351, ""placement"": ""quantile"", ""slabs"": [{""k"": 1, ""n"": 134}, {""k"": 1, ""n"": 148}, {""k"": 1, ""n"": 148}, {""k"": 2, ""n"": 148}, {""k"": 1, ""n"": 148}, {""k"": 1, ""n"": 134}]}, {""constant_lens"": false, ""gain"": 0.25, ""lens"": ""pc1"", ""lens_scaling"": ""standardize"", ""min_cluster_size"": 37, ""min_samples"": 5, ""n_class"": 713, ""n_edges"": 5, ""n_intervals"": 6, ""n_vertices"": 6, ""noise_reassigned"": 630, ""placement"": ""quantile"", ""slabs"": [{""k"": 1, ""n"": 134}, {""k"": 1, ""n"": 149}, {""k"": 1, ""n"": 148}, {""k"": 1, ""n"": 148}, {""k"": 1, ""n"": 149}, {""k"": 1, ""n"": 134}]}, {""constant_lens"": false, ""gain"": 0.25, ""lens"": ""pc1"", ""lens_scaling"": ""standardize"", ""min_cluster_size"": 37, ""min_samples"": 5, ""n_class"": 770, ""n_edges"": 5, ""n_intervals"": 6, ""n_vertices"": 6, ""noise_reassigned"": 594, ""placement"": ""quantile"", ""slabs"": [{""k"": 1, ""n"": 145}, {""k"": 1, ""n"": 160}, {""k"": 1, ""n"": 160}, {""k"": 1, ""n"": 160}, {""k"": 1, ""n"": 160}, {""k"": 1, ""n"": 145}]}, {""constant_lens"": false, ""gain"": 0.25, ""lens"": ""pc1"", ""lens_scaling"": ""standardize"", ""min_cluster_size"": 37, ""min_samples"": 5, ""n_class"": 712, ""n_edges"": 5, ""n_intervals"": 6, ""n_vertices"": 6, ""noise_reassigned"": 554, ""placement"": ""uniform"", ""slabs"": [{""k"": 1, ""n"": 172}, {""k"": 1, ""n"": 180}, {""k"": 1, ""n"": 137}, {""k"": 1, ""n"": 85}, {""k"": 1, ""n"": 129}, {""k"": 1, ""n"": 172}]}, {""constant_lens"": false, ""gain"": 0.25, ""lens"": ""pc1"", ""lens_scaling"": ""standardize"", ""min_cluster_size"": 37, ""min_samples"": 5, ""n_class"": 712, ""n_edges"": 5, ""n_intervals"": 6, ""n_vertices"": 6, ""noise_reassigned"": 417, ""placement"": ""quantile"", ""slabs"": [{""k"": 1, ""n"": 134}, {""k"": 1, ""n"": 148}, {""k"": 1, ""n"": 148}, {""k"": 1, ""n"": 148}, {""k"": 1, ""n"": 148}, {""k"": 1, ""n"": 134}]}], ""soundness_bound_holds"": true, ""step_rule"": ""scale_free"", ""topology_retention_nerve_to_frozen"": {""beta0_frozen"": 19, ""beta0_nerve"": 11, ""beta1_frozen"": 0, ""beta1_nerve"": 0}}",True
0.9936363636363637,2473,False,0.25,0.25,,25.731454000022495,443.7431290000095,418.011674999987,penbased,0,"{""epsilon"": 0.3, ""window"": 0.2}",LVQ3,10,2473,1100,9892,0.75,2056206358,False,,True
0.990909090909091,2473,False,0.25,0.25,"{""0"": 257, ""1"": 257, ""2"": 258, ""3"": 237, ""4"": 258, ""5"": 237, ""6"": 238, ""7"": 257, ""8"": 237, ""9"": 237}",15.956372999993619,15.956372999993619,0.0,penbased,0,,KMeans,10,2473,1100,9892,0.75,2056206358,False,,True
0.9918181818181818,2473,False,0.25,0.25,"{""0"": 257, ""1"": 257, ""2"": 258, ""3"": 237, ""4"": 258, ""5"": 237, ""6"": 238, ""7"": 257, ""8"": 237, ""9"": 237}",0.0038449999992735684,0.0038449999992735684,0.0,penbased,0,,Random,10,2473,1100,9892,0.75,2056206358,False,,True
0.9963636363636363,2473,False,0.25,0.25,,3.476687000016682,3.476687000016682,0.0,penbased,0,,SPOT,10,2473,1100,9892,0.75,2056206358,False,,True
0.9454545454545454,2473,False,0.25,0.25,,521.4110449999862,521.4110449999862,0.0,penbased,0,,GLVQ,10,2473,1100,9892,0.75,2056206358,False,,True
0.9927272727272727,2473,False,0.25,0.25,,63.485467000020435,63.485467000020435,0.0,penbased,0,,GNG,10,2473,1100,9892,0.75,2056206358,False,,True
0.9927272727272727,49,False,0.00495349777598059,0.005,,0.0012519999872893095,0.0012519999872893095,0.0,penbased,1,,Full,10,9892,1100,9892,0.0,2057206361,False,,False
0.990909090909091,49,False,0.00495349777598059,0.005,,2.665826999989804,2.665826999989804,0.0,penbased,1,,RSP3,10,1070,1100,9892,0.8918317832591993,2057206361,False,,False
0.9881818181818182,49,False,0.00495349777598059,0.005,,1.1458259999926668,1.1458259999926668,0.0,penbased,1,,RHC,10,331,1100,9892,0.9665386170642943,2057206361,False,,False
0.8945454545454545,49,False,0.00495349777598059,0.005,,5.947394999995595,5.947394999995595,0.0,penbased,1,,SPINE+1NN,10,49,1100,9892,0.9950465022240194,2057206361,False,"{""admission"": {""criterion"": ""risk"", ""removed_risk"": 6, ""removed_support"": 0}, ""betti_final"": [[1, 0], [1, 1], [1, 0], [2, 0], [1, 0], [3, 0], [2, 0], [2, 0], [2, 0], [2, 0]], ""betti_frozen"": [[1, 0], [1, 1], [1, 0], [2, 0], [1, 0], [3, 0], [2, 0], [2, 0], [2, 0], [2, 0]], ""betti_nerve"": [[1, 0], [1, 1], [1, 0], [1, 0], [1, 0], [2, 0], [1, 0], [1, 0], [1, 0], [1, 0]], ""boundary_restriction"": ""both"", ""forced_removals"": 0, ""growth_representation_fallbacks"": 0, ""invariant_held"": true, ""n_segments"": 33, ""n_train_fit"": 7419, ""n_val"": 2473, ""phase0"": [{""constant_lens"": false, ""gain"": 0.25, ""lens"": ""pc1"", ""lens_scaling"": ""standardize"", ""min_cluster_size"": 37, ""min_samples"": 5, ""n_class"": 771, ""n_edges"": 5, ""n_intervals"": 6, ""n_vertices"": 6, ""noise_reassigned"": 709, ""placement"": ""quantile"", ""slabs"": [{""k"": 1, ""n"": 145}, {""k"": 1, ""n"": 160}, {""k"": 1, ""n"": 161}, {""k"": 1, ""n"": 161}, {""k"": 1, ""n"": 160}, {""k"": 1, ""n"": 145}]}, {""constant_lens"": false, ""gain"": 0.25, ""lens"": ""pc1"", ""lens_scaling"": ""standardize"", ""min_cluster_size"": 37, ""min_samples"": 5, ""n_class"": 772, ""n_edges"": 7, ""n_intervals"": 6, ""n_vertices"": 7, ""noise_reassigned"": 559, ""placement"": ""uniform"", ""slabs"": [{""k"": 1, ""n"": 112}, {""k"": 1, ""n"": 301}, {""k"": 1, ""n"": 123}, {""k"": 1, ""n"": 78}, {""k"": 2, ""n"": 189}, {""k"": 1, ""n"": 138}]}, {""constant_lens"": false, ""gain"": 0.25, ""lens"": ""pc1"", ""lens_scaling"": ""standardize"", ""min_cluster_size"": 37, ""min_samples"": 5, ""n_class"": 772, ""n_edges"": 5, ""n_intervals"": 6, ""n_vertices"": 6, ""noise_reassigned"": 685, ""placement"": ""quantile"", ""slabs"": [{""k"": 1, ""n"": 145}, {""k"": 1, ""n"": 161}, {""k"": 1, ""n"": 161}, {""k"": 1, ""n"": 161}, {""k"": 1, ""n"": 161}, {""k"": 1, ""n"": 145}]}, {""constant_lens"": false, ""gain"": 0.25, ""lens"": ""pc1"", ""lens_scaling"": ""standardize"", ""min_cluster_size"": 37, ""min_samples"": 5, ""n_class"": 712, ""n_edges"": 5, ""n_intervals"": 6, ""n_vertices"": 6, ""noise_reassigned"": 594, ""placement"": ""quantile"", ""slabs"": [{""k"": 1, ""n"": 134}, {""k"": 1, ""n"": 148}, {""k"": 1, ""n"": 148}, {""k"": 1, ""n"": 148}, {""k"": 1, ""n"": 148}, {""k"": 1, ""n"": 134}]}, {""constant_lens"": false, ""gain"": 0.25, ""lens"": ""pc1"", ""lens_scaling"": ""standardize"", ""min_cluster_size"": 37, ""min_samples"": 5, ""n_class"": 772, ""n_edges"": 5, ""n_intervals"": 6, ""n_vertices"": 6, ""noise_reassigned"": 682, ""placement"": ""quantile"", ""slabs"": [{""k"": 1, ""n"": 145}, {""k"": 1, ""n"": 161}, {""k"": 1, ""n"": 161}, {""k"": 1, ""n"": 161}, {""k"": 1, ""n"": 161}, {""k"": 1, ""n"": 145}]}, {""constant_lens"": false, ""gain"": 0.25, ""lens"": ""pc1"", ""lens_scaling"": ""standardize"", ""min_cluster_size"": 37, ""min_samples"": 5, ""n_class"": 712, ""n_edges"": 5, ""n_intervals"": 6, ""n_vertices"": 7, ""noise_reassigned"": 326, ""placement"": ""quantile"", ""slabs"": [{""k"": 1, ""n"": 134}, {""k"": 1, ""n"": 148}, {""k"": 1, ""n"": 148}, {""k"": 2, ""n"": 148}, {""k"": 1, ""n"": 148}, {""k"": 1, ""n"": 134}]}, {""constant_lens"": false, ""gain"": 0.25, ""lens"": ""pc1"", ""lens_scaling"": ""standardize"", ""min_cluster_size"": 37, ""min_samples"": 5, ""n_class"": 713, ""n_edges"": 5, ""n_intervals"": 6, ""n_vertices"": 6, ""noise_reassigned"": 638, ""placement"": ""quantile"", ""slabs"": [{""k"": 1, ""n"": 134}, {""k"": 1, ""n"": 149}, {""k"": 1, ""n"": 148}, {""k"": 1, ""n"": 148}, {""k"": 1, ""n"": 149}, {""k"": 1, ""n"": 134}]}, {""constant_lens"": false, ""gain"": 0.25, ""lens"": ""pc1"", ""lens_scaling"": ""standardize"", ""min_cluster_size"": 37, ""min_samples"": 5, ""n_class"": 772, ""n_edges"": 5, ""n_intervals"": 6, ""n_vertices"": 6, ""noise_reassigned"": 603, ""placement"": ""quantile"", ""slabs"": [{""k"": 1, ""n"": 145}, {""k"": 1, ""n"": 161}, {""k"": 1, ""n"": 161}, {""k"": 1, ""n"": 161}, {""k"": 1, ""n"": 161}, {""k"": 1, ""n"": 145}]}, {""constant_lens"": false, ""gain"": 0.25, ""lens"": ""pc1"", ""lens_scaling"": ""standardize"", ""min_cluster_size"": 37, ""min_samples"": 5, ""n_class"": 711, ""n_edges"": 5, ""n_intervals"": 6, ""n_vertices"": 6, ""noise_reassigned"": 568, ""placement"": ""uniform"", ""slabs"": [{""k"": 1, ""n"": 167}, {""k"": 1, ""n"": 183}, {""k"": 1, ""n"": 139}, {""k"": 1, ""n"": 92}, {""k"": 1, ""n"": 137}, {""k"": 1, ""n"": 159}]}, {""constant_lens"": false, ""gain"": 0.25, ""lens"": ""pc1"", ""lens_scaling"": ""standardize"", ""min_cluster_size"": 37, ""min_samples"": 5, ""n_class"": 712, ""n_edges"": 5, ""n_intervals"": 6, ""n_vertices"": 6, ""noise_reassigned"": 448, ""placement"": ""quantile"", ""slabs"": [{""k"": 1, ""n"": 134}, {""k"": 1, ""n"": 148}, {""k"": 1, ""n"": 148}, {""k"": 1, ""n"": 148}, {""k"": 1, ""n"": 148}, {""k"": 1, ""n"": 134}]}], ""soundness_bound_holds"": true, ""step_rule"": ""scale_free"", ""topology_retention_nerve_to_frozen"": {""beta0_frozen"": 17, ""beta0_nerve"": 11, ""beta1_frozen"": 1, ""beta1_nerve"": 1}}",True
0.9518181818181818,49,False,0.00495349777598059,0.005,,5.947394999995595,5.947394999995595,0.0,penbased,1,,SPINE+Graph,10,49,1100,9892,0.9950465022240194,2057206361,False,"{""admission"": {""criterion"": ""risk"", ""removed_risk"": 6, ""removed_support"": 0}, ""betti_final"": [[1, 0], [1, 1], [1, 0], [2, 0], [1, 0], [3, 0], [2, 0], [2, 0], [2, 0], [2, 0]], ""betti_frozen"": [[1, 0], [1, 1], [1, 0], [2, 0], [1, 0], [3, 0], [2, 0], [2, 0], [2, 0], [2, 0]], ""betti_nerve"": [[1, 0], [1, 1], [1, 0], [1, 0], [1, 0], [2, 0], [1, 0], [1, 0], [1, 0], [1, 0]], ""boundary_restriction"": ""both"", ""forced_removals"": 0, ""growth_representation_fallbacks"": 0, ""invariant_held"": true, ""n_segments"": 33, ""n_train_fit"": 7419, ""n_val"": 2473, ""phase0"": [{""constant_lens"": false, ""gain"": 0.25, ""lens"": ""pc1"", ""lens_scaling"": ""standardize"", ""min_cluster_size"": 37, ""min_samples"": 5, ""n_class"": 771, ""n_edges"": 5, ""n_intervals"": 6, ""n_vertices"": 6, ""noise_reassigned"": 709, ""placement"": ""quantile"", ""slabs"": [{""k"": 1, ""n"": 145}, {""k"": 1, ""n"": 160}, {""k"": 1, ""n"": 161}, {""k"": 1, ""n"": 161}, {""k"": 1, ""n"": 160}, {""k"": 1, ""n"": 145}]}, {""constant_lens"": false, ""gain"": 0.25, ""lens"": ""pc1"", ""lens_scaling"": ""standardize"", ""min_cluster_size"": 37, ""min_samples"": 5, ""n_class"": 772, ""n_edges"": 7, ""n_intervals"": 6, ""n_vertices"": 7, ""noise_reassigned"": 559, ""placement"": ""uniform"", ""slabs"": [{""k"": 1, ""n"": 112}, {""k"": 1, ""n"": 301}, {""k"": 1, ""n"": 123}, {""k"": 1, ""n"": 78}, {""k"": 2, ""n"": 189}, {""k"": 1, ""n"": 138}]}, {""constant_lens"": false, ""gain"": 0.25, ""lens"": ""pc1"", ""lens_scaling"": ""standardize"", ""min_cluster_size"": 37, ""min_samples"": 5, ""n_class"": 772, ""n_edges"": 5, ""n_intervals"": 6, ""n_vertices"": 6, ""noise_reassigned"": 685, ""placement"": ""quantile"", ""slabs"": [{""k"": 1, ""n"": 145}, {""k"": 1, ""n"": 161}, {""k"": 1, ""n"": 161}, {""k"": 1, ""n"": 161}, {""k"": 1, ""n"": 161}, {""k"": 1, ""n"": 145}]}, {""constant_lens"": false, ""gain"": 0.25, ""lens"": ""pc1"", ""lens_scaling"": ""standardize"", ""min_cluster_size"": 37, ""min_samples"": 5, ""n_class"": 712, ""n_edges"": 5, ""n_intervals"": 6, ""n_vertices"": 6, ""noise_reassigned"": 594, ""placement"": ""quantile"", ""slabs"": [{""k"": 1, ""n"": 134}, {""k"": 1, ""n"": 148}, {""k"": 1, ""n"": 148}, {""k"": 1, ""n"": 148}, {""k"": 1, ""n"": 148}, {""k"": 1, ""n"": 134}]}, {""constant_lens"": false, ""gain"": 0.25, ""lens"": ""pc1"", ""lens_scaling"": ""standardize"", ""min_cluster_size"": 37, ""min_samples"": 5, ""n_class"": 772, ""n_edges"": 5, ""n_intervals"": 6, ""n_vertices"": 6, ""noise_reassigned"": 682, ""placement"": ""quantile"", ""slabs"": [{""k"": 1, ""n"": 145}, {""k"": 1, ""n"": 161}, {""k"": 1, ""n"": 161}, {""k"": 1, ""n"": 161}, {""k"": 1, ""n"": 161}, {""k"": 1, ""n"": 145}]}, {""constant_lens"": false, ""gain"": 0.25, ""lens"": ""pc1"", ""lens_scaling"": ""standardize"", ""min_cluster_size"": 37, ""min_samples"": 5, ""n_class"": 712, ""n_edges"": 5, ""n_intervals"": 6, ""n_vertices"": 7, ""noise_reassigned"": 326, ""placement"": ""quantile"", ""slabs"": [{""k"": 1, ""n"": 134}, {""k"": 1, ""n"": 148}, {""k"": 1, ""n"": 148}, {""k"": 2, ""n"": 148}, {""k"": 1, ""n"": 148}, {""k"": 1, ""n"": 134}]}, {""constant_lens"": false, ""gain"": 0.25, ""lens"": ""pc1"", ""lens_scaling"": ""standardize"", ""min_cluster_size"": 37, ""min_samples"": 5, ""n_class"": 713, ""n_edges"": 5, ""n_intervals"": 6, ""n_vertices"": 6, ""noise_reassigned"": 638, ""placement"": ""quantile"", ""slabs"": [{""k"": 1, ""n"": 134}, {""k"": 1, ""n"": 149}, {""k"": 1, ""n"": 148}, {""k"": 1, ""n"": 148}, {""k"": 1, ""n"": 149}, {""k"": 1, ""n"": 134}]}, {""constant_lens"": false, ""gain"": 0.25, ""lens"": ""pc1"", ""lens_scaling"": ""standardize"", ""min_cluster_size"": 37, ""min_samples"": 5, ""n_class"": 772, ""n_edges"": 5, ""n_intervals"": 6, ""n_vertices"": 6, ""noise_reassigned"": 603, ""placement"": ""quantile"", ""slabs"": [{""k"": 1, ""n"": 145}, {""k"": 1, ""n"": 161}, {""k"": 1, ""n"": 161}, {""k"": 1, ""n"": 161}, {""k"": 1, ""n"": 161}, {""k"": 1, ""n"": 145}]}, {""constant_lens"": false, ""gain"": 0.25, ""lens"": ""pc1"", ""lens_scaling"": ""standardize"", ""min_cluster_size"": 37, ""min_samples"": 5, ""n_class"": 711, ""n_edges"": 5, ""n_intervals"": 6, ""n_vertices"": 6, ""noise_reassigned"": 568, ""placement"": ""uniform"", ""slabs"": [{""k"": 1, ""n"": 167}, {""k"": 1, ""n"": 183}, {""k"": 1, ""n"": 139}, {""k"": 1, ""n"": 92}, {""k"": 1, ""n"": 137}, {""k"": 1, ""n"": 159}]}, {""constant_lens"": false, ""gain"": 0.25, ""lens"": ""pc1"", ""lens_scaling"": ""standardize"", ""min_cluster_size"": 37, ""min_samples"": 5, ""n_class"": 712, ""n_edges"": 5, ""n_intervals"": 6, ""n_vertices"": 6, ""noise_reassigned"": 448, ""placement"": ""quantile"", ""slabs"": [{""k"": 1, ""n"": 134}, {""k"": 1, ""n"": 148}, {""k"": 1, ""n"": 148}, {""k"": 1, ""n"": 148}, {""k"": 1, ""n"": 148}, {""k"": 1, ""n"": 134}]}], ""soundness_bound_holds"": true, ""step_rule"": ""scale_free"", ""topology_retention_nerve_to_frozen"": {""beta0_frozen"": 17, ""beta0_nerve"": 11, ""beta1_frozen"": 1, ""beta1_nerve"": 1}}",True
0.9772727272727273,49,False,0.00495349777598059,0.005,,3.2639230000204407,60.9538660000253,57.68994300000486,penbased,1,"{""epsilon"": 0.1, ""window"": 0.2}",LVQ3,10,49,1100,9892,0.9950465022240194,2057206361,False,,True
0.9609090909090909,49,False,0.00495349777598059,0.005,"{""0"": 5, ""1"": 5, ""2"": 5, ""3"": 5, ""4"": 5, ""5"": 5, ""6"": 5, ""7"": 5, ""8"": 4, ""9"": 5}",1.783188000001246,1.783188000001246,0.0,penbased,1,,KMeans,10,49,1100,9892,0.9950465022240194,2057206361,False,,True
0.8354545454545454,49,False,0.00495349777598059,0.005,"{""0"": 5, ""1"": 5, ""2"": 5, ""3"": 5, ""4"": 5, ""5"": 5, ""6"": 5, ""7"": 5, ""8"": 4, ""9"": 5}",0.004515999986324459,0.004515999986324459,0.0,penbased,1,,Random,10,49,1100,9892,0.9950465022240194,2057206361,False,,True
0.9118181818181819,49,False,0.00495349777598059,0.005,,2.6624770000053104,2.6624770000053104,0.0,penbased,1,,SPOT,10,49,1100,9892,0.9950465022240194,2057206361,False,,True
0.9290909090909091,49,False,0.00495349777598059,0.005,,14.828424000006635,14.828424000006635,0.0,penbased,1,,GLVQ,10,49,1100,9892,0.9950465022240194,2057206361,False,,True
0.9481818181818182,49,False,0.00495349777598059,0.005,,1.412045000004582,1.412045000004582,0.0,penbased,1,,GNG,10,49,1100,9892,0.9950465022240194,2057206361,False,,True
0.9927272727272727,99,False,0.010008087343307723,0.01,,0.0012519999872893095,0.0012519999872893095,0.0,penbased,1,,Full,10,9892,1100,9892,0.0,2057206361,True,,False
0.990909090909091,99,False,0.010008087343307723,0.01,,2.665826999989804,2.665826999989804,0.0,penbased,1,,RSP3,10,1070,1100,9892,0.8918317832591993,2057206361,True,,False
0.9881818181818182,99,False,0.010008087343307723,0.01,,1.1458259999926668,1.1458259999926668,0.0,penbased,1,,RHC,10,331,1100,9892,0.9665386170642943,2057206361,True,,False
0.9536363636363636,99,False,0.010008087343307723,0.01,,7.943292999989353,7.943292999989353,0.0,penbased,1,,SPINE+1NN,10,99,1100,9892,0.9899919126566923,2057206361,False,"{""admission"": {""criterion"": ""risk"", ""removed_risk"": 6, ""removed_support"": 0}, ""betti_final"": [[1, 0], [1, 1], [1, 0], [2, 0], [1, 0], [3, 0], [2, 0], [2, 0], [2, 0], [2, 0]], ""betti_frozen"": [[1, 0], [1, 1], [1, 0], [2, 0], [1, 0], [3, 0], [2, 0], [2, 0], [2, 0], [2, 0]], ""betti_nerve"": [[1, 0], [1, 1], [1, 0], [1, 0], [1, 0], [2, 0], [1, 0], [1, 0], [1, 0], [1, 0]], ""boundary_restriction"": ""both"", ""forced_removals"": 0, ""growth_representation_fallbacks"": 4, ""invariant_held"": true, ""n_segments"": 83, ""n_train_fit"": 7419, ""n_val"": 2473, ""phase0"": [{""constant_lens"": false, ""gain"": 0.25, ""lens"": ""pc1"", ""lens_scaling"": ""standardize"", ""min_cluster_size"": 37, ""min_samples"": 5, ""n_class"": 771, ""n_edges"": 5, ""n_intervals"": 6, ""n_vertices"": 6, ""noise_reassigned"": 709, ""placement"": ""quantile"", ""slabs"": [{""k"": 1, ""n"": 145}, {""k"": 1, ""n"": 160}, {""k"": 1, ""n"": 161}, {""k"": 1, ""n"": 161}, {""k"": 1, ""n"": 160}, {""k"": 1, ""n"": 145}]}, {""constant_lens"": false, ""gain"": 0.25, ""lens"": ""pc1"", ""lens_scaling"": ""standardize"", ""min_cluster_size"": 37, ""min_samples"": 5, ""n_class"": 772, ""n_edges"": 7, ""n_intervals"": 6, ""n_vertices"": 7, ""noise_reassigned"": 559, ""placement"": ""uniform"", ""slabs"": [{""k"": 1, ""n"": 112}, {""k"": 1, ""n"": 301}, {""k"": 1, ""n"": 123}, {""k"": 1, ""n"": 78}, {""k"": 2, ""n"": 189}, {""k"": 1, ""n"": 138}]}, {""constant_lens"": false, ""gain"": 0.25, ""lens"": ""pc1"", ""lens_scaling"": ""standardize"", ""min_cluster_size"": 37, ""min_samples"": 5, ""n_class"": 772, ""n_edges"": 5, ""n_intervals"": 6, ""n_vertices"": 6, ""noise_reassigned"": 685, ""placement"": ""quantile"", ""slabs"": [{""k"": 1, ""n"": 145}, {""k"": 1, ""n"": 161}, {""k"": 1, ""n"": 161}, {""k"": 1, ""n"": 161}, {""k"": 1, ""n"": 161}, {""k"": 1, ""n"": 145}]}, {""constant_lens"": false, ""gain"": 0.25, ""lens"": ""pc1"", ""lens_scaling"": ""standardize"", ""min_cluster_size"": 37, ""min_samples"": 5, ""n_class"": 712, ""n_edges"": 5, ""n_intervals"": 6, ""n_vertices"": 6, ""noise_reassigned"": 594, ""placement"": ""quantile"", ""slabs"": [{""k"": 1, ""n"": 134}, {""k"": 1, ""n"": 148}, {""k"": 1, ""n"": 148}, {""k"": 1, ""n"": 148}, {""k"": 1, ""n"": 148}, {""k"": 1, ""n"": 134}]}, {""constant_lens"": false, ""gain"": 0.25, ""lens"": ""pc1"", ""lens_scaling"": ""standardize"", ""min_cluster_size"": 37, ""min_samples"": 5, ""n_class"": 772, ""n_edges"": 5, ""n_intervals"": 6, ""n_vertices"": 6, ""noise_reassigned"": 682, ""placement"": ""quantile"", ""slabs"": [{""k"": 1, ""n"": 145}, {""k"": 1, ""n"": 161}, {""k"": 1, ""n"": 161}, {""k"": 1, ""n"": 161}, {""k"": 1, ""n"": 161}, {""k"": 1, ""n"": 145}]}, {""constant_lens"": false, ""gain"": 0.25, ""lens"": ""pc1"", ""lens_scaling"": ""standardize"", ""min_cluster_size"": 37, ""min_samples"": 5, ""n_class"": 712, ""n_edges"": 5, ""n_intervals"": 6, ""n_vertices"": 7, ""noise_reassigned"": 326, ""placement"": ""quantile"", ""slabs"": [{""k"": 1, ""n"": 134}, {""k"": 1, ""n"": 148}, {""k"": 1, ""n"": 148}, {""k"": 2, ""n"": 148}, {""k"": 1, ""n"": 148}, {""k"": 1, ""n"": 134}]}, {""constant_lens"": false, ""gain"": 0.25, ""lens"": ""pc1"", ""lens_scaling"": ""standardize"", ""min_cluster_size"": 37, ""min_samples"": 5, ""n_class"": 713, ""n_edges"": 5, ""n_intervals"": 6, ""n_vertices"": 6, ""noise_reassigned"": 638, ""placement"": ""quantile"", ""slabs"": [{""k"": 1, ""n"": 134}, {""k"": 1, ""n"": 149}, {""k"": 1, ""n"": 148}, {""k"": 1, ""n"": 148}, {""k"": 1, ""n"": 149}, {""k"": 1, ""n"": 134}]}, {""constant_lens"": false, ""gain"": 0.25, ""lens"": ""pc1"", ""lens_scaling"": ""standardize"", ""min_cluster_size"": 37, ""min_samples"": 5, ""n_class"": 772, ""n_edges"": 5, ""n_intervals"": 6, ""n_vertices"": 6, ""noise_reassigned"": 603, ""placement"": ""quantile"", ""slabs"": [{""k"": 1, ""n"": 145}, {""k"": 1, ""n"": 161}, {""k"": 1, ""n"": 161}, {""k"": 1, ""n"": 161}, {""k"": 1, ""n"": 161}, {""k"": 1, ""n"": 145}]}, {""constant_lens"": false, ""gain"": 0.25, ""lens"": ""pc1"", ""lens_scaling"": ""standardize"", ""min_cluster_size"": 37, ""min_samples"": 5, ""n_class"": 711, ""n_edges"": 5, ""n_intervals"": 6, ""n_vertices"": 6, ""noise_reassigned"": 568, ""placement"": ""uniform"", ""slabs"": [{""k"": 1, ""n"": 167}, {""k"": 1, ""n"": 183}, {""k"": 1, ""n"": 139}, {""k"": 1, ""n"": 92}, {""k"": 1, ""n"": 137}, {""k"": 1, ""n"": 159}]}, {""constant_lens"": false, ""gain"": 0.25, ""lens"": ""pc1"", ""lens_scaling"": ""standardize"", ""min_cluster_size"": 37, ""min_samples"": 5, ""n_class"": 712, ""n_edges"": 5, ""n_intervals"": 6, ""n_vertices"": 6, ""noise_reassigned"": 448, ""placement"": ""quantile"", ""slabs"": [{""k"": 1, ""n"": 134}, {""k"": 1, ""n"": 148}, {""k"": 1, ""n"": 148}, {""k"": 1, ""n"": 148}, {""k"": 1, ""n"": 148}, {""k"": 1, ""n"": 134}]}], ""soundness_bound_holds"": true, ""step_rule"": ""scale_free"", ""topology_retention_nerve_to_frozen"": {""beta0_frozen"": 17, ""beta0_nerve"": 11, ""beta1_frozen"": 1, ""beta1_nerve"": 1}}",True
0.96,99,False,0.010008087343307723,0.01,,7.943292999989353,7.943292999989353,0.0,penbased,1,,SPINE+Graph,10,99,1100,9892,0.9899919126566923,2057206361,False,"{""admission"": {""criterion"": ""risk"", ""removed_risk"": 6, ""removed_support"": 0}, ""betti_final"": [[1, 0], [1, 1], [1, 0], [2, 0], [1, 0], [3, 0], [2, 0], [2, 0], [2, 0], [2, 0]], ""betti_frozen"": [[1, 0], [1, 1], [1, 0], [2, 0], [1, 0], [3, 0], [2, 0], [2, 0], [2, 0], [2, 0]], ""betti_nerve"": [[1, 0], [1, 1], [1, 0], [1, 0], [1, 0], [2, 0], [1, 0], [1, 0], [1, 0], [1, 0]], ""boundary_restriction"": ""both"", ""forced_removals"": 0, ""growth_representation_fallbacks"": 4, ""invariant_held"": true, ""n_segments"": 83, ""n_train_fit"": 7419, ""n_val"": 2473, ""phase0"": [{""constant_lens"": false, ""gain"": 0.25, ""lens"": ""pc1"", ""lens_scaling"": ""standardize"", ""min_cluster_size"": 37, ""min_samples"": 5, ""n_class"": 771, ""n_edges"": 5, ""n_intervals"": 6, ""n_vertices"": 6, ""noise_reassigned"": 709, ""placement"": ""quantile"", ""slabs"": [{""k"": 1, ""n"": 145}, {""k"": 1, ""n"": 160}, {""k"": 1, ""n"": 161}, {""k"": 1, ""n"": 161}, {""k"": 1, ""n"": 160}, {""k"": 1, ""n"": 145}]}, {""constant_lens"": false, ""gain"": 0.25, ""lens"": ""pc1"", ""lens_scaling"": ""standardize"", ""min_cluster_size"": 37, ""min_samples"": 5, ""n_class"": 772, ""n_edges"": 7, ""n_intervals"": 6, ""n_vertices"": 7, ""noise_reassigned"": 559, ""placement"": ""uniform"", ""slabs"": [{""k"": 1, ""n"": 112}, {""k"": 1, ""n"": 301}, {""k"": 1, ""n"": 123}, {""k"": 1, ""n"": 78}, {""k"": 2, ""n"": 189}, {""k"": 1, ""n"": 138}]}, {""constant_lens"": false, ""gain"": 0.25, ""lens"": ""pc1"", ""lens_scaling"": ""standardize"", ""min_cluster_size"": 37, ""min_samples"": 5, ""n_class"": 772, ""n_edges"": 5, ""n_intervals"": 6, ""n_vertices"": 6, ""noise_reassigned"": 685, ""placement"": ""quantile"", ""slabs"": [{""k"": 1, ""n"": 145}, {""k"": 1, ""n"": 161}, {""k"": 1, ""n"": 161}, {""k"": 1, ""n"": 161}, {""k"": 1, ""n"": 161}, {""k"": 1, ""n"": 145}]}, {""constant_lens"": false, ""gain"": 0.25, ""lens"": ""pc1"", ""lens_scaling"": ""standardize"", ""min_cluster_size"": 37, ""min_samples"": 5, ""n_class"": 712, ""n_edges"": 5, ""n_intervals"": 6, ""n_vertices"": 6, ""noise_reassigned"": 594, ""placement"": ""quantile"", ""slabs"": [{""k"": 1, ""n"": 134}, {""k"": 1, ""n"": 148}, {""k"": 1, ""n"": 148}, {""k"": 1, ""n"": 148}, {""k"": 1, ""n"": 148}, {""k"": 1, ""n"": 134}]}, {""constant_lens"": false, ""gain"": 0.25, ""lens"": ""pc1"", ""lens_scaling"": ""standardize"", ""min_cluster_size"": 37, ""min_samples"": 5, ""n_class"": 772, ""n_edges"": 5, ""n_intervals"": 6, ""n_vertices"": 6, ""noise_reassigned"": 682, ""placement"": ""quantile"", ""slabs"": [{""k"": 1, ""n"": 145}, {""k"": 1, ""n"": 161}, {""k"": 1, ""n"": 161}, {""k"": 1, ""n"": 161}, {""k"": 1, ""n"": 161}, {""k"": 1, ""n"": 145}]}, {""constant_lens"": false, ""gain"": 0.25, ""lens"": ""pc1"", ""lens_scaling"": ""standardize"", ""min_cluster_size"": 37, ""min_samples"": 5, ""n_class"": 712, ""n_edges"": 5, ""n_intervals"": 6, ""n_vertices"": 7, ""noise_reassigned"": 326, ""placement"": ""quantile"", ""slabs"": [{""k"": 1, ""n"": 134}, {""k"": 1, ""n"": 148}, {""k"": 1, ""n"": 148}, {""k"": 2, ""n"": 148}, {""k"": 1, ""n"": 148}, {""k"": 1, ""n"": 134}]}, {""constant_lens"": false, ""gain"": 0.25, ""lens"": ""pc1"", ""lens_scaling"": ""standardize"", ""min_cluster_size"": 37, ""min_samples"": 5, ""n_class"": 713, ""n_edges"": 5, ""n_intervals"": 6, ""n_vertices"": 6, ""noise_reassigned"": 638, ""placement"": ""quantile"", ""slabs"": [{""k"": 1, ""n"": 134}, {""k"": 1, ""n"": 149}, {""k"": 1, ""n"": 148}, {""k"": 1, ""n"": 148}, {""k"": 1, ""n"": 149}, {""k"": 1, ""n"": 134}]}, {""constant_lens"": false, ""gain"": 0.25, ""lens"": ""pc1"", ""lens_scaling"": ""standardize"", ""min_cluster_size"": 37, ""min_samples"": 5, ""n_class"": 772, ""n_edges"": 5, ""n_intervals"": 6, ""n_vertices"": 6, ""noise_reassigned"": 603, ""placement"": ""quantile"", ""slabs"": [{""k"": 1, ""n"": 145}, {""k"": 1, ""n"": 161}, {""k"": 1, ""n"": 161}, {""k"": 1, ""n"": 161}, {""k"": 1, ""n"": 161}, {""k"": 1, ""n"": 145}]}, {""constant_lens"": false, ""gain"": 0.25, ""lens"": ""pc1"", ""lens_scaling"": ""standardize"", ""min_cluster_size"": 37, ""min_samples"": 5, ""n_class"": 711, ""n_edges"": 5, ""n_intervals"": 6, ""n_vertices"": 6, ""noise_reassigned"": 568, ""placement"": ""uniform"", ""slabs"": [{""k"": 1, ""n"": 167}, {""k"": 1, ""n"": 183}, {""k"": 1, ""n"": 139}, {""k"": 1, ""n"": 92}, {""k"": 1, ""n"": 137}, {""k"": 1, ""n"": 159}]}, {""constant_lens"": false, ""gain"": 0.25, ""lens"": ""pc1"", ""lens_scaling"": ""standardize"", ""min_cluster_size"": 37, ""min_samples"": 5, ""n_class"": 712, ""n_edges"": 5, ""n_intervals"": 6, ""n_vertices"": 6, ""noise_reassigned"": 448, ""placement"": ""quantile"", ""slabs"": [{""k"": 1, ""n"": 134}, {""k"": 1, ""n"": 148}, {""k"": 1, ""n"": 148}, {""k"": 1, ""n"": 148}, {""k"": 1, ""n"": 148}, {""k"": 1, ""n"": 134}]}], ""soundness_bound_holds"": true, ""step_rule"": ""scale_free"", ""topology_retention_nerve_to_frozen"": {""beta0_frozen"": 17, ""beta0_nerve"": 11, ""beta1_frozen"": 1, ""beta1_nerve"": 1}}",True
0.9709090909090909,99,False,0.010008087343307723,0.01,,3.8425739999802317,69.49184299999615,65.64926900001592,penbased,1,"{""epsilon"": 0.1, ""window"": 0.2}",LVQ3,10,99,1100,9892,0.9899919126566923,2057206361,False,,True
0.9781818181818182,99,False,0.010008087343307723,0.01,"{""0"": 10, ""1"": 10, ""2"": 10, ""3"": 10, ""4"": 10, ""5"": 10, ""6"": 10, ""7"": 10, ""8"": 9, ""9"": 10}",2.312502000015229,2.312502000015229,0.0,penbased,1,,KMeans,10,99,1100,9892,0.9899919126566923,2057206361,False,,True
0.8945454545454545,99,False,0.010008087343307723,0.01,"{""0"": 10, ""1"": 10, ""2"": 10, ""3"": 10, ""4"": 10, ""5"": 10, ""6"": 10, ""7"": 10, ""8"": 9, ""9"": 10}",0.002646999986609444,0.002646999986609444,0.0,penbased,1,,Random,10,99,1100,9892,0.9899919126566923,2057206361,False,,True
0.9572727272727273,99,False,0.010008087343307723,0.01,,2.857522999984212,2.857522999984212,0.0,penbased,1,,SPOT,10,99,1100,9892,0.9899919126566923,2057206361,False,,True
0.9345454545454546,99,False,0.010008087343307723,0.01,,25.112351999996463,25.112351999996463,0.0,penbased,1,,GLVQ,10,99,1100,9892,0.9899919126566923,2057206361,False,,True
0.9690909090909091,99,False,0.010008087343307723,0.01,,1.7372590000159107,1.7372590000159107,0.0,penbased,1,,GNG,10,99,1100,9892,0.9899919126566923,2057206361,False,,True
0.9927272727272727,198,False,0.020016174686615446,0.02,,0.0012519999872893095,0.0012519999872893095,0.0,penbased,1,,Full,10,9892,1100,9892,0.0,2057206361,True,,False
0.990909090909091,198,False,0.020016174686615446,0.02,,2.665826999989804,2.665826999989804,0.0,penbased,1,,RSP3,10,1070,1100,9892,0.8918317832591993,2057206361,True,,False
0.9881818181818182,198,False,0.020016174686615446,0.02,,1.1458259999926668,1.1458259999926668,0.0,penbased,1,,RHC,10,331,1100,9892,0.9665386170642943,2057206361,True,,False
0.96,198,False,0.020016174686615446,0.02,,9.455934999976307,9.455934999976307,0.0,penbased,1,,SPINE+1NN,10,198,1100,9892,0.9799838253133846,2057206361,False,"{""admission"": {""criterion"": ""risk"", ""removed_risk"": 6, ""removed_support"": 0}, ""betti_final"": [[1, 0], [1, 1], [1, 0], [2, 0], [1, 0], [3, 0], [2, 0], [2, 0], [2, 0], [2, 0]], ""betti_frozen"": [[1, 0], [1, 1], [1, 0], [2, 0], [1, 0], [3, 0], [2, 0], [2, 0], [2, 0], [2, 0]], ""betti_nerve"": [[1, 0], [1, 1], [1, 0], [1, 0], [1, 0], [2, 0], [1, 0], [1, 0], [1, 0], [1, 0]], ""boundary_restriction"": ""both"", ""forced_removals"": 0, ""growth_representation_fallbacks"": 51, ""invariant_held"": true, ""n_segments"": 182, ""n_train_fit"": 7419, ""n_val"": 2473, ""phase0"": [{""constant_lens"": false, ""gain"": 0.25, ""lens"": ""pc1"", ""lens_scaling"": ""standardize"", ""min_cluster_size"": 37, ""min_samples"": 5, ""n_class"": 771, ""n_edges"": 5, ""n_intervals"": 6, ""n_vertices"": 6, ""noise_reassigned"": 709, ""placement"": ""quantile"", ""slabs"": [{""k"": 1, ""n"": 145}, {""k"": 1, ""n"": 160}, {""k"": 1, ""n"": 161}, {""k"": 1, ""n"": 161}, {""k"": 1, ""n"": 160}, {""k"": 1, ""n"": 145}]}, {""constant_lens"": false, ""gain"": 0.25, ""lens"": ""pc1"", ""lens_scaling"": ""standardize"", ""min_cluster_size"": 37, ""min_samples"": 5, ""n_class"": 772, ""n_edges"": 7, ""n_intervals"": 6, ""n_vertices"": 7, ""noise_reassigned"": 559, ""placement"": ""uniform"", ""slabs"": [{""k"": 1, ""n"": 112}, {""k"": 1, ""n"": 301}, {""k"": 1, ""n"": 123}, {""k"": 1, ""n"": 78}, {""k"": 2, ""n"": 189}, {""k"": 1, ""n"": 138}]}, {""constant_lens"": false, ""gain"": 0.25, ""lens"": ""pc1"", ""lens_scaling"": ""standardize"", ""min_cluster_size"": 37, ""min_samples"": 5, ""n_class"": 772, ""n_edges"": 5, ""n_intervals"": 6, ""n_vertices"": 6, ""noise_reassigned"": 685, ""placement"": ""quantile"", ""slabs"": [{""k"": 1, ""n"": 145}, {""k"": 1, ""n"": 161}, {""k"": 1, ""n"": 161}, {""k"": 1, ""n"": 161}, {""k"": 1, ""n"": 161}, {""k"": 1, ""n"": 145}]}, {""constant_lens"": false, ""gain"": 0.25, ""lens"": ""pc1"", ""lens_scaling"": ""standardize"", ""min_cluster_size"": 37, ""min_samples"": 5, ""n_class"": 712, ""n_edges"": 5, ""n_intervals"": 6, ""n_vertices"": 6, ""noise_reassigned"": 594, ""placement"": ""quantile"", ""slabs"": [{""k"": 1, ""n"": 134}, {""k"": 1, ""n"": 148}, {""k"": 1, ""n"": 148}, {""k"": 1, ""n"": 148}, {""k"": 1, ""n"": 148}, {""k"": 1, ""n"": 134}]}, {""constant_lens"": false, ""gain"": 0.25, ""lens"": ""pc1"", ""lens_scaling"": ""standardize"", ""min_cluster_size"": 37, ""min_samples"": 5, ""n_class"": 772, ""n_edges"": 5, ""n_intervals"": 6, ""n_vertices"": 6, ""noise_reassigned"": 682, ""placement"": ""quantile"", ""slabs"": [{""k"": 1, ""n"": 145}, {""k"": 1, ""n"": 161}, {""k"": 1, ""n"": 161}, {""k"": 1, ""n"": 161}, {""k"": 1, ""n"": 161}, {""k"": 1, ""n"": 145}]}, {""constant_lens"": false, ""gain"": 0.25, ""lens"": ""pc1"", ""lens_scaling"": ""standardize"", ""min_cluster_size"": 37, ""min_samples"": 5, ""n_class"": 712, ""n_edges"": 5, ""n_intervals"": 6, ""n_vertices"": 7, ""noise_reassigned"": 326, ""placement"": ""quantile"", ""slabs"": [{""k"": 1, ""n"": 134}, {""k"": 1, ""n"": 148}, {""k"": 1, ""n"": 148}, {""k"": 2, ""n"": 148}, {""k"": 1, ""n"": 148}, {""k"": 1, ""n"": 134}]}, {""constant_lens"": false, ""gain"": 0.25, ""lens"": ""pc1"", ""lens_scaling"": ""standardize"", ""min_cluster_size"": 37, ""min_samples"": 5, ""n_class"": 713, ""n_edges"": 5, ""n_intervals"": 6, ""n_vertices"": 6, ""noise_reassigned"": 638, ""placement"": ""quantile"", ""slabs"": [{""k"": 1, ""n"": 134}, {""k"": 1, ""n"": 149}, {""k"": 1, ""n"": 148}, {""k"": 1, ""n"": 148}, {""k"": 1, ""n"": 149}, {""k"": 1, ""n"": 134}]}, {""constant_lens"": false, ""gain"": 0.25, ""lens"": ""pc1"", ""lens_scaling"": ""standardize"", ""min_cluster_size"": 37, ""min_samples"": 5, ""n_class"": 772, ""n_edges"": 5, ""n_intervals"": 6, ""n_vertices"": 6, ""noise_reassigned"": 603, ""placement"": ""quantile"", ""slabs"": [{""k"": 1, ""n"": 145}, {""k"": 1, ""n"": 161}, {""k"": 1, ""n"": 161}, {""k"": 1, ""n"": 161}, {""k"": 1, ""n"": 161}, {""k"": 1, ""n"": 145}]}, {""constant_lens"": false, ""gain"": 0.25, ""lens"": ""pc1"", ""lens_scaling"": ""standardize"", ""min_cluster_size"": 37, ""min_samples"": 5, ""n_class"": 711, ""n_edges"": 5, ""n_intervals"": 6, ""n_vertices"": 6, ""noise_reassigned"": 568, ""placement"": ""uniform"", ""slabs"": [{""k"": 1, ""n"": 167}, {""k"": 1, ""n"": 183}, {""k"": 1, ""n"": 139}, {""k"": 1, ""n"": 92}, {""k"": 1, ""n"": 137}, {""k"": 1, ""n"": 159}]}, {""constant_lens"": false, ""gain"": 0.25, ""lens"": ""pc1"", ""lens_scaling"": ""standardize"", ""min_cluster_size"": 37, ""min_samples"": 5, ""n_class"": 712, ""n_edges"": 5, ""n_intervals"": 6, ""n_vertices"": 6, ""noise_reassigned"": 448, ""placement"": ""quantile"", ""slabs"": [{""k"": 1, ""n"": 134}, {""k"": 1, ""n"": 148}, {""k"": 1, ""n"": 148}, {""k"": 1, ""n"": 148}, {""k"": 1, ""n"": 148}, {""k"": 1, ""n"": 134}]}], ""soundness_bound_holds"": true, ""step_rule"": ""scale_free"", ""topology_retention_nerve_to_frozen"": {""beta0_frozen"": 17, ""beta0_nerve"": 11, ""beta1_frozen"": 1, ""beta1_nerve"": 1}}",True
0.9654545454545455,198,False,0.020016174686615446,0.02,,9.455934999976307,9.455934999976307,0.0,penbased,1,,SPINE+Graph,10,198,1100,9892,0.9799838253133846,2057206361,False,"{""admission"": {""criterion"": ""risk"", ""removed_risk"": 6, ""removed_support"": 0}, ""betti_final"": [[1, 0], [1, 1], [1, 0], [2, 0], [1, 0], [3, 0], [2, 0], [2, 0], [2, 0], [2, 0]], ""betti_frozen"": [[1, 0], [1, 1], [1, 0], [2, 0], [1, 0], [3, 0], [2, 0], [2, 0], [2, 0], [2, 0]], ""betti_nerve"": [[1, 0], [1, 1], [1, 0], [1, 0], [1, 0], [2, 0], [1, 0], [1, 0], [1, 0], [1, 0]], ""boundary_restriction"": ""both"", ""forced_removals"": 0, ""growth_representation_fallbacks"": 51, ""invariant_held"": true, ""n_segments"": 182, ""n_train_fit"": 7419, ""n_val"": 2473, ""phase0"": [{""constant_lens"": false, ""gain"": 0.25, ""lens"": ""pc1"", ""lens_scaling"": ""standardize"", ""min_cluster_size"": 37, ""min_samples"": 5, ""n_class"": 771, ""n_edges"": 5, ""n_intervals"": 6, ""n_vertices"": 6, ""noise_reassigned"": 709, ""placement"": ""quantile"", ""slabs"": [{""k"": 1, ""n"": 145}, {""k"": 1, ""n"": 160}, {""k"": 1, ""n"": 161}, {""k"": 1, ""n"": 161}, {""k"": 1, ""n"": 160}, {""k"": 1, ""n"": 145}]}, {""constant_lens"": false, ""gain"": 0.25, ""lens"": ""pc1"", ""lens_scaling"": ""standardize"", ""min_cluster_size"": 37, ""min_samples"": 5, ""n_class"": 772, ""n_edges"": 7, ""n_intervals"": 6, ""n_vertices"": 7, ""noise_reassigned"": 559, ""placement"": ""uniform"", ""slabs"": [{""k"": 1, ""n"": 112}, {""k"": 1, ""n"": 301}, {""k"": 1, ""n"": 123}, {""k"": 1, ""n"": 78}, {""k"": 2, ""n"": 189}, {""k"": 1, ""n"": 138}]}, {""constant_lens"": false, ""gain"": 0.25, ""lens"": ""pc1"", ""lens_scaling"": ""standardize"", ""min_cluster_size"": 37, ""min_samples"": 5, ""n_class"": 772, ""n_edges"": 5, ""n_intervals"": 6, ""n_vertices"": 6, ""noise_reassigned"": 685, ""placement"": ""quantile"", ""slabs"": [{""k"": 1, ""n"": 145}, {""k"": 1, ""n"": 161}, {""k"": 1, ""n"": 161}, {""k"": 1, ""n"": 161}, {""k"": 1, ""n"": 161}, {""k"": 1, ""n"": 145}]}, {""constant_lens"": false, ""gain"": 0.25, ""lens"": ""pc1"", ""lens_scaling"": ""standardize"", ""min_cluster_size"": 37, ""min_samples"": 5, ""n_class"": 712, ""n_edges"": 5, ""n_intervals"": 6, ""n_vertices"": 6, ""noise_reassigned"": 594, ""placement"": ""quantile"", ""slabs"": [{""k"": 1, ""n"": 134}, {""k"": 1, ""n"": 148}, {""k"": 1, ""n"": 148}, {""k"": 1, ""n"": 148}, {""k"": 1, ""n"": 148}, {""k"": 1, ""n"": 134}]}, {""constant_lens"": false, ""gain"": 0.25, ""lens"": ""pc1"", ""lens_scaling"": ""standardize"", ""min_cluster_size"": 37, ""min_samples"": 5, ""n_class"": 772, ""n_edges"": 5, ""n_intervals"": 6, ""n_vertices"": 6, ""noise_reassigned"": 682, ""placement"": ""quantile"", ""slabs"": [{""k"": 1, ""n"": 145}, {""k"": 1, ""n"": 161}, {""k"": 1, ""n"": 161}, {""k"": 1, ""n"": 161}, {""k"": 1, ""n"": 161}, {""k"": 1, ""n"": 145}]}, {""constant_lens"": false, ""gain"": 0.25, ""lens"": ""pc1"", ""lens_scaling"": ""standardize"", ""min_cluster_size"": 37, ""min_samples"": 5, ""n_class"": 712, ""n_edges"": 5, ""n_intervals"": 6, ""n_vertices"": 7, ""noise_reassigned"": 326, ""placement"": ""quantile"", ""slabs"": [{""k"": 1, ""n"": 134}, {""k"": 1, ""n"": 148}, {""k"": 1, ""n"": 148}, {""k"": 2, ""n"": 148}, {""k"": 1, ""n"": 148}, {""k"": 1, ""n"": 134}]}, {""constant_lens"": false, ""gain"": 0.25, ""lens"": ""pc1"", ""lens_scaling"": ""standardize"", ""min_cluster_size"": 37, ""min_samples"": 5, ""n_class"": 713, ""n_edges"": 5, ""n_intervals"": 6, ""n_vertices"": 6, ""noise_reassigned"": 638, ""placement"": ""quantile"", ""slabs"": [{""k"": 1, ""n"": 134}, {""k"": 1, ""n"": 149}, {""k"": 1, ""n"": 148}, {""k"": 1, ""n"": 148}, {""k"": 1, ""n"": 149}, {""k"": 1, ""n"": 134}]}, {""constant_lens"": false, ""gain"": 0.25, ""lens"": ""pc1"", ""lens_scaling"": ""standardize"", ""min_cluster_size"": 37, ""min_samples"": 5, ""n_class"": 772, ""n_edges"": 5, ""n_intervals"": 6, ""n_vertices"": 6, ""noise_reassigned"": 603, ""placement"": ""quantile"", ""slabs"": [{""k"": 1, ""n"": 145}, {""k"": 1, ""n"": 161}, {""k"": 1, ""n"": 161}, {""k"": 1, ""n"": 161}, {""k"": 1, ""n"": 161}, {""k"": 1, ""n"": 145}]}, {""constant_lens"": false, ""gain"": 0.25, ""lens"": ""pc1"", ""lens_scaling"": ""standardize"", ""min_cluster_size"": 37, ""min_samples"": 5, ""n_class"": 711, ""n_edges"": 5, ""n_intervals"": 6, ""n_vertices"": 6, ""noise_reassigned"": 568, ""placement"": ""uniform"", ""slabs"": [{""k"": 1, ""n"": 167}, {""k"": 1, ""n"": 183}, {""k"": 1, ""n"": 139}, {""k"": 1, ""n"": 92}, {""k"": 1, ""n"": 137}, {""k"": 1, ""n"": 159}]}, {""constant_lens"": false, ""gain"": 0.25, ""lens"": ""pc1"", ""lens_scaling"": ""standardize"", ""min_cluster_size"": 37, ""min_samples"": 5, ""n_class"": 712, ""n_edges"": 5, ""n_intervals"": 6, ""n_vertices"": 6, ""noise_reassigned"": 448, ""placement"": ""quantile"", ""slabs"": [{""k"": 1, ""n"": 134}, {""k"": 1, ""n"": 148}, {""k"": 1, ""n"": 148}, {""k"": 1, ""n"": 148}, {""k"": 1, ""n"": 148}, {""k"": 1, ""n"": 134}]}], ""soundness_bound_holds"": true, ""step_rule"": ""scale_free"", ""topology_retention_nerve_to_frozen"": {""beta0_frozen"": 17, ""beta0_nerve"": 11, ""beta1_frozen"": 1, ""beta1_nerve"": 1}}",True
0.9772727272727273,198,False,0.020016174686615446,0.02,,4.693724000011571,85.2597620000015,80.56603799998993,penbased,1,"{""epsilon"": 0.1, ""window"": 0.2}",LVQ3,10,198,1100,9892,0.9799838253133846,2057206361,False,,True
0.9881818181818182,198,False,0.020016174686615446,0.02,"{""0"": 20, ""1"": 21, ""2"": 21, ""3"": 19, ""4"": 21, ""5"": 19, ""6"": 19, ""7"": 20, ""8"": 19, ""9"": 19}",3.6395180000108667,3.6395180000108667,0.0,penbased,1,,KMeans,10,198,1100,9892,0.9799838253133846,2057206361,False,,True
0.9381818181818182,198,False,0.020016174686615446,0.02,"{""0"": 20, ""1"": 21, ""2"": 21, ""3"": 19, ""4"": 21, ""5"": 19, ""6"": 19, ""7"": 20, ""8"": 19, ""9"": 19}",0.0026829999987967312,0.0026829999987967312,0.0,penbased,1,,Random,10,198,1100,9892,0.9799838253133846,2057206361,False,,True
0.9736363636363636,198,False,0.020016174686615446,0.02,,2.9594239999714773,2.9594239999714773,0.0,penbased,1,,SPOT,10,198,1100,9892,0.9799838253133846,2057206361,False,,True
0.9372727272727273,198,False,0.020016174686615446,0.02,,45.503307000006316,45.503307000006316,0.0,penbased,1,,GLVQ,10,198,1100,9892,0.9799838253133846,2057206361,False,,True
0.9818181818181818,198,False,0.020016174686615446,0.02,,2.3440799999807496,2.3440799999807496,0.0,penbased,1,,GNG,10,198,1100,9892,0.9799838253133846,2057206361,False,,True
0.9927272727272727,495,False,0.050040436716538614,0.05,,0.0012519999872893095,0.0012519999872893095,0.0,penbased,1,,Full,10,9892,1100,9892,0.0,2057206361,True,,False
0.990909090909091,495,False,0.050040436716538614,0.05,,2.665826999989804,2.665826999989804,0.0,penbased,1,,RSP3,10,1070,1100,9892,0.8918317832591993,2057206361,True,,False
0.9881818181818182,495,False,0.050040436716538614,0.05,,1.1458259999926668,1.1458259999926668,0.0,penbased,1,,RHC,10,331,1100,9892,0.9665386170642943,2057206361,True,,False
0.9736363636363636,495,False,0.050040436716538614,0.05,,12.26400100000319,12.26400100000319,0.0,penbased,1,,SPINE+1NN,10,495,1100,9892,0.9499595632834614,2057206361,False,"{""admission"": {""criterion"": ""risk"", ""removed_risk"": 6, ""removed_support"": 0}, ""betti_final"": [[1, 0], [1, 1], [1, 0], [2, 0], [1, 0], [3, 0], [2, 0], [2, 0], [2, 0], [2, 0]], ""betti_frozen"": [[1, 0], [1, 1], [1, 0], [2, 0], [1, 0], [3, 0], [2, 0], [2, 0], [2, 0], [2, 0]], ""betti_nerve"": [[1, 0], [1, 1], [1, 0], [1, 0], [1, 0], [2, 0], [1, 0], [1, 0], [1, 0], [1, 0]], ""boundary_restriction"": ""both"", ""forced_removals"": 0, ""growth_representation_fallbacks"": 387, ""invariant_held"": true, ""n_segments"": 479, ""n_train_fit"": 7419, ""n_val"": 2473, ""phase0"": [{""constant_lens"": false, ""gain"": 0.25, ""lens"": ""pc1"", ""lens_scaling"": ""standardize"", ""min_cluster_size"": 37, ""min_samples"": 5, ""n_class"": 771, ""n_edges"": 5, ""n_intervals"": 6, ""n_vertices"": 6, ""noise_reassigned"": 709, ""placement"": ""quantile"", ""slabs"": [{""k"": 1, ""n"": 145}, {""k"": 1, ""n"": 160}, {""k"": 1, ""n"": 161}, {""k"": 1, ""n"": 161}, {""k"": 1, ""n"": 160}, {""k"": 1, ""n"": 145}]}, {""constant_lens"": false, ""gain"": 0.25, ""lens"": ""pc1"", ""lens_scaling"": ""standardize"", ""min_cluster_size"": 37, ""min_samples"": 5, ""n_class"": 772, ""n_edges"": 7, ""n_intervals"": 6, ""n_vertices"": 7, ""noise_reassigned"": 559, ""placement"": ""uniform"", ""slabs"": [{""k"": 1, ""n"": 112}, {""k"": 1, ""n"": 301}, {""k"": 1, ""n"": 123}, {""k"": 1, ""n"": 78}, {""k"": 2, ""n"": 189}, {""k"": 1, ""n"": 138}]}, {""constant_lens"": false, ""gain"": 0.25, ""lens"": ""pc1"", ""lens_scaling"": ""standardize"", ""min_cluster_size"": 37, ""min_samples"": 5, ""n_class"": 772, ""n_edges"": 5, ""n_intervals"": 6, ""n_vertices"": 6, ""noise_reassigned"": 685, ""placement"": ""quantile"", ""slabs"": [{""k"": 1, ""n"": 145}, {""k"": 1, ""n"": 161}, {""k"": 1, ""n"": 161}, {""k"": 1, ""n"": 161}, {""k"": 1, ""n"": 161}, {""k"": 1, ""n"": 145}]}, {""constant_lens"": false, ""gain"": 0.25, ""lens"": ""pc1"", ""lens_scaling"": ""standardize"", ""min_cluster_size"": 37, ""min_samples"": 5, ""n_class"": 712, ""n_edges"": 5, ""n_intervals"": 6, ""n_vertices"": 6, ""noise_reassigned"": 594, ""placement"": ""quantile"", ""slabs"": [{""k"": 1, ""n"": 134}, {""k"": 1, ""n"": 148}, {""k"": 1, ""n"": 148}, {""k"": 1, ""n"": 148}, {""k"": 1, ""n"": 148}, {""k"": 1, ""n"": 134}]}, {""constant_lens"": false, ""gain"": 0.25, ""lens"": ""pc1"", ""lens_scaling"": ""standardize"", ""min_cluster_size"": 37, ""min_samples"": 5, ""n_class"": 772, ""n_edges"": 5, ""n_intervals"": 6, ""n_vertices"": 6, ""noise_reassigned"": 682, ""placement"": ""quantile"", ""slabs"": [{""k"": 1, ""n"": 145}, {""k"": 1, ""n"": 161}, {""k"": 1, ""n"": 161}, {""k"": 1, ""n"": 161}, {""k"": 1, ""n"": 161}, {""k"": 1, ""n"": 145}]}, {""constant_lens"": false, ""gain"": 0.25, ""lens"": ""pc1"", ""lens_scaling"": ""standardize"", ""min_cluster_size"": 37, ""min_samples"": 5, ""n_class"": 712, ""n_edges"": 5, ""n_intervals"": 6, ""n_vertices"": 7, ""noise_reassigned"": 326, ""placement"": ""quantile"", ""slabs"": [{""k"": 1, ""n"": 134}, {""k"": 1, ""n"": 148}, {""k"": 1, ""n"": 148}, {""k"": 2, ""n"": 148}, {""k"": 1, ""n"": 148}, {""k"": 1, ""n"": 134}]}, {""constant_lens"": false, ""gain"": 0.25, ""lens"": ""pc1"", ""lens_scaling"": ""standardize"", ""min_cluster_size"": 37, ""min_samples"": 5, ""n_class"": 713, ""n_edges"": 5, ""n_intervals"": 6, ""n_vertices"": 6, ""noise_reassigned"": 638, ""placement"": ""quantile"", ""slabs"": [{""k"": 1, ""n"": 134}, {""k"": 1, ""n"": 149}, {""k"": 1, ""n"": 148}, {""k"": 1, ""n"": 148}, {""k"": 1, ""n"": 149}, {""k"": 1, ""n"": 134}]}, {""constant_lens"": false, ""gain"": 0.25, ""lens"": ""pc1"", ""lens_scaling"": ""standardize"", ""min_cluster_size"": 37, ""min_samples"": 5, ""n_class"": 772, ""n_edges"": 5, ""n_intervals"": 6, ""n_vertices"": 6, ""noise_reassigned"": 603, ""placement"": ""quantile"", ""slabs"": [{""k"": 1, ""n"": 145}, {""k"": 1, ""n"": 161}, {""k"": 1, ""n"": 161}, {""k"": 1, ""n"": 161}, {""k"": 1, ""n"": 161}, {""k"": 1, ""n"": 145}]}, {""constant_lens"": false, ""gain"": 0.25, ""lens"": ""pc1"", ""lens_scaling"": ""standardize"", ""min_cluster_size"": 37, ""min_samples"": 5, ""n_class"": 711, ""n_edges"": 5, ""n_intervals"": 6, ""n_vertices"": 6, ""noise_reassigned"": 568, ""placement"": ""uniform"", ""slabs"": [{""k"": 1, ""n"": 167}, {""k"": 1, ""n"": 183}, {""k"": 1, ""n"": 139}, {""k"": 1, ""n"": 92}, {""k"": 1, ""n"": 137}, {""k"": 1, ""n"": 159}]}, {""constant_lens"": false, ""gain"": 0.25, ""lens"": ""pc1"", ""lens_scaling"": ""standardize"", ""min_cluster_size"": 37, ""min_samples"": 5, ""n_class"": 712, ""n_edges"": 5, ""n_intervals"": 6, ""n_vertices"": 6, ""noise_reassigned"": 448, ""placement"": ""quantile"", ""slabs"": [{""k"": 1, ""n"": 134}, {""k"": 1, ""n"": 148}, {""k"": 1, ""n"": 148}, {""k"": 1, ""n"": 148}, {""k"": 1, ""n"": 148}, {""k"": 1, ""n"": 134}]}], ""soundness_bound_holds"": true, ""step_rule"": ""scale_free"", ""topology_retention_nerve_to_frozen"": {""beta0_frozen"": 17, ""beta0_nerve"": 11, ""beta1_frozen"": 1, ""beta1_nerve"": 1}}",True
0.9736363636363636,495,False,0.050040436716538614,0.05,,12.26400100000319,12.26400100000319,0.0,penbased,1,,SPINE+Graph,10,495,1100,9892,0.9499595632834614,2057206361,False,"{""admission"": {""criterion"": ""risk"", ""removed_risk"": 6, ""removed_support"": 0}, ""betti_final"": [[1, 0], [1, 1], [1, 0], [2, 0], [1, 0], [3, 0], [2, 0], [2, 0], [2, 0], [2, 0]], ""betti_frozen"": [[1, 0], [1, 1], [1, 0], [2, 0], [1, 0], [3, 0], [2, 0], [2, 0], [2, 0], [2, 0]], ""betti_nerve"": [[1, 0], [1, 1], [1, 0], [1, 0], [1, 0], [2, 0], [1, 0], [1, 0], [1, 0], [1, 0]], ""boundary_restriction"": ""both"", ""forced_removals"": 0, ""growth_representation_fallbacks"": 387, ""invariant_held"": true, ""n_segments"": 479, ""n_train_fit"": 7419, ""n_val"": 2473, ""phase0"": [{""constant_lens"": false, ""gain"": 0.25, ""lens"": ""pc1"", ""lens_scaling"": ""standardize"", ""min_cluster_size"": 37, ""min_samples"": 5, ""n_class"": 771, ""n_edges"": 5, ""n_intervals"": 6, ""n_vertices"": 6, ""noise_reassigned"": 709, ""placement"": ""quantile"", ""slabs"": [{""k"": 1, ""n"": 145}, {""k"": 1, ""n"": 160}, {""k"": 1, ""n"": 161}, {""k"": 1, ""n"": 161}, {""k"": 1, ""n"": 160}, {""k"": 1, ""n"": 145}]}, {""constant_lens"": false, ""gain"": 0.25, ""lens"": ""pc1"", ""lens_scaling"": ""standardize"", ""min_cluster_size"": 37, ""min_samples"": 5, ""n_class"": 772, ""n_edges"": 7, ""n_intervals"": 6, ""n_vertices"": 7, ""noise_reassigned"": 559, ""placement"": ""uniform"", ""slabs"": [{""k"": 1, ""n"": 112}, {""k"": 1, ""n"": 301}, {""k"": 1, ""n"": 123}, {""k"": 1, ""n"": 78}, {""k"": 2, ""n"": 189}, {""k"": 1, ""n"": 138}]}, {""constant_lens"": false, ""gain"": 0.25, ""lens"": ""pc1"", ""lens_scaling"": ""standardize"", ""min_cluster_size"": 37, ""min_samples"": 5, ""n_class"": 772, ""n_edges"": 5, ""n_intervals"": 6, ""n_vertices"": 6, ""noise_reassigned"": 685, ""placement"": ""quantile"", ""slabs"": [{""k"": 1, ""n"": 145}, {""k"": 1, ""n"": 161}, {""k"": 1, ""n"": 161}, {""k"": 1, ""n"": 161}, {""k"": 1, ""n"": 161}, {""k"": 1, ""n"": 145}]}, {""constant_lens"": false, ""gain"": 0.25, ""lens"": ""pc1"", ""lens_scaling"": ""standardize"", ""min_cluster_size"": 37, ""min_samples"": 5, ""n_class"": 712, ""n_edges"": 5, ""n_intervals"": 6, ""n_vertices"": 6, ""noise_reassigned"": 594, ""placement"": ""quantile"", ""slabs"": [{""k"": 1, ""n"": 134}, {""k"": 1, ""n"": 148}, {""k"": 1, ""n"": 148}, {""k"": 1, ""n"": 148}, {""k"": 1, ""n"": 148}, {""k"": 1, ""n"": 134}]}, {""constant_lens"": false, ""gain"": 0.25, ""lens"": ""pc1"", ""lens_scaling"": ""standardize"", ""min_cluster_size"": 37, ""min_samples"": 5, ""n_class"": 772, ""n_edges"": 5, ""n_intervals"": 6, ""n_vertices"": 6, ""noise_reassigned"": 682, ""placement"": ""quantile"", ""slabs"": [{""k"": 1, ""n"": 145}, {""k"": 1, ""n"": 161}, {""k"": 1, ""n"": 161}, {""k"": 1, ""n"": 161}, {""k"": 1, ""n"": 161}, {""k"": 1, ""n"": 145}]}, {""constant_lens"": false, ""gain"": 0.25, ""lens"": ""pc1"", ""lens_scaling"": ""standardize"", ""min_cluster_size"": 37, ""min_samples"": 5, ""n_class"": 712, ""n_edges"": 5, ""n_intervals"": 6, ""n_vertices"": 7, ""noise_reassigned"": 326, ""placement"": ""quantile"", ""slabs"": [{""k"": 1, ""n"": 134}, {""k"": 1, ""n"": 148}, {""k"": 1, ""n"": 148}, {""k"": 2, ""n"": 148}, {""k"": 1, ""n"": 148}, {""k"": 1, ""n"": 134}]}, {""constant_lens"": false, ""gain"": 0.25, ""lens"": ""pc1"", ""lens_scaling"": ""standardize"", ""min_cluster_size"": 37, ""min_samples"": 5, ""n_class"": 713, ""n_edges"": 5, ""n_intervals"": 6, ""n_vertices"": 6, ""noise_reassigned"": 638, ""placement"": ""quantile"", ""slabs"": [{""k"": 1, ""n"": 134}, {""k"": 1, ""n"": 149}, {""k"": 1, ""n"": 148}, {""k"": 1, ""n"": 148}, {""k"": 1, ""n"": 149}, {""k"": 1, ""n"": 134}]}, {""constant_lens"": false, ""gain"": 0.25, ""lens"": ""pc1"", ""lens_scaling"": ""standardize"", ""min_cluster_size"": 37, ""min_samples"": 5, ""n_class"": 772, ""n_edges"": 5, ""n_intervals"": 6, ""n_vertices"": 6, ""noise_reassigned"": 603, ""placement"": ""quantile"", ""slabs"": [{""k"": 1, ""n"": 145}, {""k"": 1, ""n"": 161}, {""k"": 1, ""n"": 161}, {""k"": 1, ""n"": 161}, {""k"": 1, ""n"": 161}, {""k"": 1, ""n"": 145}]}, {""constant_lens"": false, ""gain"": 0.25, ""lens"": ""pc1"", ""lens_scaling"": ""standardize"", ""min_cluster_size"": 37, ""min_samples"": 5, ""n_class"": 711, ""n_edges"": 5, ""n_intervals"": 6, ""n_vertices"": 6, ""noise_reassigned"": 568, ""placement"": ""uniform"", ""slabs"": [{""k"": 1, ""n"": 167}, {""k"": 1, ""n"": 183}, {""k"": 1, ""n"": 139}, {""k"": 1, ""n"": 92}, {""k"": 1, ""n"": 137}, {""k"": 1, ""n"": 159}]}, {""constant_lens"": false, ""gain"": 0.25, ""lens"": ""pc1"", ""lens_scaling"": ""standardize"", ""min_cluster_size"": 37, ""min_samples"": 5, ""n_class"": 712, ""n_edges"": 5, ""n_intervals"": 6, ""n_vertices"": 6, ""noise_reassigned"": 448, ""placement"": ""quantile"", ""slabs"": [{""k"": 1, ""n"": 134}, {""k"": 1, ""n"": 148}, {""k"": 1, ""n"": 148}, {""k"": 1, ""n"": 148}, {""k"": 1, ""n"": 148}, {""k"": 1, ""n"": 134}]}], ""soundness_bound_holds"": true, ""step_rule"": ""scale_free"", ""topology_retention_nerve_to_frozen"": {""beta0_frozen"": 17, ""beta0_nerve"": 11, ""beta1_frozen"": 1, ""beta1_nerve"": 1}}",True
0.9918181818181818,495,False,0.050040436716538614,0.05,,7.050602999981493,121.09800199998426,114.04739900000277,penbased,1,"{""epsilon"": 0.1, ""window"": 0.3}",LVQ3,10,495,1100,9892,0.9499595632834614,2057206361,False,,True
0.9872727272727273,495,False,0.050040436716538614,0.05,"{""0"": 51, ""1"": 52, ""2"": 52, ""3"": 47, ""4"": 52, ""5"": 47, ""6"": 48, ""7"": 52, ""8"": 47, ""9"": 47}",5.9148909999930765,5.9148909999930765,0.0,penbased,1,,KMeans,10,495,1100,9892,0.9499595632834614,2057206361,False,,True
0.97,495,False,0.050040436716538614,0.05,"{""0"": 51, ""1"": 52, ""2"": 52, ""3"": 47, ""4"": 52, ""5"": 47, ""6"": 48, ""7"": 52, ""8"": 47, ""9"": 47}",0.0029780000040773302,0.0029780000040773302,0.0,penbased,1,,Random,10,495,1100,9892,0.9499595632834614,2057206361,False,,True
0.9854545454545455,495,False,0.050040436716538614,0.05,,3.215056999993976,3.215056999993976,0.0,penbased,1,,SPOT,10,495,1100,9892,0.9499595632834614,2057206361,False,,True
0.9336363636363636,495,False,0.050040436716538614,0.05,,107.22348300000886,107.22348300000886,0.0,penbased,1,,GLVQ,10,495,1100,9892,0.9499595632834614,2057206361,False,,True
0.99,495,False,0.050040436716538614,0.05,,5.243203000020003,5.243203000020003,0.0,penbased,1,,GNG,10,495,1100,9892,0.9499595632834614,2057206361,False,,True
0.9927272727272727,989,False,0.09997978164173069,0.1,,0.0012519999872893095,0.0012519999872893095,0.0,penbased,1,,Full,10,9892,1100,9892,0.0,2057206361,True,,False
0.990909090909091,989,False,0.09997978164173069,0.1,,2.665826999989804,2.665826999989804,0.0,penbased,1,,RSP3,10,1070,1100,9892,0.8918317832591993,2057206361,True,,False
0.9881818181818182,989,False,0.09997978164173069,0.1,,1.1458259999926668,1.1458259999926668,0.0,penbased,1,,RHC,10,331,1100,9892,0.9665386170642943,2057206361,True,,False
0.9781818181818182,989,False,0.09997978164173069,0.1,,19.894484999997076,19.894484999997076,0.0,penbased,1,,SPINE+1NN,10,989,1100,9892,0.9000202183582693,2057206361,False,"{""admission"": {""criterion"": ""risk"", ""removed_risk"": 6, ""removed_support"": 0}, ""betti_final"": [[1, 0], [1, 1], [1, 0], [2, 0], [1, 0], [3, 0], [2, 0], [2, 0], [2, 0], [2, 0]], ""betti_frozen"": [[1, 0], [1, 1], [1, 0], [2, 0], [1, 0], [3, 0], [2, 0], [2, 0], [2, 0], [2, 0]], ""betti_nerve"": [[1, 0], [1, 1], [1, 0], [1, 0], [1, 0], [2, 0], [1, 0], [1, 0], [1, 0], [1, 0]], ""boundary_restriction"": ""both"", ""forced_removals"": 0, ""growth_representation_fallbacks"": 978, ""invariant_held"": true, ""n_segments"": 973, ""n_train_fit"": 7419, ""n_val"": 2473, ""phase0"": [{""constant_lens"": false, ""gain"": 0.25, ""lens"": ""pc1"", ""lens_scaling"": ""standardize"", ""min_cluster_size"": 37, ""min_samples"": 5, ""n_class"": 771, ""n_edges"": 5, ""n_intervals"": 6, ""n_vertices"": 6, ""noise_reassigned"": 709, ""placement"": ""quantile"", ""slabs"": [{""k"": 1, ""n"": 145}, {""k"": 1, ""n"": 160}, {""k"": 1, ""n"": 161}, {""k"": 1, ""n"": 161}, {""k"": 1, ""n"": 160}, {""k"": 1, ""n"": 145}]}, {""constant_lens"": false, ""gain"": 0.25, ""lens"": ""pc1"", ""lens_scaling"": ""standardize"", ""min_cluster_size"": 37, ""min_samples"": 5, ""n_class"": 772, ""n_edges"": 7, ""n_intervals"": 6, ""n_vertices"": 7, ""noise_reassigned"": 559, ""placement"": ""uniform"", ""slabs"": [{""k"": 1, ""n"": 112}, {""k"": 1, ""n"": 301}, {""k"": 1, ""n"": 123}, {""k"": 1, ""n"": 78}, {""k"": 2, ""n"": 189}, {""k"": 1, ""n"": 138}]}, {""constant_lens"": false, ""gain"": 0.25, ""lens"": ""pc1"", ""lens_scaling"": ""standardize"", ""min_cluster_size"": 37, ""min_samples"": 5, ""n_class"": 772, ""n_edges"": 5, ""n_intervals"": 6, ""n_vertices"": 6, ""noise_reassigned"": 685, ""placement"": ""quantile"", ""slabs"": [{""k"": 1, ""n"": 145}, {""k"": 1, ""n"": 161}, {""k"": 1, ""n"": 161}, {""k"": 1, ""n"": 161}, {""k"": 1, ""n"": 161}, {""k"": 1, ""n"": 145}]}, {""constant_lens"": false, ""gain"": 0.25, ""lens"": ""pc1"", ""lens_scaling"": ""standardize"", ""min_cluster_size"": 37, ""min_samples"": 5, ""n_class"": 712, ""n_edges"": 5, ""n_intervals"": 6, ""n_vertices"": 6, ""noise_reassigned"": 594, ""placement"": ""quantile"", ""slabs"": [{""k"": 1, ""n"": 134}, {""k"": 1, ""n"": 148}, {""k"": 1, ""n"": 148}, {""k"": 1, ""n"": 148}, {""k"": 1, ""n"": 148}, {""k"": 1, ""n"": 134}]}, {""constant_lens"": false, ""gain"": 0.25, ""lens"": ""pc1"", ""lens_scaling"": ""standardize"", ""min_cluster_size"": 37, ""min_samples"": 5, ""n_class"": 772, ""n_edges"": 5, ""n_intervals"": 6, ""n_vertices"": 6, ""noise_reassigned"": 682, ""placement"": ""quantile"", ""slabs"": [{""k"": 1, ""n"": 145}, {""k"": 1, ""n"": 161}, {""k"": 1, ""n"": 161}, {""k"": 1, ""n"": 161}, {""k"": 1, ""n"": 161}, {""k"": 1, ""n"": 145}]}, {""constant_lens"": false, ""gain"": 0.25, ""lens"": ""pc1"", ""lens_scaling"": ""standardize"", ""min_cluster_size"": 37, ""min_samples"": 5, ""n_class"": 712, ""n_edges"": 5, ""n_intervals"": 6, ""n_vertices"": 7, ""noise_reassigned"": 326, ""placement"": ""quantile"", ""slabs"": [{""k"": 1, ""n"": 134}, {""k"": 1, ""n"": 148}, {""k"": 1, ""n"": 148}, {""k"": 2, ""n"": 148}, {""k"": 1, ""n"": 148}, {""k"": 1, ""n"": 134}]}, {""constant_lens"": false, ""gain"": 0.25, ""lens"": ""pc1"", ""lens_scaling"": ""standardize"", ""min_cluster_size"": 37, ""min_samples"": 5, ""n_class"": 713, ""n_edges"": 5, ""n_intervals"": 6, ""n_vertices"": 6, ""noise_reassigned"": 638, ""placement"": ""quantile"", ""slabs"": [{""k"": 1, ""n"": 134}, {""k"": 1, ""n"": 149}, {""k"": 1, ""n"": 148}, {""k"": 1, ""n"": 148}, {""k"": 1, ""n"": 149}, {""k"": 1, ""n"": 134}]}, {""constant_lens"": false, ""gain"": 0.25, ""lens"": ""pc1"", ""lens_scaling"": ""standardize"", ""min_cluster_size"": 37, ""min_samples"": 5, ""n_class"": 772, ""n_edges"": 5, ""n_intervals"": 6, ""n_vertices"": 6, ""noise_reassigned"": 603, ""placement"": ""quantile"", ""slabs"": [{""k"": 1, ""n"": 145}, {""k"": 1, ""n"": 161}, {""k"": 1, ""n"": 161}, {""k"": 1, ""n"": 161}, {""k"": 1, ""n"": 161}, {""k"": 1, ""n"": 145}]}, {""constant_lens"": false, ""gain"": 0.25, ""lens"": ""pc1"", ""lens_scaling"": ""standardize"", ""min_cluster_size"": 37, ""min_samples"": 5, ""n_class"": 711, ""n_edges"": 5, ""n_intervals"": 6, ""n_vertices"": 6, ""noise_reassigned"": 568, ""placement"": ""uniform"", ""slabs"": [{""k"": 1, ""n"": 167}, {""k"": 1, ""n"": 183}, {""k"": 1, ""n"": 139}, {""k"": 1, ""n"": 92}, {""k"": 1, ""n"": 137}, {""k"": 1, ""n"": 159}]}, {""constant_lens"": false, ""gain"": 0.25, ""lens"": ""pc1"", ""lens_scaling"": ""standardize"", ""min_cluster_size"": 37, ""min_samples"": 5, ""n_class"": 712, ""n_edges"": 5, ""n_intervals"": 6, ""n_vertices"": 6, ""noise_reassigned"": 448, ""placement"": ""quantile"", ""slabs"": [{""k"": 1, ""n"": 134}, {""k"": 1, ""n"": 148}, {""k"": 1, ""n"": 148}, {""k"": 1, ""n"": 148}, {""k"": 1, ""n"": 148}, {""k"": 1, ""n"": 134}]}], ""soundness_bound_holds"": true, ""step_rule"": ""scale_free"", ""topology_retention_nerve_to_frozen"": {""beta0_frozen"": 17, ""beta0_nerve"": 11, ""beta1_frozen"": 1, ""beta1_nerve"": 1}}",True
0.9781818181818182,989,False,0.09997978164173069,0.1,,19.894484999997076,19.894484999997076,0.0,penbased,1,,SPINE+Graph,10,989,1100,9892,0.9000202183582693,2057206361,False,"{""admission"": {""criterion"": ""risk"", ""removed_risk"": 6, ""removed_support"": 0}, ""betti_final"": [[1, 0], [1, 1], [1, 0], [2, 0], [1, 0], [3, 0], [2, 0], [2, 0], [2, 0], [2, 0]], ""betti_frozen"": [[1, 0], [1, 1], [1, 0], [2, 0], [1, 0], [3, 0], [2, 0], [2, 0], [2, 0], [2, 0]], ""betti_nerve"": [[1, 0], [1, 1], [1, 0], [1, 0], [1, 0], [2, 0], [1, 0], [1, 0], [1, 0], [1, 0]], ""boundary_restriction"": ""both"", ""forced_removals"": 0, ""growth_representation_fallbacks"": 978, ""invariant_held"": true, ""n_segments"": 973, ""n_train_fit"": 7419, ""n_val"": 2473, ""phase0"": [{""constant_lens"": false, ""gain"": 0.25, ""lens"": ""pc1"", ""lens_scaling"": ""standardize"", ""min_cluster_size"": 37, ""min_samples"": 5, ""n_class"": 771, ""n_edges"": 5, ""n_intervals"": 6, ""n_vertices"": 6, ""noise_reassigned"": 709, ""placement"": ""quantile"", ""slabs"": [{""k"": 1, ""n"": 145}, {""k"": 1, ""n"": 160}, {""k"": 1, ""n"": 161}, {""k"": 1, ""n"": 161}, {""k"": 1, ""n"": 160}, {""k"": 1, ""n"": 145}]}, {""constant_lens"": false, ""gain"": 0.25, ""lens"": ""pc1"", ""lens_scaling"": ""standardize"", ""min_cluster_size"": 37, ""min_samples"": 5, ""n_class"": 772, ""n_edges"": 7, ""n_intervals"": 6, ""n_vertices"": 7, ""noise_reassigned"": 559, ""placement"": ""uniform"", ""slabs"": [{""k"": 1, ""n"": 112}, {""k"": 1, ""n"": 301}, {""k"": 1, ""n"": 123}, {""k"": 1, ""n"": 78}, {""k"": 2, ""n"": 189}, {""k"": 1, ""n"": 138}]}, {""constant_lens"": false, ""gain"": 0.25, ""lens"": ""pc1"", ""lens_scaling"": ""standardize"", ""min_cluster_size"": 37, ""min_samples"": 5, ""n_class"": 772, ""n_edges"": 5, ""n_intervals"": 6, ""n_vertices"": 6, ""noise_reassigned"": 685, ""placement"": ""quantile"", ""slabs"": [{""k"": 1, ""n"": 145}, {""k"": 1, ""n"": 161}, {""k"": 1, ""n"": 161}, {""k"": 1, ""n"": 161}, {""k"": 1, ""n"": 161}, {""k"": 1, ""n"": 145}]}, {""constant_lens"": false, ""gain"": 0.25, ""lens"": ""pc1"", ""lens_scaling"": ""standardize"", ""min_cluster_size"": 37, ""min_samples"": 5, ""n_class"": 712, ""n_edges"": 5, ""n_intervals"": 6, ""n_vertices"": 6, ""noise_reassigned"": 594, ""placement"": ""quantile"", ""slabs"": [{""k"": 1, ""n"": 134}, {""k"": 1, ""n"": 148}, {""k"": 1, ""n"": 148}, {""k"": 1, ""n"": 148}, {""k"": 1, ""n"": 148}, {""k"": 1, ""n"": 134}]}, {""constant_lens"": false, ""gain"": 0.25, ""lens"": ""pc1"", ""lens_scaling"": ""standardize"", ""min_cluster_size"": 37, ""min_samples"": 5, ""n_class"": 772, ""n_edges"": 5, ""n_intervals"": 6, ""n_vertices"": 6, ""noise_reassigned"": 682, ""placement"": ""quantile"", ""slabs"": [{""k"": 1, ""n"": 145}, {""k"": 1, ""n"": 161}, {""k"": 1, ""n"": 161}, {""k"": 1, ""n"": 161}, {""k"": 1, ""n"": 161}, {""k"": 1, ""n"": 145}]}, {""constant_lens"": false, ""gain"": 0.25, ""lens"": ""pc1"", ""lens_scaling"": ""standardize"", ""min_cluster_size"": 37, ""min_samples"": 5, ""n_class"": 712, ""n_edges"": 5, ""n_intervals"": 6, ""n_vertices"": 7, ""noise_reassigned"": 326, ""placement"": ""quantile"", ""slabs"": [{""k"": 1, ""n"": 134}, {""k"": 1, ""n"": 148}, {""k"": 1, ""n"": 148}, {""k"": 2, ""n"": 148}, {""k"": 1, ""n"": 148}, {""k"": 1, ""n"": 134}]}, {""constant_lens"": false, ""gain"": 0.25, ""lens"": ""pc1"", ""lens_scaling"": ""standardize"", ""min_cluster_size"": 37, ""min_samples"": 5, ""n_class"": 713, ""n_edges"": 5, ""n_intervals"": 6, ""n_vertices"": 6, ""noise_reassigned"": 638, ""placement"": ""quantile"", ""slabs"": [{""k"": 1, ""n"": 134}, {""k"": 1, ""n"": 149}, {""k"": 1, ""n"": 148}, {""k"": 1, ""n"": 148}, {""k"": 1, ""n"": 149}, {""k"": 1, ""n"": 134}]}, {""constant_lens"": false, ""gain"": 0.25, ""lens"": ""pc1"", ""lens_scaling"": ""standardize"", ""min_cluster_size"": 37, ""min_samples"": 5, ""n_class"": 772, ""n_edges"": 5, ""n_intervals"": 6, ""n_vertices"": 6, ""noise_reassigned"": 603, ""placement"": ""quantile"", ""slabs"": [{""k"": 1, ""n"": 145}, {""k"": 1, ""n"": 161}, {""k"": 1, ""n"": 161}, {""k"": 1, ""n"": 161}, {""k"": 1, ""n"": 161}, {""k"": 1, ""n"": 145}]}, {""constant_lens"": false, ""gain"": 0.25, ""lens"": ""pc1"", ""lens_scaling"": ""standardize"", ""min_cluster_size"": 37, ""min_samples"": 5, ""n_class"": 711, ""n_edges"": 5, ""n_intervals"": 6, ""n_vertices"": 6, ""noise_reassigned"": 568, ""placement"": ""uniform"", ""slabs"": [{""k"": 1, ""n"": 167}, {""k"": 1, ""n"": 183}, {""k"": 1, ""n"": 139}, {""k"": 1, ""n"": 92}, {""k"": 1, ""n"": 137}, {""k"": 1, ""n"": 159}]}, {""constant_lens"": false, ""gain"": 0.25, ""lens"": ""pc1"", ""lens_scaling"": ""standardize"", ""min_cluster_size"": 37, ""min_samples"": 5, ""n_class"": 712, ""n_edges"": 5, ""n_intervals"": 6, ""n_vertices"": 6, ""noise_reassigned"": 448, ""placement"": ""quantile"", ""slabs"": [{""k"": 1, ""n"": 134}, {""k"": 1, ""n"": 148}, {""k"": 1, ""n"": 148}, {""k"": 1, ""n"": 148}, {""k"": 1, ""n"": 148}, {""k"": 1, ""n"": 134}]}], ""soundness_bound_holds"": true, ""step_rule"": ""scale_free"", ""topology_retention_nerve_to_frozen"": {""beta0_frozen"": 17, ""beta0_nerve"": 11, ""beta1_frozen"": 1, ""beta1_nerve"": 1}}",True
0.9936363636363637,989,False,0.09997978164173069,0.1,,10.716434000001755,192.82821700000204,182.1117830000003,penbased,1,"{""epsilon"": 0.1, ""window"": 0.2}",LVQ3,10,989,1100,9892,0.9000202183582693,2057206361,False,,True
0.9872727272727273,989,False,0.09997978164173069,0.1,"{""0"": 102, ""1"": 103, ""2"": 103, ""3"": 95, ""4"": 103, ""5"": 95, ""6"": 95, ""7"": 103, ""8"": 95, ""9"": 95}",7.7469920000003185,7.7469920000003185,0.0,penbased,1,,KMeans,10,989,1100,9892,0.9000202183582693,2057206361,False,,True
0.9872727272727273,989,False,0.09997978164173069,0.1,"{""0"": 102, ""1"": 103, ""2"": 103, ""3"": 95, ""4"": 103, ""5"": 95, ""6"": 95, ""7"": 103, ""8"": 95, ""9"": 95}",0.0031589999853167683,0.0031589999853167683,0.0,penbased,1,,Random,10,989,1100,9892,0.9000202183582693,2057206361,False,,True
0.990909090909091,989,False,0.09997978164173069,0.1,,3.165106000000378,3.165106000000378,0.0,penbased,1,,SPOT,10,989,1100,9892,0.9000202183582693,2057206361,False,,True
0.9318181818181818,989,False,0.09997978164173069,0.1,,210.09631899997476,210.09631899997476,0.0,penbased,1,,GLVQ,10,989,1100,9892,0.9000202183582693,2057206361,False,,True
0.9890909090909091,989,False,0.09997978164173069,0.1,,13.55051299999468,13.55051299999468,0.0,penbased,1,,GNG,10,989,1100,9892,0.9000202183582693,2057206361,False,,True
0.9927272727272727,2473,False,0.25,0.25,,0.0012519999872893095,0.0012519999872893095,0.0,penbased,1,,Full,10,9892,1100,9892,0.0,2057206361,True,,False
0.990909090909091,2473,False,0.25,0.25,,2.665826999989804,2.665826999989804,0.0,penbased,1,,RSP3,10,1070,1100,9892,0.8918317832591993,2057206361,True,,False
0.9881818181818182,2473,False,0.25,0.25,,1.1458259999926668,1.1458259999926668,0.0,penbased,1,,RHC,10,331,1100,9892,0.9665386170642943,2057206361,True,,False
0.9854545454545455,2473,False,0.25,0.25,,66.30172700001276,66.30172700001276,0.0,penbased,1,,SPINE+1NN,10,2473,1100,9892,0.75,2057206361,False,"{""admission"": {""criterion"": ""risk"", ""removed_risk"": 6, ""removed_support"": 0}, ""betti_final"": [[1, 0], [1, 1], [1, 0], [2, 0], [1, 0], [3, 0], [2, 0], [2, 0], [2, 0], [2, 0]], ""betti_frozen"": [[1, 0], [1, 1], [1, 0], [2, 0], [1, 0], [3, 0], [2, 0], [2, 0], [2, 0], [2, 0]], ""betti_nerve"": [[1, 0], [1, 1], [1, 0], [1, 0], [1, 0], [2, 0], [1, 0], [1, 0], [1, 0], [1, 0]], ""boundary_restriction"": ""both"", ""forced_removals"": 0, ""growth_representation_fallbacks"": 2767, ""invariant_held"": true, ""n_segments"": 2457, ""n_train_fit"": 7419, ""n_val"": 2473, ""phase0"": [{""constant_lens"": false, ""gain"": 0.25, ""lens"": ""pc1"", ""lens_scaling"": ""standardize"", ""min_cluster_size"": 37, ""min_samples"": 5, ""n_class"": 771, ""n_edges"": 5, ""n_intervals"": 6, ""n_vertices"": 6, ""noise_reassigned"": 709, ""placement"": ""quantile"", ""slabs"": [{""k"": 1, ""n"": 145}, {""k"": 1, ""n"": 160}, {""k"": 1, ""n"": 161}, {""k"": 1, ""n"": 161}, {""k"": 1, ""n"": 160}, {""k"": 1, ""n"": 145}]}, {""constant_lens"": false, ""gain"": 0.25, ""lens"": ""pc1"", ""lens_scaling"": ""standardize"", ""min_cluster_size"": 37, ""min_samples"": 5, ""n_class"": 772, ""n_edges"": 7, ""n_intervals"": 6, ""n_vertices"": 7, ""noise_reassigned"": 559, ""placement"": ""uniform"", ""slabs"": [{""k"": 1, ""n"": 112}, {""k"": 1, ""n"": 301}, {""k"": 1, ""n"": 123}, {""k"": 1, ""n"": 78}, {""k"": 2, ""n"": 189}, {""k"": 1, ""n"": 138}]}, {""constant_lens"": false, ""gain"": 0.25, ""lens"": ""pc1"", ""lens_scaling"": ""standardize"", ""min_cluster_size"": 37, ""min_samples"": 5, ""n_class"": 772, ""n_edges"": 5, ""n_intervals"": 6, ""n_vertices"": 6, ""noise_reassigned"": 685, ""placement"": ""quantile"", ""slabs"": [{""k"": 1, ""n"": 145}, {""k"": 1, ""n"": 161}, {""k"": 1, ""n"": 161}, {""k"": 1, ""n"": 161}, {""k"": 1, ""n"": 161}, {""k"": 1, ""n"": 145}]}, {""constant_lens"": false, ""gain"": 0.25, ""lens"": ""pc1"", ""lens_scaling"": ""standardize"", ""min_cluster_size"": 37, ""min_samples"": 5, ""n_class"": 712, ""n_edges"": 5, ""n_intervals"": 6, ""n_vertices"": 6, ""noise_reassigned"": 594, ""placement"": ""quantile"", ""slabs"": [{""k"": 1, ""n"": 134}, {""k"": 1, ""n"": 148}, {""k"": 1, ""n"": 148}, {""k"": 1, ""n"": 148}, {""k"": 1, ""n"": 148}, {""k"": 1, ""n"": 134}]}, {""constant_lens"": false, ""gain"": 0.25, ""lens"": ""pc1"", ""lens_scaling"": ""standardize"", ""min_cluster_size"": 37, ""min_samples"": 5, ""n_class"": 772, ""n_edges"": 5, ""n_intervals"": 6, ""n_vertices"": 6, ""noise_reassigned"": 682, ""placement"": ""quantile"", ""slabs"": [{""k"": 1, ""n"": 145}, {""k"": 1, ""n"": 161}, {""k"": 1, ""n"": 161}, {""k"": 1, ""n"": 161}, {""k"": 1, ""n"": 161}, {""k"": 1, ""n"": 145}]}, {""constant_lens"": false, ""gain"": 0.25, ""lens"": ""pc1"", ""lens_scaling"": ""standardize"", ""min_cluster_size"": 37, ""min_samples"": 5, ""n_class"": 712, ""n_edges"": 5, ""n_intervals"": 6, ""n_vertices"": 7, ""noise_reassigned"": 326, ""placement"": ""quantile"", ""slabs"": [{""k"": 1, ""n"": 134}, {""k"": 1, ""n"": 148}, {""k"": 1, ""n"": 148}, {""k"": 2, ""n"": 148}, {""k"": 1, ""n"": 148}, {""k"": 1, ""n"": 134}]}, {""constant_lens"": false, ""gain"": 0.25, ""lens"": ""pc1"", ""lens_scaling"": ""standardize"", ""min_cluster_size"": 37, ""min_samples"": 5, ""n_class"": 713, ""n_edges"": 5, ""n_intervals"": 6, ""n_vertices"": 6, ""noise_reassigned"": 638, ""placement"": ""quantile"", ""slabs"": [{""k"": 1, ""n"": 134}, {""k"": 1, ""n"": 149}, {""k"": 1, ""n"": 148}, {""k"": 1, ""n"": 148}, {""k"": 1, ""n"": 149}, {""k"": 1, ""n"": 134}]}, {""constant_lens"": false, ""gain"": 0.25, ""lens"": ""pc1"", ""lens_scaling"": ""standardize"", ""min_cluster_size"": 37, ""min_samples"": 5, ""n_class"": 772, ""n_edges"": 5, ""n_intervals"": 6, ""n_vertices"": 6, ""noise_reassigned"": 603, ""placement"": ""quantile"", ""slabs"": [{""k"": 1, ""n"": 145}, {""k"": 1, ""n"": 161}, {""k"": 1, ""n"": 161}, {""k"": 1, ""n"": 161}, {""k"": 1, ""n"": 161}, {""k"": 1, ""n"": 145}]}, {""constant_lens"": false, ""gain"": 0.25, ""lens"": ""pc1"", ""lens_scaling"": ""standardize"", ""min_cluster_size"": 37, ""min_samples"": 5, ""n_class"": 711, ""n_edges"": 5, ""n_intervals"": 6, ""n_vertices"": 6, ""noise_reassigned"": 568, ""placement"": ""uniform"", ""slabs"": [{""k"": 1, ""n"": 167}, {""k"": 1, ""n"": 183}, {""k"": 1, ""n"": 139}, {""k"": 1, ""n"": 92}, {""k"": 1, ""n"": 137}, {""k"": 1, ""n"": 159}]}, {""constant_lens"": false, ""gain"": 0.25, ""lens"": ""pc1"", ""lens_scaling"": ""standardize"", ""min_cluster_size"": 37, ""min_samples"": 5, ""n_class"": 712, ""n_edges"": 5, ""n_intervals"": 6, ""n_vertices"": 6, ""noise_reassigned"": 448, ""placement"": ""quantile"", ""slabs"": [{""k"": 1, ""n"": 134}, {""k"": 1, ""n"": 148}, {""k"": 1, ""n"": 148}, {""k"": 1, ""n"": 148}, {""k"": 1, ""n"": 148}, {""k"": 1, ""n"": 134}]}], ""soundness_bound_holds"": true, ""step_rule"": ""scale_free"", ""topology_retention_nerve_to_frozen"": {""beta0_frozen"": 17, ""beta0_nerve"": 11, ""beta1_frozen"": 1, ""beta1_nerve"": 1}}",True
0.9854545454545455,2473,False,0.25,0.25,,66.30172700001276,66.30172700001276,0.0,penbased,1,,SPINE+Graph,10,2473,1100,9892,0.75,2057206361,False,"{""admission"": {""criterion"": ""risk"", ""removed_risk"": 6, ""removed_support"": 0}, ""betti_final"": [[1, 0], [1, 1], [1, 0], [2, 0], [1, 0], [3, 0], [2, 0], [2, 0], [2, 0], [2, 0]], ""betti_frozen"": [[1, 0], [1, 1], [1, 0], [2, 0], [1, 0], [3, 0], [2, 0], [2, 0], [2, 0], [2, 0]], ""betti_nerve"": [[1, 0], [1, 1], [1, 0], [1, 0], [1, 0], [2, 0], [1, 0], [1, 0], [1, 0], [1, 0]], ""boundary_restriction"": ""both"", ""forced_removals"": 0, ""growth_representation_fallbacks"": 2767, ""invariant_held"": true, ""n_segments"": 2457, ""n_train_fit"": 7419, ""n_val"": 2473, ""phase0"": [{""constant_lens"": false, ""gain"": 0.25, ""lens"": ""pc1"", ""lens_scaling"": ""standardize"", ""min_cluster_size"": 37, ""min_samples"": 5, ""n_class"": 771, ""n_edges"": 5, ""n_intervals"": 6, ""n_vertices"": 6, ""noise_reassigned"": 709, ""placement"": ""quantile"", ""slabs"": [{""k"": 1, ""n"": 145}, {""k"": 1, ""n"": 160}, {""k"": 1, ""n"": 161}, {""k"": 1, ""n"": 161}, {""k"": 1, ""n"": 160}, {""k"": 1, ""n"": 145}]}, {""constant_lens"": false, ""gain"": 0.25, ""lens"": ""pc1"", ""lens_scaling"": ""standardize"", ""min_cluster_size"": 37, ""min_samples"": 5, ""n_class"": 772, ""n_edges"": 7, ""n_intervals"": 6, ""n_vertices"": 7, ""noise_reassigned"": 559, ""placement"": ""uniform"", ""slabs"": [{""k"": 1, ""n"": 112}, {""k"": 1, ""n"": 301}, {""k"": 1, ""n"": 123}, {""k"": 1, ""n"": 78}, {""k"": 2, ""n"": 189}, {""k"": 1, ""n"": 138}]}, {""constant_lens"": false, ""gain"": 0.25, ""lens"": ""pc1"", ""lens_scaling"": ""standardize"", ""min_cluster_size"": 37, ""min_samples"": 5, ""n_class"": 772, ""n_edges"": 5, ""n_intervals"": 6, ""n_vertices"": 6, ""noise_reassigned"": 685, ""placement"": ""quantile"", ""slabs"": [{""k"": 1, ""n"": 145}, {""k"": 1, ""n"": 161}, {""k"": 1, ""n"": 161}, {""k"": 1, ""n"": 161}, {""k"": 1, ""n"": 161}, {""k"": 1, ""n"": 145}]}, {""constant_lens"": false, ""gain"": 0.25, ""lens"": ""pc1"", ""lens_scaling"": ""standardize"", ""min_cluster_size"": 37, ""min_samples"": 5, ""n_class"": 712, ""n_edges"": 5, ""n_intervals"": 6, ""n_vertices"": 6, ""noise_reassigned"": 594, ""placement"": ""quantile"", ""slabs"": [{""k"": 1, ""n"": 134}, {""k"": 1, ""n"": 148}, {""k"": 1, ""n"": 148}, {""k"": 1, ""n"": 148}, {""k"": 1, ""n"": 148}, {""k"": 1, ""n"": 134}]}, {""constant_lens"": false, ""gain"": 0.25, ""lens"": ""pc1"", ""lens_scaling"": ""standardize"", ""min_cluster_size"": 37, ""min_samples"": 5, ""n_class"": 772, ""n_edges"": 5, ""n_intervals"": 6, ""n_vertices"": 6, ""noise_reassigned"": 682, ""placement"": ""quantile"", ""slabs"": [{""k"": 1, ""n"": 145}, {""k"": 1, ""n"": 161}, {""k"": 1, ""n"": 161}, {""k"": 1, ""n"": 161}, {""k"": 1, ""n"": 161}, {""k"": 1, ""n"": 145}]}, {""constant_lens"": false, ""gain"": 0.25, ""lens"": ""pc1"", ""lens_scaling"": ""standardize"", ""min_cluster_size"": 37, ""min_samples"": 5, ""n_class"": 712, ""n_edges"": 5, ""n_intervals"": 6, ""n_vertices"": 7, ""noise_reassigned"": 326, ""placement"": ""quantile"", ""slabs"": [{""k"": 1, ""n"": 134}, {""k"": 1, ""n"": 148}, {""k"": 1, ""n"": 148}, {""k"": 2, ""n"": 148}, {""k"": 1, ""n"": 148}, {""k"": 1, ""n"": 134}]}, {""constant_lens"": false, ""gain"": 0.25, ""lens"": ""pc1"", ""lens_scaling"": ""standardize"", ""min_cluster_size"": 37, ""min_samples"": 5, ""n_class"": 713, ""n_edges"": 5, ""n_intervals"": 6, ""n_vertices"": 6, ""noise_reassigned"": 638, ""placement"": ""quantile"", ""slabs"": [{""k"": 1, ""n"": 134}, {""k"": 1, ""n"": 149}, {""k"": 1, ""n"": 148}, {""k"": 1, ""n"": 148}, {""k"": 1, ""n"": 149}, {""k"": 1, ""n"": 134}]}, {""constant_lens"": false, ""gain"": 0.25, ""lens"": ""pc1"", ""lens_scaling"": ""standardize"", ""min_cluster_size"": 37, ""min_samples"": 5, ""n_class"": 772, ""n_edges"": 5, ""n_intervals"": 6, ""n_vertices"": 6, ""noise_reassigned"": 603, ""placement"": ""quantile"", ""slabs"": [{""k"": 1, ""n"": 145}, {""k"": 1, ""n"": 161}, {""k"": 1, ""n"": 161}, {""k"": 1, ""n"": 161}, {""k"": 1, ""n"": 161}, {""k"": 1, ""n"": 145}]}, {""constant_lens"": false, ""gain"": 0.25, ""lens"": ""pc1"", ""lens_scaling"": ""standardize"", ""min_cluster_size"": 37, ""min_samples"": 5, ""n_class"": 711, ""n_edges"": 5, ""n_intervals"": 6, ""n_vertices"": 6, ""noise_reassigned"": 568, ""placement"": ""uniform"", ""slabs"": [{""k"": 1, ""n"": 167}, {""k"": 1, ""n"": 183}, {""k"": 1, ""n"": 139}, {""k"": 1, ""n"": 92}, {""k"": 1, ""n"": 137}, {""k"": 1, ""n"": 159}]}, {""constant_lens"": false, ""gain"": 0.25, ""lens"": ""pc1"", ""lens_scaling"": ""standardize"", ""min_cluster_size"": 37, ""min_samples"": 5, ""n_class"": 712, ""n_edges"": 5, ""n_intervals"": 6, ""n_vertices"": 6, ""noise_reassigned"": 448, ""placement"": ""quantile"", ""slabs"": [{""k"": 1, ""n"": 134}, {""k"": 1, ""n"": 148}, {""k"": 1, ""n"": 148}, {""k"": 1, ""n"": 148}, {""k"": 1, ""n"": 148}, {""k"": 1, ""n"": 134}]}], ""soundness_bound_holds"": true, ""step_rule"": ""scale_free"", ""topology_retention_nerve_to_frozen"": {""beta0_frozen"": 17, ""beta0_nerve"": 11, ""beta1_frozen"": 1, ""beta1_nerve"": 1}}",True
0.990909090909091,2473,False,0.25,0.25,,25.74056499998551,444.4716399999743,418.7310749999888,penbased,1,"{""epsilon"": 0.3, ""window"": 0.2}",LVQ3,10,2473,1100,9892,0.75,2057206361,False,,True
0.990909090909091,2473,False,0.25,0.25,"{""0"": 257, ""1"": 257, ""2"": 258, ""3"": 237, ""4"": 258, ""5"": 237, ""6"": 238, ""7"": 257, ""8"": 237, ""9"": 237}",16.86939700000221,16.86939700000221,0.0,penbased,1,,KMeans,10,2473,1100,9892,0.75,2057206361,False,,True
0.9918181818181818,2473,False,0.25,0.25,"{""0"": 257, ""1"": 257, ""2"": 258, ""3"": 237, ""4"": 258, ""5"": 237, ""6"": 238, ""7"": 257, ""8"": 237, ""9"": 237}",0.0035499999939929694,0.0035499999939929694,0.0,penbased,1,,Random,10,2473,1100,9892,0.75,2057206361,False,,True
0.9927272727272727,2473,False,0.25,0.25,,3.5563580000016373,3.5563580000016373,0.0,penbased,1,,SPOT,10,2473,1100,9892,0.75,2057206361,False,,True
0.9354545454545454,2473,False,0.25,0.25,,518.745854000008,518.745854000008,0.0,penbased,1,,GLVQ,10,2473,1100,9892,0.75,2057206361,False,,True
0.9918181818181818,2473,False,0.25,0.25,,63.26444299999275,63.26444299999275,0.0,penbased,1,,GNG,10,2473,1100,9892,0.75,2057206361,False,,True
0.994535519125683,49,False,0.0049524964625025265,0.005,,0.001281000004382804,0.001281000004382804,0.0,penbased,2,,Full,10,9894,1098,9894,0.0,2058206364,False,,False
0.9918032786885246,49,False,0.0049524964625025265,0.005,,2.676336000004085,2.676336000004085,0.0,penbased,2,,RSP3,10,1055,1098,9894,0.8933697190216293,2058206364,False,,False
0.9890710382513661,49,False,0.0049524964625025265,0.005,,1.0716219999885652,1.0716219999885652,0.0,penbased,2,,RHC,10,328,1098,9894,0.9668485951081464,2058206364,False,,False
0.9016393442622951,49,False,0.0049524964625025265,0.005,,6.115138000022853,6.115138000022853,0.0,penbased,2,,SPINE+1NN,10,49,1098,9894,0.9950475035374975,2058206364,False,"{""admission"": {""criterion"": ""risk"", ""removed_risk"": 6, ""removed_support"": 0}, ""betti_final"": [[2, 0], [2, 0], [2, 0], [1, 0], [1, 0], [3, 0], [1, 0], [1, 0], [1, 0], [2, 0]], ""betti_frozen"": [[2, 0], [2, 0], [2, 0], [1, 0], [1, 0], [3, 0], [1, 0], [1, 0], [1, 0], [2, 0]], ""betti_nerve"": [[1, 0], [1, 1], [1, 0], [1, 0], [1, 0], [2, 0], [1, 0], [1, 0], [1, 0], [1, 0]], ""boundary_restriction"": ""both"", ""forced_removals"": 0, ""growth_representation_fallbacks"": 0, ""invariant_held"": true, ""n_segments"": 33, ""n_train_fit"": 7420, ""n_val"": 2474, ""phase0"": [{""constant_lens"": false, ""gain"": 0.25, ""lens"": ""pc1"", ""lens_scaling"": ""standardize"", ""min_cluster_size"": 37, ""min_samples"": 5, ""n_class"": 771, ""n_edges"": 5, ""n_intervals"": 6, ""n_vertices"": 6, ""noise_reassigned"": 682, ""placement"": ""quantile"", ""slabs"": [{""k"": 1, ""n"": 145}, {""k"": 1, ""n"": 160}, {""k"": 1, ""n"": 161}, {""k"": 1, ""n"": 161}, {""k"": 1, ""n"": 160}, {""k"": 1, ""n"": 145}]}, {""constant_lens"": false, ""gain"": 0.25, ""lens"": ""pc1"", ""lens_scaling"": ""standardize"", ""min_cluster_size"": 37, ""min_samples"": 5, ""n_class"": 772, ""n_edges"": 7, ""n_intervals"": 6, ""n_vertices"": 7, ""noise_reassigned"": 590, ""placement"": ""quantile"", ""slabs"": [{""k"": 1, ""n"": 145}, {""k"": 1, ""n"": 161}, {""k"": 1, ""n"": 161}, {""k"": 1, ""n"": 161}, {""k"": 2, ""n"": 161}, {""k"": 1, ""n"": 145}]}, {""constant_lens"": false, ""gain"": 0.25, ""lens"": ""pc1"", ""lens_scaling"": ""standardize"", ""min_cluster_size"": 37, ""min_samples"": 5, ""n_class"": 772, ""n_edges"": 5, ""n_intervals"": 6, ""n_vertices"": 6, ""noise_reassigned"": 695, ""placement"": ""quantile"", ""slabs"": [{""k"": 1, ""n"": 145}, {""k"": 1, ""n"": 161}, {""k"": 1, ""n"": 161}, {""k"": 1, ""n"": 161}, {""k"": 1, ""n"": 161}, {""k"": 1, ""n"": 145}]}, {""constant_lens"": false, ""gain"": 0.25, ""lens"": ""pc1"", ""lens_scaling"": ""standardize"", ""min_cluster_size"": 37, ""min_samples"": 5, ""n_class"": 712, ""n_edges"": 5, ""n_intervals"": 6, ""n_vertices"": 6, ""noise_reassigned"": 629, ""placement"": ""quantile"", ""slabs"": [{""k"": 1, ""n"": 134}, {""k"": 1, ""n"": 148}, {""k"": 1, ""n"": 148}, {""k"": 1, ""n"": 148}, {""k"": 1, ""n"": 148}, {""k"": 1, ""n"": 134}]}, {""constant_lens"": false, ""gain"": 0.25, ""lens"": ""pc1"", ""lens_scaling"": ""standardize"", ""min_cluster_size"": 37, ""min_samples"": 5, ""n_class"": 772, ""n_edges"": 5, ""n_intervals"": 6, ""n_vertices"": 6, ""noise_reassigned"": 696, ""placement"": ""quantile"", ""slabs"": [{""k"": 1, ""n"": 145}, {""k"": 1, ""n"": 161}, {""k"": 1, ""n"": 161}, {""k"": 1, ""n"": 161}, {""k"": 1, ""n"": 161}, {""k"": 1, ""n"": 145}]}, {""constant_lens"": false, ""gain"": 0.25, ""lens"": ""pc1"", ""lens_scaling"": ""standardize"", ""min_cluster_size"": 37, ""min_samples"": 5, ""n_class"": 712, ""n_edges"": 5, ""n_intervals"": 6, ""n_vertices"": 7, ""noise_reassigned"": 328, ""placement"": ""quantile"", ""slabs"": [{""k"": 1, ""n"": 134}, {""k"": 1, ""n"": 148}, {""k"": 1, ""n"": 148}, {""k"": 2, ""n"": 148}, {""k"": 1, ""n"": 148}, {""k"": 1, ""n"": 134}]}, {""constant_lens"": false, ""gain"": 0.25, ""lens"": ""pc1"", ""lens_scaling"": ""standardize"", ""min_cluster_size"": 37, ""min_samples"": 5, ""n_class"": 713, ""n_edges"": 5, ""n_intervals"": 6, ""n_vertices"": 6, ""noise_reassigned"": 640, ""placement"": ""quantile"", ""slabs"": [{""k"": 1, ""n"": 134}, {""k"": 1, ""n"": 149}, {""k"": 1, ""n"": 148}, {""k"": 1, ""n"": 148}, {""k"": 1, ""n"": 149}, {""k"": 1, ""n"": 134}]}, {""constant_lens"": false, ""gain"": 0.25, ""lens"": ""pc1"", ""lens_scaling"": ""standardize"", ""min_cluster_size"": 37, ""min_samples"": 5, ""n_class"": 770, ""n_edges"": 5, ""n_intervals"": 6, ""n_vertices"": 6, ""noise_reassigned"": 596, ""placement"": ""quantile"", ""slabs"": [{""k"": 1, ""n"": 145}, {""k"": 1, ""n"": 160}, {""k"": 1, ""n"": 160}, {""k"": 1, ""n"": 160}, {""k"": 1, ""n"": 160}, {""k"": 1, ""n"": 145}]}, {""constant_lens"": false, ""gain"": 0.25, ""lens"": ""pc1"", ""lens_scaling"": ""standardize"", ""min_cluster_size"": 37, ""min_samples"": 5, ""n_class"": 713, ""n_edges"": 5, ""n_intervals"": 6, ""n_vertices"": 6, ""noise_reassigned"": 559, ""placement"": ""uniform"", ""slabs"": [{""k"": 1, ""n"": 169}, {""k"": 1, ""n"": 180}, {""k"": 1, ""n"": 130}, {""k"": 1, ""n"": 95}, {""k"": 1, ""n"": 137}, {""k"": 1, ""n"": 151}]}, {""constant_lens"": false, ""gain"": 0.25, ""lens"": ""pc1"", ""lens_scaling"": ""standardize"", ""min_cluster_size"": 37, ""min_samples"": 5, ""n_class"": 713, ""n_edges"": 5, ""n_intervals"": 6, ""n_vertices"": 6, ""noise_reassigned"": 409, ""placement"": ""quantile"", ""slabs"": [{""k"": 1, ""n"": 134}, {""k"": 1, ""n"": 149}, {""k"": 1, ""n"": 148}, {""k"": 1, ""n"": 148}, {""k"": 1, ""n"": 149}, {""k"": 1, ""n"": 134}]}], ""soundness_bound_holds"": true, ""step_rule"": ""scale_free"", ""topology_retention_nerve_to_frozen"": {""beta0_frozen"": 16, ""beta0_nerve"": 11, ""beta1_frozen"": 0, ""beta1_nerve"": 1}}",True
0.9544626593806922,49,False,0.0049524964625025265,0.005,,6.115138000022853,6.115138000022853,0.0,penbased,2,,SPINE+Graph,10,49,1098,9894,0.9950475035374975,2058206364,False,"{""admission"": {""criterion"": ""risk"", ""removed_risk"": 6, ""removed_support"": 0}, ""betti_final"": [[2, 0], [2, 0], [2, 0], [1, 0], [1, 0], [3, 0], [1, 0], [1, 0], [1, 0], [2, 0]], ""betti_frozen"": [[2, 0], [2, 0], [2, 0], [1, 0], [1, 0], [3, 0], [1, 0], [1, 0], [1, 0], [2, 0]], ""betti_nerve"": [[1, 0], [1, 1], [1, 0], [1, 0], [1, 0], [2, 0], [1, 0], [1, 0], [1, 0], [1, 0]], ""boundary_restriction"": ""both"", ""forced_removals"": 0, ""growth_representation_fallbacks"": 0, ""invariant_held"": true, ""n_segments"": 33, ""n_train_fit"": 7420, ""n_val"": 2474, ""phase0"": [{""constant_lens"": false, ""gain"": 0.25, ""lens"": ""pc1"", ""lens_scaling"": ""standardize"", ""min_cluster_size"": 37, ""min_samples"": 5, ""n_class"": 771, ""n_edges"": 5, ""n_intervals"": 6, ""n_vertices"": 6, ""noise_reassigned"": 682, ""placement"": ""quantile"", ""slabs"": [{""k"": 1, ""n"": 145}, {""k"": 1, ""n"": 160}, {""k"": 1, ""n"": 161}, {""k"": 1, ""n"": 161}, {""k"": 1, ""n"": 160}, {""k"": 1, ""n"": 145}]}, {""constant_lens"": false, ""gain"": 0.25, ""lens"": ""pc1"", ""lens_scaling"": ""standardize"", ""min_cluster_size"": 37, ""min_samples"": 5, ""n_class"": 772, ""n_edges"": 7, ""n_intervals"": 6, ""n_vertices"": 7, ""noise_reassigned"": 590, ""placement"": ""quantile"", ""slabs"": [{""k"": 1, ""n"": 145}, {""k"": 1, ""n"": 161}, {""k"": 1, ""n"": 161}, {""k"": 1, ""n"": 161}, {""k"": 2, ""n"": 161}, {""k"": 1, ""n"": 145}]}, {""constant_lens"": false, ""gain"": 0.25, ""lens"": ""pc1"", ""lens_scaling"": ""standardize"", ""min_cluster_size"": 37, ""min_samples"": 5, ""n_class"": 772, ""n_edges"": 5, ""n_intervals"": 6, ""n_vertices"": 6, ""noise_reassigned"": 695, ""placement"": ""quantile"", ""slabs"": [{""k"": 1, ""n"": 145}, {""k"": 1, ""n"": 161}, {""k"": 1, ""n"": 161}, {""k"": 1, ""n"": 161}, {""k"": 1, ""n"": 161}, {""k"": 1, ""n"": 145}]}, {""constant_lens"": false, ""gain"": 0.25, ""lens"": ""pc1"", ""lens_scaling"": ""standardize"", ""min_cluster_size"": 37, ""min_samples"": 5, ""n_class"": 712, ""n_edges"": 5, ""n_intervals"": 6, ""n_vertices"": 6, ""noise_reassigned"": 629, ""placement"": ""quantile"", ""slabs"": [{""k"": 1, ""n"": 134}, {""k"": 1, ""n"": 148}, {""k"": 1, ""n"": 148}, {""k"": 1, ""n"": 148}, {""k"": 1, ""n"": 148}, {""k"": 1, ""n"": 134}]}, {""constant_lens"": false, ""gain"": 0.25, ""lens"": ""pc1"", ""lens_scaling"": ""standardize"", ""min_cluster_size"": 37, ""min_samples"": 5, ""n_class"": 772, ""n_edges"": 5, ""n_intervals"": 6, ""n_vertices"": 6, ""noise_reassigned"": 696, ""placement"": ""quantile"", ""slabs"": [{""k"": 1, ""n"": 145}, {""k"": 1, ""n"": 161}, {""k"": 1, ""n"": 161}, {""k"": 1, ""n"": 161}, {""k"": 1, ""n"": 161}, {""k"": 1, ""n"": 145}]}, {""constant_lens"": false, ""gain"": 0.25, ""lens"": ""pc1"", ""lens_scaling"": ""standardize"", ""min_cluster_size"": 37, ""min_samples"": 5, ""n_class"": 712, ""n_edges"": 5, ""n_intervals"": 6, ""n_vertices"": 7, ""noise_reassigned"": 328, ""placement"": ""quantile"", ""slabs"": [{""k"": 1, ""n"": 134}, {""k"": 1, ""n"": 148}, {""k"": 1, ""n"": 148}, {""k"": 2, ""n"": 148}, {""k"": 1, ""n"": 148}, {""k"": 1, ""n"": 134}]}, {""constant_lens"": false, ""gain"": 0.25, ""lens"": ""pc1"", ""lens_scaling"": ""standardize"", ""min_cluster_size"": 37, ""min_samples"": 5, ""n_class"": 713, ""n_edges"": 5, ""n_intervals"": 6, ""n_vertices"": 6, ""noise_reassigned"": 640, ""placement"": ""quantile"", ""slabs"": [{""k"": 1, ""n"": 134}, {""k"": 1, ""n"": 149}, {""k"": 1, ""n"": 148}, {""k"": 1, ""n"": 148}, {""k"": 1, ""n"": 149}, {""k"": 1, ""n"": 134}]}, {""constant_lens"": false, ""gain"": 0.25, ""lens"": ""pc1"", ""lens_scaling"": ""standardize"", ""min_cluster_size"": 37, ""min_samples"": 5, ""n_class"": 770, ""n_edges"": 5, ""n_intervals"": 6, ""n_vertices"": 6, ""noise_reassigned"": 596, ""placement"": ""quantile"", ""slabs"": [{""k"": 1, ""n"": 145}, {""k"": 1, ""n"": 160}, {""k"": 1, ""n"": 160}, {""k"": 1, ""n"": 160}, {""k"": 1, ""n"": 160}, {""k"": 1, ""n"": 145}]}, {""constant_lens"": false, ""gain"": 0.25, ""lens"": ""pc1"", ""lens_scaling"": ""standardize"", ""min_cluster_size"": 37, ""min_samples"": 5, ""n_class"": 713, ""n_edges"": 5, ""n_intervals"": 6, ""n_vertices"": 6, ""noise_reassigned"": 559, ""placement"": ""uniform"", ""slabs"": [{""k"": 1, ""n"": 169}, {""k"": 1, ""n"": 180}, {""k"": 1, ""n"": 130}, {""k"": 1, ""n"": 95}, {""k"": 1, ""n"": 137}, {""k"": 1, ""n"": 151}]}, {""constant_lens"": false, ""gain"": 0.25, ""lens"": ""pc1"", ""lens_scaling"": ""standardize"", ""min_cluster_size"": 37, ""min_samples"": 5, ""n_class"": 713, ""n_edges"": 5, ""n_intervals"": 6, ""n_vertices"": 6, ""noise_reassigned"": 409, ""placement"": ""quantile"", ""slabs"": [{""k"": 1, ""n"": 134}, {""k"": 1, ""n"": 149}, {""k"": 1, ""n"": 148}, {""k"": 1, ""n"": 148}, {""k"": 1, ""n"": 149}, {""k"": 1, ""n"": 134}]}], ""soundness_bound_holds"": true, ""step_rule"": ""scale_free"", ""topology_retention_nerve_to_frozen"": {""beta0_frozen"": 16, ""beta0_nerve"": 11, ""beta1_frozen"": 0, ""beta1_nerve"": 1}}",True
0.9790528233151184,49,False,0.0049524964625025265,0.005,,3.2605510000139475,61.01102999999421,57.75047899998026,penbased,2,"{""epsilon"": 0.1, ""window"": 0.2}",LVQ3,10,49,1098,9894,0.9950475035374975,2058206364,False,,True
0.9562841530054644,49,False,0.0049524964625025265,0.005,"{""0"": 5, ""1"": 5, ""2"": 5, ""3"": 5, ""4"": 5, ""5"": 4, ""6"": 5, ""7"": 5, ""8"": 5, ""9"": 5}",1.4521930000046268,1.4521930000046268,0.0,penbased,2,,KMeans,10,49,1098,9894,0.9950475035374975,2058206364,False,,True
0.848816029143898,49,False,0.0049524964625025265,0.005,"{""0"": 5, ""1"": 5, ""2"": 5, ""3"": 5, ""4"": 5, ""5"": 4, ""6"": 5, ""7"": 5, ""8"": 5, ""9"": 5}",0.0025449999957345426,0.0025449999957345426,0.0,penbased,2,,Random,10,49,1098,9894,0.9950475035374975,2058206364,False,,True
0.9207650273224044,49,False,0.0049524964625025265,0.005,,2.6242090000014286,2.6242090000014286,0.0,penbased,2,,SPOT,10,49,1098,9894,0.9950475035374975,2058206364,False,,True
0.9462659380692168,49,False,0.0049524964625025265,0.005,,14.526976999972248,14.526976999972248,0.0,penbased,2,,GLVQ,10,49,1098,9894,0.9950475035374975,2058206364,False,,True
0.9544626593806922,49,False,0.0049524964625025265,0.005,,1.2327650000224821,1.2327650000224821,0.0,penbased,2,,GNG,10,49,1098,9894,0.9950475035374975,2058206364,False,,True
0.994535519125683,99,False,0.010006064281382655,0.01,,0.001281000004382804,0.001281000004382804,0.0,penbased,2,,Full,10,9894,1098,9894,0.0,2058206364,True,,False
0.9918032786885246,99,False,0.010006064281382655,0.01,,2.676336000004085,2.676336000004085,0.0,penbased,2,,RSP3,10,1055,1098,9894,0.8933697190216293,2058206364,True,,False
0.9890710382513661,99,False,0.010006064281382655,0.01,,1.0716219999885652,1.0716219999885652,0.0,penbased,2,,RHC,10,328,1098,9894,0.9668485951081464,2058206364,True,,False
0.9608378870673953,99,False,0.010006064281382655,0.01,,7.761249000002863,7.761249000002863,0.0,penbased,2,,SPINE+1NN,10,99,1098,9894,0.9899939357186174,2058206364,False,"{""admission"": {""criterion"": ""risk"", ""removed_risk"": 6, ""removed_support"": 0}, ""betti_final"": [[2, 0], [2, 0], [2, 0], [1, 0], [1, 0], [3, 0], [1, 0], [1, 0], [1, 0], [2, 0]], ""betti_frozen"": [[2, 0], [2, 0], [2, 0], [1, 0], [1, 0], [3, 0], [1, 0], [1, 0], [1, 0], [2, 0]], ""betti_nerve"": [[1, 0], [1, 1], [1, 0], [1, 0], [1, 0], [2, 0], [1, 0], [1, 0], [1, 0], [1, 0]], ""boundary_restriction"": ""both"", ""forced_removals"": 0, ""growth_representation_fallbacks"": 6, ""invariant_held"": true, ""n_segments"": 83, ""n_train_fit"": 7420, ""n_val"": 2474, ""phase0"": [{""constant_lens"": false, ""gain"": 0.25, ""lens"": ""pc1"", ""lens_scaling"": ""standardize"", ""min_cluster_size"": 37, ""min_samples"": 5, ""n_class"": 771, ""n_edges"": 5, ""n_intervals"": 6, ""n_vertices"": 6, ""noise_reassigned"": 682, ""placement"": ""quantile"", ""slabs"": [{""k"": 1, ""n"": 145}, {""k"": 1, ""n"": 160}, {""k"": 1, ""n"": 161}, {""k"": 1, ""n"": 161}, {""k"": 1, ""n"": 160}, {""k"": 1, ""n"": 145}]}, {""constant_lens"": false, ""gain"": 0.25, ""lens"": ""pc1"", ""lens_scaling"": ""standardize"", ""min_cluster_size"": 37, ""min_samples"": 5, ""n_class"": 772, ""n_edges"": 7, ""n_intervals"": 6, ""n_vertices"": 7, ""noise_reassigned"": 590, ""placement"": ""quantile"", ""slabs"": [{""k"": 1, ""n"": 145}, {""k"": 1, ""n"": 161}, {""k"": 1, ""n"": 161}, {""k"": 1, ""n"": 161}, {""k"": 2, ""n"": 161}, {""k"": 1, ""n"": 145}]}, {""constant_lens"": false, ""gain"": 0.25, ""lens"": ""pc1"", ""lens_scaling"": ""standardize"", ""min_cluster_size"": 37, ""min_samples"": 5, ""n_class"": 772, ""n_edges"": 5, ""n_intervals"": 6, ""n_vertices"": 6, ""noise_reassigned"": 695, ""placement"": ""quantile"", ""slabs"": [{""k"": 1, ""n"": 145}, {""k"": 1, ""n"": 161}, {""k"": 1, ""n"": 161}, {""k"": 1, ""n"": 161}, {""k"": 1, ""n"": 161}, {""k"": 1, ""n"": 145}]}, {""constant_lens"": false, ""gain"": 0.25, ""lens"": ""pc1"", ""lens_scaling"": ""standardize"", ""min_cluster_size"": 37, ""min_samples"": 5, ""n_class"": 712, ""n_edges"": 5, ""n_intervals"": 6, ""n_vertices"": 6, ""noise_reassigned"": 629, ""placement"": ""quantile"", ""slabs"": [{""k"": 1, ""n"": 134}, {""k"": 1, ""n"": 148}, {""k"": 1, ""n"": 148}, {""k"": 1, ""n"": 148}, {""k"": 1, ""n"": 148}, {""k"": 1, ""n"": 134}]}, {""constant_lens"": false, ""gain"": 0.25, ""lens"": ""pc1"", ""lens_scaling"": ""standardize"", ""min_cluster_size"": 37, ""min_samples"": 5, ""n_class"": 772, ""n_edges"": 5, ""n_intervals"": 6, ""n_vertices"": 6, ""noise_reassigned"": 696, ""placement"": ""quantile"", ""slabs"": [{""k"": 1, ""n"": 145}, {""k"": 1, ""n"": 161}, {""k"": 1, ""n"": 161}, {""k"": 1, ""n"": 161}, {""k"": 1, ""n"": 161}, {""k"": 1, ""n"": 145}]}, {""constant_lens"": false, ""gain"": 0.25, ""lens"": ""pc1"", ""lens_scaling"": ""standardize"", ""min_cluster_size"": 37, ""min_samples"": 5, ""n_class"": 712, ""n_edges"": 5, ""n_intervals"": 6, ""n_vertices"": 7, ""noise_reassigned"": 328, ""placement"": ""quantile"", ""slabs"": [{""k"": 1, ""n"": 134}, {""k"": 1, ""n"": 148}, {""k"": 1, ""n"": 148}, {""k"": 2, ""n"": 148}, {""k"": 1, ""n"": 148}, {""k"": 1, ""n"": 134}]}, {""constant_lens"": false, ""gain"": 0.25, ""lens"": ""pc1"", ""lens_scaling"": ""standardize"", ""min_cluster_size"": 37, ""min_samples"": 5, ""n_class"": 713, ""n_edges"": 5, ""n_intervals"": 6, ""n_vertices"": 6, ""noise_reassigned"": 640, ""placement"": ""quantile"", ""slabs"": [{""k"": 1, ""n"": 134}, {""k"": 1, ""n"": 149}, {""k"": 1, ""n"": 148}, {""k"": 1, ""n"": 148}, {""k"": 1, ""n"": 149}, {""k"": 1, ""n"": 134}]}, {""constant_lens"": false, ""gain"": 0.25, ""lens"": ""pc1"", ""lens_scaling"": ""standardize"", ""min_cluster_size"": 37, ""min_samples"": 5, ""n_class"": 770, ""n_edges"": 5, ""n_intervals"": 6, ""n_vertices"": 6, ""noise_reassigned"": 596, ""placement"": ""quantile"", ""slabs"": [{""k"": 1, ""n"": 145}, {""k"": 1, ""n"": 160}, {""k"": 1, ""n"": 160}, {""k"": 1, ""n"": 160}, {""k"": 1, ""n"": 160}, {""k"": 1, ""n"": 145}]}, {""constant_lens"": false, ""gain"": 0.25, ""lens"": ""pc1"", ""lens_scaling"": ""standardize"", ""min_cluster_size"": 37, ""min_samples"": 5, ""n_class"": 713, ""n_edges"": 5, ""n_intervals"": 6, ""n_vertices"": 6, ""noise_reassigned"": 559, ""placement"": ""uniform"", ""slabs"": [{""k"": 1, ""n"": 169}, {""k"": 1, ""n"": 180}, {""k"": 1, ""n"": 130}, {""k"": 1, ""n"": 95}, {""k"": 1, ""n"": 137}, {""k"": 1, ""n"": 151}]}, {""constant_lens"": false, ""gain"": 0.25, ""lens"": ""pc1"", ""lens_scaling"": ""standardize"", ""min_cluster_size"": 37, ""min_samples"": 5, ""n_class"": 713, ""n_edges"": 5, ""n_intervals"": 6, ""n_vertices"": 6, ""noise_reassigned"": 409, ""placement"": ""quantile"", ""slabs"": [{""k"": 1, ""n"": 134}, {""k"": 1, ""n"": 149}, {""k"": 1, ""n"": 148}, {""k"": 1, ""n"": 148}, {""k"": 1, ""n"": 149}, {""k"": 1, ""n"": 134}]}], ""soundness_bound_holds"": true, ""step_rule"": ""scale_free"", ""topology_retention_nerve_to_frozen"": {""beta0_frozen"": 16, ""beta0_nerve"": 11, ""beta1_frozen"": 0, ""beta1_nerve"": 1}}",True
0.9653916211293261,99,False,0.010006064281382655,0.01,,7.761249000002863,7.761249000002863,0.0,penbased,2,,SPINE+Graph,10,99,1098,9894,0.9899939357186174,2058206364,False,"{""admission"": {""criterion"": ""risk"", ""removed_risk"": 6, ""removed_support"": 0}, ""betti_final"": [[2, 0], [2, 0], [2, 0], [1, 0], [1, 0], [3, 0], [1, 0], [1, 0], [1, 0], [2, 0]], ""betti_frozen"": [[2, 0], [2, 0], [2, 0], [1, 0], [1, 0], [3, 0], [1, 0], [1, 0], [1, 0], [2, 0]], ""betti_nerve"": [[1, 0], [1, 1], [1, 0], [1, 0], [1, 0], [2, 0], [1, 0], [1, 0], [1, 0], [1, 0]], ""boundary_restriction"": ""both"", ""forced_removals"": 0, ""growth_representation_fallbacks"": 6, ""invariant_held"": true, ""n_segments"": 83, ""n_train_fit"": 7420, ""n_val"": 2474, ""phase0"": [{""constant_lens"": false, ""gain"": 0.25, ""lens"": ""pc1"", ""lens_scaling"": ""standardize"", ""min_cluster_size"": 37, ""min_samples"": 5, ""n_class"": 771, ""n_edges"": 5, ""n_intervals"": 6, ""n_vertices"": 6, ""noise_reassigned"": 682, ""placement"": ""quantile"", ""slabs"": [{""k"": 1, ""n"": 145}, {""k"": 1, ""n"": 160}, {""k"": 1, ""n"": 161}, {""k"": 1, ""n"": 161}, {""k"": 1, ""n"": 160}, {""k"": 1, ""n"": 145}]}, {""constant_lens"": false, ""gain"": 0.25, ""lens"": ""pc1"", ""lens_scaling"": ""standardize"", ""min_cluster_size"": 37, ""min_samples"": 5, ""n_class"": 772, ""n_edges"": 7, ""n_intervals"": 6, ""n_vertices"": 7, ""noise_reassigned"": 590, ""placement"": ""quantile"", ""slabs"": [{""k"": 1, ""n"": 145}, {""k"": 1, ""n"": 161}, {""k"": 1, ""n"": 161}, {""k"": 1, ""n"": 161}, {""k"": 2, ""n"": 161}, {""k"": 1, ""n"": 145}]}, {""constant_lens"": false, ""gain"": 0.25, ""lens"": ""pc1"", ""lens_scaling"": ""standardize"", ""min_cluster_size"": 37, ""min_samples"": 5, ""n_class"": 772, ""n_edges"": 5, ""n_intervals"": 6, ""n_vertices"": 6, ""noise_reassigned"": 695, ""placement"": ""quantile"", ""slabs"": [{""k"": 1, ""n"": 145}, {""k"": 1, ""n"": 161}, {""k"": 1, ""n"": 161}, {""k"": 1, ""n"": 161}, {""k"": 1, ""n"": 161}, {""k"": 1, ""n"": 145}]}, {""constant_lens"": false, ""gain"": 0.25, ""lens"": ""pc1"", ""lens_scaling"": ""standardize"", ""min_cluster_size"": 37, ""min_samples"": 5, ""n_class"": 712, ""n_edges"": 5, ""n_intervals"": 6, ""n_vertices"": 6, ""noise_reassigned"": 629, ""placement"": ""quantile"", ""slabs"": [{""k"": 1, ""n"": 134}, {""k"": 1, ""n"": 148}, {""k"": 1, ""n"": 148}, {""k"": 1, ""n"": 148}, {""k"": 1, ""n"": 148}, {""k"": 1, ""n"": 134}]}, {""constant_lens"": false, ""gain"": 0.25, ""lens"": ""pc1"", ""lens_scaling"": ""standardize"", ""min_cluster_size"": 37, ""min_samples"": 5, ""n_class"": 772, ""n_edges"": 5, ""n_intervals"": 6, ""n_vertices"": 6, ""noise_reassigned"": 696, ""placement"": ""quantile"", ""slabs"": [{""k"": 1, ""n"": 145}, {""k"": 1, ""n"": 161}, {""k"": 1, ""n"": 161}, {""k"": 1, ""n"": 161}, {""k"": 1, ""n"": 161}, {""k"": 1, ""n"": 145}]}, {""constant_lens"": false, ""gain"": 0.25, ""lens"": ""pc1"", ""lens_scaling"": ""standardize"", ""min_cluster_size"": 37, ""min_samples"": 5, ""n_class"": 712, ""n_edges"": 5, ""n_intervals"": 6, ""n_vertices"": 7, ""noise_reassigned"": 328, ""placement"": ""quantile"", ""slabs"": [{""k"": 1, ""n"": 134}, {""k"": 1, ""n"": 148}, {""k"": 1, ""n"": 148}, {""k"": 2, ""n"": 148}, {""k"": 1, ""n"": 148}, {""k"": 1, ""n"": 134}]}, {""constant_lens"": false, ""gain"": 0.25, ""lens"": ""pc1"", ""lens_scaling"": ""standardize"", ""min_cluster_size"": 37, ""min_samples"": 5, ""n_class"": 713, ""n_edges"": 5, ""n_intervals"": 6, ""n_vertices"": 6, ""noise_reassigned"": 640, ""placement"": ""quantile"", ""slabs"": [{""k"": 1, ""n"": 134}, {""k"": 1, ""n"": 149}, {""k"": 1, ""n"": 148}, {""k"": 1, ""n"": 148}, {""k"": 1, ""n"": 149}, {""k"": 1, ""n"": 134}]}, {""constant_lens"": false, ""gain"": 0.25, ""lens"": ""pc1"", ""lens_scaling"": ""standardize"", ""min_cluster_size"": 37, ""min_samples"": 5, ""n_class"": 770, ""n_edges"": 5, ""n_intervals"": 6, ""n_vertices"": 6, ""noise_reassigned"": 596, ""placement"": ""quantile"", ""slabs"": [{""k"": 1, ""n"": 145}, {""k"": 1, ""n"": 160}, {""k"": 1, ""n"": 160}, {""k"": 1, ""n"": 160}, {""k"": 1, ""n"": 160}, {""k"": 1, ""n"": 145}]}, {""constant_lens"": false, ""gain"": 0.25, ""lens"": ""pc1"", ""lens_scaling"": ""standardize"", ""min_cluster_size"": 37, ""min_samples"": 5, ""n_class"": 713, ""n_edges"": 5, ""n_intervals"": 6, ""n_vertices"": 6, ""noise_reassigned"": 559, ""placement"": ""uniform"", ""slabs"": [{""k"": 1, ""n"": 169}, {""k"": 1, ""n"": 180}, {""k"": 1, ""n"": 130}, {""k"": 1, ""n"": 95}, {""k"": 1, ""n"": 137}, {""k"": 1, ""n"": 151}]}, {""constant_lens"": false, ""gain"": 0.25, ""lens"": ""pc1"", ""lens_scaling"": ""standardize"", ""min_cluster_size"": 37, ""min_samples"": 5, ""n_class"": 713, ""n_edges"": 5, ""n_intervals"": 6, ""n_vertices"": 6, ""noise_reassigned"": 409, ""placement"": ""quantile"", ""slabs"": [{""k"": 1, ""n"": 134}, {""k"": 1, ""n"": 149}, {""k"": 1, ""n"": 148}, {""k"": 1, ""n"": 148}, {""k"": 1, ""n"": 149}, {""k"": 1, ""n"": 134}]}], ""soundness_bound_holds"": true, ""step_rule"": ""scale_free"", ""topology_retention_nerve_to_frozen"": {""beta0_frozen"": 16, ""beta0_nerve"": 11, ""beta1_frozen"": 0, ""beta1_nerve"": 1}}",True
0.9744990892531876,99,False,0.010006064281382655,0.01,,3.625394000002416,69.29394400000456,65.66855000000214,penbased,2,"{""epsilon"": 0.1, ""window"": 0.2}",LVQ3,10,99,1098,9894,0.9899939357186174,2058206364,False,,True
0.9744990892531876,99,False,0.010006064281382655,0.01,"{""0"": 10, ""1"": 10, ""2"": 10, ""3"": 10, ""4"": 10, ""5"": 9, ""6"": 10, ""7"": 10, ""8"": 10, ""9"": 10}",2.261716000008164,2.261716000008164,0.0,penbased,2,,KMeans,10,99,1098,9894,0.9899939357186174,2058206364,False,,True
0.9298724954462659,99,False,0.010006064281382655,0.01,"{""0"": 10, ""1"": 10, ""2"": 10, ""3"": 10, ""4"": 10, ""5"": 9, ""6"": 10, ""7"": 10, ""8"": 10, ""9"": 10}",0.003913000022294,0.003913000022294,0.0,penbased,2,,Random,10,99,1098,9894,0.9899939357186174,2058206364,False,,True
0.9599271402550091,99,False,0.010006064281382655,0.01,,2.9159249999793246,2.9159249999793246,0.0,penbased,2,,SPOT,10,99,1098,9894,0.9899939357186174,2058206364,False,,True
0.9435336976320583,99,False,0.010006064281382655,0.01,,25.15003700001398,25.15003700001398,0.0,penbased,2,,GLVQ,10,99,1098,9894,0.9899939357186174,2058206364,False,,True
0.97632058287796,99,False,0.010006064281382655,0.01,,1.7329659999813884,1.7329659999813884,0.0,penbased,2,,GNG,10,99,1098,9894,0.9899939357186174,2058206364,False,,True
0.994535519125683,198,False,0.02001212856276531,0.02,,0.001281000004382804,0.001281000004382804,0.0,penbased,2,,Full,10,9894,1098,9894,0.0,2058206364,True,,False
0.9918032786885246,198,False,0.02001212856276531,0.02,,2.676336000004085,2.676336000004085,0.0,penbased,2,,RSP3,10,1055,1098,9894,0.8933697190216293,2058206364,True,,False
0.9890710382513661,198,False,0.02001212856276531,0.02,,1.0716219999885652,1.0716219999885652,0.0,penbased,2,,RHC,10,328,1098,9894,0.9668485951081464,2058206364,True,,False
0.9699453551912568,198,False,0.02001212856276531,0.02,,9.419523999997182,9.419523999997182,0.0,penbased,2,,SPINE+1NN,10,198,1098,9894,0.9799878714372346,2058206364,False,"{""admission"": {""criterion"": ""risk"", ""removed_risk"": 6, ""removed_support"": 0}, ""betti_final"": [[2, 0], [2, 0], [2, 0], [1, 0], [1, 0], [3, 0], [1, 0], [1, 0], [1, 0], [2, 0]], ""betti_frozen"": [[2, 0], [2, 0], [2, 0], [1, 0], [1, 0], [3, 0], [1, 0], [1, 0], [1, 0], [2, 0]], ""betti_nerve"": [[1, 0], [1, 1], [1, 0], [1, 0], [1, 0], [2, 0], [1, 0], [1, 0], [1, 0], [1, 0]], ""boundary_restriction"": ""both"", ""forced_removals"": 0, ""growth_representation_fallbacks"": 70, ""invariant_held"": true, ""n_segments"": 182, ""n_train_fit"": 7420, ""n_val"": 2474, ""phase0"": [{""constant_lens"": false, ""gain"": 0.25, ""lens"": ""pc1"", ""lens_scaling"": ""standardize"", ""min_cluster_size"": 37, ""min_samples"": 5, ""n_class"": 771, ""n_edges"": 5, ""n_intervals"": 6, ""n_vertices"": 6, ""noise_reassigned"": 682, ""placement"": ""quantile"", ""slabs"": [{""k"": 1, ""n"": 145}, {""k"": 1, ""n"": 160}, {""k"": 1, ""n"": 161}, {""k"": 1, ""n"": 161}, {""k"": 1, ""n"": 160}, {""k"": 1, ""n"": 145}]}, {""constant_lens"": false, ""gain"": 0.25, ""lens"": ""pc1"", ""lens_scaling"": ""standardize"", ""min_cluster_size"": 37, ""min_samples"": 5, ""n_class"": 772, ""n_edges"": 7, ""n_intervals"": 6, ""n_vertices"": 7, ""noise_reassigned"": 590, ""placement"": ""quantile"", ""slabs"": [{""k"": 1, ""n"": 145}, {""k"": 1, ""n"": 161}, {""k"": 1, ""n"": 161}, {""k"": 1, ""n"": 161}, {""k"": 2, ""n"": 161}, {""k"": 1, ""n"": 145}]}, {""constant_lens"": false, ""gain"": 0.25, ""lens"": ""pc1"", ""lens_scaling"": ""standardize"", ""min_cluster_size"": 37, ""min_samples"": 5, ""n_class"": 772, ""n_edges"": 5, ""n_intervals"": 6, ""n_vertices"": 6, ""noise_reassigned"": 695, ""placement"": ""quantile"", ""slabs"": [{""k"": 1, ""n"": 145}, {""k"": 1, ""n"": 161}, {""k"": 1, ""n"": 161}, {""k"": 1, ""n"": 161}, {""k"": 1, ""n"": 161}, {""k"": 1, ""n"": 145}]}, {""constant_lens"": false, ""gain"": 0.25, ""lens"": ""pc1"", ""lens_scaling"": ""standardize"", ""min_cluster_size"": 37, ""min_samples"": 5, ""n_class"": 712, ""n_edges"": 5, ""n_intervals"": 6, ""n_vertices"": 6, ""noise_reassigned"": 629, ""placement"": ""quantile"", ""slabs"": [{""k"": 1, ""n"": 134}, {""k"": 1, ""n"": 148}, {""k"": 1, ""n"": 148}, {""k"": 1, ""n"": 148}, {""k"": 1, ""n"": 148}, {""k"": 1, ""n"": 134}]}, {""constant_lens"": false, ""gain"": 0.25, ""lens"": ""pc1"", ""lens_scaling"": ""standardize"", ""min_cluster_size"": 37, ""min_samples"": 5, ""n_class"": 772, ""n_edges"": 5, ""n_intervals"": 6, ""n_vertices"": 6, ""noise_reassigned"": 696, ""placement"": ""quantile"", ""slabs"": [{""k"": 1, ""n"": 145}, {""k"": 1, ""n"": 161}, {""k"": 1, ""n"": 161}, {""k"": 1, ""n"": 161}, {""k"": 1, ""n"": 161}, {""k"": 1, ""n"": 145}]}, {""constant_lens"": false, ""gain"": 0.25, ""lens"": ""pc1"", ""lens_scaling"": ""standardize"", ""min_cluster_size"": 37, ""min_samples"": 5, ""n_class"": 712, ""n_edges"": 5, ""n_intervals"": 6, ""n_vertices"": 7, ""noise_reassigned"": 328, ""placement"": ""quantile"", ""slabs"": [{""k"": 1, ""n"": 134}, {""k"": 1, ""n"": 148}, {""k"": 1, ""n"": 148}, {""k"": 2, ""n"": 148}, {""k"": 1, ""n"": 148}, {""k"": 1, ""n"": 134}]}, {""constant_lens"": false, ""gain"": 0.25, ""lens"": ""pc1"", ""lens_scaling"": ""standardize"", ""min_cluster_size"": 37, ""min_samples"": 5, ""n_class"": 713, ""n_edges"": 5, ""n_intervals"": 6, ""n_vertices"": 6, ""noise_reassigned"": 640, ""placement"": ""quantile"", ""slabs"": [{""k"": 1, ""n"": 134}, {""k"": 1, ""n"": 149}, {""k"": 1, ""n"": 148}, {""k"": 1, ""n"": 148}, {""k"": 1, ""n"": 149}, {""k"": 1, ""n"": 134}]}, {""constant_lens"": false, ""gain"": 0.25, ""lens"": ""pc1"", ""lens_scaling"": ""standardize"", ""min_cluster_size"": 37, ""min_samples"": 5, ""n_class"": 770, ""n_edges"": 5, ""n_intervals"": 6, ""n_vertices"": 6, ""noise_reassigned"": 596, ""placement"": ""quantile"", ""slabs"": [{""k"": 1, ""n"": 145}, {""k"": 1, ""n"": 160}, {""k"": 1, ""n"": 160}, {""k"": 1, ""n"": 160}, {""k"": 1, ""n"": 160}, {""k"": 1, ""n"": 145}]}, {""constant_lens"": false, ""gain"": 0.25, ""lens"": ""pc1"", ""lens_scaling"": ""standardize"", ""min_cluster_size"": 37, ""min_samples"": 5, ""n_class"": 713, ""n_edges"": 5, ""n_intervals"": 6, ""n_vertices"": 6, ""noise_reassigned"": 559, ""placement"": ""uniform"", ""slabs"": [{""k"": 1, ""n"": 169}, {""k"": 1, ""n"": 180}, {""k"": 1, ""n"": 130}, {""k"": 1, ""n"": 95}, {""k"": 1, ""n"": 137}, {""k"": 1, ""n"": 151}]}, {""constant_lens"": false, ""gain"": 0.25, ""lens"": ""pc1"", ""lens_scaling"": ""standardize"", ""min_cluster_size"": 37, ""min_samples"": 5, ""n_class"": 713, ""n_edges"": 5, ""n_intervals"": 6, ""n_vertices"": 6, ""noise_reassigned"": 409, ""placement"": ""quantile"", ""slabs"": [{""k"": 1, ""n"": 134}, {""k"": 1, ""n"": 149}, {""k"": 1, ""n"": 148}, {""k"": 1, ""n"": 148}, {""k"": 1, ""n"": 149}, {""k"": 1, ""n"": 134}]}], ""soundness_bound_holds"": true, ""step_rule"": ""scale_free"", ""topology_retention_nerve_to_frozen"": {""beta0_frozen"": 16, ""beta0_nerve"": 11, ""beta1_frozen"": 0, ""beta1_nerve"": 1}}",True
0.9717668488160291,198,False,0.02001212856276531,0.02,,9.419523999997182,9.419523999997182,0.0,penbased,2,,SPINE+Graph,10,198,1098,9894,0.9799878714372346,2058206364,False,"{""admission"": {""criterion"": ""risk"", ""removed_risk"": 6, ""removed_support"": 0}, ""betti_final"": [[2, 0], [2, 0], [2, 0], [1, 0], [1, 0], [3, 0], [1, 0], [1, 0], [1, 0], [2, 0]], ""betti_frozen"": [[2, 0], [2, 0], [2, 0], [1, 0], [1, 0], [3, 0], [1, 0], [1, 0], [1, 0], [2, 0]], ""betti_nerve"": [[1, 0], [1, 1], [1, 0], [1, 0], [1, 0], [2, 0], [1, 0], [1, 0], [1, 0], [1, 0]], ""boundary_restriction"": ""both"", ""forced_removals"": 0, ""growth_representation_fallbacks"": 70, ""invariant_held"": true, ""n_segments"": 182, ""n_train_fit"": 7420, ""n_val"": 2474, ""phase0"": [{""constant_lens"": false, ""gain"": 0.25, ""lens"": ""pc1"", ""lens_scaling"": ""standardize"", ""min_cluster_size"": 37, ""min_samples"": 5, ""n_class"": 771, ""n_edges"": 5, ""n_intervals"": 6, ""n_vertices"": 6, ""noise_reassigned"": 682, ""placement"": ""quantile"", ""slabs"": [{""k"": 1, ""n"": 145}, {""k"": 1, ""n"": 160}, {""k"": 1, ""n"": 161}, {""k"": 1, ""n"": 161}, {""k"": 1, ""n"": 160}, {""k"": 1, ""n"": 145}]}, {""constant_lens"": false, ""gain"": 0.25, ""lens"": ""pc1"", ""lens_scaling"": ""standardize"", ""min_cluster_size"": 37, ""min_samples"": 5, ""n_class"": 772, ""n_edges"": 7, ""n_intervals"": 6, ""n_vertices"": 7, ""noise_reassigned"": 590, ""placement"": ""quantile"", ""slabs"": [{""k"": 1, ""n"": 145}, {""k"": 1, ""n"": 161}, {""k"": 1, ""n"": 161}, {""k"": 1, ""n"": 161}, {""k"": 2, ""n"": 161}, {""k"": 1, ""n"": 145}]}, {""constant_lens"": false, ""gain"": 0.25, ""lens"": ""pc1"", ""lens_scaling"": ""standardize"", ""min_cluster_size"": 37, ""min_samples"": 5, ""n_class"": 772, ""n_edges"": 5, ""n_intervals"": 6, ""n_vertices"": 6, ""noise_reassigned"": 695, ""placement"": ""quantile"", ""slabs"": [{""k"": 1, ""n"": 145}, {""k"": 1, ""n"": 161}, {""k"": 1, ""n"": 161}, {""k"": 1, ""n"": 161}, {""k"": 1, ""n"": 161}, {""k"": 1, ""n"": 145}]}, {""constant_lens"": false, ""gain"": 0.25, ""lens"": ""pc1"", ""lens_scaling"": ""standardize"", ""min_cluster_size"": 37, ""min_samples"": 5, ""n_class"": 712, ""n_edges"": 5, ""n_intervals"": 6, ""n_vertices"": 6, ""noise_reassigned"": 629, ""placement"": ""quantile"", ""slabs"": [{""k"": 1, ""n"": 134}, {""k"": 1, ""n"": 148}, {""k"": 1, ""n"": 148}, {""k"": 1, ""n"": 148}, {""k"": 1, ""n"": 148}, {""k"": 1, ""n"": 134}]}, {""constant_lens"": false, ""gain"": 0.25, ""lens"": ""pc1"", ""lens_scaling"": ""standardize"", ""min_cluster_size"": 37, ""min_samples"": 5, ""n_class"": 772, ""n_edges"": 5, ""n_intervals"": 6, ""n_vertices"": 6, ""noise_reassigned"": 696, ""placement"": ""quantile"", ""slabs"": [{""k"": 1, ""n"": 145}, {""k"": 1, ""n"": 161}, {""k"": 1, ""n"": 161}, {""k"": 1, ""n"": 161}, {""k"": 1, ""n"": 161}, {""k"": 1, ""n"": 145}]}, {""constant_lens"": false, ""gain"": 0.25, ""lens"": ""pc1"", ""lens_scaling"": ""standardize"", ""min_cluster_size"": 37, ""min_samples"": 5, ""n_class"": 712, ""n_edges"": 5, ""n_intervals"": 6, ""n_vertices"": 7, ""noise_reassigned"": 328, ""placement"": ""quantile"", ""slabs"": [{""k"": 1, ""n"": 134}, {""k"": 1, ""n"": 148}, {""k"": 1, ""n"": 148}, {""k"": 2, ""n"": 148}, {""k"": 1, ""n"": 148}, {""k"": 1, ""n"": 134}]}, {""constant_lens"": false, ""gain"": 0.25, ""lens"": ""pc1"", ""lens_scaling"": ""standardize"", ""min_cluster_size"": 37, ""min_samples"": 5, ""n_class"": 713, ""n_edges"": 5, ""n_intervals"": 6, ""n_vertices"": 6, ""noise_reassigned"": 640, ""placement"": ""quantile"", ""slabs"": [{""k"": 1, ""n"": 134}, {""k"": 1, ""n"": 149}, {""k"": 1, ""n"": 148}, {""k"": 1, ""n"": 148}, {""k"": 1, ""n"": 149}, {""k"": 1, ""n"": 134}]}, {""constant_lens"": false, ""gain"": 0.25, ""lens"": ""pc1"", ""lens_scaling"": ""standardize"", ""min_cluster_size"": 37, ""min_samples"": 5, ""n_class"": 770, ""n_edges"": 5, ""n_intervals"": 6, ""n_vertices"": 6, ""noise_reassigned"": 596, ""placement"": ""quantile"", ""slabs"": [{""k"": 1, ""n"": 145}, {""k"": 1, ""n"": 160}, {""k"": 1, ""n"": 160}, {""k"": 1, ""n"": 160}, {""k"": 1, ""n"": 160}, {""k"": 1, ""n"": 145}]}, {""constant_lens"": false, ""gain"": 0.25, ""lens"": ""pc1"", ""lens_scaling"": ""standardize"", ""min_cluster_size"": 37, ""min_samples"": 5, ""n_class"": 713, ""n_edges"": 5, ""n_intervals"": 6, ""n_vertices"": 6, ""noise_reassigned"": 559, ""placement"": ""uniform"", ""slabs"": [{""k"": 1, ""n"": 169}, {""k"": 1, ""n"": 180}, {""k"": 1, ""n"": 130}, {""k"": 1, ""n"": 95}, {""k"": 1, ""n"": 137}, {""k"": 1, ""n"": 151}]}, {""constant_lens"": false, ""gain"": 0.25, ""lens"": ""pc1"", ""lens_scaling"": ""standardize"", ""min_cluster_size"": 37, ""min_samples"": 5, ""n_class"": 713, ""n_edges"": 5, ""n_intervals"": 6, ""n_vertices"": 6, ""noise_reassigned"": 409, ""placement"": ""quantile"", ""slabs"": [{""k"": 1, ""n"": 134}, {""k"": 1, ""n"": 149}, {""k"": 1, ""n"": 148}, {""k"": 1, ""n"": 148}, {""k"": 1, ""n"": 149}, {""k"": 1, ""n"": 134}]}], ""soundness_bound_holds"": true, ""step_rule"": ""scale_free"", ""topology_retention_nerve_to_frozen"": {""beta0_frozen"": 16, ""beta0_nerve"": 11, ""beta1_frozen"": 0, ""beta1_nerve"": 1}}",True
0.9790528233151184,198,False,0.02001212856276531,0.02,,4.93248700001277,86.84148000000278,81.90899299999,penbased,2,"{""epsilon"": 0.1, ""window"": 0.3}",LVQ3,10,198,1098,9894,0.9799878714372346,2058206364,False,,True
0.9899817850637522,198,False,0.02001212856276531,0.02,"{""0"": 20, ""1"": 21, ""2"": 21, ""3"": 19, ""4"": 21, ""5"": 19, ""6"": 19, ""7"": 20, ""8"": 19, ""9"": 19}",3.53314300000784,3.53314300000784,0.0,penbased,2,,KMeans,10,198,1098,9894,0.9799878714372346,2058206364,False,,True
0.9508196721311475,198,False,0.02001212856276531,0.02,"{""0"": 20, ""1"": 21, ""2"": 21, ""3"": 19, ""4"": 21, ""5"": 19, ""6"": 19, ""7"": 20, ""8"": 19, ""9"": 19}",0.002650000009452924,0.002650000009452924,0.0,penbased,2,,Random,10,198,1098,9894,0.9799878714372346,2058206364,False,,True
0.9781420765027322,198,False,0.02001212856276531,0.02,,2.939838000020245,2.939838000020245,0.0,penbased,2,,SPOT,10,198,1098,9894,0.9799878714372346,2058206364,False,,True
0.9435336976320583,198,False,0.02001212856276531,0.02,,45.661764999997104,45.661764999997104,0.0,penbased,2,,GLVQ,10,198,1098,9894,0.9799878714372346,2058206364,False,,True
0.982695810564663,198,False,0.02001212856276531,0.02,,2.357179000013275,2.357179000013275,0.0,penbased,2,,GNG,10,198,1098,9894,0.9799878714372346,2058206364,False,,True
0.994535519125683,495,False,0.05003032140691328,0.05,,0.001281000004382804,0.001281000004382804,0.0,penbased,2,,Full,10,9894,1098,9894,0.0,2058206364,True,,False
0.9918032786885246,495,False,0.05003032140691328,0.05,,2.676336000004085,2.676336000004085,0.0,penbased,2,,RSP3,10,1055,1098,9894,0.8933697190216293,2058206364,True,,False
0.9890710382513661,495,False,0.05003032140691328,0.05,,1.0716219999885652,1.0716219999885652,0.0,penbased,2,,RHC,10,328,1098,9894,0.9668485951081464,2058206364,True,,False
0.982695810564663,495,False,0.05003032140691328,0.05,,12.378706999996211,12.378706999996211,0.0,penbased,2,,SPINE+1NN,10,495,1098,9894,0.9499696785930867,2058206364,False,"{""admission"": {""criterion"": ""risk"", ""removed_risk"": 6, ""removed_support"": 0}, ""betti_final"": [[2, 0], [2, 0], [2, 0], [1, 0], [1, 0], [3, 0], [1, 0], [1, 0], [1, 0], [2, 0]], ""betti_frozen"": [[2, 0], [2, 0], [2, 0], [1, 0], [1, 0], [3, 0], [1, 0], [1, 0], [1, 0], [2, 0]], ""betti_nerve"": [[1, 0], [1, 1], [1, 0], [1, 0], [1, 0], [2, 0], [1, 0], [1, 0], [1, 0], [1, 0]], ""boundary_restriction"": ""both"", ""forced_removals"": 0, ""growth_representation_fallbacks"": 424, ""invariant_held"": true, ""n_segments"": 479, ""n_train_fit"": 7420, ""n_val"": 2474, ""phase0"": [{""constant_lens"": false, ""gain"": 0.25, ""lens"": ""pc1"", ""lens_scaling"": ""standardize"", ""min_cluster_size"": 37, ""min_samples"": 5, ""n_class"": 771, ""n_edges"": 5, ""n_intervals"": 6, ""n_vertices"": 6, ""noise_reassigned"": 682, ""placement"": ""quantile"", ""slabs"": [{""k"": 1, ""n"": 145}, {""k"": 1, ""n"": 160}, {""k"": 1, ""n"": 161}, {""k"": 1, ""n"": 161}, {""k"": 1, ""n"": 160}, {""k"": 1, ""n"": 145}]}, {""constant_lens"": false, ""gain"": 0.25, ""lens"": ""pc1"", ""lens_scaling"": ""standardize"", ""min_cluster_size"": 37, ""min_samples"": 5, ""n_class"": 772, ""n_edges"": 7, ""n_intervals"": 6, ""n_vertices"": 7, ""noise_reassigned"": 590, ""placement"": ""quantile"", ""slabs"": [{""k"": 1, ""n"": 145}, {""k"": 1, ""n"": 161}, {""k"": 1, ""n"": 161}, {""k"": 1, ""n"": 161}, {""k"": 2, ""n"": 161}, {""k"": 1, ""n"": 145}]}, {""constant_lens"": false, ""gain"": 0.25, ""lens"": ""pc1"", ""lens_scaling"": ""standardize"", ""min_cluster_size"": 37, ""min_samples"": 5, ""n_class"": 772, ""n_edges"": 5, ""n_intervals"": 6, ""n_vertices"": 6, ""noise_reassigned"": 695, ""placement"": ""quantile"", ""slabs"": [{""k"": 1, ""n"": 145}, {""k"": 1, ""n"": 161}, {""k"": 1, ""n"": 161}, {""k"": 1, ""n"": 161}, {""k"": 1, ""n"": 161}, {""k"": 1, ""n"": 145}]}, {""constant_lens"": false, ""gain"": 0.25, ""lens"": ""pc1"", ""lens_scaling"": ""standardize"", ""min_cluster_size"": 37, ""min_samples"": 5, ""n_class"": 712, ""n_edges"": 5, ""n_intervals"": 6, ""n_vertices"": 6, ""noise_reassigned"": 629, ""placement"": ""quantile"", ""slabs"": [{""k"": 1, ""n"": 134}, {""k"": 1, ""n"": 148}, {""k"": 1, ""n"": 148}, {""k"": 1, ""n"": 148}, {""k"": 1, ""n"": 148}, {""k"": 1, ""n"": 134}]}, {""constant_lens"": false, ""gain"": 0.25, ""lens"": ""pc1"", ""lens_scaling"": ""standardize"", ""min_cluster_size"": 37, ""min_samples"": 5, ""n_class"": 772, ""n_edges"": 5, ""n_intervals"": 6, ""n_vertices"": 6, ""noise_reassigned"": 696, ""placement"": ""quantile"", ""slabs"": [{""k"": 1, ""n"": 145}, {""k"": 1, ""n"": 161}, {""k"": 1, ""n"": 161}, {""k"": 1, ""n"": 161}, {""k"": 1, ""n"": 161}, {""k"": 1, ""n"": 145}]}, {""constant_lens"": false, ""gain"": 0.25, ""lens"": ""pc1"", ""lens_scaling"": ""standardize"", ""min_cluster_size"": 37, ""min_samples"": 5, ""n_class"": 712, ""n_edges"": 5, ""n_intervals"": 6, ""n_vertices"": 7, ""noise_reassigned"": 328, ""placement"": ""quantile"", ""slabs"": [{""k"": 1, ""n"": 134}, {""k"": 1, ""n"": 148}, {""k"": 1, ""n"": 148}, {""k"": 2, ""n"": 148}, {""k"": 1, ""n"": 148}, {""k"": 1, ""n"": 134}]}, {""constant_lens"": false, ""gain"": 0.25, ""lens"": ""pc1"", ""lens_scaling"": ""standardize"", ""min_cluster_size"": 37, ""min_samples"": 5, ""n_class"": 713, ""n_edges"": 5, ""n_intervals"": 6, ""n_vertices"": 6, ""noise_reassigned"": 640, ""placement"": ""quantile"", ""slabs"": [{""k"": 1, ""n"": 134}, {""k"": 1, ""n"": 149}, {""k"": 1, ""n"": 148}, {""k"": 1, ""n"": 148}, {""k"": 1, ""n"": 149}, {""k"": 1, ""n"": 134}]}, {""constant_lens"": false, ""gain"": 0.25, ""lens"": ""pc1"", ""lens_scaling"": ""standardize"", ""min_cluster_size"": 37, ""min_samples"": 5, ""n_class"": 770, ""n_edges"": 5, ""n_intervals"": 6, ""n_vertices"": 6, ""noise_reassigned"": 596, ""placement"": ""quantile"", ""slabs"": [{""k"": 1, ""n"": 145}, {""k"": 1, ""n"": 160}, {""k"": 1, ""n"": 160}, {""k"": 1, ""n"": 160}, {""k"": 1, ""n"": 160}, {""k"": 1, ""n"": 145}]}, {""constant_lens"": false, ""gain"": 0.25, ""lens"": ""pc1"", ""lens_scaling"": ""standardize"", ""min_cluster_size"": 37, ""min_samples"": 5, ""n_class"": 713, ""n_edges"": 5, ""n_intervals"": 6, ""n_vertices"": 6, ""noise_reassigned"": 559, ""placement"": ""uniform"", ""slabs"": [{""k"": 1, ""n"": 169}, {""k"": 1, ""n"": 180}, {""k"": 1, ""n"": 130}, {""k"": 1, ""n"": 95}, {""k"": 1, ""n"": 137}, {""k"": 1, ""n"": 151}]}, {""constant_lens"": false, ""gain"": 0.25, ""lens"": ""pc1"", ""lens_scaling"": ""standardize"", ""min_cluster_size"": 37, ""min_samples"": 5, ""n_class"": 713, ""n_edges"": 5, ""n_intervals"": 6, ""n_vertices"": 6, ""noise_reassigned"": 409, ""placement"": ""quantile"", ""slabs"": [{""k"": 1, ""n"": 134}, {""k"": 1, ""n"": 149}, {""k"": 1, ""n"": 148}, {""k"": 1, ""n"": 148}, {""k"": 1, ""n"": 149}, {""k"": 1, ""n"": 134}]}], ""soundness_bound_holds"": true, ""step_rule"": ""scale_free"", ""topology_retention_nerve_to_frozen"": {""beta0_frozen"": 16, ""beta0_nerve"": 11, ""beta1_frozen"": 0, ""beta1_nerve"": 1}}",True
0.9817850637522769,495,False,0.05003032140691328,0.05,,12.378706999996211,12.378706999996211,0.0,penbased,2,,SPINE+Graph,10,495,1098,9894,0.9499696785930867,2058206364,False,"{""admission"": {""criterion"": ""risk"", ""removed_risk"": 6, ""removed_support"": 0}, ""betti_final"": [[2, 0], [2, 0], [2, 0], [1, 0], [1, 0], [3, 0], [1, 0], [1, 0], [1, 0], [2, 0]], ""betti_frozen"": [[2, 0], [2, 0], [2, 0], [1, 0], [1, 0], [3, 0], [1, 0], [1, 0], [1, 0], [2, 0]], ""betti_nerve"": [[1, 0], [1, 1], [1, 0], [1, 0], [1, 0], [2, 0], [1, 0], [1, 0], [1, 0], [1, 0]], ""boundary_restriction"": ""both"", ""forced_removals"": 0, ""growth_representation_fallbacks"": 424, ""invariant_held"": true, ""n_segments"": 479, ""n_train_fit"": 7420, ""n_val"": 2474, ""phase0"": [{""constant_lens"": false, ""gain"": 0.25, ""lens"": ""pc1"", ""lens_scaling"": ""standardize"", ""min_cluster_size"": 37, ""min_samples"": 5, ""n_class"": 771, ""n_edges"": 5, ""n_intervals"": 6, ""n_vertices"": 6, ""noise_reassigned"": 682, ""placement"": ""quantile"", ""slabs"": [{""k"": 1, ""n"": 145}, {""k"": 1, ""n"": 160}, {""k"": 1, ""n"": 161}, {""k"": 1, ""n"": 161}, {""k"": 1, ""n"": 160}, {""k"": 1, ""n"": 145}]}, {""constant_lens"": false, ""gain"": 0.25, ""lens"": ""pc1"", ""lens_scaling"": ""standardize"", ""min_cluster_size"": 37, ""min_samples"": 5, ""n_class"": 772, ""n_edges"": 7, ""n_intervals"": 6, ""n_vertices"": 7, ""noise_reassigned"": 590, ""placement"": ""quantile"", ""slabs"": [{""k"": 1, ""n"": 145}, {""k"": 1, ""n"": 161}, {""k"": 1, ""n"": 161}, {""k"": 1, ""n"": 161}, {""k"": 2, ""n"": 161}, {""k"": 1, ""n"": 145}]}, {""constant_lens"": false, ""gain"": 0.25, ""lens"": ""pc1"", ""lens_scaling"": ""standardize"", ""min_cluster_size"": 37, ""min_samples"": 5, ""n_class"": 772, ""n_edges"": 5, ""n_intervals"": 6, ""n_vertices"": 6, ""noise_reassigned"": 695, ""placement"": ""quantile"", ""slabs"": [{""k"": 1, ""n"": 145}, {""k"": 1, ""n"": 161}, {""k"": 1, ""n"": 161}, {""k"": 1, ""n"": 161}, {""k"": 1, ""n"": 161}, {""k"": 1, ""n"": 145}]}, {""constant_lens"": false, ""gain"": 0.25, ""lens"": ""pc1"", ""lens_scaling"": ""standardize"", ""min_cluster_size"": 37, ""min_samples"": 5, ""n_class"": 712, ""n_edges"": 5, ""n_intervals"": 6, ""n_vertices"": 6, ""noise_reassigned"": 629, ""placement"": ""quantile"", ""slabs"": [{""k"": 1, ""n"": 134}, {""k"": 1, ""n"": 148}, {""k"": 1, ""n"": 148}, {""k"": 1, ""n"": 148}, {""k"": 1, ""n"": 148}, {""k"": 1, ""n"": 134}]}, {""constant_lens"": false, ""gain"": 0.25, ""lens"": ""pc1"", ""lens_scaling"": ""standardize"", ""min_cluster_size"": 37, ""min_samples"": 5, ""n_class"": 772, ""n_edges"": 5, ""n_intervals"": 6, ""n_vertices"": 6, ""noise_reassigned"": 696, ""placement"": ""quantile"", ""slabs"": [{""k"": 1, ""n"": 145}, {""k"": 1, ""n"": 161}, {""k"": 1, ""n"": 161}, {""k"": 1, ""n"": 161}, {""k"": 1, ""n"": 161}, {""k"": 1, ""n"": 145}]}, {""constant_lens"": false, ""gain"": 0.25, ""lens"": ""pc1"", ""lens_scaling"": ""standardize"", ""min_cluster_size"": 37, ""min_samples"": 5, ""n_class"": 712, ""n_edges"": 5, ""n_intervals"": 6, ""n_vertices"": 7, ""noise_reassigned"": 328, ""placement"": ""quantile"", ""slabs"": [{""k"": 1, ""n"": 134}, {""k"": 1, ""n"": 148}, {""k"": 1, ""n"": 148}, {""k"": 2, ""n"": 148}, {""k"": 1, ""n"": 148}, {""k"": 1, ""n"": 134}]}, {""constant_lens"": false, ""gain"": 0.25, ""lens"": ""pc1"", ""lens_scaling"": ""standardize"", ""min_cluster_size"": 37, ""min_samples"": 5, ""n_class"": 713, ""n_edges"": 5, ""n_intervals"": 6, ""n_vertices"": 6, ""noise_reassigned"": 640, ""placement"": ""quantile"", ""slabs"": [{""k"": 1, ""n"": 134}, {""k"": 1, ""n"": 149}, {""k"": 1, ""n"": 148}, {""k"": 1, ""n"": 148}, {""k"": 1, ""n"": 149}, {""k"": 1, ""n"": 134}]}, {""constant_lens"": false, ""gain"": 0.25, ""lens"": ""pc1"", ""lens_scaling"": ""standardize"", ""min_cluster_size"": 37, ""min_samples"": 5, ""n_class"": 770, ""n_edges"": 5, ""n_intervals"": 6, ""n_vertices"": 6, ""noise_reassigned"": 596, ""placement"": ""quantile"", ""slabs"": [{""k"": 1, ""n"": 145}, {""k"": 1, ""n"": 160}, {""k"": 1, ""n"": 160}, {""k"": 1, ""n"": 160}, {""k"": 1, ""n"": 160}, {""k"": 1, ""n"": 145}]}, {""constant_lens"": false, ""gain"": 0.25, ""lens"": ""pc1"", ""lens_scaling"": ""standardize"", ""min_cluster_size"": 37, ""min_samples"": 5, ""n_class"": 713, ""n_edges"": 5, ""n_intervals"": 6, ""n_vertices"": 6, ""noise_reassigned"": 559, ""placement"": ""uniform"", ""slabs"": [{""k"": 1, ""n"": 169}, {""k"": 1, ""n"": 180}, {""k"": 1, ""n"": 130}, {""k"": 1, ""n"": 95}, {""k"": 1, ""n"": 137}, {""k"": 1, ""n"": 151}]}, {""constant_lens"": false, ""gain"": 0.25, ""lens"": ""pc1"", ""lens_scaling"": ""standardize"", ""min_cluster_size"": 37, ""min_samples"": 5, ""n_class"": 713, ""n_edges"": 5, ""n_intervals"": 6, ""n_vertices"": 6, ""noise_reassigned"": 409, ""placement"": ""quantile"", ""slabs"": [{""k"": 1, ""n"": 134}, {""k"": 1, ""n"": 149}, {""k"": 1, ""n"": 148}, {""k"": 1, ""n"": 148}, {""k"": 1, ""n"": 149}, {""k"": 1, ""n"": 134}]}], ""soundness_bound_holds"": true, ""step_rule"": ""scale_free"", ""topology_retention_nerve_to_frozen"": {""beta0_frozen"": 16, ""beta0_nerve"": 11, ""beta1_frozen"": 0, ""beta1_nerve"": 1}}",True
0.9936247723132969,495,False,0.05003032140691328,0.05,,6.815860000002431,122.12801300000865,115.31215300000622,penbased,2,"{""epsilon"": 0.1, ""window"": 0.2}",LVQ3,10,495,1098,9894,0.9499696785930867,2058206364,False,,True
0.9899817850637522,495,False,0.05003032140691328,0.05,"{""0"": 51, ""1"": 51, ""2"": 52, ""3"": 47, ""4"": 52, ""5"": 47, ""6"": 48, ""7"": 51, ""8"": 48, ""9"": 48}",5.886893000017153,5.886893000017153,0.0,penbased,2,,KMeans,10,495,1098,9894,0.9499696785930867,2058206364,False,,True
0.9617486338797814,495,False,0.05003032140691328,0.05,"{""0"": 51, ""1"": 51, ""2"": 52, ""3"": 47, ""4"": 52, ""5"": 47, ""6"": 48, ""7"": 51, ""8"": 48, ""9"": 48}",0.0028859999729320407,0.0028859999729320407,0.0,penbased,2,,Random,10,495,1098,9894,0.9499696785930867,2058206364,False,,True
0.9836065573770492,495,False,0.05003032140691328,0.05,,3.0830999999889173,3.0830999999889173,0.0,penbased,2,,SPOT,10,495,1098,9894,0.9499696785930867,2058206364,False,,True
0.9435336976320583,495,False,0.05003032140691328,0.05,,107.51816800000961,107.51816800000961,0.0,penbased,2,,GLVQ,10,495,1098,9894,0.9499696785930867,2058206364,False,,True
0.9908925318761385,495,False,0.05003032140691328,0.05,,5.218165999976918,5.218165999976918,0.0,penbased,2,,GNG,10,495,1098,9894,0.9499696785930867,2058206364,False,,True
0.994535519125683,989,False,0.09995957145744896,0.1,,0.001281000004382804,0.001281000004382804,0.0,penbased,2,,Full,10,9894,1098,9894,0.0,2058206364,True,,False
0.9918032786885246,989,False,0.09995957145744896,0.1,,2.676336000004085,2.676336000004085,0.0,penbased,2,,RSP3,10,1055,1098,9894,0.8933697190216293,2058206364,True,,False
0.9890710382513661,989,False,0.09995957145744896,0.1,,1.0716219999885652,1.0716219999885652,0.0,penbased,2,,RHC,10,328,1098,9894,0.9668485951081464,2058206364,True,,False
0.98816029143898,989,False,0.09995957145744896,0.1,,20.63827999998466,20.63827999998466,0.0,penbased,2,,SPINE+1NN,10,989,1098,9894,0.9000404285425511,2058206364,False,"{""admission"": {""criterion"": ""risk"", ""removed_risk"": 6, ""removed_support"": 0}, ""betti_final"": [[2, 0], [2, 0], [2, 0], [1, 0], [1, 0], [3, 0], [1, 0], [1, 0], [1, 0], [2, 0]], ""betti_frozen"": [[2, 0], [2, 0], [2, 0], [1, 0], [1, 0], [3, 0], [1, 0], [1, 0], [1, 0], [2, 0]], ""betti_nerve"": [[1, 0], [1, 1], [1, 0], [1, 0], [1, 0], [2, 0], [1, 0], [1, 0], [1, 0], [1, 0]], ""boundary_restriction"": ""both"", ""forced_removals"": 0, ""growth_representation_fallbacks"": 996, ""invariant_held"": true, ""n_segments"": 973, ""n_train_fit"": 7420, ""n_val"": 2474, ""phase0"": [{""constant_lens"": false, ""gain"": 0.25, ""lens"": ""pc1"", ""lens_scaling"": ""standardize"", ""min_cluster_size"": 37, ""min_samples"": 5, ""n_class"": 771, ""n_edges"": 5, ""n_intervals"": 6, ""n_vertices"": 6, ""noise_reassigned"": 682, ""placement"": ""quantile"", ""slabs"": [{""k"": 1, ""n"": 145}, {""k"": 1, ""n"": 160}, {""k"": 1, ""n"": 161}, {""k"": 1, ""n"": 161}, {""k"": 1, ""n"": 160}, {""k"": 1, ""n"": 145}]}, {""constant_lens"": false, ""gain"": 0.25, ""lens"": ""pc1"", ""lens_scaling"": ""standardize"", ""min_cluster_size"": 37, ""min_samples"": 5, ""n_class"": 772, ""n_edges"": 7, ""n_intervals"": 6, ""n_vertices"": 7, ""noise_reassigned"": 590, ""placement"": ""quantile"", ""slabs"": [{""k"": 1, ""n"": 145}, {""k"": 1, ""n"": 161}, {""k"": 1, ""n"": 161}, {""k"": 1, ""n"": 161}, {""k"": 2, ""n"": 161}, {""k"": 1, ""n"": 145}]}, {""constant_lens"": false, ""gain"": 0.25, ""lens"": ""pc1"", ""lens_scaling"": ""standardize"", ""min_cluster_size"": 37, ""min_samples"": 5, ""n_class"": 772, ""n_edges"": 5, ""n_intervals"": 6, ""n_vertices"": 6, ""noise_reassigned"": 695, ""placement"": ""quantile"", ""slabs"": [{""k"": 1, ""n"": 145}, {""k"": 1, ""n"": 161}, {""k"": 1, ""n"": 161}, {""k"": 1, ""n"": 161}, {""k"": 1, ""n"": 161}, {""k"": 1, ""n"": 145}]}, {""constant_lens"": false, ""gain"": 0.25, ""lens"": ""pc1"", ""lens_scaling"": ""standardize"", ""min_cluster_size"": 37, ""min_samples"": 5, ""n_class"": 712, ""n_edges"": 5, ""n_intervals"": 6, ""n_vertices"": 6, ""noise_reassigned"": 629, ""placement"": ""quantile"", ""slabs"": [{""k"": 1, ""n"": 134}, {""k"": 1, ""n"": 148}, {""k"": 1, ""n"": 148}, {""k"": 1, ""n"": 148}, {""k"": 1, ""n"": 148}, {""k"": 1, ""n"": 134}]}, {""constant_lens"": false, ""gain"": 0.25, ""lens"": ""pc1"", ""lens_scaling"": ""standardize"", ""min_cluster_size"": 37, ""min_samples"": 5, ""n_class"": 772, ""n_edges"": 5, ""n_intervals"": 6, ""n_vertices"": 6, ""noise_reassigned"": 696, ""placement"": ""quantile"", ""slabs"": [{""k"": 1, ""n"": 145}, {""k"": 1, ""n"": 161}, {""k"": 1, ""n"": 161}, {""k"": 1, ""n"": 161}, {""k"": 1, ""n"": 161}, {""k"": 1, ""n"": 145}]}, {""constant_lens"": false, ""gain"": 0.25, ""lens"": ""pc1"", ""lens_scaling"": ""standardize"", ""min_cluster_size"": 37, ""min_samples"": 5, ""n_class"": 712, ""n_edges"": 5, ""n_intervals"": 6, ""n_vertices"": 7, ""noise_reassigned"": 328, ""placement"": ""quantile"", ""slabs"": [{""k"": 1, ""n"": 134}, {""k"": 1, ""n"": 148}, {""k"": 1, ""n"": 148}, {""k"": 2, ""n"": 148}, {""k"": 1, ""n"": 148}, {""k"": 1, ""n"": 134}]}, {""constant_lens"": false, ""gain"": 0.25, ""lens"": ""pc1"", ""lens_scaling"": ""standardize"", ""min_cluster_size"": 37, ""min_samples"": 5, ""n_class"": 713, ""n_edges"": 5, ""n_intervals"": 6, ""n_vertices"": 6, ""noise_reassigned"": 640, ""placement"": ""quantile"", ""slabs"": [{""k"": 1, ""n"": 134}, {""k"": 1, ""n"": 149}, {""k"": 1, ""n"": 148}, {""k"": 1, ""n"": 148}, {""k"": 1, ""n"": 149}, {""k"": 1, ""n"": 134}]}, {""constant_lens"": false, ""gain"": 0.25, ""lens"": ""pc1"", ""lens_scaling"": ""standardize"", ""min_cluster_size"": 37, ""min_samples"": 5, ""n_class"": 770, ""n_edges"": 5, ""n_intervals"": 6, ""n_vertices"": 6, ""noise_reassigned"": 596, ""placement"": ""quantile"", ""slabs"": [{""k"": 1, ""n"": 145}, {""k"": 1, ""n"": 160}, {""k"": 1, ""n"": 160}, {""k"": 1, ""n"": 160}, {""k"": 1, ""n"": 160}, {""k"": 1, ""n"": 145}]}, {""constant_lens"": false, ""gain"": 0.25, ""lens"": ""pc1"", ""lens_scaling"": ""standardize"", ""min_cluster_size"": 37, ""min_samples"": 5, ""n_class"": 713, ""n_edges"": 5, ""n_intervals"": 6, ""n_vertices"": 6, ""noise_reassigned"": 559, ""placement"": ""uniform"", ""slabs"": [{""k"": 1, ""n"": 169}, {""k"": 1, ""n"": 180}, {""k"": 1, ""n"": 130}, {""k"": 1, ""n"": 95}, {""k"": 1, ""n"": 137}, {""k"": 1, ""n"": 151}]}, {""constant_lens"": false, ""gain"": 0.25, ""lens"": ""pc1"", ""lens_scaling"": ""standardize"", ""min_cluster_size"": 37, ""min_samples"": 5, ""n_class"": 713, ""n_edges"": 5, ""n_intervals"": 6, ""n_vertices"": 6, ""noise_reassigned"": 409, ""placement"": ""quantile"", ""slabs"": [{""k"": 1, ""n"": 134}, {""k"": 1, ""n"": 149}, {""k"": 1, ""n"": 148}, {""k"": 1, ""n"": 148}, {""k"": 1, ""n"": 149}, {""k"": 1, ""n"": 134}]}], ""soundness_bound_holds"": true, ""step_rule"": ""scale_free"", ""topology_retention_nerve_to_frozen"": {""beta0_frozen"": 16, ""beta0_nerve"": 11, ""beta1_frozen"": 0, ""beta1_nerve"": 1}}",True
0.9872495446265938,989,False,0.09995957145744896,0.1,,20.63827999998466,20.63827999998466,0.0,penbased,2,,SPINE+Graph,10,989,1098,9894,0.9000404285425511,2058206364,False,"{""admission"": {""criterion"": ""risk"", ""removed_risk"": 6, ""removed_support"": 0}, ""betti_final"": [[2, 0], [2, 0], [2, 0], [1, 0], [1, 0], [3, 0], [1, 0], [1, 0], [1, 0], [2, 0]], ""betti_frozen"": [[2, 0], [2, 0], [2, 0], [1, 0], [1, 0], [3, 0], [1, 0], [1, 0], [1, 0], [2, 0]], ""betti_nerve"": [[1, 0], [1, 1], [1, 0], [1, 0], [1, 0], [2, 0], [1, 0], [1, 0], [1, 0], [1, 0]], ""boundary_restriction"": ""both"", ""forced_removals"": 0, ""growth_representation_fallbacks"": 996, ""invariant_held"": true, ""n_segments"": 973, ""n_train_fit"": 7420, ""n_val"": 2474, ""phase0"": [{""constant_lens"": false, ""gain"": 0.25, ""lens"": ""pc1"", ""lens_scaling"": ""standardize"", ""min_cluster_size"": 37, ""min_samples"": 5, ""n_class"": 771, ""n_edges"": 5, ""n_intervals"": 6, ""n_vertices"": 6, ""noise_reassigned"": 682, ""placement"": ""quantile"", ""slabs"": [{""k"": 1, ""n"": 145}, {""k"": 1, ""n"": 160}, {""k"": 1, ""n"": 161}, {""k"": 1, ""n"": 161}, {""k"": 1, ""n"": 160}, {""k"": 1, ""n"": 145}]}, {""constant_lens"": false, ""gain"": 0.25, ""lens"": ""pc1"", ""lens_scaling"": ""standardize"", ""min_cluster_size"": 37, ""min_samples"": 5, ""n_class"": 772, ""n_edges"": 7, ""n_intervals"": 6, ""n_vertices"": 7, ""noise_reassigned"": 590, ""placement"": ""quantile"", ""slabs"": [{""k"": 1, ""n"": 145}, {""k"": 1, ""n"": 161}, {""k"": 1, ""n"": 161}, {""k"": 1, ""n"": 161}, {""k"": 2, ""n"": 161}, {""k"": 1, ""n"": 145}]}, {""constant_lens"": false, ""gain"": 0.25, ""lens"": ""pc1"", ""lens_scaling"": ""standardize"", ""min_cluster_size"": 37, ""min_samples"": 5, ""n_class"": 772, ""n_edges"": 5, ""n_intervals"": 6, ""n_vertices"": 6, ""noise_reassigned"": 695, ""placement"": ""quantile"", ""slabs"": [{""k"": 1, ""n"": 145}, {""k"": 1, ""n"": 161}, {""k"": 1, ""n"": 161}, {""k"": 1, ""n"": 161}, {""k"": 1, ""n"": 161}, {""k"": 1, ""n"": 145}]}, {""constant_lens"": false, ""gain"": 0.25, ""lens"": ""pc1"", ""lens_scaling"": ""standardize"", ""min_cluster_size"": 37, ""min_samples"": 5, ""n_class"": 712, ""n_edges"": 5, ""n_intervals"": 6, ""n_vertices"": 6, ""noise_reassigned"": 629, ""placement"": ""quantile"", ""slabs"": [{""k"": 1, ""n"": 134}, {""k"": 1, ""n"": 148}, {""k"": 1, ""n"": 148}, {""k"": 1, ""n"": 148}, {""k"": 1, ""n"": 148}, {""k"": 1, ""n"": 134}]}, {""constant_lens"": false, ""gain"": 0.25, ""lens"": ""pc1"", ""lens_scaling"": ""standardize"", ""min_cluster_size"": 37, ""min_samples"": 5, ""n_class"": 772, ""n_edges"": 5, ""n_intervals"": 6, ""n_vertices"": 6, ""noise_reassigned"": 696, ""placement"": ""quantile"", ""slabs"": [{""k"": 1, ""n"": 145}, {""k"": 1, ""n"": 161}, {""k"": 1, ""n"": 161}, {""k"": 1, ""n"": 161}, {""k"": 1, ""n"": 161}, {""k"": 1, ""n"": 145}]}, {""constant_lens"": false, ""gain"": 0.25, ""lens"": ""pc1"", ""lens_scaling"": ""standardize"", ""min_cluster_size"": 37, ""min_samples"": 5, ""n_class"": 712, ""n_edges"": 5, ""n_intervals"": 6, ""n_vertices"": 7, ""noise_reassigned"": 328, ""placement"": ""quantile"", ""slabs"": [{""k"": 1, ""n"": 134}, {""k"": 1, ""n"": 148}, {""k"": 1, ""n"": 148}, {""k"": 2, ""n"": 148}, {""k"": 1, ""n"": 148}, {""k"": 1, ""n"": 134}]}, {""constant_lens"": false, ""gain"": 0.25, ""lens"": ""pc1"", ""lens_scaling"": ""standardize"", ""min_cluster_size"": 37, ""min_samples"": 5, ""n_class"": 713, ""n_edges"": 5, ""n_intervals"": 6, ""n_vertices"": 6, ""noise_reassigned"": 640, ""placement"": ""quantile"", ""slabs"": [{""k"": 1, ""n"": 134}, {""k"": 1, ""n"": 149}, {""k"": 1, ""n"": 148}, {""k"": 1, ""n"": 148}, {""k"": 1, ""n"": 149}, {""k"": 1, ""n"": 134}]}, {""constant_lens"": false, ""gain"": 0.25, ""lens"": ""pc1"", ""lens_scaling"": ""standardize"", ""min_cluster_size"": 37, ""min_samples"": 5, ""n_class"": 770, ""n_edges"": 5, ""n_intervals"": 6, ""n_vertices"": 6, ""noise_reassigned"": 596, ""placement"": ""quantile"", ""slabs"": [{""k"": 1, ""n"": 145}, {""k"": 1, ""n"": 160}, {""k"": 1, ""n"": 160}, {""k"": 1, ""n"": 160}, {""k"": 1, ""n"": 160}, {""k"": 1, ""n"": 145}]}, {""constant_lens"": false, ""gain"": 0.25, ""lens"": ""pc1"", ""lens_scaling"": ""standardize"", ""min_cluster_size"": 37, ""min_samples"": 5, ""n_class"": 713, ""n_edges"": 5, ""n_intervals"": 6, ""n_vertices"": 6, ""noise_reassigned"": 559, ""placement"": ""uniform"", ""slabs"": [{""k"": 1, ""n"": 169}, {""k"": 1, ""n"": 180}, {""k"": 1, ""n"": 130}, {""k"": 1, ""n"": 95}, {""k"": 1, ""n"": 137}, {""k"": 1, ""n"": 151}]}, {""constant_lens"": false, ""gain"": 0.25, ""lens"": ""pc1"", ""lens_scaling"": ""standardize"", ""min_cluster_size"": 37, ""min_samples"": 5, ""n_class"": 713, ""n_edges"": 5, ""n_intervals"": 6, ""n_vertices"": 6, ""noise_reassigned"": 409, ""placement"": ""quantile"", ""slabs"": [{""k"": 1, ""n"": 134}, {""k"": 1, ""n"": 149}, {""k"": 1, ""n"": 148}, {""k"": 1, ""n"": 148}, {""k"": 1, ""n"": 149}, {""k"": 1, ""n"": 134}]}], ""soundness_bound_holds"": true, ""step_rule"": ""scale_free"", ""topology_retention_nerve_to_frozen"": {""beta0_frozen"": 16, ""beta0_nerve"": 11, ""beta1_frozen"": 0, ""beta1_nerve"": 1}}",True
0.9936247723132969,989,False,0.09995957145744896,0.1,,10.997751999995671,193.36709700000938,182.3693450000137,penbased,2,"{""epsilon"": 0.3, ""window"": 0.2}",LVQ3,10,989,1098,9894,0.9000404285425511,2058206364,False,,True
0.9918032786885246,989,False,0.09995957145744896,0.1,"{""0"": 103, ""1"": 103, ""2"": 103, ""3"": 95, ""4"": 103, ""5"": 95, ""6"": 95, ""7"": 102, ""8"": 95, ""9"": 95}",7.5953649999864865,7.5953649999864865,0.0,penbased,2,,KMeans,10,989,1098,9894,0.9000404285425511,2058206364,False,,True
0.9845173041894353,989,False,0.09995957145744896,0.1,"{""0"": 103, ""1"": 103, ""2"": 103, ""3"": 95, ""4"": 103, ""5"": 95, ""6"": 95, ""7"": 102, ""8"": 95, ""9"": 95}",0.002826999989338219,0.002826999989338219,0.0,penbased,2,,Random,10,989,1098,9894,0.9000404285425511,2058206364,False,,True
0.9927140255009107,989,False,0.09995957145744896,0.1,,3.355483000021195,3.355483000021195,0.0,penbased,2,,SPOT,10,989,1098,9894,0.9000404285425511,2058206364,False,,True
0.9453551912568307,989,False,0.09995957145744896,0.1,,210.34868399999687,210.34868399999687,0.0,penbased,2,,GLVQ,10,989,1098,9894,0.9000404285425511,2058206364,False,,True
0.9927140255009107,989,False,0.09995957145744896,0.1,,13.545920000004116,13.545920000004116,0.0,penbased,2,,GNG,10,989,1098,9894,0.9000404285425511,2058206364,False,,True
0.994535519125683,2474,False,0.2500505356781888,0.25,,0.001281000004382804,0.001281000004382804,0.0,penbased,2,,Full,10,9894,1098,9894,0.0,2058206364,True,,False
0.9918032786885246,2474,False,0.2500505356781888,0.25,,2.676336000004085,2.676336000004085,0.0,penbased,2,,RSP3,10,1055,1098,9894,0.8933697190216293,2058206364,True,,False
0.9890710382513661,2474,False,0.2500505356781888,0.25,,1.0716219999885652,1.0716219999885652,0.0,penbased,2,,RHC,10,328,1098,9894,0.9668485951081464,2058206364,True,,False
0.9890710382513661,2474,False,0.2500505356781888,0.25,,66.25496399999247,66.25496399999247,0.0,penbased,2,,SPINE+1NN,10,2474,1098,9894,0.7499494643218112,2058206364,False,"{""admission"": {""criterion"": ""risk"", ""removed_risk"": 6, ""removed_support"": 0}, ""betti_final"": [[2, 0], [2, 0], [2, 0], [1, 0], [1, 0], [3, 0], [1, 0], [1, 0], [1, 0], [2, 0]], ""betti_frozen"": [[2, 0], [2, 0], [2, 0], [1, 0], [1, 0], [3, 0], [1, 0], [1, 0], [1, 0], [2, 0]], ""betti_nerve"": [[1, 0], [1, 1], [1, 0], [1, 0], [1, 0], [2, 0], [1, 0], [1, 0], [1, 0], [1, 0]], ""boundary_restriction"": ""both"", ""forced_removals"": 0, ""growth_representation_fallbacks"": 2788, ""invariant_held"": true, ""n_segments"": 2458, ""n_train_fit"": 7420, ""n_val"": 2474, ""phase0"": [{""constant_lens"": false, ""gain"": 0.25, ""lens"": ""pc1"", ""lens_scaling"": ""standardize"", ""min_cluster_size"": 37, ""min_samples"": 5, ""n_class"": 771, ""n_edges"": 5, ""n_intervals"": 6, ""n_vertices"": 6, ""noise_reassigned"": 682, ""placement"": ""quantile"", ""slabs"": [{""k"": 1, ""n"": 145}, {""k"": 1, ""n"": 160}, {""k"": 1, ""n"": 161}, {""k"": 1, ""n"": 161}, {""k"": 1, ""n"": 160}, {""k"": 1, ""n"": 145}]}, {""constant_lens"": false, ""gain"": 0.25, ""lens"": ""pc1"", ""lens_scaling"": ""standardize"", ""min_cluster_size"": 37, ""min_samples"": 5, ""n_class"": 772, ""n_edges"": 7, ""n_intervals"": 6, ""n_vertices"": 7, ""noise_reassigned"": 590, ""placement"": ""quantile"", ""slabs"": [{""k"": 1, ""n"": 145}, {""k"": 1, ""n"": 161}, {""k"": 1, ""n"": 161}, {""k"": 1, ""n"": 161}, {""k"": 2, ""n"": 161}, {""k"": 1, ""n"": 145}]}, {""constant_lens"": false, ""gain"": 0.25, ""lens"": ""pc1"", ""lens_scaling"": ""standardize"", ""min_cluster_size"": 37, ""min_samples"": 5, ""n_class"": 772, ""n_edges"": 5, ""n_intervals"": 6, ""n_vertices"": 6, ""noise_reassigned"": 695, ""placement"": ""quantile"", ""slabs"": [{""k"": 1, ""n"": 145}, {""k"": 1, ""n"": 161}, {""k"": 1, ""n"": 161}, {""k"": 1, ""n"": 161}, {""k"": 1, ""n"": 161}, {""k"": 1, ""n"": 145}]}, {""constant_lens"": false, ""gain"": 0.25, ""lens"": ""pc1"", ""lens_scaling"": ""standardize"", ""min_cluster_size"": 37, ""min_samples"": 5, ""n_class"": 712, ""n_edges"": 5, ""n_intervals"": 6, ""n_vertices"": 6, ""noise_reassigned"": 629, ""placement"": ""quantile"", ""slabs"": [{""k"": 1, ""n"": 134}, {""k"": 1, ""n"": 148}, {""k"": 1, ""n"": 148}, {""k"": 1, ""n"": 148}, {""k"": 1, ""n"": 148}, {""k"": 1, ""n"": 134}]}, {""constant_lens"": false, ""gain"": 0.25, ""lens"": ""pc1"", ""lens_scaling"": ""standardize"", ""min_cluster_size"": 37, ""min_samples"": 5, ""n_class"": 772, ""n_edges"": 5, ""n_intervals"": 6, ""n_vertices"": 6, ""noise_reassigned"": 696, ""placement"": ""quantile"", ""slabs"": [{""k"": 1, ""n"": 145}, {""k"": 1, ""n"": 161}, {""k"": 1, ""n"": 161}, {""k"": 1, ""n"": 161}, {""k"": 1, ""n"": 161}, {""k"": 1, ""n"": 145}]}, {""constant_lens"": false, ""gain"": 0.25, ""lens"": ""pc1"", ""lens_scaling"": ""standardize"", ""min_cluster_size"": 37, ""min_samples"": 5, ""n_class"": 712, ""n_edges"": 5, ""n_intervals"": 6, ""n_vertices"": 7, ""noise_reassigned"": 328, ""placement"": ""quantile"", ""slabs"": [{""k"": 1, ""n"": 134}, {""k"": 1, ""n"": 148}, {""k"": 1, ""n"": 148}, {""k"": 2, ""n"": 148}, {""k"": 1, ""n"": 148}, {""k"": 1, ""n"": 134}]}, {""constant_lens"": false, ""gain"": 0.25, ""lens"": ""pc1"", ""lens_scaling"": ""standardize"", ""min_cluster_size"": 37, ""min_samples"": 5, ""n_class"": 713, ""n_edges"": 5, ""n_intervals"": 6, ""n_vertices"": 6, ""noise_reassigned"": 640, ""placement"": ""quantile"", ""slabs"": [{""k"": 1, ""n"": 134}, {""k"": 1, ""n"": 149}, {""k"": 1, ""n"": 148}, {""k"": 1, ""n"": 148}, {""k"": 1, ""n"": 149}, {""k"": 1, ""n"": 134}]}, {""constant_lens"": false, ""gain"": 0.25, ""lens"": ""pc1"", ""lens_scaling"": ""standardize"", ""min_cluster_size"": 37, ""min_samples"": 5, ""n_class"": 770, ""n_edges"": 5, ""n_intervals"": 6, ""n_vertices"": 6, ""noise_reassigned"": 596, ""placement"": ""quantile"", ""slabs"": [{""k"": 1, ""n"": 145}, {""k"": 1, ""n"": 160}, {""k"": 1, ""n"": 160}, {""k"": 1, ""n"": 160}, {""k"": 1, ""n"": 160}, {""k"": 1, ""n"": 145}]}, {""constant_lens"": false, ""gain"": 0.25, ""lens"": ""pc1"", ""lens_scaling"": ""standardize"", ""min_cluster_size"": 37, ""min_samples"": 5, ""n_class"": 713, ""n_edges"": 5, ""n_intervals"": 6, ""n_vertices"": 6, ""noise_reassigned"": 559, ""placement"": ""uniform"", ""slabs"": [{""k"": 1, ""n"": 169}, {""k"": 1, ""n"": 180}, {""k"": 1, ""n"": 130}, {""k"": 1, ""n"": 95}, {""k"": 1, ""n"": 137}, {""k"": 1, ""n"": 151}]}, {""constant_lens"": false, ""gain"": 0.25, ""lens"": ""pc1"", ""lens_scaling"": ""standardize"", ""min_cluster_size"": 37, ""min_samples"": 5, ""n_class"": 713, ""n_edges"": 5, ""n_intervals"": 6, ""n_vertices"": 6, ""noise_reassigned"": 409, ""placement"": ""quantile"", ""slabs"": [{""k"": 1, ""n"": 134}, {""k"": 1, ""n"": 149}, {""k"": 1, ""n"": 148}, {""k"": 1, ""n"": 148}, {""k"": 1, ""n"": 149}, {""k"": 1, ""n"": 134}]}], ""soundness_bound_holds"": true, ""step_rule"": ""scale_free"", ""topology_retention_nerve_to_frozen"": {""beta0_frozen"": 16, ""beta0_nerve"": 11, ""beta1_frozen"": 0, ""beta1_nerve"": 1}}",True
0.98816029143898,2474,False,0.2500505356781888,0.25,,66.25496399999247,66.25496399999247,0.0,penbased,2,,SPINE+Graph,10,2474,1098,9894,0.7499494643218112,2058206364,False,"{""admission"": {""criterion"": ""risk"", ""removed_risk"": 6, ""removed_support"": 0}, ""betti_final"": [[2, 0], [2, 0], [2, 0], [1, 0], [1, 0], [3, 0], [1, 0], [1, 0], [1, 0], [2, 0]], ""betti_frozen"": [[2, 0], [2, 0], [2, 0], [1, 0], [1, 0], [3, 0], [1, 0], [1, 0], [1, 0], [2, 0]], ""betti_nerve"": [[1, 0], [1, 1], [1, 0], [1, 0], [1, 0], [2, 0], [1, 0], [1, 0], [1, 0], [1, 0]], ""boundary_restriction"": ""both"", ""forced_removals"": 0, ""growth_representation_fallbacks"": 2788, ""invariant_held"": true, ""n_segments"": 2458, ""n_train_fit"": 7420, ""n_val"": 2474, ""phase0"": [{""constant_lens"": false, ""gain"": 0.25, ""lens"": ""pc1"", ""lens_scaling"": ""standardize"", ""min_cluster_size"": 37, ""min_samples"": 5, ""n_class"": 771, ""n_edges"": 5, ""n_intervals"": 6, ""n_vertices"": 6, ""noise_reassigned"": 682, ""placement"": ""quantile"", ""slabs"": [{""k"": 1, ""n"": 145}, {""k"": 1, ""n"": 160}, {""k"": 1, ""n"": 161}, {""k"": 1, ""n"": 161}, {""k"": 1, ""n"": 160}, {""k"": 1, ""n"": 145}]}, {""constant_lens"": false, ""gain"": 0.25, ""lens"": ""pc1"", ""lens_scaling"": ""standardize"", ""min_cluster_size"": 37, ""min_samples"": 5, ""n_class"": 772, ""n_edges"": 7, ""n_intervals"": 6, ""n_vertices"": 7, ""noise_reassigned"": 590, ""placement"": ""quantile"", ""slabs"": [{""k"": 1, ""n"": 145}, {""k"": 1, ""n"": 161}, {""k"": 1, ""n"": 161}, {""k"": 1, ""n"": 161}, {""k"": 2, ""n"": 161}, {""k"": 1, ""n"": 145}]}, {""constant_lens"": false, ""gain"": 0.25, ""lens"": ""pc1"", ""lens_scaling"": ""standardize"", ""min_cluster_size"": 37, ""min_samples"": 5, ""n_class"": 772, ""n_edges"": 5, ""n_intervals"": 6, ""n_vertices"": 6, ""noise_reassigned"": 695, ""placement"": ""quantile"", ""slabs"": [{""k"": 1, ""n"": 145}, {""k"": 1, ""n"": 161}, {""k"": 1, ""n"": 161}, {""k"": 1, ""n"": 161}, {""k"": 1, ""n"": 161}, {""k"": 1, ""n"": 145}]}, {""constant_lens"": false, ""gain"": 0.25, ""lens"": ""pc1"", ""lens_scaling"": ""standardize"", ""min_cluster_size"": 37, ""min_samples"": 5, ""n_class"": 712, ""n_edges"": 5, ""n_intervals"": 6, ""n_vertices"": 6, ""noise_reassigned"": 629, ""placement"": ""quantile"", ""slabs"": [{""k"": 1, ""n"": 134}, {""k"": 1, ""n"": 148}, {""k"": 1, ""n"": 148}, {""k"": 1, ""n"": 148}, {""k"": 1, ""n"": 148}, {""k"": 1, ""n"": 134}]}, {""constant_lens"": false, ""gain"": 0.25, ""lens"": ""pc1"", ""lens_scaling"": ""standardize"", ""min_cluster_size"": 37, ""min_samples"": 5, ""n_class"": 772, ""n_edges"": 5, ""n_intervals"": 6, ""n_vertices"": 6, ""noise_reassigned"": 696, ""placement"": ""quantile"", ""slabs"": [{""k"": 1, ""n"": 145}, {""k"": 1, ""n"": 161}, {""k"": 1, ""n"": 161}, {""k"": 1, ""n"": 161}, {""k"": 1, ""n"": 161}, {""k"": 1, ""n"": 145}]}, {""constant_lens"": false, ""gain"": 0.25, ""lens"": ""pc1"", ""lens_scaling"": ""standardize"", ""min_cluster_size"": 37, ""min_samples"": 5, ""n_class"": 712, ""n_edges"": 5, ""n_intervals"": 6, ""n_vertices"": 7, ""noise_reassigned"": 328, ""placement"": ""quantile"", ""slabs"": [{""k"": 1, ""n"": 134}, {""k"": 1, ""n"": 148}, {""k"": 1, ""n"": 148}, {""k"": 2, ""n"": 148}, {""k"": 1, ""n"": 148}, {""k"": 1, ""n"": 134}]}, {""constant_lens"": false, ""gain"": 0.25, ""lens"": ""pc1"", ""lens_scaling"": ""standardize"", ""min_cluster_size"": 37, ""min_samples"": 5, ""n_class"": 713, ""n_edges"": 5, ""n_intervals"": 6, ""n_vertices"": 6, ""noise_reassigned"": 640, ""placement"": ""quantile"", ""slabs"": [{""k"": 1, ""n"": 134}, {""k"": 1, ""n"": 149}, {""k"": 1, ""n"": 148}, {""k"": 1, ""n"": 148}, {""k"": 1, ""n"": 149}, {""k"": 1, ""n"": 134}]}, {""constant_lens"": false, ""gain"": 0.25, ""lens"": ""pc1"", ""lens_scaling"": ""standardize"", ""min_cluster_size"": 37, ""min_samples"": 5, ""n_class"": 770, ""n_edges"": 5, ""n_intervals"": 6, ""n_vertices"": 6, ""noise_reassigned"": 596, ""placement"": ""quantile"", ""slabs"": [{""k"": 1, ""n"": 145}, {""k"": 1, ""n"": 160}, {""k"": 1, ""n"": 160}, {""k"": 1, ""n"": 160}, {""k"": 1, ""n"": 160}, {""k"": 1, ""n"": 145}]}, {""constant_lens"": false, ""gain"": 0.25, ""lens"": ""pc1"", ""lens_scaling"": ""standardize"", ""min_cluster_size"": 37, ""min_samples"": 5, ""n_class"": 713, ""n_edges"": 5, ""n_intervals"": 6, ""n_vertices"": 6, ""noise_reassigned"": 559, ""placement"": ""uniform"", ""slabs"": [{""k"": 1, ""n"": 169}, {""k"": 1, ""n"": 180}, {""k"": 1, ""n"": 130}, {""k"": 1, ""n"": 95}, {""k"": 1, ""n"": 137}, {""k"": 1, ""n"": 151}]}, {""constant_lens"": false, ""gain"": 0.25, ""lens"": ""pc1"", ""lens_scaling"": ""standardize"", ""min_cluster_size"": 37, ""min_samples"": 5, ""n_class"": 713, ""n_edges"": 5, ""n_intervals"": 6, ""n_vertices"": 6, ""noise_reassigned"": 409, ""placement"": ""quantile"", ""slabs"": [{""k"": 1, ""n"": 134}, {""k"": 1, ""n"": 149}, {""k"": 1, ""n"": 148}, {""k"": 1, ""n"": 148}, {""k"": 1, ""n"": 149}, {""k"": 1, ""n"": 134}]}], ""soundness_bound_holds"": true, ""step_rule"": ""scale_free"", ""topology_retention_nerve_to_frozen"": {""beta0_frozen"": 16, ""beta0_nerve"": 11, ""beta1_frozen"": 0, ""beta1_nerve"": 1}}",True
0.9936247723132969,2474,False,0.2500505356781888,0.25,,25.6999080000096,443.1741949999996,417.47428699999,penbased,2,"{""epsilon"": 0.1, ""window"": 0.2}",LVQ3,10,2474,1098,9894,0.7499494643218112,2058206364,False,,True
0.9927140255009107,2474,False,0.2500505356781888,0.25,"{""0"": 257, ""1"": 257, ""2"": 258, ""3"": 237, ""4"": 258, ""5"": 237, ""6"": 238, ""7"": 257, ""8"": 237, ""9"": 238}",15.963113999983761,15.963113999983761,0.0,penbased,2,,KMeans,10,2474,1098,9894,0.7499494643218112,2058206364,False,,True
0.9899817850637522,2474,False,0.2500505356781888,0.25,"{""0"": 257, ""1"": 257, ""2"": 258, ""3"": 237, ""4"": 258, ""5"": 237, ""6"": 238, ""7"": 257, ""8"": 237, ""9"": 238}",0.0034269999887328595,0.0034269999887328595,0.0,penbased,2,,Random,10,2474,1098,9894,0.7499494643218112,2058206364,False,,True
0.994535519125683,2474,False,0.2500505356781888,0.25,,3.3953549999860115,3.3953549999860115,0.0,penbased,2,,SPOT,10,2474,1098,9894,0.7499494643218112,2058206364,False,,True
0.9426229508196722,2474,False,0.2500505356781888,0.25,,521.0830710000009,521.0830710000009,0.0,penbased,2,,GLVQ,10,2474,1098,9894,0.7499494643218112,2058206364,False,,True
0.9954462659380692,2474,False,0.2500505356781888,0.25,,63.02306999999564,63.02306999999564,0.0,penbased,2,,GNG,10,2474,1098,9894,0.7499494643218112,2058206364,False,,True
0.9954504094631483,49,False,0.004952997068634388,0.005,,0.0006670000148005784,0.0006670000148005784,0.0,penbased,3,,Full,10,9893,1099,9893,0.0,2059206367,False,,False
0.991810737033667,49,False,0.004952997068634388,0.005,,2.1647980000125244,2.1647980000125244,0.0,penbased,3,,RSP3,10,1086,1099,9893,0.8902254119074093,2059206367,False,,False
0.9854413102820746,49,False,0.004952997068634388,0.005,,0.7476519999909215,0.7476519999909215,0.0,penbased,3,,RHC,10,326,1099,9893,0.9670474072576569,2059206367,False,,False
0.9017288444040037,49,False,0.004952997068634388,0.005,,5.650911000004271,5.650911000004271,0.0,penbased,3,,SPINE+1NN,10,49,1099,9893,0.9950470029313656,2059206367,False,"{""admission"": {""criterion"": ""risk"", ""removed_risk"": 5, ""removed_support"": 0}, ""betti_final"": [[1, 0], [2, 0], [1, 0], [3, 0], [1, 0], [2, 0], [1, 0], [1, 0], [1, 0], [2, 0]], ""betti_frozen"": [[1, 0], [2, 0], [1, 0], [3, 0], [1, 0], [2, 0], [1, 0], [1, 0], [1, 0], [2, 0]], ""betti_nerve"": [[1, 0], [1, 1], [1, 0], [1, 0], [1, 0], [2, 0], [1, 0], [1, 0], [1, 0], [1, 0]], ""boundary_restriction"": ""both"", ""forced_removals"": 0, ""growth_representation_fallbacks"": 0, ""invariant_held"": true, ""n_segments"": 34, ""n_train_fit"": 7420, ""n_val"": 2473, ""phase0"": [{""constant_lens"": false, ""gain"": 0.25, ""lens"": ""pc1"", ""lens_scaling"": ""standardize"", ""min_cluster_size"": 37, ""min_samples"": 5, ""n_class"": 771, ""n_edges"": 5, ""n_intervals"": 6, ""n_vertices"": 6, ""noise_reassigned"": 707, ""placement"": ""quantile"", ""slabs"": [{""k"": 1, ""n"": 145}, {""k"": 1, ""n"": 160}, {""k"": 1, ""n"": 161}, {""k"": 1, ""n"": 161}, {""k"": 1, ""n"": 160}, {""k"": 1, ""n"": 145}]}, {""constant_lens"": false, ""gain"": 0.25, ""lens"": ""pc1"", ""lens_scaling"": ""standardize"", ""min_cluster_size"": 37, ""min_samples"": 5, ""n_class"": 772, ""n_edges"": 7, ""n_intervals"": 6, ""n_vertices"": 7, ""noise_reassigned"": 571, ""placement"": ""quantile"", ""slabs"": [{""k"": 1, ""n"": 145}, {""k"": 1, ""n"": 161}, {""k"": 1, ""n"": 161}, {""k"": 1, ""n"": 161}, {""k"": 2, ""n"": 161}, {""k"": 1, ""n"": 145}]}, {""constant_lens"": false, ""gain"": 0.25, ""lens"": ""pc1"", ""lens_scaling"": ""standardize"", ""min_cluster_size"": 37, ""min_samples"": 5, ""n_class"": 773, ""n_edges"": 5, ""n_intervals"": 6, ""n_vertices"": 6, ""noise_reassigned"": 702, ""placement"": ""quantile"", ""slabs"": [{""k"": 1, ""n"": 145}, {""k"": 1, ""n"": 161}, {""k"": 1, ""n"": 161}, {""k"": 1, ""n"": 161}, {""k"": 1, ""n"": 161}, {""k"": 1, ""n"": 145}]}, {""constant_lens"": false, ""gain"": 0.25, ""lens"": ""pc1"", ""lens_scaling"": ""standardize"", ""min_cluster_size"": 37, ""min_samples"": 5, ""n_class"": 712, ""n_edges"": 5, ""n_intervals"": 6, ""n_vertices"": 6, ""noise_reassigned"": 633, ""placement"": ""quantile"", ""slabs"": [{""k"": 1, ""n"": 134}, {""k"": 1, ""n"": 148}, {""k"": 1, ""n"": 148}, {""k"": 1, ""n"": 148}, {""k"": 1, ""n"": 148}, {""k"": 1, ""n"": 134}]}, {""constant_lens"": false, ""gain"": 0.25, ""lens"": ""pc1"", ""lens_scaling"": ""standardize"", ""min_cluster_size"": 37, ""min_samples"": 5, ""n_class"": 773, ""n_edges"": 5, ""n_intervals"": 6, ""n_vertices"": 6, ""noise_reassigned"": 683, ""placement"": ""quantile"", ""slabs"": [{""k"": 1, ""n"": 145}, {""k"": 1, ""n"": 161}, {""k"": 1, ""n"": 161}, {""k"": 1, ""n"": 161}, {""k"": 1, ""n"": 161}, {""k"": 1, ""n"": 145}]}, {""constant_lens"": false, ""gain"": 0.25, ""lens"": ""pc1"", ""lens_scaling"": ""standardize"", ""min_cluster_size"": 37, ""min_samples"": 5, ""n_class"": 712, ""n_edges"": 5, ""n_intervals"": 6, ""n_vertices"": 7, ""noise_reassigned"": 348, ""placement"": ""quantile"", ""slabs"": [{""k"": 1, ""n"": 134}, {""k"": 1, ""n"": 148}, {""k"": 1, ""n"": 148}, {""k"": 2, ""n"": 148}, {""k"": 1, ""n"": 148}, {""k"": 1, ""n"": 134}]}, {""constant_lens"": false, ""gain"": 0.25, ""lens"": ""pc1"", ""lens_scaling"": ""standardize"", ""min_cluster_size"": 37, ""min_samples"": 5, ""n_class"": 713, ""n_edges"": 5, ""n_intervals"": 6, ""n_vertices"": 6, ""noise_reassigned"": 632, ""placement"": ""quantile"", ""slabs"": [{""k"": 1, ""n"": 134}, {""k"": 1, ""n"": 149}, {""k"": 1, ""n"": 148}, {""k"": 1, ""n"": 148}, {""k"": 1, ""n"": 149}, {""k"": 1, ""n"": 134}]}, {""constant_lens"": false, ""gain"": 0.25, ""lens"": ""pc1"", ""lens_scaling"": ""standardize"", ""min_cluster_size"": 37, ""min_samples"": 5, ""n_class"": 770, ""n_edges"": 5, ""n_intervals"": 6, ""n_vertices"": 6, ""noise_reassigned"": 584, ""placement"": ""quantile"", ""slabs"": [{""k"": 1, ""n"": 145}, {""k"": 1, ""n"": 160}, {""k"": 1, ""n"": 160}, {""k"": 1, ""n"": 160}, {""k"": 1, ""n"": 160}, {""k"": 1, ""n"": 145}]}, {""constant_lens"": false, ""gain"": 0.25, ""lens"": ""pc1"", ""lens_scaling"": ""standardize"", ""min_cluster_size"": 37, ""min_samples"": 5, ""n_class"": 712, ""n_edges"": 5, ""n_intervals"": 6, ""n_vertices"": 6, ""noise_reassigned"": 577, ""placement"": ""uniform"", ""slabs"": [{""k"": 1, ""n"": 156}, {""k"": 1, ""n"": 186}, {""k"": 1, ""n"": 137}, {""k"": 1, ""n"": 99}, {""k"": 1, ""n"": 134}, {""k"": 1, ""n"": 169}]}, {""constant_lens"": false, ""gain"": 0.25, ""lens"": ""pc1"", ""lens_scaling"": ""standardize"", ""min_cluster_size"": 37, ""min_samples"": 5, ""n_class"": 712, ""n_edges"": 5, ""n_intervals"": 6, ""n_vertices"": 6, ""noise_reassigned"": 438, ""placement"": ""quantile"", ""slabs"": [{""k"": 1, ""n"": 134}, {""k"": 1, ""n"": 148}, {""k"": 1, ""n"": 148}, {""k"": 1, ""n"": 148}, {""k"": 1, ""n"": 148}, {""k"": 1, ""n"": 134}]}], ""soundness_bound_holds"": true, ""step_rule"": ""scale_free"", ""topology_retention_nerve_to_frozen"": {""beta0_frozen"": 15, ""beta0_nerve"": 11, ""beta1_frozen"": 0, ""beta1_nerve"": 1}}",True
0.9508644222020018,49,False,0.004952997068634388,0.005,,5.650911000004271,5.650911000004271,0.0,penbased,3,,SPINE+Graph,10,49,1099,9893,0.9950470029313656,2059206367,False,"{""admission"": {""criterion"": ""risk"", ""removed_risk"": 5, ""removed_support"": 0}, ""betti_final"": [[1, 0], [2, 0], [1, 0], [3, 0], [1, 0], [2, 0], [1, 0], [1, 0], [1, 0], [2, 0]], ""betti_frozen"": [[1, 0], [2, 0], [1, 0], [3, 0], [1, 0], [2, 0], [1, 0], [1, 0], [1, 0], [2, 0]], ""betti_nerve"": [[1, 0], [1, 1], [1, 0], [1, 0], [1, 0], [2, 0], [1, 0], [1, 0], [1, 0], [1, 0]], ""boundary_restriction"": ""both"", ""forced_removals"": 0, ""growth_representation_fallbacks"": 0, ""invariant_held"": true, ""n_segments"": 34, ""n_train_fit"": 7420, ""n_val"": 2473, ""phase0"": [{""constant_lens"": false, ""gain"": 0.25, ""lens"": ""pc1"", ""lens_scaling"": ""standardize"", ""min_cluster_size"": 37, ""min_samples"": 5, ""n_class"": 771, ""n_edges"": 5, ""n_intervals"": 6, ""n_vertices"": 6, ""noise_reassigned"": 707, ""placement"": ""quantile"", ""slabs"": [{""k"": 1, ""n"": 145}, {""k"": 1, ""n"": 160}, {""k"": 1, ""n"": 161}, {""k"": 1, ""n"": 161}, {""k"": 1, ""n"": 160}, {""k"": 1, ""n"": 145}]}, {""constant_lens"": false, ""gain"": 0.25, ""lens"": ""pc1"", ""lens_scaling"": ""standardize"", ""min_cluster_size"": 37, ""min_samples"": 5, ""n_class"": 772, ""n_edges"": 7, ""n_intervals"": 6, ""n_vertices"": 7, ""noise_reassigned"": 571, ""placement"": ""quantile"", ""slabs"": [{""k"": 1, ""n"": 145}, {""k"": 1, ""n"": 161}, {""k"": 1, ""n"": 161}, {""k"": 1, ""n"": 161}, {""k"": 2, ""n"": 161}, {""k"": 1, ""n"": 145}]}, {""constant_lens"": false, ""gain"": 0.25, ""lens"": ""pc1"", ""lens_scaling"": ""standardize"", ""min_cluster_size"": 37, ""min_samples"": 5, ""n_class"": 773, ""n_edges"": 5, ""n_intervals"": 6, ""n_vertices"": 6, ""noise_reassigned"": 702, ""placement"": ""quantile"", ""slabs"": [{""k"": 1, ""n"": 145}, {""k"": 1, ""n"": 161}, {""k"": 1, ""n"": 161}, {""k"": 1, ""n"": 161}, {""k"": 1, ""n"": 161}, {""k"": 1, ""n"": 145}]}, {""constant_lens"": false, ""gain"": 0.25, ""lens"": ""pc1"", ""lens_scaling"": ""standardize"", ""min_cluster_size"": 37, ""min_samples"": 5, ""n_class"": 712, ""n_edges"": 5, ""n_intervals"": 6, ""n_vertices"": 6, ""noise_reassigned"": 633, ""placement"": ""quantile"", ""slabs"": [{""k"": 1, ""n"": 134}, {""k"": 1, ""n"": 148}, {""k"": 1, ""n"": 148}, {""k"": 1, ""n"": 148}, {""k"": 1, ""n"": 148}, {""k"": 1, ""n"": 134}]}, {""constant_lens"": false, ""gain"": 0.25, ""lens"": ""pc1"", ""lens_scaling"": ""standardize"", ""min_cluster_size"": 37, ""min_samples"": 5, ""n_class"": 773, ""n_edges"": 5, ""n_intervals"": 6, ""n_vertices"": 6, ""noise_reassigned"": 683, ""placement"": ""quantile"", ""slabs"": [{""k"": 1, ""n"": 145}, {""k"": 1, ""n"": 161}, {""k"": 1, ""n"": 161}, {""k"": 1, ""n"": 161}, {""k"": 1, ""n"": 161}, {""k"": 1, ""n"": 145}]}, {""constant_lens"": false, ""gain"": 0.25, ""lens"": ""pc1"", ""lens_scaling"": ""standardize"", ""min_cluster_size"": 37, ""min_samples"": 5, ""n_class"": 712, ""n_edges"": 5, ""n_intervals"": 6, ""n_vertices"": 7, ""noise_reassigned"": 348, ""placement"": ""quantile"", ""slabs"": [{""k"": 1, ""n"": 134}, {""k"": 1, ""n"": 148}, {""k"": 1, ""n"": 148}, {""k"": 2, ""n"": 148}, {""k"": 1, ""n"": 148}, {""k"": 1, ""n"": 134}]}, {""constant_lens"": false, ""gain"": 0.25, ""lens"": ""pc1"", ""lens_scaling"": ""standardize"", ""min_cluster_size"": 37, ""min_samples"": 5, ""n_class"": 713, ""n_edges"": 5, ""n_intervals"": 6, ""n_vertices"": 6, ""noise_reassigned"": 632, ""placement"": ""quantile"", ""slabs"": [{""k"": 1, ""n"": 134}, {""k"": 1, ""n"": 149}, {""k"": 1, ""n"": 148}, {""k"": 1, ""n"": 148}, {""k"": 1, ""n"": 149}, {""k"": 1, ""n"": 134}]}, {""constant_lens"": false, ""gain"": 0.25, ""lens"": ""pc1"", ""lens_scaling"": ""standardize"", ""min_cluster_size"": 37, ""min_samples"": 5, ""n_class"": 770, ""n_edges"": 5, ""n_intervals"": 6, ""n_vertices"": 6, ""noise_reassigned"": 584, ""placement"": ""quantile"", ""slabs"": [{""k"": 1, ""n"": 145}, {""k"": 1, ""n"": 160}, {""k"": 1, ""n"": 160}, {""k"": 1, ""n"": 160}, {""k"": 1, ""n"": 160}, {""k"": 1, ""n"": 145}]}, {""constant_lens"": false, ""gain"": 0.25, ""lens"": ""pc1"", ""lens_scaling"": ""standardize"", ""min_cluster_size"": 37, ""min_samples"": 5, ""n_class"": 712, ""n_edges"": 5, ""n_intervals"": 6, ""n_vertices"": 6, ""noise_reassigned"": 577, ""placement"": ""uniform"", ""slabs"": [{""k"": 1, ""n"": 156}, {""k"": 1, ""n"": 186}, {""k"": 1, ""n"": 137}, {""k"": 1, ""n"": 99}, {""k"": 1, ""n"": 134}, {""k"": 1, ""n"": 169}]}, {""constant_lens"": false, ""gain"": 0.25, ""lens"": ""pc1"", ""lens_scaling"": ""standardize"", ""min_cluster_size"": 37, ""min_samples"": 5, ""n_class"": 712, ""n_edges"": 5, ""n_intervals"": 6, ""n_vertices"": 6, ""noise_reassigned"": 438, ""placement"": ""quantile"", ""slabs"": [{""k"": 1, ""n"": 134}, {""k"": 1, ""n"": 148}, {""k"": 1, ""n"": 148}, {""k"": 1, ""n"": 148}, {""k"": 1, ""n"": 148}, {""k"": 1, ""n"": 134}]}], ""soundness_bound_holds"": true, ""step_rule"": ""scale_free"", ""topology_retention_nerve_to_frozen"": {""beta0_frozen"": 15, ""beta0_nerve"": 11, ""beta1_frozen"": 0, ""beta1_nerve"": 1}}",True
0.9745222929936306,49,False,0.004952997068634388,0.005,,3.342527999979211,60.669267999968724,57.32673999998951,penbased,3,"{""epsilon"": 0.1, ""window"": 0.2}",LVQ3,10,49,1099,9893,0.9950470029313656,2059206367,False,,True
0.9563239308462238,49,False,0.004952997068634388,0.005,"{""0"": 5, ""1"": 5, ""2"": 5, ""3"": 5, ""4"": 5, ""5"": 4, ""6"": 5, ""7"": 5, ""8"": 5, ""9"": 5}",1.8202610000153072,1.8202610000153072,0.0,penbased,3,,KMeans,10,49,1099,9893,0.9950470029313656,2059206367,False,,True
0.8453139217470428,49,False,0.004952997068634388,0.005,"{""0"": 5, ""1"": 5, ""2"": 5, ""3"": 5, ""4"": 5, ""5"": 4, ""6"": 5, ""7"": 5, ""8"": 5, ""9"": 5}",0.00265499998931773,0.00265499998931773,0.0,penbased,3,,Random,10,49,1099,9893,0.9950470029313656,2059206367,False,,True
0.9062784349408554,49,False,0.004952997068634388,0.005,,2.6107479999773204,2.6107479999773204,0.0,penbased,3,,SPOT,10,49,1099,9893,0.9950470029313656,2059206367,False,,True
0.9399454049135578,49,False,0.004952997068634388,0.005,,14.734027000027709,14.734027000027709,0.0,penbased,3,,GLVQ,10,49,1099,9893,0.9950470029313656,2059206367,False,,True
0.9408553230209281,49,False,0.004952997068634388,0.005,,1.426050000009127,1.426050000009127,0.0,penbased,3,,GNG,10,49,1099,9893,0.9950470029313656,2059206367,False,,True
0.9954504094631483,99,False,0.010007075710098049,0.01,,0.0006670000148005784,0.0006670000148005784,0.0,penbased,3,,Full,10,9893,1099,9893,0.0,2059206367,True,,False
0.991810737033667,99,False,0.010007075710098049,0.01,,2.1647980000125244,2.1647980000125244,0.0,penbased,3,,RSP3,10,1086,1099,9893,0.8902254119074093,2059206367,True,,False
0.9854413102820746,99,False,0.010007075710098049,0.01,,0.7476519999909215,0.7476519999909215,0.0,penbased,3,,RHC,10,326,1099,9893,0.9670474072576569,2059206367,True,,False
0.9563239308462238,99,False,0.010007075710098049,0.01,,7.960762000002433,7.960762000002433,0.0,penbased,3,,SPINE+1NN,10,99,1099,9893,0.9899929242899019,2059206367,False,"{""admission"": {""criterion"": ""risk"", ""removed_risk"": 5, ""removed_support"": 0}, ""betti_final"": [[1, 0], [2, 0], [1, 0], [3, 0], [1, 0], [2, 0], [1, 0], [1, 0], [1, 0], [2, 0]], ""betti_frozen"": [[1, 0], [2, 0], [1, 0], [3, 0], [1, 0], [2, 0], [1, 0], [1, 0], [1, 0], [2, 0]], ""betti_nerve"": [[1, 0], [1, 1], [1, 0], [1, 0], [1, 0], [2, 0], [1, 0], [1, 0], [1, 0], [1, 0]], ""boundary_restriction"": ""both"", ""forced_removals"": 0, ""growth_representation_fallbacks"": 10, ""invariant_held"": true, ""n_segments"": 84, ""n_train_fit"": 7420, ""n_val"": 2473, ""phase0"": [{""constant_lens"": false, ""gain"": 0.25, ""lens"": ""pc1"", ""lens_scaling"": ""standardize"", ""min_cluster_size"": 37, ""min_samples"": 5, ""n_class"": 771, ""n_edges"": 5, ""n_intervals"": 6, ""n_vertices"": 6, ""noise_reassigned"": 707, ""placement"": ""quantile"", ""slabs"": [{""k"": 1, ""n"": 145}, {""k"": 1, ""n"": 160}, {""k"": 1, ""n"": 161}, {""k"": 1, ""n"": 161}, {""k"": 1, ""n"": 160}, {""k"": 1, ""n"": 145}]}, {""constant_lens"": false, ""gain"": 0.25, ""lens"": ""pc1"", ""lens_scaling"": ""standardize"", ""min_cluster_size"": 37, ""min_samples"": 5, ""n_class"": 772, ""n_edges"": 7, ""n_intervals"": 6, ""n_vertices"": 7, ""noise_reassigned"": 571, ""placement"": ""quantile"", ""slabs"": [{""k"": 1, ""n"": 145}, {""k"": 1, ""n"": 161}, {""k"": 1, ""n"": 161}, {""k"": 1, ""n"": 161}, {""k"": 2, ""n"": 161}, {""k"": 1, ""n"": 145}]}, {""constant_lens"": false, ""gain"": 0.25, ""lens"": ""pc1"", ""lens_scaling"": ""standardize"", ""min_cluster_size"": 37, ""min_samples"": 5, ""n_class"": 773, ""n_edges"": 5, ""n_intervals"": 6, ""n_vertices"": 6, ""noise_reassigned"": 702, ""placement"": ""quantile"", ""slabs"": [{""k"": 1, ""n"": 145}, {""k"": 1, ""n"": 161}, {""k"": 1, ""n"": 161}, {""k"": 1, ""n"": 161}, {""k"": 1, ""n"": 161}, {""k"": 1, ""n"": 145}]}, {""constant_lens"": false, ""gain"": 0.25, ""lens"": ""pc1"", ""lens_scaling"": ""standardize"", ""min_cluster_size"": 37, ""min_samples"": 5, ""n_class"": 712, ""n_edges"": 5, ""n_intervals"": 6, ""n_vertices"": 6, ""noise_reassigned"": 633, ""placement"": ""quantile"", ""slabs"": [{""k"": 1, ""n"": 134}, {""k"": 1, ""n"": 148}, {""k"": 1, ""n"": 148}, {""k"": 1, ""n"": 148}, {""k"": 1, ""n"": 148}, {""k"": 1, ""n"": 134}]}, {""constant_lens"": false, ""gain"": 0.25, ""lens"": ""pc1"", ""lens_scaling"": ""standardize"", ""min_cluster_size"": 37, ""min_samples"": 5, ""n_class"": 773, ""n_edges"": 5, ""n_intervals"": 6, ""n_vertices"": 6, ""noise_reassigned"": 683, ""placement"": ""quantile"", ""slabs"": [{""k"": 1, ""n"": 145}, {""k"": 1, ""n"": 161}, {""k"": 1, ""n"": 161}, {""k"": 1, ""n"": 161}, {""k"": 1, ""n"": 161}, {""k"": 1, ""n"": 145}]}, {""constant_lens"": false, ""gain"": 0.25, ""lens"": ""pc1"", ""lens_scaling"": ""standardize"", ""min_cluster_size"": 37, ""min_samples"": 5, ""n_class"": 712, ""n_edges"": 5, ""n_intervals"": 6, ""n_vertices"": 7, ""noise_reassigned"": 348, ""placement"": ""quantile"", ""slabs"": [{""k"": 1, ""n"": 134}, {""k"": 1, ""n"": 148}, {""k"": 1, ""n"": 148}, {""k"": 2, ""n"": 148}, {""k"": 1, ""n"": 148}, {""k"": 1, ""n"": 134}]}, {""constant_lens"": false, ""gain"": 0.25, ""lens"": ""pc1"", ""lens_scaling"": ""standardize"", ""min_cluster_size"": 37, ""min_samples"": 5, ""n_class"": 713, ""n_edges"": 5, ""n_intervals"": 6, ""n_vertices"": 6, ""noise_reassigned"": 632, ""placement"": ""quantile"", ""slabs"": [{""k"": 1, ""n"": 134}, {""k"": 1, ""n"": 149}, {""k"": 1, ""n"": 148}, {""k"": 1, ""n"": 148}, {""k"": 1, ""n"": 149}, {""k"": 1, ""n"": 134}]}, {""constant_lens"": false, ""gain"": 0.25, ""lens"": ""pc1"", ""lens_scaling"": ""standardize"", ""min_cluster_size"": 37, ""min_samples"": 5, ""n_class"": 770, ""n_edges"": 5, ""n_intervals"": 6, ""n_vertices"": 6, ""noise_reassigned"": 584, ""placement"": ""quantile"", ""slabs"": [{""k"": 1, ""n"": 145}, {""k"": 1, ""n"": 160}, {""k"": 1, ""n"": 160}, {""k"": 1, ""n"": 160}, {""k"": 1, ""n"": 160}, {""k"": 1, ""n"": 145}]}, {""constant_lens"": false, ""gain"": 0.25, ""lens"": ""pc1"", ""lens_scaling"": ""standardize"", ""min_cluster_size"": 37, ""min_samples"": 5, ""n_class"": 712, ""n_edges"": 5, ""n_intervals"": 6, ""n_vertices"": 6, ""noise_reassigned"": 577, ""placement"": ""uniform"", ""slabs"": [{""k"": 1, ""n"": 156}, {""k"": 1, ""n"": 186}, {""k"": 1, ""n"": 137}, {""k"": 1, ""n"": 99}, {""k"": 1, ""n"": 134}, {""k"": 1, ""n"": 169}]}, {""constant_lens"": false, ""gain"": 0.25, ""lens"": ""pc1"", ""lens_scaling"": ""standardize"", ""min_cluster_size"": 37, ""min_samples"": 5, ""n_class"": 712, ""n_edges"": 5, ""n_intervals"": 6, ""n_vertices"": 6, ""noise_reassigned"": 438, ""placement"": ""quantile"", ""slabs"": [{""k"": 1, ""n"": 134}, {""k"": 1, ""n"": 148}, {""k"": 1, ""n"": 148}, {""k"": 1, ""n"": 148}, {""k"": 1, ""n"": 148}, {""k"": 1, ""n"": 134}]}], ""soundness_bound_holds"": true, ""step_rule"": ""scale_free"", ""topology_retention_nerve_to_frozen"": {""beta0_frozen"": 15, ""beta0_nerve"": 11, ""beta1_frozen"": 0, ""beta1_nerve"": 1}}",True
0.9636032757051866,99,False,0.010007075710098049,0.01,,7.960762000002433,7.960762000002433,0.0,penbased,3,,SPINE+Graph,10,99,1099,9893,0.9899929242899019,2059206367,False,"{""admission"": {""criterion"": ""risk"", ""removed_risk"": 5, ""removed_support"": 0}, ""betti_final"": [[1, 0], [2, 0], [1, 0], [3, 0], [1, 0], [2, 0], [1, 0], [1, 0], [1, 0], [2, 0]], ""betti_frozen"": [[1, 0], [2, 0], [1, 0], [3, 0], [1, 0], [2, 0], [1, 0], [1, 0], [1, 0], [2, 0]], ""betti_nerve"": [[1, 0], [1, 1], [1, 0], [1, 0], [1, 0], [2, 0], [1, 0], [1, 0], [1, 0], [1, 0]], ""boundary_restriction"": ""both"", ""forced_removals"": 0, ""growth_representation_fallbacks"": 10, ""invariant_held"": true, ""n_segments"": 84, ""n_train_fit"": 7420, ""n_val"": 2473, ""phase0"": [{""constant_lens"": false, ""gain"": 0.25, ""lens"": ""pc1"", ""lens_scaling"": ""standardize"", ""min_cluster_size"": 37, ""min_samples"": 5, ""n_class"": 771, ""n_edges"": 5, ""n_intervals"": 6, ""n_vertices"": 6, ""noise_reassigned"": 707, ""placement"": ""quantile"", ""slabs"": [{""k"": 1, ""n"": 145}, {""k"": 1, ""n"": 160}, {""k"": 1, ""n"": 161}, {""k"": 1, ""n"": 161}, {""k"": 1, ""n"": 160}, {""k"": 1, ""n"": 145}]}, {""constant_lens"": false, ""gain"": 0.25, ""lens"": ""pc1"", ""lens_scaling"": ""standardize"", ""min_cluster_size"": 37, ""min_samples"": 5, ""n_class"": 772, ""n_edges"": 7, ""n_intervals"": 6, ""n_vertices"": 7, ""noise_reassigned"": 571, ""placement"": ""quantile"", ""slabs"": [{""k"": 1, ""n"": 145}, {""k"": 1, ""n"": 161}, {""k"": 1, ""n"": 161}, {""k"": 1, ""n"": 161}, {""k"": 2, ""n"": 161}, {""k"": 1, ""n"": 145}]}, {""constant_lens"": false, ""gain"": 0.25, ""lens"": ""pc1"", ""lens_scaling"": ""standardize"", ""min_cluster_size"": 37, ""min_samples"": 5, ""n_class"": 773, ""n_edges"": 5, ""n_intervals"": 6, ""n_vertices"": 6, ""noise_reassigned"": 702, ""placement"": ""quantile"", ""slabs"": [{""k"": 1, ""n"": 145}, {""k"": 1, ""n"": 161}, {""k"": 1, ""n"": 161}, {""k"": 1, ""n"": 161}, {""k"": 1, ""n"": 161}, {""k"": 1, ""n"": 145}]}, {""constant_lens"": false, ""gain"": 0.25, ""lens"": ""pc1"", ""lens_scaling"": ""standardize"", ""min_cluster_size"": 37, ""min_samples"": 5, ""n_class"": 712, ""n_edges"": 5, ""n_intervals"": 6, ""n_vertices"": 6, ""noise_reassigned"": 633, ""placement"": ""quantile"", ""slabs"": [{""k"": 1, ""n"": 134}, {""k"": 1, ""n"": 148}, {""k"": 1, ""n"": 148}, {""k"": 1, ""n"": 148}, {""k"": 1, ""n"": 148}, {""k"": 1, ""n"": 134}]}, {""constant_lens"": false, ""gain"": 0.25, ""lens"": ""pc1"", ""lens_scaling"": ""standardize"", ""min_cluster_size"": 37, ""min_samples"": 5, ""n_class"": 773, ""n_edges"": 5, ""n_intervals"": 6, ""n_vertices"": 6, ""noise_reassigned"": 683, ""placement"": ""quantile"", ""slabs"": [{""k"": 1, ""n"": 145}, {""k"": 1, ""n"": 161}, {""k"": 1, ""n"": 161}, {""k"": 1, ""n"": 161}, {""k"": 1, ""n"": 161}, {""k"": 1, ""n"": 145}]}, {""constant_lens"": false, ""gain"": 0.25, ""lens"": ""pc1"", ""lens_scaling"": ""standardize"", ""min_cluster_size"": 37, ""min_samples"": 5, ""n_class"": 712, ""n_edges"": 5, ""n_intervals"": 6, ""n_vertices"": 7, ""noise_reassigned"": 348, ""placement"": ""quantile"", ""slabs"": [{""k"": 1, ""n"": 134}, {""k"": 1, ""n"": 148}, {""k"": 1, ""n"": 148}, {""k"": 2, ""n"": 148}, {""k"": 1, ""n"": 148}, {""k"": 1, ""n"": 134}]}, {""constant_lens"": false, ""gain"": 0.25, ""lens"": ""pc1"", ""lens_scaling"": ""standardize"", ""min_cluster_size"": 37, ""min_samples"": 5, ""n_class"": 713, ""n_edges"": 5, ""n_intervals"": 6, ""n_vertices"": 6, ""noise_reassigned"": 632, ""placement"": ""quantile"", ""slabs"": [{""k"": 1, ""n"": 134}, {""k"": 1, ""n"": 149}, {""k"": 1, ""n"": 148}, {""k"": 1, ""n"": 148}, {""k"": 1, ""n"": 149}, {""k"": 1, ""n"": 134}]}, {""constant_lens"": false, ""gain"": 0.25, ""lens"": ""pc1"", ""lens_scaling"": ""standardize"", ""min_cluster_size"": 37, ""min_samples"": 5, ""n_class"": 770, ""n_edges"": 5, ""n_intervals"": 6, ""n_vertices"": 6, ""noise_reassigned"": 584, ""placement"": ""quantile"", ""slabs"": [{""k"": 1, ""n"": 145}, {""k"": 1, ""n"": 160}, {""k"": 1, ""n"": 160}, {""k"": 1, ""n"": 160}, {""k"": 1, ""n"": 160}, {""k"": 1, ""n"": 145}]}, {""constant_lens"": false, ""gain"": 0.25, ""lens"": ""pc1"", ""lens_scaling"": ""standardize"", ""min_cluster_size"": 37, ""min_samples"": 5, ""n_class"": 712, ""n_edges"": 5, ""n_intervals"": 6, ""n_vertices"": 6, ""noise_reassigned"": 577, ""placement"": ""uniform"", ""slabs"": [{""k"": 1, ""n"": 156}, {""k"": 1, ""n"": 186}, {""k"": 1, ""n"": 137}, {""k"": 1, ""n"": 99}, {""k"": 1, ""n"": 134}, {""k"": 1, ""n"": 169}]}, {""constant_lens"": false, ""gain"": 0.25, ""lens"": ""pc1"", ""lens_scaling"": ""standardize"", ""min_cluster_size"": 37, ""min_samples"": 5, ""n_class"": 712, ""n_edges"": 5, ""n_intervals"": 6, ""n_vertices"": 6, ""noise_reassigned"": 438, ""placement"": ""quantile"", ""slabs"": [{""k"": 1, ""n"": 134}, {""k"": 1, ""n"": 148}, {""k"": 1, ""n"": 148}, {""k"": 1, ""n"": 148}, {""k"": 1, ""n"": 148}, {""k"": 1, ""n"": 134}]}], ""soundness_bound_holds"": true, ""step_rule"": ""scale_free"", ""topology_retention_nerve_to_frozen"": {""beta0_frozen"": 15, ""beta0_nerve"": 11, ""beta1_frozen"": 0, ""beta1_nerve"": 1}}",True
0.9717925386715196,99,False,0.010007075710098049,0.01,,3.624424999987241,68.16006299998844,64.5356380000012,penbased,3,"{""epsilon"": 0.1, ""window"": 0.2}",LVQ3,10,99,1099,9893,0.9899929242899019,2059206367,False,,True
0.9790718835304822,99,False,0.010007075710098049,0.01,"{""0"": 10, ""1"": 10, ""2"": 10, ""3"": 10, ""4"": 10, ""5"": 9, ""6"": 10, ""7"": 10, ""8"": 10, ""9"": 10}",2.2656560000032187,2.2656560000032187,0.0,penbased,3,,KMeans,10,99,1099,9893,0.9899929242899019,2059206367,False,,True
0.8798908098271155,99,False,0.010007075710098049,0.01,"{""0"": 10, ""1"": 10, ""2"": 10, ""3"": 10, ""4"": 10, ""5"": 9, ""6"": 10, ""7"": 10, ""8"": 10, ""9"": 10}",0.002433000016026199,0.002433000016026199,0.0,penbased,3,,Random,10,99,1099,9893,0.9899929242899019,2059206367,False,,True
0.9617834394904459,99,False,0.010007075710098049,0.01,,2.8121009999886155,2.8121009999886155,0.0,penbased,3,,SPOT,10,99,1099,9893,0.9899929242899019,2059206367,False,,True
0.9399454049135578,99,False,0.010007075710098049,0.01,,25.117664999997942,25.117664999997942,0.0,penbased,3,,GLVQ,10,99,1099,9893,0.9899929242899019,2059206367,False,,True
0.9654231119199272,99,False,0.010007075710098049,0.01,,1.743492999987211,1.743492999987211,0.0,penbased,3,,GNG,10,99,1099,9893,0.9899929242899019,2059206367,False,,True
0.9954504094631483,198,False,0.020014151420196098,0.02,,0.0006670000148005784,0.0006670000148005784,0.0,penbased,3,,Full,10,9893,1099,9893,0.0,2059206367,True,,False
0.991810737033667,198,False,0.020014151420196098,0.02,,2.1647980000125244,2.1647980000125244,0.0,penbased,3,,RSP3,10,1086,1099,9893,0.8902254119074093,2059206367,True,,False
0.9854413102820746,198,False,0.020014151420196098,0.02,,0.7476519999909215,0.7476519999909215,0.0,penbased,3,,RHC,10,326,1099,9893,0.9670474072576569,2059206367,True,,False
0.9681528662420382,198,False,0.020014151420196098,0.02,,9.676792000012938,9.676792000012938,0.0,penbased,3,,SPINE+1NN,10,198,1099,9893,0.9799858485798039,2059206367,False,"{""admission"": {""criterion"": ""risk"", ""removed_risk"": 5, ""removed_support"": 0}, ""betti_final"": [[1, 0], [2, 0], [1, 0], [3, 0], [1, 0], [2, 0], [1, 0], [1, 0], [1, 0], [2, 0]], ""betti_frozen"": [[1, 0], [2, 0], [1, 0], [3, 0], [1, 0], [2, 0], [1, 0], [1, 0], [1, 0], [2, 0]], ""betti_nerve"": [[1, 0], [1, 1], [1, 0], [1, 0], [1, 0], [2, 0], [1, 0], [1, 0], [1, 0], [1, 0]], ""boundary_restriction"": ""both"", ""forced_removals"": 0, ""growth_representation_fallbacks"": 51, ""invariant_held"": true, ""n_segments"": 183, ""n_train_fit"": 7420, ""n_val"": 2473, ""phase0"": [{""constant_lens"": false, ""gain"": 0.25, ""lens"": ""pc1"", ""lens_scaling"": ""standardize"", ""min_cluster_size"": 37, ""min_samples"": 5, ""n_class"": 771, ""n_edges"": 5, ""n_intervals"": 6, ""n_vertices"": 6, ""noise_reassigned"": 707, ""placement"": ""quantile"", ""slabs"": [{""k"": 1, ""n"": 145}, {""k"": 1, ""n"": 160}, {""k"": 1, ""n"": 161}, {""k"": 1, ""n"": 161}, {""k"": 1, ""n"": 160}, {""k"": 1, ""n"": 145}]}, {""constant_lens"": false, ""gain"": 0.25, ""lens"": ""pc1"", ""lens_scaling"": ""standardize"", ""min_cluster_size"": 37, ""min_samples"": 5, ""n_class"": 772, ""n_edges"": 7, ""n_intervals"": 6, ""n_vertices"": 7, ""noise_reassigned"": 571, ""placement"": ""quantile"", ""slabs"": [{""k"": 1, ""n"": 145}, {""k"": 1, ""n"": 161}, {""k"": 1, ""n"": 161}, {""k"": 1, ""n"": 161}, {""k"": 2, ""n"": 161}, {""k"": 1, ""n"": 145}]}, {""constant_lens"": false, ""gain"": 0.25, ""lens"": ""pc1"", ""lens_scaling"": ""standardize"", ""min_cluster_size"": 37, ""min_samples"": 5, ""n_class"": 773, ""n_edges"": 5, ""n_intervals"": 6, ""n_vertices"": 6, ""noise_reassigned"": 702, ""placement"": ""quantile"", ""slabs"": [{""k"": 1, ""n"": 145}, {""k"": 1, ""n"": 161}, {""k"": 1, ""n"": 161}, {""k"": 1, ""n"": 161}, {""k"": 1, ""n"": 161}, {""k"": 1, ""n"": 145}]}, {""constant_lens"": false, ""gain"": 0.25, ""lens"": ""pc1"", ""lens_scaling"": ""standardize"", ""min_cluster_size"": 37, ""min_samples"": 5, ""n_class"": 712, ""n_edges"": 5, ""n_intervals"": 6, ""n_vertices"": 6, ""noise_reassigned"": 633, ""placement"": ""quantile"", ""slabs"": [{""k"": 1, ""n"": 134}, {""k"": 1, ""n"": 148}, {""k"": 1, ""n"": 148}, {""k"": 1, ""n"": 148}, {""k"": 1, ""n"": 148}, {""k"": 1, ""n"": 134}]}, {""constant_lens"": false, ""gain"": 0.25, ""lens"": ""pc1"", ""lens_scaling"": ""standardize"", ""min_cluster_size"": 37, ""min_samples"": 5, ""n_class"": 773, ""n_edges"": 5, ""n_intervals"": 6, ""n_vertices"": 6, ""noise_reassigned"": 683, ""placement"": ""quantile"", ""slabs"": [{""k"": 1, ""n"": 145}, {""k"": 1, ""n"": 161}, {""k"": 1, ""n"": 161}, {""k"": 1, ""n"": 161}, {""k"": 1, ""n"": 161}, {""k"": 1, ""n"": 145}]}, {""constant_lens"": false, ""gain"": 0.25, ""lens"": ""pc1"", ""lens_scaling"": ""standardize"", ""min_cluster_size"": 37, ""min_samples"": 5, ""n_class"": 712, ""n_edges"": 5, ""n_intervals"": 6, ""n_vertices"": 7, ""noise_reassigned"": 348, ""placement"": ""quantile"", ""slabs"": [{""k"": 1, ""n"": 134}, {""k"": 1, ""n"": 148}, {""k"": 1, ""n"": 148}, {""k"": 2, ""n"": 148}, {""k"": 1, ""n"": 148}, {""k"": 1, ""n"": 134}]}, {""constant_lens"": false, ""gain"": 0.25, ""lens"": ""pc1"", ""lens_scaling"": ""standardize"", ""min_cluster_size"": 37, ""min_samples"": 5, ""n_class"": 713, ""n_edges"": 5, ""n_intervals"": 6, ""n_vertices"": 6, ""noise_reassigned"": 632, ""placement"": ""quantile"", ""slabs"": [{""k"": 1, ""n"": 134}, {""k"": 1, ""n"": 149}, {""k"": 1, ""n"": 148}, {""k"": 1, ""n"": 148}, {""k"": 1, ""n"": 149}, {""k"": 1, ""n"": 134}]}, {""constant_lens"": false, ""gain"": 0.25, ""lens"": ""pc1"", ""lens_scaling"": ""standardize"", ""min_cluster_size"": 37, ""min_samples"": 5, ""n_class"": 770, ""n_edges"": 5, ""n_intervals"": 6, ""n_vertices"": 6, ""noise_reassigned"": 584, ""placement"": ""quantile"", ""slabs"": [{""k"": 1, ""n"": 145}, {""k"": 1, ""n"": 160}, {""k"": 1, ""n"": 160}, {""k"": 1, ""n"": 160}, {""k"": 1, ""n"": 160}, {""k"": 1, ""n"": 145}]}, {""constant_lens"": false, ""gain"": 0.25, ""lens"": ""pc1"", ""lens_scaling"": ""standardize"", ""min_cluster_size"": 37, ""min_samples"": 5, ""n_class"": 712, ""n_edges"": 5, ""n_intervals"": 6, ""n_vertices"": 6, ""noise_reassigned"": 577, ""placement"": ""uniform"", ""slabs"": [{""k"": 1, ""n"": 156}, {""k"": 1, ""n"": 186}, {""k"": 1, ""n"": 137}, {""k"": 1, ""n"": 99}, {""k"": 1, ""n"": 134}, {""k"": 1, ""n"": 169}]}, {""constant_lens"": false, ""gain"": 0.25, ""lens"": ""pc1"", ""lens_scaling"": ""standardize"", ""min_cluster_size"": 37, ""min_samples"": 5, ""n_class"": 712, ""n_edges"": 5, ""n_intervals"": 6, ""n_vertices"": 6, ""noise_reassigned"": 438, ""placement"": ""quantile"", ""slabs"": [{""k"": 1, ""n"": 134}, {""k"": 1, ""n"": 148}, {""k"": 1, ""n"": 148}, {""k"": 1, ""n"": 148}, {""k"": 1, ""n"": 148}, {""k"": 1, ""n"": 134}]}], ""soundness_bound_holds"": true, ""step_rule"": ""scale_free"", ""topology_retention_nerve_to_frozen"": {""beta0_frozen"": 15, ""beta0_nerve"": 11, ""beta1_frozen"": 0, ""beta1_nerve"": 1}}",True
0.9690627843494085,198,False,0.020014151420196098,0.02,,9.676792000012938,9.676792000012938,0.0,penbased,3,,SPINE+Graph,10,198,1099,9893,0.9799858485798039,2059206367,False,"{""admission"": {""criterion"": ""risk"", ""removed_risk"": 5, ""removed_support"": 0}, ""betti_final"": [[1, 0], [2, 0], [1, 0], [3, 0], [1, 0], [2, 0], [1, 0], [1, 0], [1, 0], [2, 0]], ""betti_frozen"": [[1, 0], [2, 0], [1, 0], [3, 0], [1, 0], [2, 0], [1, 0], [1, 0], [1, 0], [2, 0]], ""betti_nerve"": [[1, 0], [1, 1], [1, 0], [1, 0], [1, 0], [2, 0], [1, 0], [1, 0], [1, 0], [1, 0]], ""boundary_restriction"": ""both"", ""forced_removals"": 0, ""growth_representation_fallbacks"": 51, ""invariant_held"": true, ""n_segments"": 183, ""n_train_fit"": 7420, ""n_val"": 2473, ""phase0"": [{""constant_lens"": false, ""gain"": 0.25, ""lens"": ""pc1"", ""lens_scaling"": ""standardize"", ""min_cluster_size"": 37, ""min_samples"": 5, ""n_class"": 771, ""n_edges"": 5, ""n_intervals"": 6, ""n_vertices"": 6, ""noise_reassigned"": 707, ""placement"": ""quantile"", ""slabs"": [{""k"": 1, ""n"": 145}, {""k"": 1, ""n"": 160}, {""k"": 1, ""n"": 161}, {""k"": 1, ""n"": 161}, {""k"": 1, ""n"": 160}, {""k"": 1, ""n"": 145}]}, {""constant_lens"": false, ""gain"": 0.25, ""lens"": ""pc1"", ""lens_scaling"": ""standardize"", ""min_cluster_size"": 37, ""min_samples"": 5, ""n_class"": 772, ""n_edges"": 7, ""n_intervals"": 6, ""n_vertices"": 7, ""noise_reassigned"": 571, ""placement"": ""quantile"", ""slabs"": [{""k"": 1, ""n"": 145}, {""k"": 1, ""n"": 161}, {""k"": 1, ""n"": 161}, {""k"": 1, ""n"": 161}, {""k"": 2, ""n"": 161}, {""k"": 1, ""n"": 145}]}, {""constant_lens"": false, ""gain"": 0.25, ""lens"": ""pc1"", ""lens_scaling"": ""standardize"", ""min_cluster_size"": 37, ""min_samples"": 5, ""n_class"": 773, ""n_edges"": 5, ""n_intervals"": 6, ""n_vertices"": 6, ""noise_reassigned"": 702, ""placement"": ""quantile"", ""slabs"": [{""k"": 1, ""n"": 145}, {""k"": 1, ""n"": 161}, {""k"": 1, ""n"": 161}, {""k"": 1, ""n"": 161}, {""k"": 1, ""n"": 161}, {""k"": 1, ""n"": 145}]}, {""constant_lens"": false, ""gain"": 0.25, ""lens"": ""pc1"", ""lens_scaling"": ""standardize"", ""min_cluster_size"": 37, ""min_samples"": 5, ""n_class"": 712, ""n_edges"": 5, ""n_intervals"": 6, ""n_vertices"": 6, ""noise_reassigned"": 633, ""placement"": ""quantile"", ""slabs"": [{""k"": 1, ""n"": 134}, {""k"": 1, ""n"": 148}, {""k"": 1, ""n"": 148}, {""k"": 1, ""n"": 148}, {""k"": 1, ""n"": 148}, {""k"": 1, ""n"": 134}]}, {""constant_lens"": false, ""gain"": 0.25, ""lens"": ""pc1"", ""lens_scaling"": ""standardize"", ""min_cluster_size"": 37, ""min_samples"": 5, ""n_class"": 773, ""n_edges"": 5, ""n_intervals"": 6, ""n_vertices"": 6, ""noise_reassigned"": 683, ""placement"": ""quantile"", ""slabs"": [{""k"": 1, ""n"": 145}, {""k"": 1, ""n"": 161}, {""k"": 1, ""n"": 161}, {""k"": 1, ""n"": 161}, {""k"": 1, ""n"": 161}, {""k"": 1, ""n"": 145}]}, {""constant_lens"": false, ""gain"": 0.25, ""lens"": ""pc1"", ""lens_scaling"": ""standardize"", ""min_cluster_size"": 37, ""min_samples"": 5, ""n_class"": 712, ""n_edges"": 5, ""n_intervals"": 6, ""n_vertices"": 7, ""noise_reassigned"": 348, ""placement"": ""quantile"", ""slabs"": [{""k"": 1, ""n"": 134}, {""k"": 1, ""n"": 148}, {""k"": 1, ""n"": 148}, {""k"": 2, ""n"": 148}, {""k"": 1, ""n"": 148}, {""k"": 1, ""n"": 134}]}, {""constant_lens"": false, ""gain"": 0.25, ""lens"": ""pc1"", ""lens_scaling"": ""standardize"", ""min_cluster_size"": 37, ""min_samples"": 5, ""n_class"": 713, ""n_edges"": 5, ""n_intervals"": 6, ""n_vertices"": 6, ""noise_reassigned"": 632, ""placement"": ""quantile"", ""slabs"": [{""k"": 1, ""n"": 134}, {""k"": 1, ""n"": 149}, {""k"": 1, ""n"": 148}, {""k"": 1, ""n"": 148}, {""k"": 1, ""n"": 149}, {""k"": 1, ""n"": 134}]}, {""constant_lens"": false, ""gain"": 0.25, ""lens"": ""pc1"", ""lens_scaling"": ""standardize"", ""min_cluster_size"": 37, ""min_samples"": 5, ""n_class"": 770, ""n_edges"": 5, ""n_intervals"": 6, ""n_vertices"": 6, ""noise_reassigned"": 584, ""placement"": ""quantile"", ""slabs"": [{""k"": 1, ""n"": 145}, {""k"": 1, ""n"": 160}, {""k"": 1, ""n"": 160}, {""k"": 1, ""n"": 160}, {""k"": 1, ""n"": 160}, {""k"": 1, ""n"": 145}]}, {""constant_lens"": false, ""gain"": 0.25, ""lens"": ""pc1"", ""lens_scaling"": ""standardize"", ""min_cluster_size"": 37, ""min_samples"": 5, ""n_class"": 712, ""n_edges"": 5, ""n_intervals"": 6, ""n_vertices"": 6, ""noise_reassigned"": 577, ""placement"": ""uniform"", ""slabs"": [{""k"": 1, ""n"": 156}, {""k"": 1, ""n"": 186}, {""k"": 1, ""n"": 137}, {""k"": 1, ""n"": 99}, {""k"": 1, ""n"": 134}, {""k"": 1, ""n"": 169}]}, {""constant_lens"": false, ""gain"": 0.25, ""lens"": ""pc1"", ""lens_scaling"": ""standardize"", ""min_cluster_size"": 37, ""min_samples"": 5, ""n_class"": 712, ""n_edges"": 5, ""n_intervals"": 6, ""n_vertices"": 6, ""noise_reassigned"": 438, ""placement"": ""quantile"", ""slabs"": [{""k"": 1, ""n"": 134}, {""k"": 1, ""n"": 148}, {""k"": 1, ""n"": 148}, {""k"": 1, ""n"": 148}, {""k"": 1, ""n"": 148}, {""k"": 1, ""n"": 134}]}], ""soundness_bound_holds"": true, ""step_rule"": ""scale_free"", ""topology_retention_nerve_to_frozen"": {""beta0_frozen"": 15, ""beta0_nerve"": 11, ""beta1_frozen"": 0, ""beta1_nerve"": 1}}",True
0.9854413102820746,198,False,0.020014151420196098,0.02,,4.714299999992363,86.03533499999321,81.32103500000085,penbased,3,"{""epsilon"": 0.1, ""window"": 0.2}",LVQ3,10,198,1099,9893,0.9799858485798039,2059206367,False,,True
0.9854413102820746,198,False,0.020014151420196098,0.02,"{""0"": 20, ""1"": 21, ""2"": 21, ""3"": 19, ""4"": 21, ""5"": 19, ""6"": 19, ""7"": 20, ""8"": 19, ""9"": 19}",3.4041079999879003,3.4041079999879003,0.0,penbased,3,,KMeans,10,198,1099,9893,0.9799858485798039,2059206367,False,,True
0.9326660600545951,198,False,0.020014151420196098,0.02,"{""0"": 20, ""1"": 21, ""2"": 21, ""3"": 19, ""4"": 21, ""5"": 19, ""6"": 19, ""7"": 20, ""8"": 19, ""9"": 19}",0.0026969999889843166,0.0026969999889843166,0.0,penbased,3,,Random,10,198,1099,9893,0.9799858485798039,2059206367,False,,True
0.9717925386715196,198,False,0.020014151420196098,0.02,,2.951818999979878,2.951818999979878,0.0,penbased,3,,SPOT,10,198,1099,9893,0.9799858485798039,2059206367,False,,True
0.9408553230209281,198,False,0.020014151420196098,0.02,,45.65357299998868,45.65357299998868,0.0,penbased,3,,GLVQ,10,198,1099,9893,0.9799858485798039,2059206367,False,,True
0.9872611464968153,198,False,0.020014151420196098,0.02,,2.3560169999836944,2.3560169999836944,0.0,penbased,3,,GNG,10,198,1099,9893,0.9799858485798039,2059206367,False,,True
0.9954504094631483,495,False,0.05003537855049025,0.05,,0.0006670000148005784,0.0006670000148005784,0.0,penbased,3,,Full,10,9893,1099,9893,0.0,2059206367,True,,False
0.991810737033667,495,False,0.05003537855049025,0.05,,2.1647980000125244,2.1647980000125244,0.0,penbased,3,,RSP3,10,1086,1099,9893,0.8902254119074093,2059206367,True,,False
0.9854413102820746,495,False,0.05003537855049025,0.05,,0.7476519999909215,0.7476519999909215,0.0,penbased,3,,RHC,10,326,1099,9893,0.9670474072576569,2059206367,True,,False
0.9745222929936306,495,False,0.05003537855049025,0.05,,12.372501999983797,12.372501999983797,0.0,penbased,3,,SPINE+1NN,10,495,1099,9893,0.9499646214495098,2059206367,False,"{""admission"": {""criterion"": ""risk"", ""removed_risk"": 5, ""removed_support"": 0}, ""betti_final"": [[1, 0], [2, 0], [1, 0], [3, 0], [1, 0], [2, 0], [1, 0], [1, 0], [1, 0], [2, 0]], ""betti_frozen"": [[1, 0], [2, 0], [1, 0], [3, 0], [1, 0], [2, 0], [1, 0], [1, 0], [1, 0], [2, 0]], ""betti_nerve"": [[1, 0], [1, 1], [1, 0], [1, 0], [1, 0], [2, 0], [1, 0], [1, 0], [1, 0], [1, 0]], ""boundary_restriction"": ""both"", ""forced_removals"": 0, ""growth_representation_fallbacks"": 381, ""invariant_held"": true, ""n_segments"": 480, ""n_train_fit"": 7420, ""n_val"": 2473, ""phase0"": [{""constant_lens"": false, ""gain"": 0.25, ""lens"": ""pc1"", ""lens_scaling"": ""standardize"", ""min_cluster_size"": 37, ""min_samples"": 5, ""n_class"": 771, ""n_edges"": 5, ""n_intervals"": 6, ""n_vertices"": 6, ""noise_reassigned"": 707, ""placement"": ""quantile"", ""slabs"": [{""k"": 1, ""n"": 145}, {""k"": 1, ""n"": 160}, {""k"": 1, ""n"": 161}, {""k"": 1, ""n"": 161}, {""k"": 1, ""n"": 160}, {""k"": 1, ""n"": 145}]}, {""constant_lens"": false, ""gain"": 0.25, ""lens"": ""pc1"", ""lens_scaling"": ""standardize"", ""min_cluster_size"": 37, ""min_samples"": 5, ""n_class"": 772, ""n_edges"": 7, ""n_intervals"": 6, ""n_vertices"": 7, ""noise_reassigned"": 571, ""placement"": ""quantile"", ""slabs"": [{""k"": 1, ""n"": 145}, {""k"": 1, ""n"": 161}, {""k"": 1, ""n"": 161}, {""k"": 1, ""n"": 161}, {""k"": 2, ""n"": 161}, {""k"": 1, ""n"": 145}]}, {""constant_lens"": false, ""gain"": 0.25, ""lens"": ""pc1"", ""lens_scaling"": ""standardize"", ""min_cluster_size"": 37, ""min_samples"": 5, ""n_class"": 773, ""n_edges"": 5, ""n_intervals"": 6, ""n_vertices"": 6, ""noise_reassigned"": 702, ""placement"": ""quantile"", ""slabs"": [{""k"": 1, ""n"": 145}, {""k"": 1, ""n"": 161}, {""k"": 1, ""n"": 161}, {""k"": 1, ""n"": 161}, {""k"": 1, ""n"": 161}, {""k"": 1, ""n"": 145}]}, {""constant_lens"": false, ""gain"": 0.25, ""lens"": ""pc1"", ""lens_scaling"": ""standardize"", ""min_cluster_size"": 37, ""min_samples"": 5, ""n_class"": 712, ""n_edges"": 5, ""n_intervals"": 6, ""n_vertices"": 6, ""noise_reassigned"": 633, ""placement"": ""quantile"", ""slabs"": [{""k"": 1, ""n"": 134}, {""k"": 1, ""n"": 148}, {""k"": 1, ""n"": 148}, {""k"": 1, ""n"": 148}, {""k"": 1, ""n"": 148}, {""k"": 1, ""n"": 134}]}, {""constant_lens"": false, ""gain"": 0.25, ""lens"": ""pc1"", ""lens_scaling"": ""standardize"", ""min_cluster_size"": 37, ""min_samples"": 5, ""n_class"": 773, ""n_edges"": 5, ""n_intervals"": 6, ""n_vertices"": 6, ""noise_reassigned"": 683, ""placement"": ""quantile"", ""slabs"": [{""k"": 1, ""n"": 145}, {""k"": 1, ""n"": 161}, {""k"": 1, ""n"": 161}, {""k"": 1, ""n"": 161}, {""k"": 1, ""n"": 161}, {""k"": 1, ""n"": 145}]}, {""constant_lens"": false, ""gain"": 0.25, ""lens"": ""pc1"", ""lens_scaling"": ""standardize"", ""min_cluster_size"": 37, ""min_samples"": 5, ""n_class"": 712, ""n_edges"": 5, ""n_intervals"": 6, ""n_vertices"": 7, ""noise_reassigned"": 348, ""placement"": ""quantile"", ""slabs"": [{""k"": 1, ""n"": 134}, {""k"": 1, ""n"": 148}, {""k"": 1, ""n"": 148}, {""k"": 2, ""n"": 148}, {""k"": 1, ""n"": 148}, {""k"": 1, ""n"": 134}]}, {""constant_lens"": false, ""gain"": 0.25, ""lens"": ""pc1"", ""lens_scaling"": ""standardize"", ""min_cluster_size"": 37, ""min_samples"": 5, ""n_class"": 713, ""n_edges"": 5, ""n_intervals"": 6, ""n_vertices"": 6, ""noise_reassigned"": 632, ""placement"": ""quantile"", ""slabs"": [{""k"": 1, ""n"": 134}, {""k"": 1, ""n"": 149}, {""k"": 1, ""n"": 148}, {""k"": 1, ""n"": 148}, {""k"": 1, ""n"": 149}, {""k"": 1, ""n"": 134}]}, {""constant_lens"": false, ""gain"": 0.25, ""lens"": ""pc1"", ""lens_scaling"": ""standardize"", ""min_cluster_size"": 37, ""min_samples"": 5, ""n_class"": 770, ""n_edges"": 5, ""n_intervals"": 6, ""n_vertices"": 6, ""noise_reassigned"": 584, ""placement"": ""quantile"", ""slabs"": [{""k"": 1, ""n"": 145}, {""k"": 1, ""n"": 160}, {""k"": 1, ""n"": 160}, {""k"": 1, ""n"": 160}, {""k"": 1, ""n"": 160}, {""k"": 1, ""n"": 145}]}, {""constant_lens"": false, ""gain"": 0.25, ""lens"": ""pc1"", ""lens_scaling"": ""standardize"", ""min_cluster_size"": 37, ""min_samples"": 5, ""n_class"": 712, ""n_edges"": 5, ""n_intervals"": 6, ""n_vertices"": 6, ""noise_reassigned"": 577, ""placement"": ""uniform"", ""slabs"": [{""k"": 1, ""n"": 156}, {""k"": 1, ""n"": 186}, {""k"": 1, ""n"": 137}, {""k"": 1, ""n"": 99}, {""k"": 1, ""n"": 134}, {""k"": 1, ""n"": 169}]}, {""constant_lens"": false, ""gain"": 0.25, ""lens"": ""pc1"", ""lens_scaling"": ""standardize"", ""min_cluster_size"": 37, ""min_samples"": 5, ""n_class"": 712, ""n_edges"": 5, ""n_intervals"": 6, ""n_vertices"": 6, ""noise_reassigned"": 438, ""placement"": ""quantile"", ""slabs"": [{""k"": 1, ""n"": 134}, {""k"": 1, ""n"": 148}, {""k"": 1, ""n"": 148}, {""k"": 1, ""n"": 148}, {""k"": 1, ""n"": 148}, {""k"": 1, ""n"": 134}]}], ""soundness_bound_holds"": true, ""step_rule"": ""scale_free"", ""topology_retention_nerve_to_frozen"": {""beta0_frozen"": 15, ""beta0_nerve"": 11, ""beta1_frozen"": 0, ""beta1_nerve"": 1}}",True
0.9772520473157416,495,False,0.05003537855049025,0.05,,12.372501999983797,12.372501999983797,0.0,penbased,3,,SPINE+Graph,10,495,1099,9893,0.9499646214495098,2059206367,False,"{""admission"": {""criterion"": ""risk"", ""removed_risk"": 5, ""removed_support"": 0}, ""betti_final"": [[1, 0], [2, 0], [1, 0], [3, 0], [1, 0], [2, 0], [1, 0], [1, 0], [1, 0], [2, 0]], ""betti_frozen"": [[1, 0], [2, 0], [1, 0], [3, 0], [1, 0], [2, 0], [1, 0], [1, 0], [1, 0], [2, 0]], ""betti_nerve"": [[1, 0], [1, 1], [1, 0], [1, 0], [1, 0], [2, 0], [1, 0], [1, 0], [1, 0], [1, 0]], ""boundary_restriction"": ""both"", ""forced_removals"": 0, ""growth_representation_fallbacks"": 381, ""invariant_held"": true, ""n_segments"": 480, ""n_train_fit"": 7420, ""n_val"": 2473, ""phase0"": [{""constant_lens"": false, ""gain"": 0.25, ""lens"": ""pc1"", ""lens_scaling"": ""standardize"", ""min_cluster_size"": 37, ""min_samples"": 5, ""n_class"": 771, ""n_edges"": 5, ""n_intervals"": 6, ""n_vertices"": 6, ""noise_reassigned"": 707, ""placement"": ""quantile"", ""slabs"": [{""k"": 1, ""n"": 145}, {""k"": 1, ""n"": 160}, {""k"": 1, ""n"": 161}, {""k"": 1, ""n"": 161}, {""k"": 1, ""n"": 160}, {""k"": 1, ""n"": 145}]}, {""constant_lens"": false, ""gain"": 0.25, ""lens"": ""pc1"", ""lens_scaling"": ""standardize"", ""min_cluster_size"": 37, ""min_samples"": 5, ""n_class"": 772, ""n_edges"": 7, ""n_intervals"": 6, ""n_vertices"": 7, ""noise_reassigned"": 571, ""placement"": ""quantile"", ""slabs"": [{""k"": 1, ""n"": 145}, {""k"": 1, ""n"": 161}, {""k"": 1, ""n"": 161}, {""k"": 1, ""n"": 161}, {""k"": 2, ""n"": 161}, {""k"": 1, ""n"": 145}]}, {""constant_lens"": false, ""gain"": 0.25, ""lens"": ""pc1"", ""lens_scaling"": ""standardize"", ""min_cluster_size"": 37, ""min_samples"": 5, ""n_class"": 773, ""n_edges"": 5, ""n_intervals"": 6, ""n_vertices"": 6, ""noise_reassigned"": 702, ""placement"": ""quantile"", ""slabs"": [{""k"": 1, ""n"": 145}, {""k"": 1, ""n"": 161}, {""k"": 1, ""n"": 161}, {""k"": 1, ""n"": 161}, {""k"": 1, ""n"": 161}, {""k"": 1, ""n"": 145}]}, {""constant_lens"": false, ""gain"": 0.25, ""lens"": ""pc1"", ""lens_scaling"": ""standardize"", ""min_cluster_size"": 37, ""min_samples"": 5, ""n_class"": 712, ""n_edges"": 5, ""n_intervals"": 6, ""n_vertices"": 6, ""noise_reassigned"": 633, ""placement"": ""quantile"", ""slabs"": [{""k"": 1, ""n"": 134}, {""k"": 1, ""n"": 148}, {""k"": 1, ""n"": 148}, {""k"": 1, ""n"": 148}, {""k"": 1, ""n"": 148}, {""k"": 1, ""n"": 134}]}, {""constant_lens"": false, ""gain"": 0.25, ""lens"": ""pc1"", ""lens_scaling"": ""standardize"", ""min_cluster_size"": 37, ""min_samples"": 5, ""n_class"": 773, ""n_edges"": 5, ""n_intervals"": 6, ""n_vertices"": 6, ""noise_reassigned"": 683, ""placement"": ""quantile"", ""slabs"": [{""k"": 1, ""n"": 145}, {""k"": 1, ""n"": 161}, {""k"": 1, ""n"": 161}, {""k"": 1, ""n"": 161}, {""k"": 1, ""n"": 161}, {""k"": 1, ""n"": 145}]}, {""constant_lens"": false, ""gain"": 0.25, ""lens"": ""pc1"", ""lens_scaling"": ""standardize"", ""min_cluster_size"": 37, ""min_samples"": 5, ""n_class"": 712, ""n_edges"": 5, ""n_intervals"": 6, ""n_vertices"": 7, ""noise_reassigned"": 348, ""placement"": ""quantile"", ""slabs"": [{""k"": 1, ""n"": 134}, {""k"": 1, ""n"": 148}, {""k"": 1, ""n"": 148}, {""k"": 2, ""n"": 148}, {""k"": 1, ""n"": 148}, {""k"": 1, ""n"": 134}]}, {""constant_lens"": false, ""gain"": 0.25, ""lens"": ""pc1"", ""lens_scaling"": ""standardize"", ""min_cluster_size"": 37, ""min_samples"": 5, ""n_class"": 713, ""n_edges"": 5, ""n_intervals"": 6, ""n_vertices"": 6, ""noise_reassigned"": 632, ""placement"": ""quantile"", ""slabs"": [{""k"": 1, ""n"": 134}, {""k"": 1, ""n"": 149}, {""k"": 1, ""n"": 148}, {""k"": 1, ""n"": 148}, {""k"": 1, ""n"": 149}, {""k"": 1, ""n"": 134}]}, {""constant_lens"": false, ""gain"": 0.25, ""lens"": ""pc1"", ""lens_scaling"": ""standardize"", ""min_cluster_size"": 37, ""min_samples"": 5, ""n_class"": 770, ""n_edges"": 5, ""n_intervals"": 6, ""n_vertices"": 6, ""noise_reassigned"": 584, ""placement"": ""quantile"", ""slabs"": [{""k"": 1, ""n"": 145}, {""k"": 1, ""n"": 160}, {""k"": 1, ""n"": 160}, {""k"": 1, ""n"": 160}, {""k"": 1, ""n"": 160}, {""k"": 1, ""n"": 145}]}, {""constant_lens"": false, ""gain"": 0.25, ""lens"": ""pc1"", ""lens_scaling"": ""standardize"", ""min_cluster_size"": 37, ""min_samples"": 5, ""n_class"": 712, ""n_edges"": 5, ""n_intervals"": 6, ""n_vertices"": 6, ""noise_reassigned"": 577, ""placement"": ""uniform"", ""slabs"": [{""k"": 1, ""n"": 156}, {""k"": 1, ""n"": 186}, {""k"": 1, ""n"": 137}, {""k"": 1, ""n"": 99}, {""k"": 1, ""n"": 134}, {""k"": 1, ""n"": 169}]}, {""constant_lens"": false, ""gain"": 0.25, ""lens"": ""pc1"", ""lens_scaling"": ""standardize"", ""min_cluster_size"": 37, ""min_samples"": 5, ""n_class"": 712, ""n_edges"": 5, ""n_intervals"": 6, ""n_vertices"": 6, ""noise_reassigned"": 438, ""placement"": ""quantile"", ""slabs"": [{""k"": 1, ""n"": 134}, {""k"": 1, ""n"": 148}, {""k"": 1, ""n"": 148}, {""k"": 1, ""n"": 148}, {""k"": 1, ""n"": 148}, {""k"": 1, ""n"": 134}]}], ""soundness_bound_holds"": true, ""step_rule"": ""scale_free"", ""topology_retention_nerve_to_frozen"": {""beta0_frozen"": 15, ""beta0_nerve"": 11, ""beta1_frozen"": 0, ""beta1_nerve"": 1}}",True
0.9845313921747043,495,False,0.05003537855049025,0.05,,6.899122000002535,124.36427600000752,117.46515400000499,penbased,3,"{""epsilon"": 0.1, ""window"": 0.3}",LVQ3,10,495,1099,9893,0.9499646214495098,2059206367,False,,True
0.9927206551410374,495,False,0.05003537855049025,0.05,"{""0"": 51, ""1"": 51, ""2"": 52, ""3"": 47, ""4"": 52, ""5"": 47, ""6"": 48, ""7"": 51, ""8"": 48, ""9"": 48}",5.560401000024285,5.560401000024285,0.0,penbased,3,,KMeans,10,495,1099,9893,0.9499646214495098,2059206367,False,,True
0.9608735213830755,495,False,0.05003537855049025,0.05,"{""0"": 51, ""1"": 51, ""2"": 52, ""3"": 47, ""4"": 52, ""5"": 47, ""6"": 48, ""7"": 51, ""8"": 48, ""9"": 48}",0.00273800001014024,0.00273800001014024,0.0,penbased,3,,Random,10,495,1099,9893,0.9499646214495098,2059206367,False,,True
0.9808917197452229,495,False,0.05003537855049025,0.05,,3.1295390000159387,3.1295390000159387,0.0,penbased,3,,SPOT,10,495,1099,9893,0.9499646214495098,2059206367,False,,True
0.9399454049135578,495,False,0.05003537855049025,0.05,,107.65593499998795,107.65593499998795,0.0,penbased,3,,GLVQ,10,495,1099,9893,0.9499646214495098,2059206367,False,,True
0.9927206551410374,495,False,0.05003537855049025,0.05,,5.162366999982623,5.162366999982623,0.0,penbased,3,,GNG,10,495,1099,9893,0.9499646214495098,2059206367,False,,True
0.9954504094631483,989,False,0.09996967552815121,0.1,,0.0006670000148005784,0.0006670000148005784,0.0,penbased,3,,Full,10,9893,1099,9893,0.0,2059206367,True,,False
0.991810737033667,989,False,0.09996967552815121,0.1,,2.1647980000125244,2.1647980000125244,0.0,penbased,3,,RSP3,10,1086,1099,9893,0.8902254119074093,2059206367,True,,False
0.9854413102820746,989,False,0.09996967552815121,0.1,,0.7476519999909215,0.7476519999909215,0.0,penbased,3,,RHC,10,326,1099,9893,0.9670474072576569,2059206367,True,,False
0.9836214740673339,989,False,0.09996967552815121,0.1,,20.154003000003286,20.154003000003286,0.0,penbased,3,,SPINE+1NN,10,989,1099,9893,0.9000303244718488,2059206367,False,"{""admission"": {""criterion"": ""risk"", ""removed_risk"": 5, ""removed_support"": 0}, ""betti_final"": [[1, 0], [2, 0], [1, 0], [3, 0], [1, 0], [2, 0], [1, 0], [1, 0], [1, 0], [2, 0]], ""betti_frozen"": [[1, 0], [2, 0], [1, 0], [3, 0], [1, 0], [2, 0], [1, 0], [1, 0], [1, 0], [2, 0]], ""betti_nerve"": [[1, 0], [1, 1], [1, 0], [1, 0], [1, 0], [2, 0], [1, 0], [1, 0], [1, 0], [1, 0]], ""boundary_restriction"": ""both"", ""forced_removals"": 0, ""growth_representation_fallbacks"": 984, ""invariant_held"": true, ""n_segments"": 974, ""n_train_fit"": 7420, ""n_val"": 2473, ""phase0"": [{""constant_lens"": false, ""gain"": 0.25, ""lens"": ""pc1"", ""lens_scaling"": ""standardize"", ""min_cluster_size"": 37, ""min_samples"": 5, ""n_class"": 771, ""n_edges"": 5, ""n_intervals"": 6, ""n_vertices"": 6, ""noise_reassigned"": 707, ""placement"": ""quantile"", ""slabs"": [{""k"": 1, ""n"": 145}, {""k"": 1, ""n"": 160}, {""k"": 1, ""n"": 161}, {""k"": 1, ""n"": 161}, {""k"": 1, ""n"": 160}, {""k"": 1, ""n"": 145}]}, {""constant_lens"": false, ""gain"": 0.25, ""lens"": ""pc1"", ""lens_scaling"": ""standardize"", ""min_cluster_size"": 37, ""min_samples"": 5, ""n_class"": 772, ""n_edges"": 7, ""n_intervals"": 6, ""n_vertices"": 7, ""noise_reassigned"": 571, ""placement"": ""quantile"", ""slabs"": [{""k"": 1, ""n"": 145}, {""k"": 1, ""n"": 161}, {""k"": 1, ""n"": 161}, {""k"": 1, ""n"": 161}, {""k"": 2, ""n"": 161}, {""k"": 1, ""n"": 145}]}, {""constant_lens"": false, ""gain"": 0.25, ""lens"": ""pc1"", ""lens_scaling"": ""standardize"", ""min_cluster_size"": 37, ""min_samples"": 5, ""n_class"": 773, ""n_edges"": 5, ""n_intervals"": 6, ""n_vertices"": 6, ""noise_reassigned"": 702, ""placement"": ""quantile"", ""slabs"": [{""k"": 1, ""n"": 145}, {""k"": 1, ""n"": 161}, {""k"": 1, ""n"": 161}, {""k"": 1, ""n"": 161}, {""k"": 1, ""n"": 161}, {""k"": 1, ""n"": 145}]}, {""constant_lens"": false, ""gain"": 0.25, ""lens"": ""pc1"", ""lens_scaling"": ""standardize"", ""min_cluster_size"": 37, ""min_samples"": 5, ""n_class"": 712, ""n_edges"": 5, ""n_intervals"": 6, ""n_vertices"": 6, ""noise_reassigned"": 633, ""placement"": ""quantile"", ""slabs"": [{""k"": 1, ""n"": 134}, {""k"": 1, ""n"": 148}, {""k"": 1, ""n"": 148}, {""k"": 1, ""n"": 148}, {""k"": 1, ""n"": 148}, {""k"": 1, ""n"": 134}]}, {""constant_lens"": false, ""gain"": 0.25, ""lens"": ""pc1"", ""lens_scaling"": ""standardize"", ""min_cluster_size"": 37, ""min_samples"": 5, ""n_class"": 773, ""n_edges"": 5, ""n_intervals"": 6, ""n_vertices"": 6, ""noise_reassigned"": 683, ""placement"": ""quantile"", ""slabs"": [{""k"": 1, ""n"": 145}, {""k"": 1, ""n"": 161}, {""k"": 1, ""n"": 161}, {""k"": 1, ""n"": 161}, {""k"": 1, ""n"": 161}, {""k"": 1, ""n"": 145}]}, {""constant_lens"": false, ""gain"": 0.25, ""lens"": ""pc1"", ""lens_scaling"": ""standardize"", ""min_cluster_size"": 37, ""min_samples"": 5, ""n_class"": 712, ""n_edges"": 5, ""n_intervals"": 6, ""n_vertices"": 7, ""noise_reassigned"": 348, ""placement"": ""quantile"", ""slabs"": [{""k"": 1, ""n"": 134}, {""k"": 1, ""n"": 148}, {""k"": 1, ""n"": 148}, {""k"": 2, ""n"": 148}, {""k"": 1, ""n"": 148}, {""k"": 1, ""n"": 134}]}, {""constant_lens"": false, ""gain"": 0.25, ""lens"": ""pc1"", ""lens_scaling"": ""standardize"", ""min_cluster_size"": 37, ""min_samples"": 5, ""n_class"": 713, ""n_edges"": 5, ""n_intervals"": 6, ""n_vertices"": 6, ""noise_reassigned"": 632, ""placement"": ""quantile"", ""slabs"": [{""k"": 1, ""n"": 134}, {""k"": 1, ""n"": 149}, {""k"": 1, ""n"": 148}, {""k"": 1, ""n"": 148}, {""k"": 1, ""n"": 149}, {""k"": 1, ""n"": 134}]}, {""constant_lens"": false, ""gain"": 0.25, ""lens"": ""pc1"", ""lens_scaling"": ""standardize"", ""min_cluster_size"": 37, ""min_samples"": 5, ""n_class"": 770, ""n_edges"": 5, ""n_intervals"": 6, ""n_vertices"": 6, ""noise_reassigned"": 584, ""placement"": ""quantile"", ""slabs"": [{""k"": 1, ""n"": 145}, {""k"": 1, ""n"": 160}, {""k"": 1, ""n"": 160}, {""k"": 1, ""n"": 160}, {""k"": 1, ""n"": 160}, {""k"": 1, ""n"": 145}]}, {""constant_lens"": false, ""gain"": 0.25, ""lens"": ""pc1"", ""lens_scaling"": ""standardize"", ""min_cluster_size"": 37, ""min_samples"": 5, ""n_class"": 712, ""n_edges"": 5, ""n_intervals"": 6, ""n_vertices"": 6, ""noise_reassigned"": 577, ""placement"": ""uniform"", ""slabs"": [{""k"": 1, ""n"": 156}, {""k"": 1, ""n"": 186}, {""k"": 1, ""n"": 137}, {""k"": 1, ""n"": 99}, {""k"": 1, ""n"": 134}, {""k"": 1, ""n"": 169}]}, {""constant_lens"": false, ""gain"": 0.25, ""lens"": ""pc1"", ""lens_scaling"": ""standardize"", ""min_cluster_size"": 37, ""min_samples"": 5, ""n_class"": 712, ""n_edges"": 5, ""n_intervals"": 6, ""n_vertices"": 6, ""noise_reassigned"": 438, ""placement"": ""quantile"", ""slabs"": [{""k"": 1, ""n"": 134}, {""k"": 1, ""n"": 148}, {""k"": 1, ""n"": 148}, {""k"": 1, ""n"": 148}, {""k"": 1, ""n"": 148}, {""k"": 1, ""n"": 134}]}], ""soundness_bound_holds"": true, ""step_rule"": ""scale_free"", ""topology_retention_nerve_to_frozen"": {""beta0_frozen"": 15, ""beta0_nerve"": 11, ""beta1_frozen"": 0, ""beta1_nerve"": 1}}",True
0.986351228389445,989,False,0.09996967552815121,0.1,,20.154003000003286,20.154003000003286,0.0,penbased,3,,SPINE+Graph,10,989,1099,9893,0.9000303244718488,2059206367,False,"{""admission"": {""criterion"": ""risk"", ""removed_risk"": 5, ""removed_support"": 0}, ""betti_final"": [[1, 0], [2, 0], [1, 0], [3, 0], [1, 0], [2, 0], [1, 0], [1, 0], [1, 0], [2, 0]], ""betti_frozen"": [[1, 0], [2, 0], [1, 0], [3, 0], [1, 0], [2, 0], [1, 0], [1, 0], [1, 0], [2, 0]], ""betti_nerve"": [[1, 0], [1, 1], [1, 0], [1, 0], [1, 0], [2, 0], [1, 0], [1, 0], [1, 0], [1, 0]], ""boundary_restriction"": ""both"", ""forced_removals"": 0, ""growth_representation_fallbacks"": 984, ""invariant_held"": true, ""n_segments"": 974, ""n_train_fit"": 7420, ""n_val"": 2473, ""phase0"": [{""constant_lens"": false, ""gain"": 0.25, ""lens"": ""pc1"", ""lens_scaling"": ""standardize"", ""min_cluster_size"": 37, ""min_samples"": 5, ""n_class"": 771, ""n_edges"": 5, ""n_intervals"": 6, ""n_vertices"": 6, ""noise_reassigned"": 707, ""placement"": ""quantile"", ""slabs"": [{""k"": 1, ""n"": 145}, {""k"": 1, ""n"": 160}, {""k"": 1, ""n"": 161}, {""k"": 1, ""n"": 161}, {""k"": 1, ""n"": 160}, {""k"": 1, ""n"": 145}]}, {""constant_lens"": false, ""gain"": 0.25, ""lens"": ""pc1"", ""lens_scaling"": ""standardize"", ""min_cluster_size"": 37, ""min_samples"": 5, ""n_class"": 772, ""n_edges"": 7, ""n_intervals"": 6, ""n_vertices"": 7, ""noise_reassigned"": 571, ""placement"": ""quantile"", ""slabs"": [{""k"": 1, ""n"": 145}, {""k"": 1, ""n"": 161}, {""k"": 1, ""n"": 161}, {""k"": 1, ""n"": 161}, {""k"": 2, ""n"": 161}, {""k"": 1, ""n"": 145}]}, {""constant_lens"": false, ""gain"": 0.25, ""lens"": ""pc1"", ""lens_scaling"": ""standardize"", ""min_cluster_size"": 37, ""min_samples"": 5, ""n_class"": 773, ""n_edges"": 5, ""n_intervals"": 6, ""n_vertices"": 6, ""noise_reassigned"": 702, ""placement"": ""quantile"", ""slabs"": [{""k"": 1, ""n"": 145}, {""k"": 1, ""n"": 161}, {""k"": 1, ""n"": 161}, {""k"": 1, ""n"": 161}, {""k"": 1, ""n"": 161}, {""k"": 1, ""n"": 145}]}, {""constant_lens"": false, ""gain"": 0.25, ""lens"": ""pc1"", ""lens_scaling"": ""standardize"", ""min_cluster_size"": 37, ""min_samples"": 5, ""n_class"": 712, ""n_edges"": 5, ""n_intervals"": 6, ""n_vertices"": 6, ""noise_reassigned"": 633, ""placement"": ""quantile"", ""slabs"": [{""k"": 1, ""n"": 134}, {""k"": 1, ""n"": 148}, {""k"": 1, ""n"": 148}, {""k"": 1, ""n"": 148}, {""k"": 1, ""n"": 148}, {""k"": 1, ""n"": 134}]}, {""constant_lens"": false, ""gain"": 0.25, ""lens"": ""pc1"", ""lens_scaling"": ""standardize"", ""min_cluster_size"": 37, ""min_samples"": 5, ""n_class"": 773, ""n_edges"": 5, ""n_intervals"": 6, ""n_vertices"": 6, ""noise_reassigned"": 683, ""placement"": ""quantile"", ""slabs"": [{""k"": 1, ""n"": 145}, {""k"": 1, ""n"": 161}, {""k"": 1, ""n"": 161}, {""k"": 1, ""n"": 161}, {""k"": 1, ""n"": 161}, {""k"": 1, ""n"": 145}]}, {""constant_lens"": false, ""gain"": 0.25, ""lens"": ""pc1"", ""lens_scaling"": ""standardize"", ""min_cluster_size"": 37, ""min_samples"": 5, ""n_class"": 712, ""n_edges"": 5, ""n_intervals"": 6, ""n_vertices"": 7, ""noise_reassigned"": 348, ""placement"": ""quantile"", ""slabs"": [{""k"": 1, ""n"": 134}, {""k"": 1, ""n"": 148}, {""k"": 1, ""n"": 148}, {""k"": 2, ""n"": 148}, {""k"": 1, ""n"": 148}, {""k"": 1, ""n"": 134}]}, {""constant_lens"": false, ""gain"": 0.25, ""lens"": ""pc1"", ""lens_scaling"": ""standardize"", ""min_cluster_size"": 37, ""min_samples"": 5, ""n_class"": 713, ""n_edges"": 5, ""n_intervals"": 6, ""n_vertices"": 6, ""noise_reassigned"": 632, ""placement"": ""quantile"", ""slabs"": [{""k"": 1, ""n"": 134}, {""k"": 1, ""n"": 149}, {""k"": 1, ""n"": 148}, {""k"": 1, ""n"": 148}, {""k"": 1, ""n"": 149}, {""k"": 1, ""n"": 134}]}, {""constant_lens"": false, ""gain"": 0.25, ""lens"": ""pc1"", ""lens_scaling"": ""standardize"", ""min_cluster_size"": 37, ""min_samples"": 5, ""n_class"": 770, ""n_edges"": 5, ""n_intervals"": 6, ""n_vertices"": 6, ""noise_reassigned"": 584, ""placement"": ""quantile"", ""slabs"": [{""k"": 1, ""n"": 145}, {""k"": 1, ""n"": 160}, {""k"": 1, ""n"": 160}, {""k"": 1, ""n"": 160}, {""k"": 1, ""n"": 160}, {""k"": 1, ""n"": 145}]}, {""constant_lens"": false, ""gain"": 0.25, ""lens"": ""pc1"", ""lens_scaling"": ""standardize"", ""min_cluster_size"": 37, ""min_samples"": 5, ""n_class"": 712, ""n_edges"": 5, ""n_intervals"": 6, ""n_vertices"": 6, ""noise_reassigned"": 577, ""placement"": ""uniform"", ""slabs"": [{""k"": 1, ""n"": 156}, {""k"": 1, ""n"": 186}, {""k"": 1, ""n"": 137}, {""k"": 1, ""n"": 99}, {""k"": 1, ""n"": 134}, {""k"": 1, ""n"": 169}]}, {""constant_lens"": false, ""gain"": 0.25, ""lens"": ""pc1"", ""lens_scaling"": ""standardize"", ""min_cluster_size"": 37, ""min_samples"": 5, ""n_class"": 712, ""n_edges"": 5, ""n_intervals"": 6, ""n_vertices"": 6, ""noise_reassigned"": 438, ""placement"": ""quantile"", ""slabs"": [{""k"": 1, ""n"": 134}, {""k"": 1, ""n"": 148}, {""k"": 1, ""n"": 148}, {""k"": 1, ""n"": 148}, {""k"": 1, ""n"": 148}, {""k"": 1, ""n"": 134}]}], ""soundness_bound_holds"": true, ""step_rule"": ""scale_free"", ""topology_retention_nerve_to_frozen"": {""beta0_frozen"": 15, ""beta0_nerve"": 11, ""beta1_frozen"": 0, ""beta1_nerve"": 1}}",True
0.991810737033667,989,False,0.09996967552815121,0.1,,11.493381000007503,196.08379299999797,184.59041199999047,penbased,3,"{""epsilon"": 0.1, ""window"": 0.3}",LVQ3,10,989,1099,9893,0.9000303244718488,2059206367,False,,True
0.9936305732484076,989,False,0.09996967552815121,0.1,"{""0"": 103, ""1"": 103, ""2"": 103, ""3"": 95, ""4"": 103, ""5"": 95, ""6"": 95, ""7"": 102, ""8"": 95, ""9"": 95}",8.026681999996072,8.026681999996072,0.0,penbased,3,,KMeans,10,989,1099,9893,0.9000303244718488,2059206367,False,,True
0.978161965423112,989,False,0.09996967552815121,0.1,"{""0"": 103, ""1"": 103, ""2"": 103, ""3"": 95, ""4"": 103, ""5"": 95, ""6"": 95, ""7"": 102, ""8"": 95, ""9"": 95}",0.003232999995816499,0.003232999995816499,0.0,penbased,3,,Random,10,989,1099,9893,0.9000303244718488,2059206367,False,,True
0.9899909008189263,989,False,0.09996967552815121,0.1,,3.2656539999879897,3.2656539999879897,0.0,penbased,3,,SPOT,10,989,1099,9893,0.9000303244718488,2059206367,False,,True
0.9399454049135578,989,False,0.09996967552815121,0.1,,209.06695200002287,209.06695200002287,0.0,penbased,3,,GLVQ,10,989,1099,9893,0.9000303244718488,2059206367,False,,True
0.9936305732484076,989,False,0.09996967552815121,0.1,,13.585217999992892,13.585217999992892,0.0,penbased,3,,GNG,10,989,1099,9893,0.9000303244718488,2059206367,False,,True
0.9954504094631483,2473,False,0.24997472960679268,0.25,,0.0006670000148005784,0.0006670000148005784,0.0,penbased,3,,Full,10,9893,1099,9893,0.0,2059206367,True,,False
0.991810737033667,2473,False,0.24997472960679268,0.25,,2.1647980000125244,2.1647980000125244,0.0,penbased,3,,RSP3,10,1086,1099,9893,0.8902254119074093,2059206367,True,,False
0.9854413102820746,2473,False,0.24997472960679268,0.25,,0.7476519999909215,0.7476519999909215,0.0,penbased,3,,RHC,10,326,1099,9893,0.9670474072576569,2059206367,True,,False
0.989080982711556,2473,False,0.24997472960679268,0.25,,65.22700600000098,65.22700600000098,0.0,penbased,3,,SPINE+1NN,10,2473,1099,9893,0.7500252703932073,2059206367,False,"{""admission"": {""criterion"": ""risk"", ""removed_risk"": 5, ""removed_support"": 0}, ""betti_final"": [[1, 0], [2, 0], [1, 0], [3, 0], [1, 0], [2, 0], [1, 0], [1, 0], [1, 0], [2, 0]], ""betti_frozen"": [[1, 0], [2, 0], [1, 0], [3, 0], [1, 0], [2, 0], [1, 0], [1, 0], [1, 0], [2, 0]], ""betti_nerve"": [[1, 0], [1, 1], [1, 0], [1, 0], [1, 0], [2, 0], [1, 0], [1, 0], [1, 0], [1, 0]], ""boundary_restriction"": ""both"", ""forced_removals"": 0, ""growth_representation_fallbacks"": 2780, ""invariant_held"": true, ""n_segments"": 2458, ""n_train_fit"": 7420, ""n_val"": 2473, ""phase0"": [{""constant_lens"": false, ""gain"": 0.25, ""lens"": ""pc1"", ""lens_scaling"": ""standardize"", ""min_cluster_size"": 37, ""min_samples"": 5, ""n_class"": 771, ""n_edges"": 5, ""n_intervals"": 6, ""n_vertices"": 6, ""noise_reassigned"": 707, ""placement"": ""quantile"", ""slabs"": [{""k"": 1, ""n"": 145}, {""k"": 1, ""n"": 160}, {""k"": 1, ""n"": 161}, {""k"": 1, ""n"": 161}, {""k"": 1, ""n"": 160}, {""k"": 1, ""n"": 145}]}, {""constant_lens"": false, ""gain"": 0.25, ""lens"": ""pc1"", ""lens_scaling"": ""standardize"", ""min_cluster_size"": 37, ""min_samples"": 5, ""n_class"": 772, ""n_edges"": 7, ""n_intervals"": 6, ""n_vertices"": 7, ""noise_reassigned"": 571, ""placement"": ""quantile"", ""slabs"": [{""k"": 1, ""n"": 145}, {""k"": 1, ""n"": 161}, {""k"": 1, ""n"": 161}, {""k"": 1, ""n"": 161}, {""k"": 2, ""n"": 161}, {""k"": 1, ""n"": 145}]}, {""constant_lens"": false, ""gain"": 0.25, ""lens"": ""pc1"", ""lens_scaling"": ""standardize"", ""min_cluster_size"": 37, ""min_samples"": 5, ""n_class"": 773, ""n_edges"": 5, ""n_intervals"": 6, ""n_vertices"": 6, ""noise_reassigned"": 702, ""placement"": ""quantile"", ""slabs"": [{""k"": 1, ""n"": 145}, {""k"": 1, ""n"": 161}, {""k"": 1, ""n"": 161}, {""k"": 1, ""n"": 161}, {""k"": 1, ""n"": 161}, {""k"": 1, ""n"": 145}]}, {""constant_lens"": false, ""gain"": 0.25, ""lens"": ""pc1"", ""lens_scaling"": ""standardize"", ""min_cluster_size"": 37, ""min_samples"": 5, ""n_class"": 712, ""n_edges"": 5, ""n_intervals"": 6, ""n_vertices"": 6, ""noise_reassigned"": 633, ""placement"": ""quantile"", ""slabs"": [{""k"": 1, ""n"": 134}, {""k"": 1, ""n"": 148}, {""k"": 1, ""n"": 148}, {""k"": 1, ""n"": 148}, {""k"": 1, ""n"": 148}, {""k"": 1, ""n"": 134}]}, {""constant_lens"": false, ""gain"": 0.25, ""lens"": ""pc1"", ""lens_scaling"": ""standardize"", ""min_cluster_size"": 37, ""min_samples"": 5, ""n_class"": 773, ""n_edges"": 5, ""n_intervals"": 6, ""n_vertices"": 6, ""noise_reassigned"": 683, ""placement"": ""quantile"", ""slabs"": [{""k"": 1, ""n"": 145}, {""k"": 1, ""n"": 161}, {""k"": 1, ""n"": 161}, {""k"": 1, ""n"": 161}, {""k"": 1, ""n"": 161}, {""k"": 1, ""n"": 145}]}, {""constant_lens"": false, ""gain"": 0.25, ""lens"": ""pc1"", ""lens_scaling"": ""standardize"", ""min_cluster_size"": 37, ""min_samples"": 5, ""n_class"": 712, ""n_edges"": 5, ""n_intervals"": 6, ""n_vertices"": 7, ""noise_reassigned"": 348, ""placement"": ""quantile"", ""slabs"": [{""k"": 1, ""n"": 134}, {""k"": 1, ""n"": 148}, {""k"": 1, ""n"": 148}, {""k"": 2, ""n"": 148}, {""k"": 1, ""n"": 148}, {""k"": 1, ""n"": 134}]}, {""constant_lens"": false, ""gain"": 0.25, ""lens"": ""pc1"", ""lens_scaling"": ""standardize"", ""min_cluster_size"": 37, ""min_samples"": 5, ""n_class"": 713, ""n_edges"": 5, ""n_intervals"": 6, ""n_vertices"": 6, ""noise_reassigned"": 632, ""placement"": ""quantile"", ""slabs"": [{""k"": 1, ""n"": 134}, {""k"": 1, ""n"": 149}, {""k"": 1, ""n"": 148}, {""k"": 1, ""n"": 148}, {""k"": 1, ""n"": 149}, {""k"": 1, ""n"": 134}]}, {""constant_lens"": false, ""gain"": 0.25, ""lens"": ""pc1"", ""lens_scaling"": ""standardize"", ""min_cluster_size"": 37, ""min_samples"": 5, ""n_class"": 770, ""n_edges"": 5, ""n_intervals"": 6, ""n_vertices"": 6, ""noise_reassigned"": 584, ""placement"": ""quantile"", ""slabs"": [{""k"": 1, ""n"": 145}, {""k"": 1, ""n"": 160}, {""k"": 1, ""n"": 160}, {""k"": 1, ""n"": 160}, {""k"": 1, ""n"": 160}, {""k"": 1, ""n"": 145}]}, {""constant_lens"": false, ""gain"": 0.25, ""lens"": ""pc1"", ""lens_scaling"": ""standardize"", ""min_cluster_size"": 37, ""min_samples"": 5, ""n_class"": 712, ""n_edges"": 5, ""n_intervals"": 6, ""n_vertices"": 6, ""noise_reassigned"": 577, ""placement"": ""uniform"", ""slabs"": [{""k"": 1, ""n"": 156}, {""k"": 1, ""n"": 186}, {""k"": 1, ""n"": 137}, {""k"": 1, ""n"": 99}, {""k"": 1, ""n"": 134}, {""k"": 1, ""n"": 169}]}, {""constant_lens"": false, ""gain"": 0.25, ""lens"": ""pc1"", ""lens_scaling"": ""standardize"", ""min_cluster_size"": 37, ""min_samples"": 5, ""n_class"": 712, ""n_edges"": 5, ""n_intervals"": 6, ""n_vertices"": 6, ""noise_reassigned"": 438, ""placement"": ""quantile"", ""slabs"": [{""k"": 1, ""n"": 134}, {""k"": 1, ""n"": 148}, {""k"": 1, ""n"": 148}, {""k"": 1, ""n"": 148}, {""k"": 1, ""n"": 148}, {""k"": 1, ""n"": 134}]}], ""soundness_bound_holds"": true, ""step_rule"": ""scale_free"", ""topology_retention_nerve_to_frozen"": {""beta0_frozen"": 15, ""beta0_nerve"": 11, ""beta1_frozen"": 0, ""beta1_nerve"": 1}}",True
0.9872611464968153,2473,False,0.24997472960679268,0.25,,65.22700600000098,65.22700600000098,0.0,penbased,3,,SPINE+Graph,10,2473,1099,9893,0.7500252703932073,2059206367,False,"{""admission"": {""criterion"": ""risk"", ""removed_risk"": 5, ""removed_support"": 0}, ""betti_final"": [[1, 0], [2, 0], [1, 0], [3, 0], [1, 0], [2, 0], [1, 0], [1, 0], [1, 0], [2, 0]], ""betti_frozen"": [[1, 0], [2, 0], [1, 0], [3, 0], [1, 0], [2, 0], [1, 0], [1, 0], [1, 0], [2, 0]], ""betti_nerve"": [[1, 0], [1, 1], [1, 0], [1, 0], [1, 0], [2, 0], [1, 0], [1, 0], [1, 0], [1, 0]], ""boundary_restriction"": ""both"", ""forced_removals"": 0, ""growth_representation_fallbacks"": 2780, ""invariant_held"": true, ""n_segments"": 2458, ""n_train_fit"": 7420, ""n_val"": 2473, ""phase0"": [{""constant_lens"": false, ""gain"": 0.25, ""lens"": ""pc1"", ""lens_scaling"": ""standardize"", ""min_cluster_size"": 37, ""min_samples"": 5, ""n_class"": 771, ""n_edges"": 5, ""n_intervals"": 6, ""n_vertices"": 6, ""noise_reassigned"": 707, ""placement"": ""quantile"", ""slabs"": [{""k"": 1, ""n"": 145}, {""k"": 1, ""n"": 160}, {""k"": 1, ""n"": 161}, {""k"": 1, ""n"": 161}, {""k"": 1, ""n"": 160}, {""k"": 1, ""n"": 145}]}, {""constant_lens"": false, ""gain"": 0.25, ""lens"": ""pc1"", ""lens_scaling"": ""standardize"", ""min_cluster_size"": 37, ""min_samples"": 5, ""n_class"": 772, ""n_edges"": 7, ""n_intervals"": 6, ""n_vertices"": 7, ""noise_reassigned"": 571, ""placement"": ""quantile"", ""slabs"": [{""k"": 1, ""n"": 145}, {""k"": 1, ""n"": 161}, {""k"": 1, ""n"": 161}, {""k"": 1, ""n"": 161}, {""k"": 2, ""n"": 161}, {""k"": 1, ""n"": 145}]}, {""constant_lens"": false, ""gain"": 0.25, ""lens"": ""pc1"", ""lens_scaling"": ""standardize"", ""min_cluster_size"": 37, ""min_samples"": 5, ""n_class"": 773, ""n_edges"": 5, ""n_intervals"": 6, ""n_vertices"": 6, ""noise_reassigned"": 702, ""placement"": ""quantile"", ""slabs"": [{""k"": 1, ""n"": 145}, {""k"": 1, ""n"": 161}, {""k"": 1, ""n"": 161}, {""k"": 1, ""n"": 161}, {""k"": 1, ""n"": 161}, {""k"": 1, ""n"": 145}]}, {""constant_lens"": false, ""gain"": 0.25, ""lens"": ""pc1"", ""lens_scaling"": ""standardize"", ""min_cluster_size"": 37, ""min_samples"": 5, ""n_class"": 712, ""n_edges"": 5, ""n_intervals"": 6, ""n_vertices"": 6, ""noise_reassigned"": 633, ""placement"": ""quantile"", ""slabs"": [{""k"": 1, ""n"": 134}, {""k"": 1, ""n"": 148}, {""k"": 1, ""n"": 148}, {""k"": 1, ""n"": 148}, {""k"": 1, ""n"": 148}, {""k"": 1, ""n"": 134}]}, {""constant_lens"": false, ""gain"": 0.25, ""lens"": ""pc1"", ""lens_scaling"": ""standardize"", ""min_cluster_size"": 37, ""min_samples"": 5, ""n_class"": 773, ""n_edges"": 5, ""n_intervals"": 6, ""n_vertices"": 6, ""noise_reassigned"": 683, ""placement"": ""quantile"", ""slabs"": [{""k"": 1, ""n"": 145}, {""k"": 1, ""n"": 161}, {""k"": 1, ""n"": 161}, {""k"": 1, ""n"": 161}, {""k"": 1, ""n"": 161}, {""k"": 1, ""n"": 145}]}, {""constant_lens"": false, ""gain"": 0.25, ""lens"": ""pc1"", ""lens_scaling"": ""standardize"", ""min_cluster_size"": 37, ""min_samples"": 5, ""n_class"": 712, ""n_edges"": 5, ""n_intervals"": 6, ""n_vertices"": 7, ""noise_reassigned"": 348, ""placement"": ""quantile"", ""slabs"": [{""k"": 1, ""n"": 134}, {""k"": 1, ""n"": 148}, {""k"": 1, ""n"": 148}, {""k"": 2, ""n"": 148}, {""k"": 1, ""n"": 148}, {""k"": 1, ""n"": 134}]}, {""constant_lens"": false, ""gain"": 0.25, ""lens"": ""pc1"", ""lens_scaling"": ""standardize"", ""min_cluster_size"": 37, ""min_samples"": 5, ""n_class"": 713, ""n_edges"": 5, ""n_intervals"": 6, ""n_vertices"": 6, ""noise_reassigned"": 632, ""placement"": ""quantile"", ""slabs"": [{""k"": 1, ""n"": 134}, {""k"": 1, ""n"": 149}, {""k"": 1, ""n"": 148}, {""k"": 1, ""n"": 148}, {""k"": 1, ""n"": 149}, {""k"": 1, ""n"": 134}]}, {""constant_lens"": false, ""gain"": 0.25, ""lens"": ""pc1"", ""lens_scaling"": ""standardize"", ""min_cluster_size"": 37, ""min_samples"": 5, ""n_class"": 770, ""n_edges"": 5, ""n_intervals"": 6, ""n_vertices"": 6, ""noise_reassigned"": 584, ""placement"": ""quantile"", ""slabs"": [{""k"": 1, ""n"": 145}, {""k"": 1, ""n"": 160}, {""k"": 1, ""n"": 160}, {""k"": 1, ""n"": 160}, {""k"": 1, ""n"": 160}, {""k"": 1, ""n"": 145}]}, {""constant_lens"": false, ""gain"": 0.25, ""lens"": ""pc1"", ""lens_scaling"": ""standardize"", ""min_cluster_size"": 37, ""min_samples"": 5, ""n_class"": 712, ""n_edges"": 5, ""n_intervals"": 6, ""n_vertices"": 6, ""noise_reassigned"": 577, ""placement"": ""uniform"", ""slabs"": [{""k"": 1, ""n"": 156}, {""k"": 1, ""n"": 186}, {""k"": 1, ""n"": 137}, {""k"": 1, ""n"": 99}, {""k"": 1, ""n"": 134}, {""k"": 1, ""n"": 169}]}, {""constant_lens"": false, ""gain"": 0.25, ""lens"": ""pc1"", ""lens_scaling"": ""standardize"", ""min_cluster_size"": 37, ""min_samples"": 5, ""n_class"": 712, ""n_edges"": 5, ""n_intervals"": 6, ""n_vertices"": 6, ""noise_reassigned"": 438, ""placement"": ""quantile"", ""slabs"": [{""k"": 1, ""n"": 134}, {""k"": 1, ""n"": 148}, {""k"": 1, ""n"": 148}, {""k"": 1, ""n"": 148}, {""k"": 1, ""n"": 148}, {""k"": 1, ""n"": 134}]}], ""soundness_bound_holds"": true, ""step_rule"": ""scale_free"", ""topology_retention_nerve_to_frozen"": {""beta0_frozen"": 15, ""beta0_nerve"": 11, ""beta1_frozen"": 0, ""beta1_nerve"": 1}}",True
0.9927206551410374,2473,False,0.24997472960679268,0.25,,25.720183999976143,443.1886549999763,417.46847100000014,penbased,3,"{""epsilon"": 0.3, ""window"": 0.2}",LVQ3,10,2473,1099,9893,0.7500252703932073,2059206367,False,,True
0.9954504094631483,2473,False,0.24997472960679268,0.25,"{""0"": 257, ""1"": 257, ""2"": 257, ""3"": 237, ""4"": 257, ""5"": 237, ""6"": 238, ""7"": 257, ""8"": 238, ""9"": 238}",16.2689160000009,16.2689160000009,0.0,penbased,3,,KMeans,10,2473,1099,9893,0.7500252703932073,2059206367,False,,True
0.9845313921747043,2473,False,0.24997472960679268,0.25,"{""0"": 257, ""1"": 257, ""2"": 257, ""3"": 237, ""4"": 257, ""5"": 237, ""6"": 238, ""7"": 257, ""8"": 238, ""9"": 238}",0.0037429999792948365,0.0037429999792948365,0.0,penbased,3,,Random,10,2473,1099,9893,0.7500252703932073,2059206367,False,,True
0.9945404913557779,2473,False,0.24997472960679268,0.25,,3.422760000015842,3.422760000015842,0.0,penbased,3,,SPOT,10,2473,1099,9893,0.7500252703932073,2059206367,False,,True
0.9390354868061874,2473,False,0.24997472960679268,0.25,,521.486327999999,521.486327999999,0.0,penbased,3,,GLVQ,10,2473,1099,9893,0.7500252703932073,2059206367,False,,True
0.9954504094631483,2473,False,0.24997472960679268,0.25,,63.126625000004424,63.126625000004424,0.0,penbased,3,,GNG,10,2473,1099,9893,0.7500252703932073,2059206367,False,,True
0.9890909090909091,49,False,0.00495349777598059,0.005,,0.0014089999895077199,0.0014089999895077199,0.0,penbased,4,,Full,10,9892,1100,9892,0.0,2060206370,False,,False
0.9854545454545455,49,False,0.00495349777598059,0.005,,2.6452839999983553,2.6452839999983553,0.0,penbased,4,,RSP3,10,1015,1100,9892,0.8973918317832592,2060206370,False,,False
0.98,49,False,0.00495349777598059,0.005,,1.1115590000117663,1.1115590000117663,0.0,penbased,4,,RHC,10,325,1100,9892,0.9671451678123736,2060206370,False,,False
0.9145454545454546,49,False,0.00495349777598059,0.005,,6.040440999990096,6.040440999990096,0.0,penbased,4,,SPINE+1NN,10,49,1100,9892,0.9950465022240194,2060206370,False,"{""admission"": {""criterion"": ""risk"", ""removed_risk"": 6, ""removed_support"": 0}, ""betti_final"": [[2, 0], [2, 1], [1, 0], [1, 0], [1, 0], [3, 0], [1, 0], [3, 0], [1, 0], [2, 0]], ""betti_frozen"": [[2, 0], [2, 1], [1, 0], [1, 0], [1, 0], [3, 0], [1, 0], [3, 0], [1, 0], [2, 0]], ""betti_nerve"": [[1, 0], [1, 1], [1, 0], [1, 0], [1, 0], [2, 0], [1, 0], [1, 0], [1, 0], [1, 0]], ""boundary_restriction"": ""both"", ""forced_removals"": 0, ""growth_representation_fallbacks"": 0, ""invariant_held"": true, ""n_segments"": 33, ""n_train_fit"": 7419, ""n_val"": 2473, ""phase0"": [{""constant_lens"": false, ""gain"": 0.25, ""lens"": ""pc1"", ""lens_scaling"": ""standardize"", ""min_cluster_size"": 37, ""min_samples"": 5, ""n_class"": 776, ""n_edges"": 5, ""n_intervals"": 6, ""n_vertices"": 6, ""noise_reassigned"": 712, ""placement"": ""quantile"", ""slabs"": [{""k"": 1, ""n"": 146}, {""k"": 1, ""n"": 161}, {""k"": 1, ""n"": 161}, {""k"": 1, ""n"": 161}, {""k"": 1, ""n"": 161}, {""k"": 1, ""n"": 146}]}, {""constant_lens"": false, ""gain"": 0.25, ""lens"": ""pc1"", ""lens_scaling"": ""standardize"", ""min_cluster_size"": 37, ""min_samples"": 5, ""n_class"": 767, ""n_edges"": 7, ""n_intervals"": 6, ""n_vertices"": 7, ""noise_reassigned"": 572, ""placement"": ""quantile"", ""slabs"": [{""k"": 1, ""n"": 144}, {""k"": 1, ""n"": 160}, {""k"": 1, ""n"": 159}, {""k"": 1, ""n"": 159}, {""k"": 2, ""n"": 160}, {""k"": 1, ""n"": 144}]}, {""constant_lens"": false, ""gain"": 0.25, ""lens"": ""pc1"", ""lens_scaling"": ""standardize"", ""min_cluster_size"": 37, ""min_samples"": 5, ""n_class"": 772, ""n_edges"": 5, ""n_intervals"": 6, ""n_vertices"": 6, ""noise_reassigned"": 659, ""placement"": ""quantile"", ""slabs"": [{""k"": 1, ""n"": 145}, {""k"": 1, ""n"": 161}, {""k"": 1, ""n"": 161}, {""k"": 1, ""n"": 161}, {""k"": 1, ""n"": 161}, {""k"": 1, ""n"": 145}]}, {""constant_lens"": false, ""gain"": 0.25, ""lens"": ""pc1"", ""lens_scaling"": ""standardize"", ""min_cluster_size"": 37, ""min_samples"": 5, ""n_class"": 712, ""n_edges"": 5, ""n_intervals"": 6, ""n_vertices"": 6, ""noise_reassigned"": 632, ""placement"": ""quantile"", ""slabs"": [{""k"": 1, ""n"": 134}, {""k"": 1, ""n"": 148}, {""k"": 1, ""n"": 148}, {""k"": 1, ""n"": 148}, {""k"": 1, ""n"": 148}, {""k"": 1, ""n"": 134}]}, {""constant_lens"": false, ""gain"": 0.25, ""lens"": ""pc1"", ""lens_scaling"": ""standardize"", ""min_cluster_size"": 37, ""min_samples"": 5, ""n_class"": 773, ""n_edges"": 5, ""n_intervals"": 6, ""n_vertices"": 6, ""noise_reassigned"": 705, ""placement"": ""quantile"", ""slabs"": [{""k"": 1, ""n"": 145}, {""k"": 1, ""n"": 161}, {""k"": 1, ""n"": 161}, {""k"": 1, ""n"": 161}, {""k"": 1, ""n"": 161}, {""k"": 1, ""n"": 145}]}, {""constant_lens"": false, ""gain"": 0.25, ""lens"": ""pc1"", ""lens_scaling"": ""standardize"", ""min_cluster_size"": 37, ""min_samples"": 5, ""n_class"": 712, ""n_edges"": 5, ""n_intervals"": 6, ""n_vertices"": 7, ""noise_reassigned"": 363, ""placement"": ""quantile"", ""slabs"": [{""k"": 1, ""n"": 134}, {""k"": 1, ""n"": 148}, {""k"": 1, ""n"": 148}, {""k"": 2, ""n"": 148}, {""k"": 1, ""n"": 148}, {""k"": 1, ""n"": 134}]}, {""constant_lens"": false, ""gain"": 0.25, ""lens"": ""pc1"", ""lens_scaling"": ""standardize"", ""min_cluster_size"": 37, ""min_samples"": 5, ""n_class"": 713, ""n_edges"": 5, ""n_intervals"": 6, ""n_vertices"": 6, ""noise_reassigned"": 630, ""placement"": ""quantile"", ""slabs"": [{""k"": 1, ""n"": 134}, {""k"": 1, ""n"": 149}, {""k"": 1, ""n"": 148}, {""k"": 1, ""n"": 148}, {""k"": 1, ""n"": 149}, {""k"": 1, ""n"": 134}]}, {""constant_lens"": false, ""gain"": 0.25, ""lens"": ""pc1"", ""lens_scaling"": ""standardize"", ""min_cluster_size"": 37, ""min_samples"": 5, ""n_class"": 773, ""n_edges"": 5, ""n_intervals"": 6, ""n_vertices"": 6, ""noise_reassigned"": 603, ""placement"": ""quantile"", ""slabs"": [{""k"": 1, ""n"": 145}, {""k"": 1, ""n"": 161}, {""k"": 1, ""n"": 161}, {""k"": 1, ""n"": 161}, {""k"": 1, ""n"": 161}, {""k"": 1, ""n"": 145}]}, {""constant_lens"": false, ""gain"": 0.25, ""lens"": ""pc1"", ""lens_scaling"": ""standardize"", ""min_cluster_size"": 37, ""min_samples"": 5, ""n_class"": 712, ""n_edges"": 5, ""n_intervals"": 6, ""n_vertices"": 6, ""noise_reassigned"": 643, ""placement"": ""uniform"", ""slabs"": [{""k"": 1, ""n"": 161}, {""k"": 1, ""n"": 183}, {""k"": 1, ""n"": 136}, {""k"": 1, ""n"": 88}, {""k"": 1, ""n"": 140}, {""k"": 1, ""n"": 160}]}, {""constant_lens"": false, ""gain"": 0.25, ""lens"": ""pc1"", ""lens_scaling"": ""standardize"", ""min_cluster_size"": 37, ""min_samples"": 5, ""n_class"": 709, ""n_edges"": 5, ""n_intervals"": 6, ""n_vertices"": 6, ""noise_reassigned"": 447, ""placement"": ""quantile"", ""slabs"": [{""k"": 1, ""n"": 133}, {""k"": 1, ""n"": 147}, {""k"": 1, ""n"": 147}, {""k"": 1, ""n"": 147}, {""k"": 1, ""n"": 147}, {""k"": 1, ""n"": 133}]}], ""soundness_bound_holds"": true, ""step_rule"": ""scale_free"", ""topology_retention_nerve_to_frozen"": {""beta0_frozen"": 17, ""beta0_nerve"": 11, ""beta1_frozen"": 1, ""beta1_nerve"": 1}}",True
0.9463636363636364,49,False,0.00495349777598059,0.005,,6.040440999990096,6.040440999990096,0.0,penbased,4,,SPINE+Graph,10,49,1100,9892,0.9950465022240194,2060206370,False,"{""admission"": {""criterion"": ""risk"", ""removed_risk"": 6, ""removed_support"": 0}, ""betti_final"": [[2, 0], [2, 1], [1, 0], [1, 0], [1, 0], [3, 0], [1, 0], [3, 0], [1, 0], [2, 0]], ""betti_frozen"": [[2, 0], [2, 1], [1, 0], [1, 0], [1, 0], [3, 0], [1, 0], [3, 0], [1, 0], [2, 0]], ""betti_nerve"": [[1, 0], [1, 1], [1, 0], [1, 0], [1, 0], [2, 0], [1, 0], [1, 0], [1, 0], [1, 0]], ""boundary_restriction"": ""both"", ""forced_removals"": 0, ""growth_representation_fallbacks"": 0, ""invariant_held"": true, ""n_segments"": 33, ""n_train_fit"": 7419, ""n_val"": 2473, ""phase0"": [{""constant_lens"": false, ""gain"": 0.25, ""lens"": ""pc1"", ""lens_scaling"": ""standardize"", ""min_cluster_size"": 37, ""min_samples"": 5, ""n_class"": 776, ""n_edges"": 5, ""n_intervals"": 6, ""n_vertices"": 6, ""noise_reassigned"": 712, ""placement"": ""quantile"", ""slabs"": [{""k"": 1, ""n"": 146}, {""k"": 1, ""n"": 161}, {""k"": 1, ""n"": 161}, {""k"": 1, ""n"": 161}, {""k"": 1, ""n"": 161}, {""k"": 1, ""n"": 146}]}, {""constant_lens"": false, ""gain"": 0.25, ""lens"": ""pc1"", ""lens_scaling"": ""standardize"", ""min_cluster_size"": 37, ""min_samples"": 5, ""n_class"": 767, ""n_edges"": 7, ""n_intervals"": 6, ""n_vertices"": 7, ""noise_reassigned"": 572, ""placement"": ""quantile"", ""slabs"": [{""k"": 1, ""n"": 144}, {""k"": 1, ""n"": 160}, {""k"": 1, ""n"": 159}, {""k"": 1, ""n"": 159}, {""k"": 2, ""n"": 160}, {""k"": 1, ""n"": 144}]}, {""constant_lens"": false, ""gain"": 0.25, ""lens"": ""pc1"", ""lens_scaling"": ""standardize"", ""min_cluster_size"": 37, ""min_samples"": 5, ""n_class"": 772, ""n_edges"": 5, ""n_intervals"": 6, ""n_vertices"": 6, ""noise_reassigned"": 659, ""placement"": ""quantile"", ""slabs"": [{""k"": 1, ""n"": 145}, {""k"": 1, ""n"": 161}, {""k"": 1, ""n"": 161}, {""k"": 1, ""n"": 161}, {""k"": 1, ""n"": 161}, {""k"": 1, ""n"": 145}]}, {""constant_lens"": false, ""gain"": 0.25, ""lens"": ""pc1"", ""lens_scaling"": ""standardize"", ""min_cluster_size"": 37, ""min_samples"": 5, ""n_class"": 712, ""n_edges"": 5, ""n_intervals"": 6, ""n_vertices"": 6, ""noise_reassigned"": 632, ""placement"": ""quantile"", ""slabs"": [{""k"": 1, ""n"": 134}, {""k"": 1, ""n"": 148}, {""k"": 1, ""n"": 148}, {""k"": 1, ""n"": 148}, {""k"": 1, ""n"": 148}, {""k"": 1, ""n"": 134}]}, {""constant_lens"": false, ""gain"": 0.25, ""lens"": ""pc1"", ""lens_scaling"": ""standardize"", ""min_cluster_size"": 37, ""min_samples"": 5, ""n_class"": 773, ""n_edges"": 5, ""n_intervals"": 6, ""n_vertices"": 6, ""noise_reassigned"": 705, ""placement"": ""quantile"", ""slabs"": [{""k"": 1, ""n"": 145}, {""k"": 1, ""n"": 161}, {""k"": 1, ""n"": 161}, {""k"": 1, ""n"": 161}, {""k"": 1, ""n"": 161}, {""k"": 1, ""n"": 145}]}, {""constant_lens"": false, ""gain"": 0.25, ""lens"": ""pc1"", ""lens_scaling"": ""standardize"", ""min_cluster_size"": 37, ""min_samples"": 5, ""n_class"": 712, ""n_edges"": 5, ""n_intervals"": 6, ""n_vertices"": 7, ""noise_reassigned"": 363, ""placement"": ""quantile"", ""slabs"": [{""k"": 1, ""n"": 134}, {""k"": 1, ""n"": 148}, {""k"": 1, ""n"": 148}, {""k"": 2, ""n"": 148}, {""k"": 1, ""n"": 148}, {""k"": 1, ""n"": 134}]}, {""constant_lens"": false, ""gain"": 0.25, ""lens"": ""pc1"", ""lens_scaling"": ""standardize"", ""min_cluster_size"": 37, ""min_samples"": 5, ""n_class"": 713, ""n_edges"": 5, ""n_intervals"": 6, ""n_vertices"": 6, ""noise_reassigned"": 630, ""placement"": ""quantile"", ""slabs"": [{""k"": 1, ""n"": 134}, {""k"": 1, ""n"": 149}, {""k"": 1, ""n"": 148}, {""k"": 1, ""n"": 148}, {""k"": 1, ""n"": 149}, {""k"": 1, ""n"": 134}]}, {""constant_lens"": false, ""gain"": 0.25, ""lens"": ""pc1"", ""lens_scaling"": ""standardize"", ""min_cluster_size"": 37, ""min_samples"": 5, ""n_class"": 773, ""n_edges"": 5, ""n_intervals"": 6, ""n_vertices"": 6, ""noise_reassigned"": 603, ""placement"": ""quantile"", ""slabs"": [{""k"": 1, ""n"": 145}, {""k"": 1, ""n"": 161}, {""k"": 1, ""n"": 161}, {""k"": 1, ""n"": 161}, {""k"": 1, ""n"": 161}, {""k"": 1, ""n"": 145}]}, {""constant_lens"": false, ""gain"": 0.25, ""lens"": ""pc1"", ""lens_scaling"": ""standardize"", ""min_cluster_size"": 37, ""min_samples"": 5, ""n_class"": 712, ""n_edges"": 5, ""n_intervals"": 6, ""n_vertices"": 6, ""noise_reassigned"": 643, ""placement"": ""uniform"", ""slabs"": [{""k"": 1, ""n"": 161}, {""k"": 1, ""n"": 183}, {""k"": 1, ""n"": 136}, {""k"": 1, ""n"": 88}, {""k"": 1, ""n"": 140}, {""k"": 1, ""n"": 160}]}, {""constant_lens"": false, ""gain"": 0.25, ""lens"": ""pc1"", ""lens_scaling"": ""standardize"", ""min_cluster_size"": 37, ""min_samples"": 5, ""n_class"": 709, ""n_edges"": 5, ""n_intervals"": 6, ""n_vertices"": 6, ""noise_reassigned"": 447, ""placement"": ""quantile"", ""slabs"": [{""k"": 1, ""n"": 133}, {""k"": 1, ""n"": 147}, {""k"": 1, ""n"": 147}, {""k"": 1, ""n"": 147}, {""k"": 1, ""n"": 147}, {""k"": 1, ""n"": 133}]}], ""soundness_bound_holds"": true, ""step_rule"": ""scale_free"", ""topology_retention_nerve_to_frozen"": {""beta0_frozen"": 17, ""beta0_nerve"": 11, ""beta1_frozen"": 1, ""beta1_nerve"": 1}}",True
0.9745454545454545,49,False,0.00495349777598059,0.005,,3.3045810000039637,58.75923699999112,55.45465599998715,penbased,4,"{""epsilon"": 0.1, ""window"": 0.2}",LVQ3,10,49,1100,9892,0.9950465022240194,2060206370,False,,True
0.9463636363636364,49,False,0.00495349777598059,0.005,"{""0"": 5, ""1"": 5, ""2"": 5, ""3"": 5, ""4"": 5, ""5"": 5, ""6"": 5, ""7"": 5, ""8"": 5, ""9"": 4}",1.8142729999963194,1.8142729999963194,0.0,penbased,4,,KMeans,10,49,1100,9892,0.9950465022240194,2060206370,False,,True
0.8527272727272728,49,False,0.00495349777598059,0.005,"{""0"": 5, ""1"": 5, ""2"": 5, ""3"": 5, ""4"": 5, ""5"": 5, ""6"": 5, ""7"": 5, ""8"": 5, ""9"": 4}",0.0026310000102967024,0.0026310000102967024,0.0,penbased,4,,Random,10,49,1100,9892,0.9950465022240194,2060206370,False,,True
0.9318181818181818,49,False,0.00495349777598059,0.005,,2.5975490000273567,2.5975490000273567,0.0,penbased,4,,SPOT,10,49,1100,9892,0.9950465022240194,2060206370,False,,True
0.9336363636363636,49,False,0.00495349777598059,0.005,,14.50862100001541,14.50862100001541,0.0,penbased,4,,GLVQ,10,49,1100,9892,0.9950465022240194,2060206370,False,,True
0.9454545454545454,49,False,0.00495349777598059,0.005,,1.4040969999914523,1.4040969999914523,0.0,penbased,4,,GNG,10,49,1100,9892,0.9950465022240194,2060206370,False,,True
0.9890909090909091,99,False,0.010008087343307723,0.01,,0.0014089999895077199,0.0014089999895077199,0.0,penbased,4,,Full,10,9892,1100,9892,0.0,2060206370,True,,False
0.9854545454545455,99,False,0.010008087343307723,0.01,,2.6452839999983553,2.6452839999983553,0.0,penbased,4,,RSP3,10,1015,1100,9892,0.8973918317832592,2060206370,True,,False
0.98,99,False,0.010008087343307723,0.01,,1.1115590000117663,1.1115590000117663,0.0,penbased,4,,RHC,10,325,1100,9892,0.9671451678123736,2060206370,True,,False
0.9545454545454546,99,False,0.010008087343307723,0.01,,7.947847000003094,7.947847000003094,0.0,penbased,4,,SPINE+1NN,10,99,1100,9892,0.9899919126566923,2060206370,False,"{""admission"": {""criterion"": ""risk"", ""removed_risk"": 6, ""removed_support"": 0}, ""betti_final"": [[2, 0], [2, 1], [1, 0], [1, 0], [1, 0], [3, 0], [1, 0], [3, 0], [1, 0], [2, 0]], ""betti_frozen"": [[2, 0], [2, 1], [1, 0], [1, 0], [1, 0], [3, 0], [1, 0], [3, 0], [1, 0], [2, 0]], ""betti_nerve"": [[1, 0], [1, 1], [1, 0], [1, 0], [1, 0], [2, 0], [1, 0], [1, 0], [1, 0], [1, 0]], ""boundary_restriction"": ""both"", ""forced_removals"": 0, ""growth_representation_fallbacks"": 11, ""invariant_held"": true, ""n_segments"": 83, ""n_train_fit"": 7419, ""n_val"": 2473, ""phase0"": [{""constant_lens"": false, ""gain"": 0.25, ""lens"": ""pc1"", ""lens_scaling"": ""standardize"", ""min_cluster_size"": 37, ""min_samples"": 5, ""n_class"": 776, ""n_edges"": 5, ""n_intervals"": 6, ""n_vertices"": 6, ""noise_reassigned"": 712, ""placement"": ""quantile"", ""slabs"": [{""k"": 1, ""n"": 146}, {""k"": 1, ""n"": 161}, {""k"": 1, ""n"": 161}, {""k"": 1, ""n"": 161}, {""k"": 1, ""n"": 161}, {""k"": 1, ""n"": 146}]}, {""constant_lens"": false, ""gain"": 0.25, ""lens"": ""pc1"", ""lens_scaling"": ""standardize"", ""min_cluster_size"": 37, ""min_samples"": 5, ""n_class"": 767, ""n_edges"": 7, ""n_intervals"": 6, ""n_vertices"": 7, ""noise_reassigned"": 572, ""placement"": ""quantile"", ""slabs"": [{""k"": 1, ""n"": 144}, {""k"": 1, ""n"": 160}, {""k"": 1, ""n"": 159}, {""k"": 1, ""n"": 159}, {""k"": 2, ""n"": 160}, {""k"": 1, ""n"": 144}]}, {""constant_lens"": false, ""gain"": 0.25, ""lens"": ""pc1"", ""lens_scaling"": ""standardize"", ""min_cluster_size"": 37, ""min_samples"": 5, ""n_class"": 772, ""n_edges"": 5, ""n_intervals"": 6, ""n_vertices"": 6, ""noise_reassigned"": 659, ""placement"": ""quantile"", ""slabs"": [{""k"": 1, ""n"": 145}, {""k"": 1, ""n"": 161}, {""k"": 1, ""n"": 161}, {""k"": 1, ""n"": 161}, {""k"": 1, ""n"": 161}, {""k"": 1, ""n"": 145}]}, {""constant_lens"": false, ""gain"": 0.25, ""lens"": ""pc1"", ""lens_scaling"": ""standardize"", ""min_cluster_size"": 37, ""min_samples"": 5, ""n_class"": 712, ""n_edges"": 5, ""n_intervals"": 6, ""n_vertices"": 6, ""noise_reassigned"": 632, ""placement"": ""quantile"", ""slabs"": [{""k"": 1, ""n"": 134}, {""k"": 1, ""n"": 148}, {""k"": 1, ""n"": 148}, {""k"": 1, ""n"": 148}, {""k"": 1, ""n"": 148}, {""k"": 1, ""n"": 134}]}, {""constant_lens"": false, ""gain"": 0.25, ""lens"": ""pc1"", ""lens_scaling"": ""standardize"", ""min_cluster_size"": 37, ""min_samples"": 5, ""n_class"": 773, ""n_edges"": 5, ""n_intervals"": 6, ""n_vertices"": 6, ""noise_reassigned"": 705, ""placement"": ""quantile"", ""slabs"": [{""k"": 1, ""n"": 145}, {""k"": 1, ""n"": 161}, {""k"": 1, ""n"": 161}, {""k"": 1, ""n"": 161}, {""k"": 1, ""n"": 161}, {""k"": 1, ""n"": 145}]}, {""constant_lens"": false, ""gain"": 0.25, ""lens"": ""pc1"", ""lens_scaling"": ""standardize"", ""min_cluster_size"": 37, ""min_samples"": 5, ""n_class"": 712, ""n_edges"": 5, ""n_intervals"": 6, ""n_vertices"": 7, ""noise_reassigned"": 363, ""placement"": ""quantile"", ""slabs"": [{""k"": 1, ""n"": 134}, {""k"": 1, ""n"": 148}, {""k"": 1, ""n"": 148}, {""k"": 2, ""n"": 148}, {""k"": 1, ""n"": 148}, {""k"": 1, ""n"": 134}]}, {""constant_lens"": false, ""gain"": 0.25, ""lens"": ""pc1"", ""lens_scaling"": ""standardize"", ""min_cluster_size"": 37, ""min_samples"": 5, ""n_class"": 713, ""n_edges"": 5, ""n_intervals"": 6, ""n_vertices"": 6, ""noise_reassigned"": 630, ""placement"": ""quantile"", ""slabs"": [{""k"": 1, ""n"": 134}, {""k"": 1, ""n"": 149}, {""k"": 1, ""n"": 148}, {""k"": 1, ""n"": 148}, {""k"": 1, ""n"": 149}, {""k"": 1, ""n"": 134}]}, {""constant_lens"": false, ""gain"": 0.25, ""lens"": ""pc1"", ""lens_scaling"": ""standardize"", ""min_cluster_size"": 37, ""min_samples"": 5, ""n_class"": 773, ""n_edges"": 5, ""n_intervals"": 6, ""n_vertices"": 6, ""noise_reassigned"": 603, ""placement"": ""quantile"", ""slabs"": [{""k"": 1, ""n"": 145}, {""k"": 1, ""n"": 161}, {""k"": 1, ""n"": 161}, {""k"": 1, ""n"": 161}, {""k"": 1, ""n"": 161}, {""k"": 1, ""n"": 145}]}, {""constant_lens"": false, ""gain"": 0.25, ""lens"": ""pc1"", ""lens_scaling"": ""standardize"", ""min_cluster_size"": 37, ""min_samples"": 5, ""n_class"": 712, ""n_edges"": 5, ""n_intervals"": 6, ""n_vertices"": 6, ""noise_reassigned"": 643, ""placement"": ""uniform"", ""slabs"": [{""k"": 1, ""n"": 161}, {""k"": 1, ""n"": 183}, {""k"": 1, ""n"": 136}, {""k"": 1, ""n"": 88}, {""k"": 1, ""n"": 140}, {""k"": 1, ""n"": 160}]}, {""constant_lens"": false, ""gain"": 0.25, ""lens"": ""pc1"", ""lens_scaling"": ""standardize"", ""min_cluster_size"": 37, ""min_samples"": 5, ""n_class"": 709, ""n_edges"": 5, ""n_intervals"": 6, ""n_vertices"": 6, ""noise_reassigned"": 447, ""placement"": ""quantile"", ""slabs"": [{""k"": 1, ""n"": 133}, {""k"": 1, ""n"": 147}, {""k"": 1, ""n"": 147}, {""k"": 1, ""n"": 147}, {""k"": 1, ""n"": 147}, {""k"": 1, ""n"": 133}]}], ""soundness_bound_holds"": true, ""step_rule"": ""scale_free"", ""topology_retention_nerve_to_frozen"": {""beta0_frozen"": 17, ""beta0_nerve"": 11, ""beta1_frozen"": 1, ""beta1_nerve"": 1}}",True
0.9581818181818181,99,False,0.010008087343307723,0.01,,7.947847000003094,7.947847000003094,0.0,penbased,4,,SPINE+Graph,10,99,1100,9892,0.9899919126566923,2060206370,False,"{""admission"": {""criterion"": ""risk"", ""removed_risk"": 6, ""removed_support"": 0}, ""betti_final"": [[2, 0], [2, 1], [1, 0], [1, 0], [1, 0], [3, 0], [1, 0], [3, 0], [1, 0], [2, 0]], ""betti_frozen"": [[2, 0], [2, 1], [1, 0], [1, 0], [1, 0], [3, 0], [1, 0], [3, 0], [1, 0], [2, 0]], ""betti_nerve"": [[1, 0], [1, 1], [1, 0], [1, 0], [1, 0], [2, 0], [1, 0], [1, 0], [1, 0], [1, 0]], ""boundary_restriction"": ""both"", ""forced_removals"": 0, ""growth_representation_fallbacks"": 11, ""invariant_held"": true, ""n_segments"": 83, ""n_train_fit"": 7419, ""n_val"": 2473, ""phase0"": [{""constant_lens"": false, ""gain"": 0.25, ""lens"": ""pc1"", ""lens_scaling"": ""standardize"", ""min_cluster_size"": 37, ""min_samples"": 5, ""n_class"": 776, ""n_edges"": 5, ""n_intervals"": 6, ""n_vertices"": 6, ""noise_reassigned"": 712, ""placement"": ""quantile"", ""slabs"": [{""k"": 1, ""n"": 146}, {""k"": 1, ""n"": 161}, {""k"": 1, ""n"": 161}, {""k"": 1, ""n"": 161}, {""k"": 1, ""n"": 161}, {""k"": 1, ""n"": 146}]}, {""constant_lens"": false, ""gain"": 0.25, ""lens"": ""pc1"", ""lens_scaling"": ""standardize"", ""min_cluster_size"": 37, ""min_samples"": 5, ""n_class"": 767, ""n_edges"": 7, ""n_intervals"": 6, ""n_vertices"": 7, ""noise_reassigned"": 572, ""placement"": ""quantile"", ""slabs"": [{""k"": 1, ""n"": 144}, {""k"": 1, ""n"": 160}, {""k"": 1, ""n"": 159}, {""k"": 1, ""n"": 159}, {""k"": 2, ""n"": 160}, {""k"": 1, ""n"": 144}]}, {""constant_lens"": false, ""gain"": 0.25, ""lens"": ""pc1"", ""lens_scaling"": ""standardize"", ""min_cluster_size"": 37, ""min_samples"": 5, ""n_class"": 772, ""n_edges"": 5, ""n_intervals"": 6, ""n_vertices"": 6, ""noise_reassigned"": 659, ""placement"": ""quantile"", ""slabs"": [{""k"": 1, ""n"": 145}, {""k"": 1, ""n"": 161}, {""k"": 1, ""n"": 161}, {""k"": 1, ""n"": 161}, {""k"": 1, ""n"": 161}, {""k"": 1, ""n"": 145}]}, {""constant_lens"": false, ""gain"": 0.25, ""lens"": ""pc1"", ""lens_scaling"": ""standardize"", ""min_cluster_size"": 37, ""min_samples"": 5, ""n_class"": 712, ""n_edges"": 5, ""n_intervals"": 6, ""n_vertices"": 6, ""noise_reassigned"": 632, ""placement"": ""quantile"", ""slabs"": [{""k"": 1, ""n"": 134}, {""k"": 1, ""n"": 148}, {""k"": 1, ""n"": 148}, {""k"": 1, ""n"": 148}, {""k"": 1, ""n"": 148}, {""k"": 1, ""n"": 134}]}, {""constant_lens"": false, ""gain"": 0.25, ""lens"": ""pc1"", ""lens_scaling"": ""standardize"", ""min_cluster_size"": 37, ""min_samples"": 5, ""n_class"": 773, ""n_edges"": 5, ""n_intervals"": 6, ""n_vertices"": 6, ""noise_reassigned"": 705, ""placement"": ""quantile"", ""slabs"": [{""k"": 1, ""n"": 145}, {""k"": 1, ""n"": 161}, {""k"": 1, ""n"": 161}, {""k"": 1, ""n"": 161}, {""k"": 1, ""n"": 161}, {""k"": 1, ""n"": 145}]}, {""constant_lens"": false, ""gain"": 0.25, ""lens"": ""pc1"", ""lens_scaling"": ""standardize"", ""min_cluster_size"": 37, ""min_samples"": 5, ""n_class"": 712, ""n_edges"": 5, ""n_intervals"": 6, ""n_vertices"": 7, ""noise_reassigned"": 363, ""placement"": ""quantile"", ""slabs"": [{""k"": 1, ""n"": 134}, {""k"": 1, ""n"": 148}, {""k"": 1, ""n"": 148}, {""k"": 2, ""n"": 148}, {""k"": 1, ""n"": 148}, {""k"": 1, ""n"": 134}]}, {""constant_lens"": false, ""gain"": 0.25, ""lens"": ""pc1"", ""lens_scaling"": ""standardize"", ""min_cluster_size"": 37, ""min_samples"": 5, ""n_class"": 713, ""n_edges"": 5, ""n_intervals"": 6, ""n_vertices"": 6, ""noise_reassigned"": 630, ""placement"": ""quantile"", ""slabs"": [{""k"": 1, ""n"": 134}, {""k"": 1, ""n"": 149}, {""k"": 1, ""n"": 148}, {""k"": 1, ""n"": 148}, {""k"": 1, ""n"": 149}, {""k"": 1, ""n"": 134}]}, {""constant_lens"": false, ""gain"": 0.25, ""lens"": ""pc1"", ""lens_scaling"": ""standardize"", ""min_cluster_size"": 37, ""min_samples"": 5, ""n_class"": 773, ""n_edges"": 5, ""n_intervals"": 6, ""n_vertices"": 6, ""noise_reassigned"": 603, ""placement"": ""quantile"", ""slabs"": [{""k"": 1, ""n"": 145}, {""k"": 1, ""n"": 161}, {""k"": 1, ""n"": 161}, {""k"": 1, ""n"": 161}, {""k"": 1, ""n"": 161}, {""k"": 1, ""n"": 145}]}, {""constant_lens"": false, ""gain"": 0.25, ""lens"": ""pc1"", ""lens_scaling"": ""standardize"", ""min_cluster_size"": 37, ""min_samples"": 5, ""n_class"": 712, ""n_edges"": 5, ""n_intervals"": 6, ""n_vertices"": 6, ""noise_reassigned"": 643, ""placement"": ""uniform"", ""slabs"": [{""k"": 1, ""n"": 161}, {""k"": 1, ""n"": 183}, {""k"": 1, ""n"": 136}, {""k"": 1, ""n"": 88}, {""k"": 1, ""n"": 140}, {""k"": 1, ""n"": 160}]}, {""constant_lens"": false, ""gain"": 0.25, ""lens"": ""pc1"", ""lens_scaling"": ""standardize"", ""min_cluster_size"": 37, ""min_samples"": 5, ""n_class"": 709, ""n_edges"": 5, ""n_intervals"": 6, ""n_vertices"": 6, ""noise_reassigned"": 447, ""placement"": ""quantile"", ""slabs"": [{""k"": 1, ""n"": 133}, {""k"": 1, ""n"": 147}, {""k"": 1, ""n"": 147}, {""k"": 1, ""n"": 147}, {""k"": 1, ""n"": 147}, {""k"": 1, ""n"": 133}]}], ""soundness_bound_holds"": true, ""step_rule"": ""scale_free"", ""topology_retention_nerve_to_frozen"": {""beta0_frozen"": 17, ""beta0_nerve"": 11, ""beta1_frozen"": 1, ""beta1_nerve"": 1}}",True
0.9654545454545455,99,False,0.010008087343307723,0.01,,3.694019999995362,69.71782900000107,66.02380900000571,penbased,4,"{""epsilon"": 0.1, ""window"": 0.3}",LVQ3,10,99,1100,9892,0.9899919126566923,2060206370,False,,True
0.97,99,False,0.010008087343307723,0.01,"{""0"": 10, ""1"": 10, ""2"": 10, ""3"": 10, ""4"": 10, ""5"": 10, ""6"": 10, ""7"": 10, ""8"": 10, ""9"": 9}",2.265983999997843,2.265983999997843,0.0,penbased,4,,KMeans,10,99,1100,9892,0.9899919126566923,2060206370,False,,True
0.8818181818181818,99,False,0.010008087343307723,0.01,"{""0"": 10, ""1"": 10, ""2"": 10, ""3"": 10, ""4"": 10, ""5"": 10, ""6"": 10, ""7"": 10, ""8"": 10, ""9"": 9}",0.002521999995224178,0.002521999995224178,0.0,penbased,4,,Random,10,99,1100,9892,0.9899919126566923,2060206370,False,,True
0.9509090909090909,99,False,0.010008087343307723,0.01,,2.771519999980228,2.771519999980228,0.0,penbased,4,,SPOT,10,99,1100,9892,0.9899919126566923,2060206370,False,,True
0.9381818181818182,99,False,0.010008087343307723,0.01,,25.08843100001104,25.08843100001104,0.0,penbased,4,,GLVQ,10,99,1100,9892,0.9899919126566923,2060206370,False,,True
0.9636363636363636,99,False,0.010008087343307723,0.01,,1.6502629999886267,1.6502629999886267,0.0,penbased,4,,GNG,10,99,1100,9892,0.9899919126566923,2060206370,False,,True
0.9890909090909091,198,False,0.020016174686615446,0.02,,0.0014089999895077199,0.0014089999895077199,0.0,penbased,4,,Full,10,9892,1100,9892,0.0,2060206370,True,,False
0.9854545454545455,198,False,0.020016174686615446,0.02,,2.6452839999983553,2.6452839999983553,0.0,penbased,4,,RSP3,10,1015,1100,9892,0.8973918317832592,2060206370,True,,False
0.98,198,False,0.020016174686615446,0.02,,1.1115590000117663,1.1115590000117663,0.0,penbased,4,,RHC,10,325,1100,9892,0.9671451678123736,2060206370,True,,False
0.9572727272727273,198,False,0.020016174686615446,0.02,,9.242511999997078,9.242511999997078,0.0,penbased,4,,SPINE+1NN,10,198,1100,9892,0.9799838253133846,2060206370,False,"{""admission"": {""criterion"": ""risk"", ""removed_risk"": 6, ""removed_support"": 0}, ""betti_final"": [[2, 0], [2, 1], [1, 0], [1, 0], [1, 0], [3, 0], [1, 0], [3, 0], [1, 0], [2, 0]], ""betti_frozen"": [[2, 0], [2, 1], [1, 0], [1, 0], [1, 0], [3, 0], [1, 0], [3, 0], [1, 0], [2, 0]], ""betti_nerve"": [[1, 0], [1, 1], [1, 0], [1, 0], [1, 0], [2, 0], [1, 0], [1, 0], [1, 0], [1, 0]], ""boundary_restriction"": ""both"", ""forced_removals"": 0, ""growth_representation_fallbacks"": 70, ""invariant_held"": true, ""n_segments"": 182, ""n_train_fit"": 7419, ""n_val"": 2473, ""phase0"": [{""constant_lens"": false, ""gain"": 0.25, ""lens"": ""pc1"", ""lens_scaling"": ""standardize"", ""min_cluster_size"": 37, ""min_samples"": 5, ""n_class"": 776, ""n_edges"": 5, ""n_intervals"": 6, ""n_vertices"": 6, ""noise_reassigned"": 712, ""placement"": ""quantile"", ""slabs"": [{""k"": 1, ""n"": 146}, {""k"": 1, ""n"": 161}, {""k"": 1, ""n"": 161}, {""k"": 1, ""n"": 161}, {""k"": 1, ""n"": 161}, {""k"": 1, ""n"": 146}]}, {""constant_lens"": false, ""gain"": 0.25, ""lens"": ""pc1"", ""lens_scaling"": ""standardize"", ""min_cluster_size"": 37, ""min_samples"": 5, ""n_class"": 767, ""n_edges"": 7, ""n_intervals"": 6, ""n_vertices"": 7, ""noise_reassigned"": 572, ""placement"": ""quantile"", ""slabs"": [{""k"": 1, ""n"": 144}, {""k"": 1, ""n"": 160}, {""k"": 1, ""n"": 159}, {""k"": 1, ""n"": 159}, {""k"": 2, ""n"": 160}, {""k"": 1, ""n"": 144}]}, {""constant_lens"": false, ""gain"": 0.25, ""lens"": ""pc1"", ""lens_scaling"": ""standardize"", ""min_cluster_size"": 37, ""min_samples"": 5, ""n_class"": 772, ""n_edges"": 5, ""n_intervals"": 6, ""n_vertices"": 6, ""noise_reassigned"": 659, ""placement"": ""quantile"", ""slabs"": [{""k"": 1, ""n"": 145}, {""k"": 1, ""n"": 161}, {""k"": 1, ""n"": 161}, {""k"": 1, ""n"": 161}, {""k"": 1, ""n"": 161}, {""k"": 1, ""n"": 145}]}, {""constant_lens"": false, ""gain"": 0.25, ""lens"": ""pc1"", ""lens_scaling"": ""standardize"", ""min_cluster_size"": 37, ""min_samples"": 5, ""n_class"": 712, ""n_edges"": 5, ""n_intervals"": 6, ""n_vertices"": 6, ""noise_reassigned"": 632, ""placement"": ""quantile"", ""slabs"": [{""k"": 1, ""n"": 134}, {""k"": 1, ""n"": 148}, {""k"": 1, ""n"": 148}, {""k"": 1, ""n"": 148}, {""k"": 1, ""n"": 148}, {""k"": 1, ""n"": 134}]}, {""constant_lens"": false, ""gain"": 0.25, ""lens"": ""pc1"", ""lens_scaling"": ""standardize"", ""min_cluster_size"": 37, ""min_samples"": 5, ""n_class"": 773, ""n_edges"": 5, ""n_intervals"": 6, ""n_vertices"": 6, ""noise_reassigned"": 705, ""placement"": ""quantile"", ""slabs"": [{""k"": 1, ""n"": 145}, {""k"": 1, ""n"": 161}, {""k"": 1, ""n"": 161}, {""k"": 1, ""n"": 161}, {""k"": 1, ""n"": 161}, {""k"": 1, ""n"": 145}]}, {""constant_lens"": false, ""gain"": 0.25, ""lens"": ""pc1"", ""lens_scaling"": ""standardize"", ""min_cluster_size"": 37, ""min_samples"": 5, ""n_class"": 712, ""n_edges"": 5, ""n_intervals"": 6, ""n_vertices"": 7, ""noise_reassigned"": 363, ""placement"": ""quantile"", ""slabs"": [{""k"": 1, ""n"": 134}, {""k"": 1, ""n"": 148}, {""k"": 1, ""n"": 148}, {""k"": 2, ""n"": 148}, {""k"": 1, ""n"": 148}, {""k"": 1, ""n"": 134}]}, {""constant_lens"": false, ""gain"": 0.25, ""lens"": ""pc1"", ""lens_scaling"": ""standardize"", ""min_cluster_size"": 37, ""min_samples"": 5, ""n_class"": 713, ""n_edges"": 5, ""n_intervals"": 6, ""n_vertices"": 6, ""noise_reassigned"": 630, ""placement"": ""quantile"", ""slabs"": [{""k"": 1, ""n"": 134}, {""k"": 1, ""n"": 149}, {""k"": 1, ""n"": 148}, {""k"": 1, ""n"": 148}, {""k"": 1, ""n"": 149}, {""k"": 1, ""n"": 134}]}, {""constant_lens"": false, ""gain"": 0.25, ""lens"": ""pc1"", ""lens_scaling"": ""standardize"", ""min_cluster_size"": 37, ""min_samples"": 5, ""n_class"": 773, ""n_edges"": 5, ""n_intervals"": 6, ""n_vertices"": 6, ""noise_reassigned"": 603, ""placement"": ""quantile"", ""slabs"": [{""k"": 1, ""n"": 145}, {""k"": 1, ""n"": 161}, {""k"": 1, ""n"": 161}, {""k"": 1, ""n"": 161}, {""k"": 1, ""n"": 161}, {""k"": 1, ""n"": 145}]}, {""constant_lens"": false, ""gain"": 0.25, ""lens"": ""pc1"", ""lens_scaling"": ""standardize"", ""min_cluster_size"": 37, ""min_samples"": 5, ""n_class"": 712, ""n_edges"": 5, ""n_intervals"": 6, ""n_vertices"": 6, ""noise_reassigned"": 643, ""placement"": ""uniform"", ""slabs"": [{""k"": 1, ""n"": 161}, {""k"": 1, ""n"": 183}, {""k"": 1, ""n"": 136}, {""k"": 1, ""n"": 88}, {""k"": 1, ""n"": 140}, {""k"": 1, ""n"": 160}]}, {""constant_lens"": false, ""gain"": 0.25, ""lens"": ""pc1"", ""lens_scaling"": ""standardize"", ""min_cluster_size"": 37, ""min_samples"": 5, ""n_class"": 709, ""n_edges"": 5, ""n_intervals"": 6, ""n_vertices"": 6, ""noise_reassigned"": 447, ""placement"": ""quantile"", ""slabs"": [{""k"": 1, ""n"": 133}, {""k"": 1, ""n"": 147}, {""k"": 1, ""n"": 147}, {""k"": 1, ""n"": 147}, {""k"": 1, ""n"": 147}, {""k"": 1, ""n"": 133}]}], ""soundness_bound_holds"": true, ""step_rule"": ""scale_free"", ""topology_retention_nerve_to_frozen"": {""beta0_frozen"": 17, ""beta0_nerve"": 11, ""beta1_frozen"": 1, ""beta1_nerve"": 1}}",True
0.9654545454545455,198,False,0.020016174686615446,0.02,,9.242511999997078,9.242511999997078,0.0,penbased,4,,SPINE+Graph,10,198,1100,9892,0.9799838253133846,2060206370,False,"{""admission"": {""criterion"": ""risk"", ""removed_risk"": 6, ""removed_support"": 0}, ""betti_final"": [[2, 0], [2, 1], [1, 0], [1, 0], [1, 0], [3, 0], [1, 0], [3, 0], [1, 0], [2, 0]], ""betti_frozen"": [[2, 0], [2, 1], [1, 0], [1, 0], [1, 0], [3, 0], [1, 0], [3, 0], [1, 0], [2, 0]], ""betti_nerve"": [[1, 0], [1, 1], [1, 0], [1, 0], [1, 0], [2, 0], [1, 0], [1, 0], [1, 0], [1, 0]], ""boundary_restriction"": ""both"", ""forced_removals"": 0, ""growth_representation_fallbacks"": 70, ""invariant_held"": true, ""n_segments"": 182, ""n_train_fit"": 7419, ""n_val"": 2473, ""phase0"": [{""constant_lens"": false, ""gain"": 0.25, ""lens"": ""pc1"", ""lens_scaling"": ""standardize"", ""min_cluster_size"": 37, ""min_samples"": 5, ""n_class"": 776, ""n_edges"": 5, ""n_intervals"": 6, ""n_vertices"": 6, ""noise_reassigned"": 712, ""placement"": ""quantile"", ""slabs"": [{""k"": 1, ""n"": 146}, {""k"": 1, ""n"": 161}, {""k"": 1, ""n"": 161}, {""k"": 1, ""n"": 161}, {""k"": 1, ""n"": 161}, {""k"": 1, ""n"": 146}]}, {""constant_lens"": false, ""gain"": 0.25, ""lens"": ""pc1"", ""lens_scaling"": ""standardize"", ""min_cluster_size"": 37, ""min_samples"": 5, ""n_class"": 767, ""n_edges"": 7, ""n_intervals"": 6, ""n_vertices"": 7, ""noise_reassigned"": 572, ""placement"": ""quantile"", ""slabs"": [{""k"": 1, ""n"": 144}, {""k"": 1, ""n"": 160}, {""k"": 1, ""n"": 159}, {""k"": 1, ""n"": 159}, {""k"": 2, ""n"": 160}, {""k"": 1, ""n"": 144}]}, {""constant_lens"": false, ""gain"": 0.25, ""lens"": ""pc1"", ""lens_scaling"": ""standardize"", ""min_cluster_size"": 37, ""min_samples"": 5, ""n_class"": 772, ""n_edges"": 5, ""n_intervals"": 6, ""n_vertices"": 6, ""noise_reassigned"": 659, ""placement"": ""quantile"", ""slabs"": [{""k"": 1, ""n"": 145}, {""k"": 1, ""n"": 161}, {""k"": 1, ""n"": 161}, {""k"": 1, ""n"": 161}, {""k"": 1, ""n"": 161}, {""k"": 1, ""n"": 145}]}, {""constant_lens"": false, ""gain"": 0.25, ""lens"": ""pc1"", ""lens_scaling"": ""standardize"", ""min_cluster_size"": 37, ""min_samples"": 5, ""n_class"": 712, ""n_edges"": 5, ""n_intervals"": 6, ""n_vertices"": 6, ""noise_reassigned"": 632, ""placement"": ""quantile"", ""slabs"": [{""k"": 1, ""n"": 134}, {""k"": 1, ""n"": 148}, {""k"": 1, ""n"": 148}, {""k"": 1, ""n"": 148}, {""k"": 1, ""n"": 148}, {""k"": 1, ""n"": 134}]}, {""constant_lens"": false, ""gain"": 0.25, ""lens"": ""pc1"", ""lens_scaling"": ""standardize"", ""min_cluster_size"": 37, ""min_samples"": 5, ""n_class"": 773, ""n_edges"": 5, ""n_intervals"": 6, ""n_vertices"": 6, ""noise_reassigned"": 705, ""placement"": ""quantile"", ""slabs"": [{""k"": 1, ""n"": 145}, {""k"": 1, ""n"": 161}, {""k"": 1, ""n"": 161}, {""k"": 1, ""n"": 161}, {""k"": 1, ""n"": 161}, {""k"": 1, ""n"": 145}]}, {""constant_lens"": false, ""gain"": 0.25, ""lens"": ""pc1"", ""lens_scaling"": ""standardize"", ""min_cluster_size"": 37, ""min_samples"": 5, ""n_class"": 712, ""n_edges"": 5, ""n_intervals"": 6, ""n_vertices"": 7, ""noise_reassigned"": 363, ""placement"": ""quantile"", ""slabs"": [{""k"": 1, ""n"": 134}, {""k"": 1, ""n"": 148}, {""k"": 1, ""n"": 148}, {""k"": 2, ""n"": 148}, {""k"": 1, ""n"": 148}, {""k"": 1, ""n"": 134}]}, {""constant_lens"": false, ""gain"": 0.25, ""lens"": ""pc1"", ""lens_scaling"": ""standardize"", ""min_cluster_size"": 37, ""min_samples"": 5, ""n_class"": 713, ""n_edges"": 5, ""n_intervals"": 6, ""n_vertices"": 6, ""noise_reassigned"": 630, ""placement"": ""quantile"", ""slabs"": [{""k"": 1, ""n"": 134}, {""k"": 1, ""n"": 149}, {""k"": 1, ""n"": 148}, {""k"": 1, ""n"": 148}, {""k"": 1, ""n"": 149}, {""k"": 1, ""n"": 134}]}, {""constant_lens"": false, ""gain"": 0.25, ""lens"": ""pc1"", ""lens_scaling"": ""standardize"", ""min_cluster_size"": 37, ""min_samples"": 5, ""n_class"": 773, ""n_edges"": 5, ""n_intervals"": 6, ""n_vertices"": 6, ""noise_reassigned"": 603, ""placement"": ""quantile"", ""slabs"": [{""k"": 1, ""n"": 145}, {""k"": 1, ""n"": 161}, {""k"": 1, ""n"": 161}, {""k"": 1, ""n"": 161}, {""k"": 1, ""n"": 161}, {""k"": 1, ""n"": 145}]}, {""constant_lens"": false, ""gain"": 0.25, ""lens"": ""pc1"", ""lens_scaling"": ""standardize"", ""min_cluster_size"": 37, ""min_samples"": 5, ""n_class"": 712, ""n_edges"": 5, ""n_intervals"": 6, ""n_vertices"": 6, ""noise_reassigned"": 643, ""placement"": ""uniform"", ""slabs"": [{""k"": 1, ""n"": 161}, {""k"": 1, ""n"": 183}, {""k"": 1, ""n"": 136}, {""k"": 1, ""n"": 88}, {""k"": 1, ""n"": 140}, {""k"": 1, ""n"": 160}]}, {""constant_lens"": false, ""gain"": 0.25, ""lens"": ""pc1"", ""lens_scaling"": ""standardize"", ""min_cluster_size"": 37, ""min_samples"": 5, ""n_class"": 709, ""n_edges"": 5, ""n_intervals"": 6, ""n_vertices"": 6, ""noise_reassigned"": 447, ""placement"": ""quantile"", ""slabs"": [{""k"": 1, ""n"": 133}, {""k"": 1, ""n"": 147}, {""k"": 1, ""n"": 147}, {""k"": 1, ""n"": 147}, {""k"": 1, ""n"": 147}, {""k"": 1, ""n"": 133}]}], ""soundness_bound_holds"": true, ""step_rule"": ""scale_free"", ""topology_retention_nerve_to_frozen"": {""beta0_frozen"": 17, ""beta0_nerve"": 11, ""beta1_frozen"": 1, ""beta1_nerve"": 1}}",True
0.9818181818181818,198,False,0.020016174686615446,0.02,,4.796845000004396,85.55413999999291,80.75729499998852,penbased,4,"{""epsilon"": 0.1, ""window"": 0.3}",LVQ3,10,198,1100,9892,0.9799838253133846,2060206370,False,,True
0.9790909090909091,198,False,0.020016174686615446,0.02,"{""0"": 21, ""1"": 20, ""2"": 21, ""3"": 19, ""4"": 20, ""5"": 19, ""6"": 19, ""7"": 21, ""8"": 19, ""9"": 19}",3.0446200000005774,3.0446200000005774,0.0,penbased,4,,KMeans,10,198,1100,9892,0.9799838253133846,2060206370,False,,True
0.9227272727272727,198,False,0.020016174686615446,0.02,"{""0"": 21, ""1"": 20, ""2"": 21, ""3"": 19, ""4"": 20, ""5"": 19, ""6"": 19, ""7"": 21, ""8"": 19, ""9"": 19}",0.002630000002682209,0.002630000002682209,0.0,penbased,4,,Random,10,198,1100,9892,0.9799838253133846,2060206370,False,,True
0.97,198,False,0.020016174686615446,0.02,,2.988367999991169,2.988367999991169,0.0,penbased,4,,SPOT,10,198,1100,9892,0.9799838253133846,2060206370,False,,True
0.9372727272727273,198,False,0.020016174686615446,0.02,,45.34722199998214,45.34722199998214,0.0,penbased,4,,GLVQ,10,198,1100,9892,0.9799838253133846,2060206370,False,,True
0.9772727272727273,198,False,0.020016174686615446,0.02,,2.342738000006648,2.342738000006648,0.0,penbased,4,,GNG,10,198,1100,9892,0.9799838253133846,2060206370,False,,True
0.9890909090909091,495,False,0.050040436716538614,0.05,,0.0014089999895077199,0.0014089999895077199,0.0,penbased,4,,Full,10,9892,1100,9892,0.0,2060206370,True,,False
0.9854545454545455,495,False,0.050040436716538614,0.05,,2.6452839999983553,2.6452839999983553,0.0,penbased,4,,RSP3,10,1015,1100,9892,0.8973918317832592,2060206370,True,,False
0.98,495,False,0.050040436716538614,0.05,,1.1115590000117663,1.1115590000117663,0.0,penbased,4,,RHC,10,325,1100,9892,0.9671451678123736,2060206370,True,,False
0.97,495,False,0.050040436716538614,0.05,,12.717777999991085,12.717777999991085,0.0,penbased,4,,SPINE+1NN,10,495,1100,9892,0.9499595632834614,2060206370,False,"{""admission"": {""criterion"": ""risk"", ""removed_risk"": 6, ""removed_support"": 0}, ""betti_final"": [[2, 0], [2, 1], [1, 0], [1, 0], [1, 0], [3, 0], [1, 0], [3, 0], [1, 0], [2, 0]], ""betti_frozen"": [[2, 0], [2, 1], [1, 0], [1, 0], [1, 0], [3, 0], [1, 0], [3, 0], [1, 0], [2, 0]], ""betti_nerve"": [[1, 0], [1, 1], [1, 0], [1, 0], [1, 0], [2, 0], [1, 0], [1, 0], [1, 0], [1, 0]], ""boundary_restriction"": ""both"", ""forced_removals"": 0, ""growth_representation_fallbacks"": 401, ""invariant_held"": true, ""n_segments"": 479, ""n_train_fit"": 7419, ""n_val"": 2473, ""phase0"": [{""constant_lens"": false, ""gain"": 0.25, ""lens"": ""pc1"", ""lens_scaling"": ""standardize"", ""min_cluster_size"": 37, ""min_samples"": 5, ""n_class"": 776, ""n_edges"": 5, ""n_intervals"": 6, ""n_vertices"": 6, ""noise_reassigned"": 712, ""placement"": ""quantile"", ""slabs"": [{""k"": 1, ""n"": 146}, {""k"": 1, ""n"": 161}, {""k"": 1, ""n"": 161}, {""k"": 1, ""n"": 161}, {""k"": 1, ""n"": 161}, {""k"": 1, ""n"": 146}]}, {""constant_lens"": false, ""gain"": 0.25, ""lens"": ""pc1"", ""lens_scaling"": ""standardize"", ""min_cluster_size"": 37, ""min_samples"": 5, ""n_class"": 767, ""n_edges"": 7, ""n_intervals"": 6, ""n_vertices"": 7, ""noise_reassigned"": 572, ""placement"": ""quantile"", ""slabs"": [{""k"": 1, ""n"": 144}, {""k"": 1, ""n"": 160}, {""k"": 1, ""n"": 159}, {""k"": 1, ""n"": 159}, {""k"": 2, ""n"": 160}, {""k"": 1, ""n"": 144}]}, {""constant_lens"": false, ""gain"": 0.25, ""lens"": ""pc1"", ""lens_scaling"": ""standardize"", ""min_cluster_size"": 37, ""min_samples"": 5, ""n_class"": 772, ""n_edges"": 5, ""n_intervals"": 6, ""n_vertices"": 6, ""noise_reassigned"": 659, ""placement"": ""quantile"", ""slabs"": [{""k"": 1, ""n"": 145}, {""k"": 1, ""n"": 161}, {""k"": 1, ""n"": 161}, {""k"": 1, ""n"": 161}, {""k"": 1, ""n"": 161}, {""k"": 1, ""n"": 145}]}, {""constant_lens"": false, ""gain"": 0.25, ""lens"": ""pc1"", ""lens_scaling"": ""standardize"", ""min_cluster_size"": 37, ""min_samples"": 5, ""n_class"": 712, ""n_edges"": 5, ""n_intervals"": 6, ""n_vertices"": 6, ""noise_reassigned"": 632, ""placement"": ""quantile"", ""slabs"": [{""k"": 1, ""n"": 134}, {""k"": 1, ""n"": 148}, {""k"": 1, ""n"": 148}, {""k"": 1, ""n"": 148}, {""k"": 1, ""n"": 148}, {""k"": 1, ""n"": 134}]}, {""constant_lens"": false, ""gain"": 0.25, ""lens"": ""pc1"", ""lens_scaling"": ""standardize"", ""min_cluster_size"": 37, ""min_samples"": 5, ""n_class"": 773, ""n_edges"": 5, ""n_intervals"": 6, ""n_vertices"": 6, ""noise_reassigned"": 705, ""placement"": ""quantile"", ""slabs"": [{""k"": 1, ""n"": 145}, {""k"": 1, ""n"": 161}, {""k"": 1, ""n"": 161}, {""k"": 1, ""n"": 161}, {""k"": 1, ""n"": 161}, {""k"": 1, ""n"": 145}]}, {""constant_lens"": false, ""gain"": 0.25, ""lens"": ""pc1"", ""lens_scaling"": ""standardize"", ""min_cluster_size"": 37, ""min_samples"": 5, ""n_class"": 712, ""n_edges"": 5, ""n_intervals"": 6, ""n_vertices"": 7, ""noise_reassigned"": 363, ""placement"": ""quantile"", ""slabs"": [{""k"": 1, ""n"": 134}, {""k"": 1, ""n"": 148}, {""k"": 1, ""n"": 148}, {""k"": 2, ""n"": 148}, {""k"": 1, ""n"": 148}, {""k"": 1, ""n"": 134}]}, {""constant_lens"": false, ""gain"": 0.25, ""lens"": ""pc1"", ""lens_scaling"": ""standardize"", ""min_cluster_size"": 37, ""min_samples"": 5, ""n_class"": 713, ""n_edges"": 5, ""n_intervals"": 6, ""n_vertices"": 6, ""noise_reassigned"": 630, ""placement"": ""quantile"", ""slabs"": [{""k"": 1, ""n"": 134}, {""k"": 1, ""n"": 149}, {""k"": 1, ""n"": 148}, {""k"": 1, ""n"": 148}, {""k"": 1, ""n"": 149}, {""k"": 1, ""n"": 134}]}, {""constant_lens"": false, ""gain"": 0.25, ""lens"": ""pc1"", ""lens_scaling"": ""standardize"", ""min_cluster_size"": 37, ""min_samples"": 5, ""n_class"": 773, ""n_edges"": 5, ""n_intervals"": 6, ""n_vertices"": 6, ""noise_reassigned"": 603, ""placement"": ""quantile"", ""slabs"": [{""k"": 1, ""n"": 145}, {""k"": 1, ""n"": 161}, {""k"": 1, ""n"": 161}, {""k"": 1, ""n"": 161}, {""k"": 1, ""n"": 161}, {""k"": 1, ""n"": 145}]}, {""constant_lens"": false, ""gain"": 0.25, ""lens"": ""pc1"", ""lens_scaling"": ""standardize"", ""min_cluster_size"": 37, ""min_samples"": 5, ""n_class"": 712, ""n_edges"": 5, ""n_intervals"": 6, ""n_vertices"": 6, ""noise_reassigned"": 643, ""placement"": ""uniform"", ""slabs"": [{""k"": 1, ""n"": 161}, {""k"": 1, ""n"": 183}, {""k"": 1, ""n"": 136}, {""k"": 1, ""n"": 88}, {""k"": 1, ""n"": 140}, {""k"": 1, ""n"": 160}]}, {""constant_lens"": false, ""gain"": 0.25, ""lens"": ""pc1"", ""lens_scaling"": ""standardize"", ""min_cluster_size"": 37, ""min_samples"": 5, ""n_class"": 709, ""n_edges"": 5, ""n_intervals"": 6, ""n_vertices"": 6, ""noise_reassigned"": 447, ""placement"": ""quantile"", ""slabs"": [{""k"": 1, ""n"": 133}, {""k"": 1, ""n"": 147}, {""k"": 1, ""n"": 147}, {""k"": 1, ""n"": 147}, {""k"": 1, ""n"": 147}, {""k"": 1, ""n"": 133}]}], ""soundness_bound_holds"": true, ""step_rule"": ""scale_free"", ""topology_retention_nerve_to_frozen"": {""beta0_frozen"": 17, ""beta0_nerve"": 11, ""beta1_frozen"": 1, ""beta1_nerve"": 1}}",True
0.9718181818181818,495,False,0.050040436716538614,0.05,,12.717777999991085,12.717777999991085,0.0,penbased,4,,SPINE+Graph,10,495,1100,9892,0.9499595632834614,2060206370,False,"{""admission"": {""criterion"": ""risk"", ""removed_risk"": 6, ""removed_support"": 0}, ""betti_final"": [[2, 0], [2, 1], [1, 0], [1, 0], [1, 0], [3, 0], [1, 0], [3, 0], [1, 0], [2, 0]], ""betti_frozen"": [[2, 0], [2, 1], [1, 0], [1, 0], [1, 0], [3, 0], [1, 0], [3, 0], [1, 0], [2, 0]], ""betti_nerve"": [[1, 0], [1, 1], [1, 0], [1, 0], [1, 0], [2, 0], [1, 0], [1, 0], [1, 0], [1, 0]], ""boundary_restriction"": ""both"", ""forced_removals"": 0, ""growth_representation_fallbacks"": 401, ""invariant_held"": true, ""n_segments"": 479, ""n_train_fit"": 7419, ""n_val"": 2473, ""phase0"": [{""constant_lens"": false, ""gain"": 0.25, ""lens"": ""pc1"", ""lens_scaling"": ""standardize"", ""min_cluster_size"": 37, ""min_samples"": 5, ""n_class"": 776, ""n_edges"": 5, ""n_intervals"": 6, ""n_vertices"": 6, ""noise_reassigned"": 712, ""placement"": ""quantile"", ""slabs"": [{""k"": 1, ""n"": 146}, {""k"": 1, ""n"": 161}, {""k"": 1, ""n"": 161}, {""k"": 1, ""n"": 161}, {""k"": 1, ""n"": 161}, {""k"": 1, ""n"": 146}]}, {""constant_lens"": false, ""gain"": 0.25, ""lens"": ""pc1"", ""lens_scaling"": ""standardize"", ""min_cluster_size"": 37, ""min_samples"": 5, ""n_class"": 767, ""n_edges"": 7, ""n_intervals"": 6, ""n_vertices"": 7, ""noise_reassigned"": 572, ""placement"": ""quantile"", ""slabs"": [{""k"": 1, ""n"": 144}, {""k"": 1, ""n"": 160}, {""k"": 1, ""n"": 159}, {""k"": 1, ""n"": 159}, {""k"": 2, ""n"": 160}, {""k"": 1, ""n"": 144}]}, {""constant_lens"": false, ""gain"": 0.25, ""lens"": ""pc1"", ""lens_scaling"": ""standardize"", ""min_cluster_size"": 37, ""min_samples"": 5, ""n_class"": 772, ""n_edges"": 5, ""n_intervals"": 6, ""n_vertices"": 6, ""noise_reassigned"": 659, ""placement"": ""quantile"", ""slabs"": [{""k"": 1, ""n"": 145}, {""k"": 1, ""n"": 161}, {""k"": 1, ""n"": 161}, {""k"": 1, ""n"": 161}, {""k"": 1, ""n"": 161}, {""k"": 1, ""n"": 145}]}, {""constant_lens"": false, ""gain"": 0.25, ""lens"": ""pc1"", ""lens_scaling"": ""standardize"", ""min_cluster_size"": 37, ""min_samples"": 5, ""n_class"": 712, ""n_edges"": 5, ""n_intervals"": 6, ""n_vertices"": 6, ""noise_reassigned"": 632, ""placement"": ""quantile"", ""slabs"": [{""k"": 1, ""n"": 134}, {""k"": 1, ""n"": 148}, {""k"": 1, ""n"": 148}, {""k"": 1, ""n"": 148}, {""k"": 1, ""n"": 148}, {""k"": 1, ""n"": 134}]}, {""constant_lens"": false, ""gain"": 0.25, ""lens"": ""pc1"", ""lens_scaling"": ""standardize"", ""min_cluster_size"": 37, ""min_samples"": 5, ""n_class"": 773, ""n_edges"": 5, ""n_intervals"": 6, ""n_vertices"": 6, ""noise_reassigned"": 705, ""placement"": ""quantile"", ""slabs"": [{""k"": 1, ""n"": 145}, {""k"": 1, ""n"": 161}, {""k"": 1, ""n"": 161}, {""k"": 1, ""n"": 161}, {""k"": 1, ""n"": 161}, {""k"": 1, ""n"": 145}]}, {""constant_lens"": false, ""gain"": 0.25, ""lens"": ""pc1"", ""lens_scaling"": ""standardize"", ""min_cluster_size"": 37, ""min_samples"": 5, ""n_class"": 712, ""n_edges"": 5, ""n_intervals"": 6, ""n_vertices"": 7, ""noise_reassigned"": 363, ""placement"": ""quantile"", ""slabs"": [{""k"": 1, ""n"": 134}, {""k"": 1, ""n"": 148}, {""k"": 1, ""n"": 148}, {""k"": 2, ""n"": 148}, {""k"": 1, ""n"": 148}, {""k"": 1, ""n"": 134}]}, {""constant_lens"": false, ""gain"": 0.25, ""lens"": ""pc1"", ""lens_scaling"": ""standardize"", ""min_cluster_size"": 37, ""min_samples"": 5, ""n_class"": 713, ""n_edges"": 5, ""n_intervals"": 6, ""n_vertices"": 6, ""noise_reassigned"": 630, ""placement"": ""quantile"", ""slabs"": [{""k"": 1, ""n"": 134}, {""k"": 1, ""n"": 149}, {""k"": 1, ""n"": 148}, {""k"": 1, ""n"": 148}, {""k"": 1, ""n"": 149}, {""k"": 1, ""n"": 134}]}, {""constant_lens"": false, ""gain"": 0.25, ""lens"": ""pc1"", ""lens_scaling"": ""standardize"", ""min_cluster_size"": 37, ""min_samples"": 5, ""n_class"": 773, ""n_edges"": 5, ""n_intervals"": 6, ""n_vertices"": 6, ""noise_reassigned"": 603, ""placement"": ""quantile"", ""slabs"": [{""k"": 1, ""n"": 145}, {""k"": 1, ""n"": 161}, {""k"": 1, ""n"": 161}, {""k"": 1, ""n"": 161}, {""k"": 1, ""n"": 161}, {""k"": 1, ""n"": 145}]}, {""constant_lens"": false, ""gain"": 0.25, ""lens"": ""pc1"", ""lens_scaling"": ""standardize"", ""min_cluster_size"": 37, ""min_samples"": 5, ""n_class"": 712, ""n_edges"": 5, ""n_intervals"": 6, ""n_vertices"": 6, ""noise_reassigned"": 643, ""placement"": ""uniform"", ""slabs"": [{""k"": 1, ""n"": 161}, {""k"": 1, ""n"": 183}, {""k"": 1, ""n"": 136}, {""k"": 1, ""n"": 88}, {""k"": 1, ""n"": 140}, {""k"": 1, ""n"": 160}]}, {""constant_lens"": false, ""gain"": 0.25, ""lens"": ""pc1"", ""lens_scaling"": ""standardize"", ""min_cluster_size"": 37, ""min_samples"": 5, ""n_class"": 709, ""n_edges"": 5, ""n_intervals"": 6, ""n_vertices"": 6, ""noise_reassigned"": 447, ""placement"": ""quantile"", ""slabs"": [{""k"": 1, ""n"": 133}, {""k"": 1, ""n"": 147}, {""k"": 1, ""n"": 147}, {""k"": 1, ""n"": 147}, {""k"": 1, ""n"": 147}, {""k"": 1, ""n"": 133}]}], ""soundness_bound_holds"": true, ""step_rule"": ""scale_free"", ""topology_retention_nerve_to_frozen"": {""beta0_frozen"": 17, ""beta0_nerve"": 11, ""beta1_frozen"": 1, ""beta1_nerve"": 1}}",True
0.9863636363636363,495,False,0.050040436716538614,0.05,,6.490211000025738,121.76735700003337,115.27714600000763,penbased,4,"{""epsilon"": 0.1, ""window"": 0.3}",LVQ3,10,495,1100,9892,0.9499595632834614,2060206370,False,,True
0.9836363636363636,495,False,0.050040436716538614,0.05,"{""0"": 52, ""1"": 51, ""2"": 52, ""3"": 47, ""4"": 52, ""5"": 47, ""6"": 48, ""7"": 52, ""8"": 47, ""9"": 47}",5.111463000008371,5.111463000008371,0.0,penbased,4,,KMeans,10,495,1100,9892,0.9499595632834614,2060206370,False,,True
0.9581818181818181,495,False,0.050040436716538614,0.05,"{""0"": 52, ""1"": 51, ""2"": 52, ""3"": 47, ""4"": 52, ""5"": 47, ""6"": 48, ""7"": 52, ""8"": 47, ""9"": 47}",0.0027959999861195683,0.0027959999861195683,0.0,penbased,4,,Random,10,495,1100,9892,0.9499595632834614,2060206370,False,,True
0.9790909090909091,495,False,0.050040436716538614,0.05,,3.0349960000021383,3.0349960000021383,0.0,penbased,4,,SPOT,10,495,1100,9892,0.9499595632834614,2060206370,False,,True
0.9381818181818182,495,False,0.050040436716538614,0.05,,107.48046500000055,107.48046500000055,0.0,penbased,4,,GLVQ,10,495,1100,9892,0.9499595632834614,2060206370,False,,True
0.9854545454545455,495,False,0.050040436716538614,0.05,,5.035803000006126,5.035803000006126,0.0,penbased,4,,GNG,10,495,1100,9892,0.9499595632834614,2060206370,False,,True
0.9890909090909091,989,False,0.09997978164173069,0.1,,0.0014089999895077199,0.0014089999895077199,0.0,penbased,4,,Full,10,9892,1100,9892,0.0,2060206370,True,,False
0.9854545454545455,989,False,0.09997978164173069,0.1,,2.6452839999983553,2.6452839999983553,0.0,penbased,4,,RSP3,10,1015,1100,9892,0.8973918317832592,2060206370,True,,False
0.98,989,False,0.09997978164173069,0.1,,1.1115590000117663,1.1115590000117663,0.0,penbased,4,,RHC,10,325,1100,9892,0.9671451678123736,2060206370,True,,False
0.9772727272727273,989,False,0.09997978164173069,0.1,,20.144189999991795,20.144189999991795,0.0,penbased,4,,SPINE+1NN,10,989,1100,9892,0.9000202183582693,2060206370,False,"{""admission"": {""criterion"": ""risk"", ""removed_risk"": 6, ""removed_support"": 0}, ""betti_final"": [[2, 0], [2, 1], [1, 0], [1, 0], [1, 0], [3, 0], [1, 0], [3, 0], [1, 0], [2, 0]], ""betti_frozen"": [[2, 0], [2, 1], [1, 0], [1, 0], [1, 0], [3, 0], [1, 0], [3, 0], [1, 0], [2, 0]], ""betti_nerve"": [[1, 0], [1, 1], [1, 0], [1, 0], [1, 0], [2, 0], [1, 0], [1, 0], [1, 0], [1, 0]], ""boundary_restriction"": ""both"", ""forced_removals"": 0, ""growth_representation_fallbacks"": 987, ""invariant_held"": true, ""n_segments"": 973, ""n_train_fit"": 7419, ""n_val"": 2473, ""phase0"": [{""constant_lens"": false, ""gain"": 0.25, ""lens"": ""pc1"", ""lens_scaling"": ""standardize"", ""min_cluster_size"": 37, ""min_samples"": 5, ""n_class"": 776, ""n_edges"": 5, ""n_intervals"": 6, ""n_vertices"": 6, ""noise_reassigned"": 712, ""placement"": ""quantile"", ""slabs"": [{""k"": 1, ""n"": 146}, {""k"": 1, ""n"": 161}, {""k"": 1, ""n"": 161}, {""k"": 1, ""n"": 161}, {""k"": 1, ""n"": 161}, {""k"": 1, ""n"": 146}]}, {""constant_lens"": false, ""gain"": 0.25, ""lens"": ""pc1"", ""lens_scaling"": ""standardize"", ""min_cluster_size"": 37, ""min_samples"": 5, ""n_class"": 767, ""n_edges"": 7, ""n_intervals"": 6, ""n_vertices"": 7, ""noise_reassigned"": 572, ""placement"": ""quantile"", ""slabs"": [{""k"": 1, ""n"": 144}, {""k"": 1, ""n"": 160}, {""k"": 1, ""n"": 159}, {""k"": 1, ""n"": 159}, {""k"": 2, ""n"": 160}, {""k"": 1, ""n"": 144}]}, {""constant_lens"": false, ""gain"": 0.25, ""lens"": ""pc1"", ""lens_scaling"": ""standardize"", ""min_cluster_size"": 37, ""min_samples"": 5, ""n_class"": 772, ""n_edges"": 5, ""n_intervals"": 6, ""n_vertices"": 6, ""noise_reassigned"": 659, ""placement"": ""quantile"", ""slabs"": [{""k"": 1, ""n"": 145}, {""k"": 1, ""n"": 161}, {""k"": 1, ""n"": 161}, {""k"": 1, ""n"": 161}, {""k"": 1, ""n"": 161}, {""k"": 1, ""n"": 145}]}, {""constant_lens"": false, ""gain"": 0.25, ""lens"": ""pc1"", ""lens_scaling"": ""standardize"", ""min_cluster_size"": 37, ""min_samples"": 5, ""n_class"": 712, ""n_edges"": 5, ""n_intervals"": 6, ""n_vertices"": 6, ""noise_reassigned"": 632, ""placement"": ""quantile"", ""slabs"": [{""k"": 1, ""n"": 134}, {""k"": 1, ""n"": 148}, {""k"": 1, ""n"": 148}, {""k"": 1, ""n"": 148}, {""k"": 1, ""n"": 148}, {""k"": 1, ""n"": 134}]}, {""constant_lens"": false, ""gain"": 0.25, ""lens"": ""pc1"", ""lens_scaling"": ""standardize"", ""min_cluster_size"": 37, ""min_samples"": 5, ""n_class"": 773, ""n_edges"": 5, ""n_intervals"": 6, ""n_vertices"": 6, ""noise_reassigned"": 705, ""placement"": ""quantile"", ""slabs"": [{""k"": 1, ""n"": 145}, {""k"": 1, ""n"": 161}, {""k"": 1, ""n"": 161}, {""k"": 1, ""n"": 161}, {""k"": 1, ""n"": 161}, {""k"": 1, ""n"": 145}]}, {""constant_lens"": false, ""gain"": 0.25, ""lens"": ""pc1"", ""lens_scaling"": ""standardize"", ""min_cluster_size"": 37, ""min_samples"": 5, ""n_class"": 712, ""n_edges"": 5, ""n_intervals"": 6, ""n_vertices"": 7, ""noise_reassigned"": 363, ""placement"": ""quantile"", ""slabs"": [{""k"": 1, ""n"": 134}, {""k"": 1, ""n"": 148}, {""k"": 1, ""n"": 148}, {""k"": 2, ""n"": 148}, {""k"": 1, ""n"": 148}, {""k"": 1, ""n"": 134}]}, {""constant_lens"": false, ""gain"": 0.25, ""lens"": ""pc1"", ""lens_scaling"": ""standardize"", ""min_cluster_size"": 37, ""min_samples"": 5, ""n_class"": 713, ""n_edges"": 5, ""n_intervals"": 6, ""n_vertices"": 6, ""noise_reassigned"": 630, ""placement"": ""quantile"", ""slabs"": [{""k"": 1, ""n"": 134}, {""k"": 1, ""n"": 149}, {""k"": 1, ""n"": 148}, {""k"": 1, ""n"": 148}, {""k"": 1, ""n"": 149}, {""k"": 1, ""n"": 134}]}, {""constant_lens"": false, ""gain"": 0.25, ""lens"": ""pc1"", ""lens_scaling"": ""standardize"", ""min_cluster_size"": 37, ""min_samples"": 5, ""n_class"": 773, ""n_edges"": 5, ""n_intervals"": 6, ""n_vertices"": 6, ""noise_reassigned"": 603, ""placement"": ""quantile"", ""slabs"": [{""k"": 1, ""n"": 145}, {""k"": 1, ""n"": 161}, {""k"": 1, ""n"": 161}, {""k"": 1, ""n"": 161}, {""k"": 1, ""n"": 161}, {""k"": 1, ""n"": 145}]}, {""constant_lens"": false, ""gain"": 0.25, ""lens"": ""pc1"", ""lens_scaling"": ""standardize"", ""min_cluster_size"": 37, ""min_samples"": 5, ""n_class"": 712, ""n_edges"": 5, ""n_intervals"": 6, ""n_vertices"": 6, ""noise_reassigned"": 643, ""placement"": ""uniform"", ""slabs"": [{""k"": 1, ""n"": 161}, {""k"": 1, ""n"": 183}, {""k"": 1, ""n"": 136}, {""k"": 1, ""n"": 88}, {""k"": 1, ""n"": 140}, {""k"": 1, ""n"": 160}]}, {""constant_lens"": false, ""gain"": 0.25, ""lens"": ""pc1"", ""lens_scaling"": ""standardize"", ""min_cluster_size"": 37, ""min_samples"": 5, ""n_class"": 709, ""n_edges"": 5, ""n_intervals"": 6, ""n_vertices"": 6, ""noise_reassigned"": 447, ""placement"": ""quantile"", ""slabs"": [{""k"": 1, ""n"": 133}, {""k"": 1, ""n"": 147}, {""k"": 1, ""n"": 147}, {""k"": 1, ""n"": 147}, {""k"": 1, ""n"": 147}, {""k"": 1, ""n"": 133}]}], ""soundness_bound_holds"": true, ""step_rule"": ""scale_free"", ""topology_retention_nerve_to_frozen"": {""beta0_frozen"": 17, ""beta0_nerve"": 11, ""beta1_frozen"": 1, ""beta1_nerve"": 1}}",True
0.9790909090909091,989,False,0.09997978164173069,0.1,,20.144189999991795,20.144189999991795,0.0,penbased,4,,SPINE+Graph,10,989,1100,9892,0.9000202183582693,2060206370,False,"{""admission"": {""criterion"": ""risk"", ""removed_risk"": 6, ""removed_support"": 0}, ""betti_final"": [[2, 0], [2, 1], [1, 0], [1, 0], [1, 0], [3, 0], [1, 0], [3, 0], [1, 0], [2, 0]], ""betti_frozen"": [[2, 0], [2, 1], [1, 0], [1, 0], [1, 0], [3, 0], [1, 0], [3, 0], [1, 0], [2, 0]], ""betti_nerve"": [[1, 0], [1, 1], [1, 0], [1, 0], [1, 0], [2, 0], [1, 0], [1, 0], [1, 0], [1, 0]], ""boundary_restriction"": ""both"", ""forced_removals"": 0, ""growth_representation_fallbacks"": 987, ""invariant_held"": true, ""n_segments"": 973, ""n_train_fit"": 7419, ""n_val"": 2473, ""phase0"": [{""constant_lens"": false, ""gain"": 0.25, ""lens"": ""pc1"", ""lens_scaling"": ""standardize"", ""min_cluster_size"": 37, ""min_samples"": 5, ""n_class"": 776, ""n_edges"": 5, ""n_intervals"": 6, ""n_vertices"": 6, ""noise_reassigned"": 712, ""placement"": ""quantile"", ""slabs"": [{""k"": 1, ""n"": 146}, {""k"": 1, ""n"": 161}, {""k"": 1, ""n"": 161}, {""k"": 1, ""n"": 161}, {""k"": 1, ""n"": 161}, {""k"": 1, ""n"": 146}]}, {""constant_lens"": false, ""gain"": 0.25, ""lens"": ""pc1"", ""lens_scaling"": ""standardize"", ""min_cluster_size"": 37, ""min_samples"": 5, ""n_class"": 767, ""n_edges"": 7, ""n_intervals"": 6, ""n_vertices"": 7, ""noise_reassigned"": 572, ""placement"": ""quantile"", ""slabs"": [{""k"": 1, ""n"": 144}, {""k"": 1, ""n"": 160}, {""k"": 1, ""n"": 159}, {""k"": 1, ""n"": 159}, {""k"": 2, ""n"": 160}, {""k"": 1, ""n"": 144}]}, {""constant_lens"": false, ""gain"": 0.25, ""lens"": ""pc1"", ""lens_scaling"": ""standardize"", ""min_cluster_size"": 37, ""min_samples"": 5, ""n_class"": 772, ""n_edges"": 5, ""n_intervals"": 6, ""n_vertices"": 6, ""noise_reassigned"": 659, ""placement"": ""quantile"", ""slabs"": [{""k"": 1, ""n"": 145}, {""k"": 1, ""n"": 161}, {""k"": 1, ""n"": 161}, {""k"": 1, ""n"": 161}, {""k"": 1, ""n"": 161}, {""k"": 1, ""n"": 145}]}, {""constant_lens"": false, ""gain"": 0.25, ""lens"": ""pc1"", ""lens_scaling"": ""standardize"", ""min_cluster_size"": 37, ""min_samples"": 5, ""n_class"": 712, ""n_edges"": 5, ""n_intervals"": 6, ""n_vertices"": 6, ""noise_reassigned"": 632, ""placement"": ""quantile"", ""slabs"": [{""k"": 1, ""n"": 134}, {""k"": 1, ""n"": 148}, {""k"": 1, ""n"": 148}, {""k"": 1, ""n"": 148}, {""k"": 1, ""n"": 148}, {""k"": 1, ""n"": 134}]}, {""constant_lens"": false, ""gain"": 0.25, ""lens"": ""pc1"", ""lens_scaling"": ""standardize"", ""min_cluster_size"": 37, ""min_samples"": 5, ""n_class"": 773, ""n_edges"": 5, ""n_intervals"": 6, ""n_vertices"": 6, ""noise_reassigned"": 705, ""placement"": ""quantile"", ""slabs"": [{""k"": 1, ""n"": 145}, {""k"": 1, ""n"": 161}, {""k"": 1, ""n"": 161}, {""k"": 1, ""n"": 161}, {""k"": 1, ""n"": 161}, {""k"": 1, ""n"": 145}]}, {""constant_lens"": false, ""gain"": 0.25, ""lens"": ""pc1"", ""lens_scaling"": ""standardize"", ""min_cluster_size"": 37, ""min_samples"": 5, ""n_class"": 712, ""n_edges"": 5, ""n_intervals"": 6, ""n_vertices"": 7, ""noise_reassigned"": 363, ""placement"": ""quantile"", ""slabs"": [{""k"": 1, ""n"": 134}, {""k"": 1, ""n"": 148}, {""k"": 1, ""n"": 148}, {""k"": 2, ""n"": 148}, {""k"": 1, ""n"": 148}, {""k"": 1, ""n"": 134}]}, {""constant_lens"": false, ""gain"": 0.25, ""lens"": ""pc1"", ""lens_scaling"": ""standardize"", ""min_cluster_size"": 37, ""min_samples"": 5, ""n_class"": 713, ""n_edges"": 5, ""n_intervals"": 6, ""n_vertices"": 6, ""noise_reassigned"": 630, ""placement"": ""quantile"", ""slabs"": [{""k"": 1, ""n"": 134}, {""k"": 1, ""n"": 149}, {""k"": 1, ""n"": 148}, {""k"": 1, ""n"": 148}, {""k"": 1, ""n"": 149}, {""k"": 1, ""n"": 134}]}, {""constant_lens"": false, ""gain"": 0.25, ""lens"": ""pc1"", ""lens_scaling"": ""standardize"", ""min_cluster_size"": 37, ""min_samples"": 5, ""n_class"": 773, ""n_edges"": 5, ""n_intervals"": 6, ""n_vertices"": 6, ""noise_reassigned"": 603, ""placement"": ""quantile"", ""slabs"": [{""k"": 1, ""n"": 145}, {""k"": 1, ""n"": 161}, {""k"": 1, ""n"": 161}, {""k"": 1, ""n"": 161}, {""k"": 1, ""n"": 161}, {""k"": 1, ""n"": 145}]}, {""constant_lens"": false, ""gain"": 0.25, ""lens"": ""pc1"", ""lens_scaling"": ""standardize"", ""min_cluster_size"": 37, ""min_samples"": 5, ""n_class"": 712, ""n_edges"": 5, ""n_intervals"": 6, ""n_vertices"": 6, ""noise_reassigned"": 643, ""placement"": ""uniform"", ""slabs"": [{""k"": 1, ""n"": 161}, {""k"": 1, ""n"": 183}, {""k"": 1, ""n"": 136}, {""k"": 1, ""n"": 88}, {""k"": 1, ""n"": 140}, {""k"": 1, ""n"": 160}]}, {""constant_lens"": false, ""gain"": 0.25, ""lens"": ""pc1"", ""lens_scaling"": ""standardize"", ""min_cluster_size"": 37, ""min_samples"": 5, ""n_class"": 709, ""n_edges"": 5, ""n_intervals"": 6, ""n_vertices"": 6, ""noise_reassigned"": 447, ""placement"": ""quantile"", ""slabs"": [{""k"": 1, ""n"": 133}, {""k"": 1, ""n"": 147}, {""k"": 1, ""n"": 147}, {""k"": 1, ""n"": 147}, {""k"": 1, ""n"": 147}, {""k"": 1, ""n"": 133}]}], ""soundness_bound_holds"": true, ""step_rule"": ""scale_free"", ""topology_retention_nerve_to_frozen"": {""beta0_frozen"": 17, ""beta0_nerve"": 11, ""beta1_frozen"": 1, ""beta1_nerve"": 1}}",True
0.9881818181818182,989,False,0.09997978164173069,0.1,,10.977317999990191,192.54195199999958,181.5646340000094,penbased,4,"{""epsilon"": 0.1, ""window"": 0.2}",LVQ3,10,989,1100,9892,0.9000202183582693,2060206370,False,,True
0.9872727272727273,989,False,0.09997978164173069,0.1,"{""0"": 103, ""1"": 102, ""2"": 103, ""3"": 95, ""4"": 103, ""5"": 95, ""6"": 95, ""7"": 103, ""8"": 95, ""9"": 95}",7.262749000015901,7.262749000015901,0.0,penbased,4,,KMeans,10,989,1100,9892,0.9000202183582693,2060206370,False,,True
0.9727272727272728,989,False,0.09997978164173069,0.1,"{""0"": 103, ""1"": 102, ""2"": 103, ""3"": 95, ""4"": 103, ""5"": 95, ""6"": 95, ""7"": 103, ""8"": 95, ""9"": 95}",0.0031129999842960387,0.0031129999842960387,0.0,penbased,4,,Random,10,989,1100,9892,0.9000202183582693,2060206370,False,,True
0.9845454545454545,989,False,0.09997978164173069,0.1,,3.3131130000110716,3.3131130000110716,0.0,penbased,4,,SPOT,10,989,1100,9892,0.9000202183582693,2060206370,False,,True
0.9363636363636364,989,False,0.09997978164173069,0.1,,210.946609000006,210.946609000006,0.0,penbased,4,,GLVQ,10,989,1100,9892,0.9000202183582693,2060206370,False,,True
0.9854545454545455,989,False,0.09997978164173069,0.1,,13.451490000006743,13.451490000006743,0.0,penbased,4,,GNG,10,989,1100,9892,0.9000202183582693,2060206370,False,,True
0.9890909090909091,2473,False,0.25,0.25,,0.0014089999895077199,0.0014089999895077199,0.0,penbased,4,,Full,10,9892,1100,9892,0.0,2060206370,True,,False
0.9854545454545455,2473,False,0.25,0.25,,2.6452839999983553,2.6452839999983553,0.0,penbased,4,,RSP3,10,1015,1100,9892,0.8973918317832592,2060206370,True,,False
0.98,2473,False,0.25,0.25,,1.1115590000117663,1.1115590000117663,0.0,penbased,4,,RHC,10,325,1100,9892,0.9671451678123736,2060206370,True,,False
0.9845454545454545,2473,False,0.25,0.25,,65.71052500000224,65.71052500000224,0.0,penbased,4,,SPINE+1NN,10,2473,1100,9892,0.75,2060206370,False,"{""admission"": {""criterion"": ""risk"", ""removed_risk"": 6, ""removed_support"": 0}, ""betti_final"": [[2, 0], [2, 1], [1, 0], [1, 0], [1, 0], [3, 0], [1, 0], [3, 0], [1, 0], [2, 0]], ""betti_frozen"": [[2, 0], [2, 1], [1, 0], [1, 0], [1, 0], [3, 0], [1, 0], [3, 0], [1, 0], [2, 0]], ""betti_nerve"": [[1, 0], [1, 1], [1, 0], [1, 0], [1, 0], [2, 0], [1, 0], [1, 0], [1, 0], [1, 0]], ""boundary_restriction"": ""both"", ""forced_removals"": 0, ""growth_representation_fallbacks"": 2774, ""invariant_held"": true, ""n_segments"": 2457, ""n_train_fit"": 7419, ""n_val"": 2473, ""phase0"": [{""constant_lens"": false, ""gain"": 0.25, ""lens"": ""pc1"", ""lens_scaling"": ""standardize"", ""min_cluster_size"": 37, ""min_samples"": 5, ""n_class"": 776, ""n_edges"": 5, ""n_intervals"": 6, ""n_vertices"": 6, ""noise_reassigned"": 712, ""placement"": ""quantile"", ""slabs"": [{""k"": 1, ""n"": 146}, {""k"": 1, ""n"": 161}, {""k"": 1, ""n"": 161}, {""k"": 1, ""n"": 161}, {""k"": 1, ""n"": 161}, {""k"": 1, ""n"": 146}]}, {""constant_lens"": false, ""gain"": 0.25, ""lens"": ""pc1"", ""lens_scaling"": ""standardize"", ""min_cluster_size"": 37, ""min_samples"": 5, ""n_class"": 767, ""n_edges"": 7, ""n_intervals"": 6, ""n_vertices"": 7, ""noise_reassigned"": 572, ""placement"": ""quantile"", ""slabs"": [{""k"": 1, ""n"": 144}, {""k"": 1, ""n"": 160}, {""k"": 1, ""n"": 159}, {""k"": 1, ""n"": 159}, {""k"": 2, ""n"": 160}, {""k"": 1, ""n"": 144}]}, {""constant_lens"": false, ""gain"": 0.25, ""lens"": ""pc1"", ""lens_scaling"": ""standardize"", ""min_cluster_size"": 37, ""min_samples"": 5, ""n_class"": 772, ""n_edges"": 5, ""n_intervals"": 6, ""n_vertices"": 6, ""noise_reassigned"": 659, ""placement"": ""quantile"", ""slabs"": [{""k"": 1, ""n"": 145}, {""k"": 1, ""n"": 161}, {""k"": 1, ""n"": 161}, {""k"": 1, ""n"": 161}, {""k"": 1, ""n"": 161}, {""k"": 1, ""n"": 145}]}, {""constant_lens"": false, ""gain"": 0.25, ""lens"": ""pc1"", ""lens_scaling"": ""standardize"", ""min_cluster_size"": 37, ""min_samples"": 5, ""n_class"": 712, ""n_edges"": 5, ""n_intervals"": 6, ""n_vertices"": 6, ""noise_reassigned"": 632, ""placement"": ""quantile"", ""slabs"": [{""k"": 1, ""n"": 134}, {""k"": 1, ""n"": 148}, {""k"": 1, ""n"": 148}, {""k"": 1, ""n"": 148}, {""k"": 1, ""n"": 148}, {""k"": 1, ""n"": 134}]}, {""constant_lens"": false, ""gain"": 0.25, ""lens"": ""pc1"", ""lens_scaling"": ""standardize"", ""min_cluster_size"": 37, ""min_samples"": 5, ""n_class"": 773, ""n_edges"": 5, ""n_intervals"": 6, ""n_vertices"": 6, ""noise_reassigned"": 705, ""placement"": ""quantile"", ""slabs"": [{""k"": 1, ""n"": 145}, {""k"": 1, ""n"": 161}, {""k"": 1, ""n"": 161}, {""k"": 1, ""n"": 161}, {""k"": 1, ""n"": 161}, {""k"": 1, ""n"": 145}]}, {""constant_lens"": false, ""gain"": 0.25, ""lens"": ""pc1"", ""lens_scaling"": ""standardize"", ""min_cluster_size"": 37, ""min_samples"": 5, ""n_class"": 712, ""n_edges"": 5, ""n_intervals"": 6, ""n_vertices"": 7, ""noise_reassigned"": 363, ""placement"": ""quantile"", ""slabs"": [{""k"": 1, ""n"": 134}, {""k"": 1, ""n"": 148}, {""k"": 1, ""n"": 148}, {""k"": 2, ""n"": 148}, {""k"": 1, ""n"": 148}, {""k"": 1, ""n"": 134}]}, {""constant_lens"": false, ""gain"": 0.25, ""lens"": ""pc1"", ""lens_scaling"": ""standardize"", ""min_cluster_size"": 37, ""min_samples"": 5, ""n_class"": 713, ""n_edges"": 5, ""n_intervals"": 6, ""n_vertices"": 6, ""noise_reassigned"": 630, ""placement"": ""quantile"", ""slabs"": [{""k"": 1, ""n"": 134}, {""k"": 1, ""n"": 149}, {""k"": 1, ""n"": 148}, {""k"": 1, ""n"": 148}, {""k"": 1, ""n"": 149}, {""k"": 1, ""n"": 134}]}, {""constant_lens"": false, ""gain"": 0.25, ""lens"": ""pc1"", ""lens_scaling"": ""standardize"", ""min_cluster_size"": 37, ""min_samples"": 5, ""n_class"": 773, ""n_edges"": 5, ""n_intervals"": 6, ""n_vertices"": 6, ""noise_reassigned"": 603, ""placement"": ""quantile"", ""slabs"": [{""k"": 1, ""n"": 145}, {""k"": 1, ""n"": 161}, {""k"": 1, ""n"": 161}, {""k"": 1, ""n"": 161}, {""k"": 1, ""n"": 161}, {""k"": 1, ""n"": 145}]}, {""constant_lens"": false, ""gain"": 0.25, ""lens"": ""pc1"", ""lens_scaling"": ""standardize"", ""min_cluster_size"": 37, ""min_samples"": 5, ""n_class"": 712, ""n_edges"": 5, ""n_intervals"": 6, ""n_vertices"": 6, ""noise_reassigned"": 643, ""placement"": ""uniform"", ""slabs"": [{""k"": 1, ""n"": 161}, {""k"": 1, ""n"": 183}, {""k"": 1, ""n"": 136}, {""k"": 1, ""n"": 88}, {""k"": 1, ""n"": 140}, {""k"": 1, ""n"": 160}]}, {""constant_lens"": false, ""gain"": 0.25, ""lens"": ""pc1"", ""lens_scaling"": ""standardize"", ""min_cluster_size"": 37, ""min_samples"": 5, ""n_class"": 709, ""n_edges"": 5, ""n_intervals"": 6, ""n_vertices"": 6, ""noise_reassigned"": 447, ""placement"": ""quantile"", ""slabs"": [{""k"": 1, ""n"": 133}, {""k"": 1, ""n"": 147}, {""k"": 1, ""n"": 147}, {""k"": 1, ""n"": 147}, {""k"": 1, ""n"": 147}, {""k"": 1, ""n"": 133}]}], ""soundness_bound_holds"": true, ""step_rule"": ""scale_free"", ""topology_retention_nerve_to_frozen"": {""beta0_frozen"": 17, ""beta0_nerve"": 11, ""beta1_frozen"": 1, ""beta1_nerve"": 1}}",True
0.9836363636363636,2473,False,0.25,0.25,,65.71052500000224,65.71052500000224,0.0,penbased,4,,SPINE+Graph,10,2473,1100,9892,0.75,2060206370,False,"{""admission"": {""criterion"": ""risk"", ""removed_risk"": 6, ""removed_support"": 0}, ""betti_final"": [[2, 0], [2, 1], [1, 0], [1, 0], [1, 0], [3, 0], [1, 0], [3, 0], [1, 0], [2, 0]], ""betti_frozen"": [[2, 0], [2, 1], [1, 0], [1, 0], [1, 0], [3, 0], [1, 0], [3, 0], [1, 0], [2, 0]], ""betti_nerve"": [[1, 0], [1, 1], [1, 0], [1, 0], [1, 0], [2, 0], [1, 0], [1, 0], [1, 0], [1, 0]], ""boundary_restriction"": ""both"", ""forced_removals"": 0, ""growth_representation_fallbacks"": 2774, ""invariant_held"": true, ""n_segments"": 2457, ""n_train_fit"": 7419, ""n_val"": 2473, ""phase0"": [{""constant_lens"": false, ""gain"": 0.25, ""lens"": ""pc1"", ""lens_scaling"": ""standardize"", ""min_cluster_size"": 37, ""min_samples"": 5, ""n_class"": 776, ""n_edges"": 5, ""n_intervals"": 6, ""n_vertices"": 6, ""noise_reassigned"": 712, ""placement"": ""quantile"", ""slabs"": [{""k"": 1, ""n"": 146}, {""k"": 1, ""n"": 161}, {""k"": 1, ""n"": 161}, {""k"": 1, ""n"": 161}, {""k"": 1, ""n"": 161}, {""k"": 1, ""n"": 146}]}, {""constant_lens"": false, ""gain"": 0.25, ""lens"": ""pc1"", ""lens_scaling"": ""standardize"", ""min_cluster_size"": 37, ""min_samples"": 5, ""n_class"": 767, ""n_edges"": 7, ""n_intervals"": 6, ""n_vertices"": 7, ""noise_reassigned"": 572, ""placement"": ""quantile"", ""slabs"": [{""k"": 1, ""n"": 144}, {""k"": 1, ""n"": 160}, {""k"": 1, ""n"": 159}, {""k"": 1, ""n"": 159}, {""k"": 2, ""n"": 160}, {""k"": 1, ""n"": 144}]}, {""constant_lens"": false, ""gain"": 0.25, ""lens"": ""pc1"", ""lens_scaling"": ""standardize"", ""min_cluster_size"": 37, ""min_samples"": 5, ""n_class"": 772, ""n_edges"": 5, ""n_intervals"": 6, ""n_vertices"": 6, ""noise_reassigned"": 659, ""placement"": ""quantile"", ""slabs"": [{""k"": 1, ""n"": 145}, {""k"": 1, ""n"": 161}, {""k"": 1, ""n"": 161}, {""k"": 1, ""n"": 161}, {""k"": 1, ""n"": 161}, {""k"": 1, ""n"": 145}]}, {""constant_lens"": false, ""gain"": 0.25, ""lens"": ""pc1"", ""lens_scaling"": ""standardize"", ""min_cluster_size"": 37, ""min_samples"": 5, ""n_class"": 712, ""n_edges"": 5, ""n_intervals"": 6, ""n_vertices"": 6, ""noise_reassigned"": 632, ""placement"": ""quantile"", ""slabs"": [{""k"": 1, ""n"": 134}, {""k"": 1, ""n"": 148}, {""k"": 1, ""n"": 148}, {""k"": 1, ""n"": 148}, {""k"": 1, ""n"": 148}, {""k"": 1, ""n"": 134}]}, {""constant_lens"": false, ""gain"": 0.25, ""lens"": ""pc1"", ""lens_scaling"": ""standardize"", ""min_cluster_size"": 37, ""min_samples"": 5, ""n_class"": 773, ""n_edges"": 5, ""n_intervals"": 6, ""n_vertices"": 6, ""noise_reassigned"": 705, ""placement"": ""quantile"", ""slabs"": [{""k"": 1, ""n"": 145}, {""k"": 1, ""n"": 161}, {""k"": 1, ""n"": 161}, {""k"": 1, ""n"": 161}, {""k"": 1, ""n"": 161}, {""k"": 1, ""n"": 145}]}, {""constant_lens"": false, ""gain"": 0.25, ""lens"": ""pc1"", ""lens_scaling"": ""standardize"", ""min_cluster_size"": 37, ""min_samples"": 5, ""n_class"": 712, ""n_edges"": 5, ""n_intervals"": 6, ""n_vertices"": 7, ""noise_reassigned"": 363, ""placement"": ""quantile"", ""slabs"": [{""k"": 1, ""n"": 134}, {""k"": 1, ""n"": 148}, {""k"": 1, ""n"": 148}, {""k"": 2, ""n"": 148}, {""k"": 1, ""n"": 148}, {""k"": 1, ""n"": 134}]}, {""constant_lens"": false, ""gain"": 0.25, ""lens"": ""pc1"", ""lens_scaling"": ""standardize"", ""min_cluster_size"": 37, ""min_samples"": 5, ""n_class"": 713, ""n_edges"": 5, ""n_intervals"": 6, ""n_vertices"": 6, ""noise_reassigned"": 630, ""placement"": ""quantile"", ""slabs"": [{""k"": 1, ""n"": 134}, {""k"": 1, ""n"": 149}, {""k"": 1, ""n"": 148}, {""k"": 1, ""n"": 148}, {""k"": 1, ""n"": 149}, {""k"": 1, ""n"": 134}]}, {""constant_lens"": false, ""gain"": 0.25, ""lens"": ""pc1"", ""lens_scaling"": ""standardize"", ""min_cluster_size"": 37, ""min_samples"": 5, ""n_class"": 773, ""n_edges"": 5, ""n_intervals"": 6, ""n_vertices"": 6, ""noise_reassigned"": 603, ""placement"": ""quantile"", ""slabs"": [{""k"": 1, ""n"": 145}, {""k"": 1, ""n"": 161}, {""k"": 1, ""n"": 161}, {""k"": 1, ""n"": 161}, {""k"": 1, ""n"": 161}, {""k"": 1, ""n"": 145}]}, {""constant_lens"": false, ""gain"": 0.25, ""lens"": ""pc1"", ""lens_scaling"": ""standardize"", ""min_cluster_size"": 37, ""min_samples"": 5, ""n_class"": 712, ""n_edges"": 5, ""n_intervals"": 6, ""n_vertices"": 6, ""noise_reassigned"": 643, ""placement"": ""uniform"", ""slabs"": [{""k"": 1, ""n"": 161}, {""k"": 1, ""n"": 183}, {""k"": 1, ""n"": 136}, {""k"": 1, ""n"": 88}, {""k"": 1, ""n"": 140}, {""k"": 1, ""n"": 160}]}, {""constant_lens"": false, ""gain"": 0.25, ""lens"": ""pc1"", ""lens_scaling"": ""standardize"", ""min_cluster_size"": 37, ""min_samples"": 5, ""n_class"": 709, ""n_edges"": 5, ""n_intervals"": 6, ""n_vertices"": 6, ""noise_reassigned"": 447, ""placement"": ""quantile"", ""slabs"": [{""k"": 1, ""n"": 133}, {""k"": 1, ""n"": 147}, {""k"": 1, ""n"": 147}, {""k"": 1, ""n"": 147}, {""k"": 1, ""n"": 147}, {""k"": 1, ""n"": 133}]}], ""soundness_bound_holds"": true, ""step_rule"": ""scale_free"", ""topology_retention_nerve_to_frozen"": {""beta0_frozen"": 17, ""beta0_nerve"": 11, ""beta1_frozen"": 1, ""beta1_nerve"": 1}}",True
0.9872727272727273,2473,False,0.25,0.25,,25.02678499999456,441.75738599998294,416.7306009999884,penbased,4,"{""epsilon"": 0.1, ""window"": 0.3}",LVQ3,10,2473,1100,9892,0.75,2060206370,False,,True
0.9890909090909091,2473,False,0.25,0.25,"{""0"": 259, ""1"": 256, ""2"": 258, ""3"": 237, ""4"": 257, ""5"": 237, ""6"": 238, ""7"": 258, ""8"": 237, ""9"": 236}",14.807355000026291,14.807355000026291,0.0,penbased,4,,KMeans,10,2473,1100,9892,0.75,2060206370,False,,True
0.9845454545454545,2473,False,0.25,0.25,"{""0"": 259, ""1"": 256, ""2"": 258, ""3"": 237, ""4"": 257, ""5"": 237, ""6"": 238, ""7"": 258, ""8"": 237, ""9"": 236}",0.0037699999811593443,0.0037699999811593443,0.0,penbased,4,,Random,10,2473,1100,9892,0.75,2060206370,False,,True
0.99,2473,False,0.25,0.25,,3.3104440000024624,3.3104440000024624,0.0,penbased,4,,SPOT,10,2473,1100,9892,0.75,2060206370,False,,True
0.9372727272727273,2473,False,0.25,0.25,,518.9127100000042,518.9127100000042,0.0,penbased,4,,GLVQ,10,2473,1100,9892,0.75,2060206370,False,,True
0.9854545454545455,2473,False,0.25,0.25,,63.06939499999862,63.06939499999862,0.0,penbased,4,,GNG,10,2473,1100,9892,0.75,2060206370,False,,True
0.9945255474452555,49,False,0.004951495553759094,0.005,,0.0011670000094454736,0.0011670000094454736,0.0,penbased,5,,Full,10,9896,1096,9896,0.0,2061206373,False,,False
0.9890510948905109,49,False,0.004951495553759094,0.005,,2.4115210000018124,2.4115210000018124,0.0,penbased,5,,RSP3,10,997,1096,9896,0.8992522231204527,2061206373,False,,False
0.9835766423357665,49,False,0.004951495553759094,0.005,,1.2078239999827929,1.2078239999827929,0.0,penbased,5,,RHC,10,337,1096,9896,0.9659458367016976,2061206373,False,,False
0.9251824817518248,49,False,0.004951495553759094,0.005,,6.006024000002071,6.006024000002071,0.0,penbased,5,,SPINE+1NN,10,49,1096,9896,0.9950485044462409,2061206373,False,"{""admission"": {""criterion"": ""risk"", ""removed_risk"": 3, ""removed_support"": 0}, ""betti_final"": [[2, 0], [1, 1], [2, 0], [1, 0], [1, 0], [2, 0], [1, 0], [1, 0], [1, 0], [2, 0]], ""betti_frozen"": [[2, 0], [1, 1], [2, 0], [1, 0], [1, 0], [2, 0], [1, 0], [1, 0], [1, 0], [2, 0]], ""betti_nerve"": [[1, 0], [1, 1], [1, 0], [1, 0], [1, 0], [2, 0], [1, 0], [1, 0], [1, 0], [1, 0]], ""boundary_restriction"": ""both"", ""forced_removals"": 0, ""growth_representation_fallbacks"": 0, ""invariant_held"": true, ""n_segments"": 36, ""n_train_fit"": 7422, ""n_val"": 2474, ""phase0"": [{""constant_lens"": false, ""gain"": 0.25, ""lens"": ""pc1"", ""lens_scaling"": ""standardize"", ""min_cluster_size"": 37, ""min_samples"": 5, ""n_class"": 771, ""n_edges"": 5, ""n_intervals"": 6, ""n_vertices"": 6, ""noise_reassigned"": 707, ""placement"": ""quantile"", ""slabs"": [{""k"": 1, ""n"": 145}, {""k"": 1, ""n"": 160}, {""k"": 1, ""n"": 161}, {""k"": 1, ""n"": 161}, {""k"": 1, ""n"": 160}, {""k"": 1, ""n"": 145}]}, {""constant_lens"": false, ""gain"": 0.25, ""lens"": ""pc1"", ""lens_scaling"": ""standardize"", ""min_cluster_size"": 37, ""min_samples"": 5, ""n_class"": 772, ""n_edges"": 7, ""n_intervals"": 6, ""n_vertices"": 7, ""noise_reassigned"": 568, ""placement"": ""uniform"", ""slabs"": [{""k"": 1, ""n"": 108}, {""k"": 1, ""n"": 306}, {""k"": 1, ""n"": 120}, {""k"": 1, ""n"": 75}, {""k"": 2, ""n"": 190}, {""k"": 1, ""n"": 149}]}, {""constant_lens"": false, ""gain"": 0.25, ""lens"": ""pc1"", ""lens_scaling"": ""standardize"", ""min_cluster_size"": 37, ""min_samples"": 5, ""n_class"": 772, ""n_edges"": 5, ""n_intervals"": 6, ""n_vertices"": 6, ""noise_reassigned"": 680, ""placement"": ""quantile"", ""slabs"": [{""k"": 1, ""n"": 145}, {""k"": 1, ""n"": 161}, {""k"": 1, ""n"": 161}, {""k"": 1, ""n"": 161}, {""k"": 1, ""n"": 161}, {""k"": 1, ""n"": 145}]}, {""constant_lens"": false, ""gain"": 0.25, ""lens"": ""pc1"", ""lens_scaling"": ""standardize"", ""min_cluster_size"": 37, ""min_samples"": 5, ""n_class"": 715, ""n_edges"": 5, ""n_intervals"": 6, ""n_vertices"": 6, ""noise_reassigned"": 631, ""placement"": ""quantile"", ""slabs"": [{""k"": 1, ""n"": 134}, {""k"": 1, ""n"": 148}, {""k"": 1, ""n"": 148}, {""k"": 1, ""n"": 148}, {""k"": 1, ""n"": 148}, {""k"": 1, ""n"": 134}]}, {""constant_lens"": false, ""gain"": 0.25, ""lens"": ""pc1"", ""lens_scaling"": ""standardize"", ""min_cluster_size"": 37, ""min_samples"": 5, ""n_class"": 769, ""n_edges"": 5, ""n_intervals"": 6, ""n_vertices"": 6, ""noise_reassigned"": 701, ""placement"": ""quantile"", ""slabs"": [{""k"": 1, ""n"": 145}, {""k"": 1, ""n"": 160}, {""k"": 1, ""n"": 160}, {""k"": 1, ""n"": 160}, {""k"": 1, ""n"": 161}, {""k"": 1, ""n"": 145}]}, {""constant_lens"": false, ""gain"": 0.25, ""lens"": ""pc1"", ""lens_scaling"": ""standardize"", ""min_cluster_size"": 37, ""min_samples"": 5, ""n_class"": 712, ""n_edges"": 5, ""n_intervals"": 6, ""n_vertices"": 7, ""noise_reassigned"": 342, ""placement"": ""quantile"", ""slabs"": [{""k"": 1, ""n"": 134}, {""k"": 1, ""n"": 148}, {""k"": 1, ""n"": 148}, {""k"": 2, ""n"": 148}, {""k"": 1, ""n"": 148}, {""k"": 1, ""n"": 134}]}, {""constant_lens"": false, ""gain"": 0.25, ""lens"": ""pc1"", ""lens_scaling"": ""standardize"", ""min_cluster_size"": 37, ""min_samples"": 5, ""n_class"": 713, ""n_edges"": 5, ""n_intervals"": 6, ""n_vertices"": 6, ""noise_reassigned"": 638, ""placement"": ""quantile"", ""slabs"": [{""k"": 1, ""n"": 134}, {""k"": 1, ""n"": 149}, {""k"": 1, ""n"": 148}, {""k"": 1, ""n"": 148}, {""k"": 1, ""n"": 149}, {""k"": 1, ""n"": 134}]}, {""constant_lens"": false, ""gain"": 0.25, ""lens"": ""pc1"", ""lens_scaling"": ""standardize"", ""min_cluster_size"": 37, ""min_samples"": 5, ""n_class"": 770, ""n_edges"": 5, ""n_intervals"": 6, ""n_vertices"": 6, ""noise_reassigned"": 600, ""placement"": ""quantile"", ""slabs"": [{""k"": 1, ""n"": 145}, {""k"": 1, ""n"": 160}, {""k"": 1, ""n"": 160}, {""k"": 1, ""n"": 160}, {""k"": 1, ""n"": 160}, {""k"": 1, ""n"": 145}]}, {""constant_lens"": false, ""gain"": 0.25, ""lens"": ""pc1"", ""lens_scaling"": ""standardize"", ""min_cluster_size"": 37, ""min_samples"": 5, ""n_class"": 713, ""n_edges"": 5, ""n_intervals"": 6, ""n_vertices"": 6, ""noise_reassigned"": 513, ""placement"": ""uniform"", ""slabs"": [{""k"": 1, ""n"": 188}, {""k"": 1, ""n"": 171}, {""k"": 1, ""n"": 130}, {""k"": 1, ""n"": 81}, {""k"": 1, ""n"": 132}, {""k"": 1, ""n"": 165}]}, {""constant_lens"": false, ""gain"": 0.25, ""lens"": ""pc1"", ""lens_scaling"": ""standardize"", ""min_cluster_size"": 37, ""min_samples"": 5, ""n_class"": 715, ""n_edges"": 5, ""n_intervals"": 6, ""n_vertices"": 6, ""noise_reassigned"": 480, ""placement"": ""quantile"", ""slabs"": [{""k"": 1, ""n"": 134}, {""k"": 1, ""n"": 148}, {""k"": 1, ""n"": 148}, {""k"": 1, ""n"": 148}, {""k"": 1, ""n"": 148}, {""k"": 1, ""n"": 134}]}], ""soundness_bound_holds"": true, ""step_rule"": ""scale_free"", ""topology_retention_nerve_to_frozen"": {""beta0_frozen"": 14, ""beta0_nerve"": 11, ""beta1_frozen"": 1, ""beta1_nerve"": 1}}",True
0.9507299270072993,49,False,0.004951495553759094,0.005,,6.006024000002071,6.006024000002071,0.0,penbased,5,,SPINE+Graph,10,49,1096,9896,0.9950485044462409,2061206373,False,"{""admission"": {""criterion"": ""risk"", ""removed_risk"": 3, ""removed_support"": 0}, ""betti_final"": [[2, 0], [1, 1], [2, 0], [1, 0], [1, 0], [2, 0], [1, 0], [1, 0], [1, 0], [2, 0]], ""betti_frozen"": [[2, 0], [1, 1], [2, 0], [1, 0], [1, 0], [2, 0], [1, 0], [1, 0], [1, 0], [2, 0]], ""betti_nerve"": [[1, 0], [1, 1], [1, 0], [1, 0], [1, 0], [2, 0], [1, 0], [1, 0], [1, 0], [1, 0]], ""boundary_restriction"": ""both"", ""forced_removals"": 0, ""growth_representation_fallbacks"": 0, ""invariant_held"": true, ""n_segments"": 36, ""n_train_fit"": 7422, ""n_val"": 2474, ""phase0"": [{""constant_lens"": false, ""gain"": 0.25, ""lens"": ""pc1"", ""lens_scaling"": ""standardize"", ""min_cluster_size"": 37, ""min_samples"": 5, ""n_class"": 771, ""n_edges"": 5, ""n_intervals"": 6, ""n_vertices"": 6, ""noise_reassigned"": 707, ""placement"": ""quantile"", ""slabs"": [{""k"": 1, ""n"": 145}, {""k"": 1, ""n"": 160}, {""k"": 1, ""n"": 161}, {""k"": 1, ""n"": 161}, {""k"": 1, ""n"": 160}, {""k"": 1, ""n"": 145}]}, {""constant_lens"": false, ""gain"": 0.25, ""lens"": ""pc1"", ""lens_scaling"": ""standardize"", ""min_cluster_size"": 37, ""min_samples"": 5, ""n_class"": 772, ""n_edges"": 7, ""n_intervals"": 6, ""n_vertices"": 7, ""noise_reassigned"": 568, ""placement"": ""uniform"", ""slabs"": [{""k"": 1, ""n"": 108}, {""k"": 1, ""n"": 306}, {""k"": 1, ""n"": 120}, {""k"": 1, ""n"": 75}, {""k"": 2, ""n"": 190}, {""k"": 1, ""n"": 149}]}, {""constant_lens"": false, ""gain"": 0.25, ""lens"": ""pc1"", ""lens_scaling"": ""standardize"", ""min_cluster_size"": 37, ""min_samples"": 5, ""n_class"": 772, ""n_edges"": 5, ""n_intervals"": 6, ""n_vertices"": 6, ""noise_reassigned"": 680, ""placement"": ""quantile"", ""slabs"": [{""k"": 1, ""n"": 145}, {""k"": 1, ""n"": 161}, {""k"": 1, ""n"": 161}, {""k"": 1, ""n"": 161}, {""k"": 1, ""n"": 161}, {""k"": 1, ""n"": 145}]}, {""constant_lens"": false, ""gain"": 0.25, ""lens"": ""pc1"", ""lens_scaling"": ""standardize"", ""min_cluster_size"": 37, ""min_samples"": 5, ""n_class"": 715, ""n_edges"": 5, ""n_intervals"": 6, ""n_vertices"": 6, ""noise_reassigned"": 631, ""placement"": ""quantile"", ""slabs"": [{""k"": 1, ""n"": 134}, {""k"": 1, ""n"": 148}, {""k"": 1, ""n"": 148}, {""k"": 1, ""n"": 148}, {""k"": 1, ""n"": 148}, {""k"": 1, ""n"": 134}]}, {""constant_lens"": false, ""gain"": 0.25, ""lens"": ""pc1"", ""lens_scaling"": ""standardize"", ""min_cluster_size"": 37, ""min_samples"": 5, ""n_class"": 769, ""n_edges"": 5, ""n_intervals"": 6, ""n_vertices"": 6, ""noise_reassigned"": 701, ""placement"": ""quantile"", ""slabs"": [{""k"": 1, ""n"": 145}, {""k"": 1, ""n"": 160}, {""k"": 1, ""n"": 160}, {""k"": 1, ""n"": 160}, {""k"": 1, ""n"": 161}, {""k"": 1, ""n"": 145}]}, {""constant_lens"": false, ""gain"": 0.25, ""lens"": ""pc1"", ""lens_scaling"": ""standardize"", ""min_cluster_size"": 37, ""min_samples"": 5, ""n_class"": 712, ""n_edges"": 5, ""n_intervals"": 6, ""n_vertices"": 7, ""noise_reassigned"": 342, ""placement"": ""quantile"", ""slabs"": [{""k"": 1, ""n"": 134}, {""k"": 1, ""n"": 148}, {""k"": 1, ""n"": 148}, {""k"": 2, ""n"": 148}, {""k"": 1, ""n"": 148}, {""k"": 1, ""n"": 134}]}, {""constant_lens"": false, ""gain"": 0.25, ""lens"": ""pc1"", ""lens_scaling"": ""standardize"", ""min_cluster_size"": 37, ""min_samples"": 5, ""n_class"": 713, ""n_edges"": 5, ""n_intervals"": 6, ""n_vertices"": 6, ""noise_reassigned"": 638, ""placement"": ""quantile"", ""slabs"": [{""k"": 1, ""n"": 134}, {""k"": 1, ""n"": 149}, {""k"": 1, ""n"": 148}, {""k"": 1, ""n"": 148}, {""k"": 1, ""n"": 149}, {""k"": 1, ""n"": 134}]}, {""constant_lens"": false, ""gain"": 0.25, ""lens"": ""pc1"", ""lens_scaling"": ""standardize"", ""min_cluster_size"": 37, ""min_samples"": 5, ""n_class"": 770, ""n_edges"": 5, ""n_intervals"": 6, ""n_vertices"": 6, ""noise_reassigned"": 600, ""placement"": ""quantile"", ""slabs"": [{""k"": 1, ""n"": 145}, {""k"": 1, ""n"": 160}, {""k"": 1, ""n"": 160}, {""k"": 1, ""n"": 160}, {""k"": 1, ""n"": 160}, {""k"": 1, ""n"": 145}]}, {""constant_lens"": false, ""gain"": 0.25, ""lens"": ""pc1"", ""lens_scaling"": ""standardize"", ""min_cluster_size"": 37, ""min_samples"": 5, ""n_class"": 713, ""n_edges"": 5, ""n_intervals"": 6, ""n_vertices"": 6, ""noise_reassigned"": 513, ""placement"": ""uniform"", ""slabs"": [{""k"": 1, ""n"": 188}, {""k"": 1, ""n"": 171}, {""k"": 1, ""n"": 130}, {""k"": 1, ""n"": 81}, {""k"": 1, ""n"": 132}, {""k"": 1, ""n"": 165}]}, {""constant_lens"": false, ""gain"": 0.25, ""lens"": ""pc1"", ""lens_scaling"": ""standardize"", ""min_cluster_size"": 37, ""min_samples"": 5, ""n_class"": 715, ""n_edges"": 5, ""n_intervals"": 6, ""n_vertices"": 6, ""noise_reassigned"": 480, ""placement"": ""quantile"", ""slabs"": [{""k"": 1, ""n"": 134}, {""k"": 1, ""n"": 148}, {""k"": 1, ""n"": 148}, {""k"": 1, ""n"": 148}, {""k"": 1, ""n"": 148}, {""k"": 1, ""n"": 134}]}], ""soundness_bound_holds"": true, ""step_rule"": ""scale_free"", ""topology_retention_nerve_to_frozen"": {""beta0_frozen"": 14, ""beta0_nerve"": 11, ""beta1_frozen"": 1, ""beta1_nerve"": 1}}",True
0.9324817518248175,49,False,0.004951495553759094,0.005,,3.079327999992529,59.81471400000737,56.73538600001484,penbased,5,"{""epsilon"": 0.1, ""window"": 0.2}",LVQ3,10,49,1096,9896,0.9950485044462409,2061206373,False,,True
0.9534671532846716,49,False,0.004951495553759094,0.005,"{""0"": 5, ""1"": 5, ""2"": 5, ""3"": 5, ""4"": 5, ""5"": 4, ""6"": 5, ""7"": 5, ""8"": 5, ""9"": 5}",1.7334370000171475,1.7334370000171475,0.0,penbased,5,,KMeans,10,49,1096,9896,0.9950485044462409,2061206373,False,,True
0.8302919708029197,49,False,0.004951495553759094,0.005,"{""0"": 5, ""1"": 5, ""2"": 5, ""3"": 5, ""4"": 5, ""5"": 4, ""6"": 5, ""7"": 5, ""8"": 5, ""9"": 5}",0.0025969999842345715,0.0025969999842345715,0.0,penbased,5,,Random,10,49,1096,9896,0.9950485044462409,2061206373,False,,True
0.9297445255474452,49,False,0.004951495553759094,0.005,,2.602876999997534,2.602876999997534,0.0,penbased,5,,SPOT,10,49,1096,9896,0.9950485044462409,2061206373,False,,True
0.9406934306569343,49,False,0.004951495553759094,0.005,,14.85471499999403,14.85471499999403,0.0,penbased,5,,GLVQ,10,49,1096,9896,0.9950485044462409,2061206373,False,,True
0.9525547445255474,49,False,0.004951495553759094,0.005,,1.4106339999998454,1.4106339999998454,0.0,penbased,5,,GNG,10,49,1096,9896,0.9950485044462409,2061206373,False,,True
0.9945255474452555,99,False,0.010004042037186743,0.01,,0.0011670000094454736,0.0011670000094454736,0.0,penbased,5,,Full,10,9896,1096,9896,0.0,2061206373,True,,False
0.9890510948905109,99,False,0.010004042037186743,0.01,,2.4115210000018124,2.4115210000018124,0.0,penbased,5,,RSP3,10,997,1096,9896,0.8992522231204527,2061206373,True,,False
0.9835766423357665,99,False,0.010004042037186743,0.01,,1.2078239999827929,1.2078239999827929,0.0,penbased,5,,RHC,10,337,1096,9896,0.9659458367016976,2061206373,True,,False
0.958941605839416,99,False,0.010004042037186743,0.01,,8.074162000004435,8.074162000004435,0.0,penbased,5,,SPINE+1NN,10,99,1096,9896,0.9899959579628133,2061206373,False,"{""admission"": {""criterion"": ""risk"", ""removed_risk"": 3, ""removed_support"": 0}, ""betti_final"": [[2, 0], [1, 1], [2, 0], [1, 0], [1, 0], [2, 0], [1, 0], [1, 0], [1, 0], [2, 0]], ""betti_frozen"": [[2, 0], [1, 1], [2, 0], [1, 0], [1, 0], [2, 0], [1, 0], [1, 0], [1, 0], [2, 0]], ""betti_nerve"": [[1, 0], [1, 1], [1, 0], [1, 0], [1, 0], [2, 0], [1, 0], [1, 0], [1, 0], [1, 0]], ""boundary_restriction"": ""both"", ""forced_removals"": 0, ""growth_representation_fallbacks"": 10, ""invariant_held"": true, ""n_segments"": 86, ""n_train_fit"": 7422, ""n_val"": 2474, ""phase0"": [{""constant_lens"": false, ""gain"": 0.25, ""lens"": ""pc1"", ""lens_scaling"": ""standardize"", ""min_cluster_size"": 37, ""min_samples"": 5, ""n_class"": 771, ""n_edges"": 5, ""n_intervals"": 6, ""n_vertices"": 6, ""noise_reassigned"": 707, ""placement"": ""quantile"", ""slabs"": [{""k"": 1, ""n"": 145}, {""k"": 1, ""n"": 160}, {""k"": 1, ""n"": 161}, {""k"": 1, ""n"": 161}, {""k"": 1, ""n"": 160}, {""k"": 1, ""n"": 145}]}, {""constant_lens"": false, ""gain"": 0.25, ""lens"": ""pc1"", ""lens_scaling"": ""standardize"", ""min_cluster_size"": 37, ""min_samples"": 5, ""n_class"": 772, ""n_edges"": 7, ""n_intervals"": 6, ""n_vertices"": 7, ""noise_reassigned"": 568, ""placement"": ""uniform"", ""slabs"": [{""k"": 1, ""n"": 108}, {""k"": 1, ""n"": 306}, {""k"": 1, ""n"": 120}, {""k"": 1, ""n"": 75}, {""k"": 2, ""n"": 190}, {""k"": 1, ""n"": 149}]}, {""constant_lens"": false, ""gain"": 0.25, ""lens"": ""pc1"", ""lens_scaling"": ""standardize"", ""min_cluster_size"": 37, ""min_samples"": 5, ""n_class"": 772, ""n_edges"": 5, ""n_intervals"": 6, ""n_vertices"": 6, ""noise_reassigned"": 680, ""placement"": ""quantile"", ""slabs"": [{""k"": 1, ""n"": 145}, {""k"": 1, ""n"": 161}, {""k"": 1, ""n"": 161}, {""k"": 1, ""n"": 161}, {""k"": 1, ""n"": 161}, {""k"": 1, ""n"": 145}]}, {""constant_lens"": false, ""gain"": 0.25, ""lens"": ""pc1"", ""lens_scaling"": ""standardize"", ""min_cluster_size"": 37, ""min_samples"": 5, ""n_class"": 715, ""n_edges"": 5, ""n_intervals"": 6, ""n_vertices"": 6, ""noise_reassigned"": 631, ""placement"": ""quantile"", ""slabs"": [{""k"": 1, ""n"": 134}, {""k"": 1, ""n"": 148}, {""k"": 1, ""n"": 148}, {""k"": 1, ""n"": 148}, {""k"": 1, ""n"": 148}, {""k"": 1, ""n"": 134}]}, {""constant_lens"": false, ""gain"": 0.25, ""lens"": ""pc1"", ""lens_scaling"": ""standardize"", ""min_cluster_size"": 37, ""min_samples"": 5, ""n_class"": 769, ""n_edges"": 5, ""n_intervals"": 6, ""n_vertices"": 6, ""noise_reassigned"": 701, ""placement"": ""quantile"", ""slabs"": [{""k"": 1, ""n"": 145}, {""k"": 1, ""n"": 160}, {""k"": 1, ""n"": 160}, {""k"": 1, ""n"": 160}, {""k"": 1, ""n"": 161}, {""k"": 1, ""n"": 145}]}, {""constant_lens"": false, ""gain"": 0.25, ""lens"": ""pc1"", ""lens_scaling"": ""standardize"", ""min_cluster_size"": 37, ""min_samples"": 5, ""n_class"": 712, ""n_edges"": 5, ""n_intervals"": 6, ""n_vertices"": 7, ""noise_reassigned"": 342, ""placement"": ""quantile"", ""slabs"": [{""k"": 1, ""n"": 134}, {""k"": 1, ""n"": 148}, {""k"": 1, ""n"": 148}, {""k"": 2, ""n"": 148}, {""k"": 1, ""n"": 148}, {""k"": 1, ""n"": 134}]}, {""constant_lens"": false, ""gain"": 0.25, ""lens"": ""pc1"", ""lens_scaling"": ""standardize"", ""min_cluster_size"": 37, ""min_samples"": 5, ""n_class"": 713, ""n_edges"": 5, ""n_intervals"": 6, ""n_vertices"": 6, ""noise_reassigned"": 638, ""placement"": ""quantile"", ""slabs"": [{""k"": 1, ""n"": 134}, {""k"": 1, ""n"": 149}, {""k"": 1, ""n"": 148}, {""k"": 1, ""n"": 148}, {""k"": 1, ""n"": 149}, {""k"": 1, ""n"": 134}]}, {""constant_lens"": false, ""gain"": 0.25, ""lens"": ""pc1"", ""lens_scaling"": ""standardize"", ""min_cluster_size"": 37, ""min_samples"": 5, ""n_class"": 770, ""n_edges"": 5, ""n_intervals"": 6, ""n_vertices"": 6, ""noise_reassigned"": 600, ""placement"": ""quantile"", ""slabs"": [{""k"": 1, ""n"": 145}, {""k"": 1, ""n"": 160}, {""k"": 1, ""n"": 160}, {""k"": 1, ""n"": 160}, {""k"": 1, ""n"": 160}, {""k"": 1, ""n"": 145}]}, {""constant_lens"": false, ""gain"": 0.25, ""lens"": ""pc1"", ""lens_scaling"": ""standardize"", ""min_cluster_size"": 37, ""min_samples"": 5, ""n_class"": 713, ""n_edges"": 5, ""n_intervals"": 6, ""n_vertices"": 6, ""noise_reassigned"": 513, ""placement"": ""uniform"", ""slabs"": [{""k"": 1, ""n"": 188}, {""k"": 1, ""n"": 171}, {""k"": 1, ""n"": 130}, {""k"": 1, ""n"": 81}, {""k"": 1, ""n"": 132}, {""k"": 1, ""n"": 165}]}, {""constant_lens"": false, ""gain"": 0.25, ""lens"": ""pc1"", ""lens_scaling"": ""standardize"", ""min_cluster_size"": 37, ""min_samples"": 5, ""n_class"": 715, ""n_edges"": 5, ""n_intervals"": 6, ""n_vertices"": 6, ""noise_reassigned"": 480, ""placement"": ""quantile"", ""slabs"": [{""k"": 1, ""n"": 134}, {""k"": 1, ""n"": 148}, {""k"": 1, ""n"": 148}, {""k"": 1, ""n"": 148}, {""k"": 1, ""n"": 148}, {""k"": 1, ""n"": 134}]}], ""soundness_bound_holds"": true, ""step_rule"": ""scale_free"", ""topology_retention_nerve_to_frozen"": {""beta0_frozen"": 14, ""beta0_nerve"": 11, ""beta1_frozen"": 1, ""beta1_nerve"": 1}}",True
0.968978102189781,99,False,0.010004042037186743,0.01,,8.074162000004435,8.074162000004435,0.0,penbased,5,,SPINE+Graph,10,99,1096,9896,0.9899959579628133,2061206373,False,"{""admission"": {""criterion"": ""risk"", ""removed_risk"": 3, ""removed_support"": 0}, ""betti_final"": [[2, 0], [1, 1], [2, 0], [1, 0], [1, 0], [2, 0], [1, 0], [1, 0], [1, 0], [2, 0]], ""betti_frozen"": [[2, 0], [1, 1], [2, 0], [1, 0], [1, 0], [2, 0], [1, 0], [1, 0], [1, 0], [2, 0]], ""betti_nerve"": [[1, 0], [1, 1], [1, 0], [1, 0], [1, 0], [2, 0], [1, 0], [1, 0], [1, 0], [1, 0]], ""boundary_restriction"": ""both"", ""forced_removals"": 0, ""growth_representation_fallbacks"": 10, ""invariant_held"": true, ""n_segments"": 86, ""n_train_fit"": 7422, ""n_val"": 2474, ""phase0"": [{""constant_lens"": false, ""gain"": 0.25, ""lens"": ""pc1"", ""lens_scaling"": ""standardize"", ""min_cluster_size"": 37, ""min_samples"": 5, ""n_class"": 771, ""n_edges"": 5, ""n_intervals"": 6, ""n_vertices"": 6, ""noise_reassigned"": 707, ""placement"": ""quantile"", ""slabs"": [{""k"": 1, ""n"": 145}, {""k"": 1, ""n"": 160}, {""k"": 1, ""n"": 161}, {""k"": 1, ""n"": 161}, {""k"": 1, ""n"": 160}, {""k"": 1, ""n"": 145}]}, {""constant_lens"": false, ""gain"": 0.25, ""lens"": ""pc1"", ""lens_scaling"": ""standardize"", ""min_cluster_size"": 37, ""min_samples"": 5, ""n_class"": 772, ""n_edges"": 7, ""n_intervals"": 6, ""n_vertices"": 7, ""noise_reassigned"": 568, ""placement"": ""uniform"", ""slabs"": [{""k"": 1, ""n"": 108}, {""k"": 1, ""n"": 306}, {""k"": 1, ""n"": 120}, {""k"": 1, ""n"": 75}, {""k"": 2, ""n"": 190}, {""k"": 1, ""n"": 149}]}, {""constant_lens"": false, ""gain"": 0.25, ""lens"": ""pc1"", ""lens_scaling"": ""standardize"", ""min_cluster_size"": 37, ""min_samples"": 5, ""n_class"": 772, ""n_edges"": 5, ""n_intervals"": 6, ""n_vertices"": 6, ""noise_reassigned"": 680, ""placement"": ""quantile"", ""slabs"": [{""k"": 1, ""n"": 145}, {""k"": 1, ""n"": 161}, {""k"": 1, ""n"": 161}, {""k"": 1, ""n"": 161}, {""k"": 1, ""n"": 161}, {""k"": 1, ""n"": 145}]}, {""constant_lens"": false, ""gain"": 0.25, ""lens"": ""pc1"", ""lens_scaling"": ""standardize"", ""min_cluster_size"": 37, ""min_samples"": 5, ""n_class"": 715, ""n_edges"": 5, ""n_intervals"": 6, ""n_vertices"": 6, ""noise_reassigned"": 631, ""placement"": ""quantile"", ""slabs"": [{""k"": 1, ""n"": 134}, {""k"": 1, ""n"": 148}, {""k"": 1, ""n"": 148}, {""k"": 1, ""n"": 148}, {""k"": 1, ""n"": 148}, {""k"": 1, ""n"": 134}]}, {""constant_lens"": false, ""gain"": 0.25, ""lens"": ""pc1"", ""lens_scaling"": ""standardize"", ""min_cluster_size"": 37, ""min_samples"": 5, ""n_class"": 769, ""n_edges"": 5, ""n_intervals"": 6, ""n_vertices"": 6, ""noise_reassigned"": 701, ""placement"": ""quantile"", ""slabs"": [{""k"": 1, ""n"": 145}, {""k"": 1, ""n"": 160}, {""k"": 1, ""n"": 160}, {""k"": 1, ""n"": 160}, {""k"": 1, ""n"": 161}, {""k"": 1, ""n"": 145}]}, {""constant_lens"": false, ""gain"": 0.25, ""lens"": ""pc1"", ""lens_scaling"": ""standardize"", ""min_cluster_size"": 37, ""min_samples"": 5, ""n_class"": 712, ""n_edges"": 5, ""n_intervals"": 6, ""n_vertices"": 7, ""noise_reassigned"": 342, ""placement"": ""quantile"", ""slabs"": [{""k"": 1, ""n"": 134}, {""k"": 1, ""n"": 148}, {""k"": 1, ""n"": 148}, {""k"": 2, ""n"": 148}, {""k"": 1, ""n"": 148}, {""k"": 1, ""n"": 134}]}, {""constant_lens"": false, ""gain"": 0.25, ""lens"": ""pc1"", ""lens_scaling"": ""standardize"", ""min_cluster_size"": 37, ""min_samples"": 5, ""n_class"": 713, ""n_edges"": 5, ""n_intervals"": 6, ""n_vertices"": 6, ""noise_reassigned"": 638, ""placement"": ""quantile"", ""slabs"": [{""k"": 1, ""n"": 134}, {""k"": 1, ""n"": 149}, {""k"": 1, ""n"": 148}, {""k"": 1, ""n"": 148}, {""k"": 1, ""n"": 149}, {""k"": 1, ""n"": 134}]}, {""constant_lens"": false, ""gain"": 0.25, ""lens"": ""pc1"", ""lens_scaling"": ""standardize"", ""min_cluster_size"": 37, ""min_samples"": 5, ""n_class"": 770, ""n_edges"": 5, ""n_intervals"": 6, ""n_vertices"": 6, ""noise_reassigned"": 600, ""placement"": ""quantile"", ""slabs"": [{""k"": 1, ""n"": 145}, {""k"": 1, ""n"": 160}, {""k"": 1, ""n"": 160}, {""k"": 1, ""n"": 160}, {""k"": 1, ""n"": 160}, {""k"": 1, ""n"": 145}]}, {""constant_lens"": false, ""gain"": 0.25, ""lens"": ""pc1"", ""lens_scaling"": ""standardize"", ""min_cluster_size"": 37, ""min_samples"": 5, ""n_class"": 713, ""n_edges"": 5, ""n_intervals"": 6, ""n_vertices"": 6, ""noise_reassigned"": 513, ""placement"": ""uniform"", ""slabs"": [{""k"": 1, ""n"": 188}, {""k"": 1, ""n"": 171}, {""k"": 1, ""n"": 130}, {""k"": 1, ""n"": 81}, {""k"": 1, ""n"": 132}, {""k"": 1, ""n"": 165}]}, {""constant_lens"": false, ""gain"": 0.25, ""lens"": ""pc1"", ""lens_scaling"": ""standardize"", ""min_cluster_size"": 37, ""min_samples"": 5, ""n_class"": 715, ""n_edges"": 5, ""n_intervals"": 6, ""n_vertices"": 6, ""noise_reassigned"": 480, ""placement"": ""quantile"", ""slabs"": [{""k"": 1, ""n"": 134}, {""k"": 1, ""n"": 148}, {""k"": 1, ""n"": 148}, {""k"": 1, ""n"": 148}, {""k"": 1, ""n"": 148}, {""k"": 1, ""n"": 134}]}], ""soundness_bound_holds"": true, ""step_rule"": ""scale_free"", ""topology_retention_nerve_to_frozen"": {""beta0_frozen"": 14, ""beta0_nerve"": 11, ""beta1_frozen"": 1, ""beta1_nerve"": 1}}",True
0.9872262773722628,99,False,0.010004042037186743,0.01,,3.513686999998754,65.1044239999901,61.59073699999135,penbased,5,"{""epsilon"": 0.1, ""window"": 0.3}",LVQ3,10,99,1096,9896,0.9899959579628133,2061206373,False,,True
0.9744525547445255,99,False,0.010004042037186743,0.01,"{""0"": 10, ""1"": 10, ""2"": 10, ""3"": 10, ""4"": 10, ""5"": 9, ""6"": 10, ""7"": 10, ""8"": 10, ""9"": 10}",1.7482710000185762,1.7482710000185762,0.0,penbased,5,,KMeans,10,99,1096,9896,0.9899959579628133,2061206373,False,,True
0.8859489051094891,99,False,0.010004042037186743,0.01,"{""0"": 10, ""1"": 10, ""2"": 10, ""3"": 10, ""4"": 10, ""5"": 9, ""6"": 10, ""7"": 10, ""8"": 10, ""9"": 10}",0.002367000008234754,0.002367000008234754,0.0,penbased,5,,Random,10,99,1096,9896,0.9899959579628133,2061206373,False,,True
0.958941605839416,99,False,0.010004042037186743,0.01,,2.4448390000034124,2.4448390000034124,0.0,penbased,5,,SPOT,10,99,1096,9896,0.9899959579628133,2061206373,False,,True
0.9425182481751825,99,False,0.010004042037186743,0.01,,24.925273000000743,24.925273000000743,0.0,penbased,5,,GLVQ,10,99,1096,9896,0.9899959579628133,2061206373,False,,True
0.9717153284671532,99,False,0.010004042037186743,0.01,,1.5725939999974798,1.5725939999974798,0.0,penbased,5,,GNG,10,99,1096,9896,0.9899959579628133,2061206373,False,,True
0.9945255474452555,198,False,0.020008084074373485,0.02,,0.0011670000094454736,0.0011670000094454736,0.0,penbased,5,,Full,10,9896,1096,9896,0.0,2061206373,True,,False
0.9890510948905109,198,False,0.020008084074373485,0.02,,2.4115210000018124,2.4115210000018124,0.0,penbased,5,,RSP3,10,997,1096,9896,0.8992522231204527,2061206373,True,,False
0.9835766423357665,198,False,0.020008084074373485,0.02,,1.2078239999827929,1.2078239999827929,0.0,penbased,5,,RHC,10,337,1096,9896,0.9659458367016976,2061206373,True,,False
0.9662408759124088,198,False,0.020008084074373485,0.02,,9.41935799998464,9.41935799998464,0.0,penbased,5,,SPINE+1NN,10,198,1096,9896,0.9799919159256265,2061206373,False,"{""admission"": {""criterion"": ""risk"", ""removed_risk"": 3, ""removed_support"": 0}, ""betti_final"": [[2, 0], [1, 1], [2, 0], [1, 0], [1, 0], [2, 0], [1, 0], [1, 0], [1, 0], [2, 0]], ""betti_frozen"": [[2, 0], [1, 1], [2, 0], [1, 0], [1, 0], [2, 0], [1, 0], [1, 0], [1, 0], [2, 0]], ""betti_nerve"": [[1, 0], [1, 1], [1, 0], [1, 0], [1, 0], [2, 0], [1, 0], [1, 0], [1, 0], [1, 0]], ""boundary_restriction"": ""both"", ""forced_removals"": 0, ""growth_representation_fallbacks"": 56, ""invariant_held"": true, ""n_segments"": 185, ""n_train_fit"": 7422, ""n_val"": 2474, ""phase0"": [{""constant_lens"": false, ""gain"": 0.25, ""lens"": ""pc1"", ""lens_scaling"": ""standardize"", ""min_cluster_size"": 37, ""min_samples"": 5, ""n_class"": 771, ""n_edges"": 5, ""n_intervals"": 6, ""n_vertices"": 6, ""noise_reassigned"": 707, ""placement"": ""quantile"", ""slabs"": [{""k"": 1, ""n"": 145}, {""k"": 1, ""n"": 160}, {""k"": 1, ""n"": 161}, {""k"": 1, ""n"": 161}, {""k"": 1, ""n"": 160}, {""k"": 1, ""n"": 145}]}, {""constant_lens"": false, ""gain"": 0.25, ""lens"": ""pc1"", ""lens_scaling"": ""standardize"", ""min_cluster_size"": 37, ""min_samples"": 5, ""n_class"": 772, ""n_edges"": 7, ""n_intervals"": 6, ""n_vertices"": 7, ""noise_reassigned"": 568, ""placement"": ""uniform"", ""slabs"": [{""k"": 1, ""n"": 108}, {""k"": 1, ""n"": 306}, {""k"": 1, ""n"": 120}, {""k"": 1, ""n"": 75}, {""k"": 2, ""n"": 190}, {""k"": 1, ""n"": 149}]}, {""constant_lens"": false, ""gain"": 0.25, ""lens"": ""pc1"", ""lens_scaling"": ""standardize"", ""min_cluster_size"": 37, ""min_samples"": 5, ""n_class"": 772, ""n_edges"": 5, ""n_intervals"": 6, ""n_vertices"": 6, ""noise_reassigned"": 680, ""placement"": ""quantile"", ""slabs"": [{""k"": 1, ""n"": 145}, {""k"": 1, ""n"": 161}, {""k"": 1, ""n"": 161}, {""k"": 1, ""n"": 161}, {""k"": 1, ""n"": 161}, {""k"": 1, ""n"": 145}]}, {""constant_lens"": false, ""gain"": 0.25, ""lens"": ""pc1"", ""lens_scaling"": ""standardize"", ""min_cluster_size"": 37, ""min_samples"": 5, ""n_class"": 715, ""n_edges"": 5, ""n_intervals"": 6, ""n_vertices"": 6, ""noise_reassigned"": 631, ""placement"": ""quantile"", ""slabs"": [{""k"": 1, ""n"": 134}, {""k"": 1, ""n"": 148}, {""k"": 1, ""n"": 148}, {""k"": 1, ""n"": 148}, {""k"": 1, ""n"": 148}, {""k"": 1, ""n"": 134}]}, {""constant_lens"": false, ""gain"": 0.25, ""lens"": ""pc1"", ""lens_scaling"": ""standardize"", ""min_cluster_size"": 37, ""min_samples"": 5, ""n_class"": 769, ""n_edges"": 5, ""n_intervals"": 6, ""n_vertices"": 6, ""noise_reassigned"": 701, ""placement"": ""quantile"", ""slabs"": [{""k"": 1, ""n"": 145}, {""k"": 1, ""n"": 160}, {""k"": 1, ""n"": 160}, {""k"": 1, ""n"": 160}, {""k"": 1, ""n"": 161}, {""k"": 1, ""n"": 145}]}, {""constant_lens"": false, ""gain"": 0.25, ""lens"": ""pc1"", ""lens_scaling"": ""standardize"", ""min_cluster_size"": 37, ""min_samples"": 5, ""n_class"": 712, ""n_edges"": 5, ""n_intervals"": 6, ""n_vertices"": 7, ""noise_reassigned"": 342, ""placement"": ""quantile"", ""slabs"": [{""k"": 1, ""n"": 134}, {""k"": 1, ""n"": 148}, {""k"": 1, ""n"": 148}, {""k"": 2, ""n"": 148}, {""k"": 1, ""n"": 148}, {""k"": 1, ""n"": 134}]}, {""constant_lens"": false, ""gain"": 0.25, ""lens"": ""pc1"", ""lens_scaling"": ""standardize"", ""min_cluster_size"": 37, ""min_samples"": 5, ""n_class"": 713, ""n_edges"": 5, ""n_intervals"": 6, ""n_vertices"": 6, ""noise_reassigned"": 638, ""placement"": ""quantile"", ""slabs"": [{""k"": 1, ""n"": 134}, {""k"": 1, ""n"": 149}, {""k"": 1, ""n"": 148}, {""k"": 1, ""n"": 148}, {""k"": 1, ""n"": 149}, {""k"": 1, ""n"": 134}]}, {""constant_lens"": false, ""gain"": 0.25, ""lens"": ""pc1"", ""lens_scaling"": ""standardize"", ""min_cluster_size"": 37, ""min_samples"": 5, ""n_class"": 770, ""n_edges"": 5, ""n_intervals"": 6, ""n_vertices"": 6, ""noise_reassigned"": 600, ""placement"": ""quantile"", ""slabs"": [{""k"": 1, ""n"": 145}, {""k"": 1, ""n"": 160}, {""k"": 1, ""n"": 160}, {""k"": 1, ""n"": 160}, {""k"": 1, ""n"": 160}, {""k"": 1, ""n"": 145}]}, {""constant_lens"": false, ""gain"": 0.25, ""lens"": ""pc1"", ""lens_scaling"": ""standardize"", ""min_cluster_size"": 37, ""min_samples"": 5, ""n_class"": 713, ""n_edges"": 5, ""n_intervals"": 6, ""n_vertices"": 6, ""noise_reassigned"": 513, ""placement"": ""uniform"", ""slabs"": [{""k"": 1, ""n"": 188}, {""k"": 1, ""n"": 171}, {""k"": 1, ""n"": 130}, {""k"": 1, ""n"": 81}, {""k"": 1, ""n"": 132}, {""k"": 1, ""n"": 165}]}, {""constant_lens"": false, ""gain"": 0.25, ""lens"": ""pc1"", ""lens_scaling"": ""standardize"", ""min_cluster_size"": 37, ""min_samples"": 5, ""n_class"": 715, ""n_edges"": 5, ""n_intervals"": 6, ""n_vertices"": 6, ""noise_reassigned"": 480, ""placement"": ""quantile"", ""slabs"": [{""k"": 1, ""n"": 134}, {""k"": 1, ""n"": 148}, {""k"": 1, ""n"": 148}, {""k"": 1, ""n"": 148}, {""k"": 1, ""n"": 148}, {""k"": 1, ""n"": 134}]}], ""soundness_bound_holds"": true, ""step_rule"": ""scale_free"", ""topology_retention_nerve_to_frozen"": {""beta0_frozen"": 14, ""beta0_nerve"": 11, ""beta1_frozen"": 1, ""beta1_nerve"": 1}}",True
0.968065693430657,198,False,0.020008084074373485,0.02,,9.41935799998464,9.41935799998464,0.0,penbased,5,,SPINE+Graph,10,198,1096,9896,0.9799919159256265,2061206373,False,"{""admission"": {""criterion"": ""risk"", ""removed_risk"": 3, ""removed_support"": 0}, ""betti_final"": [[2, 0], [1, 1], [2, 0], [1, 0], [1, 0], [2, 0], [1, 0], [1, 0], [1, 0], [2, 0]], ""betti_frozen"": [[2, 0], [1, 1], [2, 0], [1, 0], [1, 0], [2, 0], [1, 0], [1, 0], [1, 0], [2, 0]], ""betti_nerve"": [[1, 0], [1, 1], [1, 0], [1, 0], [1, 0], [2, 0], [1, 0], [1, 0], [1, 0], [1, 0]], ""boundary_restriction"": ""both"", ""forced_removals"": 0, ""growth_representation_fallbacks"": 56, ""invariant_held"": true, ""n_segments"": 185, ""n_train_fit"": 7422, ""n_val"": 2474, ""phase0"": [{""constant_lens"": false, ""gain"": 0.25, ""lens"": ""pc1"", ""lens_scaling"": ""standardize"", ""min_cluster_size"": 37, ""min_samples"": 5, ""n_class"": 771, ""n_edges"": 5, ""n_intervals"": 6, ""n_vertices"": 6, ""noise_reassigned"": 707, ""placement"": ""quantile"", ""slabs"": [{""k"": 1, ""n"": 145}, {""k"": 1, ""n"": 160}, {""k"": 1, ""n"": 161}, {""k"": 1, ""n"": 161}, {""k"": 1, ""n"": 160}, {""k"": 1, ""n"": 145}]}, {""constant_lens"": false, ""gain"": 0.25, ""lens"": ""pc1"", ""lens_scaling"": ""standardize"", ""min_cluster_size"": 37, ""min_samples"": 5, ""n_class"": 772, ""n_edges"": 7, ""n_intervals"": 6, ""n_vertices"": 7, ""noise_reassigned"": 568, ""placement"": ""uniform"", ""slabs"": [{""k"": 1, ""n"": 108}, {""k"": 1, ""n"": 306}, {""k"": 1, ""n"": 120}, {""k"": 1, ""n"": 75}, {""k"": 2, ""n"": 190}, {""k"": 1, ""n"": 149}]}, {""constant_lens"": false, ""gain"": 0.25, ""lens"": ""pc1"", ""lens_scaling"": ""standardize"", ""min_cluster_size"": 37, ""min_samples"": 5, ""n_class"": 772, ""n_edges"": 5, ""n_intervals"": 6, ""n_vertices"": 6, ""noise_reassigned"": 680, ""placement"": ""quantile"", ""slabs"": [{""k"": 1, ""n"": 145}, {""k"": 1, ""n"": 161}, {""k"": 1, ""n"": 161}, {""k"": 1, ""n"": 161}, {""k"": 1, ""n"": 161}, {""k"": 1, ""n"": 145}]}, {""constant_lens"": false, ""gain"": 0.25, ""lens"": ""pc1"", ""lens_scaling"": ""standardize"", ""min_cluster_size"": 37, ""min_samples"": 5, ""n_class"": 715, ""n_edges"": 5, ""n_intervals"": 6, ""n_vertices"": 6, ""noise_reassigned"": 631, ""placement"": ""quantile"", ""slabs"": [{""k"": 1, ""n"": 134}, {""k"": 1, ""n"": 148}, {""k"": 1, ""n"": 148}, {""k"": 1, ""n"": 148}, {""k"": 1, ""n"": 148}, {""k"": 1, ""n"": 134}]}, {""constant_lens"": false, ""gain"": 0.25, ""lens"": ""pc1"", ""lens_scaling"": ""standardize"", ""min_cluster_size"": 37, ""min_samples"": 5, ""n_class"": 769, ""n_edges"": 5, ""n_intervals"": 6, ""n_vertices"": 6, ""noise_reassigned"": 701, ""placement"": ""quantile"", ""slabs"": [{""k"": 1, ""n"": 145}, {""k"": 1, ""n"": 160}, {""k"": 1, ""n"": 160}, {""k"": 1, ""n"": 160}, {""k"": 1, ""n"": 161}, {""k"": 1, ""n"": 145}]}, {""constant_lens"": false, ""gain"": 0.25, ""lens"": ""pc1"", ""lens_scaling"": ""standardize"", ""min_cluster_size"": 37, ""min_samples"": 5, ""n_class"": 712, ""n_edges"": 5, ""n_intervals"": 6, ""n_vertices"": 7, ""noise_reassigned"": 342, ""placement"": ""quantile"", ""slabs"": [{""k"": 1, ""n"": 134}, {""k"": 1, ""n"": 148}, {""k"": 1, ""n"": 148}, {""k"": 2, ""n"": 148}, {""k"": 1, ""n"": 148}, {""k"": 1, ""n"": 134}]}, {""constant_lens"": false, ""gain"": 0.25, ""lens"": ""pc1"", ""lens_scaling"": ""standardize"", ""min_cluster_size"": 37, ""min_samples"": 5, ""n_class"": 713, ""n_edges"": 5, ""n_intervals"": 6, ""n_vertices"": 6, ""noise_reassigned"": 638, ""placement"": ""quantile"", ""slabs"": [{""k"": 1, ""n"": 134}, {""k"": 1, ""n"": 149}, {""k"": 1, ""n"": 148}, {""k"": 1, ""n"": 148}, {""k"": 1, ""n"": 149}, {""k"": 1, ""n"": 134}]}, {""constant_lens"": false, ""gain"": 0.25, ""lens"": ""pc1"", ""lens_scaling"": ""standardize"", ""min_cluster_size"": 37, ""min_samples"": 5, ""n_class"": 770, ""n_edges"": 5, ""n_intervals"": 6, ""n_vertices"": 6, ""noise_reassigned"": 600, ""placement"": ""quantile"", ""slabs"": [{""k"": 1, ""n"": 145}, {""k"": 1, ""n"": 160}, {""k"": 1, ""n"": 160}, {""k"": 1, ""n"": 160}, {""k"": 1, ""n"": 160}, {""k"": 1, ""n"": 145}]}, {""constant_lens"": false, ""gain"": 0.25, ""lens"": ""pc1"", ""lens_scaling"": ""standardize"", ""min_cluster_size"": 37, ""min_samples"": 5, ""n_class"": 713, ""n_edges"": 5, ""n_intervals"": 6, ""n_vertices"": 6, ""noise_reassigned"": 513, ""placement"": ""uniform"", ""slabs"": [{""k"": 1, ""n"": 188}, {""k"": 1, ""n"": 171}, {""k"": 1, ""n"": 130}, {""k"": 1, ""n"": 81}, {""k"": 1, ""n"": 132}, {""k"": 1, ""n"": 165}]}, {""constant_lens"": false, ""gain"": 0.25, ""lens"": ""pc1"", ""lens_scaling"": ""standardize"", ""min_cluster_size"": 37, ""min_samples"": 5, ""n_class"": 715, ""n_edges"": 5, ""n_intervals"": 6, ""n_vertices"": 6, ""noise_reassigned"": 480, ""placement"": ""quantile"", ""slabs"": [{""k"": 1, ""n"": 134}, {""k"": 1, ""n"": 148}, {""k"": 1, ""n"": 148}, {""k"": 1, ""n"": 148}, {""k"": 1, ""n"": 148}, {""k"": 1, ""n"": 134}]}], ""soundness_bound_holds"": true, ""step_rule"": ""scale_free"", ""topology_retention_nerve_to_frozen"": {""beta0_frozen"": 14, ""beta0_nerve"": 11, ""beta1_frozen"": 1, ""beta1_nerve"": 1}}",True
0.9881386861313869,198,False,0.020008084074373485,0.02,,4.283893000014359,83.78484000000753,79.50094699999318,penbased,5,"{""epsilon"": 0.1, ""window"": 0.3}",LVQ3,10,198,1096,9896,0.9799919159256265,2061206373,False,,True
0.9817518248175182,198,False,0.020008084074373485,0.02,"{""0"": 21, ""1"": 21, ""2"": 21, ""3"": 19, ""4"": 20, ""5"": 19, ""6"": 19, ""7"": 20, ""8"": 19, ""9"": 19}",3.4836859999923036,3.4836859999923036,0.0,penbased,5,,KMeans,10,198,1096,9896,0.9799919159256265,2061206373,False,,True
0.9233576642335767,198,False,0.020008084074373485,0.02,"{""0"": 21, ""1"": 21, ""2"": 21, ""3"": 19, ""4"": 20, ""5"": 19, ""6"": 19, ""7"": 20, ""8"": 19, ""9"": 19}",0.004355999990366399,0.004355999990366399,0.0,penbased,5,,Random,10,198,1096,9896,0.9799919159256265,2061206373,False,,True
0.9808394160583942,198,False,0.020008084074373485,0.02,,2.838270000007469,2.838270000007469,0.0,penbased,5,,SPOT,10,198,1096,9896,0.9799919159256265,2061206373,False,,True
0.9397810218978102,198,False,0.020008084074373485,0.02,,45.61047299997881,45.61047299997881,0.0,penbased,5,,GLVQ,10,198,1096,9896,0.9799919159256265,2061206373,False,,True
0.9835766423357665,198,False,0.020008084074373485,0.02,,2.3497179999831133,2.3497179999831133,0.0,penbased,5,,GNG,10,198,1096,9896,0.9799919159256265,2061206373,False,,True
0.9945255474452555,495,False,0.05002021018593371,0.05,,0.0011670000094454736,0.0011670000094454736,0.0,penbased,5,,Full,10,9896,1096,9896,0.0,2061206373,True,,False
0.9890510948905109,495,False,0.05002021018593371,0.05,,2.4115210000018124,2.4115210000018124,0.0,penbased,5,,RSP3,10,997,1096,9896,0.8992522231204527,2061206373,True,,False
0.9835766423357665,495,False,0.05002021018593371,0.05,,1.2078239999827929,1.2078239999827929,0.0,penbased,5,,RHC,10,337,1096,9896,0.9659458367016976,2061206373,True,,False
0.9790145985401459,495,False,0.05002021018593371,0.05,,12.536708999978146,12.536708999978146,0.0,penbased,5,,SPINE+1NN,10,495,1096,9896,0.9499797898140663,2061206373,False,"{""admission"": {""criterion"": ""risk"", ""removed_risk"": 3, ""removed_support"": 0}, ""betti_final"": [[2, 0], [1, 1], [2, 0], [1, 0], [1, 0], [2, 0], [1, 0], [1, 0], [1, 0], [2, 0]], ""betti_frozen"": [[2, 0], [1, 1], [2, 0], [1, 0], [1, 0], [2, 0], [1, 0], [1, 0], [1, 0], [2, 0]], ""betti_nerve"": [[1, 0], [1, 1], [1, 0], [1, 0], [1, 0], [2, 0], [1, 0], [1, 0], [1, 0], [1, 0]], ""boundary_restriction"": ""both"", ""forced_removals"": 0, ""growth_representation_fallbacks"": 395, ""invariant_held"": true, ""n_segments"": 482, ""n_train_fit"": 7422, ""n_val"": 2474, ""phase0"": [{""constant_lens"": false, ""gain"": 0.25, ""lens"": ""pc1"", ""lens_scaling"": ""standardize"", ""min_cluster_size"": 37, ""min_samples"": 5, ""n_class"": 771, ""n_edges"": 5, ""n_intervals"": 6, ""n_vertices"": 6, ""noise_reassigned"": 707, ""placement"": ""quantile"", ""slabs"": [{""k"": 1, ""n"": 145}, {""k"": 1, ""n"": 160}, {""k"": 1, ""n"": 161}, {""k"": 1, ""n"": 161}, {""k"": 1, ""n"": 160}, {""k"": 1, ""n"": 145}]}, {""constant_lens"": false, ""gain"": 0.25, ""lens"": ""pc1"", ""lens_scaling"": ""standardize"", ""min_cluster_size"": 37, ""min_samples"": 5, ""n_class"": 772, ""n_edges"": 7, ""n_intervals"": 6, ""n_vertices"": 7, ""noise_reassigned"": 568, ""placement"": ""uniform"", ""slabs"": [{""k"": 1, ""n"": 108}, {""k"": 1, ""n"": 306}, {""k"": 1, ""n"": 120}, {""k"": 1, ""n"": 75}, {""k"": 2, ""n"": 190}, {""k"": 1, ""n"": 149}]}, {""constant_lens"": false, ""gain"": 0.25, ""lens"": ""pc1"", ""lens_scaling"": ""standardize"", ""min_cluster_size"": 37, ""min_samples"": 5, ""n_class"": 772, ""n_edges"": 5, ""n_intervals"": 6, ""n_vertices"": 6, ""noise_reassigned"": 680, ""placement"": ""quantile"", ""slabs"": [{""k"": 1, ""n"": 145}, {""k"": 1, ""n"": 161}, {""k"": 1, ""n"": 161}, {""k"": 1, ""n"": 161}, {""k"": 1, ""n"": 161}, {""k"": 1, ""n"": 145}]}, {""constant_lens"": false, ""gain"": 0.25, ""lens"": ""pc1"", ""lens_scaling"": ""standardize"", ""min_cluster_size"": 37, ""min_samples"": 5, ""n_class"": 715, ""n_edges"": 5, ""n_intervals"": 6, ""n_vertices"": 6, ""noise_reassigned"": 631, ""placement"": ""quantile"", ""slabs"": [{""k"": 1, ""n"": 134}, {""k"": 1, ""n"": 148}, {""k"": 1, ""n"": 148}, {""k"": 1, ""n"": 148}, {""k"": 1, ""n"": 148}, {""k"": 1, ""n"": 134}]}, {""constant_lens"": false, ""gain"": 0.25, ""lens"": ""pc1"", ""lens_scaling"": ""standardize"", ""min_cluster_size"": 37, ""min_samples"": 5, ""n_class"": 769, ""n_edges"": 5, ""n_intervals"": 6, ""n_vertices"": 6, ""noise_reassigned"": 701, ""placement"": ""quantile"", ""slabs"": [{""k"": 1, ""n"": 145}, {""k"": 1, ""n"": 160}, {""k"": 1, ""n"": 160}, {""k"": 1, ""n"": 160}, {""k"": 1, ""n"": 161}, {""k"": 1, ""n"": 145}]}, {""constant_lens"": false, ""gain"": 0.25, ""lens"": ""pc1"", ""lens_scaling"": ""standardize"", ""min_cluster_size"": 37, ""min_samples"": 5, ""n_class"": 712, ""n_edges"": 5, ""n_intervals"": 6, ""n_vertices"": 7, ""noise_reassigned"": 342, ""placement"": ""quantile"", ""slabs"": [{""k"": 1, ""n"": 134}, {""k"": 1, ""n"": 148}, {""k"": 1, ""n"": 148}, {""k"": 2, ""n"": 148}, {""k"": 1, ""n"": 148}, {""k"": 1, ""n"": 134}]}, {""constant_lens"": false, ""gain"": 0.25, ""lens"": ""pc1"", ""lens_scaling"": ""standardize"", ""min_cluster_size"": 37, ""min_samples"": 5, ""n_class"": 713, ""n_edges"": 5, ""n_intervals"": 6, ""n_vertices"": 6, ""noise_reassigned"": 638, ""placement"": ""quantile"", ""slabs"": [{""k"": 1, ""n"": 134}, {""k"": 1, ""n"": 149}, {""k"": 1, ""n"": 148}, {""k"": 1, ""n"": 148}, {""k"": 1, ""n"": 149}, {""k"": 1, ""n"": 134}]}, {""constant_lens"": false, ""gain"": 0.25, ""lens"": ""pc1"", ""lens_scaling"": ""standardize"", ""min_cluster_size"": 37, ""min_samples"": 5, ""n_class"": 770, ""n_edges"": 5, ""n_intervals"": 6, ""n_vertices"": 6, ""noise_reassigned"": 600, ""placement"": ""quantile"", ""slabs"": [{""k"": 1, ""n"": 145}, {""k"": 1, ""n"": 160}, {""k"": 1, ""n"": 160}, {""k"": 1, ""n"": 160}, {""k"": 1, ""n"": 160}, {""k"": 1, ""n"": 145}]}, {""constant_lens"": false, ""gain"": 0.25, ""lens"": ""pc1"", ""lens_scaling"": ""standardize"", ""min_cluster_size"": 37, ""min_samples"": 5, ""n_class"": 713, ""n_edges"": 5, ""n_intervals"": 6, ""n_vertices"": 6, ""noise_reassigned"": 513, ""placement"": ""uniform"", ""slabs"": [{""k"": 1, ""n"": 188}, {""k"": 1, ""n"": 171}, {""k"": 1, ""n"": 130}, {""k"": 1, ""n"": 81}, {""k"": 1, ""n"": 132}, {""k"": 1, ""n"": 165}]}, {""constant_lens"": false, ""gain"": 0.25, ""lens"": ""pc1"", ""lens_scaling"": ""standardize"", ""min_cluster_size"": 37, ""min_samples"": 5, ""n_class"": 715, ""n_edges"": 5, ""n_intervals"": 6, ""n_vertices"": 6, ""noise_reassigned"": 480, ""placement"": ""quantile"", ""slabs"": [{""k"": 1, ""n"": 134}, {""k"": 1, ""n"": 148}, {""k"": 1, ""n"": 148}, {""k"": 1, ""n"": 148}, {""k"": 1, ""n"": 148}, {""k"": 1, ""n"": 134}]}], ""soundness_bound_holds"": true, ""step_rule"": ""scale_free"", ""topology_retention_nerve_to_frozen"": {""beta0_frozen"": 14, ""beta0_nerve"": 11, ""beta1_frozen"": 1, ""beta1_nerve"": 1}}",True
0.9808394160583942,495,False,0.05002021018593371,0.05,,12.536708999978146,12.536708999978146,0.0,penbased,5,,SPINE+Graph,10,495,1096,9896,0.9499797898140663,2061206373,False,"{""admission"": {""criterion"": ""risk"", ""removed_risk"": 3, ""removed_support"": 0}, ""betti_final"": [[2, 0], [1, 1], [2, 0], [1, 0], [1, 0], [2, 0], [1, 0], [1, 0], [1, 0], [2, 0]], ""betti_frozen"": [[2, 0], [1, 1], [2, 0], [1, 0], [1, 0], [2, 0], [1, 0], [1, 0], [1, 0], [2, 0]], ""betti_nerve"": [[1, 0], [1, 1], [1, 0], [1, 0], [1, 0], [2, 0], [1, 0], [1, 0], [1, 0], [1, 0]], ""boundary_restriction"": ""both"", ""forced_removals"": 0, ""growth_representation_fallbacks"": 395, ""invariant_held"": true, ""n_segments"": 482, ""n_train_fit"": 7422, ""n_val"": 2474, ""phase0"": [{""constant_lens"": false, ""gain"": 0.25, ""lens"": ""pc1"", ""lens_scaling"": ""standardize"", ""min_cluster_size"": 37, ""min_samples"": 5, ""n_class"": 771, ""n_edges"": 5, ""n_intervals"": 6, ""n_vertices"": 6, ""noise_reassigned"": 707, ""placement"": ""quantile"", ""slabs"": [{""k"": 1, ""n"": 145}, {""k"": 1, ""n"": 160}, {""k"": 1, ""n"": 161}, {""k"": 1, ""n"": 161}, {""k"": 1, ""n"": 160}, {""k"": 1, ""n"": 145}]}, {""constant_lens"": false, ""gain"": 0.25, ""lens"": ""pc1"", ""lens_scaling"": ""standardize"", ""min_cluster_size"": 37, ""min_samples"": 5, ""n_class"": 772, ""n_edges"": 7, ""n_intervals"": 6, ""n_vertices"": 7, ""noise_reassigned"": 568, ""placement"": ""uniform"", ""slabs"": [{""k"": 1, ""n"": 108}, {""k"": 1, ""n"": 306}, {""k"": 1, ""n"": 120}, {""k"": 1, ""n"": 75}, {""k"": 2, ""n"": 190}, {""k"": 1, ""n"": 149}]}, {""constant_lens"": false, ""gain"": 0.25, ""lens"": ""pc1"", ""lens_scaling"": ""standardize"", ""min_cluster_size"": 37, ""min_samples"": 5, ""n_class"": 772, ""n_edges"": 5, ""n_intervals"": 6, ""n_vertices"": 6, ""noise_reassigned"": 680, ""placement"": ""quantile"", ""slabs"": [{""k"": 1, ""n"": 145}, {""k"": 1, ""n"": 161}, {""k"": 1, ""n"": 161}, {""k"": 1, ""n"": 161}, {""k"": 1, ""n"": 161}, {""k"": 1, ""n"": 145}]}, {""constant_lens"": false, ""gain"": 0.25, ""lens"": ""pc1"", ""lens_scaling"": ""standardize"", ""min_cluster_size"": 37, ""min_samples"": 5, ""n_class"": 715, ""n_edges"": 5, ""n_intervals"": 6, ""n_vertices"": 6, ""noise_reassigned"": 631, ""placement"": ""quantile"", ""slabs"": [{""k"": 1, ""n"": 134}, {""k"": 1, ""n"": 148}, {""k"": 1, ""n"": 148}, {""k"": 1, ""n"": 148}, {""k"": 1, ""n"": 148}, {""k"": 1, ""n"": 134}]}, {""constant_lens"": false, ""gain"": 0.25, ""lens"": ""pc1"", ""lens_scaling"": ""standardize"", ""min_cluster_size"": 37, ""min_samples"": 5, ""n_class"": 769, ""n_edges"": 5, ""n_intervals"": 6, ""n_vertices"": 6, ""noise_reassigned"": 701, ""placement"": ""quantile"", ""slabs"": [{""k"": 1, ""n"": 145}, {""k"": 1, ""n"": 160}, {""k"": 1, ""n"": 160}, {""k"": 1, ""n"": 160}, {""k"": 1, ""n"": 161}, {""k"": 1, ""n"": 145}]}, {""constant_lens"": false, ""gain"": 0.25, ""lens"": ""pc1"", ""lens_scaling"": ""standardize"", ""min_cluster_size"": 37, ""min_samples"": 5, ""n_class"": 712, ""n_edges"": 5, ""n_intervals"": 6, ""n_vertices"": 7, ""noise_reassigned"": 342, ""placement"": ""quantile"", ""slabs"": [{""k"": 1, ""n"": 134}, {""k"": 1, ""n"": 148}, {""k"": 1, ""n"": 148}, {""k"": 2, ""n"": 148}, {""k"": 1, ""n"": 148}, {""k"": 1, ""n"": 134}]}, {""constant_lens"": false, ""gain"": 0.25, ""lens"": ""pc1"", ""lens_scaling"": ""standardize"", ""min_cluster_size"": 37, ""min_samples"": 5, ""n_class"": 713, ""n_edges"": 5, ""n_intervals"": 6, ""n_vertices"": 6, ""noise_reassigned"": 638, ""placement"": ""quantile"", ""slabs"": [{""k"": 1, ""n"": 134}, {""k"": 1, ""n"": 149}, {""k"": 1, ""n"": 148}, {""k"": 1, ""n"": 148}, {""k"": 1, ""n"": 149}, {""k"": 1, ""n"": 134}]}, {""constant_lens"": false, ""gain"": 0.25, ""lens"": ""pc1"", ""lens_scaling"": ""standardize"", ""min_cluster_size"": 37, ""min_samples"": 5, ""n_class"": 770, ""n_edges"": 5, ""n_intervals"": 6, ""n_vertices"": 6, ""noise_reassigned"": 600, ""placement"": ""quantile"", ""slabs"": [{""k"": 1, ""n"": 145}, {""k"": 1, ""n"": 160}, {""k"": 1, ""n"": 160}, {""k"": 1, ""n"": 160}, {""k"": 1, ""n"": 160}, {""k"": 1, ""n"": 145}]}, {""constant_lens"": false, ""gain"": 0.25, ""lens"": ""pc1"", ""lens_scaling"": ""standardize"", ""min_cluster_size"": 37, ""min_samples"": 5, ""n_class"": 713, ""n_edges"": 5, ""n_intervals"": 6, ""n_vertices"": 6, ""noise_reassigned"": 513, ""placement"": ""uniform"", ""slabs"": [{""k"": 1, ""n"": 188}, {""k"": 1, ""n"": 171}, {""k"": 1, ""n"": 130}, {""k"": 1, ""n"": 81}, {""k"": 1, ""n"": 132}, {""k"": 1, ""n"": 165}]}, {""constant_lens"": false, ""gain"": 0.25, ""lens"": ""pc1"", ""lens_scaling"": ""standardize"", ""min_cluster_size"": 37, ""min_samples"": 5, ""n_class"": 715, ""n_edges"": 5, ""n_intervals"": 6, ""n_vertices"": 6, ""noise_reassigned"": 480, ""placement"": ""quantile"", ""slabs"": [{""k"": 1, ""n"": 134}, {""k"": 1, ""n"": 148}, {""k"": 1, ""n"": 148}, {""k"": 1, ""n"": 148}, {""k"": 1, ""n"": 148}, {""k"": 1, ""n"": 134}]}], ""soundness_bound_holds"": true, ""step_rule"": ""scale_free"", ""topology_retention_nerve_to_frozen"": {""beta0_frozen"": 14, ""beta0_nerve"": 11, ""beta1_frozen"": 1, ""beta1_nerve"": 1}}",True
0.989963503649635,495,False,0.05002021018593371,0.05,,6.879343999986304,123.94439399999101,117.0650500000047,penbased,5,"{""epsilon"": 0.1, ""window"": 0.3}",LVQ3,10,495,1096,9896,0.9499797898140663,2061206373,False,,True
0.9826642335766423,495,False,0.05002021018593371,0.05,"{""0"": 51, ""1"": 51, ""2"": 52, ""3"": 48, ""4"": 51, ""5"": 47, ""6"": 48, ""7"": 51, ""8"": 48, ""9"": 48}",5.762183999991976,5.762183999991976,0.0,penbased,5,,KMeans,10,495,1096,9896,0.9499797898140663,2061206373,False,,True
0.9625912408759124,495,False,0.05002021018593371,0.05,"{""0"": 51, ""1"": 51, ""2"": 52, ""3"": 48, ""4"": 51, ""5"": 47, ""6"": 48, ""7"": 51, ""8"": 48, ""9"": 48}",0.002785000018775463,0.002785000018775463,0.0,penbased,5,,Random,10,495,1096,9896,0.9499797898140663,2061206373,False,,True
0.9826642335766423,495,False,0.05002021018593371,0.05,,3.057219000009354,3.057219000009354,0.0,penbased,5,,SPOT,10,495,1096,9896,0.9499797898140663,2061206373,False,,True
0.9388686131386861,495,False,0.05002021018593371,0.05,,106.8122189999849,106.8122189999849,0.0,penbased,5,,GLVQ,10,495,1096,9896,0.9499797898140663,2061206373,False,,True
0.9863138686131386,495,False,0.05002021018593371,0.05,,5.245731000002706,5.245731000002706,0.0,penbased,5,,GNG,10,495,1096,9896,0.9499797898140663,2061206373,False,,True
0.9945255474452555,990,False,0.10004042037186742,0.1,,0.0011670000094454736,0.0011670000094454736,0.0,penbased,5,,Full,10,9896,1096,9896,0.0,2061206373,True,,False
0.9890510948905109,990,False,0.10004042037186742,0.1,,2.4115210000018124,2.4115210000018124,0.0,penbased,5,,RSP3,10,997,1096,9896,0.8992522231204527,2061206373,True,,False
0.9835766423357665,990,False,0.10004042037186742,0.1,,1.2078239999827929,1.2078239999827929,0.0,penbased,5,,RHC,10,337,1096,9896,0.9659458367016976,2061206373,True,,False
0.9863138686131386,990,False,0.10004042037186742,0.1,,20.47560400000657,20.47560400000657,0.0,penbased,5,,SPINE+1NN,10,990,1096,9896,0.8999595796281326,2061206373,False,"{""admission"": {""criterion"": ""risk"", ""removed_risk"": 3, ""removed_support"": 0}, ""betti_final"": [[2, 0], [1, 1], [2, 0], [1, 0], [1, 0], [2, 0], [1, 0], [1, 0], [1, 0], [2, 0]], ""betti_frozen"": [[2, 0], [1, 1], [2, 0], [1, 0], [1, 0], [2, 0], [1, 0], [1, 0], [1, 0], [2, 0]], ""betti_nerve"": [[1, 0], [1, 1], [1, 0], [1, 0], [1, 0], [2, 0], [1, 0], [1, 0], [1, 0], [1, 0]], ""boundary_restriction"": ""both"", ""forced_removals"": 0, ""growth_representation_fallbacks"": 994, ""invariant_held"": true, ""n_segments"": 977, ""n_train_fit"": 7422, ""n_val"": 2474, ""phase0"": [{""constant_lens"": false, ""gain"": 0.25, ""lens"": ""pc1"", ""lens_scaling"": ""standardize"", ""min_cluster_size"": 37, ""min_samples"": 5, ""n_class"": 771, ""n_edges"": 5, ""n_intervals"": 6, ""n_vertices"": 6, ""noise_reassigned"": 707, ""placement"": ""quantile"", ""slabs"": [{""k"": 1, ""n"": 145}, {""k"": 1, ""n"": 160}, {""k"": 1, ""n"": 161}, {""k"": 1, ""n"": 161}, {""k"": 1, ""n"": 160}, {""k"": 1, ""n"": 145}]}, {""constant_lens"": false, ""gain"": 0.25, ""lens"": ""pc1"", ""lens_scaling"": ""standardize"", ""min_cluster_size"": 37, ""min_samples"": 5, ""n_class"": 772, ""n_edges"": 7, ""n_intervals"": 6, ""n_vertices"": 7, ""noise_reassigned"": 568, ""placement"": ""uniform"", ""slabs"": [{""k"": 1, ""n"": 108}, {""k"": 1, ""n"": 306}, {""k"": 1, ""n"": 120}, {""k"": 1, ""n"": 75}, {""k"": 2, ""n"": 190}, {""k"": 1, ""n"": 149}]}, {""constant_lens"": false, ""gain"": 0.25, ""lens"": ""pc1"", ""lens_scaling"": ""standardize"", ""min_cluster_size"": 37, ""min_samples"": 5, ""n_class"": 772, ""n_edges"": 5, ""n_intervals"": 6, ""n_vertices"": 6, ""noise_reassigned"": 680, ""placement"": ""quantile"", ""slabs"": [{""k"": 1, ""n"": 145}, {""k"": 1, ""n"": 161}, {""k"": 1, ""n"": 161}, {""k"": 1, ""n"": 161}, {""k"": 1, ""n"": 161}, {""k"": 1, ""n"": 145}]}, {""constant_lens"": false, ""gain"": 0.25, ""lens"": ""pc1"", ""lens_scaling"": ""standardize"", ""min_cluster_size"": 37, ""min_samples"": 5, ""n_class"": 715, ""n_edges"": 5, ""n_intervals"": 6, ""n_vertices"": 6, ""noise_reassigned"": 631, ""placement"": ""quantile"", ""slabs"": [{""k"": 1, ""n"": 134}, {""k"": 1, ""n"": 148}, {""k"": 1, ""n"": 148}, {""k"": 1, ""n"": 148}, {""k"": 1, ""n"": 148}, {""k"": 1, ""n"": 134}]}, {""constant_lens"": false, ""gain"": 0.25, ""lens"": ""pc1"", ""lens_scaling"": ""standardize"", ""min_cluster_size"": 37, ""min_samples"": 5, ""n_class"": 769, ""n_edges"": 5, ""n_intervals"": 6, ""n_vertices"": 6, ""noise_reassigned"": 701, ""placement"": ""quantile"", ""slabs"": [{""k"": 1, ""n"": 145}, {""k"": 1, ""n"": 160}, {""k"": 1, ""n"": 160}, {""k"": 1, ""n"": 160}, {""k"": 1, ""n"": 161}, {""k"": 1, ""n"": 145}]}, {""constant_lens"": false, ""gain"": 0.25, ""lens"": ""pc1"", ""lens_scaling"": ""standardize"", ""min_cluster_size"": 37, ""min_samples"": 5, ""n_class"": 712, ""n_edges"": 5, ""n_intervals"": 6, ""n_vertices"": 7, ""noise_reassigned"": 342, ""placement"": ""quantile"", ""slabs"": [{""k"": 1, ""n"": 134}, {""k"": 1, ""n"": 148}, {""k"": 1, ""n"": 148}, {""k"": 2, ""n"": 148}, {""k"": 1, ""n"": 148}, {""k"": 1, ""n"": 134}]}, {""constant_lens"": false, ""gain"": 0.25, ""lens"": ""pc1"", ""lens_scaling"": ""standardize"", ""min_cluster_size"": 37, ""min_samples"": 5, ""n_class"": 713, ""n_edges"": 5, ""n_intervals"": 6, ""n_vertices"": 6, ""noise_reassigned"": 638, ""placement"": ""quantile"", ""slabs"": [{""k"": 1, ""n"": 134}, {""k"": 1, ""n"": 149}, {""k"": 1, ""n"": 148}, {""k"": 1, ""n"": 148}, {""k"": 1, ""n"": 149}, {""k"": 1, ""n"": 134}]}, {""constant_lens"": false, ""gain"": 0.25, ""lens"": ""pc1"", ""lens_scaling"": ""standardize"", ""min_cluster_size"": 37, ""min_samples"": 5, ""n_class"": 770, ""n_edges"": 5, ""n_intervals"": 6, ""n_vertices"": 6, ""noise_reassigned"": 600, ""placement"": ""quantile"", ""slabs"": [{""k"": 1, ""n"": 145}, {""k"": 1, ""n"": 160}, {""k"": 1, ""n"": 160}, {""k"": 1, ""n"": 160}, {""k"": 1, ""n"": 160}, {""k"": 1, ""n"": 145}]}, {""constant_lens"": false, ""gain"": 0.25, ""lens"": ""pc1"", ""lens_scaling"": ""standardize"", ""min_cluster_size"": 37, ""min_samples"": 5, ""n_class"": 713, ""n_edges"": 5, ""n_intervals"": 6, ""n_vertices"": 6, ""noise_reassigned"": 513, ""placement"": ""uniform"", ""slabs"": [{""k"": 1, ""n"": 188}, {""k"": 1, ""n"": 171}, {""k"": 1, ""n"": 130}, {""k"": 1, ""n"": 81}, {""k"": 1, ""n"": 132}, {""k"": 1, ""n"": 165}]}, {""constant_lens"": false, ""gain"": 0.25, ""lens"": ""pc1"", ""lens_scaling"": ""standardize"", ""min_cluster_size"": 37, ""min_samples"": 5, ""n_class"": 715, ""n_edges"": 5, ""n_intervals"": 6, ""n_vertices"": 6, ""noise_reassigned"": 480, ""placement"": ""quantile"", ""slabs"": [{""k"": 1, ""n"": 134}, {""k"": 1, ""n"": 148}, {""k"": 1, ""n"": 148}, {""k"": 1, ""n"": 148}, {""k"": 1, ""n"": 148}, {""k"": 1, ""n"": 134}]}], ""soundness_bound_holds"": true, ""step_rule"": ""scale_free"", ""topology_retention_nerve_to_frozen"": {""beta0_frozen"": 14, ""beta0_nerve"": 11, ""beta1_frozen"": 1, ""beta1_nerve"": 1}}",True
0.9872262773722628,990,False,0.10004042037186742,0.1,,20.47560400000657,20.47560400000657,0.0,penbased,5,,SPINE+Graph,10,990,1096,9896,0.8999595796281326,2061206373,False,"{""admission"": {""criterion"": ""risk"", ""removed_risk"": 3, ""removed_support"": 0}, ""betti_final"": [[2, 0], [1, 1], [2, 0], [1, 0], [1, 0], [2, 0], [1, 0], [1, 0], [1, 0], [2, 0]], ""betti_frozen"": [[2, 0], [1, 1], [2, 0], [1, 0], [1, 0], [2, 0], [1, 0], [1, 0], [1, 0], [2, 0]], ""betti_nerve"": [[1, 0], [1, 1], [1, 0], [1, 0], [1, 0], [2, 0], [1, 0], [1, 0], [1, 0], [1, 0]], ""boundary_restriction"": ""both"", ""forced_removals"": 0, ""growth_representation_fallbacks"": 994, ""invariant_held"": true, ""n_segments"": 977, ""n_train_fit"": 7422, ""n_val"": 2474, ""phase0"": [{""constant_lens"": false, ""gain"": 0.25, ""lens"": ""pc1"", ""lens_scaling"": ""standardize"", ""min_cluster_size"": 37, ""min_samples"": 5, ""n_class"": 771, ""n_edges"": 5, ""n_intervals"": 6, ""n_vertices"": 6, ""noise_reassigned"": 707, ""placement"": ""quantile"", ""slabs"": [{""k"": 1, ""n"": 145}, {""k"": 1, ""n"": 160}, {""k"": 1, ""n"": 161}, {""k"": 1, ""n"": 161}, {""k"": 1, ""n"": 160}, {""k"": 1, ""n"": 145}]}, {""constant_lens"": false, ""gain"": 0.25, ""lens"": ""pc1"", ""lens_scaling"": ""standardize"", ""min_cluster_size"": 37, ""min_samples"": 5, ""n_class"": 772, ""n_edges"": 7, ""n_intervals"": 6, ""n_vertices"": 7, ""noise_reassigned"": 568, ""placement"": ""uniform"", ""slabs"": [{""k"": 1, ""n"": 108}, {""k"": 1, ""n"": 306}, {""k"": 1, ""n"": 120}, {""k"": 1, ""n"": 75}, {""k"": 2, ""n"": 190}, {""k"": 1, ""n"": 149}]}, {""constant_lens"": false, ""gain"": 0.25, ""lens"": ""pc1"", ""lens_scaling"": ""standardize"", ""min_cluster_size"": 37, ""min_samples"": 5, ""n_class"": 772, ""n_edges"": 5, ""n_intervals"": 6, ""n_vertices"": 6, ""noise_reassigned"": 680, ""placement"": ""quantile"", ""slabs"": [{""k"": 1, ""n"": 145}, {""k"": 1, ""n"": 161}, {""k"": 1, ""n"": 161}, {""k"": 1, ""n"": 161}, {""k"": 1, ""n"": 161}, {""k"": 1, ""n"": 145}]}, {""constant_lens"": false, ""gain"": 0.25, ""lens"": ""pc1"", ""lens_scaling"": ""standardize"", ""min_cluster_size"": 37, ""min_samples"": 5, ""n_class"": 715, ""n_edges"": 5, ""n_intervals"": 6, ""n_vertices"": 6, ""noise_reassigned"": 631, ""placement"": ""quantile"", ""slabs"": [{""k"": 1, ""n"": 134}, {""k"": 1, ""n"": 148}, {""k"": 1, ""n"": 148}, {""k"": 1, ""n"": 148}, {""k"": 1, ""n"": 148}, {""k"": 1, ""n"": 134}]}, {""constant_lens"": false, ""gain"": 0.25, ""lens"": ""pc1"", ""lens_scaling"": ""standardize"", ""min_cluster_size"": 37, ""min_samples"": 5, ""n_class"": 769, ""n_edges"": 5, ""n_intervals"": 6, ""n_vertices"": 6, ""noise_reassigned"": 701, ""placement"": ""quantile"", ""slabs"": [{""k"": 1, ""n"": 145}, {""k"": 1, ""n"": 160}, {""k"": 1, ""n"": 160}, {""k"": 1, ""n"": 160}, {""k"": 1, ""n"": 161}, {""k"": 1, ""n"": 145}]}, {""constant_lens"": false, ""gain"": 0.25, ""lens"": ""pc1"", ""lens_scaling"": ""standardize"", ""min_cluster_size"": 37, ""min_samples"": 5, ""n_class"": 712, ""n_edges"": 5, ""n_intervals"": 6, ""n_vertices"": 7, ""noise_reassigned"": 342, ""placement"": ""quantile"", ""slabs"": [{""k"": 1, ""n"": 134}, {""k"": 1, ""n"": 148}, {""k"": 1, ""n"": 148}, {""k"": 2, ""n"": 148}, {""k"": 1, ""n"": 148}, {""k"": 1, ""n"": 134}]}, {""constant_lens"": false, ""gain"": 0.25, ""lens"": ""pc1"", ""lens_scaling"": ""standardize"", ""min_cluster_size"": 37, ""min_samples"": 5, ""n_class"": 713, ""n_edges"": 5, ""n_intervals"": 6, ""n_vertices"": 6, ""noise_reassigned"": 638, ""placement"": ""quantile"", ""slabs"": [{""k"": 1, ""n"": 134}, {""k"": 1, ""n"": 149}, {""k"": 1, ""n"": 148}, {""k"": 1, ""n"": 148}, {""k"": 1, ""n"": 149}, {""k"": 1, ""n"": 134}]}, {""constant_lens"": false, ""gain"": 0.25, ""lens"": ""pc1"", ""lens_scaling"": ""standardize"", ""min_cluster_size"": 37, ""min_samples"": 5, ""n_class"": 770, ""n_edges"": 5, ""n_intervals"": 6, ""n_vertices"": 6, ""noise_reassigned"": 600, ""placement"": ""quantile"", ""slabs"": [{""k"": 1, ""n"": 145}, {""k"": 1, ""n"": 160}, {""k"": 1, ""n"": 160}, {""k"": 1, ""n"": 160}, {""k"": 1, ""n"": 160}, {""k"": 1, ""n"": 145}]}, {""constant_lens"": false, ""gain"": 0.25, ""lens"": ""pc1"", ""lens_scaling"": ""standardize"", ""min_cluster_size"": 37, ""min_samples"": 5, ""n_class"": 713, ""n_edges"": 5, ""n_intervals"": 6, ""n_vertices"": 6, ""noise_reassigned"": 513, ""placement"": ""uniform"", ""slabs"": [{""k"": 1, ""n"": 188}, {""k"": 1, ""n"": 171}, {""k"": 1, ""n"": 130}, {""k"": 1, ""n"": 81}, {""k"": 1, ""n"": 132}, {""k"": 1, ""n"": 165}]}, {""constant_lens"": false, ""gain"": 0.25, ""lens"": ""pc1"", ""lens_scaling"": ""standardize"", ""min_cluster_size"": 37, ""min_samples"": 5, ""n_class"": 715, ""n_edges"": 5, ""n_intervals"": 6, ""n_vertices"": 6, ""noise_reassigned"": 480, ""placement"": ""quantile"", ""slabs"": [{""k"": 1, ""n"": 134}, {""k"": 1, ""n"": 148}, {""k"": 1, ""n"": 148}, {""k"": 1, ""n"": 148}, {""k"": 1, ""n"": 148}, {""k"": 1, ""n"": 134}]}], ""soundness_bound_holds"": true, ""step_rule"": ""scale_free"", ""topology_retention_nerve_to_frozen"": {""beta0_frozen"": 14, ""beta0_nerve"": 11, ""beta1_frozen"": 1, ""beta1_nerve"": 1}}",True
0.9881386861313869,990,False,0.10004042037186742,0.1,,11.717859000025783,195.48627800002578,183.768419,penbased,5,"{""epsilon"": 0.3, ""window"": 0.2}",LVQ3,10,990,1096,9896,0.8999595796281326,2061206373,False,,True
0.9908759124087592,990,False,0.10004042037186742,0.1,"{""0"": 103, ""1"": 103, ""2"": 103, ""3"": 95, ""4"": 103, ""5"": 95, ""6"": 95, ""7"": 103, ""8"": 95, ""9"": 95}",7.55888799999957,7.55888799999957,0.0,penbased,5,,KMeans,10,990,1096,9896,0.8999595796281326,2061206373,False,,True
0.9744525547445255,990,False,0.10004042037186742,0.1,"{""0"": 103, ""1"": 103, ""2"": 103, ""3"": 95, ""4"": 103, ""5"": 95, ""6"": 95, ""7"": 103, ""8"": 95, ""9"": 95}",0.0033629999961704016,0.0033629999961704016,0.0,penbased,5,,Random,10,990,1096,9896,0.8999595796281326,2061206373,False,,True
0.9890510948905109,990,False,0.10004042037186742,0.1,,3.0757570000132546,3.0757570000132546,0.0,penbased,5,,SPOT,10,990,1096,9896,0.8999595796281326,2061206373,False,,True
0.9370437956204379,990,False,0.10004042037186742,0.1,,210.4948779999977,210.4948779999977,0.0,penbased,5,,GLVQ,10,990,1096,9896,0.8999595796281326,2061206373,False,,True
0.989963503649635,990,False,0.10004042037186742,0.1,,13.612309999996796,13.612309999996796,0.0,penbased,5,,GNG,10,990,1096,9896,0.8999595796281326,2061206373,False,,True
0.9945255474452555,2474,False,0.25,0.25,,0.0011670000094454736,0.0011670000094454736,0.0,penbased,5,,Full,10,9896,1096,9896,0.0,2061206373,True,,False
0.9890510948905109,2474,False,0.25,0.25,,2.4115210000018124,2.4115210000018124,0.0,penbased,5,,RSP3,10,997,1096,9896,0.8992522231204527,2061206373,True,,False
0.9835766423357665,2474,False,0.25,0.25,,1.2078239999827929,1.2078239999827929,0.0,penbased,5,,RHC,10,337,1096,9896,0.9659458367016976,2061206373,True,,False
0.9927007299270073,2474,False,0.25,0.25,,67.17512200001511,67.17512200001511,0.0,penbased,5,,SPINE+1NN,10,2474,1096,9896,0.75,2061206373,False,"{""admission"": {""criterion"": ""risk"", ""removed_risk"": 3, ""removed_support"": 0}, ""betti_final"": [[2, 0], [1, 1], [2, 0], [1, 0], [1, 0], [2, 0], [1, 0], [1, 0], [1, 0], [2, 0]], ""betti_frozen"": [[2, 0], [1, 1], [2, 0], [1, 0], [1, 0], [2, 0], [1, 0], [1, 0], [1, 0], [2, 0]], ""betti_nerve"": [[1, 0], [1, 1], [1, 0], [1, 0], [1, 0], [2, 0], [1, 0], [1, 0], [1, 0], [1, 0]], ""boundary_restriction"": ""both"", ""forced_removals"": 0, ""growth_representation_fallbacks"": 2779, ""invariant_held"": true, ""n_segments"": 2461, ""n_train_fit"": 7422, ""n_val"": 2474, ""phase0"": [{""constant_lens"": false, ""gain"": 0.25, ""lens"": ""pc1"", ""lens_scaling"": ""standardize"", ""min_cluster_size"": 37, ""min_samples"": 5, ""n_class"": 771, ""n_edges"": 5, ""n_intervals"": 6, ""n_vertices"": 6, ""noise_reassigned"": 707, ""placement"": ""quantile"", ""slabs"": [{""k"": 1, ""n"": 145}, {""k"": 1, ""n"": 160}, {""k"": 1, ""n"": 161}, {""k"": 1, ""n"": 161}, {""k"": 1, ""n"": 160}, {""k"": 1, ""n"": 145}]}, {""constant_lens"": false, ""gain"": 0.25, ""lens"": ""pc1"", ""lens_scaling"": ""standardize"", ""min_cluster_size"": 37, ""min_samples"": 5, ""n_class"": 772, ""n_edges"": 7, ""n_intervals"": 6, ""n_vertices"": 7, ""noise_reassigned"": 568, ""placement"": ""uniform"", ""slabs"": [{""k"": 1, ""n"": 108}, {""k"": 1, ""n"": 306}, {""k"": 1, ""n"": 120}, {""k"": 1, ""n"": 75}, {""k"": 2, ""n"": 190}, {""k"": 1, ""n"": 149}]}, {""constant_lens"": false, ""gain"": 0.25, ""lens"": ""pc1"", ""lens_scaling"": ""standardize"", ""min_cluster_size"": 37, ""min_samples"": 5, ""n_class"": 772, ""n_edges"": 5, ""n_intervals"": 6, ""n_vertices"": 6, ""noise_reassigned"": 680, ""placement"": ""quantile"", ""slabs"": [{""k"": 1, ""n"": 145}, {""k"": 1, ""n"": 161}, {""k"": 1, ""n"": 161}, {""k"": 1, ""n"": 161}, {""k"": 1, ""n"": 161}, {""k"": 1, ""n"": 145}]}, {""constant_lens"": false, ""gain"": 0.25, ""lens"": ""pc1"", ""lens_scaling"": ""standardize"", ""min_cluster_size"": 37, ""min_samples"": 5, ""n_class"": 715, ""n_edges"": 5, ""n_intervals"": 6, ""n_vertices"": 6, ""noise_reassigned"": 631, ""placement"": ""quantile"", ""slabs"": [{""k"": 1, ""n"": 134}, {""k"": 1, ""n"": 148}, {""k"": 1, ""n"": 148}, {""k"": 1, ""n"": 148}, {""k"": 1, ""n"": 148}, {""k"": 1, ""n"": 134}]}, {""constant_lens"": false, ""gain"": 0.25, ""lens"": ""pc1"", ""lens_scaling"": ""standardize"", ""min_cluster_size"": 37, ""min_samples"": 5, ""n_class"": 769, ""n_edges"": 5, ""n_intervals"": 6, ""n_vertices"": 6, ""noise_reassigned"": 701, ""placement"": ""quantile"", ""slabs"": [{""k"": 1, ""n"": 145}, {""k"": 1, ""n"": 160}, {""k"": 1, ""n"": 160}, {""k"": 1, ""n"": 160}, {""k"": 1, ""n"": 161}, {""k"": 1, ""n"": 145}]}, {""constant_lens"": false, ""gain"": 0.25, ""lens"": ""pc1"", ""lens_scaling"": ""standardize"", ""min_cluster_size"": 37, ""min_samples"": 5, ""n_class"": 712, ""n_edges"": 5, ""n_intervals"": 6, ""n_vertices"": 7, ""noise_reassigned"": 342, ""placement"": ""quantile"", ""slabs"": [{""k"": 1, ""n"": 134}, {""k"": 1, ""n"": 148}, {""k"": 1, ""n"": 148}, {""k"": 2, ""n"": 148}, {""k"": 1, ""n"": 148}, {""k"": 1, ""n"": 134}]}, {""constant_lens"": false, ""gain"": 0.25, ""lens"": ""pc1"", ""lens_scaling"": ""standardize"", ""min_cluster_size"": 37, ""min_samples"": 5, ""n_class"": 713, ""n_edges"": 5, ""n_intervals"": 6, ""n_vertices"": 6, ""noise_reassigned"": 638, ""placement"": ""quantile"", ""slabs"": [{""k"": 1, ""n"": 134}, {""k"": 1, ""n"": 149}, {""k"": 1, ""n"": 148}, {""k"": 1, ""n"": 148}, {""k"": 1, ""n"": 149}, {""k"": 1, ""n"": 134}]}, {""constant_lens"": false, ""gain"": 0.25, ""lens"": ""pc1"", ""lens_scaling"": ""standardize"", ""min_cluster_size"": 37, ""min_samples"": 5, ""n_class"": 770, ""n_edges"": 5, ""n_intervals"": 6, ""n_vertices"": 6, ""noise_reassigned"": 600, ""placement"": ""quantile"", ""slabs"": [{""k"": 1, ""n"": 145}, {""k"": 1, ""n"": 160}, {""k"": 1, ""n"": 160}, {""k"": 1, ""n"": 160}, {""k"": 1, ""n"": 160}, {""k"": 1, ""n"": 145}]}, {""constant_lens"": false, ""gain"": 0.25, ""lens"": ""pc1"", ""lens_scaling"": ""standardize"", ""min_cluster_size"": 37, ""min_samples"": 5, ""n_class"": 713, ""n_edges"": 5, ""n_intervals"": 6, ""n_vertices"": 6, ""noise_reassigned"": 513, ""placement"": ""uniform"", ""slabs"": [{""k"": 1, ""n"": 188}, {""k"": 1, ""n"": 171}, {""k"": 1, ""n"": 130}, {""k"": 1, ""n"": 81}, {""k"": 1, ""n"": 132}, {""k"": 1, ""n"": 165}]}, {""constant_lens"": false, ""gain"": 0.25, ""lens"": ""pc1"", ""lens_scaling"": ""standardize"", ""min_cluster_size"": 37, ""min_samples"": 5, ""n_class"": 715, ""n_edges"": 5, ""n_intervals"": 6, ""n_vertices"": 6, ""noise_reassigned"": 480, ""placement"": ""quantile"", ""slabs"": [{""k"": 1, ""n"": 134}, {""k"": 1, ""n"": 148}, {""k"": 1, ""n"": 148}, {""k"": 1, ""n"": 148}, {""k"": 1, ""n"": 148}, {""k"": 1, ""n"": 134}]}], ""soundness_bound_holds"": true, ""step_rule"": ""scale_free"", ""topology_retention_nerve_to_frozen"": {""beta0_frozen"": 14, ""beta0_nerve"": 11, ""beta1_frozen"": 1, ""beta1_nerve"": 1}}",True
0.9927007299270073,2474,False,0.25,0.25,,67.17512200001511,67.17512200001511,0.0,penbased,5,,SPINE+Graph,10,2474,1096,9896,0.75,2061206373,False,"{""admission"": {""criterion"": ""risk"", ""removed_risk"": 3, ""removed_support"": 0}, ""betti_final"": [[2, 0], [1, 1], [2, 0], [1, 0], [1, 0], [2, 0], [1, 0], [1, 0], [1, 0], [2, 0]], ""betti_frozen"": [[2, 0], [1, 1], [2, 0], [1, 0], [1, 0], [2, 0], [1, 0], [1, 0], [1, 0], [2, 0]], ""betti_nerve"": [[1, 0], [1, 1], [1, 0], [1, 0], [1, 0], [2, 0], [1, 0], [1, 0], [1, 0], [1, 0]], ""boundary_restriction"": ""both"", ""forced_removals"": 0, ""growth_representation_fallbacks"": 2779, ""invariant_held"": true, ""n_segments"": 2461, ""n_train_fit"": 7422, ""n_val"": 2474, ""phase0"": [{""constant_lens"": false, ""gain"": 0.25, ""lens"": ""pc1"", ""lens_scaling"": ""standardize"", ""min_cluster_size"": 37, ""min_samples"": 5, ""n_class"": 771, ""n_edges"": 5, ""n_intervals"": 6, ""n_vertices"": 6, ""noise_reassigned"": 707, ""placement"": ""quantile"", ""slabs"": [{""k"": 1, ""n"": 145}, {""k"": 1, ""n"": 160}, {""k"": 1, ""n"": 161}, {""k"": 1, ""n"": 161}, {""k"": 1, ""n"": 160}, {""k"": 1, ""n"": 145}]}, {""constant_lens"": false, ""gain"": 0.25, ""lens"": ""pc1"", ""lens_scaling"": ""standardize"", ""min_cluster_size"": 37, ""min_samples"": 5, ""n_class"": 772, ""n_edges"": 7, ""n_intervals"": 6, ""n_vertices"": 7, ""noise_reassigned"": 568, ""placement"": ""uniform"", ""slabs"": [{""k"": 1, ""n"": 108}, {""k"": 1, ""n"": 306}, {""k"": 1, ""n"": 120}, {""k"": 1, ""n"": 75}, {""k"": 2, ""n"": 190}, {""k"": 1, ""n"": 149}]}, {""constant_lens"": false, ""gain"": 0.25, ""lens"": ""pc1"", ""lens_scaling"": ""standardize"", ""min_cluster_size"": 37, ""min_samples"": 5, ""n_class"": 772, ""n_edges"": 5, ""n_intervals"": 6, ""n_vertices"": 6, ""noise_reassigned"": 680, ""placement"": ""quantile"", ""slabs"": [{""k"": 1, ""n"": 145}, {""k"": 1, ""n"": 161}, {""k"": 1, ""n"": 161}, {""k"": 1, ""n"": 161}, {""k"": 1, ""n"": 161}, {""k"": 1, ""n"": 145}]}, {""constant_lens"": false, ""gain"": 0.25, ""lens"": ""pc1"", ""lens_scaling"": ""standardize"", ""min_cluster_size"": 37, ""min_samples"": 5, ""n_class"": 715, ""n_edges"": 5, ""n_intervals"": 6, ""n_vertices"": 6, ""noise_reassigned"": 631, ""placement"": ""quantile"", ""slabs"": [{""k"": 1, ""n"": 134}, {""k"": 1, ""n"": 148}, {""k"": 1, ""n"": 148}, {""k"": 1, ""n"": 148}, {""k"": 1, ""n"": 148}, {""k"": 1, ""n"": 134}]}, {""constant_lens"": false, ""gain"": 0.25, ""lens"": ""pc1"", ""lens_scaling"": ""standardize"", ""min_cluster_size"": 37, ""min_samples"": 5, ""n_class"": 769, ""n_edges"": 5, ""n_intervals"": 6, ""n_vertices"": 6, ""noise_reassigned"": 701, ""placement"": ""quantile"", ""slabs"": [{""k"": 1, ""n"": 145}, {""k"": 1, ""n"": 160}, {""k"": 1, ""n"": 160}, {""k"": 1, ""n"": 160}, {""k"": 1, ""n"": 161}, {""k"": 1, ""n"": 145}]}, {""constant_lens"": false, ""gain"": 0.25, ""lens"": ""pc1"", ""lens_scaling"": ""standardize"", ""min_cluster_size"": 37, ""min_samples"": 5, ""n_class"": 712, ""n_edges"": 5, ""n_intervals"": 6, ""n_vertices"": 7, ""noise_reassigned"": 342, ""placement"": ""quantile"", ""slabs"": [{""k"": 1, ""n"": 134}, {""k"": 1, ""n"": 148}, {""k"": 1, ""n"": 148}, {""k"": 2, ""n"": 148}, {""k"": 1, ""n"": 148}, {""k"": 1, ""n"": 134}]}, {""constant_lens"": false, ""gain"": 0.25, ""lens"": ""pc1"", ""lens_scaling"": ""standardize"", ""min_cluster_size"": 37, ""min_samples"": 5, ""n_class"": 713, ""n_edges"": 5, ""n_intervals"": 6, ""n_vertices"": 6, ""noise_reassigned"": 638, ""placement"": ""quantile"", ""slabs"": [{""k"": 1, ""n"": 134}, {""k"": 1, ""n"": 149}, {""k"": 1, ""n"": 148}, {""k"": 1, ""n"": 148}, {""k"": 1, ""n"": 149}, {""k"": 1, ""n"": 134}]}, {""constant_lens"": false, ""gain"": 0.25, ""lens"": ""pc1"", ""lens_scaling"": ""standardize"", ""min_cluster_size"": 37, ""min_samples"": 5, ""n_class"": 770, ""n_edges"": 5, ""n_intervals"": 6, ""n_vertices"": 6, ""noise_reassigned"": 600, ""placement"": ""quantile"", ""slabs"": [{""k"": 1, ""n"": 145}, {""k"": 1, ""n"": 160}, {""k"": 1, ""n"": 160}, {""k"": 1, ""n"": 160}, {""k"": 1, ""n"": 160}, {""k"": 1, ""n"": 145}]}, {""constant_lens"": false, ""gain"": 0.25, ""lens"": ""pc1"", ""lens_scaling"": ""standardize"", ""min_cluster_size"": 37, ""min_samples"": 5, ""n_class"": 713, ""n_edges"": 5, ""n_intervals"": 6, ""n_vertices"": 6, ""noise_reassigned"": 513, ""placement"": ""uniform"", ""slabs"": [{""k"": 1, ""n"": 188}, {""k"": 1, ""n"": 171}, {""k"": 1, ""n"": 130}, {""k"": 1, ""n"": 81}, {""k"": 1, ""n"": 132}, {""k"": 1, ""n"": 165}]}, {""constant_lens"": false, ""gain"": 0.25, ""lens"": ""pc1"", ""lens_scaling"": ""standardize"", ""min_cluster_size"": 37, ""min_samples"": 5, ""n_class"": 715, ""n_edges"": 5, ""n_intervals"": 6, ""n_vertices"": 6, ""noise_reassigned"": 480, ""placement"": ""quantile"", ""slabs"": [{""k"": 1, ""n"": 134}, {""k"": 1, ""n"": 148}, {""k"": 1, ""n"": 148}, {""k"": 1, ""n"": 148}, {""k"": 1, ""n"": 148}, {""k"": 1, ""n"": 134}]}], ""soundness_bound_holds"": true, ""step_rule"": ""scale_free"", ""topology_retention_nerve_to_frozen"": {""beta0_frozen"": 14, ""beta0_nerve"": 11, ""beta1_frozen"": 1, ""beta1_nerve"": 1}}",True
0.9890510948905109,2474,False,0.25,0.25,,25.863850000023376,445.2006480000273,419.3367980000039,penbased,5,"{""epsilon"": 0.3, ""window"": 0.3}",LVQ3,10,2474,1096,9896,0.75,2061206373,False,,True
0.9936131386861314,2474,False,0.25,0.25,"{""0"": 257, ""1"": 257, ""2"": 258, ""3"": 239, ""4"": 256, ""5"": 237, ""6"": 238, ""7"": 257, ""8"": 237, ""9"": 238}",14.931856999988668,14.931856999988668,0.0,penbased,5,,KMeans,10,2474,1096,9896,0.75,2061206373,False,,True
0.9835766423357665,2474,False,0.25,0.25,"{""0"": 257, ""1"": 257, ""2"": 258, ""3"": 239, ""4"": 256, ""5"": 237, ""6"": 238, ""7"": 257, ""8"": 237, ""9"": 238}",0.004192000022158027,0.004192000022158027,0.0,penbased,5,,Random,10,2474,1096,9896,0.75,2061206373,False,,True
0.9917883211678832,2474,False,0.25,0.25,,3.3883270000224,3.3883270000224,0.0,penbased,5,,SPOT,10,2474,1096,9896,0.75,2061206373,False,,True
0.9406934306569343,2474,False,0.25,0.25,,519.5996600000071,519.5996600000071,0.0,penbased,5,,GLVQ,10,2474,1096,9896,0.75,2061206373,False,,True
0.9936131386861314,2474,False,0.25,0.25,,63.374282000004314,63.374282000004314,0.0,penbased,5,,GNG,10,2474,1096,9896,0.75,2061206373,False,,True
0.9954504094631483,49,False,0.004952997068634388,0.005,,0.0012619999761227518,0.0012619999761227518,0.0,penbased,6,,Full,10,9893,1099,9893,0.0,2062206376,False,,False
0.9945404913557779,49,False,0.004952997068634388,0.005,,2.6507649999985006,2.6507649999985006,0.0,penbased,6,,RSP3,10,1092,1099,9893,0.8896189224704336,2062206376,False,,False
0.9927206551410374,49,False,0.004952997068634388,0.005,,1.145435999991605,1.145435999991605,0.0,penbased,6,,RHC,10,325,1099,9893,0.9671484888304862,2062206376,False,,False
0.924476797088262,49,False,0.004952997068634388,0.005,,6.112223000003723,6.112223000003723,0.0,penbased,6,,SPINE+1NN,10,49,1099,9893,0.9950470029313656,2062206376,False,"{""admission"": {""criterion"": ""risk"", ""removed_risk"": 5, ""removed_support"": 0}, ""betti_final"": [[3, 0], [1, 1], [1, 0], [2, 0], [1, 0], [2, 0], [1, 0], [2, 0], [1, 0], [2, 0]], ""betti_frozen"": [[3, 0], [1, 1], [1, 0], [2, 0], [1, 0], [2, 0], [1, 0], [2, 0], [1, 0], [2, 0]], ""betti_nerve"": [[1, 0], [1, 1], [1, 0], [1, 0], [1, 0], [2, 0], [1, 0], [1, 0], [1, 0], [1, 0]], ""boundary_restriction"": ""both"", ""forced_removals"": 0, ""growth_representation_fallbacks"": 0, ""invariant_held"": true, ""n_segments"": 34, ""n_train_fit"": 7420, ""n_val"": 2473, ""phase0"": [{""constant_lens"": false, ""gain"": 0.25, ""lens"": ""pc1"", ""lens_scaling"": ""standardize"", ""min_cluster_size"": 37, ""min_samples"": 5, ""n_class"": 771, ""n_edges"": 5, ""n_intervals"": 6, ""n_vertices"": 6, ""noise_reassigned"": 696, ""placement"": ""quantile"", ""slabs"": [{""k"": 1, ""n"": 145}, {""k"": 1, ""n"": 160}, {""k"": 1, ""n"": 161}, {""k"": 1, ""n"": 161}, {""k"": 1, ""n"": 160}, {""k"": 1, ""n"": 145}]}, {""constant_lens"": false, ""gain"": 0.25, ""lens"": ""pc1"", ""lens_scaling"": ""standardize"", ""min_cluster_size"": 37, ""min_samples"": 5, ""n_class"": 772, ""n_edges"": 7, ""n_intervals"": 6, ""n_vertices"": 7, ""noise_reassigned"": 599, ""placement"": ""quantile"", ""slabs"": [{""k"": 1, ""n"": 145}, {""k"": 1, ""n"": 161}, {""k"": 1, ""n"": 161}, {""k"": 1, ""n"": 161}, {""k"": 2, ""n"": 161}, {""k"": 1, ""n"": 145}]}, {""constant_lens"": false, ""gain"": 0.25, ""lens"": ""pc1"", ""lens_scaling"": ""standardize"", ""min_cluster_size"": 37, ""min_samples"": 5, ""n_class"": 773, ""n_edges"": 5, ""n_intervals"": 6, ""n_vertices"": 6, ""noise_reassigned"": 662, ""placement"": ""quantile"", ""slabs"": [{""k"": 1, ""n"": 145}, {""k"": 1, ""n"": 161}, {""k"": 1, ""n"": 161}, {""k"": 1, ""n"": 161}, {""k"": 1, ""n"": 161}, {""k"": 1, ""n"": 145}]}, {""constant_lens"": false, ""gain"": 0.25, ""lens"": ""pc1"", ""lens_scaling"": ""standardize"", ""min_cluster_size"": 37, ""min_samples"": 5, ""n_class"": 712, ""n_edges"": 5, ""n_intervals"": 6, ""n_vertices"": 6, ""noise_reassigned"": 613, ""placement"": ""quantile"", ""slabs"": [{""k"": 1, ""n"": 134}, {""k"": 1, ""n"": 148}, {""k"": 1, ""n"": 148}, {""k"": 1, ""n"": 148}, {""k"": 1, ""n"": 148}, {""k"": 1, ""n"": 134}]}, {""constant_lens"": false, ""gain"": 0.25, ""lens"": ""pc1"", ""lens_scaling"": ""standardize"", ""min_cluster_size"": 37, ""min_samples"": 5, ""n_class"": 773, ""n_edges"": 5, ""n_intervals"": 6, ""n_vertices"": 6, ""noise_reassigned"": 709, ""placement"": ""quantile"", ""slabs"": [{""k"": 1, ""n"": 145}, {""k"": 1, ""n"": 161}, {""k"": 1, ""n"": 161}, {""k"": 1, ""n"": 161}, {""k"": 1, ""n"": 161}, {""k"": 1, ""n"": 145}]}, {""constant_lens"": false, ""gain"": 0.25, ""lens"": ""pc1"", ""lens_scaling"": ""standardize"", ""min_cluster_size"": 37, ""min_samples"": 5, ""n_class"": 711, ""n_edges"": 5, ""n_intervals"": 6, ""n_vertices"": 7, ""noise_reassigned"": 362, ""placement"": ""quantile"", ""slabs"": [{""k"": 1, ""n"": 134}, {""k"": 1, ""n"": 148}, {""k"": 1, ""n"": 148}, {""k"": 2, ""n"": 148}, {""k"": 1, ""n"": 148}, {""k"": 1, ""n"": 134}]}, {""constant_lens"": false, ""gain"": 0.25, ""lens"": ""pc1"", ""lens_scaling"": ""standardize"", ""min_cluster_size"": 37, ""min_samples"": 5, ""n_class"": 713, ""n_edges"": 5, ""n_intervals"": 6, ""n_vertices"": 6, ""noise_reassigned"": 638, ""placement"": ""quantile"", ""slabs"": [{""k"": 1, ""n"": 134}, {""k"": 1, ""n"": 149}, {""k"": 1, ""n"": 148}, {""k"": 1, ""n"": 148}, {""k"": 1, ""n"": 149}, {""k"": 1, ""n"": 134}]}, {""constant_lens"": false, ""gain"": 0.25, ""lens"": ""pc1"", ""lens_scaling"": ""standardize"", ""min_cluster_size"": 37, ""min_samples"": 5, ""n_class"": 770, ""n_edges"": 5, ""n_intervals"": 6, ""n_vertices"": 6, ""noise_reassigned"": 594, ""placement"": ""quantile"", ""slabs"": [{""k"": 1, ""n"": 145}, {""k"": 1, ""n"": 160}, {""k"": 1, ""n"": 160}, {""k"": 1, ""n"": 160}, {""k"": 1, ""n"": 160}, {""k"": 1, ""n"": 145}]}, {""constant_lens"": false, ""gain"": 0.25, ""lens"": ""pc1"", ""lens_scaling"": ""standardize"", ""min_cluster_size"": 37, ""min_samples"": 5, ""n_class"": 713, ""n_edges"": 5, ""n_intervals"": 6, ""n_vertices"": 6, ""noise_reassigned"": 538, ""placement"": ""uniform"", ""slabs"": [{""k"": 1, ""n"": 154}, {""k"": 1, ""n"": 178}, {""k"": 1, ""n"": 134}, {""k"": 1, ""n"": 96}, {""k"": 1, ""n"": 125}, {""k"": 1, ""n"": 169}]}, {""constant_lens"": false, ""gain"": 0.25, ""lens"": ""pc1"", ""lens_scaling"": ""standardize"", ""min_cluster_size"": 37, ""min_samples"": 5, ""n_class"": 712, ""n_edges"": 5, ""n_intervals"": 6, ""n_vertices"": 6, ""noise_reassigned"": 421, ""placement"": ""quantile"", ""slabs"": [{""k"": 1, ""n"": 134}, {""k"": 1, ""n"": 148}, {""k"": 1, ""n"": 148}, {""k"": 1, ""n"": 148}, {""k"": 1, ""n"": 148}, {""k"": 1, ""n"": 134}]}], ""soundness_bound_holds"": true, ""step_rule"": ""scale_free"", ""topology_retention_nerve_to_frozen"": {""beta0_frozen"": 16, ""beta0_nerve"": 11, ""beta1_frozen"": 1, ""beta1_nerve"": 1}}",True
0.9572338489535942,49,False,0.004952997068634388,0.005,,6.112223000003723,6.112223000003723,0.0,penbased,6,,SPINE+Graph,10,49,1099,9893,0.9950470029313656,2062206376,False,"{""admission"": {""criterion"": ""risk"", ""removed_risk"": 5, ""removed_support"": 0}, ""betti_final"": [[3, 0], [1, 1], [1, 0], [2, 0], [1, 0], [2, 0], [1, 0], [2, 0], [1, 0], [2, 0]], ""betti_frozen"": [[3, 0], [1, 1], [1, 0], [2, 0], [1, 0], [2, 0], [1, 0], [2, 0], [1, 0], [2, 0]], ""betti_nerve"": [[1, 0], [1, 1], [1, 0], [1, 0], [1, 0], [2, 0], [1, 0], [1, 0], [1, 0], [1, 0]], ""boundary_restriction"": ""both"", ""forced_removals"": 0, ""growth_representation_fallbacks"": 0, ""invariant_held"": true, ""n_segments"": 34, ""n_train_fit"": 7420, ""n_val"": 2473, ""phase0"": [{""constant_lens"": false, ""gain"": 0.25, ""lens"": ""pc1"", ""lens_scaling"": ""standardize"", ""min_cluster_size"": 37, ""min_samples"": 5, ""n_class"": 771, ""n_edges"": 5, ""n_intervals"": 6, ""n_vertices"": 6, ""noise_reassigned"": 696, ""placement"": ""quantile"", ""slabs"": [{""k"": 1, ""n"": 145}, {""k"": 1, ""n"": 160}, {""k"": 1, ""n"": 161}, {""k"": 1, ""n"": 161}, {""k"": 1, ""n"": 160}, {""k"": 1, ""n"": 145}]}, {""constant_lens"": false, ""gain"": 0.25, ""lens"": ""pc1"", ""lens_scaling"": ""standardize"", ""min_cluster_size"": 37, ""min_samples"": 5, ""n_class"": 772, ""n_edges"": 7, ""n_intervals"": 6, ""n_vertices"": 7, ""noise_reassigned"": 599, ""placement"": ""quantile"", ""slabs"": [{""k"": 1, ""n"": 145}, {""k"": 1, ""n"": 161}, {""k"": 1, ""n"": 161}, {""k"": 1, ""n"": 161}, {""k"": 2, ""n"": 161}, {""k"": 1, ""n"": 145}]}, {""constant_lens"": false, ""gain"": 0.25, ""lens"": ""pc1"", ""lens_scaling"": ""standardize"", ""min_cluster_size"": 37, ""min_samples"": 5, ""n_class"": 773, ""n_edges"": 5, ""n_intervals"": 6, ""n_vertices"": 6, ""noise_reassigned"": 662, ""placement"": ""quantile"", ""slabs"": [{""k"": 1, ""n"": 145}, {""k"": 1, ""n"": 161}, {""k"": 1, ""n"": 161}, {""k"": 1, ""n"": 161}, {""k"": 1, ""n"": 161}, {""k"": 1, ""n"": 145}]}, {""constant_lens"": false, ""gain"": 0.25, ""lens"": ""pc1"", ""lens_scaling"": ""standardize"", ""min_cluster_size"": 37, ""min_samples"": 5, ""n_class"": 712, ""n_edges"": 5, ""n_intervals"": 6, ""n_vertices"": 6, ""noise_reassigned"": 613, ""placement"": ""quantile"", ""slabs"": [{""k"": 1, ""n"": 134}, {""k"": 1, ""n"": 148}, {""k"": 1, ""n"": 148}, {""k"": 1, ""n"": 148}, {""k"": 1, ""n"": 148}, {""k"": 1, ""n"": 134}]}, {""constant_lens"": false, ""gain"": 0.25, ""lens"": ""pc1"", ""lens_scaling"": ""standardize"", ""min_cluster_size"": 37, ""min_samples"": 5, ""n_class"": 773, ""n_edges"": 5, ""n_intervals"": 6, ""n_vertices"": 6, ""noise_reassigned"": 709, ""placement"": ""quantile"", ""slabs"": [{""k"": 1, ""n"": 145}, {""k"": 1, ""n"": 161}, {""k"": 1, ""n"": 161}, {""k"": 1, ""n"": 161}, {""k"": 1, ""n"": 161}, {""k"": 1, ""n"": 145}]}, {""constant_lens"": false, ""gain"": 0.25, ""lens"": ""pc1"", ""lens_scaling"": ""standardize"", ""min_cluster_size"": 37, ""min_samples"": 5, ""n_class"": 711, ""n_edges"": 5, ""n_intervals"": 6, ""n_vertices"": 7, ""noise_reassigned"": 362, ""placement"": ""quantile"", ""slabs"": [{""k"": 1, ""n"": 134}, {""k"": 1, ""n"": 148}, {""k"": 1, ""n"": 148}, {""k"": 2, ""n"": 148}, {""k"": 1, ""n"": 148}, {""k"": 1, ""n"": 134}]}, {""constant_lens"": false, ""gain"": 0.25, ""lens"": ""pc1"", ""lens_scaling"": ""standardize"", ""min_cluster_size"": 37, ""min_samples"": 5, ""n_class"": 713, ""n_edges"": 5, ""n_intervals"": 6, ""n_vertices"": 6, ""noise_reassigned"": 638, ""placement"": ""quantile"", ""slabs"": [{""k"": 1, ""n"": 134}, {""k"": 1, ""n"": 149}, {""k"": 1, ""n"": 148}, {""k"": 1, ""n"": 148}, {""k"": 1, ""n"": 149}, {""k"": 1, ""n"": 134}]}, {""constant_lens"": false, ""gain"": 0.25, ""lens"": ""pc1"", ""lens_scaling"": ""standardize"", ""min_cluster_size"": 37, ""min_samples"": 5, ""n_class"": 770, ""n_edges"": 5, ""n_intervals"": 6, ""n_vertices"": 6, ""noise_reassigned"": 594, ""placement"": ""quantile"", ""slabs"": [{""k"": 1, ""n"": 145}, {""k"": 1, ""n"": 160}, {""k"": 1, ""n"": 160}, {""k"": 1, ""n"": 160}, {""k"": 1, ""n"": 160}, {""k"": 1, ""n"": 145}]}, {""constant_lens"": false, ""gain"": 0.25, ""lens"": ""pc1"", ""lens_scaling"": ""standardize"", ""min_cluster_size"": 37, ""min_samples"": 5, ""n_class"": 713, ""n_edges"": 5, ""n_intervals"": 6, ""n_vertices"": 6, ""noise_reassigned"": 538, ""placement"": ""uniform"", ""slabs"": [{""k"": 1, ""n"": 154}, {""k"": 1, ""n"": 178}, {""k"": 1, ""n"": 134}, {""k"": 1, ""n"": 96}, {""k"": 1, ""n"": 125}, {""k"": 1, ""n"": 169}]}, {""constant_lens"": false, ""gain"": 0.25, ""lens"": ""pc1"", ""lens_scaling"": ""standardize"", ""min_cluster_size"": 37, ""min_samples"": 5, ""n_class"": 712, ""n_edges"": 5, ""n_intervals"": 6, ""n_vertices"": 6, ""noise_reassigned"": 421, ""placement"": ""quantile"", ""slabs"": [{""k"": 1, ""n"": 134}, {""k"": 1, ""n"": 148}, {""k"": 1, ""n"": 148}, {""k"": 1, ""n"": 148}, {""k"": 1, ""n"": 148}, {""k"": 1, ""n"": 134}]}], ""soundness_bound_holds"": true, ""step_rule"": ""scale_free"", ""topology_retention_nerve_to_frozen"": {""beta0_frozen"": 16, ""beta0_nerve"": 11, ""beta1_frozen"": 1, ""beta1_nerve"": 1}}",True
0.9699727024567789,49,False,0.004952997068634388,0.005,,3.3532589999958873,60.914449000003515,57.56119000000763,penbased,6,"{""epsilon"": 0.1, ""window"": 0.2}",LVQ3,10,49,1099,9893,0.9950470029313656,2062206376,False,,True
0.9608735213830755,49,False,0.004952997068634388,0.005,"{""0"": 5, ""1"": 5, ""2"": 5, ""3"": 5, ""4"": 5, ""5"": 4, ""6"": 5, ""7"": 5, ""8"": 5, ""9"": 5}",1.7846719999797642,1.7846719999797642,0.0,penbased,6,,KMeans,10,49,1099,9893,0.9950470029313656,2062206376,False,,True
0.899909008189263,49,False,0.004952997068634388,0.005,"{""0"": 5, ""1"": 5, ""2"": 5, ""3"": 5, ""4"": 5, ""5"": 4, ""6"": 5, ""7"": 5, ""8"": 5, ""9"": 5}",0.0026920000091195107,0.0026920000091195107,0.0,penbased,6,,Random,10,49,1099,9893,0.9950470029313656,2062206376,False,,True
0.9317561419472248,49,False,0.004952997068634388,0.005,,2.4982289999898057,2.4982289999898057,0.0,penbased,6,,SPOT,10,49,1099,9893,0.9950470029313656,2062206376,False,,True
0.9372156505914467,49,False,0.004952997068634388,0.005,,14.696770000009565,14.696770000009565,0.0,penbased,6,,GLVQ,10,49,1099,9893,0.9950470029313656,2062206376,False,,True
0.9563239308462238,49,False,0.004952997068634388,0.005,,1.422965000005206,1.422965000005206,0.0,penbased,6,,GNG,10,49,1099,9893,0.9950470029313656,2062206376,False,,True
0.9954504094631483,99,False,0.010007075710098049,0.01,,0.0012619999761227518,0.0012619999761227518,0.0,penbased,6,,Full,10,9893,1099,9893,0.0,2062206376,True,,False
0.9945404913557779,99,False,0.010007075710098049,0.01,,2.6507649999985006,2.6507649999985006,0.0,penbased,6,,RSP3,10,1092,1099,9893,0.8896189224704336,2062206376,True,,False
0.9927206551410374,99,False,0.010007075710098049,0.01,,1.145435999991605,1.145435999991605,0.0,penbased,6,,RHC,10,325,1099,9893,0.9671484888304862,2062206376,True,,False
0.9608735213830755,99,False,0.010007075710098049,0.01,,8.103931000019656,8.103931000019656,0.0,penbased,6,,SPINE+1NN,10,99,1099,9893,0.9899929242899019,2062206376,False,"{""admission"": {""criterion"": ""risk"", ""removed_risk"": 5, ""removed_support"": 0}, ""betti_final"": [[3, 0], [1, 1], [1, 0], [2, 0], [1, 0], [2, 0], [1, 0], [2, 0], [1, 0], [2, 0]], ""betti_frozen"": [[3, 0], [1, 1], [1, 0], [2, 0], [1, 0], [2, 0], [1, 0], [2, 0], [1, 0], [2, 0]], ""betti_nerve"": [[1, 0], [1, 1], [1, 0], [1, 0], [1, 0], [2, 0], [1, 0], [1, 0], [1, 0], [1, 0]], ""boundary_restriction"": ""both"", ""forced_removals"": 0, ""growth_representation_fallbacks"": 7, ""invariant_held"": true, ""n_segments"": 84, ""n_train_fit"": 7420, ""n_val"": 2473, ""phase0"": [{""constant_lens"": false, ""gain"": 0.25, ""lens"": ""pc1"", ""lens_scaling"": ""standardize"", ""min_cluster_size"": 37, ""min_samples"": 5, ""n_class"": 771, ""n_edges"": 5, ""n_intervals"": 6, ""n_vertices"": 6, ""noise_reassigned"": 696, ""placement"": ""quantile"", ""slabs"": [{""k"": 1, ""n"": 145}, {""k"": 1, ""n"": 160}, {""k"": 1, ""n"": 161}, {""k"": 1, ""n"": 161}, {""k"": 1, ""n"": 160}, {""k"": 1, ""n"": 145}]}, {""constant_lens"": false, ""gain"": 0.25, ""lens"": ""pc1"", ""lens_scaling"": ""standardize"", ""min_cluster_size"": 37, ""min_samples"": 5, ""n_class"": 772, ""n_edges"": 7, ""n_intervals"": 6, ""n_vertices"": 7, ""noise_reassigned"": 599, ""placement"": ""quantile"", ""slabs"": [{""k"": 1, ""n"": 145}, {""k"": 1, ""n"": 161}, {""k"": 1, ""n"": 161}, {""k"": 1, ""n"": 161}, {""k"": 2, ""n"": 161}, {""k"": 1, ""n"": 145}]}, {""constant_lens"": false, ""gain"": 0.25, ""lens"": ""pc1"", ""lens_scaling"": ""standardize"", ""min_cluster_size"": 37, ""min_samples"": 5, ""n_class"": 773, ""n_edges"": 5, ""n_intervals"": 6, ""n_vertices"": 6, ""noise_reassigned"": 662, ""placement"": ""quantile"", ""slabs"": [{""k"": 1, ""n"": 145}, {""k"": 1, ""n"": 161}, {""k"": 1, ""n"": 161}, {""k"": 1, ""n"": 161}, {""k"": 1, ""n"": 161}, {""k"": 1, ""n"": 145}]}, {""constant_lens"": false, ""gain"": 0.25, ""lens"": ""pc1"", ""lens_scaling"": ""standardize"", ""min_cluster_size"": 37, ""min_samples"": 5, ""n_class"": 712, ""n_edges"": 5, ""n_intervals"": 6, ""n_vertices"": 6, ""noise_reassigned"": 613, ""placement"": ""quantile"", ""slabs"": [{""k"": 1, ""n"": 134}, {""k"": 1, ""n"": 148}, {""k"": 1, ""n"": 148}, {""k"": 1, ""n"": 148}, {""k"": 1, ""n"": 148}, {""k"": 1, ""n"": 134}]}, {""constant_lens"": false, ""gain"": 0.25, ""lens"": ""pc1"", ""lens_scaling"": ""standardize"", ""min_cluster_size"": 37, ""min_samples"": 5, ""n_class"": 773, ""n_edges"": 5, ""n_intervals"": 6, ""n_vertices"": 6, ""noise_reassigned"": 709, ""placement"": ""quantile"", ""slabs"": [{""k"": 1, ""n"": 145}, {""k"": 1, ""n"": 161}, {""k"": 1, ""n"": 161}, {""k"": 1, ""n"": 161}, {""k"": 1, ""n"": 161}, {""k"": 1, ""n"": 145}]}, {""constant_lens"": false, ""gain"": 0.25, ""lens"": ""pc1"", ""lens_scaling"": ""standardize"", ""min_cluster_size"": 37, ""min_samples"": 5, ""n_class"": 711, ""n_edges"": 5, ""n_intervals"": 6, ""n_vertices"": 7, ""noise_reassigned"": 362, ""placement"": ""quantile"", ""slabs"": [{""k"": 1, ""n"": 134}, {""k"": 1, ""n"": 148}, {""k"": 1, ""n"": 148}, {""k"": 2, ""n"": 148}, {""k"": 1, ""n"": 148}, {""k"": 1, ""n"": 134}]}, {""constant_lens"": false, ""gain"": 0.25, ""lens"": ""pc1"", ""lens_scaling"": ""standardize"", ""min_cluster_size"": 37, ""min_samples"": 5, ""n_class"": 713, ""n_edges"": 5, ""n_intervals"": 6, ""n_vertices"": 6, ""noise_reassigned"": 638, ""placement"": ""quantile"", ""slabs"": [{""k"": 1, ""n"": 134}, {""k"": 1, ""n"": 149}, {""k"": 1, ""n"": 148}, {""k"": 1, ""n"": 148}, {""k"": 1, ""n"": 149}, {""k"": 1, ""n"": 134}]}, {""constant_lens"": false, ""gain"": 0.25, ""lens"": ""pc1"", ""lens_scaling"": ""standardize"", ""min_cluster_size"": 37, ""min_samples"": 5, ""n_class"": 770, ""n_edges"": 5, ""n_intervals"": 6, ""n_vertices"": 6, ""noise_reassigned"": 594, ""placement"": ""quantile"", ""slabs"": [{""k"": 1, ""n"": 145}, {""k"": 1, ""n"": 160}, {""k"": 1, ""n"": 160}, {""k"": 1, ""n"": 160}, {""k"": 1, ""n"": 160}, {""k"": 1, ""n"": 145}]}, {""constant_lens"": false, ""gain"": 0.25, ""lens"": ""pc1"", ""lens_scaling"": ""standardize"", ""min_cluster_size"": 37, ""min_samples"": 5, ""n_class"": 713, ""n_edges"": 5, ""n_intervals"": 6, ""n_vertices"": 6, ""noise_reassigned"": 538, ""placement"": ""uniform"", ""slabs"": [{""k"": 1, ""n"": 154}, {""k"": 1, ""n"": 178}, {""k"": 1, ""n"": 134}, {""k"": 1, ""n"": 96}, {""k"": 1, ""n"": 125}, {""k"": 1, ""n"": 169}]}, {""constant_lens"": false, ""gain"": 0.25, ""lens"": ""pc1"", ""lens_scaling"": ""standardize"", ""min_cluster_size"": 37, ""min_samples"": 5, ""n_class"": 712, ""n_edges"": 5, ""n_intervals"": 6, ""n_vertices"": 6, ""noise_reassigned"": 421, ""placement"": ""quantile"", ""slabs"": [{""k"": 1, ""n"": 134}, {""k"": 1, ""n"": 148}, {""k"": 1, ""n"": 148}, {""k"": 1, ""n"": 148}, {""k"": 1, ""n"": 148}, {""k"": 1, ""n"": 134}]}], ""soundness_bound_holds"": true, ""step_rule"": ""scale_free"", ""topology_retention_nerve_to_frozen"": {""beta0_frozen"": 16, ""beta0_nerve"": 11, ""beta1_frozen"": 1, ""beta1_nerve"": 1}}",True
0.9681528662420382,99,False,0.010007075710098049,0.01,,8.103931000019656,8.103931000019656,0.0,penbased,6,,SPINE+Graph,10,99,1099,9893,0.9899929242899019,2062206376,False,"{""admission"": {""criterion"": ""risk"", ""removed_risk"": 5, ""removed_support"": 0}, ""betti_final"": [[3, 0], [1, 1], [1, 0], [2, 0], [1, 0], [2, 0], [1, 0], [2, 0], [1, 0], [2, 0]], ""betti_frozen"": [[3, 0], [1, 1], [1, 0], [2, 0], [1, 0], [2, 0], [1, 0], [2, 0], [1, 0], [2, 0]], ""betti_nerve"": [[1, 0], [1, 1], [1, 0], [1, 0], [1, 0], [2, 0], [1, 0], [1, 0], [1, 0], [1, 0]], ""boundary_restriction"": ""both"", ""forced_removals"": 0, ""growth_representation_fallbacks"": 7, ""invariant_held"": true, ""n_segments"": 84, ""n_train_fit"": 7420, ""n_val"": 2473, ""phase0"": [{""constant_lens"": false, ""gain"": 0.25, ""lens"": ""pc1"", ""lens_scaling"": ""standardize"", ""min_cluster_size"": 37, ""min_samples"": 5, ""n_class"": 771, ""n_edges"": 5, ""n_intervals"": 6, ""n_vertices"": 6, ""noise_reassigned"": 696, ""placement"": ""quantile"", ""slabs"": [{""k"": 1, ""n"": 145}, {""k"": 1, ""n"": 160}, {""k"": 1, ""n"": 161}, {""k"": 1, ""n"": 161}, {""k"": 1, ""n"": 160}, {""k"": 1, ""n"": 145}]}, {""constant_lens"": false, ""gain"": 0.25, ""lens"": ""pc1"", ""lens_scaling"": ""standardize"", ""min_cluster_size"": 37, ""min_samples"": 5, ""n_class"": 772, ""n_edges"": 7, ""n_intervals"": 6, ""n_vertices"": 7, ""noise_reassigned"": 599, ""placement"": ""quantile"", ""slabs"": [{""k"": 1, ""n"": 145}, {""k"": 1, ""n"": 161}, {""k"": 1, ""n"": 161}, {""k"": 1, ""n"": 161}, {""k"": 2, ""n"": 161}, {""k"": 1, ""n"": 145}]}, {""constant_lens"": false, ""gain"": 0.25, ""lens"": ""pc1"", ""lens_scaling"": ""standardize"", ""min_cluster_size"": 37, ""min_samples"": 5, ""n_class"": 773, ""n_edges"": 5, ""n_intervals"": 6, ""n_vertices"": 6, ""noise_reassigned"": 662, ""placement"": ""quantile"", ""slabs"": [{""k"": 1, ""n"": 145}, {""k"": 1, ""n"": 161}, {""k"": 1, ""n"": 161}, {""k"": 1, ""n"": 161}, {""k"": 1, ""n"": 161}, {""k"": 1, ""n"": 145}]}, {""constant_lens"": false, ""gain"": 0.25, ""lens"": ""pc1"", ""lens_scaling"": ""standardize"", ""min_cluster_size"": 37, ""min_samples"": 5, ""n_class"": 712, ""n_edges"": 5, ""n_intervals"": 6, ""n_vertices"": 6, ""noise_reassigned"": 613, ""placement"": ""quantile"", ""slabs"": [{""k"": 1, ""n"": 134}, {""k"": 1, ""n"": 148}, {""k"": 1, ""n"": 148}, {""k"": 1, ""n"": 148}, {""k"": 1, ""n"": 148}, {""k"": 1, ""n"": 134}]}, {""constant_lens"": false, ""gain"": 0.25, ""lens"": ""pc1"", ""lens_scaling"": ""standardize"", ""min_cluster_size"": 37, ""min_samples"": 5, ""n_class"": 773, ""n_edges"": 5, ""n_intervals"": 6, ""n_vertices"": 6, ""noise_reassigned"": 709, ""placement"": ""quantile"", ""slabs"": [{""k"": 1, ""n"": 145}, {""k"": 1, ""n"": 161}, {""k"": 1, ""n"": 161}, {""k"": 1, ""n"": 161}, {""k"": 1, ""n"": 161}, {""k"": 1, ""n"": 145}]}, {""constant_lens"": false, ""gain"": 0.25, ""lens"": ""pc1"", ""lens_scaling"": ""standardize"", ""min_cluster_size"": 37, ""min_samples"": 5, ""n_class"": 711, ""n_edges"": 5, ""n_intervals"": 6, ""n_vertices"": 7, ""noise_reassigned"": 362, ""placement"": ""quantile"", ""slabs"": [{""k"": 1, ""n"": 134}, {""k"": 1, ""n"": 148}, {""k"": 1, ""n"": 148}, {""k"": 2, ""n"": 148}, {""k"": 1, ""n"": 148}, {""k"": 1, ""n"": 134}]}, {""constant_lens"": false, ""gain"": 0.25, ""lens"": ""pc1"", ""lens_scaling"": ""standardize"", ""min_cluster_size"": 37, ""min_samples"": 5, ""n_class"": 713, ""n_edges"": 5, ""n_intervals"": 6, ""n_vertices"": 6, ""noise_reassigned"": 638, ""placement"": ""quantile"", ""slabs"": [{""k"": 1, ""n"": 134}, {""k"": 1, ""n"": 149}, {""k"": 1, ""n"": 148}, {""k"": 1, ""n"": 148}, {""k"": 1, ""n"": 149}, {""k"": 1, ""n"": 134}]}, {""constant_lens"": false, ""gain"": 0.25, ""lens"": ""pc1"", ""lens_scaling"": ""standardize"", ""min_cluster_size"": 37, ""min_samples"": 5, ""n_class"": 770, ""n_edges"": 5, ""n_intervals"": 6, ""n_vertices"": 6, ""noise_reassigned"": 594, ""placement"": ""quantile"", ""slabs"": [{""k"": 1, ""n"": 145}, {""k"": 1, ""n"": 160}, {""k"": 1, ""n"": 160}, {""k"": 1, ""n"": 160}, {""k"": 1, ""n"": 160}, {""k"": 1, ""n"": 145}]}, {""constant_lens"": false, ""gain"": 0.25, ""lens"": ""pc1"", ""lens_scaling"": ""standardize"", ""min_cluster_size"": 37, ""min_samples"": 5, ""n_class"": 713, ""n_edges"": 5, ""n_intervals"": 6, ""n_vertices"": 6, ""noise_reassigned"": 538, ""placement"": ""uniform"", ""slabs"": [{""k"": 1, ""n"": 154}, {""k"": 1, ""n"": 178}, {""k"": 1, ""n"": 134}, {""k"": 1, ""n"": 96}, {""k"": 1, ""n"": 125}, {""k"": 1, ""n"": 169}]}, {""constant_lens"": false, ""gain"": 0.25, ""lens"": ""pc1"", ""lens_scaling"": ""standardize"", ""min_cluster_size"": 37, ""min_samples"": 5, ""n_class"": 712, ""n_edges"": 5, ""n_intervals"": 6, ""n_vertices"": 6, ""noise_reassigned"": 421, ""placement"": ""quantile"", ""slabs"": [{""k"": 1, ""n"": 134}, {""k"": 1, ""n"": 148}, {""k"": 1, ""n"": 148}, {""k"": 1, ""n"": 148}, {""k"": 1, ""n"": 148}, {""k"": 1, ""n"": 134}]}], ""soundness_bound_holds"": true, ""step_rule"": ""scale_free"", ""topology_retention_nerve_to_frozen"": {""beta0_frozen"": 16, ""beta0_nerve"": 11, ""beta1_frozen"": 1, ""beta1_nerve"": 1}}",True
0.9872611464968153,99,False,0.010007075710098049,0.01,,3.6907030000002123,68.99898800000665,65.30828500000644,penbased,6,"{""epsilon"": 0.1, ""window"": 0.2}",LVQ3,10,99,1099,9893,0.9899929242899019,2062206376,False,,True
0.9790718835304822,99,False,0.010007075710098049,0.01,"{""0"": 10, ""1"": 10, ""2"": 10, ""3"": 10, ""4"": 10, ""5"": 9, ""6"": 10, ""7"": 10, ""8"": 10, ""9"": 10}",2.360034999990603,2.360034999990603,0.0,penbased,6,,KMeans,10,99,1099,9893,0.9899929242899019,2062206376,False,,True
0.905368516833485,99,False,0.010007075710098049,0.01,"{""0"": 10, ""1"": 10, ""2"": 10, ""3"": 10, ""4"": 10, ""5"": 9, ""6"": 10, ""7"": 10, ""8"": 10, ""9"": 10}",0.0025510000123176724,0.0025510000123176724,0.0,penbased,6,,Random,10,99,1099,9893,0.9899929242899019,2062206376,False,,True
0.9681528662420382,99,False,0.010007075710098049,0.01,,2.676158000016585,2.676158000016585,0.0,penbased,6,,SPOT,10,99,1099,9893,0.9899929242899019,2062206376,False,,True
0.9444949954504095,99,False,0.010007075710098049,0.01,,25.112644999986514,25.112644999986514,0.0,penbased,6,,GLVQ,10,99,1099,9893,0.9899929242899019,2062206376,False,,True
0.9772520473157416,99,False,0.010007075710098049,0.01,,1.746830999996746,1.746830999996746,0.0,penbased,6,,GNG,10,99,1099,9893,0.9899929242899019,2062206376,False,,True
0.9954504094631483,198,False,0.020014151420196098,0.02,,0.0012619999761227518,0.0012619999761227518,0.0,penbased,6,,Full,10,9893,1099,9893,0.0,2062206376,True,,False
0.9945404913557779,198,False,0.020014151420196098,0.02,,2.6507649999985006,2.6507649999985006,0.0,penbased,6,,RSP3,10,1092,1099,9893,0.8896189224704336,2062206376,True,,False
0.9927206551410374,198,False,0.020014151420196098,0.02,,1.145435999991605,1.145435999991605,0.0,penbased,6,,RHC,10,325,1099,9893,0.9671484888304862,2062206376,True,,False
0.9708826205641492,198,False,0.020014151420196098,0.02,,9.439143999974476,9.439143999974476,0.0,penbased,6,,SPINE+1NN,10,198,1099,9893,0.9799858485798039,2062206376,False,"{""admission"": {""criterion"": ""risk"", ""removed_risk"": 5, ""removed_support"": 0}, ""betti_final"": [[3, 0], [1, 1], [1, 0], [2, 0], [1, 0], [2, 0], [1, 0], [2, 0], [1, 0], [2, 0]], ""betti_frozen"": [[3, 0], [1, 1], [1, 0], [2, 0], [1, 0], [2, 0], [1, 0], [2, 0], [1, 0], [2, 0]], ""betti_nerve"": [[1, 0], [1, 1], [1, 0], [1, 0], [1, 0], [2, 0], [1, 0], [1, 0], [1, 0], [1, 0]], ""boundary_restriction"": ""both"", ""forced_removals"": 0, ""growth_representation_fallbacks"": 52, ""invariant_held"": true, ""n_segments"": 183, ""n_train_fit"": 7420, ""n_val"": 2473, ""phase0"": [{""constant_lens"": false, ""gain"": 0.25, ""lens"": ""pc1"", ""lens_scaling"": ""standardize"", ""min_cluster_size"": 37, ""min_samples"": 5, ""n_class"": 771, ""n_edges"": 5, ""n_intervals"": 6, ""n_vertices"": 6, ""noise_reassigned"": 696, ""placement"": ""quantile"", ""slabs"": [{""k"": 1, ""n"": 145}, {""k"": 1, ""n"": 160}, {""k"": 1, ""n"": 161}, {""k"": 1, ""n"": 161}, {""k"": 1, ""n"": 160}, {""k"": 1, ""n"": 145}]}, {""constant_lens"": false, ""gain"": 0.25, ""lens"": ""pc1"", ""lens_scaling"": ""standardize"", ""min_cluster_size"": 37, ""min_samples"": 5, ""n_class"": 772, ""n_edges"": 7, ""n_intervals"": 6, ""n_vertices"": 7, ""noise_reassigned"": 599, ""placement"": ""quantile"", ""slabs"": [{""k"": 1, ""n"": 145}, {""k"": 1, ""n"": 161}, {""k"": 1, ""n"": 161}, {""k"": 1, ""n"": 161}, {""k"": 2, ""n"": 161}, {""k"": 1, ""n"": 145}]}, {""constant_lens"": false, ""gain"": 0.25, ""lens"": ""pc1"", ""lens_scaling"": ""standardize"", ""min_cluster_size"": 37, ""min_samples"": 5, ""n_class"": 773, ""n_edges"": 5, ""n_intervals"": 6, ""n_vertices"": 6, ""noise_reassigned"": 662, ""placement"": ""quantile"", ""slabs"": [{""k"": 1, ""n"": 145}, {""k"": 1, ""n"": 161}, {""k"": 1, ""n"": 161}, {""k"": 1, ""n"": 161}, {""k"": 1, ""n"": 161}, {""k"": 1, ""n"": 145}]}, {""constant_lens"": false, ""gain"": 0.25, ""lens"": ""pc1"", ""lens_scaling"": ""standardize"", ""min_cluster_size"": 37, ""min_samples"": 5, ""n_class"": 712, ""n_edges"": 5, ""n_intervals"": 6, ""n_vertices"": 6, ""noise_reassigned"": 613, ""placement"": ""quantile"", ""slabs"": [{""k"": 1, ""n"": 134}, {""k"": 1, ""n"": 148}, {""k"": 1, ""n"": 148}, {""k"": 1, ""n"": 148}, {""k"": 1, ""n"": 148}, {""k"": 1, ""n"": 134}]}, {""constant_lens"": false, ""gain"": 0.25, ""lens"": ""pc1"", ""lens_scaling"": ""standardize"", ""min_cluster_size"": 37, ""min_samples"": 5, ""n_class"": 773, ""n_edges"": 5, ""n_intervals"": 6, ""n_vertices"": 6, ""noise_reassigned"": 709, ""placement"": ""quantile"", ""slabs"": [{""k"": 1, ""n"": 145}, {""k"": 1, ""n"": 161}, {""k"": 1, ""n"": 161}, {""k"": 1, ""n"": 161}, {""k"": 1, ""n"": 161}, {""k"": 1, ""n"": 145}]}, {""constant_lens"": false, ""gain"": 0.25, ""lens"": ""pc1"", ""lens_scaling"": ""standardize"", ""min_cluster_size"": 37, ""min_samples"": 5, ""n_class"": 711, ""n_edges"": 5, ""n_intervals"": 6, ""n_vertices"": 7, ""noise_reassigned"": 362, ""placement"": ""quantile"", ""slabs"": [{""k"": 1, ""n"": 134}, {""k"": 1, ""n"": 148}, {""k"": 1, ""n"": 148}, {""k"": 2, ""n"": 148}, {""k"": 1, ""n"": 148}, {""k"": 1, ""n"": 134}]}, {""constant_lens"": false, ""gain"": 0.25, ""lens"": ""pc1"", ""lens_scaling"": ""standardize"", ""min_cluster_size"": 37, ""min_samples"": 5, ""n_class"": 713, ""n_edges"": 5, ""n_intervals"": 6, ""n_vertices"": 6, ""noise_reassigned"": 638, ""placement"": ""quantile"", ""slabs"": [{""k"": 1, ""n"": 134}, {""k"": 1, ""n"": 149}, {""k"": 1, ""n"": 148}, {""k"": 1, ""n"": 148}, {""k"": 1, ""n"": 149}, {""k"": 1, ""n"": 134}]}, {""constant_lens"": false, ""gain"": 0.25, ""lens"": ""pc1"", ""lens_scaling"": ""standardize"", ""min_cluster_size"": 37, ""min_samples"": 5, ""n_class"": 770, ""n_edges"": 5, ""n_intervals"": 6, ""n_vertices"": 6, ""noise_reassigned"": 594, ""placement"": ""quantile"", ""slabs"": [{""k"": 1, ""n"": 145}, {""k"": 1, ""n"": 160}, {""k"": 1, ""n"": 160}, {""k"": 1, ""n"": 160}, {""k"": 1, ""n"": 160}, {""k"": 1, ""n"": 145}]}, {""constant_lens"": false, ""gain"": 0.25, ""lens"": ""pc1"", ""lens_scaling"": ""standardize"", ""min_cluster_size"": 37, ""min_samples"": 5, ""n_class"": 713, ""n_edges"": 5, ""n_intervals"": 6, ""n_vertices"": 6, ""noise_reassigned"": 538, ""placement"": ""uniform"", ""slabs"": [{""k"": 1, ""n"": 154}, {""k"": 1, ""n"": 178}, {""k"": 1, ""n"": 134}, {""k"": 1, ""n"": 96}, {""k"": 1, ""n"": 125}, {""k"": 1, ""n"": 169}]}, {""constant_lens"": false, ""gain"": 0.25, ""lens"": ""pc1"", ""lens_scaling"": ""standardize"", ""min_cluster_size"": 37, ""min_samples"": 5, ""n_class"": 712, ""n_edges"": 5, ""n_intervals"": 6, ""n_vertices"": 6, ""noise_reassigned"": 421, ""placement"": ""quantile"", ""slabs"": [{""k"": 1, ""n"": 134}, {""k"": 1, ""n"": 148}, {""k"": 1, ""n"": 148}, {""k"": 1, ""n"": 148}, {""k"": 1, ""n"": 148}, {""k"": 1, ""n"": 134}]}], ""soundness_bound_holds"": true, ""step_rule"": ""scale_free"", ""topology_retention_nerve_to_frozen"": {""beta0_frozen"": 16, ""beta0_nerve"": 11, ""beta1_frozen"": 1, ""beta1_nerve"": 1}}",True
0.9790718835304822,198,False,0.020014151420196098,0.02,,9.439143999974476,9.439143999974476,0.0,penbased,6,,SPINE+Graph,10,198,1099,9893,0.9799858485798039,2062206376,False,"{""admission"": {""criterion"": ""risk"", ""removed_risk"": 5, ""removed_support"": 0}, ""betti_final"": [[3, 0], [1, 1], [1, 0], [2, 0], [1, 0], [2, 0], [1, 0], [2, 0], [1, 0], [2, 0]], ""betti_frozen"": [[3, 0], [1, 1], [1, 0], [2, 0], [1, 0], [2, 0], [1, 0], [2, 0], [1, 0], [2, 0]], ""betti_nerve"": [[1, 0], [1, 1], [1, 0], [1, 0], [1, 0], [2, 0], [1, 0], [1, 0], [1, 0], [1, 0]], ""boundary_restriction"": ""both"", ""forced_removals"": 0, ""growth_representation_fallbacks"": 52, ""invariant_held"": true, ""n_segments"": 183, ""n_train_fit"": 7420, ""n_val"": 2473, ""phase0"": [{""constant_lens"": false, ""gain"": 0.25, ""lens"": ""pc1"", ""lens_scaling"": ""standardize"", ""min_cluster_size"": 37, ""min_samples"": 5, ""n_class"": 771, ""n_edges"": 5, ""n_intervals"": 6, ""n_vertices"": 6, ""noise_reassigned"": 696, ""placement"": ""quantile"", ""slabs"": [{""k"": 1, ""n"": 145}, {""k"": 1, ""n"": 160}, {""k"": 1, ""n"": 161}, {""k"": 1, ""n"": 161}, {""k"": 1, ""n"": 160}, {""k"": 1, ""n"": 145}]}, {""constant_lens"": false, ""gain"": 0.25, ""lens"": ""pc1"", ""lens_scaling"": ""standardize"", ""min_cluster_size"": 37, ""min_samples"": 5, ""n_class"": 772, ""n_edges"": 7, ""n_intervals"": 6, ""n_vertices"": 7, ""noise_reassigned"": 599, ""placement"": ""quantile"", ""slabs"": [{""k"": 1, ""n"": 145}, {""k"": 1, ""n"": 161}, {""k"": 1, ""n"": 161}, {""k"": 1, ""n"": 161}, {""k"": 2, ""n"": 161}, {""k"": 1, ""n"": 145}]}, {""constant_lens"": false, ""gain"": 0.25, ""lens"": ""pc1"", ""lens_scaling"": ""standardize"", ""min_cluster_size"": 37, ""min_samples"": 5, ""n_class"": 773, ""n_edges"": 5, ""n_intervals"": 6, ""n_vertices"": 6, ""noise_reassigned"": 662, ""placement"": ""quantile"", ""slabs"": [{""k"": 1, ""n"": 145}, {""k"": 1, ""n"": 161}, {""k"": 1, ""n"": 161}, {""k"": 1, ""n"": 161}, {""k"": 1, ""n"": 161}, {""k"": 1, ""n"": 145}]}, {""constant_lens"": false, ""gain"": 0.25, ""lens"": ""pc1"", ""lens_scaling"": ""standardize"", ""min_cluster_size"": 37, ""min_samples"": 5, ""n_class"": 712, ""n_edges"": 5, ""n_intervals"": 6, ""n_vertices"": 6, ""noise_reassigned"": 613, ""placement"": ""quantile"", ""slabs"": [{""k"": 1, ""n"": 134}, {""k"": 1, ""n"": 148}, {""k"": 1, ""n"": 148}, {""k"": 1, ""n"": 148}, {""k"": 1, ""n"": 148}, {""k"": 1, ""n"": 134}]}, {""constant_lens"": false, ""gain"": 0.25, ""lens"": ""pc1"", ""lens_scaling"": ""standardize"", ""min_cluster_size"": 37, ""min_samples"": 5, ""n_class"": 773, ""n_edges"": 5, ""n_intervals"": 6, ""n_vertices"": 6, ""noise_reassigned"": 709, ""placement"": ""quantile"", ""slabs"": [{""k"": 1, ""n"": 145}, {""k"": 1, ""n"": 161}, {""k"": 1, ""n"": 161}, {""k"": 1, ""n"": 161}, {""k"": 1, ""n"": 161}, {""k"": 1, ""n"": 145}]}, {""constant_lens"": false, ""gain"": 0.25, ""lens"": ""pc1"", ""lens_scaling"": ""standardize"", ""min_cluster_size"": 37, ""min_samples"": 5, ""n_class"": 711, ""n_edges"": 5, ""n_intervals"": 6, ""n_vertices"": 7, ""noise_reassigned"": 362, ""placement"": ""quantile"", ""slabs"": [{""k"": 1, ""n"": 134}, {""k"": 1, ""n"": 148}, {""k"": 1, ""n"": 148}, {""k"": 2, ""n"": 148}, {""k"": 1, ""n"": 148}, {""k"": 1, ""n"": 134}]}, {""constant_lens"": false, ""gain"": 0.25, ""lens"": ""pc1"", ""lens_scaling"": ""standardize"", ""min_cluster_size"": 37, ""min_samples"": 5, ""n_class"": 713, ""n_edges"": 5, ""n_intervals"": 6, ""n_vertices"": 6, ""noise_reassigned"": 638, ""placement"": ""quantile"", ""slabs"": [{""k"": 1, ""n"": 134}, {""k"": 1, ""n"": 149}, {""k"": 1, ""n"": 148}, {""k"": 1, ""n"": 148}, {""k"": 1, ""n"": 149}, {""k"": 1, ""n"": 134}]}, {""constant_lens"": false, ""gain"": 0.25, ""lens"": ""pc1"", ""lens_scaling"": ""standardize"", ""min_cluster_size"": 37, ""min_samples"": 5, ""n_class"": 770, ""n_edges"": 5, ""n_intervals"": 6, ""n_vertices"": 6, ""noise_reassigned"": 594, ""placement"": ""quantile"", ""slabs"": [{""k"": 1, ""n"": 145}, {""k"": 1, ""n"": 160}, {""k"": 1, ""n"": 160}, {""k"": 1, ""n"": 160}, {""k"": 1, ""n"": 160}, {""k"": 1, ""n"": 145}]}, {""constant_lens"": false, ""gain"": 0.25, ""lens"": ""pc1"", ""lens_scaling"": ""standardize"", ""min_cluster_size"": 37, ""min_samples"": 5, ""n_class"": 713, ""n_edges"": 5, ""n_intervals"": 6, ""n_vertices"": 6, ""noise_reassigned"": 538, ""placement"": ""uniform"", ""slabs"": [{""k"": 1, ""n"": 154}, {""k"": 1, ""n"": 178}, {""k"": 1, ""n"": 134}, {""k"": 1, ""n"": 96}, {""k"": 1, ""n"": 125}, {""k"": 1, ""n"": 169}]}, {""constant_lens"": false, ""gain"": 0.25, ""lens"": ""pc1"", ""lens_scaling"": ""standardize"", ""min_cluster_size"": 37, ""min_samples"": 5, ""n_class"": 712, ""n_edges"": 5, ""n_intervals"": 6, ""n_vertices"": 6, ""noise_reassigned"": 421, ""placement"": ""quantile"", ""slabs"": [{""k"": 1, ""n"": 134}, {""k"": 1, ""n"": 148}, {""k"": 1, ""n"": 148}, {""k"": 1, ""n"": 148}, {""k"": 1, ""n"": 148}, {""k"": 1, ""n"": 134}]}], ""soundness_bound_holds"": true, ""step_rule"": ""scale_free"", ""topology_retention_nerve_to_frozen"": {""beta0_frozen"": 16, ""beta0_nerve"": 11, ""beta1_frozen"": 1, ""beta1_nerve"": 1}}",True
0.9854413102820746,198,False,0.020014151420196098,0.02,,4.7523590000055265,85.94889599998714,81.19653699998162,penbased,6,"{""epsilon"": 0.1, ""window"": 0.3}",LVQ3,10,198,1099,9893,0.9799858485798039,2062206376,False,,True
0.986351228389445,198,False,0.020014151420196098,0.02,"{""0"": 20, ""1"": 21, ""2"": 21, ""3"": 19, ""4"": 21, ""5"": 19, ""6"": 19, ""7"": 20, ""8"": 19, ""9"": 19}",3.739560000016354,3.739560000016354,0.0,penbased,6,,KMeans,10,198,1099,9893,0.9799858485798039,2062206376,False,,True
0.9508644222020018,198,False,0.020014151420196098,0.02,"{""0"": 20, ""1"": 21, ""2"": 21, ""3"": 19, ""4"": 21, ""5"": 19, ""6"": 19, ""7"": 20, ""8"": 19, ""9"": 19}",0.00266100000590086,0.00266100000590086,0.0,penbased,6,,Random,10,198,1099,9893,0.9799858485798039,2062206376,False,,True
0.9799818016378526,198,False,0.020014151420196098,0.02,,2.965552999987267,2.965552999987267,0.0,penbased,6,,SPOT,10,198,1099,9893,0.9799858485798039,2062206376,False,,True
0.9472247497725205,198,False,0.020014151420196098,0.02,,45.77765800000634,45.77765800000634,0.0,penbased,6,,GLVQ,10,198,1099,9893,0.9799858485798039,2062206376,False,,True
0.9827115559599636,198,False,0.020014151420196098,0.02,,2.344433999998728,2.344433999998728,0.0,penbased,6,,GNG,10,198,1099,9893,0.9799858485798039,2062206376,False,,True
0.9954504094631483,495,False,0.05003537855049025,0.05,,0.0012619999761227518,0.0012619999761227518,0.0,penbased,6,,Full,10,9893,1099,9893,0.0,2062206376,True,,False
0.9945404913557779,495,False,0.05003537855049025,0.05,,2.6507649999985006,2.6507649999985006,0.0,penbased,6,,RSP3,10,1092,1099,9893,0.8896189224704336,2062206376,True,,False
0.9927206551410374,495,False,0.05003537855049025,0.05,,1.145435999991605,1.145435999991605,0.0,penbased,6,,RHC,10,325,1099,9893,0.9671484888304862,2062206376,True,,False
0.9808917197452229,495,False,0.05003537855049025,0.05,,12.611306000006152,12.611306000006152,0.0,penbased,6,,SPINE+1NN,10,495,1099,9893,0.9499646214495098,2062206376,False,"{""admission"": {""criterion"": ""risk"", ""removed_risk"": 5, ""removed_support"": 0}, ""betti_final"": [[3, 0], [1, 1], [1, 0], [2, 0], [1, 0], [2, 0], [1, 0], [2, 0], [1, 0], [2, 0]], ""betti_frozen"": [[3, 0], [1, 1], [1, 0], [2, 0], [1, 0], [2, 0], [1, 0], [2, 0], [1, 0], [2, 0]], ""betti_nerve"": [[1, 0], [1, 1], [1, 0], [1, 0], [1, 0], [2, 0], [1, 0], [1, 0], [1, 0], [1, 0]], ""boundary_restriction"": ""both"", ""forced_removals"": 0, ""growth_representation_fallbacks"": 388, ""invariant_held"": true, ""n_segments"": 480, ""n_train_fit"": 7420, ""n_val"": 2473, ""phase0"": [{""constant_lens"": false, ""gain"": 0.25, ""lens"": ""pc1"", ""lens_scaling"": ""standardize"", ""min_cluster_size"": 37, ""min_samples"": 5, ""n_class"": 771, ""n_edges"": 5, ""n_intervals"": 6, ""n_vertices"": 6, ""noise_reassigned"": 696, ""placement"": ""quantile"", ""slabs"": [{""k"": 1, ""n"": 145}, {""k"": 1, ""n"": 160}, {""k"": 1, ""n"": 161}, {""k"": 1, ""n"": 161}, {""k"": 1, ""n"": 160}, {""k"": 1, ""n"": 145}]}, {""constant_lens"": false, ""gain"": 0.25, ""lens"": ""pc1"", ""lens_scaling"": ""standardize"", ""min_cluster_size"": 37, ""min_samples"": 5, ""n_class"": 772, ""n_edges"": 7, ""n_intervals"": 6, ""n_vertices"": 7, ""noise_reassigned"": 599, ""placement"": ""quantile"", ""slabs"": [{""k"": 1, ""n"": 145}, {""k"": 1, ""n"": 161}, {""k"": 1, ""n"": 161}, {""k"": 1, ""n"": 161}, {""k"": 2, ""n"": 161}, {""k"": 1, ""n"": 145}]}, {""constant_lens"": false, ""gain"": 0.25, ""lens"": ""pc1"", ""lens_scaling"": ""standardize"", ""min_cluster_size"": 37, ""min_samples"": 5, ""n_class"": 773, ""n_edges"": 5, ""n_intervals"": 6, ""n_vertices"": 6, ""noise_reassigned"": 662, ""placement"": ""quantile"", ""slabs"": [{""k"": 1, ""n"": 145}, {""k"": 1, ""n"": 161}, {""k"": 1, ""n"": 161}, {""k"": 1, ""n"": 161}, {""k"": 1, ""n"": 161}, {""k"": 1, ""n"": 145}]}, {""constant_lens"": false, ""gain"": 0.25, ""lens"": ""pc1"", ""lens_scaling"": ""standardize"", ""min_cluster_size"": 37, ""min_samples"": 5, ""n_class"": 712, ""n_edges"": 5, ""n_intervals"": 6, ""n_vertices"": 6, ""noise_reassigned"": 613, ""placement"": ""quantile"", ""slabs"": [{""k"": 1, ""n"": 134}, {""k"": 1, ""n"": 148}, {""k"": 1, ""n"": 148}, {""k"": 1, ""n"": 148}, {""k"": 1, ""n"": 148}, {""k"": 1, ""n"": 134}]}, {""constant_lens"": false, ""gain"": 0.25, ""lens"": ""pc1"", ""lens_scaling"": ""standardize"", ""min_cluster_size"": 37, ""min_samples"": 5, ""n_class"": 773, ""n_edges"": 5, ""n_intervals"": 6, ""n_vertices"": 6, ""noise_reassigned"": 709, ""placement"": ""quantile"", ""slabs"": [{""k"": 1, ""n"": 145}, {""k"": 1, ""n"": 161}, {""k"": 1, ""n"": 161}, {""k"": 1, ""n"": 161}, {""k"": 1, ""n"": 161}, {""k"": 1, ""n"": 145}]}, {""constant_lens"": false, ""gain"": 0.25, ""lens"": ""pc1"", ""lens_scaling"": ""standardize"", ""min_cluster_size"": 37, ""min_samples"": 5, ""n_class"": 711, ""n_edges"": 5, ""n_intervals"": 6, ""n_vertices"": 7, ""noise_reassigned"": 362, ""placement"": ""quantile"", ""slabs"": [{""k"": 1, ""n"": 134}, {""k"": 1, ""n"": 148}, {""k"": 1, ""n"": 148}, {""k"": 2, ""n"": 148}, {""k"": 1, ""n"": 148}, {""k"": 1, ""n"": 134}]}, {""constant_lens"": false, ""gain"": 0.25, ""lens"": ""pc1"", ""lens_scaling"": ""standardize"", ""min_cluster_size"": 37, ""min_samples"": 5, ""n_class"": 713, ""n_edges"": 5, ""n_intervals"": 6, ""n_vertices"": 6, ""noise_reassigned"": 638, ""placement"": ""quantile"", ""slabs"": [{""k"": 1, ""n"": 134}, {""k"": 1, ""n"": 149}, {""k"": 1, ""n"": 148}, {""k"": 1, ""n"": 148}, {""k"": 1, ""n"": 149}, {""k"": 1, ""n"": 134}]}, {""constant_lens"": false, ""gain"": 0.25, ""lens"": ""pc1"", ""lens_scaling"": ""standardize"", ""min_cluster_size"": 37, ""min_samples"": 5, ""n_class"": 770, ""n_edges"": 5, ""n_intervals"": 6, ""n_vertices"": 6, ""noise_reassigned"": 594, ""placement"": ""quantile"", ""slabs"": [{""k"": 1, ""n"": 145}, {""k"": 1, ""n"": 160}, {""k"": 1, ""n"": 160}, {""k"": 1, ""n"": 160}, {""k"": 1, ""n"": 160}, {""k"": 1, ""n"": 145}]}, {""constant_lens"": false, ""gain"": 0.25, ""lens"": ""pc1"", ""lens_scaling"": ""standardize"", ""min_cluster_size"": 37, ""min_samples"": 5, ""n_class"": 713, ""n_edges"": 5, ""n_intervals"": 6, ""n_vertices"": 6, ""noise_reassigned"": 538, ""placement"": ""uniform"", ""slabs"": [{""k"": 1, ""n"": 154}, {""k"": 1, ""n"": 178}, {""k"": 1, ""n"": 134}, {""k"": 1, ""n"": 96}, {""k"": 1, ""n"": 125}, {""k"": 1, ""n"": 169}]}, {""constant_lens"": false, ""gain"": 0.25, ""lens"": ""pc1"", ""lens_scaling"": ""standardize"", ""min_cluster_size"": 37, ""min_samples"": 5, ""n_class"": 712, ""n_edges"": 5, ""n_intervals"": 6, ""n_vertices"": 6, ""noise_reassigned"": 421, ""placement"": ""quantile"", ""slabs"": [{""k"": 1, ""n"": 134}, {""k"": 1, ""n"": 148}, {""k"": 1, ""n"": 148}, {""k"": 1, ""n"": 148}, {""k"": 1, ""n"": 148}, {""k"": 1, ""n"": 134}]}], ""soundness_bound_holds"": true, ""step_rule"": ""scale_free"", ""topology_retention_nerve_to_frozen"": {""beta0_frozen"": 16, ""beta0_nerve"": 11, ""beta1_frozen"": 1, ""beta1_nerve"": 1}}",True
0.9827115559599636,495,False,0.05003537855049025,0.05,,12.611306000006152,12.611306000006152,0.0,penbased,6,,SPINE+Graph,10,495,1099,9893,0.9499646214495098,2062206376,False,"{""admission"": {""criterion"": ""risk"", ""removed_risk"": 5, ""removed_support"": 0}, ""betti_final"": [[3, 0], [1, 1], [1, 0], [2, 0], [1, 0], [2, 0], [1, 0], [2, 0], [1, 0], [2, 0]], ""betti_frozen"": [[3, 0], [1, 1], [1, 0], [2, 0], [1, 0], [2, 0], [1, 0], [2, 0], [1, 0], [2, 0]], ""betti_nerve"": [[1, 0], [1, 1], [1, 0], [1, 0], [1, 0], [2, 0], [1, 0], [1, 0], [1, 0], [1, 0]], ""boundary_restriction"": ""both"", ""forced_removals"": 0, ""growth_representation_fallbacks"": 388, ""invariant_held"": true, ""n_segments"": 480, ""n_train_fit"": 7420, ""n_val"": 2473, ""phase0"": [{""constant_lens"": false, ""gain"": 0.25, ""lens"": ""pc1"", ""lens_scaling"": ""standardize"", ""min_cluster_size"": 37, ""min_samples"": 5, ""n_class"": 771, ""n_edges"": 5, ""n_intervals"": 6, ""n_vertices"": 6, ""noise_reassigned"": 696, ""placement"": ""quantile"", ""slabs"": [{""k"": 1, ""n"": 145}, {""k"": 1, ""n"": 160}, {""k"": 1, ""n"": 161}, {""k"": 1, ""n"": 161}, {""k"": 1, ""n"": 160}, {""k"": 1, ""n"": 145}]}, {""constant_lens"": false, ""gain"": 0.25, ""lens"": ""pc1"", ""lens_scaling"": ""standardize"", ""min_cluster_size"": 37, ""min_samples"": 5, ""n_class"": 772, ""n_edges"": 7, ""n_intervals"": 6, ""n_vertices"": 7, ""noise_reassigned"": 599, ""placement"": ""quantile"", ""slabs"": [{""k"": 1, ""n"": 145}, {""k"": 1, ""n"": 161}, {""k"": 1, ""n"": 161}, {""k"": 1, ""n"": 161}, {""k"": 2, ""n"": 161}, {""k"": 1, ""n"": 145}]}, {""constant_lens"": false, ""gain"": 0.25, ""lens"": ""pc1"", ""lens_scaling"": ""standardize"", ""min_cluster_size"": 37, ""min_samples"": 5, ""n_class"": 773, ""n_edges"": 5, ""n_intervals"": 6, ""n_vertices"": 6, ""noise_reassigned"": 662, ""placement"": ""quantile"", ""slabs"": [{""k"": 1, ""n"": 145}, {""k"": 1, ""n"": 161}, {""k"": 1, ""n"": 161}, {""k"": 1, ""n"": 161}, {""k"": 1, ""n"": 161}, {""k"": 1, ""n"": 145}]}, {""constant_lens"": false, ""gain"": 0.25, ""lens"": ""pc1"", ""lens_scaling"": ""standardize"", ""min_cluster_size"": 37, ""min_samples"": 5, ""n_class"": 712, ""n_edges"": 5, ""n_intervals"": 6, ""n_vertices"": 6, ""noise_reassigned"": 613, ""placement"": ""quantile"", ""slabs"": [{""k"": 1, ""n"": 134}, {""k"": 1, ""n"": 148}, {""k"": 1, ""n"": 148}, {""k"": 1, ""n"": 148}, {""k"": 1, ""n"": 148}, {""k"": 1, ""n"": 134}]}, {""constant_lens"": false, ""gain"": 0.25, ""lens"": ""pc1"", ""lens_scaling"": ""standardize"", ""min_cluster_size"": 37, ""min_samples"": 5, ""n_class"": 773, ""n_edges"": 5, ""n_intervals"": 6, ""n_vertices"": 6, ""noise_reassigned"": 709, ""placement"": ""quantile"", ""slabs"": [{""k"": 1, ""n"": 145}, {""k"": 1, ""n"": 161}, {""k"": 1, ""n"": 161}, {""k"": 1, ""n"": 161}, {""k"": 1, ""n"": 161}, {""k"": 1, ""n"": 145}]}, {""constant_lens"": false, ""gain"": 0.25, ""lens"": ""pc1"", ""lens_scaling"": ""standardize"", ""min_cluster_size"": 37, ""min_samples"": 5, ""n_class"": 711, ""n_edges"": 5, ""n_intervals"": 6, ""n_vertices"": 7, ""noise_reassigned"": 362, ""placement"": ""quantile"", ""slabs"": [{""k"": 1, ""n"": 134}, {""k"": 1, ""n"": 148}, {""k"": 1, ""n"": 148}, {""k"": 2, ""n"": 148}, {""k"": 1, ""n"": 148}, {""k"": 1, ""n"": 134}]}, {""constant_lens"": false, ""gain"": 0.25, ""lens"": ""pc1"", ""lens_scaling"": ""standardize"", ""min_cluster_size"": 37, ""min_samples"": 5, ""n_class"": 713, ""n_edges"": 5, ""n_intervals"": 6, ""n_vertices"": 6, ""noise_reassigned"": 638, ""placement"": ""quantile"", ""slabs"": [{""k"": 1, ""n"": 134}, {""k"": 1, ""n"": 149}, {""k"": 1, ""n"": 148}, {""k"": 1, ""n"": 148}, {""k"": 1, ""n"": 149}, {""k"": 1, ""n"": 134}]}, {""constant_lens"": false, ""gain"": 0.25, ""lens"": ""pc1"", ""lens_scaling"": ""standardize"", ""min_cluster_size"": 37, ""min_samples"": 5, ""n_class"": 770, ""n_edges"": 5, ""n_intervals"": 6, ""n_vertices"": 6, ""noise_reassigned"": 594, ""placement"": ""quantile"", ""slabs"": [{""k"": 1, ""n"": 145}, {""k"": 1, ""n"": 160}, {""k"": 1, ""n"": 160}, {""k"": 1, ""n"": 160}, {""k"": 1, ""n"": 160}, {""k"": 1, ""n"": 145}]}, {""constant_lens"": false, ""gain"": 0.25, ""lens"": ""pc1"", ""lens_scaling"": ""standardize"", ""min_cluster_size"": 37, ""min_samples"": 5, ""n_class"": 713, ""n_edges"": 5, ""n_intervals"": 6, ""n_vertices"": 6, ""noise_reassigned"": 538, ""placement"": ""uniform"", ""slabs"": [{""k"": 1, ""n"": 154}, {""k"": 1, ""n"": 178}, {""k"": 1, ""n"": 134}, {""k"": 1, ""n"": 96}, {""k"": 1, ""n"": 125}, {""k"": 1, ""n"": 169}]}, {""constant_lens"": false, ""gain"": 0.25, ""lens"": ""pc1"", ""lens_scaling"": ""standardize"", ""min_cluster_size"": 37, ""min_samples"": 5, ""n_class"": 712, ""n_edges"": 5, ""n_intervals"": 6, ""n_vertices"": 6, ""noise_reassigned"": 421, ""placement"": ""quantile"", ""slabs"": [{""k"": 1, ""n"": 134}, {""k"": 1, ""n"": 148}, {""k"": 1, ""n"": 148}, {""k"": 1, ""n"": 148}, {""k"": 1, ""n"": 148}, {""k"": 1, ""n"": 134}]}], ""soundness_bound_holds"": true, ""step_rule"": ""scale_free"", ""topology_retention_nerve_to_frozen"": {""beta0_frozen"": 16, ""beta0_nerve"": 11, ""beta1_frozen"": 1, ""beta1_nerve"": 1}}",True
0.989080982711556,495,False,0.05003537855049025,0.05,,6.849014999985229,121.51107800001046,114.66206300002523,penbased,6,"{""epsilon"": 0.1, ""window"": 0.3}",LVQ3,10,495,1099,9893,0.9499646214495098,2062206376,False,,True
0.991810737033667,495,False,0.05003537855049025,0.05,"{""0"": 51, ""1"": 51, ""2"": 52, ""3"": 47, ""4"": 52, ""5"": 47, ""6"": 48, ""7"": 51, ""8"": 48, ""9"": 48}",5.379868999996688,5.379868999996688,0.0,penbased,6,,KMeans,10,495,1099,9893,0.9499646214495098,2062206376,False,,True
0.9717925386715196,495,False,0.05003537855049025,0.05,"{""0"": 51, ""1"": 51, ""2"": 52, ""3"": 47, ""4"": 52, ""5"": 47, ""6"": 48, ""7"": 51, ""8"": 48, ""9"": 48}",0.002653000003192574,0.002653000003192574,0.0,penbased,6,,Random,10,495,1099,9893,0.9499646214495098,2062206376,False,,True
0.9872611464968153,495,False,0.05003537855049025,0.05,,3.049643999984255,3.049643999984255,0.0,penbased,6,,SPOT,10,495,1099,9893,0.9499646214495098,2062206376,False,,True
0.9417652411282984,495,False,0.05003537855049025,0.05,,108.50409800000489,108.50409800000489,0.0,penbased,6,,GLVQ,10,495,1099,9893,0.9499646214495098,2062206376,False,,True
0.9899909008189263,495,False,0.05003537855049025,0.05,,5.189981999981683,5.189981999981683,0.0,penbased,6,,GNG,10,495,1099,9893,0.9499646214495098,2062206376,False,,True
0.9954504094631483,989,False,0.09996967552815121,0.1,,0.0012619999761227518,0.0012619999761227518,0.0,penbased,6,,Full,10,9893,1099,9893,0.0,2062206376,True,,False
0.9945404913557779,989,False,0.09996967552815121,0.1,,2.6507649999985006,2.6507649999985006,0.0,penbased,6,,RSP3,10,1092,1099,9893,0.8896189224704336,2062206376,True,,False
0.9927206551410374,989,False,0.09996967552815121,0.1,,1.145435999991605,1.145435999991605,0.0,penbased,6,,RHC,10,325,1099,9893,0.9671484888304862,2062206376,True,,False
0.9845313921747043,989,False,0.09996967552815121,0.1,,20.36117699998431,20.36117699998431,0.0,penbased,6,,SPINE+1NN,10,989,1099,9893,0.9000303244718488,2062206376,False,"{""admission"": {""criterion"": ""risk"", ""removed_risk"": 5, ""removed_support"": 0}, ""betti_final"": [[3, 0], [1, 1], [1, 0], [2, 0], [1, 0], [2, 0], [1, 0], [2, 0], [1, 0], [2, 0]], ""betti_frozen"": [[3, 0], [1, 1], [1, 0], [2, 0], [1, 0], [2, 0], [1, 0], [2, 0], [1, 0], [2, 0]], ""betti_nerve"": [[1, 0], [1, 1], [1, 0], [1, 0], [1, 0], [2, 0], [1, 0], [1, 0], [1, 0], [1, 0]], ""boundary_restriction"": ""both"", ""forced_removals"": 0, ""growth_representation_fallbacks"": 992, ""invariant_held"": true, ""n_segments"": 974, ""n_train_fit"": 7420, ""n_val"": 2473, ""phase0"": [{""constant_lens"": false, ""gain"": 0.25, ""lens"": ""pc1"", ""lens_scaling"": ""standardize"", ""min_cluster_size"": 37, ""min_samples"": 5, ""n_class"": 771, ""n_edges"": 5, ""n_intervals"": 6, ""n_vertices"": 6, ""noise_reassigned"": 696, ""placement"": ""quantile"", ""slabs"": [{""k"": 1, ""n"": 145}, {""k"": 1, ""n"": 160}, {""k"": 1, ""n"": 161}, {""k"": 1, ""n"": 161}, {""k"": 1, ""n"": 160}, {""k"": 1, ""n"": 145}]}, {""constant_lens"": false, ""gain"": 0.25, ""lens"": ""pc1"", ""lens_scaling"": ""standardize"", ""min_cluster_size"": 37, ""min_samples"": 5, ""n_class"": 772, ""n_edges"": 7, ""n_intervals"": 6, ""n_vertices"": 7, ""noise_reassigned"": 599, ""placement"": ""quantile"", ""slabs"": [{""k"": 1, ""n"": 145}, {""k"": 1, ""n"": 161}, {""k"": 1, ""n"": 161}, {""k"": 1, ""n"": 161}, {""k"": 2, ""n"": 161}, {""k"": 1, ""n"": 145}]}, {""constant_lens"": false, ""gain"": 0.25, ""lens"": ""pc1"", ""lens_scaling"": ""standardize"", ""min_cluster_size"": 37, ""min_samples"": 5, ""n_class"": 773, ""n_edges"": 5, ""n_intervals"": 6, ""n_vertices"": 6, ""noise_reassigned"": 662, ""placement"": ""quantile"", ""slabs"": [{""k"": 1, ""n"": 145}, {""k"": 1, ""n"": 161}, {""k"": 1, ""n"": 161}, {""k"": 1, ""n"": 161}, {""k"": 1, ""n"": 161}, {""k"": 1, ""n"": 145}]}, {""constant_lens"": false, ""gain"": 0.25, ""lens"": ""pc1"", ""lens_scaling"": ""standardize"", ""min_cluster_size"": 37, ""min_samples"": 5, ""n_class"": 712, ""n_edges"": 5, ""n_intervals"": 6, ""n_vertices"": 6, ""noise_reassigned"": 613, ""placement"": ""quantile"", ""slabs"": [{""k"": 1, ""n"": 134}, {""k"": 1, ""n"": 148}, {""k"": 1, ""n"": 148}, {""k"": 1, ""n"": 148}, {""k"": 1, ""n"": 148}, {""k"": 1, ""n"": 134}]}, {""constant_lens"": false, ""gain"": 0.25, ""lens"": ""pc1"", ""lens_scaling"": ""standardize"", ""min_cluster_size"": 37, ""min_samples"": 5, ""n_class"": 773, ""n_edges"": 5, ""n_intervals"": 6, ""n_vertices"": 6, ""noise_reassigned"": 709, ""placement"": ""quantile"", ""slabs"": [{""k"": 1, ""n"": 145}, {""k"": 1, ""n"": 161}, {""k"": 1, ""n"": 161}, {""k"": 1, ""n"": 161}, {""k"": 1, ""n"": 161}, {""k"": 1, ""n"": 145}]}, {""constant_lens"": false, ""gain"": 0.25, ""lens"": ""pc1"", ""lens_scaling"": ""standardize"", ""min_cluster_size"": 37, ""min_samples"": 5, ""n_class"": 711, ""n_edges"": 5, ""n_intervals"": 6, ""n_vertices"": 7, ""noise_reassigned"": 362, ""placement"": ""quantile"", ""slabs"": [{""k"": 1, ""n"": 134}, {""k"": 1, ""n"": 148}, {""k"": 1, ""n"": 148}, {""k"": 2, ""n"": 148}, {""k"": 1, ""n"": 148}, {""k"": 1, ""n"": 134}]}, {""constant_lens"": false, ""gain"": 0.25, ""lens"": ""pc1"", ""lens_scaling"": ""standardize"", ""min_cluster_size"": 37, ""min_samples"": 5, ""n_class"": 713, ""n_edges"": 5, ""n_intervals"": 6, ""n_vertices"": 6, ""noise_reassigned"": 638, ""placement"": ""quantile"", ""slabs"": [{""k"": 1, ""n"": 134}, {""k"": 1, ""n"": 149}, {""k"": 1, ""n"": 148}, {""k"": 1, ""n"": 148}, {""k"": 1, ""n"": 149}, {""k"": 1, ""n"": 134}]}, {""constant_lens"": false, ""gain"": 0.25, ""lens"": ""pc1"", ""lens_scaling"": ""standardize"", ""min_cluster_size"": 37, ""min_samples"": 5, ""n_class"": 770, ""n_edges"": 5, ""n_intervals"": 6, ""n_vertices"": 6, ""noise_reassigned"": 594, ""placement"": ""quantile"", ""slabs"": [{""k"": 1, ""n"": 145}, {""k"": 1, ""n"": 160}, {""k"": 1, ""n"": 160}, {""k"": 1, ""n"": 160}, {""k"": 1, ""n"": 160}, {""k"": 1, ""n"": 145}]}, {""constant_lens"": false, ""gain"": 0.25, ""lens"": ""pc1"", ""lens_scaling"": ""standardize"", ""min_cluster_size"": 37, ""min_samples"": 5, ""n_class"": 713, ""n_edges"": 5, ""n_intervals"": 6, ""n_vertices"": 6, ""noise_reassigned"": 538, ""placement"": ""uniform"", ""slabs"": [{""k"": 1, ""n"": 154}, {""k"": 1, ""n"": 178}, {""k"": 1, ""n"": 134}, {""k"": 1, ""n"": 96}, {""k"": 1, ""n"": 125}, {""k"": 1, ""n"": 169}]}, {""constant_lens"": false, ""gain"": 0.25, ""lens"": ""pc1"", ""lens_scaling"": ""standardize"", ""min_cluster_size"": 37, ""min_samples"": 5, ""n_class"": 712, ""n_edges"": 5, ""n_intervals"": 6, ""n_vertices"": 6, ""noise_reassigned"": 421, ""placement"": ""quantile"", ""slabs"": [{""k"": 1, ""n"": 134}, {""k"": 1, ""n"": 148}, {""k"": 1, ""n"": 148}, {""k"": 1, ""n"": 148}, {""k"": 1, ""n"": 148}, {""k"": 1, ""n"": 134}]}], ""soundness_bound_holds"": true, ""step_rule"": ""scale_free"", ""topology_retention_nerve_to_frozen"": {""beta0_frozen"": 16, ""beta0_nerve"": 11, ""beta1_frozen"": 1, ""beta1_nerve"": 1}}",True
0.986351228389445,989,False,0.09996967552815121,0.1,,20.36117699998431,20.36117699998431,0.0,penbased,6,,SPINE+Graph,10,989,1099,9893,0.9000303244718488,2062206376,False,"{""admission"": {""criterion"": ""risk"", ""removed_risk"": 5, ""removed_support"": 0}, ""betti_final"": [[3, 0], [1, 1], [1, 0], [2, 0], [1, 0], [2, 0], [1, 0], [2, 0], [1, 0], [2, 0]], ""betti_frozen"": [[3, 0], [1, 1], [1, 0], [2, 0], [1, 0], [2, 0], [1, 0], [2, 0], [1, 0], [2, 0]], ""betti_nerve"": [[1, 0], [1, 1], [1, 0], [1, 0], [1, 0], [2, 0], [1, 0], [1, 0], [1, 0], [1, 0]], ""boundary_restriction"": ""both"", ""forced_removals"": 0, ""growth_representation_fallbacks"": 992, ""invariant_held"": true, ""n_segments"": 974, ""n_train_fit"": 7420, ""n_val"": 2473, ""phase0"": [{""constant_lens"": false, ""gain"": 0.25, ""lens"": ""pc1"", ""lens_scaling"": ""standardize"", ""min_cluster_size"": 37, ""min_samples"": 5, ""n_class"": 771, ""n_edges"": 5, ""n_intervals"": 6, ""n_vertices"": 6, ""noise_reassigned"": 696, ""placement"": ""quantile"", ""slabs"": [{""k"": 1, ""n"": 145}, {""k"": 1, ""n"": 160}, {""k"": 1, ""n"": 161}, {""k"": 1, ""n"": 161}, {""k"": 1, ""n"": 160}, {""k"": 1, ""n"": 145}]}, {""constant_lens"": false, ""gain"": 0.25, ""lens"": ""pc1"", ""lens_scaling"": ""standardize"", ""min_cluster_size"": 37, ""min_samples"": 5, ""n_class"": 772, ""n_edges"": 7, ""n_intervals"": 6, ""n_vertices"": 7, ""noise_reassigned"": 599, ""placement"": ""quantile"", ""slabs"": [{""k"": 1, ""n"": 145}, {""k"": 1, ""n"": 161}, {""k"": 1, ""n"": 161}, {""k"": 1, ""n"": 161}, {""k"": 2, ""n"": 161}, {""k"": 1, ""n"": 145}]}, {""constant_lens"": false, ""gain"": 0.25, ""lens"": ""pc1"", ""lens_scaling"": ""standardize"", ""min_cluster_size"": 37, ""min_samples"": 5, ""n_class"": 773, ""n_edges"": 5, ""n_intervals"": 6, ""n_vertices"": 6, ""noise_reassigned"": 662, ""placement"": ""quantile"", ""slabs"": [{""k"": 1, ""n"": 145}, {""k"": 1, ""n"": 161}, {""k"": 1, ""n"": 161}, {""k"": 1, ""n"": 161}, {""k"": 1, ""n"": 161}, {""k"": 1, ""n"": 145}]}, {""constant_lens"": false, ""gain"": 0.25, ""lens"": ""pc1"", ""lens_scaling"": ""standardize"", ""min_cluster_size"": 37, ""min_samples"": 5, ""n_class"": 712, ""n_edges"": 5, ""n_intervals"": 6, ""n_vertices"": 6, ""noise_reassigned"": 613, ""placement"": ""quantile"", ""slabs"": [{""k"": 1, ""n"": 134}, {""k"": 1, ""n"": 148}, {""k"": 1, ""n"": 148}, {""k"": 1, ""n"": 148}, {""k"": 1, ""n"": 148}, {""k"": 1, ""n"": 134}]}, {""constant_lens"": false, ""gain"": 0.25, ""lens"": ""pc1"", ""lens_scaling"": ""standardize"", ""min_cluster_size"": 37, ""min_samples"": 5, ""n_class"": 773, ""n_edges"": 5, ""n_intervals"": 6, ""n_vertices"": 6, ""noise_reassigned"": 709, ""placement"": ""quantile"", ""slabs"": [{""k"": 1, ""n"": 145}, {""k"": 1, ""n"": 161}, {""k"": 1, ""n"": 161}, {""k"": 1, ""n"": 161}, {""k"": 1, ""n"": 161}, {""k"": 1, ""n"": 145}]}, {""constant_lens"": false, ""gain"": 0.25, ""lens"": ""pc1"", ""lens_scaling"": ""standardize"", ""min_cluster_size"": 37, ""min_samples"": 5, ""n_class"": 711, ""n_edges"": 5, ""n_intervals"": 6, ""n_vertices"": 7, ""noise_reassigned"": 362, ""placement"": ""quantile"", ""slabs"": [{""k"": 1, ""n"": 134}, {""k"": 1, ""n"": 148}, {""k"": 1, ""n"": 148}, {""k"": 2, ""n"": 148}, {""k"": 1, ""n"": 148}, {""k"": 1, ""n"": 134}]}, {""constant_lens"": false, ""gain"": 0.25, ""lens"": ""pc1"", ""lens_scaling"": ""standardize"", ""min_cluster_size"": 37, ""min_samples"": 5, ""n_class"": 713, ""n_edges"": 5, ""n_intervals"": 6, ""n_vertices"": 6, ""noise_reassigned"": 638, ""placement"": ""quantile"", ""slabs"": [{""k"": 1, ""n"": 134}, {""k"": 1, ""n"": 149}, {""k"": 1, ""n"": 148}, {""k"": 1, ""n"": 148}, {""k"": 1, ""n"": 149}, {""k"": 1, ""n"": 134}]}, {""constant_lens"": false, ""gain"": 0.25, ""lens"": ""pc1"", ""lens_scaling"": ""standardize"", ""min_cluster_size"": 37, ""min_samples"": 5, ""n_class"": 770, ""n_edges"": 5, ""n_intervals"": 6, ""n_vertices"": 6, ""noise_reassigned"": 594, ""placement"": ""quantile"", ""slabs"": [{""k"": 1, ""n"": 145}, {""k"": 1, ""n"": 160}, {""k"": 1, ""n"": 160}, {""k"": 1, ""n"": 160}, {""k"": 1, ""n"": 160}, {""k"": 1, ""n"": 145}]}, {""constant_lens"": false, ""gain"": 0.25, ""lens"": ""pc1"", ""lens_scaling"": ""standardize"", ""min_cluster_size"": 37, ""min_samples"": 5, ""n_class"": 713, ""n_edges"": 5, ""n_intervals"": 6, ""n_vertices"": 6, ""noise_reassigned"": 538, ""placement"": ""uniform"", ""slabs"": [{""k"": 1, ""n"": 154}, {""k"": 1, ""n"": 178}, {""k"": 1, ""n"": 134}, {""k"": 1, ""n"": 96}, {""k"": 1, ""n"": 125}, {""k"": 1, ""n"": 169}]}, {""constant_lens"": false, ""gain"": 0.25, ""lens"": ""pc1"", ""lens_scaling"": ""standardize"", ""min_cluster_size"": 37, ""min_samples"": 5, ""n_class"": 712, ""n_edges"": 5, ""n_intervals"": 6, ""n_vertices"": 6, ""noise_reassigned"": 421, ""placement"": ""quantile"", ""slabs"": [{""k"": 1, ""n"": 134}, {""k"": 1, ""n"": 148}, {""k"": 1, ""n"": 148}, {""k"": 1, ""n"": 148}, {""k"": 1, ""n"": 148}, {""k"": 1, ""n"": 134}]}], ""soundness_bound_holds"": true, ""step_rule"": ""scale_free"", ""topology_retention_nerve_to_frozen"": {""beta0_frozen"": 16, ""beta0_nerve"": 11, ""beta1_frozen"": 1, ""beta1_nerve"": 1}}",True
0.991810737033667,989,False,0.09996967552815121,0.1,,10.85356800002046,192.15488300001016,181.3013149999897,penbased,6,"{""epsilon"": 0.1, ""window"": 0.2}",LVQ3,10,989,1099,9893,0.9000303244718488,2062206376,False,,True
0.9945404913557779,989,False,0.09996967552815121,0.1,"{""0"": 103, ""1"": 103, ""2"": 103, ""3"": 95, ""4"": 103, ""5"": 95, ""6"": 95, ""7"": 102, ""8"": 95, ""9"": 95}",8.034928000008222,8.034928000008222,0.0,penbased,6,,KMeans,10,989,1099,9893,0.9000303244718488,2062206376,False,,True
0.9818016378525932,989,False,0.09996967552815121,0.1,"{""0"": 103, ""1"": 103, ""2"": 103, ""3"": 95, ""4"": 103, ""5"": 95, ""6"": 95, ""7"": 102, ""8"": 95, ""9"": 95}",0.0031729999755043536,0.0031729999755043536,0.0,penbased,6,,Random,10,989,1099,9893,0.9000303244718488,2062206376,False,,True
0.9927206551410374,989,False,0.09996967552815121,0.1,,3.1170899999851827,3.1170899999851827,0.0,penbased,6,,SPOT,10,989,1099,9893,0.9000303244718488,2062206376,False,,True
0.9454049135577798,989,False,0.09996967552815121,0.1,,209.76231399999233,209.76231399999233,0.0,penbased,6,,GLVQ,10,989,1099,9893,0.9000303244718488,2062206376,False,,True
0.9945404913557779,989,False,0.09996967552815121,0.1,,13.537492999981623,13.537492999981623,0.0,penbased,6,,GNG,10,989,1099,9893,0.9000303244718488,2062206376,False,,True
0.9954504094631483,2473,False,0.24997472960679268,0.25,,0.0012619999761227518,0.0012619999761227518,0.0,penbased,6,,Full,10,9893,1099,9893,0.0,2062206376,True,,False
0.9945404913557779,2473,False,0.24997472960679268,0.25,,2.6507649999985006,2.6507649999985006,0.0,penbased,6,,RSP3,10,1092,1099,9893,0.8896189224704336,2062206376,True,,False
0.9927206551410374,2473,False,0.24997472960679268,0.25,,1.145435999991605,1.145435999991605,0.0,penbased,6,,RHC,10,325,1099,9893,0.9671484888304862,2062206376,True,,False
0.9899909008189263,2473,False,0.24997472960679268,0.25,,66.00460400001612,66.00460400001612,0.0,penbased,6,,SPINE+1NN,10,2473,1099,9893,0.7500252703932073,2062206376,False,"{""admission"": {""criterion"": ""risk"", ""removed_risk"": 5, ""removed_support"": 0}, ""betti_final"": [[3, 0], [1, 1], [1, 0], [2, 0], [1, 0], [2, 0], [1, 0], [2, 0], [1, 0], [2, 0]], ""betti_frozen"": [[3, 0], [1, 1], [1, 0], [2, 0], [1, 0], [2, 0], [1, 0], [2, 0], [1, 0], [2, 0]], ""betti_nerve"": [[1, 0], [1, 1], [1, 0], [1, 0], [1, 0], [2, 0], [1, 0], [1, 0], [1, 0], [1, 0]], ""boundary_restriction"": ""both"", ""forced_removals"": 0, ""growth_representation_fallbacks"": 2772, ""invariant_held"": true, ""n_segments"": 2458, ""n_train_fit"": 7420, ""n_val"": 2473, ""phase0"": [{""constant_lens"": false, ""gain"": 0.25, ""lens"": ""pc1"", ""lens_scaling"": ""standardize"", ""min_cluster_size"": 37, ""min_samples"": 5, ""n_class"": 771, ""n_edges"": 5, ""n_intervals"": 6, ""n_vertices"": 6, ""noise_reassigned"": 696, ""placement"": ""quantile"", ""slabs"": [{""k"": 1, ""n"": 145}, {""k"": 1, ""n"": 160}, {""k"": 1, ""n"": 161}, {""k"": 1, ""n"": 161}, {""k"": 1, ""n"": 160}, {""k"": 1, ""n"": 145}]}, {""constant_lens"": false, ""gain"": 0.25, ""lens"": ""pc1"", ""lens_scaling"": ""standardize"", ""min_cluster_size"": 37, ""min_samples"": 5, ""n_class"": 772, ""n_edges"": 7, ""n_intervals"": 6, ""n_vertices"": 7, ""noise_reassigned"": 599, ""placement"": ""quantile"", ""slabs"": [{""k"": 1, ""n"": 145}, {""k"": 1, ""n"": 161}, {""k"": 1, ""n"": 161}, {""k"": 1, ""n"": 161}, {""k"": 2, ""n"": 161}, {""k"": 1, ""n"": 145}]}, {""constant_lens"": false, ""gain"": 0.25, ""lens"": ""pc1"", ""lens_scaling"": ""standardize"", ""min_cluster_size"": 37, ""min_samples"": 5, ""n_class"": 773, ""n_edges"": 5, ""n_intervals"": 6, ""n_vertices"": 6, ""noise_reassigned"": 662, ""placement"": ""quantile"", ""slabs"": [{""k"": 1, ""n"": 145}, {""k"": 1, ""n"": 161}, {""k"": 1, ""n"": 161}, {""k"": 1, ""n"": 161}, {""k"": 1, ""n"": 161}, {""k"": 1, ""n"": 145}]}, {""constant_lens"": false, ""gain"": 0.25, ""lens"": ""pc1"", ""lens_scaling"": ""standardize"", ""min_cluster_size"": 37, ""min_samples"": 5, ""n_class"": 712, ""n_edges"": 5, ""n_intervals"": 6, ""n_vertices"": 6, ""noise_reassigned"": 613, ""placement"": ""quantile"", ""slabs"": [{""k"": 1, ""n"": 134}, {""k"": 1, ""n"": 148}, {""k"": 1, ""n"": 148}, {""k"": 1, ""n"": 148}, {""k"": 1, ""n"": 148}, {""k"": 1, ""n"": 134}]}, {""constant_lens"": false, ""gain"": 0.25, ""lens"": ""pc1"", ""lens_scaling"": ""standardize"", ""min_cluster_size"": 37, ""min_samples"": 5, ""n_class"": 773, ""n_edges"": 5, ""n_intervals"": 6, ""n_vertices"": 6, ""noise_reassigned"": 709, ""placement"": ""quantile"", ""slabs"": [{""k"": 1, ""n"": 145}, {""k"": 1, ""n"": 161}, {""k"": 1, ""n"": 161}, {""k"": 1, ""n"": 161}, {""k"": 1, ""n"": 161}, {""k"": 1, ""n"": 145}]}, {""constant_lens"": false, ""gain"": 0.25, ""lens"": ""pc1"", ""lens_scaling"": ""standardize"", ""min_cluster_size"": 37, ""min_samples"": 5, ""n_class"": 711, ""n_edges"": 5, ""n_intervals"": 6, ""n_vertices"": 7, ""noise_reassigned"": 362, ""placement"": ""quantile"", ""slabs"": [{""k"": 1, ""n"": 134}, {""k"": 1, ""n"": 148}, {""k"": 1, ""n"": 148}, {""k"": 2, ""n"": 148}, {""k"": 1, ""n"": 148}, {""k"": 1, ""n"": 134}]}, {""constant_lens"": false, ""gain"": 0.25, ""lens"": ""pc1"", ""lens_scaling"": ""standardize"", ""min_cluster_size"": 37, ""min_samples"": 5, ""n_class"": 713, ""n_edges"": 5, ""n_intervals"": 6, ""n_vertices"": 6, ""noise_reassigned"": 638, ""placement"": ""quantile"", ""slabs"": [{""k"": 1, ""n"": 134}, {""k"": 1, ""n"": 149}, {""k"": 1, ""n"": 148}, {""k"": 1, ""n"": 148}, {""k"": 1, ""n"": 149}, {""k"": 1, ""n"": 134}]}, {""constant_lens"": false, ""gain"": 0.25, ""lens"": ""pc1"", ""lens_scaling"": ""standardize"", ""min_cluster_size"": 37, ""min_samples"": 5, ""n_class"": 770, ""n_edges"": 5, ""n_intervals"": 6, ""n_vertices"": 6, ""noise_reassigned"": 594, ""placement"": ""quantile"", ""slabs"": [{""k"": 1, ""n"": 145}, {""k"": 1, ""n"": 160}, {""k"": 1, ""n"": 160}, {""k"": 1, ""n"": 160}, {""k"": 1, ""n"": 160}, {""k"": 1, ""n"": 145}]}, {""constant_lens"": false, ""gain"": 0.25, ""lens"": ""pc1"", ""lens_scaling"": ""standardize"", ""min_cluster_size"": 37, ""min_samples"": 5, ""n_class"": 713, ""n_edges"": 5, ""n_intervals"": 6, ""n_vertices"": 6, ""noise_reassigned"": 538, ""placement"": ""uniform"", ""slabs"": [{""k"": 1, ""n"": 154}, {""k"": 1, ""n"": 178}, {""k"": 1, ""n"": 134}, {""k"": 1, ""n"": 96}, {""k"": 1, ""n"": 125}, {""k"": 1, ""n"": 169}]}, {""constant_lens"": false, ""gain"": 0.25, ""lens"": ""pc1"", ""lens_scaling"": ""standardize"", ""min_cluster_size"": 37, ""min_samples"": 5, ""n_class"": 712, ""n_edges"": 5, ""n_intervals"": 6, ""n_vertices"": 6, ""noise_reassigned"": 421, ""placement"": ""quantile"", ""slabs"": [{""k"": 1, ""n"": 134}, {""k"": 1, ""n"": 148}, {""k"": 1, ""n"": 148}, {""k"": 1, ""n"": 148}, {""k"": 1, ""n"": 148}, {""k"": 1, ""n"": 134}]}], ""soundness_bound_holds"": true, ""step_rule"": ""scale_free"", ""topology_retention_nerve_to_frozen"": {""beta0_frozen"": 16, ""beta0_nerve"": 11, ""beta1_frozen"": 1, ""beta1_nerve"": 1}}",True
0.9909008189262967,2473,False,0.24997472960679268,0.25,,66.00460400001612,66.00460400001612,0.0,penbased,6,,SPINE+Graph,10,2473,1099,9893,0.7500252703932073,2062206376,False,"{""admission"": {""criterion"": ""risk"", ""removed_risk"": 5, ""removed_support"": 0}, ""betti_final"": [[3, 0], [1, 1], [1, 0], [2, 0], [1, 0], [2, 0], [1, 0], [2, 0], [1, 0], [2, 0]], ""betti_frozen"": [[3, 0], [1, 1], [1, 0], [2, 0], [1, 0], [2, 0], [1, 0], [2, 0], [1, 0], [2, 0]], ""betti_nerve"": [[1, 0], [1, 1], [1, 0], [1, 0], [1, 0], [2, 0], [1, 0], [1, 0], [1, 0], [1, 0]], ""boundary_restriction"": ""both"", ""forced_removals"": 0, ""growth_representation_fallbacks"": 2772, ""invariant_held"": true, ""n_segments"": 2458, ""n_train_fit"": 7420, ""n_val"": 2473, ""phase0"": [{""constant_lens"": false, ""gain"": 0.25, ""lens"": ""pc1"", ""lens_scaling"": ""standardize"", ""min_cluster_size"": 37, ""min_samples"": 5, ""n_class"": 771, ""n_edges"": 5, ""n_intervals"": 6, ""n_vertices"": 6, ""noise_reassigned"": 696, ""placement"": ""quantile"", ""slabs"": [{""k"": 1, ""n"": 145}, {""k"": 1, ""n"": 160}, {""k"": 1, ""n"": 161}, {""k"": 1, ""n"": 161}, {""k"": 1, ""n"": 160}, {""k"": 1, ""n"": 145}]}, {""constant_lens"": false, ""gain"": 0.25, ""lens"": ""pc1"", ""lens_scaling"": ""standardize"", ""min_cluster_size"": 37, ""min_samples"": 5, ""n_class"": 772, ""n_edges"": 7, ""n_intervals"": 6, ""n_vertices"": 7, ""noise_reassigned"": 599, ""placement"": ""quantile"", ""slabs"": [{""k"": 1, ""n"": 145}, {""k"": 1, ""n"": 161}, {""k"": 1, ""n"": 161}, {""k"": 1, ""n"": 161}, {""k"": 2, ""n"": 161}, {""k"": 1, ""n"": 145}]}, {""constant_lens"": false, ""gain"": 0.25, ""lens"": ""pc1"", ""lens_scaling"": ""standardize"", ""min_cluster_size"": 37, ""min_samples"": 5, ""n_class"": 773, ""n_edges"": 5, ""n_intervals"": 6, ""n_vertices"": 6, ""noise_reassigned"": 662, ""placement"": ""quantile"", ""slabs"": [{""k"": 1, ""n"": 145}, {""k"": 1, ""n"": 161}, {""k"": 1, ""n"": 161}, {""k"": 1, ""n"": 161}, {""k"": 1, ""n"": 161}, {""k"": 1, ""n"": 145}]}, {""constant_lens"": false, ""gain"": 0.25, ""lens"": ""pc1"", ""lens_scaling"": ""standardize"", ""min_cluster_size"": 37, ""min_samples"": 5, ""n_class"": 712, ""n_edges"": 5, ""n_intervals"": 6, ""n_vertices"": 6, ""noise_reassigned"": 613, ""placement"": ""quantile"", ""slabs"": [{""k"": 1, ""n"": 134}, {""k"": 1, ""n"": 148}, {""k"": 1, ""n"": 148}, {""k"": 1, ""n"": 148}, {""k"": 1, ""n"": 148}, {""k"": 1, ""n"": 134}]}, {""constant_lens"": false, ""gain"": 0.25, ""lens"": ""pc1"", ""lens_scaling"": ""standardize"", ""min_cluster_size"": 37, ""min_samples"": 5, ""n_class"": 773, ""n_edges"": 5, ""n_intervals"": 6, ""n_vertices"": 6, ""noise_reassigned"": 709, ""placement"": ""quantile"", ""slabs"": [{""k"": 1, ""n"": 145}, {""k"": 1, ""n"": 161}, {""k"": 1, ""n"": 161}, {""k"": 1, ""n"": 161}, {""k"": 1, ""n"": 161}, {""k"": 1, ""n"": 145}]}, {""constant_lens"": false, ""gain"": 0.25, ""lens"": ""pc1"", ""lens_scaling"": ""standardize"", ""min_cluster_size"": 37, ""min_samples"": 5, ""n_class"": 711, ""n_edges"": 5, ""n_intervals"": 6, ""n_vertices"": 7, ""noise_reassigned"": 362, ""placement"": ""quantile"", ""slabs"": [{""k"": 1, ""n"": 134}, {""k"": 1, ""n"": 148}, {""k"": 1, ""n"": 148}, {""k"": 2, ""n"": 148}, {""k"": 1, ""n"": 148}, {""k"": 1, ""n"": 134}]}, {""constant_lens"": false, ""gain"": 0.25, ""lens"": ""pc1"", ""lens_scaling"": ""standardize"", ""min_cluster_size"": 37, ""min_samples"": 5, ""n_class"": 713, ""n_edges"": 5, ""n_intervals"": 6, ""n_vertices"": 6, ""noise_reassigned"": 638, ""placement"": ""quantile"", ""slabs"": [{""k"": 1, ""n"": 134}, {""k"": 1, ""n"": 149}, {""k"": 1, ""n"": 148}, {""k"": 1, ""n"": 148}, {""k"": 1, ""n"": 149}, {""k"": 1, ""n"": 134}]}, {""constant_lens"": false, ""gain"": 0.25, ""lens"": ""pc1"", ""lens_scaling"": ""standardize"", ""min_cluster_size"": 37, ""min_samples"": 5, ""n_class"": 770, ""n_edges"": 5, ""n_intervals"": 6, ""n_vertices"": 6, ""noise_reassigned"": 594, ""placement"": ""quantile"", ""slabs"": [{""k"": 1, ""n"": 145}, {""k"": 1, ""n"": 160}, {""k"": 1, ""n"": 160}, {""k"": 1, ""n"": 160}, {""k"": 1, ""n"": 160}, {""k"": 1, ""n"": 145}]}, {""constant_lens"": false, ""gain"": 0.25, ""lens"": ""pc1"", ""lens_scaling"": ""standardize"", ""min_cluster_size"": 37, ""min_samples"": 5, ""n_class"": 713, ""n_edges"": 5, ""n_intervals"": 6, ""n_vertices"": 6, ""noise_reassigned"": 538, ""placement"": ""uniform"", ""slabs"": [{""k"": 1, ""n"": 154}, {""k"": 1, ""n"": 178}, {""k"": 1, ""n"": 134}, {""k"": 1, ""n"": 96}, {""k"": 1, ""n"": 125}, {""k"": 1, ""n"": 169}]}, {""constant_lens"": false, ""gain"": 0.25, ""lens"": ""pc1"", ""lens_scaling"": ""standardize"", ""min_cluster_size"": 37, ""min_samples"": 5, ""n_class"": 712, ""n_edges"": 5, ""n_intervals"": 6, ""n_vertices"": 6, ""noise_reassigned"": 421, ""placement"": ""quantile"", ""slabs"": [{""k"": 1, ""n"": 134}, {""k"": 1, ""n"": 148}, {""k"": 1, ""n"": 148}, {""k"": 1, ""n"": 148}, {""k"": 1, ""n"": 148}, {""k"": 1, ""n"": 134}]}], ""soundness_bound_holds"": true, ""step_rule"": ""scale_free"", ""topology_retention_nerve_to_frozen"": {""beta0_frozen"": 16, ""beta0_nerve"": 11, ""beta1_frozen"": 1, ""beta1_nerve"": 1}}",True
0.9963603275705186,2473,False,0.24997472960679268,0.25,,25.675078000000212,442.59738700001617,416.92230900001596,penbased,6,"{""epsilon"": 0.3, ""window"": 0.2}",LVQ3,10,2473,1099,9893,0.7500252703932073,2062206376,False,,True
0.9936305732484076,2473,False,0.24997472960679268,0.25,"{""0"": 257, ""1"": 257, ""2"": 257, ""3"": 237, ""4"": 258, ""5"": 237, ""6"": 238, ""7"": 257, ""8"": 238, ""9"": 237}",15.221030999993673,15.221030999993673,0.0,penbased,6,,KMeans,10,2473,1099,9893,0.7500252703932073,2062206376,False,,True
0.9909008189262967,2473,False,0.24997472960679268,0.25,"{""0"": 257, ""1"": 257, ""2"": 257, ""3"": 237, ""4"": 258, ""5"": 237, ""6"": 238, ""7"": 257, ""8"": 238, ""9"": 237}",0.005305999977281317,0.005305999977281317,0.0,penbased,6,,Random,10,2473,1099,9893,0.7500252703932073,2062206376,False,,True
0.9963603275705186,2473,False,0.24997472960679268,0.25,,3.3953350000083447,3.3953350000083447,0.0,penbased,6,,SPOT,10,2473,1099,9893,0.7500252703932073,2062206376,False,,True
0.9472247497725205,2473,False,0.24997472960679268,0.25,,517.4259730000049,517.4259730000049,0.0,penbased,6,,GLVQ,10,2473,1099,9893,0.7500252703932073,2062206376,False,,True
0.9963603275705186,2473,False,0.24997472960679268,0.25,,63.1014810000197,63.1014810000197,0.0,penbased,6,,GNG,10,2473,1099,9893,0.7500252703932073,2062206376,False,,True
0.9963636363636363,49,False,0.00495349777598059,0.005,,0.001373999984934926,0.001373999984934926,0.0,penbased,7,,Full,10,9892,1100,9892,0.0,2063206379,False,,False
0.99,49,False,0.00495349777598059,0.005,,2.6752249999844935,2.6752249999844935,0.0,penbased,7,,RSP3,10,1088,1100,9892,0.8900121310149616,2063206379,False,,False
0.980909090909091,49,False,0.00495349777598059,0.005,,1.107027999998536,1.107027999998536,0.0,penbased,7,,RHC,10,326,1100,9892,0.967044076021027,2063206379,False,,False
0.9245454545454546,49,False,0.00495349777598059,0.005,,6.043570999987423,6.043570999987423,0.0,penbased,7,,SPINE+1NN,10,49,1100,9892,0.9950465022240194,2063206379,False,"{""admission"": {""criterion"": ""risk"", ""removed_risk"": 6, ""removed_support"": 0}, ""betti_final"": [[1, 0], [2, 0], [3, 0], [1, 0], [1, 0], [3, 0], [1, 0], [1, 0], [1, 0], [2, 0]], ""betti_frozen"": [[1, 0], [2, 0], [3, 0], [1, 0], [1, 0], [3, 0], [1, 0], [1, 0], [1, 0], [2, 0]], ""betti_nerve"": [[1, 0], [1, 1], [1, 0], [1, 0], [1, 0], [2, 0], [1, 0], [1, 0], [1, 0], [1, 0]], ""boundary_restriction"": ""both"", ""forced_removals"": 0, ""growth_representation_fallbacks"": 0, ""invariant_held"": true, ""n_segments"": 33, ""n_train_fit"": 7419, ""n_val"": 2473, ""phase0"": [{""constant_lens"": false, ""gain"": 0.25, ""lens"": ""pc1"", ""lens_scaling"": ""standardize"", ""min_cluster_size"": 37, ""min_samples"": 5, ""n_class"": 771, ""n_edges"": 5, ""n_intervals"": 6, ""n_vertices"": 6, ""noise_reassigned"": 707, ""placement"": ""quantile"", ""slabs"": [{""k"": 1, ""n"": 145}, {""k"": 1, ""n"": 160}, {""k"": 1, ""n"": 161}, {""k"": 1, ""n"": 161}, {""k"": 1, ""n"": 160}, {""k"": 1, ""n"": 145}]}, {""constant_lens"": false, ""gain"": 0.25, ""lens"": ""pc1"", ""lens_scaling"": ""standardize"", ""min_cluster_size"": 37, ""min_samples"": 5, ""n_class"": 772, ""n_edges"": 7, ""n_intervals"": 6, ""n_vertices"": 7, ""noise_reassigned"": 583, ""placement"": ""quantile"", ""slabs"": [{""k"": 1, ""n"": 145}, {""k"": 1, ""n"": 161}, {""k"": 1, ""n"": 161}, {""k"": 1, ""n"": 161}, {""k"": 2, ""n"": 161}, {""k"": 1, ""n"": 145}]}, {""constant_lens"": false, ""gain"": 0.25, ""lens"": ""pc1"", ""lens_scaling"": ""standardize"", ""min_cluster_size"": 37, ""min_samples"": 5, ""n_class"": 773, ""n_edges"": 5, ""n_intervals"": 6, ""n_vertices"": 6, ""noise_reassigned"": 662, ""placement"": ""quantile"", ""slabs"": [{""k"": 1, ""n"": 145}, {""k"": 1, ""n"": 161}, {""k"": 1, ""n"": 161}, {""k"": 1, ""n"": 161}, {""k"": 1, ""n"": 161}, {""k"": 1, ""n"": 145}]}, {""constant_lens"": false, ""gain"": 0.25, ""lens"": ""pc1"", ""lens_scaling"": ""standardize"", ""min_cluster_size"": 37, ""min_samples"": 5, ""n_class"": 712, ""n_edges"": 5, ""n_intervals"": 6, ""n_vertices"": 6, ""noise_reassigned"": 628, ""placement"": ""quantile"", ""slabs"": [{""k"": 1, ""n"": 134}, {""k"": 1, ""n"": 148}, {""k"": 1, ""n"": 148}, {""k"": 1, ""n"": 148}, {""k"": 1, ""n"": 148}, {""k"": 1, ""n"": 134}]}, {""constant_lens"": false, ""gain"": 0.25, ""lens"": ""pc1"", ""lens_scaling"": ""standardize"", ""min_cluster_size"": 37, ""min_samples"": 5, ""n_class"": 772, ""n_edges"": 5, ""n_intervals"": 6, ""n_vertices"": 6, ""noise_reassigned"": 702, ""placement"": ""quantile"", ""slabs"": [{""k"": 1, ""n"": 145}, {""k"": 1, ""n"": 161}, {""k"": 1, ""n"": 161}, {""k"": 1, ""n"": 161}, {""k"": 1, ""n"": 161}, {""k"": 1, ""n"": 145}]}, {""constant_lens"": false, ""gain"": 0.25, ""lens"": ""pc1"", ""lens_scaling"": ""standardize"", ""min_cluster_size"": 37, ""min_samples"": 5, ""n_class"": 716, ""n_edges"": 5, ""n_intervals"": 6, ""n_vertices"": 7, ""noise_reassigned"": 414, ""placement"": ""quantile"", ""slabs"": [{""k"": 1, ""n"": 135}, {""k"": 1, ""n"": 149}, {""k"": 1, ""n"": 149}, {""k"": 2, ""n"": 149}, {""k"": 1, ""n"": 149}, {""k"": 1, ""n"": 135}]}, {""constant_lens"": false, ""gain"": 0.25, ""lens"": ""pc1"", ""lens_scaling"": ""standardize"", ""min_cluster_size"": 37, ""min_samples"": 5, ""n_class"": 709, ""n_edges"": 5, ""n_intervals"": 6, ""n_vertices"": 6, ""noise_reassigned"": 628, ""placement"": ""quantile"", ""slabs"": [{""k"": 1, ""n"": 133}, {""k"": 1, ""n"": 147}, {""k"": 1, ""n"": 147}, {""k"": 1, ""n"": 147}, {""k"": 1, ""n"": 147}, {""k"": 1, ""n"": 133}]}, {""constant_lens"": false, ""gain"": 0.25, ""lens"": ""pc1"", ""lens_scaling"": ""standardize"", ""min_cluster_size"": 37, ""min_samples"": 5, ""n_class"": 770, ""n_edges"": 5, ""n_intervals"": 6, ""n_vertices"": 6, ""noise_reassigned"": 586, ""placement"": ""quantile"", ""slabs"": [{""k"": 1, ""n"": 145}, {""k"": 1, ""n"": 160}, {""k"": 1, ""n"": 160}, {""k"": 1, ""n"": 160}, {""k"": 1, ""n"": 160}, {""k"": 1, ""n"": 145}]}, {""constant_lens"": false, ""gain"": 0.25, ""lens"": ""pc1"", ""lens_scaling"": ""standardize"", ""min_cluster_size"": 37, ""min_samples"": 5, ""n_class"": 712, ""n_edges"": 5, ""n_intervals"": 6, ""n_vertices"": 6, ""noise_reassigned"": 520, ""placement"": ""uniform"", ""slabs"": [{""k"": 1, ""n"": 157}, {""k"": 1, ""n"": 187}, {""k"": 1, ""n"": 133}, {""k"": 1, ""n"": 81}, {""k"": 1, ""n"": 144}, {""k"": 1, ""n"": 173}]}, {""constant_lens"": false, ""gain"": 0.25, ""lens"": ""pc1"", ""lens_scaling"": ""standardize"", ""min_cluster_size"": 37, ""min_samples"": 5, ""n_class"": 712, ""n_edges"": 5, ""n_intervals"": 6, ""n_vertices"": 6, ""noise_reassigned"": 443, ""placement"": ""quantile"", ""slabs"": [{""k"": 1, ""n"": 134}, {""k"": 1, ""n"": 148}, {""k"": 1, ""n"": 148}, {""k"": 1, ""n"": 148}, {""k"": 1, ""n"": 148}, {""k"": 1, ""n"": 134}]}], ""soundness_bound_holds"": true, ""step_rule"": ""scale_free"", ""topology_retention_nerve_to_frozen"": {""beta0_frozen"": 16, ""beta0_nerve"": 11, ""beta1_frozen"": 0, ""beta1_nerve"": 1}}",True
0.9609090909090909,49,False,0.00495349777598059,0.005,,6.043570999987423,6.043570999987423,0.0,penbased,7,,SPINE+Graph,10,49,1100,9892,0.9950465022240194,2063206379,False,"{""admission"": {""criterion"": ""risk"", ""removed_risk"": 6, ""removed_support"": 0}, ""betti_final"": [[1, 0], [2, 0], [3, 0], [1, 0], [1, 0], [3, 0], [1, 0], [1, 0], [1, 0], [2, 0]], ""betti_frozen"": [[1, 0], [2, 0], [3, 0], [1, 0], [1, 0], [3, 0], [1, 0], [1, 0], [1, 0], [2, 0]], ""betti_nerve"": [[1, 0], [1, 1], [1, 0], [1, 0], [1, 0], [2, 0], [1, 0], [1, 0], [1, 0], [1, 0]], ""boundary_restriction"": ""both"", ""forced_removals"": 0, ""growth_representation_fallbacks"": 0, ""invariant_held"": true, ""n_segments"": 33, ""n_train_fit"": 7419, ""n_val"": 2473, ""phase0"": [{""constant_lens"": false, ""gain"": 0.25, ""lens"": ""pc1"", ""lens_scaling"": ""standardize"", ""min_cluster_size"": 37, ""min_samples"": 5, ""n_class"": 771, ""n_edges"": 5, ""n_intervals"": 6, ""n_vertices"": 6, ""noise_reassigned"": 707, ""placement"": ""quantile"", ""slabs"": [{""k"": 1, ""n"": 145}, {""k"": 1, ""n"": 160}, {""k"": 1, ""n"": 161}, {""k"": 1, ""n"": 161}, {""k"": 1, ""n"": 160}, {""k"": 1, ""n"": 145}]}, {""constant_lens"": false, ""gain"": 0.25, ""lens"": ""pc1"", ""lens_scaling"": ""standardize"", ""min_cluster_size"": 37, ""min_samples"": 5, ""n_class"": 772, ""n_edges"": 7, ""n_intervals"": 6, ""n_vertices"": 7, ""noise_reassigned"": 583, ""placement"": ""quantile"", ""slabs"": [{""k"": 1, ""n"": 145}, {""k"": 1, ""n"": 161}, {""k"": 1, ""n"": 161}, {""k"": 1, ""n"": 161}, {""k"": 2, ""n"": 161}, {""k"": 1, ""n"": 145}]}, {""constant_lens"": false, ""gain"": 0.25, ""lens"": ""pc1"", ""lens_scaling"": ""standardize"", ""min_cluster_size"": 37, ""min_samples"": 5, ""n_class"": 773, ""n_edges"": 5, ""n_intervals"": 6, ""n_vertices"": 6, ""noise_reassigned"": 662, ""placement"": ""quantile"", ""slabs"": [{""k"": 1, ""n"": 145}, {""k"": 1, ""n"": 161}, {""k"": 1, ""n"": 161}, {""k"": 1, ""n"": 161}, {""k"": 1, ""n"": 161}, {""k"": 1, ""n"": 145}]}, {""constant_lens"": false, ""gain"": 0.25, ""lens"": ""pc1"", ""lens_scaling"": ""standardize"", ""min_cluster_size"": 37, ""min_samples"": 5, ""n_class"": 712, ""n_edges"": 5, ""n_intervals"": 6, ""n_vertices"": 6, ""noise_reassigned"": 628, ""placement"": ""quantile"", ""slabs"": [{""k"": 1, ""n"": 134}, {""k"": 1, ""n"": 148}, {""k"": 1, ""n"": 148}, {""k"": 1, ""n"": 148}, {""k"": 1, ""n"": 148}, {""k"": 1, ""n"": 134}]}, {""constant_lens"": false, ""gain"": 0.25, ""lens"": ""pc1"", ""lens_scaling"": ""standardize"", ""min_cluster_size"": 37, ""min_samples"": 5, ""n_class"": 772, ""n_edges"": 5, ""n_intervals"": 6, ""n_vertices"": 6, ""noise_reassigned"": 702, ""placement"": ""quantile"", ""slabs"": [{""k"": 1, ""n"": 145}, {""k"": 1, ""n"": 161}, {""k"": 1, ""n"": 161}, {""k"": 1, ""n"": 161}, {""k"": 1, ""n"": 161}, {""k"": 1, ""n"": 145}]}, {""constant_lens"": false, ""gain"": 0.25, ""lens"": ""pc1"", ""lens_scaling"": ""standardize"", ""min_cluster_size"": 37, ""min_samples"": 5, ""n_class"": 716, ""n_edges"": 5, ""n_intervals"": 6, ""n_vertices"": 7, ""noise_reassigned"": 414, ""placement"": ""quantile"", ""slabs"": [{""k"": 1, ""n"": 135}, {""k"": 1, ""n"": 149}, {""k"": 1, ""n"": 149}, {""k"": 2, ""n"": 149}, {""k"": 1, ""n"": 149}, {""k"": 1, ""n"": 135}]}, {""constant_lens"": false, ""gain"": 0.25, ""lens"": ""pc1"", ""lens_scaling"": ""standardize"", ""min_cluster_size"": 37, ""min_samples"": 5, ""n_class"": 709, ""n_edges"": 5, ""n_intervals"": 6, ""n_vertices"": 6, ""noise_reassigned"": 628, ""placement"": ""quantile"", ""slabs"": [{""k"": 1, ""n"": 133}, {""k"": 1, ""n"": 147}, {""k"": 1, ""n"": 147}, {""k"": 1, ""n"": 147}, {""k"": 1, ""n"": 147}, {""k"": 1, ""n"": 133}]}, {""constant_lens"": false, ""gain"": 0.25, ""lens"": ""pc1"", ""lens_scaling"": ""standardize"", ""min_cluster_size"": 37, ""min_samples"": 5, ""n_class"": 770, ""n_edges"": 5, ""n_intervals"": 6, ""n_vertices"": 6, ""noise_reassigned"": 586, ""placement"": ""quantile"", ""slabs"": [{""k"": 1, ""n"": 145}, {""k"": 1, ""n"": 160}, {""k"": 1, ""n"": 160}, {""k"": 1, ""n"": 160}, {""k"": 1, ""n"": 160}, {""k"": 1, ""n"": 145}]}, {""constant_lens"": false, ""gain"": 0.25, ""lens"": ""pc1"", ""lens_scaling"": ""standardize"", ""min_cluster_size"": 37, ""min_samples"": 5, ""n_class"": 712, ""n_edges"": 5, ""n_intervals"": 6, ""n_vertices"": 6, ""noise_reassigned"": 520, ""placement"": ""uniform"", ""slabs"": [{""k"": 1, ""n"": 157}, {""k"": 1, ""n"": 187}, {""k"": 1, ""n"": 133}, {""k"": 1, ""n"": 81}, {""k"": 1, ""n"": 144}, {""k"": 1, ""n"": 173}]}, {""constant_lens"": false, ""gain"": 0.25, ""lens"": ""pc1"", ""lens_scaling"": ""standardize"", ""min_cluster_size"": 37, ""min_samples"": 5, ""n_class"": 712, ""n_edges"": 5, ""n_intervals"": 6, ""n_vertices"": 6, ""noise_reassigned"": 443, ""placement"": ""quantile"", ""slabs"": [{""k"": 1, ""n"": 134}, {""k"": 1, ""n"": 148}, {""k"": 1, ""n"": 148}, {""k"": 1, ""n"": 148}, {""k"": 1, ""n"": 148}, {""k"": 1, ""n"": 134}]}], ""soundness_bound_holds"": true, ""step_rule"": ""scale_free"", ""topology_retention_nerve_to_frozen"": {""beta0_frozen"": 16, ""beta0_nerve"": 11, ""beta1_frozen"": 0, ""beta1_nerve"": 1}}",True
0.9281818181818182,49,False,0.00495349777598059,0.005,,3.134665000019595,59.69693400000688,56.56226899998728,penbased,7,"{""epsilon"": 0.1, ""window"": 0.3}",LVQ3,10,49,1100,9892,0.9950465022240194,2063206379,False,,True
0.9518181818181818,49,False,0.00495349777598059,0.005,"{""0"": 5, ""1"": 5, ""2"": 5, ""3"": 5, ""4"": 5, ""5"": 5, ""6"": 4, ""7"": 5, ""8"": 5, ""9"": 5}",1.5284760000067763,1.5284760000067763,0.0,penbased,7,,KMeans,10,49,1100,9892,0.9950465022240194,2063206379,False,,True
0.8090909090909091,49,False,0.00495349777598059,0.005,"{""0"": 5, ""1"": 5, ""2"": 5, ""3"": 5, ""4"": 5, ""5"": 5, ""6"": 4, ""7"": 5, ""8"": 5, ""9"": 5}",0.002570999989984557,0.002570999989984557,0.0,penbased,7,,Random,10,49,1100,9892,0.9950465022240194,2063206379,False,,True
0.9163636363636364,49,False,0.00495349777598059,0.005,,2.3882600000069942,2.3882600000069942,0.0,penbased,7,,SPOT,10,49,1100,9892,0.9950465022240194,2063206379,False,,True
0.9445454545454546,49,False,0.00495349777598059,0.005,,14.770577999996021,14.770577999996021,0.0,penbased,7,,GLVQ,10,49,1100,9892,0.9950465022240194,2063206379,False,,True
0.9536363636363636,49,False,0.00495349777598059,0.005,,1.4106380000011995,1.4106380000011995,0.0,penbased,7,,GNG,10,49,1100,9892,0.9950465022240194,2063206379,False,,True
0.9963636363636363,99,False,0.010008087343307723,0.01,,0.001373999984934926,0.001373999984934926,0.0,penbased,7,,Full,10,9892,1100,9892,0.0,2063206379,True,,False
0.99,99,False,0.010008087343307723,0.01,,2.6752249999844935,2.6752249999844935,0.0,penbased,7,,RSP3,10,1088,1100,9892,0.8900121310149616,2063206379,True,,False
0.980909090909091,99,False,0.010008087343307723,0.01,,1.107027999998536,1.107027999998536,0.0,penbased,7,,RHC,10,326,1100,9892,0.967044076021027,2063206379,True,,False
0.9645454545454546,99,False,0.010008087343307723,0.01,,7.898936000012327,7.898936000012327,0.0,penbased,7,,SPINE+1NN,10,99,1100,9892,0.9899919126566923,2063206379,False,"{""admission"": {""criterion"": ""risk"", ""removed_risk"": 6, ""removed_support"": 0}, ""betti_final"": [[1, 0], [2, 0], [3, 0], [1, 0], [1, 0], [3, 0], [1, 0], [1, 0], [1, 0], [2, 0]], ""betti_frozen"": [[1, 0], [2, 0], [3, 0], [1, 0], [1, 0], [3, 0], [1, 0], [1, 0], [1, 0], [2, 0]], ""betti_nerve"": [[1, 0], [1, 1], [1, 0], [1, 0], [1, 0], [2, 0], [1, 0], [1, 0], [1, 0], [1, 0]], ""boundary_restriction"": ""both"", ""forced_removals"": 0, ""growth_representation_fallbacks"": 7, ""invariant_held"": true, ""n_segments"": 83, ""n_train_fit"": 7419, ""n_val"": 2473, ""phase0"": [{""constant_lens"": false, ""gain"": 0.25, ""lens"": ""pc1"", ""lens_scaling"": ""standardize"", ""min_cluster_size"": 37, ""min_samples"": 5, ""n_class"": 771, ""n_edges"": 5, ""n_intervals"": 6, ""n_vertices"": 6, ""noise_reassigned"": 707, ""placement"": ""quantile"", ""slabs"": [{""k"": 1, ""n"": 145}, {""k"": 1, ""n"": 160}, {""k"": 1, ""n"": 161}, {""k"": 1, ""n"": 161}, {""k"": 1, ""n"": 160}, {""k"": 1, ""n"": 145}]}, {""constant_lens"": false, ""gain"": 0.25, ""lens"": ""pc1"", ""lens_scaling"": ""standardize"", ""min_cluster_size"": 37, ""min_samples"": 5, ""n_class"": 772, ""n_edges"": 7, ""n_intervals"": 6, ""n_vertices"": 7, ""noise_reassigned"": 583, ""placement"": ""quantile"", ""slabs"": [{""k"": 1, ""n"": 145}, {""k"": 1, ""n"": 161}, {""k"": 1, ""n"": 161}, {""k"": 1, ""n"": 161}, {""k"": 2, ""n"": 161}, {""k"": 1, ""n"": 145}]}, {""constant_lens"": false, ""gain"": 0.25, ""lens"": ""pc1"", ""lens_scaling"": ""standardize"", ""min_cluster_size"": 37, ""min_samples"": 5, ""n_class"": 773, ""n_edges"": 5, ""n_intervals"": 6, ""n_vertices"": 6, ""noise_reassigned"": 662, ""placement"": ""quantile"", ""slabs"": [{""k"": 1, ""n"": 145}, {""k"": 1, ""n"": 161}, {""k"": 1, ""n"": 161}, {""k"": 1, ""n"": 161}, {""k"": 1, ""n"": 161}, {""k"": 1, ""n"": 145}]}, {""constant_lens"": false, ""gain"": 0.25, ""lens"": ""pc1"", ""lens_scaling"": ""standardize"", ""min_cluster_size"": 37, ""min_samples"": 5, ""n_class"": 712, ""n_edges"": 5, ""n_intervals"": 6, ""n_vertices"": 6, ""noise_reassigned"": 628, ""placement"": ""quantile"", ""slabs"": [{""k"": 1, ""n"": 134}, {""k"": 1, ""n"": 148}, {""k"": 1, ""n"": 148}, {""k"": 1, ""n"": 148}, {""k"": 1, ""n"": 148}, {""k"": 1, ""n"": 134}]}, {""constant_lens"": false, ""gain"": 0.25, ""lens"": ""pc1"", ""lens_scaling"": ""standardize"", ""min_cluster_size"": 37, ""min_samples"": 5, ""n_class"": 772, ""n_edges"": 5, ""n_intervals"": 6, ""n_vertices"": 6, ""noise_reassigned"": 702, ""placement"": ""quantile"", ""slabs"": [{""k"": 1, ""n"": 145}, {""k"": 1, ""n"": 161}, {""k"": 1, ""n"": 161}, {""k"": 1, ""n"": 161}, {""k"": 1, ""n"": 161}, {""k"": 1, ""n"": 145}]}, {""constant_lens"": false, ""gain"": 0.25, ""lens"": ""pc1"", ""lens_scaling"": ""standardize"", ""min_cluster_size"": 37, ""min_samples"": 5, ""n_class"": 716, ""n_edges"": 5, ""n_intervals"": 6, ""n_vertices"": 7, ""noise_reassigned"": 414, ""placement"": ""quantile"", ""slabs"": [{""k"": 1, ""n"": 135}, {""k"": 1, ""n"": 149}, {""k"": 1, ""n"": 149}, {""k"": 2, ""n"": 149}, {""k"": 1, ""n"": 149}, {""k"": 1, ""n"": 135}]}, {""constant_lens"": false, ""gain"": 0.25, ""lens"": ""pc1"", ""lens_scaling"": ""standardize"", ""min_cluster_size"": 37, ""min_samples"": 5, ""n_class"": 709, ""n_edges"": 5, ""n_intervals"": 6, ""n_vertices"": 6, ""noise_reassigned"": 628, ""placement"": ""quantile"", ""slabs"": [{""k"": 1, ""n"": 133}, {""k"": 1, ""n"": 147}, {""k"": 1, ""n"": 147}, {""k"": 1, ""n"": 147}, {""k"": 1, ""n"": 147}, {""k"": 1, ""n"": 133}]}, {""constant_lens"": false, ""gain"": 0.25, ""lens"": ""pc1"", ""lens_scaling"": ""standardize"", ""min_cluster_size"": 37, ""min_samples"": 5, ""n_class"": 770, ""n_edges"": 5, ""n_intervals"": 6, ""n_vertices"": 6, ""noise_reassigned"": 586, ""placement"": ""quantile"", ""slabs"": [{""k"": 1, ""n"": 145}, {""k"": 1, ""n"": 160}, {""k"": 1, ""n"": 160}, {""k"": 1, ""n"": 160}, {""k"": 1, ""n"": 160}, {""k"": 1, ""n"": 145}]}, {""constant_lens"": false, ""gain"": 0.25, ""lens"": ""pc1"", ""lens_scaling"": ""standardize"", ""min_cluster_size"": 37, ""min_samples"": 5, ""n_class"": 712, ""n_edges"": 5, ""n_intervals"": 6, ""n_vertices"": 6, ""noise_reassigned"": 520, ""placement"": ""uniform"", ""slabs"": [{""k"": 1, ""n"": 157}, {""k"": 1, ""n"": 187}, {""k"": 1, ""n"": 133}, {""k"": 1, ""n"": 81}, {""k"": 1, ""n"": 144}, {""k"": 1, ""n"": 173}]}, {""constant_lens"": false, ""gain"": 0.25, ""lens"": ""pc1"", ""lens_scaling"": ""standardize"", ""min_cluster_size"": 37, ""min_samples"": 5, ""n_class"": 712, ""n_edges"": 5, ""n_intervals"": 6, ""n_vertices"": 6, ""noise_reassigned"": 443, ""placement"": ""quantile"", ""slabs"": [{""k"": 1, ""n"": 134}, {""k"": 1, ""n"": 148}, {""k"": 1, ""n"": 148}, {""k"": 1, ""n"": 148}, {""k"": 1, ""n"": 148}, {""k"": 1, ""n"": 134}]}], ""soundness_bound_holds"": true, ""step_rule"": ""scale_free"", ""topology_retention_nerve_to_frozen"": {""beta0_frozen"": 16, ""beta0_nerve"": 11, ""beta1_frozen"": 0, ""beta1_nerve"": 1}}",True
0.9727272727272728,99,False,0.010008087343307723,0.01,,7.898936000012327,7.898936000012327,0.0,penbased,7,,SPINE+Graph,10,99,1100,9892,0.9899919126566923,2063206379,False,"{""admission"": {""criterion"": ""risk"", ""removed_risk"": 6, ""removed_support"": 0}, ""betti_final"": [[1, 0], [2, 0], [3, 0], [1, 0], [1, 0], [3, 0], [1, 0], [1, 0], [1, 0], [2, 0]], ""betti_frozen"": [[1, 0], [2, 0], [3, 0], [1, 0], [1, 0], [3, 0], [1, 0], [1, 0], [1, 0], [2, 0]], ""betti_nerve"": [[1, 0], [1, 1], [1, 0], [1, 0], [1, 0], [2, 0], [1, 0], [1, 0], [1, 0], [1, 0]], ""boundary_restriction"": ""both"", ""forced_removals"": 0, ""growth_representation_fallbacks"": 7, ""invariant_held"": true, ""n_segments"": 83, ""n_train_fit"": 7419, ""n_val"": 2473, ""phase0"": [{""constant_lens"": false, ""gain"": 0.25, ""lens"": ""pc1"", ""lens_scaling"": ""standardize"", ""min_cluster_size"": 37, ""min_samples"": 5, ""n_class"": 771, ""n_edges"": 5, ""n_intervals"": 6, ""n_vertices"": 6, ""noise_reassigned"": 707, ""placement"": ""quantile"", ""slabs"": [{""k"": 1, ""n"": 145}, {""k"": 1, ""n"": 160}, {""k"": 1, ""n"": 161}, {""k"": 1, ""n"": 161}, {""k"": 1, ""n"": 160}, {""k"": 1, ""n"": 145}]}, {""constant_lens"": false, ""gain"": 0.25, ""lens"": ""pc1"", ""lens_scaling"": ""standardize"", ""min_cluster_size"": 37, ""min_samples"": 5, ""n_class"": 772, ""n_edges"": 7, ""n_intervals"": 6, ""n_vertices"": 7, ""noise_reassigned"": 583, ""placement"": ""quantile"", ""slabs"": [{""k"": 1, ""n"": 145}, {""k"": 1, ""n"": 161}, {""k"": 1, ""n"": 161}, {""k"": 1, ""n"": 161}, {""k"": 2, ""n"": 161}, {""k"": 1, ""n"": 145}]}, {""constant_lens"": false, ""gain"": 0.25, ""lens"": ""pc1"", ""lens_scaling"": ""standardize"", ""min_cluster_size"": 37, ""min_samples"": 5, ""n_class"": 773, ""n_edges"": 5, ""n_intervals"": 6, ""n_vertices"": 6, ""noise_reassigned"": 662, ""placement"": ""quantile"", ""slabs"": [{""k"": 1, ""n"": 145}, {""k"": 1, ""n"": 161}, {""k"": 1, ""n"": 161}, {""k"": 1, ""n"": 161}, {""k"": 1, ""n"": 161}, {""k"": 1, ""n"": 145}]}, {""constant_lens"": false, ""gain"": 0.25, ""lens"": ""pc1"", ""lens_scaling"": ""standardize"", ""min_cluster_size"": 37, ""min_samples"": 5, ""n_class"": 712, ""n_edges"": 5, ""n_intervals"": 6, ""n_vertices"": 6, ""noise_reassigned"": 628, ""placement"": ""quantile"", ""slabs"": [{""k"": 1, ""n"": 134}, {""k"": 1, ""n"": 148}, {""k"": 1, ""n"": 148}, {""k"": 1, ""n"": 148}, {""k"": 1, ""n"": 148}, {""k"": 1, ""n"": 134}]}, {""constant_lens"": false, ""gain"": 0.25, ""lens"": ""pc1"", ""lens_scaling"": ""standardize"", ""min_cluster_size"": 37, ""min_samples"": 5, ""n_class"": 772, ""n_edges"": 5, ""n_intervals"": 6, ""n_vertices"": 6, ""noise_reassigned"": 702, ""placement"": ""quantile"", ""slabs"": [{""k"": 1, ""n"": 145}, {""k"": 1, ""n"": 161}, {""k"": 1, ""n"": 161}, {""k"": 1, ""n"": 161}, {""k"": 1, ""n"": 161}, {""k"": 1, ""n"": 145}]}, {""constant_lens"": false, ""gain"": 0.25, ""lens"": ""pc1"", ""lens_scaling"": ""standardize"", ""min_cluster_size"": 37, ""min_samples"": 5, ""n_class"": 716, ""n_edges"": 5, ""n_intervals"": 6, ""n_vertices"": 7, ""noise_reassigned"": 414, ""placement"": ""quantile"", ""slabs"": [{""k"": 1, ""n"": 135}, {""k"": 1, ""n"": 149}, {""k"": 1, ""n"": 149}, {""k"": 2, ""n"": 149}, {""k"": 1, ""n"": 149}, {""k"": 1, ""n"": 135}]}, {""constant_lens"": false, ""gain"": 0.25, ""lens"": ""pc1"", ""lens_scaling"": ""standardize"", ""min_cluster_size"": 37, ""min_samples"": 5, ""n_class"": 709, ""n_edges"": 5, ""n_intervals"": 6, ""n_vertices"": 6, ""noise_reassigned"": 628, ""placement"": ""quantile"", ""slabs"": [{""k"": 1, ""n"": 133}, {""k"": 1, ""n"": 147}, {""k"": 1, ""n"": 147}, {""k"": 1, ""n"": 147}, {""k"": 1, ""n"": 147}, {""k"": 1, ""n"": 133}]}, {""constant_lens"": false, ""gain"": 0.25, ""lens"": ""pc1"", ""lens_scaling"": ""standardize"", ""min_cluster_size"": 37, ""min_samples"": 5, ""n_class"": 770, ""n_edges"": 5, ""n_intervals"": 6, ""n_vertices"": 6, ""noise_reassigned"": 586, ""placement"": ""quantile"", ""slabs"": [{""k"": 1, ""n"": 145}, {""k"": 1, ""n"": 160}, {""k"": 1, ""n"": 160}, {""k"": 1, ""n"": 160}, {""k"": 1, ""n"": 160}, {""k"": 1, ""n"": 145}]}, {""constant_lens"": false, ""gain"": 0.25, ""lens"": ""pc1"", ""lens_scaling"": ""standardize"", ""min_cluster_size"": 37, ""min_samples"": 5, ""n_class"": 712, ""n_edges"": 5, ""n_intervals"": 6, ""n_vertices"": 6, ""noise_reassigned"": 520, ""placement"": ""uniform"", ""slabs"": [{""k"": 1, ""n"": 157}, {""k"": 1, ""n"": 187}, {""k"": 1, ""n"": 133}, {""k"": 1, ""n"": 81}, {""k"": 1, ""n"": 144}, {""k"": 1, ""n"": 173}]}, {""constant_lens"": false, ""gain"": 0.25, ""lens"": ""pc1"", ""lens_scaling"": ""standardize"", ""min_cluster_size"": 37, ""min_samples"": 5, ""n_class"": 712, ""n_edges"": 5, ""n_intervals"": 6, ""n_vertices"": 6, ""noise_reassigned"": 443, ""placement"": ""quantile"", ""slabs"": [{""k"": 1, ""n"": 134}, {""k"": 1, ""n"": 148}, {""k"": 1, ""n"": 148}, {""k"": 1, ""n"": 148}, {""k"": 1, ""n"": 148}, {""k"": 1, ""n"": 134}]}], ""soundness_bound_holds"": true, ""step_rule"": ""scale_free"", ""topology_retention_nerve_to_frozen"": {""beta0_frozen"": 16, ""beta0_nerve"": 11, ""beta1_frozen"": 0, ""beta1_nerve"": 1}}",True
0.98,99,False,0.010008087343307723,0.01,,3.2307250000012573,66.95166999998037,63.72094499997911,penbased,7,"{""epsilon"": 0.1, ""window"": 0.3}",LVQ3,10,99,1100,9892,0.9899919126566923,2063206379,False,,True
0.9790909090909091,99,False,0.010008087343307723,0.01,"{""0"": 10, ""1"": 10, ""2"": 10, ""3"": 10, ""4"": 10, ""5"": 10, ""6"": 9, ""7"": 10, ""8"": 10, ""9"": 10}",1.3412699999753386,1.3412699999753386,0.0,penbased,7,,KMeans,10,99,1100,9892,0.9899919126566923,2063206379,False,,True
0.91,99,False,0.010008087343307723,0.01,"{""0"": 10, ""1"": 10, ""2"": 10, ""3"": 10, ""4"": 10, ""5"": 10, ""6"": 9, ""7"": 10, ""8"": 10, ""9"": 10}",0.0028480000037234277,0.0028480000037234277,0.0,penbased,7,,Random,10,99,1100,9892,0.9899919126566923,2063206379,False,,True
0.9727272727272728,99,False,0.010008087343307723,0.01,,2.387968999973964,2.387968999973964,0.0,penbased,7,,SPOT,10,99,1100,9892,0.9899919126566923,2063206379,False,,True
0.9454545454545454,99,False,0.010008087343307723,0.01,,25.107164000015473,25.107164000015473,0.0,penbased,7,,GLVQ,10,99,1100,9892,0.9899919126566923,2063206379,False,,True
0.9772727272727273,99,False,0.010008087343307723,0.01,,1.4344200000050478,1.4344200000050478,0.0,penbased,7,,GNG,10,99,1100,9892,0.9899919126566923,2063206379,False,,True
0.9963636363636363,198,False,0.020016174686615446,0.02,,0.001373999984934926,0.001373999984934926,0.0,penbased,7,,Full,10,9892,1100,9892,0.0,2063206379,True,,False
0.99,198,False,0.020016174686615446,0.02,,2.6752249999844935,2.6752249999844935,0.0,penbased,7,,RSP3,10,1088,1100,9892,0.8900121310149616,2063206379,True,,False
0.980909090909091,198,False,0.020016174686615446,0.02,,1.107027999998536,1.107027999998536,0.0,penbased,7,,RHC,10,326,1100,9892,0.967044076021027,2063206379,True,,False
0.9736363636363636,198,False,0.020016174686615446,0.02,,9.437550000002375,9.437550000002375,0.0,penbased,7,,SPINE+1NN,10,198,1100,9892,0.9799838253133846,2063206379,False,"{""admission"": {""criterion"": ""risk"", ""removed_risk"": 6, ""removed_support"": 0}, ""betti_final"": [[1, 0], [2, 0], [3, 0], [1, 0], [1, 0], [3, 0], [1, 0], [1, 0], [1, 0], [2, 0]], ""betti_frozen"": [[1, 0], [2, 0], [3, 0], [1, 0], [1, 0], [3, 0], [1, 0], [1, 0], [1, 0], [2, 0]], ""betti_nerve"": [[1, 0], [1, 1], [1, 0], [1, 0], [1, 0], [2, 0], [1, 0], [1, 0], [1, 0], [1, 0]], ""boundary_restriction"": ""both"", ""forced_removals"": 0, ""growth_representation_fallbacks"": 56, ""invariant_held"": true, ""n_segments"": 182, ""n_train_fit"": 7419, ""n_val"": 2473, ""phase0"": [{""constant_lens"": false, ""gain"": 0.25, ""lens"": ""pc1"", ""lens_scaling"": ""standardize"", ""min_cluster_size"": 37, ""min_samples"": 5, ""n_class"": 771, ""n_edges"": 5, ""n_intervals"": 6, ""n_vertices"": 6, ""noise_reassigned"": 707, ""placement"": ""quantile"", ""slabs"": [{""k"": 1, ""n"": 145}, {""k"": 1, ""n"": 160}, {""k"": 1, ""n"": 161}, {""k"": 1, ""n"": 161}, {""k"": 1, ""n"": 160}, {""k"": 1, ""n"": 145}]}, {""constant_lens"": false, ""gain"": 0.25, ""lens"": ""pc1"", ""lens_scaling"": ""standardize"", ""min_cluster_size"": 37, ""min_samples"": 5, ""n_class"": 772, ""n_edges"": 7, ""n_intervals"": 6, ""n_vertices"": 7, ""noise_reassigned"": 583, ""placement"": ""quantile"", ""slabs"": [{""k"": 1, ""n"": 145}, {""k"": 1, ""n"": 161}, {""k"": 1, ""n"": 161}, {""k"": 1, ""n"": 161}, {""k"": 2, ""n"": 161}, {""k"": 1, ""n"": 145}]}, {""constant_lens"": false, ""gain"": 0.25, ""lens"": ""pc1"", ""lens_scaling"": ""standardize"", ""min_cluster_size"": 37, ""min_samples"": 5, ""n_class"": 773, ""n_edges"": 5, ""n_intervals"": 6, ""n_vertices"": 6, ""noise_reassigned"": 662, ""placement"": ""quantile"", ""slabs"": [{""k"": 1, ""n"": 145}, {""k"": 1, ""n"": 161}, {""k"": 1, ""n"": 161}, {""k"": 1, ""n"": 161}, {""k"": 1, ""n"": 161}, {""k"": 1, ""n"": 145}]}, {""constant_lens"": false, ""gain"": 0.25, ""lens"": ""pc1"", ""lens_scaling"": ""standardize"", ""min_cluster_size"": 37, ""min_samples"": 5, ""n_class"": 712, ""n_edges"": 5, ""n_intervals"": 6, ""n_vertices"": 6, ""noise_reassigned"": 628, ""placement"": ""quantile"", ""slabs"": [{""k"": 1, ""n"": 134}, {""k"": 1, ""n"": 148}, {""k"": 1, ""n"": 148}, {""k"": 1, ""n"": 148}, {""k"": 1, ""n"": 148}, {""k"": 1, ""n"": 134}]}, {""constant_lens"": false, ""gain"": 0.25, ""lens"": ""pc1"", ""lens_scaling"": ""standardize"", ""min_cluster_size"": 37, ""min_samples"": 5, ""n_class"": 772, ""n_edges"": 5, ""n_intervals"": 6, ""n_vertices"": 6, ""noise_reassigned"": 702, ""placement"": ""quantile"", ""slabs"": [{""k"": 1, ""n"": 145}, {""k"": 1, ""n"": 161}, {""k"": 1, ""n"": 161}, {""k"": 1, ""n"": 161}, {""k"": 1, ""n"": 161}, {""k"": 1, ""n"": 145}]}, {""constant_lens"": false, ""gain"": 0.25, ""lens"": ""pc1"", ""lens_scaling"": ""standardize"", ""min_cluster_size"": 37, ""min_samples"": 5, ""n_class"": 716, ""n_edges"": 5, ""n_intervals"": 6, ""n_vertices"": 7, ""noise_reassigned"": 414, ""placement"": ""quantile"", ""slabs"": [{""k"": 1, ""n"": 135}, {""k"": 1, ""n"": 149}, {""k"": 1, ""n"": 149}, {""k"": 2, ""n"": 149}, {""k"": 1, ""n"": 149}, {""k"": 1, ""n"": 135}]}, {""constant_lens"": false, ""gain"": 0.25, ""lens"": ""pc1"", ""lens_scaling"": ""standardize"", ""min_cluster_size"": 37, ""min_samples"": 5, ""n_class"": 709, ""n_edges"": 5, ""n_intervals"": 6, ""n_vertices"": 6, ""noise_reassigned"": 628, ""placement"": ""quantile"", ""slabs"": [{""k"": 1, ""n"": 133}, {""k"": 1, ""n"": 147}, {""k"": 1, ""n"": 147}, {""k"": 1, ""n"": 147}, {""k"": 1, ""n"": 147}, {""k"": 1, ""n"": 133}]}, {""constant_lens"": false, ""gain"": 0.25, ""lens"": ""pc1"", ""lens_scaling"": ""standardize"", ""min_cluster_size"": 37, ""min_samples"": 5, ""n_class"": 770, ""n_edges"": 5, ""n_intervals"": 6, ""n_vertices"": 6, ""noise_reassigned"": 586, ""placement"": ""quantile"", ""slabs"": [{""k"": 1, ""n"": 145}, {""k"": 1, ""n"": 160}, {""k"": 1, ""n"": 160}, {""k"": 1, ""n"": 160}, {""k"": 1, ""n"": 160}, {""k"": 1, ""n"": 145}]}, {""constant_lens"": false, ""gain"": 0.25, ""lens"": ""pc1"", ""lens_scaling"": ""standardize"", ""min_cluster_size"": 37, ""min_samples"": 5, ""n_class"": 712, ""n_edges"": 5, ""n_intervals"": 6, ""n_vertices"": 6, ""noise_reassigned"": 520, ""placement"": ""uniform"", ""slabs"": [{""k"": 1, ""n"": 157}, {""k"": 1, ""n"": 187}, {""k"": 1, ""n"": 133}, {""k"": 1, ""n"": 81}, {""k"": 1, ""n"": 144}, {""k"": 1, ""n"": 173}]}, {""constant_lens"": false, ""gain"": 0.25, ""lens"": ""pc1"", ""lens_scaling"": ""standardize"", ""min_cluster_size"": 37, ""min_samples"": 5, ""n_class"": 712, ""n_edges"": 5, ""n_intervals"": 6, ""n_vertices"": 6, ""noise_reassigned"": 443, ""placement"": ""quantile"", ""slabs"": [{""k"": 1, ""n"": 134}, {""k"": 1, ""n"": 148}, {""k"": 1, ""n"": 148}, {""k"": 1, ""n"": 148}, {""k"": 1, ""n"": 148}, {""k"": 1, ""n"": 134}]}], ""soundness_bound_holds"": true, ""step_rule"": ""scale_free"", ""topology_retention_nerve_to_frozen"": {""beta0_frozen"": 16, ""beta0_nerve"": 11, ""beta1_frozen"": 0, ""beta1_nerve"": 1}}",True
0.9772727272727273,198,False,0.020016174686615446,0.02,,9.437550000002375,9.437550000002375,0.0,penbased,7,,SPINE+Graph,10,198,1100,9892,0.9799838253133846,2063206379,False,"{""admission"": {""criterion"": ""risk"", ""removed_risk"": 6, ""removed_support"": 0}, ""betti_final"": [[1, 0], [2, 0], [3, 0], [1, 0], [1, 0], [3, 0], [1, 0], [1, 0], [1, 0], [2, 0]], ""betti_frozen"": [[1, 0], [2, 0], [3, 0], [1, 0], [1, 0], [3, 0], [1, 0], [1, 0], [1, 0], [2, 0]], ""betti_nerve"": [[1, 0], [1, 1], [1, 0], [1, 0], [1, 0], [2, 0], [1, 0], [1, 0], [1, 0], [1, 0]], ""boundary_restriction"": ""both"", ""forced_removals"": 0, ""growth_representation_fallbacks"": 56, ""invariant_held"": true, ""n_segments"": 182, ""n_train_fit"": 7419, ""n_val"": 2473, ""phase0"": [{""constant_lens"": false, ""gain"": 0.25, ""lens"": ""pc1"", ""lens_scaling"": ""standardize"", ""min_cluster_size"": 37, ""min_samples"": 5, ""n_class"": 771, ""n_edges"": 5, ""n_intervals"": 6, ""n_vertices"": 6, ""noise_reassigned"": 707, ""placement"": ""quantile"", ""slabs"": [{""k"": 1, ""n"": 145}, {""k"": 1, ""n"": 160}, {""k"": 1, ""n"": 161}, {""k"": 1, ""n"": 161}, {""k"": 1, ""n"": 160}, {""k"": 1, ""n"": 145}]}, {""constant_lens"": false, ""gain"": 0.25, ""lens"": ""pc1"", ""lens_scaling"": ""standardize"", ""min_cluster_size"": 37, ""min_samples"": 5, ""n_class"": 772, ""n_edges"": 7, ""n_intervals"": 6, ""n_vertices"": 7, ""noise_reassigned"": 583, ""placement"": ""quantile"", ""slabs"": [{""k"": 1, ""n"": 145}, {""k"": 1, ""n"": 161}, {""k"": 1, ""n"": 161}, {""k"": 1, ""n"": 161}, {""k"": 2, ""n"": 161}, {""k"": 1, ""n"": 145}]}, {""constant_lens"": false, ""gain"": 0.25, ""lens"": ""pc1"", ""lens_scaling"": ""standardize"", ""min_cluster_size"": 37, ""min_samples"": 5, ""n_class"": 773, ""n_edges"": 5, ""n_intervals"": 6, ""n_vertices"": 6, ""noise_reassigned"": 662, ""placement"": ""quantile"", ""slabs"": [{""k"": 1, ""n"": 145}, {""k"": 1, ""n"": 161}, {""k"": 1, ""n"": 161}, {""k"": 1, ""n"": 161}, {""k"": 1, ""n"": 161}, {""k"": 1, ""n"": 145}]}, {""constant_lens"": false, ""gain"": 0.25, ""lens"": ""pc1"", ""lens_scaling"": ""standardize"", ""min_cluster_size"": 37, ""min_samples"": 5, ""n_class"": 712, ""n_edges"": 5, ""n_intervals"": 6, ""n_vertices"": 6, ""noise_reassigned"": 628, ""placement"": ""quantile"", ""slabs"": [{""k"": 1, ""n"": 134}, {""k"": 1, ""n"": 148}, {""k"": 1, ""n"": 148}, {""k"": 1, ""n"": 148}, {""k"": 1, ""n"": 148}, {""k"": 1, ""n"": 134}]}, {""constant_lens"": false, ""gain"": 0.25, ""lens"": ""pc1"", ""lens_scaling"": ""standardize"", ""min_cluster_size"": 37, ""min_samples"": 5, ""n_class"": 772, ""n_edges"": 5, ""n_intervals"": 6, ""n_vertices"": 6, ""noise_reassigned"": 702, ""placement"": ""quantile"", ""slabs"": [{""k"": 1, ""n"": 145}, {""k"": 1, ""n"": 161}, {""k"": 1, ""n"": 161}, {""k"": 1, ""n"": 161}, {""k"": 1, ""n"": 161}, {""k"": 1, ""n"": 145}]}, {""constant_lens"": false, ""gain"": 0.25, ""lens"": ""pc1"", ""lens_scaling"": ""standardize"", ""min_cluster_size"": 37, ""min_samples"": 5, ""n_class"": 716, ""n_edges"": 5, ""n_intervals"": 6, ""n_vertices"": 7, ""noise_reassigned"": 414, ""placement"": ""quantile"", ""slabs"": [{""k"": 1, ""n"": 135}, {""k"": 1, ""n"": 149}, {""k"": 1, ""n"": 149}, {""k"": 2, ""n"": 149}, {""k"": 1, ""n"": 149}, {""k"": 1, ""n"": 135}]}, {""constant_lens"": false, ""gain"": 0.25, ""lens"": ""pc1"", ""lens_scaling"": ""standardize"", ""min_cluster_size"": 37, ""min_samples"": 5, ""n_class"": 709, ""n_edges"": 5, ""n_intervals"": 6, ""n_vertices"": 6, ""noise_reassigned"": 628, ""placement"": ""quantile"", ""slabs"": [{""k"": 1, ""n"": 133}, {""k"": 1, ""n"": 147}, {""k"": 1, ""n"": 147}, {""k"": 1, ""n"": 147}, {""k"": 1, ""n"": 147}, {""k"": 1, ""n"": 133}]}, {""constant_lens"": false, ""gain"": 0.25, ""lens"": ""pc1"", ""lens_scaling"": ""standardize"", ""min_cluster_size"": 37, ""min_samples"": 5, ""n_class"": 770, ""n_edges"": 5, ""n_intervals"": 6, ""n_vertices"": 6, ""noise_reassigned"": 586, ""placement"": ""quantile"", ""slabs"": [{""k"": 1, ""n"": 145}, {""k"": 1, ""n"": 160}, {""k"": 1, ""n"": 160}, {""k"": 1, ""n"": 160}, {""k"": 1, ""n"": 160}, {""k"": 1, ""n"": 145}]}, {""constant_lens"": false, ""gain"": 0.25, ""lens"": ""pc1"", ""lens_scaling"": ""standardize"", ""min_cluster_size"": 37, ""min_samples"": 5, ""n_class"": 712, ""n_edges"": 5, ""n_intervals"": 6, ""n_vertices"": 6, ""noise_reassigned"": 520, ""placement"": ""uniform"", ""slabs"": [{""k"": 1, ""n"": 157}, {""k"": 1, ""n"": 187}, {""k"": 1, ""n"": 133}, {""k"": 1, ""n"": 81}, {""k"": 1, ""n"": 144}, {""k"": 1, ""n"": 173}]}, {""constant_lens"": false, ""gain"": 0.25, ""lens"": ""pc1"", ""lens_scaling"": ""standardize"", ""min_cluster_size"": 37, ""min_samples"": 5, ""n_class"": 712, ""n_edges"": 5, ""n_intervals"": 6, ""n_vertices"": 6, ""noise_reassigned"": 443, ""placement"": ""quantile"", ""slabs"": [{""k"": 1, ""n"": 134}, {""k"": 1, ""n"": 148}, {""k"": 1, ""n"": 148}, {""k"": 1, ""n"": 148}, {""k"": 1, ""n"": 148}, {""k"": 1, ""n"": 134}]}], ""soundness_bound_holds"": true, ""step_rule"": ""scale_free"", ""topology_retention_nerve_to_frozen"": {""beta0_frozen"": 16, ""beta0_nerve"": 11, ""beta1_frozen"": 0, ""beta1_nerve"": 1}}",True
0.98,198,False,0.020016174686615446,0.02,,4.777885999996215,85.29300800000783,80.51512200001162,penbased,7,"{""epsilon"": 0.1, ""window"": 0.3}",LVQ3,10,198,1100,9892,0.9799838253133846,2063206379,False,,True
0.9872727272727273,198,False,0.020016174686615446,0.02,"{""0"": 20, ""1"": 21, ""2"": 21, ""3"": 19, ""4"": 21, ""5"": 19, ""6"": 19, ""7"": 20, ""8"": 19, ""9"": 19}",3.3967720000073314,3.3967720000073314,0.0,penbased,7,,KMeans,10,198,1100,9892,0.9799838253133846,2063206379,False,,True
0.9354545454545454,198,False,0.020016174686615446,0.02,"{""0"": 20, ""1"": 21, ""2"": 21, ""3"": 19, ""4"": 21, ""5"": 19, ""6"": 19, ""7"": 20, ""8"": 19, ""9"": 19}",0.0027640000043902546,0.0027640000043902546,0.0,penbased,7,,Random,10,198,1100,9892,0.9799838253133846,2063206379,False,,True
0.9818181818181818,198,False,0.020016174686615446,0.02,,2.8258330000098795,2.8258330000098795,0.0,penbased,7,,SPOT,10,198,1100,9892,0.9799838253133846,2063206379,False,,True
0.9463636363636364,198,False,0.020016174686615446,0.02,,45.599835999979405,45.599835999979405,0.0,penbased,7,,GLVQ,10,198,1100,9892,0.9799838253133846,2063206379,False,,True
0.990909090909091,198,False,0.020016174686615446,0.02,,2.3553199999732897,2.3553199999732897,0.0,penbased,7,,GNG,10,198,1100,9892,0.9799838253133846,2063206379,False,,True
0.9963636363636363,495,False,0.050040436716538614,0.05,,0.001373999984934926,0.001373999984934926,0.0,penbased,7,,Full,10,9892,1100,9892,0.0,2063206379,True,,False
0.99,495,False,0.050040436716538614,0.05,,2.6752249999844935,2.6752249999844935,0.0,penbased,7,,RSP3,10,1088,1100,9892,0.8900121310149616,2063206379,True,,False
0.980909090909091,495,False,0.050040436716538614,0.05,,1.107027999998536,1.107027999998536,0.0,penbased,7,,RHC,10,326,1100,9892,0.967044076021027,2063206379,True,,False
0.980909090909091,495,False,0.050040436716538614,0.05,,12.278418000001693,12.278418000001693,0.0,penbased,7,,SPINE+1NN,10,495,1100,9892,0.9499595632834614,2063206379,False,"{""admission"": {""criterion"": ""risk"", ""removed_risk"": 6, ""removed_support"": 0}, ""betti_final"": [[1, 0], [2, 0], [3, 0], [1, 0], [1, 0], [3, 0], [1, 0], [1, 0], [1, 0], [2, 0]], ""betti_frozen"": [[1, 0], [2, 0], [3, 0], [1, 0], [1, 0], [3, 0], [1, 0], [1, 0], [1, 0], [2, 0]], ""betti_nerve"": [[1, 0], [1, 1], [1, 0], [1, 0], [1, 0], [2, 0], [1, 0], [1, 0], [1, 0], [1, 0]], ""boundary_restriction"": ""both"", ""forced_removals"": 0, ""growth_representation_fallbacks"": 372, ""invariant_held"": true, ""n_segments"": 479, ""n_train_fit"": 7419, ""n_val"": 2473, ""phase0"": [{""constant_lens"": false, ""gain"": 0.25, ""lens"": ""pc1"", ""lens_scaling"": ""standardize"", ""min_cluster_size"": 37, ""min_samples"": 5, ""n_class"": 771, ""n_edges"": 5, ""n_intervals"": 6, ""n_vertices"": 6, ""noise_reassigned"": 707, ""placement"": ""quantile"", ""slabs"": [{""k"": 1, ""n"": 145}, {""k"": 1, ""n"": 160}, {""k"": 1, ""n"": 161}, {""k"": 1, ""n"": 161}, {""k"": 1, ""n"": 160}, {""k"": 1, ""n"": 145}]}, {""constant_lens"": false, ""gain"": 0.25, ""lens"": ""pc1"", ""lens_scaling"": ""standardize"", ""min_cluster_size"": 37, ""min_samples"": 5, ""n_class"": 772, ""n_edges"": 7, ""n_intervals"": 6, ""n_vertices"": 7, ""noise_reassigned"": 583, ""placement"": ""quantile"", ""slabs"": [{""k"": 1, ""n"": 145}, {""k"": 1, ""n"": 161}, {""k"": 1, ""n"": 161}, {""k"": 1, ""n"": 161}, {""k"": 2, ""n"": 161}, {""k"": 1, ""n"": 145}]}, {""constant_lens"": false, ""gain"": 0.25, ""lens"": ""pc1"", ""lens_scaling"": ""standardize"", ""min_cluster_size"": 37, ""min_samples"": 5, ""n_class"": 773, ""n_edges"": 5, ""n_intervals"": 6, ""n_vertices"": 6, ""noise_reassigned"": 662, ""placement"": ""quantile"", ""slabs"": [{""k"": 1, ""n"": 145}, {""k"": 1, ""n"": 161}, {""k"": 1, ""n"": 161}, {""k"": 1, ""n"": 161}, {""k"": 1, ""n"": 161}, {""k"": 1, ""n"": 145}]}, {""constant_lens"": false, ""gain"": 0.25, ""lens"": ""pc1"", ""lens_scaling"": ""standardize"", ""min_cluster_size"": 37, ""min_samples"": 5, ""n_class"": 712, ""n_edges"": 5, ""n_intervals"": 6, ""n_vertices"": 6, ""noise_reassigned"": 628, ""placement"": ""quantile"", ""slabs"": [{""k"": 1, ""n"": 134}, {""k"": 1, ""n"": 148}, {""k"": 1, ""n"": 148}, {""k"": 1, ""n"": 148}, {""k"": 1, ""n"": 148}, {""k"": 1, ""n"": 134}]}, {""constant_lens"": false, ""gain"": 0.25, ""lens"": ""pc1"", ""lens_scaling"": ""standardize"", ""min_cluster_size"": 37, ""min_samples"": 5, ""n_class"": 772, ""n_edges"": 5, ""n_intervals"": 6, ""n_vertices"": 6, ""noise_reassigned"": 702, ""placement"": ""quantile"", ""slabs"": [{""k"": 1, ""n"": 145}, {""k"": 1, ""n"": 161}, {""k"": 1, ""n"": 161}, {""k"": 1, ""n"": 161}, {""k"": 1, ""n"": 161}, {""k"": 1, ""n"": 145}]}, {""constant_lens"": false, ""gain"": 0.25, ""lens"": ""pc1"", ""lens_scaling"": ""standardize"", ""min_cluster_size"": 37, ""min_samples"": 5, ""n_class"": 716, ""n_edges"": 5, ""n_intervals"": 6, ""n_vertices"": 7, ""noise_reassigned"": 414, ""placement"": ""quantile"", ""slabs"": [{""k"": 1, ""n"": 135}, {""k"": 1, ""n"": 149}, {""k"": 1, ""n"": 149}, {""k"": 2, ""n"": 149}, {""k"": 1, ""n"": 149}, {""k"": 1, ""n"": 135}]}, {""constant_lens"": false, ""gain"": 0.25, ""lens"": ""pc1"", ""lens_scaling"": ""standardize"", ""min_cluster_size"": 37, ""min_samples"": 5, ""n_class"": 709, ""n_edges"": 5, ""n_intervals"": 6, ""n_vertices"": 6, ""noise_reassigned"": 628, ""placement"": ""quantile"", ""slabs"": [{""k"": 1, ""n"": 133}, {""k"": 1, ""n"": 147}, {""k"": 1, ""n"": 147}, {""k"": 1, ""n"": 147}, {""k"": 1, ""n"": 147}, {""k"": 1, ""n"": 133}]}, {""constant_lens"": false, ""gain"": 0.25, ""lens"": ""pc1"", ""lens_scaling"": ""standardize"", ""min_cluster_size"": 37, ""min_samples"": 5, ""n_class"": 770, ""n_edges"": 5, ""n_intervals"": 6, ""n_vertices"": 6, ""noise_reassigned"": 586, ""placement"": ""quantile"", ""slabs"": [{""k"": 1, ""n"": 145}, {""k"": 1, ""n"": 160}, {""k"": 1, ""n"": 160}, {""k"": 1, ""n"": 160}, {""k"": 1, ""n"": 160}, {""k"": 1, ""n"": 145}]}, {""constant_lens"": false, ""gain"": 0.25, ""lens"": ""pc1"", ""lens_scaling"": ""standardize"", ""min_cluster_size"": 37, ""min_samples"": 5, ""n_class"": 712, ""n_edges"": 5, ""n_intervals"": 6, ""n_vertices"": 6, ""noise_reassigned"": 520, ""placement"": ""uniform"", ""slabs"": [{""k"": 1, ""n"": 157}, {""k"": 1, ""n"": 187}, {""k"": 1, ""n"": 133}, {""k"": 1, ""n"": 81}, {""k"": 1, ""n"": 144}, {""k"": 1, ""n"": 173}]}, {""constant_lens"": false, ""gain"": 0.25, ""lens"": ""pc1"", ""lens_scaling"": ""standardize"", ""min_cluster_size"": 37, ""min_samples"": 5, ""n_class"": 712, ""n_edges"": 5, ""n_intervals"": 6, ""n_vertices"": 6, ""noise_reassigned"": 443, ""placement"": ""quantile"", ""slabs"": [{""k"": 1, ""n"": 134}, {""k"": 1, ""n"": 148}, {""k"": 1, ""n"": 148}, {""k"": 1, ""n"": 148}, {""k"": 1, ""n"": 148}, {""k"": 1, ""n"": 134}]}], ""soundness_bound_holds"": true, ""step_rule"": ""scale_free"", ""topology_retention_nerve_to_frozen"": {""beta0_frozen"": 16, ""beta0_nerve"": 11, ""beta1_frozen"": 0, ""beta1_nerve"": 1}}",True
0.98,495,False,0.050040436716538614,0.05,,12.278418000001693,12.278418000001693,0.0,penbased,7,,SPINE+Graph,10,495,1100,9892,0.9499595632834614,2063206379,False,"{""admission"": {""criterion"": ""risk"", ""removed_risk"": 6, ""removed_support"": 0}, ""betti_final"": [[1, 0], [2, 0], [3, 0], [1, 0], [1, 0], [3, 0], [1, 0], [1, 0], [1, 0], [2, 0]], ""betti_frozen"": [[1, 0], [2, 0], [3, 0], [1, 0], [1, 0], [3, 0], [1, 0], [1, 0], [1, 0], [2, 0]], ""betti_nerve"": [[1, 0], [1, 1], [1, 0], [1, 0], [1, 0], [2, 0], [1, 0], [1, 0], [1, 0], [1, 0]], ""boundary_restriction"": ""both"", ""forced_removals"": 0, ""growth_representation_fallbacks"": 372, ""invariant_held"": true, ""n_segments"": 479, ""n_train_fit"": 7419, ""n_val"": 2473, ""phase0"": [{""constant_lens"": false, ""gain"": 0.25, ""lens"": ""pc1"", ""lens_scaling"": ""standardize"", ""min_cluster_size"": 37, ""min_samples"": 5, ""n_class"": 771, ""n_edges"": 5, ""n_intervals"": 6, ""n_vertices"": 6, ""noise_reassigned"": 707, ""placement"": ""quantile"", ""slabs"": [{""k"": 1, ""n"": 145}, {""k"": 1, ""n"": 160}, {""k"": 1, ""n"": 161}, {""k"": 1, ""n"": 161}, {""k"": 1, ""n"": 160}, {""k"": 1, ""n"": 145}]}, {""constant_lens"": false, ""gain"": 0.25, ""lens"": ""pc1"", ""lens_scaling"": ""standardize"", ""min_cluster_size"": 37, ""min_samples"": 5, ""n_class"": 772, ""n_edges"": 7, ""n_intervals"": 6, ""n_vertices"": 7, ""noise_reassigned"": 583, ""placement"": ""quantile"", ""slabs"": [{""k"": 1, ""n"": 145}, {""k"": 1, ""n"": 161}, {""k"": 1, ""n"": 161}, {""k"": 1, ""n"": 161}, {""k"": 2, ""n"": 161}, {""k"": 1, ""n"": 145}]}, {""constant_lens"": false, ""gain"": 0.25, ""lens"": ""pc1"", ""lens_scaling"": ""standardize"", ""min_cluster_size"": 37, ""min_samples"": 5, ""n_class"": 773, ""n_edges"": 5, ""n_intervals"": 6, ""n_vertices"": 6, ""noise_reassigned"": 662, ""placement"": ""quantile"", ""slabs"": [{""k"": 1, ""n"": 145}, {""k"": 1, ""n"": 161}, {""k"": 1, ""n"": 161}, {""k"": 1, ""n"": 161}, {""k"": 1, ""n"": 161}, {""k"": 1, ""n"": 145}]}, {""constant_lens"": false, ""gain"": 0.25, ""lens"": ""pc1"", ""lens_scaling"": ""standardize"", ""min_cluster_size"": 37, ""min_samples"": 5, ""n_class"": 712, ""n_edges"": 5, ""n_intervals"": 6, ""n_vertices"": 6, ""noise_reassigned"": 628, ""placement"": ""quantile"", ""slabs"": [{""k"": 1, ""n"": 134}, {""k"": 1, ""n"": 148}, {""k"": 1, ""n"": 148}, {""k"": 1, ""n"": 148}, {""k"": 1, ""n"": 148}, {""k"": 1, ""n"": 134}]}, {""constant_lens"": false, ""gain"": 0.25, ""lens"": ""pc1"", ""lens_scaling"": ""standardize"", ""min_cluster_size"": 37, ""min_samples"": 5, ""n_class"": 772, ""n_edges"": 5, ""n_intervals"": 6, ""n_vertices"": 6, ""noise_reassigned"": 702, ""placement"": ""quantile"", ""slabs"": [{""k"": 1, ""n"": 145}, {""k"": 1, ""n"": 161}, {""k"": 1, ""n"": 161}, {""k"": 1, ""n"": 161}, {""k"": 1, ""n"": 161}, {""k"": 1, ""n"": 145}]}, {""constant_lens"": false, ""gain"": 0.25, ""lens"": ""pc1"", ""lens_scaling"": ""standardize"", ""min_cluster_size"": 37, ""min_samples"": 5, ""n_class"": 716, ""n_edges"": 5, ""n_intervals"": 6, ""n_vertices"": 7, ""noise_reassigned"": 414, ""placement"": ""quantile"", ""slabs"": [{""k"": 1, ""n"": 135}, {""k"": 1, ""n"": 149}, {""k"": 1, ""n"": 149}, {""k"": 2, ""n"": 149}, {""k"": 1, ""n"": 149}, {""k"": 1, ""n"": 135}]}, {""constant_lens"": false, ""gain"": 0.25, ""lens"": ""pc1"", ""lens_scaling"": ""standardize"", ""min_cluster_size"": 37, ""min_samples"": 5, ""n_class"": 709, ""n_edges"": 5, ""n_intervals"": 6, ""n_vertices"": 6, ""noise_reassigned"": 628, ""placement"": ""quantile"", ""slabs"": [{""k"": 1, ""n"": 133}, {""k"": 1, ""n"": 147}, {""k"": 1, ""n"": 147}, {""k"": 1, ""n"": 147}, {""k"": 1, ""n"": 147}, {""k"": 1, ""n"": 133}]}, {""constant_lens"": false, ""gain"": 0.25, ""lens"": ""pc1"", ""lens_scaling"": ""standardize"", ""min_cluster_size"": 37, ""min_samples"": 5, ""n_class"": 770, ""n_edges"": 5, ""n_intervals"": 6, ""n_vertices"": 6, ""noise_reassigned"": 586, ""placement"": ""quantile"", ""slabs"": [{""k"": 1, ""n"": 145}, {""k"": 1, ""n"": 160}, {""k"": 1, ""n"": 160}, {""k"": 1, ""n"": 160}, {""k"": 1, ""n"": 160}, {""k"": 1, ""n"": 145}]}, {""constant_lens"": false, ""gain"": 0.25, ""lens"": ""pc1"", ""lens_scaling"": ""standardize"", ""min_cluster_size"": 37, ""min_samples"": 5, ""n_class"": 712, ""n_edges"": 5, ""n_intervals"": 6, ""n_vertices"": 6, ""noise_reassigned"": 520, ""placement"": ""uniform"", ""slabs"": [{""k"": 1, ""n"": 157}, {""k"": 1, ""n"": 187}, {""k"": 1, ""n"": 133}, {""k"": 1, ""n"": 81}, {""k"": 1, ""n"": 144}, {""k"": 1, ""n"": 173}]}, {""constant_lens"": false, ""gain"": 0.25, ""lens"": ""pc1"", ""lens_scaling"": ""standardize"", ""min_cluster_size"": 37, ""min_samples"": 5, ""n_class"": 712, ""n_edges"": 5, ""n_intervals"": 6, ""n_vertices"": 6, ""noise_reassigned"": 443, ""placement"": ""quantile"", ""slabs"": [{""k"": 1, ""n"": 134}, {""k"": 1, ""n"": 148}, {""k"": 1, ""n"": 148}, {""k"": 1, ""n"": 148}, {""k"": 1, ""n"": 148}, {""k"": 1, ""n"": 134}]}], ""soundness_bound_holds"": true, ""step_rule"": ""scale_free"", ""topology_retention_nerve_to_frozen"": {""beta0_frozen"": 16, ""beta0_nerve"": 11, ""beta1_frozen"": 0, ""beta1_nerve"": 1}}",True
0.9927272727272727,495,False,0.050040436716538614,0.05,,6.881110999995144,122.27235199997085,115.39124099997571,penbased,7,"{""epsilon"": 0.1, ""window"": 0.2}",LVQ3,10,495,1100,9892,0.9499595632834614,2063206379,False,,True
0.9918181818181818,495,False,0.050040436716538614,0.05,"{""0"": 51, ""1"": 52, ""2"": 52, ""3"": 47, ""4"": 52, ""5"": 48, ""6"": 47, ""7"": 51, ""8"": 48, ""9"": 47}",5.870532000000821,5.870532000000821,0.0,penbased,7,,KMeans,10,495,1100,9892,0.9499595632834614,2063206379,False,,True
0.9772727272727273,495,False,0.050040436716538614,0.05,"{""0"": 51, ""1"": 52, ""2"": 52, ""3"": 47, ""4"": 52, ""5"": 48, ""6"": 47, ""7"": 51, ""8"": 48, ""9"": 47}",0.0028400000010151416,0.0028400000010151416,0.0,penbased,7,,Random,10,495,1100,9892,0.9499595632834614,2063206379,False,,True
0.9881818181818182,495,False,0.050040436716538614,0.05,,3.005317000002833,3.005317000002833,0.0,penbased,7,,SPOT,10,495,1100,9892,0.9499595632834614,2063206379,False,,True
0.9454545454545454,495,False,0.050040436716538614,0.05,,107.25509399999282,107.25509399999282,0.0,penbased,7,,GLVQ,10,495,1100,9892,0.9499595632834614,2063206379,False,,True
0.9927272727272727,495,False,0.050040436716538614,0.05,,5.067073999991408,5.067073999991408,0.0,penbased,7,,GNG,10,495,1100,9892,0.9499595632834614,2063206379,False,,True
0.9963636363636363,989,False,0.09997978164173069,0.1,,0.001373999984934926,0.001373999984934926,0.0,penbased,7,,Full,10,9892,1100,9892,0.0,2063206379,True,,False
0.99,989,False,0.09997978164173069,0.1,,2.6752249999844935,2.6752249999844935,0.0,penbased,7,,RSP3,10,1088,1100,9892,0.8900121310149616,2063206379,True,,False
0.980909090909091,989,False,0.09997978164173069,0.1,,1.107027999998536,1.107027999998536,0.0,penbased,7,,RHC,10,326,1100,9892,0.967044076021027,2063206379,True,,False
0.9845454545454545,989,False,0.09997978164173069,0.1,,20.241081999993185,20.241081999993185,0.0,penbased,7,,SPINE+1NN,10,989,1100,9892,0.9000202183582693,2063206379,False,"{""admission"": {""criterion"": ""risk"", ""removed_risk"": 6, ""removed_support"": 0}, ""betti_final"": [[1, 0], [2, 0], [3, 0], [1, 0], [1, 0], [3, 0], [1, 0], [1, 0], [1, 0], [2, 0]], ""betti_frozen"": [[1, 0], [2, 0], [3, 0], [1, 0], [1, 0], [3, 0], [1, 0], [1, 0], [1, 0], [2, 0]], ""betti_nerve"": [[1, 0], [1, 1], [1, 0], [1, 0], [1, 0], [2, 0], [1, 0], [1, 0], [1, 0], [1, 0]], ""boundary_restriction"": ""both"", ""forced_removals"": 0, ""growth_representation_fallbacks"": 967, ""invariant_held"": true, ""n_segments"": 973, ""n_train_fit"": 7419, ""n_val"": 2473, ""phase0"": [{""constant_lens"": false, ""gain"": 0.25, ""lens"": ""pc1"", ""lens_scaling"": ""standardize"", ""min_cluster_size"": 37, ""min_samples"": 5, ""n_class"": 771, ""n_edges"": 5, ""n_intervals"": 6, ""n_vertices"": 6, ""noise_reassigned"": 707, ""placement"": ""quantile"", ""slabs"": [{""k"": 1, ""n"": 145}, {""k"": 1, ""n"": 160}, {""k"": 1, ""n"": 161}, {""k"": 1, ""n"": 161}, {""k"": 1, ""n"": 160}, {""k"": 1, ""n"": 145}]}, {""constant_lens"": false, ""gain"": 0.25, ""lens"": ""pc1"", ""lens_scaling"": ""standardize"", ""min_cluster_size"": 37, ""min_samples"": 5, ""n_class"": 772, ""n_edges"": 7, ""n_intervals"": 6, ""n_vertices"": 7, ""noise_reassigned"": 583, ""placement"": ""quantile"", ""slabs"": [{""k"": 1, ""n"": 145}, {""k"": 1, ""n"": 161}, {""k"": 1, ""n"": 161}, {""k"": 1, ""n"": 161}, {""k"": 2, ""n"": 161}, {""k"": 1, ""n"": 145}]}, {""constant_lens"": false, ""gain"": 0.25, ""lens"": ""pc1"", ""lens_scaling"": ""standardize"", ""min_cluster_size"": 37, ""min_samples"": 5, ""n_class"": 773, ""n_edges"": 5, ""n_intervals"": 6, ""n_vertices"": 6, ""noise_reassigned"": 662, ""placement"": ""quantile"", ""slabs"": [{""k"": 1, ""n"": 145}, {""k"": 1, ""n"": 161}, {""k"": 1, ""n"": 161}, {""k"": 1, ""n"": 161}, {""k"": 1, ""n"": 161}, {""k"": 1, ""n"": 145}]}, {""constant_lens"": false, ""gain"": 0.25, ""lens"": ""pc1"", ""lens_scaling"": ""standardize"", ""min_cluster_size"": 37, ""min_samples"": 5, ""n_class"": 712, ""n_edges"": 5, ""n_intervals"": 6, ""n_vertices"": 6, ""noise_reassigned"": 628, ""placement"": ""quantile"", ""slabs"": [{""k"": 1, ""n"": 134}, {""k"": 1, ""n"": 148}, {""k"": 1, ""n"": 148}, {""k"": 1, ""n"": 148}, {""k"": 1, ""n"": 148}, {""k"": 1, ""n"": 134}]}, {""constant_lens"": false, ""gain"": 0.25, ""lens"": ""pc1"", ""lens_scaling"": ""standardize"", ""min_cluster_size"": 37, ""min_samples"": 5, ""n_class"": 772, ""n_edges"": 5, ""n_intervals"": 6, ""n_vertices"": 6, ""noise_reassigned"": 702, ""placement"": ""quantile"", ""slabs"": [{""k"": 1, ""n"": 145}, {""k"": 1, ""n"": 161}, {""k"": 1, ""n"": 161}, {""k"": 1, ""n"": 161}, {""k"": 1, ""n"": 161}, {""k"": 1, ""n"": 145}]}, {""constant_lens"": false, ""gain"": 0.25, ""lens"": ""pc1"", ""lens_scaling"": ""standardize"", ""min_cluster_size"": 37, ""min_samples"": 5, ""n_class"": 716, ""n_edges"": 5, ""n_intervals"": 6, ""n_vertices"": 7, ""noise_reassigned"": 414, ""placement"": ""quantile"", ""slabs"": [{""k"": 1, ""n"": 135}, {""k"": 1, ""n"": 149}, {""k"": 1, ""n"": 149}, {""k"": 2, ""n"": 149}, {""k"": 1, ""n"": 149}, {""k"": 1, ""n"": 135}]}, {""constant_lens"": false, ""gain"": 0.25, ""lens"": ""pc1"", ""lens_scaling"": ""standardize"", ""min_cluster_size"": 37, ""min_samples"": 5, ""n_class"": 709, ""n_edges"": 5, ""n_intervals"": 6, ""n_vertices"": 6, ""noise_reassigned"": 628, ""placement"": ""quantile"", ""slabs"": [{""k"": 1, ""n"": 133}, {""k"": 1, ""n"": 147}, {""k"": 1, ""n"": 147}, {""k"": 1, ""n"": 147}, {""k"": 1, ""n"": 147}, {""k"": 1, ""n"": 133}]}, {""constant_lens"": false, ""gain"": 0.25, ""lens"": ""pc1"", ""lens_scaling"": ""standardize"", ""min_cluster_size"": 37, ""min_samples"": 5, ""n_class"": 770, ""n_edges"": 5, ""n_intervals"": 6, ""n_vertices"": 6, ""noise_reassigned"": 586, ""placement"": ""quantile"", ""slabs"": [{""k"": 1, ""n"": 145}, {""k"": 1, ""n"": 160}, {""k"": 1, ""n"": 160}, {""k"": 1, ""n"": 160}, {""k"": 1, ""n"": 160}, {""k"": 1, ""n"": 145}]}, {""constant_lens"": false, ""gain"": 0.25, ""lens"": ""pc1"", ""lens_scaling"": ""standardize"", ""min_cluster_size"": 37, ""min_samples"": 5, ""n_class"": 712, ""n_edges"": 5, ""n_intervals"": 6, ""n_vertices"": 6, ""noise_reassigned"": 520, ""placement"": ""uniform"", ""slabs"": [{""k"": 1, ""n"": 157}, {""k"": 1, ""n"": 187}, {""k"": 1, ""n"": 133}, {""k"": 1, ""n"": 81}, {""k"": 1, ""n"": 144}, {""k"": 1, ""n"": 173}]}, {""constant_lens"": false, ""gain"": 0.25, ""lens"": ""pc1"", ""lens_scaling"": ""standardize"", ""min_cluster_size"": 37, ""min_samples"": 5, ""n_class"": 712, ""n_edges"": 5, ""n_intervals"": 6, ""n_vertices"": 6, ""noise_reassigned"": 443, ""placement"": ""quantile"", ""slabs"": [{""k"": 1, ""n"": 134}, {""k"": 1, ""n"": 148}, {""k"": 1, ""n"": 148}, {""k"": 1, ""n"": 148}, {""k"": 1, ""n"": 148}, {""k"": 1, ""n"": 134}]}], ""soundness_bound_holds"": true, ""step_rule"": ""scale_free"", ""topology_retention_nerve_to_frozen"": {""beta0_frozen"": 16, ""beta0_nerve"": 11, ""beta1_frozen"": 0, ""beta1_nerve"": 1}}",True
0.9845454545454545,989,False,0.09997978164173069,0.1,,20.241081999993185,20.241081999993185,0.0,penbased,7,,SPINE+Graph,10,989,1100,9892,0.9000202183582693,2063206379,False,"{""admission"": {""criterion"": ""risk"", ""removed_risk"": 6, ""removed_support"": 0}, ""betti_final"": [[1, 0], [2, 0], [3, 0], [1, 0], [1, 0], [3, 0], [1, 0], [1, 0], [1, 0], [2, 0]], ""betti_frozen"": [[1, 0], [2, 0], [3, 0], [1, 0], [1, 0], [3, 0], [1, 0], [1, 0], [1, 0], [2, 0]], ""betti_nerve"": [[1, 0], [1, 1], [1, 0], [1, 0], [1, 0], [2, 0], [1, 0], [1, 0], [1, 0], [1, 0]], ""boundary_restriction"": ""both"", ""forced_removals"": 0, ""growth_representation_fallbacks"": 967, ""invariant_held"": true, ""n_segments"": 973, ""n_train_fit"": 7419, ""n_val"": 2473, ""phase0"": [{""constant_lens"": false, ""gain"": 0.25, ""lens"": ""pc1"", ""lens_scaling"": ""standardize"", ""min_cluster_size"": 37, ""min_samples"": 5, ""n_class"": 771, ""n_edges"": 5, ""n_intervals"": 6, ""n_vertices"": 6, ""noise_reassigned"": 707, ""placement"": ""quantile"", ""slabs"": [{""k"": 1, ""n"": 145}, {""k"": 1, ""n"": 160}, {""k"": 1, ""n"": 161}, {""k"": 1, ""n"": 161}, {""k"": 1, ""n"": 160}, {""k"": 1, ""n"": 145}]}, {""constant_lens"": false, ""gain"": 0.25, ""lens"": ""pc1"", ""lens_scaling"": ""standardize"", ""min_cluster_size"": 37, ""min_samples"": 5, ""n_class"": 772, ""n_edges"": 7, ""n_intervals"": 6, ""n_vertices"": 7, ""noise_reassigned"": 583, ""placement"": ""quantile"", ""slabs"": [{""k"": 1, ""n"": 145}, {""k"": 1, ""n"": 161}, {""k"": 1, ""n"": 161}, {""k"": 1, ""n"": 161}, {""k"": 2, ""n"": 161}, {""k"": 1, ""n"": 145}]}, {""constant_lens"": false, ""gain"": 0.25, ""lens"": ""pc1"", ""lens_scaling"": ""standardize"", ""min_cluster_size"": 37, ""min_samples"": 5, ""n_class"": 773, ""n_edges"": 5, ""n_intervals"": 6, ""n_vertices"": 6, ""noise_reassigned"": 662, ""placement"": ""quantile"", ""slabs"": [{""k"": 1, ""n"": 145}, {""k"": 1, ""n"": 161}, {""k"": 1, ""n"": 161}, {""k"": 1, ""n"": 161}, {""k"": 1, ""n"": 161}, {""k"": 1, ""n"": 145}]}, {""constant_lens"": false, ""gain"": 0.25, ""lens"": ""pc1"", ""lens_scaling"": ""standardize"", ""min_cluster_size"": 37, ""min_samples"": 5, ""n_class"": 712, ""n_edges"": 5, ""n_intervals"": 6, ""n_vertices"": 6, ""noise_reassigned"": 628, ""placement"": ""quantile"", ""slabs"": [{""k"": 1, ""n"": 134}, {""k"": 1, ""n"": 148}, {""k"": 1, ""n"": 148}, {""k"": 1, ""n"": 148}, {""k"": 1, ""n"": 148}, {""k"": 1, ""n"": 134}]}, {""constant_lens"": false, ""gain"": 0.25, ""lens"": ""pc1"", ""lens_scaling"": ""standardize"", ""min_cluster_size"": 37, ""min_samples"": 5, ""n_class"": 772, ""n_edges"": 5, ""n_intervals"": 6, ""n_vertices"": 6, ""noise_reassigned"": 702, ""placement"": ""quantile"", ""slabs"": [{""k"": 1, ""n"": 145}, {""k"": 1, ""n"": 161}, {""k"": 1, ""n"": 161}, {""k"": 1, ""n"": 161}, {""k"": 1, ""n"": 161}, {""k"": 1, ""n"": 145}]}, {""constant_lens"": false, ""gain"": 0.25, ""lens"": ""pc1"", ""lens_scaling"": ""standardize"", ""min_cluster_size"": 37, ""min_samples"": 5, ""n_class"": 716, ""n_edges"": 5, ""n_intervals"": 6, ""n_vertices"": 7, ""noise_reassigned"": 414, ""placement"": ""quantile"", ""slabs"": [{""k"": 1, ""n"": 135}, {""k"": 1, ""n"": 149}, {""k"": 1, ""n"": 149}, {""k"": 2, ""n"": 149}, {""k"": 1, ""n"": 149}, {""k"": 1, ""n"": 135}]}, {""constant_lens"": false, ""gain"": 0.25, ""lens"": ""pc1"", ""lens_scaling"": ""standardize"", ""min_cluster_size"": 37, ""min_samples"": 5, ""n_class"": 709, ""n_edges"": 5, ""n_intervals"": 6, ""n_vertices"": 6, ""noise_reassigned"": 628, ""placement"": ""quantile"", ""slabs"": [{""k"": 1, ""n"": 133}, {""k"": 1, ""n"": 147}, {""k"": 1, ""n"": 147}, {""k"": 1, ""n"": 147}, {""k"": 1, ""n"": 147}, {""k"": 1, ""n"": 133}]}, {""constant_lens"": false, ""gain"": 0.25, ""lens"": ""pc1"", ""lens_scaling"": ""standardize"", ""min_cluster_size"": 37, ""min_samples"": 5, ""n_class"": 770, ""n_edges"": 5, ""n_intervals"": 6, ""n_vertices"": 6, ""noise_reassigned"": 586, ""placement"": ""quantile"", ""slabs"": [{""k"": 1, ""n"": 145}, {""k"": 1, ""n"": 160}, {""k"": 1, ""n"": 160}, {""k"": 1, ""n"": 160}, {""k"": 1, ""n"": 160}, {""k"": 1, ""n"": 145}]}, {""constant_lens"": false, ""gain"": 0.25, ""lens"": ""pc1"", ""lens_scaling"": ""standardize"", ""min_cluster_size"": 37, ""min_samples"": 5, ""n_class"": 712, ""n_edges"": 5, ""n_intervals"": 6, ""n_vertices"": 6, ""noise_reassigned"": 520, ""placement"": ""uniform"", ""slabs"": [{""k"": 1, ""n"": 157}, {""k"": 1, ""n"": 187}, {""k"": 1, ""n"": 133}, {""k"": 1, ""n"": 81}, {""k"": 1, ""n"": 144}, {""k"": 1, ""n"": 173}]}, {""constant_lens"": false, ""gain"": 0.25, ""lens"": ""pc1"", ""lens_scaling"": ""standardize"", ""min_cluster_size"": 37, ""min_samples"": 5, ""n_class"": 712, ""n_edges"": 5, ""n_intervals"": 6, ""n_vertices"": 6, ""noise_reassigned"": 443, ""placement"": ""quantile"", ""slabs"": [{""k"": 1, ""n"": 134}, {""k"": 1, ""n"": 148}, {""k"": 1, ""n"": 148}, {""k"": 1, ""n"": 148}, {""k"": 1, ""n"": 148}, {""k"": 1, ""n"": 134}]}], ""soundness_bound_holds"": true, ""step_rule"": ""scale_free"", ""topology_retention_nerve_to_frozen"": {""beta0_frozen"": 16, ""beta0_nerve"": 11, ""beta1_frozen"": 0, ""beta1_nerve"": 1}}",True
0.9945454545454545,989,False,0.09997978164173069,0.1,,10.76776400001836,189.54590900000767,178.7781449999893,penbased,7,"{""epsilon"": 0.3, ""window"": 0.3}",LVQ3,10,989,1100,9892,0.9000202183582693,2063206379,False,,True
0.9936363636363637,989,False,0.09997978164173069,0.1,"{""0"": 103, ""1"": 103, ""2"": 103, ""3"": 95, ""4"": 103, ""5"": 95, ""6"": 94, ""7"": 103, ""8"": 95, ""9"": 95}",7.398351000010734,7.398351000010734,0.0,penbased,7,,KMeans,10,989,1100,9892,0.9000202183582693,2063206379,False,,True
0.9790909090909091,989,False,0.09997978164173069,0.1,"{""0"": 103, ""1"": 103, ""2"": 103, ""3"": 95, ""4"": 103, ""5"": 95, ""6"": 94, ""7"": 103, ""8"": 95, ""9"": 95}",0.0031340000277850777,0.0031340000277850777,0.0,penbased,7,,Random,10,989,1100,9892,0.9000202183582693,2063206379,False,,True
0.99,989,False,0.09997978164173069,0.1,,3.1802199999801815,3.1802199999801815,0.0,penbased,7,,SPOT,10,989,1100,9892,0.9000202183582693,2063206379,False,,True
0.9454545454545454,989,False,0.09997978164173069,0.1,,211.6363919999858,211.6363919999858,0.0,penbased,7,,GLVQ,10,989,1100,9892,0.9000202183582693,2063206379,False,,True
0.9927272727272727,989,False,0.09997978164173069,0.1,,13.605897000001278,13.605897000001278,0.0,penbased,7,,GNG,10,989,1100,9892,0.9000202183582693,2063206379,False,,True
0.9963636363636363,2473,False,0.25,0.25,,0.001373999984934926,0.001373999984934926,0.0,penbased,7,,Full,10,9892,1100,9892,0.0,2063206379,True,,False
0.99,2473,False,0.25,0.25,,2.6752249999844935,2.6752249999844935,0.0,penbased,7,,RSP3,10,1088,1100,9892,0.8900121310149616,2063206379,True,,False
0.980909090909091,2473,False,0.25,0.25,,1.107027999998536,1.107027999998536,0.0,penbased,7,,RHC,10,326,1100,9892,0.967044076021027,2063206379,True,,False
0.9881818181818182,2473,False,0.25,0.25,,65.96271399999387,65.96271399999387,0.0,penbased,7,,SPINE+1NN,10,2473,1100,9892,0.75,2063206379,False,"{""admission"": {""criterion"": ""risk"", ""removed_risk"": 6, ""removed_support"": 0}, ""betti_final"": [[1, 0], [2, 0], [3, 0], [1, 0], [1, 0], [3, 0], [1, 0], [1, 0], [1, 0], [2, 0]], ""betti_frozen"": [[1, 0], [2, 0], [3, 0], [1, 0], [1, 0], [3, 0], [1, 0], [1, 0], [1, 0], [2, 0]], ""betti_nerve"": [[1, 0], [1, 1], [1, 0], [1, 0], [1, 0], [2, 0], [1, 0], [1, 0], [1, 0], [1, 0]], ""boundary_restriction"": ""both"", ""forced_removals"": 0, ""growth_representation_fallbacks"": 2759, ""invariant_held"": true, ""n_segments"": 2457, ""n_train_fit"": 7419, ""n_val"": 2473, ""phase0"": [{""constant_lens"": false, ""gain"": 0.25, ""lens"": ""pc1"", ""lens_scaling"": ""standardize"", ""min_cluster_size"": 37, ""min_samples"": 5, ""n_class"": 771, ""n_edges"": 5, ""n_intervals"": 6, ""n_vertices"": 6, ""noise_reassigned"": 707, ""placement"": ""quantile"", ""slabs"": [{""k"": 1, ""n"": 145}, {""k"": 1, ""n"": 160}, {""k"": 1, ""n"": 161}, {""k"": 1, ""n"": 161}, {""k"": 1, ""n"": 160}, {""k"": 1, ""n"": 145}]}, {""constant_lens"": false, ""gain"": 0.25, ""lens"": ""pc1"", ""lens_scaling"": ""standardize"", ""min_cluster_size"": 37, ""min_samples"": 5, ""n_class"": 772, ""n_edges"": 7, ""n_intervals"": 6, ""n_vertices"": 7, ""noise_reassigned"": 583, ""placement"": ""quantile"", ""slabs"": [{""k"": 1, ""n"": 145}, {""k"": 1, ""n"": 161}, {""k"": 1, ""n"": 161}, {""k"": 1, ""n"": 161}, {""k"": 2, ""n"": 161}, {""k"": 1, ""n"": 145}]}, {""constant_lens"": false, ""gain"": 0.25, ""lens"": ""pc1"", ""lens_scaling"": ""standardize"", ""min_cluster_size"": 37, ""min_samples"": 5, ""n_class"": 773, ""n_edges"": 5, ""n_intervals"": 6, ""n_vertices"": 6, ""noise_reassigned"": 662, ""placement"": ""quantile"", ""slabs"": [{""k"": 1, ""n"": 145}, {""k"": 1, ""n"": 161}, {""k"": 1, ""n"": 161}, {""k"": 1, ""n"": 161}, {""k"": 1, ""n"": 161}, {""k"": 1, ""n"": 145}]}, {""constant_lens"": false, ""gain"": 0.25, ""lens"": ""pc1"", ""lens_scaling"": ""standardize"", ""min_cluster_size"": 37, ""min_samples"": 5, ""n_class"": 712, ""n_edges"": 5, ""n_intervals"": 6, ""n_vertices"": 6, ""noise_reassigned"": 628, ""placement"": ""quantile"", ""slabs"": [{""k"": 1, ""n"": 134}, {""k"": 1, ""n"": 148}, {""k"": 1, ""n"": 148}, {""k"": 1, ""n"": 148}, {""k"": 1, ""n"": 148}, {""k"": 1, ""n"": 134}]}, {""constant_lens"": false, ""gain"": 0.25, ""lens"": ""pc1"", ""lens_scaling"": ""standardize"", ""min_cluster_size"": 37, ""min_samples"": 5, ""n_class"": 772, ""n_edges"": 5, ""n_intervals"": 6, ""n_vertices"": 6, ""noise_reassigned"": 702, ""placement"": ""quantile"", ""slabs"": [{""k"": 1, ""n"": 145}, {""k"": 1, ""n"": 161}, {""k"": 1, ""n"": 161}, {""k"": 1, ""n"": 161}, {""k"": 1, ""n"": 161}, {""k"": 1, ""n"": 145}]}, {""constant_lens"": false, ""gain"": 0.25, ""lens"": ""pc1"", ""lens_scaling"": ""standardize"", ""min_cluster_size"": 37, ""min_samples"": 5, ""n_class"": 716, ""n_edges"": 5, ""n_intervals"": 6, ""n_vertices"": 7, ""noise_reassigned"": 414, ""placement"": ""quantile"", ""slabs"": [{""k"": 1, ""n"": 135}, {""k"": 1, ""n"": 149}, {""k"": 1, ""n"": 149}, {""k"": 2, ""n"": 149}, {""k"": 1, ""n"": 149}, {""k"": 1, ""n"": 135}]}, {""constant_lens"": false, ""gain"": 0.25, ""lens"": ""pc1"", ""lens_scaling"": ""standardize"", ""min_cluster_size"": 37, ""min_samples"": 5, ""n_class"": 709, ""n_edges"": 5, ""n_intervals"": 6, ""n_vertices"": 6, ""noise_reassigned"": 628, ""placement"": ""quantile"", ""slabs"": [{""k"": 1, ""n"": 133}, {""k"": 1, ""n"": 147}, {""k"": 1, ""n"": 147}, {""k"": 1, ""n"": 147}, {""k"": 1, ""n"": 147}, {""k"": 1, ""n"": 133}]}, {""constant_lens"": false, ""gain"": 0.25, ""lens"": ""pc1"", ""lens_scaling"": ""standardize"", ""min_cluster_size"": 37, ""min_samples"": 5, ""n_class"": 770, ""n_edges"": 5, ""n_intervals"": 6, ""n_vertices"": 6, ""noise_reassigned"": 586, ""placement"": ""quantile"", ""slabs"": [{""k"": 1, ""n"": 145}, {""k"": 1, ""n"": 160}, {""k"": 1, ""n"": 160}, {""k"": 1, ""n"": 160}, {""k"": 1, ""n"": 160}, {""k"": 1, ""n"": 145}]}, {""constant_lens"": false, ""gain"": 0.25, ""lens"": ""pc1"", ""lens_scaling"": ""standardize"", ""min_cluster_size"": 37, ""min_samples"": 5, ""n_class"": 712, ""n_edges"": 5, ""n_intervals"": 6, ""n_vertices"": 6, ""noise_reassigned"": 520, ""placement"": ""uniform"", ""slabs"": [{""k"": 1, ""n"": 157}, {""k"": 1, ""n"": 187}, {""k"": 1, ""n"": 133}, {""k"": 1, ""n"": 81}, {""k"": 1, ""n"": 144}, {""k"": 1, ""n"": 173}]}, {""constant_lens"": false, ""gain"": 0.25, ""lens"": ""pc1"", ""lens_scaling"": ""standardize"", ""min_cluster_size"": 37, ""min_samples"": 5, ""n_class"": 712, ""n_edges"": 5, ""n_intervals"": 6, ""n_vertices"": 6, ""noise_reassigned"": 443, ""placement"": ""quantile"", ""slabs"": [{""k"": 1, ""n"": 134}, {""k"": 1, ""n"": 148}, {""k"": 1, ""n"": 148}, {""k"": 1, ""n"": 148}, {""k"": 1, ""n"": 148}, {""k"": 1, ""n"": 134}]}], ""soundness_bound_holds"": true, ""step_rule"": ""scale_free"", ""topology_retention_nerve_to_frozen"": {""beta0_frozen"": 16, ""beta0_nerve"": 11, ""beta1_frozen"": 0, ""beta1_nerve"": 1}}",True
0.99,2473,False,0.25,0.25,,65.96271399999387,65.96271399999387,0.0,penbased,7,,SPINE+Graph,10,2473,1100,9892,0.75,2063206379,False,"{""admission"": {""criterion"": ""risk"", ""removed_risk"": 6, ""removed_support"": 0}, ""betti_final"": [[1, 0], [2, 0], [3, 0], [1, 0], [1, 0], [3, 0], [1, 0], [1, 0], [1, 0], [2, 0]], ""betti_frozen"": [[1, 0], [2, 0], [3, 0], [1, 0], [1, 0], [3, 0], [1, 0], [1, 0], [1, 0], [2, 0]], ""betti_nerve"": [[1, 0], [1, 1], [1, 0], [1, 0], [1, 0], [2, 0], [1, 0], [1, 0], [1, 0], [1, 0]], ""boundary_restriction"": ""both"", ""forced_removals"": 0, ""growth_representation_fallbacks"": 2759, ""invariant_held"": true, ""n_segments"": 2457, ""n_train_fit"": 7419, ""n_val"": 2473, ""phase0"": [{""constant_lens"": false, ""gain"": 0.25, ""lens"": ""pc1"", ""lens_scaling"": ""standardize"", ""min_cluster_size"": 37, ""min_samples"": 5, ""n_class"": 771, ""n_edges"": 5, ""n_intervals"": 6, ""n_vertices"": 6, ""noise_reassigned"": 707, ""placement"": ""quantile"", ""slabs"": [{""k"": 1, ""n"": 145}, {""k"": 1, ""n"": 160}, {""k"": 1, ""n"": 161}, {""k"": 1, ""n"": 161}, {""k"": 1, ""n"": 160}, {""k"": 1, ""n"": 145}]}, {""constant_lens"": false, ""gain"": 0.25, ""lens"": ""pc1"", ""lens_scaling"": ""standardize"", ""min_cluster_size"": 37, ""min_samples"": 5, ""n_class"": 772, ""n_edges"": 7, ""n_intervals"": 6, ""n_vertices"": 7, ""noise_reassigned"": 583, ""placement"": ""quantile"", ""slabs"": [{""k"": 1, ""n"": 145}, {""k"": 1, ""n"": 161}, {""k"": 1, ""n"": 161}, {""k"": 1, ""n"": 161}, {""k"": 2, ""n"": 161}, {""k"": 1, ""n"": 145}]}, {""constant_lens"": false, ""gain"": 0.25, ""lens"": ""pc1"", ""lens_scaling"": ""standardize"", ""min_cluster_size"": 37, ""min_samples"": 5, ""n_class"": 773, ""n_edges"": 5, ""n_intervals"": 6, ""n_vertices"": 6, ""noise_reassigned"": 662, ""placement"": ""quantile"", ""slabs"": [{""k"": 1, ""n"": 145}, {""k"": 1, ""n"": 161}, {""k"": 1, ""n"": 161}, {""k"": 1, ""n"": 161}, {""k"": 1, ""n"": 161}, {""k"": 1, ""n"": 145}]}, {""constant_lens"": false, ""gain"": 0.25, ""lens"": ""pc1"", ""lens_scaling"": ""standardize"", ""min_cluster_size"": 37, ""min_samples"": 5, ""n_class"": 712, ""n_edges"": 5, ""n_intervals"": 6, ""n_vertices"": 6, ""noise_reassigned"": 628, ""placement"": ""quantile"", ""slabs"": [{""k"": 1, ""n"": 134}, {""k"": 1, ""n"": 148}, {""k"": 1, ""n"": 148}, {""k"": 1, ""n"": 148}, {""k"": 1, ""n"": 148}, {""k"": 1, ""n"": 134}]}, {""constant_lens"": false, ""gain"": 0.25, ""lens"": ""pc1"", ""lens_scaling"": ""standardize"", ""min_cluster_size"": 37, ""min_samples"": 5, ""n_class"": 772, ""n_edges"": 5, ""n_intervals"": 6, ""n_vertices"": 6, ""noise_reassigned"": 702, ""placement"": ""quantile"", ""slabs"": [{""k"": 1, ""n"": 145}, {""k"": 1, ""n"": 161}, {""k"": 1, ""n"": 161}, {""k"": 1, ""n"": 161}, {""k"": 1, ""n"": 161}, {""k"": 1, ""n"": 145}]}, {""constant_lens"": false, ""gain"": 0.25, ""lens"": ""pc1"", ""lens_scaling"": ""standardize"", ""min_cluster_size"": 37, ""min_samples"": 5, ""n_class"": 716, ""n_edges"": 5, ""n_intervals"": 6, ""n_vertices"": 7, ""noise_reassigned"": 414, ""placement"": ""quantile"", ""slabs"": [{""k"": 1, ""n"": 135}, {""k"": 1, ""n"": 149}, {""k"": 1, ""n"": 149}, {""k"": 2, ""n"": 149}, {""k"": 1, ""n"": 149}, {""k"": 1, ""n"": 135}]}, {""constant_lens"": false, ""gain"": 0.25, ""lens"": ""pc1"", ""lens_scaling"": ""standardize"", ""min_cluster_size"": 37, ""min_samples"": 5, ""n_class"": 709, ""n_edges"": 5, ""n_intervals"": 6, ""n_vertices"": 6, ""noise_reassigned"": 628, ""placement"": ""quantile"", ""slabs"": [{""k"": 1, ""n"": 133}, {""k"": 1, ""n"": 147}, {""k"": 1, ""n"": 147}, {""k"": 1, ""n"": 147}, {""k"": 1, ""n"": 147}, {""k"": 1, ""n"": 133}]}, {""constant_lens"": false, ""gain"": 0.25, ""lens"": ""pc1"", ""lens_scaling"": ""standardize"", ""min_cluster_size"": 37, ""min_samples"": 5, ""n_class"": 770, ""n_edges"": 5, ""n_intervals"": 6, ""n_vertices"": 6, ""noise_reassigned"": 586, ""placement"": ""quantile"", ""slabs"": [{""k"": 1, ""n"": 145}, {""k"": 1, ""n"": 160}, {""k"": 1, ""n"": 160}, {""k"": 1, ""n"": 160}, {""k"": 1, ""n"": 160}, {""k"": 1, ""n"": 145}]}, {""constant_lens"": false, ""gain"": 0.25, ""lens"": ""pc1"", ""lens_scaling"": ""standardize"", ""min_cluster_size"": 37, ""min_samples"": 5, ""n_class"": 712, ""n_edges"": 5, ""n_intervals"": 6, ""n_vertices"": 6, ""noise_reassigned"": 520, ""placement"": ""uniform"", ""slabs"": [{""k"": 1, ""n"": 157}, {""k"": 1, ""n"": 187}, {""k"": 1, ""n"": 133}, {""k"": 1, ""n"": 81}, {""k"": 1, ""n"": 144}, {""k"": 1, ""n"": 173}]}, {""constant_lens"": false, ""gain"": 0.25, ""lens"": ""pc1"", ""lens_scaling"": ""standardize"", ""min_cluster_size"": 37, ""min_samples"": 5, ""n_class"": 712, ""n_edges"": 5, ""n_intervals"": 6, ""n_vertices"": 6, ""noise_reassigned"": 443, ""placement"": ""quantile"", ""slabs"": [{""k"": 1, ""n"": 134}, {""k"": 1, ""n"": 148}, {""k"": 1, ""n"": 148}, {""k"": 1, ""n"": 148}, {""k"": 1, ""n"": 148}, {""k"": 1, ""n"": 134}]}], ""soundness_bound_holds"": true, ""step_rule"": ""scale_free"", ""topology_retention_nerve_to_frozen"": {""beta0_frozen"": 16, ""beta0_nerve"": 11, ""beta1_frozen"": 0, ""beta1_nerve"": 1}}",True
0.9963636363636363,2473,False,0.25,0.25,,25.628874000016367,442.0136960000382,416.3848220000218,penbased,7,"{""epsilon"": 0.1, ""window"": 0.2}",LVQ3,10,2473,1100,9892,0.75,2063206379,False,,True
0.9918181818181818,2473,False,0.25,0.25,"{""0"": 257, ""1"": 257, ""2"": 258, ""3"": 237, ""4"": 258, ""5"": 239, ""6"": 236, ""7"": 257, ""8"": 237, ""9"": 237}",15.079553999996278,15.079553999996278,0.0,penbased,7,,KMeans,10,2473,1100,9892,0.75,2063206379,False,,True
0.9936363636363637,2473,False,0.25,0.25,"{""0"": 257, ""1"": 257, ""2"": 258, ""3"": 237, ""4"": 258, ""5"": 239, ""6"": 236, ""7"": 257, ""8"": 237, ""9"": 237}",0.0037629999860655516,0.0037629999860655516,0.0,penbased,7,,Random,10,2473,1100,9892,0.75,2063206379,False,,True
0.9945454545454545,2473,False,0.25,0.25,,3.3880580000113696,3.3880580000113696,0.0,penbased,7,,SPOT,10,2473,1100,9892,0.75,2063206379,False,,True
0.9427272727272727,2473,False,0.25,0.25,,520.717793000018,520.717793000018,0.0,penbased,7,,GLVQ,10,2473,1100,9892,0.75,2063206379,False,,True
0.9954545454545455,2473,False,0.25,0.25,,63.39450999998371,63.39450999998371,0.0,penbased,7,,GNG,10,2473,1100,9892,0.75,2063206379,False,,True
0.9945454545454545,49,False,0.00495349777598059,0.005,,0.0012379999971017241,0.0012379999971017241,0.0,penbased,8,,Full,10,9892,1100,9892,0.0,2064206382,False,,False
0.9918181818181818,49,False,0.00495349777598059,0.005,,2.684700999991037,2.684700999991037,0.0,penbased,8,,RSP3,10,1059,1100,9892,0.8929437929640114,2064206382,False,,False
0.9854545454545455,49,False,0.00495349777598059,0.005,,1.0312459999986459,1.0312459999986459,0.0,penbased,8,,RHC,10,316,1100,9892,0.9680549939344926,2064206382,False,,False
0.8809090909090909,49,False,0.00495349777598059,0.005,,6.081184000009671,6.081184000009671,0.0,penbased,8,,SPINE+1NN,10,49,1100,9892,0.9950465022240194,2064206382,False,"{""admission"": {""criterion"": ""risk"", ""removed_risk"": 5, ""removed_support"": 0}, ""betti_final"": [[2, 0], [1, 1], [3, 0], [1, 0], [1, 0], [3, 0], [1, 0], [1, 0], [1, 0], [2, 0]], ""betti_frozen"": [[2, 0], [1, 1], [3, 0], [1, 0], [1, 0], [3, 0], [1, 0], [1, 0], [1, 0], [2, 0]], ""betti_nerve"": [[1, 0], [1, 1], [1, 0], [1, 0], [1, 0], [2, 0], [1, 0], [1, 0], [1, 0], [1, 0]], ""boundary_restriction"": ""both"", ""forced_removals"": 0, ""growth_representation_fallbacks"": 0, ""invariant_held"": true, ""n_segments"": 34, ""n_train_fit"": 7419, ""n_val"": 2473, ""phase0"": [{""constant_lens"": false, ""gain"": 0.25, ""lens"": ""pc1"", ""lens_scaling"": ""standardize"", ""min_cluster_size"": 37, ""min_samples"": 5, ""n_class"": 771, ""n_edges"": 5, ""n_intervals"": 6, ""n_vertices"": 6, ""noise_reassigned"": 703, ""placement"": ""quantile"", ""slabs"": [{""k"": 1, ""n"": 145}, {""k"": 1, ""n"": 160}, {""k"": 1, ""n"": 161}, {""k"": 1, ""n"": 161}, {""k"": 1, ""n"": 160}, {""k"": 1, ""n"": 145}]}, {""constant_lens"": false, ""gain"": 0.25, ""lens"": ""pc1"", ""lens_scaling"": ""standardize"", ""min_cluster_size"": 37, ""min_samples"": 5, ""n_class"": 775, ""n_edges"": 7, ""n_intervals"": 6, ""n_vertices"": 7, ""noise_reassigned"": 586, ""placement"": ""quantile"", ""slabs"": [{""k"": 1, ""n"": 146}, {""k"": 1, ""n"": 162}, {""k"": 1, ""n"": 162}, {""k"": 1, ""n"": 162}, {""k"": 2, ""n"": 162}, {""k"": 1, ""n"": 146}]}, {""constant_lens"": false, ""gain"": 0.25, ""lens"": ""pc1"", ""lens_scaling"": ""standardize"", ""min_cluster_size"": 37, ""min_samples"": 5, ""n_class"": 769, ""n_edges"": 5, ""n_intervals"": 6, ""n_vertices"": 6, ""noise_reassigned"": 689, ""placement"": ""quantile"", ""slabs"": [{""k"": 1, ""n"": 145}, {""k"": 1, ""n"": 160}, {""k"": 1, ""n"": 160}, {""k"": 1, ""n"": 160}, {""k"": 1, ""n"": 161}, {""k"": 1, ""n"": 145}]}, {""constant_lens"": false, ""gain"": 0.25, ""lens"": ""pc1"", ""lens_scaling"": ""standardize"", ""min_cluster_size"": 37, ""min_samples"": 5, ""n_class"": 712, ""n_edges"": 5, ""n_intervals"": 6, ""n_vertices"": 6, ""noise_reassigned"": 626, ""placement"": ""quantile"", ""slabs"": [{""k"": 1, ""n"": 134}, {""k"": 1, ""n"": 148}, {""k"": 1, ""n"": 148}, {""k"": 1, ""n"": 148}, {""k"": 1, ""n"": 148}, {""k"": 1, ""n"": 134}]}, {""constant_lens"": false, ""gain"": 0.25, ""lens"": ""pc1"", ""lens_scaling"": ""standardize"", ""min_cluster_size"": 37, ""min_samples"": 5, ""n_class"": 772, ""n_edges"": 5, ""n_intervals"": 6, ""n_vertices"": 6, ""noise_reassigned"": 702, ""placement"": ""quantile"", ""slabs"": [{""k"": 1, ""n"": 145}, {""k"": 1, ""n"": 161}, {""k"": 1, ""n"": 161}, {""k"": 1, ""n"": 161}, {""k"": 1, ""n"": 161}, {""k"": 1, ""n"": 145}]}, {""constant_lens"": false, ""gain"": 0.25, ""lens"": ""pc1"", ""lens_scaling"": ""standardize"", ""min_cluster_size"": 37, ""min_samples"": 5, ""n_class"": 712, ""n_edges"": 5, ""n_intervals"": 6, ""n_vertices"": 7, ""noise_reassigned"": 334, ""placement"": ""quantile"", ""slabs"": [{""k"": 1, ""n"": 134}, {""k"": 1, ""n"": 148}, {""k"": 1, ""n"": 148}, {""k"": 2, ""n"": 148}, {""k"": 1, ""n"": 148}, {""k"": 1, ""n"": 134}]}, {""constant_lens"": false, ""gain"": 0.25, ""lens"": ""pc1"", ""lens_scaling"": ""standardize"", ""min_cluster_size"": 37, ""min_samples"": 5, ""n_class"": 713, ""n_edges"": 5, ""n_intervals"": 6, ""n_vertices"": 6, ""noise_reassigned"": 632, ""placement"": ""quantile"", ""slabs"": [{""k"": 1, ""n"": 134}, {""k"": 1, ""n"": 149}, {""k"": 1, ""n"": 148}, {""k"": 1, ""n"": 148}, {""k"": 1, ""n"": 149}, {""k"": 1, ""n"": 134}]}, {""constant_lens"": false, ""gain"": 0.25, ""lens"": ""pc1"", ""lens_scaling"": ""standardize"", ""min_cluster_size"": 37, ""min_samples"": 5, ""n_class"": 772, ""n_edges"": 5, ""n_intervals"": 6, ""n_vertices"": 6, ""noise_reassigned"": 702, ""placement"": ""quantile"", ""slabs"": [{""k"": 1, ""n"": 145}, {""k"": 1, ""n"": 161}, {""k"": 1, ""n"": 161}, {""k"": 1, ""n"": 161}, {""k"": 1, ""n"": 161}, {""k"": 1, ""n"": 145}]}, {""constant_lens"": false, ""gain"": 0.25, ""lens"": ""pc1"", ""lens_scaling"": ""standardize"", ""min_cluster_size"": 37, ""min_samples"": 5, ""n_class"": 711, ""n_edges"": 5, ""n_intervals"": 6, ""n_vertices"": 6, ""noise_reassigned"": 552, ""placement"": ""uniform"", ""slabs"": [{""k"": 1, ""n"": 156}, {""k"": 1, ""n"": 183}, {""k"": 1, ""n"": 141}, {""k"": 1, ""n"": 86}, {""k"": 1, ""n"": 141}, {""k"": 1, ""n"": 157}]}, {""constant_lens"": false, ""gain"": 0.25, ""lens"": ""pc1"", ""lens_scaling"": ""standardize"", ""min_cluster_size"": 37, ""min_samples"": 5, ""n_class"": 712, ""n_edges"": 5, ""n_intervals"": 6, ""n_vertices"": 6, ""noise_reassigned"": 437, ""placement"": ""quantile"", ""slabs"": [{""k"": 1, ""n"": 134}, {""k"": 1, ""n"": 148}, {""k"": 1, ""n"": 148}, {""k"": 1, ""n"": 148}, {""k"": 1, ""n"": 148}, {""k"": 1, ""n"": 134}]}], ""soundness_bound_holds"": true, ""step_rule"": ""scale_free"", ""topology_retention_nerve_to_frozen"": {""beta0_frozen"": 16, ""beta0_nerve"": 11, ""beta1_frozen"": 1, ""beta1_nerve"": 1}}",True
0.9545454545454546,49,False,0.00495349777598059,0.005,,6.081184000009671,6.081184000009671,0.0,penbased,8,,SPINE+Graph,10,49,1100,9892,0.9950465022240194,2064206382,False,"{""admission"": {""criterion"": ""risk"", ""removed_risk"": 5, ""removed_support"": 0}, ""betti_final"": [[2, 0], [1, 1], [3, 0], [1, 0], [1, 0], [3, 0], [1, 0], [1, 0], [1, 0], [2, 0]], ""betti_frozen"": [[2, 0], [1, 1], [3, 0], [1, 0], [1, 0], [3, 0], [1, 0], [1, 0], [1, 0], [2, 0]], ""betti_nerve"": [[1, 0], [1, 1], [1, 0], [1, 0], [1, 0], [2, 0], [1, 0], [1, 0], [1, 0], [1, 0]], ""boundary_restriction"": ""both"", ""forced_removals"": 0, ""growth_representation_fallbacks"": 0, ""invariant_held"": true, ""n_segments"": 34, ""n_train_fit"": 7419, ""n_val"": 2473, ""phase0"": [{""constant_lens"": false, ""gain"": 0.25, ""lens"": ""pc1"", ""lens_scaling"": ""standardize"", ""min_cluster_size"": 37, ""min_samples"": 5, ""n_class"": 771, ""n_edges"": 5, ""n_intervals"": 6, ""n_vertices"": 6, ""noise_reassigned"": 703, ""placement"": ""quantile"", ""slabs"": [{""k"": 1, ""n"": 145}, {""k"": 1, ""n"": 160}, {""k"": 1, ""n"": 161}, {""k"": 1, ""n"": 161}, {""k"": 1, ""n"": 160}, {""k"": 1, ""n"": 145}]}, {""constant_lens"": false, ""gain"": 0.25, ""lens"": ""pc1"", ""lens_scaling"": ""standardize"", ""min_cluster_size"": 37, ""min_samples"": 5, ""n_class"": 775, ""n_edges"": 7, ""n_intervals"": 6, ""n_vertices"": 7, ""noise_reassigned"": 586, ""placement"": ""quantile"", ""slabs"": [{""k"": 1, ""n"": 146}, {""k"": 1, ""n"": 162}, {""k"": 1, ""n"": 162}, {""k"": 1, ""n"": 162}, {""k"": 2, ""n"": 162}, {""k"": 1, ""n"": 146}]}, {""constant_lens"": false, ""gain"": 0.25, ""lens"": ""pc1"", ""lens_scaling"": ""standardize"", ""min_cluster_size"": 37, ""min_samples"": 5, ""n_class"": 769, ""n_edges"": 5, ""n_intervals"": 6, ""n_vertices"": 6, ""noise_reassigned"": 689, ""placement"": ""quantile"", ""slabs"": [{""k"": 1, ""n"": 145}, {""k"": 1, ""n"": 160}, {""k"": 1, ""n"": 160}, {""k"": 1, ""n"": 160}, {""k"": 1, ""n"": 161}, {""k"": 1, ""n"": 145}]}, {""constant_lens"": false, ""gain"": 0.25, ""lens"": ""pc1"", ""lens_scaling"": ""standardize"", ""min_cluster_size"": 37, ""min_samples"": 5, ""n_class"": 712, ""n_edges"": 5, ""n_intervals"": 6, ""n_vertices"": 6, ""noise_reassigned"": 626, ""placement"": ""quantile"", ""slabs"": [{""k"": 1, ""n"": 134}, {""k"": 1, ""n"": 148}, {""k"": 1, ""n"": 148}, {""k"": 1, ""n"": 148}, {""k"": 1, ""n"": 148}, {""k"": 1, ""n"": 134}]}, {""constant_lens"": false, ""gain"": 0.25, ""lens"": ""pc1"", ""lens_scaling"": ""standardize"", ""min_cluster_size"": 37, ""min_samples"": 5, ""n_class"": 772, ""n_edges"": 5, ""n_intervals"": 6, ""n_vertices"": 6, ""noise_reassigned"": 702, ""placement"": ""quantile"", ""slabs"": [{""k"": 1, ""n"": 145}, {""k"": 1, ""n"": 161}, {""k"": 1, ""n"": 161}, {""k"": 1, ""n"": 161}, {""k"": 1, ""n"": 161}, {""k"": 1, ""n"": 145}]}, {""constant_lens"": false, ""gain"": 0.25, ""lens"": ""pc1"", ""lens_scaling"": ""standardize"", ""min_cluster_size"": 37, ""min_samples"": 5, ""n_class"": 712, ""n_edges"": 5, ""n_intervals"": 6, ""n_vertices"": 7, ""noise_reassigned"": 334, ""placement"": ""quantile"", ""slabs"": [{""k"": 1, ""n"": 134}, {""k"": 1, ""n"": 148}, {""k"": 1, ""n"": 148}, {""k"": 2, ""n"": 148}, {""k"": 1, ""n"": 148}, {""k"": 1, ""n"": 134}]}, {""constant_lens"": false, ""gain"": 0.25, ""lens"": ""pc1"", ""lens_scaling"": ""standardize"", ""min_cluster_size"": 37, ""min_samples"": 5, ""n_class"": 713, ""n_edges"": 5, ""n_intervals"": 6, ""n_vertices"": 6, ""noise_reassigned"": 632, ""placement"": ""quantile"", ""slabs"": [{""k"": 1, ""n"": 134}, {""k"": 1, ""n"": 149}, {""k"": 1, ""n"": 148}, {""k"": 1, ""n"": 148}, {""k"": 1, ""n"": 149}, {""k"": 1, ""n"": 134}]}, {""constant_lens"": false, ""gain"": 0.25, ""lens"": ""pc1"", ""lens_scaling"": ""standardize"", ""min_cluster_size"": 37, ""min_samples"": 5, ""n_class"": 772, ""n_edges"": 5, ""n_intervals"": 6, ""n_vertices"": 6, ""noise_reassigned"": 702, ""placement"": ""quantile"", ""slabs"": [{""k"": 1, ""n"": 145}, {""k"": 1, ""n"": 161}, {""k"": 1, ""n"": 161}, {""k"": 1, ""n"": 161}, {""k"": 1, ""n"": 161}, {""k"": 1, ""n"": 145}]}, {""constant_lens"": false, ""gain"": 0.25, ""lens"": ""pc1"", ""lens_scaling"": ""standardize"", ""min_cluster_size"": 37, ""min_samples"": 5, ""n_class"": 711, ""n_edges"": 5, ""n_intervals"": 6, ""n_vertices"": 6, ""noise_reassigned"": 552, ""placement"": ""uniform"", ""slabs"": [{""k"": 1, ""n"": 156}, {""k"": 1, ""n"": 183}, {""k"": 1, ""n"": 141}, {""k"": 1, ""n"": 86}, {""k"": 1, ""n"": 141}, {""k"": 1, ""n"": 157}]}, {""constant_lens"": false, ""gain"": 0.25, ""lens"": ""pc1"", ""lens_scaling"": ""standardize"", ""min_cluster_size"": 37, ""min_samples"": 5, ""n_class"": 712, ""n_edges"": 5, ""n_intervals"": 6, ""n_vertices"": 6, ""noise_reassigned"": 437, ""placement"": ""quantile"", ""slabs"": [{""k"": 1, ""n"": 134}, {""k"": 1, ""n"": 148}, {""k"": 1, ""n"": 148}, {""k"": 1, ""n"": 148}, {""k"": 1, ""n"": 148}, {""k"": 1, ""n"": 134}]}], ""soundness_bound_holds"": true, ""step_rule"": ""scale_free"", ""topology_retention_nerve_to_frozen"": {""beta0_frozen"": 16, ""beta0_nerve"": 11, ""beta1_frozen"": 1, ""beta1_nerve"": 1}}",True
0.9618181818181818,49,False,0.00495349777598059,0.005,,3.2591820000088774,60.95989600001485,57.70071400000597,penbased,8,"{""epsilon"": 0.1, ""window"": 0.3}",LVQ3,10,49,1100,9892,0.9950465022240194,2064206382,False,,True
0.9472727272727273,49,False,0.00495349777598059,0.005,"{""0"": 5, ""1"": 5, ""2"": 5, ""3"": 5, ""4"": 5, ""5"": 5, ""6"": 5, ""7"": 5, ""8"": 4, ""9"": 5}",1.8226009999925736,1.8226009999925736,0.0,penbased,8,,KMeans,10,49,1100,9892,0.9950465022240194,2064206382,False,,True
0.8445454545454546,49,False,0.00495349777598059,0.005,"{""0"": 5, ""1"": 5, ""2"": 5, ""3"": 5, ""4"": 5, ""5"": 5, ""6"": 5, ""7"": 5, ""8"": 4, ""9"": 5}",0.002609999995911494,0.002609999995911494,0.0,penbased,8,,Random,10,49,1100,9892,0.9950465022240194,2064206382,False,,True
0.9218181818181819,49,False,0.00495349777598059,0.005,,2.5032070000015665,2.5032070000015665,0.0,penbased,8,,SPOT,10,49,1100,9892,0.9950465022240194,2064206382,False,,True
0.9372727272727273,49,False,0.00495349777598059,0.005,,14.996838999999454,14.996838999999454,0.0,penbased,8,,GLVQ,10,49,1100,9892,0.9950465022240194,2064206382,False,,True
0.9445454545454546,49,False,0.00495349777598059,0.005,,1.1880330000130925,1.1880330000130925,0.0,penbased,8,,GNG,10,49,1100,9892,0.9950465022240194,2064206382,False,,True
0.9945454545454545,99,False,0.010008087343307723,0.01,,0.0012379999971017241,0.0012379999971017241,0.0,penbased,8,,Full,10,9892,1100,9892,0.0,2064206382,True,,False
0.9918181818181818,99,False,0.010008087343307723,0.01,,2.684700999991037,2.684700999991037,0.0,penbased,8,,RSP3,10,1059,1100,9892,0.8929437929640114,2064206382,True,,False
0.9854545454545455,99,False,0.010008087343307723,0.01,,1.0312459999986459,1.0312459999986459,0.0,penbased,8,,RHC,10,316,1100,9892,0.9680549939344926,2064206382,True,,False
0.9490909090909091,99,False,0.010008087343307723,0.01,,7.658259999996517,7.658259999996517,0.0,penbased,8,,SPINE+1NN,10,99,1100,9892,0.9899919126566923,2064206382,False,"{""admission"": {""criterion"": ""risk"", ""removed_risk"": 5, ""removed_support"": 0}, ""betti_final"": [[2, 0], [1, 1], [3, 0], [1, 0], [1, 0], [3, 0], [1, 0], [1, 0], [1, 0], [2, 0]], ""betti_frozen"": [[2, 0], [1, 1], [3, 0], [1, 0], [1, 0], [3, 0], [1, 0], [1, 0], [1, 0], [2, 0]], ""betti_nerve"": [[1, 0], [1, 1], [1, 0], [1, 0], [1, 0], [2, 0], [1, 0], [1, 0], [1, 0], [1, 0]], ""boundary_restriction"": ""both"", ""forced_removals"": 0, ""growth_representation_fallbacks"": 5, ""invariant_held"": true, ""n_segments"": 84, ""n_train_fit"": 7419, ""n_val"": 2473, ""phase0"": [{""constant_lens"": false, ""gain"": 0.25, ""lens"": ""pc1"", ""lens_scaling"": ""standardize"", ""min_cluster_size"": 37, ""min_samples"": 5, ""n_class"": 771, ""n_edges"": 5, ""n_intervals"": 6, ""n_vertices"": 6, ""noise_reassigned"": 703, ""placement"": ""quantile"", ""slabs"": [{""k"": 1, ""n"": 145}, {""k"": 1, ""n"": 160}, {""k"": 1, ""n"": 161}, {""k"": 1, ""n"": 161}, {""k"": 1, ""n"": 160}, {""k"": 1, ""n"": 145}]}, {""constant_lens"": false, ""gain"": 0.25, ""lens"": ""pc1"", ""lens_scaling"": ""standardize"", ""min_cluster_size"": 37, ""min_samples"": 5, ""n_class"": 775, ""n_edges"": 7, ""n_intervals"": 6, ""n_vertices"": 7, ""noise_reassigned"": 586, ""placement"": ""quantile"", ""slabs"": [{""k"": 1, ""n"": 146}, {""k"": 1, ""n"": 162}, {""k"": 1, ""n"": 162}, {""k"": 1, ""n"": 162}, {""k"": 2, ""n"": 162}, {""k"": 1, ""n"": 146}]}, {""constant_lens"": false, ""gain"": 0.25, ""lens"": ""pc1"", ""lens_scaling"": ""standardize"", ""min_cluster_size"": 37, ""min_samples"": 5, ""n_class"": 769, ""n_edges"": 5, ""n_intervals"": 6, ""n_vertices"": 6, ""noise_reassigned"": 689, ""placement"": ""quantile"", ""slabs"": [{""k"": 1, ""n"": 145}, {""k"": 1, ""n"": 160}, {""k"": 1, ""n"": 160}, {""k"": 1, ""n"": 160}, {""k"": 1, ""n"": 161}, {""k"": 1, ""n"": 145}]}, {""constant_lens"": false, ""gain"": 0.25, ""lens"": ""pc1"", ""lens_scaling"": ""standardize"", ""min_cluster_size"": 37, ""min_samples"": 5, ""n_class"": 712, ""n_edges"": 5, ""n_intervals"": 6, ""n_vertices"": 6, ""noise_reassigned"": 626, ""placement"": ""quantile"", ""slabs"": [{""k"": 1, ""n"": 134}, {""k"": 1, ""n"": 148}, {""k"": 1, ""n"": 148}, {""k"": 1, ""n"": 148}, {""k"": 1, ""n"": 148}, {""k"": 1, ""n"": 134}]}, {""constant_lens"": false, ""gain"": 0.25, ""lens"": ""pc1"", ""lens_scaling"": ""standardize"", ""min_cluster_size"": 37, ""min_samples"": 5, ""n_class"": 772, ""n_edges"": 5, ""n_intervals"": 6, ""n_vertices"": 6, ""noise_reassigned"": 702, ""placement"": ""quantile"", ""slabs"": [{""k"": 1, ""n"": 145}, {""k"": 1, ""n"": 161}, {""k"": 1, ""n"": 161}, {""k"": 1, ""n"": 161}, {""k"": 1, ""n"": 161}, {""k"": 1, ""n"": 145}]}, {""constant_lens"": false, ""gain"": 0.25, ""lens"": ""pc1"", ""lens_scaling"": ""standardize"", ""min_cluster_size"": 37, ""min_samples"": 5, ""n_class"": 712, ""n_edges"": 5, ""n_intervals"": 6, ""n_vertices"": 7, ""noise_reassigned"": 334, ""placement"": ""quantile"", ""slabs"": [{""k"": 1, ""n"": 134}, {""k"": 1, ""n"": 148}, {""k"": 1, ""n"": 148}, {""k"": 2, ""n"": 148}, {""k"": 1, ""n"": 148}, {""k"": 1, ""n"": 134}]}, {""constant_lens"": false, ""gain"": 0.25, ""lens"": ""pc1"", ""lens_scaling"": ""standardize"", ""min_cluster_size"": 37, ""min_samples"": 5, ""n_class"": 713, ""n_edges"": 5, ""n_intervals"": 6, ""n_vertices"": 6, ""noise_reassigned"": 632, ""placement"": ""quantile"", ""slabs"": [{""k"": 1, ""n"": 134}, {""k"": 1, ""n"": 149}, {""k"": 1, ""n"": 148}, {""k"": 1, ""n"": 148}, {""k"": 1, ""n"": 149}, {""k"": 1, ""n"": 134}]}, {""constant_lens"": false, ""gain"": 0.25, ""lens"": ""pc1"", ""lens_scaling"": ""standardize"", ""min_cluster_size"": 37, ""min_samples"": 5, ""n_class"": 772, ""n_edges"": 5, ""n_intervals"": 6, ""n_vertices"": 6, ""noise_reassigned"": 702, ""placement"": ""quantile"", ""slabs"": [{""k"": 1, ""n"": 145}, {""k"": 1, ""n"": 161}, {""k"": 1, ""n"": 161}, {""k"": 1, ""n"": 161}, {""k"": 1, ""n"": 161}, {""k"": 1, ""n"": 145}]}, {""constant_lens"": false, ""gain"": 0.25, ""lens"": ""pc1"", ""lens_scaling"": ""standardize"", ""min_cluster_size"": 37, ""min_samples"": 5, ""n_class"": 711, ""n_edges"": 5, ""n_intervals"": 6, ""n_vertices"": 6, ""noise_reassigned"": 552, ""placement"": ""uniform"", ""slabs"": [{""k"": 1, ""n"": 156}, {""k"": 1, ""n"": 183}, {""k"": 1, ""n"": 141}, {""k"": 1, ""n"": 86}, {""k"": 1, ""n"": 141}, {""k"": 1, ""n"": 157}]}, {""constant_lens"": false, ""gain"": 0.25, ""lens"": ""pc1"", ""lens_scaling"": ""standardize"", ""min_cluster_size"": 37, ""min_samples"": 5, ""n_class"": 712, ""n_edges"": 5, ""n_intervals"": 6, ""n_vertices"": 6, ""noise_reassigned"": 437, ""placement"": ""quantile"", ""slabs"": [{""k"": 1, ""n"": 134}, {""k"": 1, ""n"": 148}, {""k"": 1, ""n"": 148}, {""k"": 1, ""n"": 148}, {""k"": 1, ""n"": 148}, {""k"": 1, ""n"": 134}]}], ""soundness_bound_holds"": true, ""step_rule"": ""scale_free"", ""topology_retention_nerve_to_frozen"": {""beta0_frozen"": 16, ""beta0_nerve"": 11, ""beta1_frozen"": 1, ""beta1_nerve"": 1}}",True
0.9663636363636363,99,False,0.010008087343307723,0.01,,7.658259999996517,7.658259999996517,0.0,penbased,8,,SPINE+Graph,10,99,1100,9892,0.9899919126566923,2064206382,False,"{""admission"": {""criterion"": ""risk"", ""removed_risk"": 5, ""removed_support"": 0}, ""betti_final"": [[2, 0], [1, 1], [3, 0], [1, 0], [1, 0], [3, 0], [1, 0], [1, 0], [1, 0], [2, 0]], ""betti_frozen"": [[2, 0], [1, 1], [3, 0], [1, 0], [1, 0], [3, 0], [1, 0], [1, 0], [1, 0], [2, 0]], ""betti_nerve"": [[1, 0], [1, 1], [1, 0], [1, 0], [1, 0], [2, 0], [1, 0], [1, 0], [1, 0], [1, 0]], ""boundary_restriction"": ""both"", ""forced_removals"": 0, ""growth_representation_fallbacks"": 5, ""invariant_held"": true, ""n_segments"": 84, ""n_train_fit"": 7419, ""n_val"": 2473, ""phase0"": [{""constant_lens"": false, ""gain"": 0.25, ""lens"": ""pc1"", ""lens_scaling"": ""standardize"", ""min_cluster_size"": 37, ""min_samples"": 5, ""n_class"": 771, ""n_edges"": 5, ""n_intervals"": 6, ""n_vertices"": 6, ""noise_reassigned"": 703, ""placement"": ""quantile"", ""slabs"": [{""k"": 1, ""n"": 145}, {""k"": 1, ""n"": 160}, {""k"": 1, ""n"": 161}, {""k"": 1, ""n"": 161}, {""k"": 1, ""n"": 160}, {""k"": 1, ""n"": 145}]}, {""constant_lens"": false, ""gain"": 0.25, ""lens"": ""pc1"", ""lens_scaling"": ""standardize"", ""min_cluster_size"": 37, ""min_samples"": 5, ""n_class"": 775, ""n_edges"": 7, ""n_intervals"": 6, ""n_vertices"": 7, ""noise_reassigned"": 586, ""placement"": ""quantile"", ""slabs"": [{""k"": 1, ""n"": 146}, {""k"": 1, ""n"": 162}, {""k"": 1, ""n"": 162}, {""k"": 1, ""n"": 162}, {""k"": 2, ""n"": 162}, {""k"": 1, ""n"": 146}]}, {""constant_lens"": false, ""gain"": 0.25, ""lens"": ""pc1"", ""lens_scaling"": ""standardize"", ""min_cluster_size"": 37, ""min_samples"": 5, ""n_class"": 769, ""n_edges"": 5, ""n_intervals"": 6, ""n_vertices"": 6, ""noise_reassigned"": 689, ""placement"": ""quantile"", ""slabs"": [{""k"": 1, ""n"": 145}, {""k"": 1, ""n"": 160}, {""k"": 1, ""n"": 160}, {""k"": 1, ""n"": 160}, {""k"": 1, ""n"": 161}, {""k"": 1, ""n"": 145}]}, {""constant_lens"": false, ""gain"": 0.25, ""lens"": ""pc1"", ""lens_scaling"": ""standardize"", ""min_cluster_size"": 37, ""min_samples"": 5, ""n_class"": 712, ""n_edges"": 5, ""n_intervals"": 6, ""n_vertices"": 6, ""noise_reassigned"": 626, ""placement"": ""quantile"", ""slabs"": [{""k"": 1, ""n"": 134}, {""k"": 1, ""n"": 148}, {""k"": 1, ""n"": 148}, {""k"": 1, ""n"": 148}, {""k"": 1, ""n"": 148}, {""k"": 1, ""n"": 134}]}, {""constant_lens"": false, ""gain"": 0.25, ""lens"": ""pc1"", ""lens_scaling"": ""standardize"", ""min_cluster_size"": 37, ""min_samples"": 5, ""n_class"": 772, ""n_edges"": 5, ""n_intervals"": 6, ""n_vertices"": 6, ""noise_reassigned"": 702, ""placement"": ""quantile"", ""slabs"": [{""k"": 1, ""n"": 145}, {""k"": 1, ""n"": 161}, {""k"": 1, ""n"": 161}, {""k"": 1, ""n"": 161}, {""k"": 1, ""n"": 161}, {""k"": 1, ""n"": 145}]}, {""constant_lens"": false, ""gain"": 0.25, ""lens"": ""pc1"", ""lens_scaling"": ""standardize"", ""min_cluster_size"": 37, ""min_samples"": 5, ""n_class"": 712, ""n_edges"": 5, ""n_intervals"": 6, ""n_vertices"": 7, ""noise_reassigned"": 334, ""placement"": ""quantile"", ""slabs"": [{""k"": 1, ""n"": 134}, {""k"": 1, ""n"": 148}, {""k"": 1, ""n"": 148}, {""k"": 2, ""n"": 148}, {""k"": 1, ""n"": 148}, {""k"": 1, ""n"": 134}]}, {""constant_lens"": false, ""gain"": 0.25, ""lens"": ""pc1"", ""lens_scaling"": ""standardize"", ""min_cluster_size"": 37, ""min_samples"": 5, ""n_class"": 713, ""n_edges"": 5, ""n_intervals"": 6, ""n_vertices"": 6, ""noise_reassigned"": 632, ""placement"": ""quantile"", ""slabs"": [{""k"": 1, ""n"": 134}, {""k"": 1, ""n"": 149}, {""k"": 1, ""n"": 148}, {""k"": 1, ""n"": 148}, {""k"": 1, ""n"": 149}, {""k"": 1, ""n"": 134}]}, {""constant_lens"": false, ""gain"": 0.25, ""lens"": ""pc1"", ""lens_scaling"": ""standardize"", ""min_cluster_size"": 37, ""min_samples"": 5, ""n_class"": 772, ""n_edges"": 5, ""n_intervals"": 6, ""n_vertices"": 6, ""noise_reassigned"": 702, ""placement"": ""quantile"", ""slabs"": [{""k"": 1, ""n"": 145}, {""k"": 1, ""n"": 161}, {""k"": 1, ""n"": 161}, {""k"": 1, ""n"": 161}, {""k"": 1, ""n"": 161}, {""k"": 1, ""n"": 145}]}, {""constant_lens"": false, ""gain"": 0.25, ""lens"": ""pc1"", ""lens_scaling"": ""standardize"", ""min_cluster_size"": 37, ""min_samples"": 5, ""n_class"": 711, ""n_edges"": 5, ""n_intervals"": 6, ""n_vertices"": 6, ""noise_reassigned"": 552, ""placement"": ""uniform"", ""slabs"": [{""k"": 1, ""n"": 156}, {""k"": 1, ""n"": 183}, {""k"": 1, ""n"": 141}, {""k"": 1, ""n"": 86}, {""k"": 1, ""n"": 141}, {""k"": 1, ""n"": 157}]}, {""constant_lens"": false, ""gain"": 0.25, ""lens"": ""pc1"", ""lens_scaling"": ""standardize"", ""min_cluster_size"": 37, ""min_samples"": 5, ""n_class"": 712, ""n_edges"": 5, ""n_intervals"": 6, ""n_vertices"": 6, ""noise_reassigned"": 437, ""placement"": ""quantile"", ""slabs"": [{""k"": 1, ""n"": 134}, {""k"": 1, ""n"": 148}, {""k"": 1, ""n"": 148}, {""k"": 1, ""n"": 148}, {""k"": 1, ""n"": 148}, {""k"": 1, ""n"": 134}]}], ""soundness_bound_holds"": true, ""step_rule"": ""scale_free"", ""topology_retention_nerve_to_frozen"": {""beta0_frozen"": 16, ""beta0_nerve"": 11, ""beta1_frozen"": 1, ""beta1_nerve"": 1}}",True
0.9681818181818181,99,False,0.010008087343307723,0.01,,3.705629999982193,68.1665229999926,64.4608930000104,penbased,8,"{""epsilon"": 0.1, ""window"": 0.2}",LVQ3,10,99,1100,9892,0.9899919126566923,2064206382,False,,True
0.9727272727272728,99,False,0.010008087343307723,0.01,"{""0"": 10, ""1"": 10, ""2"": 10, ""3"": 10, ""4"": 10, ""5"": 10, ""6"": 10, ""7"": 10, ""8"": 9, ""9"": 10}",2.21546199999284,2.21546199999284,0.0,penbased,8,,KMeans,10,99,1100,9892,0.9899919126566923,2064206382,False,,True
0.9036363636363637,99,False,0.010008087343307723,0.01,"{""0"": 10, ""1"": 10, ""2"": 10, ""3"": 10, ""4"": 10, ""5"": 10, ""6"": 10, ""7"": 10, ""8"": 9, ""9"": 10}",0.0026209999923594296,0.0026209999923594296,0.0,penbased,8,,Random,10,99,1100,9892,0.9899919126566923,2064206382,False,,True
0.9681818181818181,99,False,0.010008087343307723,0.01,,2.619901999976719,2.619901999976719,0.0,penbased,8,,SPOT,10,99,1100,9892,0.9899919126566923,2064206382,False,,True
0.9363636363636364,99,False,0.010008087343307723,0.01,,25.18141999997897,25.18141999997897,0.0,penbased,8,,GLVQ,10,99,1100,9892,0.9899919126566923,2064206382,False,,True
0.97,99,False,0.010008087343307723,0.01,,1.7265689999912865,1.7265689999912865,0.0,penbased,8,,GNG,10,99,1100,9892,0.9899919126566923,2064206382,False,,True
0.9945454545454545,198,False,0.020016174686615446,0.02,,0.0012379999971017241,0.0012379999971017241,0.0,penbased,8,,Full,10,9892,1100,9892,0.0,2064206382,True,,False
0.9918181818181818,198,False,0.020016174686615446,0.02,,2.684700999991037,2.684700999991037,0.0,penbased,8,,RSP3,10,1059,1100,9892,0.8929437929640114,2064206382,True,,False
0.9854545454545455,198,False,0.020016174686615446,0.02,,1.0312459999986459,1.0312459999986459,0.0,penbased,8,,RHC,10,316,1100,9892,0.9680549939344926,2064206382,True,,False
0.97,198,False,0.020016174686615446,0.02,,9.460206999996444,9.460206999996444,0.0,penbased,8,,SPINE+1NN,10,198,1100,9892,0.9799838253133846,2064206382,False,"{""admission"": {""criterion"": ""risk"", ""removed_risk"": 5, ""removed_support"": 0}, ""betti_final"": [[2, 0], [1, 1], [3, 0], [1, 0], [1, 0], [3, 0], [1, 0], [1, 0], [1, 0], [2, 0]], ""betti_frozen"": [[2, 0], [1, 1], [3, 0], [1, 0], [1, 0], [3, 0], [1, 0], [1, 0], [1, 0], [2, 0]], ""betti_nerve"": [[1, 0], [1, 1], [1, 0], [1, 0], [1, 0], [2, 0], [1, 0], [1, 0], [1, 0], [1, 0]], ""boundary_restriction"": ""both"", ""forced_removals"": 0, ""growth_representation_fallbacks"": 57, ""invariant_held"": true, ""n_segments"": 183, ""n_train_fit"": 7419, ""n_val"": 2473, ""phase0"": [{""constant_lens"": false, ""gain"": 0.25, ""lens"": ""pc1"", ""lens_scaling"": ""standardize"", ""min_cluster_size"": 37, ""min_samples"": 5, ""n_class"": 771, ""n_edges"": 5, ""n_intervals"": 6, ""n_vertices"": 6, ""noise_reassigned"": 703, ""placement"": ""quantile"", ""slabs"": [{""k"": 1, ""n"": 145}, {""k"": 1, ""n"": 160}, {""k"": 1, ""n"": 161}, {""k"": 1, ""n"": 161}, {""k"": 1, ""n"": 160}, {""k"": 1, ""n"": 145}]}, {""constant_lens"": false, ""gain"": 0.25, ""lens"": ""pc1"", ""lens_scaling"": ""standardize"", ""min_cluster_size"": 37, ""min_samples"": 5, ""n_class"": 775, ""n_edges"": 7, ""n_intervals"": 6, ""n_vertices"": 7, ""noise_reassigned"": 586, ""placement"": ""quantile"", ""slabs"": [{""k"": 1, ""n"": 146}, {""k"": 1, ""n"": 162}, {""k"": 1, ""n"": 162}, {""k"": 1, ""n"": 162}, {""k"": 2, ""n"": 162}, {""k"": 1, ""n"": 146}]}, {""constant_lens"": false, ""gain"": 0.25, ""lens"": ""pc1"", ""lens_scaling"": ""standardize"", ""min_cluster_size"": 37, ""min_samples"": 5, ""n_class"": 769, ""n_edges"": 5, ""n_intervals"": 6, ""n_vertices"": 6, ""noise_reassigned"": 689, ""placement"": ""quantile"", ""slabs"": [{""k"": 1, ""n"": 145}, {""k"": 1, ""n"": 160}, {""k"": 1, ""n"": 160}, {""k"": 1, ""n"": 160}, {""k"": 1, ""n"": 161}, {""k"": 1, ""n"": 145}]}, {""constant_lens"": false, ""gain"": 0.25, ""lens"": ""pc1"", ""lens_scaling"": ""standardize"", ""min_cluster_size"": 37, ""min_samples"": 5, ""n_class"": 712, ""n_edges"": 5, ""n_intervals"": 6, ""n_vertices"": 6, ""noise_reassigned"": 626, ""placement"": ""quantile"", ""slabs"": [{""k"": 1, ""n"": 134}, {""k"": 1, ""n"": 148}, {""k"": 1, ""n"": 148}, {""k"": 1, ""n"": 148}, {""k"": 1, ""n"": 148}, {""k"": 1, ""n"": 134}]}, {""constant_lens"": false, ""gain"": 0.25, ""lens"": ""pc1"", ""lens_scaling"": ""standardize"", ""min_cluster_size"": 37, ""min_samples"": 5, ""n_class"": 772, ""n_edges"": 5, ""n_intervals"": 6, ""n_vertices"": 6, ""noise_reassigned"": 702, ""placement"": ""quantile"", ""slabs"": [{""k"": 1, ""n"": 145}, {""k"": 1, ""n"": 161}, {""k"": 1, ""n"": 161}, {""k"": 1, ""n"": 161}, {""k"": 1, ""n"": 161}, {""k"": 1, ""n"": 145}]}, {""constant_lens"": false, ""gain"": 0.25, ""lens"": ""pc1"", ""lens_scaling"": ""standardize"", ""min_cluster_size"": 37, ""min_samples"": 5, ""n_class"": 712, ""n_edges"": 5, ""n_intervals"": 6, ""n_vertices"": 7, ""noise_reassigned"": 334, ""placement"": ""quantile"", ""slabs"": [{""k"": 1, ""n"": 134}, {""k"": 1, ""n"": 148}, {""k"": 1, ""n"": 148}, {""k"": 2, ""n"": 148}, {""k"": 1, ""n"": 148}, {""k"": 1, ""n"": 134}]}, {""constant_lens"": false, ""gain"": 0.25, ""lens"": ""pc1"", ""lens_scaling"": ""standardize"", ""min_cluster_size"": 37, ""min_samples"": 5, ""n_class"": 713, ""n_edges"": 5, ""n_intervals"": 6, ""n_vertices"": 6, ""noise_reassigned"": 632, ""placement"": ""quantile"", ""slabs"": [{""k"": 1, ""n"": 134}, {""k"": 1, ""n"": 149}, {""k"": 1, ""n"": 148}, {""k"": 1, ""n"": 148}, {""k"": 1, ""n"": 149}, {""k"": 1, ""n"": 134}]}, {""constant_lens"": false, ""gain"": 0.25, ""lens"": ""pc1"", ""lens_scaling"": ""standardize"", ""min_cluster_size"": 37, ""min_samples"": 5, ""n_class"": 772, ""n_edges"": 5, ""n_intervals"": 6, ""n_vertices"": 6, ""noise_reassigned"": 702, ""placement"": ""quantile"", ""slabs"": [{""k"": 1, ""n"": 145}, {""k"": 1, ""n"": 161}, {""k"": 1, ""n"": 161}, {""k"": 1, ""n"": 161}, {""k"": 1, ""n"": 161}, {""k"": 1, ""n"": 145}]}, {""constant_lens"": false, ""gain"": 0.25, ""lens"": ""pc1"", ""lens_scaling"": ""standardize"", ""min_cluster_size"": 37, ""min_samples"": 5, ""n_class"": 711, ""n_edges"": 5, ""n_intervals"": 6, ""n_vertices"": 6, ""noise_reassigned"": 552, ""placement"": ""uniform"", ""slabs"": [{""k"": 1, ""n"": 156}, {""k"": 1, ""n"": 183}, {""k"": 1, ""n"": 141}, {""k"": 1, ""n"": 86}, {""k"": 1, ""n"": 141}, {""k"": 1, ""n"": 157}]}, {""constant_lens"": false, ""gain"": 0.25, ""lens"": ""pc1"", ""lens_scaling"": ""standardize"", ""min_cluster_size"": 37, ""min_samples"": 5, ""n_class"": 712, ""n_edges"": 5, ""n_intervals"": 6, ""n_vertices"": 6, ""noise_reassigned"": 437, ""placement"": ""quantile"", ""slabs"": [{""k"": 1, ""n"": 134}, {""k"": 1, ""n"": 148}, {""k"": 1, ""n"": 148}, {""k"": 1, ""n"": 148}, {""k"": 1, ""n"": 148}, {""k"": 1, ""n"": 134}]}], ""soundness_bound_holds"": true, ""step_rule"": ""scale_free"", ""topology_retention_nerve_to_frozen"": {""beta0_frozen"": 16, ""beta0_nerve"": 11, ""beta1_frozen"": 1, ""beta1_nerve"": 1}}",True
0.9718181818181818,198,False,0.020016174686615446,0.02,,9.460206999996444,9.460206999996444,0.0,penbased,8,,SPINE+Graph,10,198,1100,9892,0.9799838253133846,2064206382,False,"{""admission"": {""criterion"": ""risk"", ""removed_risk"": 5, ""removed_support"": 0}, ""betti_final"": [[2, 0], [1, 1], [3, 0], [1, 0], [1, 0], [3, 0], [1, 0], [1, 0], [1, 0], [2, 0]], ""betti_frozen"": [[2, 0], [1, 1], [3, 0], [1, 0], [1, 0], [3, 0], [1, 0], [1, 0], [1, 0], [2, 0]], ""betti_nerve"": [[1, 0], [1, 1], [1, 0], [1, 0], [1, 0], [2, 0], [1, 0], [1, 0], [1, 0], [1, 0]], ""boundary_restriction"": ""both"", ""forced_removals"": 0, ""growth_representation_fallbacks"": 57, ""invariant_held"": true, ""n_segments"": 183, ""n_train_fit"": 7419, ""n_val"": 2473, ""phase0"": [{""constant_lens"": false, ""gain"": 0.25, ""lens"": ""pc1"", ""lens_scaling"": ""standardize"", ""min_cluster_size"": 37, ""min_samples"": 5, ""n_class"": 771, ""n_edges"": 5, ""n_intervals"": 6, ""n_vertices"": 6, ""noise_reassigned"": 703, ""placement"": ""quantile"", ""slabs"": [{""k"": 1, ""n"": 145}, {""k"": 1, ""n"": 160}, {""k"": 1, ""n"": 161}, {""k"": 1, ""n"": 161}, {""k"": 1, ""n"": 160}, {""k"": 1, ""n"": 145}]}, {""constant_lens"": false, ""gain"": 0.25, ""lens"": ""pc1"", ""lens_scaling"": ""standardize"", ""min_cluster_size"": 37, ""min_samples"": 5, ""n_class"": 775, ""n_edges"": 7, ""n_intervals"": 6, ""n_vertices"": 7, ""noise_reassigned"": 586, ""placement"": ""quantile"", ""slabs"": [{""k"": 1, ""n"": 146}, {""k"": 1, ""n"": 162}, {""k"": 1, ""n"": 162}, {""k"": 1, ""n"": 162}, {""k"": 2, ""n"": 162}, {""k"": 1, ""n"": 146}]}, {""constant_lens"": false, ""gain"": 0.25, ""lens"": ""pc1"", ""lens_scaling"": ""standardize"", ""min_cluster_size"": 37, ""min_samples"": 5, ""n_class"": 769, ""n_edges"": 5, ""n_intervals"": 6, ""n_vertices"": 6, ""noise_reassigned"": 689, ""placement"": ""quantile"", ""slabs"": [{""k"": 1, ""n"": 145}, {""k"": 1, ""n"": 160}, {""k"": 1, ""n"": 160}, {""k"": 1, ""n"": 160}, {""k"": 1, ""n"": 161}, {""k"": 1, ""n"": 145}]}, {""constant_lens"": false, ""gain"": 0.25, ""lens"": ""pc1"", ""lens_scaling"": ""standardize"", ""min_cluster_size"": 37, ""min_samples"": 5, ""n_class"": 712, ""n_edges"": 5, ""n_intervals"": 6, ""n_vertices"": 6, ""noise_reassigned"": 626, ""placement"": ""quantile"", ""slabs"": [{""k"": 1, ""n"": 134}, {""k"": 1, ""n"": 148}, {""k"": 1, ""n"": 148}, {""k"": 1, ""n"": 148}, {""k"": 1, ""n"": 148}, {""k"": 1, ""n"": 134}]}, {""constant_lens"": false, ""gain"": 0.25, ""lens"": ""pc1"", ""lens_scaling"": ""standardize"", ""min_cluster_size"": 37, ""min_samples"": 5, ""n_class"": 772, ""n_edges"": 5, ""n_intervals"": 6, ""n_vertices"": 6, ""noise_reassigned"": 702, ""placement"": ""quantile"", ""slabs"": [{""k"": 1, ""n"": 145}, {""k"": 1, ""n"": 161}, {""k"": 1, ""n"": 161}, {""k"": 1, ""n"": 161}, {""k"": 1, ""n"": 161}, {""k"": 1, ""n"": 145}]}, {""constant_lens"": false, ""gain"": 0.25, ""lens"": ""pc1"", ""lens_scaling"": ""standardize"", ""min_cluster_size"": 37, ""min_samples"": 5, ""n_class"": 712, ""n_edges"": 5, ""n_intervals"": 6, ""n_vertices"": 7, ""noise_reassigned"": 334, ""placement"": ""quantile"", ""slabs"": [{""k"": 1, ""n"": 134}, {""k"": 1, ""n"": 148}, {""k"": 1, ""n"": 148}, {""k"": 2, ""n"": 148}, {""k"": 1, ""n"": 148}, {""k"": 1, ""n"": 134}]}, {""constant_lens"": false, ""gain"": 0.25, ""lens"": ""pc1"", ""lens_scaling"": ""standardize"", ""min_cluster_size"": 37, ""min_samples"": 5, ""n_class"": 713, ""n_edges"": 5, ""n_intervals"": 6, ""n_vertices"": 6, ""noise_reassigned"": 632, ""placement"": ""quantile"", ""slabs"": [{""k"": 1, ""n"": 134}, {""k"": 1, ""n"": 149}, {""k"": 1, ""n"": 148}, {""k"": 1, ""n"": 148}, {""k"": 1, ""n"": 149}, {""k"": 1, ""n"": 134}]}, {""constant_lens"": false, ""gain"": 0.25, ""lens"": ""pc1"", ""lens_scaling"": ""standardize"", ""min_cluster_size"": 37, ""min_samples"": 5, ""n_class"": 772, ""n_edges"": 5, ""n_intervals"": 6, ""n_vertices"": 6, ""noise_reassigned"": 702, ""placement"": ""quantile"", ""slabs"": [{""k"": 1, ""n"": 145}, {""k"": 1, ""n"": 161}, {""k"": 1, ""n"": 161}, {""k"": 1, ""n"": 161}, {""k"": 1, ""n"": 161}, {""k"": 1, ""n"": 145}]}, {""constant_lens"": false, ""gain"": 0.25, ""lens"": ""pc1"", ""lens_scaling"": ""standardize"", ""min_cluster_size"": 37, ""min_samples"": 5, ""n_class"": 711, ""n_edges"": 5, ""n_intervals"": 6, ""n_vertices"": 6, ""noise_reassigned"": 552, ""placement"": ""uniform"", ""slabs"": [{""k"": 1, ""n"": 156}, {""k"": 1, ""n"": 183}, {""k"": 1, ""n"": 141}, {""k"": 1, ""n"": 86}, {""k"": 1, ""n"": 141}, {""k"": 1, ""n"": 157}]}, {""constant_lens"": false, ""gain"": 0.25, ""lens"": ""pc1"", ""lens_scaling"": ""standardize"", ""min_cluster_size"": 37, ""min_samples"": 5, ""n_class"": 712, ""n_edges"": 5, ""n_intervals"": 6, ""n_vertices"": 6, ""noise_reassigned"": 437, ""placement"": ""quantile"", ""slabs"": [{""k"": 1, ""n"": 134}, {""k"": 1, ""n"": 148}, {""k"": 1, ""n"": 148}, {""k"": 1, ""n"": 148}, {""k"": 1, ""n"": 148}, {""k"": 1, ""n"": 134}]}], ""soundness_bound_holds"": true, ""step_rule"": ""scale_free"", ""topology_retention_nerve_to_frozen"": {""beta0_frozen"": 16, ""beta0_nerve"": 11, ""beta1_frozen"": 1, ""beta1_nerve"": 1}}",True
0.9836363636363636,198,False,0.020016174686615446,0.02,,4.958225999987917,84.93786400000681,79.9796380000189,penbased,8,"{""epsilon"": 0.1, ""window"": 0.3}",LVQ3,10,198,1100,9892,0.9799838253133846,2064206382,False,,True
0.980909090909091,198,False,0.020016174686615446,0.02,"{""0"": 20, ""1"": 21, ""2"": 20, ""3"": 19, ""4"": 21, ""5"": 19, ""6"": 19, ""7"": 21, ""8"": 19, ""9"": 19}",3.627416999981506,3.627416999981506,0.0,penbased,8,,KMeans,10,198,1100,9892,0.9799838253133846,2064206382,False,,True
0.9281818181818182,198,False,0.020016174686615446,0.02,"{""0"": 20, ""1"": 21, ""2"": 20, ""3"": 19, ""4"": 21, ""5"": 19, ""6"": 19, ""7"": 21, ""8"": 19, ""9"": 19}",0.00281499998527579,0.00281499998527579,0.0,penbased,8,,Random,10,198,1100,9892,0.9799838253133846,2064206382,False,,True
0.9736363636363636,198,False,0.020016174686615446,0.02,,2.829933000000892,2.829933000000892,0.0,penbased,8,,SPOT,10,198,1100,9892,0.9799838253133846,2064206382,False,,True
0.9336363636363636,198,False,0.020016174686615446,0.02,,45.64599299998372,45.64599299998372,0.0,penbased,8,,GLVQ,10,198,1100,9892,0.9799838253133846,2064206382,False,,True
0.980909090909091,198,False,0.020016174686615446,0.02,,2.340898999973433,2.340898999973433,0.0,penbased,8,,GNG,10,198,1100,9892,0.9799838253133846,2064206382,False,,True
0.9945454545454545,495,False,0.050040436716538614,0.05,,0.0012379999971017241,0.0012379999971017241,0.0,penbased,8,,Full,10,9892,1100,9892,0.0,2064206382,True,,False
0.9918181818181818,495,False,0.050040436716538614,0.05,,2.684700999991037,2.684700999991037,0.0,penbased,8,,RSP3,10,1059,1100,9892,0.8929437929640114,2064206382,True,,False
0.9854545454545455,495,False,0.050040436716538614,0.05,,1.0312459999986459,1.0312459999986459,0.0,penbased,8,,RHC,10,316,1100,9892,0.9680549939344926,2064206382,True,,False
0.9781818181818182,495,False,0.050040436716538614,0.05,,12.410587999998825,12.410587999998825,0.0,penbased,8,,SPINE+1NN,10,495,1100,9892,0.9499595632834614,2064206382,False,"{""admission"": {""criterion"": ""risk"", ""removed_risk"": 5, ""removed_support"": 0}, ""betti_final"": [[2, 0], [1, 1], [3, 0], [1, 0], [1, 0], [3, 0], [1, 0], [1, 0], [1, 0], [2, 0]], ""betti_frozen"": [[2, 0], [1, 1], [3, 0], [1, 0], [1, 0], [3, 0], [1, 0], [1, 0], [1, 0], [2, 0]], ""betti_nerve"": [[1, 0], [1, 1], [1, 0], [1, 0], [1, 0], [2, 0], [1, 0], [1, 0], [1, 0], [1, 0]], ""boundary_restriction"": ""both"", ""forced_removals"": 0, ""growth_representation_fallbacks"": 399, ""invariant_held"": true, ""n_segments"": 480, ""n_train_fit"": 7419, ""n_val"": 2473, ""phase0"": [{""constant_lens"": false, ""gain"": 0.25, ""lens"": ""pc1"", ""lens_scaling"": ""standardize"", ""min_cluster_size"": 37, ""min_samples"": 5, ""n_class"": 771, ""n_edges"": 5, ""n_intervals"": 6, ""n_vertices"": 6, ""noise_reassigned"": 703, ""placement"": ""quantile"", ""slabs"": [{""k"": 1, ""n"": 145}, {""k"": 1, ""n"": 160}, {""k"": 1, ""n"": 161}, {""k"": 1, ""n"": 161}, {""k"": 1, ""n"": 160}, {""k"": 1, ""n"": 145}]}, {""constant_lens"": false, ""gain"": 0.25, ""lens"": ""pc1"", ""lens_scaling"": ""standardize"", ""min_cluster_size"": 37, ""min_samples"": 5, ""n_class"": 775, ""n_edges"": 7, ""n_intervals"": 6, ""n_vertices"": 7, ""noise_reassigned"": 586, ""placement"": ""quantile"", ""slabs"": [{""k"": 1, ""n"": 146}, {""k"": 1, ""n"": 162}, {""k"": 1, ""n"": 162}, {""k"": 1, ""n"": 162}, {""k"": 2, ""n"": 162}, {""k"": 1, ""n"": 146}]}, {""constant_lens"": false, ""gain"": 0.25, ""lens"": ""pc1"", ""lens_scaling"": ""standardize"", ""min_cluster_size"": 37, ""min_samples"": 5, ""n_class"": 769, ""n_edges"": 5, ""n_intervals"": 6, ""n_vertices"": 6, ""noise_reassigned"": 689, ""placement"": ""quantile"", ""slabs"": [{""k"": 1, ""n"": 145}, {""k"": 1, ""n"": 160}, {""k"": 1, ""n"": 160}, {""k"": 1, ""n"": 160}, {""k"": 1, ""n"": 161}, {""k"": 1, ""n"": 145}]}, {""constant_lens"": false, ""gain"": 0.25, ""lens"": ""pc1"", ""lens_scaling"": ""standardize"", ""min_cluster_size"": 37, ""min_samples"": 5, ""n_class"": 712, ""n_edges"": 5, ""n_intervals"": 6, ""n_vertices"": 6, ""noise_reassigned"": 626, ""placement"": ""quantile"", ""slabs"": [{""k"": 1, ""n"": 134}, {""k"": 1, ""n"": 148}, {""k"": 1, ""n"": 148}, {""k"": 1, ""n"": 148}, {""k"": 1, ""n"": 148}, {""k"": 1, ""n"": 134}]}, {""constant_lens"": false, ""gain"": 0.25, ""lens"": ""pc1"", ""lens_scaling"": ""standardize"", ""min_cluster_size"": 37, ""min_samples"": 5, ""n_class"": 772, ""n_edges"": 5, ""n_intervals"": 6, ""n_vertices"": 6, ""noise_reassigned"": 702, ""placement"": ""quantile"", ""slabs"": [{""k"": 1, ""n"": 145}, {""k"": 1, ""n"": 161}, {""k"": 1, ""n"": 161}, {""k"": 1, ""n"": 161}, {""k"": 1, ""n"": 161}, {""k"": 1, ""n"": 145}]}, {""constant_lens"": false, ""gain"": 0.25, ""lens"": ""pc1"", ""lens_scaling"": ""standardize"", ""min_cluster_size"": 37, ""min_samples"": 5, ""n_class"": 712, ""n_edges"": 5, ""n_intervals"": 6, ""n_vertices"": 7, ""noise_reassigned"": 334, ""placement"": ""quantile"", ""slabs"": [{""k"": 1, ""n"": 134}, {""k"": 1, ""n"": 148}, {""k"": 1, ""n"": 148}, {""k"": 2, ""n"": 148}, {""k"": 1, ""n"": 148}, {""k"": 1, ""n"": 134}]}, {""constant_lens"": false, ""gain"": 0.25, ""lens"": ""pc1"", ""lens_scaling"": ""standardize"", ""min_cluster_size"": 37, ""min_samples"": 5, ""n_class"": 713, ""n_edges"": 5, ""n_intervals"": 6, ""n_vertices"": 6, ""noise_reassigned"": 632, ""placement"": ""quantile"", ""slabs"": [{""k"": 1, ""n"": 134}, {""k"": 1, ""n"": 149}, {""k"": 1, ""n"": 148}, {""k"": 1, ""n"": 148}, {""k"": 1, ""n"": 149}, {""k"": 1, ""n"": 134}]}, {""constant_lens"": false, ""gain"": 0.25, ""lens"": ""pc1"", ""lens_scaling"": ""standardize"", ""min_cluster_size"": 37, ""min_samples"": 5, ""n_class"": 772, ""n_edges"": 5, ""n_intervals"": 6, ""n_vertices"": 6, ""noise_reassigned"": 702, ""placement"": ""quantile"", ""slabs"": [{""k"": 1, ""n"": 145}, {""k"": 1, ""n"": 161}, {""k"": 1, ""n"": 161}, {""k"": 1, ""n"": 161}, {""k"": 1, ""n"": 161}, {""k"": 1, ""n"": 145}]}, {""constant_lens"": false, ""gain"": 0.25, ""lens"": ""pc1"", ""lens_scaling"": ""standardize"", ""min_cluster_size"": 37, ""min_samples"": 5, ""n_class"": 711, ""n_edges"": 5, ""n_intervals"": 6, ""n_vertices"": 6, ""noise_reassigned"": 552, ""placement"": ""uniform"", ""slabs"": [{""k"": 1, ""n"": 156}, {""k"": 1, ""n"": 183}, {""k"": 1, ""n"": 141}, {""k"": 1, ""n"": 86}, {""k"": 1, ""n"": 141}, {""k"": 1, ""n"": 157}]}, {""constant_lens"": false, ""gain"": 0.25, ""lens"": ""pc1"", ""lens_scaling"": ""standardize"", ""min_cluster_size"": 37, ""min_samples"": 5, ""n_class"": 712, ""n_edges"": 5, ""n_intervals"": 6, ""n_vertices"": 6, ""noise_reassigned"": 437, ""placement"": ""quantile"", ""slabs"": [{""k"": 1, ""n"": 134}, {""k"": 1, ""n"": 148}, {""k"": 1, ""n"": 148}, {""k"": 1, ""n"": 148}, {""k"": 1, ""n"": 148}, {""k"": 1, ""n"": 134}]}], ""soundness_bound_holds"": true, ""step_rule"": ""scale_free"", ""topology_retention_nerve_to_frozen"": {""beta0_frozen"": 16, ""beta0_nerve"": 11, ""beta1_frozen"": 1, ""beta1_nerve"": 1}}",True
0.9772727272727273,495,False,0.050040436716538614,0.05,,12.410587999998825,12.410587999998825,0.0,penbased,8,,SPINE+Graph,10,495,1100,9892,0.9499595632834614,2064206382,False,"{""admission"": {""criterion"": ""risk"", ""removed_risk"": 5, ""removed_support"": 0}, ""betti_final"": [[2, 0], [1, 1], [3, 0], [1, 0], [1, 0], [3, 0], [1, 0], [1, 0], [1, 0], [2, 0]], ""betti_frozen"": [[2, 0], [1, 1], [3, 0], [1, 0], [1, 0], [3, 0], [1, 0], [1, 0], [1, 0], [2, 0]], ""betti_nerve"": [[1, 0], [1, 1], [1, 0], [1, 0], [1, 0], [2, 0], [1, 0], [1, 0], [1, 0], [1, 0]], ""boundary_restriction"": ""both"", ""forced_removals"": 0, ""growth_representation_fallbacks"": 399, ""invariant_held"": true, ""n_segments"": 480, ""n_train_fit"": 7419, ""n_val"": 2473, ""phase0"": [{""constant_lens"": false, ""gain"": 0.25, ""lens"": ""pc1"", ""lens_scaling"": ""standardize"", ""min_cluster_size"": 37, ""min_samples"": 5, ""n_class"": 771, ""n_edges"": 5, ""n_intervals"": 6, ""n_vertices"": 6, ""noise_reassigned"": 703, ""placement"": ""quantile"", ""slabs"": [{""k"": 1, ""n"": 145}, {""k"": 1, ""n"": 160}, {""k"": 1, ""n"": 161}, {""k"": 1, ""n"": 161}, {""k"": 1, ""n"": 160}, {""k"": 1, ""n"": 145}]}, {""constant_lens"": false, ""gain"": 0.25, ""lens"": ""pc1"", ""lens_scaling"": ""standardize"", ""min_cluster_size"": 37, ""min_samples"": 5, ""n_class"": 775, ""n_edges"": 7, ""n_intervals"": 6, ""n_vertices"": 7, ""noise_reassigned"": 586, ""placement"": ""quantile"", ""slabs"": [{""k"": 1, ""n"": 146}, {""k"": 1, ""n"": 162}, {""k"": 1, ""n"": 162}, {""k"": 1, ""n"": 162}, {""k"": 2, ""n"": 162}, {""k"": 1, ""n"": 146}]}, {""constant_lens"": false, ""gain"": 0.25, ""lens"": ""pc1"", ""lens_scaling"": ""standardize"", ""min_cluster_size"": 37, ""min_samples"": 5, ""n_class"": 769, ""n_edges"": 5, ""n_intervals"": 6, ""n_vertices"": 6, ""noise_reassigned"": 689, ""placement"": ""quantile"", ""slabs"": [{""k"": 1, ""n"": 145}, {""k"": 1, ""n"": 160}, {""k"": 1, ""n"": 160}, {""k"": 1, ""n"": 160}, {""k"": 1, ""n"": 161}, {""k"": 1, ""n"": 145}]}, {""constant_lens"": false, ""gain"": 0.25, ""lens"": ""pc1"", ""lens_scaling"": ""standardize"", ""min_cluster_size"": 37, ""min_samples"": 5, ""n_class"": 712, ""n_edges"": 5, ""n_intervals"": 6, ""n_vertices"": 6, ""noise_reassigned"": 626, ""placement"": ""quantile"", ""slabs"": [{""k"": 1, ""n"": 134}, {""k"": 1, ""n"": 148}, {""k"": 1, ""n"": 148}, {""k"": 1, ""n"": 148}, {""k"": 1, ""n"": 148}, {""k"": 1, ""n"": 134}]}, {""constant_lens"": false, ""gain"": 0.25, ""lens"": ""pc1"", ""lens_scaling"": ""standardize"", ""min_cluster_size"": 37, ""min_samples"": 5, ""n_class"": 772, ""n_edges"": 5, ""n_intervals"": 6, ""n_vertices"": 6, ""noise_reassigned"": 702, ""placement"": ""quantile"", ""slabs"": [{""k"": 1, ""n"": 145}, {""k"": 1, ""n"": 161}, {""k"": 1, ""n"": 161}, {""k"": 1, ""n"": 161}, {""k"": 1, ""n"": 161}, {""k"": 1, ""n"": 145}]}, {""constant_lens"": false, ""gain"": 0.25, ""lens"": ""pc1"", ""lens_scaling"": ""standardize"", ""min_cluster_size"": 37, ""min_samples"": 5, ""n_class"": 712, ""n_edges"": 5, ""n_intervals"": 6, ""n_vertices"": 7, ""noise_reassigned"": 334, ""placement"": ""quantile"", ""slabs"": [{""k"": 1, ""n"": 134}, {""k"": 1, ""n"": 148}, {""k"": 1, ""n"": 148}, {""k"": 2, ""n"": 148}, {""k"": 1, ""n"": 148}, {""k"": 1, ""n"": 134}]}, {""constant_lens"": false, ""gain"": 0.25, ""lens"": ""pc1"", ""lens_scaling"": ""standardize"", ""min_cluster_size"": 37, ""min_samples"": 5, ""n_class"": 713, ""n_edges"": 5, ""n_intervals"": 6, ""n_vertices"": 6, ""noise_reassigned"": 632, ""placement"": ""quantile"", ""slabs"": [{""k"": 1, ""n"": 134}, {""k"": 1, ""n"": 149}, {""k"": 1, ""n"": 148}, {""k"": 1, ""n"": 148}, {""k"": 1, ""n"": 149}, {""k"": 1, ""n"": 134}]}, {""constant_lens"": false, ""gain"": 0.25, ""lens"": ""pc1"", ""lens_scaling"": ""standardize"", ""min_cluster_size"": 37, ""min_samples"": 5, ""n_class"": 772, ""n_edges"": 5, ""n_intervals"": 6, ""n_vertices"": 6, ""noise_reassigned"": 702, ""placement"": ""quantile"", ""slabs"": [{""k"": 1, ""n"": 145}, {""k"": 1, ""n"": 161}, {""k"": 1, ""n"": 161}, {""k"": 1, ""n"": 161}, {""k"": 1, ""n"": 161}, {""k"": 1, ""n"": 145}]}, {""constant_lens"": false, ""gain"": 0.25, ""lens"": ""pc1"", ""lens_scaling"": ""standardize"", ""min_cluster_size"": 37, ""min_samples"": 5, ""n_class"": 711, ""n_edges"": 5, ""n_intervals"": 6, ""n_vertices"": 6, ""noise_reassigned"": 552, ""placement"": ""uniform"", ""slabs"": [{""k"": 1, ""n"": 156}, {""k"": 1, ""n"": 183}, {""k"": 1, ""n"": 141}, {""k"": 1, ""n"": 86}, {""k"": 1, ""n"": 141}, {""k"": 1, ""n"": 157}]}, {""constant_lens"": false, ""gain"": 0.25, ""lens"": ""pc1"", ""lens_scaling"": ""standardize"", ""min_cluster_size"": 37, ""min_samples"": 5, ""n_class"": 712, ""n_edges"": 5, ""n_intervals"": 6, ""n_vertices"": 6, ""noise_reassigned"": 437, ""placement"": ""quantile"", ""slabs"": [{""k"": 1, ""n"": 134}, {""k"": 1, ""n"": 148}, {""k"": 1, ""n"": 148}, {""k"": 1, ""n"": 148}, {""k"": 1, ""n"": 148}, {""k"": 1, ""n"": 134}]}], ""soundness_bound_holds"": true, ""step_rule"": ""scale_free"", ""topology_retention_nerve_to_frozen"": {""beta0_frozen"": 16, ""beta0_nerve"": 11, ""beta1_frozen"": 1, ""beta1_nerve"": 1}}",True
0.9845454545454545,495,False,0.050040436716538614,0.05,,6.775697999983095,121.30959699998493,114.53389900000184,penbased,8,"{""epsilon"": 0.1, ""window"": 0.3}",LVQ3,10,495,1100,9892,0.9499595632834614,2064206382,False,,True
0.99,495,False,0.050040436716538614,0.05,"{""0"": 51, ""1"": 52, ""2"": 51, ""3"": 48, ""4"": 52, ""5"": 47, ""6"": 48, ""7"": 52, ""8"": 47, ""9"": 47}",5.3129790000093635,5.3129790000093635,0.0,penbased,8,,KMeans,10,495,1100,9892,0.9499595632834614,2064206382,False,,True
0.9654545454545455,495,False,0.050040436716538614,0.05,"{""0"": 51, ""1"": 52, ""2"": 51, ""3"": 48, ""4"": 52, ""5"": 47, ""6"": 48, ""7"": 52, ""8"": 47, ""9"": 47}",0.0028469999961089343,0.0028469999961089343,0.0,penbased,8,,Random,10,495,1100,9892,0.9499595632834614,2064206382,False,,True
0.9854545454545455,495,False,0.050040436716538614,0.05,,3.086856000008993,3.086856000008993,0.0,penbased,8,,SPOT,10,495,1100,9892,0.9499595632834614,2064206382,False,,True
0.9327272727272727,495,False,0.050040436716538614,0.05,,107.60679099999834,107.60679099999834,0.0,penbased,8,,GLVQ,10,495,1100,9892,0.9499595632834614,2064206382,False,,True
0.99,495,False,0.050040436716538614,0.05,,5.220008000003872,5.220008000003872,0.0,penbased,8,,GNG,10,495,1100,9892,0.9499595632834614,2064206382,False,,True
0.9945454545454545,989,False,0.09997978164173069,0.1,,0.0012379999971017241,0.0012379999971017241,0.0,penbased,8,,Full,10,9892,1100,9892,0.0,2064206382,True,,False
0.9918181818181818,989,False,0.09997978164173069,0.1,,2.684700999991037,2.684700999991037,0.0,penbased,8,,RSP3,10,1059,1100,9892,0.8929437929640114,2064206382,True,,False
0.9854545454545455,989,False,0.09997978164173069,0.1,,1.0312459999986459,1.0312459999986459,0.0,penbased,8,,RHC,10,316,1100,9892,0.9680549939344926,2064206382,True,,False
0.9818181818181818,989,False,0.09997978164173069,0.1,,20.836657000007108,20.836657000007108,0.0,penbased,8,,SPINE+1NN,10,989,1100,9892,0.9000202183582693,2064206382,False,"{""admission"": {""criterion"": ""risk"", ""removed_risk"": 5, ""removed_support"": 0}, ""betti_final"": [[2, 0], [1, 1], [3, 0], [1, 0], [1, 0], [3, 0], [1, 0], [1, 0], [1, 0], [2, 0]], ""betti_frozen"": [[2, 0], [1, 1], [3, 0], [1, 0], [1, 0], [3, 0], [1, 0], [1, 0], [1, 0], [2, 0]], ""betti_nerve"": [[1, 0], [1, 1], [1, 0], [1, 0], [1, 0], [2, 0], [1, 0], [1, 0], [1, 0], [1, 0]], ""boundary_restriction"": ""both"", ""forced_removals"": 0, ""growth_representation_fallbacks"": 990, ""invariant_held"": true, ""n_segments"": 974, ""n_train_fit"": 7419, ""n_val"": 2473, ""phase0"": [{""constant_lens"": false, ""gain"": 0.25, ""lens"": ""pc1"", ""lens_scaling"": ""standardize"", ""min_cluster_size"": 37, ""min_samples"": 5, ""n_class"": 771, ""n_edges"": 5, ""n_intervals"": 6, ""n_vertices"": 6, ""noise_reassigned"": 703, ""placement"": ""quantile"", ""slabs"": [{""k"": 1, ""n"": 145}, {""k"": 1, ""n"": 160}, {""k"": 1, ""n"": 161}, {""k"": 1, ""n"": 161}, {""k"": 1, ""n"": 160}, {""k"": 1, ""n"": 145}]}, {""constant_lens"": false, ""gain"": 0.25, ""lens"": ""pc1"", ""lens_scaling"": ""standardize"", ""min_cluster_size"": 37, ""min_samples"": 5, ""n_class"": 775, ""n_edges"": 7, ""n_intervals"": 6, ""n_vertices"": 7, ""noise_reassigned"": 586, ""placement"": ""quantile"", ""slabs"": [{""k"": 1, ""n"": 146}, {""k"": 1, ""n"": 162}, {""k"": 1, ""n"": 162}, {""k"": 1, ""n"": 162}, {""k"": 2, ""n"": 162}, {""k"": 1, ""n"": 146}]}, {""constant_lens"": false, ""gain"": 0.25, ""lens"": ""pc1"", ""lens_scaling"": ""standardize"", ""min_cluster_size"": 37, ""min_samples"": 5, ""n_class"": 769, ""n_edges"": 5, ""n_intervals"": 6, ""n_vertices"": 6, ""noise_reassigned"": 689, ""placement"": ""quantile"", ""slabs"": [{""k"": 1, ""n"": 145}, {""k"": 1, ""n"": 160}, {""k"": 1, ""n"": 160}, {""k"": 1, ""n"": 160}, {""k"": 1, ""n"": 161}, {""k"": 1, ""n"": 145}]}, {""constant_lens"": false, ""gain"": 0.25, ""lens"": ""pc1"", ""lens_scaling"": ""standardize"", ""min_cluster_size"": 37, ""min_samples"": 5, ""n_class"": 712, ""n_edges"": 5, ""n_intervals"": 6, ""n_vertices"": 6, ""noise_reassigned"": 626, ""placement"": ""quantile"", ""slabs"": [{""k"": 1, ""n"": 134}, {""k"": 1, ""n"": 148}, {""k"": 1, ""n"": 148}, {""k"": 1, ""n"": 148}, {""k"": 1, ""n"": 148}, {""k"": 1, ""n"": 134}]}, {""constant_lens"": false, ""gain"": 0.25, ""lens"": ""pc1"", ""lens_scaling"": ""standardize"", ""min_cluster_size"": 37, ""min_samples"": 5, ""n_class"": 772, ""n_edges"": 5, ""n_intervals"": 6, ""n_vertices"": 6, ""noise_reassigned"": 702, ""placement"": ""quantile"", ""slabs"": [{""k"": 1, ""n"": 145}, {""k"": 1, ""n"": 161}, {""k"": 1, ""n"": 161}, {""k"": 1, ""n"": 161}, {""k"": 1, ""n"": 161}, {""k"": 1, ""n"": 145}]}, {""constant_lens"": false, ""gain"": 0.25, ""lens"": ""pc1"", ""lens_scaling"": ""standardize"", ""min_cluster_size"": 37, ""min_samples"": 5, ""n_class"": 712, ""n_edges"": 5, ""n_intervals"": 6, ""n_vertices"": 7, ""noise_reassigned"": 334, ""placement"": ""quantile"", ""slabs"": [{""k"": 1, ""n"": 134}, {""k"": 1, ""n"": 148}, {""k"": 1, ""n"": 148}, {""k"": 2, ""n"": 148}, {""k"": 1, ""n"": 148}, {""k"": 1, ""n"": 134}]}, {""constant_lens"": false, ""gain"": 0.25, ""lens"": ""pc1"", ""lens_scaling"": ""standardize"", ""min_cluster_size"": 37, ""min_samples"": 5, ""n_class"": 713, ""n_edges"": 5, ""n_intervals"": 6, ""n_vertices"": 6, ""noise_reassigned"": 632, ""placement"": ""quantile"", ""slabs"": [{""k"": 1, ""n"": 134}, {""k"": 1, ""n"": 149}, {""k"": 1, ""n"": 148}, {""k"": 1, ""n"": 148}, {""k"": 1, ""n"": 149}, {""k"": 1, ""n"": 134}]}, {""constant_lens"": false, ""gain"": 0.25, ""lens"": ""pc1"", ""lens_scaling"": ""standardize"", ""min_cluster_size"": 37, ""min_samples"": 5, ""n_class"": 772, ""n_edges"": 5, ""n_intervals"": 6, ""n_vertices"": 6, ""noise_reassigned"": 702, ""placement"": ""quantile"", ""slabs"": [{""k"": 1, ""n"": 145}, {""k"": 1, ""n"": 161}, {""k"": 1, ""n"": 161}, {""k"": 1, ""n"": 161}, {""k"": 1, ""n"": 161}, {""k"": 1, ""n"": 145}]}, {""constant_lens"": false, ""gain"": 0.25, ""lens"": ""pc1"", ""lens_scaling"": ""standardize"", ""min_cluster_size"": 37, ""min_samples"": 5, ""n_class"": 711, ""n_edges"": 5, ""n_intervals"": 6, ""n_vertices"": 6, ""noise_reassigned"": 552, ""placement"": ""uniform"", ""slabs"": [{""k"": 1, ""n"": 156}, {""k"": 1, ""n"": 183}, {""k"": 1, ""n"": 141}, {""k"": 1, ""n"": 86}, {""k"": 1, ""n"": 141}, {""k"": 1, ""n"": 157}]}, {""constant_lens"": false, ""gain"": 0.25, ""lens"": ""pc1"", ""lens_scaling"": ""standardize"", ""min_cluster_size"": 37, ""min_samples"": 5, ""n_class"": 712, ""n_edges"": 5, ""n_intervals"": 6, ""n_vertices"": 6, ""noise_reassigned"": 437, ""placement"": ""quantile"", ""slabs"": [{""k"": 1, ""n"": 134}, {""k"": 1, ""n"": 148}, {""k"": 1, ""n"": 148}, {""k"": 1, ""n"": 148}, {""k"": 1, ""n"": 148}, {""k"": 1, ""n"": 134}]}], ""soundness_bound_holds"": true, ""step_rule"": ""scale_free"", ""topology_retention_nerve_to_frozen"": {""beta0_frozen"": 16, ""beta0_nerve"": 11, ""beta1_frozen"": 1, ""beta1_nerve"": 1}}",True
0.9818181818181818,989,False,0.09997978164173069,0.1,,20.836657000007108,20.836657000007108,0.0,penbased,8,,SPINE+Graph,10,989,1100,9892,0.9000202183582693,2064206382,False,"{""admission"": {""criterion"": ""risk"", ""removed_risk"": 5, ""removed_support"": 0}, ""betti_final"": [[2, 0], [1, 1], [3, 0], [1, 0], [1, 0], [3, 0], [1, 0], [1, 0], [1, 0], [2, 0]], ""betti_frozen"": [[2, 0], [1, 1], [3, 0], [1, 0], [1, 0], [3, 0], [1, 0], [1, 0], [1, 0], [2, 0]], ""betti_nerve"": [[1, 0], [1, 1], [1, 0], [1, 0], [1, 0], [2, 0], [1, 0], [1, 0], [1, 0], [1, 0]], ""boundary_restriction"": ""both"", ""forced_removals"": 0, ""growth_representation_fallbacks"": 990, ""invariant_held"": true, ""n_segments"": 974, ""n_train_fit"": 7419, ""n_val"": 2473, ""phase0"": [{""constant_lens"": false, ""gain"": 0.25, ""lens"": ""pc1"", ""lens_scaling"": ""standardize"", ""min_cluster_size"": 37, ""min_samples"": 5, ""n_class"": 771, ""n_edges"": 5, ""n_intervals"": 6, ""n_vertices"": 6, ""noise_reassigned"": 703, ""placement"": ""quantile"", ""slabs"": [{""k"": 1, ""n"": 145}, {""k"": 1, ""n"": 160}, {""k"": 1, ""n"": 161}, {""k"": 1, ""n"": 161}, {""k"": 1, ""n"": 160}, {""k"": 1, ""n"": 145}]}, {""constant_lens"": false, ""gain"": 0.25, ""lens"": ""pc1"", ""lens_scaling"": ""standardize"", ""min_cluster_size"": 37, ""min_samples"": 5, ""n_class"": 775, ""n_edges"": 7, ""n_intervals"": 6, ""n_vertices"": 7, ""noise_reassigned"": 586, ""placement"": ""quantile"", ""slabs"": [{""k"": 1, ""n"": 146}, {""k"": 1, ""n"": 162}, {""k"": 1, ""n"": 162}, {""k"": 1, ""n"": 162}, {""k"": 2, ""n"": 162}, {""k"": 1, ""n"": 146}]}, {""constant_lens"": false, ""gain"": 0.25, ""lens"": ""pc1"", ""lens_scaling"": ""standardize"", ""min_cluster_size"": 37, ""min_samples"": 5, ""n_class"": 769, ""n_edges"": 5, ""n_intervals"": 6, ""n_vertices"": 6, ""noise_reassigned"": 689, ""placement"": ""quantile"", ""slabs"": [{""k"": 1, ""n"": 145}, {""k"": 1, ""n"": 160}, {""k"": 1, ""n"": 160}, {""k"": 1, ""n"": 160}, {""k"": 1, ""n"": 161}, {""k"": 1, ""n"": 145}]}, {""constant_lens"": false, ""gain"": 0.25, ""lens"": ""pc1"", ""lens_scaling"": ""standardize"", ""min_cluster_size"": 37, ""min_samples"": 5, ""n_class"": 712, ""n_edges"": 5, ""n_intervals"": 6, ""n_vertices"": 6, ""noise_reassigned"": 626, ""placement"": ""quantile"", ""slabs"": [{""k"": 1, ""n"": 134}, {""k"": 1, ""n"": 148}, {""k"": 1, ""n"": 148}, {""k"": 1, ""n"": 148}, {""k"": 1, ""n"": 148}, {""k"": 1, ""n"": 134}]}, {""constant_lens"": false, ""gain"": 0.25, ""lens"": ""pc1"", ""lens_scaling"": ""standardize"", ""min_cluster_size"": 37, ""min_samples"": 5, ""n_class"": 772, ""n_edges"": 5, ""n_intervals"": 6, ""n_vertices"": 6, ""noise_reassigned"": 702, ""placement"": ""quantile"", ""slabs"": [{""k"": 1, ""n"": 145}, {""k"": 1, ""n"": 161}, {""k"": 1, ""n"": 161}, {""k"": 1, ""n"": 161}, {""k"": 1, ""n"": 161}, {""k"": 1, ""n"": 145}]}, {""constant_lens"": false, ""gain"": 0.25, ""lens"": ""pc1"", ""lens_scaling"": ""standardize"", ""min_cluster_size"": 37, ""min_samples"": 5, ""n_class"": 712, ""n_edges"": 5, ""n_intervals"": 6, ""n_vertices"": 7, ""noise_reassigned"": 334, ""placement"": ""quantile"", ""slabs"": [{""k"": 1, ""n"": 134}, {""k"": 1, ""n"": 148}, {""k"": 1, ""n"": 148}, {""k"": 2, ""n"": 148}, {""k"": 1, ""n"": 148}, {""k"": 1, ""n"": 134}]}, {""constant_lens"": false, ""gain"": 0.25, ""lens"": ""pc1"", ""lens_scaling"": ""standardize"", ""min_cluster_size"": 37, ""min_samples"": 5, ""n_class"": 713, ""n_edges"": 5, ""n_intervals"": 6, ""n_vertices"": 6, ""noise_reassigned"": 632, ""placement"": ""quantile"", ""slabs"": [{""k"": 1, ""n"": 134}, {""k"": 1, ""n"": 149}, {""k"": 1, ""n"": 148}, {""k"": 1, ""n"": 148}, {""k"": 1, ""n"": 149}, {""k"": 1, ""n"": 134}]}, {""constant_lens"": false, ""gain"": 0.25, ""lens"": ""pc1"", ""lens_scaling"": ""standardize"", ""min_cluster_size"": 37, ""min_samples"": 5, ""n_class"": 772, ""n_edges"": 5, ""n_intervals"": 6, ""n_vertices"": 6, ""noise_reassigned"": 702, ""placement"": ""quantile"", ""slabs"": [{""k"": 1, ""n"": 145}, {""k"": 1, ""n"": 161}, {""k"": 1, ""n"": 161}, {""k"": 1, ""n"": 161}, {""k"": 1, ""n"": 161}, {""k"": 1, ""n"": 145}]}, {""constant_lens"": false, ""gain"": 0.25, ""lens"": ""pc1"", ""lens_scaling"": ""standardize"", ""min_cluster_size"": 37, ""min_samples"": 5, ""n_class"": 711, ""n_edges"": 5, ""n_intervals"": 6, ""n_vertices"": 6, ""noise_reassigned"": 552, ""placement"": ""uniform"", ""slabs"": [{""k"": 1, ""n"": 156}, {""k"": 1, ""n"": 183}, {""k"": 1, ""n"": 141}, {""k"": 1, ""n"": 86}, {""k"": 1, ""n"": 141}, {""k"": 1, ""n"": 157}]}, {""constant_lens"": false, ""gain"": 0.25, ""lens"": ""pc1"", ""lens_scaling"": ""standardize"", ""min_cluster_size"": 37, ""min_samples"": 5, ""n_class"": 712, ""n_edges"": 5, ""n_intervals"": 6, ""n_vertices"": 6, ""noise_reassigned"": 437, ""placement"": ""quantile"", ""slabs"": [{""k"": 1, ""n"": 134}, {""k"": 1, ""n"": 148}, {""k"": 1, ""n"": 148}, {""k"": 1, ""n"": 148}, {""k"": 1, ""n"": 148}, {""k"": 1, ""n"": 134}]}], ""soundness_bound_holds"": true, ""step_rule"": ""scale_free"", ""topology_retention_nerve_to_frozen"": {""beta0_frozen"": 16, ""beta0_nerve"": 11, ""beta1_frozen"": 1, ""beta1_nerve"": 1}}",True
0.99,989,False,0.09997978164173069,0.1,,10.96563600000809,194.7788789999904,183.81324299998232,penbased,8,"{""epsilon"": 0.1, ""window"": 0.2}",LVQ3,10,989,1100,9892,0.9000202183582693,2064206382,False,,True
0.990909090909091,989,False,0.09997978164173069,0.1,"{""0"": 103, ""1"": 103, ""2"": 102, ""3"": 95, ""4"": 103, ""5"": 95, ""6"": 95, ""7"": 103, ""8"": 95, ""9"": 95}",6.162274000002071,6.162274000002071,0.0,penbased,8,,KMeans,10,989,1100,9892,0.9000202183582693,2064206382,False,,True
0.9745454545454545,989,False,0.09997978164173069,0.1,"{""0"": 103, ""1"": 103, ""2"": 102, ""3"": 95, ""4"": 103, ""5"": 95, ""6"": 95, ""7"": 103, ""8"": 95, ""9"": 95}",0.0027150000096298754,0.0027150000096298754,0.0,penbased,8,,Random,10,989,1100,9892,0.9000202183582693,2064206382,False,,True
0.9854545454545455,989,False,0.09997978164173069,0.1,,2.9285149999777786,2.9285149999777786,0.0,penbased,8,,SPOT,10,989,1100,9892,0.9000202183582693,2064206382,False,,True
0.9345454545454546,989,False,0.09997978164173069,0.1,,210.92722800001502,210.92722800001502,0.0,penbased,8,,GLVQ,10,989,1100,9892,0.9000202183582693,2064206382,False,,True
0.99,989,False,0.09997978164173069,0.1,,13.532507000025362,13.532507000025362,0.0,penbased,8,,GNG,10,989,1100,9892,0.9000202183582693,2064206382,False,,True
0.9945454545454545,2473,False,0.25,0.25,,0.0012379999971017241,0.0012379999971017241,0.0,penbased,8,,Full,10,9892,1100,9892,0.0,2064206382,True,,False
0.9918181818181818,2473,False,0.25,0.25,,2.684700999991037,2.684700999991037,0.0,penbased,8,,RSP3,10,1059,1100,9892,0.8929437929640114,2064206382,True,,False
0.9854545454545455,2473,False,0.25,0.25,,1.0312459999986459,1.0312459999986459,0.0,penbased,8,,RHC,10,316,1100,9892,0.9680549939344926,2064206382,True,,False
0.9854545454545455,2473,False,0.25,0.25,,65.530219999986,65.530219999986,0.0,penbased,8,,SPINE+1NN,10,2473,1100,9892,0.75,2064206382,False,"{""admission"": {""criterion"": ""risk"", ""removed_risk"": 5, ""removed_support"": 0}, ""betti_final"": [[2, 0], [1, 1], [3, 0], [1, 0], [1, 0], [3, 0], [1, 0], [1, 0], [1, 0], [2, 0]], ""betti_frozen"": [[2, 0], [1, 1], [3, 0], [1, 0], [1, 0], [3, 0], [1, 0], [1, 0], [1, 0], [2, 0]], ""betti_nerve"": [[1, 0], [1, 1], [1, 0], [1, 0], [1, 0], [2, 0], [1, 0], [1, 0], [1, 0], [1, 0]], ""boundary_restriction"": ""both"", ""forced_removals"": 0, ""growth_representation_fallbacks"": 2788, ""invariant_held"": true, ""n_segments"": 2458, ""n_train_fit"": 7419, ""n_val"": 2473, ""phase0"": [{""constant_lens"": false, ""gain"": 0.25, ""lens"": ""pc1"", ""lens_scaling"": ""standardize"", ""min_cluster_size"": 37, ""min_samples"": 5, ""n_class"": 771, ""n_edges"": 5, ""n_intervals"": 6, ""n_vertices"": 6, ""noise_reassigned"": 703, ""placement"": ""quantile"", ""slabs"": [{""k"": 1, ""n"": 145}, {""k"": 1, ""n"": 160}, {""k"": 1, ""n"": 161}, {""k"": 1, ""n"": 161}, {""k"": 1, ""n"": 160}, {""k"": 1, ""n"": 145}]}, {""constant_lens"": false, ""gain"": 0.25, ""lens"": ""pc1"", ""lens_scaling"": ""standardize"", ""min_cluster_size"": 37, ""min_samples"": 5, ""n_class"": 775, ""n_edges"": 7, ""n_intervals"": 6, ""n_vertices"": 7, ""noise_reassigned"": 586, ""placement"": ""quantile"", ""slabs"": [{""k"": 1, ""n"": 146}, {""k"": 1, ""n"": 162}, {""k"": 1, ""n"": 162}, {""k"": 1, ""n"": 162}, {""k"": 2, ""n"": 162}, {""k"": 1, ""n"": 146}]}, {""constant_lens"": false, ""gain"": 0.25, ""lens"": ""pc1"", ""lens_scaling"": ""standardize"", ""min_cluster_size"": 37, ""min_samples"": 5, ""n_class"": 769, ""n_edges"": 5, ""n_intervals"": 6, ""n_vertices"": 6, ""noise_reassigned"": 689, ""placement"": ""quantile"", ""slabs"": [{""k"": 1, ""n"": 145}, {""k"": 1, ""n"": 160}, {""k"": 1, ""n"": 160}, {""k"": 1, ""n"": 160}, {""k"": 1, ""n"": 161}, {""k"": 1, ""n"": 145}]}, {""constant_lens"": false, ""gain"": 0.25, ""lens"": ""pc1"", ""lens_scaling"": ""standardize"", ""min_cluster_size"": 37, ""min_samples"": 5, ""n_class"": 712, ""n_edges"": 5, ""n_intervals"": 6, ""n_vertices"": 6, ""noise_reassigned"": 626, ""placement"": ""quantile"", ""slabs"": [{""k"": 1, ""n"": 134}, {""k"": 1, ""n"": 148}, {""k"": 1, ""n"": 148}, {""k"": 1, ""n"": 148}, {""k"": 1, ""n"": 148}, {""k"": 1, ""n"": 134}]}, {""constant_lens"": false, ""gain"": 0.25, ""lens"": ""pc1"", ""lens_scaling"": ""standardize"", ""min_cluster_size"": 37, ""min_samples"": 5, ""n_class"": 772, ""n_edges"": 5, ""n_intervals"": 6, ""n_vertices"": 6, ""noise_reassigned"": 702, ""placement"": ""quantile"", ""slabs"": [{""k"": 1, ""n"": 145}, {""k"": 1, ""n"": 161}, {""k"": 1, ""n"": 161}, {""k"": 1, ""n"": 161}, {""k"": 1, ""n"": 161}, {""k"": 1, ""n"": 145}]}, {""constant_lens"": false, ""gain"": 0.25, ""lens"": ""pc1"", ""lens_scaling"": ""standardize"", ""min_cluster_size"": 37, ""min_samples"": 5, ""n_class"": 712, ""n_edges"": 5, ""n_intervals"": 6, ""n_vertices"": 7, ""noise_reassigned"": 334, ""placement"": ""quantile"", ""slabs"": [{""k"": 1, ""n"": 134}, {""k"": 1, ""n"": 148}, {""k"": 1, ""n"": 148}, {""k"": 2, ""n"": 148}, {""k"": 1, ""n"": 148}, {""k"": 1, ""n"": 134}]}, {""constant_lens"": false, ""gain"": 0.25, ""lens"": ""pc1"", ""lens_scaling"": ""standardize"", ""min_cluster_size"": 37, ""min_samples"": 5, ""n_class"": 713, ""n_edges"": 5, ""n_intervals"": 6, ""n_vertices"": 6, ""noise_reassigned"": 632, ""placement"": ""quantile"", ""slabs"": [{""k"": 1, ""n"": 134}, {""k"": 1, ""n"": 149}, {""k"": 1, ""n"": 148}, {""k"": 1, ""n"": 148}, {""k"": 1, ""n"": 149}, {""k"": 1, ""n"": 134}]}, {""constant_lens"": false, ""gain"": 0.25, ""lens"": ""pc1"", ""lens_scaling"": ""standardize"", ""min_cluster_size"": 37, ""min_samples"": 5, ""n_class"": 772, ""n_edges"": 5, ""n_intervals"": 6, ""n_vertices"": 6, ""noise_reassigned"": 702, ""placement"": ""quantile"", ""slabs"": [{""k"": 1, ""n"": 145}, {""k"": 1, ""n"": 161}, {""k"": 1, ""n"": 161}, {""k"": 1, ""n"": 161}, {""k"": 1, ""n"": 161}, {""k"": 1, ""n"": 145}]}, {""constant_lens"": false, ""gain"": 0.25, ""lens"": ""pc1"", ""lens_scaling"": ""standardize"", ""min_cluster_size"": 37, ""min_samples"": 5, ""n_class"": 711, ""n_edges"": 5, ""n_intervals"": 6, ""n_vertices"": 6, ""noise_reassigned"": 552, ""placement"": ""uniform"", ""slabs"": [{""k"": 1, ""n"": 156}, {""k"": 1, ""n"": 183}, {""k"": 1, ""n"": 141}, {""k"": 1, ""n"": 86}, {""k"": 1, ""n"": 141}, {""k"": 1, ""n"": 157}]}, {""constant_lens"": false, ""gain"": 0.25, ""lens"": ""pc1"", ""lens_scaling"": ""standardize"", ""min_cluster_size"": 37, ""min_samples"": 5, ""n_class"": 712, ""n_edges"": 5, ""n_intervals"": 6, ""n_vertices"": 6, ""noise_reassigned"": 437, ""placement"": ""quantile"", ""slabs"": [{""k"": 1, ""n"": 134}, {""k"": 1, ""n"": 148}, {""k"": 1, ""n"": 148}, {""k"": 1, ""n"": 148}, {""k"": 1, ""n"": 148}, {""k"": 1, ""n"": 134}]}], ""soundness_bound_holds"": true, ""step_rule"": ""scale_free"", ""topology_retention_nerve_to_frozen"": {""beta0_frozen"": 16, ""beta0_nerve"": 11, ""beta1_frozen"": 1, ""beta1_nerve"": 1}}",True
0.9863636363636363,2473,False,0.25,0.25,,65.530219999986,65.530219999986,0.0,penbased,8,,SPINE+Graph,10,2473,1100,9892,0.75,2064206382,False,"{""admission"": {""criterion"": ""risk"", ""removed_risk"": 5, ""removed_support"": 0}, ""betti_final"": [[2, 0], [1, 1], [3, 0], [1, 0], [1, 0], [3, 0], [1, 0], [1, 0], [1, 0], [2, 0]], ""betti_frozen"": [[2, 0], [1, 1], [3, 0], [1, 0], [1, 0], [3, 0], [1, 0], [1, 0], [1, 0], [2, 0]], ""betti_nerve"": [[1, 0], [1, 1], [1, 0], [1, 0], [1, 0], [2, 0], [1, 0], [1, 0], [1, 0], [1, 0]], ""boundary_restriction"": ""both"", ""forced_removals"": 0, ""growth_representation_fallbacks"": 2788, ""invariant_held"": true, ""n_segments"": 2458, ""n_train_fit"": 7419, ""n_val"": 2473, ""phase0"": [{""constant_lens"": false, ""gain"": 0.25, ""lens"": ""pc1"", ""lens_scaling"": ""standardize"", ""min_cluster_size"": 37, ""min_samples"": 5, ""n_class"": 771, ""n_edges"": 5, ""n_intervals"": 6, ""n_vertices"": 6, ""noise_reassigned"": 703, ""placement"": ""quantile"", ""slabs"": [{""k"": 1, ""n"": 145}, {""k"": 1, ""n"": 160}, {""k"": 1, ""n"": 161}, {""k"": 1, ""n"": 161}, {""k"": 1, ""n"": 160}, {""k"": 1, ""n"": 145}]}, {""constant_lens"": false, ""gain"": 0.25, ""lens"": ""pc1"", ""lens_scaling"": ""standardize"", ""min_cluster_size"": 37, ""min_samples"": 5, ""n_class"": 775, ""n_edges"": 7, ""n_intervals"": 6, ""n_vertices"": 7, ""noise_reassigned"": 586, ""placement"": ""quantile"", ""slabs"": [{""k"": 1, ""n"": 146}, {""k"": 1, ""n"": 162}, {""k"": 1, ""n"": 162}, {""k"": 1, ""n"": 162}, {""k"": 2, ""n"": 162}, {""k"": 1, ""n"": 146}]}, {""constant_lens"": false, ""gain"": 0.25, ""lens"": ""pc1"", ""lens_scaling"": ""standardize"", ""min_cluster_size"": 37, ""min_samples"": 5, ""n_class"": 769, ""n_edges"": 5, ""n_intervals"": 6, ""n_vertices"": 6, ""noise_reassigned"": 689, ""placement"": ""quantile"", ""slabs"": [{""k"": 1, ""n"": 145}, {""k"": 1, ""n"": 160}, {""k"": 1, ""n"": 160}, {""k"": 1, ""n"": 160}, {""k"": 1, ""n"": 161}, {""k"": 1, ""n"": 145}]}, {""constant_lens"": false, ""gain"": 0.25, ""lens"": ""pc1"", ""lens_scaling"": ""standardize"", ""min_cluster_size"": 37, ""min_samples"": 5, ""n_class"": 712, ""n_edges"": 5, ""n_intervals"": 6, ""n_vertices"": 6, ""noise_reassigned"": 626, ""placement"": ""quantile"", ""slabs"": [{""k"": 1, ""n"": 134}, {""k"": 1, ""n"": 148}, {""k"": 1, ""n"": 148}, {""k"": 1, ""n"": 148}, {""k"": 1, ""n"": 148}, {""k"": 1, ""n"": 134}]}, {""constant_lens"": false, ""gain"": 0.25, ""lens"": ""pc1"", ""lens_scaling"": ""standardize"", ""min_cluster_size"": 37, ""min_samples"": 5, ""n_class"": 772, ""n_edges"": 5, ""n_intervals"": 6, ""n_vertices"": 6, ""noise_reassigned"": 702, ""placement"": ""quantile"", ""slabs"": [{""k"": 1, ""n"": 145}, {""k"": 1, ""n"": 161}, {""k"": 1, ""n"": 161}, {""k"": 1, ""n"": 161}, {""k"": 1, ""n"": 161}, {""k"": 1, ""n"": 145}]}, {""constant_lens"": false, ""gain"": 0.25, ""lens"": ""pc1"", ""lens_scaling"": ""standardize"", ""min_cluster_size"": 37, ""min_samples"": 5, ""n_class"": 712, ""n_edges"": 5, ""n_intervals"": 6, ""n_vertices"": 7, ""noise_reassigned"": 334, ""placement"": ""quantile"", ""slabs"": [{""k"": 1, ""n"": 134}, {""k"": 1, ""n"": 148}, {""k"": 1, ""n"": 148}, {""k"": 2, ""n"": 148}, {""k"": 1, ""n"": 148}, {""k"": 1, ""n"": 134}]}, {""constant_lens"": false, ""gain"": 0.25, ""lens"": ""pc1"", ""lens_scaling"": ""standardize"", ""min_cluster_size"": 37, ""min_samples"": 5, ""n_class"": 713, ""n_edges"": 5, ""n_intervals"": 6, ""n_vertices"": 6, ""noise_reassigned"": 632, ""placement"": ""quantile"", ""slabs"": [{""k"": 1, ""n"": 134}, {""k"": 1, ""n"": 149}, {""k"": 1, ""n"": 148}, {""k"": 1, ""n"": 148}, {""k"": 1, ""n"": 149}, {""k"": 1, ""n"": 134}]}, {""constant_lens"": false, ""gain"": 0.25, ""lens"": ""pc1"", ""lens_scaling"": ""standardize"", ""min_cluster_size"": 37, ""min_samples"": 5, ""n_class"": 772, ""n_edges"": 5, ""n_intervals"": 6, ""n_vertices"": 6, ""noise_reassigned"": 702, ""placement"": ""quantile"", ""slabs"": [{""k"": 1, ""n"": 145}, {""k"": 1, ""n"": 161}, {""k"": 1, ""n"": 161}, {""k"": 1, ""n"": 161}, {""k"": 1, ""n"": 161}, {""k"": 1, ""n"": 145}]}, {""constant_lens"": false, ""gain"": 0.25, ""lens"": ""pc1"", ""lens_scaling"": ""standardize"", ""min_cluster_size"": 37, ""min_samples"": 5, ""n_class"": 711, ""n_edges"": 5, ""n_intervals"": 6, ""n_vertices"": 6, ""noise_reassigned"": 552, ""placement"": ""uniform"", ""slabs"": [{""k"": 1, ""n"": 156}, {""k"": 1, ""n"": 183}, {""k"": 1, ""n"": 141}, {""k"": 1, ""n"": 86}, {""k"": 1, ""n"": 141}, {""k"": 1, ""n"": 157}]}, {""constant_lens"": false, ""gain"": 0.25, ""lens"": ""pc1"", ""lens_scaling"": ""standardize"", ""min_cluster_size"": 37, ""min_samples"": 5, ""n_class"": 712, ""n_edges"": 5, ""n_intervals"": 6, ""n_vertices"": 6, ""noise_reassigned"": 437, ""placement"": ""quantile"", ""slabs"": [{""k"": 1, ""n"": 134}, {""k"": 1, ""n"": 148}, {""k"": 1, ""n"": 148}, {""k"": 1, ""n"": 148}, {""k"": 1, ""n"": 148}, {""k"": 1, ""n"": 134}]}], ""soundness_bound_holds"": true, ""step_rule"": ""scale_free"", ""topology_retention_nerve_to_frozen"": {""beta0_frozen"": 16, ""beta0_nerve"": 11, ""beta1_frozen"": 1, ""beta1_nerve"": 1}}",True
0.9927272727272727,2473,False,0.25,0.25,,25.63220900000306,444.3331429999962,418.70093399999314,penbased,8,"{""epsilon"": 0.3, ""window"": 0.3}",LVQ3,10,2473,1100,9892,0.75,2064206382,False,,True
0.9936363636363637,2473,False,0.25,0.25,"{""0"": 257, ""1"": 258, ""2"": 257, ""3"": 237, ""4"": 258, ""5"": 237, ""6"": 238, ""7"": 257, ""8"": 237, ""9"": 237}",15.450316999980714,15.450316999980714,0.0,penbased,8,,KMeans,10,2473,1100,9892,0.75,2064206382,False,,True
0.9827272727272728,2473,False,0.25,0.25,"{""0"": 257, ""1"": 258, ""2"": 257, ""3"": 237, ""4"": 258, ""5"": 237, ""6"": 238, ""7"": 257, ""8"": 237, ""9"": 237}",0.003751999989617616,0.003751999989617616,0.0,penbased,8,,Random,10,2473,1100,9892,0.75,2064206382,False,,True
0.9918181818181818,2473,False,0.25,0.25,,3.3193169999867678,3.3193169999867678,0.0,penbased,8,,SPOT,10,2473,1100,9892,0.75,2064206382,False,,True
0.9309090909090909,2473,False,0.25,0.25,,521.7784930000198,521.7784930000198,0.0,penbased,8,,GLVQ,10,2473,1100,9892,0.75,2064206382,False,,True
0.9936363636363637,2473,False,0.25,0.25,,63.07541499999934,63.07541499999934,0.0,penbased,8,,GNG,10,2473,1100,9892,0.75,2064206382,False,,True
0.9954545454545455,49,False,0.00495349777598059,0.005,,0.002298999985214323,0.002298999985214323,0.0,penbased,9,,Full,10,9892,1100,9892,0.0,2065206385,False,,False
0.9936363636363637,49,False,0.00495349777598059,0.005,,2.4050439999846276,2.4050439999846276,0.0,penbased,9,,RSP3,10,1049,1100,9892,0.8939547108774768,2065206385,False,,False
0.9918181818181818,49,False,0.00495349777598059,0.005,,1.164626000012504,1.164626000012504,0.0,penbased,9,,RHC,10,335,1100,9892,0.9661342498989082,2065206385,False,,False
0.9145454545454546,49,False,0.00495349777598059,0.005,,6.09773700000369,6.09773700000369,0.0,penbased,9,,SPINE+1NN,10,49,1100,9892,0.9950465022240194,2065206385,False,"{""admission"": {""criterion"": ""risk"", ""removed_risk"": 5, ""removed_support"": 0}, ""betti_final"": [[1, 0], [1, 0], [2, 0], [1, 0], [2, 0], [3, 0], [1, 0], [3, 0], [1, 0], [1, 0]], ""betti_frozen"": [[1, 0], [1, 0], [2, 0], [1, 0], [2, 0], [3, 0], [1, 0], [3, 0], [1, 0], [1, 0]], ""betti_nerve"": [[1, 0], [1, 0], [1, 0], [1, 0], [1, 0], [2, 0], [1, 0], [1, 0], [1, 0], [1, 0]], ""boundary_restriction"": ""both"", ""forced_removals"": 0, ""growth_representation_fallbacks"": 0, ""invariant_held"": true, ""n_segments"": 33, ""n_train_fit"": 7419, ""n_val"": 2473, ""phase0"": [{""constant_lens"": false, ""gain"": 0.25, ""lens"": ""pc1"", ""lens_scaling"": ""standardize"", ""min_cluster_size"": 37, ""min_samples"": 5, ""n_class"": 771, ""n_edges"": 5, ""n_intervals"": 6, ""n_vertices"": 6, ""noise_reassigned"": 706, ""placement"": ""quantile"", ""slabs"": [{""k"": 1, ""n"": 145}, {""k"": 1, ""n"": 160}, {""k"": 1, ""n"": 161}, {""k"": 1, ""n"": 161}, {""k"": 1, ""n"": 160}, {""k"": 1, ""n"": 145}]}, {""constant_lens"": false, ""gain"": 0.25, ""lens"": ""pc1"", ""lens_scaling"": ""standardize"", ""min_cluster_size"": 37, ""min_samples"": 5, ""n_class"": 772, ""n_edges"": 5, ""n_intervals"": 6, ""n_vertices"": 6, ""noise_reassigned"": 602, ""placement"": ""quantile"", ""slabs"": [{""k"": 1, ""n"": 145}, {""k"": 1, ""n"": 161}, {""k"": 1, ""n"": 161}, {""k"": 1, ""n"": 161}, {""k"": 1, ""n"": 161}, {""k"": 1, ""n"": 145}]}, {""constant_lens"": false, ""gain"": 0.25, ""lens"": ""pc1"", ""lens_scaling"": ""standardize"", ""min_cluster_size"": 37, ""min_samples"": 5, ""n_class"": 773, ""n_edges"": 5, ""n_intervals"": 6, ""n_vertices"": 6, ""noise_reassigned"": 694, ""placement"": ""quantile"", ""slabs"": [{""k"": 1, ""n"": 145}, {""k"": 1, ""n"": 161}, {""k"": 1, ""n"": 161}, {""k"": 1, ""n"": 161}, {""k"": 1, ""n"": 161}, {""k"": 1, ""n"": 145}]}, {""constant_lens"": false, ""gain"": 0.25, ""lens"": ""pc1"", ""lens_scaling"": ""standardize"", ""min_cluster_size"": 37, ""min_samples"": 5, ""n_class"": 712, ""n_edges"": 5, ""n_intervals"": 6, ""n_vertices"": 6, ""noise_reassigned"": 620, ""placement"": ""quantile"", ""slabs"": [{""k"": 1, ""n"": 134}, {""k"": 1, ""n"": 148}, {""k"": 1, ""n"": 148}, {""k"": 1, ""n"": 148}, {""k"": 1, ""n"": 148}, {""k"": 1, ""n"": 134}]}, {""constant_lens"": false, ""gain"": 0.25, ""lens"": ""pc1"", ""lens_scaling"": ""standardize"", ""min_cluster_size"": 37, ""min_samples"": 5, ""n_class"": 772, ""n_edges"": 5, ""n_intervals"": 6, ""n_vertices"": 6, ""noise_reassigned"": 700, ""placement"": ""quantile"", ""slabs"": [{""k"": 1, ""n"": 145}, {""k"": 1, ""n"": 161}, {""k"": 1, ""n"": 161}, {""k"": 1, ""n"": 161}, {""k"": 1, ""n"": 161}, {""k"": 1, ""n"": 145}]}, {""constant_lens"": false, ""gain"": 0.25, ""lens"": ""pc1"", ""lens_scaling"": ""standardize"", ""min_cluster_size"": 37, ""min_samples"": 5, ""n_class"": 712, ""n_edges"": 5, ""n_intervals"": 6, ""n_vertices"": 7, ""noise_reassigned"": 356, ""placement"": ""quantile"", ""slabs"": [{""k"": 1, ""n"": 134}, {""k"": 1, ""n"": 148}, {""k"": 1, ""n"": 148}, {""k"": 2, ""n"": 148}, {""k"": 1, ""n"": 148}, {""k"": 1, ""n"": 134}]}, {""constant_lens"": false, ""gain"": 0.25, ""lens"": ""pc1"", ""lens_scaling"": ""standardize"", ""min_cluster_size"": 37, ""min_samples"": 5, ""n_class"": 713, ""n_edges"": 5, ""n_intervals"": 6, ""n_vertices"": 6, ""noise_reassigned"": 634, ""placement"": ""quantile"", ""slabs"": [{""k"": 1, ""n"": 134}, {""k"": 1, ""n"": 149}, {""k"": 1, ""n"": 148}, {""k"": 1, ""n"": 148}, {""k"": 1, ""n"": 149}, {""k"": 1, ""n"": 134}]}, {""constant_lens"": false, ""gain"": 0.25, ""lens"": ""pc1"", ""lens_scaling"": ""standardize"", ""min_cluster_size"": 37, ""min_samples"": 5, ""n_class"": 770, ""n_edges"": 5, ""n_intervals"": 6, ""n_vertices"": 6, ""noise_reassigned"": 597, ""placement"": ""quantile"", ""slabs"": [{""k"": 1, ""n"": 145}, {""k"": 1, ""n"": 160}, {""k"": 1, ""n"": 160}, {""k"": 1, ""n"": 160}, {""k"": 1, ""n"": 160}, {""k"": 1, ""n"": 145}]}, {""constant_lens"": false, ""gain"": 0.25, ""lens"": ""pc1"", ""lens_scaling"": ""standardize"", ""min_cluster_size"": 37, ""min_samples"": 5, ""n_class"": 712, ""n_edges"": 5, ""n_intervals"": 6, ""n_vertices"": 6, ""noise_reassigned"": 651, ""placement"": ""uniform"", ""slabs"": [{""k"": 1, ""n"": 154}, {""k"": 1, ""n"": 182}, {""k"": 1, ""n"": 148}, {""k"": 1, ""n"": 92}, {""k"": 1, ""n"": 137}, {""k"": 1, ""n"": 163}]}, {""constant_lens"": false, ""gain"": 0.25, ""lens"": ""pc1"", ""lens_scaling"": ""standardize"", ""min_cluster_size"": 37, ""min_samples"": 5, ""n_class"": 712, ""n_edges"": 5, ""n_intervals"": 6, ""n_vertices"": 6, ""noise_reassigned"": 426, ""placement"": ""quantile"", ""slabs"": [{""k"": 1, ""n"": 134}, {""k"": 1, ""n"": 148}, {""k"": 1, ""n"": 148}, {""k"": 1, ""n"": 148}, {""k"": 1, ""n"": 148}, {""k"": 1, ""n"": 134}]}], ""soundness_bound_holds"": true, ""step_rule"": ""scale_free"", ""topology_retention_nerve_to_frozen"": {""beta0_frozen"": 16, ""beta0_nerve"": 11, ""beta1_frozen"": 0, ""beta1_nerve"": 0}}",True
0.9472727272727273,49,False,0.00495349777598059,0.005,,6.09773700000369,6.09773700000369,0.0,penbased,9,,SPINE+Graph,10,49,1100,9892,0.9950465022240194,2065206385,False,"{""admission"": {""criterion"": ""risk"", ""removed_risk"": 5, ""removed_support"": 0}, ""betti_final"": [[1, 0], [1, 0], [2, 0], [1, 0], [2, 0], [3, 0], [1, 0], [3, 0], [1, 0], [1, 0]], ""betti_frozen"": [[1, 0], [1, 0], [2, 0], [1, 0], [2, 0], [3, 0], [1, 0], [3, 0], [1, 0], [1, 0]], ""betti_nerve"": [[1, 0], [1, 0], [1, 0], [1, 0], [1, 0], [2, 0], [1, 0], [1, 0], [1, 0], [1, 0]], ""boundary_restriction"": ""both"", ""forced_removals"": 0, ""growth_representation_fallbacks"": 0, ""invariant_held"": true, ""n_segments"": 33, ""n_train_fit"": 7419, ""n_val"": 2473, ""phase0"": [{""constant_lens"": false, ""gain"": 0.25, ""lens"": ""pc1"", ""lens_scaling"": ""standardize"", ""min_cluster_size"": 37, ""min_samples"": 5, ""n_class"": 771, ""n_edges"": 5, ""n_intervals"": 6, ""n_vertices"": 6, ""noise_reassigned"": 706, ""placement"": ""quantile"", ""slabs"": [{""k"": 1, ""n"": 145}, {""k"": 1, ""n"": 160}, {""k"": 1, ""n"": 161}, {""k"": 1, ""n"": 161}, {""k"": 1, ""n"": 160}, {""k"": 1, ""n"": 145}]}, {""constant_lens"": false, ""gain"": 0.25, ""lens"": ""pc1"", ""lens_scaling"": ""standardize"", ""min_cluster_size"": 37, ""min_samples"": 5, ""n_class"": 772, ""n_edges"": 5, ""n_intervals"": 6, ""n_vertices"": 6, ""noise_reassigned"": 602, ""placement"": ""quantile"", ""slabs"": [{""k"": 1, ""n"": 145}, {""k"": 1, ""n"": 161}, {""k"": 1, ""n"": 161}, {""k"": 1, ""n"": 161}, {""k"": 1, ""n"": 161}, {""k"": 1, ""n"": 145}]}, {""constant_lens"": false, ""gain"": 0.25, ""lens"": ""pc1"", ""lens_scaling"": ""standardize"", ""min_cluster_size"": 37, ""min_samples"": 5, ""n_class"": 773, ""n_edges"": 5, ""n_intervals"": 6, ""n_vertices"": 6, ""noise_reassigned"": 694, ""placement"": ""quantile"", ""slabs"": [{""k"": 1, ""n"": 145}, {""k"": 1, ""n"": 161}, {""k"": 1, ""n"": 161}, {""k"": 1, ""n"": 161}, {""k"": 1, ""n"": 161}, {""k"": 1, ""n"": 145}]}, {""constant_lens"": false, ""gain"": 0.25, ""lens"": ""pc1"", ""lens_scaling"": ""standardize"", ""min_cluster_size"": 37, ""min_samples"": 5, ""n_class"": 712, ""n_edges"": 5, ""n_intervals"": 6, ""n_vertices"": 6, ""noise_reassigned"": 620, ""placement"": ""quantile"", ""slabs"": [{""k"": 1, ""n"": 134}, {""k"": 1, ""n"": 148}, {""k"": 1, ""n"": 148}, {""k"": 1, ""n"": 148}, {""k"": 1, ""n"": 148}, {""k"": 1, ""n"": 134}]}, {""constant_lens"": false, ""gain"": 0.25, ""lens"": ""pc1"", ""lens_scaling"": ""standardize"", ""min_cluster_size"": 37, ""min_samples"": 5, ""n_class"": 772, ""n_edges"": 5, ""n_intervals"": 6, ""n_vertices"": 6, ""noise_reassigned"": 700, ""placement"": ""quantile"", ""slabs"": [{""k"": 1, ""n"": 145}, {""k"": 1, ""n"": 161}, {""k"": 1, ""n"": 161}, {""k"": 1, ""n"": 161}, {""k"": 1, ""n"": 161}, {""k"": 1, ""n"": 145}]}, {""constant_lens"": false, ""gain"": 0.25, ""lens"": ""pc1"", ""lens_scaling"": ""standardize"", ""min_cluster_size"": 37, ""min_samples"": 5, ""n_class"": 712, ""n_edges"": 5, ""n_intervals"": 6, ""n_vertices"": 7, ""noise_reassigned"": 356, ""placement"": ""quantile"", ""slabs"": [{""k"": 1, ""n"": 134}, {""k"": 1, ""n"": 148}, {""k"": 1, ""n"": 148}, {""k"": 2, ""n"": 148}, {""k"": 1, ""n"": 148}, {""k"": 1, ""n"": 134}]}, {""constant_lens"": false, ""gain"": 0.25, ""lens"": ""pc1"", ""lens_scaling"": ""standardize"", ""min_cluster_size"": 37, ""min_samples"": 5, ""n_class"": 713, ""n_edges"": 5, ""n_intervals"": 6, ""n_vertices"": 6, ""noise_reassigned"": 634, ""placement"": ""quantile"", ""slabs"": [{""k"": 1, ""n"": 134}, {""k"": 1, ""n"": 149}, {""k"": 1, ""n"": 148}, {""k"": 1, ""n"": 148}, {""k"": 1, ""n"": 149}, {""k"": 1, ""n"": 134}]}, {""constant_lens"": false, ""gain"": 0.25, ""lens"": ""pc1"", ""lens_scaling"": ""standardize"", ""min_cluster_size"": 37, ""min_samples"": 5, ""n_class"": 770, ""n_edges"": 5, ""n_intervals"": 6, ""n_vertices"": 6, ""noise_reassigned"": 597, ""placement"": ""quantile"", ""slabs"": [{""k"": 1, ""n"": 145}, {""k"": 1, ""n"": 160}, {""k"": 1, ""n"": 160}, {""k"": 1, ""n"": 160}, {""k"": 1, ""n"": 160}, {""k"": 1, ""n"": 145}]}, {""constant_lens"": false, ""gain"": 0.25, ""lens"": ""pc1"", ""lens_scaling"": ""standardize"", ""min_cluster_size"": 37, ""min_samples"": 5, ""n_class"": 712, ""n_edges"": 5, ""n_intervals"": 6, ""n_vertices"": 6, ""noise_reassigned"": 651, ""placement"": ""uniform"", ""slabs"": [{""k"": 1, ""n"": 154}, {""k"": 1, ""n"": 182}, {""k"": 1, ""n"": 148}, {""k"": 1, ""n"": 92}, {""k"": 1, ""n"": 137}, {""k"": 1, ""n"": 163}]}, {""constant_lens"": false, ""gain"": 0.25, ""lens"": ""pc1"", ""lens_scaling"": ""standardize"", ""min_cluster_size"": 37, ""min_samples"": 5, ""n_class"": 712, ""n_edges"": 5, ""n_intervals"": 6, ""n_vertices"": 6, ""noise_reassigned"": 426, ""placement"": ""quantile"", ""slabs"": [{""k"": 1, ""n"": 134}, {""k"": 1, ""n"": 148}, {""k"": 1, ""n"": 148}, {""k"": 1, ""n"": 148}, {""k"": 1, ""n"": 148}, {""k"": 1, ""n"": 134}]}], ""soundness_bound_holds"": true, ""step_rule"": ""scale_free"", ""topology_retention_nerve_to_frozen"": {""beta0_frozen"": 16, ""beta0_nerve"": 11, ""beta1_frozen"": 0, ""beta1_nerve"": 0}}",True
0.9609090909090909,49,False,0.00495349777598059,0.005,,3.3053389999840874,60.91106399995624,57.60572499997215,penbased,9,"{""epsilon"": 0.1, ""window"": 0.3}",LVQ3,10,49,1100,9892,0.9950465022240194,2065206385,False,,True
0.9454545454545454,49,False,0.00495349777598059,0.005,"{""0"": 5, ""1"": 5, ""2"": 5, ""3"": 5, ""4"": 5, ""5"": 5, ""6"": 5, ""7"": 5, ""8"": 5, ""9"": 4}",1.8727519999956712,1.8727519999956712,0.0,penbased,9,,KMeans,10,49,1100,9892,0.9950465022240194,2065206385,False,,True
0.8372727272727273,49,False,0.00495349777598059,0.005,"{""0"": 5, ""1"": 5, ""2"": 5, ""3"": 5, ""4"": 5, ""5"": 5, ""6"": 5, ""7"": 5, ""8"": 5, ""9"": 4}",0.002801000024192035,0.002801000024192035,0.0,penbased,9,,Random,10,49,1100,9892,0.9950465022240194,2065206385,False,,True
0.9090909090909091,49,False,0.00495349777598059,0.005,,2.5019650000031106,2.5019650000031106,0.0,penbased,9,,SPOT,10,49,1100,9892,0.9950465022240194,2065206385,False,,True
0.9309090909090909,49,False,0.00495349777598059,0.005,,14.71984400000656,14.71984400000656,0.0,penbased,9,,GLVQ,10,49,1100,9892,0.9950465022240194,2065206385,False,,True
0.9436363636363636,49,False,0.00495349777598059,0.005,,1.4417129999783356,1.4417129999783356,0.0,penbased,9,,GNG,10,49,1100,9892,0.9950465022240194,2065206385,False,,True
0.9954545454545455,99,False,0.010008087343307723,0.01,,0.002298999985214323,0.002298999985214323,0.0,penbased,9,,Full,10,9892,1100,9892,0.0,2065206385,True,,False
0.9936363636363637,99,False,0.010008087343307723,0.01,,2.4050439999846276,2.4050439999846276,0.0,penbased,9,,RSP3,10,1049,1100,9892,0.8939547108774768,2065206385,True,,False
0.9918181818181818,99,False,0.010008087343307723,0.01,,1.164626000012504,1.164626000012504,0.0,penbased,9,,RHC,10,335,1100,9892,0.9661342498989082,2065206385,True,,False
0.9518181818181818,99,False,0.010008087343307723,0.01,,7.963132000004407,7.963132000004407,0.0,penbased,9,,SPINE+1NN,10,99,1100,9892,0.9899919126566923,2065206385,False,"{""admission"": {""criterion"": ""risk"", ""removed_risk"": 5, ""removed_support"": 0}, ""betti_final"": [[1, 0], [1, 0], [2, 0], [1, 0], [2, 0], [3, 0], [1, 0], [3, 0], [1, 0], [1, 0]], ""betti_frozen"": [[1, 0], [1, 0], [2, 0], [1, 0], [2, 0], [3, 0], [1, 0], [3, 0], [1, 0], [1, 0]], ""betti_nerve"": [[1, 0], [1, 0], [1, 0], [1, 0], [1, 0], [2, 0], [1, 0], [1, 0], [1, 0], [1, 0]], ""boundary_restriction"": ""both"", ""forced_removals"": 0, ""growth_representation_fallbacks"": 10, ""invariant_held"": true, ""n_segments"": 83, ""n_train_fit"": 7419, ""n_val"": 2473, ""phase0"": [{""constant_lens"": false, ""gain"": 0.25, ""lens"": ""pc1"", ""lens_scaling"": ""standardize"", ""min_cluster_size"": 37, ""min_samples"": 5, ""n_class"": 771, ""n_edges"": 5, ""n_intervals"": 6, ""n_vertices"": 6, ""noise_reassigned"": 706, ""placement"": ""quantile"", ""slabs"": [{""k"": 1, ""n"": 145}, {""k"": 1, ""n"": 160}, {""k"": 1, ""n"": 161}, {""k"": 1, ""n"": 161}, {""k"": 1, ""n"": 160}, {""k"": 1, ""n"": 145}]}, {""constant_lens"": false, ""gain"": 0.25, ""lens"": ""pc1"", ""lens_scaling"": ""standardize"", ""min_cluster_size"": 37, ""min_samples"": 5, ""n_class"": 772, ""n_edges"": 5, ""n_intervals"": 6, ""n_vertices"": 6, ""noise_reassigned"": 602, ""placement"": ""quantile"", ""slabs"": [{""k"": 1, ""n"": 145}, {""k"": 1, ""n"": 161}, {""k"": 1, ""n"": 161}, {""k"": 1, ""n"": 161}, {""k"": 1, ""n"": 161}, {""k"": 1, ""n"": 145}]}, {""constant_lens"": false, ""gain"": 0.25, ""lens"": ""pc1"", ""lens_scaling"": ""standardize"", ""min_cluster_size"": 37, ""min_samples"": 5, ""n_class"": 773, ""n_edges"": 5, ""n_intervals"": 6, ""n_vertices"": 6, ""noise_reassigned"": 694, ""placement"": ""quantile"", ""slabs"": [{""k"": 1, ""n"": 145}, {""k"": 1, ""n"": 161}, {""k"": 1, ""n"": 161}, {""k"": 1, ""n"": 161}, {""k"": 1, ""n"": 161}, {""k"": 1, ""n"": 145}]}, {""constant_lens"": false, ""gain"": 0.25, ""lens"": ""pc1"", ""lens_scaling"": ""standardize"", ""min_cluster_size"": 37, ""min_samples"": 5, ""n_class"": 712, ""n_edges"": 5, ""n_intervals"": 6, ""n_vertices"": 6, ""noise_reassigned"": 620, ""placement"": ""quantile"", ""slabs"": [{""k"": 1, ""n"": 134}, {""k"": 1, ""n"": 148}, {""k"": 1, ""n"": 148}, {""k"": 1, ""n"": 148}, {""k"": 1, ""n"": 148}, {""k"": 1, ""n"": 134}]}, {""constant_lens"": false, ""gain"": 0.25, ""lens"": ""pc1"", ""lens_scaling"": ""standardize"", ""min_cluster_size"": 37, ""min_samples"": 5, ""n_class"": 772, ""n_edges"": 5, ""n_intervals"": 6, ""n_vertices"": 6, ""noise_reassigned"": 700, ""placement"": ""quantile"", ""slabs"": [{""k"": 1, ""n"": 145}, {""k"": 1, ""n"": 161}, {""k"": 1, ""n"": 161}, {""k"": 1, ""n"": 161}, {""k"": 1, ""n"": 161}, {""k"": 1, ""n"": 145}]}, {""constant_lens"": false, ""gain"": 0.25, ""lens"": ""pc1"", ""lens_scaling"": ""standardize"", ""min_cluster_size"": 37, ""min_samples"": 5, ""n_class"": 712, ""n_edges"": 5, ""n_intervals"": 6, ""n_vertices"": 7, ""noise_reassigned"": 356, ""placement"": ""quantile"", ""slabs"": [{""k"": 1, ""n"": 134}, {""k"": 1, ""n"": 148}, {""k"": 1, ""n"": 148}, {""k"": 2, ""n"": 148}, {""k"": 1, ""n"": 148}, {""k"": 1, ""n"": 134}]}, {""constant_lens"": false, ""gain"": 0.25, ""lens"": ""pc1"", ""lens_scaling"": ""standardize"", ""min_cluster_size"": 37, ""min_samples"": 5, ""n_class"": 713, ""n_edges"": 5, ""n_intervals"": 6, ""n_vertices"": 6, ""noise_reassigned"": 634, ""placement"": ""quantile"", ""slabs"": [{""k"": 1, ""n"": 134}, {""k"": 1, ""n"": 149}, {""k"": 1, ""n"": 148}, {""k"": 1, ""n"": 148}, {""k"": 1, ""n"": 149}, {""k"": 1, ""n"": 134}]}, {""constant_lens"": false, ""gain"": 0.25, ""lens"": ""pc1"", ""lens_scaling"": ""standardize"", ""min_cluster_size"": 37, ""min_samples"": 5, ""n_class"": 770, ""n_edges"": 5, ""n_intervals"": 6, ""n_vertices"": 6, ""noise_reassigned"": 597, ""placement"": ""quantile"", ""slabs"": [{""k"": 1, ""n"": 145}, {""k"": 1, ""n"": 160}, {""k"": 1, ""n"": 160}, {""k"": 1, ""n"": 160}, {""k"": 1, ""n"": 160}, {""k"": 1, ""n"": 145}]}, {""constant_lens"": false, ""gain"": 0.25, ""lens"": ""pc1"", ""lens_scaling"": ""standardize"", ""min_cluster_size"": 37, ""min_samples"": 5, ""n_class"": 712, ""n_edges"": 5, ""n_intervals"": 6, ""n_vertices"": 6, ""noise_reassigned"": 651, ""placement"": ""uniform"", ""slabs"": [{""k"": 1, ""n"": 154}, {""k"": 1, ""n"": 182}, {""k"": 1, ""n"": 148}, {""k"": 1, ""n"": 92}, {""k"": 1, ""n"": 137}, {""k"": 1, ""n"": 163}]}, {""constant_lens"": false, ""gain"": 0.25, ""lens"": ""pc1"", ""lens_scaling"": ""standardize"", ""min_cluster_size"": 37, ""min_samples"": 5, ""n_class"": 712, ""n_edges"": 5, ""n_intervals"": 6, ""n_vertices"": 6, ""noise_reassigned"": 426, ""placement"": ""quantile"", ""slabs"": [{""k"": 1, ""n"": 134}, {""k"": 1, ""n"": 148}, {""k"": 1, ""n"": 148}, {""k"": 1, ""n"": 148}, {""k"": 1, ""n"": 148}, {""k"": 1, ""n"": 134}]}], ""soundness_bound_holds"": true, ""step_rule"": ""scale_free"", ""topology_retention_nerve_to_frozen"": {""beta0_frozen"": 16, ""beta0_nerve"": 11, ""beta1_frozen"": 0, ""beta1_nerve"": 0}}",True
0.9609090909090909,99,False,0.010008087343307723,0.01,,7.963132000004407,7.963132000004407,0.0,penbased,9,,SPINE+Graph,10,99,1100,9892,0.9899919126566923,2065206385,False,"{""admission"": {""criterion"": ""risk"", ""removed_risk"": 5, ""removed_support"": 0}, ""betti_final"": [[1, 0], [1, 0], [2, 0], [1, 0], [2, 0], [3, 0], [1, 0], [3, 0], [1, 0], [1, 0]], ""betti_frozen"": [[1, 0], [1, 0], [2, 0], [1, 0], [2, 0], [3, 0], [1, 0], [3, 0], [1, 0], [1, 0]], ""betti_nerve"": [[1, 0], [1, 0], [1, 0], [1, 0], [1, 0], [2, 0], [1, 0], [1, 0], [1, 0], [1, 0]], ""boundary_restriction"": ""both"", ""forced_removals"": 0, ""growth_representation_fallbacks"": 10, ""invariant_held"": true, ""n_segments"": 83, ""n_train_fit"": 7419, ""n_val"": 2473, ""phase0"": [{""constant_lens"": false, ""gain"": 0.25, ""lens"": ""pc1"", ""lens_scaling"": ""standardize"", ""min_cluster_size"": 37, ""min_samples"": 5, ""n_class"": 771, ""n_edges"": 5, ""n_intervals"": 6, ""n_vertices"": 6, ""noise_reassigned"": 706, ""placement"": ""quantile"", ""slabs"": [{""k"": 1, ""n"": 145}, {""k"": 1, ""n"": 160}, {""k"": 1, ""n"": 161}, {""k"": 1, ""n"": 161}, {""k"": 1, ""n"": 160}, {""k"": 1, ""n"": 145}]}, {""constant_lens"": false, ""gain"": 0.25, ""lens"": ""pc1"", ""lens_scaling"": ""standardize"", ""min_cluster_size"": 37, ""min_samples"": 5, ""n_class"": 772, ""n_edges"": 5, ""n_intervals"": 6, ""n_vertices"": 6, ""noise_reassigned"": 602, ""placement"": ""quantile"", ""slabs"": [{""k"": 1, ""n"": 145}, {""k"": 1, ""n"": 161}, {""k"": 1, ""n"": 161}, {""k"": 1, ""n"": 161}, {""k"": 1, ""n"": 161}, {""k"": 1, ""n"": 145}]}, {""constant_lens"": false, ""gain"": 0.25, ""lens"": ""pc1"", ""lens_scaling"": ""standardize"", ""min_cluster_size"": 37, ""min_samples"": 5, ""n_class"": 773, ""n_edges"": 5, ""n_intervals"": 6, ""n_vertices"": 6, ""noise_reassigned"": 694, ""placement"": ""quantile"", ""slabs"": [{""k"": 1, ""n"": 145}, {""k"": 1, ""n"": 161}, {""k"": 1, ""n"": 161}, {""k"": 1, ""n"": 161}, {""k"": 1, ""n"": 161}, {""k"": 1, ""n"": 145}]}, {""constant_lens"": false, ""gain"": 0.25, ""lens"": ""pc1"", ""lens_scaling"": ""standardize"", ""min_cluster_size"": 37, ""min_samples"": 5, ""n_class"": 712, ""n_edges"": 5, ""n_intervals"": 6, ""n_vertices"": 6, ""noise_reassigned"": 620, ""placement"": ""quantile"", ""slabs"": [{""k"": 1, ""n"": 134}, {""k"": 1, ""n"": 148}, {""k"": 1, ""n"": 148}, {""k"": 1, ""n"": 148}, {""k"": 1, ""n"": 148}, {""k"": 1, ""n"": 134}]}, {""constant_lens"": false, ""gain"": 0.25, ""lens"": ""pc1"", ""lens_scaling"": ""standardize"", ""min_cluster_size"": 37, ""min_samples"": 5, ""n_class"": 772, ""n_edges"": 5, ""n_intervals"": 6, ""n_vertices"": 6, ""noise_reassigned"": 700, ""placement"": ""quantile"", ""slabs"": [{""k"": 1, ""n"": 145}, {""k"": 1, ""n"": 161}, {""k"": 1, ""n"": 161}, {""k"": 1, ""n"": 161}, {""k"": 1, ""n"": 161}, {""k"": 1, ""n"": 145}]}, {""constant_lens"": false, ""gain"": 0.25, ""lens"": ""pc1"", ""lens_scaling"": ""standardize"", ""min_cluster_size"": 37, ""min_samples"": 5, ""n_class"": 712, ""n_edges"": 5, ""n_intervals"": 6, ""n_vertices"": 7, ""noise_reassigned"": 356, ""placement"": ""quantile"", ""slabs"": [{""k"": 1, ""n"": 134}, {""k"": 1, ""n"": 148}, {""k"": 1, ""n"": 148}, {""k"": 2, ""n"": 148}, {""k"": 1, ""n"": 148}, {""k"": 1, ""n"": 134}]}, {""constant_lens"": false, ""gain"": 0.25, ""lens"": ""pc1"", ""lens_scaling"": ""standardize"", ""min_cluster_size"": 37, ""min_samples"": 5, ""n_class"": 713, ""n_edges"": 5, ""n_intervals"": 6, ""n_vertices"": 6, ""noise_reassigned"": 634, ""placement"": ""quantile"", ""slabs"": [{""k"": 1, ""n"": 134}, {""k"": 1, ""n"": 149}, {""k"": 1, ""n"": 148}, {""k"": 1, ""n"": 148}, {""k"": 1, ""n"": 149}, {""k"": 1, ""n"": 134}]}, {""constant_lens"": false, ""gain"": 0.25, ""lens"": ""pc1"", ""lens_scaling"": ""standardize"", ""min_cluster_size"": 37, ""min_samples"": 5, ""n_class"": 770, ""n_edges"": 5, ""n_intervals"": 6, ""n_vertices"": 6, ""noise_reassigned"": 597, ""placement"": ""quantile"", ""slabs"": [{""k"": 1, ""n"": 145}, {""k"": 1, ""n"": 160}, {""k"": 1, ""n"": 160}, {""k"": 1, ""n"": 160}, {""k"": 1, ""n"": 160}, {""k"": 1, ""n"": 145}]}, {""constant_lens"": false, ""gain"": 0.25, ""lens"": ""pc1"", ""lens_scaling"": ""standardize"", ""min_cluster_size"": 37, ""min_samples"": 5, ""n_class"": 712, ""n_edges"": 5, ""n_intervals"": 6, ""n_vertices"": 6, ""noise_reassigned"": 651, ""placement"": ""uniform"", ""slabs"": [{""k"": 1, ""n"": 154}, {""k"": 1, ""n"": 182}, {""k"": 1, ""n"": 148}, {""k"": 1, ""n"": 92}, {""k"": 1, ""n"": 137}, {""k"": 1, ""n"": 163}]}, {""constant_lens"": false, ""gain"": 0.25, ""lens"": ""pc1"", ""lens_scaling"": ""standardize"", ""min_cluster_size"": 37, ""min_samples"": 5, ""n_class"": 712, ""n_edges"": 5, ""n_intervals"": 6, ""n_vertices"": 6, ""noise_reassigned"": 426, ""placement"": ""quantile"", ""slabs"": [{""k"": 1, ""n"": 134}, {""k"": 1, ""n"": 148}, {""k"": 1, ""n"": 148}, {""k"": 1, ""n"": 148}, {""k"": 1, ""n"": 148}, {""k"": 1, ""n"": 134}]}], ""soundness_bound_holds"": true, ""step_rule"": ""scale_free"", ""topology_retention_nerve_to_frozen"": {""beta0_frozen"": 16, ""beta0_nerve"": 11, ""beta1_frozen"": 0, ""beta1_nerve"": 0}}",True
0.9736363636363636,99,False,0.010008087343307723,0.01,,3.659824000002118,69.01239099999657,65.35256699999445,penbased,9,"{""epsilon"": 0.1, ""window"": 0.2}",LVQ3,10,99,1100,9892,0.9899919126566923,2065206385,False,,True
0.9736363636363636,99,False,0.010008087343307723,0.01,"{""0"": 10, ""1"": 10, ""2"": 10, ""3"": 10, ""4"": 10, ""5"": 10, ""6"": 10, ""7"": 10, ""8"": 10, ""9"": 9}",2.1227770000114106,2.1227770000114106,0.0,penbased,9,,KMeans,10,99,1100,9892,0.9899919126566923,2065206385,False,,True
0.8972727272727272,99,False,0.010008087343307723,0.01,"{""0"": 10, ""1"": 10, ""2"": 10, ""3"": 10, ""4"": 10, ""5"": 10, ""6"": 10, ""7"": 10, ""8"": 10, ""9"": 9}",0.0025929999828804284,0.0025929999828804284,0.0,penbased,9,,Random,10,99,1100,9892,0.9899919126566923,2065206385,False,,True
0.9572727272727273,99,False,0.010008087343307723,0.01,,2.7329850000096485,2.7329850000096485,0.0,penbased,9,,SPOT,10,99,1100,9892,0.9899919126566923,2065206385,False,,True
0.9336363636363636,99,False,0.010008087343307723,0.01,,25.073581000004197,25.073581000004197,0.0,penbased,9,,GLVQ,10,99,1100,9892,0.9899919126566923,2065206385,False,,True
0.9690909090909091,99,False,0.010008087343307723,0.01,,1.7576870000048075,1.7576870000048075,0.0,penbased,9,,GNG,10,99,1100,9892,0.9899919126566923,2065206385,False,,True
0.9954545454545455,198,False,0.020016174686615446,0.02,,0.002298999985214323,0.002298999985214323,0.0,penbased,9,,Full,10,9892,1100,9892,0.0,2065206385,True,,False
0.9936363636363637,198,False,0.020016174686615446,0.02,,2.4050439999846276,2.4050439999846276,0.0,penbased,9,,RSP3,10,1049,1100,9892,0.8939547108774768,2065206385,True,,False
0.9918181818181818,198,False,0.020016174686615446,0.02,,1.164626000012504,1.164626000012504,0.0,penbased,9,,RHC,10,335,1100,9892,0.9661342498989082,2065206385,True,,False
0.9654545454545455,198,False,0.020016174686615446,0.02,,9.673132000025362,9.673132000025362,0.0,penbased,9,,SPINE+1NN,10,198,1100,9892,0.9799838253133846,2065206385,False,"{""admission"": {""criterion"": ""risk"", ""removed_risk"": 5, ""removed_support"": 0}, ""betti_final"": [[1, 0], [1, 0], [2, 0], [1, 0], [2, 0], [3, 0], [1, 0], [3, 0], [1, 0], [1, 0]], ""betti_frozen"": [[1, 0], [1, 0], [2, 0], [1, 0], [2, 0], [3, 0], [1, 0], [3, 0], [1, 0], [1, 0]], ""betti_nerve"": [[1, 0], [1, 0], [1, 0], [1, 0], [1, 0], [2, 0], [1, 0], [1, 0], [1, 0], [1, 0]], ""boundary_restriction"": ""both"", ""forced_removals"": 0, ""growth_representation_fallbacks"": 58, ""invariant_held"": true, ""n_segments"": 182, ""n_train_fit"": 7419, ""n_val"": 2473, ""phase0"": [{""constant_lens"": false, ""gain"": 0.25, ""lens"": ""pc1"", ""lens_scaling"": ""standardize"", ""min_cluster_size"": 37, ""min_samples"": 5, ""n_class"": 771, ""n_edges"": 5, ""n_intervals"": 6, ""n_vertices"": 6, ""noise_reassigned"": 706, ""placement"": ""quantile"", ""slabs"": [{""k"": 1, ""n"": 145}, {""k"": 1, ""n"": 160}, {""k"": 1, ""n"": 161}, {""k"": 1, ""n"": 161}, {""k"": 1, ""n"": 160}, {""k"": 1, ""n"": 145}]}, {""constant_lens"": false, ""gain"": 0.25, ""lens"": ""pc1"", ""lens_scaling"": ""standardize"", ""min_cluster_size"": 37, ""min_samples"": 5, ""n_class"": 772, ""n_edges"": 5, ""n_intervals"": 6, ""n_vertices"": 6, ""noise_reassigned"": 602, ""placement"": ""quantile"", ""slabs"": [{""k"": 1, ""n"": 145}, {""k"": 1, ""n"": 161}, {""k"": 1, ""n"": 161}, {""k"": 1, ""n"": 161}, {""k"": 1, ""n"": 161}, {""k"": 1, ""n"": 145}]}, {""constant_lens"": false, ""gain"": 0.25, ""lens"": ""pc1"", ""lens_scaling"": ""standardize"", ""min_cluster_size"": 37, ""min_samples"": 5, ""n_class"": 773, ""n_edges"": 5, ""n_intervals"": 6, ""n_vertices"": 6, ""noise_reassigned"": 694, ""placement"": ""quantile"", ""slabs"": [{""k"": 1, ""n"": 145}, {""k"": 1, ""n"": 161}, {""k"": 1, ""n"": 161}, {""k"": 1, ""n"": 161}, {""k"": 1, ""n"": 161}, {""k"": 1, ""n"": 145}]}, {""constant_lens"": false, ""gain"": 0.25, ""lens"": ""pc1"", ""lens_scaling"": ""standardize"", ""min_cluster_size"": 37, ""min_samples"": 5, ""n_class"": 712, ""n_edges"": 5, ""n_intervals"": 6, ""n_vertices"": 6, ""noise_reassigned"": 620, ""placement"": ""quantile"", ""slabs"": [{""k"": 1, ""n"": 134}, {""k"": 1, ""n"": 148}, {""k"": 1, ""n"": 148}, {""k"": 1, ""n"": 148}, {""k"": 1, ""n"": 148}, {""k"": 1, ""n"": 134}]}, {""constant_lens"": false, ""gain"": 0.25, ""lens"": ""pc1"", ""lens_scaling"": ""standardize"", ""min_cluster_size"": 37, ""min_samples"": 5, ""n_class"": 772, ""n_edges"": 5, ""n_intervals"": 6, ""n_vertices"": 6, ""noise_reassigned"": 700, ""placement"": ""quantile"", ""slabs"": [{""k"": 1, ""n"": 145}, {""k"": 1, ""n"": 161}, {""k"": 1, ""n"": 161}, {""k"": 1, ""n"": 161}, {""k"": 1, ""n"": 161}, {""k"": 1, ""n"": 145}]}, {""constant_lens"": false, ""gain"": 0.25, ""lens"": ""pc1"", ""lens_scaling"": ""standardize"", ""min_cluster_size"": 37, ""min_samples"": 5, ""n_class"": 712, ""n_edges"": 5, ""n_intervals"": 6, ""n_vertices"": 7, ""noise_reassigned"": 356, ""placement"": ""quantile"", ""slabs"": [{""k"": 1, ""n"": 134}, {""k"": 1, ""n"": 148}, {""k"": 1, ""n"": 148}, {""k"": 2, ""n"": 148}, {""k"": 1, ""n"": 148}, {""k"": 1, ""n"": 134}]}, {""constant_lens"": false, ""gain"": 0.25, ""lens"": ""pc1"", ""lens_scaling"": ""standardize"", ""min_cluster_size"": 37, ""min_samples"": 5, ""n_class"": 713, ""n_edges"": 5, ""n_intervals"": 6, ""n_vertices"": 6, ""noise_reassigned"": 634, ""placement"": ""quantile"", ""slabs"": [{""k"": 1, ""n"": 134}, {""k"": 1, ""n"": 149}, {""k"": 1, ""n"": 148}, {""k"": 1, ""n"": 148}, {""k"": 1, ""n"": 149}, {""k"": 1, ""n"": 134}]}, {""constant_lens"": false, ""gain"": 0.25, ""lens"": ""pc1"", ""lens_scaling"": ""standardize"", ""min_cluster_size"": 37, ""min_samples"": 5, ""n_class"": 770, ""n_edges"": 5, ""n_intervals"": 6, ""n_vertices"": 6, ""noise_reassigned"": 597, ""placement"": ""quantile"", ""slabs"": [{""k"": 1, ""n"": 145}, {""k"": 1, ""n"": 160}, {""k"": 1, ""n"": 160}, {""k"": 1, ""n"": 160}, {""k"": 1, ""n"": 160}, {""k"": 1, ""n"": 145}]}, {""constant_lens"": false, ""gain"": 0.25, ""lens"": ""pc1"", ""lens_scaling"": ""standardize"", ""min_cluster_size"": 37, ""min_samples"": 5, ""n_class"": 712, ""n_edges"": 5, ""n_intervals"": 6, ""n_vertices"": 6, ""noise_reassigned"": 651, ""placement"": ""uniform"", ""slabs"": [{""k"": 1, ""n"": 154}, {""k"": 1, ""n"": 182}, {""k"": 1, ""n"": 148}, {""k"": 1, ""n"": 92}, {""k"": 1, ""n"": 137}, {""k"": 1, ""n"": 163}]}, {""constant_lens"": false, ""gain"": 0.25, ""lens"": ""pc1"", ""lens_scaling"": ""standardize"", ""min_cluster_size"": 37, ""min_samples"": 5, ""n_class"": 712, ""n_edges"": 5, ""n_intervals"": 6, ""n_vertices"": 6, ""noise_reassigned"": 426, ""placement"": ""quantile"", ""slabs"": [{""k"": 1, ""n"": 134}, {""k"": 1, ""n"": 148}, {""k"": 1, ""n"": 148}, {""k"": 1, ""n"": 148}, {""k"": 1, ""n"": 148}, {""k"": 1, ""n"": 134}]}], ""soundness_bound_holds"": true, ""step_rule"": ""scale_free"", ""topology_retention_nerve_to_frozen"": {""beta0_frozen"": 16, ""beta0_nerve"": 11, ""beta1_frozen"": 0, ""beta1_nerve"": 0}}",True
0.97,198,False,0.020016174686615446,0.02,,9.673132000025362,9.673132000025362,0.0,penbased,9,,SPINE+Graph,10,198,1100,9892,0.9799838253133846,2065206385,False,"{""admission"": {""criterion"": ""risk"", ""removed_risk"": 5, ""removed_support"": 0}, ""betti_final"": [[1, 0], [1, 0], [2, 0], [1, 0], [2, 0], [3, 0], [1, 0], [3, 0], [1, 0], [1, 0]], ""betti_frozen"": [[1, 0], [1, 0], [2, 0], [1, 0], [2, 0], [3, 0], [1, 0], [3, 0], [1, 0], [1, 0]], ""betti_nerve"": [[1, 0], [1, 0], [1, 0], [1, 0], [1, 0], [2, 0], [1, 0], [1, 0], [1, 0], [1, 0]], ""boundary_restriction"": ""both"", ""forced_removals"": 0, ""growth_representation_fallbacks"": 58, ""invariant_held"": true, ""n_segments"": 182, ""n_train_fit"": 7419, ""n_val"": 2473, ""phase0"": [{""constant_lens"": false, ""gain"": 0.25, ""lens"": ""pc1"", ""lens_scaling"": ""standardize"", ""min_cluster_size"": 37, ""min_samples"": 5, ""n_class"": 771, ""n_edges"": 5, ""n_intervals"": 6, ""n_vertices"": 6, ""noise_reassigned"": 706, ""placement"": ""quantile"", ""slabs"": [{""k"": 1, ""n"": 145}, {""k"": 1, ""n"": 160}, {""k"": 1, ""n"": 161}, {""k"": 1, ""n"": 161}, {""k"": 1, ""n"": 160}, {""k"": 1, ""n"": 145}]}, {""constant_lens"": false, ""gain"": 0.25, ""lens"": ""pc1"", ""lens_scaling"": ""standardize"", ""min_cluster_size"": 37, ""min_samples"": 5, ""n_class"": 772, ""n_edges"": 5, ""n_intervals"": 6, ""n_vertices"": 6, ""noise_reassigned"": 602, ""placement"": ""quantile"", ""slabs"": [{""k"": 1, ""n"": 145}, {""k"": 1, ""n"": 161}, {""k"": 1, ""n"": 161}, {""k"": 1, ""n"": 161}, {""k"": 1, ""n"": 161}, {""k"": 1, ""n"": 145}]}, {""constant_lens"": false, ""gain"": 0.25, ""lens"": ""pc1"", ""lens_scaling"": ""standardize"", ""min_cluster_size"": 37, ""min_samples"": 5, ""n_class"": 773, ""n_edges"": 5, ""n_intervals"": 6, ""n_vertices"": 6, ""noise_reassigned"": 694, ""placement"": ""quantile"", ""slabs"": [{""k"": 1, ""n"": 145}, {""k"": 1, ""n"": 161}, {""k"": 1, ""n"": 161}, {""k"": 1, ""n"": 161}, {""k"": 1, ""n"": 161}, {""k"": 1, ""n"": 145}]}, {""constant_lens"": false, ""gain"": 0.25, ""lens"": ""pc1"", ""lens_scaling"": ""standardize"", ""min_cluster_size"": 37, ""min_samples"": 5, ""n_class"": 712, ""n_edges"": 5, ""n_intervals"": 6, ""n_vertices"": 6, ""noise_reassigned"": 620, ""placement"": ""quantile"", ""slabs"": [{""k"": 1, ""n"": 134}, {""k"": 1, ""n"": 148}, {""k"": 1, ""n"": 148}, {""k"": 1, ""n"": 148}, {""k"": 1, ""n"": 148}, {""k"": 1, ""n"": 134}]}, {""constant_lens"": false, ""gain"": 0.25, ""lens"": ""pc1"", ""lens_scaling"": ""standardize"", ""min_cluster_size"": 37, ""min_samples"": 5, ""n_class"": 772, ""n_edges"": 5, ""n_intervals"": 6, ""n_vertices"": 6, ""noise_reassigned"": 700, ""placement"": ""quantile"", ""slabs"": [{""k"": 1, ""n"": 145}, {""k"": 1, ""n"": 161}, {""k"": 1, ""n"": 161}, {""k"": 1, ""n"": 161}, {""k"": 1, ""n"": 161}, {""k"": 1, ""n"": 145}]}, {""constant_lens"": false, ""gain"": 0.25, ""lens"": ""pc1"", ""lens_scaling"": ""standardize"", ""min_cluster_size"": 37, ""min_samples"": 5, ""n_class"": 712, ""n_edges"": 5, ""n_intervals"": 6, ""n_vertices"": 7, ""noise_reassigned"": 356, ""placement"": ""quantile"", ""slabs"": [{""k"": 1, ""n"": 134}, {""k"": 1, ""n"": 148}, {""k"": 1, ""n"": 148}, {""k"": 2, ""n"": 148}, {""k"": 1, ""n"": 148}, {""k"": 1, ""n"": 134}]}, {""constant_lens"": false, ""gain"": 0.25, ""lens"": ""pc1"", ""lens_scaling"": ""standardize"", ""min_cluster_size"": 37, ""min_samples"": 5, ""n_class"": 713, ""n_edges"": 5, ""n_intervals"": 6, ""n_vertices"": 6, ""noise_reassigned"": 634, ""placement"": ""quantile"", ""slabs"": [{""k"": 1, ""n"": 134}, {""k"": 1, ""n"": 149}, {""k"": 1, ""n"": 148}, {""k"": 1, ""n"": 148}, {""k"": 1, ""n"": 149}, {""k"": 1, ""n"": 134}]}, {""constant_lens"": false, ""gain"": 0.25, ""lens"": ""pc1"", ""lens_scaling"": ""standardize"", ""min_cluster_size"": 37, ""min_samples"": 5, ""n_class"": 770, ""n_edges"": 5, ""n_intervals"": 6, ""n_vertices"": 6, ""noise_reassigned"": 597, ""placement"": ""quantile"", ""slabs"": [{""k"": 1, ""n"": 145}, {""k"": 1, ""n"": 160}, {""k"": 1, ""n"": 160}, {""k"": 1, ""n"": 160}, {""k"": 1, ""n"": 160}, {""k"": 1, ""n"": 145}]}, {""constant_lens"": false, ""gain"": 0.25, ""lens"": ""pc1"", ""lens_scaling"": ""standardize"", ""min_cluster_size"": 37, ""min_samples"": 5, ""n_class"": 712, ""n_edges"": 5, ""n_intervals"": 6, ""n_vertices"": 6, ""noise_reassigned"": 651, ""placement"": ""uniform"", ""slabs"": [{""k"": 1, ""n"": 154}, {""k"": 1, ""n"": 182}, {""k"": 1, ""n"": 148}, {""k"": 1, ""n"": 92}, {""k"": 1, ""n"": 137}, {""k"": 1, ""n"": 163}]}, {""constant_lens"": false, ""gain"": 0.25, ""lens"": ""pc1"", ""lens_scaling"": ""standardize"", ""min_cluster_size"": 37, ""min_samples"": 5, ""n_class"": 712, ""n_edges"": 5, ""n_intervals"": 6, ""n_vertices"": 6, ""noise_reassigned"": 426, ""placement"": ""quantile"", ""slabs"": [{""k"": 1, ""n"": 134}, {""k"": 1, ""n"": 148}, {""k"": 1, ""n"": 148}, {""k"": 1, ""n"": 148}, {""k"": 1, ""n"": 148}, {""k"": 1, ""n"": 134}]}], ""soundness_bound_holds"": true, ""step_rule"": ""scale_free"", ""topology_retention_nerve_to_frozen"": {""beta0_frozen"": 16, ""beta0_nerve"": 11, ""beta1_frozen"": 0, ""beta1_nerve"": 0}}",True
0.9790909090909091,198,False,0.020016174686615446,0.02,,4.882172999990871,85.84095399998478,80.9587809999939,penbased,9,"{""epsilon"": 0.1, ""window"": 0.2}",LVQ3,10,198,1100,9892,0.9799838253133846,2065206385,False,,True
0.9836363636363636,198,False,0.020016174686615446,0.02,"{""0"": 20, ""1"": 21, ""2"": 21, ""3"": 19, ""4"": 21, ""5"": 19, ""6"": 19, ""7"": 20, ""8"": 19, ""9"": 19}",3.453919000021415,3.453919000021415,0.0,penbased,9,,KMeans,10,198,1100,9892,0.9799838253133846,2065206385,False,,True
0.9163636363636364,198,False,0.020016174686615446,0.02,"{""0"": 20, ""1"": 21, ""2"": 21, ""3"": 19, ""4"": 21, ""5"": 19, ""6"": 19, ""7"": 20, ""8"": 19, ""9"": 19}",0.00281499998527579,0.00281499998527579,0.0,penbased,9,,Random,10,198,1100,9892,0.9799838253133846,2065206385,False,,True
0.9709090909090909,198,False,0.020016174686615446,0.02,,2.3581209999974817,2.3581209999974817,0.0,penbased,9,,SPOT,10,198,1100,9892,0.9799838253133846,2065206385,False,,True
0.9363636363636364,198,False,0.020016174686615446,0.02,,45.66103999997722,45.66103999997722,0.0,penbased,9,,GLVQ,10,198,1100,9892,0.9799838253133846,2065206385,False,,True
0.9772727272727273,198,False,0.020016174686615446,0.02,,2.364264000003459,2.364264000003459,0.0,penbased,9,,GNG,10,198,1100,9892,0.9799838253133846,2065206385,False,,True
0.9954545454545455,495,False,0.050040436716538614,0.05,,0.002298999985214323,0.002298999985214323,0.0,penbased,9,,Full,10,9892,1100,9892,0.0,2065206385,True,,False
0.9936363636363637,495,False,0.050040436716538614,0.05,,2.4050439999846276,2.4050439999846276,0.0,penbased,9,,RSP3,10,1049,1100,9892,0.8939547108774768,2065206385,True,,False
0.9918181818181818,495,False,0.050040436716538614,0.05,,1.164626000012504,1.164626000012504,0.0,penbased,9,,RHC,10,335,1100,9892,0.9661342498989082,2065206385,True,,False
0.9727272727272728,495,False,0.050040436716538614,0.05,,12.761494000005769,12.761494000005769,0.0,penbased,9,,SPINE+1NN,10,495,1100,9892,0.9499595632834614,2065206385,False,"{""admission"": {""criterion"": ""risk"", ""removed_risk"": 5, ""removed_support"": 0}, ""betti_final"": [[1, 0], [1, 0], [2, 0], [1, 0], [2, 0], [3, 0], [1, 0], [3, 0], [1, 0], [1, 0]], ""betti_frozen"": [[1, 0], [1, 0], [2, 0], [1, 0], [2, 0], [3, 0], [1, 0], [3, 0], [1, 0], [1, 0]], ""betti_nerve"": [[1, 0], [1, 0], [1, 0], [1, 0], [1, 0], [2, 0], [1, 0], [1, 0], [1, 0], [1, 0]], ""boundary_restriction"": ""both"", ""forced_removals"": 0, ""growth_representation_fallbacks"": 392, ""invariant_held"": true, ""n_segments"": 479, ""n_train_fit"": 7419, ""n_val"": 2473, ""phase0"": [{""constant_lens"": false, ""gain"": 0.25, ""lens"": ""pc1"", ""lens_scaling"": ""standardize"", ""min_cluster_size"": 37, ""min_samples"": 5, ""n_class"": 771, ""n_edges"": 5, ""n_intervals"": 6, ""n_vertices"": 6, ""noise_reassigned"": 706, ""placement"": ""quantile"", ""slabs"": [{""k"": 1, ""n"": 145}, {""k"": 1, ""n"": 160}, {""k"": 1, ""n"": 161}, {""k"": 1, ""n"": 161}, {""k"": 1, ""n"": 160}, {""k"": 1, ""n"": 145}]}, {""constant_lens"": false, ""gain"": 0.25, ""lens"": ""pc1"", ""lens_scaling"": ""standardize"", ""min_cluster_size"": 37, ""min_samples"": 5, ""n_class"": 772, ""n_edges"": 5, ""n_intervals"": 6, ""n_vertices"": 6, ""noise_reassigned"": 602, ""placement"": ""quantile"", ""slabs"": [{""k"": 1, ""n"": 145}, {""k"": 1, ""n"": 161}, {""k"": 1, ""n"": 161}, {""k"": 1, ""n"": 161}, {""k"": 1, ""n"": 161}, {""k"": 1, ""n"": 145}]}, {""constant_lens"": false, ""gain"": 0.25, ""lens"": ""pc1"", ""lens_scaling"": ""standardize"", ""min_cluster_size"": 37, ""min_samples"": 5, ""n_class"": 773, ""n_edges"": 5, ""n_intervals"": 6, ""n_vertices"": 6, ""noise_reassigned"": 694, ""placement"": ""quantile"", ""slabs"": [{""k"": 1, ""n"": 145}, {""k"": 1, ""n"": 161}, {""k"": 1, ""n"": 161}, {""k"": 1, ""n"": 161}, {""k"": 1, ""n"": 161}, {""k"": 1, ""n"": 145}]}, {""constant_lens"": false, ""gain"": 0.25, ""lens"": ""pc1"", ""lens_scaling"": ""standardize"", ""min_cluster_size"": 37, ""min_samples"": 5, ""n_class"": 712, ""n_edges"": 5, ""n_intervals"": 6, ""n_vertices"": 6, ""noise_reassigned"": 620, ""placement"": ""quantile"", ""slabs"": [{""k"": 1, ""n"": 134}, {""k"": 1, ""n"": 148}, {""k"": 1, ""n"": 148}, {""k"": 1, ""n"": 148}, {""k"": 1, ""n"": 148}, {""k"": 1, ""n"": 134}]}, {""constant_lens"": false, ""gain"": 0.25, ""lens"": ""pc1"", ""lens_scaling"": ""standardize"", ""min_cluster_size"": 37, ""min_samples"": 5, ""n_class"": 772, ""n_edges"": 5, ""n_intervals"": 6, ""n_vertices"": 6, ""noise_reassigned"": 700, ""placement"": ""quantile"", ""slabs"": [{""k"": 1, ""n"": 145}, {""k"": 1, ""n"": 161}, {""k"": 1, ""n"": 161}, {""k"": 1, ""n"": 161}, {""k"": 1, ""n"": 161}, {""k"": 1, ""n"": 145}]}, {""constant_lens"": false, ""gain"": 0.25, ""lens"": ""pc1"", ""lens_scaling"": ""standardize"", ""min_cluster_size"": 37, ""min_samples"": 5, ""n_class"": 712, ""n_edges"": 5, ""n_intervals"": 6, ""n_vertices"": 7, ""noise_reassigned"": 356, ""placement"": ""quantile"", ""slabs"": [{""k"": 1, ""n"": 134}, {""k"": 1, ""n"": 148}, {""k"": 1, ""n"": 148}, {""k"": 2, ""n"": 148}, {""k"": 1, ""n"": 148}, {""k"": 1, ""n"": 134}]}, {""constant_lens"": false, ""gain"": 0.25, ""lens"": ""pc1"", ""lens_scaling"": ""standardize"", ""min_cluster_size"": 37, ""min_samples"": 5, ""n_class"": 713, ""n_edges"": 5, ""n_intervals"": 6, ""n_vertices"": 6, ""noise_reassigned"": 634, ""placement"": ""quantile"", ""slabs"": [{""k"": 1, ""n"": 134}, {""k"": 1, ""n"": 149}, {""k"": 1, ""n"": 148}, {""k"": 1, ""n"": 148}, {""k"": 1, ""n"": 149}, {""k"": 1, ""n"": 134}]}, {""constant_lens"": false, ""gain"": 0.25, ""lens"": ""pc1"", ""lens_scaling"": ""standardize"", ""min_cluster_size"": 37, ""min_samples"": 5, ""n_class"": 770, ""n_edges"": 5, ""n_intervals"": 6, ""n_vertices"": 6, ""noise_reassigned"": 597, ""placement"": ""quantile"", ""slabs"": [{""k"": 1, ""n"": 145}, {""k"": 1, ""n"": 160}, {""k"": 1, ""n"": 160}, {""k"": 1, ""n"": 160}, {""k"": 1, ""n"": 160}, {""k"": 1, ""n"": 145}]}, {""constant_lens"": false, ""gain"": 0.25, ""lens"": ""pc1"", ""lens_scaling"": ""standardize"", ""min_cluster_size"": 37, ""min_samples"": 5, ""n_class"": 712, ""n_edges"": 5, ""n_intervals"": 6, ""n_vertices"": 6, ""noise_reassigned"": 651, ""placement"": ""uniform"", ""slabs"": [{""k"": 1, ""n"": 154}, {""k"": 1, ""n"": 182}, {""k"": 1, ""n"": 148}, {""k"": 1, ""n"": 92}, {""k"": 1, ""n"": 137}, {""k"": 1, ""n"": 163}]}, {""constant_lens"": false, ""gain"": 0.25, ""lens"": ""pc1"", ""lens_scaling"": ""standardize"", ""min_cluster_size"": 37, ""min_samples"": 5, ""n_class"": 712, ""n_edges"": 5, ""n_intervals"": 6, ""n_vertices"": 6, ""noise_reassigned"": 426, ""placement"": ""quantile"", ""slabs"": [{""k"": 1, ""n"": 134}, {""k"": 1, ""n"": 148}, {""k"": 1, ""n"": 148}, {""k"": 1, ""n"": 148}, {""k"": 1, ""n"": 148}, {""k"": 1, ""n"": 134}]}], ""soundness_bound_holds"": true, ""step_rule"": ""scale_free"", ""topology_retention_nerve_to_frozen"": {""beta0_frozen"": 16, ""beta0_nerve"": 11, ""beta1_frozen"": 0, ""beta1_nerve"": 0}}",True
0.9736363636363636,495,False,0.050040436716538614,0.05,,12.761494000005769,12.761494000005769,0.0,penbased,9,,SPINE+Graph,10,495,1100,9892,0.9499595632834614,2065206385,False,"{""admission"": {""criterion"": ""risk"", ""removed_risk"": 5, ""removed_support"": 0}, ""betti_final"": [[1, 0], [1, 0], [2, 0], [1, 0], [2, 0], [3, 0], [1, 0], [3, 0], [1, 0], [1, 0]], ""betti_frozen"": [[1, 0], [1, 0], [2, 0], [1, 0], [2, 0], [3, 0], [1, 0], [3, 0], [1, 0], [1, 0]], ""betti_nerve"": [[1, 0], [1, 0], [1, 0], [1, 0], [1, 0], [2, 0], [1, 0], [1, 0], [1, 0], [1, 0]], ""boundary_restriction"": ""both"", ""forced_removals"": 0, ""growth_representation_fallbacks"": 392, ""invariant_held"": true, ""n_segments"": 479, ""n_train_fit"": 7419, ""n_val"": 2473, ""phase0"": [{""constant_lens"": false, ""gain"": 0.25, ""lens"": ""pc1"", ""lens_scaling"": ""standardize"", ""min_cluster_size"": 37, ""min_samples"": 5, ""n_class"": 771, ""n_edges"": 5, ""n_intervals"": 6, ""n_vertices"": 6, ""noise_reassigned"": 706, ""placement"": ""quantile"", ""slabs"": [{""k"": 1, ""n"": 145}, {""k"": 1, ""n"": 160}, {""k"": 1, ""n"": 161}, {""k"": 1, ""n"": 161}, {""k"": 1, ""n"": 160}, {""k"": 1, ""n"": 145}]}, {""constant_lens"": false, ""gain"": 0.25, ""lens"": ""pc1"", ""lens_scaling"": ""standardize"", ""min_cluster_size"": 37, ""min_samples"": 5, ""n_class"": 772, ""n_edges"": 5, ""n_intervals"": 6, ""n_vertices"": 6, ""noise_reassigned"": 602, ""placement"": ""quantile"", ""slabs"": [{""k"": 1, ""n"": 145}, {""k"": 1, ""n"": 161}, {""k"": 1, ""n"": 161}, {""k"": 1, ""n"": 161}, {""k"": 1, ""n"": 161}, {""k"": 1, ""n"": 145}]}, {""constant_lens"": false, ""gain"": 0.25, ""lens"": ""pc1"", ""lens_scaling"": ""standardize"", ""min_cluster_size"": 37, ""min_samples"": 5, ""n_class"": 773, ""n_edges"": 5, ""n_intervals"": 6, ""n_vertices"": 6, ""noise_reassigned"": 694, ""placement"": ""quantile"", ""slabs"": [{""k"": 1, ""n"": 145}, {""k"": 1, ""n"": 161}, {""k"": 1, ""n"": 161}, {""k"": 1, ""n"": 161}, {""k"": 1, ""n"": 161}, {""k"": 1, ""n"": 145}]}, {""constant_lens"": false, ""gain"": 0.25, ""lens"": ""pc1"", ""lens_scaling"": ""standardize"", ""min_cluster_size"": 37, ""min_samples"": 5, ""n_class"": 712, ""n_edges"": 5, ""n_intervals"": 6, ""n_vertices"": 6, ""noise_reassigned"": 620, ""placement"": ""quantile"", ""slabs"": [{""k"": 1, ""n"": 134}, {""k"": 1, ""n"": 148}, {""k"": 1, ""n"": 148}, {""k"": 1, ""n"": 148}, {""k"": 1, ""n"": 148}, {""k"": 1, ""n"": 134}]}, {""constant_lens"": false, ""gain"": 0.25, ""lens"": ""pc1"", ""lens_scaling"": ""standardize"", ""min_cluster_size"": 37, ""min_samples"": 5, ""n_class"": 772, ""n_edges"": 5, ""n_intervals"": 6, ""n_vertices"": 6, ""noise_reassigned"": 700, ""placement"": ""quantile"", ""slabs"": [{""k"": 1, ""n"": 145}, {""k"": 1, ""n"": 161}, {""k"": 1, ""n"": 161}, {""k"": 1, ""n"": 161}, {""k"": 1, ""n"": 161}, {""k"": 1, ""n"": 145}]}, {""constant_lens"": false, ""gain"": 0.25, ""lens"": ""pc1"", ""lens_scaling"": ""standardize"", ""min_cluster_size"": 37, ""min_samples"": 5, ""n_class"": 712, ""n_edges"": 5, ""n_intervals"": 6, ""n_vertices"": 7, ""noise_reassigned"": 356, ""placement"": ""quantile"", ""slabs"": [{""k"": 1, ""n"": 134}, {""k"": 1, ""n"": 148}, {""k"": 1, ""n"": 148}, {""k"": 2, ""n"": 148}, {""k"": 1, ""n"": 148}, {""k"": 1, ""n"": 134}]}, {""constant_lens"": false, ""gain"": 0.25, ""lens"": ""pc1"", ""lens_scaling"": ""standardize"", ""min_cluster_size"": 37, ""min_samples"": 5, ""n_class"": 713, ""n_edges"": 5, ""n_intervals"": 6, ""n_vertices"": 6, ""noise_reassigned"": 634, ""placement"": ""quantile"", ""slabs"": [{""k"": 1, ""n"": 134}, {""k"": 1, ""n"": 149}, {""k"": 1, ""n"": 148}, {""k"": 1, ""n"": 148}, {""k"": 1, ""n"": 149}, {""k"": 1, ""n"": 134}]}, {""constant_lens"": false, ""gain"": 0.25, ""lens"": ""pc1"", ""lens_scaling"": ""standardize"", ""min_cluster_size"": 37, ""min_samples"": 5, ""n_class"": 770, ""n_edges"": 5, ""n_intervals"": 6, ""n_vertices"": 6, ""noise_reassigned"": 597, ""placement"": ""quantile"", ""slabs"": [{""k"": 1, ""n"": 145}, {""k"": 1, ""n"": 160}, {""k"": 1, ""n"": 160}, {""k"": 1, ""n"": 160}, {""k"": 1, ""n"": 160}, {""k"": 1, ""n"": 145}]}, {""constant_lens"": false, ""gain"": 0.25, ""lens"": ""pc1"", ""lens_scaling"": ""standardize"", ""min_cluster_size"": 37, ""min_samples"": 5, ""n_class"": 712, ""n_edges"": 5, ""n_intervals"": 6, ""n_vertices"": 6, ""noise_reassigned"": 651, ""placement"": ""uniform"", ""slabs"": [{""k"": 1, ""n"": 154}, {""k"": 1, ""n"": 182}, {""k"": 1, ""n"": 148}, {""k"": 1, ""n"": 92}, {""k"": 1, ""n"": 137}, {""k"": 1, ""n"": 163}]}, {""constant_lens"": false, ""gain"": 0.25, ""lens"": ""pc1"", ""lens_scaling"": ""standardize"", ""min_cluster_size"": 37, ""min_samples"": 5, ""n_class"": 712, ""n_edges"": 5, ""n_intervals"": 6, ""n_vertices"": 6, ""noise_reassigned"": 426, ""placement"": ""quantile"", ""slabs"": [{""k"": 1, ""n"": 134}, {""k"": 1, ""n"": 148}, {""k"": 1, ""n"": 148}, {""k"": 1, ""n"": 148}, {""k"": 1, ""n"": 148}, {""k"": 1, ""n"": 134}]}], ""soundness_bound_holds"": true, ""step_rule"": ""scale_free"", ""topology_retention_nerve_to_frozen"": {""beta0_frozen"": 16, ""beta0_nerve"": 11, ""beta1_frozen"": 0, ""beta1_nerve"": 0}}",True
0.9836363636363636,495,False,0.050040436716538614,0.05,,6.887539999996079,121.93933400002425,115.05179400002817,penbased,9,"{""epsilon"": 0.1, ""window"": 0.3}",LVQ3,10,495,1100,9892,0.9499595632834614,2065206385,False,,True
0.9854545454545455,495,False,0.050040436716538614,0.05,"{""0"": 51, ""1"": 52, ""2"": 52, ""3"": 47, ""4"": 52, ""5"": 47, ""6"": 48, ""7"": 51, ""8"": 48, ""9"": 47}",5.659331999981077,5.659331999981077,0.0,penbased,9,,KMeans,10,495,1100,9892,0.9499595632834614,2065206385,False,,True
0.9736363636363636,495,False,0.050040436716538614,0.05,"{""0"": 51, ""1"": 52, ""2"": 52, ""3"": 47, ""4"": 52, ""5"": 47, ""6"": 48, ""7"": 51, ""8"": 48, ""9"": 47}",0.0029470000008586794,0.0029470000008586794,0.0,penbased,9,,Random,10,495,1100,9892,0.9499595632834614,2065206385,False,,True
0.9836363636363636,495,False,0.050040436716538614,0.05,,3.0490310000022873,3.0490310000022873,0.0,penbased,9,,SPOT,10,495,1100,9892,0.9499595632834614,2065206385,False,,True
0.9363636363636364,495,False,0.050040436716538614,0.05,,107.4822999999742,107.4822999999742,0.0,penbased,9,,GLVQ,10,495,1100,9892,0.9499595632834614,2065206385,False,,True
0.9863636363636363,495,False,0.050040436716538614,0.05,,5.256748999992851,5.256748999992851,0.0,penbased,9,,GNG,10,495,1100,9892,0.9499595632834614,2065206385,False,,True
0.9954545454545455,989,False,0.09997978164173069,0.1,,0.002298999985214323,0.002298999985214323,0.0,penbased,9,,Full,10,9892,1100,9892,0.0,2065206385,True,,False
0.9936363636363637,989,False,0.09997978164173069,0.1,,2.4050439999846276,2.4050439999846276,0.0,penbased,9,,RSP3,10,1049,1100,9892,0.8939547108774768,2065206385,True,,False
0.9918181818181818,989,False,0.09997978164173069,0.1,,1.164626000012504,1.164626000012504,0.0,penbased,9,,RHC,10,335,1100,9892,0.9661342498989082,2065206385,True,,False
0.9818181818181818,989,False,0.09997978164173069,0.1,,20.056641999981366,20.056641999981366,0.0,penbased,9,,SPINE+1NN,10,989,1100,9892,0.9000202183582693,2065206385,False,"{""admission"": {""criterion"": ""risk"", ""removed_risk"": 5, ""removed_support"": 0}, ""betti_final"": [[1, 0], [1, 0], [2, 0], [1, 0], [2, 0], [3, 0], [1, 0], [3, 0], [1, 0], [1, 0]], ""betti_frozen"": [[1, 0], [1, 0], [2, 0], [1, 0], [2, 0], [3, 0], [1, 0], [3, 0], [1, 0], [1, 0]], ""betti_nerve"": [[1, 0], [1, 0], [1, 0], [1, 0], [1, 0], [2, 0], [1, 0], [1, 0], [1, 0], [1, 0]], ""boundary_restriction"": ""both"", ""forced_removals"": 0, ""growth_representation_fallbacks"": 983, ""invariant_held"": true, ""n_segments"": 973, ""n_train_fit"": 7419, ""n_val"": 2473, ""phase0"": [{""constant_lens"": false, ""gain"": 0.25, ""lens"": ""pc1"", ""lens_scaling"": ""standardize"", ""min_cluster_size"": 37, ""min_samples"": 5, ""n_class"": 771, ""n_edges"": 5, ""n_intervals"": 6, ""n_vertices"": 6, ""noise_reassigned"": 706, ""placement"": ""quantile"", ""slabs"": [{""k"": 1, ""n"": 145}, {""k"": 1, ""n"": 160}, {""k"": 1, ""n"": 161}, {""k"": 1, ""n"": 161}, {""k"": 1, ""n"": 160}, {""k"": 1, ""n"": 145}]}, {""constant_lens"": false, ""gain"": 0.25, ""lens"": ""pc1"", ""lens_scaling"": ""standardize"", ""min_cluster_size"": 37, ""min_samples"": 5, ""n_class"": 772, ""n_edges"": 5, ""n_intervals"": 6, ""n_vertices"": 6, ""noise_reassigned"": 602, ""placement"": ""quantile"", ""slabs"": [{""k"": 1, ""n"": 145}, {""k"": 1, ""n"": 161}, {""k"": 1, ""n"": 161}, {""k"": 1, ""n"": 161}, {""k"": 1, ""n"": 161}, {""k"": 1, ""n"": 145}]}, {""constant_lens"": false, ""gain"": 0.25, ""lens"": ""pc1"", ""lens_scaling"": ""standardize"", ""min_cluster_size"": 37, ""min_samples"": 5, ""n_class"": 773, ""n_edges"": 5, ""n_intervals"": 6, ""n_vertices"": 6, ""noise_reassigned"": 694, ""placement"": ""quantile"", ""slabs"": [{""k"": 1, ""n"": 145}, {""k"": 1, ""n"": 161}, {""k"": 1, ""n"": 161}, {""k"": 1, ""n"": 161}, {""k"": 1, ""n"": 161}, {""k"": 1, ""n"": 145}]}, {""constant_lens"": false, ""gain"": 0.25, ""lens"": ""pc1"", ""lens_scaling"": ""standardize"", ""min_cluster_size"": 37, ""min_samples"": 5, ""n_class"": 712, ""n_edges"": 5, ""n_intervals"": 6, ""n_vertices"": 6, ""noise_reassigned"": 620, ""placement"": ""quantile"", ""slabs"": [{""k"": 1, ""n"": 134}, {""k"": 1, ""n"": 148}, {""k"": 1, ""n"": 148}, {""k"": 1, ""n"": 148}, {""k"": 1, ""n"": 148}, {""k"": 1, ""n"": 134}]}, {""constant_lens"": false, ""gain"": 0.25, ""lens"": ""pc1"", ""lens_scaling"": ""standardize"", ""min_cluster_size"": 37, ""min_samples"": 5, ""n_class"": 772, ""n_edges"": 5, ""n_intervals"": 6, ""n_vertices"": 6, ""noise_reassigned"": 700, ""placement"": ""quantile"", ""slabs"": [{""k"": 1, ""n"": 145}, {""k"": 1, ""n"": 161}, {""k"": 1, ""n"": 161}, {""k"": 1, ""n"": 161}, {""k"": 1, ""n"": 161}, {""k"": 1, ""n"": 145}]}, {""constant_lens"": false, ""gain"": 0.25, ""lens"": ""pc1"", ""lens_scaling"": ""standardize"", ""min_cluster_size"": 37, ""min_samples"": 5, ""n_class"": 712, ""n_edges"": 5, ""n_intervals"": 6, ""n_vertices"": 7, ""noise_reassigned"": 356, ""placement"": ""quantile"", ""slabs"": [{""k"": 1, ""n"": 134}, {""k"": 1, ""n"": 148}, {""k"": 1, ""n"": 148}, {""k"": 2, ""n"": 148}, {""k"": 1, ""n"": 148}, {""k"": 1, ""n"": 134}]}, {""constant_lens"": false, ""gain"": 0.25, ""lens"": ""pc1"", ""lens_scaling"": ""standardize"", ""min_cluster_size"": 37, ""min_samples"": 5, ""n_class"": 713, ""n_edges"": 5, ""n_intervals"": 6, ""n_vertices"": 6, ""noise_reassigned"": 634, ""placement"": ""quantile"", ""slabs"": [{""k"": 1, ""n"": 134}, {""k"": 1, ""n"": 149}, {""k"": 1, ""n"": 148}, {""k"": 1, ""n"": 148}, {""k"": 1, ""n"": 149}, {""k"": 1, ""n"": 134}]}, {""constant_lens"": false, ""gain"": 0.25, ""lens"": ""pc1"", ""lens_scaling"": ""standardize"", ""min_cluster_size"": 37, ""min_samples"": 5, ""n_class"": 770, ""n_edges"": 5, ""n_intervals"": 6, ""n_vertices"": 6, ""noise_reassigned"": 597, ""placement"": ""quantile"", ""slabs"": [{""k"": 1, ""n"": 145}, {""k"": 1, ""n"": 160}, {""k"": 1, ""n"": 160}, {""k"": 1, ""n"": 160}, {""k"": 1, ""n"": 160}, {""k"": 1, ""n"": 145}]}, {""constant_lens"": false, ""gain"": 0.25, ""lens"": ""pc1"", ""lens_scaling"": ""standardize"", ""min_cluster_size"": 37, ""min_samples"": 5, ""n_class"": 712, ""n_edges"": 5, ""n_intervals"": 6, ""n_vertices"": 6, ""noise_reassigned"": 651, ""placement"": ""uniform"", ""slabs"": [{""k"": 1, ""n"": 154}, {""k"": 1, ""n"": 182}, {""k"": 1, ""n"": 148}, {""k"": 1, ""n"": 92}, {""k"": 1, ""n"": 137}, {""k"": 1, ""n"": 163}]}, {""constant_lens"": false, ""gain"": 0.25, ""lens"": ""pc1"", ""lens_scaling"": ""standardize"", ""min_cluster_size"": 37, ""min_samples"": 5, ""n_class"": 712, ""n_edges"": 5, ""n_intervals"": 6, ""n_vertices"": 6, ""noise_reassigned"": 426, ""placement"": ""quantile"", ""slabs"": [{""k"": 1, ""n"": 134}, {""k"": 1, ""n"": 148}, {""k"": 1, ""n"": 148}, {""k"": 1, ""n"": 148}, {""k"": 1, ""n"": 148}, {""k"": 1, ""n"": 134}]}], ""soundness_bound_holds"": true, ""step_rule"": ""scale_free"", ""topology_retention_nerve_to_frozen"": {""beta0_frozen"": 16, ""beta0_nerve"": 11, ""beta1_frozen"": 0, ""beta1_nerve"": 0}}",True
0.9827272727272728,989,False,0.09997978164173069,0.1,,20.056641999981366,20.056641999981366,0.0,penbased,9,,SPINE+Graph,10,989,1100,9892,0.9000202183582693,2065206385,False,"{""admission"": {""criterion"": ""risk"", ""removed_risk"": 5, ""removed_support"": 0}, ""betti_final"": [[1, 0], [1, 0], [2, 0], [1, 0], [2, 0], [3, 0], [1, 0], [3, 0], [1, 0], [1, 0]], ""betti_frozen"": [[1, 0], [1, 0], [2, 0], [1, 0], [2, 0], [3, 0], [1, 0], [3, 0], [1, 0], [1, 0]], ""betti_nerve"": [[1, 0], [1, 0], [1, 0], [1, 0], [1, 0], [2, 0], [1, 0], [1, 0], [1, 0], [1, 0]], ""boundary_restriction"": ""both"", ""forced_removals"": 0, ""growth_representation_fallbacks"": 983, ""invariant_held"": true, ""n_segments"": 973, ""n_train_fit"": 7419, ""n_val"": 2473, ""phase0"": [{""constant_lens"": false, ""gain"": 0.25, ""lens"": ""pc1"", ""lens_scaling"": ""standardize"", ""min_cluster_size"": 37, ""min_samples"": 5, ""n_class"": 771, ""n_edges"": 5, ""n_intervals"": 6, ""n_vertices"": 6, ""noise_reassigned"": 706, ""placement"": ""quantile"", ""slabs"": [{""k"": 1, ""n"": 145}, {""k"": 1, ""n"": 160}, {""k"": 1, ""n"": 161}, {""k"": 1, ""n"": 161}, {""k"": 1, ""n"": 160}, {""k"": 1, ""n"": 145}]}, {""constant_lens"": false, ""gain"": 0.25, ""lens"": ""pc1"", ""lens_scaling"": ""standardize"", ""min_cluster_size"": 37, ""min_samples"": 5, ""n_class"": 772, ""n_edges"": 5, ""n_intervals"": 6, ""n_vertices"": 6, ""noise_reassigned"": 602, ""placement"": ""quantile"", ""slabs"": [{""k"": 1, ""n"": 145}, {""k"": 1, ""n"": 161}, {""k"": 1, ""n"": 161}, {""k"": 1, ""n"": 161}, {""k"": 1, ""n"": 161}, {""k"": 1, ""n"": 145}]}, {""constant_lens"": false, ""gain"": 0.25, ""lens"": ""pc1"", ""lens_scaling"": ""standardize"", ""min_cluster_size"": 37, ""min_samples"": 5, ""n_class"": 773, ""n_edges"": 5, ""n_intervals"": 6, ""n_vertices"": 6, ""noise_reassigned"": 694, ""placement"": ""quantile"", ""slabs"": [{""k"": 1, ""n"": 145}, {""k"": 1, ""n"": 161}, {""k"": 1, ""n"": 161}, {""k"": 1, ""n"": 161}, {""k"": 1, ""n"": 161}, {""k"": 1, ""n"": 145}]}, {""constant_lens"": false, ""gain"": 0.25, ""lens"": ""pc1"", ""lens_scaling"": ""standardize"", ""min_cluster_size"": 37, ""min_samples"": 5, ""n_class"": 712, ""n_edges"": 5, ""n_intervals"": 6, ""n_vertices"": 6, ""noise_reassigned"": 620, ""placement"": ""quantile"", ""slabs"": [{""k"": 1, ""n"": 134}, {""k"": 1, ""n"": 148}, {""k"": 1, ""n"": 148}, {""k"": 1, ""n"": 148}, {""k"": 1, ""n"": 148}, {""k"": 1, ""n"": 134}]}, {""constant_lens"": false, ""gain"": 0.25, ""lens"": ""pc1"", ""lens_scaling"": ""standardize"", ""min_cluster_size"": 37, ""min_samples"": 5, ""n_class"": 772, ""n_edges"": 5, ""n_intervals"": 6, ""n_vertices"": 6, ""noise_reassigned"": 700, ""placement"": ""quantile"", ""slabs"": [{""k"": 1, ""n"": 145}, {""k"": 1, ""n"": 161}, {""k"": 1, ""n"": 161}, {""k"": 1, ""n"": 161}, {""k"": 1, ""n"": 161}, {""k"": 1, ""n"": 145}]}, {""constant_lens"": false, ""gain"": 0.25, ""lens"": ""pc1"", ""lens_scaling"": ""standardize"", ""min_cluster_size"": 37, ""min_samples"": 5, ""n_class"": 712, ""n_edges"": 5, ""n_intervals"": 6, ""n_vertices"": 7, ""noise_reassigned"": 356, ""placement"": ""quantile"", ""slabs"": [{""k"": 1, ""n"": 134}, {""k"": 1, ""n"": 148}, {""k"": 1, ""n"": 148}, {""k"": 2, ""n"": 148}, {""k"": 1, ""n"": 148}, {""k"": 1, ""n"": 134}]}, {""constant_lens"": false, ""gain"": 0.25, ""lens"": ""pc1"", ""lens_scaling"": ""standardize"", ""min_cluster_size"": 37, ""min_samples"": 5, ""n_class"": 713, ""n_edges"": 5, ""n_intervals"": 6, ""n_vertices"": 6, ""noise_reassigned"": 634, ""placement"": ""quantile"", ""slabs"": [{""k"": 1, ""n"": 134}, {""k"": 1, ""n"": 149}, {""k"": 1, ""n"": 148}, {""k"": 1, ""n"": 148}, {""k"": 1, ""n"": 149}, {""k"": 1, ""n"": 134}]}, {""constant_lens"": false, ""gain"": 0.25, ""lens"": ""pc1"", ""lens_scaling"": ""standardize"", ""min_cluster_size"": 37, ""min_samples"": 5, ""n_class"": 770, ""n_edges"": 5, ""n_intervals"": 6, ""n_vertices"": 6, ""noise_reassigned"": 597, ""placement"": ""quantile"", ""slabs"": [{""k"": 1, ""n"": 145}, {""k"": 1, ""n"": 160}, {""k"": 1, ""n"": 160}, {""k"": 1, ""n"": 160}, {""k"": 1, ""n"": 160}, {""k"": 1, ""n"": 145}]}, {""constant_lens"": false, ""gain"": 0.25, ""lens"": ""pc1"", ""lens_scaling"": ""standardize"", ""min_cluster_size"": 37, ""min_samples"": 5, ""n_class"": 712, ""n_edges"": 5, ""n_intervals"": 6, ""n_vertices"": 6, ""noise_reassigned"": 651, ""placement"": ""uniform"", ""slabs"": [{""k"": 1, ""n"": 154}, {""k"": 1, ""n"": 182}, {""k"": 1, ""n"": 148}, {""k"": 1, ""n"": 92}, {""k"": 1, ""n"": 137}, {""k"": 1, ""n"": 163}]}, {""constant_lens"": false, ""gain"": 0.25, ""lens"": ""pc1"", ""lens_scaling"": ""standardize"", ""min_cluster_size"": 37, ""min_samples"": 5, ""n_class"": 712, ""n_edges"": 5, ""n_intervals"": 6, ""n_vertices"": 6, ""noise_reassigned"": 426, ""placement"": ""quantile"", ""slabs"": [{""k"": 1, ""n"": 134}, {""k"": 1, ""n"": 148}, {""k"": 1, ""n"": 148}, {""k"": 1, ""n"": 148}, {""k"": 1, ""n"": 148}, {""k"": 1, ""n"": 134}]}], ""soundness_bound_holds"": true, ""step_rule"": ""scale_free"", ""topology_retention_nerve_to_frozen"": {""beta0_frozen"": 16, ""beta0_nerve"": 11, ""beta1_frozen"": 0, ""beta1_nerve"": 0}}",True
0.9890909090909091,989,False,0.09997978164173069,0.1,,10.966301999986172,203.31823100001202,192.35192900002585,penbased,9,"{""epsilon"": 0.1, ""window"": 0.2}",LVQ3,10,989,1100,9892,0.9000202183582693,2065206385,False,,True
0.9936363636363637,989,False,0.09997978164173069,0.1,"{""0"": 103, ""1"": 103, ""2"": 103, ""3"": 95, ""4"": 103, ""5"": 95, ""6"": 95, ""7"": 102, ""8"": 95, ""9"": 95}",6.868167999986326,6.868167999986326,0.0,penbased,9,,KMeans,10,989,1100,9892,0.9000202183582693,2065206385,False,,True
0.9690909090909091,989,False,0.09997978164173069,0.1,"{""0"": 103, ""1"": 103, ""2"": 103, ""3"": 95, ""4"": 103, ""5"": 95, ""6"": 95, ""7"": 102, ""8"": 95, ""9"": 95}",0.002701999997952953,0.002701999997952953,0.0,penbased,9,,Random,10,989,1100,9892,0.9000202183582693,2065206385,False,,True
0.9890909090909091,989,False,0.09997978164173069,0.1,,3.0046969999966677,3.0046969999966677,0.0,penbased,9,,SPOT,10,989,1100,9892,0.9000202183582693,2065206385,False,,True
0.94,989,False,0.09997978164173069,0.1,,210.826842999988,210.826842999988,0.0,penbased,9,,GLVQ,10,989,1100,9892,0.9000202183582693,2065206385,False,,True
0.9936363636363637,989,False,0.09997978164173069,0.1,,13.582840000017313,13.582840000017313,0.0,penbased,9,,GNG,10,989,1100,9892,0.9000202183582693,2065206385,False,,True
0.9954545454545455,2473,False,0.25,0.25,,0.002298999985214323,0.002298999985214323,0.0,penbased,9,,Full,10,9892,1100,9892,0.0,2065206385,True,,False
0.9936363636363637,2473,False,0.25,0.25,,2.4050439999846276,2.4050439999846276,0.0,penbased,9,,RSP3,10,1049,1100,9892,0.8939547108774768,2065206385,True,,False
0.9918181818181818,2473,False,0.25,0.25,,1.164626000012504,1.164626000012504,0.0,penbased,9,,RHC,10,335,1100,9892,0.9661342498989082,2065206385,True,,False
0.9890909090909091,2473,False,0.25,0.25,,65.85190599999623,65.85190599999623,0.0,penbased,9,,SPINE+1NN,10,2473,1100,9892,0.75,2065206385,False,"{""admission"": {""criterion"": ""risk"", ""removed_risk"": 5, ""removed_support"": 0}, ""betti_final"": [[1, 0], [1, 0], [2, 0], [1, 0], [2, 0], [3, 0], [1, 0], [3, 0], [1, 0], [1, 0]], ""betti_frozen"": [[1, 0], [1, 0], [2, 0], [1, 0], [2, 0], [3, 0], [1, 0], [3, 0], [1, 0], [1, 0]], ""betti_nerve"": [[1, 0], [1, 0], [1, 0], [1, 0], [1, 0], [2, 0], [1, 0], [1, 0], [1, 0], [1, 0]], ""boundary_restriction"": ""both"", ""forced_removals"": 0, ""growth_representation_fallbacks"": 2783, ""invariant_held"": true, ""n_segments"": 2457, ""n_train_fit"": 7419, ""n_val"": 2473, ""phase0"": [{""constant_lens"": false, ""gain"": 0.25, ""lens"": ""pc1"", ""lens_scaling"": ""standardize"", ""min_cluster_size"": 37, ""min_samples"": 5, ""n_class"": 771, ""n_edges"": 5, ""n_intervals"": 6, ""n_vertices"": 6, ""noise_reassigned"": 706, ""placement"": ""quantile"", ""slabs"": [{""k"": 1, ""n"": 145}, {""k"": 1, ""n"": 160}, {""k"": 1, ""n"": 161}, {""k"": 1, ""n"": 161}, {""k"": 1, ""n"": 160}, {""k"": 1, ""n"": 145}]}, {""constant_lens"": false, ""gain"": 0.25, ""lens"": ""pc1"", ""lens_scaling"": ""standardize"", ""min_cluster_size"": 37, ""min_samples"": 5, ""n_class"": 772, ""n_edges"": 5, ""n_intervals"": 6, ""n_vertices"": 6, ""noise_reassigned"": 602, ""placement"": ""quantile"", ""slabs"": [{""k"": 1, ""n"": 145}, {""k"": 1, ""n"": 161}, {""k"": 1, ""n"": 161}, {""k"": 1, ""n"": 161}, {""k"": 1, ""n"": 161}, {""k"": 1, ""n"": 145}]}, {""constant_lens"": false, ""gain"": 0.25, ""lens"": ""pc1"", ""lens_scaling"": ""standardize"", ""min_cluster_size"": 37, ""min_samples"": 5, ""n_class"": 773, ""n_edges"": 5, ""n_intervals"": 6, ""n_vertices"": 6, ""noise_reassigned"": 694, ""placement"": ""quantile"", ""slabs"": [{""k"": 1, ""n"": 145}, {""k"": 1, ""n"": 161}, {""k"": 1, ""n"": 161}, {""k"": 1, ""n"": 161}, {""k"": 1, ""n"": 161}, {""k"": 1, ""n"": 145}]}, {""constant_lens"": false, ""gain"": 0.25, ""lens"": ""pc1"", ""lens_scaling"": ""standardize"", ""min_cluster_size"": 37, ""min_samples"": 5, ""n_class"": 712, ""n_edges"": 5, ""n_intervals"": 6, ""n_vertices"": 6, ""noise_reassigned"": 620, ""placement"": ""quantile"", ""slabs"": [{""k"": 1, ""n"": 134}, {""k"": 1, ""n"": 148}, {""k"": 1, ""n"": 148}, {""k"": 1, ""n"": 148}, {""k"": 1, ""n"": 148}, {""k"": 1, ""n"": 134}]}, {""constant_lens"": false, ""gain"": 0.25, ""lens"": ""pc1"", ""lens_scaling"": ""standardize"", ""min_cluster_size"": 37, ""min_samples"": 5, ""n_class"": 772, ""n_edges"": 5, ""n_intervals"": 6, ""n_vertices"": 6, ""noise_reassigned"": 700, ""placement"": ""quantile"", ""slabs"": [{""k"": 1, ""n"": 145}, {""k"": 1, ""n"": 161}, {""k"": 1, ""n"": 161}, {""k"": 1, ""n"": 161}, {""k"": 1, ""n"": 161}, {""k"": 1, ""n"": 145}]}, {""constant_lens"": false, ""gain"": 0.25, ""lens"": ""pc1"", ""lens_scaling"": ""standardize"", ""min_cluster_size"": 37, ""min_samples"": 5, ""n_class"": 712, ""n_edges"": 5, ""n_intervals"": 6, ""n_vertices"": 7, ""noise_reassigned"": 356, ""placement"": ""quantile"", ""slabs"": [{""k"": 1, ""n"": 134}, {""k"": 1, ""n"": 148}, {""k"": 1, ""n"": 148}, {""k"": 2, ""n"": 148}, {""k"": 1, ""n"": 148}, {""k"": 1, ""n"": 134}]}, {""constant_lens"": false, ""gain"": 0.25, ""lens"": ""pc1"", ""lens_scaling"": ""standardize"", ""min_cluster_size"": 37, ""min_samples"": 5, ""n_class"": 713, ""n_edges"": 5, ""n_intervals"": 6, ""n_vertices"": 6, ""noise_reassigned"": 634, ""placement"": ""quantile"", ""slabs"": [{""k"": 1, ""n"": 134}, {""k"": 1, ""n"": 149}, {""k"": 1, ""n"": 148}, {""k"": 1, ""n"": 148}, {""k"": 1, ""n"": 149}, {""k"": 1, ""n"": 134}]}, {""constant_lens"": false, ""gain"": 0.25, ""lens"": ""pc1"", ""lens_scaling"": ""standardize"", ""min_cluster_size"": 37, ""min_samples"": 5, ""n_class"": 770, ""n_edges"": 5, ""n_intervals"": 6, ""n_vertices"": 6, ""noise_reassigned"": 597, ""placement"": ""quantile"", ""slabs"": [{""k"": 1, ""n"": 145}, {""k"": 1, ""n"": 160}, {""k"": 1, ""n"": 160}, {""k"": 1, ""n"": 160}, {""k"": 1, ""n"": 160}, {""k"": 1, ""n"": 145}]}, {""constant_lens"": false, ""gain"": 0.25, ""lens"": ""pc1"", ""lens_scaling"": ""standardize"", ""min_cluster_size"": 37, ""min_samples"": 5, ""n_class"": 712, ""n_edges"": 5, ""n_intervals"": 6, ""n_vertices"": 6, ""noise_reassigned"": 651, ""placement"": ""uniform"", ""slabs"": [{""k"": 1, ""n"": 154}, {""k"": 1, ""n"": 182}, {""k"": 1, ""n"": 148}, {""k"": 1, ""n"": 92}, {""k"": 1, ""n"": 137}, {""k"": 1, ""n"": 163}]}, {""constant_lens"": false, ""gain"": 0.25, ""lens"": ""pc1"", ""lens_scaling"": ""standardize"", ""min_cluster_size"": 37, ""min_samples"": 5, ""n_class"": 712, ""n_edges"": 5, ""n_intervals"": 6, ""n_vertices"": 6, ""noise_reassigned"": 426, ""placement"": ""quantile"", ""slabs"": [{""k"": 1, ""n"": 134}, {""k"": 1, ""n"": 148}, {""k"": 1, ""n"": 148}, {""k"": 1, ""n"": 148}, {""k"": 1, ""n"": 148}, {""k"": 1, ""n"": 134}]}], ""soundness_bound_holds"": true, ""step_rule"": ""scale_free"", ""topology_retention_nerve_to_frozen"": {""beta0_frozen"": 16, ""beta0_nerve"": 11, ""beta1_frozen"": 0, ""beta1_nerve"": 0}}",True
0.9890909090909091,2473,False,0.25,0.25,,65.85190599999623,65.85190599999623,0.0,penbased,9,,SPINE+Graph,10,2473,1100,9892,0.75,2065206385,False,"{""admission"": {""criterion"": ""risk"", ""removed_risk"": 5, ""removed_support"": 0}, ""betti_final"": [[1, 0], [1, 0], [2, 0], [1, 0], [2, 0], [3, 0], [1, 0], [3, 0], [1, 0], [1, 0]], ""betti_frozen"": [[1, 0], [1, 0], [2, 0], [1, 0], [2, 0], [3, 0], [1, 0], [3, 0], [1, 0], [1, 0]], ""betti_nerve"": [[1, 0], [1, 0], [1, 0], [1, 0], [1, 0], [2, 0], [1, 0], [1, 0], [1, 0], [1, 0]], ""boundary_restriction"": ""both"", ""forced_removals"": 0, ""growth_representation_fallbacks"": 2783, ""invariant_held"": true, ""n_segments"": 2457, ""n_train_fit"": 7419, ""n_val"": 2473, ""phase0"": [{""constant_lens"": false, ""gain"": 0.25, ""lens"": ""pc1"", ""lens_scaling"": ""standardize"", ""min_cluster_size"": 37, ""min_samples"": 5, ""n_class"": 771, ""n_edges"": 5, ""n_intervals"": 6, ""n_vertices"": 6, ""noise_reassigned"": 706, ""placement"": ""quantile"", ""slabs"": [{""k"": 1, ""n"": 145}, {""k"": 1, ""n"": 160}, {""k"": 1, ""n"": 161}, {""k"": 1, ""n"": 161}, {""k"": 1, ""n"": 160}, {""k"": 1, ""n"": 145}]}, {""constant_lens"": false, ""gain"": 0.25, ""lens"": ""pc1"", ""lens_scaling"": ""standardize"", ""min_cluster_size"": 37, ""min_samples"": 5, ""n_class"": 772, ""n_edges"": 5, ""n_intervals"": 6, ""n_vertices"": 6, ""noise_reassigned"": 602, ""placement"": ""quantile"", ""slabs"": [{""k"": 1, ""n"": 145}, {""k"": 1, ""n"": 161}, {""k"": 1, ""n"": 161}, {""k"": 1, ""n"": 161}, {""k"": 1, ""n"": 161}, {""k"": 1, ""n"": 145}]}, {""constant_lens"": false, ""gain"": 0.25, ""lens"": ""pc1"", ""lens_scaling"": ""standardize"", ""min_cluster_size"": 37, ""min_samples"": 5, ""n_class"": 773, ""n_edges"": 5, ""n_intervals"": 6, ""n_vertices"": 6, ""noise_reassigned"": 694, ""placement"": ""quantile"", ""slabs"": [{""k"": 1, ""n"": 145}, {""k"": 1, ""n"": 161}, {""k"": 1, ""n"": 161}, {""k"": 1, ""n"": 161}, {""k"": 1, ""n"": 161}, {""k"": 1, ""n"": 145}]}, {""constant_lens"": false, ""gain"": 0.25, ""lens"": ""pc1"", ""lens_scaling"": ""standardize"", ""min_cluster_size"": 37, ""min_samples"": 5, ""n_class"": 712, ""n_edges"": 5, ""n_intervals"": 6, ""n_vertices"": 6, ""noise_reassigned"": 620, ""placement"": ""quantile"", ""slabs"": [{""k"": 1, ""n"": 134}, {""k"": 1, ""n"": 148}, {""k"": 1, ""n"": 148}, {""k"": 1, ""n"": 148}, {""k"": 1, ""n"": 148}, {""k"": 1, ""n"": 134}]}, {""constant_lens"": false, ""gain"": 0.25, ""lens"": ""pc1"", ""lens_scaling"": ""standardize"", ""min_cluster_size"": 37, ""min_samples"": 5, ""n_class"": 772, ""n_edges"": 5, ""n_intervals"": 6, ""n_vertices"": 6, ""noise_reassigned"": 700, ""placement"": ""quantile"", ""slabs"": [{""k"": 1, ""n"": 145}, {""k"": 1, ""n"": 161}, {""k"": 1, ""n"": 161}, {""k"": 1, ""n"": 161}, {""k"": 1, ""n"": 161}, {""k"": 1, ""n"": 145}]}, {""constant_lens"": false, ""gain"": 0.25, ""lens"": ""pc1"", ""lens_scaling"": ""standardize"", ""min_cluster_size"": 37, ""min_samples"": 5, ""n_class"": 712, ""n_edges"": 5, ""n_intervals"": 6, ""n_vertices"": 7, ""noise_reassigned"": 356, ""placement"": ""quantile"", ""slabs"": [{""k"": 1, ""n"": 134}, {""k"": 1, ""n"": 148}, {""k"": 1, ""n"": 148}, {""k"": 2, ""n"": 148}, {""k"": 1, ""n"": 148}, {""k"": 1, ""n"": 134}]}, {""constant_lens"": false, ""gain"": 0.25, ""lens"": ""pc1"", ""lens_scaling"": ""standardize"", ""min_cluster_size"": 37, ""min_samples"": 5, ""n_class"": 713, ""n_edges"": 5, ""n_intervals"": 6, ""n_vertices"": 6, ""noise_reassigned"": 634, ""placement"": ""quantile"", ""slabs"": [{""k"": 1, ""n"": 134}, {""k"": 1, ""n"": 149}, {""k"": 1, ""n"": 148}, {""k"": 1, ""n"": 148}, {""k"": 1, ""n"": 149}, {""k"": 1, ""n"": 134}]}, {""constant_lens"": false, ""gain"": 0.25, ""lens"": ""pc1"", ""lens_scaling"": ""standardize"", ""min_cluster_size"": 37, ""min_samples"": 5, ""n_class"": 770, ""n_edges"": 5, ""n_intervals"": 6, ""n_vertices"": 6, ""noise_reassigned"": 597, ""placement"": ""quantile"", ""slabs"": [{""k"": 1, ""n"": 145}, {""k"": 1, ""n"": 160}, {""k"": 1, ""n"": 160}, {""k"": 1, ""n"": 160}, {""k"": 1, ""n"": 160}, {""k"": 1, ""n"": 145}]}, {""constant_lens"": false, ""gain"": 0.25, ""lens"": ""pc1"", ""lens_scaling"": ""standardize"", ""min_cluster_size"": 37, ""min_samples"": 5, ""n_class"": 712, ""n_edges"": 5, ""n_intervals"": 6, ""n_vertices"": 6, ""noise_reassigned"": 651, ""placement"": ""uniform"", ""slabs"": [{""k"": 1, ""n"": 154}, {""k"": 1, ""n"": 182}, {""k"": 1, ""n"": 148}, {""k"": 1, ""n"": 92}, {""k"": 1, ""n"": 137}, {""k"": 1, ""n"": 163}]}, {""constant_lens"": false, ""gain"": 0.25, ""lens"": ""pc1"", ""lens_scaling"": ""standardize"", ""min_cluster_size"": 37, ""min_samples"": 5, ""n_class"": 712, ""n_edges"": 5, ""n_intervals"": 6, ""n_vertices"": 6, ""noise_reassigned"": 426, ""placement"": ""quantile"", ""slabs"": [{""k"": 1, ""n"": 134}, {""k"": 1, ""n"": 148}, {""k"": 1, ""n"": 148}, {""k"": 1, ""n"": 148}, {""k"": 1, ""n"": 148}, {""k"": 1, ""n"": 134}]}], ""soundness_bound_holds"": true, ""step_rule"": ""scale_free"", ""topology_retention_nerve_to_frozen"": {""beta0_frozen"": 16, ""beta0_nerve"": 11, ""beta1_frozen"": 0, ""beta1_nerve"": 0}}",True
0.9918181818181818,2473,False,0.25,0.25,,25.951725999999326,441.6470289999852,415.69530299998587,penbased,9,"{""epsilon"": 0.1, ""window"": 0.3}",LVQ3,10,2473,1100,9892,0.75,2065206385,False,,True
0.990909090909091,2473,False,0.25,0.25,"{""0"": 257, ""1"": 257, ""2"": 258, ""3"": 237, ""4"": 258, ""5"": 237, ""6"": 238, ""7"": 257, ""8"": 237, ""9"": 237}",14.421238000009907,14.421238000009907,0.0,penbased,9,,KMeans,10,2473,1100,9892,0.75,2065206385,False,,True
0.9854545454545455,2473,False,0.25,0.25,"{""0"": 257, ""1"": 257, ""2"": 258, ""3"": 237, ""4"": 258, ""5"": 237, ""6"": 238, ""7"": 257, ""8"": 237, ""9"": 237}",0.0034690000175032765,0.0034690000175032765,0.0,penbased,9,,Random,10,2473,1100,9892,0.75,2065206385,False,,True
0.990909090909091,2473,False,0.25,0.25,,3.373938000004273,3.373938000004273,0.0,penbased,9,,SPOT,10,2473,1100,9892,0.75,2065206385,False,,True
0.9372727272727273,2473,False,0.25,0.25,,521.7663300000131,521.7663300000131,0.0,penbased,9,,GLVQ,10,2473,1100,9892,0.75,2065206385,False,,True
0.9945454545454545,2473,False,0.25,0.25,,63.14452999999048,63.14452999999048,0.0,penbased,9,,GNG,10,2473,1100,9892,0.75,2065206385,False,,True
