acc_1nn,budget,budget_floored,budget_fraction,budget_fraction_nominal,class_counts,cpu_select,cpu_total,cpu_tuning,dataset,fold,lvq3_params,method,n_outer_folds,n_proto,n_test,n_train,reduction,seed,shared_build,spine_params,swept
0.9020217729393468,29,False,0.0050069060773480665,0.005,,0.000172999978531152,0.000172999978531152,0.0,satimage,0,,Full,10,5792,643,5792,0.0,1956713151,False,,False
0.9129082426127527,29,False,0.0050069060773480665,0.005,,1.7815859999973327,1.7815859999973327,0.0,satimage,0,,RSP3,10,1505,643,5792,0.7401588397790055,1956713151,False,,False
0.9129082426127527,29,False,0.0050069060773480665,0.005,,1.678662999998778,1.678662999998778,0.0,satimage,0,,RHC,10,565,643,5792,0.9024516574585635,1956713151,False,,False
0.8289269051321928,29,False,0.0050069060773480665,0.005,,4.370470000023488,4.370470000023488,0.0,satimage,0,,SPINE+1NN,10,29,643,5792,0.9949930939226519,1956713151,False,"{""admission"": {""criterion"": ""risk"", ""removed_risk"": 7, ""removed_support"": 0}, ""betti_final"": [[1, 0], [2, 0], [2, 0], [3, 0], [3, 0], [1, 0]], ""betti_frozen"": [[1, 0], [2, 0], [2, 0], [4, 0], [3, 0], [1, 0]], ""betti_nerve"": [[1, 0], [1, 0], [1, 0], [1, 0], [1, 0], [1, 0]], ""boundary_restriction"": ""both"", ""forced_removals"": 1, ""growth_representation_fallbacks"": 1, ""invariant_held"": false, ""n_segments"": 17, ""n_train_fit"": 4344, ""n_val"": 1448, ""phase0"": [{""constant_lens"": false, ""gain"": 0.25, ""lens"": ""pc1"", ""lens_scaling"": ""standardize"", ""min_cluster_size"": 21, ""min_samples"": 5, ""n_class"": 1034, ""n_edges"": 6, ""n_intervals"": 7, ""n_vertices"": 7, ""noise_reassigned"": 1143, ""placement"": ""uniform"", ""slabs"": [{""k"": 1, ""n"": 100}, {""k"": 1, ""n"": 391}, {""k"": 1, ""n"": 232}, {""k"": 1, ""n"": 197}, {""k"": 1, ""n"": 159}, {""k"": 1, ""n"": 142}, {""k"": 1, ""n"": 70}]}, {""constant_lens"": false, ""gain"": 0.25, ""lens"": ""pc1"", ""lens_scaling"": ""standardize"", ""min_cluster_size"": 21, ""min_samples"": 5, ""n_class"": 475, ""n_edges"": 5, ""n_intervals"": 6, ""n_vertices"": 6, ""noise_reassigned"": 378, ""placement"": ""quantile"", ""slabs"": [{""k"": 1, ""n"": 89}, {""k"": 1, ""n"": 98}, {""k"": 1, ""n"": 98}, {""k"": 1, ""n"": 98}, {""k"": 1, ""n"": 98}, {""k"": 1, ""n"": 89}]}, {""constant_lens"": false, ""gain"": 0.25, ""lens"": ""pc1"", ""lens_scaling"": ""standardize"", ""min_cluster_size"": 21, ""min_samples"": 5, ""n_class"": 916, ""n_edges"": 5, ""n_intervals"": 6, ""n_vertices"": 6, ""noise_reassigned"": 978, ""placement"": ""quantile"", ""slabs"": [{""k"": 1, ""n"": 172}, {""k"": 1, ""n"": 191}, {""k"": 1, ""n"": 191}, {""k"": 1, ""n"": 191}, {""k"": 1, ""n"": 191}, {""k"": 1, ""n"": 172}]}, {""constant_lens"": false, ""gain"": 0.25, ""lens"": ""pc1"", ""lens_scaling"": ""standardize"", ""min_cluster_size"": 21, ""min_samples"": 5, ""n_class"": 423, ""n_edges"": 5, ""n_intervals"": 6, ""n_vertices"": 6, ""noise_reassigned"": 381, ""placement"": ""quantile"", ""slabs"": [{""k"": 1, ""n"": 80}, {""k"": 1, ""n"": 88}, {""k"": 1, ""n"": 88}, {""k"": 1, ""n"": 88}, {""k"": 1, ""n"": 88}, {""k"": 1, ""n"": 80}]}, {""constant_lens"": false, ""gain"": 0.25, ""lens"": ""pc1"", ""lens_scaling"": ""standardize"", ""min_cluster_size"": 21, ""min_samples"": 5, ""n_class"": 477, ""n_edges"": 5, ""n_intervals"": 6, ""n_vertices"": 6, ""noise_reassigned"": 391, ""placement"": ""quantile"", ""slabs"": [{""k"": 1, ""n"": 90}, {""k"": 1, ""n"": 99}, {""k"": 1, ""n"": 99}, {""k"": 1, ""n"": 99}, {""k"": 1, ""n"": 99}, {""k"": 1, ""n"": 90}]}, {""constant_lens"": false, ""gain"": 0.25, ""lens"": ""pc1"", ""lens_scaling"": ""standardize"", ""min_cluster_size"": 21, ""min_samples"": 5, ""n_class"": 1019, ""n_edges"": 6, ""n_intervals"": 7, ""n_vertices"": 7, ""noise_reassigned"": 1090, ""placement"": ""quantile"", ""slabs"": [{""k"": 1, ""n"": 164}, {""k"": 1, ""n"": 182}, {""k"": 1, ""n"": 182}, {""k"": 1, ""n"": 181}, {""k"": 1, ""n"": 182}, {""k"": 1, ""n"": 182}, {""k"": 1, ""n"": 164}]}], ""soundness_bound_holds"": true, ""step_rule"": ""scale_free"", ""topology_retention_nerve_to_frozen"": {""beta0_frozen"": 13, ""beta0_nerve"": 6, ""beta1_frozen"": 0, ""beta1_nerve"": 0}}",True
0.8227060653188181,29,False,0.0050069060773480665,0.005,,4.370470000023488,4.370470000023488,0.0,satimage,0,,SPINE+Graph,10,29,643,5792,0.9949930939226519,1956713151,False,"{""admission"": {""criterion"": ""risk"", ""removed_risk"": 7, ""removed_support"": 0}, ""betti_final"": [[1, 0], [2, 0], [2, 0], [3, 0], [3, 0], [1, 0]], ""betti_frozen"": [[1, 0], [2, 0], [2, 0], [4, 0], [3, 0], [1, 0]], ""betti_nerve"": [[1, 0], [1, 0], [1, 0], [1, 0], [1, 0], [1, 0]], ""boundary_restriction"": ""both"", ""forced_removals"": 1, ""growth_representation_fallbacks"": 1, ""invariant_held"": false, ""n_segments"": 17, ""n_train_fit"": 4344, ""n_val"": 1448, ""phase0"": [{""constant_lens"": false, ""gain"": 0.25, ""lens"": ""pc1"", ""lens_scaling"": ""standardize"", ""min_cluster_size"": 21, ""min_samples"": 5, ""n_class"": 1034, ""n_edges"": 6, ""n_intervals"": 7, ""n_vertices"": 7, ""noise_reassigned"": 1143, ""placement"": ""uniform"", ""slabs"": [{""k"": 1, ""n"": 100}, {""k"": 1, ""n"": 391}, {""k"": 1, ""n"": 232}, {""k"": 1, ""n"": 197}, {""k"": 1, ""n"": 159}, {""k"": 1, ""n"": 142}, {""k"": 1, ""n"": 70}]}, {""constant_lens"": false, ""gain"": 0.25, ""lens"": ""pc1"", ""lens_scaling"": ""standardize"", ""min_cluster_size"": 21, ""min_samples"": 5, ""n_class"": 475, ""n_edges"": 5, ""n_intervals"": 6, ""n_vertices"": 6, ""noise_reassigned"": 378, ""placement"": ""quantile"", ""slabs"": [{""k"": 1, ""n"": 89}, {""k"": 1, ""n"": 98}, {""k"": 1, ""n"": 98}, {""k"": 1, ""n"": 98}, {""k"": 1, ""n"": 98}, {""k"": 1, ""n"": 89}]}, {""constant_lens"": false, ""gain"": 0.25, ""lens"": ""pc1"", ""lens_scaling"": ""standardize"", ""min_cluster_size"": 21, ""min_samples"": 5, ""n_class"": 916, ""n_edges"": 5, ""n_intervals"": 6, ""n_vertices"": 6, ""noise_reassigned"": 978, ""placement"": ""quantile"", ""slabs"": [{""k"": 1, ""n"": 172}, {""k"": 1, ""n"": 191}, {""k"": 1, ""n"": 191}, {""k"": 1, ""n"": 191}, {""k"": 1, ""n"": 191}, {""k"": 1, ""n"": 172}]}, {""constant_lens"": false, ""gain"": 0.25, ""lens"": ""pc1"", ""lens_scaling"": ""standardize"", ""min_cluster_size"": 21, ""min_samples"": 5, ""n_class"": 423, ""n_edges"": 5, ""n_intervals"": 6, ""n_vertices"": 6, ""noise_reassigned"": 381, ""placement"": ""quantile"", ""slabs"": [{""k"": 1, ""n"": 80}, {""k"": 1, ""n"": 88}, {""k"": 1, ""n"": 88}, {""k"": 1, ""n"": 88}, {""k"": 1, ""n"": 88}, {""k"": 1, ""n"": 80}]}, {""constant_lens"": false, ""gain"": 0.25, ""lens"": ""pc1"", ""lens_scaling"": ""standardize"", ""min_cluster_size"": 21, ""min_samples"": 5, ""n_class"": 477, ""n_edges"": 5, ""n_intervals"": 6, ""n_vertices"": 6, ""noise_reassigned"": 391, ""placement"": ""quantile"", ""slabs"": [{""k"": 1, ""n"": 90}, {""k"": 1, ""n"": 99}, {""k"": 1, ""n"": 99}, {""k"": 1, ""n"": 99}, {""k"": 1, ""n"": 99}, {""k"": 1, ""n"": 90}]}, {""constant_lens"": false, ""gain"": 0.25, ""lens"": ""pc1"", ""lens_scaling"": ""standardize"", ""min_cluster_size"": 21, ""min_samples"": 5, ""n_class"": 1019, ""n_edges"": 6, ""n_intervals"": 7, ""n_vertices"": 7, ""noise_reassigned"": 1090, ""placement"": ""quantile"", ""slabs"": [{""k"": 1, ""n"": 164}, {""k"": 1, ""n"": 182}, {""k"": 1, ""n"": 182}, {""k"": 1, ""n"": 181}, {""k"": 1, ""n"": 182}, {""k"": 1, ""n"": 182}, {""k"": 1, ""n"": 164}]}], ""soundness_bound_holds"": true, ""step_rule"": ""scale_free"", ""topology_retention_nerve_to_frozen"": {""beta0_frozen"": 13, ""beta0_nerve"": 6, ""beta1_frozen"": 0, ""beta1_nerve"": 0}}",True
0.8786936236391913,29,False,0.0050069060773480665,0.005,,2.4927840000018477,47.889824999962,45.397040999960154,satimage,0,"{""epsilon"": 0.1, ""window"": 0.2}",LVQ3,10,29,643,5792,0.9949930939226519,1956713151,False,,True
0.8351477449455676,29,False,0.0050069060773480665,0.005,"{""0"": 7, ""1"": 3, ""2"": 6, ""3"": 3, ""4"": 3, ""5"": 7}",1.2982089999713935,1.2982089999713935,0.0,satimage,0,,KMeans,10,29,643,5792,0.9949930939226519,1956713151,False,,True
0.7682737169517885,29,False,0.0050069060773480665,0.005,"{""0"": 7, ""1"": 3, ""2"": 6, ""3"": 3, ""4"": 3, ""5"": 7}",0.004915999947115779,0.004915999947115779,0.0,satimage,0,,Random,10,29,643,5792,0.9949930939226519,1956713151,False,,True
0.8102643856920684,29,False,0.0050069060773480665,0.005,,1.7600430000456981,1.7600430000456981,0.0,satimage,0,,SPOT,10,29,643,5792,0.9949930939226519,1956713151,False,,True
0.8522550544323484,29,False,0.0050069060773480665,0.005,,6.761502999986988,6.761502999986988,0.0,satimage,0,,GLVQ,10,29,643,5792,0.9949930939226519,1956713151,False,,True
0.838258164852255,29,False,0.0050069060773480665,0.005,,0.8202950000413693,0.8202950000413693,0.0,satimage,0,,GNG,10,29,643,5792,0.9949930939226519,1956713151,False,,True
0.9020217729393468,58,False,0.010013812154696133,0.01,,0.000172999978531152,0.000172999978531152,0.0,satimage,0,,Full,10,5792,643,5792,0.0,1956713151,True,,False
0.9129082426127527,58,False,0.010013812154696133,0.01,,1.7815859999973327,1.7815859999973327,0.0,satimage,0,,RSP3,10,1505,643,5792,0.7401588397790055,1956713151,True,,False
0.9129082426127527,58,False,0.010013812154696133,0.01,,1.678662999998778,1.678662999998778,0.0,satimage,0,,RHC,10,565,643,5792,0.9024516574585635,1956713151,True,,False
0.8227060653188181,58,False,0.010013812154696133,0.01,,5.442397999984678,5.442397999984678,0.0,satimage,0,,SPINE+1NN,10,58,643,5792,0.9899861878453039,1956713151,False,"{""admission"": {""criterion"": ""risk"", ""removed_risk"": 7, ""removed_support"": 0}, ""betti_final"": [[1, 0], [2, 0], [2, 0], [4, 0], [3, 0], [1, 0]], ""betti_frozen"": [[1, 0], [2, 0], [2, 0], [4, 0], [3, 0], [1, 0]], ""betti_nerve"": [[1, 0], [1, 0], [1, 0], [1, 0], [1, 0], [1, 0]], ""boundary_restriction"": ""both"", ""forced_removals"": 0, ""growth_representation_fallbacks"": 9, ""invariant_held"": true, ""n_segments"": 45, ""n_train_fit"": 4344, ""n_val"": 1448, ""phase0"": [{""constant_lens"": false, ""gain"": 0.25, ""lens"": ""pc1"", ""lens_scaling"": ""standardize"", ""min_cluster_size"": 21, ""min_samples"": 5, ""n_class"": 1034, ""n_edges"": 6, ""n_intervals"": 7, ""n_vertices"": 7, ""noise_reassigned"": 1143, ""placement"": ""uniform"", ""slabs"": [{""k"": 1, ""n"": 100}, {""k"": 1, ""n"": 391}, {""k"": 1, ""n"": 232}, {""k"": 1, ""n"": 197}, {""k"": 1, ""n"": 159}, {""k"": 1, ""n"": 142}, {""k"": 1, ""n"": 70}]}, {""constant_lens"": false, ""gain"": 0.25, ""lens"": ""pc1"", ""lens_scaling"": ""standardize"", ""min_cluster_size"": 21, ""min_samples"": 5, ""n_class"": 475, ""n_edges"": 5, ""n_intervals"": 6, ""n_vertices"": 6, ""noise_reassigned"": 378, ""placement"": ""quantile"", ""slabs"": [{""k"": 1, ""n"": 89}, {""k"": 1, ""n"": 98}, {""k"": 1, ""n"": 98}, {""k"": 1, ""n"": 98}, {""k"": 1, ""n"": 98}, {""k"": 1, ""n"": 89}]}, {""constant_lens"": false, ""gain"": 0.25, ""lens"": ""pc1"", ""lens_scaling"": ""standardize"", ""min_cluster_size"": 21, ""min_samples"": 5, ""n_class"": 916, ""n_edges"": 5, ""n_intervals"": 6, ""n_vertices"": 6, ""noise_reassigned"": 978, ""placement"": ""quantile"", ""slabs"": [{""k"": 1, ""n"": 172}, {""k"": 1, ""n"": 191}, {""k"": 1, ""n"": 191}, {""k"": 1, ""n"": 191}, {""k"": 1, ""n"": 191}, {""k"": 1, ""n"": 172}]}, {""constant_lens"": false, ""gain"": 0.25, ""lens"": ""pc1"", ""lens_scaling"": ""standardize"", ""min_cluster_size"": 21, ""min_samples"": 5, ""n_class"": 423, ""n_edges"": 5, ""n_intervals"": 6, ""n_vertices"": 6, ""noise_reassigned"": 381, ""placement"": ""quantile"", ""slabs"": [{""k"": 1, ""n"": 80}, {""k"": 1, ""n"": 88}, {""k"": 1, ""n"": 88}, {""k"": 1, ""n"": 88}, {""k"": 1, ""n"": 88}, {""k"": 1, ""n"": 80}]}, {""constant_lens"": false, ""gain"": 0.25, ""lens"": ""pc1"", ""lens_scaling"": ""standardize"", ""min_cluster_size"": 21, ""min_samples"": 5, ""n_class"": 477, ""n_edges"": 5, ""n_intervals"": 6, ""n_vertices"": 6, ""noise_reassigned"": 391, ""placement"": ""quantile"", ""slabs"": [{""k"": 1, ""n"": 90}, {""k"": 1, ""n"": 99}, {""k"": 1, ""n"": 99}, {""k"": 1, ""n"": 99}, {""k"": 1, ""n"": 99}, {""k"": 1, ""n"": 90}]}, {""constant_lens"": false, ""gain"": 0.25, ""lens"": ""pc1"", ""lens_scaling"": ""standardize"", ""min_cluster_size"": 21, ""min_samples"": 5, ""n_class"": 1019, ""n_edges"": 6, ""n_intervals"": 7, ""n_vertices"": 7, ""noise_reassigned"": 1090, ""placement"": ""quantile"", ""slabs"": [{""k"": 1, ""n"": 164}, {""k"": 1, ""n"": 182}, {""k"": 1, ""n"": 182}, {""k"": 1, ""n"": 181}, {""k"": 1, ""n"": 182}, {""k"": 1, ""n"": 182}, {""k"": 1, ""n"": 164}]}], ""soundness_bound_holds"": true, ""step_rule"": ""scale_free"", ""topology_retention_nerve_to_frozen"": {""beta0_frozen"": 13, ""beta0_nerve"": 6, ""beta1_frozen"": 0, ""beta1_nerve"": 0}}",True
0.8367029548989113,58,False,0.010013812154696133,0.01,,5.442397999984678,5.442397999984678,0.0,satimage,0,,SPINE+Graph,10,58,643,5792,0.9899861878453039,1956713151,False,"{""admission"": {""criterion"": ""risk"", ""removed_risk"": 7, ""removed_support"": 0}, ""betti_final"": [[1, 0], [2, 0], [2, 0], [4, 0], [3, 0], [1, 0]], ""betti_frozen"": [[1, 0], [2, 0], [2, 0], [4, 0], [3, 0], [1, 0]], ""betti_nerve"": [[1, 0], [1, 0], [1, 0], [1, 0], [1, 0], [1, 0]], ""boundary_restriction"": ""both"", ""forced_removals"": 0, ""growth_representation_fallbacks"": 9, ""invariant_held"": true, ""n_segments"": 45, ""n_train_fit"": 4344, ""n_val"": 1448, ""phase0"": [{""constant_lens"": false, ""gain"": 0.25, ""lens"": ""pc1"", ""lens_scaling"": ""standardize"", ""min_cluster_size"": 21, ""min_samples"": 5, ""n_class"": 1034, ""n_edges"": 6, ""n_intervals"": 7, ""n_vertices"": 7, ""noise_reassigned"": 1143, ""placement"": ""uniform"", ""slabs"": [{""k"": 1, ""n"": 100}, {""k"": 1, ""n"": 391}, {""k"": 1, ""n"": 232}, {""k"": 1, ""n"": 197}, {""k"": 1, ""n"": 159}, {""k"": 1, ""n"": 142}, {""k"": 1, ""n"": 70}]}, {""constant_lens"": false, ""gain"": 0.25, ""lens"": ""pc1"", ""lens_scaling"": ""standardize"", ""min_cluster_size"": 21, ""min_samples"": 5, ""n_class"": 475, ""n_edges"": 5, ""n_intervals"": 6, ""n_vertices"": 6, ""noise_reassigned"": 378, ""placement"": ""quantile"", ""slabs"": [{""k"": 1, ""n"": 89}, {""k"": 1, ""n"": 98}, {""k"": 1, ""n"": 98}, {""k"": 1, ""n"": 98}, {""k"": 1, ""n"": 98}, {""k"": 1, ""n"": 89}]}, {""constant_lens"": false, ""gain"": 0.25, ""lens"": ""pc1"", ""lens_scaling"": ""standardize"", ""min_cluster_size"": 21, ""min_samples"": 5, ""n_class"": 916, ""n_edges"": 5, ""n_intervals"": 6, ""n_vertices"": 6, ""noise_reassigned"": 978, ""placement"": ""quantile"", ""slabs"": [{""k"": 1, ""n"": 172}, {""k"": 1, ""n"": 191}, {""k"": 1, ""n"": 191}, {""k"": 1, ""n"": 191}, {""k"": 1, ""n"": 191}, {""k"": 1, ""n"": 172}]}, {""constant_lens"": false, ""gain"": 0.25, ""lens"": ""pc1"", ""lens_scaling"": ""standardize"", ""min_cluster_size"": 21, ""min_samples"": 5, ""n_class"": 423, ""n_edges"": 5, ""n_intervals"": 6, ""n_vertices"": 6, ""noise_reassigned"": 381, ""placement"": ""quantile"", ""slabs"": [{""k"": 1, ""n"": 80}, {""k"": 1, ""n"": 88}, {""k"": 1, ""n"": 88}, {""k"": 1, ""n"": 88}, {""k"": 1, ""n"": 88}, {""k"": 1, ""n"": 80}]}, {""constant_lens"": false, ""gain"": 0.25, ""lens"": ""pc1"", ""lens_scaling"": ""standardize"", ""min_cluster_size"": 21, ""min_samples"": 5, ""n_class"": 477, ""n_edges"": 5, ""n_intervals"": 6, ""n_vertices"": 6, ""noise_reassigned"": 391, ""placement"": ""quantile"", ""slabs"": [{""k"": 1, ""n"": 90}, {""k"": 1, ""n"": 99}, {""k"": 1, ""n"": 99}, {""k"": 1, ""n"": 99}, {""k"": 1, ""n"": 99}, {""k"": 1, ""n"": 90}]}, {""constant_lens"": false, ""gain"": 0.25, ""lens"": ""pc1"", ""lens_scaling"": ""standardize"", ""min_cluster_size"": 21, ""min_samples"": 5, ""n_class"": 1019, ""n_edges"": 6, ""n_intervals"": 7, ""n_vertices"": 7, ""noise_reassigned"": 1090, ""placement"": ""quantile"", ""slabs"": [{""k"": 1, ""n"": 164}, {""k"": 1, ""n"": 182}, {""k"": 1, ""n"": 182}, {""k"": 1, ""n"": 181}, {""k"": 1, ""n"": 182}, {""k"": 1, ""n"": 182}, {""k"": 1, ""n"": 164}]}], ""soundness_bound_holds"": true, ""step_rule"": ""scale_free"", ""topology_retention_nerve_to_frozen"": {""beta0_frozen"": 13, ""beta0_nerve"": 6, ""beta1_frozen"": 0, ""beta1_nerve"": 0}}",True
0.8942457231726283,58,False,0.010013812154696133,0.01,,2.6712749999715015,51.14297699992312,48.47170199995162,satimage,0,"{""epsilon"": 0.1, ""window"": 0.2}",LVQ3,10,58,643,5792,0.9899861878453039,1956713151,False,,True
0.8522550544323484,58,False,0.010013812154696133,0.01,"{""0"": 14, ""1"": 6, ""2"": 12, ""3"": 6, ""4"": 6, ""5"": 14}",1.5830089999944903,1.5830089999944903,0.0,satimage,0,,KMeans,10,58,643,5792,0.9899861878453039,1956713151,False,,True
0.8055987558320373,58,False,0.010013812154696133,0.01,"{""0"": 14, ""1"": 6, ""2"": 12, ""3"": 6, ""4"": 6, ""5"": 14}",0.0014230000087991357,0.0014230000087991357,0.0,satimage,0,,Random,10,58,643,5792,0.9899861878453039,1956713151,False,,True
0.8320373250388803,58,False,0.010013812154696133,0.01,,1.8354770000441931,1.8354770000441931,0.0,satimage,0,,SPOT,10,58,643,5792,0.9899861878453039,1956713151,False,,True
0.8522550544323484,58,False,0.010013812154696133,0.01,,10.318547000002582,10.318547000002582,0.0,satimage,0,,GLVQ,10,58,643,5792,0.9899861878453039,1956713151,False,,True
0.8584758942457231,58,False,0.010013812154696133,0.01,,1.5508689999696799,1.5508689999696799,0.0,satimage,0,,GNG,10,58,643,5792,0.9899861878453039,1956713151,False,,True
0.9020217729393468,116,False,0.020027624309392266,0.02,,0.000172999978531152,0.000172999978531152,0.0,satimage,0,,Full,10,5792,643,5792,0.0,1956713151,True,,False
0.9129082426127527,116,False,0.020027624309392266,0.02,,1.7815859999973327,1.7815859999973327,0.0,satimage,0,,RSP3,10,1505,643,5792,0.7401588397790055,1956713151,True,,False
0.9129082426127527,116,False,0.020027624309392266,0.02,,1.678662999998778,1.678662999998778,0.0,satimage,0,,RHC,10,565,643,5792,0.9024516574585635,1956713151,True,,False
0.8771384136858476,116,False,0.020027624309392266,0.02,,5.65291000000434,5.65291000000434,0.0,satimage,0,,SPINE+1NN,10,116,643,5792,0.9799723756906077,1956713151,False,"{""admission"": {""criterion"": ""risk"", ""removed_risk"": 7, ""removed_support"": 0}, ""betti_final"": [[1, 0], [2, 0], [2, 0], [4, 0], [3, 0], [1, 0]], ""betti_frozen"": [[1, 0], [2, 0], [2, 0], [4, 0], [3, 0], [1, 0]], ""betti_nerve"": [[1, 0], [1, 0], [1, 0], [1, 0], [1, 0], [1, 0]], ""boundary_restriction"": ""both"", ""forced_removals"": 0, ""growth_representation_fallbacks"": 39, ""invariant_held"": true, ""n_segments"": 103, ""n_train_fit"": 4344, ""n_val"": 1448, ""phase0"": [{""constant_lens"": false, ""gain"": 0.25, ""lens"": ""pc1"", ""lens_scaling"": ""standardize"", ""min_cluster_size"": 21, ""min_samples"": 5, ""n_class"": 1034, ""n_edges"": 6, ""n_intervals"": 7, ""n_vertices"": 7, ""noise_reassigned"": 1143, ""placement"": ""uniform"", ""slabs"": [{""k"": 1, ""n"": 100}, {""k"": 1, ""n"": 391}, {""k"": 1, ""n"": 232}, {""k"": 1, ""n"": 197}, {""k"": 1, ""n"": 159}, {""k"": 1, ""n"": 142}, {""k"": 1, ""n"": 70}]}, {""constant_lens"": false, ""gain"": 0.25, ""lens"": ""pc1"", ""lens_scaling"": ""standardize"", ""min_cluster_size"": 21, ""min_samples"": 5, ""n_class"": 475, ""n_edges"": 5, ""n_intervals"": 6, ""n_vertices"": 6, ""noise_reassigned"": 378, ""placement"": ""quantile"", ""slabs"": [{""k"": 1, ""n"": 89}, {""k"": 1, ""n"": 98}, {""k"": 1, ""n"": 98}, {""k"": 1, ""n"": 98}, {""k"": 1, ""n"": 98}, {""k"": 1, ""n"": 89}]}, {""constant_lens"": false, ""gain"": 0.25, ""lens"": ""pc1"", ""lens_scaling"": ""standardize"", ""min_cluster_size"": 21, ""min_samples"": 5, ""n_class"": 916, ""n_edges"": 5, ""n_intervals"": 6, ""n_vertices"": 6, ""noise_reassigned"": 978, ""placement"": ""quantile"", ""slabs"": [{""k"": 1, ""n"": 172}, {""k"": 1, ""n"": 191}, {""k"": 1, ""n"": 191}, {""k"": 1, ""n"": 191}, {""k"": 1, ""n"": 191}, {""k"": 1, ""n"": 172}]}, {""constant_lens"": false, ""gain"": 0.25, ""lens"": ""pc1"", ""lens_scaling"": ""standardize"", ""min_cluster_size"": 21, ""min_samples"": 5, ""n_class"": 423, ""n_edges"": 5, ""n_intervals"": 6, ""n_vertices"": 6, ""noise_reassigned"": 381, ""placement"": ""quantile"", ""slabs"": [{""k"": 1, ""n"": 80}, {""k"": 1, ""n"": 88}, {""k"": 1, ""n"": 88}, {""k"": 1, ""n"": 88}, {""k"": 1, ""n"": 88}, {""k"": 1, ""n"": 80}]}, {""constant_lens"": false, ""gain"": 0.25, ""lens"": ""pc1"", ""lens_scaling"": ""standardize"", ""min_cluster_size"": 21, ""min_samples"": 5, ""n_class"": 477, ""n_edges"": 5, ""n_intervals"": 6, ""n_vertices"": 6, ""noise_reassigned"": 391, ""placement"": ""quantile"", ""slabs"": [{""k"": 1, ""n"": 90}, {""k"": 1, ""n"": 99}, {""k"": 1, ""n"": 99}, {""k"": 1, ""n"": 99}, {""k"": 1, ""n"": 99}, {""k"": 1, ""n"": 90}]}, {""constant_lens"": false, ""gain"": 0.25, ""lens"": ""pc1"", ""lens_scaling"": ""standardize"", ""min_cluster_size"": 21, ""min_samples"": 5, ""n_class"": 1019, ""n_edges"": 6, ""n_intervals"": 7, ""n_vertices"": 7, ""noise_reassigned"": 1090, ""placement"": ""quantile"", ""slabs"": [{""k"": 1, ""n"": 164}, {""k"": 1, ""n"": 182}, {""k"": 1, ""n"": 182}, {""k"": 1, ""n"": 181}, {""k"": 1, ""n"": 182}, {""k"": 1, ""n"": 182}, {""k"": 1, ""n"": 164}]}], ""soundness_bound_holds"": true, ""step_rule"": ""scale_free"", ""topology_retention_nerve_to_frozen"": {""beta0_frozen"": 13, ""beta0_nerve"": 6, ""beta1_frozen"": 0, ""beta1_nerve"": 0}}",True
0.8755832037325039,116,False,0.020027624309392266,0.02,,5.65291000000434,5.65291000000434,0.0,satimage,0,,SPINE+Graph,10,116,643,5792,0.9799723756906077,1956713151,False,"{""admission"": {""criterion"": ""risk"", ""removed_risk"": 7, ""removed_support"": 0}, ""betti_final"": [[1, 0], [2, 0], [2, 0], [4, 0], [3, 0], [1, 0]], ""betti_frozen"": [[1, 0], [2, 0], [2, 0], [4, 0], [3, 0], [1, 0]], ""betti_nerve"": [[1, 0], [1, 0], [1, 0], [1, 0], [1, 0], [1, 0]], ""boundary_restriction"": ""both"", ""forced_removals"": 0, ""growth_representation_fallbacks"": 39, ""invariant_held"": true, ""n_segments"": 103, ""n_train_fit"": 4344, ""n_val"": 1448, ""phase0"": [{""constant_lens"": false, ""gain"": 0.25, ""lens"": ""pc1"", ""lens_scaling"": ""standardize"", ""min_cluster_size"": 21, ""min_samples"": 5, ""n_class"": 1034, ""n_edges"": 6, ""n_intervals"": 7, ""n_vertices"": 7, ""noise_reassigned"": 1143, ""placement"": ""uniform"", ""slabs"": [{""k"": 1, ""n"": 100}, {""k"": 1, ""n"": 391}, {""k"": 1, ""n"": 232}, {""k"": 1, ""n"": 197}, {""k"": 1, ""n"": 159}, {""k"": 1, ""n"": 142}, {""k"": 1, ""n"": 70}]}, {""constant_lens"": false, ""gain"": 0.25, ""lens"": ""pc1"", ""lens_scaling"": ""standardize"", ""min_cluster_size"": 21, ""min_samples"": 5, ""n_class"": 475, ""n_edges"": 5, ""n_intervals"": 6, ""n_vertices"": 6, ""noise_reassigned"": 378, ""placement"": ""quantile"", ""slabs"": [{""k"": 1, ""n"": 89}, {""k"": 1, ""n"": 98}, {""k"": 1, ""n"": 98}, {""k"": 1, ""n"": 98}, {""k"": 1, ""n"": 98}, {""k"": 1, ""n"": 89}]}, {""constant_lens"": false, ""gain"": 0.25, ""lens"": ""pc1"", ""lens_scaling"": ""standardize"", ""min_cluster_size"": 21, ""min_samples"": 5, ""n_class"": 916, ""n_edges"": 5, ""n_intervals"": 6, ""n_vertices"": 6, ""noise_reassigned"": 978, ""placement"": ""quantile"", ""slabs"": [{""k"": 1, ""n"": 172}, {""k"": 1, ""n"": 191}, {""k"": 1, ""n"": 191}, {""k"": 1, ""n"": 191}, {""k"": 1, ""n"": 191}, {""k"": 1, ""n"": 172}]}, {""constant_lens"": false, ""gain"": 0.25, ""lens"": ""pc1"", ""lens_scaling"": ""standardize"", ""min_cluster_size"": 21, ""min_samples"": 5, ""n_class"": 423, ""n_edges"": 5, ""n_intervals"": 6, ""n_vertices"": 6, ""noise_reassigned"": 381, ""placement"": ""quantile"", ""slabs"": [{""k"": 1, ""n"": 80}, {""k"": 1, ""n"": 88}, {""k"": 1, ""n"": 88}, {""k"": 1, ""n"": 88}, {""k"": 1, ""n"": 88}, {""k"": 1, ""n"": 80}]}, {""constant_lens"": false, ""gain"": 0.25, ""lens"": ""pc1"", ""lens_scaling"": ""standardize"", ""min_cluster_size"": 21, ""min_samples"": 5, ""n_class"": 477, ""n_edges"": 5, ""n_intervals"": 6, ""n_vertices"": 6, ""noise_reassigned"": 391, ""placement"": ""quantile"", ""slabs"": [{""k"": 1, ""n"": 90}, {""k"": 1, ""n"": 99}, {""k"": 1, ""n"": 99}, {""k"": 1, ""n"": 99}, {""k"": 1, ""n"": 99}, {""k"": 1, ""n"": 90}]}, {""constant_lens"": false, ""gain"": 0.25, ""lens"": ""pc1"", ""lens_scaling"": ""standardize"", ""min_cluster_size"": 21, ""min_samples"": 5, ""n_class"": 1019, ""n_edges"": 6, ""n_intervals"": 7, ""n_vertices"": 7, ""noise_reassigned"": 1090, ""placement"": ""quantile"", ""slabs"": [{""k"": 1, ""n"": 164}, {""k"": 1, ""n"": 182}, {""k"": 1, ""n"": 182}, {""k"": 1, ""n"": 181}, {""k"": 1, ""n"": 182}, {""k"": 1, ""n"": 182}, {""k"": 1, ""n"": 164}]}], ""soundness_bound_holds"": true, ""step_rule"": ""scale_free"", ""topology_retention_nerve_to_frozen"": {""beta0_frozen"": 13, ""beta0_nerve"": 6, ""beta1_frozen"": 0, ""beta1_nerve"": 0}}",True
0.8942457231726283,116,False,0.020027624309392266,0.02,,3.126462999964133,62.14084999996703,59.0143870000029,satimage,0,"{""epsilon"": 0.1, ""window"": 0.3}",LVQ3,10,116,643,5792,0.9799723756906077,1956713151,False,,True
0.8693623639191291,116,False,0.020027624309392266,0.02,"{""0"": 28, ""1"": 13, ""2"": 24, ""3"": 11, ""4"": 13, ""5"": 27}",3.5926450000260957,3.5926450000260957,0.0,satimage,0,,KMeans,10,116,643,5792,0.9799723756906077,1956713151,False,,True
0.7884914463452566,116,False,0.020027624309392266,0.02,"{""0"": 28, ""1"": 13, ""2"": 24, ""3"": 11, ""4"": 13, ""5"": 27}",0.0015100000309757888,0.0015100000309757888,0.0,satimage,0,,Random,10,116,643,5792,0.9799723756906077,1956713151,False,,True
0.8491446345256609,116,False,0.020027624309392266,0.02,,1.8603149999980815,1.8603149999980815,0.0,satimage,0,,SPOT,10,116,643,5792,0.9799723756906077,1956713151,False,,True
0.8522550544323484,116,False,0.020027624309392266,0.02,,17.60180299996864,17.60180299996864,0.0,satimage,0,,GLVQ,10,116,643,5792,0.9799723756906077,1956713151,False,,True
0.8942457231726283,116,False,0.020027624309392266,0.02,,1.9726789999986067,1.9726789999986067,0.0,satimage,0,,GNG,10,116,643,5792,0.9799723756906077,1956713151,False,,True
0.9020217729393468,290,False,0.05006906077348066,0.05,,0.000172999978531152,0.000172999978531152,0.0,satimage,0,,Full,10,5792,643,5792,0.0,1956713151,True,,False
0.9129082426127527,290,False,0.05006906077348066,0.05,,1.7815859999973327,1.7815859999973327,0.0,satimage,0,,RSP3,10,1505,643,5792,0.7401588397790055,1956713151,True,,False
0.9129082426127527,290,False,0.05006906077348066,0.05,,1.678662999998778,1.678662999998778,0.0,satimage,0,,RHC,10,565,643,5792,0.9024516574585635,1956713151,True,,False
0.8942457231726283,290,False,0.05006906077348066,0.05,,7.086838999995962,7.086838999995962,0.0,satimage,0,,SPINE+1NN,10,290,643,5792,0.9499309392265194,1956713151,False,"{""admission"": {""criterion"": ""risk"", ""removed_risk"": 7, ""removed_support"": 0}, ""betti_final"": [[1, 0], [2, 0], [2, 0], [4, 0], [3, 0], [1, 0]], ""betti_frozen"": [[1, 0], [2, 0], [2, 0], [4, 0], [3, 0], [1, 0]], ""betti_nerve"": [[1, 0], [1, 0], [1, 0], [1, 0], [1, 0], [1, 0]], ""boundary_restriction"": ""both"", ""forced_removals"": 0, ""growth_representation_fallbacks"": 150, ""invariant_held"": true, ""n_segments"": 277, ""n_train_fit"": 4344, ""n_val"": 1448, ""phase0"": [{""constant_lens"": false, ""gain"": 0.25, ""lens"": ""pc1"", ""lens_scaling"": ""standardize"", ""min_cluster_size"": 21, ""min_samples"": 5, ""n_class"": 1034, ""n_edges"": 6, ""n_intervals"": 7, ""n_vertices"": 7, ""noise_reassigned"": 1143, ""placement"": ""uniform"", ""slabs"": [{""k"": 1, ""n"": 100}, {""k"": 1, ""n"": 391}, {""k"": 1, ""n"": 232}, {""k"": 1, ""n"": 197}, {""k"": 1, ""n"": 159}, {""k"": 1, ""n"": 142}, {""k"": 1, ""n"": 70}]}, {""constant_lens"": false, ""gain"": 0.25, ""lens"": ""pc1"", ""lens_scaling"": ""standardize"", ""min_cluster_size"": 21, ""min_samples"": 5, ""n_class"": 475, ""n_edges"": 5, ""n_intervals"": 6, ""n_vertices"": 6, ""noise_reassigned"": 378, ""placement"": ""quantile"", ""slabs"": [{""k"": 1, ""n"": 89}, {""k"": 1, ""n"": 98}, {""k"": 1, ""n"": 98}, {""k"": 1, ""n"": 98}, {""k"": 1, ""n"": 98}, {""k"": 1, ""n"": 89}]}, {""constant_lens"": false, ""gain"": 0.25, ""lens"": ""pc1"", ""lens_scaling"": ""standardize"", ""min_cluster_size"": 21, ""min_samples"": 5, ""n_class"": 916, ""n_edges"": 5, ""n_intervals"": 6, ""n_vertices"": 6, ""noise_reassigned"": 978, ""placement"": ""quantile"", ""slabs"": [{""k"": 1, ""n"": 172}, {""k"": 1, ""n"": 191}, {""k"": 1, ""n"": 191}, {""k"": 1, ""n"": 191}, {""k"": 1, ""n"": 191}, {""k"": 1, ""n"": 172}]}, {""constant_lens"": false, ""gain"": 0.25, ""lens"": ""pc1"", ""lens_scaling"": ""standardize"", ""min_cluster_size"": 21, ""min_samples"": 5, ""n_class"": 423, ""n_edges"": 5, ""n_intervals"": 6, ""n_vertices"": 6, ""noise_reassigned"": 381, ""placement"": ""quantile"", ""slabs"": [{""k"": 1, ""n"": 80}, {""k"": 1, ""n"": 88}, {""k"": 1, ""n"": 88}, {""k"": 1, ""n"": 88}, {""k"": 1, ""n"": 88}, {""k"": 1, ""n"": 80}]}, {""constant_lens"": false, ""gain"": 0.25, ""lens"": ""pc1"", ""lens_scaling"": ""standardize"", ""min_cluster_size"": 21, ""min_samples"": 5, ""n_class"": 477, ""n_edges"": 5, ""n_intervals"": 6, ""n_vertices"": 6, ""noise_reassigned"": 391, ""placement"": ""quantile"", ""slabs"": [{""k"": 1, ""n"": 90}, {""k"": 1, ""n"": 99}, {""k"": 1, ""n"": 99}, {""k"": 1, ""n"": 99}, {""k"": 1, ""n"": 99}, {""k"": 1, ""n"": 90}]}, {""constant_lens"": false, ""gain"": 0.25, ""lens"": ""pc1"", ""lens_scaling"": ""standardize"", ""min_cluster_size"": 21, ""min_samples"": 5, ""n_class"": 1019, ""n_edges"": 6, ""n_intervals"": 7, ""n_vertices"": 7, ""noise_reassigned"": 1090, ""placement"": ""quantile"", ""slabs"": [{""k"": 1, ""n"": 164}, {""k"": 1, ""n"": 182}, {""k"": 1, ""n"": 182}, {""k"": 1, ""n"": 181}, {""k"": 1, ""n"": 182}, {""k"": 1, ""n"": 182}, {""k"": 1, ""n"": 164}]}], ""soundness_bound_holds"": true, ""step_rule"": ""scale_free"", ""topology_retention_nerve_to_frozen"": {""beta0_frozen"": 13, ""beta0_nerve"": 6, ""beta1_frozen"": 0, ""beta1_nerve"": 0}}",True
0.895800933125972,290,False,0.05006906077348066,0.05,,7.086838999995962,7.086838999995962,0.0,satimage,0,,SPINE+Graph,10,290,643,5792,0.9499309392265194,1956713151,False,"{""admission"": {""criterion"": ""risk"", ""removed_risk"": 7, ""removed_support"": 0}, ""betti_final"": [[1, 0], [2, 0], [2, 0], [4, 0], [3, 0], [1, 0]], ""betti_frozen"": [[1, 0], [2, 0], [2, 0], [4, 0], [3, 0], [1, 0]], ""betti_nerve"": [[1, 0], [1, 0], [1, 0], [1, 0], [1, 0], [1, 0]], ""boundary_restriction"": ""both"", ""forced_removals"": 0, ""growth_representation_fallbacks"": 150, ""invariant_held"": true, ""n_segments"": 277, ""n_train_fit"": 4344, ""n_val"": 1448, ""phase0"": [{""constant_lens"": false, ""gain"": 0.25, ""lens"": ""pc1"", ""lens_scaling"": ""standardize"", ""min_cluster_size"": 21, ""min_samples"": 5, ""n_class"": 1034, ""n_edges"": 6, ""n_intervals"": 7, ""n_vertices"": 7, ""noise_reassigned"": 1143, ""placement"": ""uniform"", ""slabs"": [{""k"": 1, ""n"": 100}, {""k"": 1, ""n"": 391}, {""k"": 1, ""n"": 232}, {""k"": 1, ""n"": 197}, {""k"": 1, ""n"": 159}, {""k"": 1, ""n"": 142}, {""k"": 1, ""n"": 70}]}, {""constant_lens"": false, ""gain"": 0.25, ""lens"": ""pc1"", ""lens_scaling"": ""standardize"", ""min_cluster_size"": 21, ""min_samples"": 5, ""n_class"": 475, ""n_edges"": 5, ""n_intervals"": 6, ""n_vertices"": 6, ""noise_reassigned"": 378, ""placement"": ""quantile"", ""slabs"": [{""k"": 1, ""n"": 89}, {""k"": 1, ""n"": 98}, {""k"": 1, ""n"": 98}, {""k"": 1, ""n"": 98}, {""k"": 1, ""n"": 98}, {""k"": 1, ""n"": 89}]}, {""constant_lens"": false, ""gain"": 0.25, ""lens"": ""pc1"", ""lens_scaling"": ""standardize"", ""min_cluster_size"": 21, ""min_samples"": 5, ""n_class"": 916, ""n_edges"": 5, ""n_intervals"": 6, ""n_vertices"": 6, ""noise_reassigned"": 978, ""placement"": ""quantile"", ""slabs"": [{""k"": 1, ""n"": 172}, {""k"": 1, ""n"": 191}, {""k"": 1, ""n"": 191}, {""k"": 1, ""n"": 191}, {""k"": 1, ""n"": 191}, {""k"": 1, ""n"": 172}]}, {""constant_lens"": false, ""gain"": 0.25, ""lens"": ""pc1"", ""lens_scaling"": ""standardize"", ""min_cluster_size"": 21, ""min_samples"": 5, ""n_class"": 423, ""n_edges"": 5, ""n_intervals"": 6, ""n_vertices"": 6, ""noise_reassigned"": 381, ""placement"": ""quantile"", ""slabs"": [{""k"": 1, ""n"": 80}, {""k"": 1, ""n"": 88}, {""k"": 1, ""n"": 88}, {""k"": 1, ""n"": 88}, {""k"": 1, ""n"": 88}, {""k"": 1, ""n"": 80}]}, {""constant_lens"": false, ""gain"": 0.25, ""lens"": ""pc1"", ""lens_scaling"": ""standardize"", ""min_cluster_size"": 21, ""min_samples"": 5, ""n_class"": 477, ""n_edges"": 5, ""n_intervals"": 6, ""n_vertices"": 6, ""noise_reassigned"": 391, ""placement"": ""quantile"", ""slabs"": [{""k"": 1, ""n"": 90}, {""k"": 1, ""n"": 99}, {""k"": 1, ""n"": 99}, {""k"": 1, ""n"": 99}, {""k"": 1, ""n"": 99}, {""k"": 1, ""n"": 90}]}, {""constant_lens"": false, ""gain"": 0.25, ""lens"": ""pc1"", ""lens_scaling"": ""standardize"", ""min_cluster_size"": 21, ""min_samples"": 5, ""n_class"": 1019, ""n_edges"": 6, ""n_intervals"": 7, ""n_vertices"": 7, ""noise_reassigned"": 1090, ""placement"": ""quantile"", ""slabs"": [{""k"": 1, ""n"": 164}, {""k"": 1, ""n"": 182}, {""k"": 1, ""n"": 182}, {""k"": 1, ""n"": 181}, {""k"": 1, ""n"": 182}, {""k"": 1, ""n"": 182}, {""k"": 1, ""n"": 164}]}], ""soundness_bound_holds"": true, ""step_rule"": ""scale_free"", ""topology_retention_nerve_to_frozen"": {""beta0_frozen"": 13, ""beta0_nerve"": 6, ""beta1_frozen"": 0, ""beta1_nerve"": 0}}",True
0.9175738724727839,290,False,0.05006906077348066,0.05,,4.952272000024095,90.22402400005376,85.27175200002966,satimage,0,"{""epsilon"": 0.1, ""window"": 0.3}",LVQ3,10,290,643,5792,0.9499309392265194,1956713151,False,,True
0.8786936236391913,290,False,0.05006906077348066,0.05,"{""0"": 69, ""1"": 32, ""2"": 61, ""3"": 28, ""4"": 32, ""5"": 68}",3.33245500002522,3.33245500002522,0.0,satimage,0,,KMeans,10,290,643,5792,0.9499309392265194,1956713151,False,,True
0.838258164852255,290,False,0.05006906077348066,0.05,"{""0"": 69, ""1"": 32, ""2"": 61, ""3"": 28, ""4"": 32, ""5"": 68}",0.0015370000037364662,0.0015370000037364662,0.0,satimage,0,,Random,10,290,643,5792,0.9499309392265194,1956713151,False,,True
0.864696734059098,290,False,0.05006906077348066,0.05,,1.7026049999985844,1.7026049999985844,0.0,satimage,0,,SPOT,10,290,643,5792,0.9499309392265194,1956713151,False,,True
0.8460342146189735,290,False,0.05006906077348066,0.05,,38.95514000003459,38.95514000003459,0.0,satimage,0,,GLVQ,10,290,643,5792,0.9499309392265194,1956713151,False,,True
0.8880248833592534,290,False,0.05006906077348066,0.05,,3.851886000018567,3.851886000018567,0.0,satimage,0,,GNG,10,290,643,5792,0.9499309392265194,1956713151,False,,True
0.9020217729393468,579,False,0.09996546961325967,0.1,,0.000172999978531152,0.000172999978531152,0.0,satimage,0,,Full,10,5792,643,5792,0.0,1956713151,True,,False
0.9129082426127527,579,False,0.09996546961325967,0.1,,1.7815859999973327,1.7815859999973327,0.0,satimage,0,,RSP3,10,1505,643,5792,0.7401588397790055,1956713151,True,,False
0.9129082426127527,579,False,0.09996546961325967,0.1,,1.678662999998778,1.678662999998778,0.0,satimage,0,,RHC,10,565,643,5792,0.9024516574585635,1956713151,True,,False
0.9066874027993779,579,False,0.09996546961325967,0.1,,11.35585600003833,11.35585600003833,0.0,satimage,0,,SPINE+1NN,10,579,643,5792,0.9000345303867403,1956713151,False,"{""admission"": {""criterion"": ""risk"", ""removed_risk"": 7, ""removed_support"": 0}, ""betti_final"": [[1, 0], [2, 0], [2, 0], [4, 0], [3, 0], [1, 0]], ""betti_frozen"": [[1, 0], [2, 0], [2, 0], [4, 0], [3, 0], [1, 0]], ""betti_nerve"": [[1, 0], [1, 0], [1, 0], [1, 0], [1, 0], [1, 0]], ""boundary_restriction"": ""both"", ""forced_removals"": 0, ""growth_representation_fallbacks"": 438, ""invariant_held"": true, ""n_segments"": 566, ""n_train_fit"": 4344, ""n_val"": 1448, ""phase0"": [{""constant_lens"": false, ""gain"": 0.25, ""lens"": ""pc1"", ""lens_scaling"": ""standardize"", ""min_cluster_size"": 21, ""min_samples"": 5, ""n_class"": 1034, ""n_edges"": 6, ""n_intervals"": 7, ""n_vertices"": 7, ""noise_reassigned"": 1143, ""placement"": ""uniform"", ""slabs"": [{""k"": 1, ""n"": 100}, {""k"": 1, ""n"": 391}, {""k"": 1, ""n"": 232}, {""k"": 1, ""n"": 197}, {""k"": 1, ""n"": 159}, {""k"": 1, ""n"": 142}, {""k"": 1, ""n"": 70}]}, {""constant_lens"": false, ""gain"": 0.25, ""lens"": ""pc1"", ""lens_scaling"": ""standardize"", ""min_cluster_size"": 21, ""min_samples"": 5, ""n_class"": 475, ""n_edges"": 5, ""n_intervals"": 6, ""n_vertices"": 6, ""noise_reassigned"": 378, ""placement"": ""quantile"", ""slabs"": [{""k"": 1, ""n"": 89}, {""k"": 1, ""n"": 98}, {""k"": 1, ""n"": 98}, {""k"": 1, ""n"": 98}, {""k"": 1, ""n"": 98}, {""k"": 1, ""n"": 89}]}, {""constant_lens"": false, ""gain"": 0.25, ""lens"": ""pc1"", ""lens_scaling"": ""standardize"", ""min_cluster_size"": 21, ""min_samples"": 5, ""n_class"": 916, ""n_edges"": 5, ""n_intervals"": 6, ""n_vertices"": 6, ""noise_reassigned"": 978, ""placement"": ""quantile"", ""slabs"": [{""k"": 1, ""n"": 172}, {""k"": 1, ""n"": 191}, {""k"": 1, ""n"": 191}, {""k"": 1, ""n"": 191}, {""k"": 1, ""n"": 191}, {""k"": 1, ""n"": 172}]}, {""constant_lens"": false, ""gain"": 0.25, ""lens"": ""pc1"", ""lens_scaling"": ""standardize"", ""min_cluster_size"": 21, ""min_samples"": 5, ""n_class"": 423, ""n_edges"": 5, ""n_intervals"": 6, ""n_vertices"": 6, ""noise_reassigned"": 381, ""placement"": ""quantile"", ""slabs"": [{""k"": 1, ""n"": 80}, {""k"": 1, ""n"": 88}, {""k"": 1, ""n"": 88}, {""k"": 1, ""n"": 88}, {""k"": 1, ""n"": 88}, {""k"": 1, ""n"": 80}]}, {""constant_lens"": false, ""gain"": 0.25, ""lens"": ""pc1"", ""lens_scaling"": ""standardize"", ""min_cluster_size"": 21, ""min_samples"": 5, ""n_class"": 477, ""n_edges"": 5, ""n_intervals"": 6, ""n_vertices"": 6, ""noise_reassigned"": 391, ""placement"": ""quantile"", ""slabs"": [{""k"": 1, ""n"": 90}, {""k"": 1, ""n"": 99}, {""k"": 1, ""n"": 99}, {""k"": 1, ""n"": 99}, {""k"": 1, ""n"": 99}, {""k"": 1, ""n"": 90}]}, {""constant_lens"": false, ""gain"": 0.25, ""lens"": ""pc1"", ""lens_scaling"": ""standardize"", ""min_cluster_size"": 21, ""min_samples"": 5, ""n_class"": 1019, ""n_edges"": 6, ""n_intervals"": 7, ""n_vertices"": 7, ""noise_reassigned"": 1090, ""placement"": ""quantile"", ""slabs"": [{""k"": 1, ""n"": 164}, {""k"": 1, ""n"": 182}, {""k"": 1, ""n"": 182}, {""k"": 1, ""n"": 181}, {""k"": 1, ""n"": 182}, {""k"": 1, ""n"": 182}, {""k"": 1, ""n"": 164}]}], ""soundness_bound_holds"": true, ""step_rule"": ""scale_free"", ""topology_retention_nerve_to_frozen"": {""beta0_frozen"": 13, ""beta0_nerve"": 6, ""beta1_frozen"": 0, ""beta1_nerve"": 0}}",True
0.9097978227060654,579,False,0.09996546961325967,0.1,,11.35585600003833,11.35585600003833,0.0,satimage,0,,SPINE+Graph,10,579,643,5792,0.9000345303867403,1956713151,False,"{""admission"": {""criterion"": ""risk"", ""removed_risk"": 7, ""removed_support"": 0}, ""betti_final"": [[1, 0], [2, 0], [2, 0], [4, 0], [3, 0], [1, 0]], ""betti_frozen"": [[1, 0], [2, 0], [2, 0], [4, 0], [3, 0], [1, 0]], ""betti_nerve"": [[1, 0], [1, 0], [1, 0], [1, 0], [1, 0], [1, 0]], ""boundary_restriction"": ""both"", ""forced_removals"": 0, ""growth_representation_fallbacks"": 438, ""invariant_held"": true, ""n_segments"": 566, ""n_train_fit"": 4344, ""n_val"": 1448, ""phase0"": [{""constant_lens"": false, ""gain"": 0.25, ""lens"": ""pc1"", ""lens_scaling"": ""standardize"", ""min_cluster_size"": 21, ""min_samples"": 5, ""n_class"": 1034, ""n_edges"": 6, ""n_intervals"": 7, ""n_vertices"": 7, ""noise_reassigned"": 1143, ""placement"": ""uniform"", ""slabs"": [{""k"": 1, ""n"": 100}, {""k"": 1, ""n"": 391}, {""k"": 1, ""n"": 232}, {""k"": 1, ""n"": 197}, {""k"": 1, ""n"": 159}, {""k"": 1, ""n"": 142}, {""k"": 1, ""n"": 70}]}, {""constant_lens"": false, ""gain"": 0.25, ""lens"": ""pc1"", ""lens_scaling"": ""standardize"", ""min_cluster_size"": 21, ""min_samples"": 5, ""n_class"": 475, ""n_edges"": 5, ""n_intervals"": 6, ""n_vertices"": 6, ""noise_reassigned"": 378, ""placement"": ""quantile"", ""slabs"": [{""k"": 1, ""n"": 89}, {""k"": 1, ""n"": 98}, {""k"": 1, ""n"": 98}, {""k"": 1, ""n"": 98}, {""k"": 1, ""n"": 98}, {""k"": 1, ""n"": 89}]}, {""constant_lens"": false, ""gain"": 0.25, ""lens"": ""pc1"", ""lens_scaling"": ""standardize"", ""min_cluster_size"": 21, ""min_samples"": 5, ""n_class"": 916, ""n_edges"": 5, ""n_intervals"": 6, ""n_vertices"": 6, ""noise_reassigned"": 978, ""placement"": ""quantile"", ""slabs"": [{""k"": 1, ""n"": 172}, {""k"": 1, ""n"": 191}, {""k"": 1, ""n"": 191}, {""k"": 1, ""n"": 191}, {""k"": 1, ""n"": 191}, {""k"": 1, ""n"": 172}]}, {""constant_lens"": false, ""gain"": 0.25, ""lens"": ""pc1"", ""lens_scaling"": ""standardize"", ""min_cluster_size"": 21, ""min_samples"": 5, ""n_class"": 423, ""n_edges"": 5, ""n_intervals"": 6, ""n_vertices"": 6, ""noise_reassigned"": 381, ""placement"": ""quantile"", ""slabs"": [{""k"": 1, ""n"": 80}, {""k"": 1, ""n"": 88}, {""k"": 1, ""n"": 88}, {""k"": 1, ""n"": 88}, {""k"": 1, ""n"": 88}, {""k"": 1, ""n"": 80}]}, {""constant_lens"": false, ""gain"": 0.25, ""lens"": ""pc1"", ""lens_scaling"": ""standardize"", ""min_cluster_size"": 21, ""min_samples"": 5, ""n_class"": 477, ""n_edges"": 5, ""n_intervals"": 6, ""n_vertices"": 6, ""noise_reassigned"": 391, ""placement"": ""quantile"", ""slabs"": [{""k"": 1, ""n"": 90}, {""k"": 1, ""n"": 99}, {""k"": 1, ""n"": 99}, {""k"": 1, ""n"": 99}, {""k"": 1, ""n"": 99}, {""k"": 1, ""n"": 90}]}, {""constant_lens"": false, ""gain"": 0.25, ""lens"": ""pc1"", ""lens_scaling"": ""standardize"", ""min_cluster_size"": 21, ""min_samples"": 5, ""n_class"": 1019, ""n_edges"": 6, ""n_intervals"": 7, ""n_vertices"": 7, ""noise_reassigned"": 1090, ""placement"": ""quantile"", ""slabs"": [{""k"": 1, ""n"": 164}, {""k"": 1, ""n"": 182}, {""k"": 1, ""n"": 182}, {""k"": 1, ""n"": 181}, {""k"": 1, ""n"": 182}, {""k"": 1, ""n"": 182}, {""k"": 1, ""n"": 164}]}], ""soundness_bound_holds"": true, ""step_rule"": ""scale_free"", ""topology_retention_nerve_to_frozen"": {""beta0_frozen"": 13, ""beta0_nerve"": 6, ""beta1_frozen"": 0, ""beta1_nerve"": 0}}",True
0.9160186625194401,579,False,0.09996546961325967,0.1,,7.262939999985974,129.00090300000738,121.73796300002141,satimage,0,"{""epsilon"": 0.1, ""window"": 0.3}",LVQ3,10,579,643,5792,0.9000345303867403,1956713151,False,,True
0.9004665629860031,579,False,0.09996546961325967,0.1,"{""0"": 138, ""1"": 63, ""2"": 122, ""3"": 56, ""4"": 64, ""5"": 136}",5.013610999973025,5.013610999973025,0.0,satimage,0,,KMeans,10,579,643,5792,0.9000345303867403,1956713151,False,,True
0.864696734059098,579,False,0.09996546961325967,0.1,"{""0"": 138, ""1"": 63, ""2"": 122, ""3"": 56, ""4"": 64, ""5"": 136}",0.002039999992121011,0.002039999992121011,0.0,satimage,0,,Random,10,579,643,5792,0.9000345303867403,1956713151,False,,True
0.8755832037325039,579,False,0.09996546961325967,0.1,,2.010238999966532,2.010238999966532,0.0,satimage,0,,SPOT,10,579,643,5792,0.9000345303867403,1956713151,False,,True
0.8491446345256609,579,False,0.09996546961325967,0.1,,74.54746299999533,74.54746299999533,0.0,satimage,0,,GLVQ,10,579,643,5792,0.9000345303867403,1956713151,False,,True
0.9097978227060654,579,False,0.09996546961325967,0.1,,9.262598000001162,9.262598000001162,0.0,satimage,0,,GNG,10,579,643,5792,0.9000345303867403,1956713151,False,,True
0.9020217729393468,1448,False,0.25,0.25,,0.000172999978531152,0.000172999978531152,0.0,satimage,0,,Full,10,5792,643,5792,0.0,1956713151,True,,False
0.9129082426127527,1448,False,0.25,0.25,,1.7815859999973327,1.7815859999973327,0.0,satimage,0,,RSP3,10,1505,643,5792,0.7401588397790055,1956713151,True,,False
0.9129082426127527,1448,False,0.25,0.25,,1.678662999998778,1.678662999998778,0.0,satimage,0,,RHC,10,565,643,5792,0.9024516574585635,1956713151,True,,False
0.9051321928460342,1448,False,0.25,0.25,,37.21063300000969,37.21063300000969,0.0,satimage,0,,SPINE+1NN,10,1448,643,5792,0.75,1956713151,False,"{""admission"": {""criterion"": ""risk"", ""removed_risk"": 7, ""removed_support"": 0}, ""betti_final"": [[1, 0], [2, 0], [2, 0], [4, 0], [3, 0], [1, 0]], ""betti_frozen"": [[1, 0], [2, 0], [2, 0], [4, 0], [3, 0], [1, 0]], ""betti_nerve"": [[1, 0], [1, 0], [1, 0], [1, 0], [1, 0], [1, 0]], ""boundary_restriction"": ""both"", ""forced_removals"": 0, ""growth_representation_fallbacks"": 1418, ""invariant_held"": true, ""n_segments"": 1435, ""n_train_fit"": 4344, ""n_val"": 1448, ""phase0"": [{""constant_lens"": false, ""gain"": 0.25, ""lens"": ""pc1"", ""lens_scaling"": ""standardize"", ""min_cluster_size"": 21, ""min_samples"": 5, ""n_class"": 1034, ""n_edges"": 6, ""n_intervals"": 7, ""n_vertices"": 7, ""noise_reassigned"": 1143, ""placement"": ""uniform"", ""slabs"": [{""k"": 1, ""n"": 100}, {""k"": 1, ""n"": 391}, {""k"": 1, ""n"": 232}, {""k"": 1, ""n"": 197}, {""k"": 1, ""n"": 159}, {""k"": 1, ""n"": 142}, {""k"": 1, ""n"": 70}]}, {""constant_lens"": false, ""gain"": 0.25, ""lens"": ""pc1"", ""lens_scaling"": ""standardize"", ""min_cluster_size"": 21, ""min_samples"": 5, ""n_class"": 475, ""n_edges"": 5, ""n_intervals"": 6, ""n_vertices"": 6, ""noise_reassigned"": 378, ""placement"": ""quantile"", ""slabs"": [{""k"": 1, ""n"": 89}, {""k"": 1, ""n"": 98}, {""k"": 1, ""n"": 98}, {""k"": 1, ""n"": 98}, {""k"": 1, ""n"": 98}, {""k"": 1, ""n"": 89}]}, {""constant_lens"": false, ""gain"": 0.25, ""lens"": ""pc1"", ""lens_scaling"": ""standardize"", ""min_cluster_size"": 21, ""min_samples"": 5, ""n_class"": 916, ""n_edges"": 5, ""n_intervals"": 6, ""n_vertices"": 6, ""noise_reassigned"": 978, ""placement"": ""quantile"", ""slabs"": [{""k"": 1, ""n"": 172}, {""k"": 1, ""n"": 191}, {""k"": 1, ""n"": 191}, {""k"": 1, ""n"": 191}, {""k"": 1, ""n"": 191}, {""k"": 1, ""n"": 172}]}, {""constant_lens"": false, ""gain"": 0.25, ""lens"": ""pc1"", ""lens_scaling"": ""standardize"", ""min_cluster_size"": 21, ""min_samples"": 5, ""n_class"": 423, ""n_edges"": 5, ""n_intervals"": 6, ""n_vertices"": 6, ""noise_reassigned"": 381, ""placement"": ""quantile"", ""slabs"": [{""k"": 1, ""n"": 80}, {""k"": 1, ""n"": 88}, {""k"": 1, ""n"": 88}, {""k"": 1, ""n"": 88}, {""k"": 1, ""n"": 88}, {""k"": 1, ""n"": 80}]}, {""constant_lens"": false, ""gain"": 0.25, ""lens"": ""pc1"", ""lens_scaling"": ""standardize"", ""min_cluster_size"": 21, ""min_samples"": 5, ""n_class"": 477, ""n_edges"": 5, ""n_intervals"": 6, ""n_vertices"": 6, ""noise_reassigned"": 391, ""placement"": ""quantile"", ""slabs"": [{""k"": 1, ""n"": 90}, {""k"": 1, ""n"": 99}, {""k"": 1, ""n"": 99}, {""k"": 1, ""n"": 99}, {""k"": 1, ""n"": 99}, {""k"": 1, ""n"": 90}]}, {""constant_lens"": false, ""gain"": 0.25, ""lens"": ""pc1"", ""lens_scaling"": ""standardize"", ""min_cluster_size"": 21, ""min_samples"": 5, ""n_class"": 1019, ""n_edges"": 6, ""n_intervals"": 7, ""n_vertices"": 7, ""noise_reassigned"": 1090, ""placement"": ""quantile"", ""slabs"": [{""k"": 1, ""n"": 164}, {""k"": 1, ""n"": 182}, {""k"": 1, ""n"": 182}, {""k"": 1, ""n"": 181}, {""k"": 1, ""n"": 182}, {""k"": 1, ""n"": 182}, {""k"": 1, ""n"": 164}]}], ""soundness_bound_holds"": true, ""step_rule"": ""scale_free"", ""topology_retention_nerve_to_frozen"": {""beta0_frozen"": 13, ""beta0_nerve"": 6, ""beta1_frozen"": 0, ""beta1_nerve"": 0}}",True
0.9144634525660964,1448,False,0.25,0.25,,37.21063300000969,37.21063300000969,0.0,satimage,0,,SPINE+Graph,10,1448,643,5792,0.75,1956713151,False,"{""admission"": {""criterion"": ""risk"", ""removed_risk"": 7, ""removed_support"": 0}, ""betti_final"": [[1, 0], [2, 0], [2, 0], [4, 0], [3, 0], [1, 0]], ""betti_frozen"": [[1, 0], [2, 0], [2, 0], [4, 0], [3, 0], [1, 0]], ""betti_nerve"": [[1, 0], [1, 0], [1, 0], [1, 0], [1, 0], [1, 0]], ""boundary_restriction"": ""both"", ""forced_removals"": 0, ""growth_representation_fallbacks"": 1418, ""invariant_held"": true, ""n_segments"": 1435, ""n_train_fit"": 4344, ""n_val"": 1448, ""phase0"": [{""constant_lens"": false, ""gain"": 0.25, ""lens"": ""pc1"", ""lens_scaling"": ""standardize"", ""min_cluster_size"": 21, ""min_samples"": 5, ""n_class"": 1034, ""n_edges"": 6, ""n_intervals"": 7, ""n_vertices"": 7, ""noise_reassigned"": 1143, ""placement"": ""uniform"", ""slabs"": [{""k"": 1, ""n"": 100}, {""k"": 1, ""n"": 391}, {""k"": 1, ""n"": 232}, {""k"": 1, ""n"": 197}, {""k"": 1, ""n"": 159}, {""k"": 1, ""n"": 142}, {""k"": 1, ""n"": 70}]}, {""constant_lens"": false, ""gain"": 0.25, ""lens"": ""pc1"", ""lens_scaling"": ""standardize"", ""min_cluster_size"": 21, ""min_samples"": 5, ""n_class"": 475, ""n_edges"": 5, ""n_intervals"": 6, ""n_vertices"": 6, ""noise_reassigned"": 378, ""placement"": ""quantile"", ""slabs"": [{""k"": 1, ""n"": 89}, {""k"": 1, ""n"": 98}, {""k"": 1, ""n"": 98}, {""k"": 1, ""n"": 98}, {""k"": 1, ""n"": 98}, {""k"": 1, ""n"": 89}]}, {""constant_lens"": false, ""gain"": 0.25, ""lens"": ""pc1"", ""lens_scaling"": ""standardize"", ""min_cluster_size"": 21, ""min_samples"": 5, ""n_class"": 916, ""n_edges"": 5, ""n_intervals"": 6, ""n_vertices"": 6, ""noise_reassigned"": 978, ""placement"": ""quantile"", ""slabs"": [{""k"": 1, ""n"": 172}, {""k"": 1, ""n"": 191}, {""k"": 1, ""n"": 191}, {""k"": 1, ""n"": 191}, {""k"": 1, ""n"": 191}, {""k"": 1, ""n"": 172}]}, {""constant_lens"": false, ""gain"": 0.25, ""lens"": ""pc1"", ""lens_scaling"": ""standardize"", ""min_cluster_size"": 21, ""min_samples"": 5, ""n_class"": 423, ""n_edges"": 5, ""n_intervals"": 6, ""n_vertices"": 6, ""noise_reassigned"": 381, ""placement"": ""quantile"", ""slabs"": [{""k"": 1, ""n"": 80}, {""k"": 1, ""n"": 88}, {""k"": 1, ""n"": 88}, {""k"": 1, ""n"": 88}, {""k"": 1, ""n"": 88}, {""k"": 1, ""n"": 80}]}, {""constant_lens"": false, ""gain"": 0.25, ""lens"": ""pc1"", ""lens_scaling"": ""standardize"", ""min_cluster_size"": 21, ""min_samples"": 5, ""n_class"": 477, ""n_edges"": 5, ""n_intervals"": 6, ""n_vertices"": 6, ""noise_reassigned"": 391, ""placement"": ""quantile"", ""slabs"": [{""k"": 1, ""n"": 90}, {""k"": 1, ""n"": 99}, {""k"": 1, ""n"": 99}, {""k"": 1, ""n"": 99}, {""k"": 1, ""n"": 99}, {""k"": 1, ""n"": 90}]}, {""constant_lens"": false, ""gain"": 0.25, ""lens"": ""pc1"", ""lens_scaling"": ""standardize"", ""min_cluster_size"": 21, ""min_samples"": 5, ""n_class"": 1019, ""n_edges"": 6, ""n_intervals"": 7, ""n_vertices"": 7, ""noise_reassigned"": 1090, ""placement"": ""quantile"", ""slabs"": [{""k"": 1, ""n"": 164}, {""k"": 1, ""n"": 182}, {""k"": 1, ""n"": 182}, {""k"": 1, ""n"": 181}, {""k"": 1, ""n"": 182}, {""k"": 1, ""n"": 182}, {""k"": 1, ""n"": 164}]}], ""soundness_bound_holds"": true, ""step_rule"": ""scale_free"", ""topology_retention_nerve_to_frozen"": {""beta0_frozen"": 13, ""beta0_nerve"": 6, ""beta1_frozen"": 0, ""beta1_nerve"": 0}}",True
0.9175738724727839,1448,False,0.25,0.25,,17.70006200001808,306.7701480000396,289.07008600002155,satimage,0,"{""epsilon"": 0.3, ""window"": 0.3}",LVQ3,10,1448,643,5792,0.75,1956713151,False,,True
0.8973561430793157,1448,False,0.25,0.25,"{""0"": 345, ""1"": 158, ""2"": 306, ""3"": 141, ""4"": 159, ""5"": 339}",10.432786000019405,10.432786000019405,0.0,satimage,0,,KMeans,10,1448,643,5792,0.75,1956713151,False,,True
0.8973561430793157,1448,False,0.25,0.25,"{""0"": 345, ""1"": 158, ""2"": 306, ""3"": 141, ""4"": 159, ""5"": 339}",0.002435999980662018,0.002435999980662018,0.0,satimage,0,,Random,10,1448,643,5792,0.75,1956713151,False,,True
0.8786936236391913,1448,False,0.25,0.25,,1.8904449999681674,1.8904449999681674,0.0,satimage,0,,SPOT,10,1448,643,5792,0.75,1956713151,False,,True
0.8506998444790047,1448,False,0.25,0.25,,181.79496600001585,181.79496600001585,0.0,satimage,0,,GLVQ,10,1448,643,5792,0.75,1956713151,False,,True
0.9020217729393468,1448,False,0.25,0.25,,44.691015999997035,44.691015999997035,0.0,satimage,0,,GNG,10,1448,643,5792,0.75,1956713151,False,,True
0.8913043478260869,29,False,0.005007770678639268,0.005,,0.001361000002361834,0.001361000002361834,0.0,satimage,1,,Full,10,5791,644,5791,0.0,1957713154,False,,False
0.8959627329192547,29,False,0.005007770678639268,0.005,,1.7993930000229739,1.7993930000229739,0.0,satimage,1,,RSP3,10,1566,644,5791,0.7295803833534795,1957713154,False,,False
0.889751552795031,29,False,0.005007770678639268,0.005,,1.7079810000141151,1.7079810000141151,0.0,satimage,1,,RHC,10,561,644,5791,0.903125539630461,1957713154,False,,False
0.8322981366459627,29,False,0.005007770678639268,0.005,,4.333661000011489,4.333661000011489,0.0,satimage,1,,SPINE+1NN,10,29,644,5791,0.9949922293213608,1957713154,False,"{""admission"": {""criterion"": ""risk"", ""removed_risk"": 7, ""removed_support"": 0}, ""betti_final"": [[1, 0], [2, 0], [1, 0], [3, 0], [3, 0], [2, 0]], ""betti_frozen"": [[1, 0], [2, 0], [1, 0], [3, 0], [4, 0], [2, 0]], ""betti_nerve"": [[1, 0], [1, 0], [1, 0], [1, 0], [1, 0], [1, 0]], ""boundary_restriction"": ""both"", ""forced_removals"": 1, ""growth_representation_fallbacks"": 0, ""invariant_held"": false, ""n_segments"": 17, ""n_train_fit"": 4343, ""n_val"": 1448, ""phase0"": [{""constant_lens"": false, ""gain"": 0.25, ""lens"": ""pc1"", ""lens_scaling"": ""standardize"", ""min_cluster_size"": 21, ""min_samples"": 5, ""n_class"": 1034, ""n_edges"": 6, ""n_intervals"": 7, ""n_vertices"": 7, ""noise_reassigned"": 1161, ""placement"": ""uniform"", ""slabs"": [{""k"": 1, ""n"": 177}, {""k"": 1, ""n"": 341}, {""k"": 1, ""n"": 197}, {""k"": 1, ""n"": 189}, {""k"": 1, ""n"": 177}, {""k"": 1, ""n"": 158}, {""k"": 1, ""n"": 71}]}, {""constant_lens"": false, ""gain"": 0.25, ""lens"": ""pc1"", ""lens_scaling"": ""standardize"", ""min_cluster_size"": 21, ""min_samples"": 5, ""n_class"": 475, ""n_edges"": 5, ""n_intervals"": 6, ""n_vertices"": 6, ""noise_reassigned"": 434, ""placement"": ""quantile"", ""slabs"": [{""k"": 1, ""n"": 89}, {""k"": 1, ""n"": 98}, {""k"": 1, ""n"": 98}, {""k"": 1, ""n"": 98}, {""k"": 1, ""n"": 98}, {""k"": 1, ""n"": 89}]}, {""constant_lens"": false, ""gain"": 0.25, ""lens"": ""pc1"", ""lens_scaling"": ""standardize"", ""min_cluster_size"": 21, ""min_samples"": 5, ""n_class"": 916, ""n_edges"": 5, ""n_intervals"": 6, ""n_vertices"": 6, ""noise_reassigned"": 965, ""placement"": ""quantile"", ""slabs"": [{""k"": 1, ""n"": 172}, {""k"": 1, ""n"": 191}, {""k"": 1, ""n"": 191}, {""k"": 1, ""n"": 191}, {""k"": 1, ""n"": 191}, {""k"": 1, ""n"": 172}]}, {""constant_lens"": false, ""gain"": 0.25, ""lens"": ""pc1"", ""lens_scaling"": ""standardize"", ""min_cluster_size"": 21, ""min_samples"": 5, ""n_class"": 423, ""n_edges"": 5, ""n_intervals"": 6, ""n_vertices"": 6, ""noise_reassigned"": 386, ""placement"": ""quantile"", ""slabs"": [{""k"": 1, ""n"": 80}, {""k"": 1, ""n"": 88}, {""k"": 1, ""n"": 88}, {""k"": 1, ""n"": 88}, {""k"": 1, ""n"": 88}, {""k"": 1, ""n"": 80}]}, {""constant_lens"": false, ""gain"": 0.25, ""lens"": ""pc1"", ""lens_scaling"": ""standardize"", ""min_cluster_size"": 21, ""min_samples"": 5, ""n_class"": 477, ""n_edges"": 5, ""n_intervals"": 6, ""n_vertices"": 6, ""noise_reassigned"": 406, ""placement"": ""quantile"", ""slabs"": [{""k"": 1, ""n"": 90}, {""k"": 1, ""n"": 99}, {""k"": 1, ""n"": 99}, {""k"": 1, ""n"": 99}, {""k"": 1, ""n"": 99}, {""k"": 1, ""n"": 90}]}, {""constant_lens"": false, ""gain"": 0.25, ""lens"": ""pc1"", ""lens_scaling"": ""standardize"", ""min_cluster_size"": 21, ""min_samples"": 5, ""n_class"": 1018, ""n_edges"": 6, ""n_intervals"": 7, ""n_vertices"": 7, ""noise_reassigned"": 1083, ""placement"": ""quantile"", ""slabs"": [{""k"": 1, ""n"": 164}, {""k"": 1, ""n"": 181}, {""k"": 1, ""n"": 182}, {""k"": 1, ""n"": 182}, {""k"": 1, ""n"": 182}, {""k"": 1, ""n"": 181}, {""k"": 1, ""n"": 164}]}], ""soundness_bound_holds"": true, ""step_rule"": ""scale_free"", ""topology_retention_nerve_to_frozen"": {""beta0_frozen"": 13, ""beta0_nerve"": 6, ""beta1_frozen"": 0, ""beta1_nerve"": 0}}",True
0.8291925465838509,29,False,0.005007770678639268,0.005,,4.333661000011489,4.333661000011489,0.0,satimage,1,,SPINE+Graph,10,29,644,5791,0.9949922293213608,1957713154,False,"{""admission"": {""criterion"": ""risk"", ""removed_risk"": 7, ""removed_support"": 0}, ""betti_final"": [[1, 0], [2, 0], [1, 0], [3, 0], [3, 0], [2, 0]], ""betti_frozen"": [[1, 0], [2, 0], [1, 0], [3, 0], [4, 0], [2, 0]], ""betti_nerve"": [[1, 0], [1, 0], [1, 0], [1, 0], [1, 0], [1, 0]], ""boundary_restriction"": ""both"", ""forced_removals"": 1, ""growth_representation_fallbacks"": 0, ""invariant_held"": false, ""n_segments"": 17, ""n_train_fit"": 4343, ""n_val"": 1448, ""phase0"": [{""constant_lens"": false, ""gain"": 0.25, ""lens"": ""pc1"", ""lens_scaling"": ""standardize"", ""min_cluster_size"": 21, ""min_samples"": 5, ""n_class"": 1034, ""n_edges"": 6, ""n_intervals"": 7, ""n_vertices"": 7, ""noise_reassigned"": 1161, ""placement"": ""uniform"", ""slabs"": [{""k"": 1, ""n"": 177}, {""k"": 1, ""n"": 341}, {""k"": 1, ""n"": 197}, {""k"": 1, ""n"": 189}, {""k"": 1, ""n"": 177}, {""k"": 1, ""n"": 158}, {""k"": 1, ""n"": 71}]}, {""constant_lens"": false, ""gain"": 0.25, ""lens"": ""pc1"", ""lens_scaling"": ""standardize"", ""min_cluster_size"": 21, ""min_samples"": 5, ""n_class"": 475, ""n_edges"": 5, ""n_intervals"": 6, ""n_vertices"": 6, ""noise_reassigned"": 434, ""placement"": ""quantile"", ""slabs"": [{""k"": 1, ""n"": 89}, {""k"": 1, ""n"": 98}, {""k"": 1, ""n"": 98}, {""k"": 1, ""n"": 98}, {""k"": 1, ""n"": 98}, {""k"": 1, ""n"": 89}]}, {""constant_lens"": false, ""gain"": 0.25, ""lens"": ""pc1"", ""lens_scaling"": ""standardize"", ""min_cluster_size"": 21, ""min_samples"": 5, ""n_class"": 916, ""n_edges"": 5, ""n_intervals"": 6, ""n_vertices"": 6, ""noise_reassigned"": 965, ""placement"": ""quantile"", ""slabs"": [{""k"": 1, ""n"": 172}, {""k"": 1, ""n"": 191}, {""k"": 1, ""n"": 191}, {""k"": 1, ""n"": 191}, {""k"": 1, ""n"": 191}, {""k"": 1, ""n"": 172}]}, {""constant_lens"": false, ""gain"": 0.25, ""lens"": ""pc1"", ""lens_scaling"": ""standardize"", ""min_cluster_size"": 21, ""min_samples"": 5, ""n_class"": 423, ""n_edges"": 5, ""n_intervals"": 6, ""n_vertices"": 6, ""noise_reassigned"": 386, ""placement"": ""quantile"", ""slabs"": [{""k"": 1, ""n"": 80}, {""k"": 1, ""n"": 88}, {""k"": 1, ""n"": 88}, {""k"": 1, ""n"": 88}, {""k"": 1, ""n"": 88}, {""k"": 1, ""n"": 80}]}, {""constant_lens"": false, ""gain"": 0.25, ""lens"": ""pc1"", ""lens_scaling"": ""standardize"", ""min_cluster_size"": 21, ""min_samples"": 5, ""n_class"": 477, ""n_edges"": 5, ""n_intervals"": 6, ""n_vertices"": 6, ""noise_reassigned"": 406, ""placement"": ""quantile"", ""slabs"": [{""k"": 1, ""n"": 90}, {""k"": 1, ""n"": 99}, {""k"": 1, ""n"": 99}, {""k"": 1, ""n"": 99}, {""k"": 1, ""n"": 99}, {""k"": 1, ""n"": 90}]}, {""constant_lens"": false, ""gain"": 0.25, ""lens"": ""pc1"", ""lens_scaling"": ""standardize"", ""min_cluster_size"": 21, ""min_samples"": 5, ""n_class"": 1018, ""n_edges"": 6, ""n_intervals"": 7, ""n_vertices"": 7, ""noise_reassigned"": 1083, ""placement"": ""quantile"", ""slabs"": [{""k"": 1, ""n"": 164}, {""k"": 1, ""n"": 181}, {""k"": 1, ""n"": 182}, {""k"": 1, ""n"": 182}, {""k"": 1, ""n"": 182}, {""k"": 1, ""n"": 181}, {""k"": 1, ""n"": 164}]}], ""soundness_bound_holds"": true, ""step_rule"": ""scale_free"", ""topology_retention_nerve_to_frozen"": {""beta0_frozen"": 13, ""beta0_nerve"": 6, ""beta1_frozen"": 0, ""beta1_nerve"": 0}}",True
0.8819875776397516,29,False,0.005007770678639268,0.005,,2.4889559999573976,47.64008599991212,45.15112999995472,satimage,1,"{""epsilon"": 0.1, ""window"": 0.2}",LVQ3,10,29,644,5791,0.9949922293213608,1957713154,False,,True
0.8260869565217391,29,False,0.005007770678639268,0.005,"{""0"": 7, ""1"": 3, ""2"": 6, ""3"": 3, ""4"": 3, ""5"": 7}",1.2777119999518618,1.2777119999518618,0.0,satimage,1,,KMeans,10,29,644,5791,0.9949922293213608,1957713154,False,,True
0.7701863354037267,29,False,0.005007770678639268,0.005,"{""0"": 7, ""1"": 3, ""2"": 6, ""3"": 3, ""4"": 3, ""5"": 7}",0.0013119999784976244,0.0013119999784976244,0.0,satimage,1,,Random,10,29,644,5791,0.9949922293213608,1957713154,False,,True
0.8400621118012422,29,False,0.005007770678639268,0.005,,1.6552329999976791,1.6552329999976791,0.0,satimage,1,,SPOT,10,29,644,5791,0.9949922293213608,1957713154,False,,True
0.843167701863354,29,False,0.005007770678639268,0.005,,6.777964000008069,6.777964000008069,0.0,satimage,1,,GLVQ,10,29,644,5791,0.9949922293213608,1957713154,False,,True
0.827639751552795,29,False,0.005007770678639268,0.005,,0.8409410000313073,0.8409410000313073,0.0,satimage,1,,GNG,10,29,644,5791,0.9949922293213608,1957713154,False,,True
0.8913043478260869,58,False,0.010015541357278536,0.01,,0.001361000002361834,0.001361000002361834,0.0,satimage,1,,Full,10,5791,644,5791,0.0,1957713154,True,,False
0.8959627329192547,58,False,0.010015541357278536,0.01,,1.7993930000229739,1.7993930000229739,0.0,satimage,1,,RSP3,10,1566,644,5791,0.7295803833534795,1957713154,True,,False
0.889751552795031,58,False,0.010015541357278536,0.01,,1.7079810000141151,1.7079810000141151,0.0,satimage,1,,RHC,10,561,644,5791,0.903125539630461,1957713154,True,,False
0.8416149068322981,58,False,0.010015541357278536,0.01,,5.421031000034418,5.421031000034418,0.0,satimage,1,,SPINE+1NN,10,58,644,5791,0.9899844586427214,1957713154,False,"{""admission"": {""criterion"": ""risk"", ""removed_risk"": 7, ""removed_support"": 0}, ""betti_final"": [[1, 0], [2, 0], [1, 0], [3, 0], [4, 0], [2, 0]], ""betti_frozen"": [[1, 0], [2, 0], [1, 0], [3, 0], [4, 0], [2, 0]], ""betti_nerve"": [[1, 0], [1, 0], [1, 0], [1, 0], [1, 0], [1, 0]], ""boundary_restriction"": ""both"", ""forced_removals"": 0, ""growth_representation_fallbacks"": 4, ""invariant_held"": true, ""n_segments"": 45, ""n_train_fit"": 4343, ""n_val"": 1448, ""phase0"": [{""constant_lens"": false, ""gain"": 0.25, ""lens"": ""pc1"", ""lens_scaling"": ""standardize"", ""min_cluster_size"": 21, ""min_samples"": 5, ""n_class"": 1034, ""n_edges"": 6, ""n_intervals"": 7, ""n_vertices"": 7, ""noise_reassigned"": 1161, ""placement"": ""uniform"", ""slabs"": [{""k"": 1, ""n"": 177}, {""k"": 1, ""n"": 341}, {""k"": 1, ""n"": 197}, {""k"": 1, ""n"": 189}, {""k"": 1, ""n"": 177}, {""k"": 1, ""n"": 158}, {""k"": 1, ""n"": 71}]}, {""constant_lens"": false, ""gain"": 0.25, ""lens"": ""pc1"", ""lens_scaling"": ""standardize"", ""min_cluster_size"": 21, ""min_samples"": 5, ""n_class"": 475, ""n_edges"": 5, ""n_intervals"": 6, ""n_vertices"": 6, ""noise_reassigned"": 434, ""placement"": ""quantile"", ""slabs"": [{""k"": 1, ""n"": 89}, {""k"": 1, ""n"": 98}, {""k"": 1, ""n"": 98}, {""k"": 1, ""n"": 98}, {""k"": 1, ""n"": 98}, {""k"": 1, ""n"": 89}]}, {""constant_lens"": false, ""gain"": 0.25, ""lens"": ""pc1"", ""lens_scaling"": ""standardize"", ""min_cluster_size"": 21, ""min_samples"": 5, ""n_class"": 916, ""n_edges"": 5, ""n_intervals"": 6, ""n_vertices"": 6, ""noise_reassigned"": 965, ""placement"": ""quantile"", ""slabs"": [{""k"": 1, ""n"": 172}, {""k"": 1, ""n"": 191}, {""k"": 1, ""n"": 191}, {""k"": 1, ""n"": 191}, {""k"": 1, ""n"": 191}, {""k"": 1, ""n"": 172}]}, {""constant_lens"": false, ""gain"": 0.25, ""lens"": ""pc1"", ""lens_scaling"": ""standardize"", ""min_cluster_size"": 21, ""min_samples"": 5, ""n_class"": 423, ""n_edges"": 5, ""n_intervals"": 6, ""n_vertices"": 6, ""noise_reassigned"": 386, ""placement"": ""quantile"", ""slabs"": [{""k"": 1, ""n"": 80}, {""k"": 1, ""n"": 88}, {""k"": 1, ""n"": 88}, {""k"": 1, ""n"": 88}, {""k"": 1, ""n"": 88}, {""k"": 1, ""n"": 80}]}, {""constant_lens"": false, ""gain"": 0.25, ""lens"": ""pc1"", ""lens_scaling"": ""standardize"", ""min_cluster_size"": 21, ""min_samples"": 5, ""n_class"": 477, ""n_edges"": 5, ""n_intervals"": 6, ""n_vertices"": 6, ""noise_reassigned"": 406, ""placement"": ""quantile"", ""slabs"": [{""k"": 1, ""n"": 90}, {""k"": 1, ""n"": 99}, {""k"": 1, ""n"": 99}, {""k"": 1, ""n"": 99}, {""k"": 1, ""n"": 99}, {""k"": 1, ""n"": 90}]}, {""constant_lens"": false, ""gain"": 0.25, ""lens"": ""pc1"", ""lens_scaling"": ""standardize"", ""min_cluster_size"": 21, ""min_samples"": 5, ""n_class"": 1018, ""n_edges"": 6, ""n_intervals"": 7, ""n_vertices"": 7, ""noise_reassigned"": 1083, ""placement"": ""quantile"", ""slabs"": [{""k"": 1, ""n"": 164}, {""k"": 1, ""n"": 181}, {""k"": 1, ""n"": 182}, {""k"": 1, ""n"": 182}, {""k"": 1, ""n"": 182}, {""k"": 1, ""n"": 181}, {""k"": 1, ""n"": 164}]}], ""soundness_bound_holds"": true, ""step_rule"": ""scale_free"", ""topology_retention_nerve_to_frozen"": {""beta0_frozen"": 13, ""beta0_nerve"": 6, ""beta1_frozen"": 0, ""beta1_nerve"": 0}}",True
0.843167701863354,58,False,0.010015541357278536,0.01,,5.421031000034418,5.421031000034418,0.0,satimage,1,,SPINE+Graph,10,58,644,5791,0.9899844586427214,1957713154,False,"{""admission"": {""criterion"": ""risk"", ""removed_risk"": 7, ""removed_support"": 0}, ""betti_final"": [[1, 0], [2, 0], [1, 0], [3, 0], [4, 0], [2, 0]], ""betti_frozen"": [[1, 0], [2, 0], [1, 0], [3, 0], [4, 0], [2, 0]], ""betti_nerve"": [[1, 0], [1, 0], [1, 0], [1, 0], [1, 0], [1, 0]], ""boundary_restriction"": ""both"", ""forced_removals"": 0, ""growth_representation_fallbacks"": 4, ""invariant_held"": true, ""n_segments"": 45, ""n_train_fit"": 4343, ""n_val"": 1448, ""phase0"": [{""constant_lens"": false, ""gain"": 0.25, ""lens"": ""pc1"", ""lens_scaling"": ""standardize"", ""min_cluster_size"": 21, ""min_samples"": 5, ""n_class"": 1034, ""n_edges"": 6, ""n_intervals"": 7, ""n_vertices"": 7, ""noise_reassigned"": 1161, ""placement"": ""uniform"", ""slabs"": [{""k"": 1, ""n"": 177}, {""k"": 1, ""n"": 341}, {""k"": 1, ""n"": 197}, {""k"": 1, ""n"": 189}, {""k"": 1, ""n"": 177}, {""k"": 1, ""n"": 158}, {""k"": 1, ""n"": 71}]}, {""constant_lens"": false, ""gain"": 0.25, ""lens"": ""pc1"", ""lens_scaling"": ""standardize"", ""min_cluster_size"": 21, ""min_samples"": 5, ""n_class"": 475, ""n_edges"": 5, ""n_intervals"": 6, ""n_vertices"": 6, ""noise_reassigned"": 434, ""placement"": ""quantile"", ""slabs"": [{""k"": 1, ""n"": 89}, {""k"": 1, ""n"": 98}, {""k"": 1, ""n"": 98}, {""k"": 1, ""n"": 98}, {""k"": 1, ""n"": 98}, {""k"": 1, ""n"": 89}]}, {""constant_lens"": false, ""gain"": 0.25, ""lens"": ""pc1"", ""lens_scaling"": ""standardize"", ""min_cluster_size"": 21, ""min_samples"": 5, ""n_class"": 916, ""n_edges"": 5, ""n_intervals"": 6, ""n_vertices"": 6, ""noise_reassigned"": 965, ""placement"": ""quantile"", ""slabs"": [{""k"": 1, ""n"": 172}, {""k"": 1, ""n"": 191}, {""k"": 1, ""n"": 191}, {""k"": 1, ""n"": 191}, {""k"": 1, ""n"": 191}, {""k"": 1, ""n"": 172}]}, {""constant_lens"": false, ""gain"": 0.25, ""lens"": ""pc1"", ""lens_scaling"": ""standardize"", ""min_cluster_size"": 21, ""min_samples"": 5, ""n_class"": 423, ""n_edges"": 5, ""n_intervals"": 6, ""n_vertices"": 6, ""noise_reassigned"": 386, ""placement"": ""quantile"", ""slabs"": [{""k"": 1, ""n"": 80}, {""k"": 1, ""n"": 88}, {""k"": 1, ""n"": 88}, {""k"": 1, ""n"": 88}, {""k"": 1, ""n"": 88}, {""k"": 1, ""n"": 80}]}, {""constant_lens"": false, ""gain"": 0.25, ""lens"": ""pc1"", ""lens_scaling"": ""standardize"", ""min_cluster_size"": 21, ""min_samples"": 5, ""n_class"": 477, ""n_edges"": 5, ""n_intervals"": 6, ""n_vertices"": 6, ""noise_reassigned"": 406, ""placement"": ""quantile"", ""slabs"": [{""k"": 1, ""n"": 90}, {""k"": 1, ""n"": 99}, {""k"": 1, ""n"": 99}, {""k"": 1, ""n"": 99}, {""k"": 1, ""n"": 99}, {""k"": 1, ""n"": 90}]}, {""constant_lens"": false, ""gain"": 0.25, ""lens"": ""pc1"", ""lens_scaling"": ""standardize"", ""min_cluster_size"": 21, ""min_samples"": 5, ""n_class"": 1018, ""n_edges"": 6, ""n_intervals"": 7, ""n_vertices"": 7, ""noise_reassigned"": 1083, ""placement"": ""quantile"", ""slabs"": [{""k"": 1, ""n"": 164}, {""k"": 1, ""n"": 181}, {""k"": 1, ""n"": 182}, {""k"": 1, ""n"": 182}, {""k"": 1, ""n"": 182}, {""k"": 1, ""n"": 181}, {""k"": 1, ""n"": 164}]}], ""soundness_bound_holds"": true, ""step_rule"": ""scale_free"", ""topology_retention_nerve_to_frozen"": {""beta0_frozen"": 13, ""beta0_nerve"": 6, ""beta1_frozen"": 0, ""beta1_nerve"": 0}}",True
0.8788819875776398,58,False,0.010015541357278536,0.01,,2.7050359999993816,50.93217399995774,48.22713799995836,satimage,1,"{""epsilon"": 0.1, ""window"": 0.3}",LVQ3,10,58,644,5791,0.9899844586427214,1957713154,False,,True
0.843167701863354,58,False,0.010015541357278536,0.01,"{""0"": 14, ""1"": 6, ""2"": 12, ""3"": 6, ""4"": 6, ""5"": 14}",1.453960000013467,1.453960000013467,0.0,satimage,1,,KMeans,10,58,644,5791,0.9899844586427214,1957713154,False,,True
0.7934782608695652,58,False,0.010015541357278536,0.01,"{""0"": 14, ""1"": 6, ""2"": 12, ""3"": 6, ""4"": 6, ""5"": 14}",0.003541999962180853,0.003541999962180853,0.0,satimage,1,,Random,10,58,644,5791,0.9899844586427214,1957713154,False,,True
0.8307453416149069,58,False,0.010015541357278536,0.01,,1.7750270000542514,1.7750270000542514,0.0,satimage,1,,SPOT,10,58,644,5791,0.9899844586427214,1957713154,False,,True
0.843167701863354,58,False,0.010015541357278536,0.01,,10.28583200002322,10.28583200002322,0.0,satimage,1,,GLVQ,10,58,644,5791,0.9899844586427214,1957713154,False,,True
0.8291925465838509,58,False,0.010015541357278536,0.01,,1.586399000021629,1.586399000021629,0.0,satimage,1,,GNG,10,58,644,5791,0.9899844586427214,1957713154,False,,True
0.8913043478260869,116,False,0.020031082714557072,0.02,,0.001361000002361834,0.001361000002361834,0.0,satimage,1,,Full,10,5791,644,5791,0.0,1957713154,True,,False
0.8959627329192547,116,False,0.020031082714557072,0.02,,1.7993930000229739,1.7993930000229739,0.0,satimage,1,,RSP3,10,1566,644,5791,0.7295803833534795,1957713154,True,,False
0.889751552795031,116,False,0.020031082714557072,0.02,,1.7079810000141151,1.7079810000141151,0.0,satimage,1,,RHC,10,561,644,5791,0.903125539630461,1957713154,True,,False
0.8788819875776398,116,False,0.020031082714557072,0.02,,5.708637000003364,5.708637000003364,0.0,satimage,1,,SPINE+1NN,10,116,644,5791,0.9799689172854429,1957713154,False,"{""admission"": {""criterion"": ""risk"", ""removed_risk"": 7, ""removed_support"": 0}, ""betti_final"": [[1, 0], [2, 0], [1, 0], [3, 0], [4, 0], [2, 0]], ""betti_frozen"": [[1, 0], [2, 0], [1, 0], [3, 0], [4, 0], [2, 0]], ""betti_nerve"": [[1, 0], [1, 0], [1, 0], [1, 0], [1, 0], [1, 0]], ""boundary_restriction"": ""both"", ""forced_removals"": 0, ""growth_representation_fallbacks"": 29, ""invariant_held"": true, ""n_segments"": 103, ""n_train_fit"": 4343, ""n_val"": 1448, ""phase0"": [{""constant_lens"": false, ""gain"": 0.25, ""lens"": ""pc1"", ""lens_scaling"": ""standardize"", ""min_cluster_size"": 21, ""min_samples"": 5, ""n_class"": 1034, ""n_edges"": 6, ""n_intervals"": 7, ""n_vertices"": 7, ""noise_reassigned"": 1161, ""placement"": ""uniform"", ""slabs"": [{""k"": 1, ""n"": 177}, {""k"": 1, ""n"": 341}, {""k"": 1, ""n"": 197}, {""k"": 1, ""n"": 189}, {""k"": 1, ""n"": 177}, {""k"": 1, ""n"": 158}, {""k"": 1, ""n"": 71}]}, {""constant_lens"": false, ""gain"": 0.25, ""lens"": ""pc1"", ""lens_scaling"": ""standardize"", ""min_cluster_size"": 21, ""min_samples"": 5, ""n_class"": 475, ""n_edges"": 5, ""n_intervals"": 6, ""n_vertices"": 6, ""noise_reassigned"": 434, ""placement"": ""quantile"", ""slabs"": [{""k"": 1, ""n"": 89}, {""k"": 1, ""n"": 98}, {""k"": 1, ""n"": 98}, {""k"": 1, ""n"": 98}, {""k"": 1, ""n"": 98}, {""k"": 1, ""n"": 89}]}, {""constant_lens"": false, ""gain"": 0.25, ""lens"": ""pc1"", ""lens_scaling"": ""standardize"", ""min_cluster_size"": 21, ""min_samples"": 5, ""n_class"": 916, ""n_edges"": 5, ""n_intervals"": 6, ""n_vertices"": 6, ""noise_reassigned"": 965, ""placement"": ""quantile"", ""slabs"": [{""k"": 1, ""n"": 172}, {""k"": 1, ""n"": 191}, {""k"": 1, ""n"": 191}, {""k"": 1, ""n"": 191}, {""k"": 1, ""n"": 191}, {""k"": 1, ""n"": 172}]}, {""constant_lens"": false, ""gain"": 0.25, ""lens"": ""pc1"", ""lens_scaling"": ""standardize"", ""min_cluster_size"": 21, ""min_samples"": 5, ""n_class"": 423, ""n_edges"": 5, ""n_intervals"": 6, ""n_vertices"": 6, ""noise_reassigned"": 386, ""placement"": ""quantile"", ""slabs"": [{""k"": 1, ""n"": 80}, {""k"": 1, ""n"": 88}, {""k"": 1, ""n"": 88}, {""k"": 1, ""n"": 88}, {""k"": 1, ""n"": 88}, {""k"": 1, ""n"": 80}]}, {""constant_lens"": false, ""gain"": 0.25, ""lens"": ""pc1"", ""lens_scaling"": ""standardize"", ""min_cluster_size"": 21, ""min_samples"": 5, ""n_class"": 477, ""n_edges"": 5, ""n_intervals"": 6, ""n_vertices"": 6, ""noise_reassigned"": 406, ""placement"": ""quantile"", ""slabs"": [{""k"": 1, ""n"": 90}, {""k"": 1, ""n"": 99}, {""k"": 1, ""n"": 99}, {""k"": 1, ""n"": 99}, {""k"": 1, ""n"": 99}, {""k"": 1, ""n"": 90}]}, {""constant_lens"": false, ""gain"": 0.25, ""lens"": ""pc1"", ""lens_scaling"": ""standardize"", ""min_cluster_size"": 21, ""min_samples"": 5, ""n_class"": 1018, ""n_edges"": 6, ""n_intervals"": 7, ""n_vertices"": 7, ""noise_reassigned"": 1083, ""placement"": ""quantile"", ""slabs"": [{""k"": 1, ""n"": 164}, {""k"": 1, ""n"": 181}, {""k"": 1, ""n"": 182}, {""k"": 1, ""n"": 182}, {""k"": 1, ""n"": 182}, {""k"": 1, ""n"": 181}, {""k"": 1, ""n"": 164}]}], ""soundness_bound_holds"": true, ""step_rule"": ""scale_free"", ""topology_retention_nerve_to_frozen"": {""beta0_frozen"": 13, ""beta0_nerve"": 6, ""beta1_frozen"": 0, ""beta1_nerve"": 0}}",True
0.8757763975155279,116,False,0.020031082714557072,0.02,,5.708637000003364,5.708637000003364,0.0,satimage,1,,SPINE+Graph,10,116,644,5791,0.9799689172854429,1957713154,False,"{""admission"": {""criterion"": ""risk"", ""removed_risk"": 7, ""removed_support"": 0}, ""betti_final"": [[1, 0], [2, 0], [1, 0], [3, 0], [4, 0], [2, 0]], ""betti_frozen"": [[1, 0], [2, 0], [1, 0], [3, 0], [4, 0], [2, 0]], ""betti_nerve"": [[1, 0], [1, 0], [1, 0], [1, 0], [1, 0], [1, 0]], ""boundary_restriction"": ""both"", ""forced_removals"": 0, ""growth_representation_fallbacks"": 29, ""invariant_held"": true, ""n_segments"": 103, ""n_train_fit"": 4343, ""n_val"": 1448, ""phase0"": [{""constant_lens"": false, ""gain"": 0.25, ""lens"": ""pc1"", ""lens_scaling"": ""standardize"", ""min_cluster_size"": 21, ""min_samples"": 5, ""n_class"": 1034, ""n_edges"": 6, ""n_intervals"": 7, ""n_vertices"": 7, ""noise_reassigned"": 1161, ""placement"": ""uniform"", ""slabs"": [{""k"": 1, ""n"": 177}, {""k"": 1, ""n"": 341}, {""k"": 1, ""n"": 197}, {""k"": 1, ""n"": 189}, {""k"": 1, ""n"": 177}, {""k"": 1, ""n"": 158}, {""k"": 1, ""n"": 71}]}, {""constant_lens"": false, ""gain"": 0.25, ""lens"": ""pc1"", ""lens_scaling"": ""standardize"", ""min_cluster_size"": 21, ""min_samples"": 5, ""n_class"": 475, ""n_edges"": 5, ""n_intervals"": 6, ""n_vertices"": 6, ""noise_reassigned"": 434, ""placement"": ""quantile"", ""slabs"": [{""k"": 1, ""n"": 89}, {""k"": 1, ""n"": 98}, {""k"": 1, ""n"": 98}, {""k"": 1, ""n"": 98}, {""k"": 1, ""n"": 98}, {""k"": 1, ""n"": 89}]}, {""constant_lens"": false, ""gain"": 0.25, ""lens"": ""pc1"", ""lens_scaling"": ""standardize"", ""min_cluster_size"": 21, ""min_samples"": 5, ""n_class"": 916, ""n_edges"": 5, ""n_intervals"": 6, ""n_vertices"": 6, ""noise_reassigned"": 965, ""placement"": ""quantile"", ""slabs"": [{""k"": 1, ""n"": 172}, {""k"": 1, ""n"": 191}, {""k"": 1, ""n"": 191}, {""k"": 1, ""n"": 191}, {""k"": 1, ""n"": 191}, {""k"": 1, ""n"": 172}]}, {""constant_lens"": false, ""gain"": 0.25, ""lens"": ""pc1"", ""lens_scaling"": ""standardize"", ""min_cluster_size"": 21, ""min_samples"": 5, ""n_class"": 423, ""n_edges"": 5, ""n_intervals"": 6, ""n_vertices"": 6, ""noise_reassigned"": 386, ""placement"": ""quantile"", ""slabs"": [{""k"": 1, ""n"": 80}, {""k"": 1, ""n"": 88}, {""k"": 1, ""n"": 88}, {""k"": 1, ""n"": 88}, {""k"": 1, ""n"": 88}, {""k"": 1, ""n"": 80}]}, {""constant_lens"": false, ""gain"": 0.25, ""lens"": ""pc1"", ""lens_scaling"": ""standardize"", ""min_cluster_size"": 21, ""min_samples"": 5, ""n_class"": 477, ""n_edges"": 5, ""n_intervals"": 6, ""n_vertices"": 6, ""noise_reassigned"": 406, ""placement"": ""quantile"", ""slabs"": [{""k"": 1, ""n"": 90}, {""k"": 1, ""n"": 99}, {""k"": 1, ""n"": 99}, {""k"": 1, ""n"": 99}, {""k"": 1, ""n"": 99}, {""k"": 1, ""n"": 90}]}, {""constant_lens"": false, ""gain"": 0.25, ""lens"": ""pc1"", ""lens_scaling"": ""standardize"", ""min_cluster_size"": 21, ""min_samples"": 5, ""n_class"": 1018, ""n_edges"": 6, ""n_intervals"": 7, ""n_vertices"": 7, ""noise_reassigned"": 1083, ""placement"": ""quantile"", ""slabs"": [{""k"": 1, ""n"": 164}, {""k"": 1, ""n"": 181}, {""k"": 1, ""n"": 182}, {""k"": 1, ""n"": 182}, {""k"": 1, ""n"": 182}, {""k"": 1, ""n"": 181}, {""k"": 1, ""n"": 164}]}], ""soundness_bound_holds"": true, ""step_rule"": ""scale_free"", ""topology_retention_nerve_to_frozen"": {""beta0_frozen"": 13, ""beta0_nerve"": 6, ""beta1_frozen"": 0, ""beta1_nerve"": 0}}",True
0.8726708074534162,116,False,0.020031082714557072,0.02,,3.43400800001109,63.93431000004057,60.50030200002948,satimage,1,"{""epsilon"": 0.1, ""window"": 0.2}",LVQ3,10,116,644,5791,0.9799689172854429,1957713154,False,,True
0.8788819875776398,116,False,0.020031082714557072,0.02,"{""0"": 28, ""1"": 13, ""2"": 24, ""3"": 11, ""4"": 13, ""5"": 27}",2.5759869999601506,2.5759869999601506,0.0,satimage,1,,KMeans,10,116,644,5791,0.9799689172854429,1957713154,False,,True
0.7872670807453416,116,False,0.020031082714557072,0.02,"{""0"": 28, ""1"": 13, ""2"": 24, ""3"": 11, ""4"": 13, ""5"": 27}",0.0014749999972991645,0.0014749999972991645,0.0,satimage,1,,Random,10,116,644,5791,0.9799689172854429,1957713154,False,,True
0.8462732919254659,116,False,0.020031082714557072,0.02,,1.9022920000134036,1.9022920000134036,0.0,satimage,1,,SPOT,10,116,644,5791,0.9799689172854429,1957713154,False,,True
0.8462732919254659,116,False,0.020031082714557072,0.02,,17.471613999980036,17.471613999980036,0.0,satimage,1,,GLVQ,10,116,644,5791,0.9799689172854429,1957713154,False,,True
0.8773291925465838,116,False,0.020031082714557072,0.02,,1.6988119999878109,1.6988119999878109,0.0,satimage,1,,GNG,10,116,644,5791,0.9799689172854429,1957713154,False,,True
0.8913043478260869,290,False,0.05007770678639268,0.05,,0.001361000002361834,0.001361000002361834,0.0,satimage,1,,Full,10,5791,644,5791,0.0,1957713154,True,,False
0.8959627329192547,290,False,0.05007770678639268,0.05,,1.7993930000229739,1.7993930000229739,0.0,satimage,1,,RSP3,10,1566,644,5791,0.7295803833534795,1957713154,True,,False
0.889751552795031,290,False,0.05007770678639268,0.05,,1.7079810000141151,1.7079810000141151,0.0,satimage,1,,RHC,10,561,644,5791,0.903125539630461,1957713154,True,,False
0.8881987577639752,290,False,0.05007770678639268,0.05,,6.838232000009157,6.838232000009157,0.0,satimage,1,,SPINE+1NN,10,290,644,5791,0.9499222932136073,1957713154,False,"{""admission"": {""criterion"": ""risk"", ""removed_risk"": 7, ""removed_support"": 0}, ""betti_final"": [[1, 0], [2, 0], [1, 0], [3, 0], [4, 0], [2, 0]], ""betti_frozen"": [[1, 0], [2, 0], [1, 0], [3, 0], [4, 0], [2, 0]], ""betti_nerve"": [[1, 0], [1, 0], [1, 0], [1, 0], [1, 0], [1, 0]], ""boundary_restriction"": ""both"", ""forced_removals"": 0, ""growth_representation_fallbacks"": 142, ""invariant_held"": true, ""n_segments"": 277, ""n_train_fit"": 4343, ""n_val"": 1448, ""phase0"": [{""constant_lens"": false, ""gain"": 0.25, ""lens"": ""pc1"", ""lens_scaling"": ""standardize"", ""min_cluster_size"": 21, ""min_samples"": 5, ""n_class"": 1034, ""n_edges"": 6, ""n_intervals"": 7, ""n_vertices"": 7, ""noise_reassigned"": 1161, ""placement"": ""uniform"", ""slabs"": [{""k"": 1, ""n"": 177}, {""k"": 1, ""n"": 341}, {""k"": 1, ""n"": 197}, {""k"": 1, ""n"": 189}, {""k"": 1, ""n"": 177}, {""k"": 1, ""n"": 158}, {""k"": 1, ""n"": 71}]}, {""constant_lens"": false, ""gain"": 0.25, ""lens"": ""pc1"", ""lens_scaling"": ""standardize"", ""min_cluster_size"": 21, ""min_samples"": 5, ""n_class"": 475, ""n_edges"": 5, ""n_intervals"": 6, ""n_vertices"": 6, ""noise_reassigned"": 434, ""placement"": ""quantile"", ""slabs"": [{""k"": 1, ""n"": 89}, {""k"": 1, ""n"": 98}, {""k"": 1, ""n"": 98}, {""k"": 1, ""n"": 98}, {""k"": 1, ""n"": 98}, {""k"": 1, ""n"": 89}]}, {""constant_lens"": false, ""gain"": 0.25, ""lens"": ""pc1"", ""lens_scaling"": ""standardize"", ""min_cluster_size"": 21, ""min_samples"": 5, ""n_class"": 916, ""n_edges"": 5, ""n_intervals"": 6, ""n_vertices"": 6, ""noise_reassigned"": 965, ""placement"": ""quantile"", ""slabs"": [{""k"": 1, ""n"": 172}, {""k"": 1, ""n"": 191}, {""k"": 1, ""n"": 191}, {""k"": 1, ""n"": 191}, {""k"": 1, ""n"": 191}, {""k"": 1, ""n"": 172}]}, {""constant_lens"": false, ""gain"": 0.25, ""lens"": ""pc1"", ""lens_scaling"": ""standardize"", ""min_cluster_size"": 21, ""min_samples"": 5, ""n_class"": 423, ""n_edges"": 5, ""n_intervals"": 6, ""n_vertices"": 6, ""noise_reassigned"": 386, ""placement"": ""quantile"", ""slabs"": [{""k"": 1, ""n"": 80}, {""k"": 1, ""n"": 88}, {""k"": 1, ""n"": 88}, {""k"": 1, ""n"": 88}, {""k"": 1, ""n"": 88}, {""k"": 1, ""n"": 80}]}, {""constant_lens"": false, ""gain"": 0.25, ""lens"": ""pc1"", ""lens_scaling"": ""standardize"", ""min_cluster_size"": 21, ""min_samples"": 5, ""n_class"": 477, ""n_edges"": 5, ""n_intervals"": 6, ""n_vertices"": 6, ""noise_reassigned"": 406, ""placement"": ""quantile"", ""slabs"": [{""k"": 1, ""n"": 90}, {""k"": 1, ""n"": 99}, {""k"": 1, ""n"": 99}, {""k"": 1, ""n"": 99}, {""k"": 1, ""n"": 99}, {""k"": 1, ""n"": 90}]}, {""constant_lens"": false, ""gain"": 0.25, ""lens"": ""pc1"", ""lens_scaling"": ""standardize"", ""min_cluster_size"": 21, ""min_samples"": 5, ""n_class"": 1018, ""n_edges"": 6, ""n_intervals"": 7, ""n_vertices"": 7, ""noise_reassigned"": 1083, ""placement"": ""quantile"", ""slabs"": [{""k"": 1, ""n"": 164}, {""k"": 1, ""n"": 181}, {""k"": 1, ""n"": 182}, {""k"": 1, ""n"": 182}, {""k"": 1, ""n"": 182}, {""k"": 1, ""n"": 181}, {""k"": 1, ""n"": 164}]}], ""soundness_bound_holds"": true, ""step_rule"": ""scale_free"", ""topology_retention_nerve_to_frozen"": {""beta0_frozen"": 13, ""beta0_nerve"": 6, ""beta1_frozen"": 0, ""beta1_nerve"": 0}}",True
0.8959627329192547,290,False,0.05007770678639268,0.05,,6.838232000009157,6.838232000009157,0.0,satimage,1,,SPINE+Graph,10,290,644,5791,0.9499222932136073,1957713154,False,"{""admission"": {""criterion"": ""risk"", ""removed_risk"": 7, ""removed_support"": 0}, ""betti_final"": [[1, 0], [2, 0], [1, 0], [3, 0], [4, 0], [2, 0]], ""betti_frozen"": [[1, 0], [2, 0], [1, 0], [3, 0], [4, 0], [2, 0]], ""betti_nerve"": [[1, 0], [1, 0], [1, 0], [1, 0], [1, 0], [1, 0]], ""boundary_restriction"": ""both"", ""forced_removals"": 0, ""growth_representation_fallbacks"": 142, ""invariant_held"": true, ""n_segments"": 277, ""n_train_fit"": 4343, ""n_val"": 1448, ""phase0"": [{""constant_lens"": false, ""gain"": 0.25, ""lens"": ""pc1"", ""lens_scaling"": ""standardize"", ""min_cluster_size"": 21, ""min_samples"": 5, ""n_class"": 1034, ""n_edges"": 6, ""n_intervals"": 7, ""n_vertices"": 7, ""noise_reassigned"": 1161, ""placement"": ""uniform"", ""slabs"": [{""k"": 1, ""n"": 177}, {""k"": 1, ""n"": 341}, {""k"": 1, ""n"": 197}, {""k"": 1, ""n"": 189}, {""k"": 1, ""n"": 177}, {""k"": 1, ""n"": 158}, {""k"": 1, ""n"": 71}]}, {""constant_lens"": false, ""gain"": 0.25, ""lens"": ""pc1"", ""lens_scaling"": ""standardize"", ""min_cluster_size"": 21, ""min_samples"": 5, ""n_class"": 475, ""n_edges"": 5, ""n_intervals"": 6, ""n_vertices"": 6, ""noise_reassigned"": 434, ""placement"": ""quantile"", ""slabs"": [{""k"": 1, ""n"": 89}, {""k"": 1, ""n"": 98}, {""k"": 1, ""n"": 98}, {""k"": 1, ""n"": 98}, {""k"": 1, ""n"": 98}, {""k"": 1, ""n"": 89}]}, {""constant_lens"": false, ""gain"": 0.25, ""lens"": ""pc1"", ""lens_scaling"": ""standardize"", ""min_cluster_size"": 21, ""min_samples"": 5, ""n_class"": 916, ""n_edges"": 5, ""n_intervals"": 6, ""n_vertices"": 6, ""noise_reassigned"": 965, ""placement"": ""quantile"", ""slabs"": [{""k"": 1, ""n"": 172}, {""k"": 1, ""n"": 191}, {""k"": 1, ""n"": 191}, {""k"": 1, ""n"": 191}, {""k"": 1, ""n"": 191}, {""k"": 1, ""n"": 172}]}, {""constant_lens"": false, ""gain"": 0.25, ""lens"": ""pc1"", ""lens_scaling"": ""standardize"", ""min_cluster_size"": 21, ""min_samples"": 5, ""n_class"": 423, ""n_edges"": 5, ""n_intervals"": 6, ""n_vertices"": 6, ""noise_reassigned"": 386, ""placement"": ""quantile"", ""slabs"": [{""k"": 1, ""n"": 80}, {""k"": 1, ""n"": 88}, {""k"": 1, ""n"": 88}, {""k"": 1, ""n"": 88}, {""k"": 1, ""n"": 88}, {""k"": 1, ""n"": 80}]}, {""constant_lens"": false, ""gain"": 0.25, ""lens"": ""pc1"", ""lens_scaling"": ""standardize"", ""min_cluster_size"": 21, ""min_samples"": 5, ""n_class"": 477, ""n_edges"": 5, ""n_intervals"": 6, ""n_vertices"": 6, ""noise_reassigned"": 406, ""placement"": ""quantile"", ""slabs"": [{""k"": 1, ""n"": 90}, {""k"": 1, ""n"": 99}, {""k"": 1, ""n"": 99}, {""k"": 1, ""n"": 99}, {""k"": 1, ""n"": 99}, {""k"": 1, ""n"": 90}]}, {""constant_lens"": false, ""gain"": 0.25, ""lens"": ""pc1"", ""lens_scaling"": ""standardize"", ""min_cluster_size"": 21, ""min_samples"": 5, ""n_class"": 1018, ""n_edges"": 6, ""n_intervals"": 7, ""n_vertices"": 7, ""noise_reassigned"": 1083, ""placement"": ""quantile"", ""slabs"": [{""k"": 1, ""n"": 164}, {""k"": 1, ""n"": 181}, {""k"": 1, ""n"": 182}, {""k"": 1, ""n"": 182}, {""k"": 1, ""n"": 182}, {""k"": 1, ""n"": 181}, {""k"": 1, ""n"": 164}]}], ""soundness_bound_holds"": true, ""step_rule"": ""scale_free"", ""topology_retention_nerve_to_frozen"": {""beta0_frozen"": 13, ""beta0_nerve"": 6, ""beta1_frozen"": 0, ""beta1_nerve"": 0}}",True
0.8959627329192547,290,False,0.05007770678639268,0.05,,5.038595999998506,91.07325100002345,86.03465500002494,satimage,1,"{""epsilon"": 0.1, ""window"": 0.3}",LVQ3,10,290,644,5791,0.9499222932136073,1957713154,False,,True
0.9006211180124224,290,False,0.05007770678639268,0.05,"{""0"": 69, ""1"": 32, ""2"": 61, ""3"": 28, ""4"": 32, ""5"": 68}",3.595828999998048,3.595828999998048,0.0,satimage,1,,KMeans,10,290,644,5791,0.9499222932136073,1957713154,False,,True
0.8664596273291926,290,False,0.05007770678639268,0.05,"{""0"": 69, ""1"": 32, ""2"": 61, ""3"": 28, ""4"": 32, ""5"": 68}",0.0019029999966733158,0.0019029999966733158,0.0,satimage,1,,Random,10,290,644,5791,0.9499222932136073,1957713154,False,,True
0.8649068322981367,290,False,0.05007770678639268,0.05,,1.9542679999722168,1.9542679999722168,0.0,satimage,1,,SPOT,10,290,644,5791,0.9499222932136073,1957713154,False,,True
0.8493788819875776,290,False,0.05007770678639268,0.05,,38.77969799999846,38.77969799999846,0.0,satimage,1,,GLVQ,10,290,644,5791,0.9499222932136073,1957713154,False,,True
0.8913043478260869,290,False,0.05007770678639268,0.05,,3.8255950000020675,3.8255950000020675,0.0,satimage,1,,GNG,10,290,644,5791,0.9499222932136073,1957713154,False,,True
0.8913043478260869,579,False,0.09998273182524607,0.1,,0.001361000002361834,0.001361000002361834,0.0,satimage,1,,Full,10,5791,644,5791,0.0,1957713154,True,,False
0.8959627329192547,579,False,0.09998273182524607,0.1,,1.7993930000229739,1.7993930000229739,0.0,satimage,1,,RSP3,10,1566,644,5791,0.7295803833534795,1957713154,True,,False
0.889751552795031,579,False,0.09998273182524607,0.1,,1.7079810000141151,1.7079810000141151,0.0,satimage,1,,RHC,10,561,644,5791,0.903125539630461,1957713154,True,,False
0.8975155279503105,579,False,0.09998273182524607,0.1,,11.113297000003513,11.113297000003513,0.0,satimage,1,,SPINE+1NN,10,579,644,5791,0.9000172681747539,1957713154,False,"{""admission"": {""criterion"": ""risk"", ""removed_risk"": 7, ""removed_support"": 0}, ""betti_final"": [[1, 0], [2, 0], [1, 0], [3, 0], [4, 0], [2, 0]], ""betti_frozen"": [[1, 0], [2, 0], [1, 0], [3, 0], [4, 0], [2, 0]], ""betti_nerve"": [[1, 0], [1, 0], [1, 0], [1, 0], [1, 0], [1, 0]], ""boundary_restriction"": ""both"", ""forced_removals"": 0, ""growth_representation_fallbacks"": 403, ""invariant_held"": true, ""n_segments"": 566, ""n_train_fit"": 4343, ""n_val"": 1448, ""phase0"": [{""constant_lens"": false, ""gain"": 0.25, ""lens"": ""pc1"", ""lens_scaling"": ""standardize"", ""min_cluster_size"": 21, ""min_samples"": 5, ""n_class"": 1034, ""n_edges"": 6, ""n_intervals"": 7, ""n_vertices"": 7, ""noise_reassigned"": 1161, ""placement"": ""uniform"", ""slabs"": [{""k"": 1, ""n"": 177}, {""k"": 1, ""n"": 341}, {""k"": 1, ""n"": 197}, {""k"": 1, ""n"": 189}, {""k"": 1, ""n"": 177}, {""k"": 1, ""n"": 158}, {""k"": 1, ""n"": 71}]}, {""constant_lens"": false, ""gain"": 0.25, ""lens"": ""pc1"", ""lens_scaling"": ""standardize"", ""min_cluster_size"": 21, ""min_samples"": 5, ""n_class"": 475, ""n_edges"": 5, ""n_intervals"": 6, ""n_vertices"": 6, ""noise_reassigned"": 434, ""placement"": ""quantile"", ""slabs"": [{""k"": 1, ""n"": 89}, {""k"": 1, ""n"": 98}, {""k"": 1, ""n"": 98}, {""k"": 1, ""n"": 98}, {""k"": 1, ""n"": 98}, {""k"": 1, ""n"": 89}]}, {""constant_lens"": false, ""gain"": 0.25, ""lens"": ""pc1"", ""lens_scaling"": ""standardize"", ""min_cluster_size"": 21, ""min_samples"": 5, ""n_class"": 916, ""n_edges"": 5, ""n_intervals"": 6, ""n_vertices"": 6, ""noise_reassigned"": 965, ""placement"": ""quantile"", ""slabs"": [{""k"": 1, ""n"": 172}, {""k"": 1, ""n"": 191}, {""k"": 1, ""n"": 191}, {""k"": 1, ""n"": 191}, {""k"": 1, ""n"": 191}, {""k"": 1, ""n"": 172}]}, {""constant_lens"": false, ""gain"": 0.25, ""lens"": ""pc1"", ""lens_scaling"": ""standardize"", ""min_cluster_size"": 21, ""min_samples"": 5, ""n_class"": 423, ""n_edges"": 5, ""n_intervals"": 6, ""n_vertices"": 6, ""noise_reassigned"": 386, ""placement"": ""quantile"", ""slabs"": [{""k"": 1, ""n"": 80}, {""k"": 1, ""n"": 88}, {""k"": 1, ""n"": 88}, {""k"": 1, ""n"": 88}, {""k"": 1, ""n"": 88}, {""k"": 1, ""n"": 80}]}, {""constant_lens"": false, ""gain"": 0.25, ""lens"": ""pc1"", ""lens_scaling"": ""standardize"", ""min_cluster_size"": 21, ""min_samples"": 5, ""n_class"": 477, ""n_edges"": 5, ""n_intervals"": 6, ""n_vertices"": 6, ""noise_reassigned"": 406, ""placement"": ""quantile"", ""slabs"": [{""k"": 1, ""n"": 90}, {""k"": 1, ""n"": 99}, {""k"": 1, ""n"": 99}, {""k"": 1, ""n"": 99}, {""k"": 1, ""n"": 99}, {""k"": 1, ""n"": 90}]}, {""constant_lens"": false, ""gain"": 0.25, ""lens"": ""pc1"", ""lens_scaling"": ""standardize"", ""min_cluster_size"": 21, ""min_samples"": 5, ""n_class"": 1018, ""n_edges"": 6, ""n_intervals"": 7, ""n_vertices"": 7, ""noise_reassigned"": 1083, ""placement"": ""quantile"", ""slabs"": [{""k"": 1, ""n"": 164}, {""k"": 1, ""n"": 181}, {""k"": 1, ""n"": 182}, {""k"": 1, ""n"": 182}, {""k"": 1, ""n"": 182}, {""k"": 1, ""n"": 181}, {""k"": 1, ""n"": 164}]}], ""soundness_bound_holds"": true, ""step_rule"": ""scale_free"", ""topology_retention_nerve_to_frozen"": {""beta0_frozen"": 13, ""beta0_nerve"": 6, ""beta1_frozen"": 0, ""beta1_nerve"": 0}}",True
0.9006211180124224,579,False,0.09998273182524607,0.1,,11.113297000003513,11.113297000003513,0.0,satimage,1,,SPINE+Graph,10,579,644,5791,0.9000172681747539,1957713154,False,"{""admission"": {""criterion"": ""risk"", ""removed_risk"": 7, ""removed_support"": 0}, ""betti_final"": [[1, 0], [2, 0], [1, 0], [3, 0], [4, 0], [2, 0]], ""betti_frozen"": [[1, 0], [2, 0], [1, 0], [3, 0], [4, 0], [2, 0]], ""betti_nerve"": [[1, 0], [1, 0], [1, 0], [1, 0], [1, 0], [1, 0]], ""boundary_restriction"": ""both"", ""forced_removals"": 0, ""growth_representation_fallbacks"": 403, ""invariant_held"": true, ""n_segments"": 566, ""n_train_fit"": 4343, ""n_val"": 1448, ""phase0"": [{""constant_lens"": false, ""gain"": 0.25, ""lens"": ""pc1"", ""lens_scaling"": ""standardize"", ""min_cluster_size"": 21, ""min_samples"": 5, ""n_class"": 1034, ""n_edges"": 6, ""n_intervals"": 7, ""n_vertices"": 7, ""noise_reassigned"": 1161, ""placement"": ""uniform"", ""slabs"": [{""k"": 1, ""n"": 177}, {""k"": 1, ""n"": 341}, {""k"": 1, ""n"": 197}, {""k"": 1, ""n"": 189}, {""k"": 1, ""n"": 177}, {""k"": 1, ""n"": 158}, {""k"": 1, ""n"": 71}]}, {""constant_lens"": false, ""gain"": 0.25, ""lens"": ""pc1"", ""lens_scaling"": ""standardize"", ""min_cluster_size"": 21, ""min_samples"": 5, ""n_class"": 475, ""n_edges"": 5, ""n_intervals"": 6, ""n_vertices"": 6, ""noise_reassigned"": 434, ""placement"": ""quantile"", ""slabs"": [{""k"": 1, ""n"": 89}, {""k"": 1, ""n"": 98}, {""k"": 1, ""n"": 98}, {""k"": 1, ""n"": 98}, {""k"": 1, ""n"": 98}, {""k"": 1, ""n"": 89}]}, {""constant_lens"": false, ""gain"": 0.25, ""lens"": ""pc1"", ""lens_scaling"": ""standardize"", ""min_cluster_size"": 21, ""min_samples"": 5, ""n_class"": 916, ""n_edges"": 5, ""n_intervals"": 6, ""n_vertices"": 6, ""noise_reassigned"": 965, ""placement"": ""quantile"", ""slabs"": [{""k"": 1, ""n"": 172}, {""k"": 1, ""n"": 191}, {""k"": 1, ""n"": 191}, {""k"": 1, ""n"": 191}, {""k"": 1, ""n"": 191}, {""k"": 1, ""n"": 172}]}, {""constant_lens"": false, ""gain"": 0.25, ""lens"": ""pc1"", ""lens_scaling"": ""standardize"", ""min_cluster_size"": 21, ""min_samples"": 5, ""n_class"": 423, ""n_edges"": 5, ""n_intervals"": 6, ""n_vertices"": 6, ""noise_reassigned"": 386, ""placement"": ""quantile"", ""slabs"": [{""k"": 1, ""n"": 80}, {""k"": 1, ""n"": 88}, {""k"": 1, ""n"": 88}, {""k"": 1, ""n"": 88}, {""k"": 1, ""n"": 88}, {""k"": 1, ""n"": 80}]}, {""constant_lens"": false, ""gain"": 0.25, ""lens"": ""pc1"", ""lens_scaling"": ""standardize"", ""min_cluster_size"": 21, ""min_samples"": 5, ""n_class"": 477, ""n_edges"": 5, ""n_intervals"": 6, ""n_vertices"": 6, ""noise_reassigned"": 406, ""placement"": ""quantile"", ""slabs"": [{""k"": 1, ""n"": 90}, {""k"": 1, ""n"": 99}, {""k"": 1, ""n"": 99}, {""k"": 1, ""n"": 99}, {""k"": 1, ""n"": 99}, {""k"": 1, ""n"": 90}]}, {""constant_lens"": false, ""gain"": 0.25, ""lens"": ""pc1"", ""lens_scaling"": ""standardize"", ""min_cluster_size"": 21, ""min_samples"": 5, ""n_class"": 1018, ""n_edges"": 6, ""n_intervals"": 7, ""n_vertices"": 7, ""noise_reassigned"": 1083, ""placement"": ""quantile"", ""slabs"": [{""k"": 1, ""n"": 164}, {""k"": 1, ""n"": 181}, {""k"": 1, ""n"": 182}, {""k"": 1, ""n"": 182}, {""k"": 1, ""n"": 182}, {""k"": 1, ""n"": 181}, {""k"": 1, ""n"": 164}]}], ""soundness_bound_holds"": true, ""step_rule"": ""scale_free"", ""topology_retention_nerve_to_frozen"": {""beta0_frozen"": 13, ""beta0_nerve"": 6, ""beta1_frozen"": 0, ""beta1_nerve"": 0}}",True
0.8975155279503105,579,False,0.09998273182524607,0.1,,7.372955999977421,130.5856719999574,123.21271599997999,satimage,1,"{""epsilon"": 0.1, ""window"": 0.2}",LVQ3,10,579,644,5791,0.9000172681747539,1957713154,False,,True
0.8944099378881988,579,False,0.09998273182524607,0.1,"{""0"": 138, ""1"": 63, ""2"": 122, ""3"": 56, ""4"": 64, ""5"": 136}",4.781566999969073,4.781566999969073,0.0,satimage,1,,KMeans,10,579,644,5791,0.9000172681747539,1957713154,False,,True
0.8555900621118012,579,False,0.09998273182524607,0.1,"{""0"": 138, ""1"": 63, ""2"": 122, ""3"": 56, ""4"": 64, ""5"": 136}",0.0021859999978914857,0.0021859999978914857,0.0,satimage,1,,Random,10,579,644,5791,0.9000172681747539,1957713154,False,,True
0.8959627329192547,579,False,0.09998273182524607,0.1,,2.044552000006661,2.044552000006661,0.0,satimage,1,,SPOT,10,579,644,5791,0.9000172681747539,1957713154,False,,True
0.8493788819875776,579,False,0.09998273182524607,0.1,,74.34016700001666,74.34016700001666,0.0,satimage,1,,GLVQ,10,579,644,5791,0.9000172681747539,1957713154,False,,True
0.8959627329192547,579,False,0.09998273182524607,0.1,,9.251506000000518,9.251506000000518,0.0,satimage,1,,GNG,10,579,644,5791,0.9000172681747539,1957713154,False,,True
0.8913043478260869,1448,False,0.25004317043688484,0.25,,0.001361000002361834,0.001361000002361834,0.0,satimage,1,,Full,10,5791,644,5791,0.0,1957713154,True,,False
0.8959627329192547,1448,False,0.25004317043688484,0.25,,1.7993930000229739,1.7993930000229739,0.0,satimage,1,,RSP3,10,1566,644,5791,0.7295803833534795,1957713154,True,,False
0.889751552795031,1448,False,0.25004317043688484,0.25,,1.7079810000141151,1.7079810000141151,0.0,satimage,1,,RHC,10,561,644,5791,0.903125539630461,1957713154,True,,False
0.9021739130434783,1448,False,0.25004317043688484,0.25,,37.67706600000383,37.67706600000383,0.0,satimage,1,,SPINE+1NN,10,1448,644,5791,0.7499568295631152,1957713154,False,"{""admission"": {""criterion"": ""risk"", ""removed_risk"": 7, ""removed_support"": 0}, ""betti_final"": [[1, 0], [2, 0], [1, 0], [3, 0], [4, 0], [2, 0]], ""betti_frozen"": [[1, 0], [2, 0], [1, 0], [3, 0], [4, 0], [2, 0]], ""betti_nerve"": [[1, 0], [1, 0], [1, 0], [1, 0], [1, 0], [1, 0]], ""boundary_restriction"": ""both"", ""forced_removals"": 0, ""growth_representation_fallbacks"": 1389, ""invariant_held"": true, ""n_segments"": 1435, ""n_train_fit"": 4343, ""n_val"": 1448, ""phase0"": [{""constant_lens"": false, ""gain"": 0.25, ""lens"": ""pc1"", ""lens_scaling"": ""standardize"", ""min_cluster_size"": 21, ""min_samples"": 5, ""n_class"": 1034, ""n_edges"": 6, ""n_intervals"": 7, ""n_vertices"": 7, ""noise_reassigned"": 1161, ""placement"": ""uniform"", ""slabs"": [{""k"": 1, ""n"": 177}, {""k"": 1, ""n"": 341}, {""k"": 1, ""n"": 197}, {""k"": 1, ""n"": 189}, {""k"": 1, ""n"": 177}, {""k"": 1, ""n"": 158}, {""k"": 1, ""n"": 71}]}, {""constant_lens"": false, ""gain"": 0.25, ""lens"": ""pc1"", ""lens_scaling"": ""standardize"", ""min_cluster_size"": 21, ""min_samples"": 5, ""n_class"": 475, ""n_edges"": 5, ""n_intervals"": 6, ""n_vertices"": 6, ""noise_reassigned"": 434, ""placement"": ""quantile"", ""slabs"": [{""k"": 1, ""n"": 89}, {""k"": 1, ""n"": 98}, {""k"": 1, ""n"": 98}, {""k"": 1, ""n"": 98}, {""k"": 1, ""n"": 98}, {""k"": 1, ""n"": 89}]}, {""constant_lens"": false, ""gain"": 0.25, ""lens"": ""pc1"", ""lens_scaling"": ""standardize"", ""min_cluster_size"": 21, ""min_samples"": 5, ""n_class"": 916, ""n_edges"": 5, ""n_intervals"": 6, ""n_vertices"": 6, ""noise_reassigned"": 965, ""placement"": ""quantile"", ""slabs"": [{""k"": 1, ""n"": 172}, {""k"": 1, ""n"": 191}, {""k"": 1, ""n"": 191}, {""k"": 1, ""n"": 191}, {""k"": 1, ""n"": 191}, {""k"": 1, ""n"": 172}]}, {""constant_lens"": false, ""gain"": 0.25, ""lens"": ""pc1"", ""lens_scaling"": ""standardize"", ""min_cluster_size"": 21, ""min_samples"": 5, ""n_class"": 423, ""n_edges"": 5, ""n_intervals"": 6, ""n_vertices"": 6, ""noise_reassigned"": 386, ""placement"": ""quantile"", ""slabs"": [{""k"": 1, ""n"": 80}, {""k"": 1, ""n"": 88}, {""k"": 1, ""n"": 88}, {""k"": 1, ""n"": 88}, {""k"": 1, ""n"": 88}, {""k"": 1, ""n"": 80}]}, {""constant_lens"": false, ""gain"": 0.25, ""lens"": ""pc1"", ""lens_scaling"": ""standardize"", ""min_cluster_size"": 21, ""min_samples"": 5, ""n_class"": 477, ""n_edges"": 5, ""n_intervals"": 6, ""n_vertices"": 6, ""noise_reassigned"": 406, ""placement"": ""quantile"", ""slabs"": [{""k"": 1, ""n"": 90}, {""k"": 1, ""n"": 99}, {""k"": 1, ""n"": 99}, {""k"": 1, ""n"": 99}, {""k"": 1, ""n"": 99}, {""k"": 1, ""n"": 90}]}, {""constant_lens"": false, ""gain"": 0.25, ""lens"": ""pc1"", ""lens_scaling"": ""standardize"", ""min_cluster_size"": 21, ""min_samples"": 5, ""n_class"": 1018, ""n_edges"": 6, ""n_intervals"": 7, ""n_vertices"": 7, ""noise_reassigned"": 1083, ""placement"": ""quantile"", ""slabs"": [{""k"": 1, ""n"": 164}, {""k"": 1, ""n"": 181}, {""k"": 1, ""n"": 182}, {""k"": 1, ""n"": 182}, {""k"": 1, ""n"": 182}, {""k"": 1, ""n"": 181}, {""k"": 1, ""n"": 164}]}], ""soundness_bound_holds"": true, ""step_rule"": ""scale_free"", ""topology_retention_nerve_to_frozen"": {""beta0_frozen"": 13, ""beta0_nerve"": 6, ""beta1_frozen"": 0, ""beta1_nerve"": 0}}",True
0.9083850931677019,1448,False,0.25004317043688484,0.25,,37.67706600000383,37.67706600000383,0.0,satimage,1,,SPINE+Graph,10,1448,644,5791,0.7499568295631152,1957713154,False,"{""admission"": {""criterion"": ""risk"", ""removed_risk"": 7, ""removed_support"": 0}, ""betti_final"": [[1, 0], [2, 0], [1, 0], [3, 0], [4, 0], [2, 0]], ""betti_frozen"": [[1, 0], [2, 0], [1, 0], [3, 0], [4, 0], [2, 0]], ""betti_nerve"": [[1, 0], [1, 0], [1, 0], [1, 0], [1, 0], [1, 0]], ""boundary_restriction"": ""both"", ""forced_removals"": 0, ""growth_representation_fallbacks"": 1389, ""invariant_held"": true, ""n_segments"": 1435, ""n_train_fit"": 4343, ""n_val"": 1448, ""phase0"": [{""constant_lens"": false, ""gain"": 0.25, ""lens"": ""pc1"", ""lens_scaling"": ""standardize"", ""min_cluster_size"": 21, ""min_samples"": 5, ""n_class"": 1034, ""n_edges"": 6, ""n_intervals"": 7, ""n_vertices"": 7, ""noise_reassigned"": 1161, ""placement"": ""uniform"", ""slabs"": [{""k"": 1, ""n"": 177}, {""k"": 1, ""n"": 341}, {""k"": 1, ""n"": 197}, {""k"": 1, ""n"": 189}, {""k"": 1, ""n"": 177}, {""k"": 1, ""n"": 158}, {""k"": 1, ""n"": 71}]}, {""constant_lens"": false, ""gain"": 0.25, ""lens"": ""pc1"", ""lens_scaling"": ""standardize"", ""min_cluster_size"": 21, ""min_samples"": 5, ""n_class"": 475, ""n_edges"": 5, ""n_intervals"": 6, ""n_vertices"": 6, ""noise_reassigned"": 434, ""placement"": ""quantile"", ""slabs"": [{""k"": 1, ""n"": 89}, {""k"": 1, ""n"": 98}, {""k"": 1, ""n"": 98}, {""k"": 1, ""n"": 98}, {""k"": 1, ""n"": 98}, {""k"": 1, ""n"": 89}]}, {""constant_lens"": false, ""gain"": 0.25, ""lens"": ""pc1"", ""lens_scaling"": ""standardize"", ""min_cluster_size"": 21, ""min_samples"": 5, ""n_class"": 916, ""n_edges"": 5, ""n_intervals"": 6, ""n_vertices"": 6, ""noise_reassigned"": 965, ""placement"": ""quantile"", ""slabs"": [{""k"": 1, ""n"": 172}, {""k"": 1, ""n"": 191}, {""k"": 1, ""n"": 191}, {""k"": 1, ""n"": 191}, {""k"": 1, ""n"": 191}, {""k"": 1, ""n"": 172}]}, {""constant_lens"": false, ""gain"": 0.25, ""lens"": ""pc1"", ""lens_scaling"": ""standardize"", ""min_cluster_size"": 21, ""min_samples"": 5, ""n_class"": 423, ""n_edges"": 5, ""n_intervals"": 6, ""n_vertices"": 6, ""noise_reassigned"": 386, ""placement"": ""quantile"", ""slabs"": [{""k"": 1, ""n"": 80}, {""k"": 1, ""n"": 88}, {""k"": 1, ""n"": 88}, {""k"": 1, ""n"": 88}, {""k"": 1, ""n"": 88}, {""k"": 1, ""n"": 80}]}, {""constant_lens"": false, ""gain"": 0.25, ""lens"": ""pc1"", ""lens_scaling"": ""standardize"", ""min_cluster_size"": 21, ""min_samples"": 5, ""n_class"": 477, ""n_edges"": 5, ""n_intervals"": 6, ""n_vertices"": 6, ""noise_reassigned"": 406, ""placement"": ""quantile"", ""slabs"": [{""k"": 1, ""n"": 90}, {""k"": 1, ""n"": 99}, {""k"": 1, ""n"": 99}, {""k"": 1, ""n"": 99}, {""k"": 1, ""n"": 99}, {""k"": 1, ""n"": 90}]}, {""constant_lens"": false, ""gain"": 0.25, ""lens"": ""pc1"", ""lens_scaling"": ""standardize"", ""min_cluster_size"": 21, ""min_samples"": 5, ""n_class"": 1018, ""n_edges"": 6, ""n_intervals"": 7, ""n_vertices"": 7, ""noise_reassigned"": 1083, ""placement"": ""quantile"", ""slabs"": [{""k"": 1, ""n"": 164}, {""k"": 1, ""n"": 181}, {""k"": 1, ""n"": 182}, {""k"": 1, ""n"": 182}, {""k"": 1, ""n"": 182}, {""k"": 1, ""n"": 181}, {""k"": 1, ""n"": 164}]}], ""soundness_bound_holds"": true, ""step_rule"": ""scale_free"", ""topology_retention_nerve_to_frozen"": {""beta0_frozen"": 13, ""beta0_nerve"": 6, ""beta1_frozen"": 0, ""beta1_nerve"": 0}}",True
0.906832298136646,1448,False,0.25004317043688484,0.25,,17.765921999991406,306.6941060000099,288.9281840000185,satimage,1,"{""epsilon"": 0.1, ""window"": 0.3}",LVQ3,10,1448,644,5791,0.7499568295631152,1957713154,False,,True
0.8881987577639752,1448,False,0.25004317043688484,0.25,"{""0"": 345, ""1"": 158, ""2"": 306, ""3"": 141, ""4"": 159, ""5"": 339}",10.91904299997259,10.91904299997259,0.0,satimage,1,,KMeans,10,1448,644,5791,0.7499568295631152,1957713154,False,,True
0.8773291925465838,1448,False,0.25004317043688484,0.25,"{""0"": 345, ""1"": 158, ""2"": 306, ""3"": 141, ""4"": 159, ""5"": 339}",0.002703000034671277,0.002703000034671277,0.0,satimage,1,,Random,10,1448,644,5791,0.7499568295631152,1957713154,False,,True
0.9021739130434783,1448,False,0.25004317043688484,0.25,,2.129851999983657,2.129851999983657,0.0,satimage,1,,SPOT,10,1448,644,5791,0.7499568295631152,1957713154,False,,True
0.8540372670807453,1448,False,0.25004317043688484,0.25,,180.8293030000059,180.8293030000059,0.0,satimage,1,,GLVQ,10,1448,644,5791,0.7499568295631152,1957713154,False,,True
0.8990683229813664,1448,False,0.25004317043688484,0.25,,43.53550899995025,43.53550899995025,0.0,satimage,1,,GNG,10,1448,644,5791,0.7499568295631152,1957713154,False,,True
0.9161490683229814,29,False,0.005007770678639268,0.005,,0.0012030000216327608,0.0012030000216327608,0.0,satimage,2,,Full,10,5791,644,5791,0.0,1958713157,False,,False
0.9192546583850931,29,False,0.005007770678639268,0.005,,1.7910549999796785,1.7910549999796785,0.0,satimage,2,,RSP3,10,1583,644,5791,0.7266447936453118,1958713157,False,,False
0.9083850931677019,29,False,0.005007770678639268,0.005,,1.7419130000052974,1.7419130000052974,0.0,satimage,2,,RHC,10,579,644,5791,0.9000172681747539,1958713157,False,,False
0.796583850931677,29,False,0.005007770678639268,0.005,,4.426792000012938,4.426792000012938,0.0,satimage,2,,SPINE+1NN,10,29,644,5791,0.9949922293213608,1958713157,False,"{""admission"": {""criterion"": ""risk"", ""removed_risk"": 6, ""removed_support"": 0}, ""betti_final"": [[1, 0], [2, 0], [2, 0], [2, 0], [2, 0], [3, 0]], ""betti_frozen"": [[1, 0], [2, 0], [2, 0], [2, 0], [2, 0], [3, 0]], ""betti_nerve"": [[1, 0], [1, 0], [1, 0], [1, 0], [1, 0], [1, 0]], ""boundary_restriction"": ""both"", ""forced_removals"": 0, ""growth_representation_fallbacks"": 0, ""invariant_held"": true, ""n_segments"": 17, ""n_train_fit"": 4343, ""n_val"": 1448, ""phase0"": [{""constant_lens"": false, ""gain"": 0.25, ""lens"": ""pc1"", ""lens_scaling"": ""standardize"", ""min_cluster_size"": 21, ""min_samples"": 5, ""n_class"": 1034, ""n_edges"": 6, ""n_intervals"": 7, ""n_vertices"": 7, ""noise_reassigned"": 973, ""placement"": ""uniform"", ""slabs"": [{""k"": 1, ""n"": 84}, {""k"": 1, ""n"": 374}, {""k"": 1, ""n"": 220}, {""k"": 1, ""n"": 201}, {""k"": 1, ""n"": 166}, {""k"": 1, ""n"": 154}, {""k"": 1, ""n"": 93}]}, {""constant_lens"": false, ""gain"": 0.25, ""lens"": ""pc1"", ""lens_scaling"": ""standardize"", ""min_cluster_size"": 21, ""min_samples"": 5, ""n_class"": 475, ""n_edges"": 5, ""n_intervals"": 6, ""n_vertices"": 6, ""noise_reassigned"": 323, ""placement"": ""quantile"", ""slabs"": [{""k"": 1, ""n"": 89}, {""k"": 1, ""n"": 98}, {""k"": 1, ""n"": 98}, {""k"": 1, ""n"": 98}, {""k"": 1, ""n"": 98}, {""k"": 1, ""n"": 89}]}, {""constant_lens"": false, ""gain"": 0.25, ""lens"": ""pc1"", ""lens_scaling"": ""standardize"", ""min_cluster_size"": 21, ""min_samples"": 5, ""n_class"": 916, ""n_edges"": 5, ""n_intervals"": 6, ""n_vertices"": 6, ""noise_reassigned"": 979, ""placement"": ""quantile"", ""slabs"": [{""k"": 1, ""n"": 172}, {""k"": 1, ""n"": 191}, {""k"": 1, ""n"": 191}, {""k"": 1, ""n"": 191}, {""k"": 1, ""n"": 191}, {""k"": 1, ""n"": 172}]}, {""constant_lens"": false, ""gain"": 0.25, ""lens"": ""pc1"", ""lens_scaling"": ""standardize"", ""min_cluster_size"": 21, ""min_samples"": 5, ""n_class"": 423, ""n_edges"": 5, ""n_intervals"": 6, ""n_vertices"": 6, ""noise_reassigned"": 378, ""placement"": ""quantile"", ""slabs"": [{""k"": 1, ""n"": 80}, {""k"": 1, ""n"": 88}, {""k"": 1, ""n"": 88}, {""k"": 1, ""n"": 88}, {""k"": 1, ""n"": 88}, {""k"": 1, ""n"": 80}]}, {""constant_lens"": false, ""gain"": 0.25, ""lens"": ""pc1"", ""lens_scaling"": ""standardize"", ""min_cluster_size"": 21, ""min_samples"": 5, ""n_class"": 477, ""n_edges"": 5, ""n_intervals"": 6, ""n_vertices"": 6, ""noise_reassigned"": 396, ""placement"": ""quantile"", ""slabs"": [{""k"": 1, ""n"": 90}, {""k"": 1, ""n"": 99}, {""k"": 1, ""n"": 99}, {""k"": 1, ""n"": 99}, {""k"": 1, ""n"": 99}, {""k"": 1, ""n"": 90}]}, {""constant_lens"": false, ""gain"": 0.25, ""lens"": ""pc1"", ""lens_scaling"": ""standardize"", ""min_cluster_size"": 21, ""min_samples"": 5, ""n_class"": 1018, ""n_edges"": 6, ""n_intervals"": 7, ""n_vertices"": 7, ""noise_reassigned"": 1089, ""placement"": ""quantile"", ""slabs"": [{""k"": 1, ""n"": 164}, {""k"": 1, ""n"": 181}, {""k"": 1, ""n"": 182}, {""k"": 1, ""n"": 182}, {""k"": 1, ""n"": 182}, {""k"": 1, ""n"": 181}, {""k"": 1, ""n"": 164}]}], ""soundness_bound_holds"": true, ""step_rule"": ""scale_free"", ""topology_retention_nerve_to_frozen"": {""beta0_frozen"": 12, ""beta0_nerve"": 6, ""beta1_frozen"": 0, ""beta1_nerve"": 0}}",True
0.8307453416149069,29,False,0.005007770678639268,0.005,,4.426792000012938,4.426792000012938,0.0,satimage,2,,SPINE+Graph,10,29,644,5791,0.9949922293213608,1958713157,False,"{""admission"": {""criterion"": ""risk"", ""removed_risk"": 6, ""removed_support"": 0}, ""betti_final"": [[1, 0], [2, 0], [2, 0], [2, 0], [2, 0], [3, 0]], ""betti_frozen"": [[1, 0], [2, 0], [2, 0], [2, 0], [2, 0], [3, 0]], ""betti_nerve"": [[1, 0], [1, 0], [1, 0], [1, 0], [1, 0], [1, 0]], ""boundary_restriction"": ""both"", ""forced_removals"": 0, ""growth_representation_fallbacks"": 0, ""invariant_held"": true, ""n_segments"": 17, ""n_train_fit"": 4343, ""n_val"": 1448, ""phase0"": [{""constant_lens"": false, ""gain"": 0.25, ""lens"": ""pc1"", ""lens_scaling"": ""standardize"", ""min_cluster_size"": 21, ""min_samples"": 5, ""n_class"": 1034, ""n_edges"": 6, ""n_intervals"": 7, ""n_vertices"": 7, ""noise_reassigned"": 973, ""placement"": ""uniform"", ""slabs"": [{""k"": 1, ""n"": 84}, {""k"": 1, ""n"": 374}, {""k"": 1, ""n"": 220}, {""k"": 1, ""n"": 201}, {""k"": 1, ""n"": 166}, {""k"": 1, ""n"": 154}, {""k"": 1, ""n"": 93}]}, {""constant_lens"": false, ""gain"": 0.25, ""lens"": ""pc1"", ""lens_scaling"": ""standardize"", ""min_cluster_size"": 21, ""min_samples"": 5, ""n_class"": 475, ""n_edges"": 5, ""n_intervals"": 6, ""n_vertices"": 6, ""noise_reassigned"": 323, ""placement"": ""quantile"", ""slabs"": [{""k"": 1, ""n"": 89}, {""k"": 1, ""n"": 98}, {""k"": 1, ""n"": 98}, {""k"": 1, ""n"": 98}, {""k"": 1, ""n"": 98}, {""k"": 1, ""n"": 89}]}, {""constant_lens"": false, ""gain"": 0.25, ""lens"": ""pc1"", ""lens_scaling"": ""standardize"", ""min_cluster_size"": 21, ""min_samples"": 5, ""n_class"": 916, ""n_edges"": 5, ""n_intervals"": 6, ""n_vertices"": 6, ""noise_reassigned"": 979, ""placement"": ""quantile"", ""slabs"": [{""k"": 1, ""n"": 172}, {""k"": 1, ""n"": 191}, {""k"": 1, ""n"": 191}, {""k"": 1, ""n"": 191}, {""k"": 1, ""n"": 191}, {""k"": 1, ""n"": 172}]}, {""constant_lens"": false, ""gain"": 0.25, ""lens"": ""pc1"", ""lens_scaling"": ""standardize"", ""min_cluster_size"": 21, ""min_samples"": 5, ""n_class"": 423, ""n_edges"": 5, ""n_intervals"": 6, ""n_vertices"": 6, ""noise_reassigned"": 378, ""placement"": ""quantile"", ""slabs"": [{""k"": 1, ""n"": 80}, {""k"": 1, ""n"": 88}, {""k"": 1, ""n"": 88}, {""k"": 1, ""n"": 88}, {""k"": 1, ""n"": 88}, {""k"": 1, ""n"": 80}]}, {""constant_lens"": false, ""gain"": 0.25, ""lens"": ""pc1"", ""lens_scaling"": ""standardize"", ""min_cluster_size"": 21, ""min_samples"": 5, ""n_class"": 477, ""n_edges"": 5, ""n_intervals"": 6, ""n_vertices"": 6, ""noise_reassigned"": 396, ""placement"": ""quantile"", ""slabs"": [{""k"": 1, ""n"": 90}, {""k"": 1, ""n"": 99}, {""k"": 1, ""n"": 99}, {""k"": 1, ""n"": 99}, {""k"": 1, ""n"": 99}, {""k"": 1, ""n"": 90}]}, {""constant_lens"": false, ""gain"": 0.25, ""lens"": ""pc1"", ""lens_scaling"": ""standardize"", ""min_cluster_size"": 21, ""min_samples"": 5, ""n_class"": 1018, ""n_edges"": 6, ""n_intervals"": 7, ""n_vertices"": 7, ""noise_reassigned"": 1089, ""placement"": ""quantile"", ""slabs"": [{""k"": 1, ""n"": 164}, {""k"": 1, ""n"": 181}, {""k"": 1, ""n"": 182}, {""k"": 1, ""n"": 182}, {""k"": 1, ""n"": 182}, {""k"": 1, ""n"": 181}, {""k"": 1, ""n"": 164}]}], ""soundness_bound_holds"": true, ""step_rule"": ""scale_free"", ""topology_retention_nerve_to_frozen"": {""beta0_frozen"": 12, ""beta0_nerve"": 6, ""beta1_frozen"": 0, ""beta1_nerve"": 0}}",True
0.8711180124223602,29,False,0.005007770678639268,0.005,,2.511032000009436,47.806844000006095,45.29581199999666,satimage,2,"{""epsilon"": 0.1, ""window"": 0.3}",LVQ3,10,29,644,5791,0.9949922293213608,1958713157,False,,True
0.8509316770186336,29,False,0.005007770678639268,0.005,"{""0"": 7, ""1"": 3, ""2"": 6, ""3"": 3, ""4"": 3, ""5"": 7}",1.5002259999746457,1.5002259999746457,0.0,satimage,2,,KMeans,10,29,644,5791,0.9949922293213608,1958713157,False,,True
0.7437888198757764,29,False,0.005007770678639268,0.005,"{""0"": 7, ""1"": 3, ""2"": 6, ""3"": 3, ""4"": 3, ""5"": 7}",0.001318999973591417,0.001318999973591417,0.0,satimage,2,,Random,10,29,644,5791,0.9949922293213608,1958713157,False,,True
0.8369565217391305,29,False,0.005007770678639268,0.005,,1.7617149999714456,1.7617149999714456,0.0,satimage,2,,SPOT,10,29,644,5791,0.9949922293213608,1958713157,False,,True
0.8524844720496895,29,False,0.005007770678639268,0.005,,6.8186559999594465,6.8186559999594465,0.0,satimage,2,,GLVQ,10,29,644,5791,0.9949922293213608,1958713157,False,,True
0.8354037267080745,29,False,0.005007770678639268,0.005,,0.8449029999901541,0.8449029999901541,0.0,satimage,2,,GNG,10,29,644,5791,0.9949922293213608,1958713157,False,,True
0.9161490683229814,58,False,0.010015541357278536,0.01,,0.0012030000216327608,0.0012030000216327608,0.0,satimage,2,,Full,10,5791,644,5791,0.0,1958713157,True,,False
0.9192546583850931,58,False,0.010015541357278536,0.01,,1.7910549999796785,1.7910549999796785,0.0,satimage,2,,RSP3,10,1583,644,5791,0.7266447936453118,1958713157,True,,False
0.9083850931677019,58,False,0.010015541357278536,0.01,,1.7419130000052974,1.7419130000052974,0.0,satimage,2,,RHC,10,579,644,5791,0.9000172681747539,1958713157,True,,False
0.8245341614906833,58,False,0.010015541357278536,0.01,,5.406171999988146,5.406171999988146,0.0,satimage,2,,SPINE+1NN,10,58,644,5791,0.9899844586427214,1958713157,False,"{""admission"": {""criterion"": ""risk"", ""removed_risk"": 6, ""removed_support"": 0}, ""betti_final"": [[1, 0], [2, 0], [2, 0], [2, 0], [2, 0], [3, 0]], ""betti_frozen"": [[1, 0], [2, 0], [2, 0], [2, 0], [2, 0], [3, 0]], ""betti_nerve"": [[1, 0], [1, 0], [1, 0], [1, 0], [1, 0], [1, 0]], ""boundary_restriction"": ""both"", ""forced_removals"": 0, ""growth_representation_fallbacks"": 3, ""invariant_held"": true, ""n_segments"": 46, ""n_train_fit"": 4343, ""n_val"": 1448, ""phase0"": [{""constant_lens"": false, ""gain"": 0.25, ""lens"": ""pc1"", ""lens_scaling"": ""standardize"", ""min_cluster_size"": 21, ""min_samples"": 5, ""n_class"": 1034, ""n_edges"": 6, ""n_intervals"": 7, ""n_vertices"": 7, ""noise_reassigned"": 973, ""placement"": ""uniform"", ""slabs"": [{""k"": 1, ""n"": 84}, {""k"": 1, ""n"": 374}, {""k"": 1, ""n"": 220}, {""k"": 1, ""n"": 201}, {""k"": 1, ""n"": 166}, {""k"": 1, ""n"": 154}, {""k"": 1, ""n"": 93}]}, {""constant_lens"": false, ""gain"": 0.25, ""lens"": ""pc1"", ""lens_scaling"": ""standardize"", ""min_cluster_size"": 21, ""min_samples"": 5, ""n_class"": 475, ""n_edges"": 5, ""n_intervals"": 6, ""n_vertices"": 6, ""noise_reassigned"": 323, ""placement"": ""quantile"", ""slabs"": [{""k"": 1, ""n"": 89}, {""k"": 1, ""n"": 98}, {""k"": 1, ""n"": 98}, {""k"": 1, ""n"": 98}, {""k"": 1, ""n"": 98}, {""k"": 1, ""n"": 89}]}, {""constant_lens"": false, ""gain"": 0.25, ""lens"": ""pc1"", ""lens_scaling"": ""standardize"", ""min_cluster_size"": 21, ""min_samples"": 5, ""n_class"": 916, ""n_edges"": 5, ""n_intervals"": 6, ""n_vertices"": 6, ""noise_reassigned"": 979, ""placement"": ""quantile"", ""slabs"": [{""k"": 1, ""n"": 172}, {""k"": 1, ""n"": 191}, {""k"": 1, ""n"": 191}, {""k"": 1, ""n"": 191}, {""k"": 1, ""n"": 191}, {""k"": 1, ""n"": 172}]}, {""constant_lens"": false, ""gain"": 0.25, ""lens"": ""pc1"", ""lens_scaling"": ""standardize"", ""min_cluster_size"": 21, ""min_samples"": 5, ""n_class"": 423, ""n_edges"": 5, ""n_intervals"": 6, ""n_vertices"": 6, ""noise_reassigned"": 378, ""placement"": ""quantile"", ""slabs"": [{""k"": 1, ""n"": 80}, {""k"": 1, ""n"": 88}, {""k"": 1, ""n"": 88}, {""k"": 1, ""n"": 88}, {""k"": 1, ""n"": 88}, {""k"": 1, ""n"": 80}]}, {""constant_lens"": false, ""gain"": 0.25, ""lens"": ""pc1"", ""lens_scaling"": ""standardize"", ""min_cluster_size"": 21, ""min_samples"": 5, ""n_class"": 477, ""n_edges"": 5, ""n_intervals"": 6, ""n_vertices"": 6, ""noise_reassigned"": 396, ""placement"": ""quantile"", ""slabs"": [{""k"": 1, ""n"": 90}, {""k"": 1, ""n"": 99}, {""k"": 1, ""n"": 99}, {""k"": 1, ""n"": 99}, {""k"": 1, ""n"": 99}, {""k"": 1, ""n"": 90}]}, {""constant_lens"": false, ""gain"": 0.25, ""lens"": ""pc1"", ""lens_scaling"": ""standardize"", ""min_cluster_size"": 21, ""min_samples"": 5, ""n_class"": 1018, ""n_edges"": 6, ""n_intervals"": 7, ""n_vertices"": 7, ""noise_reassigned"": 1089, ""placement"": ""quantile"", ""slabs"": [{""k"": 1, ""n"": 164}, {""k"": 1, ""n"": 181}, {""k"": 1, ""n"": 182}, {""k"": 1, ""n"": 182}, {""k"": 1, ""n"": 182}, {""k"": 1, ""n"": 181}, {""k"": 1, ""n"": 164}]}], ""soundness_bound_holds"": true, ""step_rule"": ""scale_free"", ""topology_retention_nerve_to_frozen"": {""beta0_frozen"": 12, ""beta0_nerve"": 6, ""beta1_frozen"": 0, ""beta1_nerve"": 0}}",True
0.8571428571428571,58,False,0.010015541357278536,0.01,,5.406171999988146,5.406171999988146,0.0,satimage,2,,SPINE+Graph,10,58,644,5791,0.9899844586427214,1958713157,False,"{""admission"": {""criterion"": ""risk"", ""removed_risk"": 6, ""removed_support"": 0}, ""betti_final"": [[1, 0], [2, 0], [2, 0], [2, 0], [2, 0], [3, 0]], ""betti_frozen"": [[1, 0], [2, 0], [2, 0], [2, 0], [2, 0], [3, 0]], ""betti_nerve"": [[1, 0], [1, 0], [1, 0], [1, 0], [1, 0], [1, 0]], ""boundary_restriction"": ""both"", ""forced_removals"": 0, ""growth_representation_fallbacks"": 3, ""invariant_held"": true, ""n_segments"": 46, ""n_train_fit"": 4343, ""n_val"": 1448, ""phase0"": [{""constant_lens"": false, ""gain"": 0.25, ""lens"": ""pc1"", ""lens_scaling"": ""standardize"", ""min_cluster_size"": 21, ""min_samples"": 5, ""n_class"": 1034, ""n_edges"": 6, ""n_intervals"": 7, ""n_vertices"": 7, ""noise_reassigned"": 973, ""placement"": ""uniform"", ""slabs"": [{""k"": 1, ""n"": 84}, {""k"": 1, ""n"": 374}, {""k"": 1, ""n"": 220}, {""k"": 1, ""n"": 201}, {""k"": 1, ""n"": 166}, {""k"": 1, ""n"": 154}, {""k"": 1, ""n"": 93}]}, {""constant_lens"": false, ""gain"": 0.25, ""lens"": ""pc1"", ""lens_scaling"": ""standardize"", ""min_cluster_size"": 21, ""min_samples"": 5, ""n_class"": 475, ""n_edges"": 5, ""n_intervals"": 6, ""n_vertices"": 6, ""noise_reassigned"": 323, ""placement"": ""quantile"", ""slabs"": [{""k"": 1, ""n"": 89}, {""k"": 1, ""n"": 98}, {""k"": 1, ""n"": 98}, {""k"": 1, ""n"": 98}, {""k"": 1, ""n"": 98}, {""k"": 1, ""n"": 89}]}, {""constant_lens"": false, ""gain"": 0.25, ""lens"": ""pc1"", ""lens_scaling"": ""standardize"", ""min_cluster_size"": 21, ""min_samples"": 5, ""n_class"": 916, ""n_edges"": 5, ""n_intervals"": 6, ""n_vertices"": 6, ""noise_reassigned"": 979, ""placement"": ""quantile"", ""slabs"": [{""k"": 1, ""n"": 172}, {""k"": 1, ""n"": 191}, {""k"": 1, ""n"": 191}, {""k"": 1, ""n"": 191}, {""k"": 1, ""n"": 191}, {""k"": 1, ""n"": 172}]}, {""constant_lens"": false, ""gain"": 0.25, ""lens"": ""pc1"", ""lens_scaling"": ""standardize"", ""min_cluster_size"": 21, ""min_samples"": 5, ""n_class"": 423, ""n_edges"": 5, ""n_intervals"": 6, ""n_vertices"": 6, ""noise_reassigned"": 378, ""placement"": ""quantile"", ""slabs"": [{""k"": 1, ""n"": 80}, {""k"": 1, ""n"": 88}, {""k"": 1, ""n"": 88}, {""k"": 1, ""n"": 88}, {""k"": 1, ""n"": 88}, {""k"": 1, ""n"": 80}]}, {""constant_lens"": false, ""gain"": 0.25, ""lens"": ""pc1"", ""lens_scaling"": ""standardize"", ""min_cluster_size"": 21, ""min_samples"": 5, ""n_class"": 477, ""n_edges"": 5, ""n_intervals"": 6, ""n_vertices"": 6, ""noise_reassigned"": 396, ""placement"": ""quantile"", ""slabs"": [{""k"": 1, ""n"": 90}, {""k"": 1, ""n"": 99}, {""k"": 1, ""n"": 99}, {""k"": 1, ""n"": 99}, {""k"": 1, ""n"": 99}, {""k"": 1, ""n"": 90}]}, {""constant_lens"": false, ""gain"": 0.25, ""lens"": ""pc1"", ""lens_scaling"": ""standardize"", ""min_cluster_size"": 21, ""min_samples"": 5, ""n_class"": 1018, ""n_edges"": 6, ""n_intervals"": 7, ""n_vertices"": 7, ""noise_reassigned"": 1089, ""placement"": ""quantile"", ""slabs"": [{""k"": 1, ""n"": 164}, {""k"": 1, ""n"": 181}, {""k"": 1, ""n"": 182}, {""k"": 1, ""n"": 182}, {""k"": 1, ""n"": 182}, {""k"": 1, ""n"": 181}, {""k"": 1, ""n"": 164}]}], ""soundness_bound_holds"": true, ""step_rule"": ""scale_free"", ""topology_retention_nerve_to_frozen"": {""beta0_frozen"": 12, ""beta0_nerve"": 6, ""beta1_frozen"": 0, ""beta1_nerve"": 0}}",True
0.9006211180124224,58,False,0.010015541357278536,0.01,,2.6973099999595433,50.971904999925755,48.27459499996621,satimage,2,"{""epsilon"": 0.1, ""window"": 0.2}",LVQ3,10,58,644,5791,0.9899844586427214,1958713157,False,,True
0.8773291925465838,58,False,0.010015541357278536,0.01,"{""0"": 14, ""1"": 6, ""2"": 12, ""3"": 6, ""4"": 6, ""5"": 14}",1.5323269999935292,1.5323269999935292,0.0,satimage,2,,KMeans,10,58,644,5791,0.9899844586427214,1958713157,False,,True
0.8478260869565217,58,False,0.010015541357278536,0.01,"{""0"": 14, ""1"": 6, ""2"": 12, ""3"": 6, ""4"": 6, ""5"": 14}",0.0012670000432990491,0.0012670000432990491,0.0,satimage,2,,Random,10,58,644,5791,0.9899844586427214,1958713157,False,,True
0.8586956521739131,58,False,0.010015541357278536,0.01,,1.8373610000126064,1.8373610000126064,0.0,satimage,2,,SPOT,10,58,644,5791,0.9899844586427214,1958713157,False,,True
0.8509316770186336,58,False,0.010015541357278536,0.01,,10.327112999977544,10.327112999977544,0.0,satimage,2,,GLVQ,10,58,644,5791,0.9899844586427214,1958713157,False,,True
0.8478260869565217,58,False,0.010015541357278536,0.01,,0.8648790000006557,0.8648790000006557,0.0,satimage,2,,GNG,10,58,644,5791,0.9899844586427214,1958713157,False,,True
0.9161490683229814,116,False,0.020031082714557072,0.02,,0.0012030000216327608,0.0012030000216327608,0.0,satimage,2,,Full,10,5791,644,5791,0.0,1958713157,True,,False
0.9192546583850931,116,False,0.020031082714557072,0.02,,1.7910549999796785,1.7910549999796785,0.0,satimage,2,,RSP3,10,1583,644,5791,0.7266447936453118,1958713157,True,,False
0.9083850931677019,116,False,0.020031082714557072,0.02,,1.7419130000052974,1.7419130000052974,0.0,satimage,2,,RHC,10,579,644,5791,0.9000172681747539,1958713157,True,,False
0.8757763975155279,116,False,0.020031082714557072,0.02,,5.652172999980394,5.652172999980394,0.0,satimage,2,,SPINE+1NN,10,116,644,5791,0.9799689172854429,1958713157,False,"{""admission"": {""criterion"": ""risk"", ""removed_risk"": 6, ""removed_support"": 0}, ""betti_final"": [[1, 0], [2, 0], [2, 0], [2, 0], [2, 0], [3, 0]], ""betti_frozen"": [[1, 0], [2, 0], [2, 0], [2, 0], [2, 0], [3, 0]], ""betti_nerve"": [[1, 0], [1, 0], [1, 0], [1, 0], [1, 0], [1, 0]], ""boundary_restriction"": ""both"", ""forced_removals"": 0, ""growth_representation_fallbacks"": 32, ""invariant_held"": true, ""n_segments"": 104, ""n_train_fit"": 4343, ""n_val"": 1448, ""phase0"": [{""constant_lens"": false, ""gain"": 0.25, ""lens"": ""pc1"", ""lens_scaling"": ""standardize"", ""min_cluster_size"": 21, ""min_samples"": 5, ""n_class"": 1034, ""n_edges"": 6, ""n_intervals"": 7, ""n_vertices"": 7, ""noise_reassigned"": 973, ""placement"": ""uniform"", ""slabs"": [{""k"": 1, ""n"": 84}, {""k"": 1, ""n"": 374}, {""k"": 1, ""n"": 220}, {""k"": 1, ""n"": 201}, {""k"": 1, ""n"": 166}, {""k"": 1, ""n"": 154}, {""k"": 1, ""n"": 93}]}, {""constant_lens"": false, ""gain"": 0.25, ""lens"": ""pc1"", ""lens_scaling"": ""standardize"", ""min_cluster_size"": 21, ""min_samples"": 5, ""n_class"": 475, ""n_edges"": 5, ""n_intervals"": 6, ""n_vertices"": 6, ""noise_reassigned"": 323, ""placement"": ""quantile"", ""slabs"": [{""k"": 1, ""n"": 89}, {""k"": 1, ""n"": 98}, {""k"": 1, ""n"": 98}, {""k"": 1, ""n"": 98}, {""k"": 1, ""n"": 98}, {""k"": 1, ""n"": 89}]}, {""constant_lens"": false, ""gain"": 0.25, ""lens"": ""pc1"", ""lens_scaling"": ""standardize"", ""min_cluster_size"": 21, ""min_samples"": 5, ""n_class"": 916, ""n_edges"": 5, ""n_intervals"": 6, ""n_vertices"": 6, ""noise_reassigned"": 979, ""placement"": ""quantile"", ""slabs"": [{""k"": 1, ""n"": 172}, {""k"": 1, ""n"": 191}, {""k"": 1, ""n"": 191}, {""k"": 1, ""n"": 191}, {""k"": 1, ""n"": 191}, {""k"": 1, ""n"": 172}]}, {""constant_lens"": false, ""gain"": 0.25, ""lens"": ""pc1"", ""lens_scaling"": ""standardize"", ""min_cluster_size"": 21, ""min_samples"": 5, ""n_class"": 423, ""n_edges"": 5, ""n_intervals"": 6, ""n_vertices"": 6, ""noise_reassigned"": 378, ""placement"": ""quantile"", ""slabs"": [{""k"": 1, ""n"": 80}, {""k"": 1, ""n"": 88}, {""k"": 1, ""n"": 88}, {""k"": 1, ""n"": 88}, {""k"": 1, ""n"": 88}, {""k"": 1, ""n"": 80}]}, {""constant_lens"": false, ""gain"": 0.25, ""lens"": ""pc1"", ""lens_scaling"": ""standardize"", ""min_cluster_size"": 21, ""min_samples"": 5, ""n_class"": 477, ""n_edges"": 5, ""n_intervals"": 6, ""n_vertices"": 6, ""noise_reassigned"": 396, ""placement"": ""quantile"", ""slabs"": [{""k"": 1, ""n"": 90}, {""k"": 1, ""n"": 99}, {""k"": 1, ""n"": 99}, {""k"": 1, ""n"": 99}, {""k"": 1, ""n"": 99}, {""k"": 1, ""n"": 90}]}, {""constant_lens"": false, ""gain"": 0.25, ""lens"": ""pc1"", ""lens_scaling"": ""standardize"", ""min_cluster_size"": 21, ""min_samples"": 5, ""n_class"": 1018, ""n_edges"": 6, ""n_intervals"": 7, ""n_vertices"": 7, ""noise_reassigned"": 1089, ""placement"": ""quantile"", ""slabs"": [{""k"": 1, ""n"": 164}, {""k"": 1, ""n"": 181}, {""k"": 1, ""n"": 182}, {""k"": 1, ""n"": 182}, {""k"": 1, ""n"": 182}, {""k"": 1, ""n"": 181}, {""k"": 1, ""n"": 164}]}], ""soundness_bound_holds"": true, ""step_rule"": ""scale_free"", ""topology_retention_nerve_to_frozen"": {""beta0_frozen"": 12, ""beta0_nerve"": 6, ""beta1_frozen"": 0, ""beta1_nerve"": 0}}",True
0.8757763975155279,116,False,0.020031082714557072,0.02,,5.652172999980394,5.652172999980394,0.0,satimage,2,,SPINE+Graph,10,116,644,5791,0.9799689172854429,1958713157,False,"{""admission"": {""criterion"": ""risk"", ""removed_risk"": 6, ""removed_support"": 0}, ""betti_final"": [[1, 0], [2, 0], [2, 0], [2, 0], [2, 0], [3, 0]], ""betti_frozen"": [[1, 0], [2, 0], [2, 0], [2, 0], [2, 0], [3, 0]], ""betti_nerve"": [[1, 0], [1, 0], [1, 0], [1, 0], [1, 0], [1, 0]], ""boundary_restriction"": ""both"", ""forced_removals"": 0, ""growth_representation_fallbacks"": 32, ""invariant_held"": true, ""n_segments"": 104, ""n_train_fit"": 4343, ""n_val"": 1448, ""phase0"": [{""constant_lens"": false, ""gain"": 0.25, ""lens"": ""pc1"", ""lens_scaling"": ""standardize"", ""min_cluster_size"": 21, ""min_samples"": 5, ""n_class"": 1034, ""n_edges"": 6, ""n_intervals"": 7, ""n_vertices"": 7, ""noise_reassigned"": 973, ""placement"": ""uniform"", ""slabs"": [{""k"": 1, ""n"": 84}, {""k"": 1, ""n"": 374}, {""k"": 1, ""n"": 220}, {""k"": 1, ""n"": 201}, {""k"": 1, ""n"": 166}, {""k"": 1, ""n"": 154}, {""k"": 1, ""n"": 93}]}, {""constant_lens"": false, ""gain"": 0.25, ""lens"": ""pc1"", ""lens_scaling"": ""standardize"", ""min_cluster_size"": 21, ""min_samples"": 5, ""n_class"": 475, ""n_edges"": 5, ""n_intervals"": 6, ""n_vertices"": 6, ""noise_reassigned"": 323, ""placement"": ""quantile"", ""slabs"": [{""k"": 1, ""n"": 89}, {""k"": 1, ""n"": 98}, {""k"": 1, ""n"": 98}, {""k"": 1, ""n"": 98}, {""k"": 1, ""n"": 98}, {""k"": 1, ""n"": 89}]}, {""constant_lens"": false, ""gain"": 0.25, ""lens"": ""pc1"", ""lens_scaling"": ""standardize"", ""min_cluster_size"": 21, ""min_samples"": 5, ""n_class"": 916, ""n_edges"": 5, ""n_intervals"": 6, ""n_vertices"": 6, ""noise_reassigned"": 979, ""placement"": ""quantile"", ""slabs"": [{""k"": 1, ""n"": 172}, {""k"": 1, ""n"": 191}, {""k"": 1, ""n"": 191}, {""k"": 1, ""n"": 191}, {""k"": 1, ""n"": 191}, {""k"": 1, ""n"": 172}]}, {""constant_lens"": false, ""gain"": 0.25, ""lens"": ""pc1"", ""lens_scaling"": ""standardize"", ""min_cluster_size"": 21, ""min_samples"": 5, ""n_class"": 423, ""n_edges"": 5, ""n_intervals"": 6, ""n_vertices"": 6, ""noise_reassigned"": 378, ""placement"": ""quantile"", ""slabs"": [{""k"": 1, ""n"": 80}, {""k"": 1, ""n"": 88}, {""k"": 1, ""n"": 88}, {""k"": 1, ""n"": 88}, {""k"": 1, ""n"": 88}, {""k"": 1, ""n"": 80}]}, {""constant_lens"": false, ""gain"": 0.25, ""lens"": ""pc1"", ""lens_scaling"": ""standardize"", ""min_cluster_size"": 21, ""min_samples"": 5, ""n_class"": 477, ""n_edges"": 5, ""n_intervals"": 6, ""n_vertices"": 6, ""noise_reassigned"": 396, ""placement"": ""quantile"", ""slabs"": [{""k"": 1, ""n"": 90}, {""k"": 1, ""n"": 99}, {""k"": 1, ""n"": 99}, {""k"": 1, ""n"": 99}, {""k"": 1, ""n"": 99}, {""k"": 1, ""n"": 90}]}, {""constant_lens"": false, ""gain"": 0.25, ""lens"": ""pc1"", ""lens_scaling"": ""standardize"", ""min_cluster_size"": 21, ""min_samples"": 5, ""n_class"": 1018, ""n_edges"": 6, ""n_intervals"": 7, ""n_vertices"": 7, ""noise_reassigned"": 1089, ""placement"": ""quantile"", ""slabs"": [{""k"": 1, ""n"": 164}, {""k"": 1, ""n"": 181}, {""k"": 1, ""n"": 182}, {""k"": 1, ""n"": 182}, {""k"": 1, ""n"": 182}, {""k"": 1, ""n"": 181}, {""k"": 1, ""n"": 164}]}], ""soundness_bound_holds"": true, ""step_rule"": ""scale_free"", ""topology_retention_nerve_to_frozen"": {""beta0_frozen"": 12, ""beta0_nerve"": 6, ""beta1_frozen"": 0, ""beta1_nerve"": 0}}",True
0.9037267080745341,116,False,0.020031082714557072,0.02,,3.377150999964215,62.92642899998464,59.54927800002042,satimage,2,"{""epsilon"": 0.1, ""window"": 0.2}",LVQ3,10,116,644,5791,0.9799689172854429,1958713157,False,,True
0.889751552795031,116,False,0.020031082714557072,0.02,"{""0"": 28, ""1"": 13, ""2"": 24, ""3"": 11, ""4"": 13, ""5"": 27}",2.54137399996398,2.54137399996398,0.0,satimage,2,,KMeans,10,116,644,5791,0.9799689172854429,1958713157,False,,True
0.8322981366459627,116,False,0.020031082714557072,0.02,"{""0"": 28, ""1"": 13, ""2"": 24, ""3"": 11, ""4"": 13, ""5"": 27}",0.001476000004913658,0.001476000004913658,0.0,satimage,2,,Random,10,116,644,5791,0.9799689172854429,1958713157,False,,True
0.8726708074534162,116,False,0.020031082714557072,0.02,,1.9036859999760054,1.9036859999760054,0.0,satimage,2,,SPOT,10,116,644,5791,0.9799689172854429,1958713157,False,,True
0.8524844720496895,116,False,0.020031082714557072,0.02,,17.40223100001458,17.40223100001458,0.0,satimage,2,,GLVQ,10,116,644,5791,0.9799689172854429,1958713157,False,,True
0.8726708074534162,116,False,0.020031082714557072,0.02,,1.9589430000050925,1.9589430000050925,0.0,satimage,2,,GNG,10,116,644,5791,0.9799689172854429,1958713157,False,,True
0.9161490683229814,290,False,0.05007770678639268,0.05,,0.0012030000216327608,0.0012030000216327608,0.0,satimage,2,,Full,10,5791,644,5791,0.0,1958713157,True,,False
0.9192546583850931,290,False,0.05007770678639268,0.05,,1.7910549999796785,1.7910549999796785,0.0,satimage,2,,RSP3,10,1583,644,5791,0.7266447936453118,1958713157,True,,False
0.9083850931677019,290,False,0.05007770678639268,0.05,,1.7419130000052974,1.7419130000052974,0.0,satimage,2,,RHC,10,579,644,5791,0.9000172681747539,1958713157,True,,False
0.8788819875776398,290,False,0.05007770678639268,0.05,,7.083119000017177,7.083119000017177,0.0,satimage,2,,SPINE+1NN,10,290,644,5791,0.9499222932136073,1958713157,False,"{""admission"": {""criterion"": ""risk"", ""removed_risk"": 6, ""removed_support"": 0}, ""betti_final"": [[1, 0], [2, 0], [2, 0], [2, 0], [2, 0], [3, 0]], ""betti_frozen"": [[1, 0], [2, 0], [2, 0], [2, 0], [2, 0], [3, 0]], ""betti_nerve"": [[1, 0], [1, 0], [1, 0], [1, 0], [1, 0], [1, 0]], ""boundary_restriction"": ""both"", ""forced_removals"": 0, ""growth_representation_fallbacks"": 142, ""invariant_held"": true, ""n_segments"": 278, ""n_train_fit"": 4343, ""n_val"": 1448, ""phase0"": [{""constant_lens"": false, ""gain"": 0.25, ""lens"": ""pc1"", ""lens_scaling"": ""standardize"", ""min_cluster_size"": 21, ""min_samples"": 5, ""n_class"": 1034, ""n_edges"": 6, ""n_intervals"": 7, ""n_vertices"": 7, ""noise_reassigned"": 973, ""placement"": ""uniform"", ""slabs"": [{""k"": 1, ""n"": 84}, {""k"": 1, ""n"": 374}, {""k"": 1, ""n"": 220}, {""k"": 1, ""n"": 201}, {""k"": 1, ""n"": 166}, {""k"": 1, ""n"": 154}, {""k"": 1, ""n"": 93}]}, {""constant_lens"": false, ""gain"": 0.25, ""lens"": ""pc1"", ""lens_scaling"": ""standardize"", ""min_cluster_size"": 21, ""min_samples"": 5, ""n_class"": 475, ""n_edges"": 5, ""n_intervals"": 6, ""n_vertices"": 6, ""noise_reassigned"": 323, ""placement"": ""quantile"", ""slabs"": [{""k"": 1, ""n"": 89}, {""k"": 1, ""n"": 98}, {""k"": 1, ""n"": 98}, {""k"": 1, ""n"": 98}, {""k"": 1, ""n"": 98}, {""k"": 1, ""n"": 89}]}, {""constant_lens"": false, ""gain"": 0.25, ""lens"": ""pc1"", ""lens_scaling"": ""standardize"", ""min_cluster_size"": 21, ""min_samples"": 5, ""n_class"": 916, ""n_edges"": 5, ""n_intervals"": 6, ""n_vertices"": 6, ""noise_reassigned"": 979, ""placement"": ""quantile"", ""slabs"": [{""k"": 1, ""n"": 172}, {""k"": 1, ""n"": 191}, {""k"": 1, ""n"": 191}, {""k"": 1, ""n"": 191}, {""k"": 1, ""n"": 191}, {""k"": 1, ""n"": 172}]}, {""constant_lens"": false, ""gain"": 0.25, ""lens"": ""pc1"", ""lens_scaling"": ""standardize"", ""min_cluster_size"": 21, ""min_samples"": 5, ""n_class"": 423, ""n_edges"": 5, ""n_intervals"": 6, ""n_vertices"": 6, ""noise_reassigned"": 378, ""placement"": ""quantile"", ""slabs"": [{""k"": 1, ""n"": 80}, {""k"": 1, ""n"": 88}, {""k"": 1, ""n"": 88}, {""k"": 1, ""n"": 88}, {""k"": 1, ""n"": 88}, {""k"": 1, ""n"": 80}]}, {""constant_lens"": false, ""gain"": 0.25, ""lens"": ""pc1"", ""lens_scaling"": ""standardize"", ""min_cluster_size"": 21, ""min_samples"": 5, ""n_class"": 477, ""n_edges"": 5, ""n_intervals"": 6, ""n_vertices"": 6, ""noise_reassigned"": 396, ""placement"": ""quantile"", ""slabs"": [{""k"": 1, ""n"": 90}, {""k"": 1, ""n"": 99}, {""k"": 1, ""n"": 99}, {""k"": 1, ""n"": 99}, {""k"": 1, ""n"": 99}, {""k"": 1, ""n"": 90}]}, {""constant_lens"": false, ""gain"": 0.25, ""lens"": ""pc1"", ""lens_scaling"": ""standardize"", ""min_cluster_size"": 21, ""min_samples"": 5, ""n_class"": 1018, ""n_edges"": 6, ""n_intervals"": 7, ""n_vertices"": 7, ""noise_reassigned"": 1089, ""placement"": ""quantile"", ""slabs"": [{""k"": 1, ""n"": 164}, {""k"": 1, ""n"": 181}, {""k"": 1, ""n"": 182}, {""k"": 1, ""n"": 182}, {""k"": 1, ""n"": 182}, {""k"": 1, ""n"": 181}, {""k"": 1, ""n"": 164}]}], ""soundness_bound_holds"": true, ""step_rule"": ""scale_free"", ""topology_retention_nerve_to_frozen"": {""beta0_frozen"": 12, ""beta0_nerve"": 6, ""beta1_frozen"": 0, ""beta1_nerve"": 0}}",True
0.8788819875776398,290,False,0.05007770678639268,0.05,,7.083119000017177,7.083119000017177,0.0,satimage,2,,SPINE+Graph,10,290,644,5791,0.9499222932136073,1958713157,False,"{""admission"": {""criterion"": ""risk"", ""removed_risk"": 6, ""removed_support"": 0}, ""betti_final"": [[1, 0], [2, 0], [2, 0], [2, 0], [2, 0], [3, 0]], ""betti_frozen"": [[1, 0], [2, 0], [2, 0], [2, 0], [2, 0], [3, 0]], ""betti_nerve"": [[1, 0], [1, 0], [1, 0], [1, 0], [1, 0], [1, 0]], ""boundary_restriction"": ""both"", ""forced_removals"": 0, ""growth_representation_fallbacks"": 142, ""invariant_held"": true, ""n_segments"": 278, ""n_train_fit"": 4343, ""n_val"": 1448, ""phase0"": [{""constant_lens"": false, ""gain"": 0.25, ""lens"": ""pc1"", ""lens_scaling"": ""standardize"", ""min_cluster_size"": 21, ""min_samples"": 5, ""n_class"": 1034, ""n_edges"": 6, ""n_intervals"": 7, ""n_vertices"": 7, ""noise_reassigned"": 973, ""placement"": ""uniform"", ""slabs"": [{""k"": 1, ""n"": 84}, {""k"": 1, ""n"": 374}, {""k"": 1, ""n"": 220}, {""k"": 1, ""n"": 201}, {""k"": 1, ""n"": 166}, {""k"": 1, ""n"": 154}, {""k"": 1, ""n"": 93}]}, {""constant_lens"": false, ""gain"": 0.25, ""lens"": ""pc1"", ""lens_scaling"": ""standardize"", ""min_cluster_size"": 21, ""min_samples"": 5, ""n_class"": 475, ""n_edges"": 5, ""n_intervals"": 6, ""n_vertices"": 6, ""noise_reassigned"": 323, ""placement"": ""quantile"", ""slabs"": [{""k"": 1, ""n"": 89}, {""k"": 1, ""n"": 98}, {""k"": 1, ""n"": 98}, {""k"": 1, ""n"": 98}, {""k"": 1, ""n"": 98}, {""k"": 1, ""n"": 89}]}, {""constant_lens"": false, ""gain"": 0.25, ""lens"": ""pc1"", ""lens_scaling"": ""standardize"", ""min_cluster_size"": 21, ""min_samples"": 5, ""n_class"": 916, ""n_edges"": 5, ""n_intervals"": 6, ""n_vertices"": 6, ""noise_reassigned"": 979, ""placement"": ""quantile"", ""slabs"": [{""k"": 1, ""n"": 172}, {""k"": 1, ""n"": 191}, {""k"": 1, ""n"": 191}, {""k"": 1, ""n"": 191}, {""k"": 1, ""n"": 191}, {""k"": 1, ""n"": 172}]}, {""constant_lens"": false, ""gain"": 0.25, ""lens"": ""pc1"", ""lens_scaling"": ""standardize"", ""min_cluster_size"": 21, ""min_samples"": 5, ""n_class"": 423, ""n_edges"": 5, ""n_intervals"": 6, ""n_vertices"": 6, ""noise_reassigned"": 378, ""placement"": ""quantile"", ""slabs"": [{""k"": 1, ""n"": 80}, {""k"": 1, ""n"": 88}, {""k"": 1, ""n"": 88}, {""k"": 1, ""n"": 88}, {""k"": 1, ""n"": 88}, {""k"": 1, ""n"": 80}]}, {""constant_lens"": false, ""gain"": 0.25, ""lens"": ""pc1"", ""lens_scaling"": ""standardize"", ""min_cluster_size"": 21, ""min_samples"": 5, ""n_class"": 477, ""n_edges"": 5, ""n_intervals"": 6, ""n_vertices"": 6, ""noise_reassigned"": 396, ""placement"": ""quantile"", ""slabs"": [{""k"": 1, ""n"": 90}, {""k"": 1, ""n"": 99}, {""k"": 1, ""n"": 99}, {""k"": 1, ""n"": 99}, {""k"": 1, ""n"": 99}, {""k"": 1, ""n"": 90}]}, {""constant_lens"": false, ""gain"": 0.25, ""lens"": ""pc1"", ""lens_scaling"": ""standardize"", ""min_cluster_size"": 21, ""min_samples"": 5, ""n_class"": 1018, ""n_edges"": 6, ""n_intervals"": 7, ""n_vertices"": 7, ""noise_reassigned"": 1089, ""placement"": ""quantile"", ""slabs"": [{""k"": 1, ""n"": 164}, {""k"": 1, ""n"": 181}, {""k"": 1, ""n"": 182}, {""k"": 1, ""n"": 182}, {""k"": 1, ""n"": 182}, {""k"": 1, ""n"": 181}, {""k"": 1, ""n"": 164}]}], ""soundness_bound_holds"": true, ""step_rule"": ""scale_free"", ""topology_retention_nerve_to_frozen"": {""beta0_frozen"": 12, ""beta0_nerve"": 6, ""beta1_frozen"": 0, ""beta1_nerve"": 0}}",True
0.9099378881987578,290,False,0.05007770678639268,0.05,,5.01831100002164,90.40581600001315,85.3875049999915,satimage,2,"{""epsilon"": 0.1, ""window"": 0.2}",LVQ3,10,290,644,5791,0.9499222932136073,1958713157,False,,True
0.9083850931677019,290,False,0.05007770678639268,0.05,"{""0"": 69, ""1"": 32, ""2"": 61, ""3"": 28, ""4"": 32, ""5"": 68}",3.3886359999887645,3.3886359999887645,0.0,satimage,2,,KMeans,10,290,644,5791,0.9499222932136073,1958713157,False,,True
0.8757763975155279,290,False,0.05007770678639268,0.05,"{""0"": 69, ""1"": 32, ""2"": 61, ""3"": 28, ""4"": 32, ""5"": 68}",0.0017299999599345028,0.0017299999599345028,0.0,satimage,2,,Random,10,290,644,5791,0.9499222932136073,1958713157,False,,True
0.8711180124223602,290,False,0.05007770678639268,0.05,,1.99093199998606,1.99093199998606,0.0,satimage,2,,SPOT,10,290,644,5791,0.9499222932136073,1958713157,False,,True
0.8555900621118012,290,False,0.05007770678639268,0.05,,38.94054700003471,38.94054700003471,0.0,satimage,2,,GLVQ,10,290,644,5791,0.9499222932136073,1958713157,False,,True
0.9145962732919255,290,False,0.05007770678639268,0.05,,3.8265060000121593,3.8265060000121593,0.0,satimage,2,,GNG,10,290,644,5791,0.9499222932136073,1958713157,False,,True
0.9161490683229814,579,False,0.09998273182524607,0.1,,0.0012030000216327608,0.0012030000216327608,0.0,satimage,2,,Full,10,5791,644,5791,0.0,1958713157,True,,False
0.9192546583850931,579,False,0.09998273182524607,0.1,,1.7910549999796785,1.7910549999796785,0.0,satimage,2,,RSP3,10,1583,644,5791,0.7266447936453118,1958713157,True,,False
0.9083850931677019,579,False,0.09998273182524607,0.1,,1.7419130000052974,1.7419130000052974,0.0,satimage,2,,RHC,10,579,644,5791,0.9000172681747539,1958713157,True,,False
0.8913043478260869,579,False,0.09998273182524607,0.1,,11.217995000013616,11.217995000013616,0.0,satimage,2,,SPINE+1NN,10,579,644,5791,0.9000172681747539,1958713157,False,"{""admission"": {""criterion"": ""risk"", ""removed_risk"": 6, ""removed_support"": 0}, ""betti_final"": [[1, 0], [2, 0], [2, 0], [2, 0], [2, 0], [3, 0]], ""betti_frozen"": [[1, 0], [2, 0], [2, 0], [2, 0], [2, 0], [3, 0]], ""betti_nerve"": [[1, 0], [1, 0], [1, 0], [1, 0], [1, 0], [1, 0]], ""boundary_restriction"": ""both"", ""forced_removals"": 0, ""growth_representation_fallbacks"": 419, ""invariant_held"": true, ""n_segments"": 567, ""n_train_fit"": 4343, ""n_val"": 1448, ""phase0"": [{""constant_lens"": false, ""gain"": 0.25, ""lens"": ""pc1"", ""lens_scaling"": ""standardize"", ""min_cluster_size"": 21, ""min_samples"": 5, ""n_class"": 1034, ""n_edges"": 6, ""n_intervals"": 7, ""n_vertices"": 7, ""noise_reassigned"": 973, ""placement"": ""uniform"", ""slabs"": [{""k"": 1, ""n"": 84}, {""k"": 1, ""n"": 374}, {""k"": 1, ""n"": 220}, {""k"": 1, ""n"": 201}, {""k"": 1, ""n"": 166}, {""k"": 1, ""n"": 154}, {""k"": 1, ""n"": 93}]}, {""constant_lens"": false, ""gain"": 0.25, ""lens"": ""pc1"", ""lens_scaling"": ""standardize"", ""min_cluster_size"": 21, ""min_samples"": 5, ""n_class"": 475, ""n_edges"": 5, ""n_intervals"": 6, ""n_vertices"": 6, ""noise_reassigned"": 323, ""placement"": ""quantile"", ""slabs"": [{""k"": 1, ""n"": 89}, {""k"": 1, ""n"": 98}, {""k"": 1, ""n"": 98}, {""k"": 1, ""n"": 98}, {""k"": 1, ""n"": 98}, {""k"": 1, ""n"": 89}]}, {""constant_lens"": false, ""gain"": 0.25, ""lens"": ""pc1"", ""lens_scaling"": ""standardize"", ""min_cluster_size"": 21, ""min_samples"": 5, ""n_class"": 916, ""n_edges"": 5, ""n_intervals"": 6, ""n_vertices"": 6, ""noise_reassigned"": 979, ""placement"": ""quantile"", ""slabs"": [{""k"": 1, ""n"": 172}, {""k"": 1, ""n"": 191}, {""k"": 1, ""n"": 191}, {""k"": 1, ""n"": 191}, {""k"": 1, ""n"": 191}, {""k"": 1, ""n"": 172}]}, {""constant_lens"": false, ""gain"": 0.25, ""lens"": ""pc1"", ""lens_scaling"": ""standardize"", ""min_cluster_size"": 21, ""min_samples"": 5, ""n_class"": 423, ""n_edges"": 5, ""n_intervals"": 6, ""n_vertices"": 6, ""noise_reassigned"": 378, ""placement"": ""quantile"", ""slabs"": [{""k"": 1, ""n"": 80}, {""k"": 1, ""n"": 88}, {""k"": 1, ""n"": 88}, {""k"": 1, ""n"": 88}, {""k"": 1, ""n"": 88}, {""k"": 1, ""n"": 80}]}, {""constant_lens"": false, ""gain"": 0.25, ""lens"": ""pc1"", ""lens_scaling"": ""standardize"", ""min_cluster_size"": 21, ""min_samples"": 5, ""n_class"": 477, ""n_edges"": 5, ""n_intervals"": 6, ""n_vertices"": 6, ""noise_reassigned"": 396, ""placement"": ""quantile"", ""slabs"": [{""k"": 1, ""n"": 90}, {""k"": 1, ""n"": 99}, {""k"": 1, ""n"": 99}, {""k"": 1, ""n"": 99}, {""k"": 1, ""n"": 99}, {""k"": 1, ""n"": 90}]}, {""constant_lens"": false, ""gain"": 0.25, ""lens"": ""pc1"", ""lens_scaling"": ""standardize"", ""min_cluster_size"": 21, ""min_samples"": 5, ""n_class"": 1018, ""n_edges"": 6, ""n_intervals"": 7, ""n_vertices"": 7, ""noise_reassigned"": 1089, ""placement"": ""quantile"", ""slabs"": [{""k"": 1, ""n"": 164}, {""k"": 1, ""n"": 181}, {""k"": 1, ""n"": 182}, {""k"": 1, ""n"": 182}, {""k"": 1, ""n"": 182}, {""k"": 1, ""n"": 181}, {""k"": 1, ""n"": 164}]}], ""soundness_bound_holds"": true, ""step_rule"": ""scale_free"", ""topology_retention_nerve_to_frozen"": {""beta0_frozen"": 12, ""beta0_nerve"": 6, ""beta1_frozen"": 0, ""beta1_nerve"": 0}}",True
0.8975155279503105,579,False,0.09998273182524607,0.1,,11.217995000013616,11.217995000013616,0.0,satimage,2,,SPINE+Graph,10,579,644,5791,0.9000172681747539,1958713157,False,"{""admission"": {""criterion"": ""risk"", ""removed_risk"": 6, ""removed_support"": 0}, ""betti_final"": [[1, 0], [2, 0], [2, 0], [2, 0], [2, 0], [3, 0]], ""betti_frozen"": [[1, 0], [2, 0], [2, 0], [2, 0], [2, 0], [3, 0]], ""betti_nerve"": [[1, 0], [1, 0], [1, 0], [1, 0], [1, 0], [1, 0]], ""boundary_restriction"": ""both"", ""forced_removals"": 0, ""growth_representation_fallbacks"": 419, ""invariant_held"": true, ""n_segments"": 567, ""n_train_fit"": 4343, ""n_val"": 1448, ""phase0"": [{""constant_lens"": false, ""gain"": 0.25, ""lens"": ""pc1"", ""lens_scaling"": ""standardize"", ""min_cluster_size"": 21, ""min_samples"": 5, ""n_class"": 1034, ""n_edges"": 6, ""n_intervals"": 7, ""n_vertices"": 7, ""noise_reassigned"": 973, ""placement"": ""uniform"", ""slabs"": [{""k"": 1, ""n"": 84}, {""k"": 1, ""n"": 374}, {""k"": 1, ""n"": 220}, {""k"": 1, ""n"": 201}, {""k"": 1, ""n"": 166}, {""k"": 1, ""n"": 154}, {""k"": 1, ""n"": 93}]}, {""constant_lens"": false, ""gain"": 0.25, ""lens"": ""pc1"", ""lens_scaling"": ""standardize"", ""min_cluster_size"": 21, ""min_samples"": 5, ""n_class"": 475, ""n_edges"": 5, ""n_intervals"": 6, ""n_vertices"": 6, ""noise_reassigned"": 323, ""placement"": ""quantile"", ""slabs"": [{""k"": 1, ""n"": 89}, {""k"": 1, ""n"": 98}, {""k"": 1, ""n"": 98}, {""k"": 1, ""n"": 98}, {""k"": 1, ""n"": 98}, {""k"": 1, ""n"": 89}]}, {""constant_lens"": false, ""gain"": 0.25, ""lens"": ""pc1"", ""lens_scaling"": ""standardize"", ""min_cluster_size"": 21, ""min_samples"": 5, ""n_class"": 916, ""n_edges"": 5, ""n_intervals"": 6, ""n_vertices"": 6, ""noise_reassigned"": 979, ""placement"": ""quantile"", ""slabs"": [{""k"": 1, ""n"": 172}, {""k"": 1, ""n"": 191}, {""k"": 1, ""n"": 191}, {""k"": 1, ""n"": 191}, {""k"": 1, ""n"": 191}, {""k"": 1, ""n"": 172}]}, {""constant_lens"": false, ""gain"": 0.25, ""lens"": ""pc1"", ""lens_scaling"": ""standardize"", ""min_cluster_size"": 21, ""min_samples"": 5, ""n_class"": 423, ""n_edges"": 5, ""n_intervals"": 6, ""n_vertices"": 6, ""noise_reassigned"": 378, ""placement"": ""quantile"", ""slabs"": [{""k"": 1, ""n"": 80}, {""k"": 1, ""n"": 88}, {""k"": 1, ""n"": 88}, {""k"": 1, ""n"": 88}, {""k"": 1, ""n"": 88}, {""k"": 1, ""n"": 80}]}, {""constant_lens"": false, ""gain"": 0.25, ""lens"": ""pc1"", ""lens_scaling"": ""standardize"", ""min_cluster_size"": 21, ""min_samples"": 5, ""n_class"": 477, ""n_edges"": 5, ""n_intervals"": 6, ""n_vertices"": 6, ""noise_reassigned"": 396, ""placement"": ""quantile"", ""slabs"": [{""k"": 1, ""n"": 90}, {""k"": 1, ""n"": 99}, {""k"": 1, ""n"": 99}, {""k"": 1, ""n"": 99}, {""k"": 1, ""n"": 99}, {""k"": 1, ""n"": 90}]}, {""constant_lens"": false, ""gain"": 0.25, ""lens"": ""pc1"", ""lens_scaling"": ""standardize"", ""min_cluster_size"": 21, ""min_samples"": 5, ""n_class"": 1018, ""n_edges"": 6, ""n_intervals"": 7, ""n_vertices"": 7, ""noise_reassigned"": 1089, ""placement"": ""quantile"", ""slabs"": [{""k"": 1, ""n"": 164}, {""k"": 1, ""n"": 181}, {""k"": 1, ""n"": 182}, {""k"": 1, ""n"": 182}, {""k"": 1, ""n"": 182}, {""k"": 1, ""n"": 181}, {""k"": 1, ""n"": 164}]}], ""soundness_bound_holds"": true, ""step_rule"": ""scale_free"", ""topology_retention_nerve_to_frozen"": {""beta0_frozen"": 12, ""beta0_nerve"": 6, ""beta1_frozen"": 0, ""beta1_nerve"": 0}}",True
0.9006211180124224,579,False,0.09998273182524607,0.1,,7.3508310000179335,129.89904899999965,122.54821799998172,satimage,2,"{""epsilon"": 0.1, ""window"": 0.2}",LVQ3,10,579,644,5791,0.9000172681747539,1958713157,False,,True
0.922360248447205,579,False,0.09998273182524607,0.1,"{""0"": 138, ""1"": 63, ""2"": 122, ""3"": 56, ""4"": 64, ""5"": 136}",4.56938000000082,4.56938000000082,0.0,satimage,2,,KMeans,10,579,644,5791,0.9000172681747539,1958713157,False,,True
0.8493788819875776,579,False,0.09998273182524607,0.1,"{""0"": 138, ""1"": 63, ""2"": 122, ""3"": 56, ""4"": 64, ""5"": 136}",0.001980000000912696,0.001980000000912696,0.0,satimage,2,,Random,10,579,644,5791,0.9000172681747539,1958713157,False,,True
0.8757763975155279,579,False,0.09998273182524607,0.1,,2.038526999996975,2.038526999996975,0.0,satimage,2,,SPOT,10,579,644,5791,0.9000172681747539,1958713157,False,,True
0.8571428571428571,579,False,0.09998273182524607,0.1,,74.26777399994899,74.26777399994899,0.0,satimage,2,,GLVQ,10,579,644,5791,0.9000172681747539,1958713157,False,,True
0.9192546583850931,579,False,0.09998273182524607,0.1,,9.187635000038426,9.187635000038426,0.0,satimage,2,,GNG,10,579,644,5791,0.9000172681747539,1958713157,False,,True
0.9161490683229814,1448,False,0.25004317043688484,0.25,,0.0012030000216327608,0.0012030000216327608,0.0,satimage,2,,Full,10,5791,644,5791,0.0,1958713157,True,,False
0.9192546583850931,1448,False,0.25004317043688484,0.25,,1.7910549999796785,1.7910549999796785,0.0,satimage,2,,RSP3,10,1583,644,5791,0.7266447936453118,1958713157,True,,False
0.9083850931677019,1448,False,0.25004317043688484,0.25,,1.7419130000052974,1.7419130000052974,0.0,satimage,2,,RHC,10,579,644,5791,0.9000172681747539,1958713157,True,,False
0.9099378881987578,1448,False,0.25004317043688484,0.25,,37.80947400000878,37.80947400000878,0.0,satimage,2,,SPINE+1NN,10,1448,644,5791,0.7499568295631152,1958713157,False,"{""admission"": {""criterion"": ""risk"", ""removed_risk"": 6, ""removed_support"": 0}, ""betti_final"": [[1, 0], [2, 0], [2, 0], [2, 0], [2, 0], [3, 0]], ""betti_frozen"": [[1, 0], [2, 0], [2, 0], [2, 0], [2, 0], [3, 0]], ""betti_nerve"": [[1, 0], [1, 0], [1, 0], [1, 0], [1, 0], [1, 0]], ""boundary_restriction"": ""both"", ""forced_removals"": 0, ""growth_representation_fallbacks"": 1442, ""invariant_held"": true, ""n_segments"": 1436, ""n_train_fit"": 4343, ""n_val"": 1448, ""phase0"": [{""constant_lens"": false, ""gain"": 0.25, ""lens"": ""pc1"", ""lens_scaling"": ""standardize"", ""min_cluster_size"": 21, ""min_samples"": 5, ""n_class"": 1034, ""n_edges"": 6, ""n_intervals"": 7, ""n_vertices"": 7, ""noise_reassigned"": 973, ""placement"": ""uniform"", ""slabs"": [{""k"": 1, ""n"": 84}, {""k"": 1, ""n"": 374}, {""k"": 1, ""n"": 220}, {""k"": 1, ""n"": 201}, {""k"": 1, ""n"": 166}, {""k"": 1, ""n"": 154}, {""k"": 1, ""n"": 93}]}, {""constant_lens"": false, ""gain"": 0.25, ""lens"": ""pc1"", ""lens_scaling"": ""standardize"", ""min_cluster_size"": 21, ""min_samples"": 5, ""n_class"": 475, ""n_edges"": 5, ""n_intervals"": 6, ""n_vertices"": 6, ""noise_reassigned"": 323, ""placement"": ""quantile"", ""slabs"": [{""k"": 1, ""n"": 89}, {""k"": 1, ""n"": 98}, {""k"": 1, ""n"": 98}, {""k"": 1, ""n"": 98}, {""k"": 1, ""n"": 98}, {""k"": 1, ""n"": 89}]}, {""constant_lens"": false, ""gain"": 0.25, ""lens"": ""pc1"", ""lens_scaling"": ""standardize"", ""min_cluster_size"": 21, ""min_samples"": 5, ""n_class"": 916, ""n_edges"": 5, ""n_intervals"": 6, ""n_vertices"": 6, ""noise_reassigned"": 979, ""placement"": ""quantile"", ""slabs"": [{""k"": 1, ""n"": 172}, {""k"": 1, ""n"": 191}, {""k"": 1, ""n"": 191}, {""k"": 1, ""n"": 191}, {""k"": 1, ""n"": 191}, {""k"": 1, ""n"": 172}]}, {""constant_lens"": false, ""gain"": 0.25, ""lens"": ""pc1"", ""lens_scaling"": ""standardize"", ""min_cluster_size"": 21, ""min_samples"": 5, ""n_class"": 423, ""n_edges"": 5, ""n_intervals"": 6, ""n_vertices"": 6, ""noise_reassigned"": 378, ""placement"": ""quantile"", ""slabs"": [{""k"": 1, ""n"": 80}, {""k"": 1, ""n"": 88}, {""k"": 1, ""n"": 88}, {""k"": 1, ""n"": 88}, {""k"": 1, ""n"": 88}, {""k"": 1, ""n"": 80}]}, {""constant_lens"": false, ""gain"": 0.25, ""lens"": ""pc1"", ""lens_scaling"": ""standardize"", ""min_cluster_size"": 21, ""min_samples"": 5, ""n_class"": 477, ""n_edges"": 5, ""n_intervals"": 6, ""n_vertices"": 6, ""noise_reassigned"": 396, ""placement"": ""quantile"", ""slabs"": [{""k"": 1, ""n"": 90}, {""k"": 1, ""n"": 99}, {""k"": 1, ""n"": 99}, {""k"": 1, ""n"": 99}, {""k"": 1, ""n"": 99}, {""k"": 1, ""n"": 90}]}, {""constant_lens"": false, ""gain"": 0.25, ""lens"": ""pc1"", ""lens_scaling"": ""standardize"", ""min_cluster_size"": 21, ""min_samples"": 5, ""n_class"": 1018, ""n_edges"": 6, ""n_intervals"": 7, ""n_vertices"": 7, ""noise_reassigned"": 1089, ""placement"": ""quantile"", ""slabs"": [{""k"": 1, ""n"": 164}, {""k"": 1, ""n"": 181}, {""k"": 1, ""n"": 182}, {""k"": 1, ""n"": 182}, {""k"": 1, ""n"": 182}, {""k"": 1, ""n"": 181}, {""k"": 1, ""n"": 164}]}], ""soundness_bound_holds"": true, ""step_rule"": ""scale_free"", ""topology_retention_nerve_to_frozen"": {""beta0_frozen"": 12, ""beta0_nerve"": 6, ""beta1_frozen"": 0, ""beta1_nerve"": 0}}",True
0.9130434782608695,1448,False,0.25004317043688484,0.25,,37.80947400000878,37.80947400000878,0.0,satimage,2,,SPINE+Graph,10,1448,644,5791,0.7499568295631152,1958713157,False,"{""admission"": {""criterion"": ""risk"", ""removed_risk"": 6, ""removed_support"": 0}, ""betti_final"": [[1, 0], [2, 0], [2, 0], [2, 0], [2, 0], [3, 0]], ""betti_frozen"": [[1, 0], [2, 0], [2, 0], [2, 0], [2, 0], [3, 0]], ""betti_nerve"": [[1, 0], [1, 0], [1, 0], [1, 0], [1, 0], [1, 0]], ""boundary_restriction"": ""both"", ""forced_removals"": 0, ""growth_representation_fallbacks"": 1442, ""invariant_held"": true, ""n_segments"": 1436, ""n_train_fit"": 4343, ""n_val"": 1448, ""phase0"": [{""constant_lens"": false, ""gain"": 0.25, ""lens"": ""pc1"", ""lens_scaling"": ""standardize"", ""min_cluster_size"": 21, ""min_samples"": 5, ""n_class"": 1034, ""n_edges"": 6, ""n_intervals"": 7, ""n_vertices"": 7, ""noise_reassigned"": 973, ""placement"": ""uniform"", ""slabs"": [{""k"": 1, ""n"": 84}, {""k"": 1, ""n"": 374}, {""k"": 1, ""n"": 220}, {""k"": 1, ""n"": 201}, {""k"": 1, ""n"": 166}, {""k"": 1, ""n"": 154}, {""k"": 1, ""n"": 93}]}, {""constant_lens"": false, ""gain"": 0.25, ""lens"": ""pc1"", ""lens_scaling"": ""standardize"", ""min_cluster_size"": 21, ""min_samples"": 5, ""n_class"": 475, ""n_edges"": 5, ""n_intervals"": 6, ""n_vertices"": 6, ""noise_reassigned"": 323, ""placement"": ""quantile"", ""slabs"": [{""k"": 1, ""n"": 89}, {""k"": 1, ""n"": 98}, {""k"": 1, ""n"": 98}, {""k"": 1, ""n"": 98}, {""k"": 1, ""n"": 98}, {""k"": 1, ""n"": 89}]}, {""constant_lens"": false, ""gain"": 0.25, ""lens"": ""pc1"", ""lens_scaling"": ""standardize"", ""min_cluster_size"": 21, ""min_samples"": 5, ""n_class"": 916, ""n_edges"": 5, ""n_intervals"": 6, ""n_vertices"": 6, ""noise_reassigned"": 979, ""placement"": ""quantile"", ""slabs"": [{""k"": 1, ""n"": 172}, {""k"": 1, ""n"": 191}, {""k"": 1, ""n"": 191}, {""k"": 1, ""n"": 191}, {""k"": 1, ""n"": 191}, {""k"": 1, ""n"": 172}]}, {""constant_lens"": false, ""gain"": 0.25, ""lens"": ""pc1"", ""lens_scaling"": ""standardize"", ""min_cluster_size"": 21, ""min_samples"": 5, ""n_class"": 423, ""n_edges"": 5, ""n_intervals"": 6, ""n_vertices"": 6, ""noise_reassigned"": 378, ""placement"": ""quantile"", ""slabs"": [{""k"": 1, ""n"": 80}, {""k"": 1, ""n"": 88}, {""k"": 1, ""n"": 88}, {""k"": 1, ""n"": 88}, {""k"": 1, ""n"": 88}, {""k"": 1, ""n"": 80}]}, {""constant_lens"": false, ""gain"": 0.25, ""lens"": ""pc1"", ""lens_scaling"": ""standardize"", ""min_cluster_size"": 21, ""min_samples"": 5, ""n_class"": 477, ""n_edges"": 5, ""n_intervals"": 6, ""n_vertices"": 6, ""noise_reassigned"": 396, ""placement"": ""quantile"", ""slabs"": [{""k"": 1, ""n"": 90}, {""k"": 1, ""n"": 99}, {""k"": 1, ""n"": 99}, {""k"": 1, ""n"": 99}, {""k"": 1, ""n"": 99}, {""k"": 1, ""n"": 90}]}, {""constant_lens"": false, ""gain"": 0.25, ""lens"": ""pc1"", ""lens_scaling"": ""standardize"", ""min_cluster_size"": 21, ""min_samples"": 5, ""n_class"": 1018, ""n_edges"": 6, ""n_intervals"": 7, ""n_vertices"": 7, ""noise_reassigned"": 1089, ""placement"": ""quantile"", ""slabs"": [{""k"": 1, ""n"": 164}, {""k"": 1, ""n"": 181}, {""k"": 1, ""n"": 182}, {""k"": 1, ""n"": 182}, {""k"": 1, ""n"": 182}, {""k"": 1, ""n"": 181}, {""k"": 1, ""n"": 164}]}], ""soundness_bound_holds"": true, ""step_rule"": ""scale_free"", ""topology_retention_nerve_to_frozen"": {""beta0_frozen"": 12, ""beta0_nerve"": 6, ""beta1_frozen"": 0, ""beta1_nerve"": 0}}",True
0.9301242236024845,1448,False,0.25004317043688484,0.25,,17.70925299997907,307.02499100001296,289.3157380000339,satimage,2,"{""epsilon"": 0.3, ""window"": 0.3}",LVQ3,10,1448,644,5791,0.7499568295631152,1958713157,False,,True
0.8990683229813664,1448,False,0.25004317043688484,0.25,"{""0"": 345, ""1"": 158, ""2"": 306, ""3"": 141, ""4"": 159, ""5"": 339}",9.608580000000075,9.608580000000075,0.0,satimage,2,,KMeans,10,1448,644,5791,0.7499568295631152,1958713157,False,,True
0.8850931677018633,1448,False,0.25004317043688484,0.25,"{""0"": 345, ""1"": 158, ""2"": 306, ""3"": 141, ""4"": 159, ""5"": 339}",0.0028960000490769744,0.0028960000490769744,0.0,satimage,2,,Random,10,1448,644,5791,0.7499568295631152,1958713157,False,,True
0.8850931677018633,1448,False,0.25004317043688484,0.25,,2.1218230000231415,2.1218230000231415,0.0,satimage,2,,SPOT,10,1448,644,5791,0.7499568295631152,1958713157,False,,True
0.8571428571428571,1448,False,0.25004317043688484,0.25,,180.8336169999675,180.8336169999675,0.0,satimage,2,,GLVQ,10,1448,644,5791,0.7499568295631152,1958713157,False,,True
0.9177018633540373,1448,False,0.25004317043688484,0.25,,42.23721600003773,42.23721600003773,0.0,satimage,2,,GNG,10,1448,644,5791,0.7499568295631152,1958713157,False,,True
0.9161490683229814,29,False,0.005007770678639268,0.005,,0.0019469999824650586,0.0019469999824650586,0.0,satimage,3,,Full,10,5791,644,5791,0.0,1959713160,False,,False
0.9177018633540373,29,False,0.005007770678639268,0.005,,1.797093000030145,1.797093000030145,0.0,satimage,3,,RSP3,10,1549,644,5791,0.7325159730616474,1959713160,False,,False
0.8866459627329193,29,False,0.005007770678639268,0.005,,1.818857999984175,1.818857999984175,0.0,satimage,3,,RHC,10,574,644,5791,0.9008806769124503,1959713160,False,,False
0.8229813664596274,29,False,0.005007770678639268,0.005,,4.337055000010878,4.337055000010878,0.0,satimage,3,,SPINE+1NN,10,29,644,5791,0.9949922293213608,1959713160,False,"{""admission"": {""criterion"": ""risk"", ""removed_risk"": 9, ""removed_support"": 0}, ""betti_final"": [[3, 0], [2, 0], [1, 0], [3, 0], [3, 0], [2, 0]], ""betti_frozen"": [[3, 0], [2, 0], [1, 0], [3, 0], [4, 0], [2, 0]], ""betti_nerve"": [[1, 0], [1, 0], [1, 0], [1, 0], [1, 0], [1, 0]], ""boundary_restriction"": ""both"", ""forced_removals"": 1, ""growth_representation_fallbacks"": 0, ""invariant_held"": false, ""n_segments"": 15, ""n_train_fit"": 4343, ""n_val"": 1448, ""phase0"": [{""constant_lens"": false, ""gain"": 0.25, ""lens"": ""pc1"", ""lens_scaling"": ""standardize"", ""min_cluster_size"": 21, ""min_samples"": 5, ""n_class"": 1034, ""n_edges"": 6, ""n_intervals"": 7, ""n_vertices"": 7, ""noise_reassigned"": 1131, ""placement"": ""uniform"", ""slabs"": [{""k"": 1, ""n"": 90}, {""k"": 1, ""n"": 387}, {""k"": 1, ""n"": 226}, {""k"": 1, ""n"": 184}, {""k"": 1, ""n"": 172}, {""k"": 1, ""n"": 151}, {""k"": 1, ""n"": 69}]}, {""constant_lens"": false, ""gain"": 0.25, ""lens"": ""pc1"", ""lens_scaling"": ""standardize"", ""min_cluster_size"": 21, ""min_samples"": 5, ""n_class"": 475, ""n_edges"": 5, ""n_intervals"": 6, ""n_vertices"": 6, ""noise_reassigned"": 374, ""placement"": ""quantile"", ""slabs"": [{""k"": 1, ""n"": 89}, {""k"": 1, ""n"": 98}, {""k"": 1, ""n"": 98}, {""k"": 1, ""n"": 98}, {""k"": 1, ""n"": 98}, {""k"": 1, ""n"": 89}]}, {""constant_lens"": false, ""gain"": 0.25, ""lens"": ""pc1"", ""lens_scaling"": ""standardize"", ""min_cluster_size"": 21, ""min_samples"": 5, ""n_class"": 916, ""n_edges"": 5, ""n_intervals"": 6, ""n_vertices"": 6, ""noise_reassigned"": 979, ""placement"": ""quantile"", ""slabs"": [{""k"": 1, ""n"": 172}, {""k"": 1, ""n"": 191}, {""k"": 1, ""n"": 191}, {""k"": 1, ""n"": 191}, {""k"": 1, ""n"": 191}, {""k"": 1, ""n"": 172}]}, {""constant_lens"": false, ""gain"": 0.25, ""lens"": ""pc1"", ""lens_scaling"": ""standardize"", ""min_cluster_size"": 21, ""min_samples"": 5, ""n_class"": 423, ""n_edges"": 5, ""n_intervals"": 6, ""n_vertices"": 6, ""noise_reassigned"": 386, ""placement"": ""quantile"", ""slabs"": [{""k"": 1, ""n"": 80}, {""k"": 1, ""n"": 88}, {""k"": 1, ""n"": 88}, {""k"": 1, ""n"": 88}, {""k"": 1, ""n"": 88}, {""k"": 1, ""n"": 80}]}, {""constant_lens"": false, ""gain"": 0.25, ""lens"": ""pc1"", ""lens_scaling"": ""standardize"", ""min_cluster_size"": 21, ""min_samples"": 5, ""n_class"": 477, ""n_edges"": 5, ""n_intervals"": 6, ""n_vertices"": 6, ""noise_reassigned"": 399, ""placement"": ""quantile"", ""slabs"": [{""k"": 1, ""n"": 90}, {""k"": 1, ""n"": 99}, {""k"": 1, ""n"": 99}, {""k"": 1, ""n"": 99}, {""k"": 1, ""n"": 99}, {""k"": 1, ""n"": 90}]}, {""constant_lens"": false, ""gain"": 0.25, ""lens"": ""pc1"", ""lens_scaling"": ""standardize"", ""min_cluster_size"": 21, ""min_samples"": 5, ""n_class"": 1018, ""n_edges"": 6, ""n_intervals"": 7, ""n_vertices"": 7, ""noise_reassigned"": 1089, ""placement"": ""quantile"", ""slabs"": [{""k"": 1, ""n"": 164}, {""k"": 1, ""n"": 181}, {""k"": 1, ""n"": 182}, {""k"": 1, ""n"": 182}, {""k"": 1, ""n"": 182}, {""k"": 1, ""n"": 181}, {""k"": 1, ""n"": 164}]}], ""soundness_bound_holds"": true, ""step_rule"": ""scale_free"", ""topology_retention_nerve_to_frozen"": {""beta0_frozen"": 15, ""beta0_nerve"": 6, ""beta1_frozen"": 0, ""beta1_nerve"": 0}}",True
0.8059006211180124,29,False,0.005007770678639268,0.005,,4.337055000010878,4.337055000010878,0.0,satimage,3,,SPINE+Graph,10,29,644,5791,0.9949922293213608,1959713160,False,"{""admission"": {""criterion"": ""risk"", ""removed_risk"": 9, ""removed_support"": 0}, ""betti_final"": [[3, 0], [2, 0], [1, 0], [3, 0], [3, 0], [2, 0]], ""betti_frozen"": [[3, 0], [2, 0], [1, 0], [3, 0], [4, 0], [2, 0]], ""betti_nerve"": [[1, 0], [1, 0], [1, 0], [1, 0], [1, 0], [1, 0]], ""boundary_restriction"": ""both"", ""forced_removals"": 1, ""growth_representation_fallbacks"": 0, ""invariant_held"": false, ""n_segments"": 15, ""n_train_fit"": 4343, ""n_val"": 1448, ""phase0"": [{""constant_lens"": false, ""gain"": 0.25, ""lens"": ""pc1"", ""lens_scaling"": ""standardize"", ""min_cluster_size"": 21, ""min_samples"": 5, ""n_class"": 1034, ""n_edges"": 6, ""n_intervals"": 7, ""n_vertices"": 7, ""noise_reassigned"": 1131, ""placement"": ""uniform"", ""slabs"": [{""k"": 1, ""n"": 90}, {""k"": 1, ""n"": 387}, {""k"": 1, ""n"": 226}, {""k"": 1, ""n"": 184}, {""k"": 1, ""n"": 172}, {""k"": 1, ""n"": 151}, {""k"": 1, ""n"": 69}]}, {""constant_lens"": false, ""gain"": 0.25, ""lens"": ""pc1"", ""lens_scaling"": ""standardize"", ""min_cluster_size"": 21, ""min_samples"": 5, ""n_class"": 475, ""n_edges"": 5, ""n_intervals"": 6, ""n_vertices"": 6, ""noise_reassigned"": 374, ""placement"": ""quantile"", ""slabs"": [{""k"": 1, ""n"": 89}, {""k"": 1, ""n"": 98}, {""k"": 1, ""n"": 98}, {""k"": 1, ""n"": 98}, {""k"": 1, ""n"": 98}, {""k"": 1, ""n"": 89}]}, {""constant_lens"": false, ""gain"": 0.25, ""lens"": ""pc1"", ""lens_scaling"": ""standardize"", ""min_cluster_size"": 21, ""min_samples"": 5, ""n_class"": 916, ""n_edges"": 5, ""n_intervals"": 6, ""n_vertices"": 6, ""noise_reassigned"": 979, ""placement"": ""quantile"", ""slabs"": [{""k"": 1, ""n"": 172}, {""k"": 1, ""n"": 191}, {""k"": 1, ""n"": 191}, {""k"": 1, ""n"": 191}, {""k"": 1, ""n"": 191}, {""k"": 1, ""n"": 172}]}, {""constant_lens"": false, ""gain"": 0.25, ""lens"": ""pc1"", ""lens_scaling"": ""standardize"", ""min_cluster_size"": 21, ""min_samples"": 5, ""n_class"": 423, ""n_edges"": 5, ""n_intervals"": 6, ""n_vertices"": 6, ""noise_reassigned"": 386, ""placement"": ""quantile"", ""slabs"": [{""k"": 1, ""n"": 80}, {""k"": 1, ""n"": 88}, {""k"": 1, ""n"": 88}, {""k"": 1, ""n"": 88}, {""k"": 1, ""n"": 88}, {""k"": 1, ""n"": 80}]}, {""constant_lens"": false, ""gain"": 0.25, ""lens"": ""pc1"", ""lens_scaling"": ""standardize"", ""min_cluster_size"": 21, ""min_samples"": 5, ""n_class"": 477, ""n_edges"": 5, ""n_intervals"": 6, ""n_vertices"": 6, ""noise_reassigned"": 399, ""placement"": ""quantile"", ""slabs"": [{""k"": 1, ""n"": 90}, {""k"": 1, ""n"": 99}, {""k"": 1, ""n"": 99}, {""k"": 1, ""n"": 99}, {""k"": 1, ""n"": 99}, {""k"": 1, ""n"": 90}]}, {""constant_lens"": false, ""gain"": 0.25, ""lens"": ""pc1"", ""lens_scaling"": ""standardize"", ""min_cluster_size"": 21, ""min_samples"": 5, ""n_class"": 1018, ""n_edges"": 6, ""n_intervals"": 7, ""n_vertices"": 7, ""noise_reassigned"": 1089, ""placement"": ""quantile"", ""slabs"": [{""k"": 1, ""n"": 164}, {""k"": 1, ""n"": 181}, {""k"": 1, ""n"": 182}, {""k"": 1, ""n"": 182}, {""k"": 1, ""n"": 182}, {""k"": 1, ""n"": 181}, {""k"": 1, ""n"": 164}]}], ""soundness_bound_holds"": true, ""step_rule"": ""scale_free"", ""topology_retention_nerve_to_frozen"": {""beta0_frozen"": 15, ""beta0_nerve"": 6, ""beta1_frozen"": 0, ""beta1_nerve"": 0}}",True
0.8881987577639752,29,False,0.005007770678639268,0.005,,2.569108000025153,47.80848300002981,45.23937500000466,satimage,3,"{""epsilon"": 0.1, ""window"": 0.2}",LVQ3,10,29,644,5791,0.9949922293213608,1959713160,False,,True
0.8183229813664596,29,False,0.005007770678639268,0.005,"{""0"": 7, ""1"": 3, ""2"": 6, ""3"": 3, ""4"": 3, ""5"": 7}",1.4017189999576658,1.4017189999576658,0.0,satimage,3,,KMeans,10,29,644,5791,0.9949922293213608,1959713160,False,,True
0.8198757763975155,29,False,0.005007770678639268,0.005,"{""0"": 7, ""1"": 3, ""2"": 6, ""3"": 3, ""4"": 3, ""5"": 7}",0.0013359999866224825,0.0013359999866224825,0.0,satimage,3,,Random,10,29,644,5791,0.9949922293213608,1959713160,False,,True
0.7996894409937888,29,False,0.005007770678639268,0.005,,1.7555200000060722,1.7555200000060722,0.0,satimage,3,,SPOT,10,29,644,5791,0.9949922293213608,1959713160,False,,True
0.8385093167701864,29,False,0.005007770678639268,0.005,,6.7754880000138655,6.7754880000138655,0.0,satimage,3,,GLVQ,10,29,644,5791,0.9949922293213608,1959713160,False,,True
0.8229813664596274,29,False,0.005007770678639268,0.005,,0.8419040000298992,0.8419040000298992,0.0,satimage,3,,GNG,10,29,644,5791,0.9949922293213608,1959713160,False,,True
0.9161490683229814,58,False,0.010015541357278536,0.01,,0.0019469999824650586,0.0019469999824650586,0.0,satimage,3,,Full,10,5791,644,5791,0.0,1959713160,True,,False
0.9177018633540373,58,False,0.010015541357278536,0.01,,1.797093000030145,1.797093000030145,0.0,satimage,3,,RSP3,10,1549,644,5791,0.7325159730616474,1959713160,True,,False
0.8866459627329193,58,False,0.010015541357278536,0.01,,1.818857999984175,1.818857999984175,0.0,satimage,3,,RHC,10,574,644,5791,0.9008806769124503,1959713160,True,,False
0.8136645962732919,58,False,0.010015541357278536,0.01,,5.404574999993201,5.404574999993201,0.0,satimage,3,,SPINE+1NN,10,58,644,5791,0.9899844586427214,1959713160,False,"{""admission"": {""criterion"": ""risk"", ""removed_risk"": 9, ""removed_support"": 0}, ""betti_final"": [[3, 0], [2, 0], [1, 0], [3, 0], [4, 0], [2, 0]], ""betti_frozen"": [[3, 0], [2, 0], [1, 0], [3, 0], [4, 0], [2, 0]], ""betti_nerve"": [[1, 0], [1, 0], [1, 0], [1, 0], [1, 0], [1, 0]], ""boundary_restriction"": ""both"", ""forced_removals"": 0, ""growth_representation_fallbacks"": 4, ""invariant_held"": true, ""n_segments"": 43, ""n_train_fit"": 4343, ""n_val"": 1448, ""phase0"": [{""constant_lens"": false, ""gain"": 0.25, ""lens"": ""pc1"", ""lens_scaling"": ""standardize"", ""min_cluster_size"": 21, ""min_samples"": 5, ""n_class"": 1034, ""n_edges"": 6, ""n_intervals"": 7, ""n_vertices"": 7, ""noise_reassigned"": 1131, ""placement"": ""uniform"", ""slabs"": [{""k"": 1, ""n"": 90}, {""k"": 1, ""n"": 387}, {""k"": 1, ""n"": 226}, {""k"": 1, ""n"": 184}, {""k"": 1, ""n"": 172}, {""k"": 1, ""n"": 151}, {""k"": 1, ""n"": 69}]}, {""constant_lens"": false, ""gain"": 0.25, ""lens"": ""pc1"", ""lens_scaling"": ""standardize"", ""min_cluster_size"": 21, ""min_samples"": 5, ""n_class"": 475, ""n_edges"": 5, ""n_intervals"": 6, ""n_vertices"": 6, ""noise_reassigned"": 374, ""placement"": ""quantile"", ""slabs"": [{""k"": 1, ""n"": 89}, {""k"": 1, ""n"": 98}, {""k"": 1, ""n"": 98}, {""k"": 1, ""n"": 98}, {""k"": 1, ""n"": 98}, {""k"": 1, ""n"": 89}]}, {""constant_lens"": false, ""gain"": 0.25, ""lens"": ""pc1"", ""lens_scaling"": ""standardize"", ""min_cluster_size"": 21, ""min_samples"": 5, ""n_class"": 916, ""n_edges"": 5, ""n_intervals"": 6, ""n_vertices"": 6, ""noise_reassigned"": 979, ""placement"": ""quantile"", ""slabs"": [{""k"": 1, ""n"": 172}, {""k"": 1, ""n"": 191}, {""k"": 1, ""n"": 191}, {""k"": 1, ""n"": 191}, {""k"": 1, ""n"": 191}, {""k"": 1, ""n"": 172}]}, {""constant_lens"": false, ""gain"": 0.25, ""lens"": ""pc1"", ""lens_scaling"": ""standardize"", ""min_cluster_size"": 21, ""min_samples"": 5, ""n_class"": 423, ""n_edges"": 5, ""n_intervals"": 6, ""n_vertices"": 6, ""noise_reassigned"": 386, ""placement"": ""quantile"", ""slabs"": [{""k"": 1, ""n"": 80}, {""k"": 1, ""n"": 88}, {""k"": 1, ""n"": 88}, {""k"": 1, ""n"": 88}, {""k"": 1, ""n"": 88}, {""k"": 1, ""n"": 80}]}, {""constant_lens"": false, ""gain"": 0.25, ""lens"": ""pc1"", ""lens_scaling"": ""standardize"", ""min_cluster_size"": 21, ""min_samples"": 5, ""n_class"": 477, ""n_edges"": 5, ""n_intervals"": 6, ""n_vertices"": 6, ""noise_reassigned"": 399, ""placement"": ""quantile"", ""slabs"": [{""k"": 1, ""n"": 90}, {""k"": 1, ""n"": 99}, {""k"": 1, ""n"": 99}, {""k"": 1, ""n"": 99}, {""k"": 1, ""n"": 99}, {""k"": 1, ""n"": 90}]}, {""constant_lens"": false, ""gain"": 0.25, ""lens"": ""pc1"", ""lens_scaling"": ""standardize"", ""min_cluster_size"": 21, ""min_samples"": 5, ""n_class"": 1018, ""n_edges"": 6, ""n_intervals"": 7, ""n_vertices"": 7, ""noise_reassigned"": 1089, ""placement"": ""quantile"", ""slabs"": [{""k"": 1, ""n"": 164}, {""k"": 1, ""n"": 181}, {""k"": 1, ""n"": 182}, {""k"": 1, ""n"": 182}, {""k"": 1, ""n"": 182}, {""k"": 1, ""n"": 181}, {""k"": 1, ""n"": 164}]}], ""soundness_bound_holds"": true, ""step_rule"": ""scale_free"", ""topology_retention_nerve_to_frozen"": {""beta0_frozen"": 15, ""beta0_nerve"": 6, ""beta1_frozen"": 0, ""beta1_nerve"": 0}}",True
0.8214285714285714,58,False,0.010015541357278536,0.01,,5.404574999993201,5.404574999993201,0.0,satimage,3,,SPINE+Graph,10,58,644,5791,0.9899844586427214,1959713160,False,"{""admission"": {""criterion"": ""risk"", ""removed_risk"": 9, ""removed_support"": 0}, ""betti_final"": [[3, 0], [2, 0], [1, 0], [3, 0], [4, 0], [2, 0]], ""betti_frozen"": [[3, 0], [2, 0], [1, 0], [3, 0], [4, 0], [2, 0]], ""betti_nerve"": [[1, 0], [1, 0], [1, 0], [1, 0], [1, 0], [1, 0]], ""boundary_restriction"": ""both"", ""forced_removals"": 0, ""growth_representation_fallbacks"": 4, ""invariant_held"": true, ""n_segments"": 43, ""n_train_fit"": 4343, ""n_val"": 1448, ""phase0"": [{""constant_lens"": false, ""gain"": 0.25, ""lens"": ""pc1"", ""lens_scaling"": ""standardize"", ""min_cluster_size"": 21, ""min_samples"": 5, ""n_class"": 1034, ""n_edges"": 6, ""n_intervals"": 7, ""n_vertices"": 7, ""noise_reassigned"": 1131, ""placement"": ""uniform"", ""slabs"": [{""k"": 1, ""n"": 90}, {""k"": 1, ""n"": 387}, {""k"": 1, ""n"": 226}, {""k"": 1, ""n"": 184}, {""k"": 1, ""n"": 172}, {""k"": 1, ""n"": 151}, {""k"": 1, ""n"": 69}]}, {""constant_lens"": false, ""gain"": 0.25, ""lens"": ""pc1"", ""lens_scaling"": ""standardize"", ""min_cluster_size"": 21, ""min_samples"": 5, ""n_class"": 475, ""n_edges"": 5, ""n_intervals"": 6, ""n_vertices"": 6, ""noise_reassigned"": 374, ""placement"": ""quantile"", ""slabs"": [{""k"": 1, ""n"": 89}, {""k"": 1, ""n"": 98}, {""k"": 1, ""n"": 98}, {""k"": 1, ""n"": 98}, {""k"": 1, ""n"": 98}, {""k"": 1, ""n"": 89}]}, {""constant_lens"": false, ""gain"": 0.25, ""lens"": ""pc1"", ""lens_scaling"": ""standardize"", ""min_cluster_size"": 21, ""min_samples"": 5, ""n_class"": 916, ""n_edges"": 5, ""n_intervals"": 6, ""n_vertices"": 6, ""noise_reassigned"": 979, ""placement"": ""quantile"", ""slabs"": [{""k"": 1, ""n"": 172}, {""k"": 1, ""n"": 191}, {""k"": 1, ""n"": 191}, {""k"": 1, ""n"": 191}, {""k"": 1, ""n"": 191}, {""k"": 1, ""n"": 172}]}, {""constant_lens"": false, ""gain"": 0.25, ""lens"": ""pc1"", ""lens_scaling"": ""standardize"", ""min_cluster_size"": 21, ""min_samples"": 5, ""n_class"": 423, ""n_edges"": 5, ""n_intervals"": 6, ""n_vertices"": 6, ""noise_reassigned"": 386, ""placement"": ""quantile"", ""slabs"": [{""k"": 1, ""n"": 80}, {""k"": 1, ""n"": 88}, {""k"": 1, ""n"": 88}, {""k"": 1, ""n"": 88}, {""k"": 1, ""n"": 88}, {""k"": 1, ""n"": 80}]}, {""constant_lens"": false, ""gain"": 0.25, ""lens"": ""pc1"", ""lens_scaling"": ""standardize"", ""min_cluster_size"": 21, ""min_samples"": 5, ""n_class"": 477, ""n_edges"": 5, ""n_intervals"": 6, ""n_vertices"": 6, ""noise_reassigned"": 399, ""placement"": ""quantile"", ""slabs"": [{""k"": 1, ""n"": 90}, {""k"": 1, ""n"": 99}, {""k"": 1, ""n"": 99}, {""k"": 1, ""n"": 99}, {""k"": 1, ""n"": 99}, {""k"": 1, ""n"": 90}]}, {""constant_lens"": false, ""gain"": 0.25, ""lens"": ""pc1"", ""lens_scaling"": ""standardize"", ""min_cluster_size"": 21, ""min_samples"": 5, ""n_class"": 1018, ""n_edges"": 6, ""n_intervals"": 7, ""n_vertices"": 7, ""noise_reassigned"": 1089, ""placement"": ""quantile"", ""slabs"": [{""k"": 1, ""n"": 164}, {""k"": 1, ""n"": 181}, {""k"": 1, ""n"": 182}, {""k"": 1, ""n"": 182}, {""k"": 1, ""n"": 182}, {""k"": 1, ""n"": 181}, {""k"": 1, ""n"": 164}]}], ""soundness_bound_holds"": true, ""step_rule"": ""scale_free"", ""topology_retention_nerve_to_frozen"": {""beta0_frozen"": 15, ""beta0_nerve"": 6, ""beta1_frozen"": 0, ""beta1_nerve"": 0}}",True
0.8928571428571429,58,False,0.010015541357278536,0.01,,2.616777999966871,51.266617999994196,48.649840000027325,satimage,3,"{""epsilon"": 0.1, ""window"": 0.3}",LVQ3,10,58,644,5791,0.9899844586427214,1959713160,False,,True
0.8555900621118012,58,False,0.010015541357278536,0.01,"{""0"": 14, ""1"": 6, ""2"": 12, ""3"": 6, ""4"": 6, ""5"": 14}",1.48793800000567,1.48793800000567,0.0,satimage,3,,KMeans,10,58,644,5791,0.9899844586427214,1959713160,False,,True
0.796583850931677,58,False,0.010015541357278536,0.01,"{""0"": 14, ""1"": 6, ""2"": 12, ""3"": 6, ""4"": 6, ""5"": 14}",0.0013760000001639128,0.0013760000001639128,0.0,satimage,3,,Random,10,58,644,5791,0.9899844586427214,1959713160,False,,True
0.8152173913043478,58,False,0.010015541357278536,0.01,,1.6419899999746121,1.6419899999746121,0.0,satimage,3,,SPOT,10,58,644,5791,0.9899844586427214,1959713160,False,,True
0.843167701863354,58,False,0.010015541357278536,0.01,,10.273100000049453,10.273100000049453,0.0,satimage,3,,GLVQ,10,58,644,5791,0.9899844586427214,1959713160,False,,True
0.8618012422360248,58,False,0.010015541357278536,0.01,,1.5928350000176579,1.5928350000176579,0.0,satimage,3,,GNG,10,58,644,5791,0.9899844586427214,1959713160,False,,True
0.9161490683229814,116,False,0.020031082714557072,0.02,,0.0019469999824650586,0.0019469999824650586,0.0,satimage,3,,Full,10,5791,644,5791,0.0,1959713160,True,,False
0.9177018633540373,116,False,0.020031082714557072,0.02,,1.797093000030145,1.797093000030145,0.0,satimage,3,,RSP3,10,1549,644,5791,0.7325159730616474,1959713160,True,,False
0.8866459627329193,116,False,0.020031082714557072,0.02,,1.818857999984175,1.818857999984175,0.0,satimage,3,,RHC,10,574,644,5791,0.9008806769124503,1959713160,True,,False
0.8524844720496895,116,False,0.020031082714557072,0.02,,5.6891969999996945,5.6891969999996945,0.0,satimage,3,,SPINE+1NN,10,116,644,5791,0.9799689172854429,1959713160,False,"{""admission"": {""criterion"": ""risk"", ""removed_risk"": 9, ""removed_support"": 0}, ""betti_final"": [[3, 0], [2, 0], [1, 0], [3, 0], [4, 0], [2, 0]], ""betti_frozen"": [[3, 0], [2, 0], [1, 0], [3, 0], [4, 0], [2, 0]], ""betti_nerve"": [[1, 0], [1, 0], [1, 0], [1, 0], [1, 0], [1, 0]], ""boundary_restriction"": ""both"", ""forced_removals"": 0, ""growth_representation_fallbacks"": 33, ""invariant_held"": true, ""n_segments"": 101, ""n_train_fit"": 4343, ""n_val"": 1448, ""phase0"": [{""constant_lens"": false, ""gain"": 0.25, ""lens"": ""pc1"", ""lens_scaling"": ""standardize"", ""min_cluster_size"": 21, ""min_samples"": 5, ""n_class"": 1034, ""n_edges"": 6, ""n_intervals"": 7, ""n_vertices"": 7, ""noise_reassigned"": 1131, ""placement"": ""uniform"", ""slabs"": [{""k"": 1, ""n"": 90}, {""k"": 1, ""n"": 387}, {""k"": 1, ""n"": 226}, {""k"": 1, ""n"": 184}, {""k"": 1, ""n"": 172}, {""k"": 1, ""n"": 151}, {""k"": 1, ""n"": 69}]}, {""constant_lens"": false, ""gain"": 0.25, ""lens"": ""pc1"", ""lens_scaling"": ""standardize"", ""min_cluster_size"": 21, ""min_samples"": 5, ""n_class"": 475, ""n_edges"": 5, ""n_intervals"": 6, ""n_vertices"": 6, ""noise_reassigned"": 374, ""placement"": ""quantile"", ""slabs"": [{""k"": 1, ""n"": 89}, {""k"": 1, ""n"": 98}, {""k"": 1, ""n"": 98}, {""k"": 1, ""n"": 98}, {""k"": 1, ""n"": 98}, {""k"": 1, ""n"": 89}]}, {""constant_lens"": false, ""gain"": 0.25, ""lens"": ""pc1"", ""lens_scaling"": ""standardize"", ""min_cluster_size"": 21, ""min_samples"": 5, ""n_class"": 916, ""n_edges"": 5, ""n_intervals"": 6, ""n_vertices"": 6, ""noise_reassigned"": 979, ""placement"": ""quantile"", ""slabs"": [{""k"": 1, ""n"": 172}, {""k"": 1, ""n"": 191}, {""k"": 1, ""n"": 191}, {""k"": 1, ""n"": 191}, {""k"": 1, ""n"": 191}, {""k"": 1, ""n"": 172}]}, {""constant_lens"": false, ""gain"": 0.25, ""lens"": ""pc1"", ""lens_scaling"": ""standardize"", ""min_cluster_size"": 21, ""min_samples"": 5, ""n_class"": 423, ""n_edges"": 5, ""n_intervals"": 6, ""n_vertices"": 6, ""noise_reassigned"": 386, ""placement"": ""quantile"", ""slabs"": [{""k"": 1, ""n"": 80}, {""k"": 1, ""n"": 88}, {""k"": 1, ""n"": 88}, {""k"": 1, ""n"": 88}, {""k"": 1, ""n"": 88}, {""k"": 1, ""n"": 80}]}, {""constant_lens"": false, ""gain"": 0.25, ""lens"": ""pc1"", ""lens_scaling"": ""standardize"", ""min_cluster_size"": 21, ""min_samples"": 5, ""n_class"": 477, ""n_edges"": 5, ""n_intervals"": 6, ""n_vertices"": 6, ""noise_reassigned"": 399, ""placement"": ""quantile"", ""slabs"": [{""k"": 1, ""n"": 90}, {""k"": 1, ""n"": 99}, {""k"": 1, ""n"": 99}, {""k"": 1, ""n"": 99}, {""k"": 1, ""n"": 99}, {""k"": 1, ""n"": 90}]}, {""constant_lens"": false, ""gain"": 0.25, ""lens"": ""pc1"", ""lens_scaling"": ""standardize"", ""min_cluster_size"": 21, ""min_samples"": 5, ""n_class"": 1018, ""n_edges"": 6, ""n_intervals"": 7, ""n_vertices"": 7, ""noise_reassigned"": 1089, ""placement"": ""quantile"", ""slabs"": [{""k"": 1, ""n"": 164}, {""k"": 1, ""n"": 181}, {""k"": 1, ""n"": 182}, {""k"": 1, ""n"": 182}, {""k"": 1, ""n"": 182}, {""k"": 1, ""n"": 181}, {""k"": 1, ""n"": 164}]}], ""soundness_bound_holds"": true, ""step_rule"": ""scale_free"", ""topology_retention_nerve_to_frozen"": {""beta0_frozen"": 15, ""beta0_nerve"": 6, ""beta1_frozen"": 0, ""beta1_nerve"": 0}}",True
0.8509316770186336,116,False,0.020031082714557072,0.02,,5.6891969999996945,5.6891969999996945,0.0,satimage,3,,SPINE+Graph,10,116,644,5791,0.9799689172854429,1959713160,False,"{""admission"": {""criterion"": ""risk"", ""removed_risk"": 9, ""removed_support"": 0}, ""betti_final"": [[3, 0], [2, 0], [1, 0], [3, 0], [4, 0], [2, 0]], ""betti_frozen"": [[3, 0], [2, 0], [1, 0], [3, 0], [4, 0], [2, 0]], ""betti_nerve"": [[1, 0], [1, 0], [1, 0], [1, 0], [1, 0], [1, 0]], ""boundary_restriction"": ""both"", ""forced_removals"": 0, ""growth_representation_fallbacks"": 33, ""invariant_held"": true, ""n_segments"": 101, ""n_train_fit"": 4343, ""n_val"": 1448, ""phase0"": [{""constant_lens"": false, ""gain"": 0.25, ""lens"": ""pc1"", ""lens_scaling"": ""standardize"", ""min_cluster_size"": 21, ""min_samples"": 5, ""n_class"": 1034, ""n_edges"": 6, ""n_intervals"": 7, ""n_vertices"": 7, ""noise_reassigned"": 1131, ""placement"": ""uniform"", ""slabs"": [{""k"": 1, ""n"": 90}, {""k"": 1, ""n"": 387}, {""k"": 1, ""n"": 226}, {""k"": 1, ""n"": 184}, {""k"": 1, ""n"": 172}, {""k"": 1, ""n"": 151}, {""k"": 1, ""n"": 69}]}, {""constant_lens"": false, ""gain"": 0.25, ""lens"": ""pc1"", ""lens_scaling"": ""standardize"", ""min_cluster_size"": 21, ""min_samples"": 5, ""n_class"": 475, ""n_edges"": 5, ""n_intervals"": 6, ""n_vertices"": 6, ""noise_reassigned"": 374, ""placement"": ""quantile"", ""slabs"": [{""k"": 1, ""n"": 89}, {""k"": 1, ""n"": 98}, {""k"": 1, ""n"": 98}, {""k"": 1, ""n"": 98}, {""k"": 1, ""n"": 98}, {""k"": 1, ""n"": 89}]}, {""constant_lens"": false, ""gain"": 0.25, ""lens"": ""pc1"", ""lens_scaling"": ""standardize"", ""min_cluster_size"": 21, ""min_samples"": 5, ""n_class"": 916, ""n_edges"": 5, ""n_intervals"": 6, ""n_vertices"": 6, ""noise_reassigned"": 979, ""placement"": ""quantile"", ""slabs"": [{""k"": 1, ""n"": 172}, {""k"": 1, ""n"": 191}, {""k"": 1, ""n"": 191}, {""k"": 1, ""n"": 191}, {""k"": 1, ""n"": 191}, {""k"": 1, ""n"": 172}]}, {""constant_lens"": false, ""gain"": 0.25, ""lens"": ""pc1"", ""lens_scaling"": ""standardize"", ""min_cluster_size"": 21, ""min_samples"": 5, ""n_class"": 423, ""n_edges"": 5, ""n_intervals"": 6, ""n_vertices"": 6, ""noise_reassigned"": 386, ""placement"": ""quantile"", ""slabs"": [{""k"": 1, ""n"": 80}, {""k"": 1, ""n"": 88}, {""k"": 1, ""n"": 88}, {""k"": 1, ""n"": 88}, {""k"": 1, ""n"": 88}, {""k"": 1, ""n"": 80}]}, {""constant_lens"": false, ""gain"": 0.25, ""lens"": ""pc1"", ""lens_scaling"": ""standardize"", ""min_cluster_size"": 21, ""min_samples"": 5, ""n_class"": 477, ""n_edges"": 5, ""n_intervals"": 6, ""n_vertices"": 6, ""noise_reassigned"": 399, ""placement"": ""quantile"", ""slabs"": [{""k"": 1, ""n"": 90}, {""k"": 1, ""n"": 99}, {""k"": 1, ""n"": 99}, {""k"": 1, ""n"": 99}, {""k"": 1, ""n"": 99}, {""k"": 1, ""n"": 90}]}, {""constant_lens"": false, ""gain"": 0.25, ""lens"": ""pc1"", ""lens_scaling"": ""standardize"", ""min_cluster_size"": 21, ""min_samples"": 5, ""n_class"": 1018, ""n_edges"": 6, ""n_intervals"": 7, ""n_vertices"": 7, ""noise_reassigned"": 1089, ""placement"": ""quantile"", ""slabs"": [{""k"": 1, ""n"": 164}, {""k"": 1, ""n"": 181}, {""k"": 1, ""n"": 182}, {""k"": 1, ""n"": 182}, {""k"": 1, ""n"": 182}, {""k"": 1, ""n"": 181}, {""k"": 1, ""n"": 164}]}], ""soundness_bound_holds"": true, ""step_rule"": ""scale_free"", ""topology_retention_nerve_to_frozen"": {""beta0_frozen"": 15, ""beta0_nerve"": 6, ""beta1_frozen"": 0, ""beta1_nerve"": 0}}",True
0.9145962732919255,116,False,0.020031082714557072,0.02,,3.4104000000515953,63.22972900007153,59.819329000019934,satimage,3,"{""epsilon"": 0.1, ""window"": 0.3}",LVQ3,10,116,644,5791,0.9799689172854429,1959713160,False,,True
0.8773291925465838,116,False,0.020031082714557072,0.02,"{""0"": 28, ""1"": 13, ""2"": 24, ""3"": 11, ""4"": 13, ""5"": 27}",1.9458729999605566,1.9458729999605566,0.0,satimage,3,,KMeans,10,116,644,5791,0.9799689172854429,1959713160,False,,True
0.8385093167701864,116,False,0.020031082714557072,0.02,"{""0"": 28, ""1"": 13, ""2"": 24, ""3"": 11, ""4"": 13, ""5"": 27}",0.001416000013705343,0.001416000013705343,0.0,satimage,3,,Random,10,116,644,5791,0.9799689172854429,1959713160,False,,True
0.843167701863354,116,False,0.020031082714557072,0.02,,1.8907650000182912,1.8907650000182912,0.0,satimage,3,,SPOT,10,116,644,5791,0.9799689172854429,1959713160,False,,True
0.8385093167701864,116,False,0.020031082714557072,0.02,,17.239352000004146,17.239352000004146,0.0,satimage,3,,GLVQ,10,116,644,5791,0.9799689172854429,1959713160,False,,True
0.8680124223602484,116,False,0.020031082714557072,0.02,,1.9694429999799468,1.9694429999799468,0.0,satimage,3,,GNG,10,116,644,5791,0.9799689172854429,1959713160,False,,True
0.9161490683229814,290,False,0.05007770678639268,0.05,,0.0019469999824650586,0.0019469999824650586,0.0,satimage,3,,Full,10,5791,644,5791,0.0,1959713160,True,,False
0.9177018633540373,290,False,0.05007770678639268,0.05,,1.797093000030145,1.797093000030145,0.0,satimage,3,,RSP3,10,1549,644,5791,0.7325159730616474,1959713160,True,,False
0.8866459627329193,290,False,0.05007770678639268,0.05,,1.818857999984175,1.818857999984175,0.0,satimage,3,,RHC,10,574,644,5791,0.9008806769124503,1959713160,True,,False
0.8742236024844721,290,False,0.05007770678639268,0.05,,7.163679999997839,7.163679999997839,0.0,satimage,3,,SPINE+1NN,10,290,644,5791,0.9499222932136073,1959713160,False,"{""admission"": {""criterion"": ""risk"", ""removed_risk"": 9, ""removed_support"": 0}, ""betti_final"": [[3, 0], [2, 0], [1, 0], [3, 0], [4, 0], [2, 0]], ""betti_frozen"": [[3, 0], [2, 0], [1, 0], [3, 0], [4, 0], [2, 0]], ""betti_nerve"": [[1, 0], [1, 0], [1, 0], [1, 0], [1, 0], [1, 0]], ""boundary_restriction"": ""both"", ""forced_removals"": 0, ""growth_representation_fallbacks"": 150, ""invariant_held"": true, ""n_segments"": 275, ""n_train_fit"": 4343, ""n_val"": 1448, ""phase0"": [{""constant_lens"": false, ""gain"": 0.25, ""lens"": ""pc1"", ""lens_scaling"": ""standardize"", ""min_cluster_size"": 21, ""min_samples"": 5, ""n_class"": 1034, ""n_edges"": 6, ""n_intervals"": 7, ""n_vertices"": 7, ""noise_reassigned"": 1131, ""placement"": ""uniform"", ""slabs"": [{""k"": 1, ""n"": 90}, {""k"": 1, ""n"": 387}, {""k"": 1, ""n"": 226}, {""k"": 1, ""n"": 184}, {""k"": 1, ""n"": 172}, {""k"": 1, ""n"": 151}, {""k"": 1, ""n"": 69}]}, {""constant_lens"": false, ""gain"": 0.25, ""lens"": ""pc1"", ""lens_scaling"": ""standardize"", ""min_cluster_size"": 21, ""min_samples"": 5, ""n_class"": 475, ""n_edges"": 5, ""n_intervals"": 6, ""n_vertices"": 6, ""noise_reassigned"": 374, ""placement"": ""quantile"", ""slabs"": [{""k"": 1, ""n"": 89}, {""k"": 1, ""n"": 98}, {""k"": 1, ""n"": 98}, {""k"": 1, ""n"": 98}, {""k"": 1, ""n"": 98}, {""k"": 1, ""n"": 89}]}, {""constant_lens"": false, ""gain"": 0.25, ""lens"": ""pc1"", ""lens_scaling"": ""standardize"", ""min_cluster_size"": 21, ""min_samples"": 5, ""n_class"": 916, ""n_edges"": 5, ""n_intervals"": 6, ""n_vertices"": 6, ""noise_reassigned"": 979, ""placement"": ""quantile"", ""slabs"": [{""k"": 1, ""n"": 172}, {""k"": 1, ""n"": 191}, {""k"": 1, ""n"": 191}, {""k"": 1, ""n"": 191}, {""k"": 1, ""n"": 191}, {""k"": 1, ""n"": 172}]}, {""constant_lens"": false, ""gain"": 0.25, ""lens"": ""pc1"", ""lens_scaling"": ""standardize"", ""min_cluster_size"": 21, ""min_samples"": 5, ""n_class"": 423, ""n_edges"": 5, ""n_intervals"": 6, ""n_vertices"": 6, ""noise_reassigned"": 386, ""placement"": ""quantile"", ""slabs"": [{""k"": 1, ""n"": 80}, {""k"": 1, ""n"": 88}, {""k"": 1, ""n"": 88}, {""k"": 1, ""n"": 88}, {""k"": 1, ""n"": 88}, {""k"": 1, ""n"": 80}]}, {""constant_lens"": false, ""gain"": 0.25, ""lens"": ""pc1"", ""lens_scaling"": ""standardize"", ""min_cluster_size"": 21, ""min_samples"": 5, ""n_class"": 477, ""n_edges"": 5, ""n_intervals"": 6, ""n_vertices"": 6, ""noise_reassigned"": 399, ""placement"": ""quantile"", ""slabs"": [{""k"": 1, ""n"": 90}, {""k"": 1, ""n"": 99}, {""k"": 1, ""n"": 99}, {""k"": 1, ""n"": 99}, {""k"": 1, ""n"": 99}, {""k"": 1, ""n"": 90}]}, {""constant_lens"": false, ""gain"": 0.25, ""lens"": ""pc1"", ""lens_scaling"": ""standardize"", ""min_cluster_size"": 21, ""min_samples"": 5, ""n_class"": 1018, ""n_edges"": 6, ""n_intervals"": 7, ""n_vertices"": 7, ""noise_reassigned"": 1089, ""placement"": ""quantile"", ""slabs"": [{""k"": 1, ""n"": 164}, {""k"": 1, ""n"": 181}, {""k"": 1, ""n"": 182}, {""k"": 1, ""n"": 182}, {""k"": 1, ""n"": 182}, {""k"": 1, ""n"": 181}, {""k"": 1, ""n"": 164}]}], ""soundness_bound_holds"": true, ""step_rule"": ""scale_free"", ""topology_retention_nerve_to_frozen"": {""beta0_frozen"": 15, ""beta0_nerve"": 6, ""beta1_frozen"": 0, ""beta1_nerve"": 0}}",True
0.8757763975155279,290,False,0.05007770678639268,0.05,,7.163679999997839,7.163679999997839,0.0,satimage,3,,SPINE+Graph,10,290,644,5791,0.9499222932136073,1959713160,False,"{""admission"": {""criterion"": ""risk"", ""removed_risk"": 9, ""removed_support"": 0}, ""betti_final"": [[3, 0], [2, 0], [1, 0], [3, 0], [4, 0], [2, 0]], ""betti_frozen"": [[3, 0], [2, 0], [1, 0], [3, 0], [4, 0], [2, 0]], ""betti_nerve"": [[1, 0], [1, 0], [1, 0], [1, 0], [1, 0], [1, 0]], ""boundary_restriction"": ""both"", ""forced_removals"": 0, ""growth_representation_fallbacks"": 150, ""invariant_held"": true, ""n_segments"": 275, ""n_train_fit"": 4343, ""n_val"": 1448, ""phase0"": [{""constant_lens"": false, ""gain"": 0.25, ""lens"": ""pc1"", ""lens_scaling"": ""standardize"", ""min_cluster_size"": 21, ""min_samples"": 5, ""n_class"": 1034, ""n_edges"": 6, ""n_intervals"": 7, ""n_vertices"": 7, ""noise_reassigned"": 1131, ""placement"": ""uniform"", ""slabs"": [{""k"": 1, ""n"": 90}, {""k"": 1, ""n"": 387}, {""k"": 1, ""n"": 226}, {""k"": 1, ""n"": 184}, {""k"": 1, ""n"": 172}, {""k"": 1, ""n"": 151}, {""k"": 1, ""n"": 69}]}, {""constant_lens"": false, ""gain"": 0.25, ""lens"": ""pc1"", ""lens_scaling"": ""standardize"", ""min_cluster_size"": 21, ""min_samples"": 5, ""n_class"": 475, ""n_edges"": 5, ""n_intervals"": 6, ""n_vertices"": 6, ""noise_reassigned"": 374, ""placement"": ""quantile"", ""slabs"": [{""k"": 1, ""n"": 89}, {""k"": 1, ""n"": 98}, {""k"": 1, ""n"": 98}, {""k"": 1, ""n"": 98}, {""k"": 1, ""n"": 98}, {""k"": 1, ""n"": 89}]}, {""constant_lens"": false, ""gain"": 0.25, ""lens"": ""pc1"", ""lens_scaling"": ""standardize"", ""min_cluster_size"": 21, ""min_samples"": 5, ""n_class"": 916, ""n_edges"": 5, ""n_intervals"": 6, ""n_vertices"": 6, ""noise_reassigned"": 979, ""placement"": ""quantile"", ""slabs"": [{""k"": 1, ""n"": 172}, {""k"": 1, ""n"": 191}, {""k"": 1, ""n"": 191}, {""k"": 1, ""n"": 191}, {""k"": 1, ""n"": 191}, {""k"": 1, ""n"": 172}]}, {""constant_lens"": false, ""gain"": 0.25, ""lens"": ""pc1"", ""lens_scaling"": ""standardize"", ""min_cluster_size"": 21, ""min_samples"": 5, ""n_class"": 423, ""n_edges"": 5, ""n_intervals"": 6, ""n_vertices"": 6, ""noise_reassigned"": 386, ""placement"": ""quantile"", ""slabs"": [{""k"": 1, ""n"": 80}, {""k"": 1, ""n"": 88}, {""k"": 1, ""n"": 88}, {""k"": 1, ""n"": 88}, {""k"": 1, ""n"": 88}, {""k"": 1, ""n"": 80}]}, {""constant_lens"": false, ""gain"": 0.25, ""lens"": ""pc1"", ""lens_scaling"": ""standardize"", ""min_cluster_size"": 21, ""min_samples"": 5, ""n_class"": 477, ""n_edges"": 5, ""n_intervals"": 6, ""n_vertices"": 6, ""noise_reassigned"": 399, ""placement"": ""quantile"", ""slabs"": [{""k"": 1, ""n"": 90}, {""k"": 1, ""n"": 99}, {""k"": 1, ""n"": 99}, {""k"": 1, ""n"": 99}, {""k"": 1, ""n"": 99}, {""k"": 1, ""n"": 90}]}, {""constant_lens"": false, ""gain"": 0.25, ""lens"": ""pc1"", ""lens_scaling"": ""standardize"", ""min_cluster_size"": 21, ""min_samples"": 5, ""n_class"": 1018, ""n_edges"": 6, ""n_intervals"": 7, ""n_vertices"": 7, ""noise_reassigned"": 1089, ""placement"": ""quantile"", ""slabs"": [{""k"": 1, ""n"": 164}, {""k"": 1, ""n"": 181}, {""k"": 1, ""n"": 182}, {""k"": 1, ""n"": 182}, {""k"": 1, ""n"": 182}, {""k"": 1, ""n"": 181}, {""k"": 1, ""n"": 164}]}], ""soundness_bound_holds"": true, ""step_rule"": ""scale_free"", ""topology_retention_nerve_to_frozen"": {""beta0_frozen"": 15, ""beta0_nerve"": 6, ""beta1_frozen"": 0, ""beta1_nerve"": 0}}",True
0.9099378881987578,290,False,0.05007770678639268,0.05,,5.07403100002557,90.95233100000769,85.87829999998212,satimage,3,"{""epsilon"": 0.1, ""window"": 0.3}",LVQ3,10,290,644,5791,0.9499222932136073,1959713160,False,,True
0.8866459627329193,290,False,0.05007770678639268,0.05,"{""0"": 69, ""1"": 32, ""2"": 61, ""3"": 28, ""4"": 32, ""5"": 68}",3.344600000011269,3.344600000011269,0.0,satimage,3,,KMeans,10,290,644,5791,0.9499222932136073,1959713160,False,,True
0.827639751552795,290,False,0.05007770678639268,0.05,"{""0"": 69, ""1"": 32, ""2"": 61, ""3"": 28, ""4"": 32, ""5"": 68}",0.001900999981444329,0.001900999981444329,0.0,satimage,3,,Random,10,290,644,5791,0.9499222932136073,1959713160,False,,True
0.8649068322981367,290,False,0.05007770678639268,0.05,,1.9121239999658428,1.9121239999658428,0.0,satimage,3,,SPOT,10,290,644,5791,0.9499222932136073,1959713160,False,,True
0.8462732919254659,290,False,0.05007770678639268,0.05,,38.754954000003636,38.754954000003636,0.0,satimage,3,,GLVQ,10,290,644,5791,0.9499222932136073,1959713160,False,,True
0.8928571428571429,290,False,0.05007770678639268,0.05,,3.767689000000246,3.767689000000246,0.0,satimage,3,,GNG,10,290,644,5791,0.9499222932136073,1959713160,False,,True
0.9161490683229814,579,False,0.09998273182524607,0.1,,0.0019469999824650586,0.0019469999824650586,0.0,satimage,3,,Full,10,5791,644,5791,0.0,1959713160,True,,False
0.9177018633540373,579,False,0.09998273182524607,0.1,,1.797093000030145,1.797093000030145,0.0,satimage,3,,RSP3,10,1549,644,5791,0.7325159730616474,1959713160,True,,False
0.8866459627329193,579,False,0.09998273182524607,0.1,,1.818857999984175,1.818857999984175,0.0,satimage,3,,RHC,10,574,644,5791,0.9008806769124503,1959713160,True,,False
0.8866459627329193,579,False,0.09998273182524607,0.1,,11.640990999992937,11.640990999992937,0.0,satimage,3,,SPINE+1NN,10,579,644,5791,0.9000172681747539,1959713160,False,"{""admission"": {""criterion"": ""risk"", ""removed_risk"": 9, ""removed_support"": 0}, ""betti_final"": [[3, 0], [2, 0], [1, 0], [3, 0], [4, 0], [2, 0]], ""betti_frozen"": [[3, 0], [2, 0], [1, 0], [3, 0], [4, 0], [2, 0]], ""betti_nerve"": [[1, 0], [1, 0], [1, 0], [1, 0], [1, 0], [1, 0]], ""boundary_restriction"": ""both"", ""forced_removals"": 0, ""growth_representation_fallbacks"": 431, ""invariant_held"": true, ""n_segments"": 564, ""n_train_fit"": 4343, ""n_val"": 1448, ""phase0"": [{""constant_lens"": false, ""gain"": 0.25, ""lens"": ""pc1"", ""lens_scaling"": ""standardize"", ""min_cluster_size"": 21, ""min_samples"": 5, ""n_class"": 1034, ""n_edges"": 6, ""n_intervals"": 7, ""n_vertices"": 7, ""noise_reassigned"": 1131, ""placement"": ""uniform"", ""slabs"": [{""k"": 1, ""n"": 90}, {""k"": 1, ""n"": 387}, {""k"": 1, ""n"": 226}, {""k"": 1, ""n"": 184}, {""k"": 1, ""n"": 172}, {""k"": 1, ""n"": 151}, {""k"": 1, ""n"": 69}]}, {""constant_lens"": false, ""gain"": 0.25, ""lens"": ""pc1"", ""lens_scaling"": ""standardize"", ""min_cluster_size"": 21, ""min_samples"": 5, ""n_class"": 475, ""n_edges"": 5, ""n_intervals"": 6, ""n_vertices"": 6, ""noise_reassigned"": 374, ""placement"": ""quantile"", ""slabs"": [{""k"": 1, ""n"": 89}, {""k"": 1, ""n"": 98}, {""k"": 1, ""n"": 98}, {""k"": 1, ""n"": 98}, {""k"": 1, ""n"": 98}, {""k"": 1, ""n"": 89}]}, {""constant_lens"": false, ""gain"": 0.25, ""lens"": ""pc1"", ""lens_scaling"": ""standardize"", ""min_cluster_size"": 21, ""min_samples"": 5, ""n_class"": 916, ""n_edges"": 5, ""n_intervals"": 6, ""n_vertices"": 6, ""noise_reassigned"": 979, ""placement"": ""quantile"", ""slabs"": [{""k"": 1, ""n"": 172}, {""k"": 1, ""n"": 191}, {""k"": 1, ""n"": 191}, {""k"": 1, ""n"": 191}, {""k"": 1, ""n"": 191}, {""k"": 1, ""n"": 172}]}, {""constant_lens"": false, ""gain"": 0.25, ""lens"": ""pc1"", ""lens_scaling"": ""standardize"", ""min_cluster_size"": 21, ""min_samples"": 5, ""n_class"": 423, ""n_edges"": 5, ""n_intervals"": 6, ""n_vertices"": 6, ""noise_reassigned"": 386, ""placement"": ""quantile"", ""slabs"": [{""k"": 1, ""n"": 80}, {""k"": 1, ""n"": 88}, {""k"": 1, ""n"": 88}, {""k"": 1, ""n"": 88}, {""k"": 1, ""n"": 88}, {""k"": 1, ""n"": 80}]}, {""constant_lens"": false, ""gain"": 0.25, ""lens"": ""pc1"", ""lens_scaling"": ""standardize"", ""min_cluster_size"": 21, ""min_samples"": 5, ""n_class"": 477, ""n_edges"": 5, ""n_intervals"": 6, ""n_vertices"": 6, ""noise_reassigned"": 399, ""placement"": ""quantile"", ""slabs"": [{""k"": 1, ""n"": 90}, {""k"": 1, ""n"": 99}, {""k"": 1, ""n"": 99}, {""k"": 1, ""n"": 99}, {""k"": 1, ""n"": 99}, {""k"": 1, ""n"": 90}]}, {""constant_lens"": false, ""gain"": 0.25, ""lens"": ""pc1"", ""lens_scaling"": ""standardize"", ""min_cluster_size"": 21, ""min_samples"": 5, ""n_class"": 1018, ""n_edges"": 6, ""n_intervals"": 7, ""n_vertices"": 7, ""noise_reassigned"": 1089, ""placement"": ""quantile"", ""slabs"": [{""k"": 1, ""n"": 164}, {""k"": 1, ""n"": 181}, {""k"": 1, ""n"": 182}, {""k"": 1, ""n"": 182}, {""k"": 1, ""n"": 182}, {""k"": 1, ""n"": 181}, {""k"": 1, ""n"": 164}]}], ""soundness_bound_holds"": true, ""step_rule"": ""scale_free"", ""topology_retention_nerve_to_frozen"": {""beta0_frozen"": 15, ""beta0_nerve"": 6, ""beta1_frozen"": 0, ""beta1_nerve"": 0}}",True
0.8913043478260869,579,False,0.09998273182524607,0.1,,11.640990999992937,11.640990999992937,0.0,satimage,3,,SPINE+Graph,10,579,644,5791,0.9000172681747539,1959713160,False,"{""admission"": {""criterion"": ""risk"", ""removed_risk"": 9, ""removed_support"": 0}, ""betti_final"": [[3, 0], [2, 0], [1, 0], [3, 0], [4, 0], [2, 0]], ""betti_frozen"": [[3, 0], [2, 0], [1, 0], [3, 0], [4, 0], [2, 0]], ""betti_nerve"": [[1, 0], [1, 0], [1, 0], [1, 0], [1, 0], [1, 0]], ""boundary_restriction"": ""both"", ""forced_removals"": 0, ""growth_representation_fallbacks"": 431, ""invariant_held"": true, ""n_segments"": 564, ""n_train_fit"": 4343, ""n_val"": 1448, ""phase0"": [{""constant_lens"": false, ""gain"": 0.25, ""lens"": ""pc1"", ""lens_scaling"": ""standardize"", ""min_cluster_size"": 21, ""min_samples"": 5, ""n_class"": 1034, ""n_edges"": 6, ""n_intervals"": 7, ""n_vertices"": 7, ""noise_reassigned"": 1131, ""placement"": ""uniform"", ""slabs"": [{""k"": 1, ""n"": 90}, {""k"": 1, ""n"": 387}, {""k"": 1, ""n"": 226}, {""k"": 1, ""n"": 184}, {""k"": 1, ""n"": 172}, {""k"": 1, ""n"": 151}, {""k"": 1, ""n"": 69}]}, {""constant_lens"": false, ""gain"": 0.25, ""lens"": ""pc1"", ""lens_scaling"": ""standardize"", ""min_cluster_size"": 21, ""min_samples"": 5, ""n_class"": 475, ""n_edges"": 5, ""n_intervals"": 6, ""n_vertices"": 6, ""noise_reassigned"": 374, ""placement"": ""quantile"", ""slabs"": [{""k"": 1, ""n"": 89}, {""k"": 1, ""n"": 98}, {""k"": 1, ""n"": 98}, {""k"": 1, ""n"": 98}, {""k"": 1, ""n"": 98}, {""k"": 1, ""n"": 89}]}, {""constant_lens"": false, ""gain"": 0.25, ""lens"": ""pc1"", ""lens_scaling"": ""standardize"", ""min_cluster_size"": 21, ""min_samples"": 5, ""n_class"": 916, ""n_edges"": 5, ""n_intervals"": 6, ""n_vertices"": 6, ""noise_reassigned"": 979, ""placement"": ""quantile"", ""slabs"": [{""k"": 1, ""n"": 172}, {""k"": 1, ""n"": 191}, {""k"": 1, ""n"": 191}, {""k"": 1, ""n"": 191}, {""k"": 1, ""n"": 191}, {""k"": 1, ""n"": 172}]}, {""constant_lens"": false, ""gain"": 0.25, ""lens"": ""pc1"", ""lens_scaling"": ""standardize"", ""min_cluster_size"": 21, ""min_samples"": 5, ""n_class"": 423, ""n_edges"": 5, ""n_intervals"": 6, ""n_vertices"": 6, ""noise_reassigned"": 386, ""placement"": ""quantile"", ""slabs"": [{""k"": 1, ""n"": 80}, {""k"": 1, ""n"": 88}, {""k"": 1, ""n"": 88}, {""k"": 1, ""n"": 88}, {""k"": 1, ""n"": 88}, {""k"": 1, ""n"": 80}]}, {""constant_lens"": false, ""gain"": 0.25, ""lens"": ""pc1"", ""lens_scaling"": ""standardize"", ""min_cluster_size"": 21, ""min_samples"": 5, ""n_class"": 477, ""n_edges"": 5, ""n_intervals"": 6, ""n_vertices"": 6, ""noise_reassigned"": 399, ""placement"": ""quantile"", ""slabs"": [{""k"": 1, ""n"": 90}, {""k"": 1, ""n"": 99}, {""k"": 1, ""n"": 99}, {""k"": 1, ""n"": 99}, {""k"": 1, ""n"": 99}, {""k"": 1, ""n"": 90}]}, {""constant_lens"": false, ""gain"": 0.25, ""lens"": ""pc1"", ""lens_scaling"": ""standardize"", ""min_cluster_size"": 21, ""min_samples"": 5, ""n_class"": 1018, ""n_edges"": 6, ""n_intervals"": 7, ""n_vertices"": 7, ""noise_reassigned"": 1089, ""placement"": ""quantile"", ""slabs"": [{""k"": 1, ""n"": 164}, {""k"": 1, ""n"": 181}, {""k"": 1, ""n"": 182}, {""k"": 1, ""n"": 182}, {""k"": 1, ""n"": 182}, {""k"": 1, ""n"": 181}, {""k"": 1, ""n"": 164}]}], ""soundness_bound_holds"": true, ""step_rule"": ""scale_free"", ""topology_retention_nerve_to_frozen"": {""beta0_frozen"": 15, ""beta0_nerve"": 6, ""beta1_frozen"": 0, ""beta1_nerve"": 0}}",True
0.9099378881987578,579,False,0.09998273182524607,0.1,,7.708899000019301,131.69911800004775,123.99021900002845,satimage,3,"{""epsilon"": 0.1, ""window"": 0.3}",LVQ3,10,579,644,5791,0.9000172681747539,1959713160,False,,True
0.9099378881987578,579,False,0.09998273182524607,0.1,"{""0"": 138, ""1"": 63, ""2"": 122, ""3"": 56, ""4"": 64, ""5"": 136}",5.048252000007778,5.048252000007778,0.0,satimage,3,,KMeans,10,579,644,5791,0.9000172681747539,1959713160,False,,True
0.8291925465838509,579,False,0.09998273182524607,0.1,"{""0"": 138, ""1"": 63, ""2"": 122, ""3"": 56, ""4"": 64, ""5"": 136}",0.0038530000019818544,0.0038530000019818544,0.0,satimage,3,,Random,10,579,644,5791,0.9000172681747539,1959713160,False,,True
0.8881987577639752,579,False,0.09998273182524607,0.1,,2.0125430000480264,2.0125430000480264,0.0,satimage,3,,SPOT,10,579,644,5791,0.9000172681747539,1959713160,False,,True
0.84472049689441,579,False,0.09998273182524607,0.1,,74.01781300001312,74.01781300001312,0.0,satimage,3,,GLVQ,10,579,644,5791,0.9000172681747539,1959713160,False,,True
0.906832298136646,579,False,0.09998273182524607,0.1,,9.48569200001657,9.48569200001657,0.0,satimage,3,,GNG,10,579,644,5791,0.9000172681747539,1959713160,False,,True
0.9161490683229814,1448,False,0.25004317043688484,0.25,,0.0019469999824650586,0.0019469999824650586,0.0,satimage,3,,Full,10,5791,644,5791,0.0,1959713160,True,,False
0.9177018633540373,1448,False,0.25004317043688484,0.25,,1.797093000030145,1.797093000030145,0.0,satimage,3,,RSP3,10,1549,644,5791,0.7325159730616474,1959713160,True,,False
0.8866459627329193,1448,False,0.25004317043688484,0.25,,1.818857999984175,1.818857999984175,0.0,satimage,3,,RHC,10,574,644,5791,0.9008806769124503,1959713160,True,,False
0.9037267080745341,1448,False,0.25004317043688484,0.25,,37.852940000011586,37.852940000011586,0.0,satimage,3,,SPINE+1NN,10,1448,644,5791,0.7499568295631152,1959713160,False,"{""admission"": {""criterion"": ""risk"", ""removed_risk"": 9, ""removed_support"": 0}, ""betti_final"": [[3, 0], [2, 0], [1, 0], [3, 0], [4, 0], [2, 0]], ""betti_frozen"": [[3, 0], [2, 0], [1, 0], [3, 0], [4, 0], [2, 0]], ""betti_nerve"": [[1, 0], [1, 0], [1, 0], [1, 0], [1, 0], [1, 0]], ""boundary_restriction"": ""both"", ""forced_removals"": 0, ""growth_representation_fallbacks"": 1424, ""invariant_held"": true, ""n_segments"": 1433, ""n_train_fit"": 4343, ""n_val"": 1448, ""phase0"": [{""constant_lens"": false, ""gain"": 0.25, ""lens"": ""pc1"", ""lens_scaling"": ""standardize"", ""min_cluster_size"": 21, ""min_samples"": 5, ""n_class"": 1034, ""n_edges"": 6, ""n_intervals"": 7, ""n_vertices"": 7, ""noise_reassigned"": 1131, ""placement"": ""uniform"", ""slabs"": [{""k"": 1, ""n"": 90}, {""k"": 1, ""n"": 387}, {""k"": 1, ""n"": 226}, {""k"": 1, ""n"": 184}, {""k"": 1, ""n"": 172}, {""k"": 1, ""n"": 151}, {""k"": 1, ""n"": 69}]}, {""constant_lens"": false, ""gain"": 0.25, ""lens"": ""pc1"", ""lens_scaling"": ""standardize"", ""min_cluster_size"": 21, ""min_samples"": 5, ""n_class"": 475, ""n_edges"": 5, ""n_intervals"": 6, ""n_vertices"": 6, ""noise_reassigned"": 374, ""placement"": ""quantile"", ""slabs"": [{""k"": 1, ""n"": 89}, {""k"": 1, ""n"": 98}, {""k"": 1, ""n"": 98}, {""k"": 1, ""n"": 98}, {""k"": 1, ""n"": 98}, {""k"": 1, ""n"": 89}]}, {""constant_lens"": false, ""gain"": 0.25, ""lens"": ""pc1"", ""lens_scaling"": ""standardize"", ""min_cluster_size"": 21, ""min_samples"": 5, ""n_class"": 916, ""n_edges"": 5, ""n_intervals"": 6, ""n_vertices"": 6, ""noise_reassigned"": 979, ""placement"": ""quantile"", ""slabs"": [{""k"": 1, ""n"": 172}, {""k"": 1, ""n"": 191}, {""k"": 1, ""n"": 191}, {""k"": 1, ""n"": 191}, {""k"": 1, ""n"": 191}, {""k"": 1, ""n"": 172}]}, {""constant_lens"": false, ""gain"": 0.25, ""lens"": ""pc1"", ""lens_scaling"": ""standardize"", ""min_cluster_size"": 21, ""min_samples"": 5, ""n_class"": 423, ""n_edges"": 5, ""n_intervals"": 6, ""n_vertices"": 6, ""noise_reassigned"": 386, ""placement"": ""quantile"", ""slabs"": [{""k"": 1, ""n"": 80}, {""k"": 1, ""n"": 88}, {""k"": 1, ""n"": 88}, {""k"": 1, ""n"": 88}, {""k"": 1, ""n"": 88}, {""k"": 1, ""n"": 80}]}, {""constant_lens"": false, ""gain"": 0.25, ""lens"": ""pc1"", ""lens_scaling"": ""standardize"", ""min_cluster_size"": 21, ""min_samples"": 5, ""n_class"": 477, ""n_edges"": 5, ""n_intervals"": 6, ""n_vertices"": 6, ""noise_reassigned"": 399, ""placement"": ""quantile"", ""slabs"": [{""k"": 1, ""n"": 90}, {""k"": 1, ""n"": 99}, {""k"": 1, ""n"": 99}, {""k"": 1, ""n"": 99}, {""k"": 1, ""n"": 99}, {""k"": 1, ""n"": 90}]}, {""constant_lens"": false, ""gain"": 0.25, ""lens"": ""pc1"", ""lens_scaling"": ""standardize"", ""min_cluster_size"": 21, ""min_samples"": 5, ""n_class"": 1018, ""n_edges"": 6, ""n_intervals"": 7, ""n_vertices"": 7, ""noise_reassigned"": 1089, ""placement"": ""quantile"", ""slabs"": [{""k"": 1, ""n"": 164}, {""k"": 1, ""n"": 181}, {""k"": 1, ""n"": 182}, {""k"": 1, ""n"": 182}, {""k"": 1, ""n"": 182}, {""k"": 1, ""n"": 181}, {""k"": 1, ""n"": 164}]}], ""soundness_bound_holds"": true, ""step_rule"": ""scale_free"", ""topology_retention_nerve_to_frozen"": {""beta0_frozen"": 15, ""beta0_nerve"": 6, ""beta1_frozen"": 0, ""beta1_nerve"": 0}}",True
0.906832298136646,1448,False,0.25004317043688484,0.25,,37.852940000011586,37.852940000011586,0.0,satimage,3,,SPINE+Graph,10,1448,644,5791,0.7499568295631152,1959713160,False,"{""admission"": {""criterion"": ""risk"", ""removed_risk"": 9, ""removed_support"": 0}, ""betti_final"": [[3, 0], [2, 0], [1, 0], [3, 0], [4, 0], [2, 0]], ""betti_frozen"": [[3, 0], [2, 0], [1, 0], [3, 0], [4, 0], [2, 0]], ""betti_nerve"": [[1, 0], [1, 0], [1, 0], [1, 0], [1, 0], [1, 0]], ""boundary_restriction"": ""both"", ""forced_removals"": 0, ""growth_representation_fallbacks"": 1424, ""invariant_held"": true, ""n_segments"": 1433, ""n_train_fit"": 4343, ""n_val"": 1448, ""phase0"": [{""constant_lens"": false, ""gain"": 0.25, ""lens"": ""pc1"", ""lens_scaling"": ""standardize"", ""min_cluster_size"": 21, ""min_samples"": 5, ""n_class"": 1034, ""n_edges"": 6, ""n_intervals"": 7, ""n_vertices"": 7, ""noise_reassigned"": 1131, ""placement"": ""uniform"", ""slabs"": [{""k"": 1, ""n"": 90}, {""k"": 1, ""n"": 387}, {""k"": 1, ""n"": 226}, {""k"": 1, ""n"": 184}, {""k"": 1, ""n"": 172}, {""k"": 1, ""n"": 151}, {""k"": 1, ""n"": 69}]}, {""constant_lens"": false, ""gain"": 0.25, ""lens"": ""pc1"", ""lens_scaling"": ""standardize"", ""min_cluster_size"": 21, ""min_samples"": 5, ""n_class"": 475, ""n_edges"": 5, ""n_intervals"": 6, ""n_vertices"": 6, ""noise_reassigned"": 374, ""placement"": ""quantile"", ""slabs"": [{""k"": 1, ""n"": 89}, {""k"": 1, ""n"": 98}, {""k"": 1, ""n"": 98}, {""k"": 1, ""n"": 98}, {""k"": 1, ""n"": 98}, {""k"": 1, ""n"": 89}]}, {""constant_lens"": false, ""gain"": 0.25, ""lens"": ""pc1"", ""lens_scaling"": ""standardize"", ""min_cluster_size"": 21, ""min_samples"": 5, ""n_class"": 916, ""n_edges"": 5, ""n_intervals"": 6, ""n_vertices"": 6, ""noise_reassigned"": 979, ""placement"": ""quantile"", ""slabs"": [{""k"": 1, ""n"": 172}, {""k"": 1, ""n"": 191}, {""k"": 1, ""n"": 191}, {""k"": 1, ""n"": 191}, {""k"": 1, ""n"": 191}, {""k"": 1, ""n"": 172}]}, {""constant_lens"": false, ""gain"": 0.25, ""lens"": ""pc1"", ""lens_scaling"": ""standardize"", ""min_cluster_size"": 21, ""min_samples"": 5, ""n_class"": 423, ""n_edges"": 5, ""n_intervals"": 6, ""n_vertices"": 6, ""noise_reassigned"": 386, ""placement"": ""quantile"", ""slabs"": [{""k"": 1, ""n"": 80}, {""k"": 1, ""n"": 88}, {""k"": 1, ""n"": 88}, {""k"": 1, ""n"": 88}, {""k"": 1, ""n"": 88}, {""k"": 1, ""n"": 80}]}, {""constant_lens"": false, ""gain"": 0.25, ""lens"": ""pc1"", ""lens_scaling"": ""standardize"", ""min_cluster_size"": 21, ""min_samples"": 5, ""n_class"": 477, ""n_edges"": 5, ""n_intervals"": 6, ""n_vertices"": 6, ""noise_reassigned"": 399, ""placement"": ""quantile"", ""slabs"": [{""k"": 1, ""n"": 90}, {""k"": 1, ""n"": 99}, {""k"": 1, ""n"": 99}, {""k"": 1, ""n"": 99}, {""k"": 1, ""n"": 99}, {""k"": 1, ""n"": 90}]}, {""constant_lens"": false, ""gain"": 0.25, ""lens"": ""pc1"", ""lens_scaling"": ""standardize"", ""min_cluster_size"": 21, ""min_samples"": 5, ""n_class"": 1018, ""n_edges"": 6, ""n_intervals"": 7, ""n_vertices"": 7, ""noise_reassigned"": 1089, ""placement"": ""quantile"", ""slabs"": [{""k"": 1, ""n"": 164}, {""k"": 1, ""n"": 181}, {""k"": 1, ""n"": 182}, {""k"": 1, ""n"": 182}, {""k"": 1, ""n"": 182}, {""k"": 1, ""n"": 181}, {""k"": 1, ""n"": 164}]}], ""soundness_bound_holds"": true, ""step_rule"": ""scale_free"", ""topology_retention_nerve_to_frozen"": {""beta0_frozen"": 15, ""beta0_nerve"": 6, ""beta1_frozen"": 0, ""beta1_nerve"": 0}}",True
0.9130434782608695,1448,False,0.25004317043688484,0.25,,17.653168000048026,305.6419530000421,287.9887849999941,satimage,3,"{""epsilon"": 0.3, ""window"": 0.2}",LVQ3,10,1448,644,5791,0.7499568295631152,1959713160,False,,True
0.922360248447205,1448,False,0.25004317043688484,0.25,"{""0"": 345, ""1"": 158, ""2"": 306, ""3"": 141, ""4"": 159, ""5"": 339}",9.86592200002633,9.86592200002633,0.0,satimage,3,,KMeans,10,1448,644,5791,0.7499568295631152,1959713160,False,,True
0.8866459627329193,1448,False,0.25004317043688484,0.25,"{""0"": 345, ""1"": 158, ""2"": 306, ""3"": 141, ""4"": 159, ""5"": 339}",0.0026829999987967312,0.0026829999987967312,0.0,satimage,3,,Random,10,1448,644,5791,0.7499568295631152,1959713160,False,,True
0.8959627329192547,1448,False,0.25004317043688484,0.25,,2.1263899999903515,2.1263899999903515,0.0,satimage,3,,SPOT,10,1448,644,5791,0.7499568295631152,1959713160,False,,True
0.843167701863354,1448,False,0.25004317043688484,0.25,,180.78229800000554,180.78229800000554,0.0,satimage,3,,GLVQ,10,1448,644,5791,0.7499568295631152,1959713160,False,,True
0.9145962732919255,1448,False,0.25004317043688484,0.25,,42.977576999983285,42.977576999983285,0.0,satimage,3,,GNG,10,1448,644,5791,0.7499568295631152,1959713160,False,,True
0.9083850931677019,29,False,0.005007770678639268,0.005,,0.0013620000099763274,0.0013620000099763274,0.0,satimage,4,,Full,10,5791,644,5791,0.0,1960713163,False,,False
0.9037267080745341,29,False,0.005007770678639268,0.005,,1.807327999966219,1.807327999966219,0.0,satimage,4,,RSP3,10,1566,644,5791,0.7295803833534795,1960713163,False,,False
0.8726708074534162,29,False,0.005007770678639268,0.005,,1.734574000001885,1.734574000001885,0.0,satimage,4,,RHC,10,576,644,5791,0.9005353134173718,1960713163,False,,False
0.8059006211180124,29,False,0.005007770678639268,0.005,,4.367713000043295,4.367713000043295,0.0,satimage,4,,SPINE+1NN,10,29,644,5791,0.9949922293213608,1960713163,False,"{""admission"": {""criterion"": ""risk"", ""removed_risk"": 9, ""removed_support"": 0}, ""betti_final"": [[2, 0], [2, 0], [2, 0], [3, 0], [2, 0], [3, 0]], ""betti_frozen"": [[2, 0], [2, 0], [2, 0], [4, 0], [2, 0], [3, 0]], ""betti_nerve"": [[1, 0], [1, 0], [1, 0], [1, 0], [1, 0], [1, 0]], ""boundary_restriction"": ""both"", ""forced_removals"": 1, ""growth_representation_fallbacks"": 1, ""invariant_held"": false, ""n_segments"": 15, ""n_train_fit"": 4343, ""n_val"": 1448, ""phase0"": [{""constant_lens"": false, ""gain"": 0.25, ""lens"": ""pc1"", ""lens_scaling"": ""standardize"", ""min_cluster_size"": 21, ""min_samples"": 5, ""n_class"": 1034, ""n_edges"": 6, ""n_intervals"": 7, ""n_vertices"": 7, ""noise_reassigned"": 1154, ""placement"": ""uniform"", ""slabs"": [{""k"": 1, ""n"": 98}, {""k"": 1, ""n"": 373}, {""k"": 1, ""n"": 227}, {""k"": 1, ""n"": 201}, {""k"": 1, ""n"": 173}, {""k"": 1, ""n"": 145}, {""k"": 1, ""n"": 87}]}, {""constant_lens"": false, ""gain"": 0.25, ""lens"": ""pc1"", ""lens_scaling"": ""standardize"", ""min_cluster_size"": 21, ""min_samples"": 5, ""n_class"": 475, ""n_edges"": 5, ""n_intervals"": 6, ""n_vertices"": 6, ""noise_reassigned"": 366, ""placement"": ""quantile"", ""slabs"": [{""k"": 1, ""n"": 89}, {""k"": 1, ""n"": 98}, {""k"": 1, ""n"": 98}, {""k"": 1, ""n"": 98}, {""k"": 1, ""n"": 98}, {""k"": 1, ""n"": 89}]}, {""constant_lens"": false, ""gain"": 0.25, ""lens"": ""pc1"", ""lens_scaling"": ""standardize"", ""min_cluster_size"": 21, ""min_samples"": 5, ""n_class"": 916, ""n_edges"": 5, ""n_intervals"": 6, ""n_vertices"": 6, ""noise_reassigned"": 972, ""placement"": ""quantile"", ""slabs"": [{""k"": 1, ""n"": 172}, {""k"": 1, ""n"": 191}, {""k"": 1, ""n"": 191}, {""k"": 1, ""n"": 191}, {""k"": 1, ""n"": 191}, {""k"": 1, ""n"": 172}]}, {""constant_lens"": false, ""gain"": 0.25, ""lens"": ""pc1"", ""lens_scaling"": ""standardize"", ""min_cluster_size"": 21, ""min_samples"": 5, ""n_class"": 423, ""n_edges"": 5, ""n_intervals"": 6, ""n_vertices"": 6, ""noise_reassigned"": 383, ""placement"": ""quantile"", ""slabs"": [{""k"": 1, ""n"": 80}, {""k"": 1, ""n"": 88}, {""k"": 1, ""n"": 88}, {""k"": 1, ""n"": 88}, {""k"": 1, ""n"": 88}, {""k"": 1, ""n"": 80}]}, {""constant_lens"": false, ""gain"": 0.25, ""lens"": ""pc1"", ""lens_scaling"": ""standardize"", ""min_cluster_size"": 21, ""min_samples"": 5, ""n_class"": 477, ""n_edges"": 5, ""n_intervals"": 6, ""n_vertices"": 6, ""noise_reassigned"": 348, ""placement"": ""quantile"", ""slabs"": [{""k"": 1, ""n"": 90}, {""k"": 1, ""n"": 99}, {""k"": 1, ""n"": 99}, {""k"": 1, ""n"": 99}, {""k"": 1, ""n"": 99}, {""k"": 1, ""n"": 90}]}, {""constant_lens"": false, ""gain"": 0.25, ""lens"": ""pc1"", ""lens_scaling"": ""standardize"", ""min_cluster_size"": 21, ""min_samples"": 5, ""n_class"": 1018, ""n_edges"": 6, ""n_intervals"": 7, ""n_vertices"": 7, ""noise_reassigned"": 1089, ""placement"": ""quantile"", ""slabs"": [{""k"": 1, ""n"": 164}, {""k"": 1, ""n"": 181}, {""k"": 1, ""n"": 182}, {""k"": 1, ""n"": 182}, {""k"": 1, ""n"": 182}, {""k"": 1, ""n"": 181}, {""k"": 1, ""n"": 164}]}], ""soundness_bound_holds"": true, ""step_rule"": ""scale_free"", ""topology_retention_nerve_to_frozen"": {""beta0_frozen"": 15, ""beta0_nerve"": 6, ""beta1_frozen"": 0, ""beta1_nerve"": 0}}",True
0.8369565217391305,29,False,0.005007770678639268,0.005,,4.367713000043295,4.367713000043295,0.0,satimage,4,,SPINE+Graph,10,29,644,5791,0.9949922293213608,1960713163,False,"{""admission"": {""criterion"": ""risk"", ""removed_risk"": 9, ""removed_support"": 0}, ""betti_final"": [[2, 0], [2, 0], [2, 0], [3, 0], [2, 0], [3, 0]], ""betti_frozen"": [[2, 0], [2, 0], [2, 0], [4, 0], [2, 0], [3, 0]], ""betti_nerve"": [[1, 0], [1, 0], [1, 0], [1, 0], [1, 0], [1, 0]], ""boundary_restriction"": ""both"", ""forced_removals"": 1, ""growth_representation_fallbacks"": 1, ""invariant_held"": false, ""n_segments"": 15, ""n_train_fit"": 4343, ""n_val"": 1448, ""phase0"": [{""constant_lens"": false, ""gain"": 0.25, ""lens"": ""pc1"", ""lens_scaling"": ""standardize"", ""min_cluster_size"": 21, ""min_samples"": 5, ""n_class"": 1034, ""n_edges"": 6, ""n_intervals"": 7, ""n_vertices"": 7, ""noise_reassigned"": 1154, ""placement"": ""uniform"", ""slabs"": [{""k"": 1, ""n"": 98}, {""k"": 1, ""n"": 373}, {""k"": 1, ""n"": 227}, {""k"": 1, ""n"": 201}, {""k"": 1, ""n"": 173}, {""k"": 1, ""n"": 145}, {""k"": 1, ""n"": 87}]}, {""constant_lens"": false, ""gain"": 0.25, ""lens"": ""pc1"", ""lens_scaling"": ""standardize"", ""min_cluster_size"": 21, ""min_samples"": 5, ""n_class"": 475, ""n_edges"": 5, ""n_intervals"": 6, ""n_vertices"": 6, ""noise_reassigned"": 366, ""placement"": ""quantile"", ""slabs"": [{""k"": 1, ""n"": 89}, {""k"": 1, ""n"": 98}, {""k"": 1, ""n"": 98}, {""k"": 1, ""n"": 98}, {""k"": 1, ""n"": 98}, {""k"": 1, ""n"": 89}]}, {""constant_lens"": false, ""gain"": 0.25, ""lens"": ""pc1"", ""lens_scaling"": ""standardize"", ""min_cluster_size"": 21, ""min_samples"": 5, ""n_class"": 916, ""n_edges"": 5, ""n_intervals"": 6, ""n_vertices"": 6, ""noise_reassigned"": 972, ""placement"": ""quantile"", ""slabs"": [{""k"": 1, ""n"": 172}, {""k"": 1, ""n"": 191}, {""k"": 1, ""n"": 191}, {""k"": 1, ""n"": 191}, {""k"": 1, ""n"": 191}, {""k"": 1, ""n"": 172}]}, {""constant_lens"": false, ""gain"": 0.25, ""lens"": ""pc1"", ""lens_scaling"": ""standardize"", ""min_cluster_size"": 21, ""min_samples"": 5, ""n_class"": 423, ""n_edges"": 5, ""n_intervals"": 6, ""n_vertices"": 6, ""noise_reassigned"": 383, ""placement"": ""quantile"", ""slabs"": [{""k"": 1, ""n"": 80}, {""k"": 1, ""n"": 88}, {""k"": 1, ""n"": 88}, {""k"": 1, ""n"": 88}, {""k"": 1, ""n"": 88}, {""k"": 1, ""n"": 80}]}, {""constant_lens"": false, ""gain"": 0.25, ""lens"": ""pc1"", ""lens_scaling"": ""standardize"", ""min_cluster_size"": 21, ""min_samples"": 5, ""n_class"": 477, ""n_edges"": 5, ""n_intervals"": 6, ""n_vertices"": 6, ""noise_reassigned"": 348, ""placement"": ""quantile"", ""slabs"": [{""k"": 1, ""n"": 90}, {""k"": 1, ""n"": 99}, {""k"": 1, ""n"": 99}, {""k"": 1, ""n"": 99}, {""k"": 1, ""n"": 99}, {""k"": 1, ""n"": 90}]}, {""constant_lens"": false, ""gain"": 0.25, ""lens"": ""pc1"", ""lens_scaling"": ""standardize"", ""min_cluster_size"": 21, ""min_samples"": 5, ""n_class"": 1018, ""n_edges"": 6, ""n_intervals"": 7, ""n_vertices"": 7, ""noise_reassigned"": 1089, ""placement"": ""quantile"", ""slabs"": [{""k"": 1, ""n"": 164}, {""k"": 1, ""n"": 181}, {""k"": 1, ""n"": 182}, {""k"": 1, ""n"": 182}, {""k"": 1, ""n"": 182}, {""k"": 1, ""n"": 181}, {""k"": 1, ""n"": 164}]}], ""soundness_bound_holds"": true, ""step_rule"": ""scale_free"", ""topology_retention_nerve_to_frozen"": {""beta0_frozen"": 15, ""beta0_nerve"": 6, ""beta1_frozen"": 0, ""beta1_nerve"": 0}}",True
0.8633540372670807,29,False,0.005007770678639268,0.005,,2.509258999954909,48.42773999995552,45.91848100000061,satimage,4,"{""epsilon"": 0.1, ""window"": 0.3}",LVQ3,10,29,644,5791,0.9949922293213608,1960713163,False,,True
0.8369565217391305,29,False,0.005007770678639268,0.005,"{""0"": 7, ""1"": 3, ""2"": 6, ""3"": 3, ""4"": 3, ""5"": 7}",1.4154870000202209,1.4154870000202209,0.0,satimage,4,,KMeans,10,29,644,5791,0.9949922293213608,1960713163,False,,True
0.7996894409937888,29,False,0.005007770678639268,0.005,"{""0"": 7, ""1"": 3, ""2"": 6, ""3"": 3, ""4"": 3, ""5"": 7}",0.0013299999991431832,0.0013299999991431832,0.0,satimage,4,,Random,10,29,644,5791,0.9949922293213608,1960713163,False,,True
0.8152173913043478,29,False,0.005007770678639268,0.005,,1.7511020000092685,1.7511020000092685,0.0,satimage,4,,SPOT,10,29,644,5791,0.9949922293213608,1960713163,False,,True
0.8400621118012422,29,False,0.005007770678639268,0.005,,6.8050359999760985,6.8050359999760985,0.0,satimage,4,,GLVQ,10,29,644,5791,0.9949922293213608,1960713163,False,,True
0.8260869565217391,29,False,0.005007770678639268,0.005,,0.8049419999588281,0.8049419999588281,0.0,satimage,4,,GNG,10,29,644,5791,0.9949922293213608,1960713163,False,,True
0.9083850931677019,58,False,0.010015541357278536,0.01,,0.0013620000099763274,0.0013620000099763274,0.0,satimage,4,,Full,10,5791,644,5791,0.0,1960713163,True,,False
0.9037267080745341,58,False,0.010015541357278536,0.01,,1.807327999966219,1.807327999966219,0.0,satimage,4,,RSP3,10,1566,644,5791,0.7295803833534795,1960713163,True,,False
0.8726708074534162,58,False,0.010015541357278536,0.01,,1.734574000001885,1.734574000001885,0.0,satimage,4,,RHC,10,576,644,5791,0.9005353134173718,1960713163,True,,False
0.8338509316770186,58,False,0.010015541357278536,0.01,,5.3890149999642745,5.3890149999642745,0.0,satimage,4,,SPINE+1NN,10,58,644,5791,0.9899844586427214,1960713163,False,"{""admission"": {""criterion"": ""risk"", ""removed_risk"": 9, ""removed_support"": 0}, ""betti_final"": [[2, 0], [2, 0], [2, 0], [4, 0], [2, 0], [3, 0]], ""betti_frozen"": [[2, 0], [2, 0], [2, 0], [4, 0], [2, 0], [3, 0]], ""betti_nerve"": [[1, 0], [1, 0], [1, 0], [1, 0], [1, 0], [1, 0]], ""boundary_restriction"": ""both"", ""forced_removals"": 0, ""growth_representation_fallbacks"": 5, ""invariant_held"": true, ""n_segments"": 43, ""n_train_fit"": 4343, ""n_val"": 1448, ""phase0"": [{""constant_lens"": false, ""gain"": 0.25, ""lens"": ""pc1"", ""lens_scaling"": ""standardize"", ""min_cluster_size"": 21, ""min_samples"": 5, ""n_class"": 1034, ""n_edges"": 6, ""n_intervals"": 7, ""n_vertices"": 7, ""noise_reassigned"": 1154, ""placement"": ""uniform"", ""slabs"": [{""k"": 1, ""n"": 98}, {""k"": 1, ""n"": 373}, {""k"": 1, ""n"": 227}, {""k"": 1, ""n"": 201}, {""k"": 1, ""n"": 173}, {""k"": 1, ""n"": 145}, {""k"": 1, ""n"": 87}]}, {""constant_lens"": false, ""gain"": 0.25, ""lens"": ""pc1"", ""lens_scaling"": ""standardize"", ""min_cluster_size"": 21, ""min_samples"": 5, ""n_class"": 475, ""n_edges"": 5, ""n_intervals"": 6, ""n_vertices"": 6, ""noise_reassigned"": 366, ""placement"": ""quantile"", ""slabs"": [{""k"": 1, ""n"": 89}, {""k"": 1, ""n"": 98}, {""k"": 1, ""n"": 98}, {""k"": 1, ""n"": 98}, {""k"": 1, ""n"": 98}, {""k"": 1, ""n"": 89}]}, {""constant_lens"": false, ""gain"": 0.25, ""lens"": ""pc1"", ""lens_scaling"": ""standardize"", ""min_cluster_size"": 21, ""min_samples"": 5, ""n_class"": 916, ""n_edges"": 5, ""n_intervals"": 6, ""n_vertices"": 6, ""noise_reassigned"": 972, ""placement"": ""quantile"", ""slabs"": [{""k"": 1, ""n"": 172}, {""k"": 1, ""n"": 191}, {""k"": 1, ""n"": 191}, {""k"": 1, ""n"": 191}, {""k"": 1, ""n"": 191}, {""k"": 1, ""n"": 172}]}, {""constant_lens"": false, ""gain"": 0.25, ""lens"": ""pc1"", ""lens_scaling"": ""standardize"", ""min_cluster_size"": 21, ""min_samples"": 5, ""n_class"": 423, ""n_edges"": 5, ""n_intervals"": 6, ""n_vertices"": 6, ""noise_reassigned"": 383, ""placement"": ""quantile"", ""slabs"": [{""k"": 1, ""n"": 80}, {""k"": 1, ""n"": 88}, {""k"": 1, ""n"": 88}, {""k"": 1, ""n"": 88}, {""k"": 1, ""n"": 88}, {""k"": 1, ""n"": 80}]}, {""constant_lens"": false, ""gain"": 0.25, ""lens"": ""pc1"", ""lens_scaling"": ""standardize"", ""min_cluster_size"": 21, ""min_samples"": 5, ""n_class"": 477, ""n_edges"": 5, ""n_intervals"": 6, ""n_vertices"": 6, ""noise_reassigned"": 348, ""placement"": ""quantile"", ""slabs"": [{""k"": 1, ""n"": 90}, {""k"": 1, ""n"": 99}, {""k"": 1, ""n"": 99}, {""k"": 1, ""n"": 99}, {""k"": 1, ""n"": 99}, {""k"": 1, ""n"": 90}]}, {""constant_lens"": false, ""gain"": 0.25, ""lens"": ""pc1"", ""lens_scaling"": ""standardize"", ""min_cluster_size"": 21, ""min_samples"": 5, ""n_class"": 1018, ""n_edges"": 6, ""n_intervals"": 7, ""n_vertices"": 7, ""noise_reassigned"": 1089, ""placement"": ""quantile"", ""slabs"": [{""k"": 1, ""n"": 164}, {""k"": 1, ""n"": 181}, {""k"": 1, ""n"": 182}, {""k"": 1, ""n"": 182}, {""k"": 1, ""n"": 182}, {""k"": 1, ""n"": 181}, {""k"": 1, ""n"": 164}]}], ""soundness_bound_holds"": true, ""step_rule"": ""scale_free"", ""topology_retention_nerve_to_frozen"": {""beta0_frozen"": 15, ""beta0_nerve"": 6, ""beta1_frozen"": 0, ""beta1_nerve"": 0}}",True
0.84472049689441,58,False,0.010015541357278536,0.01,,5.3890149999642745,5.3890149999642745,0.0,satimage,4,,SPINE+Graph,10,58,644,5791,0.9899844586427214,1960713163,False,"{""admission"": {""criterion"": ""risk"", ""removed_risk"": 9, ""removed_support"": 0}, ""betti_final"": [[2, 0], [2, 0], [2, 0], [4, 0], [2, 0], [3, 0]], ""betti_frozen"": [[2, 0], [2, 0], [2, 0], [4, 0], [2, 0], [3, 0]], ""betti_nerve"": [[1, 0], [1, 0], [1, 0], [1, 0], [1, 0], [1, 0]], ""boundary_restriction"": ""both"", ""forced_removals"": 0, ""growth_representation_fallbacks"": 5, ""invariant_held"": true, ""n_segments"": 43, ""n_train_fit"": 4343, ""n_val"": 1448, ""phase0"": [{""constant_lens"": false, ""gain"": 0.25, ""lens"": ""pc1"", ""lens_scaling"": ""standardize"", ""min_cluster_size"": 21, ""min_samples"": 5, ""n_class"": 1034, ""n_edges"": 6, ""n_intervals"": 7, ""n_vertices"": 7, ""noise_reassigned"": 1154, ""placement"": ""uniform"", ""slabs"": [{""k"": 1, ""n"": 98}, {""k"": 1, ""n"": 373}, {""k"": 1, ""n"": 227}, {""k"": 1, ""n"": 201}, {""k"": 1, ""n"": 173}, {""k"": 1, ""n"": 145}, {""k"": 1, ""n"": 87}]}, {""constant_lens"": false, ""gain"": 0.25, ""lens"": ""pc1"", ""lens_scaling"": ""standardize"", ""min_cluster_size"": 21, ""min_samples"": 5, ""n_class"": 475, ""n_edges"": 5, ""n_intervals"": 6, ""n_vertices"": 6, ""noise_reassigned"": 366, ""placement"": ""quantile"", ""slabs"": [{""k"": 1, ""n"": 89}, {""k"": 1, ""n"": 98}, {""k"": 1, ""n"": 98}, {""k"": 1, ""n"": 98}, {""k"": 1, ""n"": 98}, {""k"": 1, ""n"": 89}]}, {""constant_lens"": false, ""gain"": 0.25, ""lens"": ""pc1"", ""lens_scaling"": ""standardize"", ""min_cluster_size"": 21, ""min_samples"": 5, ""n_class"": 916, ""n_edges"": 5, ""n_intervals"": 6, ""n_vertices"": 6, ""noise_reassigned"": 972, ""placement"": ""quantile"", ""slabs"": [{""k"": 1, ""n"": 172}, {""k"": 1, ""n"": 191}, {""k"": 1, ""n"": 191}, {""k"": 1, ""n"": 191}, {""k"": 1, ""n"": 191}, {""k"": 1, ""n"": 172}]}, {""constant_lens"": false, ""gain"": 0.25, ""lens"": ""pc1"", ""lens_scaling"": ""standardize"", ""min_cluster_size"": 21, ""min_samples"": 5, ""n_class"": 423, ""n_edges"": 5, ""n_intervals"": 6, ""n_vertices"": 6, ""noise_reassigned"": 383, ""placement"": ""quantile"", ""slabs"": [{""k"": 1, ""n"": 80}, {""k"": 1, ""n"": 88}, {""k"": 1, ""n"": 88}, {""k"": 1, ""n"": 88}, {""k"": 1, ""n"": 88}, {""k"": 1, ""n"": 80}]}, {""constant_lens"": false, ""gain"": 0.25, ""lens"": ""pc1"", ""lens_scaling"": ""standardize"", ""min_cluster_size"": 21, ""min_samples"": 5, ""n_class"": 477, ""n_edges"": 5, ""n_intervals"": 6, ""n_vertices"": 6, ""noise_reassigned"": 348, ""placement"": ""quantile"", ""slabs"": [{""k"": 1, ""n"": 90}, {""k"": 1, ""n"": 99}, {""k"": 1, ""n"": 99}, {""k"": 1, ""n"": 99}, {""k"": 1, ""n"": 99}, {""k"": 1, ""n"": 90}]}, {""constant_lens"": false, ""gain"": 0.25, ""lens"": ""pc1"", ""lens_scaling"": ""standardize"", ""min_cluster_size"": 21, ""min_samples"": 5, ""n_class"": 1018, ""n_edges"": 6, ""n_intervals"": 7, ""n_vertices"": 7, ""noise_reassigned"": 1089, ""placement"": ""quantile"", ""slabs"": [{""k"": 1, ""n"": 164}, {""k"": 1, ""n"": 181}, {""k"": 1, ""n"": 182}, {""k"": 1, ""n"": 182}, {""k"": 1, ""n"": 182}, {""k"": 1, ""n"": 181}, {""k"": 1, ""n"": 164}]}], ""soundness_bound_holds"": true, ""step_rule"": ""scale_free"", ""topology_retention_nerve_to_frozen"": {""beta0_frozen"": 15, ""beta0_nerve"": 6, ""beta1_frozen"": 0, ""beta1_nerve"": 0}}",True
0.8850931677018633,58,False,0.010015541357278536,0.01,,2.7093179999501444,50.88533699995605,48.17601900000591,satimage,4,"{""epsilon"": 0.1, ""window"": 0.2}",LVQ3,10,58,644,5791,0.9899844586427214,1960713163,False,,True
0.8757763975155279,58,False,0.010015541357278536,0.01,"{""0"": 14, ""1"": 6, ""2"": 12, ""3"": 6, ""4"": 6, ""5"": 14}",1.582644000009168,1.582644000009168,0.0,satimage,4,,KMeans,10,58,644,5791,0.9899844586427214,1960713163,False,,True
0.8152173913043478,58,False,0.010015541357278536,0.01,"{""0"": 14, ""1"": 6, ""2"": 12, ""3"": 6, ""4"": 6, ""5"": 14}",0.0014119999832473695,0.0014119999832473695,0.0,satimage,4,,Random,10,58,644,5791,0.9899844586427214,1960713163,False,,True
0.8571428571428571,58,False,0.010015541357278536,0.01,,1.8347499999799766,1.8347499999799766,0.0,satimage,4,,SPOT,10,58,644,5791,0.9899844586427214,1960713163,False,,True
0.8478260869565217,58,False,0.010015541357278536,0.01,,10.528769999975339,10.528769999975339,0.0,satimage,4,,GLVQ,10,58,644,5791,0.9899844586427214,1960713163,False,,True
0.8509316770186336,58,False,0.010015541357278536,0.01,,1.239759000018239,1.239759000018239,0.0,satimage,4,,GNG,10,58,644,5791,0.9899844586427214,1960713163,False,,True
0.9083850931677019,116,False,0.020031082714557072,0.02,,0.0013620000099763274,0.0013620000099763274,0.0,satimage,4,,Full,10,5791,644,5791,0.0,1960713163,True,,False
0.9037267080745341,116,False,0.020031082714557072,0.02,,1.807327999966219,1.807327999966219,0.0,satimage,4,,RSP3,10,1566,644,5791,0.7295803833534795,1960713163,True,,False
0.8726708074534162,116,False,0.020031082714557072,0.02,,1.734574000001885,1.734574000001885,0.0,satimage,4,,RHC,10,576,644,5791,0.9005353134173718,1960713163,True,,False
0.8664596273291926,116,False,0.020031082714557072,0.02,,5.5765299999620765,5.5765299999620765,0.0,satimage,4,,SPINE+1NN,10,116,644,5791,0.9799689172854429,1960713163,False,"{""admission"": {""criterion"": ""risk"", ""removed_risk"": 9, ""removed_support"": 0}, ""betti_final"": [[2, 0], [2, 0], [2, 0], [4, 0], [2, 0], [3, 0]], ""betti_frozen"": [[2, 0], [2, 0], [2, 0], [4, 0], [2, 0], [3, 0]], ""betti_nerve"": [[1, 0], [1, 0], [1, 0], [1, 0], [1, 0], [1, 0]], ""boundary_restriction"": ""both"", ""forced_removals"": 0, ""growth_representation_fallbacks"": 34, ""invariant_held"": true, ""n_segments"": 101, ""n_train_fit"": 4343, ""n_val"": 1448, ""phase0"": [{""constant_lens"": false, ""gain"": 0.25, ""lens"": ""pc1"", ""lens_scaling"": ""standardize"", ""min_cluster_size"": 21, ""min_samples"": 5, ""n_class"": 1034, ""n_edges"": 6, ""n_intervals"": 7, ""n_vertices"": 7, ""noise_reassigned"": 1154, ""placement"": ""uniform"", ""slabs"": [{""k"": 1, ""n"": 98}, {""k"": 1, ""n"": 373}, {""k"": 1, ""n"": 227}, {""k"": 1, ""n"": 201}, {""k"": 1, ""n"": 173}, {""k"": 1, ""n"": 145}, {""k"": 1, ""n"": 87}]}, {""constant_lens"": false, ""gain"": 0.25, ""lens"": ""pc1"", ""lens_scaling"": ""standardize"", ""min_cluster_size"": 21, ""min_samples"": 5, ""n_class"": 475, ""n_edges"": 5, ""n_intervals"": 6, ""n_vertices"": 6, ""noise_reassigned"": 366, ""placement"": ""quantile"", ""slabs"": [{""k"": 1, ""n"": 89}, {""k"": 1, ""n"": 98}, {""k"": 1, ""n"": 98}, {""k"": 1, ""n"": 98}, {""k"": 1, ""n"": 98}, {""k"": 1, ""n"": 89}]}, {""constant_lens"": false, ""gain"": 0.25, ""lens"": ""pc1"", ""lens_scaling"": ""standardize"", ""min_cluster_size"": 21, ""min_samples"": 5, ""n_class"": 916, ""n_edges"": 5, ""n_intervals"": 6, ""n_vertices"": 6, ""noise_reassigned"": 972, ""placement"": ""quantile"", ""slabs"": [{""k"": 1, ""n"": 172}, {""k"": 1, ""n"": 191}, {""k"": 1, ""n"": 191}, {""k"": 1, ""n"": 191}, {""k"": 1, ""n"": 191}, {""k"": 1, ""n"": 172}]}, {""constant_lens"": false, ""gain"": 0.25, ""lens"": ""pc1"", ""lens_scaling"": ""standardize"", ""min_cluster_size"": 21, ""min_samples"": 5, ""n_class"": 423, ""n_edges"": 5, ""n_intervals"": 6, ""n_vertices"": 6, ""noise_reassigned"": 383, ""placement"": ""quantile"", ""slabs"": [{""k"": 1, ""n"": 80}, {""k"": 1, ""n"": 88}, {""k"": 1, ""n"": 88}, {""k"": 1, ""n"": 88}, {""k"": 1, ""n"": 88}, {""k"": 1, ""n"": 80}]}, {""constant_lens"": false, ""gain"": 0.25, ""lens"": ""pc1"", ""lens_scaling"": ""standardize"", ""min_cluster_size"": 21, ""min_samples"": 5, ""n_class"": 477, ""n_edges"": 5, ""n_intervals"": 6, ""n_vertices"": 6, ""noise_reassigned"": 348, ""placement"": ""quantile"", ""slabs"": [{""k"": 1, ""n"": 90}, {""k"": 1, ""n"": 99}, {""k"": 1, ""n"": 99}, {""k"": 1, ""n"": 99}, {""k"": 1, ""n"": 99}, {""k"": 1, ""n"": 90}]}, {""constant_lens"": false, ""gain"": 0.25, ""lens"": ""pc1"", ""lens_scaling"": ""standardize"", ""min_cluster_size"": 21, ""min_samples"": 5, ""n_class"": 1018, ""n_edges"": 6, ""n_intervals"": 7, ""n_vertices"": 7, ""noise_reassigned"": 1089, ""placement"": ""quantile"", ""slabs"": [{""k"": 1, ""n"": 164}, {""k"": 1, ""n"": 181}, {""k"": 1, ""n"": 182}, {""k"": 1, ""n"": 182}, {""k"": 1, ""n"": 182}, {""k"": 1, ""n"": 181}, {""k"": 1, ""n"": 164}]}], ""soundness_bound_holds"": true, ""step_rule"": ""scale_free"", ""topology_retention_nerve_to_frozen"": {""beta0_frozen"": 15, ""beta0_nerve"": 6, ""beta1_frozen"": 0, ""beta1_nerve"": 0}}",True
0.8726708074534162,116,False,0.020031082714557072,0.02,,5.5765299999620765,5.5765299999620765,0.0,satimage,4,,SPINE+Graph,10,116,644,5791,0.9799689172854429,1960713163,False,"{""admission"": {""criterion"": ""risk"", ""removed_risk"": 9, ""removed_support"": 0}, ""betti_final"": [[2, 0], [2, 0], [2, 0], [4, 0], [2, 0], [3, 0]], ""betti_frozen"": [[2, 0], [2, 0], [2, 0], [4, 0], [2, 0], [3, 0]], ""betti_nerve"": [[1, 0], [1, 0], [1, 0], [1, 0], [1, 0], [1, 0]], ""boundary_restriction"": ""both"", ""forced_removals"": 0, ""growth_representation_fallbacks"": 34, ""invariant_held"": true, ""n_segments"": 101, ""n_train_fit"": 4343, ""n_val"": 1448, ""phase0"": [{""constant_lens"": false, ""gain"": 0.25, ""lens"": ""pc1"", ""lens_scaling"": ""standardize"", ""min_cluster_size"": 21, ""min_samples"": 5, ""n_class"": 1034, ""n_edges"": 6, ""n_intervals"": 7, ""n_vertices"": 7, ""noise_reassigned"": 1154, ""placement"": ""uniform"", ""slabs"": [{""k"": 1, ""n"": 98}, {""k"": 1, ""n"": 373}, {""k"": 1, ""n"": 227}, {""k"": 1, ""n"": 201}, {""k"": 1, ""n"": 173}, {""k"": 1, ""n"": 145}, {""k"": 1, ""n"": 87}]}, {""constant_lens"": false, ""gain"": 0.25, ""lens"": ""pc1"", ""lens_scaling"": ""standardize"", ""min_cluster_size"": 21, ""min_samples"": 5, ""n_class"": 475, ""n_edges"": 5, ""n_intervals"": 6, ""n_vertices"": 6, ""noise_reassigned"": 366, ""placement"": ""quantile"", ""slabs"": [{""k"": 1, ""n"": 89}, {""k"": 1, ""n"": 98}, {""k"": 1, ""n"": 98}, {""k"": 1, ""n"": 98}, {""k"": 1, ""n"": 98}, {""k"": 1, ""n"": 89}]}, {""constant_lens"": false, ""gain"": 0.25, ""lens"": ""pc1"", ""lens_scaling"": ""standardize"", ""min_cluster_size"": 21, ""min_samples"": 5, ""n_class"": 916, ""n_edges"": 5, ""n_intervals"": 6, ""n_vertices"": 6, ""noise_reassigned"": 972, ""placement"": ""quantile"", ""slabs"": [{""k"": 1, ""n"": 172}, {""k"": 1, ""n"": 191}, {""k"": 1, ""n"": 191}, {""k"": 1, ""n"": 191}, {""k"": 1, ""n"": 191}, {""k"": 1, ""n"": 172}]}, {""constant_lens"": false, ""gain"": 0.25, ""lens"": ""pc1"", ""lens_scaling"": ""standardize"", ""min_cluster_size"": 21, ""min_samples"": 5, ""n_class"": 423, ""n_edges"": 5, ""n_intervals"": 6, ""n_vertices"": 6, ""noise_reassigned"": 383, ""placement"": ""quantile"", ""slabs"": [{""k"": 1, ""n"": 80}, {""k"": 1, ""n"": 88}, {""k"": 1, ""n"": 88}, {""k"": 1, ""n"": 88}, {""k"": 1, ""n"": 88}, {""k"": 1, ""n"": 80}]}, {""constant_lens"": false, ""gain"": 0.25, ""lens"": ""pc1"", ""lens_scaling"": ""standardize"", ""min_cluster_size"": 21, ""min_samples"": 5, ""n_class"": 477, ""n_edges"": 5, ""n_intervals"": 6, ""n_vertices"": 6, ""noise_reassigned"": 348, ""placement"": ""quantile"", ""slabs"": [{""k"": 1, ""n"": 90}, {""k"": 1, ""n"": 99}, {""k"": 1, ""n"": 99}, {""k"": 1, ""n"": 99}, {""k"": 1, ""n"": 99}, {""k"": 1, ""n"": 90}]}, {""constant_lens"": false, ""gain"": 0.25, ""lens"": ""pc1"", ""lens_scaling"": ""standardize"", ""min_cluster_size"": 21, ""min_samples"": 5, ""n_class"": 1018, ""n_edges"": 6, ""n_intervals"": 7, ""n_vertices"": 7, ""noise_reassigned"": 1089, ""placement"": ""quantile"", ""slabs"": [{""k"": 1, ""n"": 164}, {""k"": 1, ""n"": 181}, {""k"": 1, ""n"": 182}, {""k"": 1, ""n"": 182}, {""k"": 1, ""n"": 182}, {""k"": 1, ""n"": 181}, {""k"": 1, ""n"": 164}]}], ""soundness_bound_holds"": true, ""step_rule"": ""scale_free"", ""topology_retention_nerve_to_frozen"": {""beta0_frozen"": 15, ""beta0_nerve"": 6, ""beta1_frozen"": 0, ""beta1_nerve"": 0}}",True
0.9006211180124224,116,False,0.020031082714557072,0.02,,3.3962240000255406,61.59486000001198,58.198635999986436,satimage,4,"{""epsilon"": 0.1, ""window"": 0.2}",LVQ3,10,116,644,5791,0.9799689172854429,1960713163,False,,True
0.8928571428571429,116,False,0.020031082714557072,0.02,"{""0"": 28, ""1"": 13, ""2"": 24, ""3"": 11, ""4"": 13, ""5"": 27}",2.2645790000096895,2.2645790000096895,0.0,satimage,4,,KMeans,10,116,644,5791,0.9799689172854429,1960713163,False,,True
0.8043478260869565,116,False,0.020031082714557072,0.02,"{""0"": 28, ""1"": 13, ""2"": 24, ""3"": 11, ""4"": 13, ""5"": 27}",0.0015079999575391412,0.0015079999575391412,0.0,satimage,4,,Random,10,116,644,5791,0.9799689172854429,1960713163,False,,True
0.8571428571428571,116,False,0.020031082714557072,0.02,,1.8903559999889694,1.8903559999889694,0.0,satimage,4,,SPOT,10,116,644,5791,0.9799689172854429,1960713163,False,,True
0.8478260869565217,116,False,0.020031082714557072,0.02,,17.51268300000811,17.51268300000811,0.0,satimage,4,,GLVQ,10,116,644,5791,0.9799689172854429,1960713163,False,,True
0.8881987577639752,116,False,0.020031082714557072,0.02,,1.9675339999957941,1.9675339999957941,0.0,satimage,4,,GNG,10,116,644,5791,0.9799689172854429,1960713163,False,,True
0.9083850931677019,290,False,0.05007770678639268,0.05,,0.0013620000099763274,0.0013620000099763274,0.0,satimage,4,,Full,10,5791,644,5791,0.0,1960713163,True,,False
0.9037267080745341,290,False,0.05007770678639268,0.05,,1.807327999966219,1.807327999966219,0.0,satimage,4,,RSP3,10,1566,644,5791,0.7295803833534795,1960713163,True,,False
0.8726708074534162,290,False,0.05007770678639268,0.05,,1.734574000001885,1.734574000001885,0.0,satimage,4,,RHC,10,576,644,5791,0.9005353134173718,1960713163,True,,False
0.8742236024844721,290,False,0.05007770678639268,0.05,,6.984075999993365,6.984075999993365,0.0,satimage,4,,SPINE+1NN,10,290,644,5791,0.9499222932136073,1960713163,False,"{""admission"": {""criterion"": ""risk"", ""removed_risk"": 9, ""removed_support"": 0}, ""betti_final"": [[2, 0], [2, 0], [2, 0], [4, 0], [2, 0], [3, 0]], ""betti_frozen"": [[2, 0], [2, 0], [2, 0], [4, 0], [2, 0], [3, 0]], ""betti_nerve"": [[1, 0], [1, 0], [1, 0], [1, 0], [1, 0], [1, 0]], ""boundary_restriction"": ""both"", ""forced_removals"": 0, ""growth_representation_fallbacks"": 147, ""invariant_held"": true, ""n_segments"": 275, ""n_train_fit"": 4343, ""n_val"": 1448, ""phase0"": [{""constant_lens"": false, ""gain"": 0.25, ""lens"": ""pc1"", ""lens_scaling"": ""standardize"", ""min_cluster_size"": 21, ""min_samples"": 5, ""n_class"": 1034, ""n_edges"": 6, ""n_intervals"": 7, ""n_vertices"": 7, ""noise_reassigned"": 1154, ""placement"": ""uniform"", ""slabs"": [{""k"": 1, ""n"": 98}, {""k"": 1, ""n"": 373}, {""k"": 1, ""n"": 227}, {""k"": 1, ""n"": 201}, {""k"": 1, ""n"": 173}, {""k"": 1, ""n"": 145}, {""k"": 1, ""n"": 87}]}, {""constant_lens"": false, ""gain"": 0.25, ""lens"": ""pc1"", ""lens_scaling"": ""standardize"", ""min_cluster_size"": 21, ""min_samples"": 5, ""n_class"": 475, ""n_edges"": 5, ""n_intervals"": 6, ""n_vertices"": 6, ""noise_reassigned"": 366, ""placement"": ""quantile"", ""slabs"": [{""k"": 1, ""n"": 89}, {""k"": 1, ""n"": 98}, {""k"": 1, ""n"": 98}, {""k"": 1, ""n"": 98}, {""k"": 1, ""n"": 98}, {""k"": 1, ""n"": 89}]}, {""constant_lens"": false, ""gain"": 0.25, ""lens"": ""pc1"", ""lens_scaling"": ""standardize"", ""min_cluster_size"": 21, ""min_samples"": 5, ""n_class"": 916, ""n_edges"": 5, ""n_intervals"": 6, ""n_vertices"": 6, ""noise_reassigned"": 972, ""placement"": ""quantile"", ""slabs"": [{""k"": 1, ""n"": 172}, {""k"": 1, ""n"": 191}, {""k"": 1, ""n"": 191}, {""k"": 1, ""n"": 191}, {""k"": 1, ""n"": 191}, {""k"": 1, ""n"": 172}]}, {""constant_lens"": false, ""gain"": 0.25, ""lens"": ""pc1"", ""lens_scaling"": ""standardize"", ""min_cluster_size"": 21, ""min_samples"": 5, ""n_class"": 423, ""n_edges"": 5, ""n_intervals"": 6, ""n_vertices"": 6, ""noise_reassigned"": 383, ""placement"": ""quantile"", ""slabs"": [{""k"": 1, ""n"": 80}, {""k"": 1, ""n"": 88}, {""k"": 1, ""n"": 88}, {""k"": 1, ""n"": 88}, {""k"": 1, ""n"": 88}, {""k"": 1, ""n"": 80}]}, {""constant_lens"": false, ""gain"": 0.25, ""lens"": ""pc1"", ""lens_scaling"": ""standardize"", ""min_cluster_size"": 21, ""min_samples"": 5, ""n_class"": 477, ""n_edges"": 5, ""n_intervals"": 6, ""n_vertices"": 6, ""noise_reassigned"": 348, ""placement"": ""quantile"", ""slabs"": [{""k"": 1, ""n"": 90}, {""k"": 1, ""n"": 99}, {""k"": 1, ""n"": 99}, {""k"": 1, ""n"": 99}, {""k"": 1, ""n"": 99}, {""k"": 1, ""n"": 90}]}, {""constant_lens"": false, ""gain"": 0.25, ""lens"": ""pc1"", ""lens_scaling"": ""standardize"", ""min_cluster_size"": 21, ""min_samples"": 5, ""n_class"": 1018, ""n_edges"": 6, ""n_intervals"": 7, ""n_vertices"": 7, ""noise_reassigned"": 1089, ""placement"": ""quantile"", ""slabs"": [{""k"": 1, ""n"": 164}, {""k"": 1, ""n"": 181}, {""k"": 1, ""n"": 182}, {""k"": 1, ""n"": 182}, {""k"": 1, ""n"": 182}, {""k"": 1, ""n"": 181}, {""k"": 1, ""n"": 164}]}], ""soundness_bound_holds"": true, ""step_rule"": ""scale_free"", ""topology_retention_nerve_to_frozen"": {""beta0_frozen"": 15, ""beta0_nerve"": 6, ""beta1_frozen"": 0, ""beta1_nerve"": 0}}",True
0.8757763975155279,290,False,0.05007770678639268,0.05,,6.984075999993365,6.984075999993365,0.0,satimage,4,,SPINE+Graph,10,290,644,5791,0.9499222932136073,1960713163,False,"{""admission"": {""criterion"": ""risk"", ""removed_risk"": 9, ""removed_support"": 0}, ""betti_final"": [[2, 0], [2, 0], [2, 0], [4, 0], [2, 0], [3, 0]], ""betti_frozen"": [[2, 0], [2, 0], [2, 0], [4, 0], [2, 0], [3, 0]], ""betti_nerve"": [[1, 0], [1, 0], [1, 0], [1, 0], [1, 0], [1, 0]], ""boundary_restriction"": ""both"", ""forced_removals"": 0, ""growth_representation_fallbacks"": 147, ""invariant_held"": true, ""n_segments"": 275, ""n_train_fit"": 4343, ""n_val"": 1448, ""phase0"": [{""constant_lens"": false, ""gain"": 0.25, ""lens"": ""pc1"", ""lens_scaling"": ""standardize"", ""min_cluster_size"": 21, ""min_samples"": 5, ""n_class"": 1034, ""n_edges"": 6, ""n_intervals"": 7, ""n_vertices"": 7, ""noise_reassigned"": 1154, ""placement"": ""uniform"", ""slabs"": [{""k"": 1, ""n"": 98}, {""k"": 1, ""n"": 373}, {""k"": 1, ""n"": 227}, {""k"": 1, ""n"": 201}, {""k"": 1, ""n"": 173}, {""k"": 1, ""n"": 145}, {""k"": 1, ""n"": 87}]}, {""constant_lens"": false, ""gain"": 0.25, ""lens"": ""pc1"", ""lens_scaling"": ""standardize"", ""min_cluster_size"": 21, ""min_samples"": 5, ""n_class"": 475, ""n_edges"": 5, ""n_intervals"": 6, ""n_vertices"": 6, ""noise_reassigned"": 366, ""placement"": ""quantile"", ""slabs"": [{""k"": 1, ""n"": 89}, {""k"": 1, ""n"": 98}, {""k"": 1, ""n"": 98}, {""k"": 1, ""n"": 98}, {""k"": 1, ""n"": 98}, {""k"": 1, ""n"": 89}]}, {""constant_lens"": false, ""gain"": 0.25, ""lens"": ""pc1"", ""lens_scaling"": ""standardize"", ""min_cluster_size"": 21, ""min_samples"": 5, ""n_class"": 916, ""n_edges"": 5, ""n_intervals"": 6, ""n_vertices"": 6, ""noise_reassigned"": 972, ""placement"": ""quantile"", ""slabs"": [{""k"": 1, ""n"": 172}, {""k"": 1, ""n"": 191}, {""k"": 1, ""n"": 191}, {""k"": 1, ""n"": 191}, {""k"": 1, ""n"": 191}, {""k"": 1, ""n"": 172}]}, {""constant_lens"": false, ""gain"": 0.25, ""lens"": ""pc1"", ""lens_scaling"": ""standardize"", ""min_cluster_size"": 21, ""min_samples"": 5, ""n_class"": 423, ""n_edges"": 5, ""n_intervals"": 6, ""n_vertices"": 6, ""noise_reassigned"": 383, ""placement"": ""quantile"", ""slabs"": [{""k"": 1, ""n"": 80}, {""k"": 1, ""n"": 88}, {""k"": 1, ""n"": 88}, {""k"": 1, ""n"": 88}, {""k"": 1, ""n"": 88}, {""k"": 1, ""n"": 80}]}, {""constant_lens"": false, ""gain"": 0.25, ""lens"": ""pc1"", ""lens_scaling"": ""standardize"", ""min_cluster_size"": 21, ""min_samples"": 5, ""n_class"": 477, ""n_edges"": 5, ""n_intervals"": 6, ""n_vertices"": 6, ""noise_reassigned"": 348, ""placement"": ""quantile"", ""slabs"": [{""k"": 1, ""n"": 90}, {""k"": 1, ""n"": 99}, {""k"": 1, ""n"": 99}, {""k"": 1, ""n"": 99}, {""k"": 1, ""n"": 99}, {""k"": 1, ""n"": 90}]}, {""constant_lens"": false, ""gain"": 0.25, ""lens"": ""pc1"", ""lens_scaling"": ""standardize"", ""min_cluster_size"": 21, ""min_samples"": 5, ""n_class"": 1018, ""n_edges"": 6, ""n_intervals"": 7, ""n_vertices"": 7, ""noise_reassigned"": 1089, ""placement"": ""quantile"", ""slabs"": [{""k"": 1, ""n"": 164}, {""k"": 1, ""n"": 181}, {""k"": 1, ""n"": 182}, {""k"": 1, ""n"": 182}, {""k"": 1, ""n"": 182}, {""k"": 1, ""n"": 181}, {""k"": 1, ""n"": 164}]}], ""soundness_bound_holds"": true, ""step_rule"": ""scale_free"", ""topology_retention_nerve_to_frozen"": {""beta0_frozen"": 15, ""beta0_nerve"": 6, ""beta1_frozen"": 0, ""beta1_nerve"": 0}}",True
0.8975155279503105,290,False,0.05007770678639268,0.05,,5.057181999960449,89.74445899995044,84.68727699998999,satimage,4,"{""epsilon"": 0.1, ""window"": 0.2}",LVQ3,10,290,644,5791,0.9499222932136073,1960713163,False,,True
0.8881987577639752,290,False,0.05007770678639268,0.05,"{""0"": 69, ""1"": 32, ""2"": 61, ""3"": 28, ""4"": 32, ""5"": 68}",3.342135999992024,3.342135999992024,0.0,satimage,4,,KMeans,10,290,644,5791,0.9499222932136073,1960713163,False,,True
0.843167701863354,290,False,0.05007770678639268,0.05,"{""0"": 69, ""1"": 32, ""2"": 61, ""3"": 28, ""4"": 32, ""5"": 68}",0.0017109999898821115,0.0017109999898821115,0.0,satimage,4,,Random,10,290,644,5791,0.9499222932136073,1960713163,False,,True
0.8711180124223602,290,False,0.05007770678639268,0.05,,1.9640389999840409,1.9640389999840409,0.0,satimage,4,,SPOT,10,290,644,5791,0.9499222932136073,1960713163,False,,True
0.8478260869565217,290,False,0.05007770678639268,0.05,,38.570403999998234,38.570403999998234,0.0,satimage,4,,GLVQ,10,290,644,5791,0.9499222932136073,1960713163,False,,True
0.8959627329192547,290,False,0.05007770678639268,0.05,,3.836777999997139,3.836777999997139,0.0,satimage,4,,GNG,10,290,644,5791,0.9499222932136073,1960713163,False,,True
0.9083850931677019,579,False,0.09998273182524607,0.1,,0.0013620000099763274,0.0013620000099763274,0.0,satimage,4,,Full,10,5791,644,5791,0.0,1960713163,True,,False
0.9037267080745341,579,False,0.09998273182524607,0.1,,1.807327999966219,1.807327999966219,0.0,satimage,4,,RSP3,10,1566,644,5791,0.7295803833534795,1960713163,True,,False
0.8726708074534162,579,False,0.09998273182524607,0.1,,1.734574000001885,1.734574000001885,0.0,satimage,4,,RHC,10,576,644,5791,0.9005353134173718,1960713163,True,,False
0.8804347826086957,579,False,0.09998273182524607,0.1,,11.213673999998719,11.213673999998719,0.0,satimage,4,,SPINE+1NN,10,579,644,5791,0.9000172681747539,1960713163,False,"{""admission"": {""criterion"": ""risk"", ""removed_risk"": 9, ""removed_support"": 0}, ""betti_final"": [[2, 0], [2, 0], [2, 0], [4, 0], [2, 0], [3, 0]], ""betti_frozen"": [[2, 0], [2, 0], [2, 0], [4, 0], [2, 0], [3, 0]], ""betti_nerve"": [[1, 0], [1, 0], [1, 0], [1, 0], [1, 0], [1, 0]], ""boundary_restriction"": ""both"", ""forced_removals"": 0, ""growth_representation_fallbacks"": 429, ""invariant_held"": true, ""n_segments"": 564, ""n_train_fit"": 4343, ""n_val"": 1448, ""phase0"": [{""constant_lens"": false, ""gain"": 0.25, ""lens"": ""pc1"", ""lens_scaling"": ""standardize"", ""min_cluster_size"": 21, ""min_samples"": 5, ""n_class"": 1034, ""n_edges"": 6, ""n_intervals"": 7, ""n_vertices"": 7, ""noise_reassigned"": 1154, ""placement"": ""uniform"", ""slabs"": [{""k"": 1, ""n"": 98}, {""k"": 1, ""n"": 373}, {""k"": 1, ""n"": 227}, {""k"": 1, ""n"": 201}, {""k"": 1, ""n"": 173}, {""k"": 1, ""n"": 145}, {""k"": 1, ""n"": 87}]}, {""constant_lens"": false, ""gain"": 0.25, ""lens"": ""pc1"", ""lens_scaling"": ""standardize"", ""min_cluster_size"": 21, ""min_samples"": 5, ""n_class"": 475, ""n_edges"": 5, ""n_intervals"": 6, ""n_vertices"": 6, ""noise_reassigned"": 366, ""placement"": ""quantile"", ""slabs"": [{""k"": 1, ""n"": 89}, {""k"": 1, ""n"": 98}, {""k"": 1, ""n"": 98}, {""k"": 1, ""n"": 98}, {""k"": 1, ""n"": 98}, {""k"": 1, ""n"": 89}]}, {""constant_lens"": false, ""gain"": 0.25, ""lens"": ""pc1"", ""lens_scaling"": ""standardize"", ""min_cluster_size"": 21, ""min_samples"": 5, ""n_class"": 916, ""n_edges"": 5, ""n_intervals"": 6, ""n_vertices"": 6, ""noise_reassigned"": 972, ""placement"": ""quantile"", ""slabs"": [{""k"": 1, ""n"": 172}, {""k"": 1, ""n"": 191}, {""k"": 1, ""n"": 191}, {""k"": 1, ""n"": 191}, {""k"": 1, ""n"": 191}, {""k"": 1, ""n"": 172}]}, {""constant_lens"": false, ""gain"": 0.25, ""lens"": ""pc1"", ""lens_scaling"": ""standardize"", ""min_cluster_size"": 21, ""min_samples"": 5, ""n_class"": 423, ""n_edges"": 5, ""n_intervals"": 6, ""n_vertices"": 6, ""noise_reassigned"": 383, ""placement"": ""quantile"", ""slabs"": [{""k"": 1, ""n"": 80}, {""k"": 1, ""n"": 88}, {""k"": 1, ""n"": 88}, {""k"": 1, ""n"": 88}, {""k"": 1, ""n"": 88}, {""k"": 1, ""n"": 80}]}, {""constant_lens"": false, ""gain"": 0.25, ""lens"": ""pc1"", ""lens_scaling"": ""standardize"", ""min_cluster_size"": 21, ""min_samples"": 5, ""n_class"": 477, ""n_edges"": 5, ""n_intervals"": 6, ""n_vertices"": 6, ""noise_reassigned"": 348, ""placement"": ""quantile"", ""slabs"": [{""k"": 1, ""n"": 90}, {""k"": 1, ""n"": 99}, {""k"": 1, ""n"": 99}, {""k"": 1, ""n"": 99}, {""k"": 1, ""n"": 99}, {""k"": 1, ""n"": 90}]}, {""constant_lens"": false, ""gain"": 0.25, ""lens"": ""pc1"", ""lens_scaling"": ""standardize"", ""min_cluster_size"": 21, ""min_samples"": 5, ""n_class"": 1018, ""n_edges"": 6, ""n_intervals"": 7, ""n_vertices"": 7, ""noise_reassigned"": 1089, ""placement"": ""quantile"", ""slabs"": [{""k"": 1, ""n"": 164}, {""k"": 1, ""n"": 181}, {""k"": 1, ""n"": 182}, {""k"": 1, ""n"": 182}, {""k"": 1, ""n"": 182}, {""k"": 1, ""n"": 181}, {""k"": 1, ""n"": 164}]}], ""soundness_bound_holds"": true, ""step_rule"": ""scale_free"", ""topology_retention_nerve_to_frozen"": {""beta0_frozen"": 15, ""beta0_nerve"": 6, ""beta1_frozen"": 0, ""beta1_nerve"": 0}}",True
0.8788819875776398,579,False,0.09998273182524607,0.1,,11.213673999998719,11.213673999998719,0.0,satimage,4,,SPINE+Graph,10,579,644,5791,0.9000172681747539,1960713163,False,"{""admission"": {""criterion"": ""risk"", ""removed_risk"": 9, ""removed_support"": 0}, ""betti_final"": [[2, 0], [2, 0], [2, 0], [4, 0], [2, 0], [3, 0]], ""betti_frozen"": [[2, 0], [2, 0], [2, 0], [4, 0], [2, 0], [3, 0]], ""betti_nerve"": [[1, 0], [1, 0], [1, 0], [1, 0], [1, 0], [1, 0]], ""boundary_restriction"": ""both"", ""forced_removals"": 0, ""growth_representation_fallbacks"": 429, ""invariant_held"": true, ""n_segments"": 564, ""n_train_fit"": 4343, ""n_val"": 1448, ""phase0"": [{""constant_lens"": false, ""gain"": 0.25, ""lens"": ""pc1"", ""lens_scaling"": ""standardize"", ""min_cluster_size"": 21, ""min_samples"": 5, ""n_class"": 1034, ""n_edges"": 6, ""n_intervals"": 7, ""n_vertices"": 7, ""noise_reassigned"": 1154, ""placement"": ""uniform"", ""slabs"": [{""k"": 1, ""n"": 98}, {""k"": 1, ""n"": 373}, {""k"": 1, ""n"": 227}, {""k"": 1, ""n"": 201}, {""k"": 1, ""n"": 173}, {""k"": 1, ""n"": 145}, {""k"": 1, ""n"": 87}]}, {""constant_lens"": false, ""gain"": 0.25, ""lens"": ""pc1"", ""lens_scaling"": ""standardize"", ""min_cluster_size"": 21, ""min_samples"": 5, ""n_class"": 475, ""n_edges"": 5, ""n_intervals"": 6, ""n_vertices"": 6, ""noise_reassigned"": 366, ""placement"": ""quantile"", ""slabs"": [{""k"": 1, ""n"": 89}, {""k"": 1, ""n"": 98}, {""k"": 1, ""n"": 98}, {""k"": 1, ""n"": 98}, {""k"": 1, ""n"": 98}, {""k"": 1, ""n"": 89}]}, {""constant_lens"": false, ""gain"": 0.25, ""lens"": ""pc1"", ""lens_scaling"": ""standardize"", ""min_cluster_size"": 21, ""min_samples"": 5, ""n_class"": 916, ""n_edges"": 5, ""n_intervals"": 6, ""n_vertices"": 6, ""noise_reassigned"": 972, ""placement"": ""quantile"", ""slabs"": [{""k"": 1, ""n"": 172}, {""k"": 1, ""n"": 191}, {""k"": 1, ""n"": 191}, {""k"": 1, ""n"": 191}, {""k"": 1, ""n"": 191}, {""k"": 1, ""n"": 172}]}, {""constant_lens"": false, ""gain"": 0.25, ""lens"": ""pc1"", ""lens_scaling"": ""standardize"", ""min_cluster_size"": 21, ""min_samples"": 5, ""n_class"": 423, ""n_edges"": 5, ""n_intervals"": 6, ""n_vertices"": 6, ""noise_reassigned"": 383, ""placement"": ""quantile"", ""slabs"": [{""k"": 1, ""n"": 80}, {""k"": 1, ""n"": 88}, {""k"": 1, ""n"": 88}, {""k"": 1, ""n"": 88}, {""k"": 1, ""n"": 88}, {""k"": 1, ""n"": 80}]}, {""constant_lens"": false, ""gain"": 0.25, ""lens"": ""pc1"", ""lens_scaling"": ""standardize"", ""min_cluster_size"": 21, ""min_samples"": 5, ""n_class"": 477, ""n_edges"": 5, ""n_intervals"": 6, ""n_vertices"": 6, ""noise_reassigned"": 348, ""placement"": ""quantile"", ""slabs"": [{""k"": 1, ""n"": 90}, {""k"": 1, ""n"": 99}, {""k"": 1, ""n"": 99}, {""k"": 1, ""n"": 99}, {""k"": 1, ""n"": 99}, {""k"": 1, ""n"": 90}]}, {""constant_lens"": false, ""gain"": 0.25, ""lens"": ""pc1"", ""lens_scaling"": ""standardize"", ""min_cluster_size"": 21, ""min_samples"": 5, ""n_class"": 1018, ""n_edges"": 6, ""n_intervals"": 7, ""n_vertices"": 7, ""noise_reassigned"": 1089, ""placement"": ""quantile"", ""slabs"": [{""k"": 1, ""n"": 164}, {""k"": 1, ""n"": 181}, {""k"": 1, ""n"": 182}, {""k"": 1, ""n"": 182}, {""k"": 1, ""n"": 182}, {""k"": 1, ""n"": 181}, {""k"": 1, ""n"": 164}]}], ""soundness_bound_holds"": true, ""step_rule"": ""scale_free"", ""topology_retention_nerve_to_frozen"": {""beta0_frozen"": 15, ""beta0_nerve"": 6, ""beta1_frozen"": 0, ""beta1_nerve"": 0}}",True
0.9130434782608695,579,False,0.09998273182524607,0.1,,7.414639000024181,130.98932799999602,123.57468899997184,satimage,4,"{""epsilon"": 0.1, ""window"": 0.2}",LVQ3,10,579,644,5791,0.9000172681747539,1960713163,False,,True
0.8944099378881988,579,False,0.09998273182524607,0.1,"{""0"": 138, ""1"": 63, ""2"": 122, ""3"": 56, ""4"": 64, ""5"": 136}",5.233057000034023,5.233057000034023,0.0,satimage,4,,KMeans,10,579,644,5791,0.9000172681747539,1960713163,False,,True
0.8649068322981367,579,False,0.09998273182524607,0.1,"{""0"": 138, ""1"": 63, ""2"": 122, ""3"": 56, ""4"": 64, ""5"": 136}",0.001892999978736043,0.001892999978736043,0.0,satimage,4,,Random,10,579,644,5791,0.9000172681747539,1960713163,False,,True
0.8944099378881988,579,False,0.09998273182524607,0.1,,2.0689390000188723,2.0689390000188723,0.0,satimage,4,,SPOT,10,579,644,5791,0.9000172681747539,1960713163,False,,True
0.8478260869565217,579,False,0.09998273182524607,0.1,,74.53402599995025,74.53402599995025,0.0,satimage,4,,GLVQ,10,579,644,5791,0.9000172681747539,1960713163,False,,True
0.9037267080745341,579,False,0.09998273182524607,0.1,,9.365752000012435,9.365752000012435,0.0,satimage,4,,GNG,10,579,644,5791,0.9000172681747539,1960713163,False,,True
0.9083850931677019,1448,False,0.25004317043688484,0.25,,0.0013620000099763274,0.0013620000099763274,0.0,satimage,4,,Full,10,5791,644,5791,0.0,1960713163,True,,False
0.9037267080745341,1448,False,0.25004317043688484,0.25,,1.807327999966219,1.807327999966219,0.0,satimage,4,,RSP3,10,1566,644,5791,0.7295803833534795,1960713163,True,,False
0.8726708074534162,1448,False,0.25004317043688484,0.25,,1.734574000001885,1.734574000001885,0.0,satimage,4,,RHC,10,576,644,5791,0.9005353134173718,1960713163,True,,False
0.906832298136646,1448,False,0.25004317043688484,0.25,,37.66344199999003,37.66344199999003,0.0,satimage,4,,SPINE+1NN,10,1448,644,5791,0.7499568295631152,1960713163,False,"{""admission"": {""criterion"": ""risk"", ""removed_risk"": 9, ""removed_support"": 0}, ""betti_final"": [[2, 0], [2, 0], [2, 0], [4, 0], [2, 0], [3, 0]], ""betti_frozen"": [[2, 0], [2, 0], [2, 0], [4, 0], [2, 0], [3, 0]], ""betti_nerve"": [[1, 0], [1, 0], [1, 0], [1, 0], [1, 0], [1, 0]], ""boundary_restriction"": ""both"", ""forced_removals"": 0, ""growth_representation_fallbacks"": 1416, ""invariant_held"": true, ""n_segments"": 1433, ""n_train_fit"": 4343, ""n_val"": 1448, ""phase0"": [{""constant_lens"": false, ""gain"": 0.25, ""lens"": ""pc1"", ""lens_scaling"": ""standardize"", ""min_cluster_size"": 21, ""min_samples"": 5, ""n_class"": 1034, ""n_edges"": 6, ""n_intervals"": 7, ""n_vertices"": 7, ""noise_reassigned"": 1154, ""placement"": ""uniform"", ""slabs"": [{""k"": 1, ""n"": 98}, {""k"": 1, ""n"": 373}, {""k"": 1, ""n"": 227}, {""k"": 1, ""n"": 201}, {""k"": 1, ""n"": 173}, {""k"": 1, ""n"": 145}, {""k"": 1, ""n"": 87}]}, {""constant_lens"": false, ""gain"": 0.25, ""lens"": ""pc1"", ""lens_scaling"": ""standardize"", ""min_cluster_size"": 21, ""min_samples"": 5, ""n_class"": 475, ""n_edges"": 5, ""n_intervals"": 6, ""n_vertices"": 6, ""noise_reassigned"": 366, ""placement"": ""quantile"", ""slabs"": [{""k"": 1, ""n"": 89}, {""k"": 1, ""n"": 98}, {""k"": 1, ""n"": 98}, {""k"": 1, ""n"": 98}, {""k"": 1, ""n"": 98}, {""k"": 1, ""n"": 89}]}, {""constant_lens"": false, ""gain"": 0.25, ""lens"": ""pc1"", ""lens_scaling"": ""standardize"", ""min_cluster_size"": 21, ""min_samples"": 5, ""n_class"": 916, ""n_edges"": 5, ""n_intervals"": 6, ""n_vertices"": 6, ""noise_reassigned"": 972, ""placement"": ""quantile"", ""slabs"": [{""k"": 1, ""n"": 172}, {""k"": 1, ""n"": 191}, {""k"": 1, ""n"": 191}, {""k"": 1, ""n"": 191}, {""k"": 1, ""n"": 191}, {""k"": 1, ""n"": 172}]}, {""constant_lens"": false, ""gain"": 0.25, ""lens"": ""pc1"", ""lens_scaling"": ""standardize"", ""min_cluster_size"": 21, ""min_samples"": 5, ""n_class"": 423, ""n_edges"": 5, ""n_intervals"": 6, ""n_vertices"": 6, ""noise_reassigned"": 383, ""placement"": ""quantile"", ""slabs"": [{""k"": 1, ""n"": 80}, {""k"": 1, ""n"": 88}, {""k"": 1, ""n"": 88}, {""k"": 1, ""n"": 88}, {""k"": 1, ""n"": 88}, {""k"": 1, ""n"": 80}]}, {""constant_lens"": false, ""gain"": 0.25, ""lens"": ""pc1"", ""lens_scaling"": ""standardize"", ""min_cluster_size"": 21, ""min_samples"": 5, ""n_class"": 477, ""n_edges"": 5, ""n_intervals"": 6, ""n_vertices"": 6, ""noise_reassigned"": 348, ""placement"": ""quantile"", ""slabs"": [{""k"": 1, ""n"": 90}, {""k"": 1, ""n"": 99}, {""k"": 1, ""n"": 99}, {""k"": 1, ""n"": 99}, {""k"": 1, ""n"": 99}, {""k"": 1, ""n"": 90}]}, {""constant_lens"": false, ""gain"": 0.25, ""lens"": ""pc1"", ""lens_scaling"": ""standardize"", ""min_cluster_size"": 21, ""min_samples"": 5, ""n_class"": 1018, ""n_edges"": 6, ""n_intervals"": 7, ""n_vertices"": 7, ""noise_reassigned"": 1089, ""placement"": ""quantile"", ""slabs"": [{""k"": 1, ""n"": 164}, {""k"": 1, ""n"": 181}, {""k"": 1, ""n"": 182}, {""k"": 1, ""n"": 182}, {""k"": 1, ""n"": 182}, {""k"": 1, ""n"": 181}, {""k"": 1, ""n"": 164}]}], ""soundness_bound_holds"": true, ""step_rule"": ""scale_free"", ""topology_retention_nerve_to_frozen"": {""beta0_frozen"": 15, ""beta0_nerve"": 6, ""beta1_frozen"": 0, ""beta1_nerve"": 0}}",True
0.90527950310559,1448,False,0.25004317043688484,0.25,,37.66344199999003,37.66344199999003,0.0,satimage,4,,SPINE+Graph,10,1448,644,5791,0.7499568295631152,1960713163,False,"{""admission"": {""criterion"": ""risk"", ""removed_risk"": 9, ""removed_support"": 0}, ""betti_final"": [[2, 0], [2, 0], [2, 0], [4, 0], [2, 0], [3, 0]], ""betti_frozen"": [[2, 0], [2, 0], [2, 0], [4, 0], [2, 0], [3, 0]], ""betti_nerve"": [[1, 0], [1, 0], [1, 0], [1, 0], [1, 0], [1, 0]], ""boundary_restriction"": ""both"", ""forced_removals"": 0, ""growth_representation_fallbacks"": 1416, ""invariant_held"": true, ""n_segments"": 1433, ""n_train_fit"": 4343, ""n_val"": 1448, ""phase0"": [{""constant_lens"": false, ""gain"": 0.25, ""lens"": ""pc1"", ""lens_scaling"": ""standardize"", ""min_cluster_size"": 21, ""min_samples"": 5, ""n_class"": 1034, ""n_edges"": 6, ""n_intervals"": 7, ""n_vertices"": 7, ""noise_reassigned"": 1154, ""placement"": ""uniform"", ""slabs"": [{""k"": 1, ""n"": 98}, {""k"": 1, ""n"": 373}, {""k"": 1, ""n"": 227}, {""k"": 1, ""n"": 201}, {""k"": 1, ""n"": 173}, {""k"": 1, ""n"": 145}, {""k"": 1, ""n"": 87}]}, {""constant_lens"": false, ""gain"": 0.25, ""lens"": ""pc1"", ""lens_scaling"": ""standardize"", ""min_cluster_size"": 21, ""min_samples"": 5, ""n_class"": 475, ""n_edges"": 5, ""n_intervals"": 6, ""n_vertices"": 6, ""noise_reassigned"": 366, ""placement"": ""quantile"", ""slabs"": [{""k"": 1, ""n"": 89}, {""k"": 1, ""n"": 98}, {""k"": 1, ""n"": 98}, {""k"": 1, ""n"": 98}, {""k"": 1, ""n"": 98}, {""k"": 1, ""n"": 89}]}, {""constant_lens"": false, ""gain"": 0.25, ""lens"": ""pc1"", ""lens_scaling"": ""standardize"", ""min_cluster_size"": 21, ""min_samples"": 5, ""n_class"": 916, ""n_edges"": 5, ""n_intervals"": 6, ""n_vertices"": 6, ""noise_reassigned"": 972, ""placement"": ""quantile"", ""slabs"": [{""k"": 1, ""n"": 172}, {""k"": 1, ""n"": 191}, {""k"": 1, ""n"": 191}, {""k"": 1, ""n"": 191}, {""k"": 1, ""n"": 191}, {""k"": 1, ""n"": 172}]}, {""constant_lens"": false, ""gain"": 0.25, ""lens"": ""pc1"", ""lens_scaling"": ""standardize"", ""min_cluster_size"": 21, ""min_samples"": 5, ""n_class"": 423, ""n_edges"": 5, ""n_intervals"": 6, ""n_vertices"": 6, ""noise_reassigned"": 383, ""placement"": ""quantile"", ""slabs"": [{""k"": 1, ""n"": 80}, {""k"": 1, ""n"": 88}, {""k"": 1, ""n"": 88}, {""k"": 1, ""n"": 88}, {""k"": 1, ""n"": 88}, {""k"": 1, ""n"": 80}]}, {""constant_lens"": false, ""gain"": 0.25, ""lens"": ""pc1"", ""lens_scaling"": ""standardize"", ""min_cluster_size"": 21, ""min_samples"": 5, ""n_class"": 477, ""n_edges"": 5, ""n_intervals"": 6, ""n_vertices"": 6, ""noise_reassigned"": 348, ""placement"": ""quantile"", ""slabs"": [{""k"": 1, ""n"": 90}, {""k"": 1, ""n"": 99}, {""k"": 1, ""n"": 99}, {""k"": 1, ""n"": 99}, {""k"": 1, ""n"": 99}, {""k"": 1, ""n"": 90}]}, {""constant_lens"": false, ""gain"": 0.25, ""lens"": ""pc1"", ""lens_scaling"": ""standardize"", ""min_cluster_size"": 21, ""min_samples"": 5, ""n_class"": 1018, ""n_edges"": 6, ""n_intervals"": 7, ""n_vertices"": 7, ""noise_reassigned"": 1089, ""placement"": ""quantile"", ""slabs"": [{""k"": 1, ""n"": 164}, {""k"": 1, ""n"": 181}, {""k"": 1, ""n"": 182}, {""k"": 1, ""n"": 182}, {""k"": 1, ""n"": 182}, {""k"": 1, ""n"": 181}, {""k"": 1, ""n"": 164}]}], ""soundness_bound_holds"": true, ""step_rule"": ""scale_free"", ""topology_retention_nerve_to_frozen"": {""beta0_frozen"": 15, ""beta0_nerve"": 6, ""beta1_frozen"": 0, ""beta1_nerve"": 0}}",True
0.9021739130434783,1448,False,0.25004317043688484,0.25,,17.672615999996196,306.87947200000053,289.20685600000434,satimage,4,"{""epsilon"": 0.3, ""window"": 0.2}",LVQ3,10,1448,644,5791,0.7499568295631152,1960713163,False,,True
0.906832298136646,1448,False,0.25004317043688484,0.25,"{""0"": 345, ""1"": 158, ""2"": 306, ""3"": 141, ""4"": 159, ""5"": 339}",10.565298000001349,10.565298000001349,0.0,satimage,4,,KMeans,10,1448,644,5791,0.7499568295631152,1960713163,False,,True
0.8819875776397516,1448,False,0.25004317043688484,0.25,"{""0"": 345, ""1"": 158, ""2"": 306, ""3"": 141, ""4"": 159, ""5"": 339}",0.0022640000097453594,0.0022640000097453594,0.0,satimage,4,,Random,10,1448,644,5791,0.7499568295631152,1960713163,False,,True
0.889751552795031,1448,False,0.25004317043688484,0.25,,2.154735999996774,2.154735999996774,0.0,satimage,4,,SPOT,10,1448,644,5791,0.7499568295631152,1960713163,False,,True
0.8478260869565217,1448,False,0.25004317043688484,0.25,,181.30976899998495,181.30976899998495,0.0,satimage,4,,GLVQ,10,1448,644,5791,0.7499568295631152,1960713163,False,,True
0.9006211180124224,1448,False,0.25004317043688484,0.25,,46.19065900001442,46.19065900001442,0.0,satimage,4,,GNG,10,1448,644,5791,0.7499568295631152,1960713163,False,,True
0.9161490683229814,29,False,0.005007770678639268,0.005,,0.0015249999705702066,0.0015249999705702066,0.0,satimage,5,,Full,10,5791,644,5791,0.0,1961713166,False,,False
0.9114906832298136,29,False,0.005007770678639268,0.005,,1.803611999959685,1.803611999959685,0.0,satimage,5,,RSP3,10,1543,644,5791,0.7335520635468831,1961713166,False,,False
0.9006211180124224,29,False,0.005007770678639268,0.005,,1.7563489999738522,1.7563489999738522,0.0,satimage,5,,RHC,10,585,644,5791,0.8989811776895182,1961713166,False,,False
0.8090062111801242,29,False,0.005007770678639268,0.005,,4.3877339999889955,4.3877339999889955,0.0,satimage,5,,SPINE+1NN,10,29,644,5791,0.9949922293213608,1961713166,False,"{""admission"": {""criterion"": ""risk"", ""removed_risk"": 7, ""removed_support"": 0}, ""betti_final"": [[1, 0], [2, 0], [2, 0], [3, 0], [2, 0], [2, 0]], ""betti_frozen"": [[1, 0], [2, 0], [2, 0], [4, 0], [2, 0], [2, 0]], ""betti_nerve"": [[1, 0], [1, 0], [1, 0], [1, 0], [1, 0], [1, 0]], ""boundary_restriction"": ""both"", ""forced_removals"": 1, ""growth_representation_fallbacks"": 0, ""invariant_held"": false, ""n_segments"": 17, ""n_train_fit"": 4343, ""n_val"": 1448, ""phase0"": [{""constant_lens"": false, ""gain"": 0.25, ""lens"": ""pc1"", ""lens_scaling"": ""standardize"", ""min_cluster_size"": 21, ""min_samples"": 5, ""n_class"": 1034, ""n_edges"": 6, ""n_intervals"": 7, ""n_vertices"": 7, ""noise_reassigned"": 1137, ""placement"": ""uniform"", ""slabs"": [{""k"": 1, ""n"": 105}, {""k"": 1, ""n"": 376}, {""k"": 1, ""n"": 225}, {""k"": 1, ""n"": 188}, {""k"": 1, ""n"": 161}, {""k"": 1, ""n"": 150}, {""k"": 1, ""n"": 84}]}, {""constant_lens"": false, ""gain"": 0.25, ""lens"": ""pc1"", ""lens_scaling"": ""standardize"", ""min_cluster_size"": 21, ""min_samples"": 5, ""n_class"": 475, ""n_edges"": 5, ""n_intervals"": 6, ""n_vertices"": 6, ""noise_reassigned"": 379, ""placement"": ""quantile"", ""slabs"": [{""k"": 1, ""n"": 89}, {""k"": 1, ""n"": 98}, {""k"": 1, ""n"": 98}, {""k"": 1, ""n"": 98}, {""k"": 1, ""n"": 98}, {""k"": 1, ""n"": 89}]}, {""constant_lens"": false, ""gain"": 0.25, ""lens"": ""pc1"", ""lens_scaling"": ""standardize"", ""min_cluster_size"": 21, ""min_samples"": 5, ""n_class"": 921, ""n_edges"": 5, ""n_intervals"": 6, ""n_vertices"": 6, ""noise_reassigned"": 986, ""placement"": ""quantile"", ""slabs"": [{""k"": 1, ""n"": 173}, {""k"": 1, ""n"": 191}, {""k"": 1, ""n"": 192}, {""k"": 1, ""n"": 192}, {""k"": 1, ""n"": 191}, {""k"": 1, ""n"": 173}]}, {""constant_lens"": false, ""gain"": 0.25, ""lens"": ""pc1"", ""lens_scaling"": ""standardize"", ""min_cluster_size"": 21, ""min_samples"": 5, ""n_class"": 419, ""n_edges"": 5, ""n_intervals"": 6, ""n_vertices"": 6, ""noise_reassigned"": 381, ""placement"": ""quantile"", ""slabs"": [{""k"": 1, ""n"": 79}, {""k"": 1, ""n"": 88}, {""k"": 1, ""n"": 87}, {""k"": 1, ""n"": 87}, {""k"": 1, ""n"": 88}, {""k"": 1, ""n"": 79}]}, {""constant_lens"": false, ""gain"": 0.25, ""lens"": ""pc1"", ""lens_scaling"": ""standardize"", ""min_cluster_size"": 21, ""min_samples"": 5, ""n_class"": 479, ""n_edges"": 5, ""n_intervals"": 6, ""n_vertices"": 6, ""noise_reassigned"": 362, ""placement"": ""quantile"", ""slabs"": [{""k"": 1, ""n"": 90}, {""k"": 1, ""n"": 100}, {""k"": 1, ""n"": 99}, {""k"": 1, ""n"": 99}, {""k"": 1, ""n"": 100}, {""k"": 1, ""n"": 90}]}, {""constant_lens"": false, ""gain"": 0.25, ""lens"": ""pc1"", ""lens_scaling"": ""standardize"", ""min_cluster_size"": 21, ""min_samples"": 5, ""n_class"": 1015, ""n_edges"": 6, ""n_intervals"": 7, ""n_vertices"": 7, ""noise_reassigned"": 1083, ""placement"": ""quantile"", ""slabs"": [{""k"": 1, ""n"": 163}, {""k"": 1, ""n"": 181}, {""k"": 1, ""n"": 181}, {""k"": 1, ""n"": 181}, {""k"": 1, ""n"": 181}, {""k"": 1, ""n"": 181}, {""k"": 1, ""n"": 163}]}], ""soundness_bound_holds"": true, ""step_rule"": ""scale_free"", ""topology_retention_nerve_to_frozen"": {""beta0_frozen"": 13, ""beta0_nerve"": 6, ""beta1_frozen"": 0, ""beta1_nerve"": 0}}",True
0.8245341614906833,29,False,0.005007770678639268,0.005,,4.3877339999889955,4.3877339999889955,0.0,satimage,5,,SPINE+Graph,10,29,644,5791,0.9949922293213608,1961713166,False,"{""admission"": {""criterion"": ""risk"", ""removed_risk"": 7, ""removed_support"": 0}, ""betti_final"": [[1, 0], [2, 0], [2, 0], [3, 0], [2, 0], [2, 0]], ""betti_frozen"": [[1, 0], [2, 0], [2, 0], [4, 0], [2, 0], [2, 0]], ""betti_nerve"": [[1, 0], [1, 0], [1, 0], [1, 0], [1, 0], [1, 0]], ""boundary_restriction"": ""both"", ""forced_removals"": 1, ""growth_representation_fallbacks"": 0, ""invariant_held"": false, ""n_segments"": 17, ""n_train_fit"": 4343, ""n_val"": 1448, ""phase0"": [{""constant_lens"": false, ""gain"": 0.25, ""lens"": ""pc1"", ""lens_scaling"": ""standardize"", ""min_cluster_size"": 21, ""min_samples"": 5, ""n_class"": 1034, ""n_edges"": 6, ""n_intervals"": 7, ""n_vertices"": 7, ""noise_reassigned"": 1137, ""placement"": ""uniform"", ""slabs"": [{""k"": 1, ""n"": 105}, {""k"": 1, ""n"": 376}, {""k"": 1, ""n"": 225}, {""k"": 1, ""n"": 188}, {""k"": 1, ""n"": 161}, {""k"": 1, ""n"": 150}, {""k"": 1, ""n"": 84}]}, {""constant_lens"": false, ""gain"": 0.25, ""lens"": ""pc1"", ""lens_scaling"": ""standardize"", ""min_cluster_size"": 21, ""min_samples"": 5, ""n_class"": 475, ""n_edges"": 5, ""n_intervals"": 6, ""n_vertices"": 6, ""noise_reassigned"": 379, ""placement"": ""quantile"", ""slabs"": [{""k"": 1, ""n"": 89}, {""k"": 1, ""n"": 98}, {""k"": 1, ""n"": 98}, {""k"": 1, ""n"": 98}, {""k"": 1, ""n"": 98}, {""k"": 1, ""n"": 89}]}, {""constant_lens"": false, ""gain"": 0.25, ""lens"": ""pc1"", ""lens_scaling"": ""standardize"", ""min_cluster_size"": 21, ""min_samples"": 5, ""n_class"": 921, ""n_edges"": 5, ""n_intervals"": 6, ""n_vertices"": 6, ""noise_reassigned"": 986, ""placement"": ""quantile"", ""slabs"": [{""k"": 1, ""n"": 173}, {""k"": 1, ""n"": 191}, {""k"": 1, ""n"": 192}, {""k"": 1, ""n"": 192}, {""k"": 1, ""n"": 191}, {""k"": 1, ""n"": 173}]}, {""constant_lens"": false, ""gain"": 0.25, ""lens"": ""pc1"", ""lens_scaling"": ""standardize"", ""min_cluster_size"": 21, ""min_samples"": 5, ""n_class"": 419, ""n_edges"": 5, ""n_intervals"": 6, ""n_vertices"": 6, ""noise_reassigned"": 381, ""placement"": ""quantile"", ""slabs"": [{""k"": 1, ""n"": 79}, {""k"": 1, ""n"": 88}, {""k"": 1, ""n"": 87}, {""k"": 1, ""n"": 87}, {""k"": 1, ""n"": 88}, {""k"": 1, ""n"": 79}]}, {""constant_lens"": false, ""gain"": 0.25, ""lens"": ""pc1"", ""lens_scaling"": ""standardize"", ""min_cluster_size"": 21, ""min_samples"": 5, ""n_class"": 479, ""n_edges"": 5, ""n_intervals"": 6, ""n_vertices"": 6, ""noise_reassigned"": 362, ""placement"": ""quantile"", ""slabs"": [{""k"": 1, ""n"": 90}, {""k"": 1, ""n"": 100}, {""k"": 1, ""n"": 99}, {""k"": 1, ""n"": 99}, {""k"": 1, ""n"": 100}, {""k"": 1, ""n"": 90}]}, {""constant_lens"": false, ""gain"": 0.25, ""lens"": ""pc1"", ""lens_scaling"": ""standardize"", ""min_cluster_size"": 21, ""min_samples"": 5, ""n_class"": 1015, ""n_edges"": 6, ""n_intervals"": 7, ""n_vertices"": 7, ""noise_reassigned"": 1083, ""placement"": ""quantile"", ""slabs"": [{""k"": 1, ""n"": 163}, {""k"": 1, ""n"": 181}, {""k"": 1, ""n"": 181}, {""k"": 1, ""n"": 181}, {""k"": 1, ""n"": 181}, {""k"": 1, ""n"": 181}, {""k"": 1, ""n"": 163}]}], ""soundness_bound_holds"": true, ""step_rule"": ""scale_free"", ""topology_retention_nerve_to_frozen"": {""beta0_frozen"": 13, ""beta0_nerve"": 6, ""beta1_frozen"": 0, ""beta1_nerve"": 0}}",True
0.8773291925465838,29,False,0.005007770678639268,0.005,,2.4639740000129677,47.93554899998708,45.47157499997411,satimage,5,"{""epsilon"": 0.1, ""window"": 0.2}",LVQ3,10,29,644,5791,0.9949922293213608,1961713166,False,,True
0.8478260869565217,29,False,0.005007770678639268,0.005,"{""0"": 7, ""1"": 3, ""2"": 6, ""3"": 3, ""4"": 3, ""5"": 7}",1.273118999961298,1.273118999961298,0.0,satimage,5,,KMeans,10,29,644,5791,0.9949922293213608,1961713166,False,,True
0.7919254658385093,29,False,0.005007770678639268,0.005,"{""0"": 7, ""1"": 3, ""2"": 6, ""3"": 3, ""4"": 3, ""5"": 7}",0.0013850000104866922,0.0013850000104866922,0.0,satimage,5,,Random,10,29,644,5791,0.9949922293213608,1961713166,False,,True
0.8229813664596274,29,False,0.005007770678639268,0.005,,1.3794830000260845,1.3794830000260845,0.0,satimage,5,,SPOT,10,29,644,5791,0.9949922293213608,1961713166,False,,True
0.8524844720496895,29,False,0.005007770678639268,0.005,,6.617866999993566,6.617866999993566,0.0,satimage,5,,GLVQ,10,29,644,5791,0.9949922293213608,1961713166,False,,True
0.8307453416149069,29,False,0.005007770678639268,0.005,,0.8384470000164583,0.8384470000164583,0.0,satimage,5,,GNG,10,29,644,5791,0.9949922293213608,1961713166,False,,True
0.9161490683229814,58,False,0.010015541357278536,0.01,,0.0015249999705702066,0.0015249999705702066,0.0,satimage,5,,Full,10,5791,644,5791,0.0,1961713166,True,,False
0.9114906832298136,58,False,0.010015541357278536,0.01,,1.803611999959685,1.803611999959685,0.0,satimage,5,,RSP3,10,1543,644,5791,0.7335520635468831,1961713166,True,,False
0.9006211180124224,58,False,0.010015541357278536,0.01,,1.7563489999738522,1.7563489999738522,0.0,satimage,5,,RHC,10,585,644,5791,0.8989811776895182,1961713166,True,,False
0.827639751552795,58,False,0.010015541357278536,0.01,,5.407686999998987,5.407686999998987,0.0,satimage,5,,SPINE+1NN,10,58,644,5791,0.9899844586427214,1961713166,False,"{""admission"": {""criterion"": ""risk"", ""removed_risk"": 7, ""removed_support"": 0}, ""betti_final"": [[1, 0], [2, 0], [2, 0], [4, 0], [2, 0], [2, 0]], ""betti_frozen"": [[1, 0], [2, 0], [2, 0], [4, 0], [2, 0], [2, 0]], ""betti_nerve"": [[1, 0], [1, 0], [1, 0], [1, 0], [1, 0], [1, 0]], ""boundary_restriction"": ""both"", ""forced_removals"": 0, ""growth_representation_fallbacks"": 6, ""invariant_held"": true, ""n_segments"": 45, ""n_train_fit"": 4343, ""n_val"": 1448, ""phase0"": [{""constant_lens"": false, ""gain"": 0.25, ""lens"": ""pc1"", ""lens_scaling"": ""standardize"", ""min_cluster_size"": 21, ""min_samples"": 5, ""n_class"": 1034, ""n_edges"": 6, ""n_intervals"": 7, ""n_vertices"": 7, ""noise_reassigned"": 1137, ""placement"": ""uniform"", ""slabs"": [{""k"": 1, ""n"": 105}, {""k"": 1, ""n"": 376}, {""k"": 1, ""n"": 225}, {""k"": 1, ""n"": 188}, {""k"": 1, ""n"": 161}, {""k"": 1, ""n"": 150}, {""k"": 1, ""n"": 84}]}, {""constant_lens"": false, ""gain"": 0.25, ""lens"": ""pc1"", ""lens_scaling"": ""standardize"", ""min_cluster_size"": 21, ""min_samples"": 5, ""n_class"": 475, ""n_edges"": 5, ""n_intervals"": 6, ""n_vertices"": 6, ""noise_reassigned"": 379, ""placement"": ""quantile"", ""slabs"": [{""k"": 1, ""n"": 89}, {""k"": 1, ""n"": 98}, {""k"": 1, ""n"": 98}, {""k"": 1, ""n"": 98}, {""k"": 1, ""n"": 98}, {""k"": 1, ""n"": 89}]}, {""constant_lens"": false, ""gain"": 0.25, ""lens"": ""pc1"", ""lens_scaling"": ""standardize"", ""min_cluster_size"": 21, ""min_samples"": 5, ""n_class"": 921, ""n_edges"": 5, ""n_intervals"": 6, ""n_vertices"": 6, ""noise_reassigned"": 986, ""placement"": ""quantile"", ""slabs"": [{""k"": 1, ""n"": 173}, {""k"": 1, ""n"": 191}, {""k"": 1, ""n"": 192}, {""k"": 1, ""n"": 192}, {""k"": 1, ""n"": 191}, {""k"": 1, ""n"": 173}]}, {""constant_lens"": false, ""gain"": 0.25, ""lens"": ""pc1"", ""lens_scaling"": ""standardize"", ""min_cluster_size"": 21, ""min_samples"": 5, ""n_class"": 419, ""n_edges"": 5, ""n_intervals"": 6, ""n_vertices"": 6, ""noise_reassigned"": 381, ""placement"": ""quantile"", ""slabs"": [{""k"": 1, ""n"": 79}, {""k"": 1, ""n"": 88}, {""k"": 1, ""n"": 87}, {""k"": 1, ""n"": 87}, {""k"": 1, ""n"": 88}, {""k"": 1, ""n"": 79}]}, {""constant_lens"": false, ""gain"": 0.25, ""lens"": ""pc1"", ""lens_scaling"": ""standardize"", ""min_cluster_size"": 21, ""min_samples"": 5, ""n_class"": 479, ""n_edges"": 5, ""n_intervals"": 6, ""n_vertices"": 6, ""noise_reassigned"": 362, ""placement"": ""quantile"", ""slabs"": [{""k"": 1, ""n"": 90}, {""k"": 1, ""n"": 100}, {""k"": 1, ""n"": 99}, {""k"": 1, ""n"": 99}, {""k"": 1, ""n"": 100}, {""k"": 1, ""n"": 90}]}, {""constant_lens"": false, ""gain"": 0.25, ""lens"": ""pc1"", ""lens_scaling"": ""standardize"", ""min_cluster_size"": 21, ""min_samples"": 5, ""n_class"": 1015, ""n_edges"": 6, ""n_intervals"": 7, ""n_vertices"": 7, ""noise_reassigned"": 1083, ""placement"": ""quantile"", ""slabs"": [{""k"": 1, ""n"": 163}, {""k"": 1, ""n"": 181}, {""k"": 1, ""n"": 181}, {""k"": 1, ""n"": 181}, {""k"": 1, ""n"": 181}, {""k"": 1, ""n"": 181}, {""k"": 1, ""n"": 163}]}], ""soundness_bound_holds"": true, ""step_rule"": ""scale_free"", ""topology_retention_nerve_to_frozen"": {""beta0_frozen"": 13, ""beta0_nerve"": 6, ""beta1_frozen"": 0, ""beta1_nerve"": 0}}",True
0.8260869565217391,58,False,0.010015541357278536,0.01,,5.407686999998987,5.407686999998987,0.0,satimage,5,,SPINE+Graph,10,58,644,5791,0.9899844586427214,1961713166,False,"{""admission"": {""criterion"": ""risk"", ""removed_risk"": 7, ""removed_support"": 0}, ""betti_final"": [[1, 0], [2, 0], [2, 0], [4, 0], [2, 0], [2, 0]], ""betti_frozen"": [[1, 0], [2, 0], [2, 0], [4, 0], [2, 0], [2, 0]], ""betti_nerve"": [[1, 0], [1, 0], [1, 0], [1, 0], [1, 0], [1, 0]], ""boundary_restriction"": ""both"", ""forced_removals"": 0, ""growth_representation_fallbacks"": 6, ""invariant_held"": true, ""n_segments"": 45, ""n_train_fit"": 4343, ""n_val"": 1448, ""phase0"": [{""constant_lens"": false, ""gain"": 0.25, ""lens"": ""pc1"", ""lens_scaling"": ""standardize"", ""min_cluster_size"": 21, ""min_samples"": 5, ""n_class"": 1034, ""n_edges"": 6, ""n_intervals"": 7, ""n_vertices"": 7, ""noise_reassigned"": 1137, ""placement"": ""uniform"", ""slabs"": [{""k"": 1, ""n"": 105}, {""k"": 1, ""n"": 376}, {""k"": 1, ""n"": 225}, {""k"": 1, ""n"": 188}, {""k"": 1, ""n"": 161}, {""k"": 1, ""n"": 150}, {""k"": 1, ""n"": 84}]}, {""constant_lens"": false, ""gain"": 0.25, ""lens"": ""pc1"", ""lens_scaling"": ""standardize"", ""min_cluster_size"": 21, ""min_samples"": 5, ""n_class"": 475, ""n_edges"": 5, ""n_intervals"": 6, ""n_vertices"": 6, ""noise_reassigned"": 379, ""placement"": ""quantile"", ""slabs"": [{""k"": 1, ""n"": 89}, {""k"": 1, ""n"": 98}, {""k"": 1, ""n"": 98}, {""k"": 1, ""n"": 98}, {""k"": 1, ""n"": 98}, {""k"": 1, ""n"": 89}]}, {""constant_lens"": false, ""gain"": 0.25, ""lens"": ""pc1"", ""lens_scaling"": ""standardize"", ""min_cluster_size"": 21, ""min_samples"": 5, ""n_class"": 921, ""n_edges"": 5, ""n_intervals"": 6, ""n_vertices"": 6, ""noise_reassigned"": 986, ""placement"": ""quantile"", ""slabs"": [{""k"": 1, ""n"": 173}, {""k"": 1, ""n"": 191}, {""k"": 1, ""n"": 192}, {""k"": 1, ""n"": 192}, {""k"": 1, ""n"": 191}, {""k"": 1, ""n"": 173}]}, {""constant_lens"": false, ""gain"": 0.25, ""lens"": ""pc1"", ""lens_scaling"": ""standardize"", ""min_cluster_size"": 21, ""min_samples"": 5, ""n_class"": 419, ""n_edges"": 5, ""n_intervals"": 6, ""n_vertices"": 6, ""noise_reassigned"": 381, ""placement"": ""quantile"", ""slabs"": [{""k"": 1, ""n"": 79}, {""k"": 1, ""n"": 88}, {""k"": 1, ""n"": 87}, {""k"": 1, ""n"": 87}, {""k"": 1, ""n"": 88}, {""k"": 1, ""n"": 79}]}, {""constant_lens"": false, ""gain"": 0.25, ""lens"": ""pc1"", ""lens_scaling"": ""standardize"", ""min_cluster_size"": 21, ""min_samples"": 5, ""n_class"": 479, ""n_edges"": 5, ""n_intervals"": 6, ""n_vertices"": 6, ""noise_reassigned"": 362, ""placement"": ""quantile"", ""slabs"": [{""k"": 1, ""n"": 90}, {""k"": 1, ""n"": 100}, {""k"": 1, ""n"": 99}, {""k"": 1, ""n"": 99}, {""k"": 1, ""n"": 100}, {""k"": 1, ""n"": 90}]}, {""constant_lens"": false, ""gain"": 0.25, ""lens"": ""pc1"", ""lens_scaling"": ""standardize"", ""min_cluster_size"": 21, ""min_samples"": 5, ""n_class"": 1015, ""n_edges"": 6, ""n_intervals"": 7, ""n_vertices"": 7, ""noise_reassigned"": 1083, ""placement"": ""quantile"", ""slabs"": [{""k"": 1, ""n"": 163}, {""k"": 1, ""n"": 181}, {""k"": 1, ""n"": 181}, {""k"": 1, ""n"": 181}, {""k"": 1, ""n"": 181}, {""k"": 1, ""n"": 181}, {""k"": 1, ""n"": 163}]}], ""soundness_bound_holds"": true, ""step_rule"": ""scale_free"", ""topology_retention_nerve_to_frozen"": {""beta0_frozen"": 13, ""beta0_nerve"": 6, ""beta1_frozen"": 0, ""beta1_nerve"": 0}}",True
0.8881987577639752,58,False,0.010015541357278536,0.01,,2.693341000005603,51.33384699997259,48.64050599996699,satimage,5,"{""epsilon"": 0.1, ""window"": 0.2}",LVQ3,10,58,644,5791,0.9899844586427214,1961713166,False,,True
0.8680124223602484,58,False,0.010015541357278536,0.01,"{""0"": 14, ""1"": 6, ""2"": 12, ""3"": 6, ""4"": 6, ""5"": 14}",1.5472680000239052,1.5472680000239052,0.0,satimage,5,,KMeans,10,58,644,5791,0.9899844586427214,1961713166,False,,True
0.8152173913043478,58,False,0.010015541357278536,0.01,"{""0"": 14, ""1"": 6, ""2"": 12, ""3"": 6, ""4"": 6, ""5"": 14}",0.001303000026382506,0.001303000026382506,0.0,satimage,5,,Random,10,58,644,5791,0.9899844586427214,1961713166,False,,True
0.8416149068322981,58,False,0.010015541357278536,0.01,,1.832494999980554,1.832494999980554,0.0,satimage,5,,SPOT,10,58,644,5791,0.9899844586427214,1961713166,False,,True
0.8540372670807453,58,False,0.010015541357278536,0.01,,10.348516000027303,10.348516000027303,0.0,satimage,5,,GLVQ,10,58,644,5791,0.9899844586427214,1961713166,False,,True
0.8586956521739131,58,False,0.010015541357278536,0.01,,1.59831699996721,1.59831699996721,0.0,satimage,5,,GNG,10,58,644,5791,0.9899844586427214,1961713166,False,,True
0.9161490683229814,116,False,0.020031082714557072,0.02,,0.0015249999705702066,0.0015249999705702066,0.0,satimage,5,,Full,10,5791,644,5791,0.0,1961713166,True,,False
0.9114906832298136,116,False,0.020031082714557072,0.02,,1.803611999959685,1.803611999959685,0.0,satimage,5,,RSP3,10,1543,644,5791,0.7335520635468831,1961713166,True,,False
0.9006211180124224,116,False,0.020031082714557072,0.02,,1.7563489999738522,1.7563489999738522,0.0,satimage,5,,RHC,10,585,644,5791,0.8989811776895182,1961713166,True,,False
0.8555900621118012,116,False,0.020031082714557072,0.02,,5.709281999967061,5.709281999967061,0.0,satimage,5,,SPINE+1NN,10,116,644,5791,0.9799689172854429,1961713166,False,"{""admission"": {""criterion"": ""risk"", ""removed_risk"": 7, ""removed_support"": 0}, ""betti_final"": [[1, 0], [2, 0], [2, 0], [4, 0], [2, 0], [2, 0]], ""betti_frozen"": [[1, 0], [2, 0], [2, 0], [4, 0], [2, 0], [2, 0]], ""betti_nerve"": [[1, 0], [1, 0], [1, 0], [1, 0], [1, 0], [1, 0]], ""boundary_restriction"": ""both"", ""forced_removals"": 0, ""growth_representation_fallbacks"": 28, ""invariant_held"": true, ""n_segments"": 103, ""n_train_fit"": 4343, ""n_val"": 1448, ""phase0"": [{""constant_lens"": false, ""gain"": 0.25, ""lens"": ""pc1"", ""lens_scaling"": ""standardize"", ""min_cluster_size"": 21, ""min_samples"": 5, ""n_class"": 1034, ""n_edges"": 6, ""n_intervals"": 7, ""n_vertices"": 7, ""noise_reassigned"": 1137, ""placement"": ""uniform"", ""slabs"": [{""k"": 1, ""n"": 105}, {""k"": 1, ""n"": 376}, {""k"": 1, ""n"": 225}, {""k"": 1, ""n"": 188}, {""k"": 1, ""n"": 161}, {""k"": 1, ""n"": 150}, {""k"": 1, ""n"": 84}]}, {""constant_lens"": false, ""gain"": 0.25, ""lens"": ""pc1"", ""lens_scaling"": ""standardize"", ""min_cluster_size"": 21, ""min_samples"": 5, ""n_class"": 475, ""n_edges"": 5, ""n_intervals"": 6, ""n_vertices"": 6, ""noise_reassigned"": 379, ""placement"": ""quantile"", ""slabs"": [{""k"": 1, ""n"": 89}, {""k"": 1, ""n"": 98}, {""k"": 1, ""n"": 98}, {""k"": 1, ""n"": 98}, {""k"": 1, ""n"": 98}, {""k"": 1, ""n"": 89}]}, {""constant_lens"": false, ""gain"": 0.25, ""lens"": ""pc1"", ""lens_scaling"": ""standardize"", ""min_cluster_size"": 21, ""min_samples"": 5, ""n_class"": 921, ""n_edges"": 5, ""n_intervals"": 6, ""n_vertices"": 6, ""noise_reassigned"": 986, ""placement"": ""quantile"", ""slabs"": [{""k"": 1, ""n"": 173}, {""k"": 1, ""n"": 191}, {""k"": 1, ""n"": 192}, {""k"": 1, ""n"": 192}, {""k"": 1, ""n"": 191}, {""k"": 1, ""n"": 173}]}, {""constant_lens"": false, ""gain"": 0.25, ""lens"": ""pc1"", ""lens_scaling"": ""standardize"", ""min_cluster_size"": 21, ""min_samples"": 5, ""n_class"": 419, ""n_edges"": 5, ""n_intervals"": 6, ""n_vertices"": 6, ""noise_reassigned"": 381, ""placement"": ""quantile"", ""slabs"": [{""k"": 1, ""n"": 79}, {""k"": 1, ""n"": 88}, {""k"": 1, ""n"": 87}, {""k"": 1, ""n"": 87}, {""k"": 1, ""n"": 88}, {""k"": 1, ""n"": 79}]}, {""constant_lens"": false, ""gain"": 0.25, ""lens"": ""pc1"", ""lens_scaling"": ""standardize"", ""min_cluster_size"": 21, ""min_samples"": 5, ""n_class"": 479, ""n_edges"": 5, ""n_intervals"": 6, ""n_vertices"": 6, ""noise_reassigned"": 362, ""placement"": ""quantile"", ""slabs"": [{""k"": 1, ""n"": 90}, {""k"": 1, ""n"": 100}, {""k"": 1, ""n"": 99}, {""k"": 1, ""n"": 99}, {""k"": 1, ""n"": 100}, {""k"": 1, ""n"": 90}]}, {""constant_lens"": false, ""gain"": 0.25, ""lens"": ""pc1"", ""lens_scaling"": ""standardize"", ""min_cluster_size"": 21, ""min_samples"": 5, ""n_class"": 1015, ""n_edges"": 6, ""n_intervals"": 7, ""n_vertices"": 7, ""noise_reassigned"": 1083, ""placement"": ""quantile"", ""slabs"": [{""k"": 1, ""n"": 163}, {""k"": 1, ""n"": 181}, {""k"": 1, ""n"": 181}, {""k"": 1, ""n"": 181}, {""k"": 1, ""n"": 181}, {""k"": 1, ""n"": 181}, {""k"": 1, ""n"": 163}]}], ""soundness_bound_holds"": true, ""step_rule"": ""scale_free"", ""topology_retention_nerve_to_frozen"": {""beta0_frozen"": 13, ""beta0_nerve"": 6, ""beta1_frozen"": 0, ""beta1_nerve"": 0}}",True
0.8540372670807453,116,False,0.020031082714557072,0.02,,5.709281999967061,5.709281999967061,0.0,satimage,5,,SPINE+Graph,10,116,644,5791,0.9799689172854429,1961713166,False,"{""admission"": {""criterion"": ""risk"", ""removed_risk"": 7, ""removed_support"": 0}, ""betti_final"": [[1, 0], [2, 0], [2, 0], [4, 0], [2, 0], [2, 0]], ""betti_frozen"": [[1, 0], [2, 0], [2, 0], [4, 0], [2, 0], [2, 0]], ""betti_nerve"": [[1, 0], [1, 0], [1, 0], [1, 0], [1, 0], [1, 0]], ""boundary_restriction"": ""both"", ""forced_removals"": 0, ""growth_representation_fallbacks"": 28, ""invariant_held"": true, ""n_segments"": 103, ""n_train_fit"": 4343, ""n_val"": 1448, ""phase0"": [{""constant_lens"": false, ""gain"": 0.25, ""lens"": ""pc1"", ""lens_scaling"": ""standardize"", ""min_cluster_size"": 21, ""min_samples"": 5, ""n_class"": 1034, ""n_edges"": 6, ""n_intervals"": 7, ""n_vertices"": 7, ""noise_reassigned"": 1137, ""placement"": ""uniform"", ""slabs"": [{""k"": 1, ""n"": 105}, {""k"": 1, ""n"": 376}, {""k"": 1, ""n"": 225}, {""k"": 1, ""n"": 188}, {""k"": 1, ""n"": 161}, {""k"": 1, ""n"": 150}, {""k"": 1, ""n"": 84}]}, {""constant_lens"": false, ""gain"": 0.25, ""lens"": ""pc1"", ""lens_scaling"": ""standardize"", ""min_cluster_size"": 21, ""min_samples"": 5, ""n_class"": 475, ""n_edges"": 5, ""n_intervals"": 6, ""n_vertices"": 6, ""noise_reassigned"": 379, ""placement"": ""quantile"", ""slabs"": [{""k"": 1, ""n"": 89}, {""k"": 1, ""n"": 98}, {""k"": 1, ""n"": 98}, {""k"": 1, ""n"": 98}, {""k"": 1, ""n"": 98}, {""k"": 1, ""n"": 89}]}, {""constant_lens"": false, ""gain"": 0.25, ""lens"": ""pc1"", ""lens_scaling"": ""standardize"", ""min_cluster_size"": 21, ""min_samples"": 5, ""n_class"": 921, ""n_edges"": 5, ""n_intervals"": 6, ""n_vertices"": 6, ""noise_reassigned"": 986, ""placement"": ""quantile"", ""slabs"": [{""k"": 1, ""n"": 173}, {""k"": 1, ""n"": 191}, {""k"": 1, ""n"": 192}, {""k"": 1, ""n"": 192}, {""k"": 1, ""n"": 191}, {""k"": 1, ""n"": 173}]}, {""constant_lens"": false, ""gain"": 0.25, ""lens"": ""pc1"", ""lens_scaling"": ""standardize"", ""min_cluster_size"": 21, ""min_samples"": 5, ""n_class"": 419, ""n_edges"": 5, ""n_intervals"": 6, ""n_vertices"": 6, ""noise_reassigned"": 381, ""placement"": ""quantile"", ""slabs"": [{""k"": 1, ""n"": 79}, {""k"": 1, ""n"": 88}, {""k"": 1, ""n"": 87}, {""k"": 1, ""n"": 87}, {""k"": 1, ""n"": 88}, {""k"": 1, ""n"": 79}]}, {""constant_lens"": false, ""gain"": 0.25, ""lens"": ""pc1"", ""lens_scaling"": ""standardize"", ""min_cluster_size"": 21, ""min_samples"": 5, ""n_class"": 479, ""n_edges"": 5, ""n_intervals"": 6, ""n_vertices"": 6, ""noise_reassigned"": 362, ""placement"": ""quantile"", ""slabs"": [{""k"": 1, ""n"": 90}, {""k"": 1, ""n"": 100}, {""k"": 1, ""n"": 99}, {""k"": 1, ""n"": 99}, {""k"": 1, ""n"": 100}, {""k"": 1, ""n"": 90}]}, {""constant_lens"": false, ""gain"": 0.25, ""lens"": ""pc1"", ""lens_scaling"": ""standardize"", ""min_cluster_size"": 21, ""min_samples"": 5, ""n_class"": 1015, ""n_edges"": 6, ""n_intervals"": 7, ""n_vertices"": 7, ""noise_reassigned"": 1083, ""placement"": ""quantile"", ""slabs"": [{""k"": 1, ""n"": 163}, {""k"": 1, ""n"": 181}, {""k"": 1, ""n"": 181}, {""k"": 1, ""n"": 181}, {""k"": 1, ""n"": 181}, {""k"": 1, ""n"": 181}, {""k"": 1, ""n"": 163}]}], ""soundness_bound_holds"": true, ""step_rule"": ""scale_free"", ""topology_retention_nerve_to_frozen"": {""beta0_frozen"": 13, ""beta0_nerve"": 6, ""beta1_frozen"": 0, ""beta1_nerve"": 0}}",True
0.9114906832298136,116,False,0.020031082714557072,0.02,,3.4002479999908246,62.37430599995423,58.97405799996341,satimage,5,"{""epsilon"": 0.1, ""window"": 0.3}",LVQ3,10,116,644,5791,0.9799689172854429,1961713166,False,,True
0.8835403726708074,116,False,0.020031082714557072,0.02,"{""0"": 28, ""1"": 13, ""2"": 24, ""3"": 11, ""4"": 13, ""5"": 27}",2.3113460000022314,2.3113460000022314,0.0,satimage,5,,KMeans,10,116,644,5791,0.9799689172854429,1961713166,False,,True
0.8322981366459627,116,False,0.020031082714557072,0.02,"{""0"": 28, ""1"": 13, ""2"": 24, ""3"": 11, ""4"": 13, ""5"": 27}",0.0015450000064447522,0.0015450000064447522,0.0,satimage,5,,Random,10,116,644,5791,0.9799689172854429,1961713166,False,,True
0.8462732919254659,116,False,0.020031082714557072,0.02,,1.8951669999514706,1.8951669999514706,0.0,satimage,5,,SPOT,10,116,644,5791,0.9799689172854429,1961713166,False,,True
0.8540372670807453,116,False,0.020031082714557072,0.02,,17.464612999989185,17.464612999989185,0.0,satimage,5,,GLVQ,10,116,644,5791,0.9799689172854429,1961713166,False,,True
0.889751552795031,116,False,0.020031082714557072,0.02,,1.9780480000190437,1.9780480000190437,0.0,satimage,5,,GNG,10,116,644,5791,0.9799689172854429,1961713166,False,,True
0.9161490683229814,290,False,0.05007770678639268,0.05,,0.0015249999705702066,0.0015249999705702066,0.0,satimage,5,,Full,10,5791,644,5791,0.0,1961713166,True,,False
0.9114906832298136,290,False,0.05007770678639268,0.05,,1.803611999959685,1.803611999959685,0.0,satimage,5,,RSP3,10,1543,644,5791,0.7335520635468831,1961713166,True,,False
0.9006211180124224,290,False,0.05007770678639268,0.05,,1.7563489999738522,1.7563489999738522,0.0,satimage,5,,RHC,10,585,644,5791,0.8989811776895182,1961713166,True,,False
0.8726708074534162,290,False,0.05007770678639268,0.05,,7.163283000001684,7.163283000001684,0.0,satimage,5,,SPINE+1NN,10,290,644,5791,0.9499222932136073,1961713166,False,"{""admission"": {""criterion"": ""risk"", ""removed_risk"": 7, ""removed_support"": 0}, ""betti_final"": [[1, 0], [2, 0], [2, 0], [4, 0], [2, 0], [2, 0]], ""betti_frozen"": [[1, 0], [2, 0], [2, 0], [4, 0], [2, 0], [2, 0]], ""betti_nerve"": [[1, 0], [1, 0], [1, 0], [1, 0], [1, 0], [1, 0]], ""boundary_restriction"": ""both"", ""forced_removals"": 0, ""growth_representation_fallbacks"": 143, ""invariant_held"": true, ""n_segments"": 277, ""n_train_fit"": 4343, ""n_val"": 1448, ""phase0"": [{""constant_lens"": false, ""gain"": 0.25, ""lens"": ""pc1"", ""lens_scaling"": ""standardize"", ""min_cluster_size"": 21, ""min_samples"": 5, ""n_class"": 1034, ""n_edges"": 6, ""n_intervals"": 7, ""n_vertices"": 7, ""noise_reassigned"": 1137, ""placement"": ""uniform"", ""slabs"": [{""k"": 1, ""n"": 105}, {""k"": 1, ""n"": 376}, {""k"": 1, ""n"": 225}, {""k"": 1, ""n"": 188}, {""k"": 1, ""n"": 161}, {""k"": 1, ""n"": 150}, {""k"": 1, ""n"": 84}]}, {""constant_lens"": false, ""gain"": 0.25, ""lens"": ""pc1"", ""lens_scaling"": ""standardize"", ""min_cluster_size"": 21, ""min_samples"": 5, ""n_class"": 475, ""n_edges"": 5, ""n_intervals"": 6, ""n_vertices"": 6, ""noise_reassigned"": 379, ""placement"": ""quantile"", ""slabs"": [{""k"": 1, ""n"": 89}, {""k"": 1, ""n"": 98}, {""k"": 1, ""n"": 98}, {""k"": 1, ""n"": 98}, {""k"": 1, ""n"": 98}, {""k"": 1, ""n"": 89}]}, {""constant_lens"": false, ""gain"": 0.25, ""lens"": ""pc1"", ""lens_scaling"": ""standardize"", ""min_cluster_size"": 21, ""min_samples"": 5, ""n_class"": 921, ""n_edges"": 5, ""n_intervals"": 6, ""n_vertices"": 6, ""noise_reassigned"": 986, ""placement"": ""quantile"", ""slabs"": [{""k"": 1, ""n"": 173}, {""k"": 1, ""n"": 191}, {""k"": 1, ""n"": 192}, {""k"": 1, ""n"": 192}, {""k"": 1, ""n"": 191}, {""k"": 1, ""n"": 173}]}, {""constant_lens"": false, ""gain"": 0.25, ""lens"": ""pc1"", ""lens_scaling"": ""standardize"", ""min_cluster_size"": 21, ""min_samples"": 5, ""n_class"": 419, ""n_edges"": 5, ""n_intervals"": 6, ""n_vertices"": 6, ""noise_reassigned"": 381, ""placement"": ""quantile"", ""slabs"": [{""k"": 1, ""n"": 79}, {""k"": 1, ""n"": 88}, {""k"": 1, ""n"": 87}, {""k"": 1, ""n"": 87}, {""k"": 1, ""n"": 88}, {""k"": 1, ""n"": 79}]}, {""constant_lens"": false, ""gain"": 0.25, ""lens"": ""pc1"", ""lens_scaling"": ""standardize"", ""min_cluster_size"": 21, ""min_samples"": 5, ""n_class"": 479, ""n_edges"": 5, ""n_intervals"": 6, ""n_vertices"": 6, ""noise_reassigned"": 362, ""placement"": ""quantile"", ""slabs"": [{""k"": 1, ""n"": 90}, {""k"": 1, ""n"": 100}, {""k"": 1, ""n"": 99}, {""k"": 1, ""n"": 99}, {""k"": 1, ""n"": 100}, {""k"": 1, ""n"": 90}]}, {""constant_lens"": false, ""gain"": 0.25, ""lens"": ""pc1"", ""lens_scaling"": ""standardize"", ""min_cluster_size"": 21, ""min_samples"": 5, ""n_class"": 1015, ""n_edges"": 6, ""n_intervals"": 7, ""n_vertices"": 7, ""noise_reassigned"": 1083, ""placement"": ""quantile"", ""slabs"": [{""k"": 1, ""n"": 163}, {""k"": 1, ""n"": 181}, {""k"": 1, ""n"": 181}, {""k"": 1, ""n"": 181}, {""k"": 1, ""n"": 181}, {""k"": 1, ""n"": 181}, {""k"": 1, ""n"": 163}]}], ""soundness_bound_holds"": true, ""step_rule"": ""scale_free"", ""topology_retention_nerve_to_frozen"": {""beta0_frozen"": 13, ""beta0_nerve"": 6, ""beta1_frozen"": 0, ""beta1_nerve"": 0}}",True
0.8835403726708074,290,False,0.05007770678639268,0.05,,7.163283000001684,7.163283000001684,0.0,satimage,5,,SPINE+Graph,10,290,644,5791,0.9499222932136073,1961713166,False,"{""admission"": {""criterion"": ""risk"", ""removed_risk"": 7, ""removed_support"": 0}, ""betti_final"": [[1, 0], [2, 0], [2, 0], [4, 0], [2, 0], [2, 0]], ""betti_frozen"": [[1, 0], [2, 0], [2, 0], [4, 0], [2, 0], [2, 0]], ""betti_nerve"": [[1, 0], [1, 0], [1, 0], [1, 0], [1, 0], [1, 0]], ""boundary_restriction"": ""both"", ""forced_removals"": 0, ""growth_representation_fallbacks"": 143, ""invariant_held"": true, ""n_segments"": 277, ""n_train_fit"": 4343, ""n_val"": 1448, ""phase0"": [{""constant_lens"": false, ""gain"": 0.25, ""lens"": ""pc1"", ""lens_scaling"": ""standardize"", ""min_cluster_size"": 21, ""min_samples"": 5, ""n_class"": 1034, ""n_edges"": 6, ""n_intervals"": 7, ""n_vertices"": 7, ""noise_reassigned"": 1137, ""placement"": ""uniform"", ""slabs"": [{""k"": 1, ""n"": 105}, {""k"": 1, ""n"": 376}, {""k"": 1, ""n"": 225}, {""k"": 1, ""n"": 188}, {""k"": 1, ""n"": 161}, {""k"": 1, ""n"": 150}, {""k"": 1, ""n"": 84}]}, {""constant_lens"": false, ""gain"": 0.25, ""lens"": ""pc1"", ""lens_scaling"": ""standardize"", ""min_cluster_size"": 21, ""min_samples"": 5, ""n_class"": 475, ""n_edges"": 5, ""n_intervals"": 6, ""n_vertices"": 6, ""noise_reassigned"": 379, ""placement"": ""quantile"", ""slabs"": [{""k"": 1, ""n"": 89}, {""k"": 1, ""n"": 98}, {""k"": 1, ""n"": 98}, {""k"": 1, ""n"": 98}, {""k"": 1, ""n"": 98}, {""k"": 1, ""n"": 89}]}, {""constant_lens"": false, ""gain"": 0.25, ""lens"": ""pc1"", ""lens_scaling"": ""standardize"", ""min_cluster_size"": 21, ""min_samples"": 5, ""n_class"": 921, ""n_edges"": 5, ""n_intervals"": 6, ""n_vertices"": 6, ""noise_reassigned"": 986, ""placement"": ""quantile"", ""slabs"": [{""k"": 1, ""n"": 173}, {""k"": 1, ""n"": 191}, {""k"": 1, ""n"": 192}, {""k"": 1, ""n"": 192}, {""k"": 1, ""n"": 191}, {""k"": 1, ""n"": 173}]}, {""constant_lens"": false, ""gain"": 0.25, ""lens"": ""pc1"", ""lens_scaling"": ""standardize"", ""min_cluster_size"": 21, ""min_samples"": 5, ""n_class"": 419, ""n_edges"": 5, ""n_intervals"": 6, ""n_vertices"": 6, ""noise_reassigned"": 381, ""placement"": ""quantile"", ""slabs"": [{""k"": 1, ""n"": 79}, {""k"": 1, ""n"": 88}, {""k"": 1, ""n"": 87}, {""k"": 1, ""n"": 87}, {""k"": 1, ""n"": 88}, {""k"": 1, ""n"": 79}]}, {""constant_lens"": false, ""gain"": 0.25, ""lens"": ""pc1"", ""lens_scaling"": ""standardize"", ""min_cluster_size"": 21, ""min_samples"": 5, ""n_class"": 479, ""n_edges"": 5, ""n_intervals"": 6, ""n_vertices"": 6, ""noise_reassigned"": 362, ""placement"": ""quantile"", ""slabs"": [{""k"": 1, ""n"": 90}, {""k"": 1, ""n"": 100}, {""k"": 1, ""n"": 99}, {""k"": 1, ""n"": 99}, {""k"": 1, ""n"": 100}, {""k"": 1, ""n"": 90}]}, {""constant_lens"": false, ""gain"": 0.25, ""lens"": ""pc1"", ""lens_scaling"": ""standardize"", ""min_cluster_size"": 21, ""min_samples"": 5, ""n_class"": 1015, ""n_edges"": 6, ""n_intervals"": 7, ""n_vertices"": 7, ""noise_reassigned"": 1083, ""placement"": ""quantile"", ""slabs"": [{""k"": 1, ""n"": 163}, {""k"": 1, ""n"": 181}, {""k"": 1, ""n"": 181}, {""k"": 1, ""n"": 181}, {""k"": 1, ""n"": 181}, {""k"": 1, ""n"": 181}, {""k"": 1, ""n"": 163}]}], ""soundness_bound_holds"": true, ""step_rule"": ""scale_free"", ""topology_retention_nerve_to_frozen"": {""beta0_frozen"": 13, ""beta0_nerve"": 6, ""beta1_frozen"": 0, ""beta1_nerve"": 0}}",True
0.9114906832298136,290,False,0.05007770678639268,0.05,,5.094229999987874,89.17115299997386,84.07692299998598,satimage,5,"{""epsilon"": 0.1, ""window"": 0.3}",LVQ3,10,290,644,5791,0.9499222932136073,1961713166,False,,True
0.8804347826086957,290,False,0.05007770678639268,0.05,"{""0"": 69, ""1"": 32, ""2"": 61, ""3"": 28, ""4"": 32, ""5"": 68}",3.303122000012081,3.303122000012081,0.0,satimage,5,,KMeans,10,290,644,5791,0.9499222932136073,1961713166,False,,True
0.8555900621118012,290,False,0.05007770678639268,0.05,"{""0"": 69, ""1"": 32, ""2"": 61, ""3"": 28, ""4"": 32, ""5"": 68}",0.0016889999969862401,0.0016889999969862401,0.0,satimage,5,,Random,10,290,644,5791,0.9499222932136073,1961713166,False,,True
0.8757763975155279,290,False,0.05007770678639268,0.05,,1.98999900004128,1.98999900004128,0.0,satimage,5,,SPOT,10,290,644,5791,0.9499222932136073,1961713166,False,,True
0.860248447204969,290,False,0.05007770678639268,0.05,,38.54621100000804,38.54621100000804,0.0,satimage,5,,GLVQ,10,290,644,5791,0.9499222932136073,1961713166,False,,True
0.9037267080745341,290,False,0.05007770678639268,0.05,,3.8041460000094958,3.8041460000094958,0.0,satimage,5,,GNG,10,290,644,5791,0.9499222932136073,1961713166,False,,True
0.9161490683229814,579,False,0.09998273182524607,0.1,,0.0015249999705702066,0.0015249999705702066,0.0,satimage,5,,Full,10,5791,644,5791,0.0,1961713166,True,,False
0.9114906832298136,579,False,0.09998273182524607,0.1,,1.803611999959685,1.803611999959685,0.0,satimage,5,,RSP3,10,1543,644,5791,0.7335520635468831,1961713166,True,,False
0.9006211180124224,579,False,0.09998273182524607,0.1,,1.7563489999738522,1.7563489999738522,0.0,satimage,5,,RHC,10,585,644,5791,0.8989811776895182,1961713166,True,,False
0.8944099378881988,579,False,0.09998273182524607,0.1,,11.731805000046734,11.731805000046734,0.0,satimage,5,,SPINE+1NN,10,579,644,5791,0.9000172681747539,1961713166,False,"{""admission"": {""criterion"": ""risk"", ""removed_risk"": 7, ""removed_support"": 0}, ""betti_final"": [[1, 0], [2, 0], [2, 0], [4, 0], [2, 0], [2, 0]], ""betti_frozen"": [[1, 0], [2, 0], [2, 0], [4, 0], [2, 0], [2, 0]], ""betti_nerve"": [[1, 0], [1, 0], [1, 0], [1, 0], [1, 0], [1, 0]], ""boundary_restriction"": ""both"", ""forced_removals"": 0, ""growth_representation_fallbacks"": 408, ""invariant_held"": true, ""n_segments"": 566, ""n_train_fit"": 4343, ""n_val"": 1448, ""phase0"": [{""constant_lens"": false, ""gain"": 0.25, ""lens"": ""pc1"", ""lens_scaling"": ""standardize"", ""min_cluster_size"": 21, ""min_samples"": 5, ""n_class"": 1034, ""n_edges"": 6, ""n_intervals"": 7, ""n_vertices"": 7, ""noise_reassigned"": 1137, ""placement"": ""uniform"", ""slabs"": [{""k"": 1, ""n"": 105}, {""k"": 1, ""n"": 376}, {""k"": 1, ""n"": 225}, {""k"": 1, ""n"": 188}, {""k"": 1, ""n"": 161}, {""k"": 1, ""n"": 150}, {""k"": 1, ""n"": 84}]}, {""constant_lens"": false, ""gain"": 0.25, ""lens"": ""pc1"", ""lens_scaling"": ""standardize"", ""min_cluster_size"": 21, ""min_samples"": 5, ""n_class"": 475, ""n_edges"": 5, ""n_intervals"": 6, ""n_vertices"": 6, ""noise_reassigned"": 379, ""placement"": ""quantile"", ""slabs"": [{""k"": 1, ""n"": 89}, {""k"": 1, ""n"": 98}, {""k"": 1, ""n"": 98}, {""k"": 1, ""n"": 98}, {""k"": 1, ""n"": 98}, {""k"": 1, ""n"": 89}]}, {""constant_lens"": false, ""gain"": 0.25, ""lens"": ""pc1"", ""lens_scaling"": ""standardize"", ""min_cluster_size"": 21, ""min_samples"": 5, ""n_class"": 921, ""n_edges"": 5, ""n_intervals"": 6, ""n_vertices"": 6, ""noise_reassigned"": 986, ""placement"": ""quantile"", ""slabs"": [{""k"": 1, ""n"": 173}, {""k"": 1, ""n"": 191}, {""k"": 1, ""n"": 192}, {""k"": 1, ""n"": 192}, {""k"": 1, ""n"": 191}, {""k"": 1, ""n"": 173}]}, {""constant_lens"": false, ""gain"": 0.25, ""lens"": ""pc1"", ""lens_scaling"": ""standardize"", ""min_cluster_size"": 21, ""min_samples"": 5, ""n_class"": 419, ""n_edges"": 5, ""n_intervals"": 6, ""n_vertices"": 6, ""noise_reassigned"": 381, ""placement"": ""quantile"", ""slabs"": [{""k"": 1, ""n"": 79}, {""k"": 1, ""n"": 88}, {""k"": 1, ""n"": 87}, {""k"": 1, ""n"": 87}, {""k"": 1, ""n"": 88}, {""k"": 1, ""n"": 79}]}, {""constant_lens"": false, ""gain"": 0.25, ""lens"": ""pc1"", ""lens_scaling"": ""standardize"", ""min_cluster_size"": 21, ""min_samples"": 5, ""n_class"": 479, ""n_edges"": 5, ""n_intervals"": 6, ""n_vertices"": 6, ""noise_reassigned"": 362, ""placement"": ""quantile"", ""slabs"": [{""k"": 1, ""n"": 90}, {""k"": 1, ""n"": 100}, {""k"": 1, ""n"": 99}, {""k"": 1, ""n"": 99}, {""k"": 1, ""n"": 100}, {""k"": 1, ""n"": 90}]}, {""constant_lens"": false, ""gain"": 0.25, ""lens"": ""pc1"", ""lens_scaling"": ""standardize"", ""min_cluster_size"": 21, ""min_samples"": 5, ""n_class"": 1015, ""n_edges"": 6, ""n_intervals"": 7, ""n_vertices"": 7, ""noise_reassigned"": 1083, ""placement"": ""quantile"", ""slabs"": [{""k"": 1, ""n"": 163}, {""k"": 1, ""n"": 181}, {""k"": 1, ""n"": 181}, {""k"": 1, ""n"": 181}, {""k"": 1, ""n"": 181}, {""k"": 1, ""n"": 181}, {""k"": 1, ""n"": 163}]}], ""soundness_bound_holds"": true, ""step_rule"": ""scale_free"", ""topology_retention_nerve_to_frozen"": {""beta0_frozen"": 13, ""beta0_nerve"": 6, ""beta1_frozen"": 0, ""beta1_nerve"": 0}}",True
0.8913043478260869,579,False,0.09998273182524607,0.1,,11.731805000046734,11.731805000046734,0.0,satimage,5,,SPINE+Graph,10,579,644,5791,0.9000172681747539,1961713166,False,"{""admission"": {""criterion"": ""risk"", ""removed_risk"": 7, ""removed_support"": 0}, ""betti_final"": [[1, 0], [2, 0], [2, 0], [4, 0], [2, 0], [2, 0]], ""betti_frozen"": [[1, 0], [2, 0], [2, 0], [4, 0], [2, 0], [2, 0]], ""betti_nerve"": [[1, 0], [1, 0], [1, 0], [1, 0], [1, 0], [1, 0]], ""boundary_restriction"": ""both"", ""forced_removals"": 0, ""growth_representation_fallbacks"": 408, ""invariant_held"": true, ""n_segments"": 566, ""n_train_fit"": 4343, ""n_val"": 1448, ""phase0"": [{""constant_lens"": false, ""gain"": 0.25, ""lens"": ""pc1"", ""lens_scaling"": ""standardize"", ""min_cluster_size"": 21, ""min_samples"": 5, ""n_class"": 1034, ""n_edges"": 6, ""n_intervals"": 7, ""n_vertices"": 7, ""noise_reassigned"": 1137, ""placement"": ""uniform"", ""slabs"": [{""k"": 1, ""n"": 105}, {""k"": 1, ""n"": 376}, {""k"": 1, ""n"": 225}, {""k"": 1, ""n"": 188}, {""k"": 1, ""n"": 161}, {""k"": 1, ""n"": 150}, {""k"": 1, ""n"": 84}]}, {""constant_lens"": false, ""gain"": 0.25, ""lens"": ""pc1"", ""lens_scaling"": ""standardize"", ""min_cluster_size"": 21, ""min_samples"": 5, ""n_class"": 475, ""n_edges"": 5, ""n_intervals"": 6, ""n_vertices"": 6, ""noise_reassigned"": 379, ""placement"": ""quantile"", ""slabs"": [{""k"": 1, ""n"": 89}, {""k"": 1, ""n"": 98}, {""k"": 1, ""n"": 98}, {""k"": 1, ""n"": 98}, {""k"": 1, ""n"": 98}, {""k"": 1, ""n"": 89}]}, {""constant_lens"": false, ""gain"": 0.25, ""lens"": ""pc1"", ""lens_scaling"": ""standardize"", ""min_cluster_size"": 21, ""min_samples"": 5, ""n_class"": 921, ""n_edges"": 5, ""n_intervals"": 6, ""n_vertices"": 6, ""noise_reassigned"": 986, ""placement"": ""quantile"", ""slabs"": [{""k"": 1, ""n"": 173}, {""k"": 1, ""n"": 191}, {""k"": 1, ""n"": 192}, {""k"": 1, ""n"": 192}, {""k"": 1, ""n"": 191}, {""k"": 1, ""n"": 173}]}, {""constant_lens"": false, ""gain"": 0.25, ""lens"": ""pc1"", ""lens_scaling"": ""standardize"", ""min_cluster_size"": 21, ""min_samples"": 5, ""n_class"": 419, ""n_edges"": 5, ""n_intervals"": 6, ""n_vertices"": 6, ""noise_reassigned"": 381, ""placement"": ""quantile"", ""slabs"": [{""k"": 1, ""n"": 79}, {""k"": 1, ""n"": 88}, {""k"": 1, ""n"": 87}, {""k"": 1, ""n"": 87}, {""k"": 1, ""n"": 88}, {""k"": 1, ""n"": 79}]}, {""constant_lens"": false, ""gain"": 0.25, ""lens"": ""pc1"", ""lens_scaling"": ""standardize"", ""min_cluster_size"": 21, ""min_samples"": 5, ""n_class"": 479, ""n_edges"": 5, ""n_intervals"": 6, ""n_vertices"": 6, ""noise_reassigned"": 362, ""placement"": ""quantile"", ""slabs"": [{""k"": 1, ""n"": 90}, {""k"": 1, ""n"": 100}, {""k"": 1, ""n"": 99}, {""k"": 1, ""n"": 99}, {""k"": 1, ""n"": 100}, {""k"": 1, ""n"": 90}]}, {""constant_lens"": false, ""gain"": 0.25, ""lens"": ""pc1"", ""lens_scaling"": ""standardize"", ""min_cluster_size"": 21, ""min_samples"": 5, ""n_class"": 1015, ""n_edges"": 6, ""n_intervals"": 7, ""n_vertices"": 7, ""noise_reassigned"": 1083, ""placement"": ""quantile"", ""slabs"": [{""k"": 1, ""n"": 163}, {""k"": 1, ""n"": 181}, {""k"": 1, ""n"": 181}, {""k"": 1, ""n"": 181}, {""k"": 1, ""n"": 181}, {""k"": 1, ""n"": 181}, {""k"": 1, ""n"": 163}]}], ""soundness_bound_holds"": true, ""step_rule"": ""scale_free"", ""topology_retention_nerve_to_frozen"": {""beta0_frozen"": 13, ""beta0_nerve"": 6, ""beta1_frozen"": 0, ""beta1_nerve"": 0}}",True
0.90527950310559,579,False,0.09998273182524607,0.1,,7.732963000016753,132.69066399999429,124.95770099997753,satimage,5,"{""epsilon"": 0.3, ""window"": 0.2}",LVQ3,10,579,644,5791,0.9000172681747539,1961713166,False,,True
0.9161490683229814,579,False,0.09998273182524607,0.1,"{""0"": 138, ""1"": 63, ""2"": 123, ""3"": 56, ""4"": 64, ""5"": 135}",5.448870000021998,5.448870000021998,0.0,satimage,5,,KMeans,10,579,644,5791,0.9000172681747539,1961713166,False,,True
0.8664596273291926,579,False,0.09998273182524607,0.1,"{""0"": 138, ""1"": 63, ""2"": 123, ""3"": 56, ""4"": 64, ""5"": 135}",0.0020169999916106462,0.0020169999916106462,0.0,satimage,5,,Random,10,579,644,5791,0.9000172681747539,1961713166,False,,True
0.8711180124223602,579,False,0.09998273182524607,0.1,,2.0480229999520816,2.0480229999520816,0.0,satimage,5,,SPOT,10,579,644,5791,0.9000172681747539,1961713166,False,,True
0.8571428571428571,579,False,0.09998273182524607,0.1,,74.48737500002608,74.48737500002608,0.0,satimage,5,,GLVQ,10,579,644,5791,0.9000172681747539,1961713166,False,,True
0.9114906832298136,579,False,0.09998273182524607,0.1,,9.208056000003126,9.208056000003126,0.0,satimage,5,,GNG,10,579,644,5791,0.9000172681747539,1961713166,False,,True
0.9161490683229814,1448,False,0.25004317043688484,0.25,,0.0015249999705702066,0.0015249999705702066,0.0,satimage,5,,Full,10,5791,644,5791,0.0,1961713166,True,,False
0.9114906832298136,1448,False,0.25004317043688484,0.25,,1.803611999959685,1.803611999959685,0.0,satimage,5,,RSP3,10,1543,644,5791,0.7335520635468831,1961713166,True,,False
0.9006211180124224,1448,False,0.25004317043688484,0.25,,1.7563489999738522,1.7563489999738522,0.0,satimage,5,,RHC,10,585,644,5791,0.8989811776895182,1961713166,True,,False
0.9099378881987578,1448,False,0.25004317043688484,0.25,,38.15482299996074,38.15482299996074,0.0,satimage,5,,SPINE+1NN,10,1448,644,5791,0.7499568295631152,1961713166,False,"{""admission"": {""criterion"": ""risk"", ""removed_risk"": 7, ""removed_support"": 0}, ""betti_final"": [[1, 0], [2, 0], [2, 0], [4, 0], [2, 0], [2, 0]], ""betti_frozen"": [[1, 0], [2, 0], [2, 0], [4, 0], [2, 0], [2, 0]], ""betti_nerve"": [[1, 0], [1, 0], [1, 0], [1, 0], [1, 0], [1, 0]], ""boundary_restriction"": ""both"", ""forced_removals"": 0, ""growth_representation_fallbacks"": 1420, ""invariant_held"": true, ""n_segments"": 1435, ""n_train_fit"": 4343, ""n_val"": 1448, ""phase0"": [{""constant_lens"": false, ""gain"": 0.25, ""lens"": ""pc1"", ""lens_scaling"": ""standardize"", ""min_cluster_size"": 21, ""min_samples"": 5, ""n_class"": 1034, ""n_edges"": 6, ""n_intervals"": 7, ""n_vertices"": 7, ""noise_reassigned"": 1137, ""placement"": ""uniform"", ""slabs"": [{""k"": 1, ""n"": 105}, {""k"": 1, ""n"": 376}, {""k"": 1, ""n"": 225}, {""k"": 1, ""n"": 188}, {""k"": 1, ""n"": 161}, {""k"": 1, ""n"": 150}, {""k"": 1, ""n"": 84}]}, {""constant_lens"": false, ""gain"": 0.25, ""lens"": ""pc1"", ""lens_scaling"": ""standardize"", ""min_cluster_size"": 21, ""min_samples"": 5, ""n_class"": 475, ""n_edges"": 5, ""n_intervals"": 6, ""n_vertices"": 6, ""noise_reassigned"": 379, ""placement"": ""quantile"", ""slabs"": [{""k"": 1, ""n"": 89}, {""k"": 1, ""n"": 98}, {""k"": 1, ""n"": 98}, {""k"": 1, ""n"": 98}, {""k"": 1, ""n"": 98}, {""k"": 1, ""n"": 89}]}, {""constant_lens"": false, ""gain"": 0.25, ""lens"": ""pc1"", ""lens_scaling"": ""standardize"", ""min_cluster_size"": 21, ""min_samples"": 5, ""n_class"": 921, ""n_edges"": 5, ""n_intervals"": 6, ""n_vertices"": 6, ""noise_reassigned"": 986, ""placement"": ""quantile"", ""slabs"": [{""k"": 1, ""n"": 173}, {""k"": 1, ""n"": 191}, {""k"": 1, ""n"": 192}, {""k"": 1, ""n"": 192}, {""k"": 1, ""n"": 191}, {""k"": 1, ""n"": 173}]}, {""constant_lens"": false, ""gain"": 0.25, ""lens"": ""pc1"", ""lens_scaling"": ""standardize"", ""min_cluster_size"": 21, ""min_samples"": 5, ""n_class"": 419, ""n_edges"": 5, ""n_intervals"": 6, ""n_vertices"": 6, ""noise_reassigned"": 381, ""placement"": ""quantile"", ""slabs"": [{""k"": 1, ""n"": 79}, {""k"": 1, ""n"": 88}, {""k"": 1, ""n"": 87}, {""k"": 1, ""n"": 87}, {""k"": 1, ""n"": 88}, {""k"": 1, ""n"": 79}]}, {""constant_lens"": false, ""gain"": 0.25, ""lens"": ""pc1"", ""lens_scaling"": ""standardize"", ""min_cluster_size"": 21, ""min_samples"": 5, ""n_class"": 479, ""n_edges"": 5, ""n_intervals"": 6, ""n_vertices"": 6, ""noise_reassigned"": 362, ""placement"": ""quantile"", ""slabs"": [{""k"": 1, ""n"": 90}, {""k"": 1, ""n"": 100}, {""k"": 1, ""n"": 99}, {""k"": 1, ""n"": 99}, {""k"": 1, ""n"": 100}, {""k"": 1, ""n"": 90}]}, {""constant_lens"": false, ""gain"": 0.25, ""lens"": ""pc1"", ""lens_scaling"": ""standardize"", ""min_cluster_size"": 21, ""min_samples"": 5, ""n_class"": 1015, ""n_edges"": 6, ""n_intervals"": 7, ""n_vertices"": 7, ""noise_reassigned"": 1083, ""placement"": ""quantile"", ""slabs"": [{""k"": 1, ""n"": 163}, {""k"": 1, ""n"": 181}, {""k"": 1, ""n"": 181}, {""k"": 1, ""n"": 181}, {""k"": 1, ""n"": 181}, {""k"": 1, ""n"": 181}, {""k"": 1, ""n"": 163}]}], ""soundness_bound_holds"": true, ""step_rule"": ""scale_free"", ""topology_retention_nerve_to_frozen"": {""beta0_frozen"": 13, ""beta0_nerve"": 6, ""beta1_frozen"": 0, ""beta1_nerve"": 0}}",True
0.906832298136646,1448,False,0.25004317043688484,0.25,,38.15482299996074,38.15482299996074,0.0,satimage,5,,SPINE+Graph,10,1448,644,5791,0.7499568295631152,1961713166,False,"{""admission"": {""criterion"": ""risk"", ""removed_risk"": 7, ""removed_support"": 0}, ""betti_final"": [[1, 0], [2, 0], [2, 0], [4, 0], [2, 0], [2, 0]], ""betti_frozen"": [[1, 0], [2, 0], [2, 0], [4, 0], [2, 0], [2, 0]], ""betti_nerve"": [[1, 0], [1, 0], [1, 0], [1, 0], [1, 0], [1, 0]], ""boundary_restriction"": ""both"", ""forced_removals"": 0, ""growth_representation_fallbacks"": 1420, ""invariant_held"": true, ""n_segments"": 1435, ""n_train_fit"": 4343, ""n_val"": 1448, ""phase0"": [{""constant_lens"": false, ""gain"": 0.25, ""lens"": ""pc1"", ""lens_scaling"": ""standardize"", ""min_cluster_size"": 21, ""min_samples"": 5, ""n_class"": 1034, ""n_edges"": 6, ""n_intervals"": 7, ""n_vertices"": 7, ""noise_reassigned"": 1137, ""placement"": ""uniform"", ""slabs"": [{""k"": 1, ""n"": 105}, {""k"": 1, ""n"": 376}, {""k"": 1, ""n"": 225}, {""k"": 1, ""n"": 188}, {""k"": 1, ""n"": 161}, {""k"": 1, ""n"": 150}, {""k"": 1, ""n"": 84}]}, {""constant_lens"": false, ""gain"": 0.25, ""lens"": ""pc1"", ""lens_scaling"": ""standardize"", ""min_cluster_size"": 21, ""min_samples"": 5, ""n_class"": 475, ""n_edges"": 5, ""n_intervals"": 6, ""n_vertices"": 6, ""noise_reassigned"": 379, ""placement"": ""quantile"", ""slabs"": [{""k"": 1, ""n"": 89}, {""k"": 1, ""n"": 98}, {""k"": 1, ""n"": 98}, {""k"": 1, ""n"": 98}, {""k"": 1, ""n"": 98}, {""k"": 1, ""n"": 89}]}, {""constant_lens"": false, ""gain"": 0.25, ""lens"": ""pc1"", ""lens_scaling"": ""standardize"", ""min_cluster_size"": 21, ""min_samples"": 5, ""n_class"": 921, ""n_edges"": 5, ""n_intervals"": 6, ""n_vertices"": 6, ""noise_reassigned"": 986, ""placement"": ""quantile"", ""slabs"": [{""k"": 1, ""n"": 173}, {""k"": 1, ""n"": 191}, {""k"": 1, ""n"": 192}, {""k"": 1, ""n"": 192}, {""k"": 1, ""n"": 191}, {""k"": 1, ""n"": 173}]}, {""constant_lens"": false, ""gain"": 0.25, ""lens"": ""pc1"", ""lens_scaling"": ""standardize"", ""min_cluster_size"": 21, ""min_samples"": 5, ""n_class"": 419, ""n_edges"": 5, ""n_intervals"": 6, ""n_vertices"": 6, ""noise_reassigned"": 381, ""placement"": ""quantile"", ""slabs"": [{""k"": 1, ""n"": 79}, {""k"": 1, ""n"": 88}, {""k"": 1, ""n"": 87}, {""k"": 1, ""n"": 87}, {""k"": 1, ""n"": 88}, {""k"": 1, ""n"": 79}]}, {""constant_lens"": false, ""gain"": 0.25, ""lens"": ""pc1"", ""lens_scaling"": ""standardize"", ""min_cluster_size"": 21, ""min_samples"": 5, ""n_class"": 479, ""n_edges"": 5, ""n_intervals"": 6, ""n_vertices"": 6, ""noise_reassigned"": 362, ""placement"": ""quantile"", ""slabs"": [{""k"": 1, ""n"": 90}, {""k"": 1, ""n"": 100}, {""k"": 1, ""n"": 99}, {""k"": 1, ""n"": 99}, {""k"": 1, ""n"": 100}, {""k"": 1, ""n"": 90}]}, {""constant_lens"": false, ""gain"": 0.25, ""lens"": ""pc1"", ""lens_scaling"": ""standardize"", ""min_cluster_size"": 21, ""min_samples"": 5, ""n_class"": 1015, ""n_edges"": 6, ""n_intervals"": 7, ""n_vertices"": 7, ""noise_reassigned"": 1083, ""placement"": ""quantile"", ""slabs"": [{""k"": 1, ""n"": 163}, {""k"": 1, ""n"": 181}, {""k"": 1, ""n"": 181}, {""k"": 1, ""n"": 181}, {""k"": 1, ""n"": 181}, {""k"": 1, ""n"": 181}, {""k"": 1, ""n"": 163}]}], ""soundness_bound_holds"": true, ""step_rule"": ""scale_free"", ""topology_retention_nerve_to_frozen"": {""beta0_frozen"": 13, ""beta0_nerve"": 6, ""beta1_frozen"": 0, ""beta1_nerve"": 0}}",True
0.922360248447205,1448,False,0.25004317043688484,0.25,,17.751235000032466,305.98348200006876,288.2322470000363,satimage,5,"{""epsilon"": 0.3, ""window"": 0.2}",LVQ3,10,1448,644,5791,0.7499568295631152,1961713166,False,,True
0.9239130434782609,1448,False,0.25004317043688484,0.25,"{""0"": 345, ""1"": 158, ""2"": 307, ""3"": 139, ""4"": 160, ""5"": 339}",9.837182999996003,9.837182999996003,0.0,satimage,5,,KMeans,10,1448,644,5791,0.7499568295631152,1961713166,False,,True
0.8913043478260869,1448,False,0.25004317043688484,0.25,"{""0"": 345, ""1"": 158, ""2"": 307, ""3"": 139, ""4"": 160, ""5"": 339}",0.004315000027418137,0.004315000027418137,0.0,satimage,5,,Random,10,1448,644,5791,0.7499568295631152,1961713166,False,,True
0.8944099378881988,1448,False,0.25004317043688484,0.25,,2.124188999994658,2.124188999994658,0.0,satimage,5,,SPOT,10,1448,644,5791,0.7499568295631152,1961713166,False,,True
0.860248447204969,1448,False,0.25004317043688484,0.25,,180.76316299999598,180.76316299999598,0.0,satimage,5,,GLVQ,10,1448,644,5791,0.7499568295631152,1961713166,False,,True
0.9192546583850931,1448,False,0.25004317043688484,0.25,,42.62486300000455,42.62486300000455,0.0,satimage,5,,GNG,10,1448,644,5791,0.7499568295631152,1961713166,False,,True
0.8913043478260869,29,False,0.005007770678639268,0.005,,0.0013229999458417296,0.0013229999458417296,0.0,satimage,6,,Full,10,5791,644,5791,0.0,1962713169,False,,False
0.8757763975155279,29,False,0.005007770678639268,0.005,,1.807284000038635,1.807284000038635,0.0,satimage,6,,RSP3,10,1538,644,5791,0.7344154722845795,1962713169,False,,False
0.8742236024844721,29,False,0.005007770678639268,0.005,,1.7874789999914356,1.7874789999914356,0.0,satimage,6,,RHC,10,575,644,5791,0.9007079951649111,1962713169,False,,False
0.8183229813664596,29,False,0.005007770678639268,0.005,,4.314508999988902,4.314508999988902,0.0,satimage,6,,SPINE+1NN,10,29,644,5791,0.9949922293213608,1962713169,False,"{""admission"": {""criterion"": ""risk"", ""removed_risk"": 7, ""removed_support"": 0}, ""betti_final"": [[1, 0], [3, 0], [2, 0], [3, 0], [3, 0], [1, 0]], ""betti_frozen"": [[1, 0], [3, 0], [2, 0], [3, 0], [3, 0], [1, 0]], ""betti_nerve"": [[1, 0], [1, 0], [1, 0], [1, 0], [1, 0], [1, 0]], ""boundary_restriction"": ""both"", ""forced_removals"": 0, ""growth_representation_fallbacks"": 1, ""invariant_held"": true, ""n_segments"": 16, ""n_train_fit"": 4343, ""n_val"": 1448, ""phase0"": [{""constant_lens"": false, ""gain"": 0.25, ""lens"": ""pc1"", ""lens_scaling"": ""standardize"", ""min_cluster_size"": 21, ""min_samples"": 5, ""n_class"": 1034, ""n_edges"": 6, ""n_intervals"": 7, ""n_vertices"": 7, ""noise_reassigned"": 1152, ""placement"": ""uniform"", ""slabs"": [{""k"": 1, ""n"": 108}, {""k"": 1, ""n"": 380}, {""k"": 1, ""n"": 212}, {""k"": 1, ""n"": 194}, {""k"": 1, ""n"": 179}, {""k"": 1, ""n"": 151}, {""k"": 1, ""n"": 77}]}, {""constant_lens"": false, ""gain"": 0.25, ""lens"": ""pc1"", ""lens_scaling"": ""standardize"", ""min_cluster_size"": 21, ""min_samples"": 5, ""n_class"": 475, ""n_edges"": 5, ""n_intervals"": 6, ""n_vertices"": 6, ""noise_reassigned"": 378, ""placement"": ""quantile"", ""slabs"": [{""k"": 1, ""n"": 89}, {""k"": 1, ""n"": 98}, {""k"": 1, ""n"": 98}, {""k"": 1, ""n"": 98}, {""k"": 1, ""n"": 98}, {""k"": 1, ""n"": 89}]}, {""constant_lens"": false, ""gain"": 0.25, ""lens"": ""pc1"", ""lens_scaling"": ""standardize"", ""min_cluster_size"": 21, ""min_samples"": 5, ""n_class"": 916, ""n_edges"": 5, ""n_intervals"": 6, ""n_vertices"": 6, ""noise_reassigned"": 981, ""placement"": ""quantile"", ""slabs"": [{""k"": 1, ""n"": 172}, {""k"": 1, ""n"": 191}, {""k"": 1, ""n"": 191}, {""k"": 1, ""n"": 191}, {""k"": 1, ""n"": 191}, {""k"": 1, ""n"": 172}]}, {""constant_lens"": false, ""gain"": 0.25, ""lens"": ""pc1"", ""lens_scaling"": ""standardize"", ""min_cluster_size"": 21, ""min_samples"": 5, ""n_class"": 423, ""n_edges"": 5, ""n_intervals"": 6, ""n_vertices"": 6, ""noise_reassigned"": 383, ""placement"": ""quantile"", ""slabs"": [{""k"": 1, ""n"": 80}, {""k"": 1, ""n"": 88}, {""k"": 1, ""n"": 88}, {""k"": 1, ""n"": 88}, {""k"": 1, ""n"": 88}, {""k"": 1, ""n"": 80}]}, {""constant_lens"": false, ""gain"": 0.25, ""lens"": ""pc1"", ""lens_scaling"": ""standardize"", ""min_cluster_size"": 21, ""min_samples"": 5, ""n_class"": 477, ""n_edges"": 5, ""n_intervals"": 6, ""n_vertices"": 6, ""noise_reassigned"": 406, ""placement"": ""quantile"", ""slabs"": [{""k"": 1, ""n"": 90}, {""k"": 1, ""n"": 99}, {""k"": 1, ""n"": 99}, {""k"": 1, ""n"": 99}, {""k"": 1, ""n"": 99}, {""k"": 1, ""n"": 90}]}, {""constant_lens"": false, ""gain"": 0.25, ""lens"": ""pc1"", ""lens_scaling"": ""standardize"", ""min_cluster_size"": 21, ""min_samples"": 5, ""n_class"": 1018, ""n_edges"": 6, ""n_intervals"": 7, ""n_vertices"": 7, ""noise_reassigned"": 1089, ""placement"": ""quantile"", ""slabs"": [{""k"": 1, ""n"": 164}, {""k"": 1, ""n"": 181}, {""k"": 1, ""n"": 182}, {""k"": 1, ""n"": 182}, {""k"": 1, ""n"": 182}, {""k"": 1, ""n"": 181}, {""k"": 1, ""n"": 164}]}], ""soundness_bound_holds"": true, ""step_rule"": ""scale_free"", ""topology_retention_nerve_to_frozen"": {""beta0_frozen"": 13, ""beta0_nerve"": 6, ""beta1_frozen"": 0, ""beta1_nerve"": 0}}",True
0.8214285714285714,29,False,0.005007770678639268,0.005,,4.314508999988902,4.314508999988902,0.0,satimage,6,,SPINE+Graph,10,29,644,5791,0.9949922293213608,1962713169,False,"{""admission"": {""criterion"": ""risk"", ""removed_risk"": 7, ""removed_support"": 0}, ""betti_final"": [[1, 0], [3, 0], [2, 0], [3, 0], [3, 0], [1, 0]], ""betti_frozen"": [[1, 0], [3, 0], [2, 0], [3, 0], [3, 0], [1, 0]], ""betti_nerve"": [[1, 0], [1, 0], [1, 0], [1, 0], [1, 0], [1, 0]], ""boundary_restriction"": ""both"", ""forced_removals"": 0, ""growth_representation_fallbacks"": 1, ""invariant_held"": true, ""n_segments"": 16, ""n_train_fit"": 4343, ""n_val"": 1448, ""phase0"": [{""constant_lens"": false, ""gain"": 0.25, ""lens"": ""pc1"", ""lens_scaling"": ""standardize"", ""min_cluster_size"": 21, ""min_samples"": 5, ""n_class"": 1034, ""n_edges"": 6, ""n_intervals"": 7, ""n_vertices"": 7, ""noise_reassigned"": 1152, ""placement"": ""uniform"", ""slabs"": [{""k"": 1, ""n"": 108}, {""k"": 1, ""n"": 380}, {""k"": 1, ""n"": 212}, {""k"": 1, ""n"": 194}, {""k"": 1, ""n"": 179}, {""k"": 1, ""n"": 151}, {""k"": 1, ""n"": 77}]}, {""constant_lens"": false, ""gain"": 0.25, ""lens"": ""pc1"", ""lens_scaling"": ""standardize"", ""min_cluster_size"": 21, ""min_samples"": 5, ""n_class"": 475, ""n_edges"": 5, ""n_intervals"": 6, ""n_vertices"": 6, ""noise_reassigned"": 378, ""placement"": ""quantile"", ""slabs"": [{""k"": 1, ""n"": 89}, {""k"": 1, ""n"": 98}, {""k"": 1, ""n"": 98}, {""k"": 1, ""n"": 98}, {""k"": 1, ""n"": 98}, {""k"": 1, ""n"": 89}]}, {""constant_lens"": false, ""gain"": 0.25, ""lens"": ""pc1"", ""lens_scaling"": ""standardize"", ""min_cluster_size"": 21, ""min_samples"": 5, ""n_class"": 916, ""n_edges"": 5, ""n_intervals"": 6, ""n_vertices"": 6, ""noise_reassigned"": 981, ""placement"": ""quantile"", ""slabs"": [{""k"": 1, ""n"": 172}, {""k"": 1, ""n"": 191}, {""k"": 1, ""n"": 191}, {""k"": 1, ""n"": 191}, {""k"": 1, ""n"": 191}, {""k"": 1, ""n"": 172}]}, {""constant_lens"": false, ""gain"": 0.25, ""lens"": ""pc1"", ""lens_scaling"": ""standardize"", ""min_cluster_size"": 21, ""min_samples"": 5, ""n_class"": 423, ""n_edges"": 5, ""n_intervals"": 6, ""n_vertices"": 6, ""noise_reassigned"": 383, ""placement"": ""quantile"", ""slabs"": [{""k"": 1, ""n"": 80}, {""k"": 1, ""n"": 88}, {""k"": 1, ""n"": 88}, {""k"": 1, ""n"": 88}, {""k"": 1, ""n"": 88}, {""k"": 1, ""n"": 80}]}, {""constant_lens"": false, ""gain"": 0.25, ""lens"": ""pc1"", ""lens_scaling"": ""standardize"", ""min_cluster_size"": 21, ""min_samples"": 5, ""n_class"": 477, ""n_edges"": 5, ""n_intervals"": 6, ""n_vertices"": 6, ""noise_reassigned"": 406, ""placement"": ""quantile"", ""slabs"": [{""k"": 1, ""n"": 90}, {""k"": 1, ""n"": 99}, {""k"": 1, ""n"": 99}, {""k"": 1, ""n"": 99}, {""k"": 1, ""n"": 99}, {""k"": 1, ""n"": 90}]}, {""constant_lens"": false, ""gain"": 0.25, ""lens"": ""pc1"", ""lens_scaling"": ""standardize"", ""min_cluster_size"": 21, ""min_samples"": 5, ""n_class"": 1018, ""n_edges"": 6, ""n_intervals"": 7, ""n_vertices"": 7, ""noise_reassigned"": 1089, ""placement"": ""quantile"", ""slabs"": [{""k"": 1, ""n"": 164}, {""k"": 1, ""n"": 181}, {""k"": 1, ""n"": 182}, {""k"": 1, ""n"": 182}, {""k"": 1, ""n"": 182}, {""k"": 1, ""n"": 181}, {""k"": 1, ""n"": 164}]}], ""soundness_bound_holds"": true, ""step_rule"": ""scale_free"", ""topology_retention_nerve_to_frozen"": {""beta0_frozen"": 13, ""beta0_nerve"": 6, ""beta1_frozen"": 0, ""beta1_nerve"": 0}}",True
0.8664596273291926,29,False,0.005007770678639268,0.005,,2.4924170000012964,48.1300779999583,45.637660999957006,satimage,6,"{""epsilon"": 0.1, ""window"": 0.2}",LVQ3,10,29,644,5791,0.9949922293213608,1962713169,False,,True
0.84472049689441,29,False,0.005007770678639268,0.005,"{""0"": 7, ""1"": 3, ""2"": 6, ""3"": 3, ""4"": 3, ""5"": 7}",1.3742119999951683,1.3742119999951683,0.0,satimage,6,,KMeans,10,29,644,5791,0.9949922293213608,1962713169,False,,True
0.7934782608695652,29,False,0.005007770678639268,0.005,"{""0"": 7, ""1"": 3, ""2"": 6, ""3"": 3, ""4"": 3, ""5"": 7}",0.0013179999659769237,0.0013179999659769237,0.0,satimage,6,,Random,10,29,644,5791,0.9949922293213608,1962713169,False,,True
0.8043478260869565,29,False,0.005007770678639268,0.005,,1.7521290000295267,1.7521290000295267,0.0,satimage,6,,SPOT,10,29,644,5791,0.9949922293213608,1962713169,False,,True
0.8229813664596274,29,False,0.005007770678639268,0.005,,6.766608999983873,6.766608999983873,0.0,satimage,6,,GLVQ,10,29,644,5791,0.9949922293213608,1962713169,False,,True
0.8074534161490683,29,False,0.005007770678639268,0.005,,0.8347270000376739,0.8347270000376739,0.0,satimage,6,,GNG,10,29,644,5791,0.9949922293213608,1962713169,False,,True
0.8913043478260869,58,False,0.010015541357278536,0.01,,0.0013229999458417296,0.0013229999458417296,0.0,satimage,6,,Full,10,5791,644,5791,0.0,1962713169,True,,False
0.8757763975155279,58,False,0.010015541357278536,0.01,,1.807284000038635,1.807284000038635,0.0,satimage,6,,RSP3,10,1538,644,5791,0.7344154722845795,1962713169,True,,False
0.8742236024844721,58,False,0.010015541357278536,0.01,,1.7874789999914356,1.7874789999914356,0.0,satimage,6,,RHC,10,575,644,5791,0.9007079951649111,1962713169,True,,False
0.8322981366459627,58,False,0.010015541357278536,0.01,,5.408437000005506,5.408437000005506,0.0,satimage,6,,SPINE+1NN,10,58,644,5791,0.9899844586427214,1962713169,False,"{""admission"": {""criterion"": ""risk"", ""removed_risk"": 7, ""removed_support"": 0}, ""betti_final"": [[1, 0], [3, 0], [2, 0], [3, 0], [3, 0], [1, 0]], ""betti_frozen"": [[1, 0], [3, 0], [2, 0], [3, 0], [3, 0], [1, 0]], ""betti_nerve"": [[1, 0], [1, 0], [1, 0], [1, 0], [1, 0], [1, 0]], ""boundary_restriction"": ""both"", ""forced_removals"": 0, ""growth_representation_fallbacks"": 4, ""invariant_held"": true, ""n_segments"": 45, ""n_train_fit"": 4343, ""n_val"": 1448, ""phase0"": [{""constant_lens"": false, ""gain"": 0.25, ""lens"": ""pc1"", ""lens_scaling"": ""standardize"", ""min_cluster_size"": 21, ""min_samples"": 5, ""n_class"": 1034, ""n_edges"": 6, ""n_intervals"": 7, ""n_vertices"": 7, ""noise_reassigned"": 1152, ""placement"": ""uniform"", ""slabs"": [{""k"": 1, ""n"": 108}, {""k"": 1, ""n"": 380}, {""k"": 1, ""n"": 212}, {""k"": 1, ""n"": 194}, {""k"": 1, ""n"": 179}, {""k"": 1, ""n"": 151}, {""k"": 1, ""n"": 77}]}, {""constant_lens"": false, ""gain"": 0.25, ""lens"": ""pc1"", ""lens_scaling"": ""standardize"", ""min_cluster_size"": 21, ""min_samples"": 5, ""n_class"": 475, ""n_edges"": 5, ""n_intervals"": 6, ""n_vertices"": 6, ""noise_reassigned"": 378, ""placement"": ""quantile"", ""slabs"": [{""k"": 1, ""n"": 89}, {""k"": 1, ""n"": 98}, {""k"": 1, ""n"": 98}, {""k"": 1, ""n"": 98}, {""k"": 1, ""n"": 98}, {""k"": 1, ""n"": 89}]}, {""constant_lens"": false, ""gain"": 0.25, ""lens"": ""pc1"", ""lens_scaling"": ""standardize"", ""min_cluster_size"": 21, ""min_samples"": 5, ""n_class"": 916, ""n_edges"": 5, ""n_intervals"": 6, ""n_vertices"": 6, ""noise_reassigned"": 981, ""placement"": ""quantile"", ""slabs"": [{""k"": 1, ""n"": 172}, {""k"": 1, ""n"": 191}, {""k"": 1, ""n"": 191}, {""k"": 1, ""n"": 191}, {""k"": 1, ""n"": 191}, {""k"": 1, ""n"": 172}]}, {""constant_lens"": false, ""gain"": 0.25, ""lens"": ""pc1"", ""lens_scaling"": ""standardize"", ""min_cluster_size"": 21, ""min_samples"": 5, ""n_class"": 423, ""n_edges"": 5, ""n_intervals"": 6, ""n_vertices"": 6, ""noise_reassigned"": 383, ""placement"": ""quantile"", ""slabs"": [{""k"": 1, ""n"": 80}, {""k"": 1, ""n"": 88}, {""k"": 1, ""n"": 88}, {""k"": 1, ""n"": 88}, {""k"": 1, ""n"": 88}, {""k"": 1, ""n"": 80}]}, {""constant_lens"": false, ""gain"": 0.25, ""lens"": ""pc1"", ""lens_scaling"": ""standardize"", ""min_cluster_size"": 21, ""min_samples"": 5, ""n_class"": 477, ""n_edges"": 5, ""n_intervals"": 6, ""n_vertices"": 6, ""noise_reassigned"": 406, ""placement"": ""quantile"", ""slabs"": [{""k"": 1, ""n"": 90}, {""k"": 1, ""n"": 99}, {""k"": 1, ""n"": 99}, {""k"": 1, ""n"": 99}, {""k"": 1, ""n"": 99}, {""k"": 1, ""n"": 90}]}, {""constant_lens"": false, ""gain"": 0.25, ""lens"": ""pc1"", ""lens_scaling"": ""standardize"", ""min_cluster_size"": 21, ""min_samples"": 5, ""n_class"": 1018, ""n_edges"": 6, ""n_intervals"": 7, ""n_vertices"": 7, ""noise_reassigned"": 1089, ""placement"": ""quantile"", ""slabs"": [{""k"": 1, ""n"": 164}, {""k"": 1, ""n"": 181}, {""k"": 1, ""n"": 182}, {""k"": 1, ""n"": 182}, {""k"": 1, ""n"": 182}, {""k"": 1, ""n"": 181}, {""k"": 1, ""n"": 164}]}], ""soundness_bound_holds"": true, ""step_rule"": ""scale_free"", ""topology_retention_nerve_to_frozen"": {""beta0_frozen"": 13, ""beta0_nerve"": 6, ""beta1_frozen"": 0, ""beta1_nerve"": 0}}",True
0.8385093167701864,58,False,0.010015541357278536,0.01,,5.408437000005506,5.408437000005506,0.0,satimage,6,,SPINE+Graph,10,58,644,5791,0.9899844586427214,1962713169,False,"{""admission"": {""criterion"": ""risk"", ""removed_risk"": 7, ""removed_support"": 0}, ""betti_final"": [[1, 0], [3, 0], [2, 0], [3, 0], [3, 0], [1, 0]], ""betti_frozen"": [[1, 0], [3, 0], [2, 0], [3, 0], [3, 0], [1, 0]], ""betti_nerve"": [[1, 0], [1, 0], [1, 0], [1, 0], [1, 0], [1, 0]], ""boundary_restriction"": ""both"", ""forced_removals"": 0, ""growth_representation_fallbacks"": 4, ""invariant_held"": true, ""n_segments"": 45, ""n_train_fit"": 4343, ""n_val"": 1448, ""phase0"": [{""constant_lens"": false, ""gain"": 0.25, ""lens"": ""pc1"", ""lens_scaling"": ""standardize"", ""min_cluster_size"": 21, ""min_samples"": 5, ""n_class"": 1034, ""n_edges"": 6, ""n_intervals"": 7, ""n_vertices"": 7, ""noise_reassigned"": 1152, ""placement"": ""uniform"", ""slabs"": [{""k"": 1, ""n"": 108}, {""k"": 1, ""n"": 380}, {""k"": 1, ""n"": 212}, {""k"": 1, ""n"": 194}, {""k"": 1, ""n"": 179}, {""k"": 1, ""n"": 151}, {""k"": 1, ""n"": 77}]}, {""constant_lens"": false, ""gain"": 0.25, ""lens"": ""pc1"", ""lens_scaling"": ""standardize"", ""min_cluster_size"": 21, ""min_samples"": 5, ""n_class"": 475, ""n_edges"": 5, ""n_intervals"": 6, ""n_vertices"": 6, ""noise_reassigned"": 378, ""placement"": ""quantile"", ""slabs"": [{""k"": 1, ""n"": 89}, {""k"": 1, ""n"": 98}, {""k"": 1, ""n"": 98}, {""k"": 1, ""n"": 98}, {""k"": 1, ""n"": 98}, {""k"": 1, ""n"": 89}]}, {""constant_lens"": false, ""gain"": 0.25, ""lens"": ""pc1"", ""lens_scaling"": ""standardize"", ""min_cluster_size"": 21, ""min_samples"": 5, ""n_class"": 916, ""n_edges"": 5, ""n_intervals"": 6, ""n_vertices"": 6, ""noise_reassigned"": 981, ""placement"": ""quantile"", ""slabs"": [{""k"": 1, ""n"": 172}, {""k"": 1, ""n"": 191}, {""k"": 1, ""n"": 191}, {""k"": 1, ""n"": 191}, {""k"": 1, ""n"": 191}, {""k"": 1, ""n"": 172}]}, {""constant_lens"": false, ""gain"": 0.25, ""lens"": ""pc1"", ""lens_scaling"": ""standardize"", ""min_cluster_size"": 21, ""min_samples"": 5, ""n_class"": 423, ""n_edges"": 5, ""n_intervals"": 6, ""n_vertices"": 6, ""noise_reassigned"": 383, ""placement"": ""quantile"", ""slabs"": [{""k"": 1, ""n"": 80}, {""k"": 1, ""n"": 88}, {""k"": 1, ""n"": 88}, {""k"": 1, ""n"": 88}, {""k"": 1, ""n"": 88}, {""k"": 1, ""n"": 80}]}, {""constant_lens"": false, ""gain"": 0.25, ""lens"": ""pc1"", ""lens_scaling"": ""standardize"", ""min_cluster_size"": 21, ""min_samples"": 5, ""n_class"": 477, ""n_edges"": 5, ""n_intervals"": 6, ""n_vertices"": 6, ""noise_reassigned"": 406, ""placement"": ""quantile"", ""slabs"": [{""k"": 1, ""n"": 90}, {""k"": 1, ""n"": 99}, {""k"": 1, ""n"": 99}, {""k"": 1, ""n"": 99}, {""k"": 1, ""n"": 99}, {""k"": 1, ""n"": 90}]}, {""constant_lens"": false, ""gain"": 0.25, ""lens"": ""pc1"", ""lens_scaling"": ""standardize"", ""min_cluster_size"": 21, ""min_samples"": 5, ""n_class"": 1018, ""n_edges"": 6, ""n_intervals"": 7, ""n_vertices"": 7, ""noise_reassigned"": 1089, ""placement"": ""quantile"", ""slabs"": [{""k"": 1, ""n"": 164}, {""k"": 1, ""n"": 181}, {""k"": 1, ""n"": 182}, {""k"": 1, ""n"": 182}, {""k"": 1, ""n"": 182}, {""k"": 1, ""n"": 181}, {""k"": 1, ""n"": 164}]}], ""soundness_bound_holds"": true, ""step_rule"": ""scale_free"", ""topology_retention_nerve_to_frozen"": {""beta0_frozen"": 13, ""beta0_nerve"": 6, ""beta1_frozen"": 0, ""beta1_nerve"": 0}}",True
0.8881987577639752,58,False,0.010015541357278536,0.01,,2.688151000009384,50.86439700005576,48.176246000046376,satimage,6,"{""epsilon"": 0.1, ""window"": 0.2}",LVQ3,10,58,644,5791,0.9899844586427214,1962713169,False,,True
0.8540372670807453,58,False,0.010015541357278536,0.01,"{""0"": 14, ""1"": 6, ""2"": 12, ""3"": 6, ""4"": 6, ""5"": 14}",1.6120970000047237,1.6120970000047237,0.0,satimage,6,,KMeans,10,58,644,5791,0.9899844586427214,1962713169,False,,True
0.7841614906832298,58,False,0.010015541357278536,0.01,"{""0"": 14, ""1"": 6, ""2"": 12, ""3"": 6, ""4"": 6, ""5"": 14}",0.0055259999935515225,0.0055259999935515225,0.0,satimage,6,,Random,10,58,644,5791,0.9899844586427214,1962713169,False,,True
0.827639751552795,58,False,0.010015541357278536,0.01,,1.8364219999639317,1.8364219999639317,0.0,satimage,6,,SPOT,10,58,644,5791,0.9899844586427214,1962713169,False,,True
0.8245341614906833,58,False,0.010015541357278536,0.01,,10.278381999989506,10.278381999989506,0.0,satimage,6,,GLVQ,10,58,644,5791,0.9899844586427214,1962713169,False,,True
0.8369565217391305,58,False,0.010015541357278536,0.01,,1.5890979999676347,1.5890979999676347,0.0,satimage,6,,GNG,10,58,644,5791,0.9899844586427214,1962713169,False,,True
0.8913043478260869,116,False,0.020031082714557072,0.02,,0.0013229999458417296,0.0013229999458417296,0.0,satimage,6,,Full,10,5791,644,5791,0.0,1962713169,True,,False
0.8757763975155279,116,False,0.020031082714557072,0.02,,1.807284000038635,1.807284000038635,0.0,satimage,6,,RSP3,10,1538,644,5791,0.7344154722845795,1962713169,True,,False
0.8742236024844721,116,False,0.020031082714557072,0.02,,1.7874789999914356,1.7874789999914356,0.0,satimage,6,,RHC,10,575,644,5791,0.9007079951649111,1962713169,True,,False
0.8555900621118012,116,False,0.020031082714557072,0.02,,5.698185000044759,5.698185000044759,0.0,satimage,6,,SPINE+1NN,10,116,644,5791,0.9799689172854429,1962713169,False,"{""admission"": {""criterion"": ""risk"", ""removed_risk"": 7, ""removed_support"": 0}, ""betti_final"": [[1, 0], [3, 0], [2, 0], [3, 0], [3, 0], [1, 0]], ""betti_frozen"": [[1, 0], [3, 0], [2, 0], [3, 0], [3, 0], [1, 0]], ""betti_nerve"": [[1, 0], [1, 0], [1, 0], [1, 0], [1, 0], [1, 0]], ""boundary_restriction"": ""both"", ""forced_removals"": 0, ""growth_representation_fallbacks"": 33, ""invariant_held"": true, ""n_segments"": 103, ""n_train_fit"": 4343, ""n_val"": 1448, ""phase0"": [{""constant_lens"": false, ""gain"": 0.25, ""lens"": ""pc1"", ""lens_scaling"": ""standardize"", ""min_cluster_size"": 21, ""min_samples"": 5, ""n_class"": 1034, ""n_edges"": 6, ""n_intervals"": 7, ""n_vertices"": 7, ""noise_reassigned"": 1152, ""placement"": ""uniform"", ""slabs"": [{""k"": 1, ""n"": 108}, {""k"": 1, ""n"": 380}, {""k"": 1, ""n"": 212}, {""k"": 1, ""n"": 194}, {""k"": 1, ""n"": 179}, {""k"": 1, ""n"": 151}, {""k"": 1, ""n"": 77}]}, {""constant_lens"": false, ""gain"": 0.25, ""lens"": ""pc1"", ""lens_scaling"": ""standardize"", ""min_cluster_size"": 21, ""min_samples"": 5, ""n_class"": 475, ""n_edges"": 5, ""n_intervals"": 6, ""n_vertices"": 6, ""noise_reassigned"": 378, ""placement"": ""quantile"", ""slabs"": [{""k"": 1, ""n"": 89}, {""k"": 1, ""n"": 98}, {""k"": 1, ""n"": 98}, {""k"": 1, ""n"": 98}, {""k"": 1, ""n"": 98}, {""k"": 1, ""n"": 89}]}, {""constant_lens"": false, ""gain"": 0.25, ""lens"": ""pc1"", ""lens_scaling"": ""standardize"", ""min_cluster_size"": 21, ""min_samples"": 5, ""n_class"": 916, ""n_edges"": 5, ""n_intervals"": 6, ""n_vertices"": 6, ""noise_reassigned"": 981, ""placement"": ""quantile"", ""slabs"": [{""k"": 1, ""n"": 172}, {""k"": 1, ""n"": 191}, {""k"": 1, ""n"": 191}, {""k"": 1, ""n"": 191}, {""k"": 1, ""n"": 191}, {""k"": 1, ""n"": 172}]}, {""constant_lens"": false, ""gain"": 0.25, ""lens"": ""pc1"", ""lens_scaling"": ""standardize"", ""min_cluster_size"": 21, ""min_samples"": 5, ""n_class"": 423, ""n_edges"": 5, ""n_intervals"": 6, ""n_vertices"": 6, ""noise_reassigned"": 383, ""placement"": ""quantile"", ""slabs"": [{""k"": 1, ""n"": 80}, {""k"": 1, ""n"": 88}, {""k"": 1, ""n"": 88}, {""k"": 1, ""n"": 88}, {""k"": 1, ""n"": 88}, {""k"": 1, ""n"": 80}]}, {""constant_lens"": false, ""gain"": 0.25, ""lens"": ""pc1"", ""lens_scaling"": ""standardize"", ""min_cluster_size"": 21, ""min_samples"": 5, ""n_class"": 477, ""n_edges"": 5, ""n_intervals"": 6, ""n_vertices"": 6, ""noise_reassigned"": 406, ""placement"": ""quantile"", ""slabs"": [{""k"": 1, ""n"": 90}, {""k"": 1, ""n"": 99}, {""k"": 1, ""n"": 99}, {""k"": 1, ""n"": 99}, {""k"": 1, ""n"": 99}, {""k"": 1, ""n"": 90}]}, {""constant_lens"": false, ""gain"": 0.25, ""lens"": ""pc1"", ""lens_scaling"": ""standardize"", ""min_cluster_size"": 21, ""min_samples"": 5, ""n_class"": 1018, ""n_edges"": 6, ""n_intervals"": 7, ""n_vertices"": 7, ""noise_reassigned"": 1089, ""placement"": ""quantile"", ""slabs"": [{""k"": 1, ""n"": 164}, {""k"": 1, ""n"": 181}, {""k"": 1, ""n"": 182}, {""k"": 1, ""n"": 182}, {""k"": 1, ""n"": 182}, {""k"": 1, ""n"": 181}, {""k"": 1, ""n"": 164}]}], ""soundness_bound_holds"": true, ""step_rule"": ""scale_free"", ""topology_retention_nerve_to_frozen"": {""beta0_frozen"": 13, ""beta0_nerve"": 6, ""beta1_frozen"": 0, ""beta1_nerve"": 0}}",True
0.8571428571428571,116,False,0.020031082714557072,0.02,,5.698185000044759,5.698185000044759,0.0,satimage,6,,SPINE+Graph,10,116,644,5791,0.9799689172854429,1962713169,False,"{""admission"": {""criterion"": ""risk"", ""removed_risk"": 7, ""removed_support"": 0}, ""betti_final"": [[1, 0], [3, 0], [2, 0], [3, 0], [3, 0], [1, 0]], ""betti_frozen"": [[1, 0], [3, 0], [2, 0], [3, 0], [3, 0], [1, 0]], ""betti_nerve"": [[1, 0], [1, 0], [1, 0], [1, 0], [1, 0], [1, 0]], ""boundary_restriction"": ""both"", ""forced_removals"": 0, ""growth_representation_fallbacks"": 33, ""invariant_held"": true, ""n_segments"": 103, ""n_train_fit"": 4343, ""n_val"": 1448, ""phase0"": [{""constant_lens"": false, ""gain"": 0.25, ""lens"": ""pc1"", ""lens_scaling"": ""standardize"", ""min_cluster_size"": 21, ""min_samples"": 5, ""n_class"": 1034, ""n_edges"": 6, ""n_intervals"": 7, ""n_vertices"": 7, ""noise_reassigned"": 1152, ""placement"": ""uniform"", ""slabs"": [{""k"": 1, ""n"": 108}, {""k"": 1, ""n"": 380}, {""k"": 1, ""n"": 212}, {""k"": 1, ""n"": 194}, {""k"": 1, ""n"": 179}, {""k"": 1, ""n"": 151}, {""k"": 1, ""n"": 77}]}, {""constant_lens"": false, ""gain"": 0.25, ""lens"": ""pc1"", ""lens_scaling"": ""standardize"", ""min_cluster_size"": 21, ""min_samples"": 5, ""n_class"": 475, ""n_edges"": 5, ""n_intervals"": 6, ""n_vertices"": 6, ""noise_reassigned"": 378, ""placement"": ""quantile"", ""slabs"": [{""k"": 1, ""n"": 89}, {""k"": 1, ""n"": 98}, {""k"": 1, ""n"": 98}, {""k"": 1, ""n"": 98}, {""k"": 1, ""n"": 98}, {""k"": 1, ""n"": 89}]}, {""constant_lens"": false, ""gain"": 0.25, ""lens"": ""pc1"", ""lens_scaling"": ""standardize"", ""min_cluster_size"": 21, ""min_samples"": 5, ""n_class"": 916, ""n_edges"": 5, ""n_intervals"": 6, ""n_vertices"": 6, ""noise_reassigned"": 981, ""placement"": ""quantile"", ""slabs"": [{""k"": 1, ""n"": 172}, {""k"": 1, ""n"": 191}, {""k"": 1, ""n"": 191}, {""k"": 1, ""n"": 191}, {""k"": 1, ""n"": 191}, {""k"": 1, ""n"": 172}]}, {""constant_lens"": false, ""gain"": 0.25, ""lens"": ""pc1"", ""lens_scaling"": ""standardize"", ""min_cluster_size"": 21, ""min_samples"": 5, ""n_class"": 423, ""n_edges"": 5, ""n_intervals"": 6, ""n_vertices"": 6, ""noise_reassigned"": 383, ""placement"": ""quantile"", ""slabs"": [{""k"": 1, ""n"": 80}, {""k"": 1, ""n"": 88}, {""k"": 1, ""n"": 88}, {""k"": 1, ""n"": 88}, {""k"": 1, ""n"": 88}, {""k"": 1, ""n"": 80}]}, {""constant_lens"": false, ""gain"": 0.25, ""lens"": ""pc1"", ""lens_scaling"": ""standardize"", ""min_cluster_size"": 21, ""min_samples"": 5, ""n_class"": 477, ""n_edges"": 5, ""n_intervals"": 6, ""n_vertices"": 6, ""noise_reassigned"": 406, ""placement"": ""quantile"", ""slabs"": [{""k"": 1, ""n"": 90}, {""k"": 1, ""n"": 99}, {""k"": 1, ""n"": 99}, {""k"": 1, ""n"": 99}, {""k"": 1, ""n"": 99}, {""k"": 1, ""n"": 90}]}, {""constant_lens"": false, ""gain"": 0.25, ""lens"": ""pc1"", ""lens_scaling"": ""standardize"", ""min_cluster_size"": 21, ""min_samples"": 5, ""n_class"": 1018, ""n_edges"": 6, ""n_intervals"": 7, ""n_vertices"": 7, ""noise_reassigned"": 1089, ""placement"": ""quantile"", ""slabs"": [{""k"": 1, ""n"": 164}, {""k"": 1, ""n"": 181}, {""k"": 1, ""n"": 182}, {""k"": 1, ""n"": 182}, {""k"": 1, ""n"": 182}, {""k"": 1, ""n"": 181}, {""k"": 1, ""n"": 164}]}], ""soundness_bound_holds"": true, ""step_rule"": ""scale_free"", ""topology_retention_nerve_to_frozen"": {""beta0_frozen"": 13, ""beta0_nerve"": 6, ""beta1_frozen"": 0, ""beta1_nerve"": 0}}",True
0.8881987577639752,116,False,0.020031082714557072,0.02,,3.3949639999773353,62.357827999978326,58.96286400000099,satimage,6,"{""epsilon"": 0.1, ""window"": 0.3}",LVQ3,10,116,644,5791,0.9799689172854429,1962713169,False,,True
0.8618012422360248,116,False,0.020031082714557072,0.02,"{""0"": 28, ""1"": 13, ""2"": 24, ""3"": 11, ""4"": 13, ""5"": 27}",2.2999019999988377,2.2999019999988377,0.0,satimage,6,,KMeans,10,116,644,5791,0.9799689172854429,1962713169,False,,True
0.7981366459627329,116,False,0.020031082714557072,0.02,"{""0"": 28, ""1"": 13, ""2"": 24, ""3"": 11, ""4"": 13, ""5"": 27}",0.001563000027090311,0.001563000027090311,0.0,satimage,6,,Random,10,116,644,5791,0.9799689172854429,1962713169,False,,True
0.8307453416149069,116,False,0.020031082714557072,0.02,,1.8495250000269152,1.8495250000269152,0.0,satimage,6,,SPOT,10,116,644,5791,0.9799689172854429,1962713169,False,,True
0.8245341614906833,116,False,0.020031082714557072,0.02,,17.474125999957323,17.474125999957323,0.0,satimage,6,,GLVQ,10,116,644,5791,0.9799689172854429,1962713169,False,,True
0.8649068322981367,116,False,0.020031082714557072,0.02,,1.9720049999887124,1.9720049999887124,0.0,satimage,6,,GNG,10,116,644,5791,0.9799689172854429,1962713169,False,,True
0.8913043478260869,290,False,0.05007770678639268,0.05,,0.0013229999458417296,0.0013229999458417296,0.0,satimage,6,,Full,10,5791,644,5791,0.0,1962713169,True,,False
0.8757763975155279,290,False,0.05007770678639268,0.05,,1.807284000038635,1.807284000038635,0.0,satimage,6,,RSP3,10,1538,644,5791,0.7344154722845795,1962713169,True,,False
0.8742236024844721,290,False,0.05007770678639268,0.05,,1.7874789999914356,1.7874789999914356,0.0,satimage,6,,RHC,10,575,644,5791,0.9007079951649111,1962713169,True,,False
0.8555900621118012,290,False,0.05007770678639268,0.05,,7.069909000012558,7.069909000012558,0.0,satimage,6,,SPINE+1NN,10,290,644,5791,0.9499222932136073,1962713169,False,"{""admission"": {""criterion"": ""risk"", ""removed_risk"": 7, ""removed_support"": 0}, ""betti_final"": [[1, 0], [3, 0], [2, 0], [3, 0], [3, 0], [1, 0]], ""betti_frozen"": [[1, 0], [3, 0], [2, 0], [3, 0], [3, 0], [1, 0]], ""betti_nerve"": [[1, 0], [1, 0], [1, 0], [1, 0], [1, 0], [1, 0]], ""boundary_restriction"": ""both"", ""forced_removals"": 0, ""growth_representation_fallbacks"": 143, ""invariant_held"": true, ""n_segments"": 277, ""n_train_fit"": 4343, ""n_val"": 1448, ""phase0"": [{""constant_lens"": false, ""gain"": 0.25, ""lens"": ""pc1"", ""lens_scaling"": ""standardize"", ""min_cluster_size"": 21, ""min_samples"": 5, ""n_class"": 1034, ""n_edges"": 6, ""n_intervals"": 7, ""n_vertices"": 7, ""noise_reassigned"": 1152, ""placement"": ""uniform"", ""slabs"": [{""k"": 1, ""n"": 108}, {""k"": 1, ""n"": 380}, {""k"": 1, ""n"": 212}, {""k"": 1, ""n"": 194}, {""k"": 1, ""n"": 179}, {""k"": 1, ""n"": 151}, {""k"": 1, ""n"": 77}]}, {""constant_lens"": false, ""gain"": 0.25, ""lens"": ""pc1"", ""lens_scaling"": ""standardize"", ""min_cluster_size"": 21, ""min_samples"": 5, ""n_class"": 475, ""n_edges"": 5, ""n_intervals"": 6, ""n_vertices"": 6, ""noise_reassigned"": 378, ""placement"": ""quantile"", ""slabs"": [{""k"": 1, ""n"": 89}, {""k"": 1, ""n"": 98}, {""k"": 1, ""n"": 98}, {""k"": 1, ""n"": 98}, {""k"": 1, ""n"": 98}, {""k"": 1, ""n"": 89}]}, {""constant_lens"": false, ""gain"": 0.25, ""lens"": ""pc1"", ""lens_scaling"": ""standardize"", ""min_cluster_size"": 21, ""min_samples"": 5, ""n_class"": 916, ""n_edges"": 5, ""n_intervals"": 6, ""n_vertices"": 6, ""noise_reassigned"": 981, ""placement"": ""quantile"", ""slabs"": [{""k"": 1, ""n"": 172}, {""k"": 1, ""n"": 191}, {""k"": 1, ""n"": 191}, {""k"": 1, ""n"": 191}, {""k"": 1, ""n"": 191}, {""k"": 1, ""n"": 172}]}, {""constant_lens"": false, ""gain"": 0.25, ""lens"": ""pc1"", ""lens_scaling"": ""standardize"", ""min_cluster_size"": 21, ""min_samples"": 5, ""n_class"": 423, ""n_edges"": 5, ""n_intervals"": 6, ""n_vertices"": 6, ""noise_reassigned"": 383, ""placement"": ""quantile"", ""slabs"": [{""k"": 1, ""n"": 80}, {""k"": 1, ""n"": 88}, {""k"": 1, ""n"": 88}, {""k"": 1, ""n"": 88}, {""k"": 1, ""n"": 88}, {""k"": 1, ""n"": 80}]}, {""constant_lens"": false, ""gain"": 0.25, ""lens"": ""pc1"", ""lens_scaling"": ""standardize"", ""min_cluster_size"": 21, ""min_samples"": 5, ""n_class"": 477, ""n_edges"": 5, ""n_intervals"": 6, ""n_vertices"": 6, ""noise_reassigned"": 406, ""placement"": ""quantile"", ""slabs"": [{""k"": 1, ""n"": 90}, {""k"": 1, ""n"": 99}, {""k"": 1, ""n"": 99}, {""k"": 1, ""n"": 99}, {""k"": 1, ""n"": 99}, {""k"": 1, ""n"": 90}]}, {""constant_lens"": false, ""gain"": 0.25, ""lens"": ""pc1"", ""lens_scaling"": ""standardize"", ""min_cluster_size"": 21, ""min_samples"": 5, ""n_class"": 1018, ""n_edges"": 6, ""n_intervals"": 7, ""n_vertices"": 7, ""noise_reassigned"": 1089, ""placement"": ""quantile"", ""slabs"": [{""k"": 1, ""n"": 164}, {""k"": 1, ""n"": 181}, {""k"": 1, ""n"": 182}, {""k"": 1, ""n"": 182}, {""k"": 1, ""n"": 182}, {""k"": 1, ""n"": 181}, {""k"": 1, ""n"": 164}]}], ""soundness_bound_holds"": true, ""step_rule"": ""scale_free"", ""topology_retention_nerve_to_frozen"": {""beta0_frozen"": 13, ""beta0_nerve"": 6, ""beta1_frozen"": 0, ""beta1_nerve"": 0}}",True
0.8680124223602484,290,False,0.05007770678639268,0.05,,7.069909000012558,7.069909000012558,0.0,satimage,6,,SPINE+Graph,10,290,644,5791,0.9499222932136073,1962713169,False,"{""admission"": {""criterion"": ""risk"", ""removed_risk"": 7, ""removed_support"": 0}, ""betti_final"": [[1, 0], [3, 0], [2, 0], [3, 0], [3, 0], [1, 0]], ""betti_frozen"": [[1, 0], [3, 0], [2, 0], [3, 0], [3, 0], [1, 0]], ""betti_nerve"": [[1, 0], [1, 0], [1, 0], [1, 0], [1, 0], [1, 0]], ""boundary_restriction"": ""both"", ""forced_removals"": 0, ""growth_representation_fallbacks"": 143, ""invariant_held"": true, ""n_segments"": 277, ""n_train_fit"": 4343, ""n_val"": 1448, ""phase0"": [{""constant_lens"": false, ""gain"": 0.25, ""lens"": ""pc1"", ""lens_scaling"": ""standardize"", ""min_cluster_size"": 21, ""min_samples"": 5, ""n_class"": 1034, ""n_edges"": 6, ""n_intervals"": 7, ""n_vertices"": 7, ""noise_reassigned"": 1152, ""placement"": ""uniform"", ""slabs"": [{""k"": 1, ""n"": 108}, {""k"": 1, ""n"": 380}, {""k"": 1, ""n"": 212}, {""k"": 1, ""n"": 194}, {""k"": 1, ""n"": 179}, {""k"": 1, ""n"": 151}, {""k"": 1, ""n"": 77}]}, {""constant_lens"": false, ""gain"": 0.25, ""lens"": ""pc1"", ""lens_scaling"": ""standardize"", ""min_cluster_size"": 21, ""min_samples"": 5, ""n_class"": 475, ""n_edges"": 5, ""n_intervals"": 6, ""n_vertices"": 6, ""noise_reassigned"": 378, ""placement"": ""quantile"", ""slabs"": [{""k"": 1, ""n"": 89}, {""k"": 1, ""n"": 98}, {""k"": 1, ""n"": 98}, {""k"": 1, ""n"": 98}, {""k"": 1, ""n"": 98}, {""k"": 1, ""n"": 89}]}, {""constant_lens"": false, ""gain"": 0.25, ""lens"": ""pc1"", ""lens_scaling"": ""standardize"", ""min_cluster_size"": 21, ""min_samples"": 5, ""n_class"": 916, ""n_edges"": 5, ""n_intervals"": 6, ""n_vertices"": 6, ""noise_reassigned"": 981, ""placement"": ""quantile"", ""slabs"": [{""k"": 1, ""n"": 172}, {""k"": 1, ""n"": 191}, {""k"": 1, ""n"": 191}, {""k"": 1, ""n"": 191}, {""k"": 1, ""n"": 191}, {""k"": 1, ""n"": 172}]}, {""constant_lens"": false, ""gain"": 0.25, ""lens"": ""pc1"", ""lens_scaling"": ""standardize"", ""min_cluster_size"": 21, ""min_samples"": 5, ""n_class"": 423, ""n_edges"": 5, ""n_intervals"": 6, ""n_vertices"": 6, ""noise_reassigned"": 383, ""placement"": ""quantile"", ""slabs"": [{""k"": 1, ""n"": 80}, {""k"": 1, ""n"": 88}, {""k"": 1, ""n"": 88}, {""k"": 1, ""n"": 88}, {""k"": 1, ""n"": 88}, {""k"": 1, ""n"": 80}]}, {""constant_lens"": false, ""gain"": 0.25, ""lens"": ""pc1"", ""lens_scaling"": ""standardize"", ""min_cluster_size"": 21, ""min_samples"": 5, ""n_class"": 477, ""n_edges"": 5, ""n_intervals"": 6, ""n_vertices"": 6, ""noise_reassigned"": 406, ""placement"": ""quantile"", ""slabs"": [{""k"": 1, ""n"": 90}, {""k"": 1, ""n"": 99}, {""k"": 1, ""n"": 99}, {""k"": 1, ""n"": 99}, {""k"": 1, ""n"": 99}, {""k"": 1, ""n"": 90}]}, {""constant_lens"": false, ""gain"": 0.25, ""lens"": ""pc1"", ""lens_scaling"": ""standardize"", ""min_cluster_size"": 21, ""min_samples"": 5, ""n_class"": 1018, ""n_edges"": 6, ""n_intervals"": 7, ""n_vertices"": 7, ""noise_reassigned"": 1089, ""placement"": ""quantile"", ""slabs"": [{""k"": 1, ""n"": 164}, {""k"": 1, ""n"": 181}, {""k"": 1, ""n"": 182}, {""k"": 1, ""n"": 182}, {""k"": 1, ""n"": 182}, {""k"": 1, ""n"": 181}, {""k"": 1, ""n"": 164}]}], ""soundness_bound_holds"": true, ""step_rule"": ""scale_free"", ""topology_retention_nerve_to_frozen"": {""beta0_frozen"": 13, ""beta0_nerve"": 6, ""beta1_frozen"": 0, ""beta1_nerve"": 0}}",True
0.90527950310559,290,False,0.05007770678639268,0.05,,5.067763999977615,90.4023589999997,85.33459500002209,satimage,6,"{""epsilon"": 0.1, ""window"": 0.3}",LVQ3,10,290,644,5791,0.9499222932136073,1962713169,False,,True
0.8726708074534162,290,False,0.05007770678639268,0.05,"{""0"": 69, ""1"": 32, ""2"": 61, ""3"": 28, ""4"": 32, ""5"": 68}",3.3136279999744147,3.3136279999744147,0.0,satimage,6,,KMeans,10,290,644,5791,0.9499222932136073,1962713169,False,,True
0.8462732919254659,290,False,0.05007770678639268,0.05,"{""0"": 69, ""1"": 32, ""2"": 61, ""3"": 28, ""4"": 32, ""5"": 68}",0.001736000005621463,0.001736000005621463,0.0,satimage,6,,Random,10,290,644,5791,0.9499222932136073,1962713169,False,,True
0.8571428571428571,290,False,0.05007770678639268,0.05,,1.931884000019636,1.931884000019636,0.0,satimage,6,,SPOT,10,290,644,5791,0.9499222932136073,1962713169,False,,True
0.8229813664596274,290,False,0.05007770678639268,0.05,,38.69505500001833,38.69505500001833,0.0,satimage,6,,GLVQ,10,290,644,5791,0.9499222932136073,1962713169,False,,True
0.8959627329192547,290,False,0.05007770678639268,0.05,,3.785051000013482,3.785051000013482,0.0,satimage,6,,GNG,10,290,644,5791,0.9499222932136073,1962713169,False,,True
0.8913043478260869,579,False,0.09998273182524607,0.1,,0.0013229999458417296,0.0013229999458417296,0.0,satimage,6,,Full,10,5791,644,5791,0.0,1962713169,True,,False
0.8757763975155279,579,False,0.09998273182524607,0.1,,1.807284000038635,1.807284000038635,0.0,satimage,6,,RSP3,10,1538,644,5791,0.7344154722845795,1962713169,True,,False
0.8742236024844721,579,False,0.09998273182524607,0.1,,1.7874789999914356,1.7874789999914356,0.0,satimage,6,,RHC,10,575,644,5791,0.9007079951649111,1962713169,True,,False
0.8695652173913043,579,False,0.09998273182524607,0.1,,11.281996000034269,11.281996000034269,0.0,satimage,6,,SPINE+1NN,10,579,644,5791,0.9000172681747539,1962713169,False,"{""admission"": {""criterion"": ""risk"", ""removed_risk"": 7, ""removed_support"": 0}, ""betti_final"": [[1, 0], [3, 0], [2, 0], [3, 0], [3, 0], [1, 0]], ""betti_frozen"": [[1, 0], [3, 0], [2, 0], [3, 0], [3, 0], [1, 0]], ""betti_nerve"": [[1, 0], [1, 0], [1, 0], [1, 0], [1, 0], [1, 0]], ""boundary_restriction"": ""both"", ""forced_removals"": 0, ""growth_representation_fallbacks"": 437, ""invariant_held"": true, ""n_segments"": 566, ""n_train_fit"": 4343, ""n_val"": 1448, ""phase0"": [{""constant_lens"": false, ""gain"": 0.25, ""lens"": ""pc1"", ""lens_scaling"": ""standardize"", ""min_cluster_size"": 21, ""min_samples"": 5, ""n_class"": 1034, ""n_edges"": 6, ""n_intervals"": 7, ""n_vertices"": 7, ""noise_reassigned"": 1152, ""placement"": ""uniform"", ""slabs"": [{""k"": 1, ""n"": 108}, {""k"": 1, ""n"": 380}, {""k"": 1, ""n"": 212}, {""k"": 1, ""n"": 194}, {""k"": 1, ""n"": 179}, {""k"": 1, ""n"": 151}, {""k"": 1, ""n"": 77}]}, {""constant_lens"": false, ""gain"": 0.25, ""lens"": ""pc1"", ""lens_scaling"": ""standardize"", ""min_cluster_size"": 21, ""min_samples"": 5, ""n_class"": 475, ""n_edges"": 5, ""n_intervals"": 6, ""n_vertices"": 6, ""noise_reassigned"": 378, ""placement"": ""quantile"", ""slabs"": [{""k"": 1, ""n"": 89}, {""k"": 1, ""n"": 98}, {""k"": 1, ""n"": 98}, {""k"": 1, ""n"": 98}, {""k"": 1, ""n"": 98}, {""k"": 1, ""n"": 89}]}, {""constant_lens"": false, ""gain"": 0.25, ""lens"": ""pc1"", ""lens_scaling"": ""standardize"", ""min_cluster_size"": 21, ""min_samples"": 5, ""n_class"": 916, ""n_edges"": 5, ""n_intervals"": 6, ""n_vertices"": 6, ""noise_reassigned"": 981, ""placement"": ""quantile"", ""slabs"": [{""k"": 1, ""n"": 172}, {""k"": 1, ""n"": 191}, {""k"": 1, ""n"": 191}, {""k"": 1, ""n"": 191}, {""k"": 1, ""n"": 191}, {""k"": 1, ""n"": 172}]}, {""constant_lens"": false, ""gain"": 0.25, ""lens"": ""pc1"", ""lens_scaling"": ""standardize"", ""min_cluster_size"": 21, ""min_samples"": 5, ""n_class"": 423, ""n_edges"": 5, ""n_intervals"": 6, ""n_vertices"": 6, ""noise_reassigned"": 383, ""placement"": ""quantile"", ""slabs"": [{""k"": 1, ""n"": 80}, {""k"": 1, ""n"": 88}, {""k"": 1, ""n"": 88}, {""k"": 1, ""n"": 88}, {""k"": 1, ""n"": 88}, {""k"": 1, ""n"": 80}]}, {""constant_lens"": false, ""gain"": 0.25, ""lens"": ""pc1"", ""lens_scaling"": ""standardize"", ""min_cluster_size"": 21, ""min_samples"": 5, ""n_class"": 477, ""n_edges"": 5, ""n_intervals"": 6, ""n_vertices"": 6, ""noise_reassigned"": 406, ""placement"": ""quantile"", ""slabs"": [{""k"": 1, ""n"": 90}, {""k"": 1, ""n"": 99}, {""k"": 1, ""n"": 99}, {""k"": 1, ""n"": 99}, {""k"": 1, ""n"": 99}, {""k"": 1, ""n"": 90}]}, {""constant_lens"": false, ""gain"": 0.25, ""lens"": ""pc1"", ""lens_scaling"": ""standardize"", ""min_cluster_size"": 21, ""min_samples"": 5, ""n_class"": 1018, ""n_edges"": 6, ""n_intervals"": 7, ""n_vertices"": 7, ""noise_reassigned"": 1089, ""placement"": ""quantile"", ""slabs"": [{""k"": 1, ""n"": 164}, {""k"": 1, ""n"": 181}, {""k"": 1, ""n"": 182}, {""k"": 1, ""n"": 182}, {""k"": 1, ""n"": 182}, {""k"": 1, ""n"": 181}, {""k"": 1, ""n"": 164}]}], ""soundness_bound_holds"": true, ""step_rule"": ""scale_free"", ""topology_retention_nerve_to_frozen"": {""beta0_frozen"": 13, ""beta0_nerve"": 6, ""beta1_frozen"": 0, ""beta1_nerve"": 0}}",True
0.8757763975155279,579,False,0.09998273182524607,0.1,,11.281996000034269,11.281996000034269,0.0,satimage,6,,SPINE+Graph,10,579,644,5791,0.9000172681747539,1962713169,False,"{""admission"": {""criterion"": ""risk"", ""removed_risk"": 7, ""removed_support"": 0}, ""betti_final"": [[1, 0], [3, 0], [2, 0], [3, 0], [3, 0], [1, 0]], ""betti_frozen"": [[1, 0], [3, 0], [2, 0], [3, 0], [3, 0], [1, 0]], ""betti_nerve"": [[1, 0], [1, 0], [1, 0], [1, 0], [1, 0], [1, 0]], ""boundary_restriction"": ""both"", ""forced_removals"": 0, ""growth_representation_fallbacks"": 437, ""invariant_held"": true, ""n_segments"": 566, ""n_train_fit"": 4343, ""n_val"": 1448, ""phase0"": [{""constant_lens"": false, ""gain"": 0.25, ""lens"": ""pc1"", ""lens_scaling"": ""standardize"", ""min_cluster_size"": 21, ""min_samples"": 5, ""n_class"": 1034, ""n_edges"": 6, ""n_intervals"": 7, ""n_vertices"": 7, ""noise_reassigned"": 1152, ""placement"": ""uniform"", ""slabs"": [{""k"": 1, ""n"": 108}, {""k"": 1, ""n"": 380}, {""k"": 1, ""n"": 212}, {""k"": 1, ""n"": 194}, {""k"": 1, ""n"": 179}, {""k"": 1, ""n"": 151}, {""k"": 1, ""n"": 77}]}, {""constant_lens"": false, ""gain"": 0.25, ""lens"": ""pc1"", ""lens_scaling"": ""standardize"", ""min_cluster_size"": 21, ""min_samples"": 5, ""n_class"": 475, ""n_edges"": 5, ""n_intervals"": 6, ""n_vertices"": 6, ""noise_reassigned"": 378, ""placement"": ""quantile"", ""slabs"": [{""k"": 1, ""n"": 89}, {""k"": 1, ""n"": 98}, {""k"": 1, ""n"": 98}, {""k"": 1, ""n"": 98}, {""k"": 1, ""n"": 98}, {""k"": 1, ""n"": 89}]}, {""constant_lens"": false, ""gain"": 0.25, ""lens"": ""pc1"", ""lens_scaling"": ""standardize"", ""min_cluster_size"": 21, ""min_samples"": 5, ""n_class"": 916, ""n_edges"": 5, ""n_intervals"": 6, ""n_vertices"": 6, ""noise_reassigned"": 981, ""placement"": ""quantile"", ""slabs"": [{""k"": 1, ""n"": 172}, {""k"": 1, ""n"": 191}, {""k"": 1, ""n"": 191}, {""k"": 1, ""n"": 191}, {""k"": 1, ""n"": 191}, {""k"": 1, ""n"": 172}]}, {""constant_lens"": false, ""gain"": 0.25, ""lens"": ""pc1"", ""lens_scaling"": ""standardize"", ""min_cluster_size"": 21, ""min_samples"": 5, ""n_class"": 423, ""n_edges"": 5, ""n_intervals"": 6, ""n_vertices"": 6, ""noise_reassigned"": 383, ""placement"": ""quantile"", ""slabs"": [{""k"": 1, ""n"": 80}, {""k"": 1, ""n"": 88}, {""k"": 1, ""n"": 88}, {""k"": 1, ""n"": 88}, {""k"": 1, ""n"": 88}, {""k"": 1, ""n"": 80}]}, {""constant_lens"": false, ""gain"": 0.25, ""lens"": ""pc1"", ""lens_scaling"": ""standardize"", ""min_cluster_size"": 21, ""min_samples"": 5, ""n_class"": 477, ""n_edges"": 5, ""n_intervals"": 6, ""n_vertices"": 6, ""noise_reassigned"": 406, ""placement"": ""quantile"", ""slabs"": [{""k"": 1, ""n"": 90}, {""k"": 1, ""n"": 99}, {""k"": 1, ""n"": 99}, {""k"": 1, ""n"": 99}, {""k"": 1, ""n"": 99}, {""k"": 1, ""n"": 90}]}, {""constant_lens"": false, ""gain"": 0.25, ""lens"": ""pc1"", ""lens_scaling"": ""standardize"", ""min_cluster_size"": 21, ""min_samples"": 5, ""n_class"": 1018, ""n_edges"": 6, ""n_intervals"": 7, ""n_vertices"": 7, ""noise_reassigned"": 1089, ""placement"": ""quantile"", ""slabs"": [{""k"": 1, ""n"": 164}, {""k"": 1, ""n"": 181}, {""k"": 1, ""n"": 182}, {""k"": 1, ""n"": 182}, {""k"": 1, ""n"": 182}, {""k"": 1, ""n"": 181}, {""k"": 1, ""n"": 164}]}], ""soundness_bound_holds"": true, ""step_rule"": ""scale_free"", ""topology_retention_nerve_to_frozen"": {""beta0_frozen"": 13, ""beta0_nerve"": 6, ""beta1_frozen"": 0, ""beta1_nerve"": 0}}",True
0.8975155279503105,579,False,0.09998273182524607,0.1,,7.350004000007175,129.83586099999957,122.4858569999924,satimage,6,"{""epsilon"": 0.1, ""window"": 0.3}",LVQ3,10,579,644,5791,0.9000172681747539,1962713169,False,,True
0.8850931677018633,579,False,0.09998273182524607,0.1,"{""0"": 138, ""1"": 63, ""2"": 122, ""3"": 56, ""4"": 64, ""5"": 136}",5.374780000012834,5.374780000012834,0.0,satimage,6,,KMeans,10,579,644,5791,0.9000172681747539,1962713169,False,,True
0.84472049689441,579,False,0.09998273182524607,0.1,"{""0"": 138, ""1"": 63, ""2"": 122, ""3"": 56, ""4"": 64, ""5"": 136}",0.004240000038407743,0.004240000038407743,0.0,satimage,6,,Random,10,579,644,5791,0.9000172681747539,1962713169,False,,True
0.8493788819875776,579,False,0.09998273182524607,0.1,,2.044570999976713,2.044570999976713,0.0,satimage,6,,SPOT,10,579,644,5791,0.9000172681747539,1962713169,False,,True
0.8245341614906833,579,False,0.09998273182524607,0.1,,74.31022599997232,74.31022599997232,0.0,satimage,6,,GLVQ,10,579,644,5791,0.9000172681747539,1962713169,False,,True
0.9037267080745341,579,False,0.09998273182524607,0.1,,9.434317999985069,9.434317999985069,0.0,satimage,6,,GNG,10,579,644,5791,0.9000172681747539,1962713169,False,,True
0.8913043478260869,1448,False,0.25004317043688484,0.25,,0.0013229999458417296,0.0013229999458417296,0.0,satimage,6,,Full,10,5791,644,5791,0.0,1962713169,True,,False
0.8757763975155279,1448,False,0.25004317043688484,0.25,,1.807284000038635,1.807284000038635,0.0,satimage,6,,RSP3,10,1538,644,5791,0.7344154722845795,1962713169,True,,False
0.8742236024844721,1448,False,0.25004317043688484,0.25,,1.7874789999914356,1.7874789999914356,0.0,satimage,6,,RHC,10,575,644,5791,0.9007079951649111,1962713169,True,,False
0.8819875776397516,1448,False,0.25004317043688484,0.25,,37.45375799998874,37.45375799998874,0.0,satimage,6,,SPINE+1NN,10,1448,644,5791,0.7499568295631152,1962713169,False,"{""admission"": {""criterion"": ""risk"", ""removed_risk"": 7, ""removed_support"": 0}, ""betti_final"": [[1, 0], [3, 0], [2, 0], [3, 0], [3, 0], [1, 0]], ""betti_frozen"": [[1, 0], [3, 0], [2, 0], [3, 0], [3, 0], [1, 0]], ""betti_nerve"": [[1, 0], [1, 0], [1, 0], [1, 0], [1, 0], [1, 0]], ""boundary_restriction"": ""both"", ""forced_removals"": 0, ""growth_representation_fallbacks"": 1432, ""invariant_held"": true, ""n_segments"": 1435, ""n_train_fit"": 4343, ""n_val"": 1448, ""phase0"": [{""constant_lens"": false, ""gain"": 0.25, ""lens"": ""pc1"", ""lens_scaling"": ""standardize"", ""min_cluster_size"": 21, ""min_samples"": 5, ""n_class"": 1034, ""n_edges"": 6, ""n_intervals"": 7, ""n_vertices"": 7, ""noise_reassigned"": 1152, ""placement"": ""uniform"", ""slabs"": [{""k"": 1, ""n"": 108}, {""k"": 1, ""n"": 380}, {""k"": 1, ""n"": 212}, {""k"": 1, ""n"": 194}, {""k"": 1, ""n"": 179}, {""k"": 1, ""n"": 151}, {""k"": 1, ""n"": 77}]}, {""constant_lens"": false, ""gain"": 0.25, ""lens"": ""pc1"", ""lens_scaling"": ""standardize"", ""min_cluster_size"": 21, ""min_samples"": 5, ""n_class"": 475, ""n_edges"": 5, ""n_intervals"": 6, ""n_vertices"": 6, ""noise_reassigned"": 378, ""placement"": ""quantile"", ""slabs"": [{""k"": 1, ""n"": 89}, {""k"": 1, ""n"": 98}, {""k"": 1, ""n"": 98}, {""k"": 1, ""n"": 98}, {""k"": 1, ""n"": 98}, {""k"": 1, ""n"": 89}]}, {""constant_lens"": false, ""gain"": 0.25, ""lens"": ""pc1"", ""lens_scaling"": ""standardize"", ""min_cluster_size"": 21, ""min_samples"": 5, ""n_class"": 916, ""n_edges"": 5, ""n_intervals"": 6, ""n_vertices"": 6, ""noise_reassigned"": 981, ""placement"": ""quantile"", ""slabs"": [{""k"": 1, ""n"": 172}, {""k"": 1, ""n"": 191}, {""k"": 1, ""n"": 191}, {""k"": 1, ""n"": 191}, {""k"": 1, ""n"": 191}, {""k"": 1, ""n"": 172}]}, {""constant_lens"": false, ""gain"": 0.25, ""lens"": ""pc1"", ""lens_scaling"": ""standardize"", ""min_cluster_size"": 21, ""min_samples"": 5, ""n_class"": 423, ""n_edges"": 5, ""n_intervals"": 6, ""n_vertices"": 6, ""noise_reassigned"": 383, ""placement"": ""quantile"", ""slabs"": [{""k"": 1, ""n"": 80}, {""k"": 1, ""n"": 88}, {""k"": 1, ""n"": 88}, {""k"": 1, ""n"": 88}, {""k"": 1, ""n"": 88}, {""k"": 1, ""n"": 80}]}, {""constant_lens"": false, ""gain"": 0.25, ""lens"": ""pc1"", ""lens_scaling"": ""standardize"", ""min_cluster_size"": 21, ""min_samples"": 5, ""n_class"": 477, ""n_edges"": 5, ""n_intervals"": 6, ""n_vertices"": 6, ""noise_reassigned"": 406, ""placement"": ""quantile"", ""slabs"": [{""k"": 1, ""n"": 90}, {""k"": 1, ""n"": 99}, {""k"": 1, ""n"": 99}, {""k"": 1, ""n"": 99}, {""k"": 1, ""n"": 99}, {""k"": 1, ""n"": 90}]}, {""constant_lens"": false, ""gain"": 0.25, ""lens"": ""pc1"", ""lens_scaling"": ""standardize"", ""min_cluster_size"": 21, ""min_samples"": 5, ""n_class"": 1018, ""n_edges"": 6, ""n_intervals"": 7, ""n_vertices"": 7, ""noise_reassigned"": 1089, ""placement"": ""quantile"", ""slabs"": [{""k"": 1, ""n"": 164}, {""k"": 1, ""n"": 181}, {""k"": 1, ""n"": 182}, {""k"": 1, ""n"": 182}, {""k"": 1, ""n"": 182}, {""k"": 1, ""n"": 181}, {""k"": 1, ""n"": 164}]}], ""soundness_bound_holds"": true, ""step_rule"": ""scale_free"", ""topology_retention_nerve_to_frozen"": {""beta0_frozen"": 13, ""beta0_nerve"": 6, ""beta1_frozen"": 0, ""beta1_nerve"": 0}}",True
0.889751552795031,1448,False,0.25004317043688484,0.25,,37.45375799998874,37.45375799998874,0.0,satimage,6,,SPINE+Graph,10,1448,644,5791,0.7499568295631152,1962713169,False,"{""admission"": {""criterion"": ""risk"", ""removed_risk"": 7, ""removed_support"": 0}, ""betti_final"": [[1, 0], [3, 0], [2, 0], [3, 0], [3, 0], [1, 0]], ""betti_frozen"": [[1, 0], [3, 0], [2, 0], [3, 0], [3, 0], [1, 0]], ""betti_nerve"": [[1, 0], [1, 0], [1, 0], [1, 0], [1, 0], [1, 0]], ""boundary_restriction"": ""both"", ""forced_removals"": 0, ""growth_representation_fallbacks"": 1432, ""invariant_held"": true, ""n_segments"": 1435, ""n_train_fit"": 4343, ""n_val"": 1448, ""phase0"": [{""constant_lens"": false, ""gain"": 0.25, ""lens"": ""pc1"", ""lens_scaling"": ""standardize"", ""min_cluster_size"": 21, ""min_samples"": 5, ""n_class"": 1034, ""n_edges"": 6, ""n_intervals"": 7, ""n_vertices"": 7, ""noise_reassigned"": 1152, ""placement"": ""uniform"", ""slabs"": [{""k"": 1, ""n"": 108}, {""k"": 1, ""n"": 380}, {""k"": 1, ""n"": 212}, {""k"": 1, ""n"": 194}, {""k"": 1, ""n"": 179}, {""k"": 1, ""n"": 151}, {""k"": 1, ""n"": 77}]}, {""constant_lens"": false, ""gain"": 0.25, ""lens"": ""pc1"", ""lens_scaling"": ""standardize"", ""min_cluster_size"": 21, ""min_samples"": 5, ""n_class"": 475, ""n_edges"": 5, ""n_intervals"": 6, ""n_vertices"": 6, ""noise_reassigned"": 378, ""placement"": ""quantile"", ""slabs"": [{""k"": 1, ""n"": 89}, {""k"": 1, ""n"": 98}, {""k"": 1, ""n"": 98}, {""k"": 1, ""n"": 98}, {""k"": 1, ""n"": 98}, {""k"": 1, ""n"": 89}]}, {""constant_lens"": false, ""gain"": 0.25, ""lens"": ""pc1"", ""lens_scaling"": ""standardize"", ""min_cluster_size"": 21, ""min_samples"": 5, ""n_class"": 916, ""n_edges"": 5, ""n_intervals"": 6, ""n_vertices"": 6, ""noise_reassigned"": 981, ""placement"": ""quantile"", ""slabs"": [{""k"": 1, ""n"": 172}, {""k"": 1, ""n"": 191}, {""k"": 1, ""n"": 191}, {""k"": 1, ""n"": 191}, {""k"": 1, ""n"": 191}, {""k"": 1, ""n"": 172}]}, {""constant_lens"": false, ""gain"": 0.25, ""lens"": ""pc1"", ""lens_scaling"": ""standardize"", ""min_cluster_size"": 21, ""min_samples"": 5, ""n_class"": 423, ""n_edges"": 5, ""n_intervals"": 6, ""n_vertices"": 6, ""noise_reassigned"": 383, ""placement"": ""quantile"", ""slabs"": [{""k"": 1, ""n"": 80}, {""k"": 1, ""n"": 88}, {""k"": 1, ""n"": 88}, {""k"": 1, ""n"": 88}, {""k"": 1, ""n"": 88}, {""k"": 1, ""n"": 80}]}, {""constant_lens"": false, ""gain"": 0.25, ""lens"": ""pc1"", ""lens_scaling"": ""standardize"", ""min_cluster_size"": 21, ""min_samples"": 5, ""n_class"": 477, ""n_edges"": 5, ""n_intervals"": 6, ""n_vertices"": 6, ""noise_reassigned"": 406, ""placement"": ""quantile"", ""slabs"": [{""k"": 1, ""n"": 90}, {""k"": 1, ""n"": 99}, {""k"": 1, ""n"": 99}, {""k"": 1, ""n"": 99}, {""k"": 1, ""n"": 99}, {""k"": 1, ""n"": 90}]}, {""constant_lens"": false, ""gain"": 0.25, ""lens"": ""pc1"", ""lens_scaling"": ""standardize"", ""min_cluster_size"": 21, ""min_samples"": 5, ""n_class"": 1018, ""n_edges"": 6, ""n_intervals"": 7, ""n_vertices"": 7, ""noise_reassigned"": 1089, ""placement"": ""quantile"", ""slabs"": [{""k"": 1, ""n"": 164}, {""k"": 1, ""n"": 181}, {""k"": 1, ""n"": 182}, {""k"": 1, ""n"": 182}, {""k"": 1, ""n"": 182}, {""k"": 1, ""n"": 181}, {""k"": 1, ""n"": 164}]}], ""soundness_bound_holds"": true, ""step_rule"": ""scale_free"", ""topology_retention_nerve_to_frozen"": {""beta0_frozen"": 13, ""beta0_nerve"": 6, ""beta1_frozen"": 0, ""beta1_nerve"": 0}}",True
0.889751552795031,1448,False,0.25004317043688484,0.25,,17.804630000027828,305.9781570000341,288.1735270000063,satimage,6,"{""epsilon"": 0.1, ""window"": 0.3}",LVQ3,10,1448,644,5791,0.7499568295631152,1962713169,False,,True
0.8975155279503105,1448,False,0.25004317043688484,0.25,"{""0"": 345, ""1"": 158, ""2"": 306, ""3"": 141, ""4"": 159, ""5"": 339}",9.727734000014607,9.727734000014607,0.0,satimage,6,,KMeans,10,1448,644,5791,0.7499568295631152,1962713169,False,,True
0.8726708074534162,1448,False,0.25004317043688484,0.25,"{""0"": 345, ""1"": 158, ""2"": 306, ""3"": 141, ""4"": 159, ""5"": 339}",0.002890000003390014,0.002890000003390014,0.0,satimage,6,,Random,10,1448,644,5791,0.7499568295631152,1962713169,False,,True
0.8695652173913043,1448,False,0.25004317043688484,0.25,,2.1007389999576844,2.1007389999576844,0.0,satimage,6,,SPOT,10,1448,644,5791,0.7499568295631152,1962713169,False,,True
0.8260869565217391,1448,False,0.25004317043688484,0.25,,181.33389499998884,181.33389499998884,0.0,satimage,6,,GLVQ,10,1448,644,5791,0.7499568295631152,1962713169,False,,True
0.8928571428571429,1448,False,0.25004317043688484,0.25,,44.797702999960165,44.797702999960165,0.0,satimage,6,,GNG,10,1448,644,5791,0.7499568295631152,1962713169,False,,True
0.8862928348909658,29,False,0.005006041774555498,0.005,,0.0009980000322684646,0.0009980000322684646,0.0,satimage,7,,Full,10,5793,642,5793,0.0,1963713172,False,,False
0.8862928348909658,29,False,0.005006041774555498,0.005,,1.7765260000014678,1.7765260000014678,0.0,satimage,7,,RSP3,10,1523,642,5793,0.7370964957707578,1963713172,False,,False
0.8753894080996885,29,False,0.005006041774555498,0.005,,1.6310980000416748,1.6310980000416748,0.0,satimage,7,,RHC,10,559,642,5793,0.9035042292421889,1963713172,False,,False
0.8037383177570093,29,False,0.005006041774555498,0.005,,4.4174459999776445,4.4174459999776445,0.0,satimage,7,,SPINE+1NN,10,29,642,5793,0.9949939582254445,1963713172,False,"{""admission"": {""criterion"": ""risk"", ""removed_risk"": 6, ""removed_support"": 0}, ""betti_final"": [[3, 0], [2, 0], [1, 0], [3, 0], [1, 0], [1, 0]], ""betti_frozen"": [[3, 0], [2, 0], [1, 0], [4, 0], [1, 0], [1, 0]], ""betti_nerve"": [[1, 0], [1, 0], [1, 0], [1, 0], [1, 0], [1, 0]], ""boundary_restriction"": ""both"", ""forced_removals"": 1, ""growth_representation_fallbacks"": 1, ""invariant_held"": false, ""n_segments"": 18, ""n_train_fit"": 4345, ""n_val"": 1448, ""phase0"": [{""constant_lens"": false, ""gain"": 0.25, ""lens"": ""pc1"", ""lens_scaling"": ""standardize"", ""min_cluster_size"": 21, ""min_samples"": 5, ""n_class"": 1040, ""n_edges"": 6, ""n_intervals"": 7, ""n_vertices"": 7, ""noise_reassigned"": 1134, ""placement"": ""uniform"", ""slabs"": [{""k"": 1, ""n"": 88}, {""k"": 1, ""n"": 392}, {""k"": 1, ""n"": 226}, {""k"": 1, ""n"": 188}, {""k"": 1, ""n"": 168}, {""k"": 1, ""n"": 147}, {""k"": 1, ""n"": 73}]}, {""constant_lens"": false, ""gain"": 0.25, ""lens"": ""pc1"", ""lens_scaling"": ""standardize"", ""min_cluster_size"": 21, ""min_samples"": 5, ""n_class"": 472, ""n_edges"": 5, ""n_intervals"": 6, ""n_vertices"": 6, ""noise_reassigned"": 313, ""placement"": ""quantile"", ""slabs"": [{""k"": 1, ""n"": 89}, {""k"": 1, ""n"": 98}, {""k"": 1, ""n"": 98}, {""k"": 1, ""n"": 98}, {""k"": 1, ""n"": 98}, {""k"": 1, ""n"": 89}]}, {""constant_lens"": false, ""gain"": 0.25, ""lens"": ""pc1"", ""lens_scaling"": ""standardize"", ""min_cluster_size"": 21, ""min_samples"": 5, ""n_class"": 914, ""n_edges"": 5, ""n_intervals"": 6, ""n_vertices"": 6, ""noise_reassigned"": 978, ""placement"": ""quantile"", ""slabs"": [{""k"": 1, ""n"": 172}, {""k"": 1, ""n"": 190}, {""k"": 1, ""n"": 190}, {""k"": 1, ""n"": 190}, {""k"": 1, ""n"": 190}, {""k"": 1, ""n"": 172}]}, {""constant_lens"": false, ""gain"": 0.25, ""lens"": ""pc1"", ""lens_scaling"": ""standardize"", ""min_cluster_size"": 21, ""min_samples"": 5, ""n_class"": 423, ""n_edges"": 5, ""n_intervals"": 6, ""n_vertices"": 6, ""noise_reassigned"": 385, ""placement"": ""quantile"", ""slabs"": [{""k"": 1, ""n"": 80}, {""k"": 1, ""n"": 88}, {""k"": 1, ""n"": 88}, {""k"": 1, ""n"": 88}, {""k"": 1, ""n"": 88}, {""k"": 1, ""n"": 80}]}, {""constant_lens"": false, ""gain"": 0.25, ""lens"": ""pc1"", ""lens_scaling"": ""standardize"", ""min_cluster_size"": 21, ""min_samples"": 5, ""n_class"": 477, ""n_edges"": 5, ""n_intervals"": 6, ""n_vertices"": 6, ""noise_reassigned"": 386, ""placement"": ""quantile"", ""slabs"": [{""k"": 1, ""n"": 90}, {""k"": 1, ""n"": 99}, {""k"": 1, ""n"": 99}, {""k"": 1, ""n"": 99}, {""k"": 1, ""n"": 99}, {""k"": 1, ""n"": 90}]}, {""constant_lens"": false, ""gain"": 0.25, ""lens"": ""pc1"", ""lens_scaling"": ""standardize"", ""min_cluster_size"": 21, ""min_samples"": 5, ""n_class"": 1019, ""n_edges"": 6, ""n_intervals"": 7, ""n_vertices"": 7, ""noise_reassigned"": 1085, ""placement"": ""quantile"", ""slabs"": [{""k"": 1, ""n"": 164}, {""k"": 1, ""n"": 182}, {""k"": 1, ""n"": 182}, {""k"": 1, ""n"": 181}, {""k"": 1, ""n"": 182}, {""k"": 1, ""n"": 182}, {""k"": 1, ""n"": 164}]}], ""soundness_bound_holds"": true, ""step_rule"": ""scale_free"", ""topology_retention_nerve_to_frozen"": {""beta0_frozen"": 12, ""beta0_nerve"": 6, ""beta1_frozen"": 0, ""beta1_nerve"": 0}}",True
0.8286604361370716,29,False,0.005006041774555498,0.005,,4.4174459999776445,4.4174459999776445,0.0,satimage,7,,SPINE+Graph,10,29,642,5793,0.9949939582254445,1963713172,False,"{""admission"": {""criterion"": ""risk"", ""removed_risk"": 6, ""removed_support"": 0}, ""betti_final"": [[3, 0], [2, 0], [1, 0], [3, 0], [1, 0], [1, 0]], ""betti_frozen"": [[3, 0], [2, 0], [1, 0], [4, 0], [1, 0], [1, 0]], ""betti_nerve"": [[1, 0], [1, 0], [1, 0], [1, 0], [1, 0], [1, 0]], ""boundary_restriction"": ""both"", ""forced_removals"": 1, ""growth_representation_fallbacks"": 1, ""invariant_held"": false, ""n_segments"": 18, ""n_train_fit"": 4345, ""n_val"": 1448, ""phase0"": [{""constant_lens"": false, ""gain"": 0.25, ""lens"": ""pc1"", ""lens_scaling"": ""standardize"", ""min_cluster_size"": 21, ""min_samples"": 5, ""n_class"": 1040, ""n_edges"": 6, ""n_intervals"": 7, ""n_vertices"": 7, ""noise_reassigned"": 1134, ""placement"": ""uniform"", ""slabs"": [{""k"": 1, ""n"": 88}, {""k"": 1, ""n"": 392}, {""k"": 1, ""n"": 226}, {""k"": 1, ""n"": 188}, {""k"": 1, ""n"": 168}, {""k"": 1, ""n"": 147}, {""k"": 1, ""n"": 73}]}, {""constant_lens"": false, ""gain"": 0.25, ""lens"": ""pc1"", ""lens_scaling"": ""standardize"", ""min_cluster_size"": 21, ""min_samples"": 5, ""n_class"": 472, ""n_edges"": 5, ""n_intervals"": 6, ""n_vertices"": 6, ""noise_reassigned"": 313, ""placement"": ""quantile"", ""slabs"": [{""k"": 1, ""n"": 89}, {""k"": 1, ""n"": 98}, {""k"": 1, ""n"": 98}, {""k"": 1, ""n"": 98}, {""k"": 1, ""n"": 98}, {""k"": 1, ""n"": 89}]}, {""constant_lens"": false, ""gain"": 0.25, ""lens"": ""pc1"", ""lens_scaling"": ""standardize"", ""min_cluster_size"": 21, ""min_samples"": 5, ""n_class"": 914, ""n_edges"": 5, ""n_intervals"": 6, ""n_vertices"": 6, ""noise_reassigned"": 978, ""placement"": ""quantile"", ""slabs"": [{""k"": 1, ""n"": 172}, {""k"": 1, ""n"": 190}, {""k"": 1, ""n"": 190}, {""k"": 1, ""n"": 190}, {""k"": 1, ""n"": 190}, {""k"": 1, ""n"": 172}]}, {""constant_lens"": false, ""gain"": 0.25, ""lens"": ""pc1"", ""lens_scaling"": ""standardize"", ""min_cluster_size"": 21, ""min_samples"": 5, ""n_class"": 423, ""n_edges"": 5, ""n_intervals"": 6, ""n_vertices"": 6, ""noise_reassigned"": 385, ""placement"": ""quantile"", ""slabs"": [{""k"": 1, ""n"": 80}, {""k"": 1, ""n"": 88}, {""k"": 1, ""n"": 88}, {""k"": 1, ""n"": 88}, {""k"": 1, ""n"": 88}, {""k"": 1, ""n"": 80}]}, {""constant_lens"": false, ""gain"": 0.25, ""lens"": ""pc1"", ""lens_scaling"": ""standardize"", ""min_cluster_size"": 21, ""min_samples"": 5, ""n_class"": 477, ""n_edges"": 5, ""n_intervals"": 6, ""n_vertices"": 6, ""noise_reassigned"": 386, ""placement"": ""quantile"", ""slabs"": [{""k"": 1, ""n"": 90}, {""k"": 1, ""n"": 99}, {""k"": 1, ""n"": 99}, {""k"": 1, ""n"": 99}, {""k"": 1, ""n"": 99}, {""k"": 1, ""n"": 90}]}, {""constant_lens"": false, ""gain"": 0.25, ""lens"": ""pc1"", ""lens_scaling"": ""standardize"", ""min_cluster_size"": 21, ""min_samples"": 5, ""n_class"": 1019, ""n_edges"": 6, ""n_intervals"": 7, ""n_vertices"": 7, ""noise_reassigned"": 1085, ""placement"": ""quantile"", ""slabs"": [{""k"": 1, ""n"": 164}, {""k"": 1, ""n"": 182}, {""k"": 1, ""n"": 182}, {""k"": 1, ""n"": 181}, {""k"": 1, ""n"": 182}, {""k"": 1, ""n"": 182}, {""k"": 1, ""n"": 164}]}], ""soundness_bound_holds"": true, ""step_rule"": ""scale_free"", ""topology_retention_nerve_to_frozen"": {""beta0_frozen"": 12, ""beta0_nerve"": 6, ""beta1_frozen"": 0, ""beta1_nerve"": 0}}",True
0.8800623052959502,29,False,0.005006041774555498,0.005,,2.443946000013966,47.887326000025496,45.44338000001153,satimage,7,"{""epsilon"": 0.1, ""window"": 0.2}",LVQ3,10,29,642,5793,0.9949939582254445,1963713172,False,,True
0.8473520249221184,29,False,0.005006041774555498,0.005,"{""0"": 7, ""1"": 3, ""2"": 6, ""3"": 3, ""4"": 3, ""5"": 7}",1.378828999993857,1.378828999993857,0.0,satimage,7,,KMeans,10,29,642,5793,0.9949939582254445,1963713172,False,,True
0.7772585669781932,29,False,0.005006041774555498,0.005,"{""0"": 7, ""1"": 3, ""2"": 6, ""3"": 3, ""4"": 3, ""5"": 7}",0.0013209999888204038,0.0013209999888204038,0.0,satimage,7,,Random,10,29,642,5793,0.9949939582254445,1963713172,False,,True
0.7772585669781932,29,False,0.005006041774555498,0.005,,1.781433000054676,1.781433000054676,0.0,satimage,7,,SPOT,10,29,642,5793,0.9949939582254445,1963713172,False,,True
0.8271028037383178,29,False,0.005006041774555498,0.005,,6.808867999992799,6.808867999992799,0.0,satimage,7,,GLVQ,10,29,642,5793,0.9949939582254445,1963713172,False,,True
0.8146417445482866,29,False,0.005006041774555498,0.005,,0.8560310000320897,0.8560310000320897,0.0,satimage,7,,GNG,10,29,642,5793,0.9949939582254445,1963713172,False,,True
0.8862928348909658,58,False,0.010012083549110996,0.01,,0.0009980000322684646,0.0009980000322684646,0.0,satimage,7,,Full,10,5793,642,5793,0.0,1963713172,True,,False
0.8862928348909658,58,False,0.010012083549110996,0.01,,1.7765260000014678,1.7765260000014678,0.0,satimage,7,,RSP3,10,1523,642,5793,0.7370964957707578,1963713172,True,,False
0.8753894080996885,58,False,0.010012083549110996,0.01,,1.6310980000416748,1.6310980000416748,0.0,satimage,7,,RHC,10,559,642,5793,0.9035042292421889,1963713172,True,,False
0.8286604361370716,58,False,0.010012083549110996,0.01,,5.427008999977261,5.427008999977261,0.0,satimage,7,,SPINE+1NN,10,58,642,5793,0.989987916450889,1963713172,False,"{""admission"": {""criterion"": ""risk"", ""removed_risk"": 6, ""removed_support"": 0}, ""betti_final"": [[3, 0], [2, 0], [1, 0], [4, 0], [1, 0], [1, 0]], ""betti_frozen"": [[3, 0], [2, 0], [1, 0], [4, 0], [1, 0], [1, 0]], ""betti_nerve"": [[1, 0], [1, 0], [1, 0], [1, 0], [1, 0], [1, 0]], ""boundary_restriction"": ""both"", ""forced_removals"": 0, ""growth_representation_fallbacks"": 7, ""invariant_held"": true, ""n_segments"": 46, ""n_train_fit"": 4345, ""n_val"": 1448, ""phase0"": [{""constant_lens"": false, ""gain"": 0.25, ""lens"": ""pc1"", ""lens_scaling"": ""standardize"", ""min_cluster_size"": 21, ""min_samples"": 5, ""n_class"": 1040, ""n_edges"": 6, ""n_intervals"": 7, ""n_vertices"": 7, ""noise_reassigned"": 1134, ""placement"": ""uniform"", ""slabs"": [{""k"": 1, ""n"": 88}, {""k"": 1, ""n"": 392}, {""k"": 1, ""n"": 226}, {""k"": 1, ""n"": 188}, {""k"": 1, ""n"": 168}, {""k"": 1, ""n"": 147}, {""k"": 1, ""n"": 73}]}, {""constant_lens"": false, ""gain"": 0.25, ""lens"": ""pc1"", ""lens_scaling"": ""standardize"", ""min_cluster_size"": 21, ""min_samples"": 5, ""n_class"": 472, ""n_edges"": 5, ""n_intervals"": 6, ""n_vertices"": 6, ""noise_reassigned"": 313, ""placement"": ""quantile"", ""slabs"": [{""k"": 1, ""n"": 89}, {""k"": 1, ""n"": 98}, {""k"": 1, ""n"": 98}, {""k"": 1, ""n"": 98}, {""k"": 1, ""n"": 98}, {""k"": 1, ""n"": 89}]}, {""constant_lens"": false, ""gain"": 0.25, ""lens"": ""pc1"", ""lens_scaling"": ""standardize"", ""min_cluster_size"": 21, ""min_samples"": 5, ""n_class"": 914, ""n_edges"": 5, ""n_intervals"": 6, ""n_vertices"": 6, ""noise_reassigned"": 978, ""placement"": ""quantile"", ""slabs"": [{""k"": 1, ""n"": 172}, {""k"": 1, ""n"": 190}, {""k"": 1, ""n"": 190}, {""k"": 1, ""n"": 190}, {""k"": 1, ""n"": 190}, {""k"": 1, ""n"": 172}]}, {""constant_lens"": false, ""gain"": 0.25, ""lens"": ""pc1"", ""lens_scaling"": ""standardize"", ""min_cluster_size"": 21, ""min_samples"": 5, ""n_class"": 423, ""n_edges"": 5, ""n_intervals"": 6, ""n_vertices"": 6, ""noise_reassigned"": 385, ""placement"": ""quantile"", ""slabs"": [{""k"": 1, ""n"": 80}, {""k"": 1, ""n"": 88}, {""k"": 1, ""n"": 88}, {""k"": 1, ""n"": 88}, {""k"": 1, ""n"": 88}, {""k"": 1, ""n"": 80}]}, {""constant_lens"": false, ""gain"": 0.25, ""lens"": ""pc1"", ""lens_scaling"": ""standardize"", ""min_cluster_size"": 21, ""min_samples"": 5, ""n_class"": 477, ""n_edges"": 5, ""n_intervals"": 6, ""n_vertices"": 6, ""noise_reassigned"": 386, ""placement"": ""quantile"", ""slabs"": [{""k"": 1, ""n"": 90}, {""k"": 1, ""n"": 99}, {""k"": 1, ""n"": 99}, {""k"": 1, ""n"": 99}, {""k"": 1, ""n"": 99}, {""k"": 1, ""n"": 90}]}, {""constant_lens"": false, ""gain"": 0.25, ""lens"": ""pc1"", ""lens_scaling"": ""standardize"", ""min_cluster_size"": 21, ""min_samples"": 5, ""n_class"": 1019, ""n_edges"": 6, ""n_intervals"": 7, ""n_vertices"": 7, ""noise_reassigned"": 1085, ""placement"": ""quantile"", ""slabs"": [{""k"": 1, ""n"": 164}, {""k"": 1, ""n"": 182}, {""k"": 1, ""n"": 182}, {""k"": 1, ""n"": 181}, {""k"": 1, ""n"": 182}, {""k"": 1, ""n"": 182}, {""k"": 1, ""n"": 164}]}], ""soundness_bound_holds"": true, ""step_rule"": ""scale_free"", ""topology_retention_nerve_to_frozen"": {""beta0_frozen"": 12, ""beta0_nerve"": 6, ""beta1_frozen"": 0, ""beta1_nerve"": 0}}",True
0.8426791277258567,58,False,0.010012083549110996,0.01,,5.427008999977261,5.427008999977261,0.0,satimage,7,,SPINE+Graph,10,58,642,5793,0.989987916450889,1963713172,False,"{""admission"": {""criterion"": ""risk"", ""removed_risk"": 6, ""removed_support"": 0}, ""betti_final"": [[3, 0], [2, 0], [1, 0], [4, 0], [1, 0], [1, 0]], ""betti_frozen"": [[3, 0], [2, 0], [1, 0], [4, 0], [1, 0], [1, 0]], ""betti_nerve"": [[1, 0], [1, 0], [1, 0], [1, 0], [1, 0], [1, 0]], ""boundary_restriction"": ""both"", ""forced_removals"": 0, ""growth_representation_fallbacks"": 7, ""invariant_held"": true, ""n_segments"": 46, ""n_train_fit"": 4345, ""n_val"": 1448, ""phase0"": [{""constant_lens"": false, ""gain"": 0.25, ""lens"": ""pc1"", ""lens_scaling"": ""standardize"", ""min_cluster_size"": 21, ""min_samples"": 5, ""n_class"": 1040, ""n_edges"": 6, ""n_intervals"": 7, ""n_vertices"": 7, ""noise_reassigned"": 1134, ""placement"": ""uniform"", ""slabs"": [{""k"": 1, ""n"": 88}, {""k"": 1, ""n"": 392}, {""k"": 1, ""n"": 226}, {""k"": 1, ""n"": 188}, {""k"": 1, ""n"": 168}, {""k"": 1, ""n"": 147}, {""k"": 1, ""n"": 73}]}, {""constant_lens"": false, ""gain"": 0.25, ""lens"": ""pc1"", ""lens_scaling"": ""standardize"", ""min_cluster_size"": 21, ""min_samples"": 5, ""n_class"": 472, ""n_edges"": 5, ""n_intervals"": 6, ""n_vertices"": 6, ""noise_reassigned"": 313, ""placement"": ""quantile"", ""slabs"": [{""k"": 1, ""n"": 89}, {""k"": 1, ""n"": 98}, {""k"": 1, ""n"": 98}, {""k"": 1, ""n"": 98}, {""k"": 1, ""n"": 98}, {""k"": 1, ""n"": 89}]}, {""constant_lens"": false, ""gain"": 0.25, ""lens"": ""pc1"", ""lens_scaling"": ""standardize"", ""min_cluster_size"": 21, ""min_samples"": 5, ""n_class"": 914, ""n_edges"": 5, ""n_intervals"": 6, ""n_vertices"": 6, ""noise_reassigned"": 978, ""placement"": ""quantile"", ""slabs"": [{""k"": 1, ""n"": 172}, {""k"": 1, ""n"": 190}, {""k"": 1, ""n"": 190}, {""k"": 1, ""n"": 190}, {""k"": 1, ""n"": 190}, {""k"": 1, ""n"": 172}]}, {""constant_lens"": false, ""gain"": 0.25, ""lens"": ""pc1"", ""lens_scaling"": ""standardize"", ""min_cluster_size"": 21, ""min_samples"": 5, ""n_class"": 423, ""n_edges"": 5, ""n_intervals"": 6, ""n_vertices"": 6, ""noise_reassigned"": 385, ""placement"": ""quantile"", ""slabs"": [{""k"": 1, ""n"": 80}, {""k"": 1, ""n"": 88}, {""k"": 1, ""n"": 88}, {""k"": 1, ""n"": 88}, {""k"": 1, ""n"": 88}, {""k"": 1, ""n"": 80}]}, {""constant_lens"": false, ""gain"": 0.25, ""lens"": ""pc1"", ""lens_scaling"": ""standardize"", ""min_cluster_size"": 21, ""min_samples"": 5, ""n_class"": 477, ""n_edges"": 5, ""n_intervals"": 6, ""n_vertices"": 6, ""noise_reassigned"": 386, ""placement"": ""quantile"", ""slabs"": [{""k"": 1, ""n"": 90}, {""k"": 1, ""n"": 99}, {""k"": 1, ""n"": 99}, {""k"": 1, ""n"": 99}, {""k"": 1, ""n"": 99}, {""k"": 1, ""n"": 90}]}, {""constant_lens"": false, ""gain"": 0.25, ""lens"": ""pc1"", ""lens_scaling"": ""standardize"", ""min_cluster_size"": 21, ""min_samples"": 5, ""n_class"": 1019, ""n_edges"": 6, ""n_intervals"": 7, ""n_vertices"": 7, ""noise_reassigned"": 1085, ""placement"": ""quantile"", ""slabs"": [{""k"": 1, ""n"": 164}, {""k"": 1, ""n"": 182}, {""k"": 1, ""n"": 182}, {""k"": 1, ""n"": 181}, {""k"": 1, ""n"": 182}, {""k"": 1, ""n"": 182}, {""k"": 1, ""n"": 164}]}], ""soundness_bound_holds"": true, ""step_rule"": ""scale_free"", ""topology_retention_nerve_to_frozen"": {""beta0_frozen"": 12, ""beta0_nerve"": 6, ""beta1_frozen"": 0, ""beta1_nerve"": 0}}",True
0.8987538940809969,58,False,0.010012083549110996,0.01,,2.6861550000030547,50.963257000024896,48.27710200002184,satimage,7,"{""epsilon"": 0.1, ""window"": 0.2}",LVQ3,10,58,642,5793,0.989987916450889,1963713172,False,,True
0.867601246105919,58,False,0.010012083549110996,0.01,"{""0"": 14, ""1"": 6, ""2"": 12, ""3"": 6, ""4"": 6, ""5"": 14}",1.5908050000434741,1.5908050000434741,0.0,satimage,7,,KMeans,10,58,642,5793,0.989987916450889,1963713172,False,,True
0.8099688473520249,58,False,0.010012083549110996,0.01,"{""0"": 14, ""1"": 6, ""2"": 12, ""3"": 6, ""4"": 6, ""5"": 14}",0.001436999998986721,0.001436999998986721,0.0,satimage,7,,Random,10,58,642,5793,0.989987916450889,1963713172,False,,True
0.839563862928349,58,False,0.010012083549110996,0.01,,1.7956509999930859,1.7956509999930859,0.0,satimage,7,,SPOT,10,58,642,5793,0.989987916450889,1963713172,False,,True
0.8348909657320872,58,False,0.010012083549110996,0.01,,10.337209000019357,10.337209000019357,0.0,satimage,7,,GLVQ,10,58,642,5793,0.989987916450889,1963713172,False,,True
0.8457943925233645,58,False,0.010012083549110996,0.01,,1.591208000027109,1.591208000027109,0.0,satimage,7,,GNG,10,58,642,5793,0.989987916450889,1963713172,False,,True
0.8862928348909658,116,False,0.020024167098221992,0.02,,0.0009980000322684646,0.0009980000322684646,0.0,satimage,7,,Full,10,5793,642,5793,0.0,1963713172,True,,False
0.8862928348909658,116,False,0.020024167098221992,0.02,,1.7765260000014678,1.7765260000014678,0.0,satimage,7,,RSP3,10,1523,642,5793,0.7370964957707578,1963713172,True,,False
0.8753894080996885,116,False,0.020024167098221992,0.02,,1.6310980000416748,1.6310980000416748,0.0,satimage,7,,RHC,10,559,642,5793,0.9035042292421889,1963713172,True,,False
0.8551401869158879,116,False,0.020024167098221992,0.02,,5.731760999944527,5.731760999944527,0.0,satimage,7,,SPINE+1NN,10,116,642,5793,0.979975832901778,1963713172,False,"{""admission"": {""criterion"": ""risk"", ""removed_risk"": 6, ""removed_support"": 0}, ""betti_final"": [[3, 0], [2, 0], [1, 0], [4, 0], [1, 0], [1, 0]], ""betti_frozen"": [[3, 0], [2, 0], [1, 0], [4, 0], [1, 0], [1, 0]], ""betti_nerve"": [[1, 0], [1, 0], [1, 0], [1, 0], [1, 0], [1, 0]], ""boundary_restriction"": ""both"", ""forced_removals"": 0, ""growth_representation_fallbacks"": 33, ""invariant_held"": true, ""n_segments"": 104, ""n_train_fit"": 4345, ""n_val"": 1448, ""phase0"": [{""constant_lens"": false, ""gain"": 0.25, ""lens"": ""pc1"", ""lens_scaling"": ""standardize"", ""min_cluster_size"": 21, ""min_samples"": 5, ""n_class"": 1040, ""n_edges"": 6, ""n_intervals"": 7, ""n_vertices"": 7, ""noise_reassigned"": 1134, ""placement"": ""uniform"", ""slabs"": [{""k"": 1, ""n"": 88}, {""k"": 1, ""n"": 392}, {""k"": 1, ""n"": 226}, {""k"": 1, ""n"": 188}, {""k"": 1, ""n"": 168}, {""k"": 1, ""n"": 147}, {""k"": 1, ""n"": 73}]}, {""constant_lens"": false, ""gain"": 0.25, ""lens"": ""pc1"", ""lens_scaling"": ""standardize"", ""min_cluster_size"": 21, ""min_samples"": 5, ""n_class"": 472, ""n_edges"": 5, ""n_intervals"": 6, ""n_vertices"": 6, ""noise_reassigned"": 313, ""placement"": ""quantile"", ""slabs"": [{""k"": 1, ""n"": 89}, {""k"": 1, ""n"": 98}, {""k"": 1, ""n"": 98}, {""k"": 1, ""n"": 98}, {""k"": 1, ""n"": 98}, {""k"": 1, ""n"": 89}]}, {""constant_lens"": false, ""gain"": 0.25, ""lens"": ""pc1"", ""lens_scaling"": ""standardize"", ""min_cluster_size"": 21, ""min_samples"": 5, ""n_class"": 914, ""n_edges"": 5, ""n_intervals"": 6, ""n_vertices"": 6, ""noise_reassigned"": 978, ""placement"": ""quantile"", ""slabs"": [{""k"": 1, ""n"": 172}, {""k"": 1, ""n"": 190}, {""k"": 1, ""n"": 190}, {""k"": 1, ""n"": 190}, {""k"": 1, ""n"": 190}, {""k"": 1, ""n"": 172}]}, {""constant_lens"": false, ""gain"": 0.25, ""lens"": ""pc1"", ""lens_scaling"": ""standardize"", ""min_cluster_size"": 21, ""min_samples"": 5, ""n_class"": 423, ""n_edges"": 5, ""n_intervals"": 6, ""n_vertices"": 6, ""noise_reassigned"": 385, ""placement"": ""quantile"", ""slabs"": [{""k"": 1, ""n"": 80}, {""k"": 1, ""n"": 88}, {""k"": 1, ""n"": 88}, {""k"": 1, ""n"": 88}, {""k"": 1, ""n"": 88}, {""k"": 1, ""n"": 80}]}, {""constant_lens"": false, ""gain"": 0.25, ""lens"": ""pc1"", ""lens_scaling"": ""standardize"", ""min_cluster_size"": 21, ""min_samples"": 5, ""n_class"": 477, ""n_edges"": 5, ""n_intervals"": 6, ""n_vertices"": 6, ""noise_reassigned"": 386, ""placement"": ""quantile"", ""slabs"": [{""k"": 1, ""n"": 90}, {""k"": 1, ""n"": 99}, {""k"": 1, ""n"": 99}, {""k"": 1, ""n"": 99}, {""k"": 1, ""n"": 99}, {""k"": 1, ""n"": 90}]}, {""constant_lens"": false, ""gain"": 0.25, ""lens"": ""pc1"", ""lens_scaling"": ""standardize"", ""min_cluster_size"": 21, ""min_samples"": 5, ""n_class"": 1019, ""n_edges"": 6, ""n_intervals"": 7, ""n_vertices"": 7, ""noise_reassigned"": 1085, ""placement"": ""quantile"", ""slabs"": [{""k"": 1, ""n"": 164}, {""k"": 1, ""n"": 182}, {""k"": 1, ""n"": 182}, {""k"": 1, ""n"": 181}, {""k"": 1, ""n"": 182}, {""k"": 1, ""n"": 182}, {""k"": 1, ""n"": 164}]}], ""soundness_bound_holds"": true, ""step_rule"": ""scale_free"", ""topology_retention_nerve_to_frozen"": {""beta0_frozen"": 12, ""beta0_nerve"": 6, ""beta1_frozen"": 0, ""beta1_nerve"": 0}}",True
0.8520249221183801,116,False,0.020024167098221992,0.02,,5.731760999944527,5.731760999944527,0.0,satimage,7,,SPINE+Graph,10,116,642,5793,0.979975832901778,1963713172,False,"{""admission"": {""criterion"": ""risk"", ""removed_risk"": 6, ""removed_support"": 0}, ""betti_final"": [[3, 0], [2, 0], [1, 0], [4, 0], [1, 0], [1, 0]], ""betti_frozen"": [[3, 0], [2, 0], [1, 0], [4, 0], [1, 0], [1, 0]], ""betti_nerve"": [[1, 0], [1, 0], [1, 0], [1, 0], [1, 0], [1, 0]], ""boundary_restriction"": ""both"", ""forced_removals"": 0, ""growth_representation_fallbacks"": 33, ""invariant_held"": true, ""n_segments"": 104, ""n_train_fit"": 4345, ""n_val"": 1448, ""phase0"": [{""constant_lens"": false, ""gain"": 0.25, ""lens"": ""pc1"", ""lens_scaling"": ""standardize"", ""min_cluster_size"": 21, ""min_samples"": 5, ""n_class"": 1040, ""n_edges"": 6, ""n_intervals"": 7, ""n_vertices"": 7, ""noise_reassigned"": 1134, ""placement"": ""uniform"", ""slabs"": [{""k"": 1, ""n"": 88}, {""k"": 1, ""n"": 392}, {""k"": 1, ""n"": 226}, {""k"": 1, ""n"": 188}, {""k"": 1, ""n"": 168}, {""k"": 1, ""n"": 147}, {""k"": 1, ""n"": 73}]}, {""constant_lens"": false, ""gain"": 0.25, ""lens"": ""pc1"", ""lens_scaling"": ""standardize"", ""min_cluster_size"": 21, ""min_samples"": 5, ""n_class"": 472, ""n_edges"": 5, ""n_intervals"": 6, ""n_vertices"": 6, ""noise_reassigned"": 313, ""placement"": ""quantile"", ""slabs"": [{""k"": 1, ""n"": 89}, {""k"": 1, ""n"": 98}, {""k"": 1, ""n"": 98}, {""k"": 1, ""n"": 98}, {""k"": 1, ""n"": 98}, {""k"": 1, ""n"": 89}]}, {""constant_lens"": false, ""gain"": 0.25, ""lens"": ""pc1"", ""lens_scaling"": ""standardize"", ""min_cluster_size"": 21, ""min_samples"": 5, ""n_class"": 914, ""n_edges"": 5, ""n_intervals"": 6, ""n_vertices"": 6, ""noise_reassigned"": 978, ""placement"": ""quantile"", ""slabs"": [{""k"": 1, ""n"": 172}, {""k"": 1, ""n"": 190}, {""k"": 1, ""n"": 190}, {""k"": 1, ""n"": 190}, {""k"": 1, ""n"": 190}, {""k"": 1, ""n"": 172}]}, {""constant_lens"": false, ""gain"": 0.25, ""lens"": ""pc1"", ""lens_scaling"": ""standardize"", ""min_cluster_size"": 21, ""min_samples"": 5, ""n_class"": 423, ""n_edges"": 5, ""n_intervals"": 6, ""n_vertices"": 6, ""noise_reassigned"": 385, ""placement"": ""quantile"", ""slabs"": [{""k"": 1, ""n"": 80}, {""k"": 1, ""n"": 88}, {""k"": 1, ""n"": 88}, {""k"": 1, ""n"": 88}, {""k"": 1, ""n"": 88}, {""k"": 1, ""n"": 80}]}, {""constant_lens"": false, ""gain"": 0.25, ""lens"": ""pc1"", ""lens_scaling"": ""standardize"", ""min_cluster_size"": 21, ""min_samples"": 5, ""n_class"": 477, ""n_edges"": 5, ""n_intervals"": 6, ""n_vertices"": 6, ""noise_reassigned"": 386, ""placement"": ""quantile"", ""slabs"": [{""k"": 1, ""n"": 90}, {""k"": 1, ""n"": 99}, {""k"": 1, ""n"": 99}, {""k"": 1, ""n"": 99}, {""k"": 1, ""n"": 99}, {""k"": 1, ""n"": 90}]}, {""constant_lens"": false, ""gain"": 0.25, ""lens"": ""pc1"", ""lens_scaling"": ""standardize"", ""min_cluster_size"": 21, ""min_samples"": 5, ""n_class"": 1019, ""n_edges"": 6, ""n_intervals"": 7, ""n_vertices"": 7, ""noise_reassigned"": 1085, ""placement"": ""quantile"", ""slabs"": [{""k"": 1, ""n"": 164}, {""k"": 1, ""n"": 182}, {""k"": 1, ""n"": 182}, {""k"": 1, ""n"": 181}, {""k"": 1, ""n"": 182}, {""k"": 1, ""n"": 182}, {""k"": 1, ""n"": 164}]}], ""soundness_bound_holds"": true, ""step_rule"": ""scale_free"", ""topology_retention_nerve_to_frozen"": {""beta0_frozen"": 12, ""beta0_nerve"": 6, ""beta1_frozen"": 0, ""beta1_nerve"": 0}}",True
0.9018691588785047,116,False,0.020024167098221992,0.02,,3.415006000024732,63.40416199999163,59.9891559999669,satimage,7,"{""epsilon"": 0.1, ""window"": 0.2}",LVQ3,10,116,642,5793,0.979975832901778,1963713172,False,,True
0.8769470404984424,116,False,0.020024167098221992,0.02,"{""0"": 28, ""1"": 13, ""2"": 24, ""3"": 11, ""4"": 13, ""5"": 27}",2.2022269999724813,2.2022269999724813,0.0,satimage,7,,KMeans,10,116,642,5793,0.979975832901778,1963713172,False,,True
0.8317757009345794,116,False,0.020024167098221992,0.02,"{""0"": 28, ""1"": 13, ""2"": 24, ""3"": 11, ""4"": 13, ""5"": 27}",0.0014620000147260725,0.0014620000147260725,0.0,satimage,7,,Random,10,116,642,5793,0.979975832901778,1963713172,False,,True
0.839563862928349,116,False,0.020024167098221992,0.02,,1.909469000005629,1.909469000005629,0.0,satimage,7,,SPOT,10,116,642,5793,0.979975832901778,1963713172,False,,True
0.8442367601246106,116,False,0.020024167098221992,0.02,,17.43377000000328,17.43377000000328,0.0,satimage,7,,GLVQ,10,116,642,5793,0.979975832901778,1963713172,False,,True
0.883177570093458,116,False,0.020024167098221992,0.02,,1.9797250000410713,1.9797250000410713,0.0,satimage,7,,GNG,10,116,642,5793,0.979975832901778,1963713172,False,,True
0.8862928348909658,290,False,0.05006041774555498,0.05,,0.0009980000322684646,0.0009980000322684646,0.0,satimage,7,,Full,10,5793,642,5793,0.0,1963713172,True,,False
0.8862928348909658,290,False,0.05006041774555498,0.05,,1.7765260000014678,1.7765260000014678,0.0,satimage,7,,RSP3,10,1523,642,5793,0.7370964957707578,1963713172,True,,False
0.8753894080996885,290,False,0.05006041774555498,0.05,,1.6310980000416748,1.6310980000416748,0.0,satimage,7,,RHC,10,559,642,5793,0.9035042292421889,1963713172,True,,False
0.8753894080996885,290,False,0.05006041774555498,0.05,,7.290008999989368,7.290008999989368,0.0,satimage,7,,SPINE+1NN,10,290,642,5793,0.949939582254445,1963713172,False,"{""admission"": {""criterion"": ""risk"", ""removed_risk"": 6, ""removed_support"": 0}, ""betti_final"": [[3, 0], [2, 0], [1, 0], [4, 0], [1, 0], [1, 0]], ""betti_frozen"": [[3, 0], [2, 0], [1, 0], [4, 0], [1, 0], [1, 0]], ""betti_nerve"": [[1, 0], [1, 0], [1, 0], [1, 0], [1, 0], [1, 0]], ""boundary_restriction"": ""both"", ""forced_removals"": 0, ""growth_representation_fallbacks"": 146, ""invariant_held"": true, ""n_segments"": 278, ""n_train_fit"": 4345, ""n_val"": 1448, ""phase0"": [{""constant_lens"": false, ""gain"": 0.25, ""lens"": ""pc1"", ""lens_scaling"": ""standardize"", ""min_cluster_size"": 21, ""min_samples"": 5, ""n_class"": 1040, ""n_edges"": 6, ""n_intervals"": 7, ""n_vertices"": 7, ""noise_reassigned"": 1134, ""placement"": ""uniform"", ""slabs"": [{""k"": 1, ""n"": 88}, {""k"": 1, ""n"": 392}, {""k"": 1, ""n"": 226}, {""k"": 1, ""n"": 188}, {""k"": 1, ""n"": 168}, {""k"": 1, ""n"": 147}, {""k"": 1, ""n"": 73}]}, {""constant_lens"": false, ""gain"": 0.25, ""lens"": ""pc1"", ""lens_scaling"": ""standardize"", ""min_cluster_size"": 21, ""min_samples"": 5, ""n_class"": 472, ""n_edges"": 5, ""n_intervals"": 6, ""n_vertices"": 6, ""noise_reassigned"": 313, ""placement"": ""quantile"", ""slabs"": [{""k"": 1, ""n"": 89}, {""k"": 1, ""n"": 98}, {""k"": 1, ""n"": 98}, {""k"": 1, ""n"": 98}, {""k"": 1, ""n"": 98}, {""k"": 1, ""n"": 89}]}, {""constant_lens"": false, ""gain"": 0.25, ""lens"": ""pc1"", ""lens_scaling"": ""standardize"", ""min_cluster_size"": 21, ""min_samples"": 5, ""n_class"": 914, ""n_edges"": 5, ""n_intervals"": 6, ""n_vertices"": 6, ""noise_reassigned"": 978, ""placement"": ""quantile"", ""slabs"": [{""k"": 1, ""n"": 172}, {""k"": 1, ""n"": 190}, {""k"": 1, ""n"": 190}, {""k"": 1, ""n"": 190}, {""k"": 1, ""n"": 190}, {""k"": 1, ""n"": 172}]}, {""constant_lens"": false, ""gain"": 0.25, ""lens"": ""pc1"", ""lens_scaling"": ""standardize"", ""min_cluster_size"": 21, ""min_samples"": 5, ""n_class"": 423, ""n_edges"": 5, ""n_intervals"": 6, ""n_vertices"": 6, ""noise_reassigned"": 385, ""placement"": ""quantile"", ""slabs"": [{""k"": 1, ""n"": 80}, {""k"": 1, ""n"": 88}, {""k"": 1, ""n"": 88}, {""k"": 1, ""n"": 88}, {""k"": 1, ""n"": 88}, {""k"": 1, ""n"": 80}]}, {""constant_lens"": false, ""gain"": 0.25, ""lens"": ""pc1"", ""lens_scaling"": ""standardize"", ""min_cluster_size"": 21, ""min_samples"": 5, ""n_class"": 477, ""n_edges"": 5, ""n_intervals"": 6, ""n_vertices"": 6, ""noise_reassigned"": 386, ""placement"": ""quantile"", ""slabs"": [{""k"": 1, ""n"": 90}, {""k"": 1, ""n"": 99}, {""k"": 1, ""n"": 99}, {""k"": 1, ""n"": 99}, {""k"": 1, ""n"": 99}, {""k"": 1, ""n"": 90}]}, {""constant_lens"": false, ""gain"": 0.25, ""lens"": ""pc1"", ""lens_scaling"": ""standardize"", ""min_cluster_size"": 21, ""min_samples"": 5, ""n_class"": 1019, ""n_edges"": 6, ""n_intervals"": 7, ""n_vertices"": 7, ""noise_reassigned"": 1085, ""placement"": ""quantile"", ""slabs"": [{""k"": 1, ""n"": 164}, {""k"": 1, ""n"": 182}, {""k"": 1, ""n"": 182}, {""k"": 1, ""n"": 181}, {""k"": 1, ""n"": 182}, {""k"": 1, ""n"": 182}, {""k"": 1, ""n"": 164}]}], ""soundness_bound_holds"": true, ""step_rule"": ""scale_free"", ""topology_retention_nerve_to_frozen"": {""beta0_frozen"": 12, ""beta0_nerve"": 6, ""beta1_frozen"": 0, ""beta1_nerve"": 0}}",True
0.8785046728971962,290,False,0.05006041774555498,0.05,,7.290008999989368,7.290008999989368,0.0,satimage,7,,SPINE+Graph,10,290,642,5793,0.949939582254445,1963713172,False,"{""admission"": {""criterion"": ""risk"", ""removed_risk"": 6, ""removed_support"": 0}, ""betti_final"": [[3, 0], [2, 0], [1, 0], [4, 0], [1, 0], [1, 0]], ""betti_frozen"": [[3, 0], [2, 0], [1, 0], [4, 0], [1, 0], [1, 0]], ""betti_nerve"": [[1, 0], [1, 0], [1, 0], [1, 0], [1, 0], [1, 0]], ""boundary_restriction"": ""both"", ""forced_removals"": 0, ""growth_representation_fallbacks"": 146, ""invariant_held"": true, ""n_segments"": 278, ""n_train_fit"": 4345, ""n_val"": 1448, ""phase0"": [{""constant_lens"": false, ""gain"": 0.25, ""lens"": ""pc1"", ""lens_scaling"": ""standardize"", ""min_cluster_size"": 21, ""min_samples"": 5, ""n_class"": 1040, ""n_edges"": 6, ""n_intervals"": 7, ""n_vertices"": 7, ""noise_reassigned"": 1134, ""placement"": ""uniform"", ""slabs"": [{""k"": 1, ""n"": 88}, {""k"": 1, ""n"": 392}, {""k"": 1, ""n"": 226}, {""k"": 1, ""n"": 188}, {""k"": 1, ""n"": 168}, {""k"": 1, ""n"": 147}, {""k"": 1, ""n"": 73}]}, {""constant_lens"": false, ""gain"": 0.25, ""lens"": ""pc1"", ""lens_scaling"": ""standardize"", ""min_cluster_size"": 21, ""min_samples"": 5, ""n_class"": 472, ""n_edges"": 5, ""n_intervals"": 6, ""n_vertices"": 6, ""noise_reassigned"": 313, ""placement"": ""quantile"", ""slabs"": [{""k"": 1, ""n"": 89}, {""k"": 1, ""n"": 98}, {""k"": 1, ""n"": 98}, {""k"": 1, ""n"": 98}, {""k"": 1, ""n"": 98}, {""k"": 1, ""n"": 89}]}, {""constant_lens"": false, ""gain"": 0.25, ""lens"": ""pc1"", ""lens_scaling"": ""standardize"", ""min_cluster_size"": 21, ""min_samples"": 5, ""n_class"": 914, ""n_edges"": 5, ""n_intervals"": 6, ""n_vertices"": 6, ""noise_reassigned"": 978, ""placement"": ""quantile"", ""slabs"": [{""k"": 1, ""n"": 172}, {""k"": 1, ""n"": 190}, {""k"": 1, ""n"": 190}, {""k"": 1, ""n"": 190}, {""k"": 1, ""n"": 190}, {""k"": 1, ""n"": 172}]}, {""constant_lens"": false, ""gain"": 0.25, ""lens"": ""pc1"", ""lens_scaling"": ""standardize"", ""min_cluster_size"": 21, ""min_samples"": 5, ""n_class"": 423, ""n_edges"": 5, ""n_intervals"": 6, ""n_vertices"": 6, ""noise_reassigned"": 385, ""placement"": ""quantile"", ""slabs"": [{""k"": 1, ""n"": 80}, {""k"": 1, ""n"": 88}, {""k"": 1, ""n"": 88}, {""k"": 1, ""n"": 88}, {""k"": 1, ""n"": 88}, {""k"": 1, ""n"": 80}]}, {""constant_lens"": false, ""gain"": 0.25, ""lens"": ""pc1"", ""lens_scaling"": ""standardize"", ""min_cluster_size"": 21, ""min_samples"": 5, ""n_class"": 477, ""n_edges"": 5, ""n_intervals"": 6, ""n_vertices"": 6, ""noise_reassigned"": 386, ""placement"": ""quantile"", ""slabs"": [{""k"": 1, ""n"": 90}, {""k"": 1, ""n"": 99}, {""k"": 1, ""n"": 99}, {""k"": 1, ""n"": 99}, {""k"": 1, ""n"": 99}, {""k"": 1, ""n"": 90}]}, {""constant_lens"": false, ""gain"": 0.25, ""lens"": ""pc1"", ""lens_scaling"": ""standardize"", ""min_cluster_size"": 21, ""min_samples"": 5, ""n_class"": 1019, ""n_edges"": 6, ""n_intervals"": 7, ""n_vertices"": 7, ""noise_reassigned"": 1085, ""placement"": ""quantile"", ""slabs"": [{""k"": 1, ""n"": 164}, {""k"": 1, ""n"": 182}, {""k"": 1, ""n"": 182}, {""k"": 1, ""n"": 181}, {""k"": 1, ""n"": 182}, {""k"": 1, ""n"": 182}, {""k"": 1, ""n"": 164}]}], ""soundness_bound_holds"": true, ""step_rule"": ""scale_free"", ""topology_retention_nerve_to_frozen"": {""beta0_frozen"": 12, ""beta0_nerve"": 6, ""beta1_frozen"": 0, ""beta1_nerve"": 0}}",True
0.9127725856697819,290,False,0.05006041774555498,0.05,,4.976783999998588,90.73212599998806,85.75534199998947,satimage,7,"{""epsilon"": 0.1, ""window"": 0.2}",LVQ3,10,290,642,5793,0.949939582254445,1963713172,False,,True
0.8785046728971962,290,False,0.05006041774555498,0.05,"{""0"": 69, ""1"": 32, ""2"": 61, ""3"": 28, ""4"": 32, ""5"": 68}",3.3764530000044033,3.3764530000044033,0.0,satimage,7,,KMeans,10,290,642,5793,0.949939582254445,1963713172,False,,True
0.8457943925233645,290,False,0.05006041774555498,0.05,"{""0"": 69, ""1"": 32, ""2"": 61, ""3"": 28, ""4"": 32, ""5"": 68}",0.0017460000235587358,0.0017460000235587358,0.0,satimage,7,,Random,10,290,642,5793,0.949939582254445,1963713172,False,,True
0.8535825545171339,290,False,0.05006041774555498,0.05,,2.0043830000213347,2.0043830000213347,0.0,satimage,7,,SPOT,10,290,642,5793,0.949939582254445,1963713172,False,,True
0.8457943925233645,290,False,0.05006041774555498,0.05,,38.79525800002739,38.79525800002739,0.0,satimage,7,,GLVQ,10,290,642,5793,0.949939582254445,1963713172,False,,True
0.8847352024922118,290,False,0.05006041774555498,0.05,,3.8279919999768026,3.8279919999768026,0.0,satimage,7,,GNG,10,290,642,5793,0.949939582254445,1963713172,False,,True
0.8862928348909658,579,False,0.09994821336095287,0.1,,0.0009980000322684646,0.0009980000322684646,0.0,satimage,7,,Full,10,5793,642,5793,0.0,1963713172,True,,False
0.8862928348909658,579,False,0.09994821336095287,0.1,,1.7765260000014678,1.7765260000014678,0.0,satimage,7,,RSP3,10,1523,642,5793,0.7370964957707578,1963713172,True,,False
0.8753894080996885,579,False,0.09994821336095287,0.1,,1.6310980000416748,1.6310980000416748,0.0,satimage,7,,RHC,10,559,642,5793,0.9035042292421889,1963713172,True,,False
0.867601246105919,579,False,0.09994821336095287,0.1,,11.373505000025034,11.373505000025034,0.0,satimage,7,,SPINE+1NN,10,579,642,5793,0.9000517866390472,1963713172,False,"{""admission"": {""criterion"": ""risk"", ""removed_risk"": 6, ""removed_support"": 0}, ""betti_final"": [[3, 0], [2, 0], [1, 0], [4, 0], [1, 0], [1, 0]], ""betti_frozen"": [[3, 0], [2, 0], [1, 0], [4, 0], [1, 0], [1, 0]], ""betti_nerve"": [[1, 0], [1, 0], [1, 0], [1, 0], [1, 0], [1, 0]], ""boundary_restriction"": ""both"", ""forced_removals"": 0, ""growth_representation_fallbacks"": 402, ""invariant_held"": true, ""n_segments"": 567, ""n_train_fit"": 4345, ""n_val"": 1448, ""phase0"": [{""constant_lens"": false, ""gain"": 0.25, ""lens"": ""pc1"", ""lens_scaling"": ""standardize"", ""min_cluster_size"": 21, ""min_samples"": 5, ""n_class"": 1040, ""n_edges"": 6, ""n_intervals"": 7, ""n_vertices"": 7, ""noise_reassigned"": 1134, ""placement"": ""uniform"", ""slabs"": [{""k"": 1, ""n"": 88}, {""k"": 1, ""n"": 392}, {""k"": 1, ""n"": 226}, {""k"": 1, ""n"": 188}, {""k"": 1, ""n"": 168}, {""k"": 1, ""n"": 147}, {""k"": 1, ""n"": 73}]}, {""constant_lens"": false, ""gain"": 0.25, ""lens"": ""pc1"", ""lens_scaling"": ""standardize"", ""min_cluster_size"": 21, ""min_samples"": 5, ""n_class"": 472, ""n_edges"": 5, ""n_intervals"": 6, ""n_vertices"": 6, ""noise_reassigned"": 313, ""placement"": ""quantile"", ""slabs"": [{""k"": 1, ""n"": 89}, {""k"": 1, ""n"": 98}, {""k"": 1, ""n"": 98}, {""k"": 1, ""n"": 98}, {""k"": 1, ""n"": 98}, {""k"": 1, ""n"": 89}]}, {""constant_lens"": false, ""gain"": 0.25, ""lens"": ""pc1"", ""lens_scaling"": ""standardize"", ""min_cluster_size"": 21, ""min_samples"": 5, ""n_class"": 914, ""n_edges"": 5, ""n_intervals"": 6, ""n_vertices"": 6, ""noise_reassigned"": 978, ""placement"": ""quantile"", ""slabs"": [{""k"": 1, ""n"": 172}, {""k"": 1, ""n"": 190}, {""k"": 1, ""n"": 190}, {""k"": 1, ""n"": 190}, {""k"": 1, ""n"": 190}, {""k"": 1, ""n"": 172}]}, {""constant_lens"": false, ""gain"": 0.25, ""lens"": ""pc1"", ""lens_scaling"": ""standardize"", ""min_cluster_size"": 21, ""min_samples"": 5, ""n_class"": 423, ""n_edges"": 5, ""n_intervals"": 6, ""n_vertices"": 6, ""noise_reassigned"": 385, ""placement"": ""quantile"", ""slabs"": [{""k"": 1, ""n"": 80}, {""k"": 1, ""n"": 88}, {""k"": 1, ""n"": 88}, {""k"": 1, ""n"": 88}, {""k"": 1, ""n"": 88}, {""k"": 1, ""n"": 80}]}, {""constant_lens"": false, ""gain"": 0.25, ""lens"": ""pc1"", ""lens_scaling"": ""standardize"", ""min_cluster_size"": 21, ""min_samples"": 5, ""n_class"": 477, ""n_edges"": 5, ""n_intervals"": 6, ""n_vertices"": 6, ""noise_reassigned"": 386, ""placement"": ""quantile"", ""slabs"": [{""k"": 1, ""n"": 90}, {""k"": 1, ""n"": 99}, {""k"": 1, ""n"": 99}, {""k"": 1, ""n"": 99}, {""k"": 1, ""n"": 99}, {""k"": 1, ""n"": 90}]}, {""constant_lens"": false, ""gain"": 0.25, ""lens"": ""pc1"", ""lens_scaling"": ""standardize"", ""min_cluster_size"": 21, ""min_samples"": 5, ""n_class"": 1019, ""n_edges"": 6, ""n_intervals"": 7, ""n_vertices"": 7, ""noise_reassigned"": 1085, ""placement"": ""quantile"", ""slabs"": [{""k"": 1, ""n"": 164}, {""k"": 1, ""n"": 182}, {""k"": 1, ""n"": 182}, {""k"": 1, ""n"": 181}, {""k"": 1, ""n"": 182}, {""k"": 1, ""n"": 182}, {""k"": 1, ""n"": 164}]}], ""soundness_bound_holds"": true, ""step_rule"": ""scale_free"", ""topology_retention_nerve_to_frozen"": {""beta0_frozen"": 12, ""beta0_nerve"": 6, ""beta1_frozen"": 0, ""beta1_nerve"": 0}}",True
0.8785046728971962,579,False,0.09994821336095287,0.1,,11.373505000025034,11.373505000025034,0.0,satimage,7,,SPINE+Graph,10,579,642,5793,0.9000517866390472,1963713172,False,"{""admission"": {""criterion"": ""risk"", ""removed_risk"": 6, ""removed_support"": 0}, ""betti_final"": [[3, 0], [2, 0], [1, 0], [4, 0], [1, 0], [1, 0]], ""betti_frozen"": [[3, 0], [2, 0], [1, 0], [4, 0], [1, 0], [1, 0]], ""betti_nerve"": [[1, 0], [1, 0], [1, 0], [1, 0], [1, 0], [1, 0]], ""boundary_restriction"": ""both"", ""forced_removals"": 0, ""growth_representation_fallbacks"": 402, ""invariant_held"": true, ""n_segments"": 567, ""n_train_fit"": 4345, ""n_val"": 1448, ""phase0"": [{""constant_lens"": false, ""gain"": 0.25, ""lens"": ""pc1"", ""lens_scaling"": ""standardize"", ""min_cluster_size"": 21, ""min_samples"": 5, ""n_class"": 1040, ""n_edges"": 6, ""n_intervals"": 7, ""n_vertices"": 7, ""noise_reassigned"": 1134, ""placement"": ""uniform"", ""slabs"": [{""k"": 1, ""n"": 88}, {""k"": 1, ""n"": 392}, {""k"": 1, ""n"": 226}, {""k"": 1, ""n"": 188}, {""k"": 1, ""n"": 168}, {""k"": 1, ""n"": 147}, {""k"": 1, ""n"": 73}]}, {""constant_lens"": false, ""gain"": 0.25, ""lens"": ""pc1"", ""lens_scaling"": ""standardize"", ""min_cluster_size"": 21, ""min_samples"": 5, ""n_class"": 472, ""n_edges"": 5, ""n_intervals"": 6, ""n_vertices"": 6, ""noise_reassigned"": 313, ""placement"": ""quantile"", ""slabs"": [{""k"": 1, ""n"": 89}, {""k"": 1, ""n"": 98}, {""k"": 1, ""n"": 98}, {""k"": 1, ""n"": 98}, {""k"": 1, ""n"": 98}, {""k"": 1, ""n"": 89}]}, {""constant_lens"": false, ""gain"": 0.25, ""lens"": ""pc1"", ""lens_scaling"": ""standardize"", ""min_cluster_size"": 21, ""min_samples"": 5, ""n_class"": 914, ""n_edges"": 5, ""n_intervals"": 6, ""n_vertices"": 6, ""noise_reassigned"": 978, ""placement"": ""quantile"", ""slabs"": [{""k"": 1, ""n"": 172}, {""k"": 1, ""n"": 190}, {""k"": 1, ""n"": 190}, {""k"": 1, ""n"": 190}, {""k"": 1, ""n"": 190}, {""k"": 1, ""n"": 172}]}, {""constant_lens"": false, ""gain"": 0.25, ""lens"": ""pc1"", ""lens_scaling"": ""standardize"", ""min_cluster_size"": 21, ""min_samples"": 5, ""n_class"": 423, ""n_edges"": 5, ""n_intervals"": 6, ""n_vertices"": 6, ""noise_reassigned"": 385, ""placement"": ""quantile"", ""slabs"": [{""k"": 1, ""n"": 80}, {""k"": 1, ""n"": 88}, {""k"": 1, ""n"": 88}, {""k"": 1, ""n"": 88}, {""k"": 1, ""n"": 88}, {""k"": 1, ""n"": 80}]}, {""constant_lens"": false, ""gain"": 0.25, ""lens"": ""pc1"", ""lens_scaling"": ""standardize"", ""min_cluster_size"": 21, ""min_samples"": 5, ""n_class"": 477, ""n_edges"": 5, ""n_intervals"": 6, ""n_vertices"": 6, ""noise_reassigned"": 386, ""placement"": ""quantile"", ""slabs"": [{""k"": 1, ""n"": 90}, {""k"": 1, ""n"": 99}, {""k"": 1, ""n"": 99}, {""k"": 1, ""n"": 99}, {""k"": 1, ""n"": 99}, {""k"": 1, ""n"": 90}]}, {""constant_lens"": false, ""gain"": 0.25, ""lens"": ""pc1"", ""lens_scaling"": ""standardize"", ""min_cluster_size"": 21, ""min_samples"": 5, ""n_class"": 1019, ""n_edges"": 6, ""n_intervals"": 7, ""n_vertices"": 7, ""noise_reassigned"": 1085, ""placement"": ""quantile"", ""slabs"": [{""k"": 1, ""n"": 164}, {""k"": 1, ""n"": 182}, {""k"": 1, ""n"": 182}, {""k"": 1, ""n"": 181}, {""k"": 1, ""n"": 182}, {""k"": 1, ""n"": 182}, {""k"": 1, ""n"": 164}]}], ""soundness_bound_holds"": true, ""step_rule"": ""scale_free"", ""topology_retention_nerve_to_frozen"": {""beta0_frozen"": 12, ""beta0_nerve"": 6, ""beta1_frozen"": 0, ""beta1_nerve"": 0}}",True
0.9096573208722741,579,False,0.09994821336095287,0.1,,7.477301000035368,130.9415320000262,123.46423099999083,satimage,7,"{""epsilon"": 0.3, ""window"": 0.3}",LVQ3,10,579,642,5793,0.9000517866390472,1963713172,False,,True
0.8909657320872274,579,False,0.09994821336095287,0.1,"{""0"": 138, ""1"": 63, ""2"": 122, ""3"": 56, ""4"": 64, ""5"": 136}",5.454978000023402,5.454978000023402,0.0,satimage,7,,KMeans,10,579,642,5793,0.9000517866390472,1963713172,False,,True
0.8426791277258567,579,False,0.09994821336095287,0.1,"{""0"": 138, ""1"": 63, ""2"": 122, ""3"": 56, ""4"": 64, ""5"": 136}",0.0020080000394955277,0.0020080000394955277,0.0,satimage,7,,Random,10,579,642,5793,0.9000517866390472,1963713172,False,,True
0.8738317757009346,579,False,0.09994821336095287,0.1,,2.0301580000086688,2.0301580000086688,0.0,satimage,7,,SPOT,10,579,642,5793,0.9000517866390472,1963713172,False,,True
0.8489096573208723,579,False,0.09994821336095287,0.1,,74.11355999996886,74.11355999996886,0.0,satimage,7,,GLVQ,10,579,642,5793,0.9000517866390472,1963713172,False,,True
0.897196261682243,579,False,0.09994821336095287,0.1,,9.193310000002384,9.193310000002384,0.0,satimage,7,,GNG,10,579,642,5793,0.9000517866390472,1963713172,False,,True
0.8862928348909658,1448,False,0.24995684446746072,0.25,,0.0009980000322684646,0.0009980000322684646,0.0,satimage,7,,Full,10,5793,642,5793,0.0,1963713172,True,,False
0.8862928348909658,1448,False,0.24995684446746072,0.25,,1.7765260000014678,1.7765260000014678,0.0,satimage,7,,RSP3,10,1523,642,5793,0.7370964957707578,1963713172,True,,False
0.8753894080996885,1448,False,0.24995684446746072,0.25,,1.6310980000416748,1.6310980000416748,0.0,satimage,7,,RHC,10,559,642,5793,0.9035042292421889,1963713172,True,,False
0.897196261682243,1448,False,0.24995684446746072,0.25,,38.473369999963325,38.473369999963325,0.0,satimage,7,,SPINE+1NN,10,1448,642,5793,0.7500431555325393,1963713172,False,"{""admission"": {""criterion"": ""risk"", ""removed_risk"": 6, ""removed_support"": 0}, ""betti_final"": [[3, 0], [2, 0], [1, 0], [4, 0], [1, 0], [1, 0]], ""betti_frozen"": [[3, 0], [2, 0], [1, 0], [4, 0], [1, 0], [1, 0]], ""betti_nerve"": [[1, 0], [1, 0], [1, 0], [1, 0], [1, 0], [1, 0]], ""boundary_restriction"": ""both"", ""forced_removals"": 0, ""growth_representation_fallbacks"": 1390, ""invariant_held"": true, ""n_segments"": 1436, ""n_train_fit"": 4345, ""n_val"": 1448, ""phase0"": [{""constant_lens"": false, ""gain"": 0.25, ""lens"": ""pc1"", ""lens_scaling"": ""standardize"", ""min_cluster_size"": 21, ""min_samples"": 5, ""n_class"": 1040, ""n_edges"": 6, ""n_intervals"": 7, ""n_vertices"": 7, ""noise_reassigned"": 1134, ""placement"": ""uniform"", ""slabs"": [{""k"": 1, ""n"": 88}, {""k"": 1, ""n"": 392}, {""k"": 1, ""n"": 226}, {""k"": 1, ""n"": 188}, {""k"": 1, ""n"": 168}, {""k"": 1, ""n"": 147}, {""k"": 1, ""n"": 73}]}, {""constant_lens"": false, ""gain"": 0.25, ""lens"": ""pc1"", ""lens_scaling"": ""standardize"", ""min_cluster_size"": 21, ""min_samples"": 5, ""n_class"": 472, ""n_edges"": 5, ""n_intervals"": 6, ""n_vertices"": 6, ""noise_reassigned"": 313, ""placement"": ""quantile"", ""slabs"": [{""k"": 1, ""n"": 89}, {""k"": 1, ""n"": 98}, {""k"": 1, ""n"": 98}, {""k"": 1, ""n"": 98}, {""k"": 1, ""n"": 98}, {""k"": 1, ""n"": 89}]}, {""constant_lens"": false, ""gain"": 0.25, ""lens"": ""pc1"", ""lens_scaling"": ""standardize"", ""min_cluster_size"": 21, ""min_samples"": 5, ""n_class"": 914, ""n_edges"": 5, ""n_intervals"": 6, ""n_vertices"": 6, ""noise_reassigned"": 978, ""placement"": ""quantile"", ""slabs"": [{""k"": 1, ""n"": 172}, {""k"": 1, ""n"": 190}, {""k"": 1, ""n"": 190}, {""k"": 1, ""n"": 190}, {""k"": 1, ""n"": 190}, {""k"": 1, ""n"": 172}]}, {""constant_lens"": false, ""gain"": 0.25, ""lens"": ""pc1"", ""lens_scaling"": ""standardize"", ""min_cluster_size"": 21, ""min_samples"": 5, ""n_class"": 423, ""n_edges"": 5, ""n_intervals"": 6, ""n_vertices"": 6, ""noise_reassigned"": 385, ""placement"": ""quantile"", ""slabs"": [{""k"": 1, ""n"": 80}, {""k"": 1, ""n"": 88}, {""k"": 1, ""n"": 88}, {""k"": 1, ""n"": 88}, {""k"": 1, ""n"": 88}, {""k"": 1, ""n"": 80}]}, {""constant_lens"": false, ""gain"": 0.25, ""lens"": ""pc1"", ""lens_scaling"": ""standardize"", ""min_cluster_size"": 21, ""min_samples"": 5, ""n_class"": 477, ""n_edges"": 5, ""n_intervals"": 6, ""n_vertices"": 6, ""noise_reassigned"": 386, ""placement"": ""quantile"", ""slabs"": [{""k"": 1, ""n"": 90}, {""k"": 1, ""n"": 99}, {""k"": 1, ""n"": 99}, {""k"": 1, ""n"": 99}, {""k"": 1, ""n"": 99}, {""k"": 1, ""n"": 90}]}, {""constant_lens"": false, ""gain"": 0.25, ""lens"": ""pc1"", ""lens_scaling"": ""standardize"", ""min_cluster_size"": 21, ""min_samples"": 5, ""n_class"": 1019, ""n_edges"": 6, ""n_intervals"": 7, ""n_vertices"": 7, ""noise_reassigned"": 1085, ""placement"": ""quantile"", ""slabs"": [{""k"": 1, ""n"": 164}, {""k"": 1, ""n"": 182}, {""k"": 1, ""n"": 182}, {""k"": 1, ""n"": 181}, {""k"": 1, ""n"": 182}, {""k"": 1, ""n"": 182}, {""k"": 1, ""n"": 164}]}], ""soundness_bound_holds"": true, ""step_rule"": ""scale_free"", ""topology_retention_nerve_to_frozen"": {""beta0_frozen"": 12, ""beta0_nerve"": 6, ""beta1_frozen"": 0, ""beta1_nerve"": 0}}",True
0.8987538940809969,1448,False,0.24995684446746072,0.25,,38.473369999963325,38.473369999963325,0.0,satimage,7,,SPINE+Graph,10,1448,642,5793,0.7500431555325393,1963713172,False,"{""admission"": {""criterion"": ""risk"", ""removed_risk"": 6, ""removed_support"": 0}, ""betti_final"": [[3, 0], [2, 0], [1, 0], [4, 0], [1, 0], [1, 0]], ""betti_frozen"": [[3, 0], [2, 0], [1, 0], [4, 0], [1, 0], [1, 0]], ""betti_nerve"": [[1, 0], [1, 0], [1, 0], [1, 0], [1, 0], [1, 0]], ""boundary_restriction"": ""both"", ""forced_removals"": 0, ""growth_representation_fallbacks"": 1390, ""invariant_held"": true, ""n_segments"": 1436, ""n_train_fit"": 4345, ""n_val"": 1448, ""phase0"": [{""constant_lens"": false, ""gain"": 0.25, ""lens"": ""pc1"", ""lens_scaling"": ""standardize"", ""min_cluster_size"": 21, ""min_samples"": 5, ""n_class"": 1040, ""n_edges"": 6, ""n_intervals"": 7, ""n_vertices"": 7, ""noise_reassigned"": 1134, ""placement"": ""uniform"", ""slabs"": [{""k"": 1, ""n"": 88}, {""k"": 1, ""n"": 392}, {""k"": 1, ""n"": 226}, {""k"": 1, ""n"": 188}, {""k"": 1, ""n"": 168}, {""k"": 1, ""n"": 147}, {""k"": 1, ""n"": 73}]}, {""constant_lens"": false, ""gain"": 0.25, ""lens"": ""pc1"", ""lens_scaling"": ""standardize"", ""min_cluster_size"": 21, ""min_samples"": 5, ""n_class"": 472, ""n_edges"": 5, ""n_intervals"": 6, ""n_vertices"": 6, ""noise_reassigned"": 313, ""placement"": ""quantile"", ""slabs"": [{""k"": 1, ""n"": 89}, {""k"": 1, ""n"": 98}, {""k"": 1, ""n"": 98}, {""k"": 1, ""n"": 98}, {""k"": 1, ""n"": 98}, {""k"": 1, ""n"": 89}]}, {""constant_lens"": false, ""gain"": 0.25, ""lens"": ""pc1"", ""lens_scaling"": ""standardize"", ""min_cluster_size"": 21, ""min_samples"": 5, ""n_class"": 914, ""n_edges"": 5, ""n_intervals"": 6, ""n_vertices"": 6, ""noise_reassigned"": 978, ""placement"": ""quantile"", ""slabs"": [{""k"": 1, ""n"": 172}, {""k"": 1, ""n"": 190}, {""k"": 1, ""n"": 190}, {""k"": 1, ""n"": 190}, {""k"": 1, ""n"": 190}, {""k"": 1, ""n"": 172}]}, {""constant_lens"": false, ""gain"": 0.25, ""lens"": ""pc1"", ""lens_scaling"": ""standardize"", ""min_cluster_size"": 21, ""min_samples"": 5, ""n_class"": 423, ""n_edges"": 5, ""n_intervals"": 6, ""n_vertices"": 6, ""noise_reassigned"": 385, ""placement"": ""quantile"", ""slabs"": [{""k"": 1, ""n"": 80}, {""k"": 1, ""n"": 88}, {""k"": 1, ""n"": 88}, {""k"": 1, ""n"": 88}, {""k"": 1, ""n"": 88}, {""k"": 1, ""n"": 80}]}, {""constant_lens"": false, ""gain"": 0.25, ""lens"": ""pc1"", ""lens_scaling"": ""standardize"", ""min_cluster_size"": 21, ""min_samples"": 5, ""n_class"": 477, ""n_edges"": 5, ""n_intervals"": 6, ""n_vertices"": 6, ""noise_reassigned"": 386, ""placement"": ""quantile"", ""slabs"": [{""k"": 1, ""n"": 90}, {""k"": 1, ""n"": 99}, {""k"": 1, ""n"": 99}, {""k"": 1, ""n"": 99}, {""k"": 1, ""n"": 99}, {""k"": 1, ""n"": 90}]}, {""constant_lens"": false, ""gain"": 0.25, ""lens"": ""pc1"", ""lens_scaling"": ""standardize"", ""min_cluster_size"": 21, ""min_samples"": 5, ""n_class"": 1019, ""n_edges"": 6, ""n_intervals"": 7, ""n_vertices"": 7, ""noise_reassigned"": 1085, ""placement"": ""quantile"", ""slabs"": [{""k"": 1, ""n"": 164}, {""k"": 1, ""n"": 182}, {""k"": 1, ""n"": 182}, {""k"": 1, ""n"": 181}, {""k"": 1, ""n"": 182}, {""k"": 1, ""n"": 182}, {""k"": 1, ""n"": 164}]}], ""soundness_bound_holds"": true, ""step_rule"": ""scale_free"", ""topology_retention_nerve_to_frozen"": {""beta0_frozen"": 12, ""beta0_nerve"": 6, ""beta1_frozen"": 0, ""beta1_nerve"": 0}}",True
0.8894080996884736,1448,False,0.24995684446746072,0.25,,17.828195000009146,306.7502220000024,288.92202699999325,satimage,7,"{""epsilon"": 0.1, ""window"": 0.3}",LVQ3,10,1448,642,5793,0.7500431555325393,1963713172,False,,True
0.8738317757009346,1448,False,0.24995684446746072,0.25,"{""0"": 346, ""1"": 158, ""2"": 304, ""3"": 141, ""4"": 159, ""5"": 340}",10.632059000025038,10.632059000025038,0.0,satimage,7,,KMeans,10,1448,642,5793,0.7500431555325393,1963713172,False,,True
0.8551401869158879,1448,False,0.24995684446746072,0.25,"{""0"": 346, ""1"": 158, ""2"": 304, ""3"": 141, ""4"": 159, ""5"": 340}",0.0027460000128485262,0.0027460000128485262,0.0,satimage,7,,Random,10,1448,642,5793,0.7500431555325393,1963713172,False,,True
0.8800623052959502,1448,False,0.24995684446746072,0.25,,2.1456449999823235,2.1456449999823235,0.0,satimage,7,,SPOT,10,1448,642,5793,0.7500431555325393,1963713172,False,,True
0.8457943925233645,1448,False,0.24995684446746072,0.25,,182.2477690000087,182.2477690000087,0.0,satimage,7,,GLVQ,10,1448,642,5793,0.7500431555325393,1963713172,False,,True
0.8847352024922118,1448,False,0.24995684446746072,0.25,,43.39442299999064,43.39442299999064,0.0,satimage,7,,GNG,10,1448,642,5793,0.7500431555325393,1963713172,False,,True
0.9051321928460342,29,False,0.0050069060773480665,0.005,,0.001433999976143241,0.001433999976143241,0.0,satimage,8,,Full,10,5792,643,5792,0.0,1964713175,False,,False
0.9097978227060654,29,False,0.0050069060773480665,0.005,,1.7768639999558218,1.7768639999558218,0.0,satimage,8,,RSP3,10,1573,643,5792,0.7284185082872928,1964713175,False,,False
0.8864696734059098,29,False,0.0050069060773480665,0.005,,1.7501090000150725,1.7501090000150725,0.0,satimage,8,,RHC,10,576,643,5792,0.9005524861878453,1964713175,False,,False
0.8180404354587869,29,False,0.0050069060773480665,0.005,,4.309512000007089,4.309512000007089,0.0,satimage,8,,SPINE+1NN,10,29,643,5792,0.9949930939226519,1964713175,False,"{""admission"": {""criterion"": ""risk"", ""removed_risk"": 9, ""removed_support"": 0}, ""betti_final"": [[1, 0], [2, 0], [1, 0], [3, 0], [3, 0], [2, 0]], ""betti_frozen"": [[1, 0], [2, 0], [1, 0], [5, 0], [4, 0], [2, 0]], ""betti_nerve"": [[1, 0], [1, 0], [1, 0], [1, 0], [1, 0], [1, 0]], ""boundary_restriction"": ""both"", ""forced_removals"": 3, ""growth_representation_fallbacks"": 0, ""invariant_held"": false, ""n_segments"": 17, ""n_train_fit"": 4344, ""n_val"": 1448, ""phase0"": [{""constant_lens"": false, ""gain"": 0.25, ""lens"": ""pc1"", ""lens_scaling"": ""standardize"", ""min_cluster_size"": 21, ""min_samples"": 5, ""n_class"": 1034, ""n_edges"": 6, ""n_intervals"": 7, ""n_vertices"": 7, ""noise_reassigned"": 1135, ""placement"": ""uniform"", ""slabs"": [{""k"": 1, ""n"": 101}, {""k"": 1, ""n"": 377}, {""k"": 1, ""n"": 223}, {""k"": 1, ""n"": 198}, {""k"": 1, ""n"": 167}, {""k"": 1, ""n"": 142}, {""k"": 1, ""n"": 75}]}, {""constant_lens"": false, ""gain"": 0.25, ""lens"": ""pc1"", ""lens_scaling"": ""standardize"", ""min_cluster_size"": 21, ""min_samples"": 5, ""n_class"": 475, ""n_edges"": 5, ""n_intervals"": 6, ""n_vertices"": 6, ""noise_reassigned"": 375, ""placement"": ""quantile"", ""slabs"": [{""k"": 1, ""n"": 89}, {""k"": 1, ""n"": 98}, {""k"": 1, ""n"": 98}, {""k"": 1, ""n"": 98}, {""k"": 1, ""n"": 98}, {""k"": 1, ""n"": 89}]}, {""constant_lens"": false, ""gain"": 0.25, ""lens"": ""pc1"", ""lens_scaling"": ""standardize"", ""min_cluster_size"": 21, ""min_samples"": 5, ""n_class"": 916, ""n_edges"": 5, ""n_intervals"": 6, ""n_vertices"": 6, ""noise_reassigned"": 982, ""placement"": ""quantile"", ""slabs"": [{""k"": 1, ""n"": 172}, {""k"": 1, ""n"": 191}, {""k"": 1, ""n"": 191}, {""k"": 1, ""n"": 191}, {""k"": 1, ""n"": 191}, {""k"": 1, ""n"": 172}]}, {""constant_lens"": false, ""gain"": 0.25, ""lens"": ""pc1"", ""lens_scaling"": ""standardize"", ""min_cluster_size"": 21, ""min_samples"": 5, ""n_class"": 423, ""n_edges"": 5, ""n_intervals"": 6, ""n_vertices"": 6, ""noise_reassigned"": 380, ""placement"": ""quantile"", ""slabs"": [{""k"": 1, ""n"": 80}, {""k"": 1, ""n"": 88}, {""k"": 1, ""n"": 88}, {""k"": 1, ""n"": 88}, {""k"": 1, ""n"": 88}, {""k"": 1, ""n"": 80}]}, {""constant_lens"": false, ""gain"": 0.25, ""lens"": ""pc1"", ""lens_scaling"": ""standardize"", ""min_cluster_size"": 21, ""min_samples"": 5, ""n_class"": 477, ""n_edges"": 5, ""n_intervals"": 6, ""n_vertices"": 6, ""noise_reassigned"": 434, ""placement"": ""quantile"", ""slabs"": [{""k"": 1, ""n"": 90}, {""k"": 1, ""n"": 99}, {""k"": 1, ""n"": 99}, {""k"": 1, ""n"": 99}, {""k"": 1, ""n"": 99}, {""k"": 1, ""n"": 90}]}, {""constant_lens"": false, ""gain"": 0.25, ""lens"": ""pc1"", ""lens_scaling"": ""standardize"", ""min_cluster_size"": 21, ""min_samples"": 5, ""n_class"": 1019, ""n_edges"": 6, ""n_intervals"": 7, ""n_vertices"": 7, ""noise_reassigned"": 1090, ""placement"": ""quantile"", ""slabs"": [{""k"": 1, ""n"": 164}, {""k"": 1, ""n"": 182}, {""k"": 1, ""n"": 182}, {""k"": 1, ""n"": 181}, {""k"": 1, ""n"": 182}, {""k"": 1, ""n"": 182}, {""k"": 1, ""n"": 164}]}], ""soundness_bound_holds"": true, ""step_rule"": ""scale_free"", ""topology_retention_nerve_to_frozen"": {""beta0_frozen"": 15, ""beta0_nerve"": 6, ""beta1_frozen"": 0, ""beta1_nerve"": 0}}",True
0.8118195956454122,29,False,0.0050069060773480665,0.005,,4.309512000007089,4.309512000007089,0.0,satimage,8,,SPINE+Graph,10,29,643,5792,0.9949930939226519,1964713175,False,"{""admission"": {""criterion"": ""risk"", ""removed_risk"": 9, ""removed_support"": 0}, ""betti_final"": [[1, 0], [2, 0], [1, 0], [3, 0], [3, 0], [2, 0]], ""betti_frozen"": [[1, 0], [2, 0], [1, 0], [5, 0], [4, 0], [2, 0]], ""betti_nerve"": [[1, 0], [1, 0], [1, 0], [1, 0], [1, 0], [1, 0]], ""boundary_restriction"": ""both"", ""forced_removals"": 3, ""growth_representation_fallbacks"": 0, ""invariant_held"": false, ""n_segments"": 17, ""n_train_fit"": 4344, ""n_val"": 1448, ""phase0"": [{""constant_lens"": false, ""gain"": 0.25, ""lens"": ""pc1"", ""lens_scaling"": ""standardize"", ""min_cluster_size"": 21, ""min_samples"": 5, ""n_class"": 1034, ""n_edges"": 6, ""n_intervals"": 7, ""n_vertices"": 7, ""noise_reassigned"": 1135, ""placement"": ""uniform"", ""slabs"": [{""k"": 1, ""n"": 101}, {""k"": 1, ""n"": 377}, {""k"": 1, ""n"": 223}, {""k"": 1, ""n"": 198}, {""k"": 1, ""n"": 167}, {""k"": 1, ""n"": 142}, {""k"": 1, ""n"": 75}]}, {""constant_lens"": false, ""gain"": 0.25, ""lens"": ""pc1"", ""lens_scaling"": ""standardize"", ""min_cluster_size"": 21, ""min_samples"": 5, ""n_class"": 475, ""n_edges"": 5, ""n_intervals"": 6, ""n_vertices"": 6, ""noise_reassigned"": 375, ""placement"": ""quantile"", ""slabs"": [{""k"": 1, ""n"": 89}, {""k"": 1, ""n"": 98}, {""k"": 1, ""n"": 98}, {""k"": 1, ""n"": 98}, {""k"": 1, ""n"": 98}, {""k"": 1, ""n"": 89}]}, {""constant_lens"": false, ""gain"": 0.25, ""lens"": ""pc1"", ""lens_scaling"": ""standardize"", ""min_cluster_size"": 21, ""min_samples"": 5, ""n_class"": 916, ""n_edges"": 5, ""n_intervals"": 6, ""n_vertices"": 6, ""noise_reassigned"": 982, ""placement"": ""quantile"", ""slabs"": [{""k"": 1, ""n"": 172}, {""k"": 1, ""n"": 191}, {""k"": 1, ""n"": 191}, {""k"": 1, ""n"": 191}, {""k"": 1, ""n"": 191}, {""k"": 1, ""n"": 172}]}, {""constant_lens"": false, ""gain"": 0.25, ""lens"": ""pc1"", ""lens_scaling"": ""standardize"", ""min_cluster_size"": 21, ""min_samples"": 5, ""n_class"": 423, ""n_edges"": 5, ""n_intervals"": 6, ""n_vertices"": 6, ""noise_reassigned"": 380, ""placement"": ""quantile"", ""slabs"": [{""k"": 1, ""n"": 80}, {""k"": 1, ""n"": 88}, {""k"": 1, ""n"": 88}, {""k"": 1, ""n"": 88}, {""k"": 1, ""n"": 88}, {""k"": 1, ""n"": 80}]}, {""constant_lens"": false, ""gain"": 0.25, ""lens"": ""pc1"", ""lens_scaling"": ""standardize"", ""min_cluster_size"": 21, ""min_samples"": 5, ""n_class"": 477, ""n_edges"": 5, ""n_intervals"": 6, ""n_vertices"": 6, ""noise_reassigned"": 434, ""placement"": ""quantile"", ""slabs"": [{""k"": 1, ""n"": 90}, {""k"": 1, ""n"": 99}, {""k"": 1, ""n"": 99}, {""k"": 1, ""n"": 99}, {""k"": 1, ""n"": 99}, {""k"": 1, ""n"": 90}]}, {""constant_lens"": false, ""gain"": 0.25, ""lens"": ""pc1"", ""lens_scaling"": ""standardize"", ""min_cluster_size"": 21, ""min_samples"": 5, ""n_class"": 1019, ""n_edges"": 6, ""n_intervals"": 7, ""n_vertices"": 7, ""noise_reassigned"": 1090, ""placement"": ""quantile"", ""slabs"": [{""k"": 1, ""n"": 164}, {""k"": 1, ""n"": 182}, {""k"": 1, ""n"": 182}, {""k"": 1, ""n"": 181}, {""k"": 1, ""n"": 182}, {""k"": 1, ""n"": 182}, {""k"": 1, ""n"": 164}]}], ""soundness_bound_holds"": true, ""step_rule"": ""scale_free"", ""topology_retention_nerve_to_frozen"": {""beta0_frozen"": 15, ""beta0_nerve"": 6, ""beta1_frozen"": 0, ""beta1_nerve"": 0}}",True
0.8693623639191291,29,False,0.0050069060773480665,0.005,,2.5046459999866784,47.630787000001874,45.126141000015195,satimage,8,"{""epsilon"": 0.1, ""window"": 0.2}",LVQ3,10,29,643,5792,0.9949930939226519,1964713175,False,,True
0.8242612752721618,29,False,0.0050069060773480665,0.005,"{""0"": 7, ""1"": 3, ""2"": 6, ""3"": 3, ""4"": 3, ""5"": 7}",1.3378370000282302,1.3378370000282302,0.0,satimage,8,,KMeans,10,29,643,5792,0.9949930939226519,1964713175,False,,True
0.7278382581648523,29,False,0.0050069060773480665,0.005,"{""0"": 7, ""1"": 3, ""2"": 6, ""3"": 3, ""4"": 3, ""5"": 7}",0.0012939999578520656,0.0012939999578520656,0.0,satimage,8,,Random,10,29,643,5792,0.9949930939226519,1964713175,False,,True
0.8304821150855366,29,False,0.0050069060773480665,0.005,,1.7420859999838285,1.7420859999838285,0.0,satimage,8,,SPOT,10,29,643,5792,0.9949930939226519,1964713175,False,,True
0.8460342146189735,29,False,0.0050069060773480665,0.005,,6.798985000001267,6.798985000001267,0.0,satimage,8,,GLVQ,10,29,643,5792,0.9949930939226519,1964713175,False,,True
0.8289269051321928,29,False,0.0050069060773480665,0.005,,0.8419860000140034,0.8419860000140034,0.0,satimage,8,,GNG,10,29,643,5792,0.9949930939226519,1964713175,False,,True
0.9051321928460342,58,False,0.010013812154696133,0.01,,0.001433999976143241,0.001433999976143241,0.0,satimage,8,,Full,10,5792,643,5792,0.0,1964713175,True,,False
0.9097978227060654,58,False,0.010013812154696133,0.01,,1.7768639999558218,1.7768639999558218,0.0,satimage,8,,RSP3,10,1573,643,5792,0.7284185082872928,1964713175,True,,False
0.8864696734059098,58,False,0.010013812154696133,0.01,,1.7501090000150725,1.7501090000150725,0.0,satimage,8,,RHC,10,576,643,5792,0.9005524861878453,1964713175,True,,False
0.8289269051321928,58,False,0.010013812154696133,0.01,,5.340076000022236,5.340076000022236,0.0,satimage,8,,SPINE+1NN,10,58,643,5792,0.9899861878453039,1964713175,False,"{""admission"": {""criterion"": ""risk"", ""removed_risk"": 9, ""removed_support"": 0}, ""betti_final"": [[1, 0], [2, 0], [1, 0], [5, 0], [4, 0], [2, 0]], ""betti_frozen"": [[1, 0], [2, 0], [1, 0], [5, 0], [4, 0], [2, 0]], ""betti_nerve"": [[1, 0], [1, 0], [1, 0], [1, 0], [1, 0], [1, 0]], ""boundary_restriction"": ""both"", ""forced_removals"": 0, ""growth_representation_fallbacks"": 3, ""invariant_held"": true, ""n_segments"": 43, ""n_train_fit"": 4344, ""n_val"": 1448, ""phase0"": [{""constant_lens"": false, ""gain"": 0.25, ""lens"": ""pc1"", ""lens_scaling"": ""standardize"", ""min_cluster_size"": 21, ""min_samples"": 5, ""n_class"": 1034, ""n_edges"": 6, ""n_intervals"": 7, ""n_vertices"": 7, ""noise_reassigned"": 1135, ""placement"": ""uniform"", ""slabs"": [{""k"": 1, ""n"": 101}, {""k"": 1, ""n"": 377}, {""k"": 1, ""n"": 223}, {""k"": 1, ""n"": 198}, {""k"": 1, ""n"": 167}, {""k"": 1, ""n"": 142}, {""k"": 1, ""n"": 75}]}, {""constant_lens"": false, ""gain"": 0.25, ""lens"": ""pc1"", ""lens_scaling"": ""standardize"", ""min_cluster_size"": 21, ""min_samples"": 5, ""n_class"": 475, ""n_edges"": 5, ""n_intervals"": 6, ""n_vertices"": 6, ""noise_reassigned"": 375, ""placement"": ""quantile"", ""slabs"": [{""k"": 1, ""n"": 89}, {""k"": 1, ""n"": 98}, {""k"": 1, ""n"": 98}, {""k"": 1, ""n"": 98}, {""k"": 1, ""n"": 98}, {""k"": 1, ""n"": 89}]}, {""constant_lens"": false, ""gain"": 0.25, ""lens"": ""pc1"", ""lens_scaling"": ""standardize"", ""min_cluster_size"": 21, ""min_samples"": 5, ""n_class"": 916, ""n_edges"": 5, ""n_intervals"": 6, ""n_vertices"": 6, ""noise_reassigned"": 982, ""placement"": ""quantile"", ""slabs"": [{""k"": 1, ""n"": 172}, {""k"": 1, ""n"": 191}, {""k"": 1, ""n"": 191}, {""k"": 1, ""n"": 191}, {""k"": 1, ""n"": 191}, {""k"": 1, ""n"": 172}]}, {""constant_lens"": false, ""gain"": 0.25, ""lens"": ""pc1"", ""lens_scaling"": ""standardize"", ""min_cluster_size"": 21, ""min_samples"": 5, ""n_class"": 423, ""n_edges"": 5, ""n_intervals"": 6, ""n_vertices"": 6, ""noise_reassigned"": 380, ""placement"": ""quantile"", ""slabs"": [{""k"": 1, ""n"": 80}, {""k"": 1, ""n"": 88}, {""k"": 1, ""n"": 88}, {""k"": 1, ""n"": 88}, {""k"": 1, ""n"": 88}, {""k"": 1, ""n"": 80}]}, {""constant_lens"": false, ""gain"": 0.25, ""lens"": ""pc1"", ""lens_scaling"": ""standardize"", ""min_cluster_size"": 21, ""min_samples"": 5, ""n_class"": 477, ""n_edges"": 5, ""n_intervals"": 6, ""n_vertices"": 6, ""noise_reassigned"": 434, ""placement"": ""quantile"", ""slabs"": [{""k"": 1, ""n"": 90}, {""k"": 1, ""n"": 99}, {""k"": 1, ""n"": 99}, {""k"": 1, ""n"": 99}, {""k"": 1, ""n"": 99}, {""k"": 1, ""n"": 90}]}, {""constant_lens"": false, ""gain"": 0.25, ""lens"": ""pc1"", ""lens_scaling"": ""standardize"", ""min_cluster_size"": 21, ""min_samples"": 5, ""n_class"": 1019, ""n_edges"": 6, ""n_intervals"": 7, ""n_vertices"": 7, ""noise_reassigned"": 1090, ""placement"": ""quantile"", ""slabs"": [{""k"": 1, ""n"": 164}, {""k"": 1, ""n"": 182}, {""k"": 1, ""n"": 182}, {""k"": 1, ""n"": 181}, {""k"": 1, ""n"": 182}, {""k"": 1, ""n"": 182}, {""k"": 1, ""n"": 164}]}], ""soundness_bound_holds"": true, ""step_rule"": ""scale_free"", ""topology_retention_nerve_to_frozen"": {""beta0_frozen"": 15, ""beta0_nerve"": 6, ""beta1_frozen"": 0, ""beta1_nerve"": 0}}",True
0.8304821150855366,58,False,0.010013812154696133,0.01,,5.340076000022236,5.340076000022236,0.0,satimage,8,,SPINE+Graph,10,58,643,5792,0.9899861878453039,1964713175,False,"{""admission"": {""criterion"": ""risk"", ""removed_risk"": 9, ""removed_support"": 0}, ""betti_final"": [[1, 0], [2, 0], [1, 0], [5, 0], [4, 0], [2, 0]], ""betti_frozen"": [[1, 0], [2, 0], [1, 0], [5, 0], [4, 0], [2, 0]], ""betti_nerve"": [[1, 0], [1, 0], [1, 0], [1, 0], [1, 0], [1, 0]], ""boundary_restriction"": ""both"", ""forced_removals"": 0, ""growth_representation_fallbacks"": 3, ""invariant_held"": true, ""n_segments"": 43, ""n_train_fit"": 4344, ""n_val"": 1448, ""phase0"": [{""constant_lens"": false, ""gain"": 0.25, ""lens"": ""pc1"", ""lens_scaling"": ""standardize"", ""min_cluster_size"": 21, ""min_samples"": 5, ""n_class"": 1034, ""n_edges"": 6, ""n_intervals"": 7, ""n_vertices"": 7, ""noise_reassigned"": 1135, ""placement"": ""uniform"", ""slabs"": [{""k"": 1, ""n"": 101}, {""k"": 1, ""n"": 377}, {""k"": 1, ""n"": 223}, {""k"": 1, ""n"": 198}, {""k"": 1, ""n"": 167}, {""k"": 1, ""n"": 142}, {""k"": 1, ""n"": 75}]}, {""constant_lens"": false, ""gain"": 0.25, ""lens"": ""pc1"", ""lens_scaling"": ""standardize"", ""min_cluster_size"": 21, ""min_samples"": 5, ""n_class"": 475, ""n_edges"": 5, ""n_intervals"": 6, ""n_vertices"": 6, ""noise_reassigned"": 375, ""placement"": ""quantile"", ""slabs"": [{""k"": 1, ""n"": 89}, {""k"": 1, ""n"": 98}, {""k"": 1, ""n"": 98}, {""k"": 1, ""n"": 98}, {""k"": 1, ""n"": 98}, {""k"": 1, ""n"": 89}]}, {""constant_lens"": false, ""gain"": 0.25, ""lens"": ""pc1"", ""lens_scaling"": ""standardize"", ""min_cluster_size"": 21, ""min_samples"": 5, ""n_class"": 916, ""n_edges"": 5, ""n_intervals"": 6, ""n_vertices"": 6, ""noise_reassigned"": 982, ""placement"": ""quantile"", ""slabs"": [{""k"": 1, ""n"": 172}, {""k"": 1, ""n"": 191}, {""k"": 1, ""n"": 191}, {""k"": 1, ""n"": 191}, {""k"": 1, ""n"": 191}, {""k"": 1, ""n"": 172}]}, {""constant_lens"": false, ""gain"": 0.25, ""lens"": ""pc1"", ""lens_scaling"": ""standardize"", ""min_cluster_size"": 21, ""min_samples"": 5, ""n_class"": 423, ""n_edges"": 5, ""n_intervals"": 6, ""n_vertices"": 6, ""noise_reassigned"": 380, ""placement"": ""quantile"", ""slabs"": [{""k"": 1, ""n"": 80}, {""k"": 1, ""n"": 88}, {""k"": 1, ""n"": 88}, {""k"": 1, ""n"": 88}, {""k"": 1, ""n"": 88}, {""k"": 1, ""n"": 80}]}, {""constant_lens"": false, ""gain"": 0.25, ""lens"": ""pc1"", ""lens_scaling"": ""standardize"", ""min_cluster_size"": 21, ""min_samples"": 5, ""n_class"": 477, ""n_edges"": 5, ""n_intervals"": 6, ""n_vertices"": 6, ""noise_reassigned"": 434, ""placement"": ""quantile"", ""slabs"": [{""k"": 1, ""n"": 90}, {""k"": 1, ""n"": 99}, {""k"": 1, ""n"": 99}, {""k"": 1, ""n"": 99}, {""k"": 1, ""n"": 99}, {""k"": 1, ""n"": 90}]}, {""constant_lens"": false, ""gain"": 0.25, ""lens"": ""pc1"", ""lens_scaling"": ""standardize"", ""min_cluster_size"": 21, ""min_samples"": 5, ""n_class"": 1019, ""n_edges"": 6, ""n_intervals"": 7, ""n_vertices"": 7, ""noise_reassigned"": 1090, ""placement"": ""quantile"", ""slabs"": [{""k"": 1, ""n"": 164}, {""k"": 1, ""n"": 182}, {""k"": 1, ""n"": 182}, {""k"": 1, ""n"": 181}, {""k"": 1, ""n"": 182}, {""k"": 1, ""n"": 182}, {""k"": 1, ""n"": 164}]}], ""soundness_bound_holds"": true, ""step_rule"": ""scale_free"", ""topology_retention_nerve_to_frozen"": {""beta0_frozen"": 15, ""beta0_nerve"": 6, ""beta1_frozen"": 0, ""beta1_nerve"": 0}}",True
0.8880248833592534,58,False,0.010013812154696133,0.01,,2.676296999969054,50.51118199998746,47.8348850000184,satimage,8,"{""epsilon"": 0.1, ""window"": 0.2}",LVQ3,10,58,643,5792,0.9899861878453039,1964713175,False,,True
0.864696734059098,58,False,0.010013812154696133,0.01,"{""0"": 14, ""1"": 6, ""2"": 12, ""3"": 6, ""4"": 6, ""5"": 14}",1.5718590000178665,1.5718590000178665,0.0,satimage,8,,KMeans,10,58,643,5792,0.9899861878453039,1964713175,False,,True
0.8055987558320373,58,False,0.010013812154696133,0.01,"{""0"": 14, ""1"": 6, ""2"": 12, ""3"": 6, ""4"": 6, ""5"": 14}",0.0013710000202991068,0.0013710000202991068,0.0,satimage,8,,Random,10,58,643,5792,0.9899861878453039,1964713175,False,,True
0.8444790046656299,58,False,0.010013812154696133,0.01,,1.828291000041645,1.828291000041645,0.0,satimage,8,,SPOT,10,58,643,5792,0.9899861878453039,1964713175,False,,True
0.8413685847589425,58,False,0.010013812154696133,0.01,,10.347653999982867,10.347653999982867,0.0,satimage,8,,GLVQ,10,58,643,5792,0.9899861878453039,1964713175,False,,True
0.8538102643856921,58,False,0.010013812154696133,0.01,,1.5955550000071526,1.5955550000071526,0.0,satimage,8,,GNG,10,58,643,5792,0.9899861878453039,1964713175,False,,True
0.9051321928460342,116,False,0.020027624309392266,0.02,,0.001433999976143241,0.001433999976143241,0.0,satimage,8,,Full,10,5792,643,5792,0.0,1964713175,True,,False
0.9097978227060654,116,False,0.020027624309392266,0.02,,1.7768639999558218,1.7768639999558218,0.0,satimage,8,,RSP3,10,1573,643,5792,0.7284185082872928,1964713175,True,,False
0.8864696734059098,116,False,0.020027624309392266,0.02,,1.7501090000150725,1.7501090000150725,0.0,satimage,8,,RHC,10,576,643,5792,0.9005524861878453,1964713175,True,,False
0.8600311041990669,116,False,0.020027624309392266,0.02,,5.6388910000096075,5.6388910000096075,0.0,satimage,8,,SPINE+1NN,10,116,643,5792,0.9799723756906077,1964713175,False,"{""admission"": {""criterion"": ""risk"", ""removed_risk"": 9, ""removed_support"": 0}, ""betti_final"": [[1, 0], [2, 0], [1, 0], [5, 0], [4, 0], [2, 0]], ""betti_frozen"": [[1, 0], [2, 0], [1, 0], [5, 0], [4, 0], [2, 0]], ""betti_nerve"": [[1, 0], [1, 0], [1, 0], [1, 0], [1, 0], [1, 0]], ""boundary_restriction"": ""both"", ""forced_removals"": 0, ""growth_representation_fallbacks"": 32, ""invariant_held"": true, ""n_segments"": 101, ""n_train_fit"": 4344, ""n_val"": 1448, ""phase0"": [{""constant_lens"": false, ""gain"": 0.25, ""lens"": ""pc1"", ""lens_scaling"": ""standardize"", ""min_cluster_size"": 21, ""min_samples"": 5, ""n_class"": 1034, ""n_edges"": 6, ""n_intervals"": 7, ""n_vertices"": 7, ""noise_reassigned"": 1135, ""placement"": ""uniform"", ""slabs"": [{""k"": 1, ""n"": 101}, {""k"": 1, ""n"": 377}, {""k"": 1, ""n"": 223}, {""k"": 1, ""n"": 198}, {""k"": 1, ""n"": 167}, {""k"": 1, ""n"": 142}, {""k"": 1, ""n"": 75}]}, {""constant_lens"": false, ""gain"": 0.25, ""lens"": ""pc1"", ""lens_scaling"": ""standardize"", ""min_cluster_size"": 21, ""min_samples"": 5, ""n_class"": 475, ""n_edges"": 5, ""n_intervals"": 6, ""n_vertices"": 6, ""noise_reassigned"": 375, ""placement"": ""quantile"", ""slabs"": [{""k"": 1, ""n"": 89}, {""k"": 1, ""n"": 98}, {""k"": 1, ""n"": 98}, {""k"": 1, ""n"": 98}, {""k"": 1, ""n"": 98}, {""k"": 1, ""n"": 89}]}, {""constant_lens"": false, ""gain"": 0.25, ""lens"": ""pc1"", ""lens_scaling"": ""standardize"", ""min_cluster_size"": 21, ""min_samples"": 5, ""n_class"": 916, ""n_edges"": 5, ""n_intervals"": 6, ""n_vertices"": 6, ""noise_reassigned"": 982, ""placement"": ""quantile"", ""slabs"": [{""k"": 1, ""n"": 172}, {""k"": 1, ""n"": 191}, {""k"": 1, ""n"": 191}, {""k"": 1, ""n"": 191}, {""k"": 1, ""n"": 191}, {""k"": 1, ""n"": 172}]}, {""constant_lens"": false, ""gain"": 0.25, ""lens"": ""pc1"", ""lens_scaling"": ""standardize"", ""min_cluster_size"": 21, ""min_samples"": 5, ""n_class"": 423, ""n_edges"": 5, ""n_intervals"": 6, ""n_vertices"": 6, ""noise_reassigned"": 380, ""placement"": ""quantile"", ""slabs"": [{""k"": 1, ""n"": 80}, {""k"": 1, ""n"": 88}, {""k"": 1, ""n"": 88}, {""k"": 1, ""n"": 88}, {""k"": 1, ""n"": 88}, {""k"": 1, ""n"": 80}]}, {""constant_lens"": false, ""gain"": 0.25, ""lens"": ""pc1"", ""lens_scaling"": ""standardize"", ""min_cluster_size"": 21, ""min_samples"": 5, ""n_class"": 477, ""n_edges"": 5, ""n_intervals"": 6, ""n_vertices"": 6, ""noise_reassigned"": 434, ""placement"": ""quantile"", ""slabs"": [{""k"": 1, ""n"": 90}, {""k"": 1, ""n"": 99}, {""k"": 1, ""n"": 99}, {""k"": 1, ""n"": 99}, {""k"": 1, ""n"": 99}, {""k"": 1, ""n"": 90}]}, {""constant_lens"": false, ""gain"": 0.25, ""lens"": ""pc1"", ""lens_scaling"": ""standardize"", ""min_cluster_size"": 21, ""min_samples"": 5, ""n_class"": 1019, ""n_edges"": 6, ""n_intervals"": 7, ""n_vertices"": 7, ""noise_reassigned"": 1090, ""placement"": ""quantile"", ""slabs"": [{""k"": 1, ""n"": 164}, {""k"": 1, ""n"": 182}, {""k"": 1, ""n"": 182}, {""k"": 1, ""n"": 181}, {""k"": 1, ""n"": 182}, {""k"": 1, ""n"": 182}, {""k"": 1, ""n"": 164}]}], ""soundness_bound_holds"": true, ""step_rule"": ""scale_free"", ""topology_retention_nerve_to_frozen"": {""beta0_frozen"": 15, ""beta0_nerve"": 6, ""beta1_frozen"": 0, ""beta1_nerve"": 0}}",True
0.8615863141524106,116,False,0.020027624309392266,0.02,,5.6388910000096075,5.6388910000096075,0.0,satimage,8,,SPINE+Graph,10,116,643,5792,0.9799723756906077,1964713175,False,"{""admission"": {""criterion"": ""risk"", ""removed_risk"": 9, ""removed_support"": 0}, ""betti_final"": [[1, 0], [2, 0], [1, 0], [5, 0], [4, 0], [2, 0]], ""betti_frozen"": [[1, 0], [2, 0], [1, 0], [5, 0], [4, 0], [2, 0]], ""betti_nerve"": [[1, 0], [1, 0], [1, 0], [1, 0], [1, 0], [1, 0]], ""boundary_restriction"": ""both"", ""forced_removals"": 0, ""growth_representation_fallbacks"": 32, ""invariant_held"": true, ""n_segments"": 101, ""n_train_fit"": 4344, ""n_val"": 1448, ""phase0"": [{""constant_lens"": false, ""gain"": 0.25, ""lens"": ""pc1"", ""lens_scaling"": ""standardize"", ""min_cluster_size"": 21, ""min_samples"": 5, ""n_class"": 1034, ""n_edges"": 6, ""n_intervals"": 7, ""n_vertices"": 7, ""noise_reassigned"": 1135, ""placement"": ""uniform"", ""slabs"": [{""k"": 1, ""n"": 101}, {""k"": 1, ""n"": 377}, {""k"": 1, ""n"": 223}, {""k"": 1, ""n"": 198}, {""k"": 1, ""n"": 167}, {""k"": 1, ""n"": 142}, {""k"": 1, ""n"": 75}]}, {""constant_lens"": false, ""gain"": 0.25, ""lens"": ""pc1"", ""lens_scaling"": ""standardize"", ""min_cluster_size"": 21, ""min_samples"": 5, ""n_class"": 475, ""n_edges"": 5, ""n_intervals"": 6, ""n_vertices"": 6, ""noise_reassigned"": 375, ""placement"": ""quantile"", ""slabs"": [{""k"": 1, ""n"": 89}, {""k"": 1, ""n"": 98}, {""k"": 1, ""n"": 98}, {""k"": 1, ""n"": 98}, {""k"": 1, ""n"": 98}, {""k"": 1, ""n"": 89}]}, {""constant_lens"": false, ""gain"": 0.25, ""lens"": ""pc1"", ""lens_scaling"": ""standardize"", ""min_cluster_size"": 21, ""min_samples"": 5, ""n_class"": 916, ""n_edges"": 5, ""n_intervals"": 6, ""n_vertices"": 6, ""noise_reassigned"": 982, ""placement"": ""quantile"", ""slabs"": [{""k"": 1, ""n"": 172}, {""k"": 1, ""n"": 191}, {""k"": 1, ""n"": 191}, {""k"": 1, ""n"": 191}, {""k"": 1, ""n"": 191}, {""k"": 1, ""n"": 172}]}, {""constant_lens"": false, ""gain"": 0.25, ""lens"": ""pc1"", ""lens_scaling"": ""standardize"", ""min_cluster_size"": 21, ""min_samples"": 5, ""n_class"": 423, ""n_edges"": 5, ""n_intervals"": 6, ""n_vertices"": 6, ""noise_reassigned"": 380, ""placement"": ""quantile"", ""slabs"": [{""k"": 1, ""n"": 80}, {""k"": 1, ""n"": 88}, {""k"": 1, ""n"": 88}, {""k"": 1, ""n"": 88}, {""k"": 1, ""n"": 88}, {""k"": 1, ""n"": 80}]}, {""constant_lens"": false, ""gain"": 0.25, ""lens"": ""pc1"", ""lens_scaling"": ""standardize"", ""min_cluster_size"": 21, ""min_samples"": 5, ""n_class"": 477, ""n_edges"": 5, ""n_intervals"": 6, ""n_vertices"": 6, ""noise_reassigned"": 434, ""placement"": ""quantile"", ""slabs"": [{""k"": 1, ""n"": 90}, {""k"": 1, ""n"": 99}, {""k"": 1, ""n"": 99}, {""k"": 1, ""n"": 99}, {""k"": 1, ""n"": 99}, {""k"": 1, ""n"": 90}]}, {""constant_lens"": false, ""gain"": 0.25, ""lens"": ""pc1"", ""lens_scaling"": ""standardize"", ""min_cluster_size"": 21, ""min_samples"": 5, ""n_class"": 1019, ""n_edges"": 6, ""n_intervals"": 7, ""n_vertices"": 7, ""noise_reassigned"": 1090, ""placement"": ""quantile"", ""slabs"": [{""k"": 1, ""n"": 164}, {""k"": 1, ""n"": 182}, {""k"": 1, ""n"": 182}, {""k"": 1, ""n"": 181}, {""k"": 1, ""n"": 182}, {""k"": 1, ""n"": 182}, {""k"": 1, ""n"": 164}]}], ""soundness_bound_holds"": true, ""step_rule"": ""scale_free"", ""topology_retention_nerve_to_frozen"": {""beta0_frozen"": 15, ""beta0_nerve"": 6, ""beta1_frozen"": 0, ""beta1_nerve"": 0}}",True
0.9082426127527217,116,False,0.020027624309392266,0.02,,3.2768359999754466,63.34116900002118,60.064333000045735,satimage,8,"{""epsilon"": 0.1, ""window"": 0.2}",LVQ3,10,116,643,5792,0.9799723756906077,1964713175,False,,True
0.8911353032659409,116,False,0.020027624309392266,0.02,"{""0"": 28, ""1"": 13, ""2"": 24, ""3"": 11, ""4"": 13, ""5"": 27}",2.162962000002153,2.162962000002153,0.0,satimage,8,,KMeans,10,116,643,5792,0.9799723756906077,1964713175,False,,True
0.7838258164852255,116,False,0.020027624309392266,0.02,"{""0"": 28, ""1"": 13, ""2"": 24, ""3"": 11, ""4"": 13, ""5"": 27}",0.0014699999592266977,0.0014699999592266977,0.0,satimage,8,,Random,10,116,643,5792,0.9799723756906077,1964713175,False,,True
0.8491446345256609,116,False,0.020027624309392266,0.02,,1.8731250000419095,1.8731250000419095,0.0,satimage,8,,SPOT,10,116,643,5792,0.9799723756906077,1964713175,False,,True
0.8398133748055988,116,False,0.020027624309392266,0.02,,17.446582999953534,17.446582999953534,0.0,satimage,8,,GLVQ,10,116,643,5792,0.9799723756906077,1964713175,False,,True
0.8786936236391913,116,False,0.020027624309392266,0.02,,1.9643499999656342,1.9643499999656342,0.0,satimage,8,,GNG,10,116,643,5792,0.9799723756906077,1964713175,False,,True
0.9051321928460342,290,False,0.05006906077348066,0.05,,0.001433999976143241,0.001433999976143241,0.0,satimage,8,,Full,10,5792,643,5792,0.0,1964713175,True,,False
0.9097978227060654,290,False,0.05006906077348066,0.05,,1.7768639999558218,1.7768639999558218,0.0,satimage,8,,RSP3,10,1573,643,5792,0.7284185082872928,1964713175,True,,False
0.8864696734059098,290,False,0.05006906077348066,0.05,,1.7501090000150725,1.7501090000150725,0.0,satimage,8,,RHC,10,576,643,5792,0.9005524861878453,1964713175,True,,False
0.8662519440124417,290,False,0.05006906077348066,0.05,,6.9317149999551475,6.9317149999551475,0.0,satimage,8,,SPINE+1NN,10,290,643,5792,0.9499309392265194,1964713175,False,"{""admission"": {""criterion"": ""risk"", ""removed_risk"": 9, ""removed_support"": 0}, ""betti_final"": [[1, 0], [2, 0], [1, 0], [5, 0], [4, 0], [2, 0]], ""betti_frozen"": [[1, 0], [2, 0], [1, 0], [5, 0], [4, 0], [2, 0]], ""betti_nerve"": [[1, 0], [1, 0], [1, 0], [1, 0], [1, 0], [1, 0]], ""boundary_restriction"": ""both"", ""forced_removals"": 0, ""growth_representation_fallbacks"": 154, ""invariant_held"": true, ""n_segments"": 275, ""n_train_fit"": 4344, ""n_val"": 1448, ""phase0"": [{""constant_lens"": false, ""gain"": 0.25, ""lens"": ""pc1"", ""lens_scaling"": ""standardize"", ""min_cluster_size"": 21, ""min_samples"": 5, ""n_class"": 1034, ""n_edges"": 6, ""n_intervals"": 7, ""n_vertices"": 7, ""noise_reassigned"": 1135, ""placement"": ""uniform"", ""slabs"": [{""k"": 1, ""n"": 101}, {""k"": 1, ""n"": 377}, {""k"": 1, ""n"": 223}, {""k"": 1, ""n"": 198}, {""k"": 1, ""n"": 167}, {""k"": 1, ""n"": 142}, {""k"": 1, ""n"": 75}]}, {""constant_lens"": false, ""gain"": 0.25, ""lens"": ""pc1"", ""lens_scaling"": ""standardize"", ""min_cluster_size"": 21, ""min_samples"": 5, ""n_class"": 475, ""n_edges"": 5, ""n_intervals"": 6, ""n_vertices"": 6, ""noise_reassigned"": 375, ""placement"": ""quantile"", ""slabs"": [{""k"": 1, ""n"": 89}, {""k"": 1, ""n"": 98}, {""k"": 1, ""n"": 98}, {""k"": 1, ""n"": 98}, {""k"": 1, ""n"": 98}, {""k"": 1, ""n"": 89}]}, {""constant_lens"": false, ""gain"": 0.25, ""lens"": ""pc1"", ""lens_scaling"": ""standardize"", ""min_cluster_size"": 21, ""min_samples"": 5, ""n_class"": 916, ""n_edges"": 5, ""n_intervals"": 6, ""n_vertices"": 6, ""noise_reassigned"": 982, ""placement"": ""quantile"", ""slabs"": [{""k"": 1, ""n"": 172}, {""k"": 1, ""n"": 191}, {""k"": 1, ""n"": 191}, {""k"": 1, ""n"": 191}, {""k"": 1, ""n"": 191}, {""k"": 1, ""n"": 172}]}, {""constant_lens"": false, ""gain"": 0.25, ""lens"": ""pc1"", ""lens_scaling"": ""standardize"", ""min_cluster_size"": 21, ""min_samples"": 5, ""n_class"": 423, ""n_edges"": 5, ""n_intervals"": 6, ""n_vertices"": 6, ""noise_reassigned"": 380, ""placement"": ""quantile"", ""slabs"": [{""k"": 1, ""n"": 80}, {""k"": 1, ""n"": 88}, {""k"": 1, ""n"": 88}, {""k"": 1, ""n"": 88}, {""k"": 1, ""n"": 88}, {""k"": 1, ""n"": 80}]}, {""constant_lens"": false, ""gain"": 0.25, ""lens"": ""pc1"", ""lens_scaling"": ""standardize"", ""min_cluster_size"": 21, ""min_samples"": 5, ""n_class"": 477, ""n_edges"": 5, ""n_intervals"": 6, ""n_vertices"": 6, ""noise_reassigned"": 434, ""placement"": ""quantile"", ""slabs"": [{""k"": 1, ""n"": 90}, {""k"": 1, ""n"": 99}, {""k"": 1, ""n"": 99}, {""k"": 1, ""n"": 99}, {""k"": 1, ""n"": 99}, {""k"": 1, ""n"": 90}]}, {""constant_lens"": false, ""gain"": 0.25, ""lens"": ""pc1"", ""lens_scaling"": ""standardize"", ""min_cluster_size"": 21, ""min_samples"": 5, ""n_class"": 1019, ""n_edges"": 6, ""n_intervals"": 7, ""n_vertices"": 7, ""noise_reassigned"": 1090, ""placement"": ""quantile"", ""slabs"": [{""k"": 1, ""n"": 164}, {""k"": 1, ""n"": 182}, {""k"": 1, ""n"": 182}, {""k"": 1, ""n"": 181}, {""k"": 1, ""n"": 182}, {""k"": 1, ""n"": 182}, {""k"": 1, ""n"": 164}]}], ""soundness_bound_holds"": true, ""step_rule"": ""scale_free"", ""topology_retention_nerve_to_frozen"": {""beta0_frozen"": 15, ""beta0_nerve"": 6, ""beta1_frozen"": 0, ""beta1_nerve"": 0}}",True
0.8678071539657853,290,False,0.05006906077348066,0.05,,6.9317149999551475,6.9317149999551475,0.0,satimage,8,,SPINE+Graph,10,290,643,5792,0.9499309392265194,1964713175,False,"{""admission"": {""criterion"": ""risk"", ""removed_risk"": 9, ""removed_support"": 0}, ""betti_final"": [[1, 0], [2, 0], [1, 0], [5, 0], [4, 0], [2, 0]], ""betti_frozen"": [[1, 0], [2, 0], [1, 0], [5, 0], [4, 0], [2, 0]], ""betti_nerve"": [[1, 0], [1, 0], [1, 0], [1, 0], [1, 0], [1, 0]], ""boundary_restriction"": ""both"", ""forced_removals"": 0, ""growth_representation_fallbacks"": 154, ""invariant_held"": true, ""n_segments"": 275, ""n_train_fit"": 4344, ""n_val"": 1448, ""phase0"": [{""constant_lens"": false, ""gain"": 0.25, ""lens"": ""pc1"", ""lens_scaling"": ""standardize"", ""min_cluster_size"": 21, ""min_samples"": 5, ""n_class"": 1034, ""n_edges"": 6, ""n_intervals"": 7, ""n_vertices"": 7, ""noise_reassigned"": 1135, ""placement"": ""uniform"", ""slabs"": [{""k"": 1, ""n"": 101}, {""k"": 1, ""n"": 377}, {""k"": 1, ""n"": 223}, {""k"": 1, ""n"": 198}, {""k"": 1, ""n"": 167}, {""k"": 1, ""n"": 142}, {""k"": 1, ""n"": 75}]}, {""constant_lens"": false, ""gain"": 0.25, ""lens"": ""pc1"", ""lens_scaling"": ""standardize"", ""min_cluster_size"": 21, ""min_samples"": 5, ""n_class"": 475, ""n_edges"": 5, ""n_intervals"": 6, ""n_vertices"": 6, ""noise_reassigned"": 375, ""placement"": ""quantile"", ""slabs"": [{""k"": 1, ""n"": 89}, {""k"": 1, ""n"": 98}, {""k"": 1, ""n"": 98}, {""k"": 1, ""n"": 98}, {""k"": 1, ""n"": 98}, {""k"": 1, ""n"": 89}]}, {""constant_lens"": false, ""gain"": 0.25, ""lens"": ""pc1"", ""lens_scaling"": ""standardize"", ""min_cluster_size"": 21, ""min_samples"": 5, ""n_class"": 916, ""n_edges"": 5, ""n_intervals"": 6, ""n_vertices"": 6, ""noise_reassigned"": 982, ""placement"": ""quantile"", ""slabs"": [{""k"": 1, ""n"": 172}, {""k"": 1, ""n"": 191}, {""k"": 1, ""n"": 191}, {""k"": 1, ""n"": 191}, {""k"": 1, ""n"": 191}, {""k"": 1, ""n"": 172}]}, {""constant_lens"": false, ""gain"": 0.25, ""lens"": ""pc1"", ""lens_scaling"": ""standardize"", ""min_cluster_size"": 21, ""min_samples"": 5, ""n_class"": 423, ""n_edges"": 5, ""n_intervals"": 6, ""n_vertices"": 6, ""noise_reassigned"": 380, ""placement"": ""quantile"", ""slabs"": [{""k"": 1, ""n"": 80}, {""k"": 1, ""n"": 88}, {""k"": 1, ""n"": 88}, {""k"": 1, ""n"": 88}, {""k"": 1, ""n"": 88}, {""k"": 1, ""n"": 80}]}, {""constant_lens"": false, ""gain"": 0.25, ""lens"": ""pc1"", ""lens_scaling"": ""standardize"", ""min_cluster_size"": 21, ""min_samples"": 5, ""n_class"": 477, ""n_edges"": 5, ""n_intervals"": 6, ""n_vertices"": 6, ""noise_reassigned"": 434, ""placement"": ""quantile"", ""slabs"": [{""k"": 1, ""n"": 90}, {""k"": 1, ""n"": 99}, {""k"": 1, ""n"": 99}, {""k"": 1, ""n"": 99}, {""k"": 1, ""n"": 99}, {""k"": 1, ""n"": 90}]}, {""constant_lens"": false, ""gain"": 0.25, ""lens"": ""pc1"", ""lens_scaling"": ""standardize"", ""min_cluster_size"": 21, ""min_samples"": 5, ""n_class"": 1019, ""n_edges"": 6, ""n_intervals"": 7, ""n_vertices"": 7, ""noise_reassigned"": 1090, ""placement"": ""quantile"", ""slabs"": [{""k"": 1, ""n"": 164}, {""k"": 1, ""n"": 182}, {""k"": 1, ""n"": 182}, {""k"": 1, ""n"": 181}, {""k"": 1, ""n"": 182}, {""k"": 1, ""n"": 182}, {""k"": 1, ""n"": 164}]}], ""soundness_bound_holds"": true, ""step_rule"": ""scale_free"", ""topology_retention_nerve_to_frozen"": {""beta0_frozen"": 15, ""beta0_nerve"": 6, ""beta1_frozen"": 0, ""beta1_nerve"": 0}}",True
0.8973561430793157,290,False,0.05006906077348066,0.05,,5.043131000013091,90.92805899999803,85.88492799998494,satimage,8,"{""epsilon"": 0.1, ""window"": 0.3}",LVQ3,10,290,643,5792,0.9499309392265194,1964713175,False,,True
0.8989113530326595,290,False,0.05006906077348066,0.05,"{""0"": 69, ""1"": 32, ""2"": 61, ""3"": 28, ""4"": 32, ""5"": 68}",3.221106000011787,3.221106000011787,0.0,satimage,8,,KMeans,10,290,643,5792,0.9499309392265194,1964713175,False,,True
0.8320373250388803,290,False,0.05006906077348066,0.05,"{""0"": 69, ""1"": 32, ""2"": 61, ""3"": 28, ""4"": 32, ""5"": 68}",0.0015019999700598419,0.0015019999700598419,0.0,satimage,8,,Random,10,290,643,5792,0.9499309392265194,1964713175,False,,True
0.8631415241057543,290,False,0.05006906077348066,0.05,,2.0109349999693222,2.0109349999693222,0.0,satimage,8,,SPOT,10,290,643,5792,0.9499309392265194,1964713175,False,,True
0.8460342146189735,290,False,0.05006906077348066,0.05,,38.839491999999154,38.839491999999154,0.0,satimage,8,,GLVQ,10,290,643,5792,0.9499309392265194,1964713175,False,,True
0.8989113530326595,290,False,0.05006906077348066,0.05,,3.5460439999587834,3.5460439999587834,0.0,satimage,8,,GNG,10,290,643,5792,0.9499309392265194,1964713175,False,,True
0.9051321928460342,579,False,0.09996546961325967,0.1,,0.001433999976143241,0.001433999976143241,0.0,satimage,8,,Full,10,5792,643,5792,0.0,1964713175,True,,False
0.9097978227060654,579,False,0.09996546961325967,0.1,,1.7768639999558218,1.7768639999558218,0.0,satimage,8,,RSP3,10,1573,643,5792,0.7284185082872928,1964713175,True,,False
0.8864696734059098,579,False,0.09996546961325967,0.1,,1.7501090000150725,1.7501090000150725,0.0,satimage,8,,RHC,10,576,643,5792,0.9005524861878453,1964713175,True,,False
0.8786936236391913,579,False,0.09996546961325967,0.1,,11.134261000028346,11.134261000028346,0.0,satimage,8,,SPINE+1NN,10,579,643,5792,0.9000345303867403,1964713175,False,"{""admission"": {""criterion"": ""risk"", ""removed_risk"": 9, ""removed_support"": 0}, ""betti_final"": [[1, 0], [2, 0], [1, 0], [5, 0], [4, 0], [2, 0]], ""betti_frozen"": [[1, 0], [2, 0], [1, 0], [5, 0], [4, 0], [2, 0]], ""betti_nerve"": [[1, 0], [1, 0], [1, 0], [1, 0], [1, 0], [1, 0]], ""boundary_restriction"": ""both"", ""forced_removals"": 0, ""growth_representation_fallbacks"": 433, ""invariant_held"": true, ""n_segments"": 564, ""n_train_fit"": 4344, ""n_val"": 1448, ""phase0"": [{""constant_lens"": false, ""gain"": 0.25, ""lens"": ""pc1"", ""lens_scaling"": ""standardize"", ""min_cluster_size"": 21, ""min_samples"": 5, ""n_class"": 1034, ""n_edges"": 6, ""n_intervals"": 7, ""n_vertices"": 7, ""noise_reassigned"": 1135, ""placement"": ""uniform"", ""slabs"": [{""k"": 1, ""n"": 101}, {""k"": 1, ""n"": 377}, {""k"": 1, ""n"": 223}, {""k"": 1, ""n"": 198}, {""k"": 1, ""n"": 167}, {""k"": 1, ""n"": 142}, {""k"": 1, ""n"": 75}]}, {""constant_lens"": false, ""gain"": 0.25, ""lens"": ""pc1"", ""lens_scaling"": ""standardize"", ""min_cluster_size"": 21, ""min_samples"": 5, ""n_class"": 475, ""n_edges"": 5, ""n_intervals"": 6, ""n_vertices"": 6, ""noise_reassigned"": 375, ""placement"": ""quantile"", ""slabs"": [{""k"": 1, ""n"": 89}, {""k"": 1, ""n"": 98}, {""k"": 1, ""n"": 98}, {""k"": 1, ""n"": 98}, {""k"": 1, ""n"": 98}, {""k"": 1, ""n"": 89}]}, {""constant_lens"": false, ""gain"": 0.25, ""lens"": ""pc1"", ""lens_scaling"": ""standardize"", ""min_cluster_size"": 21, ""min_samples"": 5, ""n_class"": 916, ""n_edges"": 5, ""n_intervals"": 6, ""n_vertices"": 6, ""noise_reassigned"": 982, ""placement"": ""quantile"", ""slabs"": [{""k"": 1, ""n"": 172}, {""k"": 1, ""n"": 191}, {""k"": 1, ""n"": 191}, {""k"": 1, ""n"": 191}, {""k"": 1, ""n"": 191}, {""k"": 1, ""n"": 172}]}, {""constant_lens"": false, ""gain"": 0.25, ""lens"": ""pc1"", ""lens_scaling"": ""standardize"", ""min_cluster_size"": 21, ""min_samples"": 5, ""n_class"": 423, ""n_edges"": 5, ""n_intervals"": 6, ""n_vertices"": 6, ""noise_reassigned"": 380, ""placement"": ""quantile"", ""slabs"": [{""k"": 1, ""n"": 80}, {""k"": 1, ""n"": 88}, {""k"": 1, ""n"": 88}, {""k"": 1, ""n"": 88}, {""k"": 1, ""n"": 88}, {""k"": 1, ""n"": 80}]}, {""constant_lens"": false, ""gain"": 0.25, ""lens"": ""pc1"", ""lens_scaling"": ""standardize"", ""min_cluster_size"": 21, ""min_samples"": 5, ""n_class"": 477, ""n_edges"": 5, ""n_intervals"": 6, ""n_vertices"": 6, ""noise_reassigned"": 434, ""placement"": ""quantile"", ""slabs"": [{""k"": 1, ""n"": 90}, {""k"": 1, ""n"": 99}, {""k"": 1, ""n"": 99}, {""k"": 1, ""n"": 99}, {""k"": 1, ""n"": 99}, {""k"": 1, ""n"": 90}]}, {""constant_lens"": false, ""gain"": 0.25, ""lens"": ""pc1"", ""lens_scaling"": ""standardize"", ""min_cluster_size"": 21, ""min_samples"": 5, ""n_class"": 1019, ""n_edges"": 6, ""n_intervals"": 7, ""n_vertices"": 7, ""noise_reassigned"": 1090, ""placement"": ""quantile"", ""slabs"": [{""k"": 1, ""n"": 164}, {""k"": 1, ""n"": 182}, {""k"": 1, ""n"": 182}, {""k"": 1, ""n"": 181}, {""k"": 1, ""n"": 182}, {""k"": 1, ""n"": 182}, {""k"": 1, ""n"": 164}]}], ""soundness_bound_holds"": true, ""step_rule"": ""scale_free"", ""topology_retention_nerve_to_frozen"": {""beta0_frozen"": 15, ""beta0_nerve"": 6, ""beta1_frozen"": 0, ""beta1_nerve"": 0}}",True
0.8849144634525661,579,False,0.09996546961325967,0.1,,11.134261000028346,11.134261000028346,0.0,satimage,8,,SPINE+Graph,10,579,643,5792,0.9000345303867403,1964713175,False,"{""admission"": {""criterion"": ""risk"", ""removed_risk"": 9, ""removed_support"": 0}, ""betti_final"": [[1, 0], [2, 0], [1, 0], [5, 0], [4, 0], [2, 0]], ""betti_frozen"": [[1, 0], [2, 0], [1, 0], [5, 0], [4, 0], [2, 0]], ""betti_nerve"": [[1, 0], [1, 0], [1, 0], [1, 0], [1, 0], [1, 0]], ""boundary_restriction"": ""both"", ""forced_removals"": 0, ""growth_representation_fallbacks"": 433, ""invariant_held"": true, ""n_segments"": 564, ""n_train_fit"": 4344, ""n_val"": 1448, ""phase0"": [{""constant_lens"": false, ""gain"": 0.25, ""lens"": ""pc1"", ""lens_scaling"": ""standardize"", ""min_cluster_size"": 21, ""min_samples"": 5, ""n_class"": 1034, ""n_edges"": 6, ""n_intervals"": 7, ""n_vertices"": 7, ""noise_reassigned"": 1135, ""placement"": ""uniform"", ""slabs"": [{""k"": 1, ""n"": 101}, {""k"": 1, ""n"": 377}, {""k"": 1, ""n"": 223}, {""k"": 1, ""n"": 198}, {""k"": 1, ""n"": 167}, {""k"": 1, ""n"": 142}, {""k"": 1, ""n"": 75}]}, {""constant_lens"": false, ""gain"": 0.25, ""lens"": ""pc1"", ""lens_scaling"": ""standardize"", ""min_cluster_size"": 21, ""min_samples"": 5, ""n_class"": 475, ""n_edges"": 5, ""n_intervals"": 6, ""n_vertices"": 6, ""noise_reassigned"": 375, ""placement"": ""quantile"", ""slabs"": [{""k"": 1, ""n"": 89}, {""k"": 1, ""n"": 98}, {""k"": 1, ""n"": 98}, {""k"": 1, ""n"": 98}, {""k"": 1, ""n"": 98}, {""k"": 1, ""n"": 89}]}, {""constant_lens"": false, ""gain"": 0.25, ""lens"": ""pc1"", ""lens_scaling"": ""standardize"", ""min_cluster_size"": 21, ""min_samples"": 5, ""n_class"": 916, ""n_edges"": 5, ""n_intervals"": 6, ""n_vertices"": 6, ""noise_reassigned"": 982, ""placement"": ""quantile"", ""slabs"": [{""k"": 1, ""n"": 172}, {""k"": 1, ""n"": 191}, {""k"": 1, ""n"": 191}, {""k"": 1, ""n"": 191}, {""k"": 1, ""n"": 191}, {""k"": 1, ""n"": 172}]}, {""constant_lens"": false, ""gain"": 0.25, ""lens"": ""pc1"", ""lens_scaling"": ""standardize"", ""min_cluster_size"": 21, ""min_samples"": 5, ""n_class"": 423, ""n_edges"": 5, ""n_intervals"": 6, ""n_vertices"": 6, ""noise_reassigned"": 380, ""placement"": ""quantile"", ""slabs"": [{""k"": 1, ""n"": 80}, {""k"": 1, ""n"": 88}, {""k"": 1, ""n"": 88}, {""k"": 1, ""n"": 88}, {""k"": 1, ""n"": 88}, {""k"": 1, ""n"": 80}]}, {""constant_lens"": false, ""gain"": 0.25, ""lens"": ""pc1"", ""lens_scaling"": ""standardize"", ""min_cluster_size"": 21, ""min_samples"": 5, ""n_class"": 477, ""n_edges"": 5, ""n_intervals"": 6, ""n_vertices"": 6, ""noise_reassigned"": 434, ""placement"": ""quantile"", ""slabs"": [{""k"": 1, ""n"": 90}, {""k"": 1, ""n"": 99}, {""k"": 1, ""n"": 99}, {""k"": 1, ""n"": 99}, {""k"": 1, ""n"": 99}, {""k"": 1, ""n"": 90}]}, {""constant_lens"": false, ""gain"": 0.25, ""lens"": ""pc1"", ""lens_scaling"": ""standardize"", ""min_cluster_size"": 21, ""min_samples"": 5, ""n_class"": 1019, ""n_edges"": 6, ""n_intervals"": 7, ""n_vertices"": 7, ""noise_reassigned"": 1090, ""placement"": ""quantile"", ""slabs"": [{""k"": 1, ""n"": 164}, {""k"": 1, ""n"": 182}, {""k"": 1, ""n"": 182}, {""k"": 1, ""n"": 181}, {""k"": 1, ""n"": 182}, {""k"": 1, ""n"": 182}, {""k"": 1, ""n"": 164}]}], ""soundness_bound_holds"": true, ""step_rule"": ""scale_free"", ""topology_retention_nerve_to_frozen"": {""beta0_frozen"": 15, ""beta0_nerve"": 6, ""beta1_frozen"": 0, ""beta1_nerve"": 0}}",True
0.9144634525660964,579,False,0.09996546961325967,0.1,,7.648420999990776,131.19241100002546,123.54399000003468,satimage,8,"{""epsilon"": 0.3, ""window"": 0.2}",LVQ3,10,579,643,5792,0.9000345303867403,1964713175,False,,True
0.9004665629860031,579,False,0.09996546961325967,0.1,"{""0"": 138, ""1"": 63, ""2"": 122, ""3"": 56, ""4"": 64, ""5"": 136}",4.904035999963526,4.904035999963526,0.0,satimage,8,,KMeans,10,579,643,5792,0.9000345303867403,1964713175,False,,True
0.8538102643856921,579,False,0.09996546961325967,0.1,"{""0"": 138, ""1"": 63, ""2"": 122, ""3"": 56, ""4"": 64, ""5"": 136}",0.00196899997536093,0.00196899997536093,0.0,satimage,8,,Random,10,579,643,5792,0.9000345303867403,1964713175,False,,True
0.8678071539657853,579,False,0.09996546961325967,0.1,,2.0271219999995083,2.0271219999995083,0.0,satimage,8,,SPOT,10,579,643,5792,0.9000345303867403,1964713175,False,,True
0.8429237947122862,579,False,0.09996546961325967,0.1,,74.38514300005045,74.38514300005045,0.0,satimage,8,,GLVQ,10,579,643,5792,0.9000345303867403,1964713175,False,,True
0.9129082426127527,579,False,0.09996546961325967,0.1,,9.277202000026591,9.277202000026591,0.0,satimage,8,,GNG,10,579,643,5792,0.9000345303867403,1964713175,False,,True
0.9051321928460342,1448,False,0.25,0.25,,0.001433999976143241,0.001433999976143241,0.0,satimage,8,,Full,10,5792,643,5792,0.0,1964713175,True,,False
0.9097978227060654,1448,False,0.25,0.25,,1.7768639999558218,1.7768639999558218,0.0,satimage,8,,RSP3,10,1573,643,5792,0.7284185082872928,1964713175,True,,False
0.8864696734059098,1448,False,0.25,0.25,,1.7501090000150725,1.7501090000150725,0.0,satimage,8,,RHC,10,576,643,5792,0.9005524861878453,1964713175,True,,False
0.9004665629860031,1448,False,0.25,0.25,,37.70505700004287,37.70505700004287,0.0,satimage,8,,SPINE+1NN,10,1448,643,5792,0.75,1964713175,False,"{""admission"": {""criterion"": ""risk"", ""removed_risk"": 9, ""removed_support"": 0}, ""betti_final"": [[1, 0], [2, 0], [1, 0], [5, 0], [4, 0], [2, 0]], ""betti_frozen"": [[1, 0], [2, 0], [1, 0], [5, 0], [4, 0], [2, 0]], ""betti_nerve"": [[1, 0], [1, 0], [1, 0], [1, 0], [1, 0], [1, 0]], ""boundary_restriction"": ""both"", ""forced_removals"": 0, ""growth_representation_fallbacks"": 1435, ""invariant_held"": true, ""n_segments"": 1433, ""n_train_fit"": 4344, ""n_val"": 1448, ""phase0"": [{""constant_lens"": false, ""gain"": 0.25, ""lens"": ""pc1"", ""lens_scaling"": ""standardize"", ""min_cluster_size"": 21, ""min_samples"": 5, ""n_class"": 1034, ""n_edges"": 6, ""n_intervals"": 7, ""n_vertices"": 7, ""noise_reassigned"": 1135, ""placement"": ""uniform"", ""slabs"": [{""k"": 1, ""n"": 101}, {""k"": 1, ""n"": 377}, {""k"": 1, ""n"": 223}, {""k"": 1, ""n"": 198}, {""k"": 1, ""n"": 167}, {""k"": 1, ""n"": 142}, {""k"": 1, ""n"": 75}]}, {""constant_lens"": false, ""gain"": 0.25, ""lens"": ""pc1"", ""lens_scaling"": ""standardize"", ""min_cluster_size"": 21, ""min_samples"": 5, ""n_class"": 475, ""n_edges"": 5, ""n_intervals"": 6, ""n_vertices"": 6, ""noise_reassigned"": 375, ""placement"": ""quantile"", ""slabs"": [{""k"": 1, ""n"": 89}, {""k"": 1, ""n"": 98}, {""k"": 1, ""n"": 98}, {""k"": 1, ""n"": 98}, {""k"": 1, ""n"": 98}, {""k"": 1, ""n"": 89}]}, {""constant_lens"": false, ""gain"": 0.25, ""lens"": ""pc1"", ""lens_scaling"": ""standardize"", ""min_cluster_size"": 21, ""min_samples"": 5, ""n_class"": 916, ""n_edges"": 5, ""n_intervals"": 6, ""n_vertices"": 6, ""noise_reassigned"": 982, ""placement"": ""quantile"", ""slabs"": [{""k"": 1, ""n"": 172}, {""k"": 1, ""n"": 191}, {""k"": 1, ""n"": 191}, {""k"": 1, ""n"": 191}, {""k"": 1, ""n"": 191}, {""k"": 1, ""n"": 172}]}, {""constant_lens"": false, ""gain"": 0.25, ""lens"": ""pc1"", ""lens_scaling"": ""standardize"", ""min_cluster_size"": 21, ""min_samples"": 5, ""n_class"": 423, ""n_edges"": 5, ""n_intervals"": 6, ""n_vertices"": 6, ""noise_reassigned"": 380, ""placement"": ""quantile"", ""slabs"": [{""k"": 1, ""n"": 80}, {""k"": 1, ""n"": 88}, {""k"": 1, ""n"": 88}, {""k"": 1, ""n"": 88}, {""k"": 1, ""n"": 88}, {""k"": 1, ""n"": 80}]}, {""constant_lens"": false, ""gain"": 0.25, ""lens"": ""pc1"", ""lens_scaling"": ""standardize"", ""min_cluster_size"": 21, ""min_samples"": 5, ""n_class"": 477, ""n_edges"": 5, ""n_intervals"": 6, ""n_vertices"": 6, ""noise_reassigned"": 434, ""placement"": ""quantile"", ""slabs"": [{""k"": 1, ""n"": 90}, {""k"": 1, ""n"": 99}, {""k"": 1, ""n"": 99}, {""k"": 1, ""n"": 99}, {""k"": 1, ""n"": 99}, {""k"": 1, ""n"": 90}]}, {""constant_lens"": false, ""gain"": 0.25, ""lens"": ""pc1"", ""lens_scaling"": ""standardize"", ""min_cluster_size"": 21, ""min_samples"": 5, ""n_class"": 1019, ""n_edges"": 6, ""n_intervals"": 7, ""n_vertices"": 7, ""noise_reassigned"": 1090, ""placement"": ""quantile"", ""slabs"": [{""k"": 1, ""n"": 164}, {""k"": 1, ""n"": 182}, {""k"": 1, ""n"": 182}, {""k"": 1, ""n"": 181}, {""k"": 1, ""n"": 182}, {""k"": 1, ""n"": 182}, {""k"": 1, ""n"": 164}]}], ""soundness_bound_holds"": true, ""step_rule"": ""scale_free"", ""topology_retention_nerve_to_frozen"": {""beta0_frozen"": 15, ""beta0_nerve"": 6, ""beta1_frozen"": 0, ""beta1_nerve"": 0}}",True
0.9051321928460342,1448,False,0.25,0.25,,37.70505700004287,37.70505700004287,0.0,satimage,8,,SPINE+Graph,10,1448,643,5792,0.75,1964713175,False,"{""admission"": {""criterion"": ""risk"", ""removed_risk"": 9, ""removed_support"": 0}, ""betti_final"": [[1, 0], [2, 0], [1, 0], [5, 0], [4, 0], [2, 0]], ""betti_frozen"": [[1, 0], [2, 0], [1, 0], [5, 0], [4, 0], [2, 0]], ""betti_nerve"": [[1, 0], [1, 0], [1, 0], [1, 0], [1, 0], [1, 0]], ""boundary_restriction"": ""both"", ""forced_removals"": 0, ""growth_representation_fallbacks"": 1435, ""invariant_held"": true, ""n_segments"": 1433, ""n_train_fit"": 4344, ""n_val"": 1448, ""phase0"": [{""constant_lens"": false, ""gain"": 0.25, ""lens"": ""pc1"", ""lens_scaling"": ""standardize"", ""min_cluster_size"": 21, ""min_samples"": 5, ""n_class"": 1034, ""n_edges"": 6, ""n_intervals"": 7, ""n_vertices"": 7, ""noise_reassigned"": 1135, ""placement"": ""uniform"", ""slabs"": [{""k"": 1, ""n"": 101}, {""k"": 1, ""n"": 377}, {""k"": 1, ""n"": 223}, {""k"": 1, ""n"": 198}, {""k"": 1, ""n"": 167}, {""k"": 1, ""n"": 142}, {""k"": 1, ""n"": 75}]}, {""constant_lens"": false, ""gain"": 0.25, ""lens"": ""pc1"", ""lens_scaling"": ""standardize"", ""min_cluster_size"": 21, ""min_samples"": 5, ""n_class"": 475, ""n_edges"": 5, ""n_intervals"": 6, ""n_vertices"": 6, ""noise_reassigned"": 375, ""placement"": ""quantile"", ""slabs"": [{""k"": 1, ""n"": 89}, {""k"": 1, ""n"": 98}, {""k"": 1, ""n"": 98}, {""k"": 1, ""n"": 98}, {""k"": 1, ""n"": 98}, {""k"": 1, ""n"": 89}]}, {""constant_lens"": false, ""gain"": 0.25, ""lens"": ""pc1"", ""lens_scaling"": ""standardize"", ""min_cluster_size"": 21, ""min_samples"": 5, ""n_class"": 916, ""n_edges"": 5, ""n_intervals"": 6, ""n_vertices"": 6, ""noise_reassigned"": 982, ""placement"": ""quantile"", ""slabs"": [{""k"": 1, ""n"": 172}, {""k"": 1, ""n"": 191}, {""k"": 1, ""n"": 191}, {""k"": 1, ""n"": 191}, {""k"": 1, ""n"": 191}, {""k"": 1, ""n"": 172}]}, {""constant_lens"": false, ""gain"": 0.25, ""lens"": ""pc1"", ""lens_scaling"": ""standardize"", ""min_cluster_size"": 21, ""min_samples"": 5, ""n_class"": 423, ""n_edges"": 5, ""n_intervals"": 6, ""n_vertices"": 6, ""noise_reassigned"": 380, ""placement"": ""quantile"", ""slabs"": [{""k"": 1, ""n"": 80}, {""k"": 1, ""n"": 88}, {""k"": 1, ""n"": 88}, {""k"": 1, ""n"": 88}, {""k"": 1, ""n"": 88}, {""k"": 1, ""n"": 80}]}, {""constant_lens"": false, ""gain"": 0.25, ""lens"": ""pc1"", ""lens_scaling"": ""standardize"", ""min_cluster_size"": 21, ""min_samples"": 5, ""n_class"": 477, ""n_edges"": 5, ""n_intervals"": 6, ""n_vertices"": 6, ""noise_reassigned"": 434, ""placement"": ""quantile"", ""slabs"": [{""k"": 1, ""n"": 90}, {""k"": 1, ""n"": 99}, {""k"": 1, ""n"": 99}, {""k"": 1, ""n"": 99}, {""k"": 1, ""n"": 99}, {""k"": 1, ""n"": 90}]}, {""constant_lens"": false, ""gain"": 0.25, ""lens"": ""pc1"", ""lens_scaling"": ""standardize"", ""min_cluster_size"": 21, ""min_samples"": 5, ""n_class"": 1019, ""n_edges"": 6, ""n_intervals"": 7, ""n_vertices"": 7, ""noise_reassigned"": 1090, ""placement"": ""quantile"", ""slabs"": [{""k"": 1, ""n"": 164}, {""k"": 1, ""n"": 182}, {""k"": 1, ""n"": 182}, {""k"": 1, ""n"": 181}, {""k"": 1, ""n"": 182}, {""k"": 1, ""n"": 182}, {""k"": 1, ""n"": 164}]}], ""soundness_bound_holds"": true, ""step_rule"": ""scale_free"", ""topology_retention_nerve_to_frozen"": {""beta0_frozen"": 15, ""beta0_nerve"": 6, ""beta1_frozen"": 0, ""beta1_nerve"": 0}}",True
0.9160186625194401,1448,False,0.25,0.25,,17.532200999965426,303.08760799997253,285.5554070000071,satimage,8,"{""epsilon"": 0.1, ""window"": 0.2}",LVQ3,10,1448,643,5792,0.75,1964713175,False,,True
0.9206842923794712,1448,False,0.25,0.25,"{""0"": 345, ""1"": 158, ""2"": 306, ""3"": 141, ""4"": 159, ""5"": 339}",9.734493999974802,9.734493999974802,0.0,satimage,8,,KMeans,10,1448,643,5792,0.75,1964713175,False,,True
0.8693623639191291,1448,False,0.25,0.25,"{""0"": 345, ""1"": 158, ""2"": 306, ""3"": 141, ""4"": 159, ""5"": 339}",0.0027920000138692558,0.0027920000138692558,0.0,satimage,8,,Random,10,1448,643,5792,0.75,1964713175,False,,True
0.8895800933125972,1448,False,0.25,0.25,,2.143467999994755,2.143467999994755,0.0,satimage,8,,SPOT,10,1448,643,5792,0.75,1964713175,False,,True
0.8444790046656299,1448,False,0.25,0.25,,181.20464900002116,181.20464900002116,0.0,satimage,8,,GLVQ,10,1448,643,5792,0.75,1964713175,False,,True
0.9144634525660964,1448,False,0.25,0.25,,44.06614199996693,44.06614199996693,0.0,satimage,8,,GNG,10,1448,643,5792,0.75,1964713175,False,,True
0.9020217729393468,29,False,0.0050069060773480665,0.005,,0.00133200001437217,0.00133200001437217,0.0,satimage,9,,Full,10,5792,643,5792,0.0,1965713178,False,,False
0.895800933125972,29,False,0.0050069060773480665,0.005,,1.7981520000030287,1.7981520000030287,0.0,satimage,9,,RSP3,10,1539,643,5792,0.7342886740331491,1965713178,False,,False
0.8895800933125972,29,False,0.0050069060773480665,0.005,,1.7466140000033192,1.7466140000033192,0.0,satimage,9,,RHC,10,559,643,5792,0.9034875690607734,1965713178,False,,False
0.8102643856920684,29,False,0.0050069060773480665,0.005,,4.381835000007413,4.381835000007413,0.0,satimage,9,,SPINE+1NN,10,29,643,5792,0.9949930939226519,1965713178,False,"{""admission"": {""criterion"": ""risk"", ""removed_risk"": 6, ""removed_support"": 0}, ""betti_final"": [[2, 0], [2, 0], [1, 0], [3, 0], [2, 0], [2, 0]], ""betti_frozen"": [[2, 0], [2, 0], [1, 0], [3, 0], [2, 0], [2, 0]], ""betti_nerve"": [[1, 0], [1, 0], [1, 0], [1, 0], [1, 0], [1, 0]], ""boundary_restriction"": ""both"", ""forced_removals"": 0, ""growth_representation_fallbacks"": 0, ""invariant_held"": true, ""n_segments"": 17, ""n_train_fit"": 4344, ""n_val"": 1448, ""phase0"": [{""constant_lens"": false, ""gain"": 0.25, ""lens"": ""pc1"", ""lens_scaling"": ""standardize"", ""min_cluster_size"": 21, ""min_samples"": 5, ""n_class"": 1034, ""n_edges"": 6, ""n_intervals"": 7, ""n_vertices"": 7, ""noise_reassigned"": 1132, ""placement"": ""uniform"", ""slabs"": [{""k"": 1, ""n"": 80}, {""k"": 1, ""n"": 374}, {""k"": 1, ""n"": 233}, {""k"": 1, ""n"": 191}, {""k"": 1, ""n"": 173}, {""k"": 1, ""n"": 154}, {""k"": 1, ""n"": 76}]}, {""constant_lens"": false, ""gain"": 0.25, ""lens"": ""pc1"", ""lens_scaling"": ""standardize"", ""min_cluster_size"": 21, ""min_samples"": 5, ""n_class"": 475, ""n_edges"": 5, ""n_intervals"": 6, ""n_vertices"": 6, ""noise_reassigned"": 388, ""placement"": ""quantile"", ""slabs"": [{""k"": 1, ""n"": 89}, {""k"": 1, ""n"": 98}, {""k"": 1, ""n"": 98}, {""k"": 1, ""n"": 98}, {""k"": 1, ""n"": 98}, {""k"": 1, ""n"": 89}]}, {""constant_lens"": false, ""gain"": 0.25, ""lens"": ""pc1"", ""lens_scaling"": ""standardize"", ""min_cluster_size"": 21, ""min_samples"": 5, ""n_class"": 917, ""n_edges"": 5, ""n_intervals"": 6, ""n_vertices"": 6, ""noise_reassigned"": 981, ""placement"": ""quantile"", ""slabs"": [{""k"": 1, ""n"": 172}, {""k"": 1, ""n"": 191}, {""k"": 1, ""n"": 191}, {""k"": 1, ""n"": 191}, {""k"": 1, ""n"": 191}, {""k"": 1, ""n"": 172}]}, {""constant_lens"": false, ""gain"": 0.25, ""lens"": ""pc1"", ""lens_scaling"": ""standardize"", ""min_cluster_size"": 21, ""min_samples"": 5, ""n_class"": 423, ""n_edges"": 5, ""n_intervals"": 6, ""n_vertices"": 6, ""noise_reassigned"": 380, ""placement"": ""quantile"", ""slabs"": [{""k"": 1, ""n"": 80}, {""k"": 1, ""n"": 88}, {""k"": 1, ""n"": 88}, {""k"": 1, ""n"": 88}, {""k"": 1, ""n"": 88}, {""k"": 1, ""n"": 80}]}, {""constant_lens"": false, ""gain"": 0.25, ""lens"": ""pc1"", ""lens_scaling"": ""standardize"", ""min_cluster_size"": 21, ""min_samples"": 5, ""n_class"": 477, ""n_edges"": 5, ""n_intervals"": 6, ""n_vertices"": 6, ""noise_reassigned"": 422, ""placement"": ""quantile"", ""slabs"": [{""k"": 1, ""n"": 90}, {""k"": 1, ""n"": 99}, {""k"": 1, ""n"": 99}, {""k"": 1, ""n"": 99}, {""k"": 1, ""n"": 99}, {""k"": 1, ""n"": 90}]}, {""constant_lens"": false, ""gain"": 0.25, ""lens"": ""pc1"", ""lens_scaling"": ""standardize"", ""min_cluster_size"": 21, ""min_samples"": 5, ""n_class"": 1018, ""n_edges"": 6, ""n_intervals"": 7, ""n_vertices"": 7, ""noise_reassigned"": 1084, ""placement"": ""quantile"", ""slabs"": [{""k"": 1, ""n"": 164}, {""k"": 1, ""n"": 181}, {""k"": 1, ""n"": 182}, {""k"": 1, ""n"": 182}, {""k"": 1, ""n"": 182}, {""k"": 1, ""n"": 181}, {""k"": 1, ""n"": 164}]}], ""soundness_bound_holds"": true, ""step_rule"": ""scale_free"", ""topology_retention_nerve_to_frozen"": {""beta0_frozen"": 12, ""beta0_nerve"": 6, ""beta1_frozen"": 0, ""beta1_nerve"": 0}}",True
0.833592534992224,29,False,0.0050069060773480665,0.005,,4.381835000007413,4.381835000007413,0.0,satimage,9,,SPINE+Graph,10,29,643,5792,0.9949930939226519,1965713178,False,"{""admission"": {""criterion"": ""risk"", ""removed_risk"": 6, ""removed_support"": 0}, ""betti_final"": [[2, 0], [2, 0], [1, 0], [3, 0], [2, 0], [2, 0]], ""betti_frozen"": [[2, 0], [2, 0], [1, 0], [3, 0], [2, 0], [2, 0]], ""betti_nerve"": [[1, 0], [1, 0], [1, 0], [1, 0], [1, 0], [1, 0]], ""boundary_restriction"": ""both"", ""forced_removals"": 0, ""growth_representation_fallbacks"": 0, ""invariant_held"": true, ""n_segments"": 17, ""n_train_fit"": 4344, ""n_val"": 1448, ""phase0"": [{""constant_lens"": false, ""gain"": 0.25, ""lens"": ""pc1"", ""lens_scaling"": ""standardize"", ""min_cluster_size"": 21, ""min_samples"": 5, ""n_class"": 1034, ""n_edges"": 6, ""n_intervals"": 7, ""n_vertices"": 7, ""noise_reassigned"": 1132, ""placement"": ""uniform"", ""slabs"": [{""k"": 1, ""n"": 80}, {""k"": 1, ""n"": 374}, {""k"": 1, ""n"": 233}, {""k"": 1, ""n"": 191}, {""k"": 1, ""n"": 173}, {""k"": 1, ""n"": 154}, {""k"": 1, ""n"": 76}]}, {""constant_lens"": false, ""gain"": 0.25, ""lens"": ""pc1"", ""lens_scaling"": ""standardize"", ""min_cluster_size"": 21, ""min_samples"": 5, ""n_class"": 475, ""n_edges"": 5, ""n_intervals"": 6, ""n_vertices"": 6, ""noise_reassigned"": 388, ""placement"": ""quantile"", ""slabs"": [{""k"": 1, ""n"": 89}, {""k"": 1, ""n"": 98}, {""k"": 1, ""n"": 98}, {""k"": 1, ""n"": 98}, {""k"": 1, ""n"": 98}, {""k"": 1, ""n"": 89}]}, {""constant_lens"": false, ""gain"": 0.25, ""lens"": ""pc1"", ""lens_scaling"": ""standardize"", ""min_cluster_size"": 21, ""min_samples"": 5, ""n_class"": 917, ""n_edges"": 5, ""n_intervals"": 6, ""n_vertices"": 6, ""noise_reassigned"": 981, ""placement"": ""quantile"", ""slabs"": [{""k"": 1, ""n"": 172}, {""k"": 1, ""n"": 191}, {""k"": 1, ""n"": 191}, {""k"": 1, ""n"": 191}, {""k"": 1, ""n"": 191}, {""k"": 1, ""n"": 172}]}, {""constant_lens"": false, ""gain"": 0.25, ""lens"": ""pc1"", ""lens_scaling"": ""standardize"", ""min_cluster_size"": 21, ""min_samples"": 5, ""n_class"": 423, ""n_edges"": 5, ""n_intervals"": 6, ""n_vertices"": 6, ""noise_reassigned"": 380, ""placement"": ""quantile"", ""slabs"": [{""k"": 1, ""n"": 80}, {""k"": 1, ""n"": 88}, {""k"": 1, ""n"": 88}, {""k"": 1, ""n"": 88}, {""k"": 1, ""n"": 88}, {""k"": 1, ""n"": 80}]}, {""constant_lens"": false, ""gain"": 0.25, ""lens"": ""pc1"", ""lens_scaling"": ""standardize"", ""min_cluster_size"": 21, ""min_samples"": 5, ""n_class"": 477, ""n_edges"": 5, ""n_intervals"": 6, ""n_vertices"": 6, ""noise_reassigned"": 422, ""placement"": ""quantile"", ""slabs"": [{""k"": 1, ""n"": 90}, {""k"": 1, ""n"": 99}, {""k"": 1, ""n"": 99}, {""k"": 1, ""n"": 99}, {""k"": 1, ""n"": 99}, {""k"": 1, ""n"": 90}]}, {""constant_lens"": false, ""gain"": 0.25, ""lens"": ""pc1"", ""lens_scaling"": ""standardize"", ""min_cluster_size"": 21, ""min_samples"": 5, ""n_class"": 1018, ""n_edges"": 6, ""n_intervals"": 7, ""n_vertices"": 7, ""noise_reassigned"": 1084, ""placement"": ""quantile"", ""slabs"": [{""k"": 1, ""n"": 164}, {""k"": 1, ""n"": 181}, {""k"": 1, ""n"": 182}, {""k"": 1, ""n"": 182}, {""k"": 1, ""n"": 182}, {""k"": 1, ""n"": 181}, {""k"": 1, ""n"": 164}]}], ""soundness_bound_holds"": true, ""step_rule"": ""scale_free"", ""topology_retention_nerve_to_frozen"": {""beta0_frozen"": 12, ""beta0_nerve"": 6, ""beta1_frozen"": 0, ""beta1_nerve"": 0}}",True
0.8849144634525661,29,False,0.0050069060773480665,0.005,,2.5033210000256076,47.415480999974534,44.912159999948926,satimage,9,"{""epsilon"": 0.1, ""window"": 0.2}",LVQ3,10,29,643,5792,0.9949930939226519,1965713178,False,,True
0.8600311041990669,29,False,0.0050069060773480665,0.005,"{""0"": 7, ""1"": 3, ""2"": 6, ""3"": 3, ""4"": 3, ""5"": 7}",1.3507289999979548,1.3507289999979548,0.0,satimage,9,,KMeans,10,29,643,5792,0.9949930939226519,1965713178,False,,True
0.7807153965785381,29,False,0.0050069060773480665,0.005,"{""0"": 7, ""1"": 3, ""2"": 6, ""3"": 3, ""4"": 3, ""5"": 7}",0.001256000017747283,0.001256000017747283,0.0,satimage,9,,Random,10,29,643,5792,0.9949930939226519,1965713178,False,,True
0.8569206842923794,29,False,0.0050069060773480665,0.005,,1.763126999954693,1.763126999954693,0.0,satimage,9,,SPOT,10,29,643,5792,0.9949930939226519,1965713178,False,,True
0.8693623639191291,29,False,0.0050069060773480665,0.005,,6.786315000033937,6.786315000033937,0.0,satimage,9,,GLVQ,10,29,643,5792,0.9949930939226519,1965713178,False,,True
0.8678071539657853,29,False,0.0050069060773480665,0.005,,0.837649000051897,0.837649000051897,0.0,satimage,9,,GNG,10,29,643,5792,0.9949930939226519,1965713178,False,,True
0.9020217729393468,58,False,0.010013812154696133,0.01,,0.00133200001437217,0.00133200001437217,0.0,satimage,9,,Full,10,5792,643,5792,0.0,1965713178,True,,False
0.895800933125972,58,False,0.010013812154696133,0.01,,1.7981520000030287,1.7981520000030287,0.0,satimage,9,,RSP3,10,1539,643,5792,0.7342886740331491,1965713178,True,,False
0.8895800933125972,58,False,0.010013812154696133,0.01,,1.7466140000033192,1.7466140000033192,0.0,satimage,9,,RHC,10,559,643,5792,0.9034875690607734,1965713178,True,,False
0.833592534992224,58,False,0.010013812154696133,0.01,,5.410444999986794,5.410444999986794,0.0,satimage,9,,SPINE+1NN,10,58,643,5792,0.9899861878453039,1965713178,False,"{""admission"": {""criterion"": ""risk"", ""removed_risk"": 6, ""removed_support"": 0}, ""betti_final"": [[2, 0], [2, 0], [1, 0], [3, 0], [2, 0], [2, 0]], ""betti_frozen"": [[2, 0], [2, 0], [1, 0], [3, 0], [2, 0], [2, 0]], ""betti_nerve"": [[1, 0], [1, 0], [1, 0], [1, 0], [1, 0], [1, 0]], ""boundary_restriction"": ""both"", ""forced_removals"": 0, ""growth_representation_fallbacks"": 4, ""invariant_held"": true, ""n_segments"": 46, ""n_train_fit"": 4344, ""n_val"": 1448, ""phase0"": [{""constant_lens"": false, ""gain"": 0.25, ""lens"": ""pc1"", ""lens_scaling"": ""standardize"", ""min_cluster_size"": 21, ""min_samples"": 5, ""n_class"": 1034, ""n_edges"": 6, ""n_intervals"": 7, ""n_vertices"": 7, ""noise_reassigned"": 1132, ""placement"": ""uniform"", ""slabs"": [{""k"": 1, ""n"": 80}, {""k"": 1, ""n"": 374}, {""k"": 1, ""n"": 233}, {""k"": 1, ""n"": 191}, {""k"": 1, ""n"": 173}, {""k"": 1, ""n"": 154}, {""k"": 1, ""n"": 76}]}, {""constant_lens"": false, ""gain"": 0.25, ""lens"": ""pc1"", ""lens_scaling"": ""standardize"", ""min_cluster_size"": 21, ""min_samples"": 5, ""n_class"": 475, ""n_edges"": 5, ""n_intervals"": 6, ""n_vertices"": 6, ""noise_reassigned"": 388, ""placement"": ""quantile"", ""slabs"": [{""k"": 1, ""n"": 89}, {""k"": 1, ""n"": 98}, {""k"": 1, ""n"": 98}, {""k"": 1, ""n"": 98}, {""k"": 1, ""n"": 98}, {""k"": 1, ""n"": 89}]}, {""constant_lens"": false, ""gain"": 0.25, ""lens"": ""pc1"", ""lens_scaling"": ""standardize"", ""min_cluster_size"": 21, ""min_samples"": 5, ""n_class"": 917, ""n_edges"": 5, ""n_intervals"": 6, ""n_vertices"": 6, ""noise_reassigned"": 981, ""placement"": ""quantile"", ""slabs"": [{""k"": 1, ""n"": 172}, {""k"": 1, ""n"": 191}, {""k"": 1, ""n"": 191}, {""k"": 1, ""n"": 191}, {""k"": 1, ""n"": 191}, {""k"": 1, ""n"": 172}]}, {""constant_lens"": false, ""gain"": 0.25, ""lens"": ""pc1"", ""lens_scaling"": ""standardize"", ""min_cluster_size"": 21, ""min_samples"": 5, ""n_class"": 423, ""n_edges"": 5, ""n_intervals"": 6, ""n_vertices"": 6, ""noise_reassigned"": 380, ""placement"": ""quantile"", ""slabs"": [{""k"": 1, ""n"": 80}, {""k"": 1, ""n"": 88}, {""k"": 1, ""n"": 88}, {""k"": 1, ""n"": 88}, {""k"": 1, ""n"": 88}, {""k"": 1, ""n"": 80}]}, {""constant_lens"": false, ""gain"": 0.25, ""lens"": ""pc1"", ""lens_scaling"": ""standardize"", ""min_cluster_size"": 21, ""min_samples"": 5, ""n_class"": 477, ""n_edges"": 5, ""n_intervals"": 6, ""n_vertices"": 6, ""noise_reassigned"": 422, ""placement"": ""quantile"", ""slabs"": [{""k"": 1, ""n"": 90}, {""k"": 1, ""n"": 99}, {""k"": 1, ""n"": 99}, {""k"": 1, ""n"": 99}, {""k"": 1, ""n"": 99}, {""k"": 1, ""n"": 90}]}, {""constant_lens"": false, ""gain"": 0.25, ""lens"": ""pc1"", ""lens_scaling"": ""standardize"", ""min_cluster_size"": 21, ""min_samples"": 5, ""n_class"": 1018, ""n_edges"": 6, ""n_intervals"": 7, ""n_vertices"": 7, ""noise_reassigned"": 1084, ""placement"": ""quantile"", ""slabs"": [{""k"": 1, ""n"": 164}, {""k"": 1, ""n"": 181}, {""k"": 1, ""n"": 182}, {""k"": 1, ""n"": 182}, {""k"": 1, ""n"": 182}, {""k"": 1, ""n"": 181}, {""k"": 1, ""n"": 164}]}], ""soundness_bound_holds"": true, ""step_rule"": ""scale_free"", ""topology_retention_nerve_to_frozen"": {""beta0_frozen"": 12, ""beta0_nerve"": 6, ""beta1_frozen"": 0, ""beta1_nerve"": 0}}",True
0.8491446345256609,58,False,0.010013812154696133,0.01,,5.410444999986794,5.410444999986794,0.0,satimage,9,,SPINE+Graph,10,58,643,5792,0.9899861878453039,1965713178,False,"{""admission"": {""criterion"": ""risk"", ""removed_risk"": 6, ""removed_support"": 0}, ""betti_final"": [[2, 0], [2, 0], [1, 0], [3, 0], [2, 0], [2, 0]], ""betti_frozen"": [[2, 0], [2, 0], [1, 0], [3, 0], [2, 0], [2, 0]], ""betti_nerve"": [[1, 0], [1, 0], [1, 0], [1, 0], [1, 0], [1, 0]], ""boundary_restriction"": ""both"", ""forced_removals"": 0, ""growth_representation_fallbacks"": 4, ""invariant_held"": true, ""n_segments"": 46, ""n_train_fit"": 4344, ""n_val"": 1448, ""phase0"": [{""constant_lens"": false, ""gain"": 0.25, ""lens"": ""pc1"", ""lens_scaling"": ""standardize"", ""min_cluster_size"": 21, ""min_samples"": 5, ""n_class"": 1034, ""n_edges"": 6, ""n_intervals"": 7, ""n_vertices"": 7, ""noise_reassigned"": 1132, ""placement"": ""uniform"", ""slabs"": [{""k"": 1, ""n"": 80}, {""k"": 1, ""n"": 374}, {""k"": 1, ""n"": 233}, {""k"": 1, ""n"": 191}, {""k"": 1, ""n"": 173}, {""k"": 1, ""n"": 154}, {""k"": 1, ""n"": 76}]}, {""constant_lens"": false, ""gain"": 0.25, ""lens"": ""pc1"", ""lens_scaling"": ""standardize"", ""min_cluster_size"": 21, ""min_samples"": 5, ""n_class"": 475, ""n_edges"": 5, ""n_intervals"": 6, ""n_vertices"": 6, ""noise_reassigned"": 388, ""placement"": ""quantile"", ""slabs"": [{""k"": 1, ""n"": 89}, {""k"": 1, ""n"": 98}, {""k"": 1, ""n"": 98}, {""k"": 1, ""n"": 98}, {""k"": 1, ""n"": 98}, {""k"": 1, ""n"": 89}]}, {""constant_lens"": false, ""gain"": 0.25, ""lens"": ""pc1"", ""lens_scaling"": ""standardize"", ""min_cluster_size"": 21, ""min_samples"": 5, ""n_class"": 917, ""n_edges"": 5, ""n_intervals"": 6, ""n_vertices"": 6, ""noise_reassigned"": 981, ""placement"": ""quantile"", ""slabs"": [{""k"": 1, ""n"": 172}, {""k"": 1, ""n"": 191}, {""k"": 1, ""n"": 191}, {""k"": 1, ""n"": 191}, {""k"": 1, ""n"": 191}, {""k"": 1, ""n"": 172}]}, {""constant_lens"": false, ""gain"": 0.25, ""lens"": ""pc1"", ""lens_scaling"": ""standardize"", ""min_cluster_size"": 21, ""min_samples"": 5, ""n_class"": 423, ""n_edges"": 5, ""n_intervals"": 6, ""n_vertices"": 6, ""noise_reassigned"": 380, ""placement"": ""quantile"", ""slabs"": [{""k"": 1, ""n"": 80}, {""k"": 1, ""n"": 88}, {""k"": 1, ""n"": 88}, {""k"": 1, ""n"": 88}, {""k"": 1, ""n"": 88}, {""k"": 1, ""n"": 80}]}, {""constant_lens"": false, ""gain"": 0.25, ""lens"": ""pc1"", ""lens_scaling"": ""standardize"", ""min_cluster_size"": 21, ""min_samples"": 5, ""n_class"": 477, ""n_edges"": 5, ""n_intervals"": 6, ""n_vertices"": 6, ""noise_reassigned"": 422, ""placement"": ""quantile"", ""slabs"": [{""k"": 1, ""n"": 90}, {""k"": 1, ""n"": 99}, {""k"": 1, ""n"": 99}, {""k"": 1, ""n"": 99}, {""k"": 1, ""n"": 99}, {""k"": 1, ""n"": 90}]}, {""constant_lens"": false, ""gain"": 0.25, ""lens"": ""pc1"", ""lens_scaling"": ""standardize"", ""min_cluster_size"": 21, ""min_samples"": 5, ""n_class"": 1018, ""n_edges"": 6, ""n_intervals"": 7, ""n_vertices"": 7, ""noise_reassigned"": 1084, ""placement"": ""quantile"", ""slabs"": [{""k"": 1, ""n"": 164}, {""k"": 1, ""n"": 181}, {""k"": 1, ""n"": 182}, {""k"": 1, ""n"": 182}, {""k"": 1, ""n"": 182}, {""k"": 1, ""n"": 181}, {""k"": 1, ""n"": 164}]}], ""soundness_bound_holds"": true, ""step_rule"": ""scale_free"", ""topology_retention_nerve_to_frozen"": {""beta0_frozen"": 12, ""beta0_nerve"": 6, ""beta1_frozen"": 0, ""beta1_nerve"": 0}}",True
0.9004665629860031,58,False,0.010013812154696133,0.01,,2.690058999985922,50.94806800002698,48.258009000041056,satimage,9,"{""epsilon"": 0.1, ""window"": 0.3}",LVQ3,10,58,643,5792,0.9899861878453039,1965713178,False,,True
0.8693623639191291,58,False,0.010013812154696133,0.01,"{""0"": 14, ""1"": 6, ""2"": 12, ""3"": 6, ""4"": 6, ""5"": 14}",1.508975000004284,1.508975000004284,0.0,satimage,9,,KMeans,10,58,643,5792,0.9899861878453039,1965713178,False,,True
0.7900466562986003,58,False,0.010013812154696133,0.01,"{""0"": 14, ""1"": 6, ""2"": 12, ""3"": 6, ""4"": 6, ""5"": 14}",0.0013359999866224825,0.0013359999866224825,0.0,satimage,9,,Random,10,58,643,5792,0.9899861878453039,1965713178,False,,True
0.880248833592535,58,False,0.010013812154696133,0.01,,1.8209879999631085,1.8209879999631085,0.0,satimage,9,,SPOT,10,58,643,5792,0.9899861878453039,1965713178,False,,True
0.8693623639191291,58,False,0.010013812154696133,0.01,,10.308232999988832,10.308232999988832,0.0,satimage,9,,GLVQ,10,58,643,5792,0.9899861878453039,1965713178,False,,True
0.880248833592535,58,False,0.010013812154696133,0.01,,1.5884729999816045,1.5884729999816045,0.0,satimage,9,,GNG,10,58,643,5792,0.9899861878453039,1965713178,False,,True
0.9020217729393468,116,False,0.020027624309392266,0.02,,0.00133200001437217,0.00133200001437217,0.0,satimage,9,,Full,10,5792,643,5792,0.0,1965713178,True,,False
0.895800933125972,116,False,0.020027624309392266,0.02,,1.7981520000030287,1.7981520000030287,0.0,satimage,9,,RSP3,10,1539,643,5792,0.7342886740331491,1965713178,True,,False
0.8895800933125972,116,False,0.020027624309392266,0.02,,1.7466140000033192,1.7466140000033192,0.0,satimage,9,,RHC,10,559,643,5792,0.9034875690607734,1965713178,True,,False
0.8538102643856921,116,False,0.020027624309392266,0.02,,5.675599999958649,5.675599999958649,0.0,satimage,9,,SPINE+1NN,10,116,643,5792,0.9799723756906077,1965713178,False,"{""admission"": {""criterion"": ""risk"", ""removed_risk"": 6, ""removed_support"": 0}, ""betti_final"": [[2, 0], [2, 0], [1, 0], [3, 0], [2, 0], [2, 0]], ""betti_frozen"": [[2, 0], [2, 0], [1, 0], [3, 0], [2, 0], [2, 0]], ""betti_nerve"": [[1, 0], [1, 0], [1, 0], [1, 0], [1, 0], [1, 0]], ""boundary_restriction"": ""both"", ""forced_removals"": 0, ""growth_representation_fallbacks"": 30, ""invariant_held"": true, ""n_segments"": 104, ""n_train_fit"": 4344, ""n_val"": 1448, ""phase0"": [{""constant_lens"": false, ""gain"": 0.25, ""lens"": ""pc1"", ""lens_scaling"": ""standardize"", ""min_cluster_size"": 21, ""min_samples"": 5, ""n_class"": 1034, ""n_edges"": 6, ""n_intervals"": 7, ""n_vertices"": 7, ""noise_reassigned"": 1132, ""placement"": ""uniform"", ""slabs"": [{""k"": 1, ""n"": 80}, {""k"": 1, ""n"": 374}, {""k"": 1, ""n"": 233}, {""k"": 1, ""n"": 191}, {""k"": 1, ""n"": 173}, {""k"": 1, ""n"": 154}, {""k"": 1, ""n"": 76}]}, {""constant_lens"": false, ""gain"": 0.25, ""lens"": ""pc1"", ""lens_scaling"": ""standardize"", ""min_cluster_size"": 21, ""min_samples"": 5, ""n_class"": 475, ""n_edges"": 5, ""n_intervals"": 6, ""n_vertices"": 6, ""noise_reassigned"": 388, ""placement"": ""quantile"", ""slabs"": [{""k"": 1, ""n"": 89}, {""k"": 1, ""n"": 98}, {""k"": 1, ""n"": 98}, {""k"": 1, ""n"": 98}, {""k"": 1, ""n"": 98}, {""k"": 1, ""n"": 89}]}, {""constant_lens"": false, ""gain"": 0.25, ""lens"": ""pc1"", ""lens_scaling"": ""standardize"", ""min_cluster_size"": 21, ""min_samples"": 5, ""n_class"": 917, ""n_edges"": 5, ""n_intervals"": 6, ""n_vertices"": 6, ""noise_reassigned"": 981, ""placement"": ""quantile"", ""slabs"": [{""k"": 1, ""n"": 172}, {""k"": 1, ""n"": 191}, {""k"": 1, ""n"": 191}, {""k"": 1, ""n"": 191}, {""k"": 1, ""n"": 191}, {""k"": 1, ""n"": 172}]}, {""constant_lens"": false, ""gain"": 0.25, ""lens"": ""pc1"", ""lens_scaling"": ""standardize"", ""min_cluster_size"": 21, ""min_samples"": 5, ""n_class"": 423, ""n_edges"": 5, ""n_intervals"": 6, ""n_vertices"": 6, ""noise_reassigned"": 380, ""placement"": ""quantile"", ""slabs"": [{""k"": 1, ""n"": 80}, {""k"": 1, ""n"": 88}, {""k"": 1, ""n"": 88}, {""k"": 1, ""n"": 88}, {""k"": 1, ""n"": 88}, {""k"": 1, ""n"": 80}]}, {""constant_lens"": false, ""gain"": 0.25, ""lens"": ""pc1"", ""lens_scaling"": ""standardize"", ""min_cluster_size"": 21, ""min_samples"": 5, ""n_class"": 477, ""n_edges"": 5, ""n_intervals"": 6, ""n_vertices"": 6, ""noise_reassigned"": 422, ""placement"": ""quantile"", ""slabs"": [{""k"": 1, ""n"": 90}, {""k"": 1, ""n"": 99}, {""k"": 1, ""n"": 99}, {""k"": 1, ""n"": 99}, {""k"": 1, ""n"": 99}, {""k"": 1, ""n"": 90}]}, {""constant_lens"": false, ""gain"": 0.25, ""lens"": ""pc1"", ""lens_scaling"": ""standardize"", ""min_cluster_size"": 21, ""min_samples"": 5, ""n_class"": 1018, ""n_edges"": 6, ""n_intervals"": 7, ""n_vertices"": 7, ""noise_reassigned"": 1084, ""placement"": ""quantile"", ""slabs"": [{""k"": 1, ""n"": 164}, {""k"": 1, ""n"": 181}, {""k"": 1, ""n"": 182}, {""k"": 1, ""n"": 182}, {""k"": 1, ""n"": 182}, {""k"": 1, ""n"": 181}, {""k"": 1, ""n"": 164}]}], ""soundness_bound_holds"": true, ""step_rule"": ""scale_free"", ""topology_retention_nerve_to_frozen"": {""beta0_frozen"": 12, ""beta0_nerve"": 6, ""beta1_frozen"": 0, ""beta1_nerve"": 0}}",True
0.8631415241057543,116,False,0.020027624309392266,0.02,,5.675599999958649,5.675599999958649,0.0,satimage,9,,SPINE+Graph,10,116,643,5792,0.9799723756906077,1965713178,False,"{""admission"": {""criterion"": ""risk"", ""removed_risk"": 6, ""removed_support"": 0}, ""betti_final"": [[2, 0], [2, 0], [1, 0], [3, 0], [2, 0], [2, 0]], ""betti_frozen"": [[2, 0], [2, 0], [1, 0], [3, 0], [2, 0], [2, 0]], ""betti_nerve"": [[1, 0], [1, 0], [1, 0], [1, 0], [1, 0], [1, 0]], ""boundary_restriction"": ""both"", ""forced_removals"": 0, ""growth_representation_fallbacks"": 30, ""invariant_held"": true, ""n_segments"": 104, ""n_train_fit"": 4344, ""n_val"": 1448, ""phase0"": [{""constant_lens"": false, ""gain"": 0.25, ""lens"": ""pc1"", ""lens_scaling"": ""standardize"", ""min_cluster_size"": 21, ""min_samples"": 5, ""n_class"": 1034, ""n_edges"": 6, ""n_intervals"": 7, ""n_vertices"": 7, ""noise_reassigned"": 1132, ""placement"": ""uniform"", ""slabs"": [{""k"": 1, ""n"": 80}, {""k"": 1, ""n"": 374}, {""k"": 1, ""n"": 233}, {""k"": 1, ""n"": 191}, {""k"": 1, ""n"": 173}, {""k"": 1, ""n"": 154}, {""k"": 1, ""n"": 76}]}, {""constant_lens"": false, ""gain"": 0.25, ""lens"": ""pc1"", ""lens_scaling"": ""standardize"", ""min_cluster_size"": 21, ""min_samples"": 5, ""n_class"": 475, ""n_edges"": 5, ""n_intervals"": 6, ""n_vertices"": 6, ""noise_reassigned"": 388, ""placement"": ""quantile"", ""slabs"": [{""k"": 1, ""n"": 89}, {""k"": 1, ""n"": 98}, {""k"": 1, ""n"": 98}, {""k"": 1, ""n"": 98}, {""k"": 1, ""n"": 98}, {""k"": 1, ""n"": 89}]}, {""constant_lens"": false, ""gain"": 0.25, ""lens"": ""pc1"", ""lens_scaling"": ""standardize"", ""min_cluster_size"": 21, ""min_samples"": 5, ""n_class"": 917, ""n_edges"": 5, ""n_intervals"": 6, ""n_vertices"": 6, ""noise_reassigned"": 981, ""placement"": ""quantile"", ""slabs"": [{""k"": 1, ""n"": 172}, {""k"": 1, ""n"": 191}, {""k"": 1, ""n"": 191}, {""k"": 1, ""n"": 191}, {""k"": 1, ""n"": 191}, {""k"": 1, ""n"": 172}]}, {""constant_lens"": false, ""gain"": 0.25, ""lens"": ""pc1"", ""lens_scaling"": ""standardize"", ""min_cluster_size"": 21, ""min_samples"": 5, ""n_class"": 423, ""n_edges"": 5, ""n_intervals"": 6, ""n_vertices"": 6, ""noise_reassigned"": 380, ""placement"": ""quantile"", ""slabs"": [{""k"": 1, ""n"": 80}, {""k"": 1, ""n"": 88}, {""k"": 1, ""n"": 88}, {""k"": 1, ""n"": 88}, {""k"": 1, ""n"": 88}, {""k"": 1, ""n"": 80}]}, {""constant_lens"": false, ""gain"": 0.25, ""lens"": ""pc1"", ""lens_scaling"": ""standardize"", ""min_cluster_size"": 21, ""min_samples"": 5, ""n_class"": 477, ""n_edges"": 5, ""n_intervals"": 6, ""n_vertices"": 6, ""noise_reassigned"": 422, ""placement"": ""quantile"", ""slabs"": [{""k"": 1, ""n"": 90}, {""k"": 1, ""n"": 99}, {""k"": 1, ""n"": 99}, {""k"": 1, ""n"": 99}, {""k"": 1, ""n"": 99}, {""k"": 1, ""n"": 90}]}, {""constant_lens"": false, ""gain"": 0.25, ""lens"": ""pc1"", ""lens_scaling"": ""standardize"", ""min_cluster_size"": 21, ""min_samples"": 5, ""n_class"": 1018, ""n_edges"": 6, ""n_intervals"": 7, ""n_vertices"": 7, ""noise_reassigned"": 1084, ""placement"": ""quantile"", ""slabs"": [{""k"": 1, ""n"": 164}, {""k"": 1, ""n"": 181}, {""k"": 1, ""n"": 182}, {""k"": 1, ""n"": 182}, {""k"": 1, ""n"": 182}, {""k"": 1, ""n"": 181}, {""k"": 1, ""n"": 164}]}], ""soundness_bound_holds"": true, ""step_rule"": ""scale_free"", ""topology_retention_nerve_to_frozen"": {""beta0_frozen"": 12, ""beta0_nerve"": 6, ""beta1_frozen"": 0, ""beta1_nerve"": 0}}",True
0.8989113530326595,116,False,0.020027624309392266,0.02,,3.4933290000190027,65.62460000003921,62.131271000020206,satimage,9,"{""epsilon"": 0.1, ""window"": 0.2}",LVQ3,10,116,643,5792,0.9799723756906077,1965713178,False,,True
0.8740279937791602,116,False,0.020027624309392266,0.02,"{""0"": 28, ""1"": 13, ""2"": 24, ""3"": 11, ""4"": 13, ""5"": 27}",1.9091970000299625,1.9091970000299625,0.0,satimage,9,,KMeans,10,116,643,5792,0.9799723756906077,1965713178,False,,True
0.8429237947122862,116,False,0.020027624309392266,0.02,"{""0"": 28, ""1"": 13, ""2"": 24, ""3"": 11, ""4"": 13, ""5"": 27}",0.0015030000358819962,0.0015030000358819962,0.0,satimage,9,,Random,10,116,643,5792,0.9799723756906077,1965713178,False,,True
0.8911353032659409,116,False,0.020027624309392266,0.02,,1.830946000001859,1.830946000001859,0.0,satimage,9,,SPOT,10,116,643,5792,0.9799723756906077,1965713178,False,,True
0.8724727838258165,116,False,0.020027624309392266,0.02,,17.4303100000252,17.4303100000252,0.0,satimage,9,,GLVQ,10,116,643,5792,0.9799723756906077,1965713178,False,,True
0.8755832037325039,116,False,0.020027624309392266,0.02,,1.9803020000108518,1.9803020000108518,0.0,satimage,9,,GNG,10,116,643,5792,0.9799723756906077,1965713178,False,,True
0.9020217729393468,290,False,0.05006906077348066,0.05,,0.00133200001437217,0.00133200001437217,0.0,satimage,9,,Full,10,5792,643,5792,0.0,1965713178,True,,False
0.895800933125972,290,False,0.05006906077348066,0.05,,1.7981520000030287,1.7981520000030287,0.0,satimage,9,,RSP3,10,1539,643,5792,0.7342886740331491,1965713178,True,,False
0.8895800933125972,290,False,0.05006906077348066,0.05,,1.7466140000033192,1.7466140000033192,0.0,satimage,9,,RHC,10,559,643,5792,0.9034875690607734,1965713178,True,,False
0.8771384136858476,290,False,0.05006906077348066,0.05,,6.990313999995124,6.990313999995124,0.0,satimage,9,,SPINE+1NN,10,290,643,5792,0.9499309392265194,1965713178,False,"{""admission"": {""criterion"": ""risk"", ""removed_risk"": 6, ""removed_support"": 0}, ""betti_final"": [[2, 0], [2, 0], [1, 0], [3, 0], [2, 0], [2, 0]], ""betti_frozen"": [[2, 0], [2, 0], [1, 0], [3, 0], [2, 0], [2, 0]], ""betti_nerve"": [[1, 0], [1, 0], [1, 0], [1, 0], [1, 0], [1, 0]], ""boundary_restriction"": ""both"", ""forced_removals"": 0, ""growth_representation_fallbacks"": 147, ""invariant_held"": true, ""n_segments"": 278, ""n_train_fit"": 4344, ""n_val"": 1448, ""phase0"": [{""constant_lens"": false, ""gain"": 0.25, ""lens"": ""pc1"", ""lens_scaling"": ""standardize"", ""min_cluster_size"": 21, ""min_samples"": 5, ""n_class"": 1034, ""n_edges"": 6, ""n_intervals"": 7, ""n_vertices"": 7, ""noise_reassigned"": 1132, ""placement"": ""uniform"", ""slabs"": [{""k"": 1, ""n"": 80}, {""k"": 1, ""n"": 374}, {""k"": 1, ""n"": 233}, {""k"": 1, ""n"": 191}, {""k"": 1, ""n"": 173}, {""k"": 1, ""n"": 154}, {""k"": 1, ""n"": 76}]}, {""constant_lens"": false, ""gain"": 0.25, ""lens"": ""pc1"", ""lens_scaling"": ""standardize"", ""min_cluster_size"": 21, ""min_samples"": 5, ""n_class"": 475, ""n_edges"": 5, ""n_intervals"": 6, ""n_vertices"": 6, ""noise_reassigned"": 388, ""placement"": ""quantile"", ""slabs"": [{""k"": 1, ""n"": 89}, {""k"": 1, ""n"": 98}, {""k"": 1, ""n"": 98}, {""k"": 1, ""n"": 98}, {""k"": 1, ""n"": 98}, {""k"": 1, ""n"": 89}]}, {""constant_lens"": false, ""gain"": 0.25, ""lens"": ""pc1"", ""lens_scaling"": ""standardize"", ""min_cluster_size"": 21, ""min_samples"": 5, ""n_class"": 917, ""n_edges"": 5, ""n_intervals"": 6, ""n_vertices"": 6, ""noise_reassigned"": 981, ""placement"": ""quantile"", ""slabs"": [{""k"": 1, ""n"": 172}, {""k"": 1, ""n"": 191}, {""k"": 1, ""n"": 191}, {""k"": 1, ""n"": 191}, {""k"": 1, ""n"": 191}, {""k"": 1, ""n"": 172}]}, {""constant_lens"": false, ""gain"": 0.25, ""lens"": ""pc1"", ""lens_scaling"": ""standardize"", ""min_cluster_size"": 21, ""min_samples"": 5, ""n_class"": 423, ""n_edges"": 5, ""n_intervals"": 6, ""n_vertices"": 6, ""noise_reassigned"": 380, ""placement"": ""quantile"", ""slabs"": [{""k"": 1, ""n"": 80}, {""k"": 1, ""n"": 88}, {""k"": 1, ""n"": 88}, {""k"": 1, ""n"": 88}, {""k"": 1, ""n"": 88}, {""k"": 1, ""n"": 80}]}, {""constant_lens"": false, ""gain"": 0.25, ""lens"": ""pc1"", ""lens_scaling"": ""standardize"", ""min_cluster_size"": 21, ""min_samples"": 5, ""n_class"": 477, ""n_edges"": 5, ""n_intervals"": 6, ""n_vertices"": 6, ""noise_reassigned"": 422, ""placement"": ""quantile"", ""slabs"": [{""k"": 1, ""n"": 90}, {""k"": 1, ""n"": 99}, {""k"": 1, ""n"": 99}, {""k"": 1, ""n"": 99}, {""k"": 1, ""n"": 99}, {""k"": 1, ""n"": 90}]}, {""constant_lens"": false, ""gain"": 0.25, ""lens"": ""pc1"", ""lens_scaling"": ""standardize"", ""min_cluster_size"": 21, ""min_samples"": 5, ""n_class"": 1018, ""n_edges"": 6, ""n_intervals"": 7, ""n_vertices"": 7, ""noise_reassigned"": 1084, ""placement"": ""quantile"", ""slabs"": [{""k"": 1, ""n"": 164}, {""k"": 1, ""n"": 181}, {""k"": 1, ""n"": 182}, {""k"": 1, ""n"": 182}, {""k"": 1, ""n"": 182}, {""k"": 1, ""n"": 181}, {""k"": 1, ""n"": 164}]}], ""soundness_bound_holds"": true, ""step_rule"": ""scale_free"", ""topology_retention_nerve_to_frozen"": {""beta0_frozen"": 12, ""beta0_nerve"": 6, ""beta1_frozen"": 0, ""beta1_nerve"": 0}}",True
0.8880248833592534,290,False,0.05006906077348066,0.05,,6.990313999995124,6.990313999995124,0.0,satimage,9,,SPINE+Graph,10,290,643,5792,0.9499309392265194,1965713178,False,"{""admission"": {""criterion"": ""risk"", ""removed_risk"": 6, ""removed_support"": 0}, ""betti_final"": [[2, 0], [2, 0], [1, 0], [3, 0], [2, 0], [2, 0]], ""betti_frozen"": [[2, 0], [2, 0], [1, 0], [3, 0], [2, 0], [2, 0]], ""betti_nerve"": [[1, 0], [1, 0], [1, 0], [1, 0], [1, 0], [1, 0]], ""boundary_restriction"": ""both"", ""forced_removals"": 0, ""growth_representation_fallbacks"": 147, ""invariant_held"": true, ""n_segments"": 278, ""n_train_fit"": 4344, ""n_val"": 1448, ""phase0"": [{""constant_lens"": false, ""gain"": 0.25, ""lens"": ""pc1"", ""lens_scaling"": ""standardize"", ""min_cluster_size"": 21, ""min_samples"": 5, ""n_class"": 1034, ""n_edges"": 6, ""n_intervals"": 7, ""n_vertices"": 7, ""noise_reassigned"": 1132, ""placement"": ""uniform"", ""slabs"": [{""k"": 1, ""n"": 80}, {""k"": 1, ""n"": 374}, {""k"": 1, ""n"": 233}, {""k"": 1, ""n"": 191}, {""k"": 1, ""n"": 173}, {""k"": 1, ""n"": 154}, {""k"": 1, ""n"": 76}]}, {""constant_lens"": false, ""gain"": 0.25, ""lens"": ""pc1"", ""lens_scaling"": ""standardize"", ""min_cluster_size"": 21, ""min_samples"": 5, ""n_class"": 475, ""n_edges"": 5, ""n_intervals"": 6, ""n_vertices"": 6, ""noise_reassigned"": 388, ""placement"": ""quantile"", ""slabs"": [{""k"": 1, ""n"": 89}, {""k"": 1, ""n"": 98}, {""k"": 1, ""n"": 98}, {""k"": 1, ""n"": 98}, {""k"": 1, ""n"": 98}, {""k"": 1, ""n"": 89}]}, {""constant_lens"": false, ""gain"": 0.25, ""lens"": ""pc1"", ""lens_scaling"": ""standardize"", ""min_cluster_size"": 21, ""min_samples"": 5, ""n_class"": 917, ""n_edges"": 5, ""n_intervals"": 6, ""n_vertices"": 6, ""noise_reassigned"": 981, ""placement"": ""quantile"", ""slabs"": [{""k"": 1, ""n"": 172}, {""k"": 1, ""n"": 191}, {""k"": 1, ""n"": 191}, {""k"": 1, ""n"": 191}, {""k"": 1, ""n"": 191}, {""k"": 1, ""n"": 172}]}, {""constant_lens"": false, ""gain"": 0.25, ""lens"": ""pc1"", ""lens_scaling"": ""standardize"", ""min_cluster_size"": 21, ""min_samples"": 5, ""n_class"": 423, ""n_edges"": 5, ""n_intervals"": 6, ""n_vertices"": 6, ""noise_reassigned"": 380, ""placement"": ""quantile"", ""slabs"": [{""k"": 1, ""n"": 80}, {""k"": 1, ""n"": 88}, {""k"": 1, ""n"": 88}, {""k"": 1, ""n"": 88}, {""k"": 1, ""n"": 88}, {""k"": 1, ""n"": 80}]}, {""constant_lens"": false, ""gain"": 0.25, ""lens"": ""pc1"", ""lens_scaling"": ""standardize"", ""min_cluster_size"": 21, ""min_samples"": 5, ""n_class"": 477, ""n_edges"": 5, ""n_intervals"": 6, ""n_vertices"": 6, ""noise_reassigned"": 422, ""placement"": ""quantile"", ""slabs"": [{""k"": 1, ""n"": 90}, {""k"": 1, ""n"": 99}, {""k"": 1, ""n"": 99}, {""k"": 1, ""n"": 99}, {""k"": 1, ""n"": 99}, {""k"": 1, ""n"": 90}]}, {""constant_lens"": false, ""gain"": 0.25, ""lens"": ""pc1"", ""lens_scaling"": ""standardize"", ""min_cluster_size"": 21, ""min_samples"": 5, ""n_class"": 1018, ""n_edges"": 6, ""n_intervals"": 7, ""n_vertices"": 7, ""noise_reassigned"": 1084, ""placement"": ""quantile"", ""slabs"": [{""k"": 1, ""n"": 164}, {""k"": 1, ""n"": 181}, {""k"": 1, ""n"": 182}, {""k"": 1, ""n"": 182}, {""k"": 1, ""n"": 182}, {""k"": 1, ""n"": 181}, {""k"": 1, ""n"": 164}]}], ""soundness_bound_holds"": true, ""step_rule"": ""scale_free"", ""topology_retention_nerve_to_frozen"": {""beta0_frozen"": 12, ""beta0_nerve"": 6, ""beta1_frozen"": 0, ""beta1_nerve"": 0}}",True
0.9035769828926905,290,False,0.05006906077348066,0.05,,5.026344000012614,90.25370100000873,85.22735699999612,satimage,9,"{""epsilon"": 0.1, ""window"": 0.3}",LVQ3,10,290,643,5792,0.9499309392265194,1965713178,False,,True
0.8786936236391913,290,False,0.05006906077348066,0.05,"{""0"": 69, ""1"": 32, ""2"": 61, ""3"": 28, ""4"": 32, ""5"": 68}",3.303446000034455,3.303446000034455,0.0,satimage,9,,KMeans,10,290,643,5792,0.9499309392265194,1965713178,False,,True
0.8600311041990669,290,False,0.05006906077348066,0.05,"{""0"": 69, ""1"": 32, ""2"": 61, ""3"": 28, ""4"": 32, ""5"": 68}",0.0017729999963194132,0.0017729999963194132,0.0,satimage,9,,Random,10,290,643,5792,0.9499309392265194,1965713178,False,,True
0.8942457231726283,290,False,0.05006906077348066,0.05,,1.9876430000294931,1.9876430000294931,0.0,satimage,9,,SPOT,10,290,643,5792,0.9499309392265194,1965713178,False,,True
0.8740279937791602,290,False,0.05006906077348066,0.05,,38.86502800002927,38.86502800002927,0.0,satimage,9,,GLVQ,10,290,643,5792,0.9499309392265194,1965713178,False,,True
0.8833592534992224,290,False,0.05006906077348066,0.05,,3.8081399999791756,3.8081399999791756,0.0,satimage,9,,GNG,10,290,643,5792,0.9499309392265194,1965713178,False,,True
0.9020217729393468,579,False,0.09996546961325967,0.1,,0.00133200001437217,0.00133200001437217,0.0,satimage,9,,Full,10,5792,643,5792,0.0,1965713178,True,,False
0.895800933125972,579,False,0.09996546961325967,0.1,,1.7981520000030287,1.7981520000030287,0.0,satimage,9,,RSP3,10,1539,643,5792,0.7342886740331491,1965713178,True,,False
0.8895800933125972,579,False,0.09996546961325967,0.1,,1.7466140000033192,1.7466140000033192,0.0,satimage,9,,RHC,10,559,643,5792,0.9034875690607734,1965713178,True,,False
0.8926905132192846,579,False,0.09996546961325967,0.1,,11.199235999956727,11.199235999956727,0.0,satimage,9,,SPINE+1NN,10,579,643,5792,0.9000345303867403,1965713178,False,"{""admission"": {""criterion"": ""risk"", ""removed_risk"": 6, ""removed_support"": 0}, ""betti_final"": [[2, 0], [2, 0], [1, 0], [3, 0], [2, 0], [2, 0]], ""betti_frozen"": [[2, 0], [2, 0], [1, 0], [3, 0], [2, 0], [2, 0]], ""betti_nerve"": [[1, 0], [1, 0], [1, 0], [1, 0], [1, 0], [1, 0]], ""boundary_restriction"": ""both"", ""forced_removals"": 0, ""growth_representation_fallbacks"": 421, ""invariant_held"": true, ""n_segments"": 567, ""n_train_fit"": 4344, ""n_val"": 1448, ""phase0"": [{""constant_lens"": false, ""gain"": 0.25, ""lens"": ""pc1"", ""lens_scaling"": ""standardize"", ""min_cluster_size"": 21, ""min_samples"": 5, ""n_class"": 1034, ""n_edges"": 6, ""n_intervals"": 7, ""n_vertices"": 7, ""noise_reassigned"": 1132, ""placement"": ""uniform"", ""slabs"": [{""k"": 1, ""n"": 80}, {""k"": 1, ""n"": 374}, {""k"": 1, ""n"": 233}, {""k"": 1, ""n"": 191}, {""k"": 1, ""n"": 173}, {""k"": 1, ""n"": 154}, {""k"": 1, ""n"": 76}]}, {""constant_lens"": false, ""gain"": 0.25, ""lens"": ""pc1"", ""lens_scaling"": ""standardize"", ""min_cluster_size"": 21, ""min_samples"": 5, ""n_class"": 475, ""n_edges"": 5, ""n_intervals"": 6, ""n_vertices"": 6, ""noise_reassigned"": 388, ""placement"": ""quantile"", ""slabs"": [{""k"": 1, ""n"": 89}, {""k"": 1, ""n"": 98}, {""k"": 1, ""n"": 98}, {""k"": 1, ""n"": 98}, {""k"": 1, ""n"": 98}, {""k"": 1, ""n"": 89}]}, {""constant_lens"": false, ""gain"": 0.25, ""lens"": ""pc1"", ""lens_scaling"": ""standardize"", ""min_cluster_size"": 21, ""min_samples"": 5, ""n_class"": 917, ""n_edges"": 5, ""n_intervals"": 6, ""n_vertices"": 6, ""noise_reassigned"": 981, ""placement"": ""quantile"", ""slabs"": [{""k"": 1, ""n"": 172}, {""k"": 1, ""n"": 191}, {""k"": 1, ""n"": 191}, {""k"": 1, ""n"": 191}, {""k"": 1, ""n"": 191}, {""k"": 1, ""n"": 172}]}, {""constant_lens"": false, ""gain"": 0.25, ""lens"": ""pc1"", ""lens_scaling"": ""standardize"", ""min_cluster_size"": 21, ""min_samples"": 5, ""n_class"": 423, ""n_edges"": 5, ""n_intervals"": 6, ""n_vertices"": 6, ""noise_reassigned"": 380, ""placement"": ""quantile"", ""slabs"": [{""k"": 1, ""n"": 80}, {""k"": 1, ""n"": 88}, {""k"": 1, ""n"": 88}, {""k"": 1, ""n"": 88}, {""k"": 1, ""n"": 88}, {""k"": 1, ""n"": 80}]}, {""constant_lens"": false, ""gain"": 0.25, ""lens"": ""pc1"", ""lens_scaling"": ""standardize"", ""min_cluster_size"": 21, ""min_samples"": 5, ""n_class"": 477, ""n_edges"": 5, ""n_intervals"": 6, ""n_vertices"": 6, ""noise_reassigned"": 422, ""placement"": ""quantile"", ""slabs"": [{""k"": 1, ""n"": 90}, {""k"": 1, ""n"": 99}, {""k"": 1, ""n"": 99}, {""k"": 1, ""n"": 99}, {""k"": 1, ""n"": 99}, {""k"": 1, ""n"": 90}]}, {""constant_lens"": false, ""gain"": 0.25, ""lens"": ""pc1"", ""lens_scaling"": ""standardize"", ""min_cluster_size"": 21, ""min_samples"": 5, ""n_class"": 1018, ""n_edges"": 6, ""n_intervals"": 7, ""n_vertices"": 7, ""noise_reassigned"": 1084, ""placement"": ""quantile"", ""slabs"": [{""k"": 1, ""n"": 164}, {""k"": 1, ""n"": 181}, {""k"": 1, ""n"": 182}, {""k"": 1, ""n"": 182}, {""k"": 1, ""n"": 182}, {""k"": 1, ""n"": 181}, {""k"": 1, ""n"": 164}]}], ""soundness_bound_holds"": true, ""step_rule"": ""scale_free"", ""topology_retention_nerve_to_frozen"": {""beta0_frozen"": 12, ""beta0_nerve"": 6, ""beta1_frozen"": 0, ""beta1_nerve"": 0}}",True
0.9020217729393468,579,False,0.09996546961325967,0.1,,11.199235999956727,11.199235999956727,0.0,satimage,9,,SPINE+Graph,10,579,643,5792,0.9000345303867403,1965713178,False,"{""admission"": {""criterion"": ""risk"", ""removed_risk"": 6, ""removed_support"": 0}, ""betti_final"": [[2, 0], [2, 0], [1, 0], [3, 0], [2, 0], [2, 0]], ""betti_frozen"": [[2, 0], [2, 0], [1, 0], [3, 0], [2, 0], [2, 0]], ""betti_nerve"": [[1, 0], [1, 0], [1, 0], [1, 0], [1, 0], [1, 0]], ""boundary_restriction"": ""both"", ""forced_removals"": 0, ""growth_representation_fallbacks"": 421, ""invariant_held"": true, ""n_segments"": 567, ""n_train_fit"": 4344, ""n_val"": 1448, ""phase0"": [{""constant_lens"": false, ""gain"": 0.25, ""lens"": ""pc1"", ""lens_scaling"": ""standardize"", ""min_cluster_size"": 21, ""min_samples"": 5, ""n_class"": 1034, ""n_edges"": 6, ""n_intervals"": 7, ""n_vertices"": 7, ""noise_reassigned"": 1132, ""placement"": ""uniform"", ""slabs"": [{""k"": 1, ""n"": 80}, {""k"": 1, ""n"": 374}, {""k"": 1, ""n"": 233}, {""k"": 1, ""n"": 191}, {""k"": 1, ""n"": 173}, {""k"": 1, ""n"": 154}, {""k"": 1, ""n"": 76}]}, {""constant_lens"": false, ""gain"": 0.25, ""lens"": ""pc1"", ""lens_scaling"": ""standardize"", ""min_cluster_size"": 21, ""min_samples"": 5, ""n_class"": 475, ""n_edges"": 5, ""n_intervals"": 6, ""n_vertices"": 6, ""noise_reassigned"": 388, ""placement"": ""quantile"", ""slabs"": [{""k"": 1, ""n"": 89}, {""k"": 1, ""n"": 98}, {""k"": 1, ""n"": 98}, {""k"": 1, ""n"": 98}, {""k"": 1, ""n"": 98}, {""k"": 1, ""n"": 89}]}, {""constant_lens"": false, ""gain"": 0.25, ""lens"": ""pc1"", ""lens_scaling"": ""standardize"", ""min_cluster_size"": 21, ""min_samples"": 5, ""n_class"": 917, ""n_edges"": 5, ""n_intervals"": 6, ""n_vertices"": 6, ""noise_reassigned"": 981, ""placement"": ""quantile"", ""slabs"": [{""k"": 1, ""n"": 172}, {""k"": 1, ""n"": 191}, {""k"": 1, ""n"": 191}, {""k"": 1, ""n"": 191}, {""k"": 1, ""n"": 191}, {""k"": 1, ""n"": 172}]}, {""constant_lens"": false, ""gain"": 0.25, ""lens"": ""pc1"", ""lens_scaling"": ""standardize"", ""min_cluster_size"": 21, ""min_samples"": 5, ""n_class"": 423, ""n_edges"": 5, ""n_intervals"": 6, ""n_vertices"": 6, ""noise_reassigned"": 380, ""placement"": ""quantile"", ""slabs"": [{""k"": 1, ""n"": 80}, {""k"": 1, ""n"": 88}, {""k"": 1, ""n"": 88}, {""k"": 1, ""n"": 88}, {""k"": 1, ""n"": 88}, {""k"": 1, ""n"": 80}]}, {""constant_lens"": false, ""gain"": 0.25, ""lens"": ""pc1"", ""lens_scaling"": ""standardize"", ""min_cluster_size"": 21, ""min_samples"": 5, ""n_class"": 477, ""n_edges"": 5, ""n_intervals"": 6, ""n_vertices"": 6, ""noise_reassigned"": 422, ""placement"": ""quantile"", ""slabs"": [{""k"": 1, ""n"": 90}, {""k"": 1, ""n"": 99}, {""k"": 1, ""n"": 99}, {""k"": 1, ""n"": 99}, {""k"": 1, ""n"": 99}, {""k"": 1, ""n"": 90}]}, {""constant_lens"": false, ""gain"": 0.25, ""lens"": ""pc1"", ""lens_scaling"": ""standardize"", ""min_cluster_size"": 21, ""min_samples"": 5, ""n_class"": 1018, ""n_edges"": 6, ""n_intervals"": 7, ""n_vertices"": 7, ""noise_reassigned"": 1084, ""placement"": ""quantile"", ""slabs"": [{""k"": 1, ""n"": 164}, {""k"": 1, ""n"": 181}, {""k"": 1, ""n"": 182}, {""k"": 1, ""n"": 182}, {""k"": 1, ""n"": 182}, {""k"": 1, ""n"": 181}, {""k"": 1, ""n"": 164}]}], ""soundness_bound_holds"": true, ""step_rule"": ""scale_free"", ""topology_retention_nerve_to_frozen"": {""beta0_frozen"": 12, ""beta0_nerve"": 6, ""beta1_frozen"": 0, ""beta1_nerve"": 0}}",True
0.895800933125972,579,False,0.09996546961325967,0.1,,7.477272999996785,130.83642199996393,123.35914899996715,satimage,9,"{""epsilon"": 0.1, ""window"": 0.2}",LVQ3,10,579,643,5792,0.9000345303867403,1965713178,False,,True
0.8849144634525661,579,False,0.09996546961325967,0.1,"{""0"": 138, ""1"": 63, ""2"": 122, ""3"": 56, ""4"": 64, ""5"": 136}",4.956427000055555,4.956427000055555,0.0,satimage,9,,KMeans,10,579,643,5792,0.9000345303867403,1965713178,False,,True
0.8429237947122862,579,False,0.09996546961325967,0.1,"{""0"": 138, ""1"": 63, ""2"": 122, ""3"": 56, ""4"": 64, ""5"": 136}",0.002011000004131347,0.002011000004131347,0.0,satimage,9,,Random,10,579,643,5792,0.9000345303867403,1965713178,False,,True
0.8849144634525661,579,False,0.09996546961325967,0.1,,2.017249000025913,2.017249000025913,0.0,satimage,9,,SPOT,10,579,643,5792,0.9000345303867403,1965713178,False,,True
0.8724727838258165,579,False,0.09996546961325967,0.1,,74.72830499999691,74.72830499999691,0.0,satimage,9,,GLVQ,10,579,643,5792,0.9000345303867403,1965713178,False,,True
0.8989113530326595,579,False,0.09996546961325967,0.1,,9.194508999993559,9.194508999993559,0.0,satimage,9,,GNG,10,579,643,5792,0.9000345303867403,1965713178,False,,True
0.9020217729393468,1448,False,0.25,0.25,,0.00133200001437217,0.00133200001437217,0.0,satimage,9,,Full,10,5792,643,5792,0.0,1965713178,True,,False
0.895800933125972,1448,False,0.25,0.25,,1.7981520000030287,1.7981520000030287,0.0,satimage,9,,RSP3,10,1539,643,5792,0.7342886740331491,1965713178,True,,False
0.8895800933125972,1448,False,0.25,0.25,,1.7466140000033192,1.7466140000033192,0.0,satimage,9,,RHC,10,559,643,5792,0.9034875690607734,1965713178,True,,False
0.9129082426127527,1448,False,0.25,0.25,,37.39008799998555,37.39008799998555,0.0,satimage,9,,SPINE+1NN,10,1448,643,5792,0.75,1965713178,False,"{""admission"": {""criterion"": ""risk"", ""removed_risk"": 6, ""removed_support"": 0}, ""betti_final"": [[2, 0], [2, 0], [1, 0], [3, 0], [2, 0], [2, 0]], ""betti_frozen"": [[2, 0], [2, 0], [1, 0], [3, 0], [2, 0], [2, 0]], ""betti_nerve"": [[1, 0], [1, 0], [1, 0], [1, 0], [1, 0], [1, 0]], ""boundary_restriction"": ""both"", ""forced_removals"": 0, ""growth_representation_fallbacks"": 1421, ""invariant_held"": true, ""n_segments"": 1436, ""n_train_fit"": 4344, ""n_val"": 1448, ""phase0"": [{""constant_lens"": false, ""gain"": 0.25, ""lens"": ""pc1"", ""lens_scaling"": ""standardize"", ""min_cluster_size"": 21, ""min_samples"": 5, ""n_class"": 1034, ""n_edges"": 6, ""n_intervals"": 7, ""n_vertices"": 7, ""noise_reassigned"": 1132, ""placement"": ""uniform"", ""slabs"": [{""k"": 1, ""n"": 80}, {""k"": 1, ""n"": 374}, {""k"": 1, ""n"": 233}, {""k"": 1, ""n"": 191}, {""k"": 1, ""n"": 173}, {""k"": 1, ""n"": 154}, {""k"": 1, ""n"": 76}]}, {""constant_lens"": false, ""gain"": 0.25, ""lens"": ""pc1"", ""lens_scaling"": ""standardize"", ""min_cluster_size"": 21, ""min_samples"": 5, ""n_class"": 475, ""n_edges"": 5, ""n_intervals"": 6, ""n_vertices"": 6, ""noise_reassigned"": 388, ""placement"": ""quantile"", ""slabs"": [{""k"": 1, ""n"": 89}, {""k"": 1, ""n"": 98}, {""k"": 1, ""n"": 98}, {""k"": 1, ""n"": 98}, {""k"": 1, ""n"": 98}, {""k"": 1, ""n"": 89}]}, {""constant_lens"": false, ""gain"": 0.25, ""lens"": ""pc1"", ""lens_scaling"": ""standardize"", ""min_cluster_size"": 21, ""min_samples"": 5, ""n_class"": 917, ""n_edges"": 5, ""n_intervals"": 6, ""n_vertices"": 6, ""noise_reassigned"": 981, ""placement"": ""quantile"", ""slabs"": [{""k"": 1, ""n"": 172}, {""k"": 1, ""n"": 191}, {""k"": 1, ""n"": 191}, {""k"": 1, ""n"": 191}, {""k"": 1, ""n"": 191}, {""k"": 1, ""n"": 172}]}, {""constant_lens"": false, ""gain"": 0.25, ""lens"": ""pc1"", ""lens_scaling"": ""standardize"", ""min_cluster_size"": 21, ""min_samples"": 5, ""n_class"": 423, ""n_edges"": 5, ""n_intervals"": 6, ""n_vertices"": 6, ""noise_reassigned"": 380, ""placement"": ""quantile"", ""slabs"": [{""k"": 1, ""n"": 80}, {""k"": 1, ""n"": 88}, {""k"": 1, ""n"": 88}, {""k"": 1, ""n"": 88}, {""k"": 1, ""n"": 88}, {""k"": 1, ""n"": 80}]}, {""constant_lens"": false, ""gain"": 0.25, ""lens"": ""pc1"", ""lens_scaling"": ""standardize"", ""min_cluster_size"": 21, ""min_samples"": 5, ""n_class"": 477, ""n_edges"": 5, ""n_intervals"": 6, ""n_vertices"": 6, ""noise_reassigned"": 422, ""placement"": ""quantile"", ""slabs"": [{""k"": 1, ""n"": 90}, {""k"": 1, ""n"": 99}, {""k"": 1, ""n"": 99}, {""k"": 1, ""n"": 99}, {""k"": 1, ""n"": 99}, {""k"": 1, ""n"": 90}]}, {""constant_lens"": false, ""gain"": 0.25, ""lens"": ""pc1"", ""lens_scaling"": ""standardize"", ""min_cluster_size"": 21, ""min_samples"": 5, ""n_class"": 1018, ""n_edges"": 6, ""n_intervals"": 7, ""n_vertices"": 7, ""noise_reassigned"": 1084, ""placement"": ""quantile"", ""slabs"": [{""k"": 1, ""n"": 164}, {""k"": 1, ""n"": 181}, {""k"": 1, ""n"": 182}, {""k"": 1, ""n"": 182}, {""k"": 1, ""n"": 182}, {""k"": 1, ""n"": 181}, {""k"": 1, ""n"": 164}]}], ""soundness_bound_holds"": true, ""step_rule"": ""scale_free"", ""topology_retention_nerve_to_frozen"": {""beta0_frozen"": 12, ""beta0_nerve"": 6, ""beta1_frozen"": 0, ""beta1_nerve"": 0}}",True
0.9129082426127527,1448,False,0.25,0.25,,37.39008799998555,37.39008799998555,0.0,satimage,9,,SPINE+Graph,10,1448,643,5792,0.75,1965713178,False,"{""admission"": {""criterion"": ""risk"", ""removed_risk"": 6, ""removed_support"": 0}, ""betti_final"": [[2, 0], [2, 0], [1, 0], [3, 0], [2, 0], [2, 0]], ""betti_frozen"": [[2, 0], [2, 0], [1, 0], [3, 0], [2, 0], [2, 0]], ""betti_nerve"": [[1, 0], [1, 0], [1, 0], [1, 0], [1, 0], [1, 0]], ""boundary_restriction"": ""both"", ""forced_removals"": 0, ""growth_representation_fallbacks"": 1421, ""invariant_held"": true, ""n_segments"": 1436, ""n_train_fit"": 4344, ""n_val"": 1448, ""phase0"": [{""constant_lens"": false, ""gain"": 0.25, ""lens"": ""pc1"", ""lens_scaling"": ""standardize"", ""min_cluster_size"": 21, ""min_samples"": 5, ""n_class"": 1034, ""n_edges"": 6, ""n_intervals"": 7, ""n_vertices"": 7, ""noise_reassigned"": 1132, ""placement"": ""uniform"", ""slabs"": [{""k"": 1, ""n"": 80}, {""k"": 1, ""n"": 374}, {""k"": 1, ""n"": 233}, {""k"": 1, ""n"": 191}, {""k"": 1, ""n"": 173}, {""k"": 1, ""n"": 154}, {""k"": 1, ""n"": 76}]}, {""constant_lens"": false, ""gain"": 0.25, ""lens"": ""pc1"", ""lens_scaling"": ""standardize"", ""min_cluster_size"": 21, ""min_samples"": 5, ""n_class"": 475, ""n_edges"": 5, ""n_intervals"": 6, ""n_vertices"": 6, ""noise_reassigned"": 388, ""placement"": ""quantile"", ""slabs"": [{""k"": 1, ""n"": 89}, {""k"": 1, ""n"": 98}, {""k"": 1, ""n"": 98}, {""k"": 1, ""n"": 98}, {""k"": 1, ""n"": 98}, {""k"": 1, ""n"": 89}]}, {""constant_lens"": false, ""gain"": 0.25, ""lens"": ""pc1"", ""lens_scaling"": ""standardize"", ""min_cluster_size"": 21, ""min_samples"": 5, ""n_class"": 917, ""n_edges"": 5, ""n_intervals"": 6, ""n_vertices"": 6, ""noise_reassigned"": 981, ""placement"": ""quantile"", ""slabs"": [{""k"": 1, ""n"": 172}, {""k"": 1, ""n"": 191}, {""k"": 1, ""n"": 191}, {""k"": 1, ""n"": 191}, {""k"": 1, ""n"": 191}, {""k"": 1, ""n"": 172}]}, {""constant_lens"": false, ""gain"": 0.25, ""lens"": ""pc1"", ""lens_scaling"": ""standardize"", ""min_cluster_size"": 21, ""min_samples"": 5, ""n_class"": 423, ""n_edges"": 5, ""n_intervals"": 6, ""n_vertices"": 6, ""noise_reassigned"": 380, ""placement"": ""quantile"", ""slabs"": [{""k"": 1, ""n"": 80}, {""k"": 1, ""n"": 88}, {""k"": 1, ""n"": 88}, {""k"": 1, ""n"": 88}, {""k"": 1, ""n"": 88}, {""k"": 1, ""n"": 80}]}, {""constant_lens"": false, ""gain"": 0.25, ""lens"": ""pc1"", ""lens_scaling"": ""standardize"", ""min_cluster_size"": 21, ""min_samples"": 5, ""n_class"": 477, ""n_edges"": 5, ""n_intervals"": 6, ""n_vertices"": 6, ""noise_reassigned"": 422, ""placement"": ""quantile"", ""slabs"": [{""k"": 1, ""n"": 90}, {""k"": 1, ""n"": 99}, {""k"": 1, ""n"": 99}, {""k"": 1, ""n"": 99}, {""k"": 1, ""n"": 99}, {""k"": 1, ""n"": 90}]}, {""constant_lens"": false, ""gain"": 0.25, ""lens"": ""pc1"", ""lens_scaling"": ""standardize"", ""min_cluster_size"": 21, ""min_samples"": 5, ""n_class"": 1018, ""n_edges"": 6, ""n_intervals"": 7, ""n_vertices"": 7, ""noise_reassigned"": 1084, ""placement"": ""quantile"", ""slabs"": [{""k"": 1, ""n"": 164}, {""k"": 1, ""n"": 181}, {""k"": 1, ""n"": 182}, {""k"": 1, ""n"": 182}, {""k"": 1, ""n"": 182}, {""k"": 1, ""n"": 181}, {""k"": 1, ""n"": 164}]}], ""soundness_bound_holds"": true, ""step_rule"": ""scale_free"", ""topology_retention_nerve_to_frozen"": {""beta0_frozen"": 12, ""beta0_nerve"": 6, ""beta1_frozen"": 0, ""beta1_nerve"": 0}}",True
0.8989113530326595,1448,False,0.25,0.25,,17.701895000005607,306.6829550000257,288.9810600000201,satimage,9,"{""epsilon"": 0.1, ""window"": 0.3}",LVQ3,10,1448,643,5792,0.75,1965713178,False,,True
0.9097978227060654,1448,False,0.25,0.25,"{""0"": 345, ""1"": 158, ""2"": 306, ""3"": 141, ""4"": 159, ""5"": 339}",12.104720000002999,12.104720000002999,0.0,satimage,9,,KMeans,10,1448,643,5792,0.75,1965713178,False,,True
0.8709175738724728,1448,False,0.25,0.25,"{""0"": 345, ""1"": 158, ""2"": 306, ""3"": 141, ""4"": 159, ""5"": 339}",0.003130999975837767,0.003130999975837767,0.0,satimage,9,,Random,10,1448,643,5792,0.75,1965713178,False,,True
0.8911353032659409,1448,False,0.25,0.25,,2.1669610000099055,2.1669610000099055,0.0,satimage,9,,SPOT,10,1448,643,5792,0.75,1965713178,False,,True
0.8771384136858476,1448,False,0.25,0.25,,181.29462500003865,181.29462500003865,0.0,satimage,9,,GLVQ,10,1448,643,5792,0.75,1965713178,False,,True
0.9004665629860031,1448,False,0.25,0.25,,42.57657899998594,42.57657899998594,0.0,satimage,9,,GNG,10,1448,643,5792,0.75,1965713178,False,,True
