acc_1nn,budget,budget_floored,budget_fraction,budget_fraction_nominal,class_counts,cpu_select,cpu_total,cpu_tuning,dataset,fold,lvq3_params,method,n_outer_folds,n_proto,n_test,n_train,reduction,seed,shared_build,spine_params,swept
0.8128286014721346,86,False,0.005023951396191144,0.005,,0.00011500000255182385,0.00011500000255182385,0.0,magic,0,,Full,10,17118,1902,17118,0.0,1713392895,False,,False
0.7949526813880127,86,False,0.005023951396191144,0.005,,5.954075000001467,5.954075000001467,0.0,magic,0,,RSP3,10,7268,1902,17118,0.5754176889823577,1713392895,False,,False
0.7665615141955836,86,False,0.005023951396191144,0.005,,10.662540999997873,10.662540999997873,0.0,magic,0,,RHC,10,3399,1902,17118,0.8014370837714686,1713392895,False,,False
0.7097791798107256,86,False,0.005023951396191144,0.005,,13.096397000001161,13.096397000001161,0.0,magic,0,,SPINE+1NN,10,86,1902,17118,0.9949760486038088,1713392895,False,"{""admission"": {""criterion"": ""risk"", ""removed_risk"": 2, ""removed_support"": 0}, ""betti_final"": [[2, 0], [2, 0]], ""betti_frozen"": [[2, 0], [2, 0]], ""betti_nerve"": [[1, 0], [1, 0]], ""boundary_restriction"": ""both"", ""forced_removals"": 0, ""growth_representation_fallbacks"": 51, ""invariant_held"": true, ""n_segments"": 82, ""n_train_fit"": 12838, ""n_val"": 4280, ""phase0"": [{""constant_lens"": false, ""gain"": 0.25, ""lens"": ""pc1"", ""lens_scaling"": ""standardize"", ""min_cluster_size"": 64, ""min_samples"": 5, ""n_class"": 8323, ""n_edges"": 9, ""n_intervals"": 10, ""n_vertices"": 10, ""noise_reassigned"": 7011, ""placement"": ""quantile"", ""slabs"": [{""k"": 1, ""n"": 937}, {""k"": 1, ""n"": 1040}, {""k"": 1, ""n"": 1040}, {""k"": 1, ""n"": 1040}, {""k"": 1, ""n"": 1041}, {""k"": 1, ""n"": 1041}, {""k"": 1, ""n"": 1040}, {""k"": 1, ""n"": 1040}, {""k"": 1, ""n"": 1040}, {""k"": 1, ""n"": 937}]}, {""constant_lens"": false, ""gain"": 0.25, ""lens"": ""pc1"", ""lens_scaling"": ""standardize"", ""min_cluster_size"": 64, ""min_samples"": 5, ""n_class"": 4515, ""n_edges"": 8, ""n_intervals"": 9, ""n_vertices"": 9, ""noise_reassigned"": 4776, ""placement"": ""quantile"", ""slabs"": [{""k"": 1, ""n"": 565}, {""k"": 1, ""n"": 628}, {""k"": 1, ""n"": 627}, {""k"": 1, ""n"": 627}, {""k"": 1, ""n"": 627}, {""k"": 1, ""n"": 627}, {""k"": 1, ""n"": 627}, {""k"": 1, ""n"": 627}, {""k"": 1, ""n"": 565}]}], ""soundness_bound_holds"": true, ""step_rule"": ""scale_free"", ""topology_retention_nerve_to_frozen"": {""beta0_frozen"": 4, ""beta0_nerve"": 2, ""beta1_frozen"": 0, ""beta1_nerve"": 0}}",True
0.7197686645636172,86,False,0.005023951396191144,0.005,,13.096397000001161,13.096397000001161,0.0,magic,0,,SPINE+Graph,10,86,1902,17118,0.9949760486038088,1713392895,False,"{""admission"": {""criterion"": ""risk"", ""removed_risk"": 2, ""removed_support"": 0}, ""betti_final"": [[2, 0], [2, 0]], ""betti_frozen"": [[2, 0], [2, 0]], ""betti_nerve"": [[1, 0], [1, 0]], ""boundary_restriction"": ""both"", ""forced_removals"": 0, ""growth_representation_fallbacks"": 51, ""invariant_held"": true, ""n_segments"": 82, ""n_train_fit"": 12838, ""n_val"": 4280, ""phase0"": [{""constant_lens"": false, ""gain"": 0.25, ""lens"": ""pc1"", ""lens_scaling"": ""standardize"", ""min_cluster_size"": 64, ""min_samples"": 5, ""n_class"": 8323, ""n_edges"": 9, ""n_intervals"": 10, ""n_vertices"": 10, ""noise_reassigned"": 7011, ""placement"": ""quantile"", ""slabs"": [{""k"": 1, ""n"": 937}, {""k"": 1, ""n"": 1040}, {""k"": 1, ""n"": 1040}, {""k"": 1, ""n"": 1040}, {""k"": 1, ""n"": 1041}, {""k"": 1, ""n"": 1041}, {""k"": 1, ""n"": 1040}, {""k"": 1, ""n"": 1040}, {""k"": 1, ""n"": 1040}, {""k"": 1, ""n"": 937}]}, {""constant_lens"": false, ""gain"": 0.25, ""lens"": ""pc1"", ""lens_scaling"": ""standardize"", ""min_cluster_size"": 64, ""min_samples"": 5, ""n_class"": 4515, ""n_edges"": 8, ""n_intervals"": 9, ""n_vertices"": 9, ""noise_reassigned"": 4776, ""placement"": ""quantile"", ""slabs"": [{""k"": 1, ""n"": 565}, {""k"": 1, ""n"": 628}, {""k"": 1, ""n"": 627}, {""k"": 1, ""n"": 627}, {""k"": 1, ""n"": 627}, {""k"": 1, ""n"": 627}, {""k"": 1, ""n"": 627}, {""k"": 1, ""n"": 627}, {""k"": 1, ""n"": 565}]}], ""soundness_bound_holds"": true, ""step_rule"": ""scale_free"", ""topology_retention_nerve_to_frozen"": {""beta0_frozen"": 4, ""beta0_nerve"": 2, ""beta1_frozen"": 0, ""beta1_nerve"": 0}}",True
0.8464773922187171,86,False,0.005023951396191144,0.005,,3.5472310000041034,60.06014099999447,56.51290999999037,magic,0,"{""epsilon"": 0.1, ""window"": 0.2}",LVQ3,10,86,1902,17118,0.9949760486038088,1713392895,False,,True
0.7907465825446898,86,False,0.005023951396191144,0.005,"{""0"": 56, ""1"": 30}",5.366590999998152,5.366590999998152,0.0,magic,0,,KMeans,10,86,1902,17118,0.9949760486038088,1713392895,False,,True
0.7055730809674028,86,False,0.005023951396191144,0.005,"{""0"": 56, ""1"": 30}",0.0017609999922569841,0.0017609999922569841,0.0,magic,0,,Random,10,86,1902,17118,0.9949760486038088,1713392895,False,,True
0.7592008412197687,86,False,0.005023951396191144,0.005,,7.588112000012188,7.588112000012188,0.0,magic,0,,SPOT,10,86,1902,17118,0.9949760486038088,1713392895,False,,True
0.7896950578338591,86,False,0.005023951396191144,0.005,,36.19125000000349,36.19125000000349,0.0,magic,0,,GLVQ,10,86,1902,17118,0.9949760486038088,1713392895,False,,True
0.7949526813880127,86,False,0.005023951396191144,0.005,,0.6685209999996005,0.6685209999996005,0.0,magic,0,,GNG,10,86,1902,17118,0.9949760486038088,1713392895,False,,True
0.8128286014721346,171,False,0.009989484752891693,0.01,,0.00011500000255182385,0.00011500000255182385,0.0,magic,0,,Full,10,17118,1902,17118,0.0,1713392895,True,,False
0.7949526813880127,171,False,0.009989484752891693,0.01,,5.954075000001467,5.954075000001467,0.0,magic,0,,RSP3,10,7268,1902,17118,0.5754176889823577,1713392895,True,,False
0.7665615141955836,171,False,0.009989484752891693,0.01,,10.662540999997873,10.662540999997873,0.0,magic,0,,RHC,10,3399,1902,17118,0.8014370837714686,1713392895,True,,False
0.7381703470031545,171,False,0.009989484752891693,0.01,,15.347628999996232,15.347628999996232,0.0,magic,0,,SPINE+1NN,10,171,1902,17118,0.9900105152471083,1713392895,False,"{""admission"": {""criterion"": ""risk"", ""removed_risk"": 2, ""removed_support"": 0}, ""betti_final"": [[2, 0], [2, 0]], ""betti_frozen"": [[2, 0], [2, 0]], ""betti_nerve"": [[1, 0], [1, 0]], ""boundary_restriction"": ""both"", ""forced_removals"": 0, ""growth_representation_fallbacks"": 113, ""invariant_held"": true, ""n_segments"": 167, ""n_train_fit"": 12838, ""n_val"": 4280, ""phase0"": [{""constant_lens"": false, ""gain"": 0.25, ""lens"": ""pc1"", ""lens_scaling"": ""standardize"", ""min_cluster_size"": 64, ""min_samples"": 5, ""n_class"": 8323, ""n_edges"": 9, ""n_intervals"": 10, ""n_vertices"": 10, ""noise_reassigned"": 7011, ""placement"": ""quantile"", ""slabs"": [{""k"": 1, ""n"": 937}, {""k"": 1, ""n"": 1040}, {""k"": 1, ""n"": 1040}, {""k"": 1, ""n"": 1040}, {""k"": 1, ""n"": 1041}, {""k"": 1, ""n"": 1041}, {""k"": 1, ""n"": 1040}, {""k"": 1, ""n"": 1040}, {""k"": 1, ""n"": 1040}, {""k"": 1, ""n"": 937}]}, {""constant_lens"": false, ""gain"": 0.25, ""lens"": ""pc1"", ""lens_scaling"": ""standardize"", ""min_cluster_size"": 64, ""min_samples"": 5, ""n_class"": 4515, ""n_edges"": 8, ""n_intervals"": 9, ""n_vertices"": 9, ""noise_reassigned"": 4776, ""placement"": ""quantile"", ""slabs"": [{""k"": 1, ""n"": 565}, {""k"": 1, ""n"": 628}, {""k"": 1, ""n"": 627}, {""k"": 1, ""n"": 627}, {""k"": 1, ""n"": 627}, {""k"": 1, ""n"": 627}, {""k"": 1, ""n"": 627}, {""k"": 1, ""n"": 627}, {""k"": 1, ""n"": 565}]}], ""soundness_bound_holds"": true, ""step_rule"": ""scale_free"", ""topology_retention_nerve_to_frozen"": {""beta0_frozen"": 4, ""beta0_nerve"": 2, ""beta1_frozen"": 0, ""beta1_nerve"": 0}}",True
0.7481598317560463,171,False,0.009989484752891693,0.01,,15.347628999996232,15.347628999996232,0.0,magic,0,,SPINE+Graph,10,171,1902,17118,0.9900105152471083,1713392895,False,"{""admission"": {""criterion"": ""risk"", ""removed_risk"": 2, ""removed_support"": 0}, ""betti_final"": [[2, 0], [2, 0]], ""betti_frozen"": [[2, 0], [2, 0]], ""betti_nerve"": [[1, 0], [1, 0]], ""boundary_restriction"": ""both"", ""forced_removals"": 0, ""growth_representation_fallbacks"": 113, ""invariant_held"": true, ""n_segments"": 167, ""n_train_fit"": 12838, ""n_val"": 4280, ""phase0"": [{""constant_lens"": false, ""gain"": 0.25, ""lens"": ""pc1"", ""lens_scaling"": ""standardize"", ""min_cluster_size"": 64, ""min_samples"": 5, ""n_class"": 8323, ""n_edges"": 9, ""n_intervals"": 10, ""n_vertices"": 10, ""noise_reassigned"": 7011, ""placement"": ""quantile"", ""slabs"": [{""k"": 1, ""n"": 937}, {""k"": 1, ""n"": 1040}, {""k"": 1, ""n"": 1040}, {""k"": 1, ""n"": 1040}, {""k"": 1, ""n"": 1041}, {""k"": 1, ""n"": 1041}, {""k"": 1, ""n"": 1040}, {""k"": 1, ""n"": 1040}, {""k"": 1, ""n"": 1040}, {""k"": 1, ""n"": 937}]}, {""constant_lens"": false, ""gain"": 0.25, ""lens"": ""pc1"", ""lens_scaling"": ""standardize"", ""min_cluster_size"": 64, ""min_samples"": 5, ""n_class"": 4515, ""n_edges"": 8, ""n_intervals"": 9, ""n_vertices"": 9, ""noise_reassigned"": 4776, ""placement"": ""quantile"", ""slabs"": [{""k"": 1, ""n"": 565}, {""k"": 1, ""n"": 628}, {""k"": 1, ""n"": 627}, {""k"": 1, ""n"": 627}, {""k"": 1, ""n"": 627}, {""k"": 1, ""n"": 627}, {""k"": 1, ""n"": 627}, {""k"": 1, ""n"": 627}, {""k"": 1, ""n"": 565}]}], ""soundness_bound_holds"": true, ""step_rule"": ""scale_free"", ""topology_retention_nerve_to_frozen"": {""beta0_frozen"": 4, ""beta0_nerve"": 2, ""beta1_frozen"": 0, ""beta1_nerve"": 0}}",True
0.8480546792849631,171,False,0.009989484752891693,0.01,,4.3206910000008065,77.81207299999369,73.49138199999288,magic,0,"{""epsilon"": 0.1, ""window"": 0.2}",LVQ3,10,171,1902,17118,0.9900105152471083,1713392895,False,,True
0.8033648790746583,171,False,0.009989484752891693,0.01,"{""0"": 111, ""1"": 60}",9.95571499998914,9.95571499998914,0.0,magic,0,,KMeans,10,171,1902,17118,0.9900105152471083,1713392895,False,,True
0.7423764458464774,171,False,0.009989484752891693,0.01,"{""0"": 111, ""1"": 60}",0.001931000006152317,0.001931000006152317,0.0,magic,0,,Random,10,171,1902,17118,0.9900105152471083,1713392895,False,,True
0.7691903259726603,171,False,0.009989484752891693,0.01,,6.760601999994833,6.760601999994833,0.0,magic,0,,SPOT,10,171,1902,17118,0.9900105152471083,1713392895,False,,True
0.7991587802313355,171,False,0.009989484752891693,0.01,,66.57572699998855,66.57572699998855,0.0,magic,0,,GLVQ,10,171,1902,17118,0.9900105152471083,1713392895,False,,True
0.7928496319663512,171,False,0.009989484752891693,0.01,,2.062518999999156,2.062518999999156,0.0,magic,0,,GNG,10,171,1902,17118,0.9900105152471083,1713392895,False,,True
0.8128286014721346,342,False,0.019978969505783387,0.02,,0.00011500000255182385,0.00011500000255182385,0.0,magic,0,,Full,10,17118,1902,17118,0.0,1713392895,True,,False
0.7949526813880127,342,False,0.019978969505783387,0.02,,5.954075000001467,5.954075000001467,0.0,magic,0,,RSP3,10,7268,1902,17118,0.5754176889823577,1713392895,True,,False
0.7665615141955836,342,False,0.019978969505783387,0.02,,10.662540999997873,10.662540999997873,0.0,magic,0,,RHC,10,3399,1902,17118,0.8014370837714686,1713392895,True,,False
0.7818086225026288,342,False,0.019978969505783387,0.02,,27.845450000007986,27.845450000007986,0.0,magic,0,,SPINE+1NN,10,342,1902,17118,0.9800210304942166,1713392895,False,"{""admission"": {""criterion"": ""risk"", ""removed_risk"": 2, ""removed_support"": 0}, ""betti_final"": [[2, 0], [2, 0]], ""betti_frozen"": [[2, 0], [2, 0]], ""betti_nerve"": [[1, 0], [1, 0]], ""boundary_restriction"": ""both"", ""forced_removals"": 0, ""growth_representation_fallbacks"": 238, ""invariant_held"": true, ""n_segments"": 338, ""n_train_fit"": 12838, ""n_val"": 4280, ""phase0"": [{""constant_lens"": false, ""gain"": 0.25, ""lens"": ""pc1"", ""lens_scaling"": ""standardize"", ""min_cluster_size"": 64, ""min_samples"": 5, ""n_class"": 8323, ""n_edges"": 9, ""n_intervals"": 10, ""n_vertices"": 10, ""noise_reassigned"": 7011, ""placement"": ""quantile"", ""slabs"": [{""k"": 1, ""n"": 937}, {""k"": 1, ""n"": 1040}, {""k"": 1, ""n"": 1040}, {""k"": 1, ""n"": 1040}, {""k"": 1, ""n"": 1041}, {""k"": 1, ""n"": 1041}, {""k"": 1, ""n"": 1040}, {""k"": 1, ""n"": 1040}, {""k"": 1, ""n"": 1040}, {""k"": 1, ""n"": 937}]}, {""constant_lens"": false, ""gain"": 0.25, ""lens"": ""pc1"", ""lens_scaling"": ""standardize"", ""min_cluster_size"": 64, ""min_samples"": 5, ""n_class"": 4515, ""n_edges"": 8, ""n_intervals"": 9, ""n_vertices"": 9, ""noise_reassigned"": 4776, ""placement"": ""quantile"", ""slabs"": [{""k"": 1, ""n"": 565}, {""k"": 1, ""n"": 628}, {""k"": 1, ""n"": 627}, {""k"": 1, ""n"": 627}, {""k"": 1, ""n"": 627}, {""k"": 1, ""n"": 627}, {""k"": 1, ""n"": 627}, {""k"": 1, ""n"": 627}, {""k"": 1, ""n"": 565}]}], ""soundness_bound_holds"": true, ""step_rule"": ""scale_free"", ""topology_retention_nerve_to_frozen"": {""beta0_frozen"": 4, ""beta0_nerve"": 2, ""beta1_frozen"": 0, ""beta1_nerve"": 0}}",True
0.7854889589905363,342,False,0.019978969505783387,0.02,,27.845450000007986,27.845450000007986,0.0,magic,0,,SPINE+Graph,10,342,1902,17118,0.9800210304942166,1713392895,False,"{""admission"": {""criterion"": ""risk"", ""removed_risk"": 2, ""removed_support"": 0}, ""betti_final"": [[2, 0], [2, 0]], ""betti_frozen"": [[2, 0], [2, 0]], ""betti_nerve"": [[1, 0], [1, 0]], ""boundary_restriction"": ""both"", ""forced_removals"": 0, ""growth_representation_fallbacks"": 238, ""invariant_held"": true, ""n_segments"": 338, ""n_train_fit"": 12838, ""n_val"": 4280, ""phase0"": [{""constant_lens"": false, ""gain"": 0.25, ""lens"": ""pc1"", ""lens_scaling"": ""standardize"", ""min_cluster_size"": 64, ""min_samples"": 5, ""n_class"": 8323, ""n_edges"": 9, ""n_intervals"": 10, ""n_vertices"": 10, ""noise_reassigned"": 7011, ""placement"": ""quantile"", ""slabs"": [{""k"": 1, ""n"": 937}, {""k"": 1, ""n"": 1040}, {""k"": 1, ""n"": 1040}, {""k"": 1, ""n"": 1040}, {""k"": 1, ""n"": 1041}, {""k"": 1, ""n"": 1041}, {""k"": 1, ""n"": 1040}, {""k"": 1, ""n"": 1040}, {""k"": 1, ""n"": 1040}, {""k"": 1, ""n"": 937}]}, {""constant_lens"": false, ""gain"": 0.25, ""lens"": ""pc1"", ""lens_scaling"": ""standardize"", ""min_cluster_size"": 64, ""min_samples"": 5, ""n_class"": 4515, ""n_edges"": 8, ""n_intervals"": 9, ""n_vertices"": 9, ""noise_reassigned"": 4776, ""placement"": ""quantile"", ""slabs"": [{""k"": 1, ""n"": 565}, {""k"": 1, ""n"": 628}, {""k"": 1, ""n"": 627}, {""k"": 1, ""n"": 627}, {""k"": 1, ""n"": 627}, {""k"": 1, ""n"": 627}, {""k"": 1, ""n"": 627}, {""k"": 1, ""n"": 627}, {""k"": 1, ""n"": 565}]}], ""soundness_bound_holds"": true, ""step_rule"": ""scale_free"", ""topology_retention_nerve_to_frozen"": {""beta0_frozen"": 4, ""beta0_nerve"": 2, ""beta1_frozen"": 0, ""beta1_nerve"": 0}}",True
0.85068349106204,342,False,0.019978969505783387,0.02,,5.992687999998452,109.57933200000843,103.58664400000998,magic,0,"{""epsilon"": 0.1, ""window"": 0.2}",LVQ3,10,342,1902,17118,0.9800210304942166,1713392895,False,,True
0.8007360672975815,342,False,0.019978969505783387,0.02,"{""0"": 222, ""1"": 120}",16.717734000005294,16.717734000005294,0.0,magic,0,,KMeans,10,342,1902,17118,0.9800210304942166,1713392895,False,,True
0.7565720294426919,342,False,0.019978969505783387,0.02,"{""0"": 222, ""1"": 120}",0.0057890000025508925,0.0057890000025508925,0.0,magic,0,,Random,10,342,1902,17118,0.9800210304942166,1713392895,False,,True
0.7754994742376445,342,False,0.019978969505783387,0.02,,7.236536000011256,7.236536000011256,0.0,magic,0,,SPOT,10,342,1902,17118,0.9800210304942166,1713392895,False,,True
0.8054679284963197,342,False,0.019978969505783387,0.02,,128.02123199999915,128.02123199999915,0.0,magic,0,,GLVQ,10,342,1902,17118,0.9800210304942166,1713392895,False,,True
0.8080967402733964,342,False,0.019978969505783387,0.02,,7.071914000000106,7.071914000000106,0.0,magic,0,,GNG,10,342,1902,17118,0.9800210304942166,1713392895,False,,True
0.8128286014721346,856,False,0.05000584180394906,0.05,,0.00011500000255182385,0.00011500000255182385,0.0,magic,0,,Full,10,17118,1902,17118,0.0,1713392895,True,,False
0.7949526813880127,856,False,0.05000584180394906,0.05,,5.954075000001467,5.954075000001467,0.0,magic,0,,RSP3,10,7268,1902,17118,0.5754176889823577,1713392895,True,,False
0.7665615141955836,856,False,0.05000584180394906,0.05,,10.662540999997873,10.662540999997873,0.0,magic,0,,RHC,10,3399,1902,17118,0.8014370837714686,1713392895,True,,False
0.8080967402733964,856,False,0.05000584180394906,0.05,,117.33767300000181,117.33767300000181,0.0,magic,0,,SPINE+1NN,10,856,1902,17118,0.9499941581960509,1713392895,False,"{""admission"": {""criterion"": ""risk"", ""removed_risk"": 2, ""removed_support"": 0}, ""betti_final"": [[2, 0], [2, 0]], ""betti_frozen"": [[2, 0], [2, 0]], ""betti_nerve"": [[1, 0], [1, 0]], ""boundary_restriction"": ""both"", ""forced_removals"": 0, ""growth_representation_fallbacks"": 620, ""invariant_held"": true, ""n_segments"": 852, ""n_train_fit"": 12838, ""n_val"": 4280, ""phase0"": [{""constant_lens"": false, ""gain"": 0.25, ""lens"": ""pc1"", ""lens_scaling"": ""standardize"", ""min_cluster_size"": 64, ""min_samples"": 5, ""n_class"": 8323, ""n_edges"": 9, ""n_intervals"": 10, ""n_vertices"": 10, ""noise_reassigned"": 7011, ""placement"": ""quantile"", ""slabs"": [{""k"": 1, ""n"": 937}, {""k"": 1, ""n"": 1040}, {""k"": 1, ""n"": 1040}, {""k"": 1, ""n"": 1040}, {""k"": 1, ""n"": 1041}, {""k"": 1, ""n"": 1041}, {""k"": 1, ""n"": 1040}, {""k"": 1, ""n"": 1040}, {""k"": 1, ""n"": 1040}, {""k"": 1, ""n"": 937}]}, {""constant_lens"": false, ""gain"": 0.25, ""lens"": ""pc1"", ""lens_scaling"": ""standardize"", ""min_cluster_size"": 64, ""min_samples"": 5, ""n_class"": 4515, ""n_edges"": 8, ""n_intervals"": 9, ""n_vertices"": 9, ""noise_reassigned"": 4776, ""placement"": ""quantile"", ""slabs"": [{""k"": 1, ""n"": 565}, {""k"": 1, ""n"": 628}, {""k"": 1, ""n"": 627}, {""k"": 1, ""n"": 627}, {""k"": 1, ""n"": 627}, {""k"": 1, ""n"": 627}, {""k"": 1, ""n"": 627}, {""k"": 1, ""n"": 627}, {""k"": 1, ""n"": 565}]}], ""soundness_bound_holds"": true, ""step_rule"": ""scale_free"", ""topology_retention_nerve_to_frozen"": {""beta0_frozen"": 4, ""beta0_nerve"": 2, ""beta1_frozen"": 0, ""beta1_nerve"": 0}}",True
0.8101997896950578,856,False,0.05000584180394906,0.05,,117.33767300000181,117.33767300000181,0.0,magic,0,,SPINE+Graph,10,856,1902,17118,0.9499941581960509,1713392895,False,"{""admission"": {""criterion"": ""risk"", ""removed_risk"": 2, ""removed_support"": 0}, ""betti_final"": [[2, 0], [2, 0]], ""betti_frozen"": [[2, 0], [2, 0]], ""betti_nerve"": [[1, 0], [1, 0]], ""boundary_restriction"": ""both"", ""forced_removals"": 0, ""growth_representation_fallbacks"": 620, ""invariant_held"": true, ""n_segments"": 852, ""n_train_fit"": 12838, ""n_val"": 4280, ""phase0"": [{""constant_lens"": false, ""gain"": 0.25, ""lens"": ""pc1"", ""lens_scaling"": ""standardize"", ""min_cluster_size"": 64, ""min_samples"": 5, ""n_class"": 8323, ""n_edges"": 9, ""n_intervals"": 10, ""n_vertices"": 10, ""noise_reassigned"": 7011, ""placement"": ""quantile"", ""slabs"": [{""k"": 1, ""n"": 937}, {""k"": 1, ""n"": 1040}, {""k"": 1, ""n"": 1040}, {""k"": 1, ""n"": 1040}, {""k"": 1, ""n"": 1041}, {""k"": 1, ""n"": 1041}, {""k"": 1, ""n"": 1040}, {""k"": 1, ""n"": 1040}, {""k"": 1, ""n"": 1040}, {""k"": 1, ""n"": 937}]}, {""constant_lens"": false, ""gain"": 0.25, ""lens"": ""pc1"", ""lens_scaling"": ""standardize"", ""min_cluster_size"": 64, ""min_samples"": 5, ""n_class"": 4515, ""n_edges"": 8, ""n_intervals"": 9, ""n_vertices"": 9, ""noise_reassigned"": 4776, ""placement"": ""quantile"", ""slabs"": [{""k"": 1, ""n"": 565}, {""k"": 1, ""n"": 628}, {""k"": 1, ""n"": 627}, {""k"": 1, ""n"": 627}, {""k"": 1, ""n"": 627}, {""k"": 1, ""n"": 627}, {""k"": 1, ""n"": 627}, {""k"": 1, ""n"": 627}, {""k"": 1, ""n"": 565}]}], ""soundness_bound_holds"": true, ""step_rule"": ""scale_free"", ""topology_retention_nerve_to_frozen"": {""beta0_frozen"": 4, ""beta0_nerve"": 2, ""beta1_frozen"": 0, ""beta1_nerve"": 0}}",True
0.8559411146161935,856,False,0.05000584180394906,0.05,,11.827678999994532,205.3984669999918,193.57078799999726,magic,0,"{""epsilon"": 0.1, ""window"": 0.3}",LVQ3,10,856,1902,17118,0.9499941581960509,1713392895,False,,True
0.8117770767613038,856,False,0.05000584180394906,0.05,"{""0"": 555, ""1"": 301}",30.90962700000091,30.90962700000091,0.0,magic,0,,KMeans,10,856,1902,17118,0.9499941581960509,1713392895,False,,True
0.777602523659306,856,False,0.05000584180394906,0.05,"{""0"": 555, ""1"": 301}",0.0022440000029746443,0.0022440000029746443,0.0,magic,0,,Random,10,856,1902,17118,0.9499941581960509,1713392895,False,,True
0.7923238696109358,856,False,0.05000584180394906,0.05,,7.301401999997324,7.301401999997324,0.0,magic,0,,SPOT,10,856,1902,17118,0.9499941581960509,1713392895,False,,True
0.804416403785489,856,False,0.05000584180394906,0.05,,313.4423000000097,313.4423000000097,0.0,magic,0,,GLVQ,10,856,1902,17118,0.9499941581960509,1713392895,False,,True
0.81335436382755,856,False,0.05000584180394906,0.05,,40.19525600000634,40.19525600000634,0.0,magic,0,,GNG,10,856,1902,17118,0.9499941581960509,1713392895,False,,True
0.8128286014721346,1712,False,0.10001168360789812,0.1,,0.00011500000255182385,0.00011500000255182385,0.0,magic,0,,Full,10,17118,1902,17118,0.0,1713392895,True,,False
0.7949526813880127,1712,False,0.10001168360789812,0.1,,5.954075000001467,5.954075000001467,0.0,magic,0,,RSP3,10,7268,1902,17118,0.5754176889823577,1713392895,True,,False
0.7665615141955836,1712,False,0.10001168360789812,0.1,,10.662540999997873,10.662540999997873,0.0,magic,0,,RHC,10,3399,1902,17118,0.8014370837714686,1713392895,True,,False
0.8307045215562566,1712,False,0.10001168360789812,0.1,,459.9886650000117,459.9886650000117,0.0,magic,0,,SPINE+1NN,10,1712,1902,17118,0.8999883163921019,1713392895,False,"{""admission"": {""criterion"": ""risk"", ""removed_risk"": 2, ""removed_support"": 0}, ""betti_final"": [[2, 0], [2, 0]], ""betti_frozen"": [[2, 0], [2, 0]], ""betti_nerve"": [[1, 0], [1, 0]], ""boundary_restriction"": ""both"", ""forced_removals"": 0, ""growth_representation_fallbacks"": 1234, ""invariant_held"": true, ""n_segments"": 1708, ""n_train_fit"": 12838, ""n_val"": 4280, ""phase0"": [{""constant_lens"": false, ""gain"": 0.25, ""lens"": ""pc1"", ""lens_scaling"": ""standardize"", ""min_cluster_size"": 64, ""min_samples"": 5, ""n_class"": 8323, ""n_edges"": 9, ""n_intervals"": 10, ""n_vertices"": 10, ""noise_reassigned"": 7011, ""placement"": ""quantile"", ""slabs"": [{""k"": 1, ""n"": 937}, {""k"": 1, ""n"": 1040}, {""k"": 1, ""n"": 1040}, {""k"": 1, ""n"": 1040}, {""k"": 1, ""n"": 1041}, {""k"": 1, ""n"": 1041}, {""k"": 1, ""n"": 1040}, {""k"": 1, ""n"": 1040}, {""k"": 1, ""n"": 1040}, {""k"": 1, ""n"": 937}]}, {""constant_lens"": false, ""gain"": 0.25, ""lens"": ""pc1"", ""lens_scaling"": ""standardize"", ""min_cluster_size"": 64, ""min_samples"": 5, ""n_class"": 4515, ""n_edges"": 8, ""n_intervals"": 9, ""n_vertices"": 9, ""noise_reassigned"": 4776, ""placement"": ""quantile"", ""slabs"": [{""k"": 1, ""n"": 565}, {""k"": 1, ""n"": 628}, {""k"": 1, ""n"": 627}, {""k"": 1, ""n"": 627}, {""k"": 1, ""n"": 627}, {""k"": 1, ""n"": 627}, {""k"": 1, ""n"": 627}, {""k"": 1, ""n"": 627}, {""k"": 1, ""n"": 565}]}], ""soundness_bound_holds"": true, ""step_rule"": ""scale_free"", ""topology_retention_nerve_to_frozen"": {""beta0_frozen"": 4, ""beta0_nerve"": 2, ""beta1_frozen"": 0, ""beta1_nerve"": 0}}",True
0.8391167192429022,1712,False,0.10001168360789812,0.1,,459.9886650000117,459.9886650000117,0.0,magic,0,,SPINE+Graph,10,1712,1902,17118,0.8999883163921019,1713392895,False,"{""admission"": {""criterion"": ""risk"", ""removed_risk"": 2, ""removed_support"": 0}, ""betti_final"": [[2, 0], [2, 0]], ""betti_frozen"": [[2, 0], [2, 0]], ""betti_nerve"": [[1, 0], [1, 0]], ""boundary_restriction"": ""both"", ""forced_removals"": 0, ""growth_representation_fallbacks"": 1234, ""invariant_held"": true, ""n_segments"": 1708, ""n_train_fit"": 12838, ""n_val"": 4280, ""phase0"": [{""constant_lens"": false, ""gain"": 0.25, ""lens"": ""pc1"", ""lens_scaling"": ""standardize"", ""min_cluster_size"": 64, ""min_samples"": 5, ""n_class"": 8323, ""n_edges"": 9, ""n_intervals"": 10, ""n_vertices"": 10, ""noise_reassigned"": 7011, ""placement"": ""quantile"", ""slabs"": [{""k"": 1, ""n"": 937}, {""k"": 1, ""n"": 1040}, {""k"": 1, ""n"": 1040}, {""k"": 1, ""n"": 1040}, {""k"": 1, ""n"": 1041}, {""k"": 1, ""n"": 1041}, {""k"": 1, ""n"": 1040}, {""k"": 1, ""n"": 1040}, {""k"": 1, ""n"": 1040}, {""k"": 1, ""n"": 937}]}, {""constant_lens"": false, ""gain"": 0.25, ""lens"": ""pc1"", ""lens_scaling"": ""standardize"", ""min_cluster_size"": 64, ""min_samples"": 5, ""n_class"": 4515, ""n_edges"": 8, ""n_intervals"": 9, ""n_vertices"": 9, ""noise_reassigned"": 4776, ""placement"": ""quantile"", ""slabs"": [{""k"": 1, ""n"": 565}, {""k"": 1, ""n"": 628}, {""k"": 1, ""n"": 627}, {""k"": 1, ""n"": 627}, {""k"": 1, ""n"": 627}, {""k"": 1, ""n"": 627}, {""k"": 1, ""n"": 627}, {""k"": 1, ""n"": 627}, {""k"": 1, ""n"": 565}]}], ""soundness_bound_holds"": true, ""step_rule"": ""scale_free"", ""topology_retention_nerve_to_frozen"": {""beta0_frozen"": 4, ""beta0_nerve"": 2, ""beta1_frozen"": 0, ""beta1_nerve"": 0}}",True
0.8496319663512093,1712,False,0.10001168360789812,0.1,,19.63417799997842,333.3595379999897,313.7253600000113,magic,0,"{""epsilon"": 0.3, ""window"": 0.3}",LVQ3,10,1712,1902,17118,0.8999883163921019,1713392895,False,,True
0.8107255520504731,1712,False,0.10001168360789812,0.1,"{""0"": 1110, ""1"": 602}",44.21806199999992,44.21806199999992,0.0,magic,0,,KMeans,10,1712,1902,17118,0.8999883163921019,1713392895,False,,True
0.7875920084121977,1712,False,0.10001168360789812,0.1,"{""0"": 1110, ""1"": 602}",0.0025289999903179705,0.0025289999903179705,0.0,magic,0,,Random,10,1712,1902,17118,0.8999883163921019,1713392895,False,,True
0.7875920084121977,1712,False,0.10001168360789812,0.1,,7.924330000008922,7.924330000008922,0.0,magic,0,,SPOT,10,1712,1902,17118,0.8999883163921019,1713392895,False,,True
0.807570977917981,1712,False,0.10001168360789812,0.1,,619.7858149999811,619.7858149999811,0.0,magic,0,,GLVQ,10,1712,1902,17118,0.8999883163921019,1713392895,False,,True
0.8170347003154574,1712,False,0.10001168360789812,0.1,,157.2588359999936,157.2588359999936,0.0,magic,0,,GNG,10,1712,1902,17118,0.8999883163921019,1713392895,False,,True
0.8128286014721346,4280,False,0.2500292090197453,0.25,,0.00011500000255182385,0.00011500000255182385,0.0,magic,0,,Full,10,17118,1902,17118,0.0,1713392895,True,,False
0.7949526813880127,4280,False,0.2500292090197453,0.25,,5.954075000001467,5.954075000001467,0.0,magic,0,,RSP3,10,7268,1902,17118,0.5754176889823577,1713392895,True,,False
0.7665615141955836,4280,False,0.2500292090197453,0.25,,10.662540999997873,10.662540999997873,0.0,magic,0,,RHC,10,3399,1902,17118,0.8014370837714686,1713392895,True,,False
0.8485804416403786,4280,False,0.2500292090197453,0.25,,3445.8660300000047,3445.8660300000047,0.0,magic,0,,SPINE+1NN,10,4280,1902,17118,0.7499707909802547,1713392895,False,"{""admission"": {""criterion"": ""risk"", ""removed_risk"": 2, ""removed_support"": 0}, ""betti_final"": [[2, 0], [2, 0]], ""betti_frozen"": [[2, 0], [2, 0]], ""betti_nerve"": [[1, 0], [1, 0]], ""boundary_restriction"": ""both"", ""forced_removals"": 0, ""growth_representation_fallbacks"": 3554, ""invariant_held"": true, ""n_segments"": 4276, ""n_train_fit"": 12838, ""n_val"": 4280, ""phase0"": [{""constant_lens"": false, ""gain"": 0.25, ""lens"": ""pc1"", ""lens_scaling"": ""standardize"", ""min_cluster_size"": 64, ""min_samples"": 5, ""n_class"": 8323, ""n_edges"": 9, ""n_intervals"": 10, ""n_vertices"": 10, ""noise_reassigned"": 7011, ""placement"": ""quantile"", ""slabs"": [{""k"": 1, ""n"": 937}, {""k"": 1, ""n"": 1040}, {""k"": 1, ""n"": 1040}, {""k"": 1, ""n"": 1040}, {""k"": 1, ""n"": 1041}, {""k"": 1, ""n"": 1041}, {""k"": 1, ""n"": 1040}, {""k"": 1, ""n"": 1040}, {""k"": 1, ""n"": 1040}, {""k"": 1, ""n"": 937}]}, {""constant_lens"": false, ""gain"": 0.25, ""lens"": ""pc1"", ""lens_scaling"": ""standardize"", ""min_cluster_size"": 64, ""min_samples"": 5, ""n_class"": 4515, ""n_edges"": 8, ""n_intervals"": 9, ""n_vertices"": 9, ""noise_reassigned"": 4776, ""placement"": ""quantile"", ""slabs"": [{""k"": 1, ""n"": 565}, {""k"": 1, ""n"": 628}, {""k"": 1, ""n"": 627}, {""k"": 1, ""n"": 627}, {""k"": 1, ""n"": 627}, {""k"": 1, ""n"": 627}, {""k"": 1, ""n"": 627}, {""k"": 1, ""n"": 627}, {""k"": 1, ""n"": 565}]}], ""soundness_bound_holds"": true, ""step_rule"": ""scale_free"", ""topology_retention_nerve_to_frozen"": {""beta0_frozen"": 4, ""beta0_nerve"": 2, ""beta1_frozen"": 0, ""beta1_nerve"": 0}}",True
0.8559411146161935,4280,False,0.2500292090197453,0.25,,3445.8660300000047,3445.8660300000047,0.0,magic,0,,SPINE+Graph,10,4280,1902,17118,0.7499707909802547,1713392895,False,"{""admission"": {""criterion"": ""risk"", ""removed_risk"": 2, ""removed_support"": 0}, ""betti_final"": [[2, 0], [2, 0]], ""betti_frozen"": [[2, 0], [2, 0]], ""betti_nerve"": [[1, 0], [1, 0]], ""boundary_restriction"": ""both"", ""forced_removals"": 0, ""growth_representation_fallbacks"": 3554, ""invariant_held"": true, ""n_segments"": 4276, ""n_train_fit"": 12838, ""n_val"": 4280, ""phase0"": [{""constant_lens"": false, ""gain"": 0.25, ""lens"": ""pc1"", ""lens_scaling"": ""standardize"", ""min_cluster_size"": 64, ""min_samples"": 5, ""n_class"": 8323, ""n_edges"": 9, ""n_intervals"": 10, ""n_vertices"": 10, ""noise_reassigned"": 7011, ""placement"": ""quantile"", ""slabs"": [{""k"": 1, ""n"": 937}, {""k"": 1, ""n"": 1040}, {""k"": 1, ""n"": 1040}, {""k"": 1, ""n"": 1040}, {""k"": 1, ""n"": 1041}, {""k"": 1, ""n"": 1041}, {""k"": 1, ""n"": 1040}, {""k"": 1, ""n"": 1040}, {""k"": 1, ""n"": 1040}, {""k"": 1, ""n"": 937}]}, {""constant_lens"": false, ""gain"": 0.25, ""lens"": ""pc1"", ""lens_scaling"": ""standardize"", ""min_cluster_size"": 64, ""min_samples"": 5, ""n_class"": 4515, ""n_edges"": 8, ""n_intervals"": 9, ""n_vertices"": 9, ""noise_reassigned"": 4776, ""placement"": ""quantile"", ""slabs"": [{""k"": 1, ""n"": 565}, {""k"": 1, ""n"": 628}, {""k"": 1, ""n"": 627}, {""k"": 1, ""n"": 627}, {""k"": 1, ""n"": 627}, {""k"": 1, ""n"": 627}, {""k"": 1, ""n"": 627}, {""k"": 1, ""n"": 627}, {""k"": 1, ""n"": 565}]}], ""soundness_bound_holds"": true, ""step_rule"": ""scale_free"", ""topology_retention_nerve_to_frozen"": {""beta0_frozen"": 4, ""beta0_nerve"": 2, ""beta1_frozen"": 0, ""beta1_nerve"": 0}}",True
0.8259726603575184,4280,False,0.2500292090197453,0.25,,54.33402699997532,919.8970879999688,865.5630609999935,magic,0,"{""epsilon"": 0.3, ""window"": 0.2}",LVQ3,10,4280,1902,17118,0.7499707909802547,1713392895,False,,True
0.8165089379600421,4280,False,0.2500292090197453,0.25,"{""0"": 2775, ""1"": 1505}",64.92239200000768,64.92239200000768,0.0,magic,0,,KMeans,10,4280,1902,17118,0.7499707909802547,1713392895,False,,True
0.8096740273396424,4280,False,0.2500292090197453,0.25,"{""0"": 2775, ""1"": 1505}",0.004874000005656853,0.004874000005656853,0.0,magic,0,,Random,10,4280,1902,17118,0.7499707909802547,1713392895,False,,True
0.7991587802313355,4280,False,0.2500292090197453,0.25,,8.764236999995774,8.764236999995774,0.0,magic,0,,SPOT,10,4280,1902,17118,0.7499707909802547,1713392895,False,,True
0.8101997896950578,4280,False,0.2500292090197453,0.25,,1546.077575000003,1546.077575000003,0.0,magic,0,,GLVQ,10,4280,1902,17118,0.7499707909802547,1713392895,False,,True
0.8186119873817035,4280,False,0.2500292090197453,0.25,,958.5355409999902,958.5355409999902,0.0,magic,0,,GNG,10,4280,1902,17118,0.7499707909802547,1713392895,False,,True
0.81335436382755,86,False,0.005023951396191144,0.005,,0.0001999999803956598,0.0001999999803956598,0.0,magic,1,,Full,10,17118,1902,17118,0.0,1714392898,False,,False
0.7949526813880127,86,False,0.005023951396191144,0.005,,6.2821229999826755,6.2821229999826755,0.0,magic,1,,RSP3,10,7167,1902,17118,0.5813179109709078,1714392898,False,,False
0.7660357518401683,86,False,0.005023951396191144,0.005,,11.598842000006698,11.598842000006698,0.0,magic,1,,RHC,10,3474,1902,17118,0.7970557308096741,1714392898,False,,False
0.7008412197686645,86,False,0.005023951396191144,0.005,,13.251306999998633,13.251306999998633,0.0,magic,1,,SPINE+1NN,10,86,1902,17118,0.9949760486038088,1714392898,False,"{""admission"": {""criterion"": ""risk"", ""removed_risk"": 3, ""removed_support"": 0}, ""betti_final"": [[3, 0], [2, 0]], ""betti_frozen"": [[3, 0], [2, 0]], ""betti_nerve"": [[1, 0], [1, 0]], ""boundary_restriction"": ""both"", ""forced_removals"": 0, ""growth_representation_fallbacks"": 51, ""invariant_held"": true, ""n_segments"": 81, ""n_train_fit"": 12838, ""n_val"": 4280, ""phase0"": [{""constant_lens"": false, ""gain"": 0.25, ""lens"": ""pc1"", ""lens_scaling"": ""standardize"", ""min_cluster_size"": 64, ""min_samples"": 5, ""n_class"": 8323, ""n_edges"": 9, ""n_intervals"": 10, ""n_vertices"": 10, ""noise_reassigned"": 7753, ""placement"": ""quantile"", ""slabs"": [{""k"": 1, ""n"": 937}, {""k"": 1, ""n"": 1040}, {""k"": 1, ""n"": 1040}, {""k"": 1, ""n"": 1040}, {""k"": 1, ""n"": 1041}, {""k"": 1, ""n"": 1041}, {""k"": 1, ""n"": 1040}, {""k"": 1, ""n"": 1040}, {""k"": 1, ""n"": 1040}, {""k"": 1, ""n"": 937}]}, {""constant_lens"": false, ""gain"": 0.25, ""lens"": ""pc1"", ""lens_scaling"": ""standardize"", ""min_cluster_size"": 64, ""min_samples"": 5, ""n_class"": 4515, ""n_edges"": 8, ""n_intervals"": 9, ""n_vertices"": 9, ""noise_reassigned"": 4835, ""placement"": ""quantile"", ""slabs"": [{""k"": 1, ""n"": 565}, {""k"": 1, ""n"": 627}, {""k"": 1, ""n"": 627}, {""k"": 1, ""n"": 627}, {""k"": 1, ""n"": 627}, {""k"": 1, ""n"": 627}, {""k"": 1, ""n"": 627}, {""k"": 1, ""n"": 627}, {""k"": 1, ""n"": 565}]}], ""soundness_bound_holds"": true, ""step_rule"": ""scale_free"", ""topology_retention_nerve_to_frozen"": {""beta0_frozen"": 5, ""beta0_nerve"": 2, ""beta1_frozen"": 0, ""beta1_nerve"": 0}}",True
0.7097791798107256,86,False,0.005023951396191144,0.005,,13.251306999998633,13.251306999998633,0.0,magic,1,,SPINE+Graph,10,86,1902,17118,0.9949760486038088,1714392898,False,"{""admission"": {""criterion"": ""risk"", ""removed_risk"": 3, ""removed_support"": 0}, ""betti_final"": [[3, 0], [2, 0]], ""betti_frozen"": [[3, 0], [2, 0]], ""betti_nerve"": [[1, 0], [1, 0]], ""boundary_restriction"": ""both"", ""forced_removals"": 0, ""growth_representation_fallbacks"": 51, ""invariant_held"": true, ""n_segments"": 81, ""n_train_fit"": 12838, ""n_val"": 4280, ""phase0"": [{""constant_lens"": false, ""gain"": 0.25, ""lens"": ""pc1"", ""lens_scaling"": ""standardize"", ""min_cluster_size"": 64, ""min_samples"": 5, ""n_class"": 8323, ""n_edges"": 9, ""n_intervals"": 10, ""n_vertices"": 10, ""noise_reassigned"": 7753, ""placement"": ""quantile"", ""slabs"": [{""k"": 1, ""n"": 937}, {""k"": 1, ""n"": 1040}, {""k"": 1, ""n"": 1040}, {""k"": 1, ""n"": 1040}, {""k"": 1, ""n"": 1041}, {""k"": 1, ""n"": 1041}, {""k"": 1, ""n"": 1040}, {""k"": 1, ""n"": 1040}, {""k"": 1, ""n"": 1040}, {""k"": 1, ""n"": 937}]}, {""constant_lens"": false, ""gain"": 0.25, ""lens"": ""pc1"", ""lens_scaling"": ""standardize"", ""min_cluster_size"": 64, ""min_samples"": 5, ""n_class"": 4515, ""n_edges"": 8, ""n_intervals"": 9, ""n_vertices"": 9, ""noise_reassigned"": 4835, ""placement"": ""quantile"", ""slabs"": [{""k"": 1, ""n"": 565}, {""k"": 1, ""n"": 627}, {""k"": 1, ""n"": 627}, {""k"": 1, ""n"": 627}, {""k"": 1, ""n"": 627}, {""k"": 1, ""n"": 627}, {""k"": 1, ""n"": 627}, {""k"": 1, ""n"": 627}, {""k"": 1, ""n"": 565}]}], ""soundness_bound_holds"": true, ""step_rule"": ""scale_free"", ""topology_retention_nerve_to_frozen"": {""beta0_frozen"": 5, ""beta0_nerve"": 2, ""beta1_frozen"": 0, ""beta1_nerve"": 0}}",True
0.8406940063091483,86,False,0.005023951396191144,0.005,,3.5307620000094175,60.88764300002367,57.356881000014255,magic,1,"{""epsilon"": 0.1, ""window"": 0.2}",LVQ3,10,86,1902,17118,0.9949760486038088,1714392898,False,,True
0.7854889589905363,86,False,0.005023951396191144,0.005,"{""0"": 56, ""1"": 30}",6.22081500000786,6.22081500000786,0.0,magic,1,,KMeans,10,86,1902,17118,0.9949760486038088,1714392898,False,,True
0.7544689800210305,86,False,0.005023951396191144,0.005,"{""0"": 56, ""1"": 30}",0.0018219999910797924,0.0018219999910797924,0.0,magic,1,,Random,10,86,1902,17118,0.9949760486038088,1714392898,False,,True
0.7450052576235542,86,False,0.005023951396191144,0.005,,6.877162999997381,6.877162999997381,0.0,magic,1,,SPOT,10,86,1902,17118,0.9949760486038088,1714392898,False,,True
0.7844374342797056,86,False,0.005023951396191144,0.005,,36.368923000001814,36.368923000001814,0.0,magic,1,,GLVQ,10,86,1902,17118,0.9949760486038088,1714392898,False,,True
0.7896950578338591,86,False,0.005023951396191144,0.005,,0.6670040000171866,0.6670040000171866,0.0,magic,1,,GNG,10,86,1902,17118,0.9949760486038088,1714392898,False,,True
0.81335436382755,171,False,0.009989484752891693,0.01,,0.0001999999803956598,0.0001999999803956598,0.0,magic,1,,Full,10,17118,1902,17118,0.0,1714392898,True,,False
0.7949526813880127,171,False,0.009989484752891693,0.01,,6.2821229999826755,6.2821229999826755,0.0,magic,1,,RSP3,10,7167,1902,17118,0.5813179109709078,1714392898,True,,False
0.7660357518401683,171,False,0.009989484752891693,0.01,,11.598842000006698,11.598842000006698,0.0,magic,1,,RHC,10,3474,1902,17118,0.7970557308096741,1714392898,True,,False
0.7344900105152471,171,False,0.009989484752891693,0.01,,15.031847999984166,15.031847999984166,0.0,magic,1,,SPINE+1NN,10,171,1902,17118,0.9900105152471083,1714392898,False,"{""admission"": {""criterion"": ""risk"", ""removed_risk"": 3, ""removed_support"": 0}, ""betti_final"": [[3, 0], [2, 0]], ""betti_frozen"": [[3, 0], [2, 0]], ""betti_nerve"": [[1, 0], [1, 0]], ""boundary_restriction"": ""both"", ""forced_removals"": 0, ""growth_representation_fallbacks"": 111, ""invariant_held"": true, ""n_segments"": 166, ""n_train_fit"": 12838, ""n_val"": 4280, ""phase0"": [{""constant_lens"": false, ""gain"": 0.25, ""lens"": ""pc1"", ""lens_scaling"": ""standardize"", ""min_cluster_size"": 64, ""min_samples"": 5, ""n_class"": 8323, ""n_edges"": 9, ""n_intervals"": 10, ""n_vertices"": 10, ""noise_reassigned"": 7753, ""placement"": ""quantile"", ""slabs"": [{""k"": 1, ""n"": 937}, {""k"": 1, ""n"": 1040}, {""k"": 1, ""n"": 1040}, {""k"": 1, ""n"": 1040}, {""k"": 1, ""n"": 1041}, {""k"": 1, ""n"": 1041}, {""k"": 1, ""n"": 1040}, {""k"": 1, ""n"": 1040}, {""k"": 1, ""n"": 1040}, {""k"": 1, ""n"": 937}]}, {""constant_lens"": false, ""gain"": 0.25, ""lens"": ""pc1"", ""lens_scaling"": ""standardize"", ""min_cluster_size"": 64, ""min_samples"": 5, ""n_class"": 4515, ""n_edges"": 8, ""n_intervals"": 9, ""n_vertices"": 9, ""noise_reassigned"": 4835, ""placement"": ""quantile"", ""slabs"": [{""k"": 1, ""n"": 565}, {""k"": 1, ""n"": 627}, {""k"": 1, ""n"": 627}, {""k"": 1, ""n"": 627}, {""k"": 1, ""n"": 627}, {""k"": 1, ""n"": 627}, {""k"": 1, ""n"": 627}, {""k"": 1, ""n"": 627}, {""k"": 1, ""n"": 565}]}], ""soundness_bound_holds"": true, ""step_rule"": ""scale_free"", ""topology_retention_nerve_to_frozen"": {""beta0_frozen"": 5, ""beta0_nerve"": 2, ""beta1_frozen"": 0, ""beta1_nerve"": 0}}",True
0.7423764458464774,171,False,0.009989484752891693,0.01,,15.031847999984166,15.031847999984166,0.0,magic,1,,SPINE+Graph,10,171,1902,17118,0.9900105152471083,1714392898,False,"{""admission"": {""criterion"": ""risk"", ""removed_risk"": 3, ""removed_support"": 0}, ""betti_final"": [[3, 0], [2, 0]], ""betti_frozen"": [[3, 0], [2, 0]], ""betti_nerve"": [[1, 0], [1, 0]], ""boundary_restriction"": ""both"", ""forced_removals"": 0, ""growth_representation_fallbacks"": 111, ""invariant_held"": true, ""n_segments"": 166, ""n_train_fit"": 12838, ""n_val"": 4280, ""phase0"": [{""constant_lens"": false, ""gain"": 0.25, ""lens"": ""pc1"", ""lens_scaling"": ""standardize"", ""min_cluster_size"": 64, ""min_samples"": 5, ""n_class"": 8323, ""n_edges"": 9, ""n_intervals"": 10, ""n_vertices"": 10, ""noise_reassigned"": 7753, ""placement"": ""quantile"", ""slabs"": [{""k"": 1, ""n"": 937}, {""k"": 1, ""n"": 1040}, {""k"": 1, ""n"": 1040}, {""k"": 1, ""n"": 1040}, {""k"": 1, ""n"": 1041}, {""k"": 1, ""n"": 1041}, {""k"": 1, ""n"": 1040}, {""k"": 1, ""n"": 1040}, {""k"": 1, ""n"": 1040}, {""k"": 1, ""n"": 937}]}, {""constant_lens"": false, ""gain"": 0.25, ""lens"": ""pc1"", ""lens_scaling"": ""standardize"", ""min_cluster_size"": 64, ""min_samples"": 5, ""n_class"": 4515, ""n_edges"": 8, ""n_intervals"": 9, ""n_vertices"": 9, ""noise_reassigned"": 4835, ""placement"": ""quantile"", ""slabs"": [{""k"": 1, ""n"": 565}, {""k"": 1, ""n"": 627}, {""k"": 1, ""n"": 627}, {""k"": 1, ""n"": 627}, {""k"": 1, ""n"": 627}, {""k"": 1, ""n"": 627}, {""k"": 1, ""n"": 627}, {""k"": 1, ""n"": 627}, {""k"": 1, ""n"": 565}]}], ""soundness_bound_holds"": true, ""step_rule"": ""scale_free"", ""topology_retention_nerve_to_frozen"": {""beta0_frozen"": 5, ""beta0_nerve"": 2, ""beta1_frozen"": 0, ""beta1_nerve"": 0}}",True
0.8443743427970557,171,False,0.009989484752891693,0.01,,4.579984000010882,77.17273799999384,72.59275399998296,magic,1,"{""epsilon"": 0.1, ""window"": 0.3}",LVQ3,10,171,1902,17118,0.9900105152471083,1714392898,False,,True
0.8049421661409043,171,False,0.009989484752891693,0.01,"{""0"": 111, ""1"": 60}",9.725246999994852,9.725246999994852,0.0,magic,1,,KMeans,10,171,1902,17118,0.9900105152471083,1714392898,False,,True
0.7481598317560463,171,False,0.009989484752891693,0.01,"{""0"": 111, ""1"": 60}",0.003607000020565465,0.003607000020565465,0.0,magic,1,,Random,10,171,1902,17118,0.9900105152471083,1714392898,False,,True
0.7534174553101998,171,False,0.009989484752891693,0.01,,6.209024999989197,6.209024999989197,0.0,magic,1,,SPOT,10,171,1902,17118,0.9900105152471083,1714392898,False,,True
0.788117770767613,171,False,0.009989484752891693,0.01,,66.5916750000033,66.5916750000033,0.0,magic,1,,GLVQ,10,171,1902,17118,0.9900105152471083,1714392898,False,,True
0.8038906414300736,171,False,0.009989484752891693,0.01,,2.094790000002831,2.094790000002831,0.0,magic,1,,GNG,10,171,1902,17118,0.9900105152471083,1714392898,False,,True
0.81335436382755,342,False,0.019978969505783387,0.02,,0.0001999999803956598,0.0001999999803956598,0.0,magic,1,,Full,10,17118,1902,17118,0.0,1714392898,True,,False
0.7949526813880127,342,False,0.019978969505783387,0.02,,6.2821229999826755,6.2821229999826755,0.0,magic,1,,RSP3,10,7167,1902,17118,0.5813179109709078,1714392898,True,,False
0.7660357518401683,342,False,0.019978969505783387,0.02,,11.598842000006698,11.598842000006698,0.0,magic,1,,RHC,10,3474,1902,17118,0.7970557308096741,1714392898,True,,False
0.7691903259726603,342,False,0.019978969505783387,0.02,,28.483173000015086,28.483173000015086,0.0,magic,1,,SPINE+1NN,10,342,1902,17118,0.9800210304942166,1714392898,False,"{""admission"": {""criterion"": ""risk"", ""removed_risk"": 3, ""removed_support"": 0}, ""betti_final"": [[3, 0], [2, 0]], ""betti_frozen"": [[3, 0], [2, 0]], ""betti_nerve"": [[1, 0], [1, 0]], ""boundary_restriction"": ""both"", ""forced_removals"": 0, ""growth_representation_fallbacks"": 237, ""invariant_held"": true, ""n_segments"": 337, ""n_train_fit"": 12838, ""n_val"": 4280, ""phase0"": [{""constant_lens"": false, ""gain"": 0.25, ""lens"": ""pc1"", ""lens_scaling"": ""standardize"", ""min_cluster_size"": 64, ""min_samples"": 5, ""n_class"": 8323, ""n_edges"": 9, ""n_intervals"": 10, ""n_vertices"": 10, ""noise_reassigned"": 7753, ""placement"": ""quantile"", ""slabs"": [{""k"": 1, ""n"": 937}, {""k"": 1, ""n"": 1040}, {""k"": 1, ""n"": 1040}, {""k"": 1, ""n"": 1040}, {""k"": 1, ""n"": 1041}, {""k"": 1, ""n"": 1041}, {""k"": 1, ""n"": 1040}, {""k"": 1, ""n"": 1040}, {""k"": 1, ""n"": 1040}, {""k"": 1, ""n"": 937}]}, {""constant_lens"": false, ""gain"": 0.25, ""lens"": ""pc1"", ""lens_scaling"": ""standardize"", ""min_cluster_size"": 64, ""min_samples"": 5, ""n_class"": 4515, ""n_edges"": 8, ""n_intervals"": 9, ""n_vertices"": 9, ""noise_reassigned"": 4835, ""placement"": ""quantile"", ""slabs"": [{""k"": 1, ""n"": 565}, {""k"": 1, ""n"": 627}, {""k"": 1, ""n"": 627}, {""k"": 1, ""n"": 627}, {""k"": 1, ""n"": 627}, {""k"": 1, ""n"": 627}, {""k"": 1, ""n"": 627}, {""k"": 1, ""n"": 627}, {""k"": 1, ""n"": 565}]}], ""soundness_bound_holds"": true, ""step_rule"": ""scale_free"", ""topology_retention_nerve_to_frozen"": {""beta0_frozen"": 5, ""beta0_nerve"": 2, ""beta1_frozen"": 0, ""beta1_nerve"": 0}}",True
0.7765509989484752,342,False,0.019978969505783387,0.02,,28.483173000015086,28.483173000015086,0.0,magic,1,,SPINE+Graph,10,342,1902,17118,0.9800210304942166,1714392898,False,"{""admission"": {""criterion"": ""risk"", ""removed_risk"": 3, ""removed_support"": 0}, ""betti_final"": [[3, 0], [2, 0]], ""betti_frozen"": [[3, 0], [2, 0]], ""betti_nerve"": [[1, 0], [1, 0]], ""boundary_restriction"": ""both"", ""forced_removals"": 0, ""growth_representation_fallbacks"": 237, ""invariant_held"": true, ""n_segments"": 337, ""n_train_fit"": 12838, ""n_val"": 4280, ""phase0"": [{""constant_lens"": false, ""gain"": 0.25, ""lens"": ""pc1"", ""lens_scaling"": ""standardize"", ""min_cluster_size"": 64, ""min_samples"": 5, ""n_class"": 8323, ""n_edges"": 9, ""n_intervals"": 10, ""n_vertices"": 10, ""noise_reassigned"": 7753, ""placement"": ""quantile"", ""slabs"": [{""k"": 1, ""n"": 937}, {""k"": 1, ""n"": 1040}, {""k"": 1, ""n"": 1040}, {""k"": 1, ""n"": 1040}, {""k"": 1, ""n"": 1041}, {""k"": 1, ""n"": 1041}, {""k"": 1, ""n"": 1040}, {""k"": 1, ""n"": 1040}, {""k"": 1, ""n"": 1040}, {""k"": 1, ""n"": 937}]}, {""constant_lens"": false, ""gain"": 0.25, ""lens"": ""pc1"", ""lens_scaling"": ""standardize"", ""min_cluster_size"": 64, ""min_samples"": 5, ""n_class"": 4515, ""n_edges"": 8, ""n_intervals"": 9, ""n_vertices"": 9, ""noise_reassigned"": 4835, ""placement"": ""quantile"", ""slabs"": [{""k"": 1, ""n"": 565}, {""k"": 1, ""n"": 627}, {""k"": 1, ""n"": 627}, {""k"": 1, ""n"": 627}, {""k"": 1, ""n"": 627}, {""k"": 1, ""n"": 627}, {""k"": 1, ""n"": 627}, {""k"": 1, ""n"": 627}, {""k"": 1, ""n"": 565}]}], ""soundness_bound_holds"": true, ""step_rule"": ""scale_free"", ""topology_retention_nerve_to_frozen"": {""beta0_frozen"": 5, ""beta0_nerve"": 2, ""beta1_frozen"": 0, ""beta1_nerve"": 0}}",True
0.844900105152471,342,False,0.019978969505783387,0.02,,7.644994999980554,108.84343799998169,101.19844300000113,magic,1,"{""epsilon"": 0.1, ""window"": 0.3}",LVQ3,10,342,1902,17118,0.9800210304942166,1714392898,False,,True
0.7907465825446898,342,False,0.019978969505783387,0.02,"{""0"": 222, ""1"": 120}",17.48900900001172,17.48900900001172,0.0,magic,1,,KMeans,10,342,1902,17118,0.9800210304942166,1714392898,False,,True
0.7439537329127235,342,False,0.019978969505783387,0.02,"{""0"": 222, ""1"": 120}",0.005583000020124018,0.005583000020124018,0.0,magic,1,,Random,10,342,1902,17118,0.9800210304942166,1714392898,False,,True
0.7749737118822292,342,False,0.019978969505783387,0.02,,7.188427000015508,7.188427000015508,0.0,magic,1,,SPOT,10,342,1902,17118,0.9800210304942166,1714392898,False,,True
0.7891692954784437,342,False,0.019978969505783387,0.02,,128.27325499997823,128.27325499997823,0.0,magic,1,,GLVQ,10,342,1902,17118,0.9800210304942166,1714392898,False,,True
0.807570977917981,342,False,0.019978969505783387,0.02,,7.097412000002805,7.097412000002805,0.0,magic,1,,GNG,10,342,1902,17118,0.9800210304942166,1714392898,False,,True
0.81335436382755,856,False,0.05000584180394906,0.05,,0.0001999999803956598,0.0001999999803956598,0.0,magic,1,,Full,10,17118,1902,17118,0.0,1714392898,True,,False
0.7949526813880127,856,False,0.05000584180394906,0.05,,6.2821229999826755,6.2821229999826755,0.0,magic,1,,RSP3,10,7167,1902,17118,0.5813179109709078,1714392898,True,,False
0.7660357518401683,856,False,0.05000584180394906,0.05,,11.598842000006698,11.598842000006698,0.0,magic,1,,RHC,10,3474,1902,17118,0.7970557308096741,1714392898,True,,False
0.8023133543638276,856,False,0.05000584180394906,0.05,,116.17381499998737,116.17381499998737,0.0,magic,1,,SPINE+1NN,10,856,1902,17118,0.9499941581960509,1714392898,False,"{""admission"": {""criterion"": ""risk"", ""removed_risk"": 3, ""removed_support"": 0}, ""betti_final"": [[3, 0], [2, 0]], ""betti_frozen"": [[3, 0], [2, 0]], ""betti_nerve"": [[1, 0], [1, 0]], ""boundary_restriction"": ""both"", ""forced_removals"": 0, ""growth_representation_fallbacks"": 603, ""invariant_held"": true, ""n_segments"": 851, ""n_train_fit"": 12838, ""n_val"": 4280, ""phase0"": [{""constant_lens"": false, ""gain"": 0.25, ""lens"": ""pc1"", ""lens_scaling"": ""standardize"", ""min_cluster_size"": 64, ""min_samples"": 5, ""n_class"": 8323, ""n_edges"": 9, ""n_intervals"": 10, ""n_vertices"": 10, ""noise_reassigned"": 7753, ""placement"": ""quantile"", ""slabs"": [{""k"": 1, ""n"": 937}, {""k"": 1, ""n"": 1040}, {""k"": 1, ""n"": 1040}, {""k"": 1, ""n"": 1040}, {""k"": 1, ""n"": 1041}, {""k"": 1, ""n"": 1041}, {""k"": 1, ""n"": 1040}, {""k"": 1, ""n"": 1040}, {""k"": 1, ""n"": 1040}, {""k"": 1, ""n"": 937}]}, {""constant_lens"": false, ""gain"": 0.25, ""lens"": ""pc1"", ""lens_scaling"": ""standardize"", ""min_cluster_size"": 64, ""min_samples"": 5, ""n_class"": 4515, ""n_edges"": 8, ""n_intervals"": 9, ""n_vertices"": 9, ""noise_reassigned"": 4835, ""placement"": ""quantile"", ""slabs"": [{""k"": 1, ""n"": 565}, {""k"": 1, ""n"": 627}, {""k"": 1, ""n"": 627}, {""k"": 1, ""n"": 627}, {""k"": 1, ""n"": 627}, {""k"": 1, ""n"": 627}, {""k"": 1, ""n"": 627}, {""k"": 1, ""n"": 627}, {""k"": 1, ""n"": 565}]}], ""soundness_bound_holds"": true, ""step_rule"": ""scale_free"", ""topology_retention_nerve_to_frozen"": {""beta0_frozen"": 5, ""beta0_nerve"": 2, ""beta1_frozen"": 0, ""beta1_nerve"": 0}}",True
0.805993690851735,856,False,0.05000584180394906,0.05,,116.17381499998737,116.17381499998737,0.0,magic,1,,SPINE+Graph,10,856,1902,17118,0.9499941581960509,1714392898,False,"{""admission"": {""criterion"": ""risk"", ""removed_risk"": 3, ""removed_support"": 0}, ""betti_final"": [[3, 0], [2, 0]], ""betti_frozen"": [[3, 0], [2, 0]], ""betti_nerve"": [[1, 0], [1, 0]], ""boundary_restriction"": ""both"", ""forced_removals"": 0, ""growth_representation_fallbacks"": 603, ""invariant_held"": true, ""n_segments"": 851, ""n_train_fit"": 12838, ""n_val"": 4280, ""phase0"": [{""constant_lens"": false, ""gain"": 0.25, ""lens"": ""pc1"", ""lens_scaling"": ""standardize"", ""min_cluster_size"": 64, ""min_samples"": 5, ""n_class"": 8323, ""n_edges"": 9, ""n_intervals"": 10, ""n_vertices"": 10, ""noise_reassigned"": 7753, ""placement"": ""quantile"", ""slabs"": [{""k"": 1, ""n"": 937}, {""k"": 1, ""n"": 1040}, {""k"": 1, ""n"": 1040}, {""k"": 1, ""n"": 1040}, {""k"": 1, ""n"": 1041}, {""k"": 1, ""n"": 1041}, {""k"": 1, ""n"": 1040}, {""k"": 1, ""n"": 1040}, {""k"": 1, ""n"": 1040}, {""k"": 1, ""n"": 937}]}, {""constant_lens"": false, ""gain"": 0.25, ""lens"": ""pc1"", ""lens_scaling"": ""standardize"", ""min_cluster_size"": 64, ""min_samples"": 5, ""n_class"": 4515, ""n_edges"": 8, ""n_intervals"": 9, ""n_vertices"": 9, ""noise_reassigned"": 4835, ""placement"": ""quantile"", ""slabs"": [{""k"": 1, ""n"": 565}, {""k"": 1, ""n"": 627}, {""k"": 1, ""n"": 627}, {""k"": 1, ""n"": 627}, {""k"": 1, ""n"": 627}, {""k"": 1, ""n"": 627}, {""k"": 1, ""n"": 627}, {""k"": 1, ""n"": 627}, {""k"": 1, ""n"": 565}]}], ""soundness_bound_holds"": true, ""step_rule"": ""scale_free"", ""topology_retention_nerve_to_frozen"": {""beta0_frozen"": 5, ""beta0_nerve"": 2, ""beta1_frozen"": 0, ""beta1_nerve"": 0}}",True
0.841745531019979,856,False,0.05000584180394906,0.05,,11.645206999994116,204.55740499999956,192.91219800000545,magic,1,"{""epsilon"": 0.1, ""window"": 0.2}",LVQ3,10,856,1902,17118,0.9499941581960509,1714392898,False,,True
0.7986330178759201,856,False,0.05000584180394906,0.05,"{""0"": 555, ""1"": 301}",30.560201999993296,30.560201999993296,0.0,magic,1,,KMeans,10,856,1902,17118,0.9499941581960509,1714392898,False,,True
0.7718191377497371,856,False,0.05000584180394906,0.05,"{""0"": 555, ""1"": 301}",0.002227999997558072,0.002227999997558072,0.0,magic,1,,Random,10,856,1902,17118,0.9499941581960509,1714392898,False,,True
0.7944269190325972,856,False,0.05000584180394906,0.05,,7.736925000004703,7.736925000004703,0.0,magic,1,,SPOT,10,856,1902,17118,0.9499941581960509,1714392898,False,,True
0.7991587802313355,856,False,0.05000584180394906,0.05,,312.2515339999809,312.2515339999809,0.0,magic,1,,GLVQ,10,856,1902,17118,0.9499941581960509,1714392898,False,,True
0.805993690851735,856,False,0.05000584180394906,0.05,,42.10742700000992,42.10742700000992,0.0,magic,1,,GNG,10,856,1902,17118,0.9499941581960509,1714392898,False,,True
0.81335436382755,1712,False,0.10001168360789812,0.1,,0.0001999999803956598,0.0001999999803956598,0.0,magic,1,,Full,10,17118,1902,17118,0.0,1714392898,True,,False
0.7949526813880127,1712,False,0.10001168360789812,0.1,,6.2821229999826755,6.2821229999826755,0.0,magic,1,,RSP3,10,7167,1902,17118,0.5813179109709078,1714392898,True,,False
0.7660357518401683,1712,False,0.10001168360789812,0.1,,11.598842000006698,11.598842000006698,0.0,magic,1,,RHC,10,3474,1902,17118,0.7970557308096741,1714392898,True,,False
0.8233438485804416,1712,False,0.10001168360789812,0.1,,462.2208559999999,462.2208559999999,0.0,magic,1,,SPINE+1NN,10,1712,1902,17118,0.8999883163921019,1714392898,False,"{""admission"": {""criterion"": ""risk"", ""removed_risk"": 3, ""removed_support"": 0}, ""betti_final"": [[3, 0], [2, 0]], ""betti_frozen"": [[3, 0], [2, 0]], ""betti_nerve"": [[1, 0], [1, 0]], ""boundary_restriction"": ""both"", ""forced_removals"": 0, ""growth_representation_fallbacks"": 1222, ""invariant_held"": true, ""n_segments"": 1707, ""n_train_fit"": 12838, ""n_val"": 4280, ""phase0"": [{""constant_lens"": false, ""gain"": 0.25, ""lens"": ""pc1"", ""lens_scaling"": ""standardize"", ""min_cluster_size"": 64, ""min_samples"": 5, ""n_class"": 8323, ""n_edges"": 9, ""n_intervals"": 10, ""n_vertices"": 10, ""noise_reassigned"": 7753, ""placement"": ""quantile"", ""slabs"": [{""k"": 1, ""n"": 937}, {""k"": 1, ""n"": 1040}, {""k"": 1, ""n"": 1040}, {""k"": 1, ""n"": 1040}, {""k"": 1, ""n"": 1041}, {""k"": 1, ""n"": 1041}, {""k"": 1, ""n"": 1040}, {""k"": 1, ""n"": 1040}, {""k"": 1, ""n"": 1040}, {""k"": 1, ""n"": 937}]}, {""constant_lens"": false, ""gain"": 0.25, ""lens"": ""pc1"", ""lens_scaling"": ""standardize"", ""min_cluster_size"": 64, ""min_samples"": 5, ""n_class"": 4515, ""n_edges"": 8, ""n_intervals"": 9, ""n_vertices"": 9, ""noise_reassigned"": 4835, ""placement"": ""quantile"", ""slabs"": [{""k"": 1, ""n"": 565}, {""k"": 1, ""n"": 627}, {""k"": 1, ""n"": 627}, {""k"": 1, ""n"": 627}, {""k"": 1, ""n"": 627}, {""k"": 1, ""n"": 627}, {""k"": 1, ""n"": 627}, {""k"": 1, ""n"": 627}, {""k"": 1, ""n"": 565}]}], ""soundness_bound_holds"": true, ""step_rule"": ""scale_free"", ""topology_retention_nerve_to_frozen"": {""beta0_frozen"": 5, ""beta0_nerve"": 2, ""beta1_frozen"": 0, ""beta1_nerve"": 0}}",True
0.8222923238696109,1712,False,0.10001168360789812,0.1,,462.2208559999999,462.2208559999999,0.0,magic,1,,SPINE+Graph,10,1712,1902,17118,0.8999883163921019,1714392898,False,"{""admission"": {""criterion"": ""risk"", ""removed_risk"": 3, ""removed_support"": 0}, ""betti_final"": [[3, 0], [2, 0]], ""betti_frozen"": [[3, 0], [2, 0]], ""betti_nerve"": [[1, 0], [1, 0]], ""boundary_restriction"": ""both"", ""forced_removals"": 0, ""growth_representation_fallbacks"": 1222, ""invariant_held"": true, ""n_segments"": 1707, ""n_train_fit"": 12838, ""n_val"": 4280, ""phase0"": [{""constant_lens"": false, ""gain"": 0.25, ""lens"": ""pc1"", ""lens_scaling"": ""standardize"", ""min_cluster_size"": 64, ""min_samples"": 5, ""n_class"": 8323, ""n_edges"": 9, ""n_intervals"": 10, ""n_vertices"": 10, ""noise_reassigned"": 7753, ""placement"": ""quantile"", ""slabs"": [{""k"": 1, ""n"": 937}, {""k"": 1, ""n"": 1040}, {""k"": 1, ""n"": 1040}, {""k"": 1, ""n"": 1040}, {""k"": 1, ""n"": 1041}, {""k"": 1, ""n"": 1041}, {""k"": 1, ""n"": 1040}, {""k"": 1, ""n"": 1040}, {""k"": 1, ""n"": 1040}, {""k"": 1, ""n"": 937}]}, {""constant_lens"": false, ""gain"": 0.25, ""lens"": ""pc1"", ""lens_scaling"": ""standardize"", ""min_cluster_size"": 64, ""min_samples"": 5, ""n_class"": 4515, ""n_edges"": 8, ""n_intervals"": 9, ""n_vertices"": 9, ""noise_reassigned"": 4835, ""placement"": ""quantile"", ""slabs"": [{""k"": 1, ""n"": 565}, {""k"": 1, ""n"": 627}, {""k"": 1, ""n"": 627}, {""k"": 1, ""n"": 627}, {""k"": 1, ""n"": 627}, {""k"": 1, ""n"": 627}, {""k"": 1, ""n"": 627}, {""k"": 1, ""n"": 627}, {""k"": 1, ""n"": 565}]}], ""soundness_bound_holds"": true, ""step_rule"": ""scale_free"", ""topology_retention_nerve_to_frozen"": {""beta0_frozen"": 5, ""beta0_nerve"": 2, ""beta1_frozen"": 0, ""beta1_nerve"": 0}}",True
0.8406940063091483,1712,False,0.10001168360789812,0.1,,19.742911999986973,334.40533499998855,314.6624230000016,magic,1,"{""epsilon"": 0.1, ""window"": 0.3}",LVQ3,10,1712,1902,17118,0.8999883163921019,1714392898,False,,True
0.8128286014721346,1712,False,0.10001168360789812,0.1,"{""0"": 1110, ""1"": 602}",45.00164999999106,45.00164999999106,0.0,magic,1,,KMeans,10,1712,1902,17118,0.8999883163921019,1714392898,False,,True
0.795478443743428,1712,False,0.10001168360789812,0.1,"{""0"": 1110, ""1"": 602}",0.005808999994769692,0.005808999994769692,0.0,magic,1,,Random,10,1712,1902,17118,0.8999883163921019,1714392898,False,,True
0.8007360672975815,1712,False,0.10001168360789812,0.1,,8.130601000011666,8.130601000011666,0.0,magic,1,,SPOT,10,1712,1902,17118,0.8999883163921019,1714392898,False,,True
0.7986330178759201,1712,False,0.10001168360789812,0.1,,621.2794620000059,621.2794620000059,0.0,magic,1,,GLVQ,10,1712,1902,17118,0.8999883163921019,1714392898,False,,True
0.8096740273396424,1712,False,0.10001168360789812,0.1,,155.79512399999658,155.79512399999658,0.0,magic,1,,GNG,10,1712,1902,17118,0.8999883163921019,1714392898,False,,True
0.81335436382755,4280,False,0.2500292090197453,0.25,,0.0001999999803956598,0.0001999999803956598,0.0,magic,1,,Full,10,17118,1902,17118,0.0,1714392898,True,,False
0.7949526813880127,4280,False,0.2500292090197453,0.25,,6.2821229999826755,6.2821229999826755,0.0,magic,1,,RSP3,10,7167,1902,17118,0.5813179109709078,1714392898,True,,False
0.7660357518401683,4280,False,0.2500292090197453,0.25,,11.598842000006698,11.598842000006698,0.0,magic,1,,RHC,10,3474,1902,17118,0.7970557308096741,1714392898,True,,False
0.8370136698212408,4280,False,0.2500292090197453,0.25,,3448.4016980000015,3448.4016980000015,0.0,magic,1,,SPINE+1NN,10,4280,1902,17118,0.7499707909802547,1714392898,False,"{""admission"": {""criterion"": ""risk"", ""removed_risk"": 3, ""removed_support"": 0}, ""betti_final"": [[3, 0], [2, 0]], ""betti_frozen"": [[3, 0], [2, 0]], ""betti_nerve"": [[1, 0], [1, 0]], ""boundary_restriction"": ""both"", ""forced_removals"": 0, ""growth_representation_fallbacks"": 3586, ""invariant_held"": true, ""n_segments"": 4275, ""n_train_fit"": 12838, ""n_val"": 4280, ""phase0"": [{""constant_lens"": false, ""gain"": 0.25, ""lens"": ""pc1"", ""lens_scaling"": ""standardize"", ""min_cluster_size"": 64, ""min_samples"": 5, ""n_class"": 8323, ""n_edges"": 9, ""n_intervals"": 10, ""n_vertices"": 10, ""noise_reassigned"": 7753, ""placement"": ""quantile"", ""slabs"": [{""k"": 1, ""n"": 937}, {""k"": 1, ""n"": 1040}, {""k"": 1, ""n"": 1040}, {""k"": 1, ""n"": 1040}, {""k"": 1, ""n"": 1041}, {""k"": 1, ""n"": 1041}, {""k"": 1, ""n"": 1040}, {""k"": 1, ""n"": 1040}, {""k"": 1, ""n"": 1040}, {""k"": 1, ""n"": 937}]}, {""constant_lens"": false, ""gain"": 0.25, ""lens"": ""pc1"", ""lens_scaling"": ""standardize"", ""min_cluster_size"": 64, ""min_samples"": 5, ""n_class"": 4515, ""n_edges"": 8, ""n_intervals"": 9, ""n_vertices"": 9, ""noise_reassigned"": 4835, ""placement"": ""quantile"", ""slabs"": [{""k"": 1, ""n"": 565}, {""k"": 1, ""n"": 627}, {""k"": 1, ""n"": 627}, {""k"": 1, ""n"": 627}, {""k"": 1, ""n"": 627}, {""k"": 1, ""n"": 627}, {""k"": 1, ""n"": 627}, {""k"": 1, ""n"": 627}, {""k"": 1, ""n"": 565}]}], ""soundness_bound_holds"": true, ""step_rule"": ""scale_free"", ""topology_retention_nerve_to_frozen"": {""beta0_frozen"": 5, ""beta0_nerve"": 2, ""beta1_frozen"": 0, ""beta1_nerve"": 0}}",True
0.8385909568874869,4280,False,0.2500292090197453,0.25,,3448.4016980000015,3448.4016980000015,0.0,magic,1,,SPINE+Graph,10,4280,1902,17118,0.7499707909802547,1714392898,False,"{""admission"": {""criterion"": ""risk"", ""removed_risk"": 3, ""removed_support"": 0}, ""betti_final"": [[3, 0], [2, 0]], ""betti_frozen"": [[3, 0], [2, 0]], ""betti_nerve"": [[1, 0], [1, 0]], ""boundary_restriction"": ""both"", ""forced_removals"": 0, ""growth_representation_fallbacks"": 3586, ""invariant_held"": true, ""n_segments"": 4275, ""n_train_fit"": 12838, ""n_val"": 4280, ""phase0"": [{""constant_lens"": false, ""gain"": 0.25, ""lens"": ""pc1"", ""lens_scaling"": ""standardize"", ""min_cluster_size"": 64, ""min_samples"": 5, ""n_class"": 8323, ""n_edges"": 9, ""n_intervals"": 10, ""n_vertices"": 10, ""noise_reassigned"": 7753, ""placement"": ""quantile"", ""slabs"": [{""k"": 1, ""n"": 937}, {""k"": 1, ""n"": 1040}, {""k"": 1, ""n"": 1040}, {""k"": 1, ""n"": 1040}, {""k"": 1, ""n"": 1041}, {""k"": 1, ""n"": 1041}, {""k"": 1, ""n"": 1040}, {""k"": 1, ""n"": 1040}, {""k"": 1, ""n"": 1040}, {""k"": 1, ""n"": 937}]}, {""constant_lens"": false, ""gain"": 0.25, ""lens"": ""pc1"", ""lens_scaling"": ""standardize"", ""min_cluster_size"": 64, ""min_samples"": 5, ""n_class"": 4515, ""n_edges"": 8, ""n_intervals"": 9, ""n_vertices"": 9, ""noise_reassigned"": 4835, ""placement"": ""quantile"", ""slabs"": [{""k"": 1, ""n"": 565}, {""k"": 1, ""n"": 627}, {""k"": 1, ""n"": 627}, {""k"": 1, ""n"": 627}, {""k"": 1, ""n"": 627}, {""k"": 1, ""n"": 627}, {""k"": 1, ""n"": 627}, {""k"": 1, ""n"": 627}, {""k"": 1, ""n"": 565}]}], ""soundness_bound_holds"": true, ""step_rule"": ""scale_free"", ""topology_retention_nerve_to_frozen"": {""beta0_frozen"": 5, ""beta0_nerve"": 2, ""beta1_frozen"": 0, ""beta1_nerve"": 0}}",True
0.8464773922187171,4280,False,0.2500292090197453,0.25,,54.0279440000013,919.9536609999777,865.9257169999764,magic,1,"{""epsilon"": 0.1, ""window"": 0.2}",LVQ3,10,4280,1902,17118,0.7499707909802547,1714392898,False,,True
0.8070452155625657,4280,False,0.2500292090197453,0.25,"{""0"": 2775, ""1"": 1505}",65.73256099998252,65.73256099998252,0.0,magic,1,,KMeans,10,4280,1902,17118,0.7499707909802547,1714392898,False,,True
0.7939011566771819,4280,False,0.2500292090197453,0.25,"{""0"": 2775, ""1"": 1505}",0.00330400001257658,0.00330400001257658,0.0,magic,1,,Random,10,4280,1902,17118,0.7499707909802547,1714392898,False,,True
0.8170347003154574,4280,False,0.2500292090197453,0.25,,8.64904899999965,8.64904899999965,0.0,magic,1,,SPOT,10,4280,1902,17118,0.7499707909802547,1714392898,False,,True
0.8002103049421662,4280,False,0.2500292090197453,0.25,,1542.0889259999967,1542.0889259999967,0.0,magic,1,,GLVQ,10,4280,1902,17118,0.7499707909802547,1714392898,False,,True
0.8212407991587802,4280,False,0.2500292090197453,0.25,,941.2787219999882,941.2787219999882,0.0,magic,1,,GNG,10,4280,1902,17118,0.7499707909802547,1714392898,False,,True
0.81335436382755,86,False,0.005023951396191144,0.005,,0.00022299998090602458,0.00022299998090602458,0.0,magic,2,,Full,10,17118,1902,17118,0.0,1715392901,False,,False
0.7944269190325972,86,False,0.005023951396191144,0.005,,5.313957999984268,5.313957999984268,0.0,magic,2,,RSP3,10,7194,1902,17118,0.5797406239046617,1715392901,False,,False
0.7613038906414301,86,False,0.005023951396191144,0.005,,12.147533000010299,12.147533000010299,0.0,magic,2,,RHC,10,3450,1902,17118,0.7984577637574484,1715392901,False,,False
0.7039957939011566,86,False,0.005023951396191144,0.005,,13.062372999993386,13.062372999993386,0.0,magic,2,,SPINE+1NN,10,86,1902,17118,0.9949760486038088,1715392901,False,"{""admission"": {""criterion"": ""risk"", ""removed_risk"": 5, ""removed_support"": 0}, ""betti_final"": [[3, 0], [4, 0]], ""betti_frozen"": [[3, 0], [4, 0]], ""betti_nerve"": [[1, 0], [1, 0]], ""boundary_restriction"": ""both"", ""forced_removals"": 0, ""growth_representation_fallbacks"": 47, ""invariant_held"": true, ""n_segments"": 79, ""n_train_fit"": 12838, ""n_val"": 4280, ""phase0"": [{""constant_lens"": false, ""gain"": 0.25, ""lens"": ""pc1"", ""lens_scaling"": ""standardize"", ""min_cluster_size"": 64, ""min_samples"": 5, ""n_class"": 8324, ""n_edges"": 9, ""n_intervals"": 10, ""n_vertices"": 10, ""noise_reassigned"": 7659, ""placement"": ""quantile"", ""slabs"": [{""k"": 1, ""n"": 937}, {""k"": 1, ""n"": 1040}, {""k"": 1, ""n"": 1040}, {""k"": 1, ""n"": 1041}, {""k"": 1, ""n"": 1040}, {""k"": 1, ""n"": 1040}, {""k"": 1, ""n"": 1041}, {""k"": 1, ""n"": 1040}, {""k"": 1, ""n"": 1040}, {""k"": 1, ""n"": 937}]}, {""constant_lens"": false, ""gain"": 0.25, ""lens"": ""pc1"", ""lens_scaling"": ""standardize"", ""min_cluster_size"": 64, ""min_samples"": 5, ""n_class"": 4514, ""n_edges"": 8, ""n_intervals"": 9, ""n_vertices"": 9, ""noise_reassigned"": 4755, ""placement"": ""quantile"", ""slabs"": [{""k"": 1, ""n"": 565}, {""k"": 1, ""n"": 627}, {""k"": 1, ""n"": 627}, {""k"": 1, ""n"": 627}, {""k"": 1, ""n"": 626}, {""k"": 1, ""n"": 627}, {""k"": 1, ""n"": 627}, {""k"": 1, ""n"": 627}, {""k"": 1, ""n"": 565}]}], ""soundness_bound_holds"": true, ""step_rule"": ""scale_free"", ""topology_retention_nerve_to_frozen"": {""beta0_frozen"": 7, ""beta0_nerve"": 2, ""beta1_frozen"": 0, ""beta1_nerve"": 0}}",True
0.7155625657202944,86,False,0.005023951396191144,0.005,,13.062372999993386,13.062372999993386,0.0,magic,2,,SPINE+Graph,10,86,1902,17118,0.9949760486038088,1715392901,False,"{""admission"": {""criterion"": ""risk"", ""removed_risk"": 5, ""removed_support"": 0}, ""betti_final"": [[3, 0], [4, 0]], ""betti_frozen"": [[3, 0], [4, 0]], ""betti_nerve"": [[1, 0], [1, 0]], ""boundary_restriction"": ""both"", ""forced_removals"": 0, ""growth_representation_fallbacks"": 47, ""invariant_held"": true, ""n_segments"": 79, ""n_train_fit"": 12838, ""n_val"": 4280, ""phase0"": [{""constant_lens"": false, ""gain"": 0.25, ""lens"": ""pc1"", ""lens_scaling"": ""standardize"", ""min_cluster_size"": 64, ""min_samples"": 5, ""n_class"": 8324, ""n_edges"": 9, ""n_intervals"": 10, ""n_vertices"": 10, ""noise_reassigned"": 7659, ""placement"": ""quantile"", ""slabs"": [{""k"": 1, ""n"": 937}, {""k"": 1, ""n"": 1040}, {""k"": 1, ""n"": 1040}, {""k"": 1, ""n"": 1041}, {""k"": 1, ""n"": 1040}, {""k"": 1, ""n"": 1040}, {""k"": 1, ""n"": 1041}, {""k"": 1, ""n"": 1040}, {""k"": 1, ""n"": 1040}, {""k"": 1, ""n"": 937}]}, {""constant_lens"": false, ""gain"": 0.25, ""lens"": ""pc1"", ""lens_scaling"": ""standardize"", ""min_cluster_size"": 64, ""min_samples"": 5, ""n_class"": 4514, ""n_edges"": 8, ""n_intervals"": 9, ""n_vertices"": 9, ""noise_reassigned"": 4755, ""placement"": ""quantile"", ""slabs"": [{""k"": 1, ""n"": 565}, {""k"": 1, ""n"": 627}, {""k"": 1, ""n"": 627}, {""k"": 1, ""n"": 627}, {""k"": 1, ""n"": 626}, {""k"": 1, ""n"": 627}, {""k"": 1, ""n"": 627}, {""k"": 1, ""n"": 627}, {""k"": 1, ""n"": 565}]}], ""soundness_bound_holds"": true, ""step_rule"": ""scale_free"", ""topology_retention_nerve_to_frozen"": {""beta0_frozen"": 7, ""beta0_nerve"": 2, ""beta1_frozen"": 0, ""beta1_nerve"": 0}}",True
0.8343848580441641,86,False,0.005023951396191144,0.005,,3.7315289999824017,60.77670799999032,57.04517900000792,magic,2,"{""epsilon"": 0.1, ""window"": 0.3}",LVQ3,10,86,1902,17118,0.9949760486038088,1715392901,False,,True
0.7854889589905363,86,False,0.005023951396191144,0.005,"{""0"": 56, ""1"": 30}",5.658591999992495,5.658591999992495,0.0,magic,2,,KMeans,10,86,1902,17118,0.9949760486038088,1715392901,False,,True
0.7255520504731862,86,False,0.005023951396191144,0.005,"{""0"": 56, ""1"": 30}",0.0017619999998714775,0.0017619999998714775,0.0,magic,2,,Random,10,86,1902,17118,0.9949760486038088,1715392901,False,,True
0.7407991587802313,86,False,0.005023951396191144,0.005,,6.998403000005055,6.998403000005055,0.0,magic,2,,SPOT,10,86,1902,17118,0.9949760486038088,1715392901,False,,True
0.7818086225026288,86,False,0.005023951396191144,0.005,,36.104533000005176,36.104533000005176,0.0,magic,2,,GLVQ,10,86,1902,17118,0.9949760486038088,1715392901,False,,True
0.8049421661409043,86,False,0.005023951396191144,0.005,,0.6690689999959432,0.6690689999959432,0.0,magic,2,,GNG,10,86,1902,17118,0.9949760486038088,1715392901,False,,True
0.81335436382755,171,False,0.009989484752891693,0.01,,0.00022299998090602458,0.00022299998090602458,0.0,magic,2,,Full,10,17118,1902,17118,0.0,1715392901,True,,False
0.7944269190325972,171,False,0.009989484752891693,0.01,,5.313957999984268,5.313957999984268,0.0,magic,2,,RSP3,10,7194,1902,17118,0.5797406239046617,1715392901,True,,False
0.7613038906414301,171,False,0.009989484752891693,0.01,,12.147533000010299,12.147533000010299,0.0,magic,2,,RHC,10,3450,1902,17118,0.7984577637574484,1715392901,True,,False
0.7392218717139852,171,False,0.009989484752891693,0.01,,15.686167000007117,15.686167000007117,0.0,magic,2,,SPINE+1NN,10,171,1902,17118,0.9900105152471083,1715392901,False,"{""admission"": {""criterion"": ""risk"", ""removed_risk"": 5, ""removed_support"": 0}, ""betti_final"": [[3, 0], [4, 0]], ""betti_frozen"": [[3, 0], [4, 0]], ""betti_nerve"": [[1, 0], [1, 0]], ""boundary_restriction"": ""both"", ""forced_removals"": 0, ""growth_representation_fallbacks"": 106, ""invariant_held"": true, ""n_segments"": 164, ""n_train_fit"": 12838, ""n_val"": 4280, ""phase0"": [{""constant_lens"": false, ""gain"": 0.25, ""lens"": ""pc1"", ""lens_scaling"": ""standardize"", ""min_cluster_size"": 64, ""min_samples"": 5, ""n_class"": 8324, ""n_edges"": 9, ""n_intervals"": 10, ""n_vertices"": 10, ""noise_reassigned"": 7659, ""placement"": ""quantile"", ""slabs"": [{""k"": 1, ""n"": 937}, {""k"": 1, ""n"": 1040}, {""k"": 1, ""n"": 1040}, {""k"": 1, ""n"": 1041}, {""k"": 1, ""n"": 1040}, {""k"": 1, ""n"": 1040}, {""k"": 1, ""n"": 1041}, {""k"": 1, ""n"": 1040}, {""k"": 1, ""n"": 1040}, {""k"": 1, ""n"": 937}]}, {""constant_lens"": false, ""gain"": 0.25, ""lens"": ""pc1"", ""lens_scaling"": ""standardize"", ""min_cluster_size"": 64, ""min_samples"": 5, ""n_class"": 4514, ""n_edges"": 8, ""n_intervals"": 9, ""n_vertices"": 9, ""noise_reassigned"": 4755, ""placement"": ""quantile"", ""slabs"": [{""k"": 1, ""n"": 565}, {""k"": 1, ""n"": 627}, {""k"": 1, ""n"": 627}, {""k"": 1, ""n"": 627}, {""k"": 1, ""n"": 626}, {""k"": 1, ""n"": 627}, {""k"": 1, ""n"": 627}, {""k"": 1, ""n"": 627}, {""k"": 1, ""n"": 565}]}], ""soundness_bound_holds"": true, ""step_rule"": ""scale_free"", ""topology_retention_nerve_to_frozen"": {""beta0_frozen"": 7, ""beta0_nerve"": 2, ""beta1_frozen"": 0, ""beta1_nerve"": 0}}",True
0.7455310199789695,171,False,0.009989484752891693,0.01,,15.686167000007117,15.686167000007117,0.0,magic,2,,SPINE+Graph,10,171,1902,17118,0.9900105152471083,1715392901,False,"{""admission"": {""criterion"": ""risk"", ""removed_risk"": 5, ""removed_support"": 0}, ""betti_final"": [[3, 0], [4, 0]], ""betti_frozen"": [[3, 0], [4, 0]], ""betti_nerve"": [[1, 0], [1, 0]], ""boundary_restriction"": ""both"", ""forced_removals"": 0, ""growth_representation_fallbacks"": 106, ""invariant_held"": true, ""n_segments"": 164, ""n_train_fit"": 12838, ""n_val"": 4280, ""phase0"": [{""constant_lens"": false, ""gain"": 0.25, ""lens"": ""pc1"", ""lens_scaling"": ""standardize"", ""min_cluster_size"": 64, ""min_samples"": 5, ""n_class"": 8324, ""n_edges"": 9, ""n_intervals"": 10, ""n_vertices"": 10, ""noise_reassigned"": 7659, ""placement"": ""quantile"", ""slabs"": [{""k"": 1, ""n"": 937}, {""k"": 1, ""n"": 1040}, {""k"": 1, ""n"": 1040}, {""k"": 1, ""n"": 1041}, {""k"": 1, ""n"": 1040}, {""k"": 1, ""n"": 1040}, {""k"": 1, ""n"": 1041}, {""k"": 1, ""n"": 1040}, {""k"": 1, ""n"": 1040}, {""k"": 1, ""n"": 937}]}, {""constant_lens"": false, ""gain"": 0.25, ""lens"": ""pc1"", ""lens_scaling"": ""standardize"", ""min_cluster_size"": 64, ""min_samples"": 5, ""n_class"": 4514, ""n_edges"": 8, ""n_intervals"": 9, ""n_vertices"": 9, ""noise_reassigned"": 4755, ""placement"": ""quantile"", ""slabs"": [{""k"": 1, ""n"": 565}, {""k"": 1, ""n"": 627}, {""k"": 1, ""n"": 627}, {""k"": 1, ""n"": 627}, {""k"": 1, ""n"": 626}, {""k"": 1, ""n"": 627}, {""k"": 1, ""n"": 627}, {""k"": 1, ""n"": 627}, {""k"": 1, ""n"": 565}]}], ""soundness_bound_holds"": true, ""step_rule"": ""scale_free"", ""topology_retention_nerve_to_frozen"": {""beta0_frozen"": 7, ""beta0_nerve"": 2, ""beta1_frozen"": 0, ""beta1_nerve"": 0}}",True
0.8470031545741324,171,False,0.009989484752891693,0.01,,4.3526030000066385,74.59145000000717,70.23884700000053,magic,2,"{""epsilon"": 0.1, ""window"": 0.2}",LVQ3,10,171,1902,17118,0.9900105152471083,1715392901,False,,True
0.786540483701367,171,False,0.009989484752891693,0.01,"{""0"": 111, ""1"": 60}",10.568073999980697,10.568073999980697,0.0,magic,2,,KMeans,10,171,1902,17118,0.9900105152471083,1715392901,False,,True
0.7218717139852786,171,False,0.009989484752891693,0.01,"{""0"": 111, ""1"": 60}",0.0018459999992046505,0.0018459999992046505,0.0,magic,2,,Random,10,171,1902,17118,0.9900105152471083,1715392901,False,,True
0.7497371188222923,171,False,0.009989484752891693,0.01,,7.130053999979282,7.130053999979282,0.0,magic,2,,SPOT,10,171,1902,17118,0.9900105152471083,1715392901,False,,True
0.7886435331230284,171,False,0.009989484752891693,0.01,,66.85354099998949,66.85354099998949,0.0,magic,2,,GLVQ,10,171,1902,17118,0.9900105152471083,1715392901,False,,True
0.7991587802313355,171,False,0.009989484752891693,0.01,,2.067471000016667,2.067471000016667,0.0,magic,2,,GNG,10,171,1902,17118,0.9900105152471083,1715392901,False,,True
0.81335436382755,342,False,0.019978969505783387,0.02,,0.00022299998090602458,0.00022299998090602458,0.0,magic,2,,Full,10,17118,1902,17118,0.0,1715392901,True,,False
0.7944269190325972,342,False,0.019978969505783387,0.02,,5.313957999984268,5.313957999984268,0.0,magic,2,,RSP3,10,7194,1902,17118,0.5797406239046617,1715392901,True,,False
0.7613038906414301,342,False,0.019978969505783387,0.02,,12.147533000010299,12.147533000010299,0.0,magic,2,,RHC,10,3450,1902,17118,0.7984577637574484,1715392901,True,,False
0.7781282860147214,342,False,0.019978969505783387,0.02,,28.10307200002717,28.10307200002717,0.0,magic,2,,SPINE+1NN,10,342,1902,17118,0.9800210304942166,1715392901,False,"{""admission"": {""criterion"": ""risk"", ""removed_risk"": 5, ""removed_support"": 0}, ""betti_final"": [[3, 0], [4, 0]], ""betti_frozen"": [[3, 0], [4, 0]], ""betti_nerve"": [[1, 0], [1, 0]], ""boundary_restriction"": ""both"", ""forced_removals"": 0, ""growth_representation_fallbacks"": 229, ""invariant_held"": true, ""n_segments"": 335, ""n_train_fit"": 12838, ""n_val"": 4280, ""phase0"": [{""constant_lens"": false, ""gain"": 0.25, ""lens"": ""pc1"", ""lens_scaling"": ""standardize"", ""min_cluster_size"": 64, ""min_samples"": 5, ""n_class"": 8324, ""n_edges"": 9, ""n_intervals"": 10, ""n_vertices"": 10, ""noise_reassigned"": 7659, ""placement"": ""quantile"", ""slabs"": [{""k"": 1, ""n"": 937}, {""k"": 1, ""n"": 1040}, {""k"": 1, ""n"": 1040}, {""k"": 1, ""n"": 1041}, {""k"": 1, ""n"": 1040}, {""k"": 1, ""n"": 1040}, {""k"": 1, ""n"": 1041}, {""k"": 1, ""n"": 1040}, {""k"": 1, ""n"": 1040}, {""k"": 1, ""n"": 937}]}, {""constant_lens"": false, ""gain"": 0.25, ""lens"": ""pc1"", ""lens_scaling"": ""standardize"", ""min_cluster_size"": 64, ""min_samples"": 5, ""n_class"": 4514, ""n_edges"": 8, ""n_intervals"": 9, ""n_vertices"": 9, ""noise_reassigned"": 4755, ""placement"": ""quantile"", ""slabs"": [{""k"": 1, ""n"": 565}, {""k"": 1, ""n"": 627}, {""k"": 1, ""n"": 627}, {""k"": 1, ""n"": 627}, {""k"": 1, ""n"": 626}, {""k"": 1, ""n"": 627}, {""k"": 1, ""n"": 627}, {""k"": 1, ""n"": 627}, {""k"": 1, ""n"": 565}]}], ""soundness_bound_holds"": true, ""step_rule"": ""scale_free"", ""topology_retention_nerve_to_frozen"": {""beta0_frozen"": 7, ""beta0_nerve"": 2, ""beta1_frozen"": 0, ""beta1_nerve"": 0}}",True
0.7812828601472135,342,False,0.019978969505783387,0.02,,28.10307200002717,28.10307200002717,0.0,magic,2,,SPINE+Graph,10,342,1902,17118,0.9800210304942166,1715392901,False,"{""admission"": {""criterion"": ""risk"", ""removed_risk"": 5, ""removed_support"": 0}, ""betti_final"": [[3, 0], [4, 0]], ""betti_frozen"": [[3, 0], [4, 0]], ""betti_nerve"": [[1, 0], [1, 0]], ""boundary_restriction"": ""both"", ""forced_removals"": 0, ""growth_representation_fallbacks"": 229, ""invariant_held"": true, ""n_segments"": 335, ""n_train_fit"": 12838, ""n_val"": 4280, ""phase0"": [{""constant_lens"": false, ""gain"": 0.25, ""lens"": ""pc1"", ""lens_scaling"": ""standardize"", ""min_cluster_size"": 64, ""min_samples"": 5, ""n_class"": 8324, ""n_edges"": 9, ""n_intervals"": 10, ""n_vertices"": 10, ""noise_reassigned"": 7659, ""placement"": ""quantile"", ""slabs"": [{""k"": 1, ""n"": 937}, {""k"": 1, ""n"": 1040}, {""k"": 1, ""n"": 1040}, {""k"": 1, ""n"": 1041}, {""k"": 1, ""n"": 1040}, {""k"": 1, ""n"": 1040}, {""k"": 1, ""n"": 1041}, {""k"": 1, ""n"": 1040}, {""k"": 1, ""n"": 1040}, {""k"": 1, ""n"": 937}]}, {""constant_lens"": false, ""gain"": 0.25, ""lens"": ""pc1"", ""lens_scaling"": ""standardize"", ""min_cluster_size"": 64, ""min_samples"": 5, ""n_class"": 4514, ""n_edges"": 8, ""n_intervals"": 9, ""n_vertices"": 9, ""noise_reassigned"": 4755, ""placement"": ""quantile"", ""slabs"": [{""k"": 1, ""n"": 565}, {""k"": 1, ""n"": 627}, {""k"": 1, ""n"": 627}, {""k"": 1, ""n"": 627}, {""k"": 1, ""n"": 626}, {""k"": 1, ""n"": 627}, {""k"": 1, ""n"": 627}, {""k"": 1, ""n"": 627}, {""k"": 1, ""n"": 565}]}], ""soundness_bound_holds"": true, ""step_rule"": ""scale_free"", ""topology_retention_nerve_to_frozen"": {""beta0_frozen"": 7, ""beta0_nerve"": 2, ""beta1_frozen"": 0, ""beta1_nerve"": 0}}",True
0.849106203995794,342,False,0.019978969505783387,0.02,,6.706479999993462,114.47998600002029,107.77350600002683,magic,2,"{""epsilon"": 0.1, ""window"": 0.3}",LVQ3,10,342,1902,17118,0.9800210304942166,1715392901,False,,True
0.7965299684542587,342,False,0.019978969505783387,0.02,"{""0"": 222, ""1"": 120}",15.848074999987148,15.848074999987148,0.0,magic,2,,KMeans,10,342,1902,17118,0.9800210304942166,1715392901,False,,True
0.767087276550999,342,False,0.019978969505783387,0.02,"{""0"": 222, ""1"": 120}",0.0020169999916106462,0.0020169999916106462,0.0,magic,2,,Random,10,342,1902,17118,0.9800210304942166,1715392901,False,,True
0.7649842271293376,342,False,0.019978969505783387,0.02,,7.364941000007093,7.364941000007093,0.0,magic,2,,SPOT,10,342,1902,17118,0.9800210304942166,1715392901,False,,True
0.7939011566771819,342,False,0.019978969505783387,0.02,,127.65597999998135,127.65597999998135,0.0,magic,2,,GLVQ,10,342,1902,17118,0.9800210304942166,1715392901,False,,True
0.8086225026288117,342,False,0.019978969505783387,0.02,,7.066695999994408,7.066695999994408,0.0,magic,2,,GNG,10,342,1902,17118,0.9800210304942166,1715392901,False,,True
0.81335436382755,856,False,0.05000584180394906,0.05,,0.00022299998090602458,0.00022299998090602458,0.0,magic,2,,Full,10,17118,1902,17118,0.0,1715392901,True,,False
0.7944269190325972,856,False,0.05000584180394906,0.05,,5.313957999984268,5.313957999984268,0.0,magic,2,,RSP3,10,7194,1902,17118,0.5797406239046617,1715392901,True,,False
0.7613038906414301,856,False,0.05000584180394906,0.05,,12.147533000010299,12.147533000010299,0.0,magic,2,,RHC,10,3450,1902,17118,0.7984577637574484,1715392901,True,,False
0.8070452155625657,856,False,0.05000584180394906,0.05,,120.40685900000972,120.40685900000972,0.0,magic,2,,SPINE+1NN,10,856,1902,17118,0.9499941581960509,1715392901,False,"{""admission"": {""criterion"": ""risk"", ""removed_risk"": 5, ""removed_support"": 0}, ""betti_final"": [[3, 0], [4, 0]], ""betti_frozen"": [[3, 0], [4, 0]], ""betti_nerve"": [[1, 0], [1, 0]], ""boundary_restriction"": ""both"", ""forced_removals"": 0, ""growth_representation_fallbacks"": 602, ""invariant_held"": true, ""n_segments"": 849, ""n_train_fit"": 12838, ""n_val"": 4280, ""phase0"": [{""constant_lens"": false, ""gain"": 0.25, ""lens"": ""pc1"", ""lens_scaling"": ""standardize"", ""min_cluster_size"": 64, ""min_samples"": 5, ""n_class"": 8324, ""n_edges"": 9, ""n_intervals"": 10, ""n_vertices"": 10, ""noise_reassigned"": 7659, ""placement"": ""quantile"", ""slabs"": [{""k"": 1, ""n"": 937}, {""k"": 1, ""n"": 1040}, {""k"": 1, ""n"": 1040}, {""k"": 1, ""n"": 1041}, {""k"": 1, ""n"": 1040}, {""k"": 1, ""n"": 1040}, {""k"": 1, ""n"": 1041}, {""k"": 1, ""n"": 1040}, {""k"": 1, ""n"": 1040}, {""k"": 1, ""n"": 937}]}, {""constant_lens"": false, ""gain"": 0.25, ""lens"": ""pc1"", ""lens_scaling"": ""standardize"", ""min_cluster_size"": 64, ""min_samples"": 5, ""n_class"": 4514, ""n_edges"": 8, ""n_intervals"": 9, ""n_vertices"": 9, ""noise_reassigned"": 4755, ""placement"": ""quantile"", ""slabs"": [{""k"": 1, ""n"": 565}, {""k"": 1, ""n"": 627}, {""k"": 1, ""n"": 627}, {""k"": 1, ""n"": 627}, {""k"": 1, ""n"": 626}, {""k"": 1, ""n"": 627}, {""k"": 1, ""n"": 627}, {""k"": 1, ""n"": 627}, {""k"": 1, ""n"": 565}]}], ""soundness_bound_holds"": true, ""step_rule"": ""scale_free"", ""topology_retention_nerve_to_frozen"": {""beta0_frozen"": 7, ""beta0_nerve"": 2, ""beta1_frozen"": 0, ""beta1_nerve"": 0}}",True
0.8080967402733964,856,False,0.05000584180394906,0.05,,120.40685900000972,120.40685900000972,0.0,magic,2,,SPINE+Graph,10,856,1902,17118,0.9499941581960509,1715392901,False,"{""admission"": {""criterion"": ""risk"", ""removed_risk"": 5, ""removed_support"": 0}, ""betti_final"": [[3, 0], [4, 0]], ""betti_frozen"": [[3, 0], [4, 0]], ""betti_nerve"": [[1, 0], [1, 0]], ""boundary_restriction"": ""both"", ""forced_removals"": 0, ""growth_representation_fallbacks"": 602, ""invariant_held"": true, ""n_segments"": 849, ""n_train_fit"": 12838, ""n_val"": 4280, ""phase0"": [{""constant_lens"": false, ""gain"": 0.25, ""lens"": ""pc1"", ""lens_scaling"": ""standardize"", ""min_cluster_size"": 64, ""min_samples"": 5, ""n_class"": 8324, ""n_edges"": 9, ""n_intervals"": 10, ""n_vertices"": 10, ""noise_reassigned"": 7659, ""placement"": ""quantile"", ""slabs"": [{""k"": 1, ""n"": 937}, {""k"": 1, ""n"": 1040}, {""k"": 1, ""n"": 1040}, {""k"": 1, ""n"": 1041}, {""k"": 1, ""n"": 1040}, {""k"": 1, ""n"": 1040}, {""k"": 1, ""n"": 1041}, {""k"": 1, ""n"": 1040}, {""k"": 1, ""n"": 1040}, {""k"": 1, ""n"": 937}]}, {""constant_lens"": false, ""gain"": 0.25, ""lens"": ""pc1"", ""lens_scaling"": ""standardize"", ""min_cluster_size"": 64, ""min_samples"": 5, ""n_class"": 4514, ""n_edges"": 8, ""n_intervals"": 9, ""n_vertices"": 9, ""noise_reassigned"": 4755, ""placement"": ""quantile"", ""slabs"": [{""k"": 1, ""n"": 565}, {""k"": 1, ""n"": 627}, {""k"": 1, ""n"": 627}, {""k"": 1, ""n"": 627}, {""k"": 1, ""n"": 626}, {""k"": 1, ""n"": 627}, {""k"": 1, ""n"": 627}, {""k"": 1, ""n"": 627}, {""k"": 1, ""n"": 565}]}], ""soundness_bound_holds"": true, ""step_rule"": ""scale_free"", ""topology_retention_nerve_to_frozen"": {""beta0_frozen"": 7, ""beta0_nerve"": 2, ""beta1_frozen"": 0, ""beta1_nerve"": 0}}",True
0.8443743427970557,856,False,0.05000584180394906,0.05,,11.780947000021115,201.67364900000393,189.89270199998282,magic,2,"{""epsilon"": 0.1, ""window"": 0.3}",LVQ3,10,856,1902,17118,0.9499941581960509,1715392901,False,,True
0.7949526813880127,856,False,0.05000584180394906,0.05,"{""0"": 555, ""1"": 301}",32.08219600000302,32.08219600000302,0.0,magic,2,,KMeans,10,856,1902,17118,0.9499941581960509,1715392901,False,,True
0.7718191377497371,856,False,0.05000584180394906,0.05,"{""0"": 555, ""1"": 301}",0.002271000004839152,0.002271000004839152,0.0,magic,2,,Random,10,856,1902,17118,0.9499941581960509,1715392901,False,,True
0.7854889589905363,856,False,0.05000584180394906,0.05,,7.719563999999082,7.719563999999082,0.0,magic,2,,SPOT,10,856,1902,17118,0.9499941581960509,1715392901,False,,True
0.8002103049421662,856,False,0.05000584180394906,0.05,,312.28712499997346,312.28712499997346,0.0,magic,2,,GLVQ,10,856,1902,17118,0.9499941581960509,1715392901,False,,True
0.8107255520504731,856,False,0.05000584180394906,0.05,,40.118799999996554,40.118799999996554,0.0,magic,2,,GNG,10,856,1902,17118,0.9499941581960509,1715392901,False,,True
0.81335436382755,1712,False,0.10001168360789812,0.1,,0.00022299998090602458,0.00022299998090602458,0.0,magic,2,,Full,10,17118,1902,17118,0.0,1715392901,True,,False
0.7944269190325972,1712,False,0.10001168360789812,0.1,,5.313957999984268,5.313957999984268,0.0,magic,2,,RSP3,10,7194,1902,17118,0.5797406239046617,1715392901,True,,False
0.7613038906414301,1712,False,0.10001168360789812,0.1,,12.147533000010299,12.147533000010299,0.0,magic,2,,RHC,10,3450,1902,17118,0.7984577637574484,1715392901,True,,False
0.8233438485804416,1712,False,0.10001168360789812,0.1,,469.15835099999094,469.15835099999094,0.0,magic,2,,SPINE+1NN,10,1712,1902,17118,0.8999883163921019,1715392901,False,"{""admission"": {""criterion"": ""risk"", ""removed_risk"": 5, ""removed_support"": 0}, ""betti_final"": [[3, 0], [4, 0]], ""betti_frozen"": [[3, 0], [4, 0]], ""betti_nerve"": [[1, 0], [1, 0]], ""boundary_restriction"": ""both"", ""forced_removals"": 0, ""growth_representation_fallbacks"": 1218, ""invariant_held"": true, ""n_segments"": 1705, ""n_train_fit"": 12838, ""n_val"": 4280, ""phase0"": [{""constant_lens"": false, ""gain"": 0.25, ""lens"": ""pc1"", ""lens_scaling"": ""standardize"", ""min_cluster_size"": 64, ""min_samples"": 5, ""n_class"": 8324, ""n_edges"": 9, ""n_intervals"": 10, ""n_vertices"": 10, ""noise_reassigned"": 7659, ""placement"": ""quantile"", ""slabs"": [{""k"": 1, ""n"": 937}, {""k"": 1, ""n"": 1040}, {""k"": 1, ""n"": 1040}, {""k"": 1, ""n"": 1041}, {""k"": 1, ""n"": 1040}, {""k"": 1, ""n"": 1040}, {""k"": 1, ""n"": 1041}, {""k"": 1, ""n"": 1040}, {""k"": 1, ""n"": 1040}, {""k"": 1, ""n"": 937}]}, {""constant_lens"": false, ""gain"": 0.25, ""lens"": ""pc1"", ""lens_scaling"": ""standardize"", ""min_cluster_size"": 64, ""min_samples"": 5, ""n_class"": 4514, ""n_edges"": 8, ""n_intervals"": 9, ""n_vertices"": 9, ""noise_reassigned"": 4755, ""placement"": ""quantile"", ""slabs"": [{""k"": 1, ""n"": 565}, {""k"": 1, ""n"": 627}, {""k"": 1, ""n"": 627}, {""k"": 1, ""n"": 627}, {""k"": 1, ""n"": 626}, {""k"": 1, ""n"": 627}, {""k"": 1, ""n"": 627}, {""k"": 1, ""n"": 627}, {""k"": 1, ""n"": 565}]}], ""soundness_bound_holds"": true, ""step_rule"": ""scale_free"", ""topology_retention_nerve_to_frozen"": {""beta0_frozen"": 7, ""beta0_nerve"": 2, ""beta1_frozen"": 0, ""beta1_nerve"": 0}}",True
0.8212407991587802,1712,False,0.10001168360789812,0.1,,469.15835099999094,469.15835099999094,0.0,magic,2,,SPINE+Graph,10,1712,1902,17118,0.8999883163921019,1715392901,False,"{""admission"": {""criterion"": ""risk"", ""removed_risk"": 5, ""removed_support"": 0}, ""betti_final"": [[3, 0], [4, 0]], ""betti_frozen"": [[3, 0], [4, 0]], ""betti_nerve"": [[1, 0], [1, 0]], ""boundary_restriction"": ""both"", ""forced_removals"": 0, ""growth_representation_fallbacks"": 1218, ""invariant_held"": true, ""n_segments"": 1705, ""n_train_fit"": 12838, ""n_val"": 4280, ""phase0"": [{""constant_lens"": false, ""gain"": 0.25, ""lens"": ""pc1"", ""lens_scaling"": ""standardize"", ""min_cluster_size"": 64, ""min_samples"": 5, ""n_class"": 8324, ""n_edges"": 9, ""n_intervals"": 10, ""n_vertices"": 10, ""noise_reassigned"": 7659, ""placement"": ""quantile"", ""slabs"": [{""k"": 1, ""n"": 937}, {""k"": 1, ""n"": 1040}, {""k"": 1, ""n"": 1040}, {""k"": 1, ""n"": 1041}, {""k"": 1, ""n"": 1040}, {""k"": 1, ""n"": 1040}, {""k"": 1, ""n"": 1041}, {""k"": 1, ""n"": 1040}, {""k"": 1, ""n"": 1040}, {""k"": 1, ""n"": 937}]}, {""constant_lens"": false, ""gain"": 0.25, ""lens"": ""pc1"", ""lens_scaling"": ""standardize"", ""min_cluster_size"": 64, ""min_samples"": 5, ""n_class"": 4514, ""n_edges"": 8, ""n_intervals"": 9, ""n_vertices"": 9, ""noise_reassigned"": 4755, ""placement"": ""quantile"", ""slabs"": [{""k"": 1, ""n"": 565}, {""k"": 1, ""n"": 627}, {""k"": 1, ""n"": 627}, {""k"": 1, ""n"": 627}, {""k"": 1, ""n"": 626}, {""k"": 1, ""n"": 627}, {""k"": 1, ""n"": 627}, {""k"": 1, ""n"": 627}, {""k"": 1, ""n"": 565}]}], ""soundness_bound_holds"": true, ""step_rule"": ""scale_free"", ""topology_retention_nerve_to_frozen"": {""beta0_frozen"": 7, ""beta0_nerve"": 2, ""beta1_frozen"": 0, ""beta1_nerve"": 0}}",True
0.8427970557308097,1712,False,0.10001168360789812,0.1,,20.171655000012834,342.7930510000151,322.6213960000023,magic,2,"{""epsilon"": 0.1, ""window"": 0.2}",LVQ3,10,1712,1902,17118,0.8999883163921019,1715392901,False,,True
0.7907465825446898,1712,False,0.10001168360789812,0.1,"{""0"": 1110, ""1"": 602}",38.54320300000836,38.54320300000836,0.0,magic,2,,KMeans,10,1712,1902,17118,0.8999883163921019,1715392901,False,,True
0.7823343848580442,1712,False,0.10001168360789812,0.1,"{""0"": 1110, ""1"": 602}",0.0025409999943803996,0.0025409999943803996,0.0,magic,2,,Random,10,1712,1902,17118,0.8999883163921019,1715392901,False,,True
0.7886435331230284,1712,False,0.10001168360789812,0.1,,8.663309000025038,8.663309000025038,0.0,magic,2,,SPOT,10,1712,1902,17118,0.8999883163921019,1715392901,False,,True
0.8028391167192429,1712,False,0.10001168360789812,0.1,,620.5178220000234,620.5178220000234,0.0,magic,2,,GLVQ,10,1712,1902,17118,0.8999883163921019,1715392901,False,,True
0.8138801261829653,1712,False,0.10001168360789812,0.1,,162.72040599997854,162.72040599997854,0.0,magic,2,,GNG,10,1712,1902,17118,0.8999883163921019,1715392901,False,,True
0.81335436382755,4280,False,0.2500292090197453,0.25,,0.00022299998090602458,0.00022299998090602458,0.0,magic,2,,Full,10,17118,1902,17118,0.0,1715392901,True,,False
0.7944269190325972,4280,False,0.2500292090197453,0.25,,5.313957999984268,5.313957999984268,0.0,magic,2,,RSP3,10,7194,1902,17118,0.5797406239046617,1715392901,True,,False
0.7613038906414301,4280,False,0.2500292090197453,0.25,,12.147533000010299,12.147533000010299,0.0,magic,2,,RHC,10,3450,1902,17118,0.7984577637574484,1715392901,True,,False
0.8286014721345951,4280,False,0.2500292090197453,0.25,,3476.7910139999876,3476.7910139999876,0.0,magic,2,,SPINE+1NN,10,4280,1902,17118,0.7499707909802547,1715392901,False,"{""admission"": {""criterion"": ""risk"", ""removed_risk"": 5, ""removed_support"": 0}, ""betti_final"": [[3, 0], [4, 0]], ""betti_frozen"": [[3, 0], [4, 0]], ""betti_nerve"": [[1, 0], [1, 0]], ""boundary_restriction"": ""both"", ""forced_removals"": 0, ""growth_representation_fallbacks"": 3580, ""invariant_held"": true, ""n_segments"": 4273, ""n_train_fit"": 12838, ""n_val"": 4280, ""phase0"": [{""constant_lens"": false, ""gain"": 0.25, ""lens"": ""pc1"", ""lens_scaling"": ""standardize"", ""min_cluster_size"": 64, ""min_samples"": 5, ""n_class"": 8324, ""n_edges"": 9, ""n_intervals"": 10, ""n_vertices"": 10, ""noise_reassigned"": 7659, ""placement"": ""quantile"", ""slabs"": [{""k"": 1, ""n"": 937}, {""k"": 1, ""n"": 1040}, {""k"": 1, ""n"": 1040}, {""k"": 1, ""n"": 1041}, {""k"": 1, ""n"": 1040}, {""k"": 1, ""n"": 1040}, {""k"": 1, ""n"": 1041}, {""k"": 1, ""n"": 1040}, {""k"": 1, ""n"": 1040}, {""k"": 1, ""n"": 937}]}, {""constant_lens"": false, ""gain"": 0.25, ""lens"": ""pc1"", ""lens_scaling"": ""standardize"", ""min_cluster_size"": 64, ""min_samples"": 5, ""n_class"": 4514, ""n_edges"": 8, ""n_intervals"": 9, ""n_vertices"": 9, ""noise_reassigned"": 4755, ""placement"": ""quantile"", ""slabs"": [{""k"": 1, ""n"": 565}, {""k"": 1, ""n"": 627}, {""k"": 1, ""n"": 627}, {""k"": 1, ""n"": 627}, {""k"": 1, ""n"": 626}, {""k"": 1, ""n"": 627}, {""k"": 1, ""n"": 627}, {""k"": 1, ""n"": 627}, {""k"": 1, ""n"": 565}]}], ""soundness_bound_holds"": true, ""step_rule"": ""scale_free"", ""topology_retention_nerve_to_frozen"": {""beta0_frozen"": 7, ""beta0_nerve"": 2, ""beta1_frozen"": 0, ""beta1_nerve"": 0}}",True
0.8391167192429022,4280,False,0.2500292090197453,0.25,,3476.7910139999876,3476.7910139999876,0.0,magic,2,,SPINE+Graph,10,4280,1902,17118,0.7499707909802547,1715392901,False,"{""admission"": {""criterion"": ""risk"", ""removed_risk"": 5, ""removed_support"": 0}, ""betti_final"": [[3, 0], [4, 0]], ""betti_frozen"": [[3, 0], [4, 0]], ""betti_nerve"": [[1, 0], [1, 0]], ""boundary_restriction"": ""both"", ""forced_removals"": 0, ""growth_representation_fallbacks"": 3580, ""invariant_held"": true, ""n_segments"": 4273, ""n_train_fit"": 12838, ""n_val"": 4280, ""phase0"": [{""constant_lens"": false, ""gain"": 0.25, ""lens"": ""pc1"", ""lens_scaling"": ""standardize"", ""min_cluster_size"": 64, ""min_samples"": 5, ""n_class"": 8324, ""n_edges"": 9, ""n_intervals"": 10, ""n_vertices"": 10, ""noise_reassigned"": 7659, ""placement"": ""quantile"", ""slabs"": [{""k"": 1, ""n"": 937}, {""k"": 1, ""n"": 1040}, {""k"": 1, ""n"": 1040}, {""k"": 1, ""n"": 1041}, {""k"": 1, ""n"": 1040}, {""k"": 1, ""n"": 1040}, {""k"": 1, ""n"": 1041}, {""k"": 1, ""n"": 1040}, {""k"": 1, ""n"": 1040}, {""k"": 1, ""n"": 937}]}, {""constant_lens"": false, ""gain"": 0.25, ""lens"": ""pc1"", ""lens_scaling"": ""standardize"", ""min_cluster_size"": 64, ""min_samples"": 5, ""n_class"": 4514, ""n_edges"": 8, ""n_intervals"": 9, ""n_vertices"": 9, ""noise_reassigned"": 4755, ""placement"": ""quantile"", ""slabs"": [{""k"": 1, ""n"": 565}, {""k"": 1, ""n"": 627}, {""k"": 1, ""n"": 627}, {""k"": 1, ""n"": 627}, {""k"": 1, ""n"": 626}, {""k"": 1, ""n"": 627}, {""k"": 1, ""n"": 627}, {""k"": 1, ""n"": 627}, {""k"": 1, ""n"": 565}]}], ""soundness_bound_holds"": true, ""step_rule"": ""scale_free"", ""topology_retention_nerve_to_frozen"": {""beta0_frozen"": 7, ""beta0_nerve"": 2, ""beta1_frozen"": 0, ""beta1_nerve"": 0}}",True
0.8443743427970557,4280,False,0.2500292090197453,0.25,,55.49662799999351,944.9679469999974,889.4713190000039,magic,2,"{""epsilon"": 0.3, ""window"": 0.3}",LVQ3,10,4280,1902,17118,0.7499707909802547,1715392901,False,,True
0.7996845425867508,4280,False,0.2500292090197453,0.25,"{""0"": 2775, ""1"": 1505}",64.19837499997811,64.19837499997811,0.0,magic,2,,KMeans,10,4280,1902,17118,0.7499707909802547,1715392901,False,,True
0.7975814931650894,4280,False,0.2500292090197453,0.25,"{""0"": 2775, ""1"": 1505}",0.005271999980323017,0.005271999980323017,0.0,magic,2,,Random,10,4280,1902,17118,0.7499707909802547,1715392901,False,,True
0.7970557308096741,4280,False,0.2500292090197453,0.25,,9.038565000024391,9.038565000024391,0.0,magic,2,,SPOT,10,4280,1902,17118,0.7499707909802547,1715392901,False,,True
0.8012618296529969,4280,False,0.2500292090197453,0.25,,1549.1747769999783,1549.1747769999783,0.0,magic,2,,GLVQ,10,4280,1902,17118,0.7499707909802547,1715392901,False,,True
0.8175604626708728,4280,False,0.2500292090197453,0.25,,974.8034410000255,974.8034410000255,0.0,magic,2,,GNG,10,4280,1902,17118,0.7499707909802547,1715392901,False,,True
0.8070452155625657,86,False,0.005023951396191144,0.005,,0.00017099999240599573,0.00017099999240599573,0.0,magic,3,,Full,10,17118,1902,17118,0.0,1716392904,False,,False
0.7860147213459516,86,False,0.005023951396191144,0.005,,8.792180999997072,8.792180999997072,0.0,magic,3,,RSP3,10,7182,1902,17118,0.5804416403785488,1716392904,False,,False
0.750788643533123,86,False,0.005023951396191144,0.005,,11.885276999993948,11.885276999993948,0.0,magic,3,,RHC,10,3437,1902,17118,0.799217198270826,1716392904,False,,False
0.7024185068349106,86,False,0.005023951396191144,0.005,,13.405249000003096,13.405249000003096,0.0,magic,3,,SPINE+1NN,10,86,1902,17118,0.9949760486038088,1716392904,False,"{""admission"": {""criterion"": ""risk"", ""removed_risk"": 3, ""removed_support"": 0}, ""betti_final"": [[3, 0], [2, 0]], ""betti_frozen"": [[3, 0], [2, 0]], ""betti_nerve"": [[1, 0], [1, 0]], ""boundary_restriction"": ""both"", ""forced_removals"": 0, ""growth_representation_fallbacks"": 47, ""invariant_held"": true, ""n_segments"": 81, ""n_train_fit"": 12838, ""n_val"": 4280, ""phase0"": [{""constant_lens"": false, ""gain"": 0.25, ""lens"": ""pc1"", ""lens_scaling"": ""standardize"", ""min_cluster_size"": 64, ""min_samples"": 5, ""n_class"": 8324, ""n_edges"": 9, ""n_intervals"": 10, ""n_vertices"": 10, ""noise_reassigned"": 7535, ""placement"": ""quantile"", ""slabs"": [{""k"": 1, ""n"": 937}, {""k"": 1, ""n"": 1040}, {""k"": 1, ""n"": 1040}, {""k"": 1, ""n"": 1041}, {""k"": 1, ""n"": 1040}, {""k"": 1, ""n"": 1040}, {""k"": 1, ""n"": 1041}, {""k"": 1, ""n"": 1040}, {""k"": 1, ""n"": 1040}, {""k"": 1, ""n"": 937}]}, {""constant_lens"": false, ""gain"": 0.25, ""lens"": ""pc1"", ""lens_scaling"": ""standardize"", ""min_cluster_size"": 64, ""min_samples"": 5, ""n_class"": 4514, ""n_edges"": 8, ""n_intervals"": 9, ""n_vertices"": 9, ""noise_reassigned"": 4776, ""placement"": ""quantile"", ""slabs"": [{""k"": 1, ""n"": 565}, {""k"": 1, ""n"": 627}, {""k"": 1, ""n"": 627}, {""k"": 1, ""n"": 627}, {""k"": 1, ""n"": 626}, {""k"": 1, ""n"": 627}, {""k"": 1, ""n"": 627}, {""k"": 1, ""n"": 627}, {""k"": 1, ""n"": 565}]}], ""soundness_bound_holds"": true, ""step_rule"": ""scale_free"", ""topology_retention_nerve_to_frozen"": {""beta0_frozen"": 5, ""beta0_nerve"": 2, ""beta1_frozen"": 0, ""beta1_nerve"": 0}}",True
0.7202944269190326,86,False,0.005023951396191144,0.005,,13.405249000003096,13.405249000003096,0.0,magic,3,,SPINE+Graph,10,86,1902,17118,0.9949760486038088,1716392904,False,"{""admission"": {""criterion"": ""risk"", ""removed_risk"": 3, ""removed_support"": 0}, ""betti_final"": [[3, 0], [2, 0]], ""betti_frozen"": [[3, 0], [2, 0]], ""betti_nerve"": [[1, 0], [1, 0]], ""boundary_restriction"": ""both"", ""forced_removals"": 0, ""growth_representation_fallbacks"": 47, ""invariant_held"": true, ""n_segments"": 81, ""n_train_fit"": 12838, ""n_val"": 4280, ""phase0"": [{""constant_lens"": false, ""gain"": 0.25, ""lens"": ""pc1"", ""lens_scaling"": ""standardize"", ""min_cluster_size"": 64, ""min_samples"": 5, ""n_class"": 8324, ""n_edges"": 9, ""n_intervals"": 10, ""n_vertices"": 10, ""noise_reassigned"": 7535, ""placement"": ""quantile"", ""slabs"": [{""k"": 1, ""n"": 937}, {""k"": 1, ""n"": 1040}, {""k"": 1, ""n"": 1040}, {""k"": 1, ""n"": 1041}, {""k"": 1, ""n"": 1040}, {""k"": 1, ""n"": 1040}, {""k"": 1, ""n"": 1041}, {""k"": 1, ""n"": 1040}, {""k"": 1, ""n"": 1040}, {""k"": 1, ""n"": 937}]}, {""constant_lens"": false, ""gain"": 0.25, ""lens"": ""pc1"", ""lens_scaling"": ""standardize"", ""min_cluster_size"": 64, ""min_samples"": 5, ""n_class"": 4514, ""n_edges"": 8, ""n_intervals"": 9, ""n_vertices"": 9, ""noise_reassigned"": 4776, ""placement"": ""quantile"", ""slabs"": [{""k"": 1, ""n"": 565}, {""k"": 1, ""n"": 627}, {""k"": 1, ""n"": 627}, {""k"": 1, ""n"": 627}, {""k"": 1, ""n"": 626}, {""k"": 1, ""n"": 627}, {""k"": 1, ""n"": 627}, {""k"": 1, ""n"": 627}, {""k"": 1, ""n"": 565}]}], ""soundness_bound_holds"": true, ""step_rule"": ""scale_free"", ""topology_retention_nerve_to_frozen"": {""beta0_frozen"": 5, ""beta0_nerve"": 2, ""beta1_frozen"": 0, ""beta1_nerve"": 0}}",True
0.8370136698212408,86,False,0.005023951396191144,0.005,,3.595623000001069,60.85073400000692,57.255111000005854,magic,3,"{""epsilon"": 0.1, ""window"": 0.2}",LVQ3,10,86,1902,17118,0.9949760486038088,1716392904,False,,True
0.7818086225026288,86,False,0.005023951396191144,0.005,"{""0"": 56, ""1"": 30}",6.695459999988088,6.695459999988088,0.0,magic,3,,KMeans,10,86,1902,17118,0.9949760486038088,1716392904,False,,True
0.7208201892744479,86,False,0.005023951396191144,0.005,"{""0"": 56, ""1"": 30}",0.0038269999786280096,0.0038269999786280096,0.0,magic,3,,Random,10,86,1902,17118,0.9949760486038088,1716392904,False,,True
0.7423764458464774,86,False,0.005023951396191144,0.005,,7.088457000005292,7.088457000005292,0.0,magic,3,,SPOT,10,86,1902,17118,0.9949760486038088,1716392904,False,,True
0.7723449001051524,86,False,0.005023951396191144,0.005,,36.50586500001373,36.50586500001373,0.0,magic,3,,GLVQ,10,86,1902,17118,0.9949760486038088,1716392904,False,,True
0.7802313354363828,86,False,0.005023951396191144,0.005,,0.6676809999917168,0.6676809999917168,0.0,magic,3,,GNG,10,86,1902,17118,0.9949760486038088,1716392904,False,,True
0.8070452155625657,171,False,0.009989484752891693,0.01,,0.00017099999240599573,0.00017099999240599573,0.0,magic,3,,Full,10,17118,1902,17118,0.0,1716392904,True,,False
0.7860147213459516,171,False,0.009989484752891693,0.01,,8.792180999997072,8.792180999997072,0.0,magic,3,,RSP3,10,7182,1902,17118,0.5804416403785488,1716392904,True,,False
0.750788643533123,171,False,0.009989484752891693,0.01,,11.885276999993948,11.885276999993948,0.0,magic,3,,RHC,10,3437,1902,17118,0.799217198270826,1716392904,True,,False
0.7339642481598317,171,False,0.009989484752891693,0.01,,15.519447999977274,15.519447999977274,0.0,magic,3,,SPINE+1NN,10,171,1902,17118,0.9900105152471083,1716392904,False,"{""admission"": {""criterion"": ""risk"", ""removed_risk"": 3, ""removed_support"": 0}, ""betti_final"": [[3, 0], [2, 0]], ""betti_frozen"": [[3, 0], [2, 0]], ""betti_nerve"": [[1, 0], [1, 0]], ""boundary_restriction"": ""both"", ""forced_removals"": 0, ""growth_representation_fallbacks"": 107, ""invariant_held"": true, ""n_segments"": 166, ""n_train_fit"": 12838, ""n_val"": 4280, ""phase0"": [{""constant_lens"": false, ""gain"": 0.25, ""lens"": ""pc1"", ""lens_scaling"": ""standardize"", ""min_cluster_size"": 64, ""min_samples"": 5, ""n_class"": 8324, ""n_edges"": 9, ""n_intervals"": 10, ""n_vertices"": 10, ""noise_reassigned"": 7535, ""placement"": ""quantile"", ""slabs"": [{""k"": 1, ""n"": 937}, {""k"": 1, ""n"": 1040}, {""k"": 1, ""n"": 1040}, {""k"": 1, ""n"": 1041}, {""k"": 1, ""n"": 1040}, {""k"": 1, ""n"": 1040}, {""k"": 1, ""n"": 1041}, {""k"": 1, ""n"": 1040}, {""k"": 1, ""n"": 1040}, {""k"": 1, ""n"": 937}]}, {""constant_lens"": false, ""gain"": 0.25, ""lens"": ""pc1"", ""lens_scaling"": ""standardize"", ""min_cluster_size"": 64, ""min_samples"": 5, ""n_class"": 4514, ""n_edges"": 8, ""n_intervals"": 9, ""n_vertices"": 9, ""noise_reassigned"": 4776, ""placement"": ""quantile"", ""slabs"": [{""k"": 1, ""n"": 565}, {""k"": 1, ""n"": 627}, {""k"": 1, ""n"": 627}, {""k"": 1, ""n"": 627}, {""k"": 1, ""n"": 626}, {""k"": 1, ""n"": 627}, {""k"": 1, ""n"": 627}, {""k"": 1, ""n"": 627}, {""k"": 1, ""n"": 565}]}], ""soundness_bound_holds"": true, ""step_rule"": ""scale_free"", ""topology_retention_nerve_to_frozen"": {""beta0_frozen"": 5, ""beta0_nerve"": 2, ""beta1_frozen"": 0, ""beta1_nerve"": 0}}",True
0.7371188222923238,171,False,0.009989484752891693,0.01,,15.519447999977274,15.519447999977274,0.0,magic,3,,SPINE+Graph,10,171,1902,17118,0.9900105152471083,1716392904,False,"{""admission"": {""criterion"": ""risk"", ""removed_risk"": 3, ""removed_support"": 0}, ""betti_final"": [[3, 0], [2, 0]], ""betti_frozen"": [[3, 0], [2, 0]], ""betti_nerve"": [[1, 0], [1, 0]], ""boundary_restriction"": ""both"", ""forced_removals"": 0, ""growth_representation_fallbacks"": 107, ""invariant_held"": true, ""n_segments"": 166, ""n_train_fit"": 12838, ""n_val"": 4280, ""phase0"": [{""constant_lens"": false, ""gain"": 0.25, ""lens"": ""pc1"", ""lens_scaling"": ""standardize"", ""min_cluster_size"": 64, ""min_samples"": 5, ""n_class"": 8324, ""n_edges"": 9, ""n_intervals"": 10, ""n_vertices"": 10, ""noise_reassigned"": 7535, ""placement"": ""quantile"", ""slabs"": [{""k"": 1, ""n"": 937}, {""k"": 1, ""n"": 1040}, {""k"": 1, ""n"": 1040}, {""k"": 1, ""n"": 1041}, {""k"": 1, ""n"": 1040}, {""k"": 1, ""n"": 1040}, {""k"": 1, ""n"": 1041}, {""k"": 1, ""n"": 1040}, {""k"": 1, ""n"": 1040}, {""k"": 1, ""n"": 937}]}, {""constant_lens"": false, ""gain"": 0.25, ""lens"": ""pc1"", ""lens_scaling"": ""standardize"", ""min_cluster_size"": 64, ""min_samples"": 5, ""n_class"": 4514, ""n_edges"": 8, ""n_intervals"": 9, ""n_vertices"": 9, ""noise_reassigned"": 4776, ""placement"": ""quantile"", ""slabs"": [{""k"": 1, ""n"": 565}, {""k"": 1, ""n"": 627}, {""k"": 1, ""n"": 627}, {""k"": 1, ""n"": 627}, {""k"": 1, ""n"": 626}, {""k"": 1, ""n"": 627}, {""k"": 1, ""n"": 627}, {""k"": 1, ""n"": 627}, {""k"": 1, ""n"": 565}]}], ""soundness_bound_holds"": true, ""step_rule"": ""scale_free"", ""topology_retention_nerve_to_frozen"": {""beta0_frozen"": 5, ""beta0_nerve"": 2, ""beta1_frozen"": 0, ""beta1_nerve"": 0}}",True
0.8317560462670873,171,False,0.009989484752891693,0.01,,4.461311999999452,76.49598199999309,72.03466999999364,magic,3,"{""epsilon"": 0.1, ""window"": 0.3}",LVQ3,10,171,1902,17118,0.9900105152471083,1716392904,False,,True
0.7896950578338591,171,False,0.009989484752891693,0.01,"{""0"": 111, ""1"": 60}",10.311075000005076,10.311075000005076,0.0,magic,3,,KMeans,10,171,1902,17118,0.9900105152471083,1716392904,False,,True
0.7381703470031545,171,False,0.009989484752891693,0.01,"{""0"": 111, ""1"": 60}",0.0018379999964963645,0.0018379999964963645,0.0,magic,3,,Random,10,171,1902,17118,0.9900105152471083,1716392904,False,,True
0.7802313354363828,171,False,0.009989484752891693,0.01,,7.423638000007486,7.423638000007486,0.0,magic,3,,SPOT,10,171,1902,17118,0.9900105152471083,1716392904,False,,True
0.7786540483701367,171,False,0.009989484752891693,0.01,,67.01332900000853,67.01332900000853,0.0,magic,3,,GLVQ,10,171,1902,17118,0.9900105152471083,1716392904,False,,True
0.7823343848580442,171,False,0.009989484752891693,0.01,,2.07670400000643,2.07670400000643,0.0,magic,3,,GNG,10,171,1902,17118,0.9900105152471083,1716392904,False,,True
0.8070452155625657,342,False,0.019978969505783387,0.02,,0.00017099999240599573,0.00017099999240599573,0.0,magic,3,,Full,10,17118,1902,17118,0.0,1716392904,True,,False
0.7860147213459516,342,False,0.019978969505783387,0.02,,8.792180999997072,8.792180999997072,0.0,magic,3,,RSP3,10,7182,1902,17118,0.5804416403785488,1716392904,True,,False
0.750788643533123,342,False,0.019978969505783387,0.02,,11.885276999993948,11.885276999993948,0.0,magic,3,,RHC,10,3437,1902,17118,0.799217198270826,1716392904,True,,False
0.7602523659305994,342,False,0.019978969505783387,0.02,,28.7418760000146,28.7418760000146,0.0,magic,3,,SPINE+1NN,10,342,1902,17118,0.9800210304942166,1716392904,False,"{""admission"": {""criterion"": ""risk"", ""removed_risk"": 3, ""removed_support"": 0}, ""betti_final"": [[3, 0], [2, 0]], ""betti_frozen"": [[3, 0], [2, 0]], ""betti_nerve"": [[1, 0], [1, 0]], ""boundary_restriction"": ""both"", ""forced_removals"": 0, ""growth_representation_fallbacks"": 233, ""invariant_held"": true, ""n_segments"": 337, ""n_train_fit"": 12838, ""n_val"": 4280, ""phase0"": [{""constant_lens"": false, ""gain"": 0.25, ""lens"": ""pc1"", ""lens_scaling"": ""standardize"", ""min_cluster_size"": 64, ""min_samples"": 5, ""n_class"": 8324, ""n_edges"": 9, ""n_intervals"": 10, ""n_vertices"": 10, ""noise_reassigned"": 7535, ""placement"": ""quantile"", ""slabs"": [{""k"": 1, ""n"": 937}, {""k"": 1, ""n"": 1040}, {""k"": 1, ""n"": 1040}, {""k"": 1, ""n"": 1041}, {""k"": 1, ""n"": 1040}, {""k"": 1, ""n"": 1040}, {""k"": 1, ""n"": 1041}, {""k"": 1, ""n"": 1040}, {""k"": 1, ""n"": 1040}, {""k"": 1, ""n"": 937}]}, {""constant_lens"": false, ""gain"": 0.25, ""lens"": ""pc1"", ""lens_scaling"": ""standardize"", ""min_cluster_size"": 64, ""min_samples"": 5, ""n_class"": 4514, ""n_edges"": 8, ""n_intervals"": 9, ""n_vertices"": 9, ""noise_reassigned"": 4776, ""placement"": ""quantile"", ""slabs"": [{""k"": 1, ""n"": 565}, {""k"": 1, ""n"": 627}, {""k"": 1, ""n"": 627}, {""k"": 1, ""n"": 627}, {""k"": 1, ""n"": 626}, {""k"": 1, ""n"": 627}, {""k"": 1, ""n"": 627}, {""k"": 1, ""n"": 627}, {""k"": 1, ""n"": 565}]}], ""soundness_bound_holds"": true, ""step_rule"": ""scale_free"", ""topology_retention_nerve_to_frozen"": {""beta0_frozen"": 5, ""beta0_nerve"": 2, ""beta1_frozen"": 0, ""beta1_nerve"": 0}}",True
0.7655099894847529,342,False,0.019978969505783387,0.02,,28.7418760000146,28.7418760000146,0.0,magic,3,,SPINE+Graph,10,342,1902,17118,0.9800210304942166,1716392904,False,"{""admission"": {""criterion"": ""risk"", ""removed_risk"": 3, ""removed_support"": 0}, ""betti_final"": [[3, 0], [2, 0]], ""betti_frozen"": [[3, 0], [2, 0]], ""betti_nerve"": [[1, 0], [1, 0]], ""boundary_restriction"": ""both"", ""forced_removals"": 0, ""growth_representation_fallbacks"": 233, ""invariant_held"": true, ""n_segments"": 337, ""n_train_fit"": 12838, ""n_val"": 4280, ""phase0"": [{""constant_lens"": false, ""gain"": 0.25, ""lens"": ""pc1"", ""lens_scaling"": ""standardize"", ""min_cluster_size"": 64, ""min_samples"": 5, ""n_class"": 8324, ""n_edges"": 9, ""n_intervals"": 10, ""n_vertices"": 10, ""noise_reassigned"": 7535, ""placement"": ""quantile"", ""slabs"": [{""k"": 1, ""n"": 937}, {""k"": 1, ""n"": 1040}, {""k"": 1, ""n"": 1040}, {""k"": 1, ""n"": 1041}, {""k"": 1, ""n"": 1040}, {""k"": 1, ""n"": 1040}, {""k"": 1, ""n"": 1041}, {""k"": 1, ""n"": 1040}, {""k"": 1, ""n"": 1040}, {""k"": 1, ""n"": 937}]}, {""constant_lens"": false, ""gain"": 0.25, ""lens"": ""pc1"", ""lens_scaling"": ""standardize"", ""min_cluster_size"": 64, ""min_samples"": 5, ""n_class"": 4514, ""n_edges"": 8, ""n_intervals"": 9, ""n_vertices"": 9, ""noise_reassigned"": 4776, ""placement"": ""quantile"", ""slabs"": [{""k"": 1, ""n"": 565}, {""k"": 1, ""n"": 627}, {""k"": 1, ""n"": 627}, {""k"": 1, ""n"": 627}, {""k"": 1, ""n"": 626}, {""k"": 1, ""n"": 627}, {""k"": 1, ""n"": 627}, {""k"": 1, ""n"": 627}, {""k"": 1, ""n"": 565}]}], ""soundness_bound_holds"": true, ""step_rule"": ""scale_free"", ""topology_retention_nerve_to_frozen"": {""beta0_frozen"": 5, ""beta0_nerve"": 2, ""beta1_frozen"": 0, ""beta1_nerve"": 0}}",True
0.832807570977918,342,False,0.019978969505783387,0.02,,7.2743330000084825,120.82651300000725,113.55217999999877,magic,3,"{""epsilon"": 0.1, ""window"": 0.3}",LVQ3,10,342,1902,17118,0.9800210304942166,1716392904,False,,True
0.7891692954784437,342,False,0.019978969505783387,0.02,"{""0"": 222, ""1"": 120}",17.47557399998186,17.47557399998186,0.0,magic,3,,KMeans,10,342,1902,17118,0.9800210304942166,1716392904,False,,True
0.7476340694006309,342,False,0.019978969505783387,0.02,"{""0"": 222, ""1"": 120}",0.004448000021511689,0.004448000021511689,0.0,magic,3,,Random,10,342,1902,17118,0.9800210304942166,1716392904,False,,True
0.7733964248159831,342,False,0.019978969505783387,0.02,,7.453730000008363,7.453730000008363,0.0,magic,3,,SPOT,10,342,1902,17118,0.9800210304942166,1716392904,False,,True
0.7812828601472135,342,False,0.019978969505783387,0.02,,128.69622199999867,128.69622199999867,0.0,magic,3,,GLVQ,10,342,1902,17118,0.9800210304942166,1716392904,False,,True
0.7970557308096741,342,False,0.019978969505783387,0.02,,7.127921000006609,7.127921000006609,0.0,magic,3,,GNG,10,342,1902,17118,0.9800210304942166,1716392904,False,,True
0.8070452155625657,856,False,0.05000584180394906,0.05,,0.00017099999240599573,0.00017099999240599573,0.0,magic,3,,Full,10,17118,1902,17118,0.0,1716392904,True,,False
0.7860147213459516,856,False,0.05000584180394906,0.05,,8.792180999997072,8.792180999997072,0.0,magic,3,,RSP3,10,7182,1902,17118,0.5804416403785488,1716392904,True,,False
0.750788643533123,856,False,0.05000584180394906,0.05,,11.885276999993948,11.885276999993948,0.0,magic,3,,RHC,10,3437,1902,17118,0.799217198270826,1716392904,True,,False
0.7996845425867508,856,False,0.05000584180394906,0.05,,119.22826199998963,119.22826199998963,0.0,magic,3,,SPINE+1NN,10,856,1902,17118,0.9499941581960509,1716392904,False,"{""admission"": {""criterion"": ""risk"", ""removed_risk"": 3, ""removed_support"": 0}, ""betti_final"": [[3, 0], [2, 0]], ""betti_frozen"": [[3, 0], [2, 0]], ""betti_nerve"": [[1, 0], [1, 0]], ""boundary_restriction"": ""both"", ""forced_removals"": 0, ""growth_representation_fallbacks"": 600, ""invariant_held"": true, ""n_segments"": 851, ""n_train_fit"": 12838, ""n_val"": 4280, ""phase0"": [{""constant_lens"": false, ""gain"": 0.25, ""lens"": ""pc1"", ""lens_scaling"": ""standardize"", ""min_cluster_size"": 64, ""min_samples"": 5, ""n_class"": 8324, ""n_edges"": 9, ""n_intervals"": 10, ""n_vertices"": 10, ""noise_reassigned"": 7535, ""placement"": ""quantile"", ""slabs"": [{""k"": 1, ""n"": 937}, {""k"": 1, ""n"": 1040}, {""k"": 1, ""n"": 1040}, {""k"": 1, ""n"": 1041}, {""k"": 1, ""n"": 1040}, {""k"": 1, ""n"": 1040}, {""k"": 1, ""n"": 1041}, {""k"": 1, ""n"": 1040}, {""k"": 1, ""n"": 1040}, {""k"": 1, ""n"": 937}]}, {""constant_lens"": false, ""gain"": 0.25, ""lens"": ""pc1"", ""lens_scaling"": ""standardize"", ""min_cluster_size"": 64, ""min_samples"": 5, ""n_class"": 4514, ""n_edges"": 8, ""n_intervals"": 9, ""n_vertices"": 9, ""noise_reassigned"": 4776, ""placement"": ""quantile"", ""slabs"": [{""k"": 1, ""n"": 565}, {""k"": 1, ""n"": 627}, {""k"": 1, ""n"": 627}, {""k"": 1, ""n"": 627}, {""k"": 1, ""n"": 626}, {""k"": 1, ""n"": 627}, {""k"": 1, ""n"": 627}, {""k"": 1, ""n"": 627}, {""k"": 1, ""n"": 565}]}], ""soundness_bound_holds"": true, ""step_rule"": ""scale_free"", ""topology_retention_nerve_to_frozen"": {""beta0_frozen"": 5, ""beta0_nerve"": 2, ""beta1_frozen"": 0, ""beta1_nerve"": 0}}",True
0.8002103049421662,856,False,0.05000584180394906,0.05,,119.22826199998963,119.22826199998963,0.0,magic,3,,SPINE+Graph,10,856,1902,17118,0.9499941581960509,1716392904,False,"{""admission"": {""criterion"": ""risk"", ""removed_risk"": 3, ""removed_support"": 0}, ""betti_final"": [[3, 0], [2, 0]], ""betti_frozen"": [[3, 0], [2, 0]], ""betti_nerve"": [[1, 0], [1, 0]], ""boundary_restriction"": ""both"", ""forced_removals"": 0, ""growth_representation_fallbacks"": 600, ""invariant_held"": true, ""n_segments"": 851, ""n_train_fit"": 12838, ""n_val"": 4280, ""phase0"": [{""constant_lens"": false, ""gain"": 0.25, ""lens"": ""pc1"", ""lens_scaling"": ""standardize"", ""min_cluster_size"": 64, ""min_samples"": 5, ""n_class"": 8324, ""n_edges"": 9, ""n_intervals"": 10, ""n_vertices"": 10, ""noise_reassigned"": 7535, ""placement"": ""quantile"", ""slabs"": [{""k"": 1, ""n"": 937}, {""k"": 1, ""n"": 1040}, {""k"": 1, ""n"": 1040}, {""k"": 1, ""n"": 1041}, {""k"": 1, ""n"": 1040}, {""k"": 1, ""n"": 1040}, {""k"": 1, ""n"": 1041}, {""k"": 1, ""n"": 1040}, {""k"": 1, ""n"": 1040}, {""k"": 1, ""n"": 937}]}, {""constant_lens"": false, ""gain"": 0.25, ""lens"": ""pc1"", ""lens_scaling"": ""standardize"", ""min_cluster_size"": 64, ""min_samples"": 5, ""n_class"": 4514, ""n_edges"": 8, ""n_intervals"": 9, ""n_vertices"": 9, ""noise_reassigned"": 4776, ""placement"": ""quantile"", ""slabs"": [{""k"": 1, ""n"": 565}, {""k"": 1, ""n"": 627}, {""k"": 1, ""n"": 627}, {""k"": 1, ""n"": 627}, {""k"": 1, ""n"": 626}, {""k"": 1, ""n"": 627}, {""k"": 1, ""n"": 627}, {""k"": 1, ""n"": 627}, {""k"": 1, ""n"": 565}]}], ""soundness_bound_holds"": true, ""step_rule"": ""scale_free"", ""topology_retention_nerve_to_frozen"": {""beta0_frozen"": 5, ""beta0_nerve"": 2, ""beta1_frozen"": 0, ""beta1_nerve"": 0}}",True
0.8322818086225027,856,False,0.05000584180394906,0.05,,11.634619999997085,200.82674799999222,189.19212799999514,magic,3,"{""epsilon"": 0.1, ""window"": 0.2}",LVQ3,10,856,1902,17118,0.9499941581960509,1716392904,False,,True
0.8065194532071503,856,False,0.05000584180394906,0.05,"{""0"": 555, ""1"": 301}",30.677567000006093,30.677567000006093,0.0,magic,3,,KMeans,10,856,1902,17118,0.9499941581960509,1716392904,False,,True
0.7733964248159831,856,False,0.05000584180394906,0.05,"{""0"": 555, ""1"": 301}",0.0022129999997559935,0.0022129999997559935,0.0,magic,3,,Random,10,856,1902,17118,0.9499941581960509,1716392904,False,,True
0.7854889589905363,856,False,0.05000584180394906,0.05,,8.84908999997424,8.84908999997424,0.0,magic,3,,SPOT,10,856,1902,17118,0.9499941581960509,1716392904,False,,True
0.7949526813880127,856,False,0.05000584180394906,0.05,,312.012229999993,312.012229999993,0.0,magic,3,,GLVQ,10,856,1902,17118,0.9499941581960509,1716392904,False,,True
0.8096740273396424,856,False,0.05000584180394906,0.05,,40.260333000012906,40.260333000012906,0.0,magic,3,,GNG,10,856,1902,17118,0.9499941581960509,1716392904,False,,True
0.8070452155625657,1712,False,0.10001168360789812,0.1,,0.00017099999240599573,0.00017099999240599573,0.0,magic,3,,Full,10,17118,1902,17118,0.0,1716392904,True,,False
0.7860147213459516,1712,False,0.10001168360789812,0.1,,8.792180999997072,8.792180999997072,0.0,magic,3,,RSP3,10,7182,1902,17118,0.5804416403785488,1716392904,True,,False
0.750788643533123,1712,False,0.10001168360789812,0.1,,11.885276999993948,11.885276999993948,0.0,magic,3,,RHC,10,3437,1902,17118,0.799217198270826,1716392904,True,,False
0.81335436382755,1712,False,0.10001168360789812,0.1,,464.62580300000263,464.62580300000263,0.0,magic,3,,SPINE+1NN,10,1712,1902,17118,0.8999883163921019,1716392904,False,"{""admission"": {""criterion"": ""risk"", ""removed_risk"": 3, ""removed_support"": 0}, ""betti_final"": [[3, 0], [2, 0]], ""betti_frozen"": [[3, 0], [2, 0]], ""betti_nerve"": [[1, 0], [1, 0]], ""boundary_restriction"": ""both"", ""forced_removals"": 0, ""growth_representation_fallbacks"": 1216, ""invariant_held"": true, ""n_segments"": 1707, ""n_train_fit"": 12838, ""n_val"": 4280, ""phase0"": [{""constant_lens"": false, ""gain"": 0.25, ""lens"": ""pc1"", ""lens_scaling"": ""standardize"", ""min_cluster_size"": 64, ""min_samples"": 5, ""n_class"": 8324, ""n_edges"": 9, ""n_intervals"": 10, ""n_vertices"": 10, ""noise_reassigned"": 7535, ""placement"": ""quantile"", ""slabs"": [{""k"": 1, ""n"": 937}, {""k"": 1, ""n"": 1040}, {""k"": 1, ""n"": 1040}, {""k"": 1, ""n"": 1041}, {""k"": 1, ""n"": 1040}, {""k"": 1, ""n"": 1040}, {""k"": 1, ""n"": 1041}, {""k"": 1, ""n"": 1040}, {""k"": 1, ""n"": 1040}, {""k"": 1, ""n"": 937}]}, {""constant_lens"": false, ""gain"": 0.25, ""lens"": ""pc1"", ""lens_scaling"": ""standardize"", ""min_cluster_size"": 64, ""min_samples"": 5, ""n_class"": 4514, ""n_edges"": 8, ""n_intervals"": 9, ""n_vertices"": 9, ""noise_reassigned"": 4776, ""placement"": ""quantile"", ""slabs"": [{""k"": 1, ""n"": 565}, {""k"": 1, ""n"": 627}, {""k"": 1, ""n"": 627}, {""k"": 1, ""n"": 627}, {""k"": 1, ""n"": 626}, {""k"": 1, ""n"": 627}, {""k"": 1, ""n"": 627}, {""k"": 1, ""n"": 627}, {""k"": 1, ""n"": 565}]}], ""soundness_bound_holds"": true, ""step_rule"": ""scale_free"", ""topology_retention_nerve_to_frozen"": {""beta0_frozen"": 5, ""beta0_nerve"": 2, ""beta1_frozen"": 0, ""beta1_nerve"": 0}}",True
0.8175604626708728,1712,False,0.10001168360789812,0.1,,464.62580300000263,464.62580300000263,0.0,magic,3,,SPINE+Graph,10,1712,1902,17118,0.8999883163921019,1716392904,False,"{""admission"": {""criterion"": ""risk"", ""removed_risk"": 3, ""removed_support"": 0}, ""betti_final"": [[3, 0], [2, 0]], ""betti_frozen"": [[3, 0], [2, 0]], ""betti_nerve"": [[1, 0], [1, 0]], ""boundary_restriction"": ""both"", ""forced_removals"": 0, ""growth_representation_fallbacks"": 1216, ""invariant_held"": true, ""n_segments"": 1707, ""n_train_fit"": 12838, ""n_val"": 4280, ""phase0"": [{""constant_lens"": false, ""gain"": 0.25, ""lens"": ""pc1"", ""lens_scaling"": ""standardize"", ""min_cluster_size"": 64, ""min_samples"": 5, ""n_class"": 8324, ""n_edges"": 9, ""n_intervals"": 10, ""n_vertices"": 10, ""noise_reassigned"": 7535, ""placement"": ""quantile"", ""slabs"": [{""k"": 1, ""n"": 937}, {""k"": 1, ""n"": 1040}, {""k"": 1, ""n"": 1040}, {""k"": 1, ""n"": 1041}, {""k"": 1, ""n"": 1040}, {""k"": 1, ""n"": 1040}, {""k"": 1, ""n"": 1041}, {""k"": 1, ""n"": 1040}, {""k"": 1, ""n"": 1040}, {""k"": 1, ""n"": 937}]}, {""constant_lens"": false, ""gain"": 0.25, ""lens"": ""pc1"", ""lens_scaling"": ""standardize"", ""min_cluster_size"": 64, ""min_samples"": 5, ""n_class"": 4514, ""n_edges"": 8, ""n_intervals"": 9, ""n_vertices"": 9, ""noise_reassigned"": 4776, ""placement"": ""quantile"", ""slabs"": [{""k"": 1, ""n"": 565}, {""k"": 1, ""n"": 627}, {""k"": 1, ""n"": 627}, {""k"": 1, ""n"": 627}, {""k"": 1, ""n"": 626}, {""k"": 1, ""n"": 627}, {""k"": 1, ""n"": 627}, {""k"": 1, ""n"": 627}, {""k"": 1, ""n"": 565}]}], ""soundness_bound_holds"": true, ""step_rule"": ""scale_free"", ""topology_retention_nerve_to_frozen"": {""beta0_frozen"": 5, ""beta0_nerve"": 2, ""beta1_frozen"": 0, ""beta1_nerve"": 0}}",True
0.8286014721345951,1712,False,0.10001168360789812,0.1,,19.855103999987477,338.53418199997395,318.6790779999865,magic,3,"{""epsilon"": 0.1, ""window"": 0.2}",LVQ3,10,1712,1902,17118,0.8999883163921019,1716392904,False,,True
0.7965299684542587,1712,False,0.10001168360789812,0.1,"{""0"": 1110, ""1"": 602}",39.92283299998962,39.92283299998962,0.0,magic,3,,KMeans,10,1712,1902,17118,0.8999883163921019,1716392904,False,,True
0.7712933753943217,1712,False,0.10001168360789812,0.1,"{""0"": 1110, ""1"": 602}",0.0023999999975785613,0.0023999999975785613,0.0,magic,3,,Random,10,1712,1902,17118,0.8999883163921019,1716392904,False,,True
0.7870662460567823,1712,False,0.10001168360789812,0.1,,8.87447599999723,8.87447599999723,0.0,magic,3,,SPOT,10,1712,1902,17118,0.8999883163921019,1716392904,False,,True
0.7933753943217665,1712,False,0.10001168360789812,0.1,,623.818008000002,623.818008000002,0.0,magic,3,,GLVQ,10,1712,1902,17118,0.8999883163921019,1716392904,False,,True
0.8165089379600421,1712,False,0.10001168360789812,0.1,,165.82641499998863,165.82641499998863,0.0,magic,3,,GNG,10,1712,1902,17118,0.8999883163921019,1716392904,False,,True
0.8070452155625657,4280,False,0.2500292090197453,0.25,,0.00017099999240599573,0.00017099999240599573,0.0,magic,3,,Full,10,17118,1902,17118,0.0,1716392904,True,,False
0.7860147213459516,4280,False,0.2500292090197453,0.25,,8.792180999997072,8.792180999997072,0.0,magic,3,,RSP3,10,7182,1902,17118,0.5804416403785488,1716392904,True,,False
0.750788643533123,4280,False,0.2500292090197453,0.25,,11.885276999993948,11.885276999993948,0.0,magic,3,,RHC,10,3437,1902,17118,0.799217198270826,1716392904,True,,False
0.8291272344900105,4280,False,0.2500292090197453,0.25,,3510.372078000015,3510.372078000015,0.0,magic,3,,SPINE+1NN,10,4280,1902,17118,0.7499707909802547,1716392904,False,"{""admission"": {""criterion"": ""risk"", ""removed_risk"": 3, ""removed_support"": 0}, ""betti_final"": [[3, 0], [2, 0]], ""betti_frozen"": [[3, 0], [2, 0]], ""betti_nerve"": [[1, 0], [1, 0]], ""boundary_restriction"": ""both"", ""forced_removals"": 0, ""growth_representation_fallbacks"": 3581, ""invariant_held"": true, ""n_segments"": 4275, ""n_train_fit"": 12838, ""n_val"": 4280, ""phase0"": [{""constant_lens"": false, ""gain"": 0.25, ""lens"": ""pc1"", ""lens_scaling"": ""standardize"", ""min_cluster_size"": 64, ""min_samples"": 5, ""n_class"": 8324, ""n_edges"": 9, ""n_intervals"": 10, ""n_vertices"": 10, ""noise_reassigned"": 7535, ""placement"": ""quantile"", ""slabs"": [{""k"": 1, ""n"": 937}, {""k"": 1, ""n"": 1040}, {""k"": 1, ""n"": 1040}, {""k"": 1, ""n"": 1041}, {""k"": 1, ""n"": 1040}, {""k"": 1, ""n"": 1040}, {""k"": 1, ""n"": 1041}, {""k"": 1, ""n"": 1040}, {""k"": 1, ""n"": 1040}, {""k"": 1, ""n"": 937}]}, {""constant_lens"": false, ""gain"": 0.25, ""lens"": ""pc1"", ""lens_scaling"": ""standardize"", ""min_cluster_size"": 64, ""min_samples"": 5, ""n_class"": 4514, ""n_edges"": 8, ""n_intervals"": 9, ""n_vertices"": 9, ""noise_reassigned"": 4776, ""placement"": ""quantile"", ""slabs"": [{""k"": 1, ""n"": 565}, {""k"": 1, ""n"": 627}, {""k"": 1, ""n"": 627}, {""k"": 1, ""n"": 627}, {""k"": 1, ""n"": 626}, {""k"": 1, ""n"": 627}, {""k"": 1, ""n"": 627}, {""k"": 1, ""n"": 627}, {""k"": 1, ""n"": 565}]}], ""soundness_bound_holds"": true, ""step_rule"": ""scale_free"", ""topology_retention_nerve_to_frozen"": {""beta0_frozen"": 5, ""beta0_nerve"": 2, ""beta1_frozen"": 0, ""beta1_nerve"": 0}}",True
0.8296529968454258,4280,False,0.2500292090197453,0.25,,3510.372078000015,3510.372078000015,0.0,magic,3,,SPINE+Graph,10,4280,1902,17118,0.7499707909802547,1716392904,False,"{""admission"": {""criterion"": ""risk"", ""removed_risk"": 3, ""removed_support"": 0}, ""betti_final"": [[3, 0], [2, 0]], ""betti_frozen"": [[3, 0], [2, 0]], ""betti_nerve"": [[1, 0], [1, 0]], ""boundary_restriction"": ""both"", ""forced_removals"": 0, ""growth_representation_fallbacks"": 3581, ""invariant_held"": true, ""n_segments"": 4275, ""n_train_fit"": 12838, ""n_val"": 4280, ""phase0"": [{""constant_lens"": false, ""gain"": 0.25, ""lens"": ""pc1"", ""lens_scaling"": ""standardize"", ""min_cluster_size"": 64, ""min_samples"": 5, ""n_class"": 8324, ""n_edges"": 9, ""n_intervals"": 10, ""n_vertices"": 10, ""noise_reassigned"": 7535, ""placement"": ""quantile"", ""slabs"": [{""k"": 1, ""n"": 937}, {""k"": 1, ""n"": 1040}, {""k"": 1, ""n"": 1040}, {""k"": 1, ""n"": 1041}, {""k"": 1, ""n"": 1040}, {""k"": 1, ""n"": 1040}, {""k"": 1, ""n"": 1041}, {""k"": 1, ""n"": 1040}, {""k"": 1, ""n"": 1040}, {""k"": 1, ""n"": 937}]}, {""constant_lens"": false, ""gain"": 0.25, ""lens"": ""pc1"", ""lens_scaling"": ""standardize"", ""min_cluster_size"": 64, ""min_samples"": 5, ""n_class"": 4514, ""n_edges"": 8, ""n_intervals"": 9, ""n_vertices"": 9, ""noise_reassigned"": 4776, ""placement"": ""quantile"", ""slabs"": [{""k"": 1, ""n"": 565}, {""k"": 1, ""n"": 627}, {""k"": 1, ""n"": 627}, {""k"": 1, ""n"": 627}, {""k"": 1, ""n"": 626}, {""k"": 1, ""n"": 627}, {""k"": 1, ""n"": 627}, {""k"": 1, ""n"": 627}, {""k"": 1, ""n"": 565}]}], ""soundness_bound_holds"": true, ""step_rule"": ""scale_free"", ""topology_retention_nerve_to_frozen"": {""beta0_frozen"": 5, ""beta0_nerve"": 2, ""beta1_frozen"": 0, ""beta1_nerve"": 0}}",True
0.8191377497371188,4280,False,0.2500292090197453,0.25,,55.25596899999073,943.0865009999834,887.8305319999927,magic,3,"{""epsilon"": 0.3, ""window"": 0.2}",LVQ3,10,4280,1902,17118,0.7499707909802547,1716392904,False,,True
0.8007360672975815,4280,False,0.2500292090197453,0.25,"{""0"": 2775, ""1"": 1505}",61.94166700000642,61.94166700000642,0.0,magic,3,,KMeans,10,4280,1902,17118,0.7499707909802547,1716392904,False,,True
0.7765509989484752,4280,False,0.2500292090197453,0.25,"{""0"": 2775, ""1"": 1505}",0.00330400001257658,0.00330400001257658,0.0,magic,3,,Random,10,4280,1902,17118,0.7499707909802547,1716392904,False,,True
0.8017875920084122,4280,False,0.2500292090197453,0.25,,9.072507000004407,9.072507000004407,0.0,magic,3,,SPOT,10,4280,1902,17118,0.7499707909802547,1716392904,False,,True
0.7996845425867508,4280,False,0.2500292090197453,0.25,,1554.7757310000015,1554.7757310000015,0.0,magic,3,,GLVQ,10,4280,1902,17118,0.7499707909802547,1716392904,False,,True
0.8123028391167192,4280,False,0.2500292090197453,0.25,,960.3448239999998,960.3448239999998,0.0,magic,3,,GNG,10,4280,1902,17118,0.7499707909802547,1716392904,False,,True
0.8222923238696109,86,False,0.005023951396191144,0.005,,0.00032199997804127634,0.00032199997804127634,0.0,magic,4,,Full,10,17118,1902,17118,0.0,1717392907,False,,False
0.7944269190325972,86,False,0.005023951396191144,0.005,,5.128808000008576,5.128808000008576,0.0,magic,4,,RSP3,10,7115,1902,17118,0.5843556490244187,1717392907,False,,False
0.7618296529968455,86,False,0.005023951396191144,0.005,,12.269869999989169,12.269869999989169,0.0,magic,4,,RHC,10,3452,1902,17118,0.7983409276784671,1717392907,False,,False
0.6987381703470031,86,False,0.005023951396191144,0.005,,13.21144500002265,13.21144500002265,0.0,magic,4,,SPINE+1NN,10,86,1902,17118,0.9949760486038088,1717392907,False,"{""admission"": {""criterion"": ""risk"", ""removed_risk"": 3, ""removed_support"": 0}, ""betti_final"": [[3, 0], [2, 0]], ""betti_frozen"": [[3, 0], [2, 0]], ""betti_nerve"": [[1, 0], [1, 0]], ""boundary_restriction"": ""both"", ""forced_removals"": 0, ""growth_representation_fallbacks"": 51, ""invariant_held"": true, ""n_segments"": 81, ""n_train_fit"": 12838, ""n_val"": 4280, ""phase0"": [{""constant_lens"": false, ""gain"": 0.25, ""lens"": ""pc1"", ""lens_scaling"": ""standardize"", ""min_cluster_size"": 64, ""min_samples"": 5, ""n_class"": 8324, ""n_edges"": 9, ""n_intervals"": 10, ""n_vertices"": 10, ""noise_reassigned"": 7653, ""placement"": ""quantile"", ""slabs"": [{""k"": 1, ""n"": 937}, {""k"": 1, ""n"": 1040}, {""k"": 1, ""n"": 1040}, {""k"": 1, ""n"": 1041}, {""k"": 1, ""n"": 1040}, {""k"": 1, ""n"": 1040}, {""k"": 1, ""n"": 1041}, {""k"": 1, ""n"": 1040}, {""k"": 1, ""n"": 1040}, {""k"": 1, ""n"": 937}]}, {""constant_lens"": false, ""gain"": 0.25, ""lens"": ""pc1"", ""lens_scaling"": ""standardize"", ""min_cluster_size"": 64, ""min_samples"": 5, ""n_class"": 4514, ""n_edges"": 8, ""n_intervals"": 9, ""n_vertices"": 9, ""noise_reassigned"": 4732, ""placement"": ""quantile"", ""slabs"": [{""k"": 1, ""n"": 565}, {""k"": 1, ""n"": 627}, {""k"": 1, ""n"": 627}, {""k"": 1, ""n"": 627}, {""k"": 1, ""n"": 626}, {""k"": 1, ""n"": 627}, {""k"": 1, ""n"": 627}, {""k"": 1, ""n"": 627}, {""k"": 1, ""n"": 565}]}], ""soundness_bound_holds"": true, ""step_rule"": ""scale_free"", ""topology_retention_nerve_to_frozen"": {""beta0_frozen"": 5, ""beta0_nerve"": 2, ""beta1_frozen"": 0, ""beta1_nerve"": 0}}",True
0.7108307045215563,86,False,0.005023951396191144,0.005,,13.21144500002265,13.21144500002265,0.0,magic,4,,SPINE+Graph,10,86,1902,17118,0.9949760486038088,1717392907,False,"{""admission"": {""criterion"": ""risk"", ""removed_risk"": 3, ""removed_support"": 0}, ""betti_final"": [[3, 0], [2, 0]], ""betti_frozen"": [[3, 0], [2, 0]], ""betti_nerve"": [[1, 0], [1, 0]], ""boundary_restriction"": ""both"", ""forced_removals"": 0, ""growth_representation_fallbacks"": 51, ""invariant_held"": true, ""n_segments"": 81, ""n_train_fit"": 12838, ""n_val"": 4280, ""phase0"": [{""constant_lens"": false, ""gain"": 0.25, ""lens"": ""pc1"", ""lens_scaling"": ""standardize"", ""min_cluster_size"": 64, ""min_samples"": 5, ""n_class"": 8324, ""n_edges"": 9, ""n_intervals"": 10, ""n_vertices"": 10, ""noise_reassigned"": 7653, ""placement"": ""quantile"", ""slabs"": [{""k"": 1, ""n"": 937}, {""k"": 1, ""n"": 1040}, {""k"": 1, ""n"": 1040}, {""k"": 1, ""n"": 1041}, {""k"": 1, ""n"": 1040}, {""k"": 1, ""n"": 1040}, {""k"": 1, ""n"": 1041}, {""k"": 1, ""n"": 1040}, {""k"": 1, ""n"": 1040}, {""k"": 1, ""n"": 937}]}, {""constant_lens"": false, ""gain"": 0.25, ""lens"": ""pc1"", ""lens_scaling"": ""standardize"", ""min_cluster_size"": 64, ""min_samples"": 5, ""n_class"": 4514, ""n_edges"": 8, ""n_intervals"": 9, ""n_vertices"": 9, ""noise_reassigned"": 4732, ""placement"": ""quantile"", ""slabs"": [{""k"": 1, ""n"": 565}, {""k"": 1, ""n"": 627}, {""k"": 1, ""n"": 627}, {""k"": 1, ""n"": 627}, {""k"": 1, ""n"": 626}, {""k"": 1, ""n"": 627}, {""k"": 1, ""n"": 627}, {""k"": 1, ""n"": 627}, {""k"": 1, ""n"": 565}]}], ""soundness_bound_holds"": true, ""step_rule"": ""scale_free"", ""topology_retention_nerve_to_frozen"": {""beta0_frozen"": 5, ""beta0_nerve"": 2, ""beta1_frozen"": 0, ""beta1_nerve"": 0}}",True
0.8364879074658255,86,False,0.005023951396191144,0.005,,3.515034999989439,61.51260599997477,57.99757099998533,magic,4,"{""epsilon"": 0.1, ""window"": 0.2}",LVQ3,10,86,1902,17118,0.9949760486038088,1717392907,False,,True
0.7849631966351209,86,False,0.005023951396191144,0.005,"{""0"": 56, ""1"": 30}",5.812095000001136,5.812095000001136,0.0,magic,4,,KMeans,10,86,1902,17118,0.9949760486038088,1717392907,False,,True
0.7602523659305994,86,False,0.005023951396191144,0.005,"{""0"": 56, ""1"": 30}",0.0018050000071525574,0.0018050000071525574,0.0,magic,4,,Random,10,86,1902,17118,0.9949760486038088,1717392907,False,,True
0.7471083070452156,86,False,0.005023951396191144,0.005,,7.149375000008149,7.149375000008149,0.0,magic,4,,SPOT,10,86,1902,17118,0.9949760486038088,1717392907,False,,True
0.7744479495268138,86,False,0.005023951396191144,0.005,,36.53664899998694,36.53664899998694,0.0,magic,4,,GLVQ,10,86,1902,17118,0.9949760486038088,1717392907,False,,True
0.7907465825446898,86,False,0.005023951396191144,0.005,,0.6694800000113901,0.6694800000113901,0.0,magic,4,,GNG,10,86,1902,17118,0.9949760486038088,1717392907,False,,True
0.8222923238696109,171,False,0.009989484752891693,0.01,,0.00032199997804127634,0.00032199997804127634,0.0,magic,4,,Full,10,17118,1902,17118,0.0,1717392907,True,,False
0.7944269190325972,171,False,0.009989484752891693,0.01,,5.128808000008576,5.128808000008576,0.0,magic,4,,RSP3,10,7115,1902,17118,0.5843556490244187,1717392907,True,,False
0.7618296529968455,171,False,0.009989484752891693,0.01,,12.269869999989169,12.269869999989169,0.0,magic,4,,RHC,10,3452,1902,17118,0.7983409276784671,1717392907,True,,False
0.7250262881177708,171,False,0.009989484752891693,0.01,,15.27733799998532,15.27733799998532,0.0,magic,4,,SPINE+1NN,10,171,1902,17118,0.9900105152471083,1717392907,False,"{""admission"": {""criterion"": ""risk"", ""removed_risk"": 3, ""removed_support"": 0}, ""betti_final"": [[3, 0], [2, 0]], ""betti_frozen"": [[3, 0], [2, 0]], ""betti_nerve"": [[1, 0], [1, 0]], ""boundary_restriction"": ""both"", ""forced_removals"": 0, ""growth_representation_fallbacks"": 114, ""invariant_held"": true, ""n_segments"": 166, ""n_train_fit"": 12838, ""n_val"": 4280, ""phase0"": [{""constant_lens"": false, ""gain"": 0.25, ""lens"": ""pc1"", ""lens_scaling"": ""standardize"", ""min_cluster_size"": 64, ""min_samples"": 5, ""n_class"": 8324, ""n_edges"": 9, ""n_intervals"": 10, ""n_vertices"": 10, ""noise_reassigned"": 7653, ""placement"": ""quantile"", ""slabs"": [{""k"": 1, ""n"": 937}, {""k"": 1, ""n"": 1040}, {""k"": 1, ""n"": 1040}, {""k"": 1, ""n"": 1041}, {""k"": 1, ""n"": 1040}, {""k"": 1, ""n"": 1040}, {""k"": 1, ""n"": 1041}, {""k"": 1, ""n"": 1040}, {""k"": 1, ""n"": 1040}, {""k"": 1, ""n"": 937}]}, {""constant_lens"": false, ""gain"": 0.25, ""lens"": ""pc1"", ""lens_scaling"": ""standardize"", ""min_cluster_size"": 64, ""min_samples"": 5, ""n_class"": 4514, ""n_edges"": 8, ""n_intervals"": 9, ""n_vertices"": 9, ""noise_reassigned"": 4732, ""placement"": ""quantile"", ""slabs"": [{""k"": 1, ""n"": 565}, {""k"": 1, ""n"": 627}, {""k"": 1, ""n"": 627}, {""k"": 1, ""n"": 627}, {""k"": 1, ""n"": 626}, {""k"": 1, ""n"": 627}, {""k"": 1, ""n"": 627}, {""k"": 1, ""n"": 627}, {""k"": 1, ""n"": 565}]}], ""soundness_bound_holds"": true, ""step_rule"": ""scale_free"", ""topology_retention_nerve_to_frozen"": {""beta0_frozen"": 5, ""beta0_nerve"": 2, ""beta1_frozen"": 0, ""beta1_nerve"": 0}}",True
0.7334384858044164,171,False,0.009989484752891693,0.01,,15.27733799998532,15.27733799998532,0.0,magic,4,,SPINE+Graph,10,171,1902,17118,0.9900105152471083,1717392907,False,"{""admission"": {""criterion"": ""risk"", ""removed_risk"": 3, ""removed_support"": 0}, ""betti_final"": [[3, 0], [2, 0]], ""betti_frozen"": [[3, 0], [2, 0]], ""betti_nerve"": [[1, 0], [1, 0]], ""boundary_restriction"": ""both"", ""forced_removals"": 0, ""growth_representation_fallbacks"": 114, ""invariant_held"": true, ""n_segments"": 166, ""n_train_fit"": 12838, ""n_val"": 4280, ""phase0"": [{""constant_lens"": false, ""gain"": 0.25, ""lens"": ""pc1"", ""lens_scaling"": ""standardize"", ""min_cluster_size"": 64, ""min_samples"": 5, ""n_class"": 8324, ""n_edges"": 9, ""n_intervals"": 10, ""n_vertices"": 10, ""noise_reassigned"": 7653, ""placement"": ""quantile"", ""slabs"": [{""k"": 1, ""n"": 937}, {""k"": 1, ""n"": 1040}, {""k"": 1, ""n"": 1040}, {""k"": 1, ""n"": 1041}, {""k"": 1, ""n"": 1040}, {""k"": 1, ""n"": 1040}, {""k"": 1, ""n"": 1041}, {""k"": 1, ""n"": 1040}, {""k"": 1, ""n"": 1040}, {""k"": 1, ""n"": 937}]}, {""constant_lens"": false, ""gain"": 0.25, ""lens"": ""pc1"", ""lens_scaling"": ""standardize"", ""min_cluster_size"": 64, ""min_samples"": 5, ""n_class"": 4514, ""n_edges"": 8, ""n_intervals"": 9, ""n_vertices"": 9, ""noise_reassigned"": 4732, ""placement"": ""quantile"", ""slabs"": [{""k"": 1, ""n"": 565}, {""k"": 1, ""n"": 627}, {""k"": 1, ""n"": 627}, {""k"": 1, ""n"": 627}, {""k"": 1, ""n"": 626}, {""k"": 1, ""n"": 627}, {""k"": 1, ""n"": 627}, {""k"": 1, ""n"": 627}, {""k"": 1, ""n"": 565}]}], ""soundness_bound_holds"": true, ""step_rule"": ""scale_free"", ""topology_retention_nerve_to_frozen"": {""beta0_frozen"": 5, ""beta0_nerve"": 2, ""beta1_frozen"": 0, ""beta1_nerve"": 0}}",True
0.8538380651945321,171,False,0.009989484752891693,0.01,,4.343083999992814,73.43620900000678,69.09312500001397,magic,4,"{""epsilon"": 0.1, ""window"": 0.3}",LVQ3,10,171,1902,17118,0.9900105152471083,1717392907,False,,True
0.7928496319663512,171,False,0.009989484752891693,0.01,"{""0"": 111, ""1"": 60}",9.93358499999158,9.93358499999158,0.0,magic,4,,KMeans,10,171,1902,17118,0.9900105152471083,1717392907,False,,True
0.7234490010515248,171,False,0.009989484752891693,0.01,"{""0"": 111, ""1"": 60}",0.001711999997496605,0.001711999997496605,0.0,magic,4,,Random,10,171,1902,17118,0.9900105152471083,1717392907,False,,True
0.7544689800210305,171,False,0.009989484752891693,0.01,,7.161225000018021,7.161225000018021,0.0,magic,4,,SPOT,10,171,1902,17118,0.9900105152471083,1717392907,False,,True
0.7823343848580442,171,False,0.009989484752891693,0.01,,66.82016900001327,66.82016900001327,0.0,magic,4,,GLVQ,10,171,1902,17118,0.9900105152471083,1717392907,False,,True
0.8007360672975815,171,False,0.009989484752891693,0.01,,2.086443000007421,2.086443000007421,0.0,magic,4,,GNG,10,171,1902,17118,0.9900105152471083,1717392907,False,,True
0.8222923238696109,342,False,0.019978969505783387,0.02,,0.00032199997804127634,0.00032199997804127634,0.0,magic,4,,Full,10,17118,1902,17118,0.0,1717392907,True,,False
0.7944269190325972,342,False,0.019978969505783387,0.02,,5.128808000008576,5.128808000008576,0.0,magic,4,,RSP3,10,7115,1902,17118,0.5843556490244187,1717392907,True,,False
0.7618296529968455,342,False,0.019978969505783387,0.02,,12.269869999989169,12.269869999989169,0.0,magic,4,,RHC,10,3452,1902,17118,0.7983409276784671,1717392907,True,,False
0.7613038906414301,342,False,0.019978969505783387,0.02,,27.450294000009308,27.450294000009308,0.0,magic,4,,SPINE+1NN,10,342,1902,17118,0.9800210304942166,1717392907,False,"{""admission"": {""criterion"": ""risk"", ""removed_risk"": 3, ""removed_support"": 0}, ""betti_final"": [[3, 0], [2, 0]], ""betti_frozen"": [[3, 0], [2, 0]], ""betti_nerve"": [[1, 0], [1, 0]], ""boundary_restriction"": ""both"", ""forced_removals"": 0, ""growth_representation_fallbacks"": 232, ""invariant_held"": true, ""n_segments"": 337, ""n_train_fit"": 12838, ""n_val"": 4280, ""phase0"": [{""constant_lens"": false, ""gain"": 0.25, ""lens"": ""pc1"", ""lens_scaling"": ""standardize"", ""min_cluster_size"": 64, ""min_samples"": 5, ""n_class"": 8324, ""n_edges"": 9, ""n_intervals"": 10, ""n_vertices"": 10, ""noise_reassigned"": 7653, ""placement"": ""quantile"", ""slabs"": [{""k"": 1, ""n"": 937}, {""k"": 1, ""n"": 1040}, {""k"": 1, ""n"": 1040}, {""k"": 1, ""n"": 1041}, {""k"": 1, ""n"": 1040}, {""k"": 1, ""n"": 1040}, {""k"": 1, ""n"": 1041}, {""k"": 1, ""n"": 1040}, {""k"": 1, ""n"": 1040}, {""k"": 1, ""n"": 937}]}, {""constant_lens"": false, ""gain"": 0.25, ""lens"": ""pc1"", ""lens_scaling"": ""standardize"", ""min_cluster_size"": 64, ""min_samples"": 5, ""n_class"": 4514, ""n_edges"": 8, ""n_intervals"": 9, ""n_vertices"": 9, ""noise_reassigned"": 4732, ""placement"": ""quantile"", ""slabs"": [{""k"": 1, ""n"": 565}, {""k"": 1, ""n"": 627}, {""k"": 1, ""n"": 627}, {""k"": 1, ""n"": 627}, {""k"": 1, ""n"": 626}, {""k"": 1, ""n"": 627}, {""k"": 1, ""n"": 627}, {""k"": 1, ""n"": 627}, {""k"": 1, ""n"": 565}]}], ""soundness_bound_holds"": true, ""step_rule"": ""scale_free"", ""topology_retention_nerve_to_frozen"": {""beta0_frozen"": 5, ""beta0_nerve"": 2, ""beta1_frozen"": 0, ""beta1_nerve"": 0}}",True
0.7691903259726603,342,False,0.019978969505783387,0.02,,27.450294000009308,27.450294000009308,0.0,magic,4,,SPINE+Graph,10,342,1902,17118,0.9800210304942166,1717392907,False,"{""admission"": {""criterion"": ""risk"", ""removed_risk"": 3, ""removed_support"": 0}, ""betti_final"": [[3, 0], [2, 0]], ""betti_frozen"": [[3, 0], [2, 0]], ""betti_nerve"": [[1, 0], [1, 0]], ""boundary_restriction"": ""both"", ""forced_removals"": 0, ""growth_representation_fallbacks"": 232, ""invariant_held"": true, ""n_segments"": 337, ""n_train_fit"": 12838, ""n_val"": 4280, ""phase0"": [{""constant_lens"": false, ""gain"": 0.25, ""lens"": ""pc1"", ""lens_scaling"": ""standardize"", ""min_cluster_size"": 64, ""min_samples"": 5, ""n_class"": 8324, ""n_edges"": 9, ""n_intervals"": 10, ""n_vertices"": 10, ""noise_reassigned"": 7653, ""placement"": ""quantile"", ""slabs"": [{""k"": 1, ""n"": 937}, {""k"": 1, ""n"": 1040}, {""k"": 1, ""n"": 1040}, {""k"": 1, ""n"": 1041}, {""k"": 1, ""n"": 1040}, {""k"": 1, ""n"": 1040}, {""k"": 1, ""n"": 1041}, {""k"": 1, ""n"": 1040}, {""k"": 1, ""n"": 1040}, {""k"": 1, ""n"": 937}]}, {""constant_lens"": false, ""gain"": 0.25, ""lens"": ""pc1"", ""lens_scaling"": ""standardize"", ""min_cluster_size"": 64, ""min_samples"": 5, ""n_class"": 4514, ""n_edges"": 8, ""n_intervals"": 9, ""n_vertices"": 9, ""noise_reassigned"": 4732, ""placement"": ""quantile"", ""slabs"": [{""k"": 1, ""n"": 565}, {""k"": 1, ""n"": 627}, {""k"": 1, ""n"": 627}, {""k"": 1, ""n"": 627}, {""k"": 1, ""n"": 626}, {""k"": 1, ""n"": 627}, {""k"": 1, ""n"": 627}, {""k"": 1, ""n"": 627}, {""k"": 1, ""n"": 565}]}], ""soundness_bound_holds"": true, ""step_rule"": ""scale_free"", ""topology_retention_nerve_to_frozen"": {""beta0_frozen"": 5, ""beta0_nerve"": 2, ""beta1_frozen"": 0, ""beta1_nerve"": 0}}",True
0.8501577287066246,342,False,0.019978969505783387,0.02,,6.818423000018811,104.07419800001662,97.25577499999781,magic,4,"{""epsilon"": 0.1, ""window"": 0.3}",LVQ3,10,342,1902,17118,0.9800210304942166,1717392907,False,,True
0.8065194532071503,342,False,0.019978969505783387,0.02,"{""0"": 222, ""1"": 120}",13.438909999997122,13.438909999997122,0.0,magic,4,,KMeans,10,342,1902,17118,0.9800210304942166,1717392907,False,,True
0.7465825446898002,342,False,0.019978969505783387,0.02,"{""0"": 222, ""1"": 120}",0.005768999981228262,0.005768999981228262,0.0,magic,4,,Random,10,342,1902,17118,0.9800210304942166,1717392907,False,,True
0.7712933753943217,342,False,0.019978969505783387,0.02,,8.219939000002341,8.219939000002341,0.0,magic,4,,SPOT,10,342,1902,17118,0.9800210304942166,1717392907,False,,True
0.7870662460567823,342,False,0.019978969505783387,0.02,,129.1096649999963,129.1096649999963,0.0,magic,4,,GLVQ,10,342,1902,17118,0.9800210304942166,1717392907,False,,True
0.8033648790746583,342,False,0.019978969505783387,0.02,,7.04725099998177,7.04725099998177,0.0,magic,4,,GNG,10,342,1902,17118,0.9800210304942166,1717392907,False,,True
0.8222923238696109,856,False,0.05000584180394906,0.05,,0.00032199997804127634,0.00032199997804127634,0.0,magic,4,,Full,10,17118,1902,17118,0.0,1717392907,True,,False
0.7944269190325972,856,False,0.05000584180394906,0.05,,5.128808000008576,5.128808000008576,0.0,magic,4,,RSP3,10,7115,1902,17118,0.5843556490244187,1717392907,True,,False
0.7618296529968455,856,False,0.05000584180394906,0.05,,12.269869999989169,12.269869999989169,0.0,magic,4,,RHC,10,3452,1902,17118,0.7983409276784671,1717392907,True,,False
0.7949526813880127,856,False,0.05000584180394906,0.05,,117.5373499999987,117.5373499999987,0.0,magic,4,,SPINE+1NN,10,856,1902,17118,0.9499941581960509,1717392907,False,"{""admission"": {""criterion"": ""risk"", ""removed_risk"": 3, ""removed_support"": 0}, ""betti_final"": [[3, 0], [2, 0]], ""betti_frozen"": [[3, 0], [2, 0]], ""betti_nerve"": [[1, 0], [1, 0]], ""boundary_restriction"": ""both"", ""forced_removals"": 0, ""growth_representation_fallbacks"": 605, ""invariant_held"": true, ""n_segments"": 851, ""n_train_fit"": 12838, ""n_val"": 4280, ""phase0"": [{""constant_lens"": false, ""gain"": 0.25, ""lens"": ""pc1"", ""lens_scaling"": ""standardize"", ""min_cluster_size"": 64, ""min_samples"": 5, ""n_class"": 8324, ""n_edges"": 9, ""n_intervals"": 10, ""n_vertices"": 10, ""noise_reassigned"": 7653, ""placement"": ""quantile"", ""slabs"": [{""k"": 1, ""n"": 937}, {""k"": 1, ""n"": 1040}, {""k"": 1, ""n"": 1040}, {""k"": 1, ""n"": 1041}, {""k"": 1, ""n"": 1040}, {""k"": 1, ""n"": 1040}, {""k"": 1, ""n"": 1041}, {""k"": 1, ""n"": 1040}, {""k"": 1, ""n"": 1040}, {""k"": 1, ""n"": 937}]}, {""constant_lens"": false, ""gain"": 0.25, ""lens"": ""pc1"", ""lens_scaling"": ""standardize"", ""min_cluster_size"": 64, ""min_samples"": 5, ""n_class"": 4514, ""n_edges"": 8, ""n_intervals"": 9, ""n_vertices"": 9, ""noise_reassigned"": 4732, ""placement"": ""quantile"", ""slabs"": [{""k"": 1, ""n"": 565}, {""k"": 1, ""n"": 627}, {""k"": 1, ""n"": 627}, {""k"": 1, ""n"": 627}, {""k"": 1, ""n"": 626}, {""k"": 1, ""n"": 627}, {""k"": 1, ""n"": 627}, {""k"": 1, ""n"": 627}, {""k"": 1, ""n"": 565}]}], ""soundness_bound_holds"": true, ""step_rule"": ""scale_free"", ""topology_retention_nerve_to_frozen"": {""beta0_frozen"": 5, ""beta0_nerve"": 2, ""beta1_frozen"": 0, ""beta1_nerve"": 0}}",True
0.8002103049421662,856,False,0.05000584180394906,0.05,,117.5373499999987,117.5373499999987,0.0,magic,4,,SPINE+Graph,10,856,1902,17118,0.9499941581960509,1717392907,False,"{""admission"": {""criterion"": ""risk"", ""removed_risk"": 3, ""removed_support"": 0}, ""betti_final"": [[3, 0], [2, 0]], ""betti_frozen"": [[3, 0], [2, 0]], ""betti_nerve"": [[1, 0], [1, 0]], ""boundary_restriction"": ""both"", ""forced_removals"": 0, ""growth_representation_fallbacks"": 605, ""invariant_held"": true, ""n_segments"": 851, ""n_train_fit"": 12838, ""n_val"": 4280, ""phase0"": [{""constant_lens"": false, ""gain"": 0.25, ""lens"": ""pc1"", ""lens_scaling"": ""standardize"", ""min_cluster_size"": 64, ""min_samples"": 5, ""n_class"": 8324, ""n_edges"": 9, ""n_intervals"": 10, ""n_vertices"": 10, ""noise_reassigned"": 7653, ""placement"": ""quantile"", ""slabs"": [{""k"": 1, ""n"": 937}, {""k"": 1, ""n"": 1040}, {""k"": 1, ""n"": 1040}, {""k"": 1, ""n"": 1041}, {""k"": 1, ""n"": 1040}, {""k"": 1, ""n"": 1040}, {""k"": 1, ""n"": 1041}, {""k"": 1, ""n"": 1040}, {""k"": 1, ""n"": 1040}, {""k"": 1, ""n"": 937}]}, {""constant_lens"": false, ""gain"": 0.25, ""lens"": ""pc1"", ""lens_scaling"": ""standardize"", ""min_cluster_size"": 64, ""min_samples"": 5, ""n_class"": 4514, ""n_edges"": 8, ""n_intervals"": 9, ""n_vertices"": 9, ""noise_reassigned"": 4732, ""placement"": ""quantile"", ""slabs"": [{""k"": 1, ""n"": 565}, {""k"": 1, ""n"": 627}, {""k"": 1, ""n"": 627}, {""k"": 1, ""n"": 627}, {""k"": 1, ""n"": 626}, {""k"": 1, ""n"": 627}, {""k"": 1, ""n"": 627}, {""k"": 1, ""n"": 627}, {""k"": 1, ""n"": 565}]}], ""soundness_bound_holds"": true, ""step_rule"": ""scale_free"", ""topology_retention_nerve_to_frozen"": {""beta0_frozen"": 5, ""beta0_nerve"": 2, ""beta1_frozen"": 0, ""beta1_nerve"": 0}}",True
0.8438485804416404,856,False,0.05000584180394906,0.05,,11.470261999987997,200.61758900000132,189.14732700001332,magic,4,"{""epsilon"": 0.1, ""window"": 0.3}",LVQ3,10,856,1902,17118,0.9499941581960509,1717392907,False,,True
0.7944269190325972,856,False,0.05000584180394906,0.05,"{""0"": 555, ""1"": 301}",30.757443000009516,30.757443000009516,0.0,magic,4,,KMeans,10,856,1902,17118,0.9499941581960509,1717392907,False,,True
0.7802313354363828,856,False,0.05000584180394906,0.05,"{""0"": 555, ""1"": 301}",0.002226000011432916,0.002226000011432916,0.0,magic,4,,Random,10,856,1902,17118,0.9499941581960509,1717392907,False,,True
0.7807570977917981,856,False,0.05000584180394906,0.05,,8.140360999997938,8.140360999997938,0.0,magic,4,,SPOT,10,856,1902,17118,0.9499941581960509,1717392907,False,,True
0.7939011566771819,856,False,0.05000584180394906,0.05,,313.2690880000009,313.2690880000009,0.0,magic,4,,GLVQ,10,856,1902,17118,0.9499941581960509,1717392907,False,,True
0.8091482649842271,856,False,0.05000584180394906,0.05,,41.25776899998891,41.25776899998891,0.0,magic,4,,GNG,10,856,1902,17118,0.9499941581960509,1717392907,False,,True
0.8222923238696109,1712,False,0.10001168360789812,0.1,,0.00032199997804127634,0.00032199997804127634,0.0,magic,4,,Full,10,17118,1902,17118,0.0,1717392907,True,,False
0.7944269190325972,1712,False,0.10001168360789812,0.1,,5.128808000008576,5.128808000008576,0.0,magic,4,,RSP3,10,7115,1902,17118,0.5843556490244187,1717392907,True,,False
0.7618296529968455,1712,False,0.10001168360789812,0.1,,12.269869999989169,12.269869999989169,0.0,magic,4,,RHC,10,3452,1902,17118,0.7983409276784671,1717392907,True,,False
0.823869610935857,1712,False,0.10001168360789812,0.1,,476.0441629999841,476.0441629999841,0.0,magic,4,,SPINE+1NN,10,1712,1902,17118,0.8999883163921019,1717392907,False,"{""admission"": {""criterion"": ""risk"", ""removed_risk"": 3, ""removed_support"": 0}, ""betti_final"": [[3, 0], [2, 0]], ""betti_frozen"": [[3, 0], [2, 0]], ""betti_nerve"": [[1, 0], [1, 0]], ""boundary_restriction"": ""both"", ""forced_removals"": 0, ""growth_representation_fallbacks"": 1227, ""invariant_held"": true, ""n_segments"": 1707, ""n_train_fit"": 12838, ""n_val"": 4280, ""phase0"": [{""constant_lens"": false, ""gain"": 0.25, ""lens"": ""pc1"", ""lens_scaling"": ""standardize"", ""min_cluster_size"": 64, ""min_samples"": 5, ""n_class"": 8324, ""n_edges"": 9, ""n_intervals"": 10, ""n_vertices"": 10, ""noise_reassigned"": 7653, ""placement"": ""quantile"", ""slabs"": [{""k"": 1, ""n"": 937}, {""k"": 1, ""n"": 1040}, {""k"": 1, ""n"": 1040}, {""k"": 1, ""n"": 1041}, {""k"": 1, ""n"": 1040}, {""k"": 1, ""n"": 1040}, {""k"": 1, ""n"": 1041}, {""k"": 1, ""n"": 1040}, {""k"": 1, ""n"": 1040}, {""k"": 1, ""n"": 937}]}, {""constant_lens"": false, ""gain"": 0.25, ""lens"": ""pc1"", ""lens_scaling"": ""standardize"", ""min_cluster_size"": 64, ""min_samples"": 5, ""n_class"": 4514, ""n_edges"": 8, ""n_intervals"": 9, ""n_vertices"": 9, ""noise_reassigned"": 4732, ""placement"": ""quantile"", ""slabs"": [{""k"": 1, ""n"": 565}, {""k"": 1, ""n"": 627}, {""k"": 1, ""n"": 627}, {""k"": 1, ""n"": 627}, {""k"": 1, ""n"": 626}, {""k"": 1, ""n"": 627}, {""k"": 1, ""n"": 627}, {""k"": 1, ""n"": 627}, {""k"": 1, ""n"": 565}]}], ""soundness_bound_holds"": true, ""step_rule"": ""scale_free"", ""topology_retention_nerve_to_frozen"": {""beta0_frozen"": 5, ""beta0_nerve"": 2, ""beta1_frozen"": 0, ""beta1_nerve"": 0}}",True
0.8249211356466877,1712,False,0.10001168360789812,0.1,,476.0441629999841,476.0441629999841,0.0,magic,4,,SPINE+Graph,10,1712,1902,17118,0.8999883163921019,1717392907,False,"{""admission"": {""criterion"": ""risk"", ""removed_risk"": 3, ""removed_support"": 0}, ""betti_final"": [[3, 0], [2, 0]], ""betti_frozen"": [[3, 0], [2, 0]], ""betti_nerve"": [[1, 0], [1, 0]], ""boundary_restriction"": ""both"", ""forced_removals"": 0, ""growth_representation_fallbacks"": 1227, ""invariant_held"": true, ""n_segments"": 1707, ""n_train_fit"": 12838, ""n_val"": 4280, ""phase0"": [{""constant_lens"": false, ""gain"": 0.25, ""lens"": ""pc1"", ""lens_scaling"": ""standardize"", ""min_cluster_size"": 64, ""min_samples"": 5, ""n_class"": 8324, ""n_edges"": 9, ""n_intervals"": 10, ""n_vertices"": 10, ""noise_reassigned"": 7653, ""placement"": ""quantile"", ""slabs"": [{""k"": 1, ""n"": 937}, {""k"": 1, ""n"": 1040}, {""k"": 1, ""n"": 1040}, {""k"": 1, ""n"": 1041}, {""k"": 1, ""n"": 1040}, {""k"": 1, ""n"": 1040}, {""k"": 1, ""n"": 1041}, {""k"": 1, ""n"": 1040}, {""k"": 1, ""n"": 1040}, {""k"": 1, ""n"": 937}]}, {""constant_lens"": false, ""gain"": 0.25, ""lens"": ""pc1"", ""lens_scaling"": ""standardize"", ""min_cluster_size"": 64, ""min_samples"": 5, ""n_class"": 4514, ""n_edges"": 8, ""n_intervals"": 9, ""n_vertices"": 9, ""noise_reassigned"": 4732, ""placement"": ""quantile"", ""slabs"": [{""k"": 1, ""n"": 565}, {""k"": 1, ""n"": 627}, {""k"": 1, ""n"": 627}, {""k"": 1, ""n"": 627}, {""k"": 1, ""n"": 626}, {""k"": 1, ""n"": 627}, {""k"": 1, ""n"": 627}, {""k"": 1, ""n"": 627}, {""k"": 1, ""n"": 565}]}], ""soundness_bound_holds"": true, ""step_rule"": ""scale_free"", ""topology_retention_nerve_to_frozen"": {""beta0_frozen"": 5, ""beta0_nerve"": 2, ""beta1_frozen"": 0, ""beta1_nerve"": 0}}",True
0.8396424815983176,1712,False,0.10001168360789812,0.1,,20.13444900000468,357.28725600001053,337.15280700000585,magic,4,"{""epsilon"": 0.1, ""window"": 0.2}",LVQ3,10,1712,1902,17118,0.8999883163921019,1717392907,False,,True
0.8054679284963197,1712,False,0.10001168360789812,0.1,"{""0"": 1110, ""1"": 602}",43.152968999987934,43.152968999987934,0.0,magic,4,,KMeans,10,1712,1902,17118,0.8999883163921019,1717392907,False,,True
0.7733964248159831,1712,False,0.10001168360789812,0.1,"{""0"": 1110, ""1"": 602}",0.005415999999968335,0.005415999999968335,0.0,magic,4,,Random,10,1712,1902,17118,0.8999883163921019,1717392907,False,,True
0.7917981072555205,1712,False,0.10001168360789812,0.1,,8.450844999984838,8.450844999984838,0.0,magic,4,,SPOT,10,1712,1902,17118,0.8999883163921019,1717392907,False,,True
0.7986330178759201,1712,False,0.10001168360789812,0.1,,622.5706469999859,622.5706469999859,0.0,magic,4,,GLVQ,10,1712,1902,17118,0.8999883163921019,1717392907,False,,True
0.805993690851735,1712,False,0.10001168360789812,0.1,,161.75340799998958,161.75340799998958,0.0,magic,4,,GNG,10,1712,1902,17118,0.8999883163921019,1717392907,False,,True
0.8222923238696109,4280,False,0.2500292090197453,0.25,,0.00032199997804127634,0.00032199997804127634,0.0,magic,4,,Full,10,17118,1902,17118,0.0,1717392907,True,,False
0.7944269190325972,4280,False,0.2500292090197453,0.25,,5.128808000008576,5.128808000008576,0.0,magic,4,,RSP3,10,7115,1902,17118,0.5843556490244187,1717392907,True,,False
0.7618296529968455,4280,False,0.2500292090197453,0.25,,12.269869999989169,12.269869999989169,0.0,magic,4,,RHC,10,3452,1902,17118,0.7983409276784671,1717392907,True,,False
0.8380651945320715,4280,False,0.2500292090197453,0.25,,3460.2347299999965,3460.2347299999965,0.0,magic,4,,SPINE+1NN,10,4280,1902,17118,0.7499707909802547,1717392907,False,"{""admission"": {""criterion"": ""risk"", ""removed_risk"": 3, ""removed_support"": 0}, ""betti_final"": [[3, 0], [2, 0]], ""betti_frozen"": [[3, 0], [2, 0]], ""betti_nerve"": [[1, 0], [1, 0]], ""boundary_restriction"": ""both"", ""forced_removals"": 0, ""growth_representation_fallbacks"": 3538, ""invariant_held"": true, ""n_segments"": 4275, ""n_train_fit"": 12838, ""n_val"": 4280, ""phase0"": [{""constant_lens"": false, ""gain"": 0.25, ""lens"": ""pc1"", ""lens_scaling"": ""standardize"", ""min_cluster_size"": 64, ""min_samples"": 5, ""n_class"": 8324, ""n_edges"": 9, ""n_intervals"": 10, ""n_vertices"": 10, ""noise_reassigned"": 7653, ""placement"": ""quantile"", ""slabs"": [{""k"": 1, ""n"": 937}, {""k"": 1, ""n"": 1040}, {""k"": 1, ""n"": 1040}, {""k"": 1, ""n"": 1041}, {""k"": 1, ""n"": 1040}, {""k"": 1, ""n"": 1040}, {""k"": 1, ""n"": 1041}, {""k"": 1, ""n"": 1040}, {""k"": 1, ""n"": 1040}, {""k"": 1, ""n"": 937}]}, {""constant_lens"": false, ""gain"": 0.25, ""lens"": ""pc1"", ""lens_scaling"": ""standardize"", ""min_cluster_size"": 64, ""min_samples"": 5, ""n_class"": 4514, ""n_edges"": 8, ""n_intervals"": 9, ""n_vertices"": 9, ""noise_reassigned"": 4732, ""placement"": ""quantile"", ""slabs"": [{""k"": 1, ""n"": 565}, {""k"": 1, ""n"": 627}, {""k"": 1, ""n"": 627}, {""k"": 1, ""n"": 627}, {""k"": 1, ""n"": 626}, {""k"": 1, ""n"": 627}, {""k"": 1, ""n"": 627}, {""k"": 1, ""n"": 627}, {""k"": 1, ""n"": 565}]}], ""soundness_bound_holds"": true, ""step_rule"": ""scale_free"", ""topology_retention_nerve_to_frozen"": {""beta0_frozen"": 5, ""beta0_nerve"": 2, ""beta1_frozen"": 0, ""beta1_nerve"": 0}}",True
0.8438485804416404,4280,False,0.2500292090197453,0.25,,3460.2347299999965,3460.2347299999965,0.0,magic,4,,SPINE+Graph,10,4280,1902,17118,0.7499707909802547,1717392907,False,"{""admission"": {""criterion"": ""risk"", ""removed_risk"": 3, ""removed_support"": 0}, ""betti_final"": [[3, 0], [2, 0]], ""betti_frozen"": [[3, 0], [2, 0]], ""betti_nerve"": [[1, 0], [1, 0]], ""boundary_restriction"": ""both"", ""forced_removals"": 0, ""growth_representation_fallbacks"": 3538, ""invariant_held"": true, ""n_segments"": 4275, ""n_train_fit"": 12838, ""n_val"": 4280, ""phase0"": [{""constant_lens"": false, ""gain"": 0.25, ""lens"": ""pc1"", ""lens_scaling"": ""standardize"", ""min_cluster_size"": 64, ""min_samples"": 5, ""n_class"": 8324, ""n_edges"": 9, ""n_intervals"": 10, ""n_vertices"": 10, ""noise_reassigned"": 7653, ""placement"": ""quantile"", ""slabs"": [{""k"": 1, ""n"": 937}, {""k"": 1, ""n"": 1040}, {""k"": 1, ""n"": 1040}, {""k"": 1, ""n"": 1041}, {""k"": 1, ""n"": 1040}, {""k"": 1, ""n"": 1040}, {""k"": 1, ""n"": 1041}, {""k"": 1, ""n"": 1040}, {""k"": 1, ""n"": 1040}, {""k"": 1, ""n"": 937}]}, {""constant_lens"": false, ""gain"": 0.25, ""lens"": ""pc1"", ""lens_scaling"": ""standardize"", ""min_cluster_size"": 64, ""min_samples"": 5, ""n_class"": 4514, ""n_edges"": 8, ""n_intervals"": 9, ""n_vertices"": 9, ""noise_reassigned"": 4732, ""placement"": ""quantile"", ""slabs"": [{""k"": 1, ""n"": 565}, {""k"": 1, ""n"": 627}, {""k"": 1, ""n"": 627}, {""k"": 1, ""n"": 627}, {""k"": 1, ""n"": 626}, {""k"": 1, ""n"": 627}, {""k"": 1, ""n"": 627}, {""k"": 1, ""n"": 627}, {""k"": 1, ""n"": 565}]}], ""soundness_bound_holds"": true, ""step_rule"": ""scale_free"", ""topology_retention_nerve_to_frozen"": {""beta0_frozen"": 5, ""beta0_nerve"": 2, ""beta1_frozen"": 0, ""beta1_nerve"": 0}}",True
0.8406940063091483,4280,False,0.2500292090197453,0.25,,55.40534699999262,942.4886529999785,887.0833059999859,magic,4,"{""epsilon"": 0.3, ""window"": 0.3}",LVQ3,10,4280,1902,17118,0.7499707909802547,1717392907,False,,True
0.8080967402733964,4280,False,0.2500292090197453,0.25,"{""0"": 2775, ""1"": 1505}",64.44817799999146,64.44817799999146,0.0,magic,4,,KMeans,10,4280,1902,17118,0.7499707909802547,1717392907,False,,True
0.8002103049421662,4280,False,0.2500292090197453,0.25,"{""0"": 2775, ""1"": 1505}",0.003427999996347353,0.003427999996347353,0.0,magic,4,,Random,10,4280,1902,17118,0.7499707909802547,1717392907,False,,True
0.8065194532071503,4280,False,0.2500292090197453,0.25,,9.614744999998948,9.614744999998948,0.0,magic,4,,SPOT,10,4280,1902,17118,0.7499707909802547,1717392907,False,,True
0.8017875920084122,4280,False,0.2500292090197453,0.25,,1549.5629039999912,1549.5629039999912,0.0,magic,4,,GLVQ,10,4280,1902,17118,0.7499707909802547,1717392907,False,,True
0.8101997896950578,4280,False,0.2500292090197453,0.25,,976.9818190000078,976.9818190000078,0.0,magic,4,,GNG,10,4280,1902,17118,0.7499707909802547,1717392907,False,,True
0.8228180862250263,86,False,0.005023951396191144,0.005,,0.00020900001982226968,0.00020900001982226968,0.0,magic,5,,Full,10,17118,1902,17118,0.0,1718392910,False,,False
0.7823343848580442,86,False,0.005023951396191144,0.005,,8.93807500001276,8.93807500001276,0.0,magic,5,,RSP3,10,7257,1902,17118,0.5760602874167543,1718392910,False,,False
0.7623554153522608,86,False,0.005023951396191144,0.005,,12.440792999987025,12.440792999987025,0.0,magic,5,,RHC,10,3378,1902,17118,0.8026638626007712,1718392910,False,,False
0.7039957939011566,86,False,0.005023951396191144,0.005,,13.100436000007903,13.100436000007903,0.0,magic,5,,SPINE+1NN,10,86,1902,17118,0.9949760486038088,1718392910,False,"{""admission"": {""criterion"": ""risk"", ""removed_risk"": 3, ""removed_support"": 0}, ""betti_final"": [[2, 0], [3, 0]], ""betti_frozen"": [[2, 0], [3, 0]], ""betti_nerve"": [[1, 0], [1, 0]], ""boundary_restriction"": ""both"", ""forced_removals"": 0, ""growth_representation_fallbacks"": 50, ""invariant_held"": true, ""n_segments"": 81, ""n_train_fit"": 12838, ""n_val"": 4280, ""phase0"": [{""constant_lens"": false, ""gain"": 0.25, ""lens"": ""pc1"", ""lens_scaling"": ""standardize"", ""min_cluster_size"": 64, ""min_samples"": 5, ""n_class"": 8324, ""n_edges"": 9, ""n_intervals"": 10, ""n_vertices"": 10, ""noise_reassigned"": 7831, ""placement"": ""quantile"", ""slabs"": [{""k"": 1, ""n"": 937}, {""k"": 1, ""n"": 1040}, {""k"": 1, ""n"": 1040}, {""k"": 1, ""n"": 1041}, {""k"": 1, ""n"": 1040}, {""k"": 1, ""n"": 1040}, {""k"": 1, ""n"": 1041}, {""k"": 1, ""n"": 1040}, {""k"": 1, ""n"": 1040}, {""k"": 1, ""n"": 937}]}, {""constant_lens"": false, ""gain"": 0.25, ""lens"": ""pc1"", ""lens_scaling"": ""standardize"", ""min_cluster_size"": 64, ""min_samples"": 5, ""n_class"": 4514, ""n_edges"": 8, ""n_intervals"": 9, ""n_vertices"": 9, ""noise_reassigned"": 4604, ""placement"": ""quantile"", ""slabs"": [{""k"": 1, ""n"": 565}, {""k"": 1, ""n"": 627}, {""k"": 1, ""n"": 627}, {""k"": 1, ""n"": 627}, {""k"": 1, ""n"": 626}, {""k"": 1, ""n"": 627}, {""k"": 1, ""n"": 627}, {""k"": 1, ""n"": 627}, {""k"": 1, ""n"": 565}]}], ""soundness_bound_holds"": true, ""step_rule"": ""scale_free"", ""topology_retention_nerve_to_frozen"": {""beta0_frozen"": 5, ""beta0_nerve"": 2, ""beta1_frozen"": 0, ""beta1_nerve"": 0}}",True
0.7129337539432177,86,False,0.005023951396191144,0.005,,13.100436000007903,13.100436000007903,0.0,magic,5,,SPINE+Graph,10,86,1902,17118,0.9949760486038088,1718392910,False,"{""admission"": {""criterion"": ""risk"", ""removed_risk"": 3, ""removed_support"": 0}, ""betti_final"": [[2, 0], [3, 0]], ""betti_frozen"": [[2, 0], [3, 0]], ""betti_nerve"": [[1, 0], [1, 0]], ""boundary_restriction"": ""both"", ""forced_removals"": 0, ""growth_representation_fallbacks"": 50, ""invariant_held"": true, ""n_segments"": 81, ""n_train_fit"": 12838, ""n_val"": 4280, ""phase0"": [{""constant_lens"": false, ""gain"": 0.25, ""lens"": ""pc1"", ""lens_scaling"": ""standardize"", ""min_cluster_size"": 64, ""min_samples"": 5, ""n_class"": 8324, ""n_edges"": 9, ""n_intervals"": 10, ""n_vertices"": 10, ""noise_reassigned"": 7831, ""placement"": ""quantile"", ""slabs"": [{""k"": 1, ""n"": 937}, {""k"": 1, ""n"": 1040}, {""k"": 1, ""n"": 1040}, {""k"": 1, ""n"": 1041}, {""k"": 1, ""n"": 1040}, {""k"": 1, ""n"": 1040}, {""k"": 1, ""n"": 1041}, {""k"": 1, ""n"": 1040}, {""k"": 1, ""n"": 1040}, {""k"": 1, ""n"": 937}]}, {""constant_lens"": false, ""gain"": 0.25, ""lens"": ""pc1"", ""lens_scaling"": ""standardize"", ""min_cluster_size"": 64, ""min_samples"": 5, ""n_class"": 4514, ""n_edges"": 8, ""n_intervals"": 9, ""n_vertices"": 9, ""noise_reassigned"": 4604, ""placement"": ""quantile"", ""slabs"": [{""k"": 1, ""n"": 565}, {""k"": 1, ""n"": 627}, {""k"": 1, ""n"": 627}, {""k"": 1, ""n"": 627}, {""k"": 1, ""n"": 626}, {""k"": 1, ""n"": 627}, {""k"": 1, ""n"": 627}, {""k"": 1, ""n"": 627}, {""k"": 1, ""n"": 565}]}], ""soundness_bound_holds"": true, ""step_rule"": ""scale_free"", ""topology_retention_nerve_to_frozen"": {""beta0_frozen"": 5, ""beta0_nerve"": 2, ""beta1_frozen"": 0, ""beta1_nerve"": 0}}",True
0.8385909568874869,86,False,0.005023951396191144,0.005,,3.7228179999801796,61.548425999993924,57.825608000013744,magic,5,"{""epsilon"": 0.1, ""window"": 0.2}",LVQ3,10,86,1902,17118,0.9949760486038088,1718392910,False,,True
0.7818086225026288,86,False,0.005023951396191144,0.005,"{""0"": 56, ""1"": 30}",5.596734999999171,5.596734999999171,0.0,magic,5,,KMeans,10,86,1902,17118,0.9949760486038088,1718392910,False,,True
0.7502628811777077,86,False,0.005023951396191144,0.005,"{""0"": 56, ""1"": 30}",0.00181200000224635,0.00181200000224635,0.0,magic,5,,Random,10,86,1902,17118,0.9949760486038088,1718392910,False,,True
0.7281808622502629,86,False,0.005023951396191144,0.005,,7.6342660000082105,7.6342660000082105,0.0,magic,5,,SPOT,10,86,1902,17118,0.9949760486038088,1718392910,False,,True
0.7765509989484752,86,False,0.005023951396191144,0.005,,36.28133500000695,36.28133500000695,0.0,magic,5,,GLVQ,10,86,1902,17118,0.9949760486038088,1718392910,False,,True
0.7786540483701367,86,False,0.005023951396191144,0.005,,0.6691020000143908,0.6691020000143908,0.0,magic,5,,GNG,10,86,1902,17118,0.9949760486038088,1718392910,False,,True
0.8228180862250263,171,False,0.009989484752891693,0.01,,0.00020900001982226968,0.00020900001982226968,0.0,magic,5,,Full,10,17118,1902,17118,0.0,1718392910,True,,False
0.7823343848580442,171,False,0.009989484752891693,0.01,,8.93807500001276,8.93807500001276,0.0,magic,5,,RSP3,10,7257,1902,17118,0.5760602874167543,1718392910,True,,False
0.7623554153522608,171,False,0.009989484752891693,0.01,,12.440792999987025,12.440792999987025,0.0,magic,5,,RHC,10,3378,1902,17118,0.8026638626007712,1718392910,True,,False
0.7302839116719243,171,False,0.009989484752891693,0.01,,15.158285000012256,15.158285000012256,0.0,magic,5,,SPINE+1NN,10,171,1902,17118,0.9900105152471083,1718392910,False,"{""admission"": {""criterion"": ""risk"", ""removed_risk"": 3, ""removed_support"": 0}, ""betti_final"": [[2, 0], [3, 0]], ""betti_frozen"": [[2, 0], [3, 0]], ""betti_nerve"": [[1, 0], [1, 0]], ""boundary_restriction"": ""both"", ""forced_removals"": 0, ""growth_representation_fallbacks"": 111, ""invariant_held"": true, ""n_segments"": 166, ""n_train_fit"": 12838, ""n_val"": 4280, ""phase0"": [{""constant_lens"": false, ""gain"": 0.25, ""lens"": ""pc1"", ""lens_scaling"": ""standardize"", ""min_cluster_size"": 64, ""min_samples"": 5, ""n_class"": 8324, ""n_edges"": 9, ""n_intervals"": 10, ""n_vertices"": 10, ""noise_reassigned"": 7831, ""placement"": ""quantile"", ""slabs"": [{""k"": 1, ""n"": 937}, {""k"": 1, ""n"": 1040}, {""k"": 1, ""n"": 1040}, {""k"": 1, ""n"": 1041}, {""k"": 1, ""n"": 1040}, {""k"": 1, ""n"": 1040}, {""k"": 1, ""n"": 1041}, {""k"": 1, ""n"": 1040}, {""k"": 1, ""n"": 1040}, {""k"": 1, ""n"": 937}]}, {""constant_lens"": false, ""gain"": 0.25, ""lens"": ""pc1"", ""lens_scaling"": ""standardize"", ""min_cluster_size"": 64, ""min_samples"": 5, ""n_class"": 4514, ""n_edges"": 8, ""n_intervals"": 9, ""n_vertices"": 9, ""noise_reassigned"": 4604, ""placement"": ""quantile"", ""slabs"": [{""k"": 1, ""n"": 565}, {""k"": 1, ""n"": 627}, {""k"": 1, ""n"": 627}, {""k"": 1, ""n"": 627}, {""k"": 1, ""n"": 626}, {""k"": 1, ""n"": 627}, {""k"": 1, ""n"": 627}, {""k"": 1, ""n"": 627}, {""k"": 1, ""n"": 565}]}], ""soundness_bound_holds"": true, ""step_rule"": ""scale_free"", ""topology_retention_nerve_to_frozen"": {""beta0_frozen"": 5, ""beta0_nerve"": 2, ""beta1_frozen"": 0, ""beta1_nerve"": 0}}",True
0.7402733964248159,171,False,0.009989484752891693,0.01,,15.158285000012256,15.158285000012256,0.0,magic,5,,SPINE+Graph,10,171,1902,17118,0.9900105152471083,1718392910,False,"{""admission"": {""criterion"": ""risk"", ""removed_risk"": 3, ""removed_support"": 0}, ""betti_final"": [[2, 0], [3, 0]], ""betti_frozen"": [[2, 0], [3, 0]], ""betti_nerve"": [[1, 0], [1, 0]], ""boundary_restriction"": ""both"", ""forced_removals"": 0, ""growth_representation_fallbacks"": 111, ""invariant_held"": true, ""n_segments"": 166, ""n_train_fit"": 12838, ""n_val"": 4280, ""phase0"": [{""constant_lens"": false, ""gain"": 0.25, ""lens"": ""pc1"", ""lens_scaling"": ""standardize"", ""min_cluster_size"": 64, ""min_samples"": 5, ""n_class"": 8324, ""n_edges"": 9, ""n_intervals"": 10, ""n_vertices"": 10, ""noise_reassigned"": 7831, ""placement"": ""quantile"", ""slabs"": [{""k"": 1, ""n"": 937}, {""k"": 1, ""n"": 1040}, {""k"": 1, ""n"": 1040}, {""k"": 1, ""n"": 1041}, {""k"": 1, ""n"": 1040}, {""k"": 1, ""n"": 1040}, {""k"": 1, ""n"": 1041}, {""k"": 1, ""n"": 1040}, {""k"": 1, ""n"": 1040}, {""k"": 1, ""n"": 937}]}, {""constant_lens"": false, ""gain"": 0.25, ""lens"": ""pc1"", ""lens_scaling"": ""standardize"", ""min_cluster_size"": 64, ""min_samples"": 5, ""n_class"": 4514, ""n_edges"": 8, ""n_intervals"": 9, ""n_vertices"": 9, ""noise_reassigned"": 4604, ""placement"": ""quantile"", ""slabs"": [{""k"": 1, ""n"": 565}, {""k"": 1, ""n"": 627}, {""k"": 1, ""n"": 627}, {""k"": 1, ""n"": 627}, {""k"": 1, ""n"": 626}, {""k"": 1, ""n"": 627}, {""k"": 1, ""n"": 627}, {""k"": 1, ""n"": 627}, {""k"": 1, ""n"": 565}]}], ""soundness_bound_holds"": true, ""step_rule"": ""scale_free"", ""topology_retention_nerve_to_frozen"": {""beta0_frozen"": 5, ""beta0_nerve"": 2, ""beta1_frozen"": 0, ""beta1_nerve"": 0}}",True
0.8454258675078864,171,False,0.009989484752891693,0.01,,4.7222619999956805,81.07095300001674,76.34869100002106,magic,5,"{""epsilon"": 0.1, ""window"": 0.2}",LVQ3,10,171,1902,17118,0.9900105152471083,1718392910,False,,True
0.788117770767613,171,False,0.009989484752891693,0.01,"{""0"": 111, ""1"": 60}",6.4975609999964945,6.4975609999964945,0.0,magic,5,,KMeans,10,171,1902,17118,0.9900105152471083,1718392910,False,,True
0.7513144058885384,171,False,0.009989484752891693,0.01,"{""0"": 111, ""1"": 60}",0.0011530000192578882,0.0011530000192578882,0.0,magic,5,,Random,10,171,1902,17118,0.9900105152471083,1718392910,False,,True
0.7613038906414301,171,False,0.009989484752891693,0.01,,6.995636999985436,6.995636999985436,0.0,magic,5,,SPOT,10,171,1902,17118,0.9900105152471083,1718392910,False,,True
0.7781282860147214,171,False,0.009989484752891693,0.01,,66.48122099999455,66.48122099999455,0.0,magic,5,,GLVQ,10,171,1902,17118,0.9900105152471083,1718392910,False,,True
0.7933753943217665,171,False,0.009989484752891693,0.01,,2.0713920000125654,2.0713920000125654,0.0,magic,5,,GNG,10,171,1902,17118,0.9900105152471083,1718392910,False,,True
0.8228180862250263,342,False,0.019978969505783387,0.02,,0.00020900001982226968,0.00020900001982226968,0.0,magic,5,,Full,10,17118,1902,17118,0.0,1718392910,True,,False
0.7823343848580442,342,False,0.019978969505783387,0.02,,8.93807500001276,8.93807500001276,0.0,magic,5,,RSP3,10,7257,1902,17118,0.5760602874167543,1718392910,True,,False
0.7623554153522608,342,False,0.019978969505783387,0.02,,12.440792999987025,12.440792999987025,0.0,magic,5,,RHC,10,3378,1902,17118,0.8026638626007712,1718392910,True,,False
0.7691903259726603,342,False,0.019978969505783387,0.02,,28.564574999996694,28.564574999996694,0.0,magic,5,,SPINE+1NN,10,342,1902,17118,0.9800210304942166,1718392910,False,"{""admission"": {""criterion"": ""risk"", ""removed_risk"": 3, ""removed_support"": 0}, ""betti_final"": [[2, 0], [3, 0]], ""betti_frozen"": [[2, 0], [3, 0]], ""betti_nerve"": [[1, 0], [1, 0]], ""boundary_restriction"": ""both"", ""forced_removals"": 0, ""growth_representation_fallbacks"": 231, ""invariant_held"": true, ""n_segments"": 337, ""n_train_fit"": 12838, ""n_val"": 4280, ""phase0"": [{""constant_lens"": false, ""gain"": 0.25, ""lens"": ""pc1"", ""lens_scaling"": ""standardize"", ""min_cluster_size"": 64, ""min_samples"": 5, ""n_class"": 8324, ""n_edges"": 9, ""n_intervals"": 10, ""n_vertices"": 10, ""noise_reassigned"": 7831, ""placement"": ""quantile"", ""slabs"": [{""k"": 1, ""n"": 937}, {""k"": 1, ""n"": 1040}, {""k"": 1, ""n"": 1040}, {""k"": 1, ""n"": 1041}, {""k"": 1, ""n"": 1040}, {""k"": 1, ""n"": 1040}, {""k"": 1, ""n"": 1041}, {""k"": 1, ""n"": 1040}, {""k"": 1, ""n"": 1040}, {""k"": 1, ""n"": 937}]}, {""constant_lens"": false, ""gain"": 0.25, ""lens"": ""pc1"", ""lens_scaling"": ""standardize"", ""min_cluster_size"": 64, ""min_samples"": 5, ""n_class"": 4514, ""n_edges"": 8, ""n_intervals"": 9, ""n_vertices"": 9, ""noise_reassigned"": 4604, ""placement"": ""quantile"", ""slabs"": [{""k"": 1, ""n"": 565}, {""k"": 1, ""n"": 627}, {""k"": 1, ""n"": 627}, {""k"": 1, ""n"": 627}, {""k"": 1, ""n"": 626}, {""k"": 1, ""n"": 627}, {""k"": 1, ""n"": 627}, {""k"": 1, ""n"": 627}, {""k"": 1, ""n"": 565}]}], ""soundness_bound_holds"": true, ""step_rule"": ""scale_free"", ""topology_retention_nerve_to_frozen"": {""beta0_frozen"": 5, ""beta0_nerve"": 2, ""beta1_frozen"": 0, ""beta1_nerve"": 0}}",True
0.7802313354363828,342,False,0.019978969505783387,0.02,,28.564574999996694,28.564574999996694,0.0,magic,5,,SPINE+Graph,10,342,1902,17118,0.9800210304942166,1718392910,False,"{""admission"": {""criterion"": ""risk"", ""removed_risk"": 3, ""removed_support"": 0}, ""betti_final"": [[2, 0], [3, 0]], ""betti_frozen"": [[2, 0], [3, 0]], ""betti_nerve"": [[1, 0], [1, 0]], ""boundary_restriction"": ""both"", ""forced_removals"": 0, ""growth_representation_fallbacks"": 231, ""invariant_held"": true, ""n_segments"": 337, ""n_train_fit"": 12838, ""n_val"": 4280, ""phase0"": [{""constant_lens"": false, ""gain"": 0.25, ""lens"": ""pc1"", ""lens_scaling"": ""standardize"", ""min_cluster_size"": 64, ""min_samples"": 5, ""n_class"": 8324, ""n_edges"": 9, ""n_intervals"": 10, ""n_vertices"": 10, ""noise_reassigned"": 7831, ""placement"": ""quantile"", ""slabs"": [{""k"": 1, ""n"": 937}, {""k"": 1, ""n"": 1040}, {""k"": 1, ""n"": 1040}, {""k"": 1, ""n"": 1041}, {""k"": 1, ""n"": 1040}, {""k"": 1, ""n"": 1040}, {""k"": 1, ""n"": 1041}, {""k"": 1, ""n"": 1040}, {""k"": 1, ""n"": 1040}, {""k"": 1, ""n"": 937}]}, {""constant_lens"": false, ""gain"": 0.25, ""lens"": ""pc1"", ""lens_scaling"": ""standardize"", ""min_cluster_size"": 64, ""min_samples"": 5, ""n_class"": 4514, ""n_edges"": 8, ""n_intervals"": 9, ""n_vertices"": 9, ""noise_reassigned"": 4604, ""placement"": ""quantile"", ""slabs"": [{""k"": 1, ""n"": 565}, {""k"": 1, ""n"": 627}, {""k"": 1, ""n"": 627}, {""k"": 1, ""n"": 627}, {""k"": 1, ""n"": 626}, {""k"": 1, ""n"": 627}, {""k"": 1, ""n"": 627}, {""k"": 1, ""n"": 627}, {""k"": 1, ""n"": 565}]}], ""soundness_bound_holds"": true, ""step_rule"": ""scale_free"", ""topology_retention_nerve_to_frozen"": {""beta0_frozen"": 5, ""beta0_nerve"": 2, ""beta1_frozen"": 0, ""beta1_nerve"": 0}}",True
0.8475289169295478,342,False,0.019978969505783387,0.02,,6.45691799998167,113.62327399998321,107.16635600000154,magic,5,"{""epsilon"": 0.1, ""window"": 0.2}",LVQ3,10,342,1902,17118,0.9800210304942166,1718392910,False,,True
0.7939011566771819,342,False,0.019978969505783387,0.02,"{""0"": 222, ""1"": 120}",16.518118000007235,16.518118000007235,0.0,magic,5,,KMeans,10,342,1902,17118,0.9800210304942166,1718392910,False,,True
0.7397476340694006,342,False,0.019978969505783387,0.02,"{""0"": 222, ""1"": 120}",0.0012550000101327896,0.0012550000101327896,0.0,magic,5,,Random,10,342,1902,17118,0.9800210304942166,1718392910,False,,True
0.7797055730809674,342,False,0.019978969505783387,0.02,,6.865092000021832,6.865092000021832,0.0,magic,5,,SPOT,10,342,1902,17118,0.9800210304942166,1718392910,False,,True
0.7902208201892744,342,False,0.019978969505783387,0.02,,127.42514199999277,127.42514199999277,0.0,magic,5,,GLVQ,10,342,1902,17118,0.9800210304942166,1718392910,False,,True
0.8080967402733964,342,False,0.019978969505783387,0.02,,7.053898999991361,7.053898999991361,0.0,magic,5,,GNG,10,342,1902,17118,0.9800210304942166,1718392910,False,,True
0.8228180862250263,856,False,0.05000584180394906,0.05,,0.00020900001982226968,0.00020900001982226968,0.0,magic,5,,Full,10,17118,1902,17118,0.0,1718392910,True,,False
0.7823343848580442,856,False,0.05000584180394906,0.05,,8.93807500001276,8.93807500001276,0.0,magic,5,,RSP3,10,7257,1902,17118,0.5760602874167543,1718392910,True,,False
0.7623554153522608,856,False,0.05000584180394906,0.05,,12.440792999987025,12.440792999987025,0.0,magic,5,,RHC,10,3378,1902,17118,0.8026638626007712,1718392910,True,,False
0.8065194532071503,856,False,0.05000584180394906,0.05,,120.91537199998857,120.91537199998857,0.0,magic,5,,SPINE+1NN,10,856,1902,17118,0.9499941581960509,1718392910,False,"{""admission"": {""criterion"": ""risk"", ""removed_risk"": 3, ""removed_support"": 0}, ""betti_final"": [[2, 0], [3, 0]], ""betti_frozen"": [[2, 0], [3, 0]], ""betti_nerve"": [[1, 0], [1, 0]], ""boundary_restriction"": ""both"", ""forced_removals"": 0, ""growth_representation_fallbacks"": 602, ""invariant_held"": true, ""n_segments"": 851, ""n_train_fit"": 12838, ""n_val"": 4280, ""phase0"": [{""constant_lens"": false, ""gain"": 0.25, ""lens"": ""pc1"", ""lens_scaling"": ""standardize"", ""min_cluster_size"": 64, ""min_samples"": 5, ""n_class"": 8324, ""n_edges"": 9, ""n_intervals"": 10, ""n_vertices"": 10, ""noise_reassigned"": 7831, ""placement"": ""quantile"", ""slabs"": [{""k"": 1, ""n"": 937}, {""k"": 1, ""n"": 1040}, {""k"": 1, ""n"": 1040}, {""k"": 1, ""n"": 1041}, {""k"": 1, ""n"": 1040}, {""k"": 1, ""n"": 1040}, {""k"": 1, ""n"": 1041}, {""k"": 1, ""n"": 1040}, {""k"": 1, ""n"": 1040}, {""k"": 1, ""n"": 937}]}, {""constant_lens"": false, ""gain"": 0.25, ""lens"": ""pc1"", ""lens_scaling"": ""standardize"", ""min_cluster_size"": 64, ""min_samples"": 5, ""n_class"": 4514, ""n_edges"": 8, ""n_intervals"": 9, ""n_vertices"": 9, ""noise_reassigned"": 4604, ""placement"": ""quantile"", ""slabs"": [{""k"": 1, ""n"": 565}, {""k"": 1, ""n"": 627}, {""k"": 1, ""n"": 627}, {""k"": 1, ""n"": 627}, {""k"": 1, ""n"": 626}, {""k"": 1, ""n"": 627}, {""k"": 1, ""n"": 627}, {""k"": 1, ""n"": 627}, {""k"": 1, ""n"": 565}]}], ""soundness_bound_holds"": true, ""step_rule"": ""scale_free"", ""topology_retention_nerve_to_frozen"": {""beta0_frozen"": 5, ""beta0_nerve"": 2, ""beta1_frozen"": 0, ""beta1_nerve"": 0}}",True
0.8107255520504731,856,False,0.05000584180394906,0.05,,120.91537199998857,120.91537199998857,0.0,magic,5,,SPINE+Graph,10,856,1902,17118,0.9499941581960509,1718392910,False,"{""admission"": {""criterion"": ""risk"", ""removed_risk"": 3, ""removed_support"": 0}, ""betti_final"": [[2, 0], [3, 0]], ""betti_frozen"": [[2, 0], [3, 0]], ""betti_nerve"": [[1, 0], [1, 0]], ""boundary_restriction"": ""both"", ""forced_removals"": 0, ""growth_representation_fallbacks"": 602, ""invariant_held"": true, ""n_segments"": 851, ""n_train_fit"": 12838, ""n_val"": 4280, ""phase0"": [{""constant_lens"": false, ""gain"": 0.25, ""lens"": ""pc1"", ""lens_scaling"": ""standardize"", ""min_cluster_size"": 64, ""min_samples"": 5, ""n_class"": 8324, ""n_edges"": 9, ""n_intervals"": 10, ""n_vertices"": 10, ""noise_reassigned"": 7831, ""placement"": ""quantile"", ""slabs"": [{""k"": 1, ""n"": 937}, {""k"": 1, ""n"": 1040}, {""k"": 1, ""n"": 1040}, {""k"": 1, ""n"": 1041}, {""k"": 1, ""n"": 1040}, {""k"": 1, ""n"": 1040}, {""k"": 1, ""n"": 1041}, {""k"": 1, ""n"": 1040}, {""k"": 1, ""n"": 1040}, {""k"": 1, ""n"": 937}]}, {""constant_lens"": false, ""gain"": 0.25, ""lens"": ""pc1"", ""lens_scaling"": ""standardize"", ""min_cluster_size"": 64, ""min_samples"": 5, ""n_class"": 4514, ""n_edges"": 8, ""n_intervals"": 9, ""n_vertices"": 9, ""noise_reassigned"": 4604, ""placement"": ""quantile"", ""slabs"": [{""k"": 1, ""n"": 565}, {""k"": 1, ""n"": 627}, {""k"": 1, ""n"": 627}, {""k"": 1, ""n"": 627}, {""k"": 1, ""n"": 626}, {""k"": 1, ""n"": 627}, {""k"": 1, ""n"": 627}, {""k"": 1, ""n"": 627}, {""k"": 1, ""n"": 565}]}], ""soundness_bound_holds"": true, ""step_rule"": ""scale_free"", ""topology_retention_nerve_to_frozen"": {""beta0_frozen"": 5, ""beta0_nerve"": 2, ""beta1_frozen"": 0, ""beta1_nerve"": 0}}",True
0.8422712933753943,856,False,0.05000584180394906,0.05,,11.394980000011856,201.61928300000727,190.22430299999542,magic,5,"{""epsilon"": 0.1, ""window"": 0.2}",LVQ3,10,856,1902,17118,0.9499941581960509,1718392910,False,,True
0.7939011566771819,856,False,0.05000584180394906,0.05,"{""0"": 555, ""1"": 301}",26.442794000002323,26.442794000002323,0.0,magic,5,,KMeans,10,856,1902,17118,0.9499941581960509,1718392910,False,,True
0.7718191377497371,856,False,0.05000584180394906,0.05,"{""0"": 555, ""1"": 301}",0.001656000007642433,0.001656000007642433,0.0,magic,5,,Random,10,856,1902,17118,0.9499941581960509,1718392910,False,,True
0.7833859095688749,856,False,0.05000584180394906,0.05,,7.774699000001419,7.774699000001419,0.0,magic,5,,SPOT,10,856,1902,17118,0.9499941581960509,1718392910,False,,True
0.7970557308096741,856,False,0.05000584180394906,0.05,,311.68438399999286,311.68438399999286,0.0,magic,5,,GLVQ,10,856,1902,17118,0.9499941581960509,1718392910,False,,True
0.814931650893796,856,False,0.05000584180394906,0.05,,40.31905300001381,40.31905300001381,0.0,magic,5,,GNG,10,856,1902,17118,0.9499941581960509,1718392910,False,,True
0.8228180862250263,1712,False,0.10001168360789812,0.1,,0.00020900001982226968,0.00020900001982226968,0.0,magic,5,,Full,10,17118,1902,17118,0.0,1718392910,True,,False
0.7823343848580442,1712,False,0.10001168360789812,0.1,,8.93807500001276,8.93807500001276,0.0,magic,5,,RSP3,10,7257,1902,17118,0.5760602874167543,1718392910,True,,False
0.7623554153522608,1712,False,0.10001168360789812,0.1,,12.440792999987025,12.440792999987025,0.0,magic,5,,RHC,10,3378,1902,17118,0.8026638626007712,1718392910,True,,False
0.831230283911672,1712,False,0.10001168360789812,0.1,,474.42436299999827,474.42436299999827,0.0,magic,5,,SPINE+1NN,10,1712,1902,17118,0.8999883163921019,1718392910,False,"{""admission"": {""criterion"": ""risk"", ""removed_risk"": 3, ""removed_support"": 0}, ""betti_final"": [[2, 0], [3, 0]], ""betti_frozen"": [[2, 0], [3, 0]], ""betti_nerve"": [[1, 0], [1, 0]], ""boundary_restriction"": ""both"", ""forced_removals"": 0, ""growth_representation_fallbacks"": 1219, ""invariant_held"": true, ""n_segments"": 1707, ""n_train_fit"": 12838, ""n_val"": 4280, ""phase0"": [{""constant_lens"": false, ""gain"": 0.25, ""lens"": ""pc1"", ""lens_scaling"": ""standardize"", ""min_cluster_size"": 64, ""min_samples"": 5, ""n_class"": 8324, ""n_edges"": 9, ""n_intervals"": 10, ""n_vertices"": 10, ""noise_reassigned"": 7831, ""placement"": ""quantile"", ""slabs"": [{""k"": 1, ""n"": 937}, {""k"": 1, ""n"": 1040}, {""k"": 1, ""n"": 1040}, {""k"": 1, ""n"": 1041}, {""k"": 1, ""n"": 1040}, {""k"": 1, ""n"": 1040}, {""k"": 1, ""n"": 1041}, {""k"": 1, ""n"": 1040}, {""k"": 1, ""n"": 1040}, {""k"": 1, ""n"": 937}]}, {""constant_lens"": false, ""gain"": 0.25, ""lens"": ""pc1"", ""lens_scaling"": ""standardize"", ""min_cluster_size"": 64, ""min_samples"": 5, ""n_class"": 4514, ""n_edges"": 8, ""n_intervals"": 9, ""n_vertices"": 9, ""noise_reassigned"": 4604, ""placement"": ""quantile"", ""slabs"": [{""k"": 1, ""n"": 565}, {""k"": 1, ""n"": 627}, {""k"": 1, ""n"": 627}, {""k"": 1, ""n"": 627}, {""k"": 1, ""n"": 626}, {""k"": 1, ""n"": 627}, {""k"": 1, ""n"": 627}, {""k"": 1, ""n"": 627}, {""k"": 1, ""n"": 565}]}], ""soundness_bound_holds"": true, ""step_rule"": ""scale_free"", ""topology_retention_nerve_to_frozen"": {""beta0_frozen"": 5, ""beta0_nerve"": 2, ""beta1_frozen"": 0, ""beta1_nerve"": 0}}",True
0.8307045215562566,1712,False,0.10001168360789812,0.1,,474.42436299999827,474.42436299999827,0.0,magic,5,,SPINE+Graph,10,1712,1902,17118,0.8999883163921019,1718392910,False,"{""admission"": {""criterion"": ""risk"", ""removed_risk"": 3, ""removed_support"": 0}, ""betti_final"": [[2, 0], [3, 0]], ""betti_frozen"": [[2, 0], [3, 0]], ""betti_nerve"": [[1, 0], [1, 0]], ""boundary_restriction"": ""both"", ""forced_removals"": 0, ""growth_representation_fallbacks"": 1219, ""invariant_held"": true, ""n_segments"": 1707, ""n_train_fit"": 12838, ""n_val"": 4280, ""phase0"": [{""constant_lens"": false, ""gain"": 0.25, ""lens"": ""pc1"", ""lens_scaling"": ""standardize"", ""min_cluster_size"": 64, ""min_samples"": 5, ""n_class"": 8324, ""n_edges"": 9, ""n_intervals"": 10, ""n_vertices"": 10, ""noise_reassigned"": 7831, ""placement"": ""quantile"", ""slabs"": [{""k"": 1, ""n"": 937}, {""k"": 1, ""n"": 1040}, {""k"": 1, ""n"": 1040}, {""k"": 1, ""n"": 1041}, {""k"": 1, ""n"": 1040}, {""k"": 1, ""n"": 1040}, {""k"": 1, ""n"": 1041}, {""k"": 1, ""n"": 1040}, {""k"": 1, ""n"": 1040}, {""k"": 1, ""n"": 937}]}, {""constant_lens"": false, ""gain"": 0.25, ""lens"": ""pc1"", ""lens_scaling"": ""standardize"", ""min_cluster_size"": 64, ""min_samples"": 5, ""n_class"": 4514, ""n_edges"": 8, ""n_intervals"": 9, ""n_vertices"": 9, ""noise_reassigned"": 4604, ""placement"": ""quantile"", ""slabs"": [{""k"": 1, ""n"": 565}, {""k"": 1, ""n"": 627}, {""k"": 1, ""n"": 627}, {""k"": 1, ""n"": 627}, {""k"": 1, ""n"": 626}, {""k"": 1, ""n"": 627}, {""k"": 1, ""n"": 627}, {""k"": 1, ""n"": 627}, {""k"": 1, ""n"": 565}]}], ""soundness_bound_holds"": true, ""step_rule"": ""scale_free"", ""topology_retention_nerve_to_frozen"": {""beta0_frozen"": 5, ""beta0_nerve"": 2, ""beta1_frozen"": 0, ""beta1_nerve"": 0}}",True
0.8359621451104101,1712,False,0.10001168360789812,0.1,,20.158732000010787,345.2926800000132,325.1339480000024,magic,5,"{""epsilon"": 0.3, ""window"": 0.2}",LVQ3,10,1712,1902,17118,0.8999883163921019,1718392910,False,,True
0.7939011566771819,1712,False,0.10001168360789812,0.1,"{""0"": 1110, ""1"": 602}",38.58704799998668,38.58704799998668,0.0,magic,5,,KMeans,10,1712,1902,17118,0.8999883163921019,1718392910,False,,True
0.788117770767613,1712,False,0.10001168360789812,0.1,"{""0"": 1110, ""1"": 602}",0.0023449999862350523,0.0023449999862350523,0.0,magic,5,,Random,10,1712,1902,17118,0.8999883163921019,1718392910,False,,True
0.795478443743428,1712,False,0.10001168360789812,0.1,,8.508154000010109,8.508154000010109,0.0,magic,5,,SPOT,10,1712,1902,17118,0.8999883163921019,1718392910,False,,True
0.7986330178759201,1712,False,0.10001168360789812,0.1,,620.0428419999953,620.0428419999953,0.0,magic,5,,GLVQ,10,1712,1902,17118,0.8999883163921019,1718392910,False,,True
0.8107255520504731,1712,False,0.10001168360789812,0.1,,160.1689610000176,160.1689610000176,0.0,magic,5,,GNG,10,1712,1902,17118,0.8999883163921019,1718392910,False,,True
0.8228180862250263,4280,False,0.2500292090197453,0.25,,0.00020900001982226968,0.00020900001982226968,0.0,magic,5,,Full,10,17118,1902,17118,0.0,1718392910,True,,False
0.7823343848580442,4280,False,0.2500292090197453,0.25,,8.93807500001276,8.93807500001276,0.0,magic,5,,RSP3,10,7257,1902,17118,0.5760602874167543,1718392910,True,,False
0.7623554153522608,4280,False,0.2500292090197453,0.25,,12.440792999987025,12.440792999987025,0.0,magic,5,,RHC,10,3378,1902,17118,0.8026638626007712,1718392910,True,,False
0.831230283911672,4280,False,0.2500292090197453,0.25,,3474.357126000017,3474.357126000017,0.0,magic,5,,SPINE+1NN,10,4280,1902,17118,0.7499707909802547,1718392910,False,"{""admission"": {""criterion"": ""risk"", ""removed_risk"": 3, ""removed_support"": 0}, ""betti_final"": [[2, 0], [3, 0]], ""betti_frozen"": [[2, 0], [3, 0]], ""betti_nerve"": [[1, 0], [1, 0]], ""boundary_restriction"": ""both"", ""forced_removals"": 0, ""growth_representation_fallbacks"": 3546, ""invariant_held"": true, ""n_segments"": 4275, ""n_train_fit"": 12838, ""n_val"": 4280, ""phase0"": [{""constant_lens"": false, ""gain"": 0.25, ""lens"": ""pc1"", ""lens_scaling"": ""standardize"", ""min_cluster_size"": 64, ""min_samples"": 5, ""n_class"": 8324, ""n_edges"": 9, ""n_intervals"": 10, ""n_vertices"": 10, ""noise_reassigned"": 7831, ""placement"": ""quantile"", ""slabs"": [{""k"": 1, ""n"": 937}, {""k"": 1, ""n"": 1040}, {""k"": 1, ""n"": 1040}, {""k"": 1, ""n"": 1041}, {""k"": 1, ""n"": 1040}, {""k"": 1, ""n"": 1040}, {""k"": 1, ""n"": 1041}, {""k"": 1, ""n"": 1040}, {""k"": 1, ""n"": 1040}, {""k"": 1, ""n"": 937}]}, {""constant_lens"": false, ""gain"": 0.25, ""lens"": ""pc1"", ""lens_scaling"": ""standardize"", ""min_cluster_size"": 64, ""min_samples"": 5, ""n_class"": 4514, ""n_edges"": 8, ""n_intervals"": 9, ""n_vertices"": 9, ""noise_reassigned"": 4604, ""placement"": ""quantile"", ""slabs"": [{""k"": 1, ""n"": 565}, {""k"": 1, ""n"": 627}, {""k"": 1, ""n"": 627}, {""k"": 1, ""n"": 627}, {""k"": 1, ""n"": 626}, {""k"": 1, ""n"": 627}, {""k"": 1, ""n"": 627}, {""k"": 1, ""n"": 627}, {""k"": 1, ""n"": 565}]}], ""soundness_bound_holds"": true, ""step_rule"": ""scale_free"", ""topology_retention_nerve_to_frozen"": {""beta0_frozen"": 5, ""beta0_nerve"": 2, ""beta1_frozen"": 0, ""beta1_nerve"": 0}}",True
0.8349106203995794,4280,False,0.2500292090197453,0.25,,3474.357126000017,3474.357126000017,0.0,magic,5,,SPINE+Graph,10,4280,1902,17118,0.7499707909802547,1718392910,False,"{""admission"": {""criterion"": ""risk"", ""removed_risk"": 3, ""removed_support"": 0}, ""betti_final"": [[2, 0], [3, 0]], ""betti_frozen"": [[2, 0], [3, 0]], ""betti_nerve"": [[1, 0], [1, 0]], ""boundary_restriction"": ""both"", ""forced_removals"": 0, ""growth_representation_fallbacks"": 3546, ""invariant_held"": true, ""n_segments"": 4275, ""n_train_fit"": 12838, ""n_val"": 4280, ""phase0"": [{""constant_lens"": false, ""gain"": 0.25, ""lens"": ""pc1"", ""lens_scaling"": ""standardize"", ""min_cluster_size"": 64, ""min_samples"": 5, ""n_class"": 8324, ""n_edges"": 9, ""n_intervals"": 10, ""n_vertices"": 10, ""noise_reassigned"": 7831, ""placement"": ""quantile"", ""slabs"": [{""k"": 1, ""n"": 937}, {""k"": 1, ""n"": 1040}, {""k"": 1, ""n"": 1040}, {""k"": 1, ""n"": 1041}, {""k"": 1, ""n"": 1040}, {""k"": 1, ""n"": 1040}, {""k"": 1, ""n"": 1041}, {""k"": 1, ""n"": 1040}, {""k"": 1, ""n"": 1040}, {""k"": 1, ""n"": 937}]}, {""constant_lens"": false, ""gain"": 0.25, ""lens"": ""pc1"", ""lens_scaling"": ""standardize"", ""min_cluster_size"": 64, ""min_samples"": 5, ""n_class"": 4514, ""n_edges"": 8, ""n_intervals"": 9, ""n_vertices"": 9, ""noise_reassigned"": 4604, ""placement"": ""quantile"", ""slabs"": [{""k"": 1, ""n"": 565}, {""k"": 1, ""n"": 627}, {""k"": 1, ""n"": 627}, {""k"": 1, ""n"": 627}, {""k"": 1, ""n"": 626}, {""k"": 1, ""n"": 627}, {""k"": 1, ""n"": 627}, {""k"": 1, ""n"": 627}, {""k"": 1, ""n"": 565}]}], ""soundness_bound_holds"": true, ""step_rule"": ""scale_free"", ""topology_retention_nerve_to_frozen"": {""beta0_frozen"": 5, ""beta0_nerve"": 2, ""beta1_frozen"": 0, ""beta1_nerve"": 0}}",True
0.8380651945320715,4280,False,0.2500292090197453,0.25,,55.62662399999681,957.2677639999893,901.6411399999924,magic,5,"{""epsilon"": 0.1, ""window"": 0.2}",LVQ3,10,4280,1902,17118,0.7499707909802547,1718392910,False,,True
0.8070452155625657,4280,False,0.2500292090197453,0.25,"{""0"": 2775, ""1"": 1505}",63.71145999999135,63.71145999999135,0.0,magic,5,,KMeans,10,4280,1902,17118,0.7499707909802547,1718392910,False,,True
0.8012618296529969,4280,False,0.2500292090197453,0.25,"{""0"": 2775, ""1"": 1505}",0.004439999989699572,0.004439999989699572,0.0,magic,5,,Random,10,4280,1902,17118,0.7499707909802547,1718392910,False,,True
0.8002103049421662,4280,False,0.2500292090197453,0.25,,8.69422500001383,8.69422500001383,0.0,magic,5,,SPOT,10,4280,1902,17118,0.7499707909802547,1718392910,False,,True
0.8007360672975815,4280,False,0.2500292090197453,0.25,,1546.6277239999908,1546.6277239999908,0.0,magic,5,,GLVQ,10,4280,1902,17118,0.7499707909802547,1718392910,False,,True
0.804416403785489,4280,False,0.2500292090197453,0.25,,986.6177150000003,986.6177150000003,0.0,magic,5,,GNG,10,4280,1902,17118,0.7499707909802547,1718392910,False,,True
0.8270241850683491,86,False,0.005023951396191144,0.005,,0.00023299999884329736,0.00023299999884329736,0.0,magic,6,,Full,10,17118,1902,17118,0.0,1719392913,False,,False
0.7917981072555205,86,False,0.005023951396191144,0.005,,5.290534999978263,5.290534999978263,0.0,magic,6,,RSP3,10,7365,1902,17118,0.56975113915177,1719392913,False,,False
0.7613038906414301,86,False,0.005023951396191144,0.005,,10.827805999986595,10.827805999986595,0.0,magic,6,,RHC,10,3449,1902,17118,0.7985161817969388,1719392913,False,,False
0.7003154574132492,86,False,0.005023951396191144,0.005,,13.285373000020627,13.285373000020627,0.0,magic,6,,SPINE+1NN,10,86,1902,17118,0.9949760486038088,1719392913,False,"{""admission"": {""criterion"": ""risk"", ""removed_risk"": 4, ""removed_support"": 0}, ""betti_final"": [[3, 0], [3, 0]], ""betti_frozen"": [[3, 0], [3, 0]], ""betti_nerve"": [[1, 0], [1, 0]], ""boundary_restriction"": ""both"", ""forced_removals"": 0, ""growth_representation_fallbacks"": 51, ""invariant_held"": true, ""n_segments"": 80, ""n_train_fit"": 12838, ""n_val"": 4280, ""phase0"": [{""constant_lens"": false, ""gain"": 0.25, ""lens"": ""pc1"", ""lens_scaling"": ""standardize"", ""min_cluster_size"": 64, ""min_samples"": 5, ""n_class"": 8324, ""n_edges"": 9, ""n_intervals"": 10, ""n_vertices"": 10, ""noise_reassigned"": 7680, ""placement"": ""quantile"", ""slabs"": [{""k"": 1, ""n"": 937}, {""k"": 1, ""n"": 1040}, {""k"": 1, ""n"": 1040}, {""k"": 1, ""n"": 1041}, {""k"": 1, ""n"": 1040}, {""k"": 1, ""n"": 1040}, {""k"": 1, ""n"": 1041}, {""k"": 1, ""n"": 1040}, {""k"": 1, ""n"": 1040}, {""k"": 1, ""n"": 937}]}, {""constant_lens"": false, ""gain"": 0.25, ""lens"": ""pc1"", ""lens_scaling"": ""standardize"", ""min_cluster_size"": 64, ""min_samples"": 5, ""n_class"": 4514, ""n_edges"": 8, ""n_intervals"": 9, ""n_vertices"": 9, ""noise_reassigned"": 4646, ""placement"": ""quantile"", ""slabs"": [{""k"": 1, ""n"": 565}, {""k"": 1, ""n"": 627}, {""k"": 1, ""n"": 627}, {""k"": 1, ""n"": 627}, {""k"": 1, ""n"": 626}, {""k"": 1, ""n"": 627}, {""k"": 1, ""n"": 627}, {""k"": 1, ""n"": 627}, {""k"": 1, ""n"": 565}]}], ""soundness_bound_holds"": true, ""step_rule"": ""scale_free"", ""topology_retention_nerve_to_frozen"": {""beta0_frozen"": 6, ""beta0_nerve"": 2, ""beta1_frozen"": 0, ""beta1_nerve"": 0}}",True
0.713459516298633,86,False,0.005023951396191144,0.005,,13.285373000020627,13.285373000020627,0.0,magic,6,,SPINE+Graph,10,86,1902,17118,0.9949760486038088,1719392913,False,"{""admission"": {""criterion"": ""risk"", ""removed_risk"": 4, ""removed_support"": 0}, ""betti_final"": [[3, 0], [3, 0]], ""betti_frozen"": [[3, 0], [3, 0]], ""betti_nerve"": [[1, 0], [1, 0]], ""boundary_restriction"": ""both"", ""forced_removals"": 0, ""growth_representation_fallbacks"": 51, ""invariant_held"": true, ""n_segments"": 80, ""n_train_fit"": 12838, ""n_val"": 4280, ""phase0"": [{""constant_lens"": false, ""gain"": 0.25, ""lens"": ""pc1"", ""lens_scaling"": ""standardize"", ""min_cluster_size"": 64, ""min_samples"": 5, ""n_class"": 8324, ""n_edges"": 9, ""n_intervals"": 10, ""n_vertices"": 10, ""noise_reassigned"": 7680, ""placement"": ""quantile"", ""slabs"": [{""k"": 1, ""n"": 937}, {""k"": 1, ""n"": 1040}, {""k"": 1, ""n"": 1040}, {""k"": 1, ""n"": 1041}, {""k"": 1, ""n"": 1040}, {""k"": 1, ""n"": 1040}, {""k"": 1, ""n"": 1041}, {""k"": 1, ""n"": 1040}, {""k"": 1, ""n"": 1040}, {""k"": 1, ""n"": 937}]}, {""constant_lens"": false, ""gain"": 0.25, ""lens"": ""pc1"", ""lens_scaling"": ""standardize"", ""min_cluster_size"": 64, ""min_samples"": 5, ""n_class"": 4514, ""n_edges"": 8, ""n_intervals"": 9, ""n_vertices"": 9, ""noise_reassigned"": 4646, ""placement"": ""quantile"", ""slabs"": [{""k"": 1, ""n"": 565}, {""k"": 1, ""n"": 627}, {""k"": 1, ""n"": 627}, {""k"": 1, ""n"": 627}, {""k"": 1, ""n"": 626}, {""k"": 1, ""n"": 627}, {""k"": 1, ""n"": 627}, {""k"": 1, ""n"": 627}, {""k"": 1, ""n"": 565}]}], ""soundness_bound_holds"": true, ""step_rule"": ""scale_free"", ""topology_retention_nerve_to_frozen"": {""beta0_frozen"": 6, ""beta0_nerve"": 2, ""beta1_frozen"": 0, ""beta1_nerve"": 0}}",True
0.8406940063091483,86,False,0.005023951396191144,0.005,,4.120450000016717,64.25515700003598,60.13470700001926,magic,6,"{""epsilon"": 0.1, ""window"": 0.2}",LVQ3,10,86,1902,17118,0.9949760486038088,1719392913,False,,True
0.7996845425867508,86,False,0.005023951396191144,0.005,"{""0"": 56, ""1"": 30}",5.800302999996347,5.800302999996347,0.0,magic,6,,KMeans,10,86,1902,17118,0.9949760486038088,1719392913,False,,True
0.7607781282860148,86,False,0.005023951396191144,0.005,"{""0"": 56, ""1"": 30}",0.0018149999959859997,0.0018149999959859997,0.0,magic,6,,Random,10,86,1902,17118,0.9949760486038088,1719392913,False,,True
0.7549947423764458,86,False,0.005023951396191144,0.005,,7.412837000010768,7.412837000010768,0.0,magic,6,,SPOT,10,86,1902,17118,0.9949760486038088,1719392913,False,,True
0.7849631966351209,86,False,0.005023951396191144,0.005,,36.33030999999028,36.33030999999028,0.0,magic,6,,GLVQ,10,86,1902,17118,0.9949760486038088,1719392913,False,,True
0.7749737118822292,86,False,0.005023951396191144,0.005,,0.6685949999955483,0.6685949999955483,0.0,magic,6,,GNG,10,86,1902,17118,0.9949760486038088,1719392913,False,,True
0.8270241850683491,171,False,0.009989484752891693,0.01,,0.00023299999884329736,0.00023299999884329736,0.0,magic,6,,Full,10,17118,1902,17118,0.0,1719392913,True,,False
0.7917981072555205,171,False,0.009989484752891693,0.01,,5.290534999978263,5.290534999978263,0.0,magic,6,,RSP3,10,7365,1902,17118,0.56975113915177,1719392913,True,,False
0.7613038906414301,171,False,0.009989484752891693,0.01,,10.827805999986595,10.827805999986595,0.0,magic,6,,RHC,10,3449,1902,17118,0.7985161817969388,1719392913,True,,False
0.7339642481598317,171,False,0.009989484752891693,0.01,,15.654653000005055,15.654653000005055,0.0,magic,6,,SPINE+1NN,10,171,1902,17118,0.9900105152471083,1719392913,False,"{""admission"": {""criterion"": ""risk"", ""removed_risk"": 4, ""removed_support"": 0}, ""betti_final"": [[3, 0], [3, 0]], ""betti_frozen"": [[3, 0], [3, 0]], ""betti_nerve"": [[1, 0], [1, 0]], ""boundary_restriction"": ""both"", ""forced_removals"": 0, ""growth_representation_fallbacks"": 111, ""invariant_held"": true, ""n_segments"": 165, ""n_train_fit"": 12838, ""n_val"": 4280, ""phase0"": [{""constant_lens"": false, ""gain"": 0.25, ""lens"": ""pc1"", ""lens_scaling"": ""standardize"", ""min_cluster_size"": 64, ""min_samples"": 5, ""n_class"": 8324, ""n_edges"": 9, ""n_intervals"": 10, ""n_vertices"": 10, ""noise_reassigned"": 7680, ""placement"": ""quantile"", ""slabs"": [{""k"": 1, ""n"": 937}, {""k"": 1, ""n"": 1040}, {""k"": 1, ""n"": 1040}, {""k"": 1, ""n"": 1041}, {""k"": 1, ""n"": 1040}, {""k"": 1, ""n"": 1040}, {""k"": 1, ""n"": 1041}, {""k"": 1, ""n"": 1040}, {""k"": 1, ""n"": 1040}, {""k"": 1, ""n"": 937}]}, {""constant_lens"": false, ""gain"": 0.25, ""lens"": ""pc1"", ""lens_scaling"": ""standardize"", ""min_cluster_size"": 64, ""min_samples"": 5, ""n_class"": 4514, ""n_edges"": 8, ""n_intervals"": 9, ""n_vertices"": 9, ""noise_reassigned"": 4646, ""placement"": ""quantile"", ""slabs"": [{""k"": 1, ""n"": 565}, {""k"": 1, ""n"": 627}, {""k"": 1, ""n"": 627}, {""k"": 1, ""n"": 627}, {""k"": 1, ""n"": 626}, {""k"": 1, ""n"": 627}, {""k"": 1, ""n"": 627}, {""k"": 1, ""n"": 627}, {""k"": 1, ""n"": 565}]}], ""soundness_bound_holds"": true, ""step_rule"": ""scale_free"", ""topology_retention_nerve_to_frozen"": {""beta0_frozen"": 6, ""beta0_nerve"": 2, ""beta1_frozen"": 0, ""beta1_nerve"": 0}}",True
0.7392218717139852,171,False,0.009989484752891693,0.01,,15.654653000005055,15.654653000005055,0.0,magic,6,,SPINE+Graph,10,171,1902,17118,0.9900105152471083,1719392913,False,"{""admission"": {""criterion"": ""risk"", ""removed_risk"": 4, ""removed_support"": 0}, ""betti_final"": [[3, 0], [3, 0]], ""betti_frozen"": [[3, 0], [3, 0]], ""betti_nerve"": [[1, 0], [1, 0]], ""boundary_restriction"": ""both"", ""forced_removals"": 0, ""growth_representation_fallbacks"": 111, ""invariant_held"": true, ""n_segments"": 165, ""n_train_fit"": 12838, ""n_val"": 4280, ""phase0"": [{""constant_lens"": false, ""gain"": 0.25, ""lens"": ""pc1"", ""lens_scaling"": ""standardize"", ""min_cluster_size"": 64, ""min_samples"": 5, ""n_class"": 8324, ""n_edges"": 9, ""n_intervals"": 10, ""n_vertices"": 10, ""noise_reassigned"": 7680, ""placement"": ""quantile"", ""slabs"": [{""k"": 1, ""n"": 937}, {""k"": 1, ""n"": 1040}, {""k"": 1, ""n"": 1040}, {""k"": 1, ""n"": 1041}, {""k"": 1, ""n"": 1040}, {""k"": 1, ""n"": 1040}, {""k"": 1, ""n"": 1041}, {""k"": 1, ""n"": 1040}, {""k"": 1, ""n"": 1040}, {""k"": 1, ""n"": 937}]}, {""constant_lens"": false, ""gain"": 0.25, ""lens"": ""pc1"", ""lens_scaling"": ""standardize"", ""min_cluster_size"": 64, ""min_samples"": 5, ""n_class"": 4514, ""n_edges"": 8, ""n_intervals"": 9, ""n_vertices"": 9, ""noise_reassigned"": 4646, ""placement"": ""quantile"", ""slabs"": [{""k"": 1, ""n"": 565}, {""k"": 1, ""n"": 627}, {""k"": 1, ""n"": 627}, {""k"": 1, ""n"": 627}, {""k"": 1, ""n"": 626}, {""k"": 1, ""n"": 627}, {""k"": 1, ""n"": 627}, {""k"": 1, ""n"": 627}, {""k"": 1, ""n"": 565}]}], ""soundness_bound_holds"": true, ""step_rule"": ""scale_free"", ""topology_retention_nerve_to_frozen"": {""beta0_frozen"": 6, ""beta0_nerve"": 2, ""beta1_frozen"": 0, ""beta1_nerve"": 0}}",True
0.8454258675078864,171,False,0.009989484752891693,0.01,,4.499186999979429,81.99731999999494,77.49813300001551,magic,6,"{""epsilon"": 0.1, ""window"": 0.3}",LVQ3,10,171,1902,17118,0.9900105152471083,1719392913,False,,True
0.8054679284963197,171,False,0.009989484752891693,0.01,"{""0"": 111, ""1"": 60}",10.831980999995722,10.831980999995722,0.0,magic,6,,KMeans,10,171,1902,17118,0.9900105152471083,1719392913,False,,True
0.7586750788643533,171,False,0.009989484752891693,0.01,"{""0"": 111, ""1"": 60}",0.001875000016298145,0.001875000016298145,0.0,magic,6,,Random,10,171,1902,17118,0.9900105152471083,1719392913,False,,True
0.7723449001051524,171,False,0.009989484752891693,0.01,,7.003942999988794,7.003942999988794,0.0,magic,6,,SPOT,10,171,1902,17118,0.9900105152471083,1719392913,False,,True
0.7902208201892744,171,False,0.009989484752891693,0.01,,66.90603799998644,66.90603799998644,0.0,magic,6,,GLVQ,10,171,1902,17118,0.9900105152471083,1719392913,False,,True
0.7907465825446898,171,False,0.009989484752891693,0.01,,2.081036999996286,2.081036999996286,0.0,magic,6,,GNG,10,171,1902,17118,0.9900105152471083,1719392913,False,,True
0.8270241850683491,342,False,0.019978969505783387,0.02,,0.00023299999884329736,0.00023299999884329736,0.0,magic,6,,Full,10,17118,1902,17118,0.0,1719392913,True,,False
0.7917981072555205,342,False,0.019978969505783387,0.02,,5.290534999978263,5.290534999978263,0.0,magic,6,,RSP3,10,7365,1902,17118,0.56975113915177,1719392913,True,,False
0.7613038906414301,342,False,0.019978969505783387,0.02,,10.827805999986595,10.827805999986595,0.0,magic,6,,RHC,10,3449,1902,17118,0.7985161817969388,1719392913,True,,False
0.7707676130389064,342,False,0.019978969505783387,0.02,,28.524906000006013,28.524906000006013,0.0,magic,6,,SPINE+1NN,10,342,1902,17118,0.9800210304942166,1719392913,False,"{""admission"": {""criterion"": ""risk"", ""removed_risk"": 4, ""removed_support"": 0}, ""betti_final"": [[3, 0], [3, 0]], ""betti_frozen"": [[3, 0], [3, 0]], ""betti_nerve"": [[1, 0], [1, 0]], ""boundary_restriction"": ""both"", ""forced_removals"": 0, ""growth_representation_fallbacks"": 234, ""invariant_held"": true, ""n_segments"": 336, ""n_train_fit"": 12838, ""n_val"": 4280, ""phase0"": [{""constant_lens"": false, ""gain"": 0.25, ""lens"": ""pc1"", ""lens_scaling"": ""standardize"", ""min_cluster_size"": 64, ""min_samples"": 5, ""n_class"": 8324, ""n_edges"": 9, ""n_intervals"": 10, ""n_vertices"": 10, ""noise_reassigned"": 7680, ""placement"": ""quantile"", ""slabs"": [{""k"": 1, ""n"": 937}, {""k"": 1, ""n"": 1040}, {""k"": 1, ""n"": 1040}, {""k"": 1, ""n"": 1041}, {""k"": 1, ""n"": 1040}, {""k"": 1, ""n"": 1040}, {""k"": 1, ""n"": 1041}, {""k"": 1, ""n"": 1040}, {""k"": 1, ""n"": 1040}, {""k"": 1, ""n"": 937}]}, {""constant_lens"": false, ""gain"": 0.25, ""lens"": ""pc1"", ""lens_scaling"": ""standardize"", ""min_cluster_size"": 64, ""min_samples"": 5, ""n_class"": 4514, ""n_edges"": 8, ""n_intervals"": 9, ""n_vertices"": 9, ""noise_reassigned"": 4646, ""placement"": ""quantile"", ""slabs"": [{""k"": 1, ""n"": 565}, {""k"": 1, ""n"": 627}, {""k"": 1, ""n"": 627}, {""k"": 1, ""n"": 627}, {""k"": 1, ""n"": 626}, {""k"": 1, ""n"": 627}, {""k"": 1, ""n"": 627}, {""k"": 1, ""n"": 627}, {""k"": 1, ""n"": 565}]}], ""soundness_bound_holds"": true, ""step_rule"": ""scale_free"", ""topology_retention_nerve_to_frozen"": {""beta0_frozen"": 6, ""beta0_nerve"": 2, ""beta1_frozen"": 0, ""beta1_nerve"": 0}}",True
0.7733964248159831,342,False,0.019978969505783387,0.02,,28.524906000006013,28.524906000006013,0.0,magic,6,,SPINE+Graph,10,342,1902,17118,0.9800210304942166,1719392913,False,"{""admission"": {""criterion"": ""risk"", ""removed_risk"": 4, ""removed_support"": 0}, ""betti_final"": [[3, 0], [3, 0]], ""betti_frozen"": [[3, 0], [3, 0]], ""betti_nerve"": [[1, 0], [1, 0]], ""boundary_restriction"": ""both"", ""forced_removals"": 0, ""growth_representation_fallbacks"": 234, ""invariant_held"": true, ""n_segments"": 336, ""n_train_fit"": 12838, ""n_val"": 4280, ""phase0"": [{""constant_lens"": false, ""gain"": 0.25, ""lens"": ""pc1"", ""lens_scaling"": ""standardize"", ""min_cluster_size"": 64, ""min_samples"": 5, ""n_class"": 8324, ""n_edges"": 9, ""n_intervals"": 10, ""n_vertices"": 10, ""noise_reassigned"": 7680, ""placement"": ""quantile"", ""slabs"": [{""k"": 1, ""n"": 937}, {""k"": 1, ""n"": 1040}, {""k"": 1, ""n"": 1040}, {""k"": 1, ""n"": 1041}, {""k"": 1, ""n"": 1040}, {""k"": 1, ""n"": 1040}, {""k"": 1, ""n"": 1041}, {""k"": 1, ""n"": 1040}, {""k"": 1, ""n"": 1040}, {""k"": 1, ""n"": 937}]}, {""constant_lens"": false, ""gain"": 0.25, ""lens"": ""pc1"", ""lens_scaling"": ""standardize"", ""min_cluster_size"": 64, ""min_samples"": 5, ""n_class"": 4514, ""n_edges"": 8, ""n_intervals"": 9, ""n_vertices"": 9, ""noise_reassigned"": 4646, ""placement"": ""quantile"", ""slabs"": [{""k"": 1, ""n"": 565}, {""k"": 1, ""n"": 627}, {""k"": 1, ""n"": 627}, {""k"": 1, ""n"": 627}, {""k"": 1, ""n"": 626}, {""k"": 1, ""n"": 627}, {""k"": 1, ""n"": 627}, {""k"": 1, ""n"": 627}, {""k"": 1, ""n"": 565}]}], ""soundness_bound_holds"": true, ""step_rule"": ""scale_free"", ""topology_retention_nerve_to_frozen"": {""beta0_frozen"": 6, ""beta0_nerve"": 2, ""beta1_frozen"": 0, ""beta1_nerve"": 0}}",True
0.849106203995794,342,False,0.019978969505783387,0.02,,6.920601000019815,120.27572599999257,113.35512499997276,magic,6,"{""epsilon"": 0.1, ""window"": 0.3}",LVQ3,10,342,1902,17118,0.9800210304942166,1719392913,False,,True
0.7960042060988434,342,False,0.019978969505783387,0.02,"{""0"": 222, ""1"": 120}",18.66599600002519,18.66599600002519,0.0,magic,6,,KMeans,10,342,1902,17118,0.9800210304942166,1719392913,False,,True
0.7697160883280757,342,False,0.019978969505783387,0.02,"{""0"": 222, ""1"": 120}",0.002127999992808327,0.002127999992808327,0.0,magic,6,,Random,10,342,1902,17118,0.9800210304942166,1719392913,False,,True
0.7754994742376445,342,False,0.019978969505783387,0.02,,7.200180999992881,7.200180999992881,0.0,magic,6,,SPOT,10,342,1902,17118,0.9800210304942166,1719392913,False,,True
0.7965299684542587,342,False,0.019978969505783387,0.02,,127.33674999998766,127.33674999998766,0.0,magic,6,,GLVQ,10,342,1902,17118,0.9800210304942166,1719392913,False,,True
0.8086225026288117,342,False,0.019978969505783387,0.02,,7.084192999987863,7.084192999987863,0.0,magic,6,,GNG,10,342,1902,17118,0.9800210304942166,1719392913,False,,True
0.8270241850683491,856,False,0.05000584180394906,0.05,,0.00023299999884329736,0.00023299999884329736,0.0,magic,6,,Full,10,17118,1902,17118,0.0,1719392913,True,,False
0.7917981072555205,856,False,0.05000584180394906,0.05,,5.290534999978263,5.290534999978263,0.0,magic,6,,RSP3,10,7365,1902,17118,0.56975113915177,1719392913,True,,False
0.7613038906414301,856,False,0.05000584180394906,0.05,,10.827805999986595,10.827805999986595,0.0,magic,6,,RHC,10,3449,1902,17118,0.7985161817969388,1719392913,True,,False
0.8107255520504731,856,False,0.05000584180394906,0.05,,120.08054299998912,120.08054299998912,0.0,magic,6,,SPINE+1NN,10,856,1902,17118,0.9499941581960509,1719392913,False,"{""admission"": {""criterion"": ""risk"", ""removed_risk"": 4, ""removed_support"": 0}, ""betti_final"": [[3, 0], [3, 0]], ""betti_frozen"": [[3, 0], [3, 0]], ""betti_nerve"": [[1, 0], [1, 0]], ""boundary_restriction"": ""both"", ""forced_removals"": 0, ""growth_representation_fallbacks"": 612, ""invariant_held"": true, ""n_segments"": 850, ""n_train_fit"": 12838, ""n_val"": 4280, ""phase0"": [{""constant_lens"": false, ""gain"": 0.25, ""lens"": ""pc1"", ""lens_scaling"": ""standardize"", ""min_cluster_size"": 64, ""min_samples"": 5, ""n_class"": 8324, ""n_edges"": 9, ""n_intervals"": 10, ""n_vertices"": 10, ""noise_reassigned"": 7680, ""placement"": ""quantile"", ""slabs"": [{""k"": 1, ""n"": 937}, {""k"": 1, ""n"": 1040}, {""k"": 1, ""n"": 1040}, {""k"": 1, ""n"": 1041}, {""k"": 1, ""n"": 1040}, {""k"": 1, ""n"": 1040}, {""k"": 1, ""n"": 1041}, {""k"": 1, ""n"": 1040}, {""k"": 1, ""n"": 1040}, {""k"": 1, ""n"": 937}]}, {""constant_lens"": false, ""gain"": 0.25, ""lens"": ""pc1"", ""lens_scaling"": ""standardize"", ""min_cluster_size"": 64, ""min_samples"": 5, ""n_class"": 4514, ""n_edges"": 8, ""n_intervals"": 9, ""n_vertices"": 9, ""noise_reassigned"": 4646, ""placement"": ""quantile"", ""slabs"": [{""k"": 1, ""n"": 565}, {""k"": 1, ""n"": 627}, {""k"": 1, ""n"": 627}, {""k"": 1, ""n"": 627}, {""k"": 1, ""n"": 626}, {""k"": 1, ""n"": 627}, {""k"": 1, ""n"": 627}, {""k"": 1, ""n"": 627}, {""k"": 1, ""n"": 565}]}], ""soundness_bound_holds"": true, ""step_rule"": ""scale_free"", ""topology_retention_nerve_to_frozen"": {""beta0_frozen"": 6, ""beta0_nerve"": 2, ""beta1_frozen"": 0, ""beta1_nerve"": 0}}",True
0.8101997896950578,856,False,0.05000584180394906,0.05,,120.08054299998912,120.08054299998912,0.0,magic,6,,SPINE+Graph,10,856,1902,17118,0.9499941581960509,1719392913,False,"{""admission"": {""criterion"": ""risk"", ""removed_risk"": 4, ""removed_support"": 0}, ""betti_final"": [[3, 0], [3, 0]], ""betti_frozen"": [[3, 0], [3, 0]], ""betti_nerve"": [[1, 0], [1, 0]], ""boundary_restriction"": ""both"", ""forced_removals"": 0, ""growth_representation_fallbacks"": 612, ""invariant_held"": true, ""n_segments"": 850, ""n_train_fit"": 12838, ""n_val"": 4280, ""phase0"": [{""constant_lens"": false, ""gain"": 0.25, ""lens"": ""pc1"", ""lens_scaling"": ""standardize"", ""min_cluster_size"": 64, ""min_samples"": 5, ""n_class"": 8324, ""n_edges"": 9, ""n_intervals"": 10, ""n_vertices"": 10, ""noise_reassigned"": 7680, ""placement"": ""quantile"", ""slabs"": [{""k"": 1, ""n"": 937}, {""k"": 1, ""n"": 1040}, {""k"": 1, ""n"": 1040}, {""k"": 1, ""n"": 1041}, {""k"": 1, ""n"": 1040}, {""k"": 1, ""n"": 1040}, {""k"": 1, ""n"": 1041}, {""k"": 1, ""n"": 1040}, {""k"": 1, ""n"": 1040}, {""k"": 1, ""n"": 937}]}, {""constant_lens"": false, ""gain"": 0.25, ""lens"": ""pc1"", ""lens_scaling"": ""standardize"", ""min_cluster_size"": 64, ""min_samples"": 5, ""n_class"": 4514, ""n_edges"": 8, ""n_intervals"": 9, ""n_vertices"": 9, ""noise_reassigned"": 4646, ""placement"": ""quantile"", ""slabs"": [{""k"": 1, ""n"": 565}, {""k"": 1, ""n"": 627}, {""k"": 1, ""n"": 627}, {""k"": 1, ""n"": 627}, {""k"": 1, ""n"": 626}, {""k"": 1, ""n"": 627}, {""k"": 1, ""n"": 627}, {""k"": 1, ""n"": 627}, {""k"": 1, ""n"": 565}]}], ""soundness_bound_holds"": true, ""step_rule"": ""scale_free"", ""topology_retention_nerve_to_frozen"": {""beta0_frozen"": 6, ""beta0_nerve"": 2, ""beta1_frozen"": 0, ""beta1_nerve"": 0}}",True
0.8401682439537329,856,False,0.05000584180394906,0.05,,11.411836000013864,200.40901000000304,188.99717399998917,magic,6,"{""epsilon"": 0.1, ""window"": 0.2}",LVQ3,10,856,1902,17118,0.9499941581960509,1719392913,False,,True
0.7907465825446898,856,False,0.05000584180394906,0.05,"{""0"": 555, ""1"": 301}",30.24754199999734,30.24754199999734,0.0,magic,6,,KMeans,10,856,1902,17118,0.9499941581960509,1719392913,False,,True
0.7502628811777077,856,False,0.05000584180394906,0.05,"{""0"": 555, ""1"": 301}",0.0020099999965168536,0.0020099999965168536,0.0,magic,6,,Random,10,856,1902,17118,0.9499941581960509,1719392913,False,,True
0.7860147213459516,856,False,0.05000584180394906,0.05,,7.779036000021733,7.779036000021733,0.0,magic,6,,SPOT,10,856,1902,17118,0.9499941581960509,1719392913,False,,True
0.8038906414300736,856,False,0.05000584180394906,0.05,,312.9564170000085,312.9564170000085,0.0,magic,6,,GLVQ,10,856,1902,17118,0.9499941581960509,1719392913,False,,True
0.814931650893796,856,False,0.05000584180394906,0.05,,40.36067500000354,40.36067500000354,0.0,magic,6,,GNG,10,856,1902,17118,0.9499941581960509,1719392913,False,,True
0.8270241850683491,1712,False,0.10001168360789812,0.1,,0.00023299999884329736,0.00023299999884329736,0.0,magic,6,,Full,10,17118,1902,17118,0.0,1719392913,True,,False
0.7917981072555205,1712,False,0.10001168360789812,0.1,,5.290534999978263,5.290534999978263,0.0,magic,6,,RSP3,10,7365,1902,17118,0.56975113915177,1719392913,True,,False
0.7613038906414301,1712,False,0.10001168360789812,0.1,,10.827805999986595,10.827805999986595,0.0,magic,6,,RHC,10,3449,1902,17118,0.7985161817969388,1719392913,True,,False
0.8233438485804416,1712,False,0.10001168360789812,0.1,,471.97910100000445,471.97910100000445,0.0,magic,6,,SPINE+1NN,10,1712,1902,17118,0.8999883163921019,1719392913,False,"{""admission"": {""criterion"": ""risk"", ""removed_risk"": 4, ""removed_support"": 0}, ""betti_final"": [[3, 0], [3, 0]], ""betti_frozen"": [[3, 0], [3, 0]], ""betti_nerve"": [[1, 0], [1, 0]], ""boundary_restriction"": ""both"", ""forced_removals"": 0, ""growth_representation_fallbacks"": 1230, ""invariant_held"": true, ""n_segments"": 1706, ""n_train_fit"": 12838, ""n_val"": 4280, ""phase0"": [{""constant_lens"": false, ""gain"": 0.25, ""lens"": ""pc1"", ""lens_scaling"": ""standardize"", ""min_cluster_size"": 64, ""min_samples"": 5, ""n_class"": 8324, ""n_edges"": 9, ""n_intervals"": 10, ""n_vertices"": 10, ""noise_reassigned"": 7680, ""placement"": ""quantile"", ""slabs"": [{""k"": 1, ""n"": 937}, {""k"": 1, ""n"": 1040}, {""k"": 1, ""n"": 1040}, {""k"": 1, ""n"": 1041}, {""k"": 1, ""n"": 1040}, {""k"": 1, ""n"": 1040}, {""k"": 1, ""n"": 1041}, {""k"": 1, ""n"": 1040}, {""k"": 1, ""n"": 1040}, {""k"": 1, ""n"": 937}]}, {""constant_lens"": false, ""gain"": 0.25, ""lens"": ""pc1"", ""lens_scaling"": ""standardize"", ""min_cluster_size"": 64, ""min_samples"": 5, ""n_class"": 4514, ""n_edges"": 8, ""n_intervals"": 9, ""n_vertices"": 9, ""noise_reassigned"": 4646, ""placement"": ""quantile"", ""slabs"": [{""k"": 1, ""n"": 565}, {""k"": 1, ""n"": 627}, {""k"": 1, ""n"": 627}, {""k"": 1, ""n"": 627}, {""k"": 1, ""n"": 626}, {""k"": 1, ""n"": 627}, {""k"": 1, ""n"": 627}, {""k"": 1, ""n"": 627}, {""k"": 1, ""n"": 565}]}], ""soundness_bound_holds"": true, ""step_rule"": ""scale_free"", ""topology_retention_nerve_to_frozen"": {""beta0_frozen"": 6, ""beta0_nerve"": 2, ""beta1_frozen"": 0, ""beta1_nerve"": 0}}",True
0.8259726603575184,1712,False,0.10001168360789812,0.1,,471.97910100000445,471.97910100000445,0.0,magic,6,,SPINE+Graph,10,1712,1902,17118,0.8999883163921019,1719392913,False,"{""admission"": {""criterion"": ""risk"", ""removed_risk"": 4, ""removed_support"": 0}, ""betti_final"": [[3, 0], [3, 0]], ""betti_frozen"": [[3, 0], [3, 0]], ""betti_nerve"": [[1, 0], [1, 0]], ""boundary_restriction"": ""both"", ""forced_removals"": 0, ""growth_representation_fallbacks"": 1230, ""invariant_held"": true, ""n_segments"": 1706, ""n_train_fit"": 12838, ""n_val"": 4280, ""phase0"": [{""constant_lens"": false, ""gain"": 0.25, ""lens"": ""pc1"", ""lens_scaling"": ""standardize"", ""min_cluster_size"": 64, ""min_samples"": 5, ""n_class"": 8324, ""n_edges"": 9, ""n_intervals"": 10, ""n_vertices"": 10, ""noise_reassigned"": 7680, ""placement"": ""quantile"", ""slabs"": [{""k"": 1, ""n"": 937}, {""k"": 1, ""n"": 1040}, {""k"": 1, ""n"": 1040}, {""k"": 1, ""n"": 1041}, {""k"": 1, ""n"": 1040}, {""k"": 1, ""n"": 1040}, {""k"": 1, ""n"": 1041}, {""k"": 1, ""n"": 1040}, {""k"": 1, ""n"": 1040}, {""k"": 1, ""n"": 937}]}, {""constant_lens"": false, ""gain"": 0.25, ""lens"": ""pc1"", ""lens_scaling"": ""standardize"", ""min_cluster_size"": 64, ""min_samples"": 5, ""n_class"": 4514, ""n_edges"": 8, ""n_intervals"": 9, ""n_vertices"": 9, ""noise_reassigned"": 4646, ""placement"": ""quantile"", ""slabs"": [{""k"": 1, ""n"": 565}, {""k"": 1, ""n"": 627}, {""k"": 1, ""n"": 627}, {""k"": 1, ""n"": 627}, {""k"": 1, ""n"": 626}, {""k"": 1, ""n"": 627}, {""k"": 1, ""n"": 627}, {""k"": 1, ""n"": 627}, {""k"": 1, ""n"": 565}]}], ""soundness_bound_holds"": true, ""step_rule"": ""scale_free"", ""topology_retention_nerve_to_frozen"": {""beta0_frozen"": 6, ""beta0_nerve"": 2, ""beta1_frozen"": 0, ""beta1_nerve"": 0}}",True
0.8380651945320715,1712,False,0.10001168360789812,0.1,,20.16738100000657,343.53281800000696,323.3654370000004,magic,6,"{""epsilon"": 0.1, ""window"": 0.3}",LVQ3,10,1712,1902,17118,0.8999883163921019,1719392913,False,,True
0.8012618296529969,1712,False,0.10001168360789812,0.1,"{""0"": 1110, ""1"": 602}",43.275614999991376,43.275614999991376,0.0,magic,6,,KMeans,10,1712,1902,17118,0.8999883163921019,1719392913,False,,True
0.7839116719242902,1712,False,0.10001168360789812,0.1,"{""0"": 1110, ""1"": 602}",0.004256000014720485,0.004256000014720485,0.0,magic,6,,Random,10,1712,1902,17118,0.8999883163921019,1719392913,False,,True
0.7896950578338591,1712,False,0.10001168360789812,0.1,,8.594321999989916,8.594321999989916,0.0,magic,6,,SPOT,10,1712,1902,17118,0.8999883163921019,1719392913,False,,True
0.8049421661409043,1712,False,0.10001168360789812,0.1,,620.4496719999879,620.4496719999879,0.0,magic,6,,GLVQ,10,1712,1902,17118,0.8999883163921019,1719392913,False,,True
0.8180862250262881,1712,False,0.10001168360789812,0.1,,159.28530699998373,159.28530699998373,0.0,magic,6,,GNG,10,1712,1902,17118,0.8999883163921019,1719392913,False,,True
0.8270241850683491,4280,False,0.2500292090197453,0.25,,0.00023299999884329736,0.00023299999884329736,0.0,magic,6,,Full,10,17118,1902,17118,0.0,1719392913,True,,False
0.7917981072555205,4280,False,0.2500292090197453,0.25,,5.290534999978263,5.290534999978263,0.0,magic,6,,RSP3,10,7365,1902,17118,0.56975113915177,1719392913,True,,False
0.7613038906414301,4280,False,0.2500292090197453,0.25,,10.827805999986595,10.827805999986595,0.0,magic,6,,RHC,10,3449,1902,17118,0.7985161817969388,1719392913,True,,False
0.8354363827549948,4280,False,0.2500292090197453,0.25,,3510.1474469999957,3510.1474469999957,0.0,magic,6,,SPINE+1NN,10,4280,1902,17118,0.7499707909802547,1719392913,False,"{""admission"": {""criterion"": ""risk"", ""removed_risk"": 4, ""removed_support"": 0}, ""betti_final"": [[3, 0], [3, 0]], ""betti_frozen"": [[3, 0], [3, 0]], ""betti_nerve"": [[1, 0], [1, 0]], ""boundary_restriction"": ""both"", ""forced_removals"": 0, ""growth_representation_fallbacks"": 3570, ""invariant_held"": true, ""n_segments"": 4274, ""n_train_fit"": 12838, ""n_val"": 4280, ""phase0"": [{""constant_lens"": false, ""gain"": 0.25, ""lens"": ""pc1"", ""lens_scaling"": ""standardize"", ""min_cluster_size"": 64, ""min_samples"": 5, ""n_class"": 8324, ""n_edges"": 9, ""n_intervals"": 10, ""n_vertices"": 10, ""noise_reassigned"": 7680, ""placement"": ""quantile"", ""slabs"": [{""k"": 1, ""n"": 937}, {""k"": 1, ""n"": 1040}, {""k"": 1, ""n"": 1040}, {""k"": 1, ""n"": 1041}, {""k"": 1, ""n"": 1040}, {""k"": 1, ""n"": 1040}, {""k"": 1, ""n"": 1041}, {""k"": 1, ""n"": 1040}, {""k"": 1, ""n"": 1040}, {""k"": 1, ""n"": 937}]}, {""constant_lens"": false, ""gain"": 0.25, ""lens"": ""pc1"", ""lens_scaling"": ""standardize"", ""min_cluster_size"": 64, ""min_samples"": 5, ""n_class"": 4514, ""n_edges"": 8, ""n_intervals"": 9, ""n_vertices"": 9, ""noise_reassigned"": 4646, ""placement"": ""quantile"", ""slabs"": [{""k"": 1, ""n"": 565}, {""k"": 1, ""n"": 627}, {""k"": 1, ""n"": 627}, {""k"": 1, ""n"": 627}, {""k"": 1, ""n"": 626}, {""k"": 1, ""n"": 627}, {""k"": 1, ""n"": 627}, {""k"": 1, ""n"": 627}, {""k"": 1, ""n"": 565}]}], ""soundness_bound_holds"": true, ""step_rule"": ""scale_free"", ""topology_retention_nerve_to_frozen"": {""beta0_frozen"": 6, ""beta0_nerve"": 2, ""beta1_frozen"": 0, ""beta1_nerve"": 0}}",True
0.8406940063091483,4280,False,0.2500292090197453,0.25,,3510.1474469999957,3510.1474469999957,0.0,magic,6,,SPINE+Graph,10,4280,1902,17118,0.7499707909802547,1719392913,False,"{""admission"": {""criterion"": ""risk"", ""removed_risk"": 4, ""removed_support"": 0}, ""betti_final"": [[3, 0], [3, 0]], ""betti_frozen"": [[3, 0], [3, 0]], ""betti_nerve"": [[1, 0], [1, 0]], ""boundary_restriction"": ""both"", ""forced_removals"": 0, ""growth_representation_fallbacks"": 3570, ""invariant_held"": true, ""n_segments"": 4274, ""n_train_fit"": 12838, ""n_val"": 4280, ""phase0"": [{""constant_lens"": false, ""gain"": 0.25, ""lens"": ""pc1"", ""lens_scaling"": ""standardize"", ""min_cluster_size"": 64, ""min_samples"": 5, ""n_class"": 8324, ""n_edges"": 9, ""n_intervals"": 10, ""n_vertices"": 10, ""noise_reassigned"": 7680, ""placement"": ""quantile"", ""slabs"": [{""k"": 1, ""n"": 937}, {""k"": 1, ""n"": 1040}, {""k"": 1, ""n"": 1040}, {""k"": 1, ""n"": 1041}, {""k"": 1, ""n"": 1040}, {""k"": 1, ""n"": 1040}, {""k"": 1, ""n"": 1041}, {""k"": 1, ""n"": 1040}, {""k"": 1, ""n"": 1040}, {""k"": 1, ""n"": 937}]}, {""constant_lens"": false, ""gain"": 0.25, ""lens"": ""pc1"", ""lens_scaling"": ""standardize"", ""min_cluster_size"": 64, ""min_samples"": 5, ""n_class"": 4514, ""n_edges"": 8, ""n_intervals"": 9, ""n_vertices"": 9, ""noise_reassigned"": 4646, ""placement"": ""quantile"", ""slabs"": [{""k"": 1, ""n"": 565}, {""k"": 1, ""n"": 627}, {""k"": 1, ""n"": 627}, {""k"": 1, ""n"": 627}, {""k"": 1, ""n"": 626}, {""k"": 1, ""n"": 627}, {""k"": 1, ""n"": 627}, {""k"": 1, ""n"": 627}, {""k"": 1, ""n"": 565}]}], ""soundness_bound_holds"": true, ""step_rule"": ""scale_free"", ""topology_retention_nerve_to_frozen"": {""beta0_frozen"": 6, ""beta0_nerve"": 2, ""beta1_frozen"": 0, ""beta1_nerve"": 0}}",True
0.8401682439537329,4280,False,0.2500292090197453,0.25,,55.38357099998393,949.2030009999871,893.8194300000032,magic,6,"{""epsilon"": 0.3, ""window"": 0.2}",LVQ3,10,4280,1902,17118,0.7499707909802547,1719392913,False,,True
0.8091482649842271,4280,False,0.2500292090197453,0.25,"{""0"": 2775, ""1"": 1505}",64.2769659999758,64.2769659999758,0.0,magic,6,,KMeans,10,4280,1902,17118,0.7499707909802547,1719392913,False,,True
0.8007360672975815,4280,False,0.2500292090197453,0.25,"{""0"": 2775, ""1"": 1505}",0.003296999988378957,0.003296999988378957,0.0,magic,6,,Random,10,4280,1902,17118,0.7499707909802547,1719392913,False,,True
0.8049421661409043,4280,False,0.2500292090197453,0.25,,9.707429000001866,9.707429000001866,0.0,magic,6,,SPOT,10,4280,1902,17118,0.7499707909802547,1719392913,False,,True
0.8096740273396424,4280,False,0.2500292090197453,0.25,,1548.9272430000128,1548.9272430000128,0.0,magic,6,,GLVQ,10,4280,1902,17118,0.7499707909802547,1719392913,False,,True
0.8128286014721346,4280,False,0.2500292090197453,0.25,,960.8160470000003,960.8160470000003,0.0,magic,6,,GNG,10,4280,1902,17118,0.7499707909802547,1719392913,False,,True
0.8359621451104101,86,False,0.005023951396191144,0.005,,0.00021100000594742596,0.00021100000594742596,0.0,magic,7,,Full,10,17118,1902,17118,0.0,1720392916,False,,False
0.788117770767613,86,False,0.005023951396191144,0.005,,8.89107199999853,8.89107199999853,0.0,magic,7,,RSP3,10,7249,1902,17118,0.5765276317326791,1720392916,False,,False
0.767087276550999,86,False,0.005023951396191144,0.005,,11.666255000018282,11.666255000018282,0.0,magic,7,,RHC,10,3423,1902,17118,0.8000350508236944,1720392916,False,,False
0.7055730809674028,86,False,0.005023951396191144,0.005,,13.33413100001053,13.33413100001053,0.0,magic,7,,SPINE+1NN,10,86,1902,17118,0.9949760486038088,1720392916,False,"{""admission"": {""criterion"": ""risk"", ""removed_risk"": 5, ""removed_support"": 0}, ""betti_final"": [[4, 0], [3, 0]], ""betti_frozen"": [[4, 0], [3, 0]], ""betti_nerve"": [[1, 0], [1, 0]], ""boundary_restriction"": ""both"", ""forced_removals"": 0, ""growth_representation_fallbacks"": 53, ""invariant_held"": true, ""n_segments"": 79, ""n_train_fit"": 12838, ""n_val"": 4280, ""phase0"": [{""constant_lens"": false, ""gain"": 0.25, ""lens"": ""pc1"", ""lens_scaling"": ""standardize"", ""min_cluster_size"": 64, ""min_samples"": 5, ""n_class"": 8324, ""n_edges"": 9, ""n_intervals"": 10, ""n_vertices"": 10, ""noise_reassigned"": 7301, ""placement"": ""quantile"", ""slabs"": [{""k"": 1, ""n"": 937}, {""k"": 1, ""n"": 1040}, {""k"": 1, ""n"": 1040}, {""k"": 1, ""n"": 1041}, {""k"": 1, ""n"": 1040}, {""k"": 1, ""n"": 1040}, {""k"": 1, ""n"": 1041}, {""k"": 1, ""n"": 1040}, {""k"": 1, ""n"": 1040}, {""k"": 1, ""n"": 937}]}, {""constant_lens"": false, ""gain"": 0.25, ""lens"": ""pc1"", ""lens_scaling"": ""standardize"", ""min_cluster_size"": 64, ""min_samples"": 5, ""n_class"": 4514, ""n_edges"": 8, ""n_intervals"": 9, ""n_vertices"": 9, ""noise_reassigned"": 4698, ""placement"": ""quantile"", ""slabs"": [{""k"": 1, ""n"": 565}, {""k"": 1, ""n"": 627}, {""k"": 1, ""n"": 627}, {""k"": 1, ""n"": 627}, {""k"": 1, ""n"": 626}, {""k"": 1, ""n"": 627}, {""k"": 1, ""n"": 627}, {""k"": 1, ""n"": 627}, {""k"": 1, ""n"": 565}]}], ""soundness_bound_holds"": true, ""step_rule"": ""scale_free"", ""topology_retention_nerve_to_frozen"": {""beta0_frozen"": 7, ""beta0_nerve"": 2, ""beta1_frozen"": 0, ""beta1_nerve"": 0}}",True
0.713459516298633,86,False,0.005023951396191144,0.005,,13.33413100001053,13.33413100001053,0.0,magic,7,,SPINE+Graph,10,86,1902,17118,0.9949760486038088,1720392916,False,"{""admission"": {""criterion"": ""risk"", ""removed_risk"": 5, ""removed_support"": 0}, ""betti_final"": [[4, 0], [3, 0]], ""betti_frozen"": [[4, 0], [3, 0]], ""betti_nerve"": [[1, 0], [1, 0]], ""boundary_restriction"": ""both"", ""forced_removals"": 0, ""growth_representation_fallbacks"": 53, ""invariant_held"": true, ""n_segments"": 79, ""n_train_fit"": 12838, ""n_val"": 4280, ""phase0"": [{""constant_lens"": false, ""gain"": 0.25, ""lens"": ""pc1"", ""lens_scaling"": ""standardize"", ""min_cluster_size"": 64, ""min_samples"": 5, ""n_class"": 8324, ""n_edges"": 9, ""n_intervals"": 10, ""n_vertices"": 10, ""noise_reassigned"": 7301, ""placement"": ""quantile"", ""slabs"": [{""k"": 1, ""n"": 937}, {""k"": 1, ""n"": 1040}, {""k"": 1, ""n"": 1040}, {""k"": 1, ""n"": 1041}, {""k"": 1, ""n"": 1040}, {""k"": 1, ""n"": 1040}, {""k"": 1, ""n"": 1041}, {""k"": 1, ""n"": 1040}, {""k"": 1, ""n"": 1040}, {""k"": 1, ""n"": 937}]}, {""constant_lens"": false, ""gain"": 0.25, ""lens"": ""pc1"", ""lens_scaling"": ""standardize"", ""min_cluster_size"": 64, ""min_samples"": 5, ""n_class"": 4514, ""n_edges"": 8, ""n_intervals"": 9, ""n_vertices"": 9, ""noise_reassigned"": 4698, ""placement"": ""quantile"", ""slabs"": [{""k"": 1, ""n"": 565}, {""k"": 1, ""n"": 627}, {""k"": 1, ""n"": 627}, {""k"": 1, ""n"": 627}, {""k"": 1, ""n"": 626}, {""k"": 1, ""n"": 627}, {""k"": 1, ""n"": 627}, {""k"": 1, ""n"": 627}, {""k"": 1, ""n"": 565}]}], ""soundness_bound_holds"": true, ""step_rule"": ""scale_free"", ""topology_retention_nerve_to_frozen"": {""beta0_frozen"": 7, ""beta0_nerve"": 2, ""beta1_frozen"": 0, ""beta1_nerve"": 0}}",True
0.831230283911672,86,False,0.005023951396191144,0.005,,3.7264459999860264,62.535536000010325,58.8090900000243,magic,7,"{""epsilon"": 0.1, ""window"": 0.3}",LVQ3,10,86,1902,17118,0.9949760486038088,1720392916,False,,True
0.7765509989484752,86,False,0.005023951396191144,0.005,"{""0"": 56, ""1"": 30}",6.019320999999763,6.019320999999763,0.0,magic,7,,KMeans,10,86,1902,17118,0.9949760486038088,1720392916,False,,True
0.7434279705573081,86,False,0.005023951396191144,0.005,"{""0"": 56, ""1"": 30}",0.0014659999869763851,0.0014659999869763851,0.0,magic,7,,Random,10,86,1902,17118,0.9949760486038088,1720392916,False,,True
0.7266035751840169,86,False,0.005023951396191144,0.005,,7.600004999985686,7.600004999985686,0.0,magic,7,,SPOT,10,86,1902,17118,0.9949760486038088,1720392916,False,,True
0.7839116719242902,86,False,0.005023951396191144,0.005,,36.158190000016475,36.158190000016475,0.0,magic,7,,GLVQ,10,86,1902,17118,0.9949760486038088,1720392916,False,,True
0.7823343848580442,86,False,0.005023951396191144,0.005,,0.6709200000041164,0.6709200000041164,0.0,magic,7,,GNG,10,86,1902,17118,0.9949760486038088,1720392916,False,,True
0.8359621451104101,171,False,0.009989484752891693,0.01,,0.00021100000594742596,0.00021100000594742596,0.0,magic,7,,Full,10,17118,1902,17118,0.0,1720392916,True,,False
0.788117770767613,171,False,0.009989484752891693,0.01,,8.89107199999853,8.89107199999853,0.0,magic,7,,RSP3,10,7249,1902,17118,0.5765276317326791,1720392916,True,,False
0.767087276550999,171,False,0.009989484752891693,0.01,,11.666255000018282,11.666255000018282,0.0,magic,7,,RHC,10,3423,1902,17118,0.8000350508236944,1720392916,True,,False
0.729758149316509,171,False,0.009989484752891693,0.01,,15.60573999999906,15.60573999999906,0.0,magic,7,,SPINE+1NN,10,171,1902,17118,0.9900105152471083,1720392916,False,"{""admission"": {""criterion"": ""risk"", ""removed_risk"": 5, ""removed_support"": 0}, ""betti_final"": [[4, 0], [3, 0]], ""betti_frozen"": [[4, 0], [3, 0]], ""betti_nerve"": [[1, 0], [1, 0]], ""boundary_restriction"": ""both"", ""forced_removals"": 0, ""growth_representation_fallbacks"": 114, ""invariant_held"": true, ""n_segments"": 164, ""n_train_fit"": 12838, ""n_val"": 4280, ""phase0"": [{""constant_lens"": false, ""gain"": 0.25, ""lens"": ""pc1"", ""lens_scaling"": ""standardize"", ""min_cluster_size"": 64, ""min_samples"": 5, ""n_class"": 8324, ""n_edges"": 9, ""n_intervals"": 10, ""n_vertices"": 10, ""noise_reassigned"": 7301, ""placement"": ""quantile"", ""slabs"": [{""k"": 1, ""n"": 937}, {""k"": 1, ""n"": 1040}, {""k"": 1, ""n"": 1040}, {""k"": 1, ""n"": 1041}, {""k"": 1, ""n"": 1040}, {""k"": 1, ""n"": 1040}, {""k"": 1, ""n"": 1041}, {""k"": 1, ""n"": 1040}, {""k"": 1, ""n"": 1040}, {""k"": 1, ""n"": 937}]}, {""constant_lens"": false, ""gain"": 0.25, ""lens"": ""pc1"", ""lens_scaling"": ""standardize"", ""min_cluster_size"": 64, ""min_samples"": 5, ""n_class"": 4514, ""n_edges"": 8, ""n_intervals"": 9, ""n_vertices"": 9, ""noise_reassigned"": 4698, ""placement"": ""quantile"", ""slabs"": [{""k"": 1, ""n"": 565}, {""k"": 1, ""n"": 627}, {""k"": 1, ""n"": 627}, {""k"": 1, ""n"": 627}, {""k"": 1, ""n"": 626}, {""k"": 1, ""n"": 627}, {""k"": 1, ""n"": 627}, {""k"": 1, ""n"": 627}, {""k"": 1, ""n"": 565}]}], ""soundness_bound_holds"": true, ""step_rule"": ""scale_free"", ""topology_retention_nerve_to_frozen"": {""beta0_frozen"": 7, ""beta0_nerve"": 2, ""beta1_frozen"": 0, ""beta1_nerve"": 0}}",True
0.7360672975814931,171,False,0.009989484752891693,0.01,,15.60573999999906,15.60573999999906,0.0,magic,7,,SPINE+Graph,10,171,1902,17118,0.9900105152471083,1720392916,False,"{""admission"": {""criterion"": ""risk"", ""removed_risk"": 5, ""removed_support"": 0}, ""betti_final"": [[4, 0], [3, 0]], ""betti_frozen"": [[4, 0], [3, 0]], ""betti_nerve"": [[1, 0], [1, 0]], ""boundary_restriction"": ""both"", ""forced_removals"": 0, ""growth_representation_fallbacks"": 114, ""invariant_held"": true, ""n_segments"": 164, ""n_train_fit"": 12838, ""n_val"": 4280, ""phase0"": [{""constant_lens"": false, ""gain"": 0.25, ""lens"": ""pc1"", ""lens_scaling"": ""standardize"", ""min_cluster_size"": 64, ""min_samples"": 5, ""n_class"": 8324, ""n_edges"": 9, ""n_intervals"": 10, ""n_vertices"": 10, ""noise_reassigned"": 7301, ""placement"": ""quantile"", ""slabs"": [{""k"": 1, ""n"": 937}, {""k"": 1, ""n"": 1040}, {""k"": 1, ""n"": 1040}, {""k"": 1, ""n"": 1041}, {""k"": 1, ""n"": 1040}, {""k"": 1, ""n"": 1040}, {""k"": 1, ""n"": 1041}, {""k"": 1, ""n"": 1040}, {""k"": 1, ""n"": 1040}, {""k"": 1, ""n"": 937}]}, {""constant_lens"": false, ""gain"": 0.25, ""lens"": ""pc1"", ""lens_scaling"": ""standardize"", ""min_cluster_size"": 64, ""min_samples"": 5, ""n_class"": 4514, ""n_edges"": 8, ""n_intervals"": 9, ""n_vertices"": 9, ""noise_reassigned"": 4698, ""placement"": ""quantile"", ""slabs"": [{""k"": 1, ""n"": 565}, {""k"": 1, ""n"": 627}, {""k"": 1, ""n"": 627}, {""k"": 1, ""n"": 627}, {""k"": 1, ""n"": 626}, {""k"": 1, ""n"": 627}, {""k"": 1, ""n"": 627}, {""k"": 1, ""n"": 627}, {""k"": 1, ""n"": 565}]}], ""soundness_bound_holds"": true, ""step_rule"": ""scale_free"", ""topology_retention_nerve_to_frozen"": {""beta0_frozen"": 7, ""beta0_nerve"": 2, ""beta1_frozen"": 0, ""beta1_nerve"": 0}}",True
0.8517350157728707,171,False,0.009989484752891693,0.01,,4.862204000004567,81.06870599999093,76.20650199998636,magic,7,"{""epsilon"": 0.1, ""window"": 0.2}",LVQ3,10,171,1902,17118,0.9900105152471083,1720392916,False,,True
0.7875920084121977,171,False,0.009989484752891693,0.01,"{""0"": 111, ""1"": 60}",10.246375999995507,10.246375999995507,0.0,magic,7,,KMeans,10,171,1902,17118,0.9900105152471083,1720392916,False,,True
0.7481598317560463,171,False,0.009989484752891693,0.01,"{""0"": 111, ""1"": 60}",0.0018640000198502094,0.0018640000198502094,0.0,magic,7,,Random,10,171,1902,17118,0.9900105152471083,1720392916,False,,True
0.7634069400630915,171,False,0.009989484752891693,0.01,,6.119426999997813,6.119426999997813,0.0,magic,7,,SPOT,10,171,1902,17118,0.9900105152471083,1720392916,False,,True
0.7896950578338591,171,False,0.009989484752891693,0.01,,66.84946399999899,66.84946399999899,0.0,magic,7,,GLVQ,10,171,1902,17118,0.9900105152471083,1720392916,False,,True
0.7944269190325972,171,False,0.009989484752891693,0.01,,2.087461999995867,2.087461999995867,0.0,magic,7,,GNG,10,171,1902,17118,0.9900105152471083,1720392916,False,,True
0.8359621451104101,342,False,0.019978969505783387,0.02,,0.00021100000594742596,0.00021100000594742596,0.0,magic,7,,Full,10,17118,1902,17118,0.0,1720392916,True,,False
0.788117770767613,342,False,0.019978969505783387,0.02,,8.89107199999853,8.89107199999853,0.0,magic,7,,RSP3,10,7249,1902,17118,0.5765276317326791,1720392916,True,,False
0.767087276550999,342,False,0.019978969505783387,0.02,,11.666255000018282,11.666255000018282,0.0,magic,7,,RHC,10,3423,1902,17118,0.8000350508236944,1720392916,True,,False
0.7712933753943217,342,False,0.019978969505783387,0.02,,28.834814999980154,28.834814999980154,0.0,magic,7,,SPINE+1NN,10,342,1902,17118,0.9800210304942166,1720392916,False,"{""admission"": {""criterion"": ""risk"", ""removed_risk"": 5, ""removed_support"": 0}, ""betti_final"": [[4, 0], [3, 0]], ""betti_frozen"": [[4, 0], [3, 0]], ""betti_nerve"": [[1, 0], [1, 0]], ""boundary_restriction"": ""both"", ""forced_removals"": 0, ""growth_representation_fallbacks"": 240, ""invariant_held"": true, ""n_segments"": 335, ""n_train_fit"": 12838, ""n_val"": 4280, ""phase0"": [{""constant_lens"": false, ""gain"": 0.25, ""lens"": ""pc1"", ""lens_scaling"": ""standardize"", ""min_cluster_size"": 64, ""min_samples"": 5, ""n_class"": 8324, ""n_edges"": 9, ""n_intervals"": 10, ""n_vertices"": 10, ""noise_reassigned"": 7301, ""placement"": ""quantile"", ""slabs"": [{""k"": 1, ""n"": 937}, {""k"": 1, ""n"": 1040}, {""k"": 1, ""n"": 1040}, {""k"": 1, ""n"": 1041}, {""k"": 1, ""n"": 1040}, {""k"": 1, ""n"": 1040}, {""k"": 1, ""n"": 1041}, {""k"": 1, ""n"": 1040}, {""k"": 1, ""n"": 1040}, {""k"": 1, ""n"": 937}]}, {""constant_lens"": false, ""gain"": 0.25, ""lens"": ""pc1"", ""lens_scaling"": ""standardize"", ""min_cluster_size"": 64, ""min_samples"": 5, ""n_class"": 4514, ""n_edges"": 8, ""n_intervals"": 9, ""n_vertices"": 9, ""noise_reassigned"": 4698, ""placement"": ""quantile"", ""slabs"": [{""k"": 1, ""n"": 565}, {""k"": 1, ""n"": 627}, {""k"": 1, ""n"": 627}, {""k"": 1, ""n"": 627}, {""k"": 1, ""n"": 626}, {""k"": 1, ""n"": 627}, {""k"": 1, ""n"": 627}, {""k"": 1, ""n"": 627}, {""k"": 1, ""n"": 565}]}], ""soundness_bound_holds"": true, ""step_rule"": ""scale_free"", ""topology_retention_nerve_to_frozen"": {""beta0_frozen"": 7, ""beta0_nerve"": 2, ""beta1_frozen"": 0, ""beta1_nerve"": 0}}",True
0.7781282860147214,342,False,0.019978969505783387,0.02,,28.834814999980154,28.834814999980154,0.0,magic,7,,SPINE+Graph,10,342,1902,17118,0.9800210304942166,1720392916,False,"{""admission"": {""criterion"": ""risk"", ""removed_risk"": 5, ""removed_support"": 0}, ""betti_final"": [[4, 0], [3, 0]], ""betti_frozen"": [[4, 0], [3, 0]], ""betti_nerve"": [[1, 0], [1, 0]], ""boundary_restriction"": ""both"", ""forced_removals"": 0, ""growth_representation_fallbacks"": 240, ""invariant_held"": true, ""n_segments"": 335, ""n_train_fit"": 12838, ""n_val"": 4280, ""phase0"": [{""constant_lens"": false, ""gain"": 0.25, ""lens"": ""pc1"", ""lens_scaling"": ""standardize"", ""min_cluster_size"": 64, ""min_samples"": 5, ""n_class"": 8324, ""n_edges"": 9, ""n_intervals"": 10, ""n_vertices"": 10, ""noise_reassigned"": 7301, ""placement"": ""quantile"", ""slabs"": [{""k"": 1, ""n"": 937}, {""k"": 1, ""n"": 1040}, {""k"": 1, ""n"": 1040}, {""k"": 1, ""n"": 1041}, {""k"": 1, ""n"": 1040}, {""k"": 1, ""n"": 1040}, {""k"": 1, ""n"": 1041}, {""k"": 1, ""n"": 1040}, {""k"": 1, ""n"": 1040}, {""k"": 1, ""n"": 937}]}, {""constant_lens"": false, ""gain"": 0.25, ""lens"": ""pc1"", ""lens_scaling"": ""standardize"", ""min_cluster_size"": 64, ""min_samples"": 5, ""n_class"": 4514, ""n_edges"": 8, ""n_intervals"": 9, ""n_vertices"": 9, ""noise_reassigned"": 4698, ""placement"": ""quantile"", ""slabs"": [{""k"": 1, ""n"": 565}, {""k"": 1, ""n"": 627}, {""k"": 1, ""n"": 627}, {""k"": 1, ""n"": 627}, {""k"": 1, ""n"": 626}, {""k"": 1, ""n"": 627}, {""k"": 1, ""n"": 627}, {""k"": 1, ""n"": 627}, {""k"": 1, ""n"": 565}]}], ""soundness_bound_holds"": true, ""step_rule"": ""scale_free"", ""topology_retention_nerve_to_frozen"": {""beta0_frozen"": 7, ""beta0_nerve"": 2, ""beta1_frozen"": 0, ""beta1_nerve"": 0}}",True
0.8454258675078864,342,False,0.019978969505783387,0.02,,6.796804000012344,120.24219100002665,113.4453870000143,magic,7,"{""epsilon"": 0.1, ""window"": 0.3}",LVQ3,10,342,1902,17118,0.9800210304942166,1720392916,False,,True
0.7965299684542587,342,False,0.019978969505783387,0.02,"{""0"": 222, ""1"": 120}",16.481231999990996,16.481231999990996,0.0,magic,7,,KMeans,10,342,1902,17118,0.9800210304942166,1720392916,False,,True
0.7744479495268138,342,False,0.019978969505783387,0.02,"{""0"": 222, ""1"": 120}",0.001979000022402033,0.001979000022402033,0.0,magic,7,,Random,10,342,1902,17118,0.9800210304942166,1720392916,False,,True
0.7760252365930599,342,False,0.019978969505783387,0.02,,7.344339999981457,7.344339999981457,0.0,magic,7,,SPOT,10,342,1902,17118,0.9800210304942166,1720392916,False,,True
0.7933753943217665,342,False,0.019978969505783387,0.02,,129.06535499999882,129.06535499999882,0.0,magic,7,,GLVQ,10,342,1902,17118,0.9800210304942166,1720392916,False,,True
0.8028391167192429,342,False,0.019978969505783387,0.02,,7.125824000017019,7.125824000017019,0.0,magic,7,,GNG,10,342,1902,17118,0.9800210304942166,1720392916,False,,True
0.8359621451104101,856,False,0.05000584180394906,0.05,,0.00021100000594742596,0.00021100000594742596,0.0,magic,7,,Full,10,17118,1902,17118,0.0,1720392916,True,,False
0.788117770767613,856,False,0.05000584180394906,0.05,,8.89107199999853,8.89107199999853,0.0,magic,7,,RSP3,10,7249,1902,17118,0.5765276317326791,1720392916,True,,False
0.767087276550999,856,False,0.05000584180394906,0.05,,11.666255000018282,11.666255000018282,0.0,magic,7,,RHC,10,3423,1902,17118,0.8000350508236944,1720392916,True,,False
0.8112513144058885,856,False,0.05000584180394906,0.05,,118.83202599998913,118.83202599998913,0.0,magic,7,,SPINE+1NN,10,856,1902,17118,0.9499941581960509,1720392916,False,"{""admission"": {""criterion"": ""risk"", ""removed_risk"": 5, ""removed_support"": 0}, ""betti_final"": [[4, 0], [3, 0]], ""betti_frozen"": [[4, 0], [3, 0]], ""betti_nerve"": [[1, 0], [1, 0]], ""boundary_restriction"": ""both"", ""forced_removals"": 0, ""growth_representation_fallbacks"": 613, ""invariant_held"": true, ""n_segments"": 849, ""n_train_fit"": 12838, ""n_val"": 4280, ""phase0"": [{""constant_lens"": false, ""gain"": 0.25, ""lens"": ""pc1"", ""lens_scaling"": ""standardize"", ""min_cluster_size"": 64, ""min_samples"": 5, ""n_class"": 8324, ""n_edges"": 9, ""n_intervals"": 10, ""n_vertices"": 10, ""noise_reassigned"": 7301, ""placement"": ""quantile"", ""slabs"": [{""k"": 1, ""n"": 937}, {""k"": 1, ""n"": 1040}, {""k"": 1, ""n"": 1040}, {""k"": 1, ""n"": 1041}, {""k"": 1, ""n"": 1040}, {""k"": 1, ""n"": 1040}, {""k"": 1, ""n"": 1041}, {""k"": 1, ""n"": 1040}, {""k"": 1, ""n"": 1040}, {""k"": 1, ""n"": 937}]}, {""constant_lens"": false, ""gain"": 0.25, ""lens"": ""pc1"", ""lens_scaling"": ""standardize"", ""min_cluster_size"": 64, ""min_samples"": 5, ""n_class"": 4514, ""n_edges"": 8, ""n_intervals"": 9, ""n_vertices"": 9, ""noise_reassigned"": 4698, ""placement"": ""quantile"", ""slabs"": [{""k"": 1, ""n"": 565}, {""k"": 1, ""n"": 627}, {""k"": 1, ""n"": 627}, {""k"": 1, ""n"": 627}, {""k"": 1, ""n"": 626}, {""k"": 1, ""n"": 627}, {""k"": 1, ""n"": 627}, {""k"": 1, ""n"": 627}, {""k"": 1, ""n"": 565}]}], ""soundness_bound_holds"": true, ""step_rule"": ""scale_free"", ""topology_retention_nerve_to_frozen"": {""beta0_frozen"": 7, ""beta0_nerve"": 2, ""beta1_frozen"": 0, ""beta1_nerve"": 0}}",True
0.8123028391167192,856,False,0.05000584180394906,0.05,,118.83202599998913,118.83202599998913,0.0,magic,7,,SPINE+Graph,10,856,1902,17118,0.9499941581960509,1720392916,False,"{""admission"": {""criterion"": ""risk"", ""removed_risk"": 5, ""removed_support"": 0}, ""betti_final"": [[4, 0], [3, 0]], ""betti_frozen"": [[4, 0], [3, 0]], ""betti_nerve"": [[1, 0], [1, 0]], ""boundary_restriction"": ""both"", ""forced_removals"": 0, ""growth_representation_fallbacks"": 613, ""invariant_held"": true, ""n_segments"": 849, ""n_train_fit"": 12838, ""n_val"": 4280, ""phase0"": [{""constant_lens"": false, ""gain"": 0.25, ""lens"": ""pc1"", ""lens_scaling"": ""standardize"", ""min_cluster_size"": 64, ""min_samples"": 5, ""n_class"": 8324, ""n_edges"": 9, ""n_intervals"": 10, ""n_vertices"": 10, ""noise_reassigned"": 7301, ""placement"": ""quantile"", ""slabs"": [{""k"": 1, ""n"": 937}, {""k"": 1, ""n"": 1040}, {""k"": 1, ""n"": 1040}, {""k"": 1, ""n"": 1041}, {""k"": 1, ""n"": 1040}, {""k"": 1, ""n"": 1040}, {""k"": 1, ""n"": 1041}, {""k"": 1, ""n"": 1040}, {""k"": 1, ""n"": 1040}, {""k"": 1, ""n"": 937}]}, {""constant_lens"": false, ""gain"": 0.25, ""lens"": ""pc1"", ""lens_scaling"": ""standardize"", ""min_cluster_size"": 64, ""min_samples"": 5, ""n_class"": 4514, ""n_edges"": 8, ""n_intervals"": 9, ""n_vertices"": 9, ""noise_reassigned"": 4698, ""placement"": ""quantile"", ""slabs"": [{""k"": 1, ""n"": 565}, {""k"": 1, ""n"": 627}, {""k"": 1, ""n"": 627}, {""k"": 1, ""n"": 627}, {""k"": 1, ""n"": 626}, {""k"": 1, ""n"": 627}, {""k"": 1, ""n"": 627}, {""k"": 1, ""n"": 627}, {""k"": 1, ""n"": 565}]}], ""soundness_bound_holds"": true, ""step_rule"": ""scale_free"", ""topology_retention_nerve_to_frozen"": {""beta0_frozen"": 7, ""beta0_nerve"": 2, ""beta1_frozen"": 0, ""beta1_nerve"": 0}}",True
0.8296529968454258,856,False,0.05000584180394906,0.05,,11.998308000009274,200.52047499999753,188.52216699998826,magic,7,"{""epsilon"": 0.1, ""window"": 0.3}",LVQ3,10,856,1902,17118,0.9499941581960509,1720392916,False,,True
0.8117770767613038,856,False,0.05000584180394906,0.05,"{""0"": 555, ""1"": 301}",31.21268999998574,31.21268999998574,0.0,magic,7,,KMeans,10,856,1902,17118,0.9499941581960509,1720392916,False,,True
0.7660357518401683,856,False,0.05000584180394906,0.05,"{""0"": 555, ""1"": 301}",0.002214000007370487,0.002214000007370487,0.0,magic,7,,Random,10,856,1902,17118,0.9499941581960509,1720392916,False,,True
0.7860147213459516,856,False,0.05000584180394906,0.05,,8.124841000011656,8.124841000011656,0.0,magic,7,,SPOT,10,856,1902,17118,0.9499941581960509,1720392916,False,,True
0.8017875920084122,856,False,0.05000584180394906,0.05,,311.0904070000106,311.0904070000106,0.0,magic,7,,GLVQ,10,856,1902,17118,0.9499941581960509,1720392916,False,,True
0.8080967402733964,856,False,0.05000584180394906,0.05,,40.99899700001697,40.99899700001697,0.0,magic,7,,GNG,10,856,1902,17118,0.9499941581960509,1720392916,False,,True
0.8359621451104101,1712,False,0.10001168360789812,0.1,,0.00021100000594742596,0.00021100000594742596,0.0,magic,7,,Full,10,17118,1902,17118,0.0,1720392916,True,,False
0.788117770767613,1712,False,0.10001168360789812,0.1,,8.89107199999853,8.89107199999853,0.0,magic,7,,RSP3,10,7249,1902,17118,0.5765276317326791,1720392916,True,,False
0.767087276550999,1712,False,0.10001168360789812,0.1,,11.666255000018282,11.666255000018282,0.0,magic,7,,RHC,10,3423,1902,17118,0.8000350508236944,1720392916,True,,False
0.8259726603575184,1712,False,0.10001168360789812,0.1,,468.2345220000134,468.2345220000134,0.0,magic,7,,SPINE+1NN,10,1712,1902,17118,0.8999883163921019,1720392916,False,"{""admission"": {""criterion"": ""risk"", ""removed_risk"": 5, ""removed_support"": 0}, ""betti_final"": [[4, 0], [3, 0]], ""betti_frozen"": [[4, 0], [3, 0]], ""betti_nerve"": [[1, 0], [1, 0]], ""boundary_restriction"": ""both"", ""forced_removals"": 0, ""growth_representation_fallbacks"": 1235, ""invariant_held"": true, ""n_segments"": 1705, ""n_train_fit"": 12838, ""n_val"": 4280, ""phase0"": [{""constant_lens"": false, ""gain"": 0.25, ""lens"": ""pc1"", ""lens_scaling"": ""standardize"", ""min_cluster_size"": 64, ""min_samples"": 5, ""n_class"": 8324, ""n_edges"": 9, ""n_intervals"": 10, ""n_vertices"": 10, ""noise_reassigned"": 7301, ""placement"": ""quantile"", ""slabs"": [{""k"": 1, ""n"": 937}, {""k"": 1, ""n"": 1040}, {""k"": 1, ""n"": 1040}, {""k"": 1, ""n"": 1041}, {""k"": 1, ""n"": 1040}, {""k"": 1, ""n"": 1040}, {""k"": 1, ""n"": 1041}, {""k"": 1, ""n"": 1040}, {""k"": 1, ""n"": 1040}, {""k"": 1, ""n"": 937}]}, {""constant_lens"": false, ""gain"": 0.25, ""lens"": ""pc1"", ""lens_scaling"": ""standardize"", ""min_cluster_size"": 64, ""min_samples"": 5, ""n_class"": 4514, ""n_edges"": 8, ""n_intervals"": 9, ""n_vertices"": 9, ""noise_reassigned"": 4698, ""placement"": ""quantile"", ""slabs"": [{""k"": 1, ""n"": 565}, {""k"": 1, ""n"": 627}, {""k"": 1, ""n"": 627}, {""k"": 1, ""n"": 627}, {""k"": 1, ""n"": 626}, {""k"": 1, ""n"": 627}, {""k"": 1, ""n"": 627}, {""k"": 1, ""n"": 627}, {""k"": 1, ""n"": 565}]}], ""soundness_bound_holds"": true, ""step_rule"": ""scale_free"", ""topology_retention_nerve_to_frozen"": {""beta0_frozen"": 7, ""beta0_nerve"": 2, ""beta1_frozen"": 0, ""beta1_nerve"": 0}}",True
0.8270241850683491,1712,False,0.10001168360789812,0.1,,468.2345220000134,468.2345220000134,0.0,magic,7,,SPINE+Graph,10,1712,1902,17118,0.8999883163921019,1720392916,False,"{""admission"": {""criterion"": ""risk"", ""removed_risk"": 5, ""removed_support"": 0}, ""betti_final"": [[4, 0], [3, 0]], ""betti_frozen"": [[4, 0], [3, 0]], ""betti_nerve"": [[1, 0], [1, 0]], ""boundary_restriction"": ""both"", ""forced_removals"": 0, ""growth_representation_fallbacks"": 1235, ""invariant_held"": true, ""n_segments"": 1705, ""n_train_fit"": 12838, ""n_val"": 4280, ""phase0"": [{""constant_lens"": false, ""gain"": 0.25, ""lens"": ""pc1"", ""lens_scaling"": ""standardize"", ""min_cluster_size"": 64, ""min_samples"": 5, ""n_class"": 8324, ""n_edges"": 9, ""n_intervals"": 10, ""n_vertices"": 10, ""noise_reassigned"": 7301, ""placement"": ""quantile"", ""slabs"": [{""k"": 1, ""n"": 937}, {""k"": 1, ""n"": 1040}, {""k"": 1, ""n"": 1040}, {""k"": 1, ""n"": 1041}, {""k"": 1, ""n"": 1040}, {""k"": 1, ""n"": 1040}, {""k"": 1, ""n"": 1041}, {""k"": 1, ""n"": 1040}, {""k"": 1, ""n"": 1040}, {""k"": 1, ""n"": 937}]}, {""constant_lens"": false, ""gain"": 0.25, ""lens"": ""pc1"", ""lens_scaling"": ""standardize"", ""min_cluster_size"": 64, ""min_samples"": 5, ""n_class"": 4514, ""n_edges"": 8, ""n_intervals"": 9, ""n_vertices"": 9, ""noise_reassigned"": 4698, ""placement"": ""quantile"", ""slabs"": [{""k"": 1, ""n"": 565}, {""k"": 1, ""n"": 627}, {""k"": 1, ""n"": 627}, {""k"": 1, ""n"": 627}, {""k"": 1, ""n"": 626}, {""k"": 1, ""n"": 627}, {""k"": 1, ""n"": 627}, {""k"": 1, ""n"": 627}, {""k"": 1, ""n"": 565}]}], ""soundness_bound_holds"": true, ""step_rule"": ""scale_free"", ""topology_retention_nerve_to_frozen"": {""beta0_frozen"": 7, ""beta0_nerve"": 2, ""beta1_frozen"": 0, ""beta1_nerve"": 0}}",True
0.8385909568874869,1712,False,0.10001168360789812,0.1,,20.082151999988127,341.8905419999792,321.80838999999105,magic,7,"{""epsilon"": 0.1, ""window"": 0.3}",LVQ3,10,1712,1902,17118,0.8999883163921019,1720392916,False,,True
0.7896950578338591,1712,False,0.10001168360789812,0.1,"{""0"": 1110, ""1"": 602}",43.58204999999725,43.58204999999725,0.0,magic,7,,KMeans,10,1712,1902,17118,0.8999883163921019,1720392916,False,,True
0.7649842271293376,1712,False,0.10001168360789812,0.1,"{""0"": 1110, ""1"": 602}",0.0019289999909233302,0.0019289999909233302,0.0,magic,7,,Random,10,1712,1902,17118,0.8999883163921019,1720392916,False,,True
0.7928496319663512,1712,False,0.10001168360789812,0.1,,8.215624000004027,8.215624000004027,0.0,magic,7,,SPOT,10,1712,1902,17118,0.8999883163921019,1720392916,False,,True
0.8033648790746583,1712,False,0.10001168360789812,0.1,,619.8921279999777,619.8921279999777,0.0,magic,7,,GLVQ,10,1712,1902,17118,0.8999883163921019,1720392916,False,,True
0.805993690851735,1712,False,0.10001168360789812,0.1,,164.03723799998988,164.03723799998988,0.0,magic,7,,GNG,10,1712,1902,17118,0.8999883163921019,1720392916,False,,True
0.8359621451104101,4280,False,0.2500292090197453,0.25,,0.00021100000594742596,0.00021100000594742596,0.0,magic,7,,Full,10,17118,1902,17118,0.0,1720392916,True,,False
0.788117770767613,4280,False,0.2500292090197453,0.25,,8.89107199999853,8.89107199999853,0.0,magic,7,,RSP3,10,7249,1902,17118,0.5765276317326791,1720392916,True,,False
0.767087276550999,4280,False,0.2500292090197453,0.25,,11.666255000018282,11.666255000018282,0.0,magic,7,,RHC,10,3423,1902,17118,0.8000350508236944,1720392916,True,,False
0.8343848580441641,4280,False,0.2500292090197453,0.25,,3496.1155150000122,3496.1155150000122,0.0,magic,7,,SPINE+1NN,10,4280,1902,17118,0.7499707909802547,1720392916,False,"{""admission"": {""criterion"": ""risk"", ""removed_risk"": 5, ""removed_support"": 0}, ""betti_final"": [[4, 0], [3, 0]], ""betti_frozen"": [[4, 0], [3, 0]], ""betti_nerve"": [[1, 0], [1, 0]], ""boundary_restriction"": ""both"", ""forced_removals"": 0, ""growth_representation_fallbacks"": 3598, ""invariant_held"": true, ""n_segments"": 4273, ""n_train_fit"": 12838, ""n_val"": 4280, ""phase0"": [{""constant_lens"": false, ""gain"": 0.25, ""lens"": ""pc1"", ""lens_scaling"": ""standardize"", ""min_cluster_size"": 64, ""min_samples"": 5, ""n_class"": 8324, ""n_edges"": 9, ""n_intervals"": 10, ""n_vertices"": 10, ""noise_reassigned"": 7301, ""placement"": ""quantile"", ""slabs"": [{""k"": 1, ""n"": 937}, {""k"": 1, ""n"": 1040}, {""k"": 1, ""n"": 1040}, {""k"": 1, ""n"": 1041}, {""k"": 1, ""n"": 1040}, {""k"": 1, ""n"": 1040}, {""k"": 1, ""n"": 1041}, {""k"": 1, ""n"": 1040}, {""k"": 1, ""n"": 1040}, {""k"": 1, ""n"": 937}]}, {""constant_lens"": false, ""gain"": 0.25, ""lens"": ""pc1"", ""lens_scaling"": ""standardize"", ""min_cluster_size"": 64, ""min_samples"": 5, ""n_class"": 4514, ""n_edges"": 8, ""n_intervals"": 9, ""n_vertices"": 9, ""noise_reassigned"": 4698, ""placement"": ""quantile"", ""slabs"": [{""k"": 1, ""n"": 565}, {""k"": 1, ""n"": 627}, {""k"": 1, ""n"": 627}, {""k"": 1, ""n"": 627}, {""k"": 1, ""n"": 626}, {""k"": 1, ""n"": 627}, {""k"": 1, ""n"": 627}, {""k"": 1, ""n"": 627}, {""k"": 1, ""n"": 565}]}], ""soundness_bound_holds"": true, ""step_rule"": ""scale_free"", ""topology_retention_nerve_to_frozen"": {""beta0_frozen"": 7, ""beta0_nerve"": 2, ""beta1_frozen"": 0, ""beta1_nerve"": 0}}",True
0.8385909568874869,4280,False,0.2500292090197453,0.25,,3496.1155150000122,3496.1155150000122,0.0,magic,7,,SPINE+Graph,10,4280,1902,17118,0.7499707909802547,1720392916,False,"{""admission"": {""criterion"": ""risk"", ""removed_risk"": 5, ""removed_support"": 0}, ""betti_final"": [[4, 0], [3, 0]], ""betti_frozen"": [[4, 0], [3, 0]], ""betti_nerve"": [[1, 0], [1, 0]], ""boundary_restriction"": ""both"", ""forced_removals"": 0, ""growth_representation_fallbacks"": 3598, ""invariant_held"": true, ""n_segments"": 4273, ""n_train_fit"": 12838, ""n_val"": 4280, ""phase0"": [{""constant_lens"": false, ""gain"": 0.25, ""lens"": ""pc1"", ""lens_scaling"": ""standardize"", ""min_cluster_size"": 64, ""min_samples"": 5, ""n_class"": 8324, ""n_edges"": 9, ""n_intervals"": 10, ""n_vertices"": 10, ""noise_reassigned"": 7301, ""placement"": ""quantile"", ""slabs"": [{""k"": 1, ""n"": 937}, {""k"": 1, ""n"": 1040}, {""k"": 1, ""n"": 1040}, {""k"": 1, ""n"": 1041}, {""k"": 1, ""n"": 1040}, {""k"": 1, ""n"": 1040}, {""k"": 1, ""n"": 1041}, {""k"": 1, ""n"": 1040}, {""k"": 1, ""n"": 1040}, {""k"": 1, ""n"": 937}]}, {""constant_lens"": false, ""gain"": 0.25, ""lens"": ""pc1"", ""lens_scaling"": ""standardize"", ""min_cluster_size"": 64, ""min_samples"": 5, ""n_class"": 4514, ""n_edges"": 8, ""n_intervals"": 9, ""n_vertices"": 9, ""noise_reassigned"": 4698, ""placement"": ""quantile"", ""slabs"": [{""k"": 1, ""n"": 565}, {""k"": 1, ""n"": 627}, {""k"": 1, ""n"": 627}, {""k"": 1, ""n"": 627}, {""k"": 1, ""n"": 626}, {""k"": 1, ""n"": 627}, {""k"": 1, ""n"": 627}, {""k"": 1, ""n"": 627}, {""k"": 1, ""n"": 565}]}], ""soundness_bound_holds"": true, ""step_rule"": ""scale_free"", ""topology_retention_nerve_to_frozen"": {""beta0_frozen"": 7, ""beta0_nerve"": 2, ""beta1_frozen"": 0, ""beta1_nerve"": 0}}",True
0.8249211356466877,4280,False,0.2500292090197453,0.25,,56.23806699999841,958.4252799999958,902.1872129999974,magic,7,"{""epsilon"": 0.1, ""window"": 0.3}",LVQ3,10,4280,1902,17118,0.7499707909802547,1720392916,False,,True
0.7912723449001051,4280,False,0.2500292090197453,0.25,"{""0"": 2775, ""1"": 1505}",64.27715999999782,64.27715999999782,0.0,magic,7,,KMeans,10,4280,1902,17118,0.7499707909802547,1720392916,False,,True
0.7981072555205048,4280,False,0.2500292090197453,0.25,"{""0"": 2775, ""1"": 1505}",0.0046950000105425715,0.0046950000105425715,0.0,magic,7,,Random,10,4280,1902,17118,0.7499707909802547,1720392916,False,,True
0.7960042060988434,4280,False,0.2500292090197453,0.25,,9.243952999997418,9.243952999997418,0.0,magic,7,,SPOT,10,4280,1902,17118,0.7499707909802547,1720392916,False,,True
0.8049421661409043,4280,False,0.2500292090197453,0.25,,1546.9509800000233,1546.9509800000233,0.0,magic,7,,GLVQ,10,4280,1902,17118,0.7499707909802547,1720392916,False,,True
0.8028391167192429,4280,False,0.2500292090197453,0.25,,967.4340280000179,967.4340280000179,0.0,magic,7,,GNG,10,4280,1902,17118,0.7499707909802547,1720392916,False,,True
0.8180862250262881,86,False,0.005023951396191144,0.005,,0.00019600000814534724,0.00019600000814534724,0.0,magic,8,,Full,10,17118,1902,17118,0.0,1721392919,False,,False
0.7970557308096741,86,False,0.005023951396191144,0.005,,9.050751000002492,9.050751000002492,0.0,magic,8,,RSP3,10,7126,1902,17118,0.5837130505900222,1721392919,False,,False
0.7770767613038907,86,False,0.005023951396191144,0.005,,11.971256999997422,11.971256999997422,0.0,magic,8,,RHC,10,3452,1902,17118,0.7983409276784671,1721392919,False,,False
0.7087276550998949,86,False,0.005023951396191144,0.005,,13.365632000000915,13.365632000000915,0.0,magic,8,,SPINE+1NN,10,86,1902,17118,0.9949760486038088,1721392919,False,"{""admission"": {""criterion"": ""risk"", ""removed_risk"": 4, ""removed_support"": 0}, ""betti_final"": [[3, 0], [3, 0]], ""betti_frozen"": [[3, 0], [3, 0]], ""betti_nerve"": [[1, 0], [1, 0]], ""boundary_restriction"": ""both"", ""forced_removals"": 0, ""growth_representation_fallbacks"": 50, ""invariant_held"": true, ""n_segments"": 80, ""n_train_fit"": 12838, ""n_val"": 4280, ""phase0"": [{""constant_lens"": false, ""gain"": 0.25, ""lens"": ""pc1"", ""lens_scaling"": ""standardize"", ""min_cluster_size"": 64, ""min_samples"": 5, ""n_class"": 8324, ""n_edges"": 9, ""n_intervals"": 10, ""n_vertices"": 10, ""noise_reassigned"": 7692, ""placement"": ""quantile"", ""slabs"": [{""k"": 1, ""n"": 937}, {""k"": 1, ""n"": 1040}, {""k"": 1, ""n"": 1040}, {""k"": 1, ""n"": 1041}, {""k"": 1, ""n"": 1040}, {""k"": 1, ""n"": 1040}, {""k"": 1, ""n"": 1041}, {""k"": 1, ""n"": 1040}, {""k"": 1, ""n"": 1040}, {""k"": 1, ""n"": 937}]}, {""constant_lens"": false, ""gain"": 0.25, ""lens"": ""pc1"", ""lens_scaling"": ""standardize"", ""min_cluster_size"": 64, ""min_samples"": 5, ""n_class"": 4514, ""n_edges"": 8, ""n_intervals"": 9, ""n_vertices"": 9, ""noise_reassigned"": 4651, ""placement"": ""quantile"", ""slabs"": [{""k"": 1, ""n"": 565}, {""k"": 1, ""n"": 627}, {""k"": 1, ""n"": 627}, {""k"": 1, ""n"": 627}, {""k"": 1, ""n"": 626}, {""k"": 1, ""n"": 627}, {""k"": 1, ""n"": 627}, {""k"": 1, ""n"": 627}, {""k"": 1, ""n"": 565}]}], ""soundness_bound_holds"": true, ""step_rule"": ""scale_free"", ""topology_retention_nerve_to_frozen"": {""beta0_frozen"": 6, ""beta0_nerve"": 2, ""beta1_frozen"": 0, ""beta1_nerve"": 0}}",True
0.7192429022082019,86,False,0.005023951396191144,0.005,,13.365632000000915,13.365632000000915,0.0,magic,8,,SPINE+Graph,10,86,1902,17118,0.9949760486038088,1721392919,False,"{""admission"": {""criterion"": ""risk"", ""removed_risk"": 4, ""removed_support"": 0}, ""betti_final"": [[3, 0], [3, 0]], ""betti_frozen"": [[3, 0], [3, 0]], ""betti_nerve"": [[1, 0], [1, 0]], ""boundary_restriction"": ""both"", ""forced_removals"": 0, ""growth_representation_fallbacks"": 50, ""invariant_held"": true, ""n_segments"": 80, ""n_train_fit"": 12838, ""n_val"": 4280, ""phase0"": [{""constant_lens"": false, ""gain"": 0.25, ""lens"": ""pc1"", ""lens_scaling"": ""standardize"", ""min_cluster_size"": 64, ""min_samples"": 5, ""n_class"": 8324, ""n_edges"": 9, ""n_intervals"": 10, ""n_vertices"": 10, ""noise_reassigned"": 7692, ""placement"": ""quantile"", ""slabs"": [{""k"": 1, ""n"": 937}, {""k"": 1, ""n"": 1040}, {""k"": 1, ""n"": 1040}, {""k"": 1, ""n"": 1041}, {""k"": 1, ""n"": 1040}, {""k"": 1, ""n"": 1040}, {""k"": 1, ""n"": 1041}, {""k"": 1, ""n"": 1040}, {""k"": 1, ""n"": 1040}, {""k"": 1, ""n"": 937}]}, {""constant_lens"": false, ""gain"": 0.25, ""lens"": ""pc1"", ""lens_scaling"": ""standardize"", ""min_cluster_size"": 64, ""min_samples"": 5, ""n_class"": 4514, ""n_edges"": 8, ""n_intervals"": 9, ""n_vertices"": 9, ""noise_reassigned"": 4651, ""placement"": ""quantile"", ""slabs"": [{""k"": 1, ""n"": 565}, {""k"": 1, ""n"": 627}, {""k"": 1, ""n"": 627}, {""k"": 1, ""n"": 627}, {""k"": 1, ""n"": 626}, {""k"": 1, ""n"": 627}, {""k"": 1, ""n"": 627}, {""k"": 1, ""n"": 627}, {""k"": 1, ""n"": 565}]}], ""soundness_bound_holds"": true, ""step_rule"": ""scale_free"", ""topology_retention_nerve_to_frozen"": {""beta0_frozen"": 6, ""beta0_nerve"": 2, ""beta1_frozen"": 0, ""beta1_nerve"": 0}}",True
0.8412197686645636,86,False,0.005023951396191144,0.005,,3.6209259999741334,63.9672899999714,60.346363999997266,magic,8,"{""epsilon"": 0.1, ""window"": 0.3}",LVQ3,10,86,1902,17118,0.9949760486038088,1721392919,False,,True
0.7928496319663512,86,False,0.005023951396191144,0.005,"{""0"": 56, ""1"": 30}",6.309505999990506,6.309505999990506,0.0,magic,8,,KMeans,10,86,1902,17118,0.9949760486038088,1721392919,False,,True
0.7502628811777077,86,False,0.005023951396191144,0.005,"{""0"": 56, ""1"": 30}",0.0018629999831318855,0.0018629999831318855,0.0,magic,8,,Random,10,86,1902,17118,0.9949760486038088,1721392919,False,,True
0.7902208201892744,86,False,0.005023951396191144,0.005,,6.677174999989802,6.677174999989802,0.0,magic,8,,SPOT,10,86,1902,17118,0.9949760486038088,1721392919,False,,True
0.7818086225026288,86,False,0.005023951396191144,0.005,,36.57904799998505,36.57904799998505,0.0,magic,8,,GLVQ,10,86,1902,17118,0.9949760486038088,1721392919,False,,True
0.7991587802313355,86,False,0.005023951396191144,0.005,,0.6730180000013206,0.6730180000013206,0.0,magic,8,,GNG,10,86,1902,17118,0.9949760486038088,1721392919,False,,True
0.8180862250262881,171,False,0.009989484752891693,0.01,,0.00019600000814534724,0.00019600000814534724,0.0,magic,8,,Full,10,17118,1902,17118,0.0,1721392919,True,,False
0.7970557308096741,171,False,0.009989484752891693,0.01,,9.050751000002492,9.050751000002492,0.0,magic,8,,RSP3,10,7126,1902,17118,0.5837130505900222,1721392919,True,,False
0.7770767613038907,171,False,0.009989484752891693,0.01,,11.971256999997422,11.971256999997422,0.0,magic,8,,RHC,10,3452,1902,17118,0.7983409276784671,1721392919,True,,False
0.7429022082018928,171,False,0.009989484752891693,0.01,,15.481375000003027,15.481375000003027,0.0,magic,8,,SPINE+1NN,10,171,1902,17118,0.9900105152471083,1721392919,False,"{""admission"": {""criterion"": ""risk"", ""removed_risk"": 4, ""removed_support"": 0}, ""betti_final"": [[3, 0], [3, 0]], ""betti_frozen"": [[3, 0], [3, 0]], ""betti_nerve"": [[1, 0], [1, 0]], ""boundary_restriction"": ""both"", ""forced_removals"": 0, ""growth_representation_fallbacks"": 108, ""invariant_held"": true, ""n_segments"": 165, ""n_train_fit"": 12838, ""n_val"": 4280, ""phase0"": [{""constant_lens"": false, ""gain"": 0.25, ""lens"": ""pc1"", ""lens_scaling"": ""standardize"", ""min_cluster_size"": 64, ""min_samples"": 5, ""n_class"": 8324, ""n_edges"": 9, ""n_intervals"": 10, ""n_vertices"": 10, ""noise_reassigned"": 7692, ""placement"": ""quantile"", ""slabs"": [{""k"": 1, ""n"": 937}, {""k"": 1, ""n"": 1040}, {""k"": 1, ""n"": 1040}, {""k"": 1, ""n"": 1041}, {""k"": 1, ""n"": 1040}, {""k"": 1, ""n"": 1040}, {""k"": 1, ""n"": 1041}, {""k"": 1, ""n"": 1040}, {""k"": 1, ""n"": 1040}, {""k"": 1, ""n"": 937}]}, {""constant_lens"": false, ""gain"": 0.25, ""lens"": ""pc1"", ""lens_scaling"": ""standardize"", ""min_cluster_size"": 64, ""min_samples"": 5, ""n_class"": 4514, ""n_edges"": 8, ""n_intervals"": 9, ""n_vertices"": 9, ""noise_reassigned"": 4651, ""placement"": ""quantile"", ""slabs"": [{""k"": 1, ""n"": 565}, {""k"": 1, ""n"": 627}, {""k"": 1, ""n"": 627}, {""k"": 1, ""n"": 627}, {""k"": 1, ""n"": 626}, {""k"": 1, ""n"": 627}, {""k"": 1, ""n"": 627}, {""k"": 1, ""n"": 627}, {""k"": 1, ""n"": 565}]}], ""soundness_bound_holds"": true, ""step_rule"": ""scale_free"", ""topology_retention_nerve_to_frozen"": {""beta0_frozen"": 6, ""beta0_nerve"": 2, ""beta1_frozen"": 0, ""beta1_nerve"": 0}}",True
0.7528916929547844,171,False,0.009989484752891693,0.01,,15.481375000003027,15.481375000003027,0.0,magic,8,,SPINE+Graph,10,171,1902,17118,0.9900105152471083,1721392919,False,"{""admission"": {""criterion"": ""risk"", ""removed_risk"": 4, ""removed_support"": 0}, ""betti_final"": [[3, 0], [3, 0]], ""betti_frozen"": [[3, 0], [3, 0]], ""betti_nerve"": [[1, 0], [1, 0]], ""boundary_restriction"": ""both"", ""forced_removals"": 0, ""growth_representation_fallbacks"": 108, ""invariant_held"": true, ""n_segments"": 165, ""n_train_fit"": 12838, ""n_val"": 4280, ""phase0"": [{""constant_lens"": false, ""gain"": 0.25, ""lens"": ""pc1"", ""lens_scaling"": ""standardize"", ""min_cluster_size"": 64, ""min_samples"": 5, ""n_class"": 8324, ""n_edges"": 9, ""n_intervals"": 10, ""n_vertices"": 10, ""noise_reassigned"": 7692, ""placement"": ""quantile"", ""slabs"": [{""k"": 1, ""n"": 937}, {""k"": 1, ""n"": 1040}, {""k"": 1, ""n"": 1040}, {""k"": 1, ""n"": 1041}, {""k"": 1, ""n"": 1040}, {""k"": 1, ""n"": 1040}, {""k"": 1, ""n"": 1041}, {""k"": 1, ""n"": 1040}, {""k"": 1, ""n"": 1040}, {""k"": 1, ""n"": 937}]}, {""constant_lens"": false, ""gain"": 0.25, ""lens"": ""pc1"", ""lens_scaling"": ""standardize"", ""min_cluster_size"": 64, ""min_samples"": 5, ""n_class"": 4514, ""n_edges"": 8, ""n_intervals"": 9, ""n_vertices"": 9, ""noise_reassigned"": 4651, ""placement"": ""quantile"", ""slabs"": [{""k"": 1, ""n"": 565}, {""k"": 1, ""n"": 627}, {""k"": 1, ""n"": 627}, {""k"": 1, ""n"": 627}, {""k"": 1, ""n"": 626}, {""k"": 1, ""n"": 627}, {""k"": 1, ""n"": 627}, {""k"": 1, ""n"": 627}, {""k"": 1, ""n"": 565}]}], ""soundness_bound_holds"": true, ""step_rule"": ""scale_free"", ""topology_retention_nerve_to_frozen"": {""beta0_frozen"": 6, ""beta0_nerve"": 2, ""beta1_frozen"": 0, ""beta1_nerve"": 0}}",True
0.8464773922187171,171,False,0.009989484752891693,0.01,,4.534649999986868,79.09363200000371,74.55898200001684,magic,8,"{""epsilon"": 0.1, ""window"": 0.3}",LVQ3,10,171,1902,17118,0.9900105152471083,1721392919,False,,True
0.8117770767613038,171,False,0.009989484752891693,0.01,"{""0"": 111, ""1"": 60}",12.22445500001777,12.22445500001777,0.0,magic,8,,KMeans,10,171,1902,17118,0.9900105152471083,1721392919,False,,True
0.7797055730809674,171,False,0.009989484752891693,0.01,"{""0"": 111, ""1"": 60}",0.0016989999858196825,0.0016989999858196825,0.0,magic,8,,Random,10,171,1902,17118,0.9900105152471083,1721392919,False,,True
0.7886435331230284,171,False,0.009989484752891693,0.01,,7.029427000001306,7.029427000001306,0.0,magic,8,,SPOT,10,171,1902,17118,0.9900105152471083,1721392919,False,,True
0.7923238696109358,171,False,0.009989484752891693,0.01,,67.18721199998981,67.18721199998981,0.0,magic,8,,GLVQ,10,171,1902,17118,0.9900105152471083,1721392919,False,,True
0.7981072555205048,171,False,0.009989484752891693,0.01,,2.080736000003526,2.080736000003526,0.0,magic,8,,GNG,10,171,1902,17118,0.9900105152471083,1721392919,False,,True
0.8180862250262881,342,False,0.019978969505783387,0.02,,0.00019600000814534724,0.00019600000814534724,0.0,magic,8,,Full,10,17118,1902,17118,0.0,1721392919,True,,False
0.7970557308096741,342,False,0.019978969505783387,0.02,,9.050751000002492,9.050751000002492,0.0,magic,8,,RSP3,10,7126,1902,17118,0.5837130505900222,1721392919,True,,False
0.7770767613038907,342,False,0.019978969505783387,0.02,,11.971256999997422,11.971256999997422,0.0,magic,8,,RHC,10,3452,1902,17118,0.7983409276784671,1721392919,True,,False
0.7839116719242902,342,False,0.019978969505783387,0.02,,28.156906000018353,28.156906000018353,0.0,magic,8,,SPINE+1NN,10,342,1902,17118,0.9800210304942166,1721392919,False,"{""admission"": {""criterion"": ""risk"", ""removed_risk"": 4, ""removed_support"": 0}, ""betti_final"": [[3, 0], [3, 0]], ""betti_frozen"": [[3, 0], [3, 0]], ""betti_nerve"": [[1, 0], [1, 0]], ""boundary_restriction"": ""both"", ""forced_removals"": 0, ""growth_representation_fallbacks"": 230, ""invariant_held"": true, ""n_segments"": 336, ""n_train_fit"": 12838, ""n_val"": 4280, ""phase0"": [{""constant_lens"": false, ""gain"": 0.25, ""lens"": ""pc1"", ""lens_scaling"": ""standardize"", ""min_cluster_size"": 64, ""min_samples"": 5, ""n_class"": 8324, ""n_edges"": 9, ""n_intervals"": 10, ""n_vertices"": 10, ""noise_reassigned"": 7692, ""placement"": ""quantile"", ""slabs"": [{""k"": 1, ""n"": 937}, {""k"": 1, ""n"": 1040}, {""k"": 1, ""n"": 1040}, {""k"": 1, ""n"": 1041}, {""k"": 1, ""n"": 1040}, {""k"": 1, ""n"": 1040}, {""k"": 1, ""n"": 1041}, {""k"": 1, ""n"": 1040}, {""k"": 1, ""n"": 1040}, {""k"": 1, ""n"": 937}]}, {""constant_lens"": false, ""gain"": 0.25, ""lens"": ""pc1"", ""lens_scaling"": ""standardize"", ""min_cluster_size"": 64, ""min_samples"": 5, ""n_class"": 4514, ""n_edges"": 8, ""n_intervals"": 9, ""n_vertices"": 9, ""noise_reassigned"": 4651, ""placement"": ""quantile"", ""slabs"": [{""k"": 1, ""n"": 565}, {""k"": 1, ""n"": 627}, {""k"": 1, ""n"": 627}, {""k"": 1, ""n"": 627}, {""k"": 1, ""n"": 626}, {""k"": 1, ""n"": 627}, {""k"": 1, ""n"": 627}, {""k"": 1, ""n"": 627}, {""k"": 1, ""n"": 565}]}], ""soundness_bound_holds"": true, ""step_rule"": ""scale_free"", ""topology_retention_nerve_to_frozen"": {""beta0_frozen"": 6, ""beta0_nerve"": 2, ""beta1_frozen"": 0, ""beta1_nerve"": 0}}",True
0.7833859095688749,342,False,0.019978969505783387,0.02,,28.156906000018353,28.156906000018353,0.0,magic,8,,SPINE+Graph,10,342,1902,17118,0.9800210304942166,1721392919,False,"{""admission"": {""criterion"": ""risk"", ""removed_risk"": 4, ""removed_support"": 0}, ""betti_final"": [[3, 0], [3, 0]], ""betti_frozen"": [[3, 0], [3, 0]], ""betti_nerve"": [[1, 0], [1, 0]], ""boundary_restriction"": ""both"", ""forced_removals"": 0, ""growth_representation_fallbacks"": 230, ""invariant_held"": true, ""n_segments"": 336, ""n_train_fit"": 12838, ""n_val"": 4280, ""phase0"": [{""constant_lens"": false, ""gain"": 0.25, ""lens"": ""pc1"", ""lens_scaling"": ""standardize"", ""min_cluster_size"": 64, ""min_samples"": 5, ""n_class"": 8324, ""n_edges"": 9, ""n_intervals"": 10, ""n_vertices"": 10, ""noise_reassigned"": 7692, ""placement"": ""quantile"", ""slabs"": [{""k"": 1, ""n"": 937}, {""k"": 1, ""n"": 1040}, {""k"": 1, ""n"": 1040}, {""k"": 1, ""n"": 1041}, {""k"": 1, ""n"": 1040}, {""k"": 1, ""n"": 1040}, {""k"": 1, ""n"": 1041}, {""k"": 1, ""n"": 1040}, {""k"": 1, ""n"": 1040}, {""k"": 1, ""n"": 937}]}, {""constant_lens"": false, ""gain"": 0.25, ""lens"": ""pc1"", ""lens_scaling"": ""standardize"", ""min_cluster_size"": 64, ""min_samples"": 5, ""n_class"": 4514, ""n_edges"": 8, ""n_intervals"": 9, ""n_vertices"": 9, ""noise_reassigned"": 4651, ""placement"": ""quantile"", ""slabs"": [{""k"": 1, ""n"": 565}, {""k"": 1, ""n"": 627}, {""k"": 1, ""n"": 627}, {""k"": 1, ""n"": 627}, {""k"": 1, ""n"": 626}, {""k"": 1, ""n"": 627}, {""k"": 1, ""n"": 627}, {""k"": 1, ""n"": 627}, {""k"": 1, ""n"": 565}]}], ""soundness_bound_holds"": true, ""step_rule"": ""scale_free"", ""topology_retention_nerve_to_frozen"": {""beta0_frozen"": 6, ""beta0_nerve"": 2, ""beta1_frozen"": 0, ""beta1_nerve"": 0}}",True
0.8585699263932702,342,False,0.019978969505783387,0.02,,7.528443999995943,120.10143499998958,112.57299099999364,magic,8,"{""epsilon"": 0.1, ""window"": 0.2}",LVQ3,10,342,1902,17118,0.9800210304942166,1721392919,False,,True
0.8222923238696109,342,False,0.019978969505783387,0.02,"{""0"": 222, ""1"": 120}",16.361457999999402,16.361457999999402,0.0,magic,8,,KMeans,10,342,1902,17118,0.9800210304942166,1721392919,False,,True
0.768664563617245,342,False,0.019978969505783387,0.02,"{""0"": 222, ""1"": 120}",0.0019119999778922647,0.0019119999778922647,0.0,magic,8,,Random,10,342,1902,17118,0.9800210304942166,1721392919,False,,True
0.7907465825446898,342,False,0.019978969505783387,0.02,,6.345972000010079,6.345972000010079,0.0,magic,8,,SPOT,10,342,1902,17118,0.9800210304942166,1721392919,False,,True
0.804416403785489,342,False,0.019978969505783387,0.02,,129.61390199998277,129.61390199998277,0.0,magic,8,,GLVQ,10,342,1902,17118,0.9800210304942166,1721392919,False,,True
0.807570977917981,342,False,0.019978969505783387,0.02,,7.08027099998435,7.08027099998435,0.0,magic,8,,GNG,10,342,1902,17118,0.9800210304942166,1721392919,False,,True
0.8180862250262881,856,False,0.05000584180394906,0.05,,0.00019600000814534724,0.00019600000814534724,0.0,magic,8,,Full,10,17118,1902,17118,0.0,1721392919,True,,False
0.7970557308096741,856,False,0.05000584180394906,0.05,,9.050751000002492,9.050751000002492,0.0,magic,8,,RSP3,10,7126,1902,17118,0.5837130505900222,1721392919,True,,False
0.7770767613038907,856,False,0.05000584180394906,0.05,,11.971256999997422,11.971256999997422,0.0,magic,8,,RHC,10,3452,1902,17118,0.7983409276784671,1721392919,True,,False
0.8086225026288117,856,False,0.05000584180394906,0.05,,121.21579000001657,121.21579000001657,0.0,magic,8,,SPINE+1NN,10,856,1902,17118,0.9499941581960509,1721392919,False,"{""admission"": {""criterion"": ""risk"", ""removed_risk"": 4, ""removed_support"": 0}, ""betti_final"": [[3, 0], [3, 0]], ""betti_frozen"": [[3, 0], [3, 0]], ""betti_nerve"": [[1, 0], [1, 0]], ""boundary_restriction"": ""both"", ""forced_removals"": 0, ""growth_representation_fallbacks"": 599, ""invariant_held"": true, ""n_segments"": 850, ""n_train_fit"": 12838, ""n_val"": 4280, ""phase0"": [{""constant_lens"": false, ""gain"": 0.25, ""lens"": ""pc1"", ""lens_scaling"": ""standardize"", ""min_cluster_size"": 64, ""min_samples"": 5, ""n_class"": 8324, ""n_edges"": 9, ""n_intervals"": 10, ""n_vertices"": 10, ""noise_reassigned"": 7692, ""placement"": ""quantile"", ""slabs"": [{""k"": 1, ""n"": 937}, {""k"": 1, ""n"": 1040}, {""k"": 1, ""n"": 1040}, {""k"": 1, ""n"": 1041}, {""k"": 1, ""n"": 1040}, {""k"": 1, ""n"": 1040}, {""k"": 1, ""n"": 1041}, {""k"": 1, ""n"": 1040}, {""k"": 1, ""n"": 1040}, {""k"": 1, ""n"": 937}]}, {""constant_lens"": false, ""gain"": 0.25, ""lens"": ""pc1"", ""lens_scaling"": ""standardize"", ""min_cluster_size"": 64, ""min_samples"": 5, ""n_class"": 4514, ""n_edges"": 8, ""n_intervals"": 9, ""n_vertices"": 9, ""noise_reassigned"": 4651, ""placement"": ""quantile"", ""slabs"": [{""k"": 1, ""n"": 565}, {""k"": 1, ""n"": 627}, {""k"": 1, ""n"": 627}, {""k"": 1, ""n"": 627}, {""k"": 1, ""n"": 626}, {""k"": 1, ""n"": 627}, {""k"": 1, ""n"": 627}, {""k"": 1, ""n"": 627}, {""k"": 1, ""n"": 565}]}], ""soundness_bound_holds"": true, ""step_rule"": ""scale_free"", ""topology_retention_nerve_to_frozen"": {""beta0_frozen"": 6, ""beta0_nerve"": 2, ""beta1_frozen"": 0, ""beta1_nerve"": 0}}",True
0.8101997896950578,856,False,0.05000584180394906,0.05,,121.21579000001657,121.21579000001657,0.0,magic,8,,SPINE+Graph,10,856,1902,17118,0.9499941581960509,1721392919,False,"{""admission"": {""criterion"": ""risk"", ""removed_risk"": 4, ""removed_support"": 0}, ""betti_final"": [[3, 0], [3, 0]], ""betti_frozen"": [[3, 0], [3, 0]], ""betti_nerve"": [[1, 0], [1, 0]], ""boundary_restriction"": ""both"", ""forced_removals"": 0, ""growth_representation_fallbacks"": 599, ""invariant_held"": true, ""n_segments"": 850, ""n_train_fit"": 12838, ""n_val"": 4280, ""phase0"": [{""constant_lens"": false, ""gain"": 0.25, ""lens"": ""pc1"", ""lens_scaling"": ""standardize"", ""min_cluster_size"": 64, ""min_samples"": 5, ""n_class"": 8324, ""n_edges"": 9, ""n_intervals"": 10, ""n_vertices"": 10, ""noise_reassigned"": 7692, ""placement"": ""quantile"", ""slabs"": [{""k"": 1, ""n"": 937}, {""k"": 1, ""n"": 1040}, {""k"": 1, ""n"": 1040}, {""k"": 1, ""n"": 1041}, {""k"": 1, ""n"": 1040}, {""k"": 1, ""n"": 1040}, {""k"": 1, ""n"": 1041}, {""k"": 1, ""n"": 1040}, {""k"": 1, ""n"": 1040}, {""k"": 1, ""n"": 937}]}, {""constant_lens"": false, ""gain"": 0.25, ""lens"": ""pc1"", ""lens_scaling"": ""standardize"", ""min_cluster_size"": 64, ""min_samples"": 5, ""n_class"": 4514, ""n_edges"": 8, ""n_intervals"": 9, ""n_vertices"": 9, ""noise_reassigned"": 4651, ""placement"": ""quantile"", ""slabs"": [{""k"": 1, ""n"": 565}, {""k"": 1, ""n"": 627}, {""k"": 1, ""n"": 627}, {""k"": 1, ""n"": 627}, {""k"": 1, ""n"": 626}, {""k"": 1, ""n"": 627}, {""k"": 1, ""n"": 627}, {""k"": 1, ""n"": 627}, {""k"": 1, ""n"": 565}]}], ""soundness_bound_holds"": true, ""step_rule"": ""scale_free"", ""topology_retention_nerve_to_frozen"": {""beta0_frozen"": 6, ""beta0_nerve"": 2, ""beta1_frozen"": 0, ""beta1_nerve"": 0}}",True
0.8501577287066246,856,False,0.05000584180394906,0.05,,11.683002999983728,199.41679600000498,187.73379300002125,magic,8,"{""epsilon"": 0.1, ""window"": 0.2}",LVQ3,10,856,1902,17118,0.9499941581960509,1721392919,False,,True
0.8144058885383807,856,False,0.05000584180394906,0.05,"{""0"": 555, ""1"": 301}",30.86004599998705,30.86004599998705,0.0,magic,8,,KMeans,10,856,1902,17118,0.9499941581960509,1721392919,False,,True
0.7786540483701367,856,False,0.05000584180394906,0.05,"{""0"": 555, ""1"": 301}",0.004658999998355284,0.004658999998355284,0.0,magic,8,,Random,10,856,1902,17118,0.9499941581960509,1721392919,False,,True
0.7902208201892744,856,False,0.05000584180394906,0.05,,7.815223999990849,7.815223999990849,0.0,magic,8,,SPOT,10,856,1902,17118,0.9499941581960509,1721392919,False,,True
0.805993690851735,856,False,0.05000584180394906,0.05,,315.10020800001803,315.10020800001803,0.0,magic,8,,GLVQ,10,856,1902,17118,0.9499941581960509,1721392919,False,,True
0.8222923238696109,856,False,0.05000584180394906,0.05,,42.36413500001072,42.36413500001072,0.0,magic,8,,GNG,10,856,1902,17118,0.9499941581960509,1721392919,False,,True
0.8180862250262881,1712,False,0.10001168360789812,0.1,,0.00019600000814534724,0.00019600000814534724,0.0,magic,8,,Full,10,17118,1902,17118,0.0,1721392919,True,,False
0.7970557308096741,1712,False,0.10001168360789812,0.1,,9.050751000002492,9.050751000002492,0.0,magic,8,,RSP3,10,7126,1902,17118,0.5837130505900222,1721392919,True,,False
0.7770767613038907,1712,False,0.10001168360789812,0.1,,11.971256999997422,11.971256999997422,0.0,magic,8,,RHC,10,3452,1902,17118,0.7983409276784671,1721392919,True,,False
0.8291272344900105,1712,False,0.10001168360789812,0.1,,466.5477959999989,466.5477959999989,0.0,magic,8,,SPINE+1NN,10,1712,1902,17118,0.8999883163921019,1721392919,False,"{""admission"": {""criterion"": ""risk"", ""removed_risk"": 4, ""removed_support"": 0}, ""betti_final"": [[3, 0], [3, 0]], ""betti_frozen"": [[3, 0], [3, 0]], ""betti_nerve"": [[1, 0], [1, 0]], ""boundary_restriction"": ""both"", ""forced_removals"": 0, ""growth_representation_fallbacks"": 1212, ""invariant_held"": true, ""n_segments"": 1706, ""n_train_fit"": 12838, ""n_val"": 4280, ""phase0"": [{""constant_lens"": false, ""gain"": 0.25, ""lens"": ""pc1"", ""lens_scaling"": ""standardize"", ""min_cluster_size"": 64, ""min_samples"": 5, ""n_class"": 8324, ""n_edges"": 9, ""n_intervals"": 10, ""n_vertices"": 10, ""noise_reassigned"": 7692, ""placement"": ""quantile"", ""slabs"": [{""k"": 1, ""n"": 937}, {""k"": 1, ""n"": 1040}, {""k"": 1, ""n"": 1040}, {""k"": 1, ""n"": 1041}, {""k"": 1, ""n"": 1040}, {""k"": 1, ""n"": 1040}, {""k"": 1, ""n"": 1041}, {""k"": 1, ""n"": 1040}, {""k"": 1, ""n"": 1040}, {""k"": 1, ""n"": 937}]}, {""constant_lens"": false, ""gain"": 0.25, ""lens"": ""pc1"", ""lens_scaling"": ""standardize"", ""min_cluster_size"": 64, ""min_samples"": 5, ""n_class"": 4514, ""n_edges"": 8, ""n_intervals"": 9, ""n_vertices"": 9, ""noise_reassigned"": 4651, ""placement"": ""quantile"", ""slabs"": [{""k"": 1, ""n"": 565}, {""k"": 1, ""n"": 627}, {""k"": 1, ""n"": 627}, {""k"": 1, ""n"": 627}, {""k"": 1, ""n"": 626}, {""k"": 1, ""n"": 627}, {""k"": 1, ""n"": 627}, {""k"": 1, ""n"": 627}, {""k"": 1, ""n"": 565}]}], ""soundness_bound_holds"": true, ""step_rule"": ""scale_free"", ""topology_retention_nerve_to_frozen"": {""beta0_frozen"": 6, ""beta0_nerve"": 2, ""beta1_frozen"": 0, ""beta1_nerve"": 0}}",True
0.8317560462670873,1712,False,0.10001168360789812,0.1,,466.5477959999989,466.5477959999989,0.0,magic,8,,SPINE+Graph,10,1712,1902,17118,0.8999883163921019,1721392919,False,"{""admission"": {""criterion"": ""risk"", ""removed_risk"": 4, ""removed_support"": 0}, ""betti_final"": [[3, 0], [3, 0]], ""betti_frozen"": [[3, 0], [3, 0]], ""betti_nerve"": [[1, 0], [1, 0]], ""boundary_restriction"": ""both"", ""forced_removals"": 0, ""growth_representation_fallbacks"": 1212, ""invariant_held"": true, ""n_segments"": 1706, ""n_train_fit"": 12838, ""n_val"": 4280, ""phase0"": [{""constant_lens"": false, ""gain"": 0.25, ""lens"": ""pc1"", ""lens_scaling"": ""standardize"", ""min_cluster_size"": 64, ""min_samples"": 5, ""n_class"": 8324, ""n_edges"": 9, ""n_intervals"": 10, ""n_vertices"": 10, ""noise_reassigned"": 7692, ""placement"": ""quantile"", ""slabs"": [{""k"": 1, ""n"": 937}, {""k"": 1, ""n"": 1040}, {""k"": 1, ""n"": 1040}, {""k"": 1, ""n"": 1041}, {""k"": 1, ""n"": 1040}, {""k"": 1, ""n"": 1040}, {""k"": 1, ""n"": 1041}, {""k"": 1, ""n"": 1040}, {""k"": 1, ""n"": 1040}, {""k"": 1, ""n"": 937}]}, {""constant_lens"": false, ""gain"": 0.25, ""lens"": ""pc1"", ""lens_scaling"": ""standardize"", ""min_cluster_size"": 64, ""min_samples"": 5, ""n_class"": 4514, ""n_edges"": 8, ""n_intervals"": 9, ""n_vertices"": 9, ""noise_reassigned"": 4651, ""placement"": ""quantile"", ""slabs"": [{""k"": 1, ""n"": 565}, {""k"": 1, ""n"": 627}, {""k"": 1, ""n"": 627}, {""k"": 1, ""n"": 627}, {""k"": 1, ""n"": 626}, {""k"": 1, ""n"": 627}, {""k"": 1, ""n"": 627}, {""k"": 1, ""n"": 627}, {""k"": 1, ""n"": 565}]}], ""soundness_bound_holds"": true, ""step_rule"": ""scale_free"", ""topology_retention_nerve_to_frozen"": {""beta0_frozen"": 6, ""beta0_nerve"": 2, ""beta1_frozen"": 0, ""beta1_nerve"": 0}}",True
0.849106203995794,1712,False,0.10001168360789812,0.1,,20.181071999977576,340.2726529999927,320.09158100001514,magic,8,"{""epsilon"": 0.1, ""window"": 0.2}",LVQ3,10,1712,1902,17118,0.8999883163921019,1721392919,False,,True
0.8165089379600421,1712,False,0.10001168360789812,0.1,"{""0"": 1110, ""1"": 602}",40.02893200001563,40.02893200001563,0.0,magic,8,,KMeans,10,1712,1902,17118,0.8999883163921019,1721392919,False,,True
0.7833859095688749,1712,False,0.10001168360789812,0.1,"{""0"": 1110, ""1"": 602}",0.0025440000172238797,0.0025440000172238797,0.0,magic,8,,Random,10,1712,1902,17118,0.8999883163921019,1721392919,False,,True
0.7970557308096741,1712,False,0.10001168360789812,0.1,,8.84708999999566,8.84708999999566,0.0,magic,8,,SPOT,10,1712,1902,17118,0.8999883163921019,1721392919,False,,True
0.8107255520504731,1712,False,0.10001168360789812,0.1,,619.1191640000034,619.1191640000034,0.0,magic,8,,GLVQ,10,1712,1902,17118,0.8999883163921019,1721392919,False,,True
0.8233438485804416,1712,False,0.10001168360789812,0.1,,159.44602899998426,159.44602899998426,0.0,magic,8,,GNG,10,1712,1902,17118,0.8999883163921019,1721392919,False,,True
0.8180862250262881,4280,False,0.2500292090197453,0.25,,0.00019600000814534724,0.00019600000814534724,0.0,magic,8,,Full,10,17118,1902,17118,0.0,1721392919,True,,False
0.7970557308096741,4280,False,0.2500292090197453,0.25,,9.050751000002492,9.050751000002492,0.0,magic,8,,RSP3,10,7126,1902,17118,0.5837130505900222,1721392919,True,,False
0.7770767613038907,4280,False,0.2500292090197453,0.25,,11.971256999997422,11.971256999997422,0.0,magic,8,,RHC,10,3452,1902,17118,0.7983409276784671,1721392919,True,,False
0.8485804416403786,4280,False,0.2500292090197453,0.25,,3441.491636999999,3441.491636999999,0.0,magic,8,,SPINE+1NN,10,4280,1902,17118,0.7499707909802547,1721392919,False,"{""admission"": {""criterion"": ""risk"", ""removed_risk"": 4, ""removed_support"": 0}, ""betti_final"": [[3, 0], [3, 0]], ""betti_frozen"": [[3, 0], [3, 0]], ""betti_nerve"": [[1, 0], [1, 0]], ""boundary_restriction"": ""both"", ""forced_removals"": 0, ""growth_representation_fallbacks"": 3553, ""invariant_held"": true, ""n_segments"": 4274, ""n_train_fit"": 12838, ""n_val"": 4280, ""phase0"": [{""constant_lens"": false, ""gain"": 0.25, ""lens"": ""pc1"", ""lens_scaling"": ""standardize"", ""min_cluster_size"": 64, ""min_samples"": 5, ""n_class"": 8324, ""n_edges"": 9, ""n_intervals"": 10, ""n_vertices"": 10, ""noise_reassigned"": 7692, ""placement"": ""quantile"", ""slabs"": [{""k"": 1, ""n"": 937}, {""k"": 1, ""n"": 1040}, {""k"": 1, ""n"": 1040}, {""k"": 1, ""n"": 1041}, {""k"": 1, ""n"": 1040}, {""k"": 1, ""n"": 1040}, {""k"": 1, ""n"": 1041}, {""k"": 1, ""n"": 1040}, {""k"": 1, ""n"": 1040}, {""k"": 1, ""n"": 937}]}, {""constant_lens"": false, ""gain"": 0.25, ""lens"": ""pc1"", ""lens_scaling"": ""standardize"", ""min_cluster_size"": 64, ""min_samples"": 5, ""n_class"": 4514, ""n_edges"": 8, ""n_intervals"": 9, ""n_vertices"": 9, ""noise_reassigned"": 4651, ""placement"": ""quantile"", ""slabs"": [{""k"": 1, ""n"": 565}, {""k"": 1, ""n"": 627}, {""k"": 1, ""n"": 627}, {""k"": 1, ""n"": 627}, {""k"": 1, ""n"": 626}, {""k"": 1, ""n"": 627}, {""k"": 1, ""n"": 627}, {""k"": 1, ""n"": 627}, {""k"": 1, ""n"": 565}]}], ""soundness_bound_holds"": true, ""step_rule"": ""scale_free"", ""topology_retention_nerve_to_frozen"": {""beta0_frozen"": 6, ""beta0_nerve"": 2, ""beta1_frozen"": 0, ""beta1_nerve"": 0}}",True
0.8470031545741324,4280,False,0.2500292090197453,0.25,,3441.491636999999,3441.491636999999,0.0,magic,8,,SPINE+Graph,10,4280,1902,17118,0.7499707909802547,1721392919,False,"{""admission"": {""criterion"": ""risk"", ""removed_risk"": 4, ""removed_support"": 0}, ""betti_final"": [[3, 0], [3, 0]], ""betti_frozen"": [[3, 0], [3, 0]], ""betti_nerve"": [[1, 0], [1, 0]], ""boundary_restriction"": ""both"", ""forced_removals"": 0, ""growth_representation_fallbacks"": 3553, ""invariant_held"": true, ""n_segments"": 4274, ""n_train_fit"": 12838, ""n_val"": 4280, ""phase0"": [{""constant_lens"": false, ""gain"": 0.25, ""lens"": ""pc1"", ""lens_scaling"": ""standardize"", ""min_cluster_size"": 64, ""min_samples"": 5, ""n_class"": 8324, ""n_edges"": 9, ""n_intervals"": 10, ""n_vertices"": 10, ""noise_reassigned"": 7692, ""placement"": ""quantile"", ""slabs"": [{""k"": 1, ""n"": 937}, {""k"": 1, ""n"": 1040}, {""k"": 1, ""n"": 1040}, {""k"": 1, ""n"": 1041}, {""k"": 1, ""n"": 1040}, {""k"": 1, ""n"": 1040}, {""k"": 1, ""n"": 1041}, {""k"": 1, ""n"": 1040}, {""k"": 1, ""n"": 1040}, {""k"": 1, ""n"": 937}]}, {""constant_lens"": false, ""gain"": 0.25, ""lens"": ""pc1"", ""lens_scaling"": ""standardize"", ""min_cluster_size"": 64, ""min_samples"": 5, ""n_class"": 4514, ""n_edges"": 8, ""n_intervals"": 9, ""n_vertices"": 9, ""noise_reassigned"": 4651, ""placement"": ""quantile"", ""slabs"": [{""k"": 1, ""n"": 565}, {""k"": 1, ""n"": 627}, {""k"": 1, ""n"": 627}, {""k"": 1, ""n"": 627}, {""k"": 1, ""n"": 626}, {""k"": 1, ""n"": 627}, {""k"": 1, ""n"": 627}, {""k"": 1, ""n"": 627}, {""k"": 1, ""n"": 565}]}], ""soundness_bound_holds"": true, ""step_rule"": ""scale_free"", ""topology_retention_nerve_to_frozen"": {""beta0_frozen"": 6, ""beta0_nerve"": 2, ""beta1_frozen"": 0, ""beta1_nerve"": 0}}",True
0.8412197686645636,4280,False,0.2500292090197453,0.25,,55.27021999997669,952.8779449999856,897.6077250000089,magic,8,"{""epsilon"": 0.3, ""window"": 0.2}",LVQ3,10,4280,1902,17118,0.7499707909802547,1721392919,False,,True
0.8128286014721346,4280,False,0.2500292090197453,0.25,"{""0"": 2775, ""1"": 1505}",60.31771599999047,60.31771599999047,0.0,magic,8,,KMeans,10,4280,1902,17118,0.7499707909802547,1721392919,False,,True
0.8033648790746583,4280,False,0.2500292090197453,0.25,"{""0"": 2775, ""1"": 1505}",0.00200899998890236,0.00200899998890236,0.0,magic,8,,Random,10,4280,1902,17118,0.7499707909802547,1721392919,False,,True
0.81335436382755,4280,False,0.2500292090197453,0.25,,9.40468000000692,9.40468000000692,0.0,magic,8,,SPOT,10,4280,1902,17118,0.7499707909802547,1721392919,False,,True
0.8028391167192429,4280,False,0.2500292090197453,0.25,,1543.4941689999832,1543.4941689999832,0.0,magic,8,,GLVQ,10,4280,1902,17118,0.7499707909802547,1721392919,False,,True
0.8207150368033649,4280,False,0.2500292090197453,0.25,,968.6184589999903,968.6184589999903,0.0,magic,8,,GNG,10,4280,1902,17118,0.7499707909802547,1721392919,False,,True
0.8107255520504731,86,False,0.005023951396191144,0.005,,0.00018000000272877514,0.00018000000272877514,0.0,magic,9,,Full,10,17118,1902,17118,0.0,1722392922,False,,False
0.7849631966351209,86,False,0.005023951396191144,0.005,,5.267446000012569,5.267446000012569,0.0,magic,9,,RSP3,10,7212,1902,17118,0.578689099193831,1722392922,False,,False
0.7613038906414301,86,False,0.005023951396191144,0.005,,11.70751000000746,11.70751000000746,0.0,magic,9,,RHC,10,3444,1902,17118,0.7988082719943919,1722392922,False,,False
0.6971608832807571,86,False,0.005023951396191144,0.005,,13.063614999991842,13.063614999991842,0.0,magic,9,,SPINE+1NN,10,86,1902,17118,0.9949760486038088,1722392922,False,"{""admission"": {""criterion"": ""risk"", ""removed_risk"": 6, ""removed_support"": 0}, ""betti_final"": [[6, 0], [2, 0]], ""betti_frozen"": [[6, 0], [2, 0]], ""betti_nerve"": [[1, 0], [1, 0]], ""boundary_restriction"": ""both"", ""forced_removals"": 0, ""growth_representation_fallbacks"": 50, ""invariant_held"": true, ""n_segments"": 78, ""n_train_fit"": 12838, ""n_val"": 4280, ""phase0"": [{""constant_lens"": false, ""gain"": 0.25, ""lens"": ""pc1"", ""lens_scaling"": ""standardize"", ""min_cluster_size"": 64, ""min_samples"": 5, ""n_class"": 8324, ""n_edges"": 9, ""n_intervals"": 10, ""n_vertices"": 10, ""noise_reassigned"": 7387, ""placement"": ""quantile"", ""slabs"": [{""k"": 1, ""n"": 937}, {""k"": 1, ""n"": 1040}, {""k"": 1, ""n"": 1040}, {""k"": 1, ""n"": 1041}, {""k"": 1, ""n"": 1040}, {""k"": 1, ""n"": 1040}, {""k"": 1, ""n"": 1041}, {""k"": 1, ""n"": 1040}, {""k"": 1, ""n"": 1040}, {""k"": 1, ""n"": 937}]}, {""constant_lens"": false, ""gain"": 0.25, ""lens"": ""pc1"", ""lens_scaling"": ""standardize"", ""min_cluster_size"": 64, ""min_samples"": 5, ""n_class"": 4514, ""n_edges"": 8, ""n_intervals"": 9, ""n_vertices"": 9, ""noise_reassigned"": 4660, ""placement"": ""quantile"", ""slabs"": [{""k"": 1, ""n"": 565}, {""k"": 1, ""n"": 627}, {""k"": 1, ""n"": 627}, {""k"": 1, ""n"": 627}, {""k"": 1, ""n"": 626}, {""k"": 1, ""n"": 627}, {""k"": 1, ""n"": 627}, {""k"": 1, ""n"": 627}, {""k"": 1, ""n"": 565}]}], ""soundness_bound_holds"": true, ""step_rule"": ""scale_free"", ""topology_retention_nerve_to_frozen"": {""beta0_frozen"": 8, ""beta0_nerve"": 2, ""beta1_frozen"": 0, ""beta1_nerve"": 0}}",True
0.7092534174553102,86,False,0.005023951396191144,0.005,,13.063614999991842,13.063614999991842,0.0,magic,9,,SPINE+Graph,10,86,1902,17118,0.9949760486038088,1722392922,False,"{""admission"": {""criterion"": ""risk"", ""removed_risk"": 6, ""removed_support"": 0}, ""betti_final"": [[6, 0], [2, 0]], ""betti_frozen"": [[6, 0], [2, 0]], ""betti_nerve"": [[1, 0], [1, 0]], ""boundary_restriction"": ""both"", ""forced_removals"": 0, ""growth_representation_fallbacks"": 50, ""invariant_held"": true, ""n_segments"": 78, ""n_train_fit"": 12838, ""n_val"": 4280, ""phase0"": [{""constant_lens"": false, ""gain"": 0.25, ""lens"": ""pc1"", ""lens_scaling"": ""standardize"", ""min_cluster_size"": 64, ""min_samples"": 5, ""n_class"": 8324, ""n_edges"": 9, ""n_intervals"": 10, ""n_vertices"": 10, ""noise_reassigned"": 7387, ""placement"": ""quantile"", ""slabs"": [{""k"": 1, ""n"": 937}, {""k"": 1, ""n"": 1040}, {""k"": 1, ""n"": 1040}, {""k"": 1, ""n"": 1041}, {""k"": 1, ""n"": 1040}, {""k"": 1, ""n"": 1040}, {""k"": 1, ""n"": 1041}, {""k"": 1, ""n"": 1040}, {""k"": 1, ""n"": 1040}, {""k"": 1, ""n"": 937}]}, {""constant_lens"": false, ""gain"": 0.25, ""lens"": ""pc1"", ""lens_scaling"": ""standardize"", ""min_cluster_size"": 64, ""min_samples"": 5, ""n_class"": 4514, ""n_edges"": 8, ""n_intervals"": 9, ""n_vertices"": 9, ""noise_reassigned"": 4660, ""placement"": ""quantile"", ""slabs"": [{""k"": 1, ""n"": 565}, {""k"": 1, ""n"": 627}, {""k"": 1, ""n"": 627}, {""k"": 1, ""n"": 627}, {""k"": 1, ""n"": 626}, {""k"": 1, ""n"": 627}, {""k"": 1, ""n"": 627}, {""k"": 1, ""n"": 627}, {""k"": 1, ""n"": 565}]}], ""soundness_bound_holds"": true, ""step_rule"": ""scale_free"", ""topology_retention_nerve_to_frozen"": {""beta0_frozen"": 8, ""beta0_nerve"": 2, ""beta1_frozen"": 0, ""beta1_nerve"": 0}}",True
0.8317560462670873,86,False,0.005023951396191144,0.005,,3.7318519999971613,65.71557199998642,61.98371999998926,magic,9,"{""epsilon"": 0.1, ""window"": 0.3}",LVQ3,10,86,1902,17118,0.9949760486038088,1722392922,False,,True
0.7744479495268138,86,False,0.005023951396191144,0.005,"{""0"": 56, ""1"": 30}",5.604332999995677,5.604332999995677,0.0,magic,9,,KMeans,10,86,1902,17118,0.9949760486038088,1722392922,False,,True
0.7213459516298633,86,False,0.005023951396191144,0.005,"{""0"": 56, ""1"": 30}",0.005583999998634681,0.005583999998634681,0.0,magic,9,,Random,10,86,1902,17118,0.9949760486038088,1722392922,False,,True
0.7607781282860148,86,False,0.005023951396191144,0.005,,6.823685999988811,6.823685999988811,0.0,magic,9,,SPOT,10,86,1902,17118,0.9949760486038088,1722392922,False,,True
0.7655099894847529,86,False,0.005023951396191144,0.005,,36.27732299998752,36.27732299998752,0.0,magic,9,,GLVQ,10,86,1902,17118,0.9949760486038088,1722392922,False,,True
0.7707676130389064,86,False,0.005023951396191144,0.005,,0.6668730000092182,0.6668730000092182,0.0,magic,9,,GNG,10,86,1902,17118,0.9949760486038088,1722392922,False,,True
0.8107255520504731,171,False,0.009989484752891693,0.01,,0.00018000000272877514,0.00018000000272877514,0.0,magic,9,,Full,10,17118,1902,17118,0.0,1722392922,True,,False
0.7849631966351209,171,False,0.009989484752891693,0.01,,5.267446000012569,5.267446000012569,0.0,magic,9,,RSP3,10,7212,1902,17118,0.578689099193831,1722392922,True,,False
0.7613038906414301,171,False,0.009989484752891693,0.01,,11.70751000000746,11.70751000000746,0.0,magic,9,,RHC,10,3444,1902,17118,0.7988082719943919,1722392922,True,,False
0.7281808622502629,171,False,0.009989484752891693,0.01,,15.518179000006057,15.518179000006057,0.0,magic,9,,SPINE+1NN,10,171,1902,17118,0.9900105152471083,1722392922,False,"{""admission"": {""criterion"": ""risk"", ""removed_risk"": 6, ""removed_support"": 0}, ""betti_final"": [[6, 0], [2, 0]], ""betti_frozen"": [[6, 0], [2, 0]], ""betti_nerve"": [[1, 0], [1, 0]], ""boundary_restriction"": ""both"", ""forced_removals"": 0, ""growth_representation_fallbacks"": 111, ""invariant_held"": true, ""n_segments"": 163, ""n_train_fit"": 12838, ""n_val"": 4280, ""phase0"": [{""constant_lens"": false, ""gain"": 0.25, ""lens"": ""pc1"", ""lens_scaling"": ""standardize"", ""min_cluster_size"": 64, ""min_samples"": 5, ""n_class"": 8324, ""n_edges"": 9, ""n_intervals"": 10, ""n_vertices"": 10, ""noise_reassigned"": 7387, ""placement"": ""quantile"", ""slabs"": [{""k"": 1, ""n"": 937}, {""k"": 1, ""n"": 1040}, {""k"": 1, ""n"": 1040}, {""k"": 1, ""n"": 1041}, {""k"": 1, ""n"": 1040}, {""k"": 1, ""n"": 1040}, {""k"": 1, ""n"": 1041}, {""k"": 1, ""n"": 1040}, {""k"": 1, ""n"": 1040}, {""k"": 1, ""n"": 937}]}, {""constant_lens"": false, ""gain"": 0.25, ""lens"": ""pc1"", ""lens_scaling"": ""standardize"", ""min_cluster_size"": 64, ""min_samples"": 5, ""n_class"": 4514, ""n_edges"": 8, ""n_intervals"": 9, ""n_vertices"": 9, ""noise_reassigned"": 4660, ""placement"": ""quantile"", ""slabs"": [{""k"": 1, ""n"": 565}, {""k"": 1, ""n"": 627}, {""k"": 1, ""n"": 627}, {""k"": 1, ""n"": 627}, {""k"": 1, ""n"": 626}, {""k"": 1, ""n"": 627}, {""k"": 1, ""n"": 627}, {""k"": 1, ""n"": 627}, {""k"": 1, ""n"": 565}]}], ""soundness_bound_holds"": true, ""step_rule"": ""scale_free"", ""topology_retention_nerve_to_frozen"": {""beta0_frozen"": 8, ""beta0_nerve"": 2, ""beta1_frozen"": 0, ""beta1_nerve"": 0}}",True
0.7344900105152471,171,False,0.009989484752891693,0.01,,15.518179000006057,15.518179000006057,0.0,magic,9,,SPINE+Graph,10,171,1902,17118,0.9900105152471083,1722392922,False,"{""admission"": {""criterion"": ""risk"", ""removed_risk"": 6, ""removed_support"": 0}, ""betti_final"": [[6, 0], [2, 0]], ""betti_frozen"": [[6, 0], [2, 0]], ""betti_nerve"": [[1, 0], [1, 0]], ""boundary_restriction"": ""both"", ""forced_removals"": 0, ""growth_representation_fallbacks"": 111, ""invariant_held"": true, ""n_segments"": 163, ""n_train_fit"": 12838, ""n_val"": 4280, ""phase0"": [{""constant_lens"": false, ""gain"": 0.25, ""lens"": ""pc1"", ""lens_scaling"": ""standardize"", ""min_cluster_size"": 64, ""min_samples"": 5, ""n_class"": 8324, ""n_edges"": 9, ""n_intervals"": 10, ""n_vertices"": 10, ""noise_reassigned"": 7387, ""placement"": ""quantile"", ""slabs"": [{""k"": 1, ""n"": 937}, {""k"": 1, ""n"": 1040}, {""k"": 1, ""n"": 1040}, {""k"": 1, ""n"": 1041}, {""k"": 1, ""n"": 1040}, {""k"": 1, ""n"": 1040}, {""k"": 1, ""n"": 1041}, {""k"": 1, ""n"": 1040}, {""k"": 1, ""n"": 1040}, {""k"": 1, ""n"": 937}]}, {""constant_lens"": false, ""gain"": 0.25, ""lens"": ""pc1"", ""lens_scaling"": ""standardize"", ""min_cluster_size"": 64, ""min_samples"": 5, ""n_class"": 4514, ""n_edges"": 8, ""n_intervals"": 9, ""n_vertices"": 9, ""noise_reassigned"": 4660, ""placement"": ""quantile"", ""slabs"": [{""k"": 1, ""n"": 565}, {""k"": 1, ""n"": 627}, {""k"": 1, ""n"": 627}, {""k"": 1, ""n"": 627}, {""k"": 1, ""n"": 626}, {""k"": 1, ""n"": 627}, {""k"": 1, ""n"": 627}, {""k"": 1, ""n"": 627}, {""k"": 1, ""n"": 565}]}], ""soundness_bound_holds"": true, ""step_rule"": ""scale_free"", ""topology_retention_nerve_to_frozen"": {""beta0_frozen"": 8, ""beta0_nerve"": 2, ""beta1_frozen"": 0, ""beta1_nerve"": 0}}",True
0.849106203995794,171,False,0.009989484752891693,0.01,,4.5762570000078995,81.27129599999171,76.69503899998381,magic,9,"{""epsilon"": 0.1, ""window"": 0.2}",LVQ3,10,171,1902,17118,0.9900105152471083,1722392922,False,,True
0.7928496319663512,171,False,0.009989484752891693,0.01,"{""0"": 111, ""1"": 60}",10.631476999988081,10.631476999988081,0.0,magic,9,,KMeans,10,171,1902,17118,0.9900105152471083,1722392922,False,,True
0.7418506834910621,171,False,0.009989484752891693,0.01,"{""0"": 111, ""1"": 60}",0.001959999994141981,0.001959999994141981,0.0,magic,9,,Random,10,171,1902,17118,0.9900105152471083,1722392922,False,,True
0.7502628811777077,171,False,0.009989484752891693,0.01,,6.684592000005068,6.684592000005068,0.0,magic,9,,SPOT,10,171,1902,17118,0.9900105152471083,1722392922,False,,True
0.7760252365930599,171,False,0.009989484752891693,0.01,,66.58914200001163,66.58914200001163,0.0,magic,9,,GLVQ,10,171,1902,17118,0.9900105152471083,1722392922,False,,True
0.8023133543638276,171,False,0.009989484752891693,0.01,,2.0747189999965485,2.0747189999965485,0.0,magic,9,,GNG,10,171,1902,17118,0.9900105152471083,1722392922,False,,True
0.8107255520504731,342,False,0.019978969505783387,0.02,,0.00018000000272877514,0.00018000000272877514,0.0,magic,9,,Full,10,17118,1902,17118,0.0,1722392922,True,,False
0.7849631966351209,342,False,0.019978969505783387,0.02,,5.267446000012569,5.267446000012569,0.0,magic,9,,RSP3,10,7212,1902,17118,0.578689099193831,1722392922,True,,False
0.7613038906414301,342,False,0.019978969505783387,0.02,,11.70751000000746,11.70751000000746,0.0,magic,9,,RHC,10,3444,1902,17118,0.7988082719943919,1722392922,True,,False
0.7570977917981072,342,False,0.019978969505783387,0.02,,28.65121299997554,28.65121299997554,0.0,magic,9,,SPINE+1NN,10,342,1902,17118,0.9800210304942166,1722392922,False,"{""admission"": {""criterion"": ""risk"", ""removed_risk"": 6, ""removed_support"": 0}, ""betti_final"": [[6, 0], [2, 0]], ""betti_frozen"": [[6, 0], [2, 0]], ""betti_nerve"": [[1, 0], [1, 0]], ""boundary_restriction"": ""both"", ""forced_removals"": 0, ""growth_representation_fallbacks"": 238, ""invariant_held"": true, ""n_segments"": 334, ""n_train_fit"": 12838, ""n_val"": 4280, ""phase0"": [{""constant_lens"": false, ""gain"": 0.25, ""lens"": ""pc1"", ""lens_scaling"": ""standardize"", ""min_cluster_size"": 64, ""min_samples"": 5, ""n_class"": 8324, ""n_edges"": 9, ""n_intervals"": 10, ""n_vertices"": 10, ""noise_reassigned"": 7387, ""placement"": ""quantile"", ""slabs"": [{""k"": 1, ""n"": 937}, {""k"": 1, ""n"": 1040}, {""k"": 1, ""n"": 1040}, {""k"": 1, ""n"": 1041}, {""k"": 1, ""n"": 1040}, {""k"": 1, ""n"": 1040}, {""k"": 1, ""n"": 1041}, {""k"": 1, ""n"": 1040}, {""k"": 1, ""n"": 1040}, {""k"": 1, ""n"": 937}]}, {""constant_lens"": false, ""gain"": 0.25, ""lens"": ""pc1"", ""lens_scaling"": ""standardize"", ""min_cluster_size"": 64, ""min_samples"": 5, ""n_class"": 4514, ""n_edges"": 8, ""n_intervals"": 9, ""n_vertices"": 9, ""noise_reassigned"": 4660, ""placement"": ""quantile"", ""slabs"": [{""k"": 1, ""n"": 565}, {""k"": 1, ""n"": 627}, {""k"": 1, ""n"": 627}, {""k"": 1, ""n"": 627}, {""k"": 1, ""n"": 626}, {""k"": 1, ""n"": 627}, {""k"": 1, ""n"": 627}, {""k"": 1, ""n"": 627}, {""k"": 1, ""n"": 565}]}], ""soundness_bound_holds"": true, ""step_rule"": ""scale_free"", ""topology_retention_nerve_to_frozen"": {""beta0_frozen"": 8, ""beta0_nerve"": 2, ""beta1_frozen"": 0, ""beta1_nerve"": 0}}",True
0.7681388012618297,342,False,0.019978969505783387,0.02,,28.65121299997554,28.65121299997554,0.0,magic,9,,SPINE+Graph,10,342,1902,17118,0.9800210304942166,1722392922,False,"{""admission"": {""criterion"": ""risk"", ""removed_risk"": 6, ""removed_support"": 0}, ""betti_final"": [[6, 0], [2, 0]], ""betti_frozen"": [[6, 0], [2, 0]], ""betti_nerve"": [[1, 0], [1, 0]], ""boundary_restriction"": ""both"", ""forced_removals"": 0, ""growth_representation_fallbacks"": 238, ""invariant_held"": true, ""n_segments"": 334, ""n_train_fit"": 12838, ""n_val"": 4280, ""phase0"": [{""constant_lens"": false, ""gain"": 0.25, ""lens"": ""pc1"", ""lens_scaling"": ""standardize"", ""min_cluster_size"": 64, ""min_samples"": 5, ""n_class"": 8324, ""n_edges"": 9, ""n_intervals"": 10, ""n_vertices"": 10, ""noise_reassigned"": 7387, ""placement"": ""quantile"", ""slabs"": [{""k"": 1, ""n"": 937}, {""k"": 1, ""n"": 1040}, {""k"": 1, ""n"": 1040}, {""k"": 1, ""n"": 1041}, {""k"": 1, ""n"": 1040}, {""k"": 1, ""n"": 1040}, {""k"": 1, ""n"": 1041}, {""k"": 1, ""n"": 1040}, {""k"": 1, ""n"": 1040}, {""k"": 1, ""n"": 937}]}, {""constant_lens"": false, ""gain"": 0.25, ""lens"": ""pc1"", ""lens_scaling"": ""standardize"", ""min_cluster_size"": 64, ""min_samples"": 5, ""n_class"": 4514, ""n_edges"": 8, ""n_intervals"": 9, ""n_vertices"": 9, ""noise_reassigned"": 4660, ""placement"": ""quantile"", ""slabs"": [{""k"": 1, ""n"": 565}, {""k"": 1, ""n"": 627}, {""k"": 1, ""n"": 627}, {""k"": 1, ""n"": 627}, {""k"": 1, ""n"": 626}, {""k"": 1, ""n"": 627}, {""k"": 1, ""n"": 627}, {""k"": 1, ""n"": 627}, {""k"": 1, ""n"": 565}]}], ""soundness_bound_holds"": true, ""step_rule"": ""scale_free"", ""topology_retention_nerve_to_frozen"": {""beta0_frozen"": 8, ""beta0_nerve"": 2, ""beta1_frozen"": 0, ""beta1_nerve"": 0}}",True
0.8385909568874869,342,False,0.019978969505783387,0.02,,6.635718000004999,118.4589810000034,111.8232629999984,magic,9,"{""epsilon"": 0.1, ""window"": 0.3}",LVQ3,10,342,1902,17118,0.9800210304942166,1722392922,False,,True
0.7902208201892744,342,False,0.019978969505783387,0.02,"{""0"": 222, ""1"": 120}",15.681019999989076,15.681019999989076,0.0,magic,9,,KMeans,10,342,1902,17118,0.9800210304942166,1722392922,False,,True
0.7460567823343849,342,False,0.019978969505783387,0.02,"{""0"": 222, ""1"": 120}",0.0014390000142157078,0.0014390000142157078,0.0,magic,9,,Random,10,342,1902,17118,0.9800210304942166,1722392922,False,,True
0.7581493165089379,342,False,0.019978969505783387,0.02,,6.965467000001809,6.965467000001809,0.0,magic,9,,SPOT,10,342,1902,17118,0.9800210304942166,1722392922,False,,True
0.786540483701367,342,False,0.019978969505783387,0.02,,127.86354200000642,127.86354200000642,0.0,magic,9,,GLVQ,10,342,1902,17118,0.9800210304942166,1722392922,False,,True
0.7949526813880127,342,False,0.019978969505783387,0.02,,7.1064100000076,7.1064100000076,0.0,magic,9,,GNG,10,342,1902,17118,0.9800210304942166,1722392922,False,,True
0.8107255520504731,856,False,0.05000584180394906,0.05,,0.00018000000272877514,0.00018000000272877514,0.0,magic,9,,Full,10,17118,1902,17118,0.0,1722392922,True,,False
0.7849631966351209,856,False,0.05000584180394906,0.05,,5.267446000012569,5.267446000012569,0.0,magic,9,,RSP3,10,7212,1902,17118,0.578689099193831,1722392922,True,,False
0.7613038906414301,856,False,0.05000584180394906,0.05,,11.70751000000746,11.70751000000746,0.0,magic,9,,RHC,10,3444,1902,17118,0.7988082719943919,1722392922,True,,False
0.8007360672975815,856,False,0.05000584180394906,0.05,,121.26531700001215,121.26531700001215,0.0,magic,9,,SPINE+1NN,10,856,1902,17118,0.9499941581960509,1722392922,False,"{""admission"": {""criterion"": ""risk"", ""removed_risk"": 6, ""removed_support"": 0}, ""betti_final"": [[6, 0], [2, 0]], ""betti_frozen"": [[6, 0], [2, 0]], ""betti_nerve"": [[1, 0], [1, 0]], ""boundary_restriction"": ""both"", ""forced_removals"": 0, ""growth_representation_fallbacks"": 609, ""invariant_held"": true, ""n_segments"": 848, ""n_train_fit"": 12838, ""n_val"": 4280, ""phase0"": [{""constant_lens"": false, ""gain"": 0.25, ""lens"": ""pc1"", ""lens_scaling"": ""standardize"", ""min_cluster_size"": 64, ""min_samples"": 5, ""n_class"": 8324, ""n_edges"": 9, ""n_intervals"": 10, ""n_vertices"": 10, ""noise_reassigned"": 7387, ""placement"": ""quantile"", ""slabs"": [{""k"": 1, ""n"": 937}, {""k"": 1, ""n"": 1040}, {""k"": 1, ""n"": 1040}, {""k"": 1, ""n"": 1041}, {""k"": 1, ""n"": 1040}, {""k"": 1, ""n"": 1040}, {""k"": 1, ""n"": 1041}, {""k"": 1, ""n"": 1040}, {""k"": 1, ""n"": 1040}, {""k"": 1, ""n"": 937}]}, {""constant_lens"": false, ""gain"": 0.25, ""lens"": ""pc1"", ""lens_scaling"": ""standardize"", ""min_cluster_size"": 64, ""min_samples"": 5, ""n_class"": 4514, ""n_edges"": 8, ""n_intervals"": 9, ""n_vertices"": 9, ""noise_reassigned"": 4660, ""placement"": ""quantile"", ""slabs"": [{""k"": 1, ""n"": 565}, {""k"": 1, ""n"": 627}, {""k"": 1, ""n"": 627}, {""k"": 1, ""n"": 627}, {""k"": 1, ""n"": 626}, {""k"": 1, ""n"": 627}, {""k"": 1, ""n"": 627}, {""k"": 1, ""n"": 627}, {""k"": 1, ""n"": 565}]}], ""soundness_bound_holds"": true, ""step_rule"": ""scale_free"", ""topology_retention_nerve_to_frozen"": {""beta0_frozen"": 8, ""beta0_nerve"": 2, ""beta1_frozen"": 0, ""beta1_nerve"": 0}}",True
0.8038906414300736,856,False,0.05000584180394906,0.05,,121.26531700001215,121.26531700001215,0.0,magic,9,,SPINE+Graph,10,856,1902,17118,0.9499941581960509,1722392922,False,"{""admission"": {""criterion"": ""risk"", ""removed_risk"": 6, ""removed_support"": 0}, ""betti_final"": [[6, 0], [2, 0]], ""betti_frozen"": [[6, 0], [2, 0]], ""betti_nerve"": [[1, 0], [1, 0]], ""boundary_restriction"": ""both"", ""forced_removals"": 0, ""growth_representation_fallbacks"": 609, ""invariant_held"": true, ""n_segments"": 848, ""n_train_fit"": 12838, ""n_val"": 4280, ""phase0"": [{""constant_lens"": false, ""gain"": 0.25, ""lens"": ""pc1"", ""lens_scaling"": ""standardize"", ""min_cluster_size"": 64, ""min_samples"": 5, ""n_class"": 8324, ""n_edges"": 9, ""n_intervals"": 10, ""n_vertices"": 10, ""noise_reassigned"": 7387, ""placement"": ""quantile"", ""slabs"": [{""k"": 1, ""n"": 937}, {""k"": 1, ""n"": 1040}, {""k"": 1, ""n"": 1040}, {""k"": 1, ""n"": 1041}, {""k"": 1, ""n"": 1040}, {""k"": 1, ""n"": 1040}, {""k"": 1, ""n"": 1041}, {""k"": 1, ""n"": 1040}, {""k"": 1, ""n"": 1040}, {""k"": 1, ""n"": 937}]}, {""constant_lens"": false, ""gain"": 0.25, ""lens"": ""pc1"", ""lens_scaling"": ""standardize"", ""min_cluster_size"": 64, ""min_samples"": 5, ""n_class"": 4514, ""n_edges"": 8, ""n_intervals"": 9, ""n_vertices"": 9, ""noise_reassigned"": 4660, ""placement"": ""quantile"", ""slabs"": [{""k"": 1, ""n"": 565}, {""k"": 1, ""n"": 627}, {""k"": 1, ""n"": 627}, {""k"": 1, ""n"": 627}, {""k"": 1, ""n"": 626}, {""k"": 1, ""n"": 627}, {""k"": 1, ""n"": 627}, {""k"": 1, ""n"": 627}, {""k"": 1, ""n"": 565}]}], ""soundness_bound_holds"": true, ""step_rule"": ""scale_free"", ""topology_retention_nerve_to_frozen"": {""beta0_frozen"": 8, ""beta0_nerve"": 2, ""beta1_frozen"": 0, ""beta1_nerve"": 0}}",True
0.8396424815983176,856,False,0.05000584180394906,0.05,,11.8143160000036,203.41591100001824,191.60159500001464,magic,9,"{""epsilon"": 0.1, ""window"": 0.2}",LVQ3,10,856,1902,17118,0.9499941581960509,1722392922,False,,True
0.7991587802313355,856,False,0.05000584180394906,0.05,"{""0"": 555, ""1"": 301}",33.03357800000231,33.03357800000231,0.0,magic,9,,KMeans,10,856,1902,17118,0.9499941581960509,1722392922,False,,True
0.7586750788643533,856,False,0.05000584180394906,0.05,"{""0"": 555, ""1"": 301}",0.0022360000002663583,0.0022360000002663583,0.0,magic,9,,Random,10,856,1902,17118,0.9499941581960509,1722392922,False,,True
0.7770767613038907,856,False,0.05000584180394906,0.05,,7.84255200001644,7.84255200001644,0.0,magic,9,,SPOT,10,856,1902,17118,0.9499941581960509,1722392922,False,,True
0.7891692954784437,856,False,0.05000584180394906,0.05,,311.60485100001097,311.60485100001097,0.0,magic,9,,GLVQ,10,856,1902,17118,0.9499941581960509,1722392922,False,,True
0.8002103049421662,856,False,0.05000584180394906,0.05,,40.364683000021614,40.364683000021614,0.0,magic,9,,GNG,10,856,1902,17118,0.9499941581960509,1722392922,False,,True
0.8107255520504731,1712,False,0.10001168360789812,0.1,,0.00018000000272877514,0.00018000000272877514,0.0,magic,9,,Full,10,17118,1902,17118,0.0,1722392922,True,,False
0.7849631966351209,1712,False,0.10001168360789812,0.1,,5.267446000012569,5.267446000012569,0.0,magic,9,,RSP3,10,7212,1902,17118,0.578689099193831,1722392922,True,,False
0.7613038906414301,1712,False,0.10001168360789812,0.1,,11.70751000000746,11.70751000000746,0.0,magic,9,,RHC,10,3444,1902,17118,0.7988082719943919,1722392922,True,,False
0.8249211356466877,1712,False,0.10001168360789812,0.1,,465.5554300000076,465.5554300000076,0.0,magic,9,,SPINE+1NN,10,1712,1902,17118,0.8999883163921019,1722392922,False,"{""admission"": {""criterion"": ""risk"", ""removed_risk"": 6, ""removed_support"": 0}, ""betti_final"": [[6, 0], [2, 0]], ""betti_frozen"": [[6, 0], [2, 0]], ""betti_nerve"": [[1, 0], [1, 0]], ""boundary_restriction"": ""both"", ""forced_removals"": 0, ""growth_representation_fallbacks"": 1222, ""invariant_held"": true, ""n_segments"": 1704, ""n_train_fit"": 12838, ""n_val"": 4280, ""phase0"": [{""constant_lens"": false, ""gain"": 0.25, ""lens"": ""pc1"", ""lens_scaling"": ""standardize"", ""min_cluster_size"": 64, ""min_samples"": 5, ""n_class"": 8324, ""n_edges"": 9, ""n_intervals"": 10, ""n_vertices"": 10, ""noise_reassigned"": 7387, ""placement"": ""quantile"", ""slabs"": [{""k"": 1, ""n"": 937}, {""k"": 1, ""n"": 1040}, {""k"": 1, ""n"": 1040}, {""k"": 1, ""n"": 1041}, {""k"": 1, ""n"": 1040}, {""k"": 1, ""n"": 1040}, {""k"": 1, ""n"": 1041}, {""k"": 1, ""n"": 1040}, {""k"": 1, ""n"": 1040}, {""k"": 1, ""n"": 937}]}, {""constant_lens"": false, ""gain"": 0.25, ""lens"": ""pc1"", ""lens_scaling"": ""standardize"", ""min_cluster_size"": 64, ""min_samples"": 5, ""n_class"": 4514, ""n_edges"": 8, ""n_intervals"": 9, ""n_vertices"": 9, ""noise_reassigned"": 4660, ""placement"": ""quantile"", ""slabs"": [{""k"": 1, ""n"": 565}, {""k"": 1, ""n"": 627}, {""k"": 1, ""n"": 627}, {""k"": 1, ""n"": 627}, {""k"": 1, ""n"": 626}, {""k"": 1, ""n"": 627}, {""k"": 1, ""n"": 627}, {""k"": 1, ""n"": 627}, {""k"": 1, ""n"": 565}]}], ""soundness_bound_holds"": true, ""step_rule"": ""scale_free"", ""topology_retention_nerve_to_frozen"": {""beta0_frozen"": 8, ""beta0_nerve"": 2, ""beta1_frozen"": 0, ""beta1_nerve"": 0}}",True
0.8243953732912723,1712,False,0.10001168360789812,0.1,,465.5554300000076,465.5554300000076,0.0,magic,9,,SPINE+Graph,10,1712,1902,17118,0.8999883163921019,1722392922,False,"{""admission"": {""criterion"": ""risk"", ""removed_risk"": 6, ""removed_support"": 0}, ""betti_final"": [[6, 0], [2, 0]], ""betti_frozen"": [[6, 0], [2, 0]], ""betti_nerve"": [[1, 0], [1, 0]], ""boundary_restriction"": ""both"", ""forced_removals"": 0, ""growth_representation_fallbacks"": 1222, ""invariant_held"": true, ""n_segments"": 1704, ""n_train_fit"": 12838, ""n_val"": 4280, ""phase0"": [{""constant_lens"": false, ""gain"": 0.25, ""lens"": ""pc1"", ""lens_scaling"": ""standardize"", ""min_cluster_size"": 64, ""min_samples"": 5, ""n_class"": 8324, ""n_edges"": 9, ""n_intervals"": 10, ""n_vertices"": 10, ""noise_reassigned"": 7387, ""placement"": ""quantile"", ""slabs"": [{""k"": 1, ""n"": 937}, {""k"": 1, ""n"": 1040}, {""k"": 1, ""n"": 1040}, {""k"": 1, ""n"": 1041}, {""k"": 1, ""n"": 1040}, {""k"": 1, ""n"": 1040}, {""k"": 1, ""n"": 1041}, {""k"": 1, ""n"": 1040}, {""k"": 1, ""n"": 1040}, {""k"": 1, ""n"": 937}]}, {""constant_lens"": false, ""gain"": 0.25, ""lens"": ""pc1"", ""lens_scaling"": ""standardize"", ""min_cluster_size"": 64, ""min_samples"": 5, ""n_class"": 4514, ""n_edges"": 8, ""n_intervals"": 9, ""n_vertices"": 9, ""noise_reassigned"": 4660, ""placement"": ""quantile"", ""slabs"": [{""k"": 1, ""n"": 565}, {""k"": 1, ""n"": 627}, {""k"": 1, ""n"": 627}, {""k"": 1, ""n"": 627}, {""k"": 1, ""n"": 626}, {""k"": 1, ""n"": 627}, {""k"": 1, ""n"": 627}, {""k"": 1, ""n"": 627}, {""k"": 1, ""n"": 565}]}], ""soundness_bound_holds"": true, ""step_rule"": ""scale_free"", ""topology_retention_nerve_to_frozen"": {""beta0_frozen"": 8, ""beta0_nerve"": 2, ""beta1_frozen"": 0, ""beta1_nerve"": 0}}",True
0.8438485804416404,1712,False,0.10001168360789812,0.1,,20.165353999997023,340.73275500000454,320.5674010000075,magic,9,"{""epsilon"": 0.1, ""window"": 0.3}",LVQ3,10,1712,1902,17118,0.8999883163921019,1722392922,False,,True
0.795478443743428,1712,False,0.10001168360789812,0.1,"{""0"": 1110, ""1"": 602}",39.83949399998528,39.83949399998528,0.0,magic,9,,KMeans,10,1712,1902,17118,0.8999883163921019,1722392922,False,,True
0.7770767613038907,1712,False,0.10001168360789812,0.1,"{""0"": 1110, ""1"": 602}",0.0022319999989122152,0.0022319999989122152,0.0,magic,9,,Random,10,1712,1902,17118,0.8999883163921019,1722392922,False,,True
0.7870662460567823,1712,False,0.10001168360789812,0.1,,9.149909999978263,9.149909999978263,0.0,magic,9,,SPOT,10,1712,1902,17118,0.8999883163921019,1722392922,False,,True
0.7960042060988434,1712,False,0.10001168360789812,0.1,,621.4808560000092,621.4808560000092,0.0,magic,9,,GLVQ,10,1712,1902,17118,0.8999883163921019,1722392922,False,,True
0.8101997896950578,1712,False,0.10001168360789812,0.1,,159.18476899998495,159.18476899998495,0.0,magic,9,,GNG,10,1712,1902,17118,0.8999883163921019,1722392922,False,,True
0.8107255520504731,4280,False,0.2500292090197453,0.25,,0.00018000000272877514,0.00018000000272877514,0.0,magic,9,,Full,10,17118,1902,17118,0.0,1722392922,True,,False
0.7849631966351209,4280,False,0.2500292090197453,0.25,,5.267446000012569,5.267446000012569,0.0,magic,9,,RSP3,10,7212,1902,17118,0.578689099193831,1722392922,True,,False
0.7613038906414301,4280,False,0.2500292090197453,0.25,,11.70751000000746,11.70751000000746,0.0,magic,9,,RHC,10,3444,1902,17118,0.7988082719943919,1722392922,True,,False
0.8354363827549948,4280,False,0.2500292090197453,0.25,,3476.6207460000005,3476.6207460000005,0.0,magic,9,,SPINE+1NN,10,4280,1902,17118,0.7499707909802547,1722392922,False,"{""admission"": {""criterion"": ""risk"", ""removed_risk"": 6, ""removed_support"": 0}, ""betti_final"": [[6, 0], [2, 0]], ""betti_frozen"": [[6, 0], [2, 0]], ""betti_nerve"": [[1, 0], [1, 0]], ""boundary_restriction"": ""both"", ""forced_removals"": 0, ""growth_representation_fallbacks"": 3542, ""invariant_held"": true, ""n_segments"": 4272, ""n_train_fit"": 12838, ""n_val"": 4280, ""phase0"": [{""constant_lens"": false, ""gain"": 0.25, ""lens"": ""pc1"", ""lens_scaling"": ""standardize"", ""min_cluster_size"": 64, ""min_samples"": 5, ""n_class"": 8324, ""n_edges"": 9, ""n_intervals"": 10, ""n_vertices"": 10, ""noise_reassigned"": 7387, ""placement"": ""quantile"", ""slabs"": [{""k"": 1, ""n"": 937}, {""k"": 1, ""n"": 1040}, {""k"": 1, ""n"": 1040}, {""k"": 1, ""n"": 1041}, {""k"": 1, ""n"": 1040}, {""k"": 1, ""n"": 1040}, {""k"": 1, ""n"": 1041}, {""k"": 1, ""n"": 1040}, {""k"": 1, ""n"": 1040}, {""k"": 1, ""n"": 937}]}, {""constant_lens"": false, ""gain"": 0.25, ""lens"": ""pc1"", ""lens_scaling"": ""standardize"", ""min_cluster_size"": 64, ""min_samples"": 5, ""n_class"": 4514, ""n_edges"": 8, ""n_intervals"": 9, ""n_vertices"": 9, ""noise_reassigned"": 4660, ""placement"": ""quantile"", ""slabs"": [{""k"": 1, ""n"": 565}, {""k"": 1, ""n"": 627}, {""k"": 1, ""n"": 627}, {""k"": 1, ""n"": 627}, {""k"": 1, ""n"": 626}, {""k"": 1, ""n"": 627}, {""k"": 1, ""n"": 627}, {""k"": 1, ""n"": 627}, {""k"": 1, ""n"": 565}]}], ""soundness_bound_holds"": true, ""step_rule"": ""scale_free"", ""topology_retention_nerve_to_frozen"": {""beta0_frozen"": 8, ""beta0_nerve"": 2, ""beta1_frozen"": 0, ""beta1_nerve"": 0}}",True
0.8391167192429022,4280,False,0.2500292090197453,0.25,,3476.6207460000005,3476.6207460000005,0.0,magic,9,,SPINE+Graph,10,4280,1902,17118,0.7499707909802547,1722392922,False,"{""admission"": {""criterion"": ""risk"", ""removed_risk"": 6, ""removed_support"": 0}, ""betti_final"": [[6, 0], [2, 0]], ""betti_frozen"": [[6, 0], [2, 0]], ""betti_nerve"": [[1, 0], [1, 0]], ""boundary_restriction"": ""both"", ""forced_removals"": 0, ""growth_representation_fallbacks"": 3542, ""invariant_held"": true, ""n_segments"": 4272, ""n_train_fit"": 12838, ""n_val"": 4280, ""phase0"": [{""constant_lens"": false, ""gain"": 0.25, ""lens"": ""pc1"", ""lens_scaling"": ""standardize"", ""min_cluster_size"": 64, ""min_samples"": 5, ""n_class"": 8324, ""n_edges"": 9, ""n_intervals"": 10, ""n_vertices"": 10, ""noise_reassigned"": 7387, ""placement"": ""quantile"", ""slabs"": [{""k"": 1, ""n"": 937}, {""k"": 1, ""n"": 1040}, {""k"": 1, ""n"": 1040}, {""k"": 1, ""n"": 1041}, {""k"": 1, ""n"": 1040}, {""k"": 1, ""n"": 1040}, {""k"": 1, ""n"": 1041}, {""k"": 1, ""n"": 1040}, {""k"": 1, ""n"": 1040}, {""k"": 1, ""n"": 937}]}, {""constant_lens"": false, ""gain"": 0.25, ""lens"": ""pc1"", ""lens_scaling"": ""standardize"", ""min_cluster_size"": 64, ""min_samples"": 5, ""n_class"": 4514, ""n_edges"": 8, ""n_intervals"": 9, ""n_vertices"": 9, ""noise_reassigned"": 4660, ""placement"": ""quantile"", ""slabs"": [{""k"": 1, ""n"": 565}, {""k"": 1, ""n"": 627}, {""k"": 1, ""n"": 627}, {""k"": 1, ""n"": 627}, {""k"": 1, ""n"": 626}, {""k"": 1, ""n"": 627}, {""k"": 1, ""n"": 627}, {""k"": 1, ""n"": 627}, {""k"": 1, ""n"": 565}]}], ""soundness_bound_holds"": true, ""step_rule"": ""scale_free"", ""topology_retention_nerve_to_frozen"": {""beta0_frozen"": 8, ""beta0_nerve"": 2, ""beta1_frozen"": 0, ""beta1_nerve"": 0}}",True
0.8243953732912723,4280,False,0.2500292090197453,0.25,,55.729538000014145,953.4026940000185,897.6731560000044,magic,9,"{""epsilon"": 0.3, ""window"": 0.3}",LVQ3,10,4280,1902,17118,0.7499707909802547,1722392922,False,,True
0.7939011566771819,4280,False,0.2500292090197453,0.25,"{""0"": 2775, ""1"": 1505}",63.48347199999262,63.48347199999262,0.0,magic,9,,KMeans,10,4280,1902,17118,0.7499707909802547,1722392922,False,,True
0.7896950578338591,4280,False,0.2500292090197453,0.25,"{""0"": 2775, ""1"": 1505}",0.007986999989952892,0.007986999989952892,0.0,magic,9,,Random,10,4280,1902,17118,0.7499707909802547,1722392922,False,,True
0.7970557308096741,4280,False,0.2500292090197453,0.25,,8.568116000009468,8.568116000009468,0.0,magic,9,,SPOT,10,4280,1902,17118,0.7499707909802547,1722392922,False,,True
0.7939011566771819,4280,False,0.2500292090197453,0.25,,1554.4154329999874,1554.4154329999874,0.0,magic,9,,GLVQ,10,4280,1902,17118,0.7499707909802547,1722392922,False,,True
0.8123028391167192,4280,False,0.2500292090197453,0.25,,988.5734459999949,988.5734459999949,0.0,magic,9,,GNG,10,4280,1902,17118,0.7499707909802547,1722392922,False,,True
