acc_1nn,budget,budget_floored,budget_fraction,budget_fraction_nominal,class_counts,cpu_select,cpu_total,cpu_tuning,dataset,fold,lvq3_params,method,n_outer_folds,n_proto,n_test,n_train,reduction,seed,shared_build,spine_params,swept
0.704,23,False,0.005111111111111111,0.005,,0.00021199998445808887,0.00021199998445808887,0.0,waveform,0,,Full,10,4500,500,4500,0.0,467606853,False,,False
0.77,23,False,0.005111111111111111,0.005,,1.599910999997519,1.599910999997519,0.0,waveform,0,,RSP3,10,2611,500,4500,0.4197777777777778,467606853,False,,False
0.714,23,False,0.005111111111111111,0.005,,1.6041660000337288,1.6041660000337288,0.0,waveform,0,,RHC,10,359,500,4500,0.9202222222222223,467606853,False,,False
0.794,23,False,0.005111111111111111,0.005,,3.6170779999811202,3.6170779999811202,0.0,waveform,0,,SPINE+1NN,10,23,500,4500,0.9948888888888889,467606853,False,"{""admission"": {""criterion"": ""risk"", ""removed_risk"": 4, ""removed_support"": 0}, ""betti_final"": [[2, 0], [3, 0], [2, 0]], ""betti_frozen"": [[2, 0], [3, 0], [2, 0]], ""betti_nerve"": [[1, 0], [1, 0], [1, 0]], ""boundary_restriction"": ""both"", ""forced_removals"": 0, ""growth_representation_fallbacks"": 0, ""invariant_held"": true, ""n_segments"": 16, ""n_train_fit"": 3375, ""n_val"": 1125, ""phase0"": [{""constant_lens"": false, ""gain"": 0.25, ""lens"": ""pc1"", ""lens_scaling"": ""standardize"", ""min_cluster_size"": 16, ""min_samples"": 5, ""n_class"": 1142, ""n_edges"": 6, ""n_intervals"": 7, ""n_vertices"": 7, ""noise_reassigned"": 1324, ""placement"": ""uniform"", ""slabs"": [{""k"": 1, ""n"": 128}, {""k"": 1, ""n"": 268}, {""k"": 1, ""n"": 258}, {""k"": 1, ""n"": 261}, {""k"": 1, ""n"": 241}, {""k"": 1, ""n"": 205}, {""k"": 1, ""n"": 77}]}, {""constant_lens"": false, ""gain"": 0.25, ""lens"": ""pc1"", ""lens_scaling"": ""standardize"", ""min_cluster_size"": 16, ""min_samples"": 5, ""n_class"": 1116, ""n_edges"": 6, ""n_intervals"": 7, ""n_vertices"": 7, ""noise_reassigned"": 1243, ""placement"": ""quantile"", ""slabs"": [{""k"": 1, ""n"": 180}, {""k"": 1, ""n"": 199}, {""k"": 1, ""n"": 199}, {""k"": 1, ""n"": 200}, {""k"": 1, ""n"": 199}, {""k"": 1, ""n"": 199}, {""k"": 1, ""n"": 180}]}, {""constant_lens"": false, ""gain"": 0.25, ""lens"": ""pc1"", ""lens_scaling"": ""standardize"", ""min_cluster_size"": 16, ""min_samples"": 5, ""n_class"": 1117, ""n_edges"": 6, ""n_intervals"": 7, ""n_vertices"": 7, ""noise_reassigned"": 1282, ""placement"": ""uniform"", ""slabs"": [{""k"": 1, ""n"": 111}, {""k"": 1, ""n"": 259}, {""k"": 1, ""n"": 252}, {""k"": 1, ""n"": 253}, {""k"": 1, ""n"": 278}, {""k"": 1, ""n"": 208}, {""k"": 1, ""n"": 37}]}], ""soundness_bound_holds"": true, ""step_rule"": ""scale_free"", ""topology_retention_nerve_to_frozen"": {""beta0_frozen"": 7, ""beta0_nerve"": 3, ""beta1_frozen"": 0, ""beta1_nerve"": 0}}",True
0.804,23,False,0.005111111111111111,0.005,,3.6170779999811202,3.6170779999811202,0.0,waveform,0,,SPINE+Graph,10,23,500,4500,0.9948888888888889,467606853,False,"{""admission"": {""criterion"": ""risk"", ""removed_risk"": 4, ""removed_support"": 0}, ""betti_final"": [[2, 0], [3, 0], [2, 0]], ""betti_frozen"": [[2, 0], [3, 0], [2, 0]], ""betti_nerve"": [[1, 0], [1, 0], [1, 0]], ""boundary_restriction"": ""both"", ""forced_removals"": 0, ""growth_representation_fallbacks"": 0, ""invariant_held"": true, ""n_segments"": 16, ""n_train_fit"": 3375, ""n_val"": 1125, ""phase0"": [{""constant_lens"": false, ""gain"": 0.25, ""lens"": ""pc1"", ""lens_scaling"": ""standardize"", ""min_cluster_size"": 16, ""min_samples"": 5, ""n_class"": 1142, ""n_edges"": 6, ""n_intervals"": 7, ""n_vertices"": 7, ""noise_reassigned"": 1324, ""placement"": ""uniform"", ""slabs"": [{""k"": 1, ""n"": 128}, {""k"": 1, ""n"": 268}, {""k"": 1, ""n"": 258}, {""k"": 1, ""n"": 261}, {""k"": 1, ""n"": 241}, {""k"": 1, ""n"": 205}, {""k"": 1, ""n"": 77}]}, {""constant_lens"": false, ""gain"": 0.25, ""lens"": ""pc1"", ""lens_scaling"": ""standardize"", ""min_cluster_size"": 16, ""min_samples"": 5, ""n_class"": 1116, ""n_edges"": 6, ""n_intervals"": 7, ""n_vertices"": 7, ""noise_reassigned"": 1243, ""placement"": ""quantile"", ""slabs"": [{""k"": 1, ""n"": 180}, {""k"": 1, ""n"": 199}, {""k"": 1, ""n"": 199}, {""k"": 1, ""n"": 200}, {""k"": 1, ""n"": 199}, {""k"": 1, ""n"": 199}, {""k"": 1, ""n"": 180}]}, {""constant_lens"": false, ""gain"": 0.25, ""lens"": ""pc1"", ""lens_scaling"": ""standardize"", ""min_cluster_size"": 16, ""min_samples"": 5, ""n_class"": 1117, ""n_edges"": 6, ""n_intervals"": 7, ""n_vertices"": 7, ""noise_reassigned"": 1282, ""placement"": ""uniform"", ""slabs"": [{""k"": 1, ""n"": 111}, {""k"": 1, ""n"": 259}, {""k"": 1, ""n"": 252}, {""k"": 1, ""n"": 253}, {""k"": 1, ""n"": 278}, {""k"": 1, ""n"": 208}, {""k"": 1, ""n"": 37}]}], ""soundness_bound_holds"": true, ""step_rule"": ""scale_free"", ""topology_retention_nerve_to_frozen"": {""beta0_frozen"": 7, ""beta0_nerve"": 3, ""beta1_frozen"": 0, ""beta1_nerve"": 0}}",True
0.81,23,False,0.005111111111111111,0.005,,2.254313999961596,42.877304999972694,40.6229910000111,waveform,0,"{""epsilon"": 0.3, ""window"": 0.3}",LVQ3,10,23,500,4500,0.9948888888888889,467606853,False,,True
0.766,23,False,0.005111111111111111,0.005,"{""0"": 8, ""1"": 7, ""2"": 8}",1.0663729999796487,1.0663729999796487,0.0,waveform,0,,KMeans,10,23,500,4500,0.9948888888888889,467606853,False,,True
0.578,23,False,0.005111111111111111,0.005,"{""0"": 8, ""1"": 7, ""2"": 8}",0.0009580000187270343,0.0009580000187270343,0.0,waveform,0,,Random,10,23,500,4500,0.9948888888888889,467606853,False,,True
0.712,23,False,0.005111111111111111,0.005,,1.555958999961149,1.555958999961149,0.0,waveform,0,,SPOT,10,23,500,4500,0.9948888888888889,467606853,False,,True
0.828,23,False,0.005111111111111111,0.005,,5.016782000020612,5.016782000020612,0.0,waveform,0,,GLVQ,10,23,500,4500,0.9948888888888889,467606853,False,,True
0.778,23,False,0.005111111111111111,0.005,,0.7546159999910742,0.7546159999910742,0.0,waveform,0,,GNG,10,23,500,4500,0.9948888888888889,467606853,False,,True
0.704,45,False,0.01,0.01,,0.00021199998445808887,0.00021199998445808887,0.0,waveform,0,,Full,10,4500,500,4500,0.0,467606853,True,,False
0.77,45,False,0.01,0.01,,1.599910999997519,1.599910999997519,0.0,waveform,0,,RSP3,10,2611,500,4500,0.4197777777777778,467606853,True,,False
0.714,45,False,0.01,0.01,,1.6041660000337288,1.6041660000337288,0.0,waveform,0,,RHC,10,359,500,4500,0.9202222222222223,467606853,True,,False
0.81,45,False,0.01,0.01,,4.342567000014242,4.342567000014242,0.0,waveform,0,,SPINE+1NN,10,45,500,4500,0.99,467606853,False,"{""admission"": {""criterion"": ""risk"", ""removed_risk"": 4, ""removed_support"": 0}, ""betti_final"": [[2, 0], [3, 0], [2, 0]], ""betti_frozen"": [[2, 0], [3, 0], [2, 0]], ""betti_nerve"": [[1, 0], [1, 0], [1, 0]], ""boundary_restriction"": ""both"", ""forced_removals"": 0, ""growth_representation_fallbacks"": 1, ""invariant_held"": true, ""n_segments"": 38, ""n_train_fit"": 3375, ""n_val"": 1125, ""phase0"": [{""constant_lens"": false, ""gain"": 0.25, ""lens"": ""pc1"", ""lens_scaling"": ""standardize"", ""min_cluster_size"": 16, ""min_samples"": 5, ""n_class"": 1142, ""n_edges"": 6, ""n_intervals"": 7, ""n_vertices"": 7, ""noise_reassigned"": 1324, ""placement"": ""uniform"", ""slabs"": [{""k"": 1, ""n"": 128}, {""k"": 1, ""n"": 268}, {""k"": 1, ""n"": 258}, {""k"": 1, ""n"": 261}, {""k"": 1, ""n"": 241}, {""k"": 1, ""n"": 205}, {""k"": 1, ""n"": 77}]}, {""constant_lens"": false, ""gain"": 0.25, ""lens"": ""pc1"", ""lens_scaling"": ""standardize"", ""min_cluster_size"": 16, ""min_samples"": 5, ""n_class"": 1116, ""n_edges"": 6, ""n_intervals"": 7, ""n_vertices"": 7, ""noise_reassigned"": 1243, ""placement"": ""quantile"", ""slabs"": [{""k"": 1, ""n"": 180}, {""k"": 1, ""n"": 199}, {""k"": 1, ""n"": 199}, {""k"": 1, ""n"": 200}, {""k"": 1, ""n"": 199}, {""k"": 1, ""n"": 199}, {""k"": 1, ""n"": 180}]}, {""constant_lens"": false, ""gain"": 0.25, ""lens"": ""pc1"", ""lens_scaling"": ""standardize"", ""min_cluster_size"": 16, ""min_samples"": 5, ""n_class"": 1117, ""n_edges"": 6, ""n_intervals"": 7, ""n_vertices"": 7, ""noise_reassigned"": 1282, ""placement"": ""uniform"", ""slabs"": [{""k"": 1, ""n"": 111}, {""k"": 1, ""n"": 259}, {""k"": 1, ""n"": 252}, {""k"": 1, ""n"": 253}, {""k"": 1, ""n"": 278}, {""k"": 1, ""n"": 208}, {""k"": 1, ""n"": 37}]}], ""soundness_bound_holds"": true, ""step_rule"": ""scale_free"", ""topology_retention_nerve_to_frozen"": {""beta0_frozen"": 7, ""beta0_nerve"": 3, ""beta1_frozen"": 0, ""beta1_nerve"": 0}}",True
0.814,45,False,0.01,0.01,,4.342567000014242,4.342567000014242,0.0,waveform,0,,SPINE+Graph,10,45,500,4500,0.99,467606853,False,"{""admission"": {""criterion"": ""risk"", ""removed_risk"": 4, ""removed_support"": 0}, ""betti_final"": [[2, 0], [3, 0], [2, 0]], ""betti_frozen"": [[2, 0], [3, 0], [2, 0]], ""betti_nerve"": [[1, 0], [1, 0], [1, 0]], ""boundary_restriction"": ""both"", ""forced_removals"": 0, ""growth_representation_fallbacks"": 1, ""invariant_held"": true, ""n_segments"": 38, ""n_train_fit"": 3375, ""n_val"": 1125, ""phase0"": [{""constant_lens"": false, ""gain"": 0.25, ""lens"": ""pc1"", ""lens_scaling"": ""standardize"", ""min_cluster_size"": 16, ""min_samples"": 5, ""n_class"": 1142, ""n_edges"": 6, ""n_intervals"": 7, ""n_vertices"": 7, ""noise_reassigned"": 1324, ""placement"": ""uniform"", ""slabs"": [{""k"": 1, ""n"": 128}, {""k"": 1, ""n"": 268}, {""k"": 1, ""n"": 258}, {""k"": 1, ""n"": 261}, {""k"": 1, ""n"": 241}, {""k"": 1, ""n"": 205}, {""k"": 1, ""n"": 77}]}, {""constant_lens"": false, ""gain"": 0.25, ""lens"": ""pc1"", ""lens_scaling"": ""standardize"", ""min_cluster_size"": 16, ""min_samples"": 5, ""n_class"": 1116, ""n_edges"": 6, ""n_intervals"": 7, ""n_vertices"": 7, ""noise_reassigned"": 1243, ""placement"": ""quantile"", ""slabs"": [{""k"": 1, ""n"": 180}, {""k"": 1, ""n"": 199}, {""k"": 1, ""n"": 199}, {""k"": 1, ""n"": 200}, {""k"": 1, ""n"": 199}, {""k"": 1, ""n"": 199}, {""k"": 1, ""n"": 180}]}, {""constant_lens"": false, ""gain"": 0.25, ""lens"": ""pc1"", ""lens_scaling"": ""standardize"", ""min_cluster_size"": 16, ""min_samples"": 5, ""n_class"": 1117, ""n_edges"": 6, ""n_intervals"": 7, ""n_vertices"": 7, ""noise_reassigned"": 1282, ""placement"": ""uniform"", ""slabs"": [{""k"": 1, ""n"": 111}, {""k"": 1, ""n"": 259}, {""k"": 1, ""n"": 252}, {""k"": 1, ""n"": 253}, {""k"": 1, ""n"": 278}, {""k"": 1, ""n"": 208}, {""k"": 1, ""n"": 37}]}], ""soundness_bound_holds"": true, ""step_rule"": ""scale_free"", ""topology_retention_nerve_to_frozen"": {""beta0_frozen"": 7, ""beta0_nerve"": 3, ""beta1_frozen"": 0, ""beta1_nerve"": 0}}",True
0.828,45,False,0.01,0.01,,2.361996999999974,45.199809000012465,42.83781200001249,waveform,0,"{""epsilon"": 0.3, ""window"": 0.3}",LVQ3,10,45,500,4500,0.99,467606853,False,,True
0.794,45,False,0.01,0.01,"{""0"": 15, ""1"": 15, ""2"": 15}",1.0703210000065155,1.0703210000065155,0.0,waveform,0,,KMeans,10,45,500,4500,0.99,467606853,False,,True
0.668,45,False,0.01,0.01,"{""0"": 15, ""1"": 15, ""2"": 15}",0.0005830000154674053,0.0005830000154674053,0.0,waveform,0,,Random,10,45,500,4500,0.99,467606853,False,,True
0.694,45,False,0.01,0.01,,1.2815280000213534,1.2815280000213534,0.0,waveform,0,,SPOT,10,45,500,4500,0.99,467606853,False,,True
0.824,45,False,0.01,0.01,,6.816992999985814,6.816992999985814,0.0,waveform,0,,GLVQ,10,45,500,4500,0.99,467606853,False,,True
0.756,45,False,0.01,0.01,,1.3218549999874085,1.3218549999874085,0.0,waveform,0,,GNG,10,45,500,4500,0.99,467606853,False,,True
0.704,90,False,0.02,0.02,,0.00021199998445808887,0.00021199998445808887,0.0,waveform,0,,Full,10,4500,500,4500,0.0,467606853,True,,False
0.77,90,False,0.02,0.02,,1.599910999997519,1.599910999997519,0.0,waveform,0,,RSP3,10,2611,500,4500,0.4197777777777778,467606853,True,,False
0.714,90,False,0.02,0.02,,1.6041660000337288,1.6041660000337288,0.0,waveform,0,,RHC,10,359,500,4500,0.9202222222222223,467606853,True,,False
0.806,90,False,0.02,0.02,,4.407399000017904,4.407399000017904,0.0,waveform,0,,SPINE+1NN,10,90,500,4500,0.98,467606853,False,"{""admission"": {""criterion"": ""risk"", ""removed_risk"": 4, ""removed_support"": 0}, ""betti_final"": [[2, 0], [3, 0], [2, 0]], ""betti_frozen"": [[2, 0], [3, 0], [2, 0]], ""betti_nerve"": [[1, 0], [1, 0], [1, 0]], ""boundary_restriction"": ""both"", ""forced_removals"": 0, ""growth_representation_fallbacks"": 8, ""invariant_held"": true, ""n_segments"": 83, ""n_train_fit"": 3375, ""n_val"": 1125, ""phase0"": [{""constant_lens"": false, ""gain"": 0.25, ""lens"": ""pc1"", ""lens_scaling"": ""standardize"", ""min_cluster_size"": 16, ""min_samples"": 5, ""n_class"": 1142, ""n_edges"": 6, ""n_intervals"": 7, ""n_vertices"": 7, ""noise_reassigned"": 1324, ""placement"": ""uniform"", ""slabs"": [{""k"": 1, ""n"": 128}, {""k"": 1, ""n"": 268}, {""k"": 1, ""n"": 258}, {""k"": 1, ""n"": 261}, {""k"": 1, ""n"": 241}, {""k"": 1, ""n"": 205}, {""k"": 1, ""n"": 77}]}, {""constant_lens"": false, ""gain"": 0.25, ""lens"": ""pc1"", ""lens_scaling"": ""standardize"", ""min_cluster_size"": 16, ""min_samples"": 5, ""n_class"": 1116, ""n_edges"": 6, ""n_intervals"": 7, ""n_vertices"": 7, ""noise_reassigned"": 1243, ""placement"": ""quantile"", ""slabs"": [{""k"": 1, ""n"": 180}, {""k"": 1, ""n"": 199}, {""k"": 1, ""n"": 199}, {""k"": 1, ""n"": 200}, {""k"": 1, ""n"": 199}, {""k"": 1, ""n"": 199}, {""k"": 1, ""n"": 180}]}, {""constant_lens"": false, ""gain"": 0.25, ""lens"": ""pc1"", ""lens_scaling"": ""standardize"", ""min_cluster_size"": 16, ""min_samples"": 5, ""n_class"": 1117, ""n_edges"": 6, ""n_intervals"": 7, ""n_vertices"": 7, ""noise_reassigned"": 1282, ""placement"": ""uniform"", ""slabs"": [{""k"": 1, ""n"": 111}, {""k"": 1, ""n"": 259}, {""k"": 1, ""n"": 252}, {""k"": 1, ""n"": 253}, {""k"": 1, ""n"": 278}, {""k"": 1, ""n"": 208}, {""k"": 1, ""n"": 37}]}], ""soundness_bound_holds"": true, ""step_rule"": ""scale_free"", ""topology_retention_nerve_to_frozen"": {""beta0_frozen"": 7, ""beta0_nerve"": 3, ""beta1_frozen"": 0, ""beta1_nerve"": 0}}",True
0.8,90,False,0.02,0.02,,4.407399000017904,4.407399000017904,0.0,waveform,0,,SPINE+Graph,10,90,500,4500,0.98,467606853,False,"{""admission"": {""criterion"": ""risk"", ""removed_risk"": 4, ""removed_support"": 0}, ""betti_final"": [[2, 0], [3, 0], [2, 0]], ""betti_frozen"": [[2, 0], [3, 0], [2, 0]], ""betti_nerve"": [[1, 0], [1, 0], [1, 0]], ""boundary_restriction"": ""both"", ""forced_removals"": 0, ""growth_representation_fallbacks"": 8, ""invariant_held"": true, ""n_segments"": 83, ""n_train_fit"": 3375, ""n_val"": 1125, ""phase0"": [{""constant_lens"": false, ""gain"": 0.25, ""lens"": ""pc1"", ""lens_scaling"": ""standardize"", ""min_cluster_size"": 16, ""min_samples"": 5, ""n_class"": 1142, ""n_edges"": 6, ""n_intervals"": 7, ""n_vertices"": 7, ""noise_reassigned"": 1324, ""placement"": ""uniform"", ""slabs"": [{""k"": 1, ""n"": 128}, {""k"": 1, ""n"": 268}, {""k"": 1, ""n"": 258}, {""k"": 1, ""n"": 261}, {""k"": 1, ""n"": 241}, {""k"": 1, ""n"": 205}, {""k"": 1, ""n"": 77}]}, {""constant_lens"": false, ""gain"": 0.25, ""lens"": ""pc1"", ""lens_scaling"": ""standardize"", ""min_cluster_size"": 16, ""min_samples"": 5, ""n_class"": 1116, ""n_edges"": 6, ""n_intervals"": 7, ""n_vertices"": 7, ""noise_reassigned"": 1243, ""placement"": ""quantile"", ""slabs"": [{""k"": 1, ""n"": 180}, {""k"": 1, ""n"": 199}, {""k"": 1, ""n"": 199}, {""k"": 1, ""n"": 200}, {""k"": 1, ""n"": 199}, {""k"": 1, ""n"": 199}, {""k"": 1, ""n"": 180}]}, {""constant_lens"": false, ""gain"": 0.25, ""lens"": ""pc1"", ""lens_scaling"": ""standardize"", ""min_cluster_size"": 16, ""min_samples"": 5, ""n_class"": 1117, ""n_edges"": 6, ""n_intervals"": 7, ""n_vertices"": 7, ""noise_reassigned"": 1282, ""placement"": ""uniform"", ""slabs"": [{""k"": 1, ""n"": 111}, {""k"": 1, ""n"": 259}, {""k"": 1, ""n"": 252}, {""k"": 1, ""n"": 253}, {""k"": 1, ""n"": 278}, {""k"": 1, ""n"": 208}, {""k"": 1, ""n"": 37}]}], ""soundness_bound_holds"": true, ""step_rule"": ""scale_free"", ""topology_retention_nerve_to_frozen"": {""beta0_frozen"": 7, ""beta0_nerve"": 3, ""beta1_frozen"": 0, ""beta1_nerve"": 0}}",True
0.806,90,False,0.02,0.02,,2.853700999985449,55.32911599997897,52.47541499999352,waveform,0,"{""epsilon"": 0.3, ""window"": 0.3}",LVQ3,10,90,500,4500,0.98,467606853,False,,True
0.782,90,False,0.02,0.02,"{""0"": 30, ""1"": 30, ""2"": 30}",1.8766779999714345,1.8766779999714345,0.0,waveform,0,,KMeans,10,90,500,4500,0.98,467606853,False,,True
0.66,90,False,0.02,0.02,"{""0"": 30, ""1"": 30, ""2"": 30}",0.0010379999876022339,0.0010379999876022339,0.0,waveform,0,,Random,10,90,500,4500,0.98,467606853,False,,True
0.674,90,False,0.02,0.02,,1.5921659999876283,1.5921659999876283,0.0,waveform,0,,SPOT,10,90,500,4500,0.98,467606853,False,,True
0.832,90,False,0.02,0.02,,11.43545799999265,11.43545799999265,0.0,waveform,0,,GLVQ,10,90,500,4500,0.98,467606853,False,,True
0.802,90,False,0.02,0.02,,2.025484999991022,2.025484999991022,0.0,waveform,0,,GNG,10,90,500,4500,0.98,467606853,False,,True
0.704,225,False,0.05,0.05,,0.00021199998445808887,0.00021199998445808887,0.0,waveform,0,,Full,10,4500,500,4500,0.0,467606853,True,,False
0.77,225,False,0.05,0.05,,1.599910999997519,1.599910999997519,0.0,waveform,0,,RSP3,10,2611,500,4500,0.4197777777777778,467606853,True,,False
0.714,225,False,0.05,0.05,,1.6041660000337288,1.6041660000337288,0.0,waveform,0,,RHC,10,359,500,4500,0.9202222222222223,467606853,True,,False
0.83,225,False,0.05,0.05,,5.772835000010673,5.772835000010673,0.0,waveform,0,,SPINE+1NN,10,225,500,4500,0.95,467606853,False,"{""admission"": {""criterion"": ""risk"", ""removed_risk"": 4, ""removed_support"": 0}, ""betti_final"": [[2, 0], [3, 0], [2, 0]], ""betti_frozen"": [[2, 0], [3, 0], [2, 0]], ""betti_nerve"": [[1, 0], [1, 0], [1, 0]], ""boundary_restriction"": ""both"", ""forced_removals"": 0, ""growth_representation_fallbacks"": 58, ""invariant_held"": true, ""n_segments"": 218, ""n_train_fit"": 3375, ""n_val"": 1125, ""phase0"": [{""constant_lens"": false, ""gain"": 0.25, ""lens"": ""pc1"", ""lens_scaling"": ""standardize"", ""min_cluster_size"": 16, ""min_samples"": 5, ""n_class"": 1142, ""n_edges"": 6, ""n_intervals"": 7, ""n_vertices"": 7, ""noise_reassigned"": 1324, ""placement"": ""uniform"", ""slabs"": [{""k"": 1, ""n"": 128}, {""k"": 1, ""n"": 268}, {""k"": 1, ""n"": 258}, {""k"": 1, ""n"": 261}, {""k"": 1, ""n"": 241}, {""k"": 1, ""n"": 205}, {""k"": 1, ""n"": 77}]}, {""constant_lens"": false, ""gain"": 0.25, ""lens"": ""pc1"", ""lens_scaling"": ""standardize"", ""min_cluster_size"": 16, ""min_samples"": 5, ""n_class"": 1116, ""n_edges"": 6, ""n_intervals"": 7, ""n_vertices"": 7, ""noise_reassigned"": 1243, ""placement"": ""quantile"", ""slabs"": [{""k"": 1, ""n"": 180}, {""k"": 1, ""n"": 199}, {""k"": 1, ""n"": 199}, {""k"": 1, ""n"": 200}, {""k"": 1, ""n"": 199}, {""k"": 1, ""n"": 199}, {""k"": 1, ""n"": 180}]}, {""constant_lens"": false, ""gain"": 0.25, ""lens"": ""pc1"", ""lens_scaling"": ""standardize"", ""min_cluster_size"": 16, ""min_samples"": 5, ""n_class"": 1117, ""n_edges"": 6, ""n_intervals"": 7, ""n_vertices"": 7, ""noise_reassigned"": 1282, ""placement"": ""uniform"", ""slabs"": [{""k"": 1, ""n"": 111}, {""k"": 1, ""n"": 259}, {""k"": 1, ""n"": 252}, {""k"": 1, ""n"": 253}, {""k"": 1, ""n"": 278}, {""k"": 1, ""n"": 208}, {""k"": 1, ""n"": 37}]}], ""soundness_bound_holds"": true, ""step_rule"": ""scale_free"", ""topology_retention_nerve_to_frozen"": {""beta0_frozen"": 7, ""beta0_nerve"": 3, ""beta1_frozen"": 0, ""beta1_nerve"": 0}}",True
0.812,225,False,0.05,0.05,,5.772835000010673,5.772835000010673,0.0,waveform,0,,SPINE+Graph,10,225,500,4500,0.95,467606853,False,"{""admission"": {""criterion"": ""risk"", ""removed_risk"": 4, ""removed_support"": 0}, ""betti_final"": [[2, 0], [3, 0], [2, 0]], ""betti_frozen"": [[2, 0], [3, 0], [2, 0]], ""betti_nerve"": [[1, 0], [1, 0], [1, 0]], ""boundary_restriction"": ""both"", ""forced_removals"": 0, ""growth_representation_fallbacks"": 58, ""invariant_held"": true, ""n_segments"": 218, ""n_train_fit"": 3375, ""n_val"": 1125, ""phase0"": [{""constant_lens"": false, ""gain"": 0.25, ""lens"": ""pc1"", ""lens_scaling"": ""standardize"", ""min_cluster_size"": 16, ""min_samples"": 5, ""n_class"": 1142, ""n_edges"": 6, ""n_intervals"": 7, ""n_vertices"": 7, ""noise_reassigned"": 1324, ""placement"": ""uniform"", ""slabs"": [{""k"": 1, ""n"": 128}, {""k"": 1, ""n"": 268}, {""k"": 1, ""n"": 258}, {""k"": 1, ""n"": 261}, {""k"": 1, ""n"": 241}, {""k"": 1, ""n"": 205}, {""k"": 1, ""n"": 77}]}, {""constant_lens"": false, ""gain"": 0.25, ""lens"": ""pc1"", ""lens_scaling"": ""standardize"", ""min_cluster_size"": 16, ""min_samples"": 5, ""n_class"": 1116, ""n_edges"": 6, ""n_intervals"": 7, ""n_vertices"": 7, ""noise_reassigned"": 1243, ""placement"": ""quantile"", ""slabs"": [{""k"": 1, ""n"": 180}, {""k"": 1, ""n"": 199}, {""k"": 1, ""n"": 199}, {""k"": 1, ""n"": 200}, {""k"": 1, ""n"": 199}, {""k"": 1, ""n"": 199}, {""k"": 1, ""n"": 180}]}, {""constant_lens"": false, ""gain"": 0.25, ""lens"": ""pc1"", ""lens_scaling"": ""standardize"", ""min_cluster_size"": 16, ""min_samples"": 5, ""n_class"": 1117, ""n_edges"": 6, ""n_intervals"": 7, ""n_vertices"": 7, ""noise_reassigned"": 1282, ""placement"": ""uniform"", ""slabs"": [{""k"": 1, ""n"": 111}, {""k"": 1, ""n"": 259}, {""k"": 1, ""n"": 252}, {""k"": 1, ""n"": 253}, {""k"": 1, ""n"": 278}, {""k"": 1, ""n"": 208}, {""k"": 1, ""n"": 37}]}], ""soundness_bound_holds"": true, ""step_rule"": ""scale_free"", ""topology_retention_nerve_to_frozen"": {""beta0_frozen"": 7, ""beta0_nerve"": 3, ""beta1_frozen"": 0, ""beta1_nerve"": 0}}",True
0.806,225,False,0.05,0.05,,3.9713950000004843,72.47242100001313,68.50102600001264,waveform,0,"{""epsilon"": 0.3, ""window"": 0.3}",LVQ3,10,225,500,4500,0.95,467606853,False,,True
0.77,225,False,0.05,0.05,"{""0"": 76, ""1"": 74, ""2"": 75}",2.6507099999580532,2.6507099999580532,0.0,waveform,0,,KMeans,10,225,500,4500,0.95,467606853,False,,True
0.67,225,False,0.05,0.05,"{""0"": 76, ""1"": 74, ""2"": 75}",0.0011620000004768372,0.0011620000004768372,0.0,waveform,0,,Random,10,225,500,4500,0.95,467606853,False,,True
0.666,225,False,0.05,0.05,,1.6697089999797754,1.6697089999797754,0.0,waveform,0,,SPOT,10,225,500,4500,0.95,467606853,False,,True
0.834,225,False,0.05,0.05,,24.361448999959975,24.361448999959975,0.0,waveform,0,,GLVQ,10,225,500,4500,0.95,467606853,False,,True
0.796,225,False,0.05,0.05,,4.311189999978524,4.311189999978524,0.0,waveform,0,,GNG,10,225,500,4500,0.95,467606853,False,,True
0.704,450,False,0.1,0.1,,0.00021199998445808887,0.00021199998445808887,0.0,waveform,0,,Full,10,4500,500,4500,0.0,467606853,True,,False
0.77,450,False,0.1,0.1,,1.599910999997519,1.599910999997519,0.0,waveform,0,,RSP3,10,2611,500,4500,0.4197777777777778,467606853,True,,False
0.714,450,False,0.1,0.1,,1.6041660000337288,1.6041660000337288,0.0,waveform,0,,RHC,10,359,500,4500,0.9202222222222223,467606853,True,,False
0.804,450,False,0.1,0.1,,9.621029999980237,9.621029999980237,0.0,waveform,0,,SPINE+1NN,10,450,500,4500,0.9,467606853,False,"{""admission"": {""criterion"": ""risk"", ""removed_risk"": 4, ""removed_support"": 0}, ""betti_final"": [[2, 0], [3, 0], [2, 0]], ""betti_frozen"": [[2, 0], [3, 0], [2, 0]], ""betti_nerve"": [[1, 0], [1, 0], [1, 0]], ""boundary_restriction"": ""both"", ""forced_removals"": 0, ""growth_representation_fallbacks"": 259, ""invariant_held"": true, ""n_segments"": 443, ""n_train_fit"": 3375, ""n_val"": 1125, ""phase0"": [{""constant_lens"": false, ""gain"": 0.25, ""lens"": ""pc1"", ""lens_scaling"": ""standardize"", ""min_cluster_size"": 16, ""min_samples"": 5, ""n_class"": 1142, ""n_edges"": 6, ""n_intervals"": 7, ""n_vertices"": 7, ""noise_reassigned"": 1324, ""placement"": ""uniform"", ""slabs"": [{""k"": 1, ""n"": 128}, {""k"": 1, ""n"": 268}, {""k"": 1, ""n"": 258}, {""k"": 1, ""n"": 261}, {""k"": 1, ""n"": 241}, {""k"": 1, ""n"": 205}, {""k"": 1, ""n"": 77}]}, {""constant_lens"": false, ""gain"": 0.25, ""lens"": ""pc1"", ""lens_scaling"": ""standardize"", ""min_cluster_size"": 16, ""min_samples"": 5, ""n_class"": 1116, ""n_edges"": 6, ""n_intervals"": 7, ""n_vertices"": 7, ""noise_reassigned"": 1243, ""placement"": ""quantile"", ""slabs"": [{""k"": 1, ""n"": 180}, {""k"": 1, ""n"": 199}, {""k"": 1, ""n"": 199}, {""k"": 1, ""n"": 200}, {""k"": 1, ""n"": 199}, {""k"": 1, ""n"": 199}, {""k"": 1, ""n"": 180}]}, {""constant_lens"": false, ""gain"": 0.25, ""lens"": ""pc1"", ""lens_scaling"": ""standardize"", ""min_cluster_size"": 16, ""min_samples"": 5, ""n_class"": 1117, ""n_edges"": 6, ""n_intervals"": 7, ""n_vertices"": 7, ""noise_reassigned"": 1282, ""placement"": ""uniform"", ""slabs"": [{""k"": 1, ""n"": 111}, {""k"": 1, ""n"": 259}, {""k"": 1, ""n"": 252}, {""k"": 1, ""n"": 253}, {""k"": 1, ""n"": 278}, {""k"": 1, ""n"": 208}, {""k"": 1, ""n"": 37}]}], ""soundness_bound_holds"": true, ""step_rule"": ""scale_free"", ""topology_retention_nerve_to_frozen"": {""beta0_frozen"": 7, ""beta0_nerve"": 3, ""beta1_frozen"": 0, ""beta1_nerve"": 0}}",True
0.812,450,False,0.1,0.1,,9.621029999980237,9.621029999980237,0.0,waveform,0,,SPINE+Graph,10,450,500,4500,0.9,467606853,False,"{""admission"": {""criterion"": ""risk"", ""removed_risk"": 4, ""removed_support"": 0}, ""betti_final"": [[2, 0], [3, 0], [2, 0]], ""betti_frozen"": [[2, 0], [3, 0], [2, 0]], ""betti_nerve"": [[1, 0], [1, 0], [1, 0]], ""boundary_restriction"": ""both"", ""forced_removals"": 0, ""growth_representation_fallbacks"": 259, ""invariant_held"": true, ""n_segments"": 443, ""n_train_fit"": 3375, ""n_val"": 1125, ""phase0"": [{""constant_lens"": false, ""gain"": 0.25, ""lens"": ""pc1"", ""lens_scaling"": ""standardize"", ""min_cluster_size"": 16, ""min_samples"": 5, ""n_class"": 1142, ""n_edges"": 6, ""n_intervals"": 7, ""n_vertices"": 7, ""noise_reassigned"": 1324, ""placement"": ""uniform"", ""slabs"": [{""k"": 1, ""n"": 128}, {""k"": 1, ""n"": 268}, {""k"": 1, ""n"": 258}, {""k"": 1, ""n"": 261}, {""k"": 1, ""n"": 241}, {""k"": 1, ""n"": 205}, {""k"": 1, ""n"": 77}]}, {""constant_lens"": false, ""gain"": 0.25, ""lens"": ""pc1"", ""lens_scaling"": ""standardize"", ""min_cluster_size"": 16, ""min_samples"": 5, ""n_class"": 1116, ""n_edges"": 6, ""n_intervals"": 7, ""n_vertices"": 7, ""noise_reassigned"": 1243, ""placement"": ""quantile"", ""slabs"": [{""k"": 1, ""n"": 180}, {""k"": 1, ""n"": 199}, {""k"": 1, ""n"": 199}, {""k"": 1, ""n"": 200}, {""k"": 1, ""n"": 199}, {""k"": 1, ""n"": 199}, {""k"": 1, ""n"": 180}]}, {""constant_lens"": false, ""gain"": 0.25, ""lens"": ""pc1"", ""lens_scaling"": ""standardize"", ""min_cluster_size"": 16, ""min_samples"": 5, ""n_class"": 1117, ""n_edges"": 6, ""n_intervals"": 7, ""n_vertices"": 7, ""noise_reassigned"": 1282, ""placement"": ""uniform"", ""slabs"": [{""k"": 1, ""n"": 111}, {""k"": 1, ""n"": 259}, {""k"": 1, ""n"": 252}, {""k"": 1, ""n"": 253}, {""k"": 1, ""n"": 278}, {""k"": 1, ""n"": 208}, {""k"": 1, ""n"": 37}]}], ""soundness_bound_holds"": true, ""step_rule"": ""scale_free"", ""topology_retention_nerve_to_frozen"": {""beta0_frozen"": 7, ""beta0_nerve"": 3, ""beta1_frozen"": 0, ""beta1_nerve"": 0}}",True
0.774,450,False,0.1,0.1,,5.538647000037599,100.3047690000385,94.7661220000009,waveform,0,"{""epsilon"": 0.1, ""window"": 0.2}",LVQ3,10,450,500,4500,0.9,467606853,False,,True
0.762,450,False,0.1,0.1,"{""0"": 152, ""1"": 149, ""2"": 149}",4.579005000006873,4.579005000006873,0.0,waveform,0,,KMeans,10,450,500,4500,0.9,467606853,False,,True
0.682,450,False,0.1,0.1,"{""0"": 152, ""1"": 149, ""2"": 149}",0.0013410000246949494,0.0013410000246949494,0.0,waveform,0,,Random,10,450,500,4500,0.9,467606853,False,,True
0.692,450,False,0.1,0.1,,1.6949669999885373,1.6949669999885373,0.0,waveform,0,,SPOT,10,450,500,4500,0.9,467606853,False,,True
0.816,450,False,0.1,0.1,,45.8330689999857,45.8330689999857,0.0,waveform,0,,GLVQ,10,450,500,4500,0.9,467606853,False,,True
0.772,450,False,0.1,0.1,,11.129407999978866,11.129407999978866,0.0,waveform,0,,GNG,10,450,500,4500,0.9,467606853,False,,True
0.704,1125,False,0.25,0.25,,0.00021199998445808887,0.00021199998445808887,0.0,waveform,0,,Full,10,4500,500,4500,0.0,467606853,True,,False
0.77,1125,False,0.25,0.25,,1.599910999997519,1.599910999997519,0.0,waveform,0,,RSP3,10,2611,500,4500,0.4197777777777778,467606853,True,,False
0.714,1125,False,0.25,0.25,,1.6041660000337288,1.6041660000337288,0.0,waveform,0,,RHC,10,359,500,4500,0.9202222222222223,467606853,True,,False
0.822,1125,False,0.25,0.25,,35.62066800001776,35.62066800001776,0.0,waveform,0,,SPINE+1NN,10,1125,500,4500,0.75,467606853,False,"{""admission"": {""criterion"": ""risk"", ""removed_risk"": 4, ""removed_support"": 0}, ""betti_final"": [[2, 0], [3, 0], [2, 0]], ""betti_frozen"": [[2, 0], [3, 0], [2, 0]], ""betti_nerve"": [[1, 0], [1, 0], [1, 0]], ""boundary_restriction"": ""both"", ""forced_removals"": 0, ""growth_representation_fallbacks"": 1040, ""invariant_held"": true, ""n_segments"": 1118, ""n_train_fit"": 3375, ""n_val"": 1125, ""phase0"": [{""constant_lens"": false, ""gain"": 0.25, ""lens"": ""pc1"", ""lens_scaling"": ""standardize"", ""min_cluster_size"": 16, ""min_samples"": 5, ""n_class"": 1142, ""n_edges"": 6, ""n_intervals"": 7, ""n_vertices"": 7, ""noise_reassigned"": 1324, ""placement"": ""uniform"", ""slabs"": [{""k"": 1, ""n"": 128}, {""k"": 1, ""n"": 268}, {""k"": 1, ""n"": 258}, {""k"": 1, ""n"": 261}, {""k"": 1, ""n"": 241}, {""k"": 1, ""n"": 205}, {""k"": 1, ""n"": 77}]}, {""constant_lens"": false, ""gain"": 0.25, ""lens"": ""pc1"", ""lens_scaling"": ""standardize"", ""min_cluster_size"": 16, ""min_samples"": 5, ""n_class"": 1116, ""n_edges"": 6, ""n_intervals"": 7, ""n_vertices"": 7, ""noise_reassigned"": 1243, ""placement"": ""quantile"", ""slabs"": [{""k"": 1, ""n"": 180}, {""k"": 1, ""n"": 199}, {""k"": 1, ""n"": 199}, {""k"": 1, ""n"": 200}, {""k"": 1, ""n"": 199}, {""k"": 1, ""n"": 199}, {""k"": 1, ""n"": 180}]}, {""constant_lens"": false, ""gain"": 0.25, ""lens"": ""pc1"", ""lens_scaling"": ""standardize"", ""min_cluster_size"": 16, ""min_samples"": 5, ""n_class"": 1117, ""n_edges"": 6, ""n_intervals"": 7, ""n_vertices"": 7, ""noise_reassigned"": 1282, ""placement"": ""uniform"", ""slabs"": [{""k"": 1, ""n"": 111}, {""k"": 1, ""n"": 259}, {""k"": 1, ""n"": 252}, {""k"": 1, ""n"": 253}, {""k"": 1, ""n"": 278}, {""k"": 1, ""n"": 208}, {""k"": 1, ""n"": 37}]}], ""soundness_bound_holds"": true, ""step_rule"": ""scale_free"", ""topology_retention_nerve_to_frozen"": {""beta0_frozen"": 7, ""beta0_nerve"": 3, ""beta1_frozen"": 0, ""beta1_nerve"": 0}}",True
0.81,1125,False,0.25,0.25,,35.62066800001776,35.62066800001776,0.0,waveform,0,,SPINE+Graph,10,1125,500,4500,0.75,467606853,False,"{""admission"": {""criterion"": ""risk"", ""removed_risk"": 4, ""removed_support"": 0}, ""betti_final"": [[2, 0], [3, 0], [2, 0]], ""betti_frozen"": [[2, 0], [3, 0], [2, 0]], ""betti_nerve"": [[1, 0], [1, 0], [1, 0]], ""boundary_restriction"": ""both"", ""forced_removals"": 0, ""growth_representation_fallbacks"": 1040, ""invariant_held"": true, ""n_segments"": 1118, ""n_train_fit"": 3375, ""n_val"": 1125, ""phase0"": [{""constant_lens"": false, ""gain"": 0.25, ""lens"": ""pc1"", ""lens_scaling"": ""standardize"", ""min_cluster_size"": 16, ""min_samples"": 5, ""n_class"": 1142, ""n_edges"": 6, ""n_intervals"": 7, ""n_vertices"": 7, ""noise_reassigned"": 1324, ""placement"": ""uniform"", ""slabs"": [{""k"": 1, ""n"": 128}, {""k"": 1, ""n"": 268}, {""k"": 1, ""n"": 258}, {""k"": 1, ""n"": 261}, {""k"": 1, ""n"": 241}, {""k"": 1, ""n"": 205}, {""k"": 1, ""n"": 77}]}, {""constant_lens"": false, ""gain"": 0.25, ""lens"": ""pc1"", ""lens_scaling"": ""standardize"", ""min_cluster_size"": 16, ""min_samples"": 5, ""n_class"": 1116, ""n_edges"": 6, ""n_intervals"": 7, ""n_vertices"": 7, ""noise_reassigned"": 1243, ""placement"": ""quantile"", ""slabs"": [{""k"": 1, ""n"": 180}, {""k"": 1, ""n"": 199}, {""k"": 1, ""n"": 199}, {""k"": 1, ""n"": 200}, {""k"": 1, ""n"": 199}, {""k"": 1, ""n"": 199}, {""k"": 1, ""n"": 180}]}, {""constant_lens"": false, ""gain"": 0.25, ""lens"": ""pc1"", ""lens_scaling"": ""standardize"", ""min_cluster_size"": 16, ""min_samples"": 5, ""n_class"": 1117, ""n_edges"": 6, ""n_intervals"": 7, ""n_vertices"": 7, ""noise_reassigned"": 1282, ""placement"": ""uniform"", ""slabs"": [{""k"": 1, ""n"": 111}, {""k"": 1, ""n"": 259}, {""k"": 1, ""n"": 252}, {""k"": 1, ""n"": 253}, {""k"": 1, ""n"": 278}, {""k"": 1, ""n"": 208}, {""k"": 1, ""n"": 37}]}], ""soundness_bound_holds"": true, ""step_rule"": ""scale_free"", ""topology_retention_nerve_to_frozen"": {""beta0_frozen"": 7, ""beta0_nerve"": 3, ""beta1_frozen"": 0, ""beta1_nerve"": 0}}",True
0.776,1125,False,0.25,0.25,,12.579912000044715,218.1613130000187,205.581400999974,waveform,0,"{""epsilon"": 0.1, ""window"": 0.2}",LVQ3,10,1125,500,4500,0.75,467606853,False,,True
0.776,1125,False,0.25,0.25,"{""0"": 381, ""1"": 372, ""2"": 372}",10.634445999981835,10.634445999981835,0.0,waveform,0,,KMeans,10,1125,500,4500,0.75,467606853,False,,True
0.664,1125,False,0.25,0.25,"{""0"": 381, ""1"": 372, ""2"": 372}",0.001880000054370612,0.001880000054370612,0.0,waveform,0,,Random,10,1125,500,4500,0.75,467606853,False,,True
0.702,1125,False,0.25,0.25,,1.7352860000100918,1.7352860000100918,0.0,waveform,0,,SPOT,10,1125,500,4500,0.75,467606853,False,,True
0.824,1125,False,0.25,0.25,,111.50908299995353,111.50908299995353,0.0,waveform,0,,GLVQ,10,1125,500,4500,0.75,467606853,False,,True
0.746,1125,False,0.25,0.25,,52.92144399997778,52.92144399997778,0.0,waveform,0,,GNG,10,1125,500,4500,0.75,467606853,False,,True
0.728,23,False,0.005111111111111111,0.005,,0.0002109999768435955,0.0002109999768435955,0.0,waveform,1,,Full,10,4500,500,4500,0.0,468606856,False,,False
0.732,23,False,0.005111111111111111,0.005,,1.6210350000183098,1.6210350000183098,0.0,waveform,1,,RSP3,10,2653,500,4500,0.4104444444444444,468606856,False,,False
0.732,23,False,0.005111111111111111,0.005,,1.6423110000323504,1.6423110000323504,0.0,waveform,1,,RHC,10,373,500,4500,0.9171111111111111,468606856,False,,False
0.794,23,False,0.005111111111111111,0.005,,3.6557999999495223,3.6557999999495223,0.0,waveform,1,,SPINE+1NN,10,23,500,4500,0.9948888888888889,468606856,False,"{""admission"": {""criterion"": ""risk"", ""removed_risk"": 1, ""removed_support"": 0}, ""betti_final"": [[2, 0], [1, 0], [1, 0]], ""betti_frozen"": [[2, 0], [1, 0], [1, 0]], ""betti_nerve"": [[1, 0], [1, 0], [1, 0]], ""boundary_restriction"": ""both"", ""forced_removals"": 0, ""growth_representation_fallbacks"": 0, ""invariant_held"": true, ""n_segments"": 19, ""n_train_fit"": 3375, ""n_val"": 1125, ""phase0"": [{""constant_lens"": false, ""gain"": 0.25, ""lens"": ""pc1"", ""lens_scaling"": ""standardize"", ""min_cluster_size"": 16, ""min_samples"": 5, ""n_class"": 1142, ""n_edges"": 6, ""n_intervals"": 7, ""n_vertices"": 7, ""noise_reassigned"": 1333, ""placement"": ""uniform"", ""slabs"": [{""k"": 1, ""n"": 115}, {""k"": 1, ""n"": 253}, {""k"": 1, ""n"": 268}, {""k"": 1, ""n"": 277}, {""k"": 1, ""n"": 248}, {""k"": 1, ""n"": 201}, {""k"": 1, ""n"": 85}]}, {""constant_lens"": false, ""gain"": 0.25, ""lens"": ""pc1"", ""lens_scaling"": ""standardize"", ""min_cluster_size"": 16, ""min_samples"": 5, ""n_class"": 1116, ""n_edges"": 6, ""n_intervals"": 7, ""n_vertices"": 7, ""noise_reassigned"": 1278, ""placement"": ""uniform"", ""slabs"": [{""k"": 1, ""n"": 107}, {""k"": 1, ""n"": 252}, {""k"": 1, ""n"": 264}, {""k"": 1, ""n"": 277}, {""k"": 1, ""n"": 244}, {""k"": 1, ""n"": 193}, {""k"": 1, ""n"": 53}]}, {""constant_lens"": false, ""gain"": 0.25, ""lens"": ""pc1"", ""lens_scaling"": ""standardize"", ""min_cluster_size"": 16, ""min_samples"": 5, ""n_class"": 1117, ""n_edges"": 6, ""n_intervals"": 7, ""n_vertices"": 7, ""noise_reassigned"": 1301, ""placement"": ""uniform"", ""slabs"": [{""k"": 1, ""n"": 95}, {""k"": 1, ""n"": 247}, {""k"": 1, ""n"": 257}, {""k"": 1, ""n"": 270}, {""k"": 1, ""n"": 266}, {""k"": 1, ""n"": 224}, {""k"": 1, ""n"": 54}]}], ""soundness_bound_holds"": true, ""step_rule"": ""scale_free"", ""topology_retention_nerve_to_frozen"": {""beta0_frozen"": 4, ""beta0_nerve"": 3, ""beta1_frozen"": 0, ""beta1_nerve"": 0}}",True
0.796,23,False,0.005111111111111111,0.005,,3.6557999999495223,3.6557999999495223,0.0,waveform,1,,SPINE+Graph,10,23,500,4500,0.9948888888888889,468606856,False,"{""admission"": {""criterion"": ""risk"", ""removed_risk"": 1, ""removed_support"": 0}, ""betti_final"": [[2, 0], [1, 0], [1, 0]], ""betti_frozen"": [[2, 0], [1, 0], [1, 0]], ""betti_nerve"": [[1, 0], [1, 0], [1, 0]], ""boundary_restriction"": ""both"", ""forced_removals"": 0, ""growth_representation_fallbacks"": 0, ""invariant_held"": true, ""n_segments"": 19, ""n_train_fit"": 3375, ""n_val"": 1125, ""phase0"": [{""constant_lens"": false, ""gain"": 0.25, ""lens"": ""pc1"", ""lens_scaling"": ""standardize"", ""min_cluster_size"": 16, ""min_samples"": 5, ""n_class"": 1142, ""n_edges"": 6, ""n_intervals"": 7, ""n_vertices"": 7, ""noise_reassigned"": 1333, ""placement"": ""uniform"", ""slabs"": [{""k"": 1, ""n"": 115}, {""k"": 1, ""n"": 253}, {""k"": 1, ""n"": 268}, {""k"": 1, ""n"": 277}, {""k"": 1, ""n"": 248}, {""k"": 1, ""n"": 201}, {""k"": 1, ""n"": 85}]}, {""constant_lens"": false, ""gain"": 0.25, ""lens"": ""pc1"", ""lens_scaling"": ""standardize"", ""min_cluster_size"": 16, ""min_samples"": 5, ""n_class"": 1116, ""n_edges"": 6, ""n_intervals"": 7, ""n_vertices"": 7, ""noise_reassigned"": 1278, ""placement"": ""uniform"", ""slabs"": [{""k"": 1, ""n"": 107}, {""k"": 1, ""n"": 252}, {""k"": 1, ""n"": 264}, {""k"": 1, ""n"": 277}, {""k"": 1, ""n"": 244}, {""k"": 1, ""n"": 193}, {""k"": 1, ""n"": 53}]}, {""constant_lens"": false, ""gain"": 0.25, ""lens"": ""pc1"", ""lens_scaling"": ""standardize"", ""min_cluster_size"": 16, ""min_samples"": 5, ""n_class"": 1117, ""n_edges"": 6, ""n_intervals"": 7, ""n_vertices"": 7, ""noise_reassigned"": 1301, ""placement"": ""uniform"", ""slabs"": [{""k"": 1, ""n"": 95}, {""k"": 1, ""n"": 247}, {""k"": 1, ""n"": 257}, {""k"": 1, ""n"": 270}, {""k"": 1, ""n"": 266}, {""k"": 1, ""n"": 224}, {""k"": 1, ""n"": 54}]}], ""soundness_bound_holds"": true, ""step_rule"": ""scale_free"", ""topology_retention_nerve_to_frozen"": {""beta0_frozen"": 4, ""beta0_nerve"": 3, ""beta1_frozen"": 0, ""beta1_nerve"": 0}}",True
0.82,23,False,0.005111111111111111,0.005,,2.2477010000147857,37.32616300001973,35.07846200000495,waveform,1,"{""epsilon"": 0.3, ""window"": 0.2}",LVQ3,10,23,500,4500,0.9948888888888889,468606856,False,,True
0.792,23,False,0.005111111111111111,0.005,"{""0"": 8, ""1"": 7, ""2"": 8}",1.0694389999844134,1.0694389999844134,0.0,waveform,1,,KMeans,10,23,500,4500,0.9948888888888889,468606856,False,,True
0.594,23,False,0.005111111111111111,0.005,"{""0"": 8, ""1"": 7, ""2"": 8}",0.0010000000474974513,0.0010000000474974513,0.0,waveform,1,,Random,10,23,500,4500,0.9948888888888889,468606856,False,,True
0.706,23,False,0.005111111111111111,0.005,,1.5401900000288151,1.5401900000288151,0.0,waveform,1,,SPOT,10,23,500,4500,0.9948888888888889,468606856,False,,True
0.824,23,False,0.005111111111111111,0.005,,5.025277000037022,5.025277000037022,0.0,waveform,1,,GLVQ,10,23,500,4500,0.9948888888888889,468606856,False,,True
0.764,23,False,0.005111111111111111,0.005,,0.7543420000001788,0.7543420000001788,0.0,waveform,1,,GNG,10,23,500,4500,0.9948888888888889,468606856,False,,True
0.728,45,False,0.01,0.01,,0.0002109999768435955,0.0002109999768435955,0.0,waveform,1,,Full,10,4500,500,4500,0.0,468606856,True,,False
0.732,45,False,0.01,0.01,,1.6210350000183098,1.6210350000183098,0.0,waveform,1,,RSP3,10,2653,500,4500,0.4104444444444444,468606856,True,,False
0.732,45,False,0.01,0.01,,1.6423110000323504,1.6423110000323504,0.0,waveform,1,,RHC,10,373,500,4500,0.9171111111111111,468606856,True,,False
0.8,45,False,0.01,0.01,,4.404679999977816,4.404679999977816,0.0,waveform,1,,SPINE+1NN,10,45,500,4500,0.99,468606856,False,"{""admission"": {""criterion"": ""risk"", ""removed_risk"": 1, ""removed_support"": 0}, ""betti_final"": [[2, 0], [1, 0], [1, 0]], ""betti_frozen"": [[2, 0], [1, 0], [1, 0]], ""betti_nerve"": [[1, 0], [1, 0], [1, 0]], ""boundary_restriction"": ""both"", ""forced_removals"": 0, ""growth_representation_fallbacks"": 2, ""invariant_held"": true, ""n_segments"": 41, ""n_train_fit"": 3375, ""n_val"": 1125, ""phase0"": [{""constant_lens"": false, ""gain"": 0.25, ""lens"": ""pc1"", ""lens_scaling"": ""standardize"", ""min_cluster_size"": 16, ""min_samples"": 5, ""n_class"": 1142, ""n_edges"": 6, ""n_intervals"": 7, ""n_vertices"": 7, ""noise_reassigned"": 1333, ""placement"": ""uniform"", ""slabs"": [{""k"": 1, ""n"": 115}, {""k"": 1, ""n"": 253}, {""k"": 1, ""n"": 268}, {""k"": 1, ""n"": 277}, {""k"": 1, ""n"": 248}, {""k"": 1, ""n"": 201}, {""k"": 1, ""n"": 85}]}, {""constant_lens"": false, ""gain"": 0.25, ""lens"": ""pc1"", ""lens_scaling"": ""standardize"", ""min_cluster_size"": 16, ""min_samples"": 5, ""n_class"": 1116, ""n_edges"": 6, ""n_intervals"": 7, ""n_vertices"": 7, ""noise_reassigned"": 1278, ""placement"": ""uniform"", ""slabs"": [{""k"": 1, ""n"": 107}, {""k"": 1, ""n"": 252}, {""k"": 1, ""n"": 264}, {""k"": 1, ""n"": 277}, {""k"": 1, ""n"": 244}, {""k"": 1, ""n"": 193}, {""k"": 1, ""n"": 53}]}, {""constant_lens"": false, ""gain"": 0.25, ""lens"": ""pc1"", ""lens_scaling"": ""standardize"", ""min_cluster_size"": 16, ""min_samples"": 5, ""n_class"": 1117, ""n_edges"": 6, ""n_intervals"": 7, ""n_vertices"": 7, ""noise_reassigned"": 1301, ""placement"": ""uniform"", ""slabs"": [{""k"": 1, ""n"": 95}, {""k"": 1, ""n"": 247}, {""k"": 1, ""n"": 257}, {""k"": 1, ""n"": 270}, {""k"": 1, ""n"": 266}, {""k"": 1, ""n"": 224}, {""k"": 1, ""n"": 54}]}], ""soundness_bound_holds"": true, ""step_rule"": ""scale_free"", ""topology_retention_nerve_to_frozen"": {""beta0_frozen"": 4, ""beta0_nerve"": 3, ""beta1_frozen"": 0, ""beta1_nerve"": 0}}",True
0.802,45,False,0.01,0.01,,4.404679999977816,4.404679999977816,0.0,waveform,1,,SPINE+Graph,10,45,500,4500,0.99,468606856,False,"{""admission"": {""criterion"": ""risk"", ""removed_risk"": 1, ""removed_support"": 0}, ""betti_final"": [[2, 0], [1, 0], [1, 0]], ""betti_frozen"": [[2, 0], [1, 0], [1, 0]], ""betti_nerve"": [[1, 0], [1, 0], [1, 0]], ""boundary_restriction"": ""both"", ""forced_removals"": 0, ""growth_representation_fallbacks"": 2, ""invariant_held"": true, ""n_segments"": 41, ""n_train_fit"": 3375, ""n_val"": 1125, ""phase0"": [{""constant_lens"": false, ""gain"": 0.25, ""lens"": ""pc1"", ""lens_scaling"": ""standardize"", ""min_cluster_size"": 16, ""min_samples"": 5, ""n_class"": 1142, ""n_edges"": 6, ""n_intervals"": 7, ""n_vertices"": 7, ""noise_reassigned"": 1333, ""placement"": ""uniform"", ""slabs"": [{""k"": 1, ""n"": 115}, {""k"": 1, ""n"": 253}, {""k"": 1, ""n"": 268}, {""k"": 1, ""n"": 277}, {""k"": 1, ""n"": 248}, {""k"": 1, ""n"": 201}, {""k"": 1, ""n"": 85}]}, {""constant_lens"": false, ""gain"": 0.25, ""lens"": ""pc1"", ""lens_scaling"": ""standardize"", ""min_cluster_size"": 16, ""min_samples"": 5, ""n_class"": 1116, ""n_edges"": 6, ""n_intervals"": 7, ""n_vertices"": 7, ""noise_reassigned"": 1278, ""placement"": ""uniform"", ""slabs"": [{""k"": 1, ""n"": 107}, {""k"": 1, ""n"": 252}, {""k"": 1, ""n"": 264}, {""k"": 1, ""n"": 277}, {""k"": 1, ""n"": 244}, {""k"": 1, ""n"": 193}, {""k"": 1, ""n"": 53}]}, {""constant_lens"": false, ""gain"": 0.25, ""lens"": ""pc1"", ""lens_scaling"": ""standardize"", ""min_cluster_size"": 16, ""min_samples"": 5, ""n_class"": 1117, ""n_edges"": 6, ""n_intervals"": 7, ""n_vertices"": 7, ""noise_reassigned"": 1301, ""placement"": ""uniform"", ""slabs"": [{""k"": 1, ""n"": 95}, {""k"": 1, ""n"": 247}, {""k"": 1, ""n"": 257}, {""k"": 1, ""n"": 270}, {""k"": 1, ""n"": 266}, {""k"": 1, ""n"": 224}, {""k"": 1, ""n"": 54}]}], ""soundness_bound_holds"": true, ""step_rule"": ""scale_free"", ""topology_retention_nerve_to_frozen"": {""beta0_frozen"": 4, ""beta0_nerve"": 3, ""beta1_frozen"": 0, ""beta1_nerve"": 0}}",True
0.826,45,False,0.01,0.01,,2.3957890000310726,46.04216000001179,43.64637099998072,waveform,1,"{""epsilon"": 0.1, ""window"": 0.3}",LVQ3,10,45,500,4500,0.99,468606856,False,,True
0.772,45,False,0.01,0.01,"{""0"": 15, ""1"": 15, ""2"": 15}",1.1599099999875762,1.1599099999875762,0.0,waveform,1,,KMeans,10,45,500,4500,0.99,468606856,False,,True
0.632,45,False,0.01,0.01,"{""0"": 15, ""1"": 15, ""2"": 15}",0.0010520000359974802,0.0010520000359974802,0.0,waveform,1,,Random,10,45,500,4500,0.99,468606856,False,,True
0.702,45,False,0.01,0.01,,1.5915350000141189,1.5915350000141189,0.0,waveform,1,,SPOT,10,45,500,4500,0.99,468606856,False,,True
0.804,45,False,0.01,0.01,,7.11961799999699,7.11961799999699,0.0,waveform,1,,GLVQ,10,45,500,4500,0.99,468606856,False,,True
0.778,45,False,0.01,0.01,,1.5913370000198483,1.5913370000198483,0.0,waveform,1,,GNG,10,45,500,4500,0.99,468606856,False,,True
0.728,90,False,0.02,0.02,,0.0002109999768435955,0.0002109999768435955,0.0,waveform,1,,Full,10,4500,500,4500,0.0,468606856,True,,False
0.732,90,False,0.02,0.02,,1.6210350000183098,1.6210350000183098,0.0,waveform,1,,RSP3,10,2653,500,4500,0.4104444444444444,468606856,True,,False
0.732,90,False,0.02,0.02,,1.6423110000323504,1.6423110000323504,0.0,waveform,1,,RHC,10,373,500,4500,0.9171111111111111,468606856,True,,False
0.79,90,False,0.02,0.02,,4.669112999981735,4.669112999981735,0.0,waveform,1,,SPINE+1NN,10,90,500,4500,0.98,468606856,False,"{""admission"": {""criterion"": ""risk"", ""removed_risk"": 1, ""removed_support"": 0}, ""betti_final"": [[2, 0], [1, 0], [1, 0]], ""betti_frozen"": [[2, 0], [1, 0], [1, 0]], ""betti_nerve"": [[1, 0], [1, 0], [1, 0]], ""boundary_restriction"": ""both"", ""forced_removals"": 0, ""growth_representation_fallbacks"": 9, ""invariant_held"": true, ""n_segments"": 86, ""n_train_fit"": 3375, ""n_val"": 1125, ""phase0"": [{""constant_lens"": false, ""gain"": 0.25, ""lens"": ""pc1"", ""lens_scaling"": ""standardize"", ""min_cluster_size"": 16, ""min_samples"": 5, ""n_class"": 1142, ""n_edges"": 6, ""n_intervals"": 7, ""n_vertices"": 7, ""noise_reassigned"": 1333, ""placement"": ""uniform"", ""slabs"": [{""k"": 1, ""n"": 115}, {""k"": 1, ""n"": 253}, {""k"": 1, ""n"": 268}, {""k"": 1, ""n"": 277}, {""k"": 1, ""n"": 248}, {""k"": 1, ""n"": 201}, {""k"": 1, ""n"": 85}]}, {""constant_lens"": false, ""gain"": 0.25, ""lens"": ""pc1"", ""lens_scaling"": ""standardize"", ""min_cluster_size"": 16, ""min_samples"": 5, ""n_class"": 1116, ""n_edges"": 6, ""n_intervals"": 7, ""n_vertices"": 7, ""noise_reassigned"": 1278, ""placement"": ""uniform"", ""slabs"": [{""k"": 1, ""n"": 107}, {""k"": 1, ""n"": 252}, {""k"": 1, ""n"": 264}, {""k"": 1, ""n"": 277}, {""k"": 1, ""n"": 244}, {""k"": 1, ""n"": 193}, {""k"": 1, ""n"": 53}]}, {""constant_lens"": false, ""gain"": 0.25, ""lens"": ""pc1"", ""lens_scaling"": ""standardize"", ""min_cluster_size"": 16, ""min_samples"": 5, ""n_class"": 1117, ""n_edges"": 6, ""n_intervals"": 7, ""n_vertices"": 7, ""noise_reassigned"": 1301, ""placement"": ""uniform"", ""slabs"": [{""k"": 1, ""n"": 95}, {""k"": 1, ""n"": 247}, {""k"": 1, ""n"": 257}, {""k"": 1, ""n"": 270}, {""k"": 1, ""n"": 266}, {""k"": 1, ""n"": 224}, {""k"": 1, ""n"": 54}]}], ""soundness_bound_holds"": true, ""step_rule"": ""scale_free"", ""topology_retention_nerve_to_frozen"": {""beta0_frozen"": 4, ""beta0_nerve"": 3, ""beta1_frozen"": 0, ""beta1_nerve"": 0}}",True
0.788,90,False,0.02,0.02,,4.669112999981735,4.669112999981735,0.0,waveform,1,,SPINE+Graph,10,90,500,4500,0.98,468606856,False,"{""admission"": {""criterion"": ""risk"", ""removed_risk"": 1, ""removed_support"": 0}, ""betti_final"": [[2, 0], [1, 0], [1, 0]], ""betti_frozen"": [[2, 0], [1, 0], [1, 0]], ""betti_nerve"": [[1, 0], [1, 0], [1, 0]], ""boundary_restriction"": ""both"", ""forced_removals"": 0, ""growth_representation_fallbacks"": 9, ""invariant_held"": true, ""n_segments"": 86, ""n_train_fit"": 3375, ""n_val"": 1125, ""phase0"": [{""constant_lens"": false, ""gain"": 0.25, ""lens"": ""pc1"", ""lens_scaling"": ""standardize"", ""min_cluster_size"": 16, ""min_samples"": 5, ""n_class"": 1142, ""n_edges"": 6, ""n_intervals"": 7, ""n_vertices"": 7, ""noise_reassigned"": 1333, ""placement"": ""uniform"", ""slabs"": [{""k"": 1, ""n"": 115}, {""k"": 1, ""n"": 253}, {""k"": 1, ""n"": 268}, {""k"": 1, ""n"": 277}, {""k"": 1, ""n"": 248}, {""k"": 1, ""n"": 201}, {""k"": 1, ""n"": 85}]}, {""constant_lens"": false, ""gain"": 0.25, ""lens"": ""pc1"", ""lens_scaling"": ""standardize"", ""min_cluster_size"": 16, ""min_samples"": 5, ""n_class"": 1116, ""n_edges"": 6, ""n_intervals"": 7, ""n_vertices"": 7, ""noise_reassigned"": 1278, ""placement"": ""uniform"", ""slabs"": [{""k"": 1, ""n"": 107}, {""k"": 1, ""n"": 252}, {""k"": 1, ""n"": 264}, {""k"": 1, ""n"": 277}, {""k"": 1, ""n"": 244}, {""k"": 1, ""n"": 193}, {""k"": 1, ""n"": 53}]}, {""constant_lens"": false, ""gain"": 0.25, ""lens"": ""pc1"", ""lens_scaling"": ""standardize"", ""min_cluster_size"": 16, ""min_samples"": 5, ""n_class"": 1117, ""n_edges"": 6, ""n_intervals"": 7, ""n_vertices"": 7, ""noise_reassigned"": 1301, ""placement"": ""uniform"", ""slabs"": [{""k"": 1, ""n"": 95}, {""k"": 1, ""n"": 247}, {""k"": 1, ""n"": 257}, {""k"": 1, ""n"": 270}, {""k"": 1, ""n"": 266}, {""k"": 1, ""n"": 224}, {""k"": 1, ""n"": 54}]}], ""soundness_bound_holds"": true, ""step_rule"": ""scale_free"", ""topology_retention_nerve_to_frozen"": {""beta0_frozen"": 4, ""beta0_nerve"": 3, ""beta1_frozen"": 0, ""beta1_nerve"": 0}}",True
0.778,90,False,0.02,0.02,,2.8988980000140145,56.08249200001592,53.183594000001904,waveform,1,"{""epsilon"": 0.3, ""window"": 0.2}",LVQ3,10,90,500,4500,0.98,468606856,False,,True
0.792,90,False,0.02,0.02,"{""0"": 30, ""1"": 30, ""2"": 30}",2.13593500002753,2.13593500002753,0.0,waveform,1,,KMeans,10,90,500,4500,0.98,468606856,False,,True
0.658,90,False,0.02,0.02,"{""0"": 30, ""1"": 30, ""2"": 30}",0.0010689999908208847,0.0010689999908208847,0.0,waveform,1,,Random,10,90,500,4500,0.98,468606856,False,,True
0.72,90,False,0.02,0.02,,1.585451999970246,1.585451999970246,0.0,waveform,1,,SPOT,10,90,500,4500,0.98,468606856,False,,True
0.812,90,False,0.02,0.02,,11.378338999988046,11.378338999988046,0.0,waveform,1,,GLVQ,10,90,500,4500,0.98,468606856,False,,True
0.796,90,False,0.02,0.02,,2.01732099999208,2.01732099999208,0.0,waveform,1,,GNG,10,90,500,4500,0.98,468606856,False,,True
0.728,225,False,0.05,0.05,,0.0002109999768435955,0.0002109999768435955,0.0,waveform,1,,Full,10,4500,500,4500,0.0,468606856,True,,False
0.732,225,False,0.05,0.05,,1.6210350000183098,1.6210350000183098,0.0,waveform,1,,RSP3,10,2653,500,4500,0.4104444444444444,468606856,True,,False
0.732,225,False,0.05,0.05,,1.6423110000323504,1.6423110000323504,0.0,waveform,1,,RHC,10,373,500,4500,0.9171111111111111,468606856,True,,False
0.83,225,False,0.05,0.05,,5.748256999999285,5.748256999999285,0.0,waveform,1,,SPINE+1NN,10,225,500,4500,0.95,468606856,False,"{""admission"": {""criterion"": ""risk"", ""removed_risk"": 1, ""removed_support"": 0}, ""betti_final"": [[2, 0], [1, 0], [1, 0]], ""betti_frozen"": [[2, 0], [1, 0], [1, 0]], ""betti_nerve"": [[1, 0], [1, 0], [1, 0]], ""boundary_restriction"": ""both"", ""forced_removals"": 0, ""growth_representation_fallbacks"": 50, ""invariant_held"": true, ""n_segments"": 221, ""n_train_fit"": 3375, ""n_val"": 1125, ""phase0"": [{""constant_lens"": false, ""gain"": 0.25, ""lens"": ""pc1"", ""lens_scaling"": ""standardize"", ""min_cluster_size"": 16, ""min_samples"": 5, ""n_class"": 1142, ""n_edges"": 6, ""n_intervals"": 7, ""n_vertices"": 7, ""noise_reassigned"": 1333, ""placement"": ""uniform"", ""slabs"": [{""k"": 1, ""n"": 115}, {""k"": 1, ""n"": 253}, {""k"": 1, ""n"": 268}, {""k"": 1, ""n"": 277}, {""k"": 1, ""n"": 248}, {""k"": 1, ""n"": 201}, {""k"": 1, ""n"": 85}]}, {""constant_lens"": false, ""gain"": 0.25, ""lens"": ""pc1"", ""lens_scaling"": ""standardize"", ""min_cluster_size"": 16, ""min_samples"": 5, ""n_class"": 1116, ""n_edges"": 6, ""n_intervals"": 7, ""n_vertices"": 7, ""noise_reassigned"": 1278, ""placement"": ""uniform"", ""slabs"": [{""k"": 1, ""n"": 107}, {""k"": 1, ""n"": 252}, {""k"": 1, ""n"": 264}, {""k"": 1, ""n"": 277}, {""k"": 1, ""n"": 244}, {""k"": 1, ""n"": 193}, {""k"": 1, ""n"": 53}]}, {""constant_lens"": false, ""gain"": 0.25, ""lens"": ""pc1"", ""lens_scaling"": ""standardize"", ""min_cluster_size"": 16, ""min_samples"": 5, ""n_class"": 1117, ""n_edges"": 6, ""n_intervals"": 7, ""n_vertices"": 7, ""noise_reassigned"": 1301, ""placement"": ""uniform"", ""slabs"": [{""k"": 1, ""n"": 95}, {""k"": 1, ""n"": 247}, {""k"": 1, ""n"": 257}, {""k"": 1, ""n"": 270}, {""k"": 1, ""n"": 266}, {""k"": 1, ""n"": 224}, {""k"": 1, ""n"": 54}]}], ""soundness_bound_holds"": true, ""step_rule"": ""scale_free"", ""topology_retention_nerve_to_frozen"": {""beta0_frozen"": 4, ""beta0_nerve"": 3, ""beta1_frozen"": 0, ""beta1_nerve"": 0}}",True
0.822,225,False,0.05,0.05,,5.748256999999285,5.748256999999285,0.0,waveform,1,,SPINE+Graph,10,225,500,4500,0.95,468606856,False,"{""admission"": {""criterion"": ""risk"", ""removed_risk"": 1, ""removed_support"": 0}, ""betti_final"": [[2, 0], [1, 0], [1, 0]], ""betti_frozen"": [[2, 0], [1, 0], [1, 0]], ""betti_nerve"": [[1, 0], [1, 0], [1, 0]], ""boundary_restriction"": ""both"", ""forced_removals"": 0, ""growth_representation_fallbacks"": 50, ""invariant_held"": true, ""n_segments"": 221, ""n_train_fit"": 3375, ""n_val"": 1125, ""phase0"": [{""constant_lens"": false, ""gain"": 0.25, ""lens"": ""pc1"", ""lens_scaling"": ""standardize"", ""min_cluster_size"": 16, ""min_samples"": 5, ""n_class"": 1142, ""n_edges"": 6, ""n_intervals"": 7, ""n_vertices"": 7, ""noise_reassigned"": 1333, ""placement"": ""uniform"", ""slabs"": [{""k"": 1, ""n"": 115}, {""k"": 1, ""n"": 253}, {""k"": 1, ""n"": 268}, {""k"": 1, ""n"": 277}, {""k"": 1, ""n"": 248}, {""k"": 1, ""n"": 201}, {""k"": 1, ""n"": 85}]}, {""constant_lens"": false, ""gain"": 0.25, ""lens"": ""pc1"", ""lens_scaling"": ""standardize"", ""min_cluster_size"": 16, ""min_samples"": 5, ""n_class"": 1116, ""n_edges"": 6, ""n_intervals"": 7, ""n_vertices"": 7, ""noise_reassigned"": 1278, ""placement"": ""uniform"", ""slabs"": [{""k"": 1, ""n"": 107}, {""k"": 1, ""n"": 252}, {""k"": 1, ""n"": 264}, {""k"": 1, ""n"": 277}, {""k"": 1, ""n"": 244}, {""k"": 1, ""n"": 193}, {""k"": 1, ""n"": 53}]}, {""constant_lens"": false, ""gain"": 0.25, ""lens"": ""pc1"", ""lens_scaling"": ""standardize"", ""min_cluster_size"": 16, ""min_samples"": 5, ""n_class"": 1117, ""n_edges"": 6, ""n_intervals"": 7, ""n_vertices"": 7, ""noise_reassigned"": 1301, ""placement"": ""uniform"", ""slabs"": [{""k"": 1, ""n"": 95}, {""k"": 1, ""n"": 247}, {""k"": 1, ""n"": 257}, {""k"": 1, ""n"": 270}, {""k"": 1, ""n"": 266}, {""k"": 1, ""n"": 224}, {""k"": 1, ""n"": 54}]}], ""soundness_bound_holds"": true, ""step_rule"": ""scale_free"", ""topology_retention_nerve_to_frozen"": {""beta0_frozen"": 4, ""beta0_nerve"": 3, ""beta1_frozen"": 0, ""beta1_nerve"": 0}}",True
0.778,225,False,0.05,0.05,,3.8788620000123046,72.20730100001674,68.32843900000444,waveform,1,"{""epsilon"": 0.1, ""window"": 0.2}",LVQ3,10,225,500,4500,0.95,468606856,False,,True
0.754,225,False,0.05,0.05,"{""0"": 76, ""1"": 74, ""2"": 75}",2.744447000033688,2.744447000033688,0.0,waveform,1,,KMeans,10,225,500,4500,0.95,468606856,False,,True
0.706,225,False,0.05,0.05,"{""0"": 76, ""1"": 74, ""2"": 75}",0.0011679999879561365,0.0011679999879561365,0.0,waveform,1,,Random,10,225,500,4500,0.95,468606856,False,,True
0.708,225,False,0.05,0.05,,1.6653799999621697,1.6653799999621697,0.0,waveform,1,,SPOT,10,225,500,4500,0.95,468606856,False,,True
0.816,225,False,0.05,0.05,,24.393325999961235,24.393325999961235,0.0,waveform,1,,GLVQ,10,225,500,4500,0.95,468606856,False,,True
0.788,225,False,0.05,0.05,,4.314053000009153,4.314053000009153,0.0,waveform,1,,GNG,10,225,500,4500,0.95,468606856,False,,True
0.728,450,False,0.1,0.1,,0.0002109999768435955,0.0002109999768435955,0.0,waveform,1,,Full,10,4500,500,4500,0.0,468606856,True,,False
0.732,450,False,0.1,0.1,,1.6210350000183098,1.6210350000183098,0.0,waveform,1,,RSP3,10,2653,500,4500,0.4104444444444444,468606856,True,,False
0.732,450,False,0.1,0.1,,1.6423110000323504,1.6423110000323504,0.0,waveform,1,,RHC,10,373,500,4500,0.9171111111111111,468606856,True,,False
0.82,450,False,0.1,0.1,,9.5909929999616,9.5909929999616,0.0,waveform,1,,SPINE+1NN,10,450,500,4500,0.9,468606856,False,"{""admission"": {""criterion"": ""risk"", ""removed_risk"": 1, ""removed_support"": 0}, ""betti_final"": [[2, 0], [1, 0], [1, 0]], ""betti_frozen"": [[2, 0], [1, 0], [1, 0]], ""betti_nerve"": [[1, 0], [1, 0], [1, 0]], ""boundary_restriction"": ""both"", ""forced_removals"": 0, ""growth_representation_fallbacks"": 261, ""invariant_held"": true, ""n_segments"": 446, ""n_train_fit"": 3375, ""n_val"": 1125, ""phase0"": [{""constant_lens"": false, ""gain"": 0.25, ""lens"": ""pc1"", ""lens_scaling"": ""standardize"", ""min_cluster_size"": 16, ""min_samples"": 5, ""n_class"": 1142, ""n_edges"": 6, ""n_intervals"": 7, ""n_vertices"": 7, ""noise_reassigned"": 1333, ""placement"": ""uniform"", ""slabs"": [{""k"": 1, ""n"": 115}, {""k"": 1, ""n"": 253}, {""k"": 1, ""n"": 268}, {""k"": 1, ""n"": 277}, {""k"": 1, ""n"": 248}, {""k"": 1, ""n"": 201}, {""k"": 1, ""n"": 85}]}, {""constant_lens"": false, ""gain"": 0.25, ""lens"": ""pc1"", ""lens_scaling"": ""standardize"", ""min_cluster_size"": 16, ""min_samples"": 5, ""n_class"": 1116, ""n_edges"": 6, ""n_intervals"": 7, ""n_vertices"": 7, ""noise_reassigned"": 1278, ""placement"": ""uniform"", ""slabs"": [{""k"": 1, ""n"": 107}, {""k"": 1, ""n"": 252}, {""k"": 1, ""n"": 264}, {""k"": 1, ""n"": 277}, {""k"": 1, ""n"": 244}, {""k"": 1, ""n"": 193}, {""k"": 1, ""n"": 53}]}, {""constant_lens"": false, ""gain"": 0.25, ""lens"": ""pc1"", ""lens_scaling"": ""standardize"", ""min_cluster_size"": 16, ""min_samples"": 5, ""n_class"": 1117, ""n_edges"": 6, ""n_intervals"": 7, ""n_vertices"": 7, ""noise_reassigned"": 1301, ""placement"": ""uniform"", ""slabs"": [{""k"": 1, ""n"": 95}, {""k"": 1, ""n"": 247}, {""k"": 1, ""n"": 257}, {""k"": 1, ""n"": 270}, {""k"": 1, ""n"": 266}, {""k"": 1, ""n"": 224}, {""k"": 1, ""n"": 54}]}], ""soundness_bound_holds"": true, ""step_rule"": ""scale_free"", ""topology_retention_nerve_to_frozen"": {""beta0_frozen"": 4, ""beta0_nerve"": 3, ""beta1_frozen"": 0, ""beta1_nerve"": 0}}",True
0.81,450,False,0.1,0.1,,9.5909929999616,9.5909929999616,0.0,waveform,1,,SPINE+Graph,10,450,500,4500,0.9,468606856,False,"{""admission"": {""criterion"": ""risk"", ""removed_risk"": 1, ""removed_support"": 0}, ""betti_final"": [[2, 0], [1, 0], [1, 0]], ""betti_frozen"": [[2, 0], [1, 0], [1, 0]], ""betti_nerve"": [[1, 0], [1, 0], [1, 0]], ""boundary_restriction"": ""both"", ""forced_removals"": 0, ""growth_representation_fallbacks"": 261, ""invariant_held"": true, ""n_segments"": 446, ""n_train_fit"": 3375, ""n_val"": 1125, ""phase0"": [{""constant_lens"": false, ""gain"": 0.25, ""lens"": ""pc1"", ""lens_scaling"": ""standardize"", ""min_cluster_size"": 16, ""min_samples"": 5, ""n_class"": 1142, ""n_edges"": 6, ""n_intervals"": 7, ""n_vertices"": 7, ""noise_reassigned"": 1333, ""placement"": ""uniform"", ""slabs"": [{""k"": 1, ""n"": 115}, {""k"": 1, ""n"": 253}, {""k"": 1, ""n"": 268}, {""k"": 1, ""n"": 277}, {""k"": 1, ""n"": 248}, {""k"": 1, ""n"": 201}, {""k"": 1, ""n"": 85}]}, {""constant_lens"": false, ""gain"": 0.25, ""lens"": ""pc1"", ""lens_scaling"": ""standardize"", ""min_cluster_size"": 16, ""min_samples"": 5, ""n_class"": 1116, ""n_edges"": 6, ""n_intervals"": 7, ""n_vertices"": 7, ""noise_reassigned"": 1278, ""placement"": ""uniform"", ""slabs"": [{""k"": 1, ""n"": 107}, {""k"": 1, ""n"": 252}, {""k"": 1, ""n"": 264}, {""k"": 1, ""n"": 277}, {""k"": 1, ""n"": 244}, {""k"": 1, ""n"": 193}, {""k"": 1, ""n"": 53}]}, {""constant_lens"": false, ""gain"": 0.25, ""lens"": ""pc1"", ""lens_scaling"": ""standardize"", ""min_cluster_size"": 16, ""min_samples"": 5, ""n_class"": 1117, ""n_edges"": 6, ""n_intervals"": 7, ""n_vertices"": 7, ""noise_reassigned"": 1301, ""placement"": ""uniform"", ""slabs"": [{""k"": 1, ""n"": 95}, {""k"": 1, ""n"": 247}, {""k"": 1, ""n"": 257}, {""k"": 1, ""n"": 270}, {""k"": 1, ""n"": 266}, {""k"": 1, ""n"": 224}, {""k"": 1, ""n"": 54}]}], ""soundness_bound_holds"": true, ""step_rule"": ""scale_free"", ""topology_retention_nerve_to_frozen"": {""beta0_frozen"": 4, ""beta0_nerve"": 3, ""beta1_frozen"": 0, ""beta1_nerve"": 0}}",True
0.782,450,False,0.1,0.1,,5.7354770000092685,100.93156200001249,95.19608500000322,waveform,1,"{""epsilon"": 0.1, ""window"": 0.3}",LVQ3,10,450,500,4500,0.9,468606856,False,,True
0.738,450,False,0.1,0.1,"{""0"": 152, ""1"": 149, ""2"": 149}",4.422681000025477,4.422681000025477,0.0,waveform,1,,KMeans,10,450,500,4500,0.9,468606856,False,,True
0.73,450,False,0.1,0.1,"{""0"": 152, ""1"": 149, ""2"": 149}",0.0014809999847784638,0.0014809999847784638,0.0,waveform,1,,Random,10,450,500,4500,0.9,468606856,False,,True
0.718,450,False,0.1,0.1,,1.6760310000390746,1.6760310000390746,0.0,waveform,1,,SPOT,10,450,500,4500,0.9,468606856,False,,True
0.818,450,False,0.1,0.1,,46.037951999984216,46.037951999984216,0.0,waveform,1,,GLVQ,10,450,500,4500,0.9,468606856,False,,True
0.772,450,False,0.1,0.1,,11.112419999961276,11.112419999961276,0.0,waveform,1,,GNG,10,450,500,4500,0.9,468606856,False,,True
0.728,1125,False,0.25,0.25,,0.0002109999768435955,0.0002109999768435955,0.0,waveform,1,,Full,10,4500,500,4500,0.0,468606856,True,,False
0.732,1125,False,0.25,0.25,,1.6210350000183098,1.6210350000183098,0.0,waveform,1,,RSP3,10,2653,500,4500,0.4104444444444444,468606856,True,,False
0.732,1125,False,0.25,0.25,,1.6423110000323504,1.6423110000323504,0.0,waveform,1,,RHC,10,373,500,4500,0.9171111111111111,468606856,True,,False
0.782,1125,False,0.25,0.25,,35.53668700001435,35.53668700001435,0.0,waveform,1,,SPINE+1NN,10,1125,500,4500,0.75,468606856,False,"{""admission"": {""criterion"": ""risk"", ""removed_risk"": 1, ""removed_support"": 0}, ""betti_final"": [[2, 0], [1, 0], [1, 0]], ""betti_frozen"": [[2, 0], [1, 0], [1, 0]], ""betti_nerve"": [[1, 0], [1, 0], [1, 0]], ""boundary_restriction"": ""both"", ""forced_removals"": 0, ""growth_representation_fallbacks"": 1051, ""invariant_held"": true, ""n_segments"": 1121, ""n_train_fit"": 3375, ""n_val"": 1125, ""phase0"": [{""constant_lens"": false, ""gain"": 0.25, ""lens"": ""pc1"", ""lens_scaling"": ""standardize"", ""min_cluster_size"": 16, ""min_samples"": 5, ""n_class"": 1142, ""n_edges"": 6, ""n_intervals"": 7, ""n_vertices"": 7, ""noise_reassigned"": 1333, ""placement"": ""uniform"", ""slabs"": [{""k"": 1, ""n"": 115}, {""k"": 1, ""n"": 253}, {""k"": 1, ""n"": 268}, {""k"": 1, ""n"": 277}, {""k"": 1, ""n"": 248}, {""k"": 1, ""n"": 201}, {""k"": 1, ""n"": 85}]}, {""constant_lens"": false, ""gain"": 0.25, ""lens"": ""pc1"", ""lens_scaling"": ""standardize"", ""min_cluster_size"": 16, ""min_samples"": 5, ""n_class"": 1116, ""n_edges"": 6, ""n_intervals"": 7, ""n_vertices"": 7, ""noise_reassigned"": 1278, ""placement"": ""uniform"", ""slabs"": [{""k"": 1, ""n"": 107}, {""k"": 1, ""n"": 252}, {""k"": 1, ""n"": 264}, {""k"": 1, ""n"": 277}, {""k"": 1, ""n"": 244}, {""k"": 1, ""n"": 193}, {""k"": 1, ""n"": 53}]}, {""constant_lens"": false, ""gain"": 0.25, ""lens"": ""pc1"", ""lens_scaling"": ""standardize"", ""min_cluster_size"": 16, ""min_samples"": 5, ""n_class"": 1117, ""n_edges"": 6, ""n_intervals"": 7, ""n_vertices"": 7, ""noise_reassigned"": 1301, ""placement"": ""uniform"", ""slabs"": [{""k"": 1, ""n"": 95}, {""k"": 1, ""n"": 247}, {""k"": 1, ""n"": 257}, {""k"": 1, ""n"": 270}, {""k"": 1, ""n"": 266}, {""k"": 1, ""n"": 224}, {""k"": 1, ""n"": 54}]}], ""soundness_bound_holds"": true, ""step_rule"": ""scale_free"", ""topology_retention_nerve_to_frozen"": {""beta0_frozen"": 4, ""beta0_nerve"": 3, ""beta1_frozen"": 0, ""beta1_nerve"": 0}}",True
0.762,1125,False,0.25,0.25,,35.53668700001435,35.53668700001435,0.0,waveform,1,,SPINE+Graph,10,1125,500,4500,0.75,468606856,False,"{""admission"": {""criterion"": ""risk"", ""removed_risk"": 1, ""removed_support"": 0}, ""betti_final"": [[2, 0], [1, 0], [1, 0]], ""betti_frozen"": [[2, 0], [1, 0], [1, 0]], ""betti_nerve"": [[1, 0], [1, 0], [1, 0]], ""boundary_restriction"": ""both"", ""forced_removals"": 0, ""growth_representation_fallbacks"": 1051, ""invariant_held"": true, ""n_segments"": 1121, ""n_train_fit"": 3375, ""n_val"": 1125, ""phase0"": [{""constant_lens"": false, ""gain"": 0.25, ""lens"": ""pc1"", ""lens_scaling"": ""standardize"", ""min_cluster_size"": 16, ""min_samples"": 5, ""n_class"": 1142, ""n_edges"": 6, ""n_intervals"": 7, ""n_vertices"": 7, ""noise_reassigned"": 1333, ""placement"": ""uniform"", ""slabs"": [{""k"": 1, ""n"": 115}, {""k"": 1, ""n"": 253}, {""k"": 1, ""n"": 268}, {""k"": 1, ""n"": 277}, {""k"": 1, ""n"": 248}, {""k"": 1, ""n"": 201}, {""k"": 1, ""n"": 85}]}, {""constant_lens"": false, ""gain"": 0.25, ""lens"": ""pc1"", ""lens_scaling"": ""standardize"", ""min_cluster_size"": 16, ""min_samples"": 5, ""n_class"": 1116, ""n_edges"": 6, ""n_intervals"": 7, ""n_vertices"": 7, ""noise_reassigned"": 1278, ""placement"": ""uniform"", ""slabs"": [{""k"": 1, ""n"": 107}, {""k"": 1, ""n"": 252}, {""k"": 1, ""n"": 264}, {""k"": 1, ""n"": 277}, {""k"": 1, ""n"": 244}, {""k"": 1, ""n"": 193}, {""k"": 1, ""n"": 53}]}, {""constant_lens"": false, ""gain"": 0.25, ""lens"": ""pc1"", ""lens_scaling"": ""standardize"", ""min_cluster_size"": 16, ""min_samples"": 5, ""n_class"": 1117, ""n_edges"": 6, ""n_intervals"": 7, ""n_vertices"": 7, ""noise_reassigned"": 1301, ""placement"": ""uniform"", ""slabs"": [{""k"": 1, ""n"": 95}, {""k"": 1, ""n"": 247}, {""k"": 1, ""n"": 257}, {""k"": 1, ""n"": 270}, {""k"": 1, ""n"": 266}, {""k"": 1, ""n"": 224}, {""k"": 1, ""n"": 54}]}], ""soundness_bound_holds"": true, ""step_rule"": ""scale_free"", ""topology_retention_nerve_to_frozen"": {""beta0_frozen"": 4, ""beta0_nerve"": 3, ""beta1_frozen"": 0, ""beta1_nerve"": 0}}",True
0.75,1125,False,0.25,0.25,,12.678530999983195,221.0105839999742,208.332052999991,waveform,1,"{""epsilon"": 0.1, ""window"": 0.2}",LVQ3,10,1125,500,4500,0.75,468606856,False,,True
0.778,1125,False,0.25,0.25,"{""0"": 381, ""1"": 372, ""2"": 372}",11.028587999986485,11.028587999986485,0.0,waveform,1,,KMeans,10,1125,500,4500,0.75,468606856,False,,True
0.7,1125,False,0.25,0.25,"{""0"": 381, ""1"": 372, ""2"": 372}",0.003926999983377755,0.003926999983377755,0.0,waveform,1,,Random,10,1125,500,4500,0.75,468606856,False,,True
0.712,1125,False,0.25,0.25,,1.7178139999741688,1.7178139999741688,0.0,waveform,1,,SPOT,10,1125,500,4500,0.75,468606856,False,,True
0.812,1125,False,0.25,0.25,,111.00926200003596,111.00926200003596,0.0,waveform,1,,GLVQ,10,1125,500,4500,0.75,468606856,False,,True
0.766,1125,False,0.25,0.25,,52.80649499996798,52.80649499996798,0.0,waveform,1,,GNG,10,1125,500,4500,0.75,468606856,False,,True
0.694,23,False,0.005111111111111111,0.005,,0.0007459999760612845,0.0007459999760612845,0.0,waveform,2,,Full,10,4500,500,4500,0.0,469606859,False,,False
0.734,23,False,0.005111111111111111,0.005,,1.6204060000018217,1.6204060000018217,0.0,waveform,2,,RSP3,10,2584,500,4500,0.4257777777777778,469606859,False,,False
0.714,23,False,0.005111111111111111,0.005,,1.6649600000237115,1.6649600000237115,0.0,waveform,2,,RHC,10,379,500,4500,0.9157777777777778,469606859,False,,False
0.778,23,False,0.005111111111111111,0.005,,3.6424429999897256,3.6424429999897256,0.0,waveform,2,,SPINE+1NN,10,23,500,4500,0.9948888888888889,469606859,False,"{""admission"": {""criterion"": ""risk"", ""removed_risk"": 3, ""removed_support"": 0}, ""betti_final"": [[1, 0], [3, 0], [2, 0]], ""betti_frozen"": [[1, 0], [3, 0], [2, 0]], ""betti_nerve"": [[1, 0], [1, 0], [1, 0]], ""boundary_restriction"": ""both"", ""forced_removals"": 0, ""growth_representation_fallbacks"": 1, ""invariant_held"": true, ""n_segments"": 17, ""n_train_fit"": 3375, ""n_val"": 1125, ""phase0"": [{""constant_lens"": false, ""gain"": 0.25, ""lens"": ""pc1"", ""lens_scaling"": ""standardize"", ""min_cluster_size"": 16, ""min_samples"": 5, ""n_class"": 1142, ""n_edges"": 6, ""n_intervals"": 7, ""n_vertices"": 7, ""noise_reassigned"": 1322, ""placement"": ""uniform"", ""slabs"": [{""k"": 1, ""n"": 126}, {""k"": 1, ""n"": 257}, {""k"": 1, ""n"": 239}, {""k"": 1, ""n"": 260}, {""k"": 1, ""n"": 244}, {""k"": 1, ""n"": 222}, {""k"": 1, ""n"": 86}]}, {""constant_lens"": false, ""gain"": 0.25, ""lens"": ""pc1"", ""lens_scaling"": ""standardize"", ""min_cluster_size"": 16, ""min_samples"": 5, ""n_class"": 1116, ""n_edges"": 6, ""n_intervals"": 7, ""n_vertices"": 7, ""noise_reassigned"": 1240, ""placement"": ""quantile"", ""slabs"": [{""k"": 1, ""n"": 180}, {""k"": 1, ""n"": 199}, {""k"": 1, ""n"": 199}, {""k"": 1, ""n"": 200}, {""k"": 1, ""n"": 199}, {""k"": 1, ""n"": 199}, {""k"": 1, ""n"": 180}]}, {""constant_lens"": false, ""gain"": 0.25, ""lens"": ""pc1"", ""lens_scaling"": ""standardize"", ""min_cluster_size"": 16, ""min_samples"": 5, ""n_class"": 1117, ""n_edges"": 6, ""n_intervals"": 7, ""n_vertices"": 7, ""noise_reassigned"": 1245, ""placement"": ""quantile"", ""slabs"": [{""k"": 1, ""n"": 180}, {""k"": 1, ""n"": 199}, {""k"": 1, ""n"": 200}, {""k"": 1, ""n"": 199}, {""k"": 1, ""n"": 200}, {""k"": 1, ""n"": 199}, {""k"": 1, ""n"": 180}]}], ""soundness_bound_holds"": true, ""step_rule"": ""scale_free"", ""topology_retention_nerve_to_frozen"": {""beta0_frozen"": 6, ""beta0_nerve"": 3, ""beta1_frozen"": 0, ""beta1_nerve"": 0}}",True
0.79,23,False,0.005111111111111111,0.005,,3.6424429999897256,3.6424429999897256,0.0,waveform,2,,SPINE+Graph,10,23,500,4500,0.9948888888888889,469606859,False,"{""admission"": {""criterion"": ""risk"", ""removed_risk"": 3, ""removed_support"": 0}, ""betti_final"": [[1, 0], [3, 0], [2, 0]], ""betti_frozen"": [[1, 0], [3, 0], [2, 0]], ""betti_nerve"": [[1, 0], [1, 0], [1, 0]], ""boundary_restriction"": ""both"", ""forced_removals"": 0, ""growth_representation_fallbacks"": 1, ""invariant_held"": true, ""n_segments"": 17, ""n_train_fit"": 3375, ""n_val"": 1125, ""phase0"": [{""constant_lens"": false, ""gain"": 0.25, ""lens"": ""pc1"", ""lens_scaling"": ""standardize"", ""min_cluster_size"": 16, ""min_samples"": 5, ""n_class"": 1142, ""n_edges"": 6, ""n_intervals"": 7, ""n_vertices"": 7, ""noise_reassigned"": 1322, ""placement"": ""uniform"", ""slabs"": [{""k"": 1, ""n"": 126}, {""k"": 1, ""n"": 257}, {""k"": 1, ""n"": 239}, {""k"": 1, ""n"": 260}, {""k"": 1, ""n"": 244}, {""k"": 1, ""n"": 222}, {""k"": 1, ""n"": 86}]}, {""constant_lens"": false, ""gain"": 0.25, ""lens"": ""pc1"", ""lens_scaling"": ""standardize"", ""min_cluster_size"": 16, ""min_samples"": 5, ""n_class"": 1116, ""n_edges"": 6, ""n_intervals"": 7, ""n_vertices"": 7, ""noise_reassigned"": 1240, ""placement"": ""quantile"", ""slabs"": [{""k"": 1, ""n"": 180}, {""k"": 1, ""n"": 199}, {""k"": 1, ""n"": 199}, {""k"": 1, ""n"": 200}, {""k"": 1, ""n"": 199}, {""k"": 1, ""n"": 199}, {""k"": 1, ""n"": 180}]}, {""constant_lens"": false, ""gain"": 0.25, ""lens"": ""pc1"", ""lens_scaling"": ""standardize"", ""min_cluster_size"": 16, ""min_samples"": 5, ""n_class"": 1117, ""n_edges"": 6, ""n_intervals"": 7, ""n_vertices"": 7, ""noise_reassigned"": 1245, ""placement"": ""quantile"", ""slabs"": [{""k"": 1, ""n"": 180}, {""k"": 1, ""n"": 199}, {""k"": 1, ""n"": 200}, {""k"": 1, ""n"": 199}, {""k"": 1, ""n"": 200}, {""k"": 1, ""n"": 199}, {""k"": 1, ""n"": 180}]}], ""soundness_bound_holds"": true, ""step_rule"": ""scale_free"", ""topology_retention_nerve_to_frozen"": {""beta0_frozen"": 6, ""beta0_nerve"": 3, ""beta1_frozen"": 0, ""beta1_nerve"": 0}}",True
0.836,23,False,0.005111111111111111,0.005,,2.2215219999779947,42.787734999961685,40.56621299998369,waveform,2,"{""epsilon"": 0.3, ""window"": 0.2}",LVQ3,10,23,500,4500,0.9948888888888889,469606859,False,,True
0.836,23,False,0.005111111111111111,0.005,"{""0"": 8, ""1"": 7, ""2"": 8}",1.1894800000009127,1.1894800000009127,0.0,waveform,2,,KMeans,10,23,500,4500,0.9948888888888889,469606859,False,,True
0.612,23,False,0.005111111111111111,0.005,"{""0"": 8, ""1"": 7, ""2"": 8}",0.0009640000062063336,0.0009640000062063336,0.0,waveform,2,,Random,10,23,500,4500,0.9948888888888889,469606859,False,,True
0.69,23,False,0.005111111111111111,0.005,,1.5469959999900311,1.5469959999900311,0.0,waveform,2,,SPOT,10,23,500,4500,0.9948888888888889,469606859,False,,True
0.794,23,False,0.005111111111111111,0.005,,5.015300000028219,5.015300000028219,0.0,waveform,2,,GLVQ,10,23,500,4500,0.9948888888888889,469606859,False,,True
0.778,23,False,0.005111111111111111,0.005,,0.6788999999989755,0.6788999999989755,0.0,waveform,2,,GNG,10,23,500,4500,0.9948888888888889,469606859,False,,True
0.694,45,False,0.01,0.01,,0.0007459999760612845,0.0007459999760612845,0.0,waveform,2,,Full,10,4500,500,4500,0.0,469606859,True,,False
0.734,45,False,0.01,0.01,,1.6204060000018217,1.6204060000018217,0.0,waveform,2,,RSP3,10,2584,500,4500,0.4257777777777778,469606859,True,,False
0.714,45,False,0.01,0.01,,1.6649600000237115,1.6649600000237115,0.0,waveform,2,,RHC,10,379,500,4500,0.9157777777777778,469606859,True,,False
0.774,45,False,0.01,0.01,,4.380898000032175,4.380898000032175,0.0,waveform,2,,SPINE+1NN,10,45,500,4500,0.99,469606859,False,"{""admission"": {""criterion"": ""risk"", ""removed_risk"": 3, ""removed_support"": 0}, ""betti_final"": [[1, 0], [3, 0], [2, 0]], ""betti_frozen"": [[1, 0], [3, 0], [2, 0]], ""betti_nerve"": [[1, 0], [1, 0], [1, 0]], ""boundary_restriction"": ""both"", ""forced_removals"": 0, ""growth_representation_fallbacks"": 3, ""invariant_held"": true, ""n_segments"": 39, ""n_train_fit"": 3375, ""n_val"": 1125, ""phase0"": [{""constant_lens"": false, ""gain"": 0.25, ""lens"": ""pc1"", ""lens_scaling"": ""standardize"", ""min_cluster_size"": 16, ""min_samples"": 5, ""n_class"": 1142, ""n_edges"": 6, ""n_intervals"": 7, ""n_vertices"": 7, ""noise_reassigned"": 1322, ""placement"": ""uniform"", ""slabs"": [{""k"": 1, ""n"": 126}, {""k"": 1, ""n"": 257}, {""k"": 1, ""n"": 239}, {""k"": 1, ""n"": 260}, {""k"": 1, ""n"": 244}, {""k"": 1, ""n"": 222}, {""k"": 1, ""n"": 86}]}, {""constant_lens"": false, ""gain"": 0.25, ""lens"": ""pc1"", ""lens_scaling"": ""standardize"", ""min_cluster_size"": 16, ""min_samples"": 5, ""n_class"": 1116, ""n_edges"": 6, ""n_intervals"": 7, ""n_vertices"": 7, ""noise_reassigned"": 1240, ""placement"": ""quantile"", ""slabs"": [{""k"": 1, ""n"": 180}, {""k"": 1, ""n"": 199}, {""k"": 1, ""n"": 199}, {""k"": 1, ""n"": 200}, {""k"": 1, ""n"": 199}, {""k"": 1, ""n"": 199}, {""k"": 1, ""n"": 180}]}, {""constant_lens"": false, ""gain"": 0.25, ""lens"": ""pc1"", ""lens_scaling"": ""standardize"", ""min_cluster_size"": 16, ""min_samples"": 5, ""n_class"": 1117, ""n_edges"": 6, ""n_intervals"": 7, ""n_vertices"": 7, ""noise_reassigned"": 1245, ""placement"": ""quantile"", ""slabs"": [{""k"": 1, ""n"": 180}, {""k"": 1, ""n"": 199}, {""k"": 1, ""n"": 200}, {""k"": 1, ""n"": 199}, {""k"": 1, ""n"": 200}, {""k"": 1, ""n"": 199}, {""k"": 1, ""n"": 180}]}], ""soundness_bound_holds"": true, ""step_rule"": ""scale_free"", ""topology_retention_nerve_to_frozen"": {""beta0_frozen"": 6, ""beta0_nerve"": 3, ""beta1_frozen"": 0, ""beta1_nerve"": 0}}",True
0.78,45,False,0.01,0.01,,4.380898000032175,4.380898000032175,0.0,waveform,2,,SPINE+Graph,10,45,500,4500,0.99,469606859,False,"{""admission"": {""criterion"": ""risk"", ""removed_risk"": 3, ""removed_support"": 0}, ""betti_final"": [[1, 0], [3, 0], [2, 0]], ""betti_frozen"": [[1, 0], [3, 0], [2, 0]], ""betti_nerve"": [[1, 0], [1, 0], [1, 0]], ""boundary_restriction"": ""both"", ""forced_removals"": 0, ""growth_representation_fallbacks"": 3, ""invariant_held"": true, ""n_segments"": 39, ""n_train_fit"": 3375, ""n_val"": 1125, ""phase0"": [{""constant_lens"": false, ""gain"": 0.25, ""lens"": ""pc1"", ""lens_scaling"": ""standardize"", ""min_cluster_size"": 16, ""min_samples"": 5, ""n_class"": 1142, ""n_edges"": 6, ""n_intervals"": 7, ""n_vertices"": 7, ""noise_reassigned"": 1322, ""placement"": ""uniform"", ""slabs"": [{""k"": 1, ""n"": 126}, {""k"": 1, ""n"": 257}, {""k"": 1, ""n"": 239}, {""k"": 1, ""n"": 260}, {""k"": 1, ""n"": 244}, {""k"": 1, ""n"": 222}, {""k"": 1, ""n"": 86}]}, {""constant_lens"": false, ""gain"": 0.25, ""lens"": ""pc1"", ""lens_scaling"": ""standardize"", ""min_cluster_size"": 16, ""min_samples"": 5, ""n_class"": 1116, ""n_edges"": 6, ""n_intervals"": 7, ""n_vertices"": 7, ""noise_reassigned"": 1240, ""placement"": ""quantile"", ""slabs"": [{""k"": 1, ""n"": 180}, {""k"": 1, ""n"": 199}, {""k"": 1, ""n"": 199}, {""k"": 1, ""n"": 200}, {""k"": 1, ""n"": 199}, {""k"": 1, ""n"": 199}, {""k"": 1, ""n"": 180}]}, {""constant_lens"": false, ""gain"": 0.25, ""lens"": ""pc1"", ""lens_scaling"": ""standardize"", ""min_cluster_size"": 16, ""min_samples"": 5, ""n_class"": 1117, ""n_edges"": 6, ""n_intervals"": 7, ""n_vertices"": 7, ""noise_reassigned"": 1245, ""placement"": ""quantile"", ""slabs"": [{""k"": 1, ""n"": 180}, {""k"": 1, ""n"": 199}, {""k"": 1, ""n"": 200}, {""k"": 1, ""n"": 199}, {""k"": 1, ""n"": 200}, {""k"": 1, ""n"": 199}, {""k"": 1, ""n"": 180}]}], ""soundness_bound_holds"": true, ""step_rule"": ""scale_free"", ""topology_retention_nerve_to_frozen"": {""beta0_frozen"": 6, ""beta0_nerve"": 3, ""beta1_frozen"": 0, ""beta1_nerve"": 0}}",True
0.81,45,False,0.01,0.01,,2.398604999994859,45.812295000010636,43.41369000001578,waveform,2,"{""epsilon"": 0.1, ""window"": 0.3}",LVQ3,10,45,500,4500,0.99,469606859,False,,True
0.762,45,False,0.01,0.01,"{""0"": 15, ""1"": 15, ""2"": 15}",1.1588820000179112,1.1588820000179112,0.0,waveform,2,,KMeans,10,45,500,4500,0.99,469606859,False,,True
0.62,45,False,0.01,0.01,"{""0"": 15, ""1"": 15, ""2"": 15}",0.0010679999832063913,0.0010679999832063913,0.0,waveform,2,,Random,10,45,500,4500,0.99,469606859,False,,True
0.73,45,False,0.01,0.01,,1.569080000044778,1.569080000044778,0.0,waveform,2,,SPOT,10,45,500,4500,0.99,469606859,False,,True
0.796,45,False,0.01,0.01,,7.141020000039134,7.141020000039134,0.0,waveform,2,,GLVQ,10,45,500,4500,0.99,469606859,False,,True
0.796,45,False,0.01,0.01,,1.5965960000175983,1.5965960000175983,0.0,waveform,2,,GNG,10,45,500,4500,0.99,469606859,False,,True
0.694,90,False,0.02,0.02,,0.0007459999760612845,0.0007459999760612845,0.0,waveform,2,,Full,10,4500,500,4500,0.0,469606859,True,,False
0.734,90,False,0.02,0.02,,1.6204060000018217,1.6204060000018217,0.0,waveform,2,,RSP3,10,2584,500,4500,0.4257777777777778,469606859,True,,False
0.714,90,False,0.02,0.02,,1.6649600000237115,1.6649600000237115,0.0,waveform,2,,RHC,10,379,500,4500,0.9157777777777778,469606859,True,,False
0.772,90,False,0.02,0.02,,4.61837199999718,4.61837199999718,0.0,waveform,2,,SPINE+1NN,10,90,500,4500,0.98,469606859,False,"{""admission"": {""criterion"": ""risk"", ""removed_risk"": 3, ""removed_support"": 0}, ""betti_final"": [[1, 0], [3, 0], [2, 0]], ""betti_frozen"": [[1, 0], [3, 0], [2, 0]], ""betti_nerve"": [[1, 0], [1, 0], [1, 0]], ""boundary_restriction"": ""both"", ""forced_removals"": 0, ""growth_representation_fallbacks"": 10, ""invariant_held"": true, ""n_segments"": 84, ""n_train_fit"": 3375, ""n_val"": 1125, ""phase0"": [{""constant_lens"": false, ""gain"": 0.25, ""lens"": ""pc1"", ""lens_scaling"": ""standardize"", ""min_cluster_size"": 16, ""min_samples"": 5, ""n_class"": 1142, ""n_edges"": 6, ""n_intervals"": 7, ""n_vertices"": 7, ""noise_reassigned"": 1322, ""placement"": ""uniform"", ""slabs"": [{""k"": 1, ""n"": 126}, {""k"": 1, ""n"": 257}, {""k"": 1, ""n"": 239}, {""k"": 1, ""n"": 260}, {""k"": 1, ""n"": 244}, {""k"": 1, ""n"": 222}, {""k"": 1, ""n"": 86}]}, {""constant_lens"": false, ""gain"": 0.25, ""lens"": ""pc1"", ""lens_scaling"": ""standardize"", ""min_cluster_size"": 16, ""min_samples"": 5, ""n_class"": 1116, ""n_edges"": 6, ""n_intervals"": 7, ""n_vertices"": 7, ""noise_reassigned"": 1240, ""placement"": ""quantile"", ""slabs"": [{""k"": 1, ""n"": 180}, {""k"": 1, ""n"": 199}, {""k"": 1, ""n"": 199}, {""k"": 1, ""n"": 200}, {""k"": 1, ""n"": 199}, {""k"": 1, ""n"": 199}, {""k"": 1, ""n"": 180}]}, {""constant_lens"": false, ""gain"": 0.25, ""lens"": ""pc1"", ""lens_scaling"": ""standardize"", ""min_cluster_size"": 16, ""min_samples"": 5, ""n_class"": 1117, ""n_edges"": 6, ""n_intervals"": 7, ""n_vertices"": 7, ""noise_reassigned"": 1245, ""placement"": ""quantile"", ""slabs"": [{""k"": 1, ""n"": 180}, {""k"": 1, ""n"": 199}, {""k"": 1, ""n"": 200}, {""k"": 1, ""n"": 199}, {""k"": 1, ""n"": 200}, {""k"": 1, ""n"": 199}, {""k"": 1, ""n"": 180}]}], ""soundness_bound_holds"": true, ""step_rule"": ""scale_free"", ""topology_retention_nerve_to_frozen"": {""beta0_frozen"": 6, ""beta0_nerve"": 3, ""beta1_frozen"": 0, ""beta1_nerve"": 0}}",True
0.762,90,False,0.02,0.02,,4.61837199999718,4.61837199999718,0.0,waveform,2,,SPINE+Graph,10,90,500,4500,0.98,469606859,False,"{""admission"": {""criterion"": ""risk"", ""removed_risk"": 3, ""removed_support"": 0}, ""betti_final"": [[1, 0], [3, 0], [2, 0]], ""betti_frozen"": [[1, 0], [3, 0], [2, 0]], ""betti_nerve"": [[1, 0], [1, 0], [1, 0]], ""boundary_restriction"": ""both"", ""forced_removals"": 0, ""growth_representation_fallbacks"": 10, ""invariant_held"": true, ""n_segments"": 84, ""n_train_fit"": 3375, ""n_val"": 1125, ""phase0"": [{""constant_lens"": false, ""gain"": 0.25, ""lens"": ""pc1"", ""lens_scaling"": ""standardize"", ""min_cluster_size"": 16, ""min_samples"": 5, ""n_class"": 1142, ""n_edges"": 6, ""n_intervals"": 7, ""n_vertices"": 7, ""noise_reassigned"": 1322, ""placement"": ""uniform"", ""slabs"": [{""k"": 1, ""n"": 126}, {""k"": 1, ""n"": 257}, {""k"": 1, ""n"": 239}, {""k"": 1, ""n"": 260}, {""k"": 1, ""n"": 244}, {""k"": 1, ""n"": 222}, {""k"": 1, ""n"": 86}]}, {""constant_lens"": false, ""gain"": 0.25, ""lens"": ""pc1"", ""lens_scaling"": ""standardize"", ""min_cluster_size"": 16, ""min_samples"": 5, ""n_class"": 1116, ""n_edges"": 6, ""n_intervals"": 7, ""n_vertices"": 7, ""noise_reassigned"": 1240, ""placement"": ""quantile"", ""slabs"": [{""k"": 1, ""n"": 180}, {""k"": 1, ""n"": 199}, {""k"": 1, ""n"": 199}, {""k"": 1, ""n"": 200}, {""k"": 1, ""n"": 199}, {""k"": 1, ""n"": 199}, {""k"": 1, ""n"": 180}]}, {""constant_lens"": false, ""gain"": 0.25, ""lens"": ""pc1"", ""lens_scaling"": ""standardize"", ""min_cluster_size"": 16, ""min_samples"": 5, ""n_class"": 1117, ""n_edges"": 6, ""n_intervals"": 7, ""n_vertices"": 7, ""noise_reassigned"": 1245, ""placement"": ""quantile"", ""slabs"": [{""k"": 1, ""n"": 180}, {""k"": 1, ""n"": 199}, {""k"": 1, ""n"": 200}, {""k"": 1, ""n"": 199}, {""k"": 1, ""n"": 200}, {""k"": 1, ""n"": 199}, {""k"": 1, ""n"": 180}]}], ""soundness_bound_holds"": true, ""step_rule"": ""scale_free"", ""topology_retention_nerve_to_frozen"": {""beta0_frozen"": 6, ""beta0_nerve"": 3, ""beta1_frozen"": 0, ""beta1_nerve"": 0}}",True
0.828,90,False,0.02,0.02,,2.8847660000319593,56.5636860000086,53.67891999997664,waveform,2,"{""epsilon"": 0.1, ""window"": 0.3}",LVQ3,10,90,500,4500,0.98,469606859,False,,True
0.784,90,False,0.02,0.02,"{""0"": 30, ""1"": 30, ""2"": 30}",2.045498999999836,2.045498999999836,0.0,waveform,2,,KMeans,10,90,500,4500,0.98,469606859,False,,True
0.652,90,False,0.02,0.02,"{""0"": 30, ""1"": 30, ""2"": 30}",0.0010630000033415854,0.0010630000033415854,0.0,waveform,2,,Random,10,90,500,4500,0.98,469606859,False,,True
0.724,90,False,0.02,0.02,,1.627708000014536,1.627708000014536,0.0,waveform,2,,SPOT,10,90,500,4500,0.98,469606859,False,,True
0.788,90,False,0.02,0.02,,11.386396000045352,11.386396000045352,0.0,waveform,2,,GLVQ,10,90,500,4500,0.98,469606859,False,,True
0.784,90,False,0.02,0.02,,2.022742000001017,2.022742000001017,0.0,waveform,2,,GNG,10,90,500,4500,0.98,469606859,False,,True
0.694,225,False,0.05,0.05,,0.0007459999760612845,0.0007459999760612845,0.0,waveform,2,,Full,10,4500,500,4500,0.0,469606859,True,,False
0.734,225,False,0.05,0.05,,1.6204060000018217,1.6204060000018217,0.0,waveform,2,,RSP3,10,2584,500,4500,0.4257777777777778,469606859,True,,False
0.714,225,False,0.05,0.05,,1.6649600000237115,1.6649600000237115,0.0,waveform,2,,RHC,10,379,500,4500,0.9157777777777778,469606859,True,,False
0.824,225,False,0.05,0.05,,5.600457999971695,5.600457999971695,0.0,waveform,2,,SPINE+1NN,10,225,500,4500,0.95,469606859,False,"{""admission"": {""criterion"": ""risk"", ""removed_risk"": 3, ""removed_support"": 0}, ""betti_final"": [[1, 0], [3, 0], [2, 0]], ""betti_frozen"": [[1, 0], [3, 0], [2, 0]], ""betti_nerve"": [[1, 0], [1, 0], [1, 0]], ""boundary_restriction"": ""both"", ""forced_removals"": 0, ""growth_representation_fallbacks"": 49, ""invariant_held"": true, ""n_segments"": 219, ""n_train_fit"": 3375, ""n_val"": 1125, ""phase0"": [{""constant_lens"": false, ""gain"": 0.25, ""lens"": ""pc1"", ""lens_scaling"": ""standardize"", ""min_cluster_size"": 16, ""min_samples"": 5, ""n_class"": 1142, ""n_edges"": 6, ""n_intervals"": 7, ""n_vertices"": 7, ""noise_reassigned"": 1322, ""placement"": ""uniform"", ""slabs"": [{""k"": 1, ""n"": 126}, {""k"": 1, ""n"": 257}, {""k"": 1, ""n"": 239}, {""k"": 1, ""n"": 260}, {""k"": 1, ""n"": 244}, {""k"": 1, ""n"": 222}, {""k"": 1, ""n"": 86}]}, {""constant_lens"": false, ""gain"": 0.25, ""lens"": ""pc1"", ""lens_scaling"": ""standardize"", ""min_cluster_size"": 16, ""min_samples"": 5, ""n_class"": 1116, ""n_edges"": 6, ""n_intervals"": 7, ""n_vertices"": 7, ""noise_reassigned"": 1240, ""placement"": ""quantile"", ""slabs"": [{""k"": 1, ""n"": 180}, {""k"": 1, ""n"": 199}, {""k"": 1, ""n"": 199}, {""k"": 1, ""n"": 200}, {""k"": 1, ""n"": 199}, {""k"": 1, ""n"": 199}, {""k"": 1, ""n"": 180}]}, {""constant_lens"": false, ""gain"": 0.25, ""lens"": ""pc1"", ""lens_scaling"": ""standardize"", ""min_cluster_size"": 16, ""min_samples"": 5, ""n_class"": 1117, ""n_edges"": 6, ""n_intervals"": 7, ""n_vertices"": 7, ""noise_reassigned"": 1245, ""placement"": ""quantile"", ""slabs"": [{""k"": 1, ""n"": 180}, {""k"": 1, ""n"": 199}, {""k"": 1, ""n"": 200}, {""k"": 1, ""n"": 199}, {""k"": 1, ""n"": 200}, {""k"": 1, ""n"": 199}, {""k"": 1, ""n"": 180}]}], ""soundness_bound_holds"": true, ""step_rule"": ""scale_free"", ""topology_retention_nerve_to_frozen"": {""beta0_frozen"": 6, ""beta0_nerve"": 3, ""beta1_frozen"": 0, ""beta1_nerve"": 0}}",True
0.812,225,False,0.05,0.05,,5.600457999971695,5.600457999971695,0.0,waveform,2,,SPINE+Graph,10,225,500,4500,0.95,469606859,False,"{""admission"": {""criterion"": ""risk"", ""removed_risk"": 3, ""removed_support"": 0}, ""betti_final"": [[1, 0], [3, 0], [2, 0]], ""betti_frozen"": [[1, 0], [3, 0], [2, 0]], ""betti_nerve"": [[1, 0], [1, 0], [1, 0]], ""boundary_restriction"": ""both"", ""forced_removals"": 0, ""growth_representation_fallbacks"": 49, ""invariant_held"": true, ""n_segments"": 219, ""n_train_fit"": 3375, ""n_val"": 1125, ""phase0"": [{""constant_lens"": false, ""gain"": 0.25, ""lens"": ""pc1"", ""lens_scaling"": ""standardize"", ""min_cluster_size"": 16, ""min_samples"": 5, ""n_class"": 1142, ""n_edges"": 6, ""n_intervals"": 7, ""n_vertices"": 7, ""noise_reassigned"": 1322, ""placement"": ""uniform"", ""slabs"": [{""k"": 1, ""n"": 126}, {""k"": 1, ""n"": 257}, {""k"": 1, ""n"": 239}, {""k"": 1, ""n"": 260}, {""k"": 1, ""n"": 244}, {""k"": 1, ""n"": 222}, {""k"": 1, ""n"": 86}]}, {""constant_lens"": false, ""gain"": 0.25, ""lens"": ""pc1"", ""lens_scaling"": ""standardize"", ""min_cluster_size"": 16, ""min_samples"": 5, ""n_class"": 1116, ""n_edges"": 6, ""n_intervals"": 7, ""n_vertices"": 7, ""noise_reassigned"": 1240, ""placement"": ""quantile"", ""slabs"": [{""k"": 1, ""n"": 180}, {""k"": 1, ""n"": 199}, {""k"": 1, ""n"": 199}, {""k"": 1, ""n"": 200}, {""k"": 1, ""n"": 199}, {""k"": 1, ""n"": 199}, {""k"": 1, ""n"": 180}]}, {""constant_lens"": false, ""gain"": 0.25, ""lens"": ""pc1"", ""lens_scaling"": ""standardize"", ""min_cluster_size"": 16, ""min_samples"": 5, ""n_class"": 1117, ""n_edges"": 6, ""n_intervals"": 7, ""n_vertices"": 7, ""noise_reassigned"": 1245, ""placement"": ""quantile"", ""slabs"": [{""k"": 1, ""n"": 180}, {""k"": 1, ""n"": 199}, {""k"": 1, ""n"": 200}, {""k"": 1, ""n"": 199}, {""k"": 1, ""n"": 200}, {""k"": 1, ""n"": 199}, {""k"": 1, ""n"": 180}]}], ""soundness_bound_holds"": true, ""step_rule"": ""scale_free"", ""topology_retention_nerve_to_frozen"": {""beta0_frozen"": 6, ""beta0_nerve"": 3, ""beta1_frozen"": 0, ""beta1_nerve"": 0}}",True
0.798,225,False,0.05,0.05,,3.8551190000143833,73.38000800000736,69.52488899999298,waveform,2,"{""epsilon"": 0.1, ""window"": 0.2}",LVQ3,10,225,500,4500,0.95,469606859,False,,True
0.796,225,False,0.05,0.05,"{""0"": 76, ""1"": 74, ""2"": 75}",2.9630299999844283,2.9630299999844283,0.0,waveform,2,,KMeans,10,225,500,4500,0.95,469606859,False,,True
0.692,225,False,0.05,0.05,"{""0"": 76, ""1"": 74, ""2"": 75}",0.0010469999979250133,0.0010469999979250133,0.0,waveform,2,,Random,10,225,500,4500,0.95,469606859,False,,True
0.72,225,False,0.05,0.05,,1.5359760000137612,1.5359760000137612,0.0,waveform,2,,SPOT,10,225,500,4500,0.95,469606859,False,,True
0.802,225,False,0.05,0.05,,24.219487000023946,24.219487000023946,0.0,waveform,2,,GLVQ,10,225,500,4500,0.95,469606859,False,,True
0.812,225,False,0.05,0.05,,4.2083130000391975,4.2083130000391975,0.0,waveform,2,,GNG,10,225,500,4500,0.95,469606859,False,,True
0.694,450,False,0.1,0.1,,0.0007459999760612845,0.0007459999760612845,0.0,waveform,2,,Full,10,4500,500,4500,0.0,469606859,True,,False
0.734,450,False,0.1,0.1,,1.6204060000018217,1.6204060000018217,0.0,waveform,2,,RSP3,10,2584,500,4500,0.4257777777777778,469606859,True,,False
0.714,450,False,0.1,0.1,,1.6649600000237115,1.6649600000237115,0.0,waveform,2,,RHC,10,379,500,4500,0.9157777777777778,469606859,True,,False
0.816,450,False,0.1,0.1,,9.668563000042923,9.668563000042923,0.0,waveform,2,,SPINE+1NN,10,450,500,4500,0.9,469606859,False,"{""admission"": {""criterion"": ""risk"", ""removed_risk"": 3, ""removed_support"": 0}, ""betti_final"": [[1, 0], [3, 0], [2, 0]], ""betti_frozen"": [[1, 0], [3, 0], [2, 0]], ""betti_nerve"": [[1, 0], [1, 0], [1, 0]], ""boundary_restriction"": ""both"", ""forced_removals"": 0, ""growth_representation_fallbacks"": 273, ""invariant_held"": true, ""n_segments"": 444, ""n_train_fit"": 3375, ""n_val"": 1125, ""phase0"": [{""constant_lens"": false, ""gain"": 0.25, ""lens"": ""pc1"", ""lens_scaling"": ""standardize"", ""min_cluster_size"": 16, ""min_samples"": 5, ""n_class"": 1142, ""n_edges"": 6, ""n_intervals"": 7, ""n_vertices"": 7, ""noise_reassigned"": 1322, ""placement"": ""uniform"", ""slabs"": [{""k"": 1, ""n"": 126}, {""k"": 1, ""n"": 257}, {""k"": 1, ""n"": 239}, {""k"": 1, ""n"": 260}, {""k"": 1, ""n"": 244}, {""k"": 1, ""n"": 222}, {""k"": 1, ""n"": 86}]}, {""constant_lens"": false, ""gain"": 0.25, ""lens"": ""pc1"", ""lens_scaling"": ""standardize"", ""min_cluster_size"": 16, ""min_samples"": 5, ""n_class"": 1116, ""n_edges"": 6, ""n_intervals"": 7, ""n_vertices"": 7, ""noise_reassigned"": 1240, ""placement"": ""quantile"", ""slabs"": [{""k"": 1, ""n"": 180}, {""k"": 1, ""n"": 199}, {""k"": 1, ""n"": 199}, {""k"": 1, ""n"": 200}, {""k"": 1, ""n"": 199}, {""k"": 1, ""n"": 199}, {""k"": 1, ""n"": 180}]}, {""constant_lens"": false, ""gain"": 0.25, ""lens"": ""pc1"", ""lens_scaling"": ""standardize"", ""min_cluster_size"": 16, ""min_samples"": 5, ""n_class"": 1117, ""n_edges"": 6, ""n_intervals"": 7, ""n_vertices"": 7, ""noise_reassigned"": 1245, ""placement"": ""quantile"", ""slabs"": [{""k"": 1, ""n"": 180}, {""k"": 1, ""n"": 199}, {""k"": 1, ""n"": 200}, {""k"": 1, ""n"": 199}, {""k"": 1, ""n"": 200}, {""k"": 1, ""n"": 199}, {""k"": 1, ""n"": 180}]}], ""soundness_bound_holds"": true, ""step_rule"": ""scale_free"", ""topology_retention_nerve_to_frozen"": {""beta0_frozen"": 6, ""beta0_nerve"": 3, ""beta1_frozen"": 0, ""beta1_nerve"": 0}}",True
0.816,450,False,0.1,0.1,,9.668563000042923,9.668563000042923,0.0,waveform,2,,SPINE+Graph,10,450,500,4500,0.9,469606859,False,"{""admission"": {""criterion"": ""risk"", ""removed_risk"": 3, ""removed_support"": 0}, ""betti_final"": [[1, 0], [3, 0], [2, 0]], ""betti_frozen"": [[1, 0], [3, 0], [2, 0]], ""betti_nerve"": [[1, 0], [1, 0], [1, 0]], ""boundary_restriction"": ""both"", ""forced_removals"": 0, ""growth_representation_fallbacks"": 273, ""invariant_held"": true, ""n_segments"": 444, ""n_train_fit"": 3375, ""n_val"": 1125, ""phase0"": [{""constant_lens"": false, ""gain"": 0.25, ""lens"": ""pc1"", ""lens_scaling"": ""standardize"", ""min_cluster_size"": 16, ""min_samples"": 5, ""n_class"": 1142, ""n_edges"": 6, ""n_intervals"": 7, ""n_vertices"": 7, ""noise_reassigned"": 1322, ""placement"": ""uniform"", ""slabs"": [{""k"": 1, ""n"": 126}, {""k"": 1, ""n"": 257}, {""k"": 1, ""n"": 239}, {""k"": 1, ""n"": 260}, {""k"": 1, ""n"": 244}, {""k"": 1, ""n"": 222}, {""k"": 1, ""n"": 86}]}, {""constant_lens"": false, ""gain"": 0.25, ""lens"": ""pc1"", ""lens_scaling"": ""standardize"", ""min_cluster_size"": 16, ""min_samples"": 5, ""n_class"": 1116, ""n_edges"": 6, ""n_intervals"": 7, ""n_vertices"": 7, ""noise_reassigned"": 1240, ""placement"": ""quantile"", ""slabs"": [{""k"": 1, ""n"": 180}, {""k"": 1, ""n"": 199}, {""k"": 1, ""n"": 199}, {""k"": 1, ""n"": 200}, {""k"": 1, ""n"": 199}, {""k"": 1, ""n"": 199}, {""k"": 1, ""n"": 180}]}, {""constant_lens"": false, ""gain"": 0.25, ""lens"": ""pc1"", ""lens_scaling"": ""standardize"", ""min_cluster_size"": 16, ""min_samples"": 5, ""n_class"": 1117, ""n_edges"": 6, ""n_intervals"": 7, ""n_vertices"": 7, ""noise_reassigned"": 1245, ""placement"": ""quantile"", ""slabs"": [{""k"": 1, ""n"": 180}, {""k"": 1, ""n"": 199}, {""k"": 1, ""n"": 200}, {""k"": 1, ""n"": 199}, {""k"": 1, ""n"": 200}, {""k"": 1, ""n"": 199}, {""k"": 1, ""n"": 180}]}], ""soundness_bound_holds"": true, ""step_rule"": ""scale_free"", ""topology_retention_nerve_to_frozen"": {""beta0_frozen"": 6, ""beta0_nerve"": 3, ""beta1_frozen"": 0, ""beta1_nerve"": 0}}",True
0.768,450,False,0.1,0.1,,5.567827999999281,99.87981199997012,94.31198399997083,waveform,2,"{""epsilon"": 0.1, ""window"": 0.3}",LVQ3,10,450,500,4500,0.9,469606859,False,,True
0.768,450,False,0.1,0.1,"{""0"": 152, ""1"": 149, ""2"": 149}",4.6150670000351965,4.6150670000351965,0.0,waveform,2,,KMeans,10,450,500,4500,0.9,469606859,False,,True
0.726,450,False,0.1,0.1,"{""0"": 152, ""1"": 149, ""2"": 149}",0.0015300000086426735,0.0015300000086426735,0.0,waveform,2,,Random,10,450,500,4500,0.9,469606859,False,,True
0.706,450,False,0.1,0.1,,1.6869219999643974,1.6869219999643974,0.0,waveform,2,,SPOT,10,450,500,4500,0.9,469606859,False,,True
0.808,450,False,0.1,0.1,,45.85423399996944,45.85423399996944,0.0,waveform,2,,GLVQ,10,450,500,4500,0.9,469606859,False,,True
0.774,450,False,0.1,0.1,,10.822359999991022,10.822359999991022,0.0,waveform,2,,GNG,10,450,500,4500,0.9,469606859,False,,True
0.694,1125,False,0.25,0.25,,0.0007459999760612845,0.0007459999760612845,0.0,waveform,2,,Full,10,4500,500,4500,0.0,469606859,True,,False
0.734,1125,False,0.25,0.25,,1.6204060000018217,1.6204060000018217,0.0,waveform,2,,RSP3,10,2584,500,4500,0.4257777777777778,469606859,True,,False
0.714,1125,False,0.25,0.25,,1.6649600000237115,1.6649600000237115,0.0,waveform,2,,RHC,10,379,500,4500,0.9157777777777778,469606859,True,,False
0.81,1125,False,0.25,0.25,,35.51837299996987,35.51837299996987,0.0,waveform,2,,SPINE+1NN,10,1125,500,4500,0.75,469606859,False,"{""admission"": {""criterion"": ""risk"", ""removed_risk"": 3, ""removed_support"": 0}, ""betti_final"": [[1, 0], [3, 0], [2, 0]], ""betti_frozen"": [[1, 0], [3, 0], [2, 0]], ""betti_nerve"": [[1, 0], [1, 0], [1, 0]], ""boundary_restriction"": ""both"", ""forced_removals"": 0, ""growth_representation_fallbacks"": 1037, ""invariant_held"": true, ""n_segments"": 1119, ""n_train_fit"": 3375, ""n_val"": 1125, ""phase0"": [{""constant_lens"": false, ""gain"": 0.25, ""lens"": ""pc1"", ""lens_scaling"": ""standardize"", ""min_cluster_size"": 16, ""min_samples"": 5, ""n_class"": 1142, ""n_edges"": 6, ""n_intervals"": 7, ""n_vertices"": 7, ""noise_reassigned"": 1322, ""placement"": ""uniform"", ""slabs"": [{""k"": 1, ""n"": 126}, {""k"": 1, ""n"": 257}, {""k"": 1, ""n"": 239}, {""k"": 1, ""n"": 260}, {""k"": 1, ""n"": 244}, {""k"": 1, ""n"": 222}, {""k"": 1, ""n"": 86}]}, {""constant_lens"": false, ""gain"": 0.25, ""lens"": ""pc1"", ""lens_scaling"": ""standardize"", ""min_cluster_size"": 16, ""min_samples"": 5, ""n_class"": 1116, ""n_edges"": 6, ""n_intervals"": 7, ""n_vertices"": 7, ""noise_reassigned"": 1240, ""placement"": ""quantile"", ""slabs"": [{""k"": 1, ""n"": 180}, {""k"": 1, ""n"": 199}, {""k"": 1, ""n"": 199}, {""k"": 1, ""n"": 200}, {""k"": 1, ""n"": 199}, {""k"": 1, ""n"": 199}, {""k"": 1, ""n"": 180}]}, {""constant_lens"": false, ""gain"": 0.25, ""lens"": ""pc1"", ""lens_scaling"": ""standardize"", ""min_cluster_size"": 16, ""min_samples"": 5, ""n_class"": 1117, ""n_edges"": 6, ""n_intervals"": 7, ""n_vertices"": 7, ""noise_reassigned"": 1245, ""placement"": ""quantile"", ""slabs"": [{""k"": 1, ""n"": 180}, {""k"": 1, ""n"": 199}, {""k"": 1, ""n"": 200}, {""k"": 1, ""n"": 199}, {""k"": 1, ""n"": 200}, {""k"": 1, ""n"": 199}, {""k"": 1, ""n"": 180}]}], ""soundness_bound_holds"": true, ""step_rule"": ""scale_free"", ""topology_retention_nerve_to_frozen"": {""beta0_frozen"": 6, ""beta0_nerve"": 3, ""beta1_frozen"": 0, ""beta1_nerve"": 0}}",True
0.796,1125,False,0.25,0.25,,35.51837299996987,35.51837299996987,0.0,waveform,2,,SPINE+Graph,10,1125,500,4500,0.75,469606859,False,"{""admission"": {""criterion"": ""risk"", ""removed_risk"": 3, ""removed_support"": 0}, ""betti_final"": [[1, 0], [3, 0], [2, 0]], ""betti_frozen"": [[1, 0], [3, 0], [2, 0]], ""betti_nerve"": [[1, 0], [1, 0], [1, 0]], ""boundary_restriction"": ""both"", ""forced_removals"": 0, ""growth_representation_fallbacks"": 1037, ""invariant_held"": true, ""n_segments"": 1119, ""n_train_fit"": 3375, ""n_val"": 1125, ""phase0"": [{""constant_lens"": false, ""gain"": 0.25, ""lens"": ""pc1"", ""lens_scaling"": ""standardize"", ""min_cluster_size"": 16, ""min_samples"": 5, ""n_class"": 1142, ""n_edges"": 6, ""n_intervals"": 7, ""n_vertices"": 7, ""noise_reassigned"": 1322, ""placement"": ""uniform"", ""slabs"": [{""k"": 1, ""n"": 126}, {""k"": 1, ""n"": 257}, {""k"": 1, ""n"": 239}, {""k"": 1, ""n"": 260}, {""k"": 1, ""n"": 244}, {""k"": 1, ""n"": 222}, {""k"": 1, ""n"": 86}]}, {""constant_lens"": false, ""gain"": 0.25, ""lens"": ""pc1"", ""lens_scaling"": ""standardize"", ""min_cluster_size"": 16, ""min_samples"": 5, ""n_class"": 1116, ""n_edges"": 6, ""n_intervals"": 7, ""n_vertices"": 7, ""noise_reassigned"": 1240, ""placement"": ""quantile"", ""slabs"": [{""k"": 1, ""n"": 180}, {""k"": 1, ""n"": 199}, {""k"": 1, ""n"": 199}, {""k"": 1, ""n"": 200}, {""k"": 1, ""n"": 199}, {""k"": 1, ""n"": 199}, {""k"": 1, ""n"": 180}]}, {""constant_lens"": false, ""gain"": 0.25, ""lens"": ""pc1"", ""lens_scaling"": ""standardize"", ""min_cluster_size"": 16, ""min_samples"": 5, ""n_class"": 1117, ""n_edges"": 6, ""n_intervals"": 7, ""n_vertices"": 7, ""noise_reassigned"": 1245, ""placement"": ""quantile"", ""slabs"": [{""k"": 1, ""n"": 180}, {""k"": 1, ""n"": 199}, {""k"": 1, ""n"": 200}, {""k"": 1, ""n"": 199}, {""k"": 1, ""n"": 200}, {""k"": 1, ""n"": 199}, {""k"": 1, ""n"": 180}]}], ""soundness_bound_holds"": true, ""step_rule"": ""scale_free"", ""topology_retention_nerve_to_frozen"": {""beta0_frozen"": 6, ""beta0_nerve"": 3, ""beta1_frozen"": 0, ""beta1_nerve"": 0}}",True
0.76,1125,False,0.25,0.25,,12.564172000042163,220.12711800006218,207.56294600002002,waveform,2,"{""epsilon"": 0.3, ""window"": 0.2}",LVQ3,10,1125,500,4500,0.75,469606859,False,,True
0.712,1125,False,0.25,0.25,"{""0"": 381, ""1"": 372, ""2"": 372}",12.175092999998014,12.175092999998014,0.0,waveform,2,,KMeans,10,1125,500,4500,0.75,469606859,False,,True
0.66,1125,False,0.25,0.25,"{""0"": 381, ""1"": 372, ""2"": 372}",0.0020360000198706985,0.0020360000198706985,0.0,waveform,2,,Random,10,1125,500,4500,0.75,469606859,False,,True
0.686,1125,False,0.25,0.25,,1.7493239999748766,1.7493239999748766,0.0,waveform,2,,SPOT,10,1125,500,4500,0.75,469606859,False,,True
0.802,1125,False,0.25,0.25,,111.2146809999831,111.2146809999831,0.0,waveform,2,,GLVQ,10,1125,500,4500,0.75,469606859,False,,True
0.732,1125,False,0.25,0.25,,52.91781800001627,52.91781800001627,0.0,waveform,2,,GNG,10,1125,500,4500,0.75,469606859,False,,True
0.716,23,False,0.005111111111111111,0.005,,0.00022799998987466097,0.00022799998987466097,0.0,waveform,3,,Full,10,4500,500,4500,0.0,470606862,False,,False
0.748,23,False,0.005111111111111111,0.005,,1.6180980000062846,1.6180980000062846,0.0,waveform,3,,RSP3,10,2626,500,4500,0.4164444444444444,470606862,False,,False
0.758,23,False,0.005111111111111111,0.005,,1.6130489999777637,1.6130489999777637,0.0,waveform,3,,RHC,10,361,500,4500,0.9197777777777778,470606862,False,,False
0.772,23,False,0.005111111111111111,0.005,,3.692979000043124,3.692979000043124,0.0,waveform,3,,SPINE+1NN,10,23,500,4500,0.9948888888888889,470606862,False,"{""admission"": {""criterion"": ""risk"", ""removed_risk"": 3, ""removed_support"": 0}, ""betti_final"": [[2, 0], [2, 0], [2, 0]], ""betti_frozen"": [[2, 0], [2, 0], [2, 0]], ""betti_nerve"": [[1, 0], [1, 0], [1, 0]], ""boundary_restriction"": ""both"", ""forced_removals"": 0, ""growth_representation_fallbacks"": 0, ""invariant_held"": true, ""n_segments"": 17, ""n_train_fit"": 3375, ""n_val"": 1125, ""phase0"": [{""constant_lens"": false, ""gain"": 0.25, ""lens"": ""pc1"", ""lens_scaling"": ""standardize"", ""min_cluster_size"": 16, ""min_samples"": 5, ""n_class"": 1142, ""n_edges"": 6, ""n_intervals"": 7, ""n_vertices"": 7, ""noise_reassigned"": 1332, ""placement"": ""uniform"", ""slabs"": [{""k"": 1, ""n"": 120}, {""k"": 1, ""n"": 247}, {""k"": 1, ""n"": 239}, {""k"": 1, ""n"": 275}, {""k"": 1, ""n"": 244}, {""k"": 1, ""n"": 222}, {""k"": 1, ""n"": 97}]}, {""constant_lens"": false, ""gain"": 0.25, ""lens"": ""pc1"", ""lens_scaling"": ""standardize"", ""min_cluster_size"": 16, ""min_samples"": 5, ""n_class"": 1116, ""n_edges"": 6, ""n_intervals"": 7, ""n_vertices"": 7, ""noise_reassigned"": 1243, ""placement"": ""quantile"", ""slabs"": [{""k"": 1, ""n"": 180}, {""k"": 1, ""n"": 199}, {""k"": 1, ""n"": 199}, {""k"": 1, ""n"": 200}, {""k"": 1, ""n"": 199}, {""k"": 1, ""n"": 199}, {""k"": 1, ""n"": 180}]}, {""constant_lens"": false, ""gain"": 0.25, ""lens"": ""pc1"", ""lens_scaling"": ""standardize"", ""min_cluster_size"": 16, ""min_samples"": 5, ""n_class"": 1117, ""n_edges"": 6, ""n_intervals"": 7, ""n_vertices"": 7, ""noise_reassigned"": 1278, ""placement"": ""uniform"", ""slabs"": [{""k"": 1, ""n"": 110}, {""k"": 1, ""n"": 252}, {""k"": 1, ""n"": 262}, {""k"": 1, ""n"": 254}, {""k"": 1, ""n"": 267}, {""k"": 1, ""n"": 210}, {""k"": 1, ""n"": 36}]}], ""soundness_bound_holds"": true, ""step_rule"": ""scale_free"", ""topology_retention_nerve_to_frozen"": {""beta0_frozen"": 6, ""beta0_nerve"": 3, ""beta1_frozen"": 0, ""beta1_nerve"": 0}}",True
0.766,23,False,0.005111111111111111,0.005,,3.692979000043124,3.692979000043124,0.0,waveform,3,,SPINE+Graph,10,23,500,4500,0.9948888888888889,470606862,False,"{""admission"": {""criterion"": ""risk"", ""removed_risk"": 3, ""removed_support"": 0}, ""betti_final"": [[2, 0], [2, 0], [2, 0]], ""betti_frozen"": [[2, 0], [2, 0], [2, 0]], ""betti_nerve"": [[1, 0], [1, 0], [1, 0]], ""boundary_restriction"": ""both"", ""forced_removals"": 0, ""growth_representation_fallbacks"": 0, ""invariant_held"": true, ""n_segments"": 17, ""n_train_fit"": 3375, ""n_val"": 1125, ""phase0"": [{""constant_lens"": false, ""gain"": 0.25, ""lens"": ""pc1"", ""lens_scaling"": ""standardize"", ""min_cluster_size"": 16, ""min_samples"": 5, ""n_class"": 1142, ""n_edges"": 6, ""n_intervals"": 7, ""n_vertices"": 7, ""noise_reassigned"": 1332, ""placement"": ""uniform"", ""slabs"": [{""k"": 1, ""n"": 120}, {""k"": 1, ""n"": 247}, {""k"": 1, ""n"": 239}, {""k"": 1, ""n"": 275}, {""k"": 1, ""n"": 244}, {""k"": 1, ""n"": 222}, {""k"": 1, ""n"": 97}]}, {""constant_lens"": false, ""gain"": 0.25, ""lens"": ""pc1"", ""lens_scaling"": ""standardize"", ""min_cluster_size"": 16, ""min_samples"": 5, ""n_class"": 1116, ""n_edges"": 6, ""n_intervals"": 7, ""n_vertices"": 7, ""noise_reassigned"": 1243, ""placement"": ""quantile"", ""slabs"": [{""k"": 1, ""n"": 180}, {""k"": 1, ""n"": 199}, {""k"": 1, ""n"": 199}, {""k"": 1, ""n"": 200}, {""k"": 1, ""n"": 199}, {""k"": 1, ""n"": 199}, {""k"": 1, ""n"": 180}]}, {""constant_lens"": false, ""gain"": 0.25, ""lens"": ""pc1"", ""lens_scaling"": ""standardize"", ""min_cluster_size"": 16, ""min_samples"": 5, ""n_class"": 1117, ""n_edges"": 6, ""n_intervals"": 7, ""n_vertices"": 7, ""noise_reassigned"": 1278, ""placement"": ""uniform"", ""slabs"": [{""k"": 1, ""n"": 110}, {""k"": 1, ""n"": 252}, {""k"": 1, ""n"": 262}, {""k"": 1, ""n"": 254}, {""k"": 1, ""n"": 267}, {""k"": 1, ""n"": 210}, {""k"": 1, ""n"": 36}]}], ""soundness_bound_holds"": true, ""step_rule"": ""scale_free"", ""topology_retention_nerve_to_frozen"": {""beta0_frozen"": 6, ""beta0_nerve"": 3, ""beta1_frozen"": 0, ""beta1_nerve"": 0}}",True
0.816,23,False,0.005111111111111111,0.005,,2.2423519999720156,42.954689999925904,40.71233799995389,waveform,3,"{""epsilon"": 0.3, ""window"": 0.3}",LVQ3,10,23,500,4500,0.9948888888888889,470606862,False,,True
0.8,23,False,0.005111111111111111,0.005,"{""0"": 8, ""1"": 7, ""2"": 8}",1.176908999972511,1.176908999972511,0.0,waveform,3,,KMeans,10,23,500,4500,0.9948888888888889,470606862,False,,True
0.642,23,False,0.005111111111111111,0.005,"{""0"": 8, ""1"": 7, ""2"": 8}",0.000977999996393919,0.000977999996393919,0.0,waveform,3,,Random,10,23,500,4500,0.9948888888888889,470606862,False,,True
0.694,23,False,0.005111111111111111,0.005,,1.5386979999602772,1.5386979999602772,0.0,waveform,3,,SPOT,10,23,500,4500,0.9948888888888889,470606862,False,,True
0.804,23,False,0.005111111111111111,0.005,,5.028510000032838,5.028510000032838,0.0,waveform,3,,GLVQ,10,23,500,4500,0.9948888888888889,470606862,False,,True
0.786,23,False,0.005111111111111111,0.005,,0.7731129999738187,0.7731129999738187,0.0,waveform,3,,GNG,10,23,500,4500,0.9948888888888889,470606862,False,,True
0.716,45,False,0.01,0.01,,0.00022799998987466097,0.00022799998987466097,0.0,waveform,3,,Full,10,4500,500,4500,0.0,470606862,True,,False
0.748,45,False,0.01,0.01,,1.6180980000062846,1.6180980000062846,0.0,waveform,3,,RSP3,10,2626,500,4500,0.4164444444444444,470606862,True,,False
0.758,45,False,0.01,0.01,,1.6130489999777637,1.6130489999777637,0.0,waveform,3,,RHC,10,361,500,4500,0.9197777777777778,470606862,True,,False
0.77,45,False,0.01,0.01,,4.418826000008266,4.418826000008266,0.0,waveform,3,,SPINE+1NN,10,45,500,4500,0.99,470606862,False,"{""admission"": {""criterion"": ""risk"", ""removed_risk"": 3, ""removed_support"": 0}, ""betti_final"": [[2, 0], [2, 0], [2, 0]], ""betti_frozen"": [[2, 0], [2, 0], [2, 0]], ""betti_nerve"": [[1, 0], [1, 0], [1, 0]], ""boundary_restriction"": ""both"", ""forced_removals"": 0, ""growth_representation_fallbacks"": 1, ""invariant_held"": true, ""n_segments"": 39, ""n_train_fit"": 3375, ""n_val"": 1125, ""phase0"": [{""constant_lens"": false, ""gain"": 0.25, ""lens"": ""pc1"", ""lens_scaling"": ""standardize"", ""min_cluster_size"": 16, ""min_samples"": 5, ""n_class"": 1142, ""n_edges"": 6, ""n_intervals"": 7, ""n_vertices"": 7, ""noise_reassigned"": 1332, ""placement"": ""uniform"", ""slabs"": [{""k"": 1, ""n"": 120}, {""k"": 1, ""n"": 247}, {""k"": 1, ""n"": 239}, {""k"": 1, ""n"": 275}, {""k"": 1, ""n"": 244}, {""k"": 1, ""n"": 222}, {""k"": 1, ""n"": 97}]}, {""constant_lens"": false, ""gain"": 0.25, ""lens"": ""pc1"", ""lens_scaling"": ""standardize"", ""min_cluster_size"": 16, ""min_samples"": 5, ""n_class"": 1116, ""n_edges"": 6, ""n_intervals"": 7, ""n_vertices"": 7, ""noise_reassigned"": 1243, ""placement"": ""quantile"", ""slabs"": [{""k"": 1, ""n"": 180}, {""k"": 1, ""n"": 199}, {""k"": 1, ""n"": 199}, {""k"": 1, ""n"": 200}, {""k"": 1, ""n"": 199}, {""k"": 1, ""n"": 199}, {""k"": 1, ""n"": 180}]}, {""constant_lens"": false, ""gain"": 0.25, ""lens"": ""pc1"", ""lens_scaling"": ""standardize"", ""min_cluster_size"": 16, ""min_samples"": 5, ""n_class"": 1117, ""n_edges"": 6, ""n_intervals"": 7, ""n_vertices"": 7, ""noise_reassigned"": 1278, ""placement"": ""uniform"", ""slabs"": [{""k"": 1, ""n"": 110}, {""k"": 1, ""n"": 252}, {""k"": 1, ""n"": 262}, {""k"": 1, ""n"": 254}, {""k"": 1, ""n"": 267}, {""k"": 1, ""n"": 210}, {""k"": 1, ""n"": 36}]}], ""soundness_bound_holds"": true, ""step_rule"": ""scale_free"", ""topology_retention_nerve_to_frozen"": {""beta0_frozen"": 6, ""beta0_nerve"": 3, ""beta1_frozen"": 0, ""beta1_nerve"": 0}}",True
0.772,45,False,0.01,0.01,,4.418826000008266,4.418826000008266,0.0,waveform,3,,SPINE+Graph,10,45,500,4500,0.99,470606862,False,"{""admission"": {""criterion"": ""risk"", ""removed_risk"": 3, ""removed_support"": 0}, ""betti_final"": [[2, 0], [2, 0], [2, 0]], ""betti_frozen"": [[2, 0], [2, 0], [2, 0]], ""betti_nerve"": [[1, 0], [1, 0], [1, 0]], ""boundary_restriction"": ""both"", ""forced_removals"": 0, ""growth_representation_fallbacks"": 1, ""invariant_held"": true, ""n_segments"": 39, ""n_train_fit"": 3375, ""n_val"": 1125, ""phase0"": [{""constant_lens"": false, ""gain"": 0.25, ""lens"": ""pc1"", ""lens_scaling"": ""standardize"", ""min_cluster_size"": 16, ""min_samples"": 5, ""n_class"": 1142, ""n_edges"": 6, ""n_intervals"": 7, ""n_vertices"": 7, ""noise_reassigned"": 1332, ""placement"": ""uniform"", ""slabs"": [{""k"": 1, ""n"": 120}, {""k"": 1, ""n"": 247}, {""k"": 1, ""n"": 239}, {""k"": 1, ""n"": 275}, {""k"": 1, ""n"": 244}, {""k"": 1, ""n"": 222}, {""k"": 1, ""n"": 97}]}, {""constant_lens"": false, ""gain"": 0.25, ""lens"": ""pc1"", ""lens_scaling"": ""standardize"", ""min_cluster_size"": 16, ""min_samples"": 5, ""n_class"": 1116, ""n_edges"": 6, ""n_intervals"": 7, ""n_vertices"": 7, ""noise_reassigned"": 1243, ""placement"": ""quantile"", ""slabs"": [{""k"": 1, ""n"": 180}, {""k"": 1, ""n"": 199}, {""k"": 1, ""n"": 199}, {""k"": 1, ""n"": 200}, {""k"": 1, ""n"": 199}, {""k"": 1, ""n"": 199}, {""k"": 1, ""n"": 180}]}, {""constant_lens"": false, ""gain"": 0.25, ""lens"": ""pc1"", ""lens_scaling"": ""standardize"", ""min_cluster_size"": 16, ""min_samples"": 5, ""n_class"": 1117, ""n_edges"": 6, ""n_intervals"": 7, ""n_vertices"": 7, ""noise_reassigned"": 1278, ""placement"": ""uniform"", ""slabs"": [{""k"": 1, ""n"": 110}, {""k"": 1, ""n"": 252}, {""k"": 1, ""n"": 262}, {""k"": 1, ""n"": 254}, {""k"": 1, ""n"": 267}, {""k"": 1, ""n"": 210}, {""k"": 1, ""n"": 36}]}], ""soundness_bound_holds"": true, ""step_rule"": ""scale_free"", ""topology_retention_nerve_to_frozen"": {""beta0_frozen"": 6, ""beta0_nerve"": 3, ""beta1_frozen"": 0, ""beta1_nerve"": 0}}",True
0.814,45,False,0.01,0.01,,2.390140999981668,45.71092799998587,43.3207870000042,waveform,3,"{""epsilon"": 0.3, ""window"": 0.3}",LVQ3,10,45,500,4500,0.99,470606862,False,,True
0.784,45,False,0.01,0.01,"{""0"": 15, ""1"": 15, ""2"": 15}",1.2704249999951571,1.2704249999951571,0.0,waveform,3,,KMeans,10,45,500,4500,0.99,470606862,False,,True
0.646,45,False,0.01,0.01,"{""0"": 15, ""1"": 15, ""2"": 15}",0.0009730000165291131,0.0009730000165291131,0.0,waveform,3,,Random,10,45,500,4500,0.99,470606862,False,,True
0.72,45,False,0.01,0.01,,1.5913690000306815,1.5913690000306815,0.0,waveform,3,,SPOT,10,45,500,4500,0.99,470606862,False,,True
0.796,45,False,0.01,0.01,,7.139153000025544,7.139153000025544,0.0,waveform,3,,GLVQ,10,45,500,4500,0.99,470606862,False,,True
0.764,45,False,0.01,0.01,,1.5874279999989085,1.5874279999989085,0.0,waveform,3,,GNG,10,45,500,4500,0.99,470606862,False,,True
0.716,90,False,0.02,0.02,,0.00022799998987466097,0.00022799998987466097,0.0,waveform,3,,Full,10,4500,500,4500,0.0,470606862,True,,False
0.748,90,False,0.02,0.02,,1.6180980000062846,1.6180980000062846,0.0,waveform,3,,RSP3,10,2626,500,4500,0.4164444444444444,470606862,True,,False
0.758,90,False,0.02,0.02,,1.6130489999777637,1.6130489999777637,0.0,waveform,3,,RHC,10,361,500,4500,0.9197777777777778,470606862,True,,False
0.766,90,False,0.02,0.02,,4.625943000020925,4.625943000020925,0.0,waveform,3,,SPINE+1NN,10,90,500,4500,0.98,470606862,False,"{""admission"": {""criterion"": ""risk"", ""removed_risk"": 3, ""removed_support"": 0}, ""betti_final"": [[2, 0], [2, 0], [2, 0]], ""betti_frozen"": [[2, 0], [2, 0], [2, 0]], ""betti_nerve"": [[1, 0], [1, 0], [1, 0]], ""boundary_restriction"": ""both"", ""forced_removals"": 0, ""growth_representation_fallbacks"": 10, ""invariant_held"": true, ""n_segments"": 84, ""n_train_fit"": 3375, ""n_val"": 1125, ""phase0"": [{""constant_lens"": false, ""gain"": 0.25, ""lens"": ""pc1"", ""lens_scaling"": ""standardize"", ""min_cluster_size"": 16, ""min_samples"": 5, ""n_class"": 1142, ""n_edges"": 6, ""n_intervals"": 7, ""n_vertices"": 7, ""noise_reassigned"": 1332, ""placement"": ""uniform"", ""slabs"": [{""k"": 1, ""n"": 120}, {""k"": 1, ""n"": 247}, {""k"": 1, ""n"": 239}, {""k"": 1, ""n"": 275}, {""k"": 1, ""n"": 244}, {""k"": 1, ""n"": 222}, {""k"": 1, ""n"": 97}]}, {""constant_lens"": false, ""gain"": 0.25, ""lens"": ""pc1"", ""lens_scaling"": ""standardize"", ""min_cluster_size"": 16, ""min_samples"": 5, ""n_class"": 1116, ""n_edges"": 6, ""n_intervals"": 7, ""n_vertices"": 7, ""noise_reassigned"": 1243, ""placement"": ""quantile"", ""slabs"": [{""k"": 1, ""n"": 180}, {""k"": 1, ""n"": 199}, {""k"": 1, ""n"": 199}, {""k"": 1, ""n"": 200}, {""k"": 1, ""n"": 199}, {""k"": 1, ""n"": 199}, {""k"": 1, ""n"": 180}]}, {""constant_lens"": false, ""gain"": 0.25, ""lens"": ""pc1"", ""lens_scaling"": ""standardize"", ""min_cluster_size"": 16, ""min_samples"": 5, ""n_class"": 1117, ""n_edges"": 6, ""n_intervals"": 7, ""n_vertices"": 7, ""noise_reassigned"": 1278, ""placement"": ""uniform"", ""slabs"": [{""k"": 1, ""n"": 110}, {""k"": 1, ""n"": 252}, {""k"": 1, ""n"": 262}, {""k"": 1, ""n"": 254}, {""k"": 1, ""n"": 267}, {""k"": 1, ""n"": 210}, {""k"": 1, ""n"": 36}]}], ""soundness_bound_holds"": true, ""step_rule"": ""scale_free"", ""topology_retention_nerve_to_frozen"": {""beta0_frozen"": 6, ""beta0_nerve"": 3, ""beta1_frozen"": 0, ""beta1_nerve"": 0}}",True
0.768,90,False,0.02,0.02,,4.625943000020925,4.625943000020925,0.0,waveform,3,,SPINE+Graph,10,90,500,4500,0.98,470606862,False,"{""admission"": {""criterion"": ""risk"", ""removed_risk"": 3, ""removed_support"": 0}, ""betti_final"": [[2, 0], [2, 0], [2, 0]], ""betti_frozen"": [[2, 0], [2, 0], [2, 0]], ""betti_nerve"": [[1, 0], [1, 0], [1, 0]], ""boundary_restriction"": ""both"", ""forced_removals"": 0, ""growth_representation_fallbacks"": 10, ""invariant_held"": true, ""n_segments"": 84, ""n_train_fit"": 3375, ""n_val"": 1125, ""phase0"": [{""constant_lens"": false, ""gain"": 0.25, ""lens"": ""pc1"", ""lens_scaling"": ""standardize"", ""min_cluster_size"": 16, ""min_samples"": 5, ""n_class"": 1142, ""n_edges"": 6, ""n_intervals"": 7, ""n_vertices"": 7, ""noise_reassigned"": 1332, ""placement"": ""uniform"", ""slabs"": [{""k"": 1, ""n"": 120}, {""k"": 1, ""n"": 247}, {""k"": 1, ""n"": 239}, {""k"": 1, ""n"": 275}, {""k"": 1, ""n"": 244}, {""k"": 1, ""n"": 222}, {""k"": 1, ""n"": 97}]}, {""constant_lens"": false, ""gain"": 0.25, ""lens"": ""pc1"", ""lens_scaling"": ""standardize"", ""min_cluster_size"": 16, ""min_samples"": 5, ""n_class"": 1116, ""n_edges"": 6, ""n_intervals"": 7, ""n_vertices"": 7, ""noise_reassigned"": 1243, ""placement"": ""quantile"", ""slabs"": [{""k"": 1, ""n"": 180}, {""k"": 1, ""n"": 199}, {""k"": 1, ""n"": 199}, {""k"": 1, ""n"": 200}, {""k"": 1, ""n"": 199}, {""k"": 1, ""n"": 199}, {""k"": 1, ""n"": 180}]}, {""constant_lens"": false, ""gain"": 0.25, ""lens"": ""pc1"", ""lens_scaling"": ""standardize"", ""min_cluster_size"": 16, ""min_samples"": 5, ""n_class"": 1117, ""n_edges"": 6, ""n_intervals"": 7, ""n_vertices"": 7, ""noise_reassigned"": 1278, ""placement"": ""uniform"", ""slabs"": [{""k"": 1, ""n"": 110}, {""k"": 1, ""n"": 252}, {""k"": 1, ""n"": 262}, {""k"": 1, ""n"": 254}, {""k"": 1, ""n"": 267}, {""k"": 1, ""n"": 210}, {""k"": 1, ""n"": 36}]}], ""soundness_bound_holds"": true, ""step_rule"": ""scale_free"", ""topology_retention_nerve_to_frozen"": {""beta0_frozen"": 6, ""beta0_nerve"": 3, ""beta1_frozen"": 0, ""beta1_nerve"": 0}}",True
0.806,90,False,0.02,0.02,,3.0952820000238717,56.41794800001662,53.32266599999275,waveform,3,"{""epsilon"": 0.3, ""window"": 0.3}",LVQ3,10,90,500,4500,0.98,470606862,False,,True
0.758,90,False,0.02,0.02,"{""0"": 30, ""1"": 30, ""2"": 30}",2.215942000038922,2.215942000038922,0.0,waveform,3,,KMeans,10,90,500,4500,0.98,470606862,False,,True
0.68,90,False,0.02,0.02,"{""0"": 30, ""1"": 30, ""2"": 30}",0.0010689999908208847,0.0010689999908208847,0.0,waveform,3,,Random,10,90,500,4500,0.98,470606862,False,,True
0.696,90,False,0.02,0.02,,1.622761000005994,1.622761000005994,0.0,waveform,3,,SPOT,10,90,500,4500,0.98,470606862,False,,True
0.79,90,False,0.02,0.02,,11.413988000014797,11.413988000014797,0.0,waveform,3,,GLVQ,10,90,500,4500,0.98,470606862,False,,True
0.796,90,False,0.02,0.02,,2.0178679999662563,2.0178679999662563,0.0,waveform,3,,GNG,10,90,500,4500,0.98,470606862,False,,True
0.716,225,False,0.05,0.05,,0.00022799998987466097,0.00022799998987466097,0.0,waveform,3,,Full,10,4500,500,4500,0.0,470606862,True,,False
0.748,225,False,0.05,0.05,,1.6180980000062846,1.6180980000062846,0.0,waveform,3,,RSP3,10,2626,500,4500,0.4164444444444444,470606862,True,,False
0.758,225,False,0.05,0.05,,1.6130489999777637,1.6130489999777637,0.0,waveform,3,,RHC,10,361,500,4500,0.9197777777777778,470606862,True,,False
0.816,225,False,0.05,0.05,,5.750254999962635,5.750254999962635,0.0,waveform,3,,SPINE+1NN,10,225,500,4500,0.95,470606862,False,"{""admission"": {""criterion"": ""risk"", ""removed_risk"": 3, ""removed_support"": 0}, ""betti_final"": [[2, 0], [2, 0], [2, 0]], ""betti_frozen"": [[2, 0], [2, 0], [2, 0]], ""betti_nerve"": [[1, 0], [1, 0], [1, 0]], ""boundary_restriction"": ""both"", ""forced_removals"": 0, ""growth_representation_fallbacks"": 44, ""invariant_held"": true, ""n_segments"": 219, ""n_train_fit"": 3375, ""n_val"": 1125, ""phase0"": [{""constant_lens"": false, ""gain"": 0.25, ""lens"": ""pc1"", ""lens_scaling"": ""standardize"", ""min_cluster_size"": 16, ""min_samples"": 5, ""n_class"": 1142, ""n_edges"": 6, ""n_intervals"": 7, ""n_vertices"": 7, ""noise_reassigned"": 1332, ""placement"": ""uniform"", ""slabs"": [{""k"": 1, ""n"": 120}, {""k"": 1, ""n"": 247}, {""k"": 1, ""n"": 239}, {""k"": 1, ""n"": 275}, {""k"": 1, ""n"": 244}, {""k"": 1, ""n"": 222}, {""k"": 1, ""n"": 97}]}, {""constant_lens"": false, ""gain"": 0.25, ""lens"": ""pc1"", ""lens_scaling"": ""standardize"", ""min_cluster_size"": 16, ""min_samples"": 5, ""n_class"": 1116, ""n_edges"": 6, ""n_intervals"": 7, ""n_vertices"": 7, ""noise_reassigned"": 1243, ""placement"": ""quantile"", ""slabs"": [{""k"": 1, ""n"": 180}, {""k"": 1, ""n"": 199}, {""k"": 1, ""n"": 199}, {""k"": 1, ""n"": 200}, {""k"": 1, ""n"": 199}, {""k"": 1, ""n"": 199}, {""k"": 1, ""n"": 180}]}, {""constant_lens"": false, ""gain"": 0.25, ""lens"": ""pc1"", ""lens_scaling"": ""standardize"", ""min_cluster_size"": 16, ""min_samples"": 5, ""n_class"": 1117, ""n_edges"": 6, ""n_intervals"": 7, ""n_vertices"": 7, ""noise_reassigned"": 1278, ""placement"": ""uniform"", ""slabs"": [{""k"": 1, ""n"": 110}, {""k"": 1, ""n"": 252}, {""k"": 1, ""n"": 262}, {""k"": 1, ""n"": 254}, {""k"": 1, ""n"": 267}, {""k"": 1, ""n"": 210}, {""k"": 1, ""n"": 36}]}], ""soundness_bound_holds"": true, ""step_rule"": ""scale_free"", ""topology_retention_nerve_to_frozen"": {""beta0_frozen"": 6, ""beta0_nerve"": 3, ""beta1_frozen"": 0, ""beta1_nerve"": 0}}",True
0.812,225,False,0.05,0.05,,5.750254999962635,5.750254999962635,0.0,waveform,3,,SPINE+Graph,10,225,500,4500,0.95,470606862,False,"{""admission"": {""criterion"": ""risk"", ""removed_risk"": 3, ""removed_support"": 0}, ""betti_final"": [[2, 0], [2, 0], [2, 0]], ""betti_frozen"": [[2, 0], [2, 0], [2, 0]], ""betti_nerve"": [[1, 0], [1, 0], [1, 0]], ""boundary_restriction"": ""both"", ""forced_removals"": 0, ""growth_representation_fallbacks"": 44, ""invariant_held"": true, ""n_segments"": 219, ""n_train_fit"": 3375, ""n_val"": 1125, ""phase0"": [{""constant_lens"": false, ""gain"": 0.25, ""lens"": ""pc1"", ""lens_scaling"": ""standardize"", ""min_cluster_size"": 16, ""min_samples"": 5, ""n_class"": 1142, ""n_edges"": 6, ""n_intervals"": 7, ""n_vertices"": 7, ""noise_reassigned"": 1332, ""placement"": ""uniform"", ""slabs"": [{""k"": 1, ""n"": 120}, {""k"": 1, ""n"": 247}, {""k"": 1, ""n"": 239}, {""k"": 1, ""n"": 275}, {""k"": 1, ""n"": 244}, {""k"": 1, ""n"": 222}, {""k"": 1, ""n"": 97}]}, {""constant_lens"": false, ""gain"": 0.25, ""lens"": ""pc1"", ""lens_scaling"": ""standardize"", ""min_cluster_size"": 16, ""min_samples"": 5, ""n_class"": 1116, ""n_edges"": 6, ""n_intervals"": 7, ""n_vertices"": 7, ""noise_reassigned"": 1243, ""placement"": ""quantile"", ""slabs"": [{""k"": 1, ""n"": 180}, {""k"": 1, ""n"": 199}, {""k"": 1, ""n"": 199}, {""k"": 1, ""n"": 200}, {""k"": 1, ""n"": 199}, {""k"": 1, ""n"": 199}, {""k"": 1, ""n"": 180}]}, {""constant_lens"": false, ""gain"": 0.25, ""lens"": ""pc1"", ""lens_scaling"": ""standardize"", ""min_cluster_size"": 16, ""min_samples"": 5, ""n_class"": 1117, ""n_edges"": 6, ""n_intervals"": 7, ""n_vertices"": 7, ""noise_reassigned"": 1278, ""placement"": ""uniform"", ""slabs"": [{""k"": 1, ""n"": 110}, {""k"": 1, ""n"": 252}, {""k"": 1, ""n"": 262}, {""k"": 1, ""n"": 254}, {""k"": 1, ""n"": 267}, {""k"": 1, ""n"": 210}, {""k"": 1, ""n"": 36}]}], ""soundness_bound_holds"": true, ""step_rule"": ""scale_free"", ""topology_retention_nerve_to_frozen"": {""beta0_frozen"": 6, ""beta0_nerve"": 3, ""beta1_frozen"": 0, ""beta1_nerve"": 0}}",True
0.818,225,False,0.05,0.05,,4.083366999984719,72.67750400002114,68.59413700003643,waveform,3,"{""epsilon"": 0.1, ""window"": 0.2}",LVQ3,10,225,500,4500,0.95,470606862,False,,True
0.764,225,False,0.05,0.05,"{""0"": 76, ""1"": 74, ""2"": 75}",3.0915120000136085,3.0915120000136085,0.0,waveform,3,,KMeans,10,225,500,4500,0.95,470606862,False,,True
0.69,225,False,0.05,0.05,"{""0"": 76, ""1"": 74, ""2"": 75}",0.0011580000282265246,0.0011580000282265246,0.0,waveform,3,,Random,10,225,500,4500,0.95,470606862,False,,True
0.686,225,False,0.05,0.05,,1.629921000043396,1.629921000043396,0.0,waveform,3,,SPOT,10,225,500,4500,0.95,470606862,False,,True
0.79,225,False,0.05,0.05,,24.290263000002597,24.290263000002597,0.0,waveform,3,,GLVQ,10,225,500,4500,0.95,470606862,False,,True
0.788,225,False,0.05,0.05,,4.260855000000447,4.260855000000447,0.0,waveform,3,,GNG,10,225,500,4500,0.95,470606862,False,,True
0.716,450,False,0.1,0.1,,0.00022799998987466097,0.00022799998987466097,0.0,waveform,3,,Full,10,4500,500,4500,0.0,470606862,True,,False
0.748,450,False,0.1,0.1,,1.6180980000062846,1.6180980000062846,0.0,waveform,3,,RSP3,10,2626,500,4500,0.4164444444444444,470606862,True,,False
0.758,450,False,0.1,0.1,,1.6130489999777637,1.6130489999777637,0.0,waveform,3,,RHC,10,361,500,4500,0.9197777777777778,470606862,True,,False
0.822,450,False,0.1,0.1,,9.589521999994759,9.589521999994759,0.0,waveform,3,,SPINE+1NN,10,450,500,4500,0.9,470606862,False,"{""admission"": {""criterion"": ""risk"", ""removed_risk"": 3, ""removed_support"": 0}, ""betti_final"": [[2, 0], [2, 0], [2, 0]], ""betti_frozen"": [[2, 0], [2, 0], [2, 0]], ""betti_nerve"": [[1, 0], [1, 0], [1, 0]], ""boundary_restriction"": ""both"", ""forced_removals"": 0, ""growth_representation_fallbacks"": 258, ""invariant_held"": true, ""n_segments"": 444, ""n_train_fit"": 3375, ""n_val"": 1125, ""phase0"": [{""constant_lens"": false, ""gain"": 0.25, ""lens"": ""pc1"", ""lens_scaling"": ""standardize"", ""min_cluster_size"": 16, ""min_samples"": 5, ""n_class"": 1142, ""n_edges"": 6, ""n_intervals"": 7, ""n_vertices"": 7, ""noise_reassigned"": 1332, ""placement"": ""uniform"", ""slabs"": [{""k"": 1, ""n"": 120}, {""k"": 1, ""n"": 247}, {""k"": 1, ""n"": 239}, {""k"": 1, ""n"": 275}, {""k"": 1, ""n"": 244}, {""k"": 1, ""n"": 222}, {""k"": 1, ""n"": 97}]}, {""constant_lens"": false, ""gain"": 0.25, ""lens"": ""pc1"", ""lens_scaling"": ""standardize"", ""min_cluster_size"": 16, ""min_samples"": 5, ""n_class"": 1116, ""n_edges"": 6, ""n_intervals"": 7, ""n_vertices"": 7, ""noise_reassigned"": 1243, ""placement"": ""quantile"", ""slabs"": [{""k"": 1, ""n"": 180}, {""k"": 1, ""n"": 199}, {""k"": 1, ""n"": 199}, {""k"": 1, ""n"": 200}, {""k"": 1, ""n"": 199}, {""k"": 1, ""n"": 199}, {""k"": 1, ""n"": 180}]}, {""constant_lens"": false, ""gain"": 0.25, ""lens"": ""pc1"", ""lens_scaling"": ""standardize"", ""min_cluster_size"": 16, ""min_samples"": 5, ""n_class"": 1117, ""n_edges"": 6, ""n_intervals"": 7, ""n_vertices"": 7, ""noise_reassigned"": 1278, ""placement"": ""uniform"", ""slabs"": [{""k"": 1, ""n"": 110}, {""k"": 1, ""n"": 252}, {""k"": 1, ""n"": 262}, {""k"": 1, ""n"": 254}, {""k"": 1, ""n"": 267}, {""k"": 1, ""n"": 210}, {""k"": 1, ""n"": 36}]}], ""soundness_bound_holds"": true, ""step_rule"": ""scale_free"", ""topology_retention_nerve_to_frozen"": {""beta0_frozen"": 6, ""beta0_nerve"": 3, ""beta1_frozen"": 0, ""beta1_nerve"": 0}}",True
0.808,450,False,0.1,0.1,,9.589521999994759,9.589521999994759,0.0,waveform,3,,SPINE+Graph,10,450,500,4500,0.9,470606862,False,"{""admission"": {""criterion"": ""risk"", ""removed_risk"": 3, ""removed_support"": 0}, ""betti_final"": [[2, 0], [2, 0], [2, 0]], ""betti_frozen"": [[2, 0], [2, 0], [2, 0]], ""betti_nerve"": [[1, 0], [1, 0], [1, 0]], ""boundary_restriction"": ""both"", ""forced_removals"": 0, ""growth_representation_fallbacks"": 258, ""invariant_held"": true, ""n_segments"": 444, ""n_train_fit"": 3375, ""n_val"": 1125, ""phase0"": [{""constant_lens"": false, ""gain"": 0.25, ""lens"": ""pc1"", ""lens_scaling"": ""standardize"", ""min_cluster_size"": 16, ""min_samples"": 5, ""n_class"": 1142, ""n_edges"": 6, ""n_intervals"": 7, ""n_vertices"": 7, ""noise_reassigned"": 1332, ""placement"": ""uniform"", ""slabs"": [{""k"": 1, ""n"": 120}, {""k"": 1, ""n"": 247}, {""k"": 1, ""n"": 239}, {""k"": 1, ""n"": 275}, {""k"": 1, ""n"": 244}, {""k"": 1, ""n"": 222}, {""k"": 1, ""n"": 97}]}, {""constant_lens"": false, ""gain"": 0.25, ""lens"": ""pc1"", ""lens_scaling"": ""standardize"", ""min_cluster_size"": 16, ""min_samples"": 5, ""n_class"": 1116, ""n_edges"": 6, ""n_intervals"": 7, ""n_vertices"": 7, ""noise_reassigned"": 1243, ""placement"": ""quantile"", ""slabs"": [{""k"": 1, ""n"": 180}, {""k"": 1, ""n"": 199}, {""k"": 1, ""n"": 199}, {""k"": 1, ""n"": 200}, {""k"": 1, ""n"": 199}, {""k"": 1, ""n"": 199}, {""k"": 1, ""n"": 180}]}, {""constant_lens"": false, ""gain"": 0.25, ""lens"": ""pc1"", ""lens_scaling"": ""standardize"", ""min_cluster_size"": 16, ""min_samples"": 5, ""n_class"": 1117, ""n_edges"": 6, ""n_intervals"": 7, ""n_vertices"": 7, ""noise_reassigned"": 1278, ""placement"": ""uniform"", ""slabs"": [{""k"": 1, ""n"": 110}, {""k"": 1, ""n"": 252}, {""k"": 1, ""n"": 262}, {""k"": 1, ""n"": 254}, {""k"": 1, ""n"": 267}, {""k"": 1, ""n"": 210}, {""k"": 1, ""n"": 36}]}], ""soundness_bound_holds"": true, ""step_rule"": ""scale_free"", ""topology_retention_nerve_to_frozen"": {""beta0_frozen"": 6, ""beta0_nerve"": 3, ""beta1_frozen"": 0, ""beta1_nerve"": 0}}",True
0.786,450,False,0.1,0.1,,5.5163659999961965,99.79626999999164,94.27990399999544,waveform,3,"{""epsilon"": 0.3, ""window"": 0.2}",LVQ3,10,450,500,4500,0.9,470606862,False,,True
0.742,450,False,0.1,0.1,"{""0"": 152, ""1"": 149, ""2"": 149}",3.531633000005968,3.531633000005968,0.0,waveform,3,,KMeans,10,450,500,4500,0.9,470606862,False,,True
0.7,450,False,0.1,0.1,"{""0"": 152, ""1"": 149, ""2"": 149}",0.0007900000200606883,0.0007900000200606883,0.0,waveform,3,,Random,10,450,500,4500,0.9,470606862,False,,True
0.682,450,False,0.1,0.1,,0.9645110000274144,0.9645110000274144,0.0,waveform,3,,SPOT,10,450,500,4500,0.9,470606862,False,,True
0.786,450,False,0.1,0.1,,45.4140849999967,45.4140849999967,0.0,waveform,3,,GLVQ,10,450,500,4500,0.9,470606862,False,,True
0.794,450,False,0.1,0.1,,11.143877999973483,11.143877999973483,0.0,waveform,3,,GNG,10,450,500,4500,0.9,470606862,False,,True
0.716,1125,False,0.25,0.25,,0.00022799998987466097,0.00022799998987466097,0.0,waveform,3,,Full,10,4500,500,4500,0.0,470606862,True,,False
0.748,1125,False,0.25,0.25,,1.6180980000062846,1.6180980000062846,0.0,waveform,3,,RSP3,10,2626,500,4500,0.4164444444444444,470606862,True,,False
0.758,1125,False,0.25,0.25,,1.6130489999777637,1.6130489999777637,0.0,waveform,3,,RHC,10,361,500,4500,0.9197777777777778,470606862,True,,False
0.788,1125,False,0.25,0.25,,35.82018300000345,35.82018300000345,0.0,waveform,3,,SPINE+1NN,10,1125,500,4500,0.75,470606862,False,"{""admission"": {""criterion"": ""risk"", ""removed_risk"": 3, ""removed_support"": 0}, ""betti_final"": [[2, 0], [2, 0], [2, 0]], ""betti_frozen"": [[2, 0], [2, 0], [2, 0]], ""betti_nerve"": [[1, 0], [1, 0], [1, 0]], ""boundary_restriction"": ""both"", ""forced_removals"": 0, ""growth_representation_fallbacks"": 1053, ""invariant_held"": true, ""n_segments"": 1119, ""n_train_fit"": 3375, ""n_val"": 1125, ""phase0"": [{""constant_lens"": false, ""gain"": 0.25, ""lens"": ""pc1"", ""lens_scaling"": ""standardize"", ""min_cluster_size"": 16, ""min_samples"": 5, ""n_class"": 1142, ""n_edges"": 6, ""n_intervals"": 7, ""n_vertices"": 7, ""noise_reassigned"": 1332, ""placement"": ""uniform"", ""slabs"": [{""k"": 1, ""n"": 120}, {""k"": 1, ""n"": 247}, {""k"": 1, ""n"": 239}, {""k"": 1, ""n"": 275}, {""k"": 1, ""n"": 244}, {""k"": 1, ""n"": 222}, {""k"": 1, ""n"": 97}]}, {""constant_lens"": false, ""gain"": 0.25, ""lens"": ""pc1"", ""lens_scaling"": ""standardize"", ""min_cluster_size"": 16, ""min_samples"": 5, ""n_class"": 1116, ""n_edges"": 6, ""n_intervals"": 7, ""n_vertices"": 7, ""noise_reassigned"": 1243, ""placement"": ""quantile"", ""slabs"": [{""k"": 1, ""n"": 180}, {""k"": 1, ""n"": 199}, {""k"": 1, ""n"": 199}, {""k"": 1, ""n"": 200}, {""k"": 1, ""n"": 199}, {""k"": 1, ""n"": 199}, {""k"": 1, ""n"": 180}]}, {""constant_lens"": false, ""gain"": 0.25, ""lens"": ""pc1"", ""lens_scaling"": ""standardize"", ""min_cluster_size"": 16, ""min_samples"": 5, ""n_class"": 1117, ""n_edges"": 6, ""n_intervals"": 7, ""n_vertices"": 7, ""noise_reassigned"": 1278, ""placement"": ""uniform"", ""slabs"": [{""k"": 1, ""n"": 110}, {""k"": 1, ""n"": 252}, {""k"": 1, ""n"": 262}, {""k"": 1, ""n"": 254}, {""k"": 1, ""n"": 267}, {""k"": 1, ""n"": 210}, {""k"": 1, ""n"": 36}]}], ""soundness_bound_holds"": true, ""step_rule"": ""scale_free"", ""topology_retention_nerve_to_frozen"": {""beta0_frozen"": 6, ""beta0_nerve"": 3, ""beta1_frozen"": 0, ""beta1_nerve"": 0}}",True
0.782,1125,False,0.25,0.25,,35.82018300000345,35.82018300000345,0.0,waveform,3,,SPINE+Graph,10,1125,500,4500,0.75,470606862,False,"{""admission"": {""criterion"": ""risk"", ""removed_risk"": 3, ""removed_support"": 0}, ""betti_final"": [[2, 0], [2, 0], [2, 0]], ""betti_frozen"": [[2, 0], [2, 0], [2, 0]], ""betti_nerve"": [[1, 0], [1, 0], [1, 0]], ""boundary_restriction"": ""both"", ""forced_removals"": 0, ""growth_representation_fallbacks"": 1053, ""invariant_held"": true, ""n_segments"": 1119, ""n_train_fit"": 3375, ""n_val"": 1125, ""phase0"": [{""constant_lens"": false, ""gain"": 0.25, ""lens"": ""pc1"", ""lens_scaling"": ""standardize"", ""min_cluster_size"": 16, ""min_samples"": 5, ""n_class"": 1142, ""n_edges"": 6, ""n_intervals"": 7, ""n_vertices"": 7, ""noise_reassigned"": 1332, ""placement"": ""uniform"", ""slabs"": [{""k"": 1, ""n"": 120}, {""k"": 1, ""n"": 247}, {""k"": 1, ""n"": 239}, {""k"": 1, ""n"": 275}, {""k"": 1, ""n"": 244}, {""k"": 1, ""n"": 222}, {""k"": 1, ""n"": 97}]}, {""constant_lens"": false, ""gain"": 0.25, ""lens"": ""pc1"", ""lens_scaling"": ""standardize"", ""min_cluster_size"": 16, ""min_samples"": 5, ""n_class"": 1116, ""n_edges"": 6, ""n_intervals"": 7, ""n_vertices"": 7, ""noise_reassigned"": 1243, ""placement"": ""quantile"", ""slabs"": [{""k"": 1, ""n"": 180}, {""k"": 1, ""n"": 199}, {""k"": 1, ""n"": 199}, {""k"": 1, ""n"": 200}, {""k"": 1, ""n"": 199}, {""k"": 1, ""n"": 199}, {""k"": 1, ""n"": 180}]}, {""constant_lens"": false, ""gain"": 0.25, ""lens"": ""pc1"", ""lens_scaling"": ""standardize"", ""min_cluster_size"": 16, ""min_samples"": 5, ""n_class"": 1117, ""n_edges"": 6, ""n_intervals"": 7, ""n_vertices"": 7, ""noise_reassigned"": 1278, ""placement"": ""uniform"", ""slabs"": [{""k"": 1, ""n"": 110}, {""k"": 1, ""n"": 252}, {""k"": 1, ""n"": 262}, {""k"": 1, ""n"": 254}, {""k"": 1, ""n"": 267}, {""k"": 1, ""n"": 210}, {""k"": 1, ""n"": 36}]}], ""soundness_bound_holds"": true, ""step_rule"": ""scale_free"", ""topology_retention_nerve_to_frozen"": {""beta0_frozen"": 6, ""beta0_nerve"": 3, ""beta1_frozen"": 0, ""beta1_nerve"": 0}}",True
0.774,1125,False,0.25,0.25,,12.620534999994561,220.4140170000028,207.79348200000823,waveform,3,"{""epsilon"": 0.1, ""window"": 0.3}",LVQ3,10,1125,500,4500,0.75,470606862,False,,True
0.754,1125,False,0.25,0.25,"{""0"": 381, ""1"": 372, ""2"": 372}",11.676175000029616,11.676175000029616,0.0,waveform,3,,KMeans,10,1125,500,4500,0.75,470606862,False,,True
0.684,1125,False,0.25,0.25,"{""0"": 381, ""1"": 372, ""2"": 372}",0.0017809999990276992,0.0017809999990276992,0.0,waveform,3,,Random,10,1125,500,4500,0.75,470606862,False,,True
0.674,1125,False,0.25,0.25,,1.6741909999982454,1.6741909999982454,0.0,waveform,3,,SPOT,10,1125,500,4500,0.75,470606862,False,,True
0.784,1125,False,0.25,0.25,,110.52416600001743,110.52416600001743,0.0,waveform,3,,GLVQ,10,1125,500,4500,0.75,470606862,False,,True
0.74,1125,False,0.25,0.25,,52.60457200004021,52.60457200004021,0.0,waveform,3,,GNG,10,1125,500,4500,0.75,470606862,False,,True
0.728,23,False,0.005111111111111111,0.005,,0.00024199998006224632,0.00024199998006224632,0.0,waveform,4,,Full,10,4500,500,4500,0.0,471606865,False,,False
0.786,23,False,0.005111111111111111,0.005,,1.5860150000080466,1.5860150000080466,0.0,waveform,4,,RSP3,10,2625,500,4500,0.41666666666666663,471606865,False,,False
0.744,23,False,0.005111111111111111,0.005,,1.5687330000218935,1.5687330000218935,0.0,waveform,4,,RHC,10,355,500,4500,0.9211111111111111,471606865,False,,False
0.808,23,False,0.005111111111111111,0.005,,3.6757079999661073,3.6757079999661073,0.0,waveform,4,,SPINE+1NN,10,23,500,4500,0.9948888888888889,471606865,False,"{""admission"": {""criterion"": ""risk"", ""removed_risk"": 2, ""removed_support"": 0}, ""betti_final"": [[2, 0], [1, 0], [2, 0]], ""betti_frozen"": [[2, 0], [1, 0], [2, 0]], ""betti_nerve"": [[1, 0], [1, 0], [1, 0]], ""boundary_restriction"": ""both"", ""forced_removals"": 0, ""growth_representation_fallbacks"": 1, ""invariant_held"": true, ""n_segments"": 18, ""n_train_fit"": 3375, ""n_val"": 1125, ""phase0"": [{""constant_lens"": false, ""gain"": 0.25, ""lens"": ""pc1"", ""lens_scaling"": ""standardize"", ""min_cluster_size"": 16, ""min_samples"": 5, ""n_class"": 1142, ""n_edges"": 6, ""n_intervals"": 7, ""n_vertices"": 7, ""noise_reassigned"": 1332, ""placement"": ""uniform"", ""slabs"": [{""k"": 1, ""n"": 120}, {""k"": 1, ""n"": 271}, {""k"": 1, ""n"": 259}, {""k"": 1, ""n"": 259}, {""k"": 1, ""n"": 250}, {""k"": 1, ""n"": 208}, {""k"": 1, ""n"": 78}]}, {""constant_lens"": false, ""gain"": 0.25, ""lens"": ""pc1"", ""lens_scaling"": ""standardize"", ""min_cluster_size"": 16, ""min_samples"": 5, ""n_class"": 1116, ""n_edges"": 6, ""n_intervals"": 7, ""n_vertices"": 7, ""noise_reassigned"": 1301, ""placement"": ""uniform"", ""slabs"": [{""k"": 1, ""n"": 89}, {""k"": 1, ""n"": 210}, {""k"": 1, ""n"": 254}, {""k"": 1, ""n"": 288}, {""k"": 1, ""n"": 285}, {""k"": 1, ""n"": 227}, {""k"": 1, ""n"": 60}]}, {""constant_lens"": false, ""gain"": 0.25, ""lens"": ""pc1"", ""lens_scaling"": ""standardize"", ""min_cluster_size"": 16, ""min_samples"": 5, ""n_class"": 1117, ""n_edges"": 6, ""n_intervals"": 7, ""n_vertices"": 7, ""noise_reassigned"": 1295, ""placement"": ""uniform"", ""slabs"": [{""k"": 1, ""n"": 99}, {""k"": 1, ""n"": 265}, {""k"": 1, ""n"": 256}, {""k"": 1, ""n"": 264}, {""k"": 1, ""n"": 273}, {""k"": 1, ""n"": 207}, {""k"": 1, ""n"": 46}]}], ""soundness_bound_holds"": true, ""step_rule"": ""scale_free"", ""topology_retention_nerve_to_frozen"": {""beta0_frozen"": 5, ""beta0_nerve"": 3, ""beta1_frozen"": 0, ""beta1_nerve"": 0}}",True
0.81,23,False,0.005111111111111111,0.005,,3.6757079999661073,3.6757079999661073,0.0,waveform,4,,SPINE+Graph,10,23,500,4500,0.9948888888888889,471606865,False,"{""admission"": {""criterion"": ""risk"", ""removed_risk"": 2, ""removed_support"": 0}, ""betti_final"": [[2, 0], [1, 0], [2, 0]], ""betti_frozen"": [[2, 0], [1, 0], [2, 0]], ""betti_nerve"": [[1, 0], [1, 0], [1, 0]], ""boundary_restriction"": ""both"", ""forced_removals"": 0, ""growth_representation_fallbacks"": 1, ""invariant_held"": true, ""n_segments"": 18, ""n_train_fit"": 3375, ""n_val"": 1125, ""phase0"": [{""constant_lens"": false, ""gain"": 0.25, ""lens"": ""pc1"", ""lens_scaling"": ""standardize"", ""min_cluster_size"": 16, ""min_samples"": 5, ""n_class"": 1142, ""n_edges"": 6, ""n_intervals"": 7, ""n_vertices"": 7, ""noise_reassigned"": 1332, ""placement"": ""uniform"", ""slabs"": [{""k"": 1, ""n"": 120}, {""k"": 1, ""n"": 271}, {""k"": 1, ""n"": 259}, {""k"": 1, ""n"": 259}, {""k"": 1, ""n"": 250}, {""k"": 1, ""n"": 208}, {""k"": 1, ""n"": 78}]}, {""constant_lens"": false, ""gain"": 0.25, ""lens"": ""pc1"", ""lens_scaling"": ""standardize"", ""min_cluster_size"": 16, ""min_samples"": 5, ""n_class"": 1116, ""n_edges"": 6, ""n_intervals"": 7, ""n_vertices"": 7, ""noise_reassigned"": 1301, ""placement"": ""uniform"", ""slabs"": [{""k"": 1, ""n"": 89}, {""k"": 1, ""n"": 210}, {""k"": 1, ""n"": 254}, {""k"": 1, ""n"": 288}, {""k"": 1, ""n"": 285}, {""k"": 1, ""n"": 227}, {""k"": 1, ""n"": 60}]}, {""constant_lens"": false, ""gain"": 0.25, ""lens"": ""pc1"", ""lens_scaling"": ""standardize"", ""min_cluster_size"": 16, ""min_samples"": 5, ""n_class"": 1117, ""n_edges"": 6, ""n_intervals"": 7, ""n_vertices"": 7, ""noise_reassigned"": 1295, ""placement"": ""uniform"", ""slabs"": [{""k"": 1, ""n"": 99}, {""k"": 1, ""n"": 265}, {""k"": 1, ""n"": 256}, {""k"": 1, ""n"": 264}, {""k"": 1, ""n"": 273}, {""k"": 1, ""n"": 207}, {""k"": 1, ""n"": 46}]}], ""soundness_bound_holds"": true, ""step_rule"": ""scale_free"", ""topology_retention_nerve_to_frozen"": {""beta0_frozen"": 5, ""beta0_nerve"": 3, ""beta1_frozen"": 0, ""beta1_nerve"": 0}}",True
0.846,23,False,0.005111111111111111,0.005,,2.2266550000058487,42.75916600000346,40.53251099999761,waveform,4,"{""epsilon"": 0.3, ""window"": 0.2}",LVQ3,10,23,500,4500,0.9948888888888889,471606865,False,,True
0.814,23,False,0.005111111111111111,0.005,"{""0"": 8, ""1"": 7, ""2"": 8}",1.1646530000143684,1.1646530000143684,0.0,waveform,4,,KMeans,10,23,500,4500,0.9948888888888889,471606865,False,,True
0.614,23,False,0.005111111111111111,0.005,"{""0"": 8, ""1"": 7, ""2"": 8}",0.0009740000241436064,0.0009740000241436064,0.0,waveform,4,,Random,10,23,500,4500,0.9948888888888889,471606865,False,,True
0.712,23,False,0.005111111111111111,0.005,,1.5293039999669418,1.5293039999669418,0.0,waveform,4,,SPOT,10,23,500,4500,0.9948888888888889,471606865,False,,True
0.828,23,False,0.005111111111111111,0.005,,5.0270780000137165,5.0270780000137165,0.0,waveform,4,,GLVQ,10,23,500,4500,0.9948888888888889,471606865,False,,True
0.798,23,False,0.005111111111111111,0.005,,0.757454999955371,0.757454999955371,0.0,waveform,4,,GNG,10,23,500,4500,0.9948888888888889,471606865,False,,True
0.728,45,False,0.01,0.01,,0.00024199998006224632,0.00024199998006224632,0.0,waveform,4,,Full,10,4500,500,4500,0.0,471606865,True,,False
0.786,45,False,0.01,0.01,,1.5860150000080466,1.5860150000080466,0.0,waveform,4,,RSP3,10,2625,500,4500,0.41666666666666663,471606865,True,,False
0.744,45,False,0.01,0.01,,1.5687330000218935,1.5687330000218935,0.0,waveform,4,,RHC,10,355,500,4500,0.9211111111111111,471606865,True,,False
0.81,45,False,0.01,0.01,,4.4137160000391304,4.4137160000391304,0.0,waveform,4,,SPINE+1NN,10,45,500,4500,0.99,471606865,False,"{""admission"": {""criterion"": ""risk"", ""removed_risk"": 2, ""removed_support"": 0}, ""betti_final"": [[2, 0], [1, 0], [2, 0]], ""betti_frozen"": [[2, 0], [1, 0], [2, 0]], ""betti_nerve"": [[1, 0], [1, 0], [1, 0]], ""boundary_restriction"": ""both"", ""forced_removals"": 0, ""growth_representation_fallbacks"": 4, ""invariant_held"": true, ""n_segments"": 40, ""n_train_fit"": 3375, ""n_val"": 1125, ""phase0"": [{""constant_lens"": false, ""gain"": 0.25, ""lens"": ""pc1"", ""lens_scaling"": ""standardize"", ""min_cluster_size"": 16, ""min_samples"": 5, ""n_class"": 1142, ""n_edges"": 6, ""n_intervals"": 7, ""n_vertices"": 7, ""noise_reassigned"": 1332, ""placement"": ""uniform"", ""slabs"": [{""k"": 1, ""n"": 120}, {""k"": 1, ""n"": 271}, {""k"": 1, ""n"": 259}, {""k"": 1, ""n"": 259}, {""k"": 1, ""n"": 250}, {""k"": 1, ""n"": 208}, {""k"": 1, ""n"": 78}]}, {""constant_lens"": false, ""gain"": 0.25, ""lens"": ""pc1"", ""lens_scaling"": ""standardize"", ""min_cluster_size"": 16, ""min_samples"": 5, ""n_class"": 1116, ""n_edges"": 6, ""n_intervals"": 7, ""n_vertices"": 7, ""noise_reassigned"": 1301, ""placement"": ""uniform"", ""slabs"": [{""k"": 1, ""n"": 89}, {""k"": 1, ""n"": 210}, {""k"": 1, ""n"": 254}, {""k"": 1, ""n"": 288}, {""k"": 1, ""n"": 285}, {""k"": 1, ""n"": 227}, {""k"": 1, ""n"": 60}]}, {""constant_lens"": false, ""gain"": 0.25, ""lens"": ""pc1"", ""lens_scaling"": ""standardize"", ""min_cluster_size"": 16, ""min_samples"": 5, ""n_class"": 1117, ""n_edges"": 6, ""n_intervals"": 7, ""n_vertices"": 7, ""noise_reassigned"": 1295, ""placement"": ""uniform"", ""slabs"": [{""k"": 1, ""n"": 99}, {""k"": 1, ""n"": 265}, {""k"": 1, ""n"": 256}, {""k"": 1, ""n"": 264}, {""k"": 1, ""n"": 273}, {""k"": 1, ""n"": 207}, {""k"": 1, ""n"": 46}]}], ""soundness_bound_holds"": true, ""step_rule"": ""scale_free"", ""topology_retention_nerve_to_frozen"": {""beta0_frozen"": 5, ""beta0_nerve"": 3, ""beta1_frozen"": 0, ""beta1_nerve"": 0}}",True
0.806,45,False,0.01,0.01,,4.4137160000391304,4.4137160000391304,0.0,waveform,4,,SPINE+Graph,10,45,500,4500,0.99,471606865,False,"{""admission"": {""criterion"": ""risk"", ""removed_risk"": 2, ""removed_support"": 0}, ""betti_final"": [[2, 0], [1, 0], [2, 0]], ""betti_frozen"": [[2, 0], [1, 0], [2, 0]], ""betti_nerve"": [[1, 0], [1, 0], [1, 0]], ""boundary_restriction"": ""both"", ""forced_removals"": 0, ""growth_representation_fallbacks"": 4, ""invariant_held"": true, ""n_segments"": 40, ""n_train_fit"": 3375, ""n_val"": 1125, ""phase0"": [{""constant_lens"": false, ""gain"": 0.25, ""lens"": ""pc1"", ""lens_scaling"": ""standardize"", ""min_cluster_size"": 16, ""min_samples"": 5, ""n_class"": 1142, ""n_edges"": 6, ""n_intervals"": 7, ""n_vertices"": 7, ""noise_reassigned"": 1332, ""placement"": ""uniform"", ""slabs"": [{""k"": 1, ""n"": 120}, {""k"": 1, ""n"": 271}, {""k"": 1, ""n"": 259}, {""k"": 1, ""n"": 259}, {""k"": 1, ""n"": 250}, {""k"": 1, ""n"": 208}, {""k"": 1, ""n"": 78}]}, {""constant_lens"": false, ""gain"": 0.25, ""lens"": ""pc1"", ""lens_scaling"": ""standardize"", ""min_cluster_size"": 16, ""min_samples"": 5, ""n_class"": 1116, ""n_edges"": 6, ""n_intervals"": 7, ""n_vertices"": 7, ""noise_reassigned"": 1301, ""placement"": ""uniform"", ""slabs"": [{""k"": 1, ""n"": 89}, {""k"": 1, ""n"": 210}, {""k"": 1, ""n"": 254}, {""k"": 1, ""n"": 288}, {""k"": 1, ""n"": 285}, {""k"": 1, ""n"": 227}, {""k"": 1, ""n"": 60}]}, {""constant_lens"": false, ""gain"": 0.25, ""lens"": ""pc1"", ""lens_scaling"": ""standardize"", ""min_cluster_size"": 16, ""min_samples"": 5, ""n_class"": 1117, ""n_edges"": 6, ""n_intervals"": 7, ""n_vertices"": 7, ""noise_reassigned"": 1295, ""placement"": ""uniform"", ""slabs"": [{""k"": 1, ""n"": 99}, {""k"": 1, ""n"": 265}, {""k"": 1, ""n"": 256}, {""k"": 1, ""n"": 264}, {""k"": 1, ""n"": 273}, {""k"": 1, ""n"": 207}, {""k"": 1, ""n"": 46}]}], ""soundness_bound_holds"": true, ""step_rule"": ""scale_free"", ""topology_retention_nerve_to_frozen"": {""beta0_frozen"": 5, ""beta0_nerve"": 3, ""beta1_frozen"": 0, ""beta1_nerve"": 0}}",True
0.854,45,False,0.01,0.01,,2.380522000021301,45.83665800001472,43.45613599999342,waveform,4,"{""epsilon"": 0.1, ""window"": 0.2}",LVQ3,10,45,500,4500,0.99,471606865,False,,True
0.81,45,False,0.01,0.01,"{""0"": 15, ""1"": 15, ""2"": 15}",1.1575319999828935,1.1575319999828935,0.0,waveform,4,,KMeans,10,45,500,4500,0.99,471606865,False,,True
0.672,45,False,0.01,0.01,"{""0"": 15, ""1"": 15, ""2"": 15}",0.0009960000170394778,0.0009960000170394778,0.0,waveform,4,,Random,10,45,500,4500,0.99,471606865,False,,True
0.708,45,False,0.01,0.01,,1.5764459999627434,1.5764459999627434,0.0,waveform,4,,SPOT,10,45,500,4500,0.99,471606865,False,,True
0.82,45,False,0.01,0.01,,7.118557999958284,7.118557999958284,0.0,waveform,4,,GLVQ,10,45,500,4500,0.99,471606865,False,,True
0.806,45,False,0.01,0.01,,1.5884570000343956,1.5884570000343956,0.0,waveform,4,,GNG,10,45,500,4500,0.99,471606865,False,,True
0.728,90,False,0.02,0.02,,0.00024199998006224632,0.00024199998006224632,0.0,waveform,4,,Full,10,4500,500,4500,0.0,471606865,True,,False
0.786,90,False,0.02,0.02,,1.5860150000080466,1.5860150000080466,0.0,waveform,4,,RSP3,10,2625,500,4500,0.41666666666666663,471606865,True,,False
0.744,90,False,0.02,0.02,,1.5687330000218935,1.5687330000218935,0.0,waveform,4,,RHC,10,355,500,4500,0.9211111111111111,471606865,True,,False
0.814,90,False,0.02,0.02,,4.498051000002306,4.498051000002306,0.0,waveform,4,,SPINE+1NN,10,90,500,4500,0.98,471606865,False,"{""admission"": {""criterion"": ""risk"", ""removed_risk"": 2, ""removed_support"": 0}, ""betti_final"": [[2, 0], [1, 0], [2, 0]], ""betti_frozen"": [[2, 0], [1, 0], [2, 0]], ""betti_nerve"": [[1, 0], [1, 0], [1, 0]], ""boundary_restriction"": ""both"", ""forced_removals"": 0, ""growth_representation_fallbacks"": 15, ""invariant_held"": true, ""n_segments"": 85, ""n_train_fit"": 3375, ""n_val"": 1125, ""phase0"": [{""constant_lens"": false, ""gain"": 0.25, ""lens"": ""pc1"", ""lens_scaling"": ""standardize"", ""min_cluster_size"": 16, ""min_samples"": 5, ""n_class"": 1142, ""n_edges"": 6, ""n_intervals"": 7, ""n_vertices"": 7, ""noise_reassigned"": 1332, ""placement"": ""uniform"", ""slabs"": [{""k"": 1, ""n"": 120}, {""k"": 1, ""n"": 271}, {""k"": 1, ""n"": 259}, {""k"": 1, ""n"": 259}, {""k"": 1, ""n"": 250}, {""k"": 1, ""n"": 208}, {""k"": 1, ""n"": 78}]}, {""constant_lens"": false, ""gain"": 0.25, ""lens"": ""pc1"", ""lens_scaling"": ""standardize"", ""min_cluster_size"": 16, ""min_samples"": 5, ""n_class"": 1116, ""n_edges"": 6, ""n_intervals"": 7, ""n_vertices"": 7, ""noise_reassigned"": 1301, ""placement"": ""uniform"", ""slabs"": [{""k"": 1, ""n"": 89}, {""k"": 1, ""n"": 210}, {""k"": 1, ""n"": 254}, {""k"": 1, ""n"": 288}, {""k"": 1, ""n"": 285}, {""k"": 1, ""n"": 227}, {""k"": 1, ""n"": 60}]}, {""constant_lens"": false, ""gain"": 0.25, ""lens"": ""pc1"", ""lens_scaling"": ""standardize"", ""min_cluster_size"": 16, ""min_samples"": 5, ""n_class"": 1117, ""n_edges"": 6, ""n_intervals"": 7, ""n_vertices"": 7, ""noise_reassigned"": 1295, ""placement"": ""uniform"", ""slabs"": [{""k"": 1, ""n"": 99}, {""k"": 1, ""n"": 265}, {""k"": 1, ""n"": 256}, {""k"": 1, ""n"": 264}, {""k"": 1, ""n"": 273}, {""k"": 1, ""n"": 207}, {""k"": 1, ""n"": 46}]}], ""soundness_bound_holds"": true, ""step_rule"": ""scale_free"", ""topology_retention_nerve_to_frozen"": {""beta0_frozen"": 5, ""beta0_nerve"": 3, ""beta1_frozen"": 0, ""beta1_nerve"": 0}}",True
0.804,90,False,0.02,0.02,,4.498051000002306,4.498051000002306,0.0,waveform,4,,SPINE+Graph,10,90,500,4500,0.98,471606865,False,"{""admission"": {""criterion"": ""risk"", ""removed_risk"": 2, ""removed_support"": 0}, ""betti_final"": [[2, 0], [1, 0], [2, 0]], ""betti_frozen"": [[2, 0], [1, 0], [2, 0]], ""betti_nerve"": [[1, 0], [1, 0], [1, 0]], ""boundary_restriction"": ""both"", ""forced_removals"": 0, ""growth_representation_fallbacks"": 15, ""invariant_held"": true, ""n_segments"": 85, ""n_train_fit"": 3375, ""n_val"": 1125, ""phase0"": [{""constant_lens"": false, ""gain"": 0.25, ""lens"": ""pc1"", ""lens_scaling"": ""standardize"", ""min_cluster_size"": 16, ""min_samples"": 5, ""n_class"": 1142, ""n_edges"": 6, ""n_intervals"": 7, ""n_vertices"": 7, ""noise_reassigned"": 1332, ""placement"": ""uniform"", ""slabs"": [{""k"": 1, ""n"": 120}, {""k"": 1, ""n"": 271}, {""k"": 1, ""n"": 259}, {""k"": 1, ""n"": 259}, {""k"": 1, ""n"": 250}, {""k"": 1, ""n"": 208}, {""k"": 1, ""n"": 78}]}, {""constant_lens"": false, ""gain"": 0.25, ""lens"": ""pc1"", ""lens_scaling"": ""standardize"", ""min_cluster_size"": 16, ""min_samples"": 5, ""n_class"": 1116, ""n_edges"": 6, ""n_intervals"": 7, ""n_vertices"": 7, ""noise_reassigned"": 1301, ""placement"": ""uniform"", ""slabs"": [{""k"": 1, ""n"": 89}, {""k"": 1, ""n"": 210}, {""k"": 1, ""n"": 254}, {""k"": 1, ""n"": 288}, {""k"": 1, ""n"": 285}, {""k"": 1, ""n"": 227}, {""k"": 1, ""n"": 60}]}, {""constant_lens"": false, ""gain"": 0.25, ""lens"": ""pc1"", ""lens_scaling"": ""standardize"", ""min_cluster_size"": 16, ""min_samples"": 5, ""n_class"": 1117, ""n_edges"": 6, ""n_intervals"": 7, ""n_vertices"": 7, ""noise_reassigned"": 1295, ""placement"": ""uniform"", ""slabs"": [{""k"": 1, ""n"": 99}, {""k"": 1, ""n"": 265}, {""k"": 1, ""n"": 256}, {""k"": 1, ""n"": 264}, {""k"": 1, ""n"": 273}, {""k"": 1, ""n"": 207}, {""k"": 1, ""n"": 46}]}], ""soundness_bound_holds"": true, ""step_rule"": ""scale_free"", ""topology_retention_nerve_to_frozen"": {""beta0_frozen"": 5, ""beta0_nerve"": 3, ""beta1_frozen"": 0, ""beta1_nerve"": 0}}",True
0.84,90,False,0.02,0.02,,2.9114909999771044,55.86416299996199,52.95267199998489,waveform,4,"{""epsilon"": 0.3, ""window"": 0.3}",LVQ3,10,90,500,4500,0.98,471606865,False,,True
0.784,90,False,0.02,0.02,"{""0"": 30, ""1"": 30, ""2"": 30}",1.9940950000309385,1.9940950000309385,0.0,waveform,4,,KMeans,10,90,500,4500,0.98,471606865,False,,True
0.688,90,False,0.02,0.02,"{""0"": 30, ""1"": 30, ""2"": 30}",0.0010520000359974802,0.0010520000359974802,0.0,waveform,4,,Random,10,90,500,4500,0.98,471606865,False,,True
0.696,90,False,0.02,0.02,,1.6134810000075959,1.6134810000075959,0.0,waveform,4,,SPOT,10,90,500,4500,0.98,471606865,False,,True
0.818,90,False,0.02,0.02,,11.430153000052087,11.430153000052087,0.0,waveform,4,,GLVQ,10,90,500,4500,0.98,471606865,False,,True
0.816,90,False,0.02,0.02,,1.990425999974832,1.990425999974832,0.0,waveform,4,,GNG,10,90,500,4500,0.98,471606865,False,,True
0.728,225,False,0.05,0.05,,0.00024199998006224632,0.00024199998006224632,0.0,waveform,4,,Full,10,4500,500,4500,0.0,471606865,True,,False
0.786,225,False,0.05,0.05,,1.5860150000080466,1.5860150000080466,0.0,waveform,4,,RSP3,10,2625,500,4500,0.41666666666666663,471606865,True,,False
0.744,225,False,0.05,0.05,,1.5687330000218935,1.5687330000218935,0.0,waveform,4,,RHC,10,355,500,4500,0.9211111111111111,471606865,True,,False
0.836,225,False,0.05,0.05,,5.737319000007119,5.737319000007119,0.0,waveform,4,,SPINE+1NN,10,225,500,4500,0.95,471606865,False,"{""admission"": {""criterion"": ""risk"", ""removed_risk"": 2, ""removed_support"": 0}, ""betti_final"": [[2, 0], [1, 0], [2, 0]], ""betti_frozen"": [[2, 0], [1, 0], [2, 0]], ""betti_nerve"": [[1, 0], [1, 0], [1, 0]], ""boundary_restriction"": ""both"", ""forced_removals"": 0, ""growth_representation_fallbacks"": 47, ""invariant_held"": true, ""n_segments"": 220, ""n_train_fit"": 3375, ""n_val"": 1125, ""phase0"": [{""constant_lens"": false, ""gain"": 0.25, ""lens"": ""pc1"", ""lens_scaling"": ""standardize"", ""min_cluster_size"": 16, ""min_samples"": 5, ""n_class"": 1142, ""n_edges"": 6, ""n_intervals"": 7, ""n_vertices"": 7, ""noise_reassigned"": 1332, ""placement"": ""uniform"", ""slabs"": [{""k"": 1, ""n"": 120}, {""k"": 1, ""n"": 271}, {""k"": 1, ""n"": 259}, {""k"": 1, ""n"": 259}, {""k"": 1, ""n"": 250}, {""k"": 1, ""n"": 208}, {""k"": 1, ""n"": 78}]}, {""constant_lens"": false, ""gain"": 0.25, ""lens"": ""pc1"", ""lens_scaling"": ""standardize"", ""min_cluster_size"": 16, ""min_samples"": 5, ""n_class"": 1116, ""n_edges"": 6, ""n_intervals"": 7, ""n_vertices"": 7, ""noise_reassigned"": 1301, ""placement"": ""uniform"", ""slabs"": [{""k"": 1, ""n"": 89}, {""k"": 1, ""n"": 210}, {""k"": 1, ""n"": 254}, {""k"": 1, ""n"": 288}, {""k"": 1, ""n"": 285}, {""k"": 1, ""n"": 227}, {""k"": 1, ""n"": 60}]}, {""constant_lens"": false, ""gain"": 0.25, ""lens"": ""pc1"", ""lens_scaling"": ""standardize"", ""min_cluster_size"": 16, ""min_samples"": 5, ""n_class"": 1117, ""n_edges"": 6, ""n_intervals"": 7, ""n_vertices"": 7, ""noise_reassigned"": 1295, ""placement"": ""uniform"", ""slabs"": [{""k"": 1, ""n"": 99}, {""k"": 1, ""n"": 265}, {""k"": 1, ""n"": 256}, {""k"": 1, ""n"": 264}, {""k"": 1, ""n"": 273}, {""k"": 1, ""n"": 207}, {""k"": 1, ""n"": 46}]}], ""soundness_bound_holds"": true, ""step_rule"": ""scale_free"", ""topology_retention_nerve_to_frozen"": {""beta0_frozen"": 5, ""beta0_nerve"": 3, ""beta1_frozen"": 0, ""beta1_nerve"": 0}}",True
0.836,225,False,0.05,0.05,,5.737319000007119,5.737319000007119,0.0,waveform,4,,SPINE+Graph,10,225,500,4500,0.95,471606865,False,"{""admission"": {""criterion"": ""risk"", ""removed_risk"": 2, ""removed_support"": 0}, ""betti_final"": [[2, 0], [1, 0], [2, 0]], ""betti_frozen"": [[2, 0], [1, 0], [2, 0]], ""betti_nerve"": [[1, 0], [1, 0], [1, 0]], ""boundary_restriction"": ""both"", ""forced_removals"": 0, ""growth_representation_fallbacks"": 47, ""invariant_held"": true, ""n_segments"": 220, ""n_train_fit"": 3375, ""n_val"": 1125, ""phase0"": [{""constant_lens"": false, ""gain"": 0.25, ""lens"": ""pc1"", ""lens_scaling"": ""standardize"", ""min_cluster_size"": 16, ""min_samples"": 5, ""n_class"": 1142, ""n_edges"": 6, ""n_intervals"": 7, ""n_vertices"": 7, ""noise_reassigned"": 1332, ""placement"": ""uniform"", ""slabs"": [{""k"": 1, ""n"": 120}, {""k"": 1, ""n"": 271}, {""k"": 1, ""n"": 259}, {""k"": 1, ""n"": 259}, {""k"": 1, ""n"": 250}, {""k"": 1, ""n"": 208}, {""k"": 1, ""n"": 78}]}, {""constant_lens"": false, ""gain"": 0.25, ""lens"": ""pc1"", ""lens_scaling"": ""standardize"", ""min_cluster_size"": 16, ""min_samples"": 5, ""n_class"": 1116, ""n_edges"": 6, ""n_intervals"": 7, ""n_vertices"": 7, ""noise_reassigned"": 1301, ""placement"": ""uniform"", ""slabs"": [{""k"": 1, ""n"": 89}, {""k"": 1, ""n"": 210}, {""k"": 1, ""n"": 254}, {""k"": 1, ""n"": 288}, {""k"": 1, ""n"": 285}, {""k"": 1, ""n"": 227}, {""k"": 1, ""n"": 60}]}, {""constant_lens"": false, ""gain"": 0.25, ""lens"": ""pc1"", ""lens_scaling"": ""standardize"", ""min_cluster_size"": 16, ""min_samples"": 5, ""n_class"": 1117, ""n_edges"": 6, ""n_intervals"": 7, ""n_vertices"": 7, ""noise_reassigned"": 1295, ""placement"": ""uniform"", ""slabs"": [{""k"": 1, ""n"": 99}, {""k"": 1, ""n"": 265}, {""k"": 1, ""n"": 256}, {""k"": 1, ""n"": 264}, {""k"": 1, ""n"": 273}, {""k"": 1, ""n"": 207}, {""k"": 1, ""n"": 46}]}], ""soundness_bound_holds"": true, ""step_rule"": ""scale_free"", ""topology_retention_nerve_to_frozen"": {""beta0_frozen"": 5, ""beta0_nerve"": 3, ""beta1_frozen"": 0, ""beta1_nerve"": 0}}",True
0.832,225,False,0.05,0.05,,3.854059999983292,72.51248600002145,68.65842600003816,waveform,4,"{""epsilon"": 0.1, ""window"": 0.3}",LVQ3,10,225,500,4500,0.95,471606865,False,,True
0.786,225,False,0.05,0.05,"{""0"": 76, ""1"": 74, ""2"": 75}",2.769551000033971,2.769551000033971,0.0,waveform,4,,KMeans,10,225,500,4500,0.95,471606865,False,,True
0.68,225,False,0.05,0.05,"{""0"": 76, ""1"": 74, ""2"": 75}",0.001150999974925071,0.001150999974925071,0.0,waveform,4,,Random,10,225,500,4500,0.95,471606865,False,,True
0.712,225,False,0.05,0.05,,1.6728899999870919,1.6728899999870919,0.0,waveform,4,,SPOT,10,225,500,4500,0.95,471606865,False,,True
0.826,225,False,0.05,0.05,,24.307984000013676,24.307984000013676,0.0,waveform,4,,GLVQ,10,225,500,4500,0.95,471606865,False,,True
0.822,225,False,0.05,0.05,,4.30412799998885,4.30412799998885,0.0,waveform,4,,GNG,10,225,500,4500,0.95,471606865,False,,True
0.728,450,False,0.1,0.1,,0.00024199998006224632,0.00024199998006224632,0.0,waveform,4,,Full,10,4500,500,4500,0.0,471606865,True,,False
0.786,450,False,0.1,0.1,,1.5860150000080466,1.5860150000080466,0.0,waveform,4,,RSP3,10,2625,500,4500,0.41666666666666663,471606865,True,,False
0.744,450,False,0.1,0.1,,1.5687330000218935,1.5687330000218935,0.0,waveform,4,,RHC,10,355,500,4500,0.9211111111111111,471606865,True,,False
0.832,450,False,0.1,0.1,,9.555270999961067,9.555270999961067,0.0,waveform,4,,SPINE+1NN,10,450,500,4500,0.9,471606865,False,"{""admission"": {""criterion"": ""risk"", ""removed_risk"": 2, ""removed_support"": 0}, ""betti_final"": [[2, 0], [1, 0], [2, 0]], ""betti_frozen"": [[2, 0], [1, 0], [2, 0]], ""betti_nerve"": [[1, 0], [1, 0], [1, 0]], ""boundary_restriction"": ""both"", ""forced_removals"": 0, ""growth_representation_fallbacks"": 282, ""invariant_held"": true, ""n_segments"": 445, ""n_train_fit"": 3375, ""n_val"": 1125, ""phase0"": [{""constant_lens"": false, ""gain"": 0.25, ""lens"": ""pc1"", ""lens_scaling"": ""standardize"", ""min_cluster_size"": 16, ""min_samples"": 5, ""n_class"": 1142, ""n_edges"": 6, ""n_intervals"": 7, ""n_vertices"": 7, ""noise_reassigned"": 1332, ""placement"": ""uniform"", ""slabs"": [{""k"": 1, ""n"": 120}, {""k"": 1, ""n"": 271}, {""k"": 1, ""n"": 259}, {""k"": 1, ""n"": 259}, {""k"": 1, ""n"": 250}, {""k"": 1, ""n"": 208}, {""k"": 1, ""n"": 78}]}, {""constant_lens"": false, ""gain"": 0.25, ""lens"": ""pc1"", ""lens_scaling"": ""standardize"", ""min_cluster_size"": 16, ""min_samples"": 5, ""n_class"": 1116, ""n_edges"": 6, ""n_intervals"": 7, ""n_vertices"": 7, ""noise_reassigned"": 1301, ""placement"": ""uniform"", ""slabs"": [{""k"": 1, ""n"": 89}, {""k"": 1, ""n"": 210}, {""k"": 1, ""n"": 254}, {""k"": 1, ""n"": 288}, {""k"": 1, ""n"": 285}, {""k"": 1, ""n"": 227}, {""k"": 1, ""n"": 60}]}, {""constant_lens"": false, ""gain"": 0.25, ""lens"": ""pc1"", ""lens_scaling"": ""standardize"", ""min_cluster_size"": 16, ""min_samples"": 5, ""n_class"": 1117, ""n_edges"": 6, ""n_intervals"": 7, ""n_vertices"": 7, ""noise_reassigned"": 1295, ""placement"": ""uniform"", ""slabs"": [{""k"": 1, ""n"": 99}, {""k"": 1, ""n"": 265}, {""k"": 1, ""n"": 256}, {""k"": 1, ""n"": 264}, {""k"": 1, ""n"": 273}, {""k"": 1, ""n"": 207}, {""k"": 1, ""n"": 46}]}], ""soundness_bound_holds"": true, ""step_rule"": ""scale_free"", ""topology_retention_nerve_to_frozen"": {""beta0_frozen"": 5, ""beta0_nerve"": 3, ""beta1_frozen"": 0, ""beta1_nerve"": 0}}",True
0.838,450,False,0.1,0.1,,9.555270999961067,9.555270999961067,0.0,waveform,4,,SPINE+Graph,10,450,500,4500,0.9,471606865,False,"{""admission"": {""criterion"": ""risk"", ""removed_risk"": 2, ""removed_support"": 0}, ""betti_final"": [[2, 0], [1, 0], [2, 0]], ""betti_frozen"": [[2, 0], [1, 0], [2, 0]], ""betti_nerve"": [[1, 0], [1, 0], [1, 0]], ""boundary_restriction"": ""both"", ""forced_removals"": 0, ""growth_representation_fallbacks"": 282, ""invariant_held"": true, ""n_segments"": 445, ""n_train_fit"": 3375, ""n_val"": 1125, ""phase0"": [{""constant_lens"": false, ""gain"": 0.25, ""lens"": ""pc1"", ""lens_scaling"": ""standardize"", ""min_cluster_size"": 16, ""min_samples"": 5, ""n_class"": 1142, ""n_edges"": 6, ""n_intervals"": 7, ""n_vertices"": 7, ""noise_reassigned"": 1332, ""placement"": ""uniform"", ""slabs"": [{""k"": 1, ""n"": 120}, {""k"": 1, ""n"": 271}, {""k"": 1, ""n"": 259}, {""k"": 1, ""n"": 259}, {""k"": 1, ""n"": 250}, {""k"": 1, ""n"": 208}, {""k"": 1, ""n"": 78}]}, {""constant_lens"": false, ""gain"": 0.25, ""lens"": ""pc1"", ""lens_scaling"": ""standardize"", ""min_cluster_size"": 16, ""min_samples"": 5, ""n_class"": 1116, ""n_edges"": 6, ""n_intervals"": 7, ""n_vertices"": 7, ""noise_reassigned"": 1301, ""placement"": ""uniform"", ""slabs"": [{""k"": 1, ""n"": 89}, {""k"": 1, ""n"": 210}, {""k"": 1, ""n"": 254}, {""k"": 1, ""n"": 288}, {""k"": 1, ""n"": 285}, {""k"": 1, ""n"": 227}, {""k"": 1, ""n"": 60}]}, {""constant_lens"": false, ""gain"": 0.25, ""lens"": ""pc1"", ""lens_scaling"": ""standardize"", ""min_cluster_size"": 16, ""min_samples"": 5, ""n_class"": 1117, ""n_edges"": 6, ""n_intervals"": 7, ""n_vertices"": 7, ""noise_reassigned"": 1295, ""placement"": ""uniform"", ""slabs"": [{""k"": 1, ""n"": 99}, {""k"": 1, ""n"": 265}, {""k"": 1, ""n"": 256}, {""k"": 1, ""n"": 264}, {""k"": 1, ""n"": 273}, {""k"": 1, ""n"": 207}, {""k"": 1, ""n"": 46}]}], ""soundness_bound_holds"": true, ""step_rule"": ""scale_free"", ""topology_retention_nerve_to_frozen"": {""beta0_frozen"": 5, ""beta0_nerve"": 3, ""beta1_frozen"": 0, ""beta1_nerve"": 0}}",True
0.778,450,False,0.1,0.1,,5.568560999992769,98.71888699999545,93.15032600000268,waveform,4,"{""epsilon"": 0.1, ""window"": 0.3}",LVQ3,10,450,500,4500,0.9,471606865,False,,True
0.76,450,False,0.1,0.1,"{""0"": 152, ""1"": 149, ""2"": 149}",4.026190000004135,4.026190000004135,0.0,waveform,4,,KMeans,10,450,500,4500,0.9,471606865,False,,True
0.71,450,False,0.1,0.1,"{""0"": 152, ""1"": 149, ""2"": 149}",0.001229999994393438,0.001229999994393438,0.0,waveform,4,,Random,10,450,500,4500,0.9,471606865,False,,True
0.71,450,False,0.1,0.1,,1.3445410000276752,1.3445410000276752,0.0,waveform,4,,SPOT,10,450,500,4500,0.9,471606865,False,,True
0.828,450,False,0.1,0.1,,45.554019000031985,45.554019000031985,0.0,waveform,4,,GLVQ,10,450,500,4500,0.9,471606865,False,,True
0.8,450,False,0.1,0.1,,11.116044999973383,11.116044999973383,0.0,waveform,4,,GNG,10,450,500,4500,0.9,471606865,False,,True
0.728,1125,False,0.25,0.25,,0.00024199998006224632,0.00024199998006224632,0.0,waveform,4,,Full,10,4500,500,4500,0.0,471606865,True,,False
0.786,1125,False,0.25,0.25,,1.5860150000080466,1.5860150000080466,0.0,waveform,4,,RSP3,10,2625,500,4500,0.41666666666666663,471606865,True,,False
0.744,1125,False,0.25,0.25,,1.5687330000218935,1.5687330000218935,0.0,waveform,4,,RHC,10,355,500,4500,0.9211111111111111,471606865,True,,False
0.808,1125,False,0.25,0.25,,35.290419000026304,35.290419000026304,0.0,waveform,4,,SPINE+1NN,10,1125,500,4500,0.75,471606865,False,"{""admission"": {""criterion"": ""risk"", ""removed_risk"": 2, ""removed_support"": 0}, ""betti_final"": [[2, 0], [1, 0], [2, 0]], ""betti_frozen"": [[2, 0], [1, 0], [2, 0]], ""betti_nerve"": [[1, 0], [1, 0], [1, 0]], ""boundary_restriction"": ""both"", ""forced_removals"": 0, ""growth_representation_fallbacks"": 1034, ""invariant_held"": true, ""n_segments"": 1120, ""n_train_fit"": 3375, ""n_val"": 1125, ""phase0"": [{""constant_lens"": false, ""gain"": 0.25, ""lens"": ""pc1"", ""lens_scaling"": ""standardize"", ""min_cluster_size"": 16, ""min_samples"": 5, ""n_class"": 1142, ""n_edges"": 6, ""n_intervals"": 7, ""n_vertices"": 7, ""noise_reassigned"": 1332, ""placement"": ""uniform"", ""slabs"": [{""k"": 1, ""n"": 120}, {""k"": 1, ""n"": 271}, {""k"": 1, ""n"": 259}, {""k"": 1, ""n"": 259}, {""k"": 1, ""n"": 250}, {""k"": 1, ""n"": 208}, {""k"": 1, ""n"": 78}]}, {""constant_lens"": false, ""gain"": 0.25, ""lens"": ""pc1"", ""lens_scaling"": ""standardize"", ""min_cluster_size"": 16, ""min_samples"": 5, ""n_class"": 1116, ""n_edges"": 6, ""n_intervals"": 7, ""n_vertices"": 7, ""noise_reassigned"": 1301, ""placement"": ""uniform"", ""slabs"": [{""k"": 1, ""n"": 89}, {""k"": 1, ""n"": 210}, {""k"": 1, ""n"": 254}, {""k"": 1, ""n"": 288}, {""k"": 1, ""n"": 285}, {""k"": 1, ""n"": 227}, {""k"": 1, ""n"": 60}]}, {""constant_lens"": false, ""gain"": 0.25, ""lens"": ""pc1"", ""lens_scaling"": ""standardize"", ""min_cluster_size"": 16, ""min_samples"": 5, ""n_class"": 1117, ""n_edges"": 6, ""n_intervals"": 7, ""n_vertices"": 7, ""noise_reassigned"": 1295, ""placement"": ""uniform"", ""slabs"": [{""k"": 1, ""n"": 99}, {""k"": 1, ""n"": 265}, {""k"": 1, ""n"": 256}, {""k"": 1, ""n"": 264}, {""k"": 1, ""n"": 273}, {""k"": 1, ""n"": 207}, {""k"": 1, ""n"": 46}]}], ""soundness_bound_holds"": true, ""step_rule"": ""scale_free"", ""topology_retention_nerve_to_frozen"": {""beta0_frozen"": 5, ""beta0_nerve"": 3, ""beta1_frozen"": 0, ""beta1_nerve"": 0}}",True
0.802,1125,False,0.25,0.25,,35.290419000026304,35.290419000026304,0.0,waveform,4,,SPINE+Graph,10,1125,500,4500,0.75,471606865,False,"{""admission"": {""criterion"": ""risk"", ""removed_risk"": 2, ""removed_support"": 0}, ""betti_final"": [[2, 0], [1, 0], [2, 0]], ""betti_frozen"": [[2, 0], [1, 0], [2, 0]], ""betti_nerve"": [[1, 0], [1, 0], [1, 0]], ""boundary_restriction"": ""both"", ""forced_removals"": 0, ""growth_representation_fallbacks"": 1034, ""invariant_held"": true, ""n_segments"": 1120, ""n_train_fit"": 3375, ""n_val"": 1125, ""phase0"": [{""constant_lens"": false, ""gain"": 0.25, ""lens"": ""pc1"", ""lens_scaling"": ""standardize"", ""min_cluster_size"": 16, ""min_samples"": 5, ""n_class"": 1142, ""n_edges"": 6, ""n_intervals"": 7, ""n_vertices"": 7, ""noise_reassigned"": 1332, ""placement"": ""uniform"", ""slabs"": [{""k"": 1, ""n"": 120}, {""k"": 1, ""n"": 271}, {""k"": 1, ""n"": 259}, {""k"": 1, ""n"": 259}, {""k"": 1, ""n"": 250}, {""k"": 1, ""n"": 208}, {""k"": 1, ""n"": 78}]}, {""constant_lens"": false, ""gain"": 0.25, ""lens"": ""pc1"", ""lens_scaling"": ""standardize"", ""min_cluster_size"": 16, ""min_samples"": 5, ""n_class"": 1116, ""n_edges"": 6, ""n_intervals"": 7, ""n_vertices"": 7, ""noise_reassigned"": 1301, ""placement"": ""uniform"", ""slabs"": [{""k"": 1, ""n"": 89}, {""k"": 1, ""n"": 210}, {""k"": 1, ""n"": 254}, {""k"": 1, ""n"": 288}, {""k"": 1, ""n"": 285}, {""k"": 1, ""n"": 227}, {""k"": 1, ""n"": 60}]}, {""constant_lens"": false, ""gain"": 0.25, ""lens"": ""pc1"", ""lens_scaling"": ""standardize"", ""min_cluster_size"": 16, ""min_samples"": 5, ""n_class"": 1117, ""n_edges"": 6, ""n_intervals"": 7, ""n_vertices"": 7, ""noise_reassigned"": 1295, ""placement"": ""uniform"", ""slabs"": [{""k"": 1, ""n"": 99}, {""k"": 1, ""n"": 265}, {""k"": 1, ""n"": 256}, {""k"": 1, ""n"": 264}, {""k"": 1, ""n"": 273}, {""k"": 1, ""n"": 207}, {""k"": 1, ""n"": 46}]}], ""soundness_bound_holds"": true, ""step_rule"": ""scale_free"", ""topology_retention_nerve_to_frozen"": {""beta0_frozen"": 5, ""beta0_nerve"": 3, ""beta1_frozen"": 0, ""beta1_nerve"": 0}}",True
0.784,1125,False,0.25,0.25,,12.62994500005152,220.81085700006224,208.18091200001072,waveform,4,"{""epsilon"": 0.1, ""window"": 0.3}",LVQ3,10,1125,500,4500,0.75,471606865,False,,True
0.782,1125,False,0.25,0.25,"{""0"": 381, ""1"": 372, ""2"": 372}",13.718168999999762,13.718168999999762,0.0,waveform,4,,KMeans,10,1125,500,4500,0.75,471606865,False,,True
0.724,1125,False,0.25,0.25,"{""0"": 381, ""1"": 372, ""2"": 372}",0.0019470000406727195,0.0019470000406727195,0.0,waveform,4,,Random,10,1125,500,4500,0.75,471606865,False,,True
0.718,1125,False,0.25,0.25,,1.5722589999786578,1.5722589999786578,0.0,waveform,4,,SPOT,10,1125,500,4500,0.75,471606865,False,,True
0.816,1125,False,0.25,0.25,,110.14750699995784,110.14750699995784,0.0,waveform,4,,GLVQ,10,1125,500,4500,0.75,471606865,False,,True
0.804,1125,False,0.25,0.25,,54.46396799996728,54.46396799996728,0.0,waveform,4,,GNG,10,1125,500,4500,0.75,471606865,False,,True
0.728,23,False,0.005111111111111111,0.005,,0.0006509999511763453,0.0006509999511763453,0.0,waveform,5,,Full,10,4500,500,4500,0.0,472606868,False,,False
0.748,23,False,0.005111111111111111,0.005,,1.588623000017833,1.588623000017833,0.0,waveform,5,,RSP3,10,2658,500,4500,0.4093333333333333,472606868,False,,False
0.74,23,False,0.005111111111111111,0.005,,1.8991210000240244,1.8991210000240244,0.0,waveform,5,,RHC,10,402,500,4500,0.9106666666666666,472606868,False,,False
0.786,23,False,0.005111111111111111,0.005,,3.660597999987658,3.660597999987658,0.0,waveform,5,,SPINE+1NN,10,23,500,4500,0.9948888888888889,472606868,False,"{""admission"": {""criterion"": ""risk"", ""removed_risk"": 2, ""removed_support"": 0}, ""betti_final"": [[1, 0], [2, 0], [2, 0]], ""betti_frozen"": [[1, 0], [2, 0], [2, 0]], ""betti_nerve"": [[1, 0], [1, 0], [1, 0]], ""boundary_restriction"": ""both"", ""forced_removals"": 0, ""growth_representation_fallbacks"": 1, ""invariant_held"": true, ""n_segments"": 18, ""n_train_fit"": 3375, ""n_val"": 1125, ""phase0"": [{""constant_lens"": false, ""gain"": 0.25, ""lens"": ""pc1"", ""lens_scaling"": ""standardize"", ""min_cluster_size"": 16, ""min_samples"": 5, ""n_class"": 1141, ""n_edges"": 6, ""n_intervals"": 7, ""n_vertices"": 7, ""noise_reassigned"": 1328, ""placement"": ""uniform"", ""slabs"": [{""k"": 1, ""n"": 125}, {""k"": 1, ""n"": 264}, {""k"": 1, ""n"": 251}, {""k"": 1, ""n"": 260}, {""k"": 1, ""n"": 231}, {""k"": 1, ""n"": 222}, {""k"": 1, ""n"": 88}]}, {""constant_lens"": false, ""gain"": 0.25, ""lens"": ""pc1"", ""lens_scaling"": ""standardize"", ""min_cluster_size"": 16, ""min_samples"": 5, ""n_class"": 1116, ""n_edges"": 6, ""n_intervals"": 7, ""n_vertices"": 7, ""noise_reassigned"": 1257, ""placement"": ""uniform"", ""slabs"": [{""k"": 1, ""n"": 67}, {""k"": 1, ""n"": 215}, {""k"": 1, ""n"": 269}, {""k"": 1, ""n"": 309}, {""k"": 1, ""n"": 283}, {""k"": 1, ""n"": 193}, {""k"": 1, ""n"": 35}]}, {""constant_lens"": false, ""gain"": 0.25, ""lens"": ""pc1"", ""lens_scaling"": ""standardize"", ""min_cluster_size"": 16, ""min_samples"": 5, ""n_class"": 1118, ""n_edges"": 6, ""n_intervals"": 7, ""n_vertices"": 7, ""noise_reassigned"": 1292, ""placement"": ""uniform"", ""slabs"": [{""k"": 1, ""n"": 92}, {""k"": 1, ""n"": 257}, {""k"": 1, ""n"": 261}, {""k"": 1, ""n"": 263}, {""k"": 1, ""n"": 273}, {""k"": 1, ""n"": 212}, {""k"": 1, ""n"": 46}]}], ""soundness_bound_holds"": true, ""step_rule"": ""scale_free"", ""topology_retention_nerve_to_frozen"": {""beta0_frozen"": 5, ""beta0_nerve"": 3, ""beta1_frozen"": 0, ""beta1_nerve"": 0}}",True
0.786,23,False,0.005111111111111111,0.005,,3.660597999987658,3.660597999987658,0.0,waveform,5,,SPINE+Graph,10,23,500,4500,0.9948888888888889,472606868,False,"{""admission"": {""criterion"": ""risk"", ""removed_risk"": 2, ""removed_support"": 0}, ""betti_final"": [[1, 0], [2, 0], [2, 0]], ""betti_frozen"": [[1, 0], [2, 0], [2, 0]], ""betti_nerve"": [[1, 0], [1, 0], [1, 0]], ""boundary_restriction"": ""both"", ""forced_removals"": 0, ""growth_representation_fallbacks"": 1, ""invariant_held"": true, ""n_segments"": 18, ""n_train_fit"": 3375, ""n_val"": 1125, ""phase0"": [{""constant_lens"": false, ""gain"": 0.25, ""lens"": ""pc1"", ""lens_scaling"": ""standardize"", ""min_cluster_size"": 16, ""min_samples"": 5, ""n_class"": 1141, ""n_edges"": 6, ""n_intervals"": 7, ""n_vertices"": 7, ""noise_reassigned"": 1328, ""placement"": ""uniform"", ""slabs"": [{""k"": 1, ""n"": 125}, {""k"": 1, ""n"": 264}, {""k"": 1, ""n"": 251}, {""k"": 1, ""n"": 260}, {""k"": 1, ""n"": 231}, {""k"": 1, ""n"": 222}, {""k"": 1, ""n"": 88}]}, {""constant_lens"": false, ""gain"": 0.25, ""lens"": ""pc1"", ""lens_scaling"": ""standardize"", ""min_cluster_size"": 16, ""min_samples"": 5, ""n_class"": 1116, ""n_edges"": 6, ""n_intervals"": 7, ""n_vertices"": 7, ""noise_reassigned"": 1257, ""placement"": ""uniform"", ""slabs"": [{""k"": 1, ""n"": 67}, {""k"": 1, ""n"": 215}, {""k"": 1, ""n"": 269}, {""k"": 1, ""n"": 309}, {""k"": 1, ""n"": 283}, {""k"": 1, ""n"": 193}, {""k"": 1, ""n"": 35}]}, {""constant_lens"": false, ""gain"": 0.25, ""lens"": ""pc1"", ""lens_scaling"": ""standardize"", ""min_cluster_size"": 16, ""min_samples"": 5, ""n_class"": 1118, ""n_edges"": 6, ""n_intervals"": 7, ""n_vertices"": 7, ""noise_reassigned"": 1292, ""placement"": ""uniform"", ""slabs"": [{""k"": 1, ""n"": 92}, {""k"": 1, ""n"": 257}, {""k"": 1, ""n"": 261}, {""k"": 1, ""n"": 263}, {""k"": 1, ""n"": 273}, {""k"": 1, ""n"": 212}, {""k"": 1, ""n"": 46}]}], ""soundness_bound_holds"": true, ""step_rule"": ""scale_free"", ""topology_retention_nerve_to_frozen"": {""beta0_frozen"": 5, ""beta0_nerve"": 3, ""beta1_frozen"": 0, ""beta1_nerve"": 0}}",True
0.856,23,False,0.005111111111111111,0.005,,2.2294500000425614,42.88133300008485,40.65188300004229,waveform,5,"{""epsilon"": 0.3, ""window"": 0.2}",LVQ3,10,23,500,4500,0.9948888888888889,472606868,False,,True
0.79,23,False,0.005111111111111111,0.005,"{""0"": 8, ""1"": 7, ""2"": 8}",1.0843929999973625,1.0843929999973625,0.0,waveform,5,,KMeans,10,23,500,4500,0.9948888888888889,472606868,False,,True
0.638,23,False,0.005111111111111111,0.005,"{""0"": 8, ""1"": 7, ""2"": 8}",0.0009260000078938901,0.0009260000078938901,0.0,waveform,5,,Random,10,23,500,4500,0.9948888888888889,472606868,False,,True
0.672,23,False,0.005111111111111111,0.005,,1.395178999984637,1.395178999984637,0.0,waveform,5,,SPOT,10,23,500,4500,0.9948888888888889,472606868,False,,True
0.818,23,False,0.005111111111111111,0.005,,4.942183999984991,4.942183999984991,0.0,waveform,5,,GLVQ,10,23,500,4500,0.9948888888888889,472606868,False,,True
0.78,23,False,0.005111111111111111,0.005,,0.7612409999710508,0.7612409999710508,0.0,waveform,5,,GNG,10,23,500,4500,0.9948888888888889,472606868,False,,True
0.728,45,False,0.01,0.01,,0.0006509999511763453,0.0006509999511763453,0.0,waveform,5,,Full,10,4500,500,4500,0.0,472606868,True,,False
0.748,45,False,0.01,0.01,,1.588623000017833,1.588623000017833,0.0,waveform,5,,RSP3,10,2658,500,4500,0.4093333333333333,472606868,True,,False
0.74,45,False,0.01,0.01,,1.8991210000240244,1.8991210000240244,0.0,waveform,5,,RHC,10,402,500,4500,0.9106666666666666,472606868,True,,False
0.788,45,False,0.01,0.01,,4.370582000003196,4.370582000003196,0.0,waveform,5,,SPINE+1NN,10,45,500,4500,0.99,472606868,False,"{""admission"": {""criterion"": ""risk"", ""removed_risk"": 2, ""removed_support"": 0}, ""betti_final"": [[1, 0], [2, 0], [2, 0]], ""betti_frozen"": [[1, 0], [2, 0], [2, 0]], ""betti_nerve"": [[1, 0], [1, 0], [1, 0]], ""boundary_restriction"": ""both"", ""forced_removals"": 0, ""growth_representation_fallbacks"": 2, ""invariant_held"": true, ""n_segments"": 40, ""n_train_fit"": 3375, ""n_val"": 1125, ""phase0"": [{""constant_lens"": false, ""gain"": 0.25, ""lens"": ""pc1"", ""lens_scaling"": ""standardize"", ""min_cluster_size"": 16, ""min_samples"": 5, ""n_class"": 1141, ""n_edges"": 6, ""n_intervals"": 7, ""n_vertices"": 7, ""noise_reassigned"": 1328, ""placement"": ""uniform"", ""slabs"": [{""k"": 1, ""n"": 125}, {""k"": 1, ""n"": 264}, {""k"": 1, ""n"": 251}, {""k"": 1, ""n"": 260}, {""k"": 1, ""n"": 231}, {""k"": 1, ""n"": 222}, {""k"": 1, ""n"": 88}]}, {""constant_lens"": false, ""gain"": 0.25, ""lens"": ""pc1"", ""lens_scaling"": ""standardize"", ""min_cluster_size"": 16, ""min_samples"": 5, ""n_class"": 1116, ""n_edges"": 6, ""n_intervals"": 7, ""n_vertices"": 7, ""noise_reassigned"": 1257, ""placement"": ""uniform"", ""slabs"": [{""k"": 1, ""n"": 67}, {""k"": 1, ""n"": 215}, {""k"": 1, ""n"": 269}, {""k"": 1, ""n"": 309}, {""k"": 1, ""n"": 283}, {""k"": 1, ""n"": 193}, {""k"": 1, ""n"": 35}]}, {""constant_lens"": false, ""gain"": 0.25, ""lens"": ""pc1"", ""lens_scaling"": ""standardize"", ""min_cluster_size"": 16, ""min_samples"": 5, ""n_class"": 1118, ""n_edges"": 6, ""n_intervals"": 7, ""n_vertices"": 7, ""noise_reassigned"": 1292, ""placement"": ""uniform"", ""slabs"": [{""k"": 1, ""n"": 92}, {""k"": 1, ""n"": 257}, {""k"": 1, ""n"": 261}, {""k"": 1, ""n"": 263}, {""k"": 1, ""n"": 273}, {""k"": 1, ""n"": 212}, {""k"": 1, ""n"": 46}]}], ""soundness_bound_holds"": true, ""step_rule"": ""scale_free"", ""topology_retention_nerve_to_frozen"": {""beta0_frozen"": 5, ""beta0_nerve"": 3, ""beta1_frozen"": 0, ""beta1_nerve"": 0}}",True
0.79,45,False,0.01,0.01,,4.370582000003196,4.370582000003196,0.0,waveform,5,,SPINE+Graph,10,45,500,4500,0.99,472606868,False,"{""admission"": {""criterion"": ""risk"", ""removed_risk"": 2, ""removed_support"": 0}, ""betti_final"": [[1, 0], [2, 0], [2, 0]], ""betti_frozen"": [[1, 0], [2, 0], [2, 0]], ""betti_nerve"": [[1, 0], [1, 0], [1, 0]], ""boundary_restriction"": ""both"", ""forced_removals"": 0, ""growth_representation_fallbacks"": 2, ""invariant_held"": true, ""n_segments"": 40, ""n_train_fit"": 3375, ""n_val"": 1125, ""phase0"": [{""constant_lens"": false, ""gain"": 0.25, ""lens"": ""pc1"", ""lens_scaling"": ""standardize"", ""min_cluster_size"": 16, ""min_samples"": 5, ""n_class"": 1141, ""n_edges"": 6, ""n_intervals"": 7, ""n_vertices"": 7, ""noise_reassigned"": 1328, ""placement"": ""uniform"", ""slabs"": [{""k"": 1, ""n"": 125}, {""k"": 1, ""n"": 264}, {""k"": 1, ""n"": 251}, {""k"": 1, ""n"": 260}, {""k"": 1, ""n"": 231}, {""k"": 1, ""n"": 222}, {""k"": 1, ""n"": 88}]}, {""constant_lens"": false, ""gain"": 0.25, ""lens"": ""pc1"", ""lens_scaling"": ""standardize"", ""min_cluster_size"": 16, ""min_samples"": 5, ""n_class"": 1116, ""n_edges"": 6, ""n_intervals"": 7, ""n_vertices"": 7, ""noise_reassigned"": 1257, ""placement"": ""uniform"", ""slabs"": [{""k"": 1, ""n"": 67}, {""k"": 1, ""n"": 215}, {""k"": 1, ""n"": 269}, {""k"": 1, ""n"": 309}, {""k"": 1, ""n"": 283}, {""k"": 1, ""n"": 193}, {""k"": 1, ""n"": 35}]}, {""constant_lens"": false, ""gain"": 0.25, ""lens"": ""pc1"", ""lens_scaling"": ""standardize"", ""min_cluster_size"": 16, ""min_samples"": 5, ""n_class"": 1118, ""n_edges"": 6, ""n_intervals"": 7, ""n_vertices"": 7, ""noise_reassigned"": 1292, ""placement"": ""uniform"", ""slabs"": [{""k"": 1, ""n"": 92}, {""k"": 1, ""n"": 257}, {""k"": 1, ""n"": 261}, {""k"": 1, ""n"": 263}, {""k"": 1, ""n"": 273}, {""k"": 1, ""n"": 212}, {""k"": 1, ""n"": 46}]}], ""soundness_bound_holds"": true, ""step_rule"": ""scale_free"", ""topology_retention_nerve_to_frozen"": {""beta0_frozen"": 5, ""beta0_nerve"": 3, ""beta1_frozen"": 0, ""beta1_nerve"": 0}}",True
0.856,45,False,0.01,0.01,,2.3785449999850243,45.856664999970235,43.47811999998521,waveform,5,"{""epsilon"": 0.1, ""window"": 0.3}",LVQ3,10,45,500,4500,0.99,472606868,False,,True
0.802,45,False,0.01,0.01,"{""0"": 15, ""1"": 15, ""2"": 15}",1.2250849999836646,1.2250849999836646,0.0,waveform,5,,KMeans,10,45,500,4500,0.99,472606868,False,,True
0.674,45,False,0.01,0.01,"{""0"": 15, ""1"": 15, ""2"": 15}",0.0007890000124461949,0.0007890000124461949,0.0,waveform,5,,Random,10,45,500,4500,0.99,472606868,False,,True
0.696,45,False,0.01,0.01,,1.5750819999957457,1.5750819999957457,0.0,waveform,5,,SPOT,10,45,500,4500,0.99,472606868,False,,True
0.812,45,False,0.01,0.01,,7.088504999992438,7.088504999992438,0.0,waveform,5,,GLVQ,10,45,500,4500,0.99,472606868,False,,True
0.794,45,False,0.01,0.01,,1.6034900000086054,1.6034900000086054,0.0,waveform,5,,GNG,10,45,500,4500,0.99,472606868,False,,True
0.728,90,False,0.02,0.02,,0.0006509999511763453,0.0006509999511763453,0.0,waveform,5,,Full,10,4500,500,4500,0.0,472606868,True,,False
0.748,90,False,0.02,0.02,,1.588623000017833,1.588623000017833,0.0,waveform,5,,RSP3,10,2658,500,4500,0.4093333333333333,472606868,True,,False
0.74,90,False,0.02,0.02,,1.8991210000240244,1.8991210000240244,0.0,waveform,5,,RHC,10,402,500,4500,0.9106666666666666,472606868,True,,False
0.776,90,False,0.02,0.02,,4.614196999988053,4.614196999988053,0.0,waveform,5,,SPINE+1NN,10,90,500,4500,0.98,472606868,False,"{""admission"": {""criterion"": ""risk"", ""removed_risk"": 2, ""removed_support"": 0}, ""betti_final"": [[1, 0], [2, 0], [2, 0]], ""betti_frozen"": [[1, 0], [2, 0], [2, 0]], ""betti_nerve"": [[1, 0], [1, 0], [1, 0]], ""boundary_restriction"": ""both"", ""forced_removals"": 0, ""growth_representation_fallbacks"": 10, ""invariant_held"": true, ""n_segments"": 85, ""n_train_fit"": 3375, ""n_val"": 1125, ""phase0"": [{""constant_lens"": false, ""gain"": 0.25, ""lens"": ""pc1"", ""lens_scaling"": ""standardize"", ""min_cluster_size"": 16, ""min_samples"": 5, ""n_class"": 1141, ""n_edges"": 6, ""n_intervals"": 7, ""n_vertices"": 7, ""noise_reassigned"": 1328, ""placement"": ""uniform"", ""slabs"": [{""k"": 1, ""n"": 125}, {""k"": 1, ""n"": 264}, {""k"": 1, ""n"": 251}, {""k"": 1, ""n"": 260}, {""k"": 1, ""n"": 231}, {""k"": 1, ""n"": 222}, {""k"": 1, ""n"": 88}]}, {""constant_lens"": false, ""gain"": 0.25, ""lens"": ""pc1"", ""lens_scaling"": ""standardize"", ""min_cluster_size"": 16, ""min_samples"": 5, ""n_class"": 1116, ""n_edges"": 6, ""n_intervals"": 7, ""n_vertices"": 7, ""noise_reassigned"": 1257, ""placement"": ""uniform"", ""slabs"": [{""k"": 1, ""n"": 67}, {""k"": 1, ""n"": 215}, {""k"": 1, ""n"": 269}, {""k"": 1, ""n"": 309}, {""k"": 1, ""n"": 283}, {""k"": 1, ""n"": 193}, {""k"": 1, ""n"": 35}]}, {""constant_lens"": false, ""gain"": 0.25, ""lens"": ""pc1"", ""lens_scaling"": ""standardize"", ""min_cluster_size"": 16, ""min_samples"": 5, ""n_class"": 1118, ""n_edges"": 6, ""n_intervals"": 7, ""n_vertices"": 7, ""noise_reassigned"": 1292, ""placement"": ""uniform"", ""slabs"": [{""k"": 1, ""n"": 92}, {""k"": 1, ""n"": 257}, {""k"": 1, ""n"": 261}, {""k"": 1, ""n"": 263}, {""k"": 1, ""n"": 273}, {""k"": 1, ""n"": 212}, {""k"": 1, ""n"": 46}]}], ""soundness_bound_holds"": true, ""step_rule"": ""scale_free"", ""topology_retention_nerve_to_frozen"": {""beta0_frozen"": 5, ""beta0_nerve"": 3, ""beta1_frozen"": 0, ""beta1_nerve"": 0}}",True
0.778,90,False,0.02,0.02,,4.614196999988053,4.614196999988053,0.0,waveform,5,,SPINE+Graph,10,90,500,4500,0.98,472606868,False,"{""admission"": {""criterion"": ""risk"", ""removed_risk"": 2, ""removed_support"": 0}, ""betti_final"": [[1, 0], [2, 0], [2, 0]], ""betti_frozen"": [[1, 0], [2, 0], [2, 0]], ""betti_nerve"": [[1, 0], [1, 0], [1, 0]], ""boundary_restriction"": ""both"", ""forced_removals"": 0, ""growth_representation_fallbacks"": 10, ""invariant_held"": true, ""n_segments"": 85, ""n_train_fit"": 3375, ""n_val"": 1125, ""phase0"": [{""constant_lens"": false, ""gain"": 0.25, ""lens"": ""pc1"", ""lens_scaling"": ""standardize"", ""min_cluster_size"": 16, ""min_samples"": 5, ""n_class"": 1141, ""n_edges"": 6, ""n_intervals"": 7, ""n_vertices"": 7, ""noise_reassigned"": 1328, ""placement"": ""uniform"", ""slabs"": [{""k"": 1, ""n"": 125}, {""k"": 1, ""n"": 264}, {""k"": 1, ""n"": 251}, {""k"": 1, ""n"": 260}, {""k"": 1, ""n"": 231}, {""k"": 1, ""n"": 222}, {""k"": 1, ""n"": 88}]}, {""constant_lens"": false, ""gain"": 0.25, ""lens"": ""pc1"", ""lens_scaling"": ""standardize"", ""min_cluster_size"": 16, ""min_samples"": 5, ""n_class"": 1116, ""n_edges"": 6, ""n_intervals"": 7, ""n_vertices"": 7, ""noise_reassigned"": 1257, ""placement"": ""uniform"", ""slabs"": [{""k"": 1, ""n"": 67}, {""k"": 1, ""n"": 215}, {""k"": 1, ""n"": 269}, {""k"": 1, ""n"": 309}, {""k"": 1, ""n"": 283}, {""k"": 1, ""n"": 193}, {""k"": 1, ""n"": 35}]}, {""constant_lens"": false, ""gain"": 0.25, ""lens"": ""pc1"", ""lens_scaling"": ""standardize"", ""min_cluster_size"": 16, ""min_samples"": 5, ""n_class"": 1118, ""n_edges"": 6, ""n_intervals"": 7, ""n_vertices"": 7, ""noise_reassigned"": 1292, ""placement"": ""uniform"", ""slabs"": [{""k"": 1, ""n"": 92}, {""k"": 1, ""n"": 257}, {""k"": 1, ""n"": 261}, {""k"": 1, ""n"": 263}, {""k"": 1, ""n"": 273}, {""k"": 1, ""n"": 212}, {""k"": 1, ""n"": 46}]}], ""soundness_bound_holds"": true, ""step_rule"": ""scale_free"", ""topology_retention_nerve_to_frozen"": {""beta0_frozen"": 5, ""beta0_nerve"": 3, ""beta1_frozen"": 0, ""beta1_nerve"": 0}}",True
0.826,90,False,0.02,0.02,,3.0510580000118352,57.150924999965355,54.09986699995352,waveform,5,"{""epsilon"": 0.3, ""window"": 0.3}",LVQ3,10,90,500,4500,0.98,472606868,False,,True
0.804,90,False,0.02,0.02,"{""0"": 30, ""1"": 30, ""2"": 30}",1.9116110000177287,1.9116110000177287,0.0,waveform,5,,KMeans,10,90,500,4500,0.98,472606868,False,,True
0.684,90,False,0.02,0.02,"{""0"": 30, ""1"": 30, ""2"": 30}",0.0009640000062063336,0.0009640000062063336,0.0,waveform,5,,Random,10,90,500,4500,0.98,472606868,False,,True
0.684,90,False,0.02,0.02,,1.6298440000391565,1.6298440000391565,0.0,waveform,5,,SPOT,10,90,500,4500,0.98,472606868,False,,True
0.81,90,False,0.02,0.02,,11.381787999998778,11.381787999998778,0.0,waveform,5,,GLVQ,10,90,500,4500,0.98,472606868,False,,True
0.818,90,False,0.02,0.02,,2.027044999995269,2.027044999995269,0.0,waveform,5,,GNG,10,90,500,4500,0.98,472606868,False,,True
0.728,225,False,0.05,0.05,,0.0006509999511763453,0.0006509999511763453,0.0,waveform,5,,Full,10,4500,500,4500,0.0,472606868,True,,False
0.748,225,False,0.05,0.05,,1.588623000017833,1.588623000017833,0.0,waveform,5,,RSP3,10,2658,500,4500,0.4093333333333333,472606868,True,,False
0.74,225,False,0.05,0.05,,1.8991210000240244,1.8991210000240244,0.0,waveform,5,,RHC,10,402,500,4500,0.9106666666666666,472606868,True,,False
0.842,225,False,0.05,0.05,,5.740633000037633,5.740633000037633,0.0,waveform,5,,SPINE+1NN,10,225,500,4500,0.95,472606868,False,"{""admission"": {""criterion"": ""risk"", ""removed_risk"": 2, ""removed_support"": 0}, ""betti_final"": [[1, 0], [2, 0], [2, 0]], ""betti_frozen"": [[1, 0], [2, 0], [2, 0]], ""betti_nerve"": [[1, 0], [1, 0], [1, 0]], ""boundary_restriction"": ""both"", ""forced_removals"": 0, ""growth_representation_fallbacks"": 52, ""invariant_held"": true, ""n_segments"": 220, ""n_train_fit"": 3375, ""n_val"": 1125, ""phase0"": [{""constant_lens"": false, ""gain"": 0.25, ""lens"": ""pc1"", ""lens_scaling"": ""standardize"", ""min_cluster_size"": 16, ""min_samples"": 5, ""n_class"": 1141, ""n_edges"": 6, ""n_intervals"": 7, ""n_vertices"": 7, ""noise_reassigned"": 1328, ""placement"": ""uniform"", ""slabs"": [{""k"": 1, ""n"": 125}, {""k"": 1, ""n"": 264}, {""k"": 1, ""n"": 251}, {""k"": 1, ""n"": 260}, {""k"": 1, ""n"": 231}, {""k"": 1, ""n"": 222}, {""k"": 1, ""n"": 88}]}, {""constant_lens"": false, ""gain"": 0.25, ""lens"": ""pc1"", ""lens_scaling"": ""standardize"", ""min_cluster_size"": 16, ""min_samples"": 5, ""n_class"": 1116, ""n_edges"": 6, ""n_intervals"": 7, ""n_vertices"": 7, ""noise_reassigned"": 1257, ""placement"": ""uniform"", ""slabs"": [{""k"": 1, ""n"": 67}, {""k"": 1, ""n"": 215}, {""k"": 1, ""n"": 269}, {""k"": 1, ""n"": 309}, {""k"": 1, ""n"": 283}, {""k"": 1, ""n"": 193}, {""k"": 1, ""n"": 35}]}, {""constant_lens"": false, ""gain"": 0.25, ""lens"": ""pc1"", ""lens_scaling"": ""standardize"", ""min_cluster_size"": 16, ""min_samples"": 5, ""n_class"": 1118, ""n_edges"": 6, ""n_intervals"": 7, ""n_vertices"": 7, ""noise_reassigned"": 1292, ""placement"": ""uniform"", ""slabs"": [{""k"": 1, ""n"": 92}, {""k"": 1, ""n"": 257}, {""k"": 1, ""n"": 261}, {""k"": 1, ""n"": 263}, {""k"": 1, ""n"": 273}, {""k"": 1, ""n"": 212}, {""k"": 1, ""n"": 46}]}], ""soundness_bound_holds"": true, ""step_rule"": ""scale_free"", ""topology_retention_nerve_to_frozen"": {""beta0_frozen"": 5, ""beta0_nerve"": 3, ""beta1_frozen"": 0, ""beta1_nerve"": 0}}",True
0.844,225,False,0.05,0.05,,5.740633000037633,5.740633000037633,0.0,waveform,5,,SPINE+Graph,10,225,500,4500,0.95,472606868,False,"{""admission"": {""criterion"": ""risk"", ""removed_risk"": 2, ""removed_support"": 0}, ""betti_final"": [[1, 0], [2, 0], [2, 0]], ""betti_frozen"": [[1, 0], [2, 0], [2, 0]], ""betti_nerve"": [[1, 0], [1, 0], [1, 0]], ""boundary_restriction"": ""both"", ""forced_removals"": 0, ""growth_representation_fallbacks"": 52, ""invariant_held"": true, ""n_segments"": 220, ""n_train_fit"": 3375, ""n_val"": 1125, ""phase0"": [{""constant_lens"": false, ""gain"": 0.25, ""lens"": ""pc1"", ""lens_scaling"": ""standardize"", ""min_cluster_size"": 16, ""min_samples"": 5, ""n_class"": 1141, ""n_edges"": 6, ""n_intervals"": 7, ""n_vertices"": 7, ""noise_reassigned"": 1328, ""placement"": ""uniform"", ""slabs"": [{""k"": 1, ""n"": 125}, {""k"": 1, ""n"": 264}, {""k"": 1, ""n"": 251}, {""k"": 1, ""n"": 260}, {""k"": 1, ""n"": 231}, {""k"": 1, ""n"": 222}, {""k"": 1, ""n"": 88}]}, {""constant_lens"": false, ""gain"": 0.25, ""lens"": ""pc1"", ""lens_scaling"": ""standardize"", ""min_cluster_size"": 16, ""min_samples"": 5, ""n_class"": 1116, ""n_edges"": 6, ""n_intervals"": 7, ""n_vertices"": 7, ""noise_reassigned"": 1257, ""placement"": ""uniform"", ""slabs"": [{""k"": 1, ""n"": 67}, {""k"": 1, ""n"": 215}, {""k"": 1, ""n"": 269}, {""k"": 1, ""n"": 309}, {""k"": 1, ""n"": 283}, {""k"": 1, ""n"": 193}, {""k"": 1, ""n"": 35}]}, {""constant_lens"": false, ""gain"": 0.25, ""lens"": ""pc1"", ""lens_scaling"": ""standardize"", ""min_cluster_size"": 16, ""min_samples"": 5, ""n_class"": 1118, ""n_edges"": 6, ""n_intervals"": 7, ""n_vertices"": 7, ""noise_reassigned"": 1292, ""placement"": ""uniform"", ""slabs"": [{""k"": 1, ""n"": 92}, {""k"": 1, ""n"": 257}, {""k"": 1, ""n"": 261}, {""k"": 1, ""n"": 263}, {""k"": 1, ""n"": 273}, {""k"": 1, ""n"": 212}, {""k"": 1, ""n"": 46}]}], ""soundness_bound_holds"": true, ""step_rule"": ""scale_free"", ""topology_retention_nerve_to_frozen"": {""beta0_frozen"": 5, ""beta0_nerve"": 3, ""beta1_frozen"": 0, ""beta1_nerve"": 0}}",True
0.822,225,False,0.05,0.05,,3.8972979999962263,72.94357599999057,69.04627799999435,waveform,5,"{""epsilon"": 0.1, ""window"": 0.3}",LVQ3,10,225,500,4500,0.95,472606868,False,,True
0.78,225,False,0.05,0.05,"{""0"": 76, ""1"": 74, ""2"": 75}",3.06685900001321,3.06685900001321,0.0,waveform,5,,KMeans,10,225,500,4500,0.95,472606868,False,,True
0.658,225,False,0.05,0.05,"{""0"": 76, ""1"": 74, ""2"": 75}",0.0011259999591857195,0.0011259999591857195,0.0,waveform,5,,Random,10,225,500,4500,0.95,472606868,False,,True
0.724,225,False,0.05,0.05,,1.670847000030335,1.670847000030335,0.0,waveform,5,,SPOT,10,225,500,4500,0.95,472606868,False,,True
0.808,225,False,0.05,0.05,,24.24822700000368,24.24822700000368,0.0,waveform,5,,GLVQ,10,225,500,4500,0.95,472606868,False,,True
0.802,225,False,0.05,0.05,,4.3060679999762215,4.3060679999762215,0.0,waveform,5,,GNG,10,225,500,4500,0.95,472606868,False,,True
0.728,450,False,0.1,0.1,,0.0006509999511763453,0.0006509999511763453,0.0,waveform,5,,Full,10,4500,500,4500,0.0,472606868,True,,False
0.748,450,False,0.1,0.1,,1.588623000017833,1.588623000017833,0.0,waveform,5,,RSP3,10,2658,500,4500,0.4093333333333333,472606868,True,,False
0.74,450,False,0.1,0.1,,1.8991210000240244,1.8991210000240244,0.0,waveform,5,,RHC,10,402,500,4500,0.9106666666666666,472606868,True,,False
0.83,450,False,0.1,0.1,,9.661538999993354,9.661538999993354,0.0,waveform,5,,SPINE+1NN,10,450,500,4500,0.9,472606868,False,"{""admission"": {""criterion"": ""risk"", ""removed_risk"": 2, ""removed_support"": 0}, ""betti_final"": [[1, 0], [2, 0], [2, 0]], ""betti_frozen"": [[1, 0], [2, 0], [2, 0]], ""betti_nerve"": [[1, 0], [1, 0], [1, 0]], ""boundary_restriction"": ""both"", ""forced_removals"": 0, ""growth_representation_fallbacks"": 256, ""invariant_held"": true, ""n_segments"": 445, ""n_train_fit"": 3375, ""n_val"": 1125, ""phase0"": [{""constant_lens"": false, ""gain"": 0.25, ""lens"": ""pc1"", ""lens_scaling"": ""standardize"", ""min_cluster_size"": 16, ""min_samples"": 5, ""n_class"": 1141, ""n_edges"": 6, ""n_intervals"": 7, ""n_vertices"": 7, ""noise_reassigned"": 1328, ""placement"": ""uniform"", ""slabs"": [{""k"": 1, ""n"": 125}, {""k"": 1, ""n"": 264}, {""k"": 1, ""n"": 251}, {""k"": 1, ""n"": 260}, {""k"": 1, ""n"": 231}, {""k"": 1, ""n"": 222}, {""k"": 1, ""n"": 88}]}, {""constant_lens"": false, ""gain"": 0.25, ""lens"": ""pc1"", ""lens_scaling"": ""standardize"", ""min_cluster_size"": 16, ""min_samples"": 5, ""n_class"": 1116, ""n_edges"": 6, ""n_intervals"": 7, ""n_vertices"": 7, ""noise_reassigned"": 1257, ""placement"": ""uniform"", ""slabs"": [{""k"": 1, ""n"": 67}, {""k"": 1, ""n"": 215}, {""k"": 1, ""n"": 269}, {""k"": 1, ""n"": 309}, {""k"": 1, ""n"": 283}, {""k"": 1, ""n"": 193}, {""k"": 1, ""n"": 35}]}, {""constant_lens"": false, ""gain"": 0.25, ""lens"": ""pc1"", ""lens_scaling"": ""standardize"", ""min_cluster_size"": 16, ""min_samples"": 5, ""n_class"": 1118, ""n_edges"": 6, ""n_intervals"": 7, ""n_vertices"": 7, ""noise_reassigned"": 1292, ""placement"": ""uniform"", ""slabs"": [{""k"": 1, ""n"": 92}, {""k"": 1, ""n"": 257}, {""k"": 1, ""n"": 261}, {""k"": 1, ""n"": 263}, {""k"": 1, ""n"": 273}, {""k"": 1, ""n"": 212}, {""k"": 1, ""n"": 46}]}], ""soundness_bound_holds"": true, ""step_rule"": ""scale_free"", ""topology_retention_nerve_to_frozen"": {""beta0_frozen"": 5, ""beta0_nerve"": 3, ""beta1_frozen"": 0, ""beta1_nerve"": 0}}",True
0.828,450,False,0.1,0.1,,9.661538999993354,9.661538999993354,0.0,waveform,5,,SPINE+Graph,10,450,500,4500,0.9,472606868,False,"{""admission"": {""criterion"": ""risk"", ""removed_risk"": 2, ""removed_support"": 0}, ""betti_final"": [[1, 0], [2, 0], [2, 0]], ""betti_frozen"": [[1, 0], [2, 0], [2, 0]], ""betti_nerve"": [[1, 0], [1, 0], [1, 0]], ""boundary_restriction"": ""both"", ""forced_removals"": 0, ""growth_representation_fallbacks"": 256, ""invariant_held"": true, ""n_segments"": 445, ""n_train_fit"": 3375, ""n_val"": 1125, ""phase0"": [{""constant_lens"": false, ""gain"": 0.25, ""lens"": ""pc1"", ""lens_scaling"": ""standardize"", ""min_cluster_size"": 16, ""min_samples"": 5, ""n_class"": 1141, ""n_edges"": 6, ""n_intervals"": 7, ""n_vertices"": 7, ""noise_reassigned"": 1328, ""placement"": ""uniform"", ""slabs"": [{""k"": 1, ""n"": 125}, {""k"": 1, ""n"": 264}, {""k"": 1, ""n"": 251}, {""k"": 1, ""n"": 260}, {""k"": 1, ""n"": 231}, {""k"": 1, ""n"": 222}, {""k"": 1, ""n"": 88}]}, {""constant_lens"": false, ""gain"": 0.25, ""lens"": ""pc1"", ""lens_scaling"": ""standardize"", ""min_cluster_size"": 16, ""min_samples"": 5, ""n_class"": 1116, ""n_edges"": 6, ""n_intervals"": 7, ""n_vertices"": 7, ""noise_reassigned"": 1257, ""placement"": ""uniform"", ""slabs"": [{""k"": 1, ""n"": 67}, {""k"": 1, ""n"": 215}, {""k"": 1, ""n"": 269}, {""k"": 1, ""n"": 309}, {""k"": 1, ""n"": 283}, {""k"": 1, ""n"": 193}, {""k"": 1, ""n"": 35}]}, {""constant_lens"": false, ""gain"": 0.25, ""lens"": ""pc1"", ""lens_scaling"": ""standardize"", ""min_cluster_size"": 16, ""min_samples"": 5, ""n_class"": 1118, ""n_edges"": 6, ""n_intervals"": 7, ""n_vertices"": 7, ""noise_reassigned"": 1292, ""placement"": ""uniform"", ""slabs"": [{""k"": 1, ""n"": 92}, {""k"": 1, ""n"": 257}, {""k"": 1, ""n"": 261}, {""k"": 1, ""n"": 263}, {""k"": 1, ""n"": 273}, {""k"": 1, ""n"": 212}, {""k"": 1, ""n"": 46}]}], ""soundness_bound_holds"": true, ""step_rule"": ""scale_free"", ""topology_retention_nerve_to_frozen"": {""beta0_frozen"": 5, ""beta0_nerve"": 3, ""beta1_frozen"": 0, ""beta1_nerve"": 0}}",True
0.788,450,False,0.1,0.1,,5.649015999981202,99.42276399995899,93.77374799997779,waveform,5,"{""epsilon"": 0.3, ""window"": 0.2}",LVQ3,10,450,500,4500,0.9,472606868,False,,True
0.746,450,False,0.1,0.1,"{""0"": 152, ""1"": 149, ""2"": 149}",5.215053999971133,5.215053999971133,0.0,waveform,5,,KMeans,10,450,500,4500,0.9,472606868,False,,True
0.7,450,False,0.1,0.1,"{""0"": 152, ""1"": 149, ""2"": 149}",0.004001000022981316,0.004001000022981316,0.0,waveform,5,,Random,10,450,500,4500,0.9,472606868,False,,True
0.72,450,False,0.1,0.1,,1.7014299999573268,1.7014299999573268,0.0,waveform,5,,SPOT,10,450,500,4500,0.9,472606868,False,,True
0.808,450,False,0.1,0.1,,46.17310100002214,46.17310100002214,0.0,waveform,5,,GLVQ,10,450,500,4500,0.9,472606868,False,,True
0.812,450,False,0.1,0.1,,11.118244999961462,11.118244999961462,0.0,waveform,5,,GNG,10,450,500,4500,0.9,472606868,False,,True
0.728,1125,False,0.25,0.25,,0.0006509999511763453,0.0006509999511763453,0.0,waveform,5,,Full,10,4500,500,4500,0.0,472606868,True,,False
0.748,1125,False,0.25,0.25,,1.588623000017833,1.588623000017833,0.0,waveform,5,,RSP3,10,2658,500,4500,0.4093333333333333,472606868,True,,False
0.74,1125,False,0.25,0.25,,1.8991210000240244,1.8991210000240244,0.0,waveform,5,,RHC,10,402,500,4500,0.9106666666666666,472606868,True,,False
0.824,1125,False,0.25,0.25,,35.60816999996314,35.60816999996314,0.0,waveform,5,,SPINE+1NN,10,1125,500,4500,0.75,472606868,False,"{""admission"": {""criterion"": ""risk"", ""removed_risk"": 2, ""removed_support"": 0}, ""betti_final"": [[1, 0], [2, 0], [2, 0]], ""betti_frozen"": [[1, 0], [2, 0], [2, 0]], ""betti_nerve"": [[1, 0], [1, 0], [1, 0]], ""boundary_restriction"": ""both"", ""forced_removals"": 0, ""growth_representation_fallbacks"": 1056, ""invariant_held"": true, ""n_segments"": 1120, ""n_train_fit"": 3375, ""n_val"": 1125, ""phase0"": [{""constant_lens"": false, ""gain"": 0.25, ""lens"": ""pc1"", ""lens_scaling"": ""standardize"", ""min_cluster_size"": 16, ""min_samples"": 5, ""n_class"": 1141, ""n_edges"": 6, ""n_intervals"": 7, ""n_vertices"": 7, ""noise_reassigned"": 1328, ""placement"": ""uniform"", ""slabs"": [{""k"": 1, ""n"": 125}, {""k"": 1, ""n"": 264}, {""k"": 1, ""n"": 251}, {""k"": 1, ""n"": 260}, {""k"": 1, ""n"": 231}, {""k"": 1, ""n"": 222}, {""k"": 1, ""n"": 88}]}, {""constant_lens"": false, ""gain"": 0.25, ""lens"": ""pc1"", ""lens_scaling"": ""standardize"", ""min_cluster_size"": 16, ""min_samples"": 5, ""n_class"": 1116, ""n_edges"": 6, ""n_intervals"": 7, ""n_vertices"": 7, ""noise_reassigned"": 1257, ""placement"": ""uniform"", ""slabs"": [{""k"": 1, ""n"": 67}, {""k"": 1, ""n"": 215}, {""k"": 1, ""n"": 269}, {""k"": 1, ""n"": 309}, {""k"": 1, ""n"": 283}, {""k"": 1, ""n"": 193}, {""k"": 1, ""n"": 35}]}, {""constant_lens"": false, ""gain"": 0.25, ""lens"": ""pc1"", ""lens_scaling"": ""standardize"", ""min_cluster_size"": 16, ""min_samples"": 5, ""n_class"": 1118, ""n_edges"": 6, ""n_intervals"": 7, ""n_vertices"": 7, ""noise_reassigned"": 1292, ""placement"": ""uniform"", ""slabs"": [{""k"": 1, ""n"": 92}, {""k"": 1, ""n"": 257}, {""k"": 1, ""n"": 261}, {""k"": 1, ""n"": 263}, {""k"": 1, ""n"": 273}, {""k"": 1, ""n"": 212}, {""k"": 1, ""n"": 46}]}], ""soundness_bound_holds"": true, ""step_rule"": ""scale_free"", ""topology_retention_nerve_to_frozen"": {""beta0_frozen"": 5, ""beta0_nerve"": 3, ""beta1_frozen"": 0, ""beta1_nerve"": 0}}",True
0.812,1125,False,0.25,0.25,,35.60816999996314,35.60816999996314,0.0,waveform,5,,SPINE+Graph,10,1125,500,4500,0.75,472606868,False,"{""admission"": {""criterion"": ""risk"", ""removed_risk"": 2, ""removed_support"": 0}, ""betti_final"": [[1, 0], [2, 0], [2, 0]], ""betti_frozen"": [[1, 0], [2, 0], [2, 0]], ""betti_nerve"": [[1, 0], [1, 0], [1, 0]], ""boundary_restriction"": ""both"", ""forced_removals"": 0, ""growth_representation_fallbacks"": 1056, ""invariant_held"": true, ""n_segments"": 1120, ""n_train_fit"": 3375, ""n_val"": 1125, ""phase0"": [{""constant_lens"": false, ""gain"": 0.25, ""lens"": ""pc1"", ""lens_scaling"": ""standardize"", ""min_cluster_size"": 16, ""min_samples"": 5, ""n_class"": 1141, ""n_edges"": 6, ""n_intervals"": 7, ""n_vertices"": 7, ""noise_reassigned"": 1328, ""placement"": ""uniform"", ""slabs"": [{""k"": 1, ""n"": 125}, {""k"": 1, ""n"": 264}, {""k"": 1, ""n"": 251}, {""k"": 1, ""n"": 260}, {""k"": 1, ""n"": 231}, {""k"": 1, ""n"": 222}, {""k"": 1, ""n"": 88}]}, {""constant_lens"": false, ""gain"": 0.25, ""lens"": ""pc1"", ""lens_scaling"": ""standardize"", ""min_cluster_size"": 16, ""min_samples"": 5, ""n_class"": 1116, ""n_edges"": 6, ""n_intervals"": 7, ""n_vertices"": 7, ""noise_reassigned"": 1257, ""placement"": ""uniform"", ""slabs"": [{""k"": 1, ""n"": 67}, {""k"": 1, ""n"": 215}, {""k"": 1, ""n"": 269}, {""k"": 1, ""n"": 309}, {""k"": 1, ""n"": 283}, {""k"": 1, ""n"": 193}, {""k"": 1, ""n"": 35}]}, {""constant_lens"": false, ""gain"": 0.25, ""lens"": ""pc1"", ""lens_scaling"": ""standardize"", ""min_cluster_size"": 16, ""min_samples"": 5, ""n_class"": 1118, ""n_edges"": 6, ""n_intervals"": 7, ""n_vertices"": 7, ""noise_reassigned"": 1292, ""placement"": ""uniform"", ""slabs"": [{""k"": 1, ""n"": 92}, {""k"": 1, ""n"": 257}, {""k"": 1, ""n"": 261}, {""k"": 1, ""n"": 263}, {""k"": 1, ""n"": 273}, {""k"": 1, ""n"": 212}, {""k"": 1, ""n"": 46}]}], ""soundness_bound_holds"": true, ""step_rule"": ""scale_free"", ""topology_retention_nerve_to_frozen"": {""beta0_frozen"": 5, ""beta0_nerve"": 3, ""beta1_frozen"": 0, ""beta1_nerve"": 0}}",True
0.792,1125,False,0.25,0.25,,12.308782000036445,219.77572500001406,207.46694299997762,waveform,5,"{""epsilon"": 0.1, ""window"": 0.3}",LVQ3,10,1125,500,4500,0.75,472606868,False,,True
0.754,1125,False,0.25,0.25,"{""0"": 381, ""1"": 372, ""2"": 372}",11.712097999989055,11.712097999989055,0.0,waveform,5,,KMeans,10,1125,500,4500,0.75,472606868,False,,True
0.66,1125,False,0.25,0.25,"{""0"": 381, ""1"": 372, ""2"": 372}",0.0020050000166520476,0.0020050000166520476,0.0,waveform,5,,Random,10,1125,500,4500,0.75,472606868,False,,True
0.704,1125,False,0.25,0.25,,1.7227229999843985,1.7227229999843985,0.0,waveform,5,,SPOT,10,1125,500,4500,0.75,472606868,False,,True
0.808,1125,False,0.25,0.25,,110.53485599998385,110.53485599998385,0.0,waveform,5,,GLVQ,10,1125,500,4500,0.75,472606868,False,,True
0.802,1125,False,0.25,0.25,,51.76217500003986,51.76217500003986,0.0,waveform,5,,GNG,10,1125,500,4500,0.75,472606868,False,,True
0.716,23,False,0.005111111111111111,0.005,,0.0002710000262595713,0.0002710000262595713,0.0,waveform,6,,Full,10,4500,500,4500,0.0,473606871,False,,False
0.792,23,False,0.005111111111111111,0.005,,1.6290370000060648,1.6290370000060648,0.0,waveform,6,,RSP3,10,2546,500,4500,0.4342222222222222,473606871,False,,False
0.738,23,False,0.005111111111111111,0.005,,1.6526859999867156,1.6526859999867156,0.0,waveform,6,,RHC,10,370,500,4500,0.9177777777777778,473606871,False,,False
0.798,23,False,0.005111111111111111,0.005,,3.62135200004559,3.62135200004559,0.0,waveform,6,,SPINE+1NN,10,23,500,4500,0.9948888888888889,473606871,False,"{""admission"": {""criterion"": ""risk"", ""removed_risk"": 4, ""removed_support"": 0}, ""betti_final"": [[2, 0], [2, 0], [3, 0]], ""betti_frozen"": [[2, 0], [2, 0], [3, 0]], ""betti_nerve"": [[1, 0], [1, 0], [1, 0]], ""boundary_restriction"": ""both"", ""forced_removals"": 0, ""growth_representation_fallbacks"": 2, ""invariant_held"": true, ""n_segments"": 16, ""n_train_fit"": 3375, ""n_val"": 1125, ""phase0"": [{""constant_lens"": false, ""gain"": 0.25, ""lens"": ""pc1"", ""lens_scaling"": ""standardize"", ""min_cluster_size"": 16, ""min_samples"": 5, ""n_class"": 1141, ""n_edges"": 6, ""n_intervals"": 7, ""n_vertices"": 7, ""noise_reassigned"": 1311, ""placement"": ""uniform"", ""slabs"": [{""k"": 1, ""n"": 136}, {""k"": 1, ""n"": 267}, {""k"": 1, ""n"": 250}, {""k"": 1, ""n"": 242}, {""k"": 1, ""n"": 236}, {""k"": 1, ""n"": 210}, {""k"": 1, ""n"": 82}]}, {""constant_lens"": false, ""gain"": 0.25, ""lens"": ""pc1"", ""lens_scaling"": ""standardize"", ""min_cluster_size"": 16, ""min_samples"": 5, ""n_class"": 1116, ""n_edges"": 6, ""n_intervals"": 7, ""n_vertices"": 7, ""noise_reassigned"": 1242, ""placement"": ""quantile"", ""slabs"": [{""k"": 1, ""n"": 180}, {""k"": 1, ""n"": 199}, {""k"": 1, ""n"": 199}, {""k"": 1, ""n"": 200}, {""k"": 1, ""n"": 199}, {""k"": 1, ""n"": 199}, {""k"": 1, ""n"": 180}]}, {""constant_lens"": false, ""gain"": 0.25, ""lens"": ""pc1"", ""lens_scaling"": ""standardize"", ""min_cluster_size"": 16, ""min_samples"": 5, ""n_class"": 1118, ""n_edges"": 6, ""n_intervals"": 7, ""n_vertices"": 7, ""noise_reassigned"": 1286, ""placement"": ""uniform"", ""slabs"": [{""k"": 1, ""n"": 121}, {""k"": 1, ""n"": 279}, {""k"": 1, ""n"": 270}, {""k"": 1, ""n"": 255}, {""k"": 1, ""n"": 263}, {""k"": 1, ""n"": 178}, {""k"": 1, ""n"": 33}]}], ""soundness_bound_holds"": true, ""step_rule"": ""scale_free"", ""topology_retention_nerve_to_frozen"": {""beta0_frozen"": 7, ""beta0_nerve"": 3, ""beta1_frozen"": 0, ""beta1_nerve"": 0}}",True
0.812,23,False,0.005111111111111111,0.005,,3.62135200004559,3.62135200004559,0.0,waveform,6,,SPINE+Graph,10,23,500,4500,0.9948888888888889,473606871,False,"{""admission"": {""criterion"": ""risk"", ""removed_risk"": 4, ""removed_support"": 0}, ""betti_final"": [[2, 0], [2, 0], [3, 0]], ""betti_frozen"": [[2, 0], [2, 0], [3, 0]], ""betti_nerve"": [[1, 0], [1, 0], [1, 0]], ""boundary_restriction"": ""both"", ""forced_removals"": 0, ""growth_representation_fallbacks"": 2, ""invariant_held"": true, ""n_segments"": 16, ""n_train_fit"": 3375, ""n_val"": 1125, ""phase0"": [{""constant_lens"": false, ""gain"": 0.25, ""lens"": ""pc1"", ""lens_scaling"": ""standardize"", ""min_cluster_size"": 16, ""min_samples"": 5, ""n_class"": 1141, ""n_edges"": 6, ""n_intervals"": 7, ""n_vertices"": 7, ""noise_reassigned"": 1311, ""placement"": ""uniform"", ""slabs"": [{""k"": 1, ""n"": 136}, {""k"": 1, ""n"": 267}, {""k"": 1, ""n"": 250}, {""k"": 1, ""n"": 242}, {""k"": 1, ""n"": 236}, {""k"": 1, ""n"": 210}, {""k"": 1, ""n"": 82}]}, {""constant_lens"": false, ""gain"": 0.25, ""lens"": ""pc1"", ""lens_scaling"": ""standardize"", ""min_cluster_size"": 16, ""min_samples"": 5, ""n_class"": 1116, ""n_edges"": 6, ""n_intervals"": 7, ""n_vertices"": 7, ""noise_reassigned"": 1242, ""placement"": ""quantile"", ""slabs"": [{""k"": 1, ""n"": 180}, {""k"": 1, ""n"": 199}, {""k"": 1, ""n"": 199}, {""k"": 1, ""n"": 200}, {""k"": 1, ""n"": 199}, {""k"": 1, ""n"": 199}, {""k"": 1, ""n"": 180}]}, {""constant_lens"": false, ""gain"": 0.25, ""lens"": ""pc1"", ""lens_scaling"": ""standardize"", ""min_cluster_size"": 16, ""min_samples"": 5, ""n_class"": 1118, ""n_edges"": 6, ""n_intervals"": 7, ""n_vertices"": 7, ""noise_reassigned"": 1286, ""placement"": ""uniform"", ""slabs"": [{""k"": 1, ""n"": 121}, {""k"": 1, ""n"": 279}, {""k"": 1, ""n"": 270}, {""k"": 1, ""n"": 255}, {""k"": 1, ""n"": 263}, {""k"": 1, ""n"": 178}, {""k"": 1, ""n"": 33}]}], ""soundness_bound_holds"": true, ""step_rule"": ""scale_free"", ""topology_retention_nerve_to_frozen"": {""beta0_frozen"": 7, ""beta0_nerve"": 3, ""beta1_frozen"": 0, ""beta1_nerve"": 0}}",True
0.826,23,False,0.005111111111111111,0.005,,2.2454429999925196,42.80690899997717,40.56146599998465,waveform,6,"{""epsilon"": 0.3, ""window"": 0.3}",LVQ3,10,23,500,4500,0.9948888888888889,473606871,False,,True
0.81,23,False,0.005111111111111111,0.005,"{""0"": 8, ""1"": 7, ""2"": 8}",1.1337180000264198,1.1337180000264198,0.0,waveform,6,,KMeans,10,23,500,4500,0.9948888888888889,473606871,False,,True
0.598,23,False,0.005111111111111111,0.005,"{""0"": 8, ""1"": 7, ""2"": 8}",0.0009530000388622284,0.0009530000388622284,0.0,waveform,6,,Random,10,23,500,4500,0.9948888888888889,473606871,False,,True
0.682,23,False,0.005111111111111111,0.005,,1.5032800000044517,1.5032800000044517,0.0,waveform,6,,SPOT,10,23,500,4500,0.9948888888888889,473606871,False,,True
0.84,23,False,0.005111111111111111,0.005,,5.028367999999318,5.028367999999318,0.0,waveform,6,,GLVQ,10,23,500,4500,0.9948888888888889,473606871,False,,True
0.776,23,False,0.005111111111111111,0.005,,0.7566290000104345,0.7566290000104345,0.0,waveform,6,,GNG,10,23,500,4500,0.9948888888888889,473606871,False,,True
0.716,45,False,0.01,0.01,,0.0002710000262595713,0.0002710000262595713,0.0,waveform,6,,Full,10,4500,500,4500,0.0,473606871,True,,False
0.792,45,False,0.01,0.01,,1.6290370000060648,1.6290370000060648,0.0,waveform,6,,RSP3,10,2546,500,4500,0.4342222222222222,473606871,True,,False
0.738,45,False,0.01,0.01,,1.6526859999867156,1.6526859999867156,0.0,waveform,6,,RHC,10,370,500,4500,0.9177777777777778,473606871,True,,False
0.804,45,False,0.01,0.01,,4.389242000004742,4.389242000004742,0.0,waveform,6,,SPINE+1NN,10,45,500,4500,0.99,473606871,False,"{""admission"": {""criterion"": ""risk"", ""removed_risk"": 4, ""removed_support"": 0}, ""betti_final"": [[2, 0], [2, 0], [3, 0]], ""betti_frozen"": [[2, 0], [2, 0], [3, 0]], ""betti_nerve"": [[1, 0], [1, 0], [1, 0]], ""boundary_restriction"": ""both"", ""forced_removals"": 0, ""growth_representation_fallbacks"": 4, ""invariant_held"": true, ""n_segments"": 38, ""n_train_fit"": 3375, ""n_val"": 1125, ""phase0"": [{""constant_lens"": false, ""gain"": 0.25, ""lens"": ""pc1"", ""lens_scaling"": ""standardize"", ""min_cluster_size"": 16, ""min_samples"": 5, ""n_class"": 1141, ""n_edges"": 6, ""n_intervals"": 7, ""n_vertices"": 7, ""noise_reassigned"": 1311, ""placement"": ""uniform"", ""slabs"": [{""k"": 1, ""n"": 136}, {""k"": 1, ""n"": 267}, {""k"": 1, ""n"": 250}, {""k"": 1, ""n"": 242}, {""k"": 1, ""n"": 236}, {""k"": 1, ""n"": 210}, {""k"": 1, ""n"": 82}]}, {""constant_lens"": false, ""gain"": 0.25, ""lens"": ""pc1"", ""lens_scaling"": ""standardize"", ""min_cluster_size"": 16, ""min_samples"": 5, ""n_class"": 1116, ""n_edges"": 6, ""n_intervals"": 7, ""n_vertices"": 7, ""noise_reassigned"": 1242, ""placement"": ""quantile"", ""slabs"": [{""k"": 1, ""n"": 180}, {""k"": 1, ""n"": 199}, {""k"": 1, ""n"": 199}, {""k"": 1, ""n"": 200}, {""k"": 1, ""n"": 199}, {""k"": 1, ""n"": 199}, {""k"": 1, ""n"": 180}]}, {""constant_lens"": false, ""gain"": 0.25, ""lens"": ""pc1"", ""lens_scaling"": ""standardize"", ""min_cluster_size"": 16, ""min_samples"": 5, ""n_class"": 1118, ""n_edges"": 6, ""n_intervals"": 7, ""n_vertices"": 7, ""noise_reassigned"": 1286, ""placement"": ""uniform"", ""slabs"": [{""k"": 1, ""n"": 121}, {""k"": 1, ""n"": 279}, {""k"": 1, ""n"": 270}, {""k"": 1, ""n"": 255}, {""k"": 1, ""n"": 263}, {""k"": 1, ""n"": 178}, {""k"": 1, ""n"": 33}]}], ""soundness_bound_holds"": true, ""step_rule"": ""scale_free"", ""topology_retention_nerve_to_frozen"": {""beta0_frozen"": 7, ""beta0_nerve"": 3, ""beta1_frozen"": 0, ""beta1_nerve"": 0}}",True
0.814,45,False,0.01,0.01,,4.389242000004742,4.389242000004742,0.0,waveform,6,,SPINE+Graph,10,45,500,4500,0.99,473606871,False,"{""admission"": {""criterion"": ""risk"", ""removed_risk"": 4, ""removed_support"": 0}, ""betti_final"": [[2, 0], [2, 0], [3, 0]], ""betti_frozen"": [[2, 0], [2, 0], [3, 0]], ""betti_nerve"": [[1, 0], [1, 0], [1, 0]], ""boundary_restriction"": ""both"", ""forced_removals"": 0, ""growth_representation_fallbacks"": 4, ""invariant_held"": true, ""n_segments"": 38, ""n_train_fit"": 3375, ""n_val"": 1125, ""phase0"": [{""constant_lens"": false, ""gain"": 0.25, ""lens"": ""pc1"", ""lens_scaling"": ""standardize"", ""min_cluster_size"": 16, ""min_samples"": 5, ""n_class"": 1141, ""n_edges"": 6, ""n_intervals"": 7, ""n_vertices"": 7, ""noise_reassigned"": 1311, ""placement"": ""uniform"", ""slabs"": [{""k"": 1, ""n"": 136}, {""k"": 1, ""n"": 267}, {""k"": 1, ""n"": 250}, {""k"": 1, ""n"": 242}, {""k"": 1, ""n"": 236}, {""k"": 1, ""n"": 210}, {""k"": 1, ""n"": 82}]}, {""constant_lens"": false, ""gain"": 0.25, ""lens"": ""pc1"", ""lens_scaling"": ""standardize"", ""min_cluster_size"": 16, ""min_samples"": 5, ""n_class"": 1116, ""n_edges"": 6, ""n_intervals"": 7, ""n_vertices"": 7, ""noise_reassigned"": 1242, ""placement"": ""quantile"", ""slabs"": [{""k"": 1, ""n"": 180}, {""k"": 1, ""n"": 199}, {""k"": 1, ""n"": 199}, {""k"": 1, ""n"": 200}, {""k"": 1, ""n"": 199}, {""k"": 1, ""n"": 199}, {""k"": 1, ""n"": 180}]}, {""constant_lens"": false, ""gain"": 0.25, ""lens"": ""pc1"", ""lens_scaling"": ""standardize"", ""min_cluster_size"": 16, ""min_samples"": 5, ""n_class"": 1118, ""n_edges"": 6, ""n_intervals"": 7, ""n_vertices"": 7, ""noise_reassigned"": 1286, ""placement"": ""uniform"", ""slabs"": [{""k"": 1, ""n"": 121}, {""k"": 1, ""n"": 279}, {""k"": 1, ""n"": 270}, {""k"": 1, ""n"": 255}, {""k"": 1, ""n"": 263}, {""k"": 1, ""n"": 178}, {""k"": 1, ""n"": 33}]}], ""soundness_bound_holds"": true, ""step_rule"": ""scale_free"", ""topology_retention_nerve_to_frozen"": {""beta0_frozen"": 7, ""beta0_nerve"": 3, ""beta1_frozen"": 0, ""beta1_nerve"": 0}}",True
0.824,45,False,0.01,0.01,,2.3708470000419766,46.02250900003128,43.6516619999893,waveform,6,"{""epsilon"": 0.3, ""window"": 0.3}",LVQ3,10,45,500,4500,0.99,473606871,False,,True
0.816,45,False,0.01,0.01,"{""0"": 15, ""1"": 15, ""2"": 15}",1.2337669999687932,1.2337669999687932,0.0,waveform,6,,KMeans,10,45,500,4500,0.99,473606871,False,,True
0.656,45,False,0.01,0.01,"{""0"": 15, ""1"": 15, ""2"": 15}",0.0009769999887794256,0.0009769999887794256,0.0,waveform,6,,Random,10,45,500,4500,0.99,473606871,False,,True
0.686,45,False,0.01,0.01,,1.5955529999919236,1.5955529999919236,0.0,waveform,6,,SPOT,10,45,500,4500,0.99,473606871,False,,True
0.83,45,False,0.01,0.01,,7.152912000019569,7.152912000019569,0.0,waveform,6,,GLVQ,10,45,500,4500,0.99,473606871,False,,True
0.794,45,False,0.01,0.01,,1.5966289999778382,1.5966289999778382,0.0,waveform,6,,GNG,10,45,500,4500,0.99,473606871,False,,True
0.716,90,False,0.02,0.02,,0.0002710000262595713,0.0002710000262595713,0.0,waveform,6,,Full,10,4500,500,4500,0.0,473606871,True,,False
0.792,90,False,0.02,0.02,,1.6290370000060648,1.6290370000060648,0.0,waveform,6,,RSP3,10,2546,500,4500,0.4342222222222222,473606871,True,,False
0.738,90,False,0.02,0.02,,1.6526859999867156,1.6526859999867156,0.0,waveform,6,,RHC,10,370,500,4500,0.9177777777777778,473606871,True,,False
0.8,90,False,0.02,0.02,,4.654543000040576,4.654543000040576,0.0,waveform,6,,SPINE+1NN,10,90,500,4500,0.98,473606871,False,"{""admission"": {""criterion"": ""risk"", ""removed_risk"": 4, ""removed_support"": 0}, ""betti_final"": [[2, 0], [2, 0], [3, 0]], ""betti_frozen"": [[2, 0], [2, 0], [3, 0]], ""betti_nerve"": [[1, 0], [1, 0], [1, 0]], ""boundary_restriction"": ""both"", ""forced_removals"": 0, ""growth_representation_fallbacks"": 16, ""invariant_held"": true, ""n_segments"": 83, ""n_train_fit"": 3375, ""n_val"": 1125, ""phase0"": [{""constant_lens"": false, ""gain"": 0.25, ""lens"": ""pc1"", ""lens_scaling"": ""standardize"", ""min_cluster_size"": 16, ""min_samples"": 5, ""n_class"": 1141, ""n_edges"": 6, ""n_intervals"": 7, ""n_vertices"": 7, ""noise_reassigned"": 1311, ""placement"": ""uniform"", ""slabs"": [{""k"": 1, ""n"": 136}, {""k"": 1, ""n"": 267}, {""k"": 1, ""n"": 250}, {""k"": 1, ""n"": 242}, {""k"": 1, ""n"": 236}, {""k"": 1, ""n"": 210}, {""k"": 1, ""n"": 82}]}, {""constant_lens"": false, ""gain"": 0.25, ""lens"": ""pc1"", ""lens_scaling"": ""standardize"", ""min_cluster_size"": 16, ""min_samples"": 5, ""n_class"": 1116, ""n_edges"": 6, ""n_intervals"": 7, ""n_vertices"": 7, ""noise_reassigned"": 1242, ""placement"": ""quantile"", ""slabs"": [{""k"": 1, ""n"": 180}, {""k"": 1, ""n"": 199}, {""k"": 1, ""n"": 199}, {""k"": 1, ""n"": 200}, {""k"": 1, ""n"": 199}, {""k"": 1, ""n"": 199}, {""k"": 1, ""n"": 180}]}, {""constant_lens"": false, ""gain"": 0.25, ""lens"": ""pc1"", ""lens_scaling"": ""standardize"", ""min_cluster_size"": 16, ""min_samples"": 5, ""n_class"": 1118, ""n_edges"": 6, ""n_intervals"": 7, ""n_vertices"": 7, ""noise_reassigned"": 1286, ""placement"": ""uniform"", ""slabs"": [{""k"": 1, ""n"": 121}, {""k"": 1, ""n"": 279}, {""k"": 1, ""n"": 270}, {""k"": 1, ""n"": 255}, {""k"": 1, ""n"": 263}, {""k"": 1, ""n"": 178}, {""k"": 1, ""n"": 33}]}], ""soundness_bound_holds"": true, ""step_rule"": ""scale_free"", ""topology_retention_nerve_to_frozen"": {""beta0_frozen"": 7, ""beta0_nerve"": 3, ""beta1_frozen"": 0, ""beta1_nerve"": 0}}",True
0.796,90,False,0.02,0.02,,4.654543000040576,4.654543000040576,0.0,waveform,6,,SPINE+Graph,10,90,500,4500,0.98,473606871,False,"{""admission"": {""criterion"": ""risk"", ""removed_risk"": 4, ""removed_support"": 0}, ""betti_final"": [[2, 0], [2, 0], [3, 0]], ""betti_frozen"": [[2, 0], [2, 0], [3, 0]], ""betti_nerve"": [[1, 0], [1, 0], [1, 0]], ""boundary_restriction"": ""both"", ""forced_removals"": 0, ""growth_representation_fallbacks"": 16, ""invariant_held"": true, ""n_segments"": 83, ""n_train_fit"": 3375, ""n_val"": 1125, ""phase0"": [{""constant_lens"": false, ""gain"": 0.25, ""lens"": ""pc1"", ""lens_scaling"": ""standardize"", ""min_cluster_size"": 16, ""min_samples"": 5, ""n_class"": 1141, ""n_edges"": 6, ""n_intervals"": 7, ""n_vertices"": 7, ""noise_reassigned"": 1311, ""placement"": ""uniform"", ""slabs"": [{""k"": 1, ""n"": 136}, {""k"": 1, ""n"": 267}, {""k"": 1, ""n"": 250}, {""k"": 1, ""n"": 242}, {""k"": 1, ""n"": 236}, {""k"": 1, ""n"": 210}, {""k"": 1, ""n"": 82}]}, {""constant_lens"": false, ""gain"": 0.25, ""lens"": ""pc1"", ""lens_scaling"": ""standardize"", ""min_cluster_size"": 16, ""min_samples"": 5, ""n_class"": 1116, ""n_edges"": 6, ""n_intervals"": 7, ""n_vertices"": 7, ""noise_reassigned"": 1242, ""placement"": ""quantile"", ""slabs"": [{""k"": 1, ""n"": 180}, {""k"": 1, ""n"": 199}, {""k"": 1, ""n"": 199}, {""k"": 1, ""n"": 200}, {""k"": 1, ""n"": 199}, {""k"": 1, ""n"": 199}, {""k"": 1, ""n"": 180}]}, {""constant_lens"": false, ""gain"": 0.25, ""lens"": ""pc1"", ""lens_scaling"": ""standardize"", ""min_cluster_size"": 16, ""min_samples"": 5, ""n_class"": 1118, ""n_edges"": 6, ""n_intervals"": 7, ""n_vertices"": 7, ""noise_reassigned"": 1286, ""placement"": ""uniform"", ""slabs"": [{""k"": 1, ""n"": 121}, {""k"": 1, ""n"": 279}, {""k"": 1, ""n"": 270}, {""k"": 1, ""n"": 255}, {""k"": 1, ""n"": 263}, {""k"": 1, ""n"": 178}, {""k"": 1, ""n"": 33}]}], ""soundness_bound_holds"": true, ""step_rule"": ""scale_free"", ""topology_retention_nerve_to_frozen"": {""beta0_frozen"": 7, ""beta0_nerve"": 3, ""beta1_frozen"": 0, ""beta1_nerve"": 0}}",True
0.788,90,False,0.02,0.02,,2.891271000029519,56.09879399999045,53.20752299996093,waveform,6,"{""epsilon"": 0.1, ""window"": 0.2}",LVQ3,10,90,500,4500,0.98,473606871,False,,True
0.788,90,False,0.02,0.02,"{""0"": 30, ""1"": 30, ""2"": 30}",2.0390260000131093,2.0390260000131093,0.0,waveform,6,,KMeans,10,90,500,4500,0.98,473606871,False,,True
0.624,90,False,0.02,0.02,"{""0"": 30, ""1"": 30, ""2"": 30}",0.0010190000175498426,0.0010190000175498426,0.0,waveform,6,,Random,10,90,500,4500,0.98,473606871,False,,True
0.692,90,False,0.02,0.02,,1.6281540000345558,1.6281540000345558,0.0,waveform,6,,SPOT,10,90,500,4500,0.98,473606871,False,,True
0.836,90,False,0.02,0.02,,11.411556999955792,11.411556999955792,0.0,waveform,6,,GLVQ,10,90,500,4500,0.98,473606871,False,,True
0.766,90,False,0.02,0.02,,2.034513999999035,2.034513999999035,0.0,waveform,6,,GNG,10,90,500,4500,0.98,473606871,False,,True
0.716,225,False,0.05,0.05,,0.0002710000262595713,0.0002710000262595713,0.0,waveform,6,,Full,10,4500,500,4500,0.0,473606871,True,,False
0.792,225,False,0.05,0.05,,1.6290370000060648,1.6290370000060648,0.0,waveform,6,,RSP3,10,2546,500,4500,0.4342222222222222,473606871,True,,False
0.738,225,False,0.05,0.05,,1.6526859999867156,1.6526859999867156,0.0,waveform,6,,RHC,10,370,500,4500,0.9177777777777778,473606871,True,,False
0.832,225,False,0.05,0.05,,5.6834190000081435,5.6834190000081435,0.0,waveform,6,,SPINE+1NN,10,225,500,4500,0.95,473606871,False,"{""admission"": {""criterion"": ""risk"", ""removed_risk"": 4, ""removed_support"": 0}, ""betti_final"": [[2, 0], [2, 0], [3, 0]], ""betti_frozen"": [[2, 0], [2, 0], [3, 0]], ""betti_nerve"": [[1, 0], [1, 0], [1, 0]], ""boundary_restriction"": ""both"", ""forced_removals"": 0, ""growth_representation_fallbacks"": 54, ""invariant_held"": true, ""n_segments"": 218, ""n_train_fit"": 3375, ""n_val"": 1125, ""phase0"": [{""constant_lens"": false, ""gain"": 0.25, ""lens"": ""pc1"", ""lens_scaling"": ""standardize"", ""min_cluster_size"": 16, ""min_samples"": 5, ""n_class"": 1141, ""n_edges"": 6, ""n_intervals"": 7, ""n_vertices"": 7, ""noise_reassigned"": 1311, ""placement"": ""uniform"", ""slabs"": [{""k"": 1, ""n"": 136}, {""k"": 1, ""n"": 267}, {""k"": 1, ""n"": 250}, {""k"": 1, ""n"": 242}, {""k"": 1, ""n"": 236}, {""k"": 1, ""n"": 210}, {""k"": 1, ""n"": 82}]}, {""constant_lens"": false, ""gain"": 0.25, ""lens"": ""pc1"", ""lens_scaling"": ""standardize"", ""min_cluster_size"": 16, ""min_samples"": 5, ""n_class"": 1116, ""n_edges"": 6, ""n_intervals"": 7, ""n_vertices"": 7, ""noise_reassigned"": 1242, ""placement"": ""quantile"", ""slabs"": [{""k"": 1, ""n"": 180}, {""k"": 1, ""n"": 199}, {""k"": 1, ""n"": 199}, {""k"": 1, ""n"": 200}, {""k"": 1, ""n"": 199}, {""k"": 1, ""n"": 199}, {""k"": 1, ""n"": 180}]}, {""constant_lens"": false, ""gain"": 0.25, ""lens"": ""pc1"", ""lens_scaling"": ""standardize"", ""min_cluster_size"": 16, ""min_samples"": 5, ""n_class"": 1118, ""n_edges"": 6, ""n_intervals"": 7, ""n_vertices"": 7, ""noise_reassigned"": 1286, ""placement"": ""uniform"", ""slabs"": [{""k"": 1, ""n"": 121}, {""k"": 1, ""n"": 279}, {""k"": 1, ""n"": 270}, {""k"": 1, ""n"": 255}, {""k"": 1, ""n"": 263}, {""k"": 1, ""n"": 178}, {""k"": 1, ""n"": 33}]}], ""soundness_bound_holds"": true, ""step_rule"": ""scale_free"", ""topology_retention_nerve_to_frozen"": {""beta0_frozen"": 7, ""beta0_nerve"": 3, ""beta1_frozen"": 0, ""beta1_nerve"": 0}}",True
0.824,225,False,0.05,0.05,,5.6834190000081435,5.6834190000081435,0.0,waveform,6,,SPINE+Graph,10,225,500,4500,0.95,473606871,False,"{""admission"": {""criterion"": ""risk"", ""removed_risk"": 4, ""removed_support"": 0}, ""betti_final"": [[2, 0], [2, 0], [3, 0]], ""betti_frozen"": [[2, 0], [2, 0], [3, 0]], ""betti_nerve"": [[1, 0], [1, 0], [1, 0]], ""boundary_restriction"": ""both"", ""forced_removals"": 0, ""growth_representation_fallbacks"": 54, ""invariant_held"": true, ""n_segments"": 218, ""n_train_fit"": 3375, ""n_val"": 1125, ""phase0"": [{""constant_lens"": false, ""gain"": 0.25, ""lens"": ""pc1"", ""lens_scaling"": ""standardize"", ""min_cluster_size"": 16, ""min_samples"": 5, ""n_class"": 1141, ""n_edges"": 6, ""n_intervals"": 7, ""n_vertices"": 7, ""noise_reassigned"": 1311, ""placement"": ""uniform"", ""slabs"": [{""k"": 1, ""n"": 136}, {""k"": 1, ""n"": 267}, {""k"": 1, ""n"": 250}, {""k"": 1, ""n"": 242}, {""k"": 1, ""n"": 236}, {""k"": 1, ""n"": 210}, {""k"": 1, ""n"": 82}]}, {""constant_lens"": false, ""gain"": 0.25, ""lens"": ""pc1"", ""lens_scaling"": ""standardize"", ""min_cluster_size"": 16, ""min_samples"": 5, ""n_class"": 1116, ""n_edges"": 6, ""n_intervals"": 7, ""n_vertices"": 7, ""noise_reassigned"": 1242, ""placement"": ""quantile"", ""slabs"": [{""k"": 1, ""n"": 180}, {""k"": 1, ""n"": 199}, {""k"": 1, ""n"": 199}, {""k"": 1, ""n"": 200}, {""k"": 1, ""n"": 199}, {""k"": 1, ""n"": 199}, {""k"": 1, ""n"": 180}]}, {""constant_lens"": false, ""gain"": 0.25, ""lens"": ""pc1"", ""lens_scaling"": ""standardize"", ""min_cluster_size"": 16, ""min_samples"": 5, ""n_class"": 1118, ""n_edges"": 6, ""n_intervals"": 7, ""n_vertices"": 7, ""noise_reassigned"": 1286, ""placement"": ""uniform"", ""slabs"": [{""k"": 1, ""n"": 121}, {""k"": 1, ""n"": 279}, {""k"": 1, ""n"": 270}, {""k"": 1, ""n"": 255}, {""k"": 1, ""n"": 263}, {""k"": 1, ""n"": 178}, {""k"": 1, ""n"": 33}]}], ""soundness_bound_holds"": true, ""step_rule"": ""scale_free"", ""topology_retention_nerve_to_frozen"": {""beta0_frozen"": 7, ""beta0_nerve"": 3, ""beta1_frozen"": 0, ""beta1_nerve"": 0}}",True
0.806,225,False,0.05,0.05,,3.9640139999683015,71.55767199996626,67.59365799999796,waveform,6,"{""epsilon"": 0.1, ""window"": 0.3}",LVQ3,10,225,500,4500,0.95,473606871,False,,True
0.772,225,False,0.05,0.05,"{""0"": 76, ""1"": 74, ""2"": 75}",2.7818720000213943,2.7818720000213943,0.0,waveform,6,,KMeans,10,225,500,4500,0.95,473606871,False,,True
0.642,225,False,0.05,0.05,"{""0"": 76, ""1"": 74, ""2"": 75}",0.002655999967828393,0.002655999967828393,0.0,waveform,6,,Random,10,225,500,4500,0.95,473606871,False,,True
0.688,225,False,0.05,0.05,,1.6260149999870919,1.6260149999870919,0.0,waveform,6,,SPOT,10,225,500,4500,0.95,473606871,False,,True
0.834,225,False,0.05,0.05,,24.265153000014834,24.265153000014834,0.0,waveform,6,,GLVQ,10,225,500,4500,0.95,473606871,False,,True
0.824,225,False,0.05,0.05,,4.310471999982838,4.310471999982838,0.0,waveform,6,,GNG,10,225,500,4500,0.95,473606871,False,,True
0.716,450,False,0.1,0.1,,0.0002710000262595713,0.0002710000262595713,0.0,waveform,6,,Full,10,4500,500,4500,0.0,473606871,True,,False
0.792,450,False,0.1,0.1,,1.6290370000060648,1.6290370000060648,0.0,waveform,6,,RSP3,10,2546,500,4500,0.4342222222222222,473606871,True,,False
0.738,450,False,0.1,0.1,,1.6526859999867156,1.6526859999867156,0.0,waveform,6,,RHC,10,370,500,4500,0.9177777777777778,473606871,True,,False
0.838,450,False,0.1,0.1,,9.569784999999683,9.569784999999683,0.0,waveform,6,,SPINE+1NN,10,450,500,4500,0.9,473606871,False,"{""admission"": {""criterion"": ""risk"", ""removed_risk"": 4, ""removed_support"": 0}, ""betti_final"": [[2, 0], [2, 0], [3, 0]], ""betti_frozen"": [[2, 0], [2, 0], [3, 0]], ""betti_nerve"": [[1, 0], [1, 0], [1, 0]], ""boundary_restriction"": ""both"", ""forced_removals"": 0, ""growth_representation_fallbacks"": 272, ""invariant_held"": true, ""n_segments"": 443, ""n_train_fit"": 3375, ""n_val"": 1125, ""phase0"": [{""constant_lens"": false, ""gain"": 0.25, ""lens"": ""pc1"", ""lens_scaling"": ""standardize"", ""min_cluster_size"": 16, ""min_samples"": 5, ""n_class"": 1141, ""n_edges"": 6, ""n_intervals"": 7, ""n_vertices"": 7, ""noise_reassigned"": 1311, ""placement"": ""uniform"", ""slabs"": [{""k"": 1, ""n"": 136}, {""k"": 1, ""n"": 267}, {""k"": 1, ""n"": 250}, {""k"": 1, ""n"": 242}, {""k"": 1, ""n"": 236}, {""k"": 1, ""n"": 210}, {""k"": 1, ""n"": 82}]}, {""constant_lens"": false, ""gain"": 0.25, ""lens"": ""pc1"", ""lens_scaling"": ""standardize"", ""min_cluster_size"": 16, ""min_samples"": 5, ""n_class"": 1116, ""n_edges"": 6, ""n_intervals"": 7, ""n_vertices"": 7, ""noise_reassigned"": 1242, ""placement"": ""quantile"", ""slabs"": [{""k"": 1, ""n"": 180}, {""k"": 1, ""n"": 199}, {""k"": 1, ""n"": 199}, {""k"": 1, ""n"": 200}, {""k"": 1, ""n"": 199}, {""k"": 1, ""n"": 199}, {""k"": 1, ""n"": 180}]}, {""constant_lens"": false, ""gain"": 0.25, ""lens"": ""pc1"", ""lens_scaling"": ""standardize"", ""min_cluster_size"": 16, ""min_samples"": 5, ""n_class"": 1118, ""n_edges"": 6, ""n_intervals"": 7, ""n_vertices"": 7, ""noise_reassigned"": 1286, ""placement"": ""uniform"", ""slabs"": [{""k"": 1, ""n"": 121}, {""k"": 1, ""n"": 279}, {""k"": 1, ""n"": 270}, {""k"": 1, ""n"": 255}, {""k"": 1, ""n"": 263}, {""k"": 1, ""n"": 178}, {""k"": 1, ""n"": 33}]}], ""soundness_bound_holds"": true, ""step_rule"": ""scale_free"", ""topology_retention_nerve_to_frozen"": {""beta0_frozen"": 7, ""beta0_nerve"": 3, ""beta1_frozen"": 0, ""beta1_nerve"": 0}}",True
0.844,450,False,0.1,0.1,,9.569784999999683,9.569784999999683,0.0,waveform,6,,SPINE+Graph,10,450,500,4500,0.9,473606871,False,"{""admission"": {""criterion"": ""risk"", ""removed_risk"": 4, ""removed_support"": 0}, ""betti_final"": [[2, 0], [2, 0], [3, 0]], ""betti_frozen"": [[2, 0], [2, 0], [3, 0]], ""betti_nerve"": [[1, 0], [1, 0], [1, 0]], ""boundary_restriction"": ""both"", ""forced_removals"": 0, ""growth_representation_fallbacks"": 272, ""invariant_held"": true, ""n_segments"": 443, ""n_train_fit"": 3375, ""n_val"": 1125, ""phase0"": [{""constant_lens"": false, ""gain"": 0.25, ""lens"": ""pc1"", ""lens_scaling"": ""standardize"", ""min_cluster_size"": 16, ""min_samples"": 5, ""n_class"": 1141, ""n_edges"": 6, ""n_intervals"": 7, ""n_vertices"": 7, ""noise_reassigned"": 1311, ""placement"": ""uniform"", ""slabs"": [{""k"": 1, ""n"": 136}, {""k"": 1, ""n"": 267}, {""k"": 1, ""n"": 250}, {""k"": 1, ""n"": 242}, {""k"": 1, ""n"": 236}, {""k"": 1, ""n"": 210}, {""k"": 1, ""n"": 82}]}, {""constant_lens"": false, ""gain"": 0.25, ""lens"": ""pc1"", ""lens_scaling"": ""standardize"", ""min_cluster_size"": 16, ""min_samples"": 5, ""n_class"": 1116, ""n_edges"": 6, ""n_intervals"": 7, ""n_vertices"": 7, ""noise_reassigned"": 1242, ""placement"": ""quantile"", ""slabs"": [{""k"": 1, ""n"": 180}, {""k"": 1, ""n"": 199}, {""k"": 1, ""n"": 199}, {""k"": 1, ""n"": 200}, {""k"": 1, ""n"": 199}, {""k"": 1, ""n"": 199}, {""k"": 1, ""n"": 180}]}, {""constant_lens"": false, ""gain"": 0.25, ""lens"": ""pc1"", ""lens_scaling"": ""standardize"", ""min_cluster_size"": 16, ""min_samples"": 5, ""n_class"": 1118, ""n_edges"": 6, ""n_intervals"": 7, ""n_vertices"": 7, ""noise_reassigned"": 1286, ""placement"": ""uniform"", ""slabs"": [{""k"": 1, ""n"": 121}, {""k"": 1, ""n"": 279}, {""k"": 1, ""n"": 270}, {""k"": 1, ""n"": 255}, {""k"": 1, ""n"": 263}, {""k"": 1, ""n"": 178}, {""k"": 1, ""n"": 33}]}], ""soundness_bound_holds"": true, ""step_rule"": ""scale_free"", ""topology_retention_nerve_to_frozen"": {""beta0_frozen"": 7, ""beta0_nerve"": 3, ""beta1_frozen"": 0, ""beta1_nerve"": 0}}",True
0.796,450,False,0.1,0.1,,5.639678000006825,100.30050900002243,94.6608310000156,waveform,6,"{""epsilon"": 0.1, ""window"": 0.2}",LVQ3,10,450,500,4500,0.9,473606871,False,,True
0.766,450,False,0.1,0.1,"{""0"": 152, ""1"": 149, ""2"": 149}",4.788818999950308,4.788818999950308,0.0,waveform,6,,KMeans,10,450,500,4500,0.9,473606871,False,,True
0.676,450,False,0.1,0.1,"{""0"": 152, ""1"": 149, ""2"": 149}",0.0012829999905079603,0.0012829999905079603,0.0,waveform,6,,Random,10,450,500,4500,0.9,473606871,False,,True
0.686,450,False,0.1,0.1,,1.6882190000033006,1.6882190000033006,0.0,waveform,6,,SPOT,10,450,500,4500,0.9,473606871,False,,True
0.822,450,False,0.1,0.1,,45.938695000018924,45.938695000018924,0.0,waveform,6,,GLVQ,10,450,500,4500,0.9,473606871,False,,True
0.806,450,False,0.1,0.1,,11.686197999981232,11.686197999981232,0.0,waveform,6,,GNG,10,450,500,4500,0.9,473606871,False,,True
0.716,1125,False,0.25,0.25,,0.0002710000262595713,0.0002710000262595713,0.0,waveform,6,,Full,10,4500,500,4500,0.0,473606871,True,,False
0.792,1125,False,0.25,0.25,,1.6290370000060648,1.6290370000060648,0.0,waveform,6,,RSP3,10,2546,500,4500,0.4342222222222222,473606871,True,,False
0.738,1125,False,0.25,0.25,,1.6526859999867156,1.6526859999867156,0.0,waveform,6,,RHC,10,370,500,4500,0.9177777777777778,473606871,True,,False
0.808,1125,False,0.25,0.25,,36.000879999948665,36.000879999948665,0.0,waveform,6,,SPINE+1NN,10,1125,500,4500,0.75,473606871,False,"{""admission"": {""criterion"": ""risk"", ""removed_risk"": 4, ""removed_support"": 0}, ""betti_final"": [[2, 0], [2, 0], [3, 0]], ""betti_frozen"": [[2, 0], [2, 0], [3, 0]], ""betti_nerve"": [[1, 0], [1, 0], [1, 0]], ""boundary_restriction"": ""both"", ""forced_removals"": 0, ""growth_representation_fallbacks"": 1063, ""invariant_held"": true, ""n_segments"": 1118, ""n_train_fit"": 3375, ""n_val"": 1125, ""phase0"": [{""constant_lens"": false, ""gain"": 0.25, ""lens"": ""pc1"", ""lens_scaling"": ""standardize"", ""min_cluster_size"": 16, ""min_samples"": 5, ""n_class"": 1141, ""n_edges"": 6, ""n_intervals"": 7, ""n_vertices"": 7, ""noise_reassigned"": 1311, ""placement"": ""uniform"", ""slabs"": [{""k"": 1, ""n"": 136}, {""k"": 1, ""n"": 267}, {""k"": 1, ""n"": 250}, {""k"": 1, ""n"": 242}, {""k"": 1, ""n"": 236}, {""k"": 1, ""n"": 210}, {""k"": 1, ""n"": 82}]}, {""constant_lens"": false, ""gain"": 0.25, ""lens"": ""pc1"", ""lens_scaling"": ""standardize"", ""min_cluster_size"": 16, ""min_samples"": 5, ""n_class"": 1116, ""n_edges"": 6, ""n_intervals"": 7, ""n_vertices"": 7, ""noise_reassigned"": 1242, ""placement"": ""quantile"", ""slabs"": [{""k"": 1, ""n"": 180}, {""k"": 1, ""n"": 199}, {""k"": 1, ""n"": 199}, {""k"": 1, ""n"": 200}, {""k"": 1, ""n"": 199}, {""k"": 1, ""n"": 199}, {""k"": 1, ""n"": 180}]}, {""constant_lens"": false, ""gain"": 0.25, ""lens"": ""pc1"", ""lens_scaling"": ""standardize"", ""min_cluster_size"": 16, ""min_samples"": 5, ""n_class"": 1118, ""n_edges"": 6, ""n_intervals"": 7, ""n_vertices"": 7, ""noise_reassigned"": 1286, ""placement"": ""uniform"", ""slabs"": [{""k"": 1, ""n"": 121}, {""k"": 1, ""n"": 279}, {""k"": 1, ""n"": 270}, {""k"": 1, ""n"": 255}, {""k"": 1, ""n"": 263}, {""k"": 1, ""n"": 178}, {""k"": 1, ""n"": 33}]}], ""soundness_bound_holds"": true, ""step_rule"": ""scale_free"", ""topology_retention_nerve_to_frozen"": {""beta0_frozen"": 7, ""beta0_nerve"": 3, ""beta1_frozen"": 0, ""beta1_nerve"": 0}}",True
0.8,1125,False,0.25,0.25,,36.000879999948665,36.000879999948665,0.0,waveform,6,,SPINE+Graph,10,1125,500,4500,0.75,473606871,False,"{""admission"": {""criterion"": ""risk"", ""removed_risk"": 4, ""removed_support"": 0}, ""betti_final"": [[2, 0], [2, 0], [3, 0]], ""betti_frozen"": [[2, 0], [2, 0], [3, 0]], ""betti_nerve"": [[1, 0], [1, 0], [1, 0]], ""boundary_restriction"": ""both"", ""forced_removals"": 0, ""growth_representation_fallbacks"": 1063, ""invariant_held"": true, ""n_segments"": 1118, ""n_train_fit"": 3375, ""n_val"": 1125, ""phase0"": [{""constant_lens"": false, ""gain"": 0.25, ""lens"": ""pc1"", ""lens_scaling"": ""standardize"", ""min_cluster_size"": 16, ""min_samples"": 5, ""n_class"": 1141, ""n_edges"": 6, ""n_intervals"": 7, ""n_vertices"": 7, ""noise_reassigned"": 1311, ""placement"": ""uniform"", ""slabs"": [{""k"": 1, ""n"": 136}, {""k"": 1, ""n"": 267}, {""k"": 1, ""n"": 250}, {""k"": 1, ""n"": 242}, {""k"": 1, ""n"": 236}, {""k"": 1, ""n"": 210}, {""k"": 1, ""n"": 82}]}, {""constant_lens"": false, ""gain"": 0.25, ""lens"": ""pc1"", ""lens_scaling"": ""standardize"", ""min_cluster_size"": 16, ""min_samples"": 5, ""n_class"": 1116, ""n_edges"": 6, ""n_intervals"": 7, ""n_vertices"": 7, ""noise_reassigned"": 1242, ""placement"": ""quantile"", ""slabs"": [{""k"": 1, ""n"": 180}, {""k"": 1, ""n"": 199}, {""k"": 1, ""n"": 199}, {""k"": 1, ""n"": 200}, {""k"": 1, ""n"": 199}, {""k"": 1, ""n"": 199}, {""k"": 1, ""n"": 180}]}, {""constant_lens"": false, ""gain"": 0.25, ""lens"": ""pc1"", ""lens_scaling"": ""standardize"", ""min_cluster_size"": 16, ""min_samples"": 5, ""n_class"": 1118, ""n_edges"": 6, ""n_intervals"": 7, ""n_vertices"": 7, ""noise_reassigned"": 1286, ""placement"": ""uniform"", ""slabs"": [{""k"": 1, ""n"": 121}, {""k"": 1, ""n"": 279}, {""k"": 1, ""n"": 270}, {""k"": 1, ""n"": 255}, {""k"": 1, ""n"": 263}, {""k"": 1, ""n"": 178}, {""k"": 1, ""n"": 33}]}], ""soundness_bound_holds"": true, ""step_rule"": ""scale_free"", ""topology_retention_nerve_to_frozen"": {""beta0_frozen"": 7, ""beta0_nerve"": 3, ""beta1_frozen"": 0, ""beta1_nerve"": 0}}",True
0.758,1125,False,0.25,0.25,,12.506239000009373,220.09992900001816,207.5936900000088,waveform,6,"{""epsilon"": 0.1, ""window"": 0.2}",LVQ3,10,1125,500,4500,0.75,473606871,False,,True
0.756,1125,False,0.25,0.25,"{""0"": 381, ""1"": 372, ""2"": 372}",10.157877999998163,10.157877999998163,0.0,waveform,6,,KMeans,10,1125,500,4500,0.75,473606871,False,,True
0.686,1125,False,0.25,0.25,"{""0"": 381, ""1"": 372, ""2"": 372}",0.001883000019006431,0.001883000019006431,0.0,waveform,6,,Random,10,1125,500,4500,0.75,473606871,False,,True
0.69,1125,False,0.25,0.25,,1.7332119999919087,1.7332119999919087,0.0,waveform,6,,SPOT,10,1125,500,4500,0.75,473606871,False,,True
0.828,1125,False,0.25,0.25,,110.4518129999633,110.4518129999633,0.0,waveform,6,,GLVQ,10,1125,500,4500,0.75,473606871,False,,True
0.74,1125,False,0.25,0.25,,54.75463199999649,54.75463199999649,0.0,waveform,6,,GNG,10,1125,500,4500,0.75,473606871,False,,True
0.698,23,False,0.005111111111111111,0.005,,0.0008399999933317304,0.0008399999933317304,0.0,waveform,7,,Full,10,4500,500,4500,0.0,474606874,False,,False
0.762,23,False,0.005111111111111111,0.005,,1.6188509999774396,1.6188509999774396,0.0,waveform,7,,RSP3,10,2549,500,4500,0.4335555555555556,474606874,False,,False
0.718,23,False,0.005111111111111111,0.005,,1.6353499999968335,1.6353499999968335,0.0,waveform,7,,RHC,10,377,500,4500,0.9162222222222223,474606874,False,,False
0.772,23,False,0.005111111111111111,0.005,,3.6546150000067428,3.6546150000067428,0.0,waveform,7,,SPINE+1NN,10,23,500,4500,0.9948888888888889,474606874,False,"{""admission"": {""criterion"": ""risk"", ""removed_risk"": 5, ""removed_support"": 0}, ""betti_final"": [[3, 0], [3, 0], [2, 0]], ""betti_frozen"": [[3, 0], [3, 0], [2, 0]], ""betti_nerve"": [[1, 0], [1, 0], [1, 0]], ""boundary_restriction"": ""both"", ""forced_removals"": 0, ""growth_representation_fallbacks"": 1, ""invariant_held"": true, ""n_segments"": 15, ""n_train_fit"": 3375, ""n_val"": 1125, ""phase0"": [{""constant_lens"": false, ""gain"": 0.25, ""lens"": ""pc1"", ""lens_scaling"": ""standardize"", ""min_cluster_size"": 16, ""min_samples"": 5, ""n_class"": 1142, ""n_edges"": 6, ""n_intervals"": 7, ""n_vertices"": 7, ""noise_reassigned"": 1310, ""placement"": ""uniform"", ""slabs"": [{""k"": 1, ""n"": 136}, {""k"": 1, ""n"": 271}, {""k"": 1, ""n"": 246}, {""k"": 1, ""n"": 254}, {""k"": 1, ""n"": 226}, {""k"": 1, ""n"": 205}, {""k"": 1, ""n"": 89}]}, {""constant_lens"": false, ""gain"": 0.25, ""lens"": ""pc1"", ""lens_scaling"": ""standardize"", ""min_cluster_size"": 16, ""min_samples"": 5, ""n_class"": 1115, ""n_edges"": 6, ""n_intervals"": 7, ""n_vertices"": 7, ""noise_reassigned"": 1243, ""placement"": ""quantile"", ""slabs"": [{""k"": 1, ""n"": 180}, {""k"": 1, ""n"": 199}, {""k"": 1, ""n"": 199}, {""k"": 1, ""n"": 199}, {""k"": 1, ""n"": 199}, {""k"": 1, ""n"": 199}, {""k"": 1, ""n"": 180}]}, {""constant_lens"": false, ""gain"": 0.25, ""lens"": ""pc1"", ""lens_scaling"": ""standardize"", ""min_cluster_size"": 16, ""min_samples"": 5, ""n_class"": 1118, ""n_edges"": 6, ""n_intervals"": 7, ""n_vertices"": 7, ""noise_reassigned"": 1296, ""placement"": ""uniform"", ""slabs"": [{""k"": 1, ""n"": 124}, {""k"": 1, ""n"": 271}, {""k"": 1, ""n"": 259}, {""k"": 1, ""n"": 256}, {""k"": 1, ""n"": 269}, {""k"": 1, ""n"": 189}, {""k"": 1, ""n"": 41}]}], ""soundness_bound_holds"": true, ""step_rule"": ""scale_free"", ""topology_retention_nerve_to_frozen"": {""beta0_frozen"": 8, ""beta0_nerve"": 3, ""beta1_frozen"": 0, ""beta1_nerve"": 0}}",True
0.782,23,False,0.005111111111111111,0.005,,3.6546150000067428,3.6546150000067428,0.0,waveform,7,,SPINE+Graph,10,23,500,4500,0.9948888888888889,474606874,False,"{""admission"": {""criterion"": ""risk"", ""removed_risk"": 5, ""removed_support"": 0}, ""betti_final"": [[3, 0], [3, 0], [2, 0]], ""betti_frozen"": [[3, 0], [3, 0], [2, 0]], ""betti_nerve"": [[1, 0], [1, 0], [1, 0]], ""boundary_restriction"": ""both"", ""forced_removals"": 0, ""growth_representation_fallbacks"": 1, ""invariant_held"": true, ""n_segments"": 15, ""n_train_fit"": 3375, ""n_val"": 1125, ""phase0"": [{""constant_lens"": false, ""gain"": 0.25, ""lens"": ""pc1"", ""lens_scaling"": ""standardize"", ""min_cluster_size"": 16, ""min_samples"": 5, ""n_class"": 1142, ""n_edges"": 6, ""n_intervals"": 7, ""n_vertices"": 7, ""noise_reassigned"": 1310, ""placement"": ""uniform"", ""slabs"": [{""k"": 1, ""n"": 136}, {""k"": 1, ""n"": 271}, {""k"": 1, ""n"": 246}, {""k"": 1, ""n"": 254}, {""k"": 1, ""n"": 226}, {""k"": 1, ""n"": 205}, {""k"": 1, ""n"": 89}]}, {""constant_lens"": false, ""gain"": 0.25, ""lens"": ""pc1"", ""lens_scaling"": ""standardize"", ""min_cluster_size"": 16, ""min_samples"": 5, ""n_class"": 1115, ""n_edges"": 6, ""n_intervals"": 7, ""n_vertices"": 7, ""noise_reassigned"": 1243, ""placement"": ""quantile"", ""slabs"": [{""k"": 1, ""n"": 180}, {""k"": 1, ""n"": 199}, {""k"": 1, ""n"": 199}, {""k"": 1, ""n"": 199}, {""k"": 1, ""n"": 199}, {""k"": 1, ""n"": 199}, {""k"": 1, ""n"": 180}]}, {""constant_lens"": false, ""gain"": 0.25, ""lens"": ""pc1"", ""lens_scaling"": ""standardize"", ""min_cluster_size"": 16, ""min_samples"": 5, ""n_class"": 1118, ""n_edges"": 6, ""n_intervals"": 7, ""n_vertices"": 7, ""noise_reassigned"": 1296, ""placement"": ""uniform"", ""slabs"": [{""k"": 1, ""n"": 124}, {""k"": 1, ""n"": 271}, {""k"": 1, ""n"": 259}, {""k"": 1, ""n"": 256}, {""k"": 1, ""n"": 269}, {""k"": 1, ""n"": 189}, {""k"": 1, ""n"": 41}]}], ""soundness_bound_holds"": true, ""step_rule"": ""scale_free"", ""topology_retention_nerve_to_frozen"": {""beta0_frozen"": 8, ""beta0_nerve"": 3, ""beta1_frozen"": 0, ""beta1_nerve"": 0}}",True
0.832,23,False,0.005111111111111111,0.005,,2.2445430000079796,42.73600600002101,40.49146300001303,waveform,7,"{""epsilon"": 0.3, ""window"": 0.3}",LVQ3,10,23,500,4500,0.9948888888888889,474606874,False,,True
0.772,23,False,0.005111111111111111,0.005,"{""0"": 8, ""1"": 7, ""2"": 8}",1.066653000016231,1.066653000016231,0.0,waveform,7,,KMeans,10,23,500,4500,0.9948888888888889,474606874,False,,True
0.606,23,False,0.005111111111111111,0.005,"{""0"": 8, ""1"": 7, ""2"": 8}",0.0009519999730400741,0.0009519999730400741,0.0,waveform,7,,Random,10,23,500,4500,0.9948888888888889,474606874,False,,True
0.696,23,False,0.005111111111111111,0.005,,1.522036999987904,1.522036999987904,0.0,waveform,7,,SPOT,10,23,500,4500,0.9948888888888889,474606874,False,,True
0.806,23,False,0.005111111111111111,0.005,,5.025104000000283,5.025104000000283,0.0,waveform,7,,GLVQ,10,23,500,4500,0.9948888888888889,474606874,False,,True
0.778,23,False,0.005111111111111111,0.005,,0.7686179999727756,0.7686179999727756,0.0,waveform,7,,GNG,10,23,500,4500,0.9948888888888889,474606874,False,,True
0.698,45,False,0.01,0.01,,0.0008399999933317304,0.0008399999933317304,0.0,waveform,7,,Full,10,4500,500,4500,0.0,474606874,True,,False
0.762,45,False,0.01,0.01,,1.6188509999774396,1.6188509999774396,0.0,waveform,7,,RSP3,10,2549,500,4500,0.4335555555555556,474606874,True,,False
0.718,45,False,0.01,0.01,,1.6353499999968335,1.6353499999968335,0.0,waveform,7,,RHC,10,377,500,4500,0.9162222222222223,474606874,True,,False
0.774,45,False,0.01,0.01,,4.353315999964252,4.353315999964252,0.0,waveform,7,,SPINE+1NN,10,45,500,4500,0.99,474606874,False,"{""admission"": {""criterion"": ""risk"", ""removed_risk"": 5, ""removed_support"": 0}, ""betti_final"": [[3, 0], [3, 0], [2, 0]], ""betti_frozen"": [[3, 0], [3, 0], [2, 0]], ""betti_nerve"": [[1, 0], [1, 0], [1, 0]], ""boundary_restriction"": ""both"", ""forced_removals"": 0, ""growth_representation_fallbacks"": 3, ""invariant_held"": true, ""n_segments"": 37, ""n_train_fit"": 3375, ""n_val"": 1125, ""phase0"": [{""constant_lens"": false, ""gain"": 0.25, ""lens"": ""pc1"", ""lens_scaling"": ""standardize"", ""min_cluster_size"": 16, ""min_samples"": 5, ""n_class"": 1142, ""n_edges"": 6, ""n_intervals"": 7, ""n_vertices"": 7, ""noise_reassigned"": 1310, ""placement"": ""uniform"", ""slabs"": [{""k"": 1, ""n"": 136}, {""k"": 1, ""n"": 271}, {""k"": 1, ""n"": 246}, {""k"": 1, ""n"": 254}, {""k"": 1, ""n"": 226}, {""k"": 1, ""n"": 205}, {""k"": 1, ""n"": 89}]}, {""constant_lens"": false, ""gain"": 0.25, ""lens"": ""pc1"", ""lens_scaling"": ""standardize"", ""min_cluster_size"": 16, ""min_samples"": 5, ""n_class"": 1115, ""n_edges"": 6, ""n_intervals"": 7, ""n_vertices"": 7, ""noise_reassigned"": 1243, ""placement"": ""quantile"", ""slabs"": [{""k"": 1, ""n"": 180}, {""k"": 1, ""n"": 199}, {""k"": 1, ""n"": 199}, {""k"": 1, ""n"": 199}, {""k"": 1, ""n"": 199}, {""k"": 1, ""n"": 199}, {""k"": 1, ""n"": 180}]}, {""constant_lens"": false, ""gain"": 0.25, ""lens"": ""pc1"", ""lens_scaling"": ""standardize"", ""min_cluster_size"": 16, ""min_samples"": 5, ""n_class"": 1118, ""n_edges"": 6, ""n_intervals"": 7, ""n_vertices"": 7, ""noise_reassigned"": 1296, ""placement"": ""uniform"", ""slabs"": [{""k"": 1, ""n"": 124}, {""k"": 1, ""n"": 271}, {""k"": 1, ""n"": 259}, {""k"": 1, ""n"": 256}, {""k"": 1, ""n"": 269}, {""k"": 1, ""n"": 189}, {""k"": 1, ""n"": 41}]}], ""soundness_bound_holds"": true, ""step_rule"": ""scale_free"", ""topology_retention_nerve_to_frozen"": {""beta0_frozen"": 8, ""beta0_nerve"": 3, ""beta1_frozen"": 0, ""beta1_nerve"": 0}}",True
0.786,45,False,0.01,0.01,,4.353315999964252,4.353315999964252,0.0,waveform,7,,SPINE+Graph,10,45,500,4500,0.99,474606874,False,"{""admission"": {""criterion"": ""risk"", ""removed_risk"": 5, ""removed_support"": 0}, ""betti_final"": [[3, 0], [3, 0], [2, 0]], ""betti_frozen"": [[3, 0], [3, 0], [2, 0]], ""betti_nerve"": [[1, 0], [1, 0], [1, 0]], ""boundary_restriction"": ""both"", ""forced_removals"": 0, ""growth_representation_fallbacks"": 3, ""invariant_held"": true, ""n_segments"": 37, ""n_train_fit"": 3375, ""n_val"": 1125, ""phase0"": [{""constant_lens"": false, ""gain"": 0.25, ""lens"": ""pc1"", ""lens_scaling"": ""standardize"", ""min_cluster_size"": 16, ""min_samples"": 5, ""n_class"": 1142, ""n_edges"": 6, ""n_intervals"": 7, ""n_vertices"": 7, ""noise_reassigned"": 1310, ""placement"": ""uniform"", ""slabs"": [{""k"": 1, ""n"": 136}, {""k"": 1, ""n"": 271}, {""k"": 1, ""n"": 246}, {""k"": 1, ""n"": 254}, {""k"": 1, ""n"": 226}, {""k"": 1, ""n"": 205}, {""k"": 1, ""n"": 89}]}, {""constant_lens"": false, ""gain"": 0.25, ""lens"": ""pc1"", ""lens_scaling"": ""standardize"", ""min_cluster_size"": 16, ""min_samples"": 5, ""n_class"": 1115, ""n_edges"": 6, ""n_intervals"": 7, ""n_vertices"": 7, ""noise_reassigned"": 1243, ""placement"": ""quantile"", ""slabs"": [{""k"": 1, ""n"": 180}, {""k"": 1, ""n"": 199}, {""k"": 1, ""n"": 199}, {""k"": 1, ""n"": 199}, {""k"": 1, ""n"": 199}, {""k"": 1, ""n"": 199}, {""k"": 1, ""n"": 180}]}, {""constant_lens"": false, ""gain"": 0.25, ""lens"": ""pc1"", ""lens_scaling"": ""standardize"", ""min_cluster_size"": 16, ""min_samples"": 5, ""n_class"": 1118, ""n_edges"": 6, ""n_intervals"": 7, ""n_vertices"": 7, ""noise_reassigned"": 1296, ""placement"": ""uniform"", ""slabs"": [{""k"": 1, ""n"": 124}, {""k"": 1, ""n"": 271}, {""k"": 1, ""n"": 259}, {""k"": 1, ""n"": 256}, {""k"": 1, ""n"": 269}, {""k"": 1, ""n"": 189}, {""k"": 1, ""n"": 41}]}], ""soundness_bound_holds"": true, ""step_rule"": ""scale_free"", ""topology_retention_nerve_to_frozen"": {""beta0_frozen"": 8, ""beta0_nerve"": 3, ""beta1_frozen"": 0, ""beta1_nerve"": 0}}",True
0.836,45,False,0.01,0.01,,2.3994950000196695,45.80082200001925,43.40132699999958,waveform,7,"{""epsilon"": 0.1, ""window"": 0.3}",LVQ3,10,45,500,4500,0.99,474606874,False,,True
0.772,45,False,0.01,0.01,"{""0"": 15, ""1"": 15, ""2"": 15}",1.240248000016436,1.240248000016436,0.0,waveform,7,,KMeans,10,45,500,4500,0.99,474606874,False,,True
0.636,45,False,0.01,0.01,"{""0"": 15, ""1"": 15, ""2"": 15}",0.0009800000116229057,0.0009800000116229057,0.0,waveform,7,,Random,10,45,500,4500,0.99,474606874,False,,True
0.664,45,False,0.01,0.01,,1.5685739999753423,1.5685739999753423,0.0,waveform,7,,SPOT,10,45,500,4500,0.99,474606874,False,,True
0.802,45,False,0.01,0.01,,7.1170879999990575,7.1170879999990575,0.0,waveform,7,,GLVQ,10,45,500,4500,0.99,474606874,False,,True
0.778,45,False,0.01,0.01,,1.554208000015933,1.554208000015933,0.0,waveform,7,,GNG,10,45,500,4500,0.99,474606874,False,,True
0.698,90,False,0.02,0.02,,0.0008399999933317304,0.0008399999933317304,0.0,waveform,7,,Full,10,4500,500,4500,0.0,474606874,True,,False
0.762,90,False,0.02,0.02,,1.6188509999774396,1.6188509999774396,0.0,waveform,7,,RSP3,10,2549,500,4500,0.4335555555555556,474606874,True,,False
0.718,90,False,0.02,0.02,,1.6353499999968335,1.6353499999968335,0.0,waveform,7,,RHC,10,377,500,4500,0.9162222222222223,474606874,True,,False
0.78,90,False,0.02,0.02,,4.5473609999753535,4.5473609999753535,0.0,waveform,7,,SPINE+1NN,10,90,500,4500,0.98,474606874,False,"{""admission"": {""criterion"": ""risk"", ""removed_risk"": 5, ""removed_support"": 0}, ""betti_final"": [[3, 0], [3, 0], [2, 0]], ""betti_frozen"": [[3, 0], [3, 0], [2, 0]], ""betti_nerve"": [[1, 0], [1, 0], [1, 0]], ""boundary_restriction"": ""both"", ""forced_removals"": 0, ""growth_representation_fallbacks"": 13, ""invariant_held"": true, ""n_segments"": 82, ""n_train_fit"": 3375, ""n_val"": 1125, ""phase0"": [{""constant_lens"": false, ""gain"": 0.25, ""lens"": ""pc1"", ""lens_scaling"": ""standardize"", ""min_cluster_size"": 16, ""min_samples"": 5, ""n_class"": 1142, ""n_edges"": 6, ""n_intervals"": 7, ""n_vertices"": 7, ""noise_reassigned"": 1310, ""placement"": ""uniform"", ""slabs"": [{""k"": 1, ""n"": 136}, {""k"": 1, ""n"": 271}, {""k"": 1, ""n"": 246}, {""k"": 1, ""n"": 254}, {""k"": 1, ""n"": 226}, {""k"": 1, ""n"": 205}, {""k"": 1, ""n"": 89}]}, {""constant_lens"": false, ""gain"": 0.25, ""lens"": ""pc1"", ""lens_scaling"": ""standardize"", ""min_cluster_size"": 16, ""min_samples"": 5, ""n_class"": 1115, ""n_edges"": 6, ""n_intervals"": 7, ""n_vertices"": 7, ""noise_reassigned"": 1243, ""placement"": ""quantile"", ""slabs"": [{""k"": 1, ""n"": 180}, {""k"": 1, ""n"": 199}, {""k"": 1, ""n"": 199}, {""k"": 1, ""n"": 199}, {""k"": 1, ""n"": 199}, {""k"": 1, ""n"": 199}, {""k"": 1, ""n"": 180}]}, {""constant_lens"": false, ""gain"": 0.25, ""lens"": ""pc1"", ""lens_scaling"": ""standardize"", ""min_cluster_size"": 16, ""min_samples"": 5, ""n_class"": 1118, ""n_edges"": 6, ""n_intervals"": 7, ""n_vertices"": 7, ""noise_reassigned"": 1296, ""placement"": ""uniform"", ""slabs"": [{""k"": 1, ""n"": 124}, {""k"": 1, ""n"": 271}, {""k"": 1, ""n"": 259}, {""k"": 1, ""n"": 256}, {""k"": 1, ""n"": 269}, {""k"": 1, ""n"": 189}, {""k"": 1, ""n"": 41}]}], ""soundness_bound_holds"": true, ""step_rule"": ""scale_free"", ""topology_retention_nerve_to_frozen"": {""beta0_frozen"": 8, ""beta0_nerve"": 3, ""beta1_frozen"": 0, ""beta1_nerve"": 0}}",True
0.776,90,False,0.02,0.02,,4.5473609999753535,4.5473609999753535,0.0,waveform,7,,SPINE+Graph,10,90,500,4500,0.98,474606874,False,"{""admission"": {""criterion"": ""risk"", ""removed_risk"": 5, ""removed_support"": 0}, ""betti_final"": [[3, 0], [3, 0], [2, 0]], ""betti_frozen"": [[3, 0], [3, 0], [2, 0]], ""betti_nerve"": [[1, 0], [1, 0], [1, 0]], ""boundary_restriction"": ""both"", ""forced_removals"": 0, ""growth_representation_fallbacks"": 13, ""invariant_held"": true, ""n_segments"": 82, ""n_train_fit"": 3375, ""n_val"": 1125, ""phase0"": [{""constant_lens"": false, ""gain"": 0.25, ""lens"": ""pc1"", ""lens_scaling"": ""standardize"", ""min_cluster_size"": 16, ""min_samples"": 5, ""n_class"": 1142, ""n_edges"": 6, ""n_intervals"": 7, ""n_vertices"": 7, ""noise_reassigned"": 1310, ""placement"": ""uniform"", ""slabs"": [{""k"": 1, ""n"": 136}, {""k"": 1, ""n"": 271}, {""k"": 1, ""n"": 246}, {""k"": 1, ""n"": 254}, {""k"": 1, ""n"": 226}, {""k"": 1, ""n"": 205}, {""k"": 1, ""n"": 89}]}, {""constant_lens"": false, ""gain"": 0.25, ""lens"": ""pc1"", ""lens_scaling"": ""standardize"", ""min_cluster_size"": 16, ""min_samples"": 5, ""n_class"": 1115, ""n_edges"": 6, ""n_intervals"": 7, ""n_vertices"": 7, ""noise_reassigned"": 1243, ""placement"": ""quantile"", ""slabs"": [{""k"": 1, ""n"": 180}, {""k"": 1, ""n"": 199}, {""k"": 1, ""n"": 199}, {""k"": 1, ""n"": 199}, {""k"": 1, ""n"": 199}, {""k"": 1, ""n"": 199}, {""k"": 1, ""n"": 180}]}, {""constant_lens"": false, ""gain"": 0.25, ""lens"": ""pc1"", ""lens_scaling"": ""standardize"", ""min_cluster_size"": 16, ""min_samples"": 5, ""n_class"": 1118, ""n_edges"": 6, ""n_intervals"": 7, ""n_vertices"": 7, ""noise_reassigned"": 1296, ""placement"": ""uniform"", ""slabs"": [{""k"": 1, ""n"": 124}, {""k"": 1, ""n"": 271}, {""k"": 1, ""n"": 259}, {""k"": 1, ""n"": 256}, {""k"": 1, ""n"": 269}, {""k"": 1, ""n"": 189}, {""k"": 1, ""n"": 41}]}], ""soundness_bound_holds"": true, ""step_rule"": ""scale_free"", ""topology_retention_nerve_to_frozen"": {""beta0_frozen"": 8, ""beta0_nerve"": 3, ""beta1_frozen"": 0, ""beta1_nerve"": 0}}",True
0.788,90,False,0.02,0.02,,2.9228559999610297,55.46133199991891,52.53847599995788,waveform,7,"{""epsilon"": 0.1, ""window"": 0.3}",LVQ3,10,90,500,4500,0.98,474606874,False,,True
0.76,90,False,0.02,0.02,"{""0"": 30, ""1"": 30, ""2"": 30}",2.074782999989111,2.074782999989111,0.0,waveform,7,,KMeans,10,90,500,4500,0.98,474606874,False,,True
0.652,90,False,0.02,0.02,"{""0"": 30, ""1"": 30, ""2"": 30}",0.0031139999628067017,0.0031139999628067017,0.0,waveform,7,,Random,10,90,500,4500,0.98,474606874,False,,True
0.678,90,False,0.02,0.02,,1.5929530000430532,1.5929530000430532,0.0,waveform,7,,SPOT,10,90,500,4500,0.98,474606874,False,,True
0.806,90,False,0.02,0.02,,11.422378000046592,11.422378000046592,0.0,waveform,7,,GLVQ,10,90,500,4500,0.98,474606874,False,,True
0.786,90,False,0.02,0.02,,2.0146739999763668,2.0146739999763668,0.0,waveform,7,,GNG,10,90,500,4500,0.98,474606874,False,,True
0.698,225,False,0.05,0.05,,0.0008399999933317304,0.0008399999933317304,0.0,waveform,7,,Full,10,4500,500,4500,0.0,474606874,True,,False
0.762,225,False,0.05,0.05,,1.6188509999774396,1.6188509999774396,0.0,waveform,7,,RSP3,10,2549,500,4500,0.4335555555555556,474606874,True,,False
0.718,225,False,0.05,0.05,,1.6353499999968335,1.6353499999968335,0.0,waveform,7,,RHC,10,377,500,4500,0.9162222222222223,474606874,True,,False
0.808,225,False,0.05,0.05,,5.736462000000756,5.736462000000756,0.0,waveform,7,,SPINE+1NN,10,225,500,4500,0.95,474606874,False,"{""admission"": {""criterion"": ""risk"", ""removed_risk"": 5, ""removed_support"": 0}, ""betti_final"": [[3, 0], [3, 0], [2, 0]], ""betti_frozen"": [[3, 0], [3, 0], [2, 0]], ""betti_nerve"": [[1, 0], [1, 0], [1, 0]], ""boundary_restriction"": ""both"", ""forced_removals"": 0, ""growth_representation_fallbacks"": 62, ""invariant_held"": true, ""n_segments"": 217, ""n_train_fit"": 3375, ""n_val"": 1125, ""phase0"": [{""constant_lens"": false, ""gain"": 0.25, ""lens"": ""pc1"", ""lens_scaling"": ""standardize"", ""min_cluster_size"": 16, ""min_samples"": 5, ""n_class"": 1142, ""n_edges"": 6, ""n_intervals"": 7, ""n_vertices"": 7, ""noise_reassigned"": 1310, ""placement"": ""uniform"", ""slabs"": [{""k"": 1, ""n"": 136}, {""k"": 1, ""n"": 271}, {""k"": 1, ""n"": 246}, {""k"": 1, ""n"": 254}, {""k"": 1, ""n"": 226}, {""k"": 1, ""n"": 205}, {""k"": 1, ""n"": 89}]}, {""constant_lens"": false, ""gain"": 0.25, ""lens"": ""pc1"", ""lens_scaling"": ""standardize"", ""min_cluster_size"": 16, ""min_samples"": 5, ""n_class"": 1115, ""n_edges"": 6, ""n_intervals"": 7, ""n_vertices"": 7, ""noise_reassigned"": 1243, ""placement"": ""quantile"", ""slabs"": [{""k"": 1, ""n"": 180}, {""k"": 1, ""n"": 199}, {""k"": 1, ""n"": 199}, {""k"": 1, ""n"": 199}, {""k"": 1, ""n"": 199}, {""k"": 1, ""n"": 199}, {""k"": 1, ""n"": 180}]}, {""constant_lens"": false, ""gain"": 0.25, ""lens"": ""pc1"", ""lens_scaling"": ""standardize"", ""min_cluster_size"": 16, ""min_samples"": 5, ""n_class"": 1118, ""n_edges"": 6, ""n_intervals"": 7, ""n_vertices"": 7, ""noise_reassigned"": 1296, ""placement"": ""uniform"", ""slabs"": [{""k"": 1, ""n"": 124}, {""k"": 1, ""n"": 271}, {""k"": 1, ""n"": 259}, {""k"": 1, ""n"": 256}, {""k"": 1, ""n"": 269}, {""k"": 1, ""n"": 189}, {""k"": 1, ""n"": 41}]}], ""soundness_bound_holds"": true, ""step_rule"": ""scale_free"", ""topology_retention_nerve_to_frozen"": {""beta0_frozen"": 8, ""beta0_nerve"": 3, ""beta1_frozen"": 0, ""beta1_nerve"": 0}}",True
0.822,225,False,0.05,0.05,,5.736462000000756,5.736462000000756,0.0,waveform,7,,SPINE+Graph,10,225,500,4500,0.95,474606874,False,"{""admission"": {""criterion"": ""risk"", ""removed_risk"": 5, ""removed_support"": 0}, ""betti_final"": [[3, 0], [3, 0], [2, 0]], ""betti_frozen"": [[3, 0], [3, 0], [2, 0]], ""betti_nerve"": [[1, 0], [1, 0], [1, 0]], ""boundary_restriction"": ""both"", ""forced_removals"": 0, ""growth_representation_fallbacks"": 62, ""invariant_held"": true, ""n_segments"": 217, ""n_train_fit"": 3375, ""n_val"": 1125, ""phase0"": [{""constant_lens"": false, ""gain"": 0.25, ""lens"": ""pc1"", ""lens_scaling"": ""standardize"", ""min_cluster_size"": 16, ""min_samples"": 5, ""n_class"": 1142, ""n_edges"": 6, ""n_intervals"": 7, ""n_vertices"": 7, ""noise_reassigned"": 1310, ""placement"": ""uniform"", ""slabs"": [{""k"": 1, ""n"": 136}, {""k"": 1, ""n"": 271}, {""k"": 1, ""n"": 246}, {""k"": 1, ""n"": 254}, {""k"": 1, ""n"": 226}, {""k"": 1, ""n"": 205}, {""k"": 1, ""n"": 89}]}, {""constant_lens"": false, ""gain"": 0.25, ""lens"": ""pc1"", ""lens_scaling"": ""standardize"", ""min_cluster_size"": 16, ""min_samples"": 5, ""n_class"": 1115, ""n_edges"": 6, ""n_intervals"": 7, ""n_vertices"": 7, ""noise_reassigned"": 1243, ""placement"": ""quantile"", ""slabs"": [{""k"": 1, ""n"": 180}, {""k"": 1, ""n"": 199}, {""k"": 1, ""n"": 199}, {""k"": 1, ""n"": 199}, {""k"": 1, ""n"": 199}, {""k"": 1, ""n"": 199}, {""k"": 1, ""n"": 180}]}, {""constant_lens"": false, ""gain"": 0.25, ""lens"": ""pc1"", ""lens_scaling"": ""standardize"", ""min_cluster_size"": 16, ""min_samples"": 5, ""n_class"": 1118, ""n_edges"": 6, ""n_intervals"": 7, ""n_vertices"": 7, ""noise_reassigned"": 1296, ""placement"": ""uniform"", ""slabs"": [{""k"": 1, ""n"": 124}, {""k"": 1, ""n"": 271}, {""k"": 1, ""n"": 259}, {""k"": 1, ""n"": 256}, {""k"": 1, ""n"": 269}, {""k"": 1, ""n"": 189}, {""k"": 1, ""n"": 41}]}], ""soundness_bound_holds"": true, ""step_rule"": ""scale_free"", ""topology_retention_nerve_to_frozen"": {""beta0_frozen"": 8, ""beta0_nerve"": 3, ""beta1_frozen"": 0, ""beta1_nerve"": 0}}",True
0.798,225,False,0.05,0.05,,4.170539999962784,73.66629599995213,69.49575599998934,waveform,7,"{""epsilon"": 0.1, ""window"": 0.2}",LVQ3,10,225,500,4500,0.95,474606874,False,,True
0.746,225,False,0.05,0.05,"{""0"": 76, ""1"": 74, ""2"": 75}",2.711343000002671,2.711343000002671,0.0,waveform,7,,KMeans,10,225,500,4500,0.95,474606874,False,,True
0.602,225,False,0.05,0.05,"{""0"": 76, ""1"": 74, ""2"": 75}",0.0011700000031851232,0.0011700000031851232,0.0,waveform,7,,Random,10,225,500,4500,0.95,474606874,False,,True
0.678,225,False,0.05,0.05,,1.0958259999752045,1.0958259999752045,0.0,waveform,7,,SPOT,10,225,500,4500,0.95,474606874,False,,True
0.802,225,False,0.05,0.05,,23.268725999980234,23.268725999980234,0.0,waveform,7,,GLVQ,10,225,500,4500,0.95,474606874,False,,True
0.782,225,False,0.05,0.05,,4.3092690000194125,4.3092690000194125,0.0,waveform,7,,GNG,10,225,500,4500,0.95,474606874,False,,True
0.698,450,False,0.1,0.1,,0.0008399999933317304,0.0008399999933317304,0.0,waveform,7,,Full,10,4500,500,4500,0.0,474606874,True,,False
0.762,450,False,0.1,0.1,,1.6188509999774396,1.6188509999774396,0.0,waveform,7,,RSP3,10,2549,500,4500,0.4335555555555556,474606874,True,,False
0.718,450,False,0.1,0.1,,1.6353499999968335,1.6353499999968335,0.0,waveform,7,,RHC,10,377,500,4500,0.9162222222222223,474606874,True,,False
0.83,450,False,0.1,0.1,,9.496021999977529,9.496021999977529,0.0,waveform,7,,SPINE+1NN,10,450,500,4500,0.9,474606874,False,"{""admission"": {""criterion"": ""risk"", ""removed_risk"": 5, ""removed_support"": 0}, ""betti_final"": [[3, 0], [3, 0], [2, 0]], ""betti_frozen"": [[3, 0], [3, 0], [2, 0]], ""betti_nerve"": [[1, 0], [1, 0], [1, 0]], ""boundary_restriction"": ""both"", ""forced_removals"": 0, ""growth_representation_fallbacks"": 284, ""invariant_held"": true, ""n_segments"": 442, ""n_train_fit"": 3375, ""n_val"": 1125, ""phase0"": [{""constant_lens"": false, ""gain"": 0.25, ""lens"": ""pc1"", ""lens_scaling"": ""standardize"", ""min_cluster_size"": 16, ""min_samples"": 5, ""n_class"": 1142, ""n_edges"": 6, ""n_intervals"": 7, ""n_vertices"": 7, ""noise_reassigned"": 1310, ""placement"": ""uniform"", ""slabs"": [{""k"": 1, ""n"": 136}, {""k"": 1, ""n"": 271}, {""k"": 1, ""n"": 246}, {""k"": 1, ""n"": 254}, {""k"": 1, ""n"": 226}, {""k"": 1, ""n"": 205}, {""k"": 1, ""n"": 89}]}, {""constant_lens"": false, ""gain"": 0.25, ""lens"": ""pc1"", ""lens_scaling"": ""standardize"", ""min_cluster_size"": 16, ""min_samples"": 5, ""n_class"": 1115, ""n_edges"": 6, ""n_intervals"": 7, ""n_vertices"": 7, ""noise_reassigned"": 1243, ""placement"": ""quantile"", ""slabs"": [{""k"": 1, ""n"": 180}, {""k"": 1, ""n"": 199}, {""k"": 1, ""n"": 199}, {""k"": 1, ""n"": 199}, {""k"": 1, ""n"": 199}, {""k"": 1, ""n"": 199}, {""k"": 1, ""n"": 180}]}, {""constant_lens"": false, ""gain"": 0.25, ""lens"": ""pc1"", ""lens_scaling"": ""standardize"", ""min_cluster_size"": 16, ""min_samples"": 5, ""n_class"": 1118, ""n_edges"": 6, ""n_intervals"": 7, ""n_vertices"": 7, ""noise_reassigned"": 1296, ""placement"": ""uniform"", ""slabs"": [{""k"": 1, ""n"": 124}, {""k"": 1, ""n"": 271}, {""k"": 1, ""n"": 259}, {""k"": 1, ""n"": 256}, {""k"": 1, ""n"": 269}, {""k"": 1, ""n"": 189}, {""k"": 1, ""n"": 41}]}], ""soundness_bound_holds"": true, ""step_rule"": ""scale_free"", ""topology_retention_nerve_to_frozen"": {""beta0_frozen"": 8, ""beta0_nerve"": 3, ""beta1_frozen"": 0, ""beta1_nerve"": 0}}",True
0.814,450,False,0.1,0.1,,9.496021999977529,9.496021999977529,0.0,waveform,7,,SPINE+Graph,10,450,500,4500,0.9,474606874,False,"{""admission"": {""criterion"": ""risk"", ""removed_risk"": 5, ""removed_support"": 0}, ""betti_final"": [[3, 0], [3, 0], [2, 0]], ""betti_frozen"": [[3, 0], [3, 0], [2, 0]], ""betti_nerve"": [[1, 0], [1, 0], [1, 0]], ""boundary_restriction"": ""both"", ""forced_removals"": 0, ""growth_representation_fallbacks"": 284, ""invariant_held"": true, ""n_segments"": 442, ""n_train_fit"": 3375, ""n_val"": 1125, ""phase0"": [{""constant_lens"": false, ""gain"": 0.25, ""lens"": ""pc1"", ""lens_scaling"": ""standardize"", ""min_cluster_size"": 16, ""min_samples"": 5, ""n_class"": 1142, ""n_edges"": 6, ""n_intervals"": 7, ""n_vertices"": 7, ""noise_reassigned"": 1310, ""placement"": ""uniform"", ""slabs"": [{""k"": 1, ""n"": 136}, {""k"": 1, ""n"": 271}, {""k"": 1, ""n"": 246}, {""k"": 1, ""n"": 254}, {""k"": 1, ""n"": 226}, {""k"": 1, ""n"": 205}, {""k"": 1, ""n"": 89}]}, {""constant_lens"": false, ""gain"": 0.25, ""lens"": ""pc1"", ""lens_scaling"": ""standardize"", ""min_cluster_size"": 16, ""min_samples"": 5, ""n_class"": 1115, ""n_edges"": 6, ""n_intervals"": 7, ""n_vertices"": 7, ""noise_reassigned"": 1243, ""placement"": ""quantile"", ""slabs"": [{""k"": 1, ""n"": 180}, {""k"": 1, ""n"": 199}, {""k"": 1, ""n"": 199}, {""k"": 1, ""n"": 199}, {""k"": 1, ""n"": 199}, {""k"": 1, ""n"": 199}, {""k"": 1, ""n"": 180}]}, {""constant_lens"": false, ""gain"": 0.25, ""lens"": ""pc1"", ""lens_scaling"": ""standardize"", ""min_cluster_size"": 16, ""min_samples"": 5, ""n_class"": 1118, ""n_edges"": 6, ""n_intervals"": 7, ""n_vertices"": 7, ""noise_reassigned"": 1296, ""placement"": ""uniform"", ""slabs"": [{""k"": 1, ""n"": 124}, {""k"": 1, ""n"": 271}, {""k"": 1, ""n"": 259}, {""k"": 1, ""n"": 256}, {""k"": 1, ""n"": 269}, {""k"": 1, ""n"": 189}, {""k"": 1, ""n"": 41}]}], ""soundness_bound_holds"": true, ""step_rule"": ""scale_free"", ""topology_retention_nerve_to_frozen"": {""beta0_frozen"": 8, ""beta0_nerve"": 3, ""beta1_frozen"": 0, ""beta1_nerve"": 0}}",True
0.752,450,False,0.1,0.1,,5.631778999988455,101.23126699996646,95.59948799997801,waveform,7,"{""epsilon"": 0.3, ""window"": 0.2}",LVQ3,10,450,500,4500,0.9,474606874,False,,True
0.756,450,False,0.1,0.1,"{""0"": 152, ""1"": 149, ""2"": 149}",4.3309230000013486,4.3309230000013486,0.0,waveform,7,,KMeans,10,450,500,4500,0.9,474606874,False,,True
0.658,450,False,0.1,0.1,"{""0"": 152, ""1"": 149, ""2"": 149}",0.0014940000255592167,0.0014940000255592167,0.0,waveform,7,,Random,10,450,500,4500,0.9,474606874,False,,True
0.688,450,False,0.1,0.1,,1.711726000008639,1.711726000008639,0.0,waveform,7,,SPOT,10,450,500,4500,0.9,474606874,False,,True
0.812,450,False,0.1,0.1,,46.109626999998,46.109626999998,0.0,waveform,7,,GLVQ,10,450,500,4500,0.9,474606874,False,,True
0.758,450,False,0.1,0.1,,11.281893000006676,11.281893000006676,0.0,waveform,7,,GNG,10,450,500,4500,0.9,474606874,False,,True
0.698,1125,False,0.25,0.25,,0.0008399999933317304,0.0008399999933317304,0.0,waveform,7,,Full,10,4500,500,4500,0.0,474606874,True,,False
0.762,1125,False,0.25,0.25,,1.6188509999774396,1.6188509999774396,0.0,waveform,7,,RSP3,10,2549,500,4500,0.4335555555555556,474606874,True,,False
0.718,1125,False,0.25,0.25,,1.6353499999968335,1.6353499999968335,0.0,waveform,7,,RHC,10,377,500,4500,0.9162222222222223,474606874,True,,False
0.8,1125,False,0.25,0.25,,35.8069929999765,35.8069929999765,0.0,waveform,7,,SPINE+1NN,10,1125,500,4500,0.75,474606874,False,"{""admission"": {""criterion"": ""risk"", ""removed_risk"": 5, ""removed_support"": 0}, ""betti_final"": [[3, 0], [3, 0], [2, 0]], ""betti_frozen"": [[3, 0], [3, 0], [2, 0]], ""betti_nerve"": [[1, 0], [1, 0], [1, 0]], ""boundary_restriction"": ""both"", ""forced_removals"": 0, ""growth_representation_fallbacks"": 1052, ""invariant_held"": true, ""n_segments"": 1117, ""n_train_fit"": 3375, ""n_val"": 1125, ""phase0"": [{""constant_lens"": false, ""gain"": 0.25, ""lens"": ""pc1"", ""lens_scaling"": ""standardize"", ""min_cluster_size"": 16, ""min_samples"": 5, ""n_class"": 1142, ""n_edges"": 6, ""n_intervals"": 7, ""n_vertices"": 7, ""noise_reassigned"": 1310, ""placement"": ""uniform"", ""slabs"": [{""k"": 1, ""n"": 136}, {""k"": 1, ""n"": 271}, {""k"": 1, ""n"": 246}, {""k"": 1, ""n"": 254}, {""k"": 1, ""n"": 226}, {""k"": 1, ""n"": 205}, {""k"": 1, ""n"": 89}]}, {""constant_lens"": false, ""gain"": 0.25, ""lens"": ""pc1"", ""lens_scaling"": ""standardize"", ""min_cluster_size"": 16, ""min_samples"": 5, ""n_class"": 1115, ""n_edges"": 6, ""n_intervals"": 7, ""n_vertices"": 7, ""noise_reassigned"": 1243, ""placement"": ""quantile"", ""slabs"": [{""k"": 1, ""n"": 180}, {""k"": 1, ""n"": 199}, {""k"": 1, ""n"": 199}, {""k"": 1, ""n"": 199}, {""k"": 1, ""n"": 199}, {""k"": 1, ""n"": 199}, {""k"": 1, ""n"": 180}]}, {""constant_lens"": false, ""gain"": 0.25, ""lens"": ""pc1"", ""lens_scaling"": ""standardize"", ""min_cluster_size"": 16, ""min_samples"": 5, ""n_class"": 1118, ""n_edges"": 6, ""n_intervals"": 7, ""n_vertices"": 7, ""noise_reassigned"": 1296, ""placement"": ""uniform"", ""slabs"": [{""k"": 1, ""n"": 124}, {""k"": 1, ""n"": 271}, {""k"": 1, ""n"": 259}, {""k"": 1, ""n"": 256}, {""k"": 1, ""n"": 269}, {""k"": 1, ""n"": 189}, {""k"": 1, ""n"": 41}]}], ""soundness_bound_holds"": true, ""step_rule"": ""scale_free"", ""topology_retention_nerve_to_frozen"": {""beta0_frozen"": 8, ""beta0_nerve"": 3, ""beta1_frozen"": 0, ""beta1_nerve"": 0}}",True
0.8,1125,False,0.25,0.25,,35.8069929999765,35.8069929999765,0.0,waveform,7,,SPINE+Graph,10,1125,500,4500,0.75,474606874,False,"{""admission"": {""criterion"": ""risk"", ""removed_risk"": 5, ""removed_support"": 0}, ""betti_final"": [[3, 0], [3, 0], [2, 0]], ""betti_frozen"": [[3, 0], [3, 0], [2, 0]], ""betti_nerve"": [[1, 0], [1, 0], [1, 0]], ""boundary_restriction"": ""both"", ""forced_removals"": 0, ""growth_representation_fallbacks"": 1052, ""invariant_held"": true, ""n_segments"": 1117, ""n_train_fit"": 3375, ""n_val"": 1125, ""phase0"": [{""constant_lens"": false, ""gain"": 0.25, ""lens"": ""pc1"", ""lens_scaling"": ""standardize"", ""min_cluster_size"": 16, ""min_samples"": 5, ""n_class"": 1142, ""n_edges"": 6, ""n_intervals"": 7, ""n_vertices"": 7, ""noise_reassigned"": 1310, ""placement"": ""uniform"", ""slabs"": [{""k"": 1, ""n"": 136}, {""k"": 1, ""n"": 271}, {""k"": 1, ""n"": 246}, {""k"": 1, ""n"": 254}, {""k"": 1, ""n"": 226}, {""k"": 1, ""n"": 205}, {""k"": 1, ""n"": 89}]}, {""constant_lens"": false, ""gain"": 0.25, ""lens"": ""pc1"", ""lens_scaling"": ""standardize"", ""min_cluster_size"": 16, ""min_samples"": 5, ""n_class"": 1115, ""n_edges"": 6, ""n_intervals"": 7, ""n_vertices"": 7, ""noise_reassigned"": 1243, ""placement"": ""quantile"", ""slabs"": [{""k"": 1, ""n"": 180}, {""k"": 1, ""n"": 199}, {""k"": 1, ""n"": 199}, {""k"": 1, ""n"": 199}, {""k"": 1, ""n"": 199}, {""k"": 1, ""n"": 199}, {""k"": 1, ""n"": 180}]}, {""constant_lens"": false, ""gain"": 0.25, ""lens"": ""pc1"", ""lens_scaling"": ""standardize"", ""min_cluster_size"": 16, ""min_samples"": 5, ""n_class"": 1118, ""n_edges"": 6, ""n_intervals"": 7, ""n_vertices"": 7, ""noise_reassigned"": 1296, ""placement"": ""uniform"", ""slabs"": [{""k"": 1, ""n"": 124}, {""k"": 1, ""n"": 271}, {""k"": 1, ""n"": 259}, {""k"": 1, ""n"": 256}, {""k"": 1, ""n"": 269}, {""k"": 1, ""n"": 189}, {""k"": 1, ""n"": 41}]}], ""soundness_bound_holds"": true, ""step_rule"": ""scale_free"", ""topology_retention_nerve_to_frozen"": {""beta0_frozen"": 8, ""beta0_nerve"": 3, ""beta1_frozen"": 0, ""beta1_nerve"": 0}}",True
0.756,1125,False,0.25,0.25,,12.481790999998339,219.2371329999878,206.75534199998947,waveform,7,"{""epsilon"": 0.3, ""window"": 0.2}",LVQ3,10,1125,500,4500,0.75,474606874,False,,True
0.724,1125,False,0.25,0.25,"{""0"": 381, ""1"": 372, ""2"": 372}",10.952832999988459,10.952832999988459,0.0,waveform,7,,KMeans,10,1125,500,4500,0.75,474606874,False,,True
0.704,1125,False,0.25,0.25,"{""0"": 381, ""1"": 372, ""2"": 372}",0.0019529999699443579,0.0019529999699443579,0.0,waveform,7,,Random,10,1125,500,4500,0.75,474606874,False,,True
0.698,1125,False,0.25,0.25,,1.744165999989491,1.744165999989491,0.0,waveform,7,,SPOT,10,1125,500,4500,0.75,474606874,False,,True
0.808,1125,False,0.25,0.25,,110.36624200001825,110.36624200001825,0.0,waveform,7,,GLVQ,10,1125,500,4500,0.75,474606874,False,,True
0.764,1125,False,0.25,0.25,,54.99014300003182,54.99014300003182,0.0,waveform,7,,GNG,10,1125,500,4500,0.75,474606874,False,,True
0.718,23,False,0.005111111111111111,0.005,,0.0006649999995715916,0.0006649999995715916,0.0,waveform,8,,Full,10,4500,500,4500,0.0,475606877,False,,False
0.744,23,False,0.005111111111111111,0.005,,1.5980979999876581,1.5980979999876581,0.0,waveform,8,,RSP3,10,2557,500,4500,0.4317777777777778,475606877,False,,False
0.73,23,False,0.005111111111111111,0.005,,1.6429309999803081,1.6429309999803081,0.0,waveform,8,,RHC,10,389,500,4500,0.9135555555555556,475606877,False,,False
0.804,23,False,0.005111111111111111,0.005,,3.603493000031449,3.603493000031449,0.0,waveform,8,,SPINE+1NN,10,23,500,4500,0.9948888888888889,475606877,False,"{""admission"": {""criterion"": ""risk"", ""removed_risk"": 5, ""removed_support"": 0}, ""betti_final"": [[3, 0], [3, 0], [2, 0]], ""betti_frozen"": [[3, 0], [3, 0], [2, 0]], ""betti_nerve"": [[1, 0], [1, 0], [1, 0]], ""boundary_restriction"": ""both"", ""forced_removals"": 0, ""growth_representation_fallbacks"": 0, ""invariant_held"": true, ""n_segments"": 15, ""n_train_fit"": 3375, ""n_val"": 1125, ""phase0"": [{""constant_lens"": false, ""gain"": 0.25, ""lens"": ""pc1"", ""lens_scaling"": ""standardize"", ""min_cluster_size"": 16, ""min_samples"": 5, ""n_class"": 1142, ""n_edges"": 6, ""n_intervals"": 7, ""n_vertices"": 7, ""noise_reassigned"": 1326, ""placement"": ""uniform"", ""slabs"": [{""k"": 1, ""n"": 137}, {""k"": 1, ""n"": 276}, {""k"": 1, ""n"": 248}, {""k"": 1, ""n"": 252}, {""k"": 1, ""n"": 241}, {""k"": 1, ""n"": 211}, {""k"": 1, ""n"": 74}]}, {""constant_lens"": false, ""gain"": 0.25, ""lens"": ""pc1"", ""lens_scaling"": ""standardize"", ""min_cluster_size"": 16, ""min_samples"": 5, ""n_class"": 1115, ""n_edges"": 6, ""n_intervals"": 7, ""n_vertices"": 7, ""noise_reassigned"": 1294, ""placement"": ""uniform"", ""slabs"": [{""k"": 1, ""n"": 83}, {""k"": 1, ""n"": 241}, {""k"": 1, ""n"": 282}, {""k"": 1, ""n"": 286}, {""k"": 1, ""n"": 249}, {""k"": 1, ""n"": 198}, {""k"": 1, ""n"": 68}]}, {""constant_lens"": false, ""gain"": 0.25, ""lens"": ""pc1"", ""lens_scaling"": ""standardize"", ""min_cluster_size"": 16, ""min_samples"": 5, ""n_class"": 1118, ""n_edges"": 6, ""n_intervals"": 7, ""n_vertices"": 7, ""noise_reassigned"": 1286, ""placement"": ""uniform"", ""slabs"": [{""k"": 1, ""n"": 109}, {""k"": 1, ""n"": 265}, {""k"": 1, ""n"": 262}, {""k"": 1, ""n"": 272}, {""k"": 1, ""n"": 268}, {""k"": 1, ""n"": 188}, {""k"": 1, ""n"": 35}]}], ""soundness_bound_holds"": true, ""step_rule"": ""scale_free"", ""topology_retention_nerve_to_frozen"": {""beta0_frozen"": 8, ""beta0_nerve"": 3, ""beta1_frozen"": 0, ""beta1_nerve"": 0}}",True
0.808,23,False,0.005111111111111111,0.005,,3.603493000031449,3.603493000031449,0.0,waveform,8,,SPINE+Graph,10,23,500,4500,0.9948888888888889,475606877,False,"{""admission"": {""criterion"": ""risk"", ""removed_risk"": 5, ""removed_support"": 0}, ""betti_final"": [[3, 0], [3, 0], [2, 0]], ""betti_frozen"": [[3, 0], [3, 0], [2, 0]], ""betti_nerve"": [[1, 0], [1, 0], [1, 0]], ""boundary_restriction"": ""both"", ""forced_removals"": 0, ""growth_representation_fallbacks"": 0, ""invariant_held"": true, ""n_segments"": 15, ""n_train_fit"": 3375, ""n_val"": 1125, ""phase0"": [{""constant_lens"": false, ""gain"": 0.25, ""lens"": ""pc1"", ""lens_scaling"": ""standardize"", ""min_cluster_size"": 16, ""min_samples"": 5, ""n_class"": 1142, ""n_edges"": 6, ""n_intervals"": 7, ""n_vertices"": 7, ""noise_reassigned"": 1326, ""placement"": ""uniform"", ""slabs"": [{""k"": 1, ""n"": 137}, {""k"": 1, ""n"": 276}, {""k"": 1, ""n"": 248}, {""k"": 1, ""n"": 252}, {""k"": 1, ""n"": 241}, {""k"": 1, ""n"": 211}, {""k"": 1, ""n"": 74}]}, {""constant_lens"": false, ""gain"": 0.25, ""lens"": ""pc1"", ""lens_scaling"": ""standardize"", ""min_cluster_size"": 16, ""min_samples"": 5, ""n_class"": 1115, ""n_edges"": 6, ""n_intervals"": 7, ""n_vertices"": 7, ""noise_reassigned"": 1294, ""placement"": ""uniform"", ""slabs"": [{""k"": 1, ""n"": 83}, {""k"": 1, ""n"": 241}, {""k"": 1, ""n"": 282}, {""k"": 1, ""n"": 286}, {""k"": 1, ""n"": 249}, {""k"": 1, ""n"": 198}, {""k"": 1, ""n"": 68}]}, {""constant_lens"": false, ""gain"": 0.25, ""lens"": ""pc1"", ""lens_scaling"": ""standardize"", ""min_cluster_size"": 16, ""min_samples"": 5, ""n_class"": 1118, ""n_edges"": 6, ""n_intervals"": 7, ""n_vertices"": 7, ""noise_reassigned"": 1286, ""placement"": ""uniform"", ""slabs"": [{""k"": 1, ""n"": 109}, {""k"": 1, ""n"": 265}, {""k"": 1, ""n"": 262}, {""k"": 1, ""n"": 272}, {""k"": 1, ""n"": 268}, {""k"": 1, ""n"": 188}, {""k"": 1, ""n"": 35}]}], ""soundness_bound_holds"": true, ""step_rule"": ""scale_free"", ""topology_retention_nerve_to_frozen"": {""beta0_frozen"": 8, ""beta0_nerve"": 3, ""beta1_frozen"": 0, ""beta1_nerve"": 0}}",True
0.86,23,False,0.005111111111111111,0.005,,2.0171819999814034,41.50185599998804,39.484674000006635,waveform,8,"{""epsilon"": 0.3, ""window"": 0.2}",LVQ3,10,23,500,4500,0.9948888888888889,475606877,False,,True
0.82,23,False,0.005111111111111111,0.005,"{""0"": 8, ""1"": 7, ""2"": 8}",0.9121969999978319,0.9121969999978319,0.0,waveform,8,,KMeans,10,23,500,4500,0.9948888888888889,475606877,False,,True
0.618,23,False,0.005111111111111111,0.005,"{""0"": 8, ""1"": 7, ""2"": 8}",0.0010400000028312206,0.0010400000028312206,0.0,waveform,8,,Random,10,23,500,4500,0.9948888888888889,475606877,False,,True
0.68,23,False,0.005111111111111111,0.005,,1.4555190000100993,1.4555190000100993,0.0,waveform,8,,SPOT,10,23,500,4500,0.9948888888888889,475606877,False,,True
0.826,23,False,0.005111111111111111,0.005,,5.013592000002973,5.013592000002973,0.0,waveform,8,,GLVQ,10,23,500,4500,0.9948888888888889,475606877,False,,True
0.804,23,False,0.005111111111111111,0.005,,0.7459239999880083,0.7459239999880083,0.0,waveform,8,,GNG,10,23,500,4500,0.9948888888888889,475606877,False,,True
0.718,45,False,0.01,0.01,,0.0006649999995715916,0.0006649999995715916,0.0,waveform,8,,Full,10,4500,500,4500,0.0,475606877,True,,False
0.744,45,False,0.01,0.01,,1.5980979999876581,1.5980979999876581,0.0,waveform,8,,RSP3,10,2557,500,4500,0.4317777777777778,475606877,True,,False
0.73,45,False,0.01,0.01,,1.6429309999803081,1.6429309999803081,0.0,waveform,8,,RHC,10,389,500,4500,0.9135555555555556,475606877,True,,False
0.806,45,False,0.01,0.01,,4.321782000013627,4.321782000013627,0.0,waveform,8,,SPINE+1NN,10,45,500,4500,0.99,475606877,False,"{""admission"": {""criterion"": ""risk"", ""removed_risk"": 5, ""removed_support"": 0}, ""betti_final"": [[3, 0], [3, 0], [2, 0]], ""betti_frozen"": [[3, 0], [3, 0], [2, 0]], ""betti_nerve"": [[1, 0], [1, 0], [1, 0]], ""boundary_restriction"": ""both"", ""forced_removals"": 0, ""growth_representation_fallbacks"": 2, ""invariant_held"": true, ""n_segments"": 37, ""n_train_fit"": 3375, ""n_val"": 1125, ""phase0"": [{""constant_lens"": false, ""gain"": 0.25, ""lens"": ""pc1"", ""lens_scaling"": ""standardize"", ""min_cluster_size"": 16, ""min_samples"": 5, ""n_class"": 1142, ""n_edges"": 6, ""n_intervals"": 7, ""n_vertices"": 7, ""noise_reassigned"": 1326, ""placement"": ""uniform"", ""slabs"": [{""k"": 1, ""n"": 137}, {""k"": 1, ""n"": 276}, {""k"": 1, ""n"": 248}, {""k"": 1, ""n"": 252}, {""k"": 1, ""n"": 241}, {""k"": 1, ""n"": 211}, {""k"": 1, ""n"": 74}]}, {""constant_lens"": false, ""gain"": 0.25, ""lens"": ""pc1"", ""lens_scaling"": ""standardize"", ""min_cluster_size"": 16, ""min_samples"": 5, ""n_class"": 1115, ""n_edges"": 6, ""n_intervals"": 7, ""n_vertices"": 7, ""noise_reassigned"": 1294, ""placement"": ""uniform"", ""slabs"": [{""k"": 1, ""n"": 83}, {""k"": 1, ""n"": 241}, {""k"": 1, ""n"": 282}, {""k"": 1, ""n"": 286}, {""k"": 1, ""n"": 249}, {""k"": 1, ""n"": 198}, {""k"": 1, ""n"": 68}]}, {""constant_lens"": false, ""gain"": 0.25, ""lens"": ""pc1"", ""lens_scaling"": ""standardize"", ""min_cluster_size"": 16, ""min_samples"": 5, ""n_class"": 1118, ""n_edges"": 6, ""n_intervals"": 7, ""n_vertices"": 7, ""noise_reassigned"": 1286, ""placement"": ""uniform"", ""slabs"": [{""k"": 1, ""n"": 109}, {""k"": 1, ""n"": 265}, {""k"": 1, ""n"": 262}, {""k"": 1, ""n"": 272}, {""k"": 1, ""n"": 268}, {""k"": 1, ""n"": 188}, {""k"": 1, ""n"": 35}]}], ""soundness_bound_holds"": true, ""step_rule"": ""scale_free"", ""topology_retention_nerve_to_frozen"": {""beta0_frozen"": 8, ""beta0_nerve"": 3, ""beta1_frozen"": 0, ""beta1_nerve"": 0}}",True
0.804,45,False,0.01,0.01,,4.321782000013627,4.321782000013627,0.0,waveform,8,,SPINE+Graph,10,45,500,4500,0.99,475606877,False,"{""admission"": {""criterion"": ""risk"", ""removed_risk"": 5, ""removed_support"": 0}, ""betti_final"": [[3, 0], [3, 0], [2, 0]], ""betti_frozen"": [[3, 0], [3, 0], [2, 0]], ""betti_nerve"": [[1, 0], [1, 0], [1, 0]], ""boundary_restriction"": ""both"", ""forced_removals"": 0, ""growth_representation_fallbacks"": 2, ""invariant_held"": true, ""n_segments"": 37, ""n_train_fit"": 3375, ""n_val"": 1125, ""phase0"": [{""constant_lens"": false, ""gain"": 0.25, ""lens"": ""pc1"", ""lens_scaling"": ""standardize"", ""min_cluster_size"": 16, ""min_samples"": 5, ""n_class"": 1142, ""n_edges"": 6, ""n_intervals"": 7, ""n_vertices"": 7, ""noise_reassigned"": 1326, ""placement"": ""uniform"", ""slabs"": [{""k"": 1, ""n"": 137}, {""k"": 1, ""n"": 276}, {""k"": 1, ""n"": 248}, {""k"": 1, ""n"": 252}, {""k"": 1, ""n"": 241}, {""k"": 1, ""n"": 211}, {""k"": 1, ""n"": 74}]}, {""constant_lens"": false, ""gain"": 0.25, ""lens"": ""pc1"", ""lens_scaling"": ""standardize"", ""min_cluster_size"": 16, ""min_samples"": 5, ""n_class"": 1115, ""n_edges"": 6, ""n_intervals"": 7, ""n_vertices"": 7, ""noise_reassigned"": 1294, ""placement"": ""uniform"", ""slabs"": [{""k"": 1, ""n"": 83}, {""k"": 1, ""n"": 241}, {""k"": 1, ""n"": 282}, {""k"": 1, ""n"": 286}, {""k"": 1, ""n"": 249}, {""k"": 1, ""n"": 198}, {""k"": 1, ""n"": 68}]}, {""constant_lens"": false, ""gain"": 0.25, ""lens"": ""pc1"", ""lens_scaling"": ""standardize"", ""min_cluster_size"": 16, ""min_samples"": 5, ""n_class"": 1118, ""n_edges"": 6, ""n_intervals"": 7, ""n_vertices"": 7, ""noise_reassigned"": 1286, ""placement"": ""uniform"", ""slabs"": [{""k"": 1, ""n"": 109}, {""k"": 1, ""n"": 265}, {""k"": 1, ""n"": 262}, {""k"": 1, ""n"": 272}, {""k"": 1, ""n"": 268}, {""k"": 1, ""n"": 188}, {""k"": 1, ""n"": 35}]}], ""soundness_bound_holds"": true, ""step_rule"": ""scale_free"", ""topology_retention_nerve_to_frozen"": {""beta0_frozen"": 8, ""beta0_nerve"": 3, ""beta1_frozen"": 0, ""beta1_nerve"": 0}}",True
0.82,45,False,0.01,0.01,,1.9587719999835826,45.44580799998948,43.4870360000059,waveform,8,"{""epsilon"": 0.3, ""window"": 0.3}",LVQ3,10,45,500,4500,0.99,475606877,False,,True
0.782,45,False,0.01,0.01,"{""0"": 15, ""1"": 15, ""2"": 15}",1.291261000034865,1.291261000034865,0.0,waveform,8,,KMeans,10,45,500,4500,0.99,475606877,False,,True
0.606,45,False,0.01,0.01,"{""0"": 15, ""1"": 15, ""2"": 15}",0.0007149999728426337,0.0007149999728426337,0.0,waveform,8,,Random,10,45,500,4500,0.99,475606877,False,,True
0.692,45,False,0.01,0.01,,1.1089669999782927,1.1089669999782927,0.0,waveform,8,,SPOT,10,45,500,4500,0.99,475606877,False,,True
0.824,45,False,0.01,0.01,,6.548999999999069,6.548999999999069,0.0,waveform,8,,GLVQ,10,45,500,4500,0.99,475606877,False,,True
0.782,45,False,0.01,0.01,,1.5961450000177138,1.5961450000177138,0.0,waveform,8,,GNG,10,45,500,4500,0.99,475606877,False,,True
0.718,90,False,0.02,0.02,,0.0006649999995715916,0.0006649999995715916,0.0,waveform,8,,Full,10,4500,500,4500,0.0,475606877,True,,False
0.744,90,False,0.02,0.02,,1.5980979999876581,1.5980979999876581,0.0,waveform,8,,RSP3,10,2557,500,4500,0.4317777777777778,475606877,True,,False
0.73,90,False,0.02,0.02,,1.6429309999803081,1.6429309999803081,0.0,waveform,8,,RHC,10,389,500,4500,0.9135555555555556,475606877,True,,False
0.794,90,False,0.02,0.02,,4.627099999983329,4.627099999983329,0.0,waveform,8,,SPINE+1NN,10,90,500,4500,0.98,475606877,False,"{""admission"": {""criterion"": ""risk"", ""removed_risk"": 5, ""removed_support"": 0}, ""betti_final"": [[3, 0], [3, 0], [2, 0]], ""betti_frozen"": [[3, 0], [3, 0], [2, 0]], ""betti_nerve"": [[1, 0], [1, 0], [1, 0]], ""boundary_restriction"": ""both"", ""forced_removals"": 0, ""growth_representation_fallbacks"": 8, ""invariant_held"": true, ""n_segments"": 82, ""n_train_fit"": 3375, ""n_val"": 1125, ""phase0"": [{""constant_lens"": false, ""gain"": 0.25, ""lens"": ""pc1"", ""lens_scaling"": ""standardize"", ""min_cluster_size"": 16, ""min_samples"": 5, ""n_class"": 1142, ""n_edges"": 6, ""n_intervals"": 7, ""n_vertices"": 7, ""noise_reassigned"": 1326, ""placement"": ""uniform"", ""slabs"": [{""k"": 1, ""n"": 137}, {""k"": 1, ""n"": 276}, {""k"": 1, ""n"": 248}, {""k"": 1, ""n"": 252}, {""k"": 1, ""n"": 241}, {""k"": 1, ""n"": 211}, {""k"": 1, ""n"": 74}]}, {""constant_lens"": false, ""gain"": 0.25, ""lens"": ""pc1"", ""lens_scaling"": ""standardize"", ""min_cluster_size"": 16, ""min_samples"": 5, ""n_class"": 1115, ""n_edges"": 6, ""n_intervals"": 7, ""n_vertices"": 7, ""noise_reassigned"": 1294, ""placement"": ""uniform"", ""slabs"": [{""k"": 1, ""n"": 83}, {""k"": 1, ""n"": 241}, {""k"": 1, ""n"": 282}, {""k"": 1, ""n"": 286}, {""k"": 1, ""n"": 249}, {""k"": 1, ""n"": 198}, {""k"": 1, ""n"": 68}]}, {""constant_lens"": false, ""gain"": 0.25, ""lens"": ""pc1"", ""lens_scaling"": ""standardize"", ""min_cluster_size"": 16, ""min_samples"": 5, ""n_class"": 1118, ""n_edges"": 6, ""n_intervals"": 7, ""n_vertices"": 7, ""noise_reassigned"": 1286, ""placement"": ""uniform"", ""slabs"": [{""k"": 1, ""n"": 109}, {""k"": 1, ""n"": 265}, {""k"": 1, ""n"": 262}, {""k"": 1, ""n"": 272}, {""k"": 1, ""n"": 268}, {""k"": 1, ""n"": 188}, {""k"": 1, ""n"": 35}]}], ""soundness_bound_holds"": true, ""step_rule"": ""scale_free"", ""topology_retention_nerve_to_frozen"": {""beta0_frozen"": 8, ""beta0_nerve"": 3, ""beta1_frozen"": 0, ""beta1_nerve"": 0}}",True
0.788,90,False,0.02,0.02,,4.627099999983329,4.627099999983329,0.0,waveform,8,,SPINE+Graph,10,90,500,4500,0.98,475606877,False,"{""admission"": {""criterion"": ""risk"", ""removed_risk"": 5, ""removed_support"": 0}, ""betti_final"": [[3, 0], [3, 0], [2, 0]], ""betti_frozen"": [[3, 0], [3, 0], [2, 0]], ""betti_nerve"": [[1, 0], [1, 0], [1, 0]], ""boundary_restriction"": ""both"", ""forced_removals"": 0, ""growth_representation_fallbacks"": 8, ""invariant_held"": true, ""n_segments"": 82, ""n_train_fit"": 3375, ""n_val"": 1125, ""phase0"": [{""constant_lens"": false, ""gain"": 0.25, ""lens"": ""pc1"", ""lens_scaling"": ""standardize"", ""min_cluster_size"": 16, ""min_samples"": 5, ""n_class"": 1142, ""n_edges"": 6, ""n_intervals"": 7, ""n_vertices"": 7, ""noise_reassigned"": 1326, ""placement"": ""uniform"", ""slabs"": [{""k"": 1, ""n"": 137}, {""k"": 1, ""n"": 276}, {""k"": 1, ""n"": 248}, {""k"": 1, ""n"": 252}, {""k"": 1, ""n"": 241}, {""k"": 1, ""n"": 211}, {""k"": 1, ""n"": 74}]}, {""constant_lens"": false, ""gain"": 0.25, ""lens"": ""pc1"", ""lens_scaling"": ""standardize"", ""min_cluster_size"": 16, ""min_samples"": 5, ""n_class"": 1115, ""n_edges"": 6, ""n_intervals"": 7, ""n_vertices"": 7, ""noise_reassigned"": 1294, ""placement"": ""uniform"", ""slabs"": [{""k"": 1, ""n"": 83}, {""k"": 1, ""n"": 241}, {""k"": 1, ""n"": 282}, {""k"": 1, ""n"": 286}, {""k"": 1, ""n"": 249}, {""k"": 1, ""n"": 198}, {""k"": 1, ""n"": 68}]}, {""constant_lens"": false, ""gain"": 0.25, ""lens"": ""pc1"", ""lens_scaling"": ""standardize"", ""min_cluster_size"": 16, ""min_samples"": 5, ""n_class"": 1118, ""n_edges"": 6, ""n_intervals"": 7, ""n_vertices"": 7, ""noise_reassigned"": 1286, ""placement"": ""uniform"", ""slabs"": [{""k"": 1, ""n"": 109}, {""k"": 1, ""n"": 265}, {""k"": 1, ""n"": 262}, {""k"": 1, ""n"": 272}, {""k"": 1, ""n"": 268}, {""k"": 1, ""n"": 188}, {""k"": 1, ""n"": 35}]}], ""soundness_bound_holds"": true, ""step_rule"": ""scale_free"", ""topology_retention_nerve_to_frozen"": {""beta0_frozen"": 8, ""beta0_nerve"": 3, ""beta1_frozen"": 0, ""beta1_nerve"": 0}}",True
0.814,90,False,0.02,0.02,,2.893510000023525,55.526130000071134,52.63262000004761,waveform,8,"{""epsilon"": 0.3, ""window"": 0.2}",LVQ3,10,90,500,4500,0.98,475606877,False,,True
0.768,90,False,0.02,0.02,"{""0"": 30, ""1"": 30, ""2"": 30}",1.7872199999983422,1.7872199999983422,0.0,waveform,8,,KMeans,10,90,500,4500,0.98,475606877,False,,True
0.634,90,False,0.02,0.02,"{""0"": 30, ""1"": 30, ""2"": 30}",0.001057000015862286,0.001057000015862286,0.0,waveform,8,,Random,10,90,500,4500,0.98,475606877,False,,True
0.686,90,False,0.02,0.02,,1.6120259999879636,1.6120259999879636,0.0,waveform,8,,SPOT,10,90,500,4500,0.98,475606877,False,,True
0.828,90,False,0.02,0.02,,11.407206000003498,11.407206000003498,0.0,waveform,8,,GLVQ,10,90,500,4500,0.98,475606877,False,,True
0.806,90,False,0.02,0.02,,2.0049420000286773,2.0049420000286773,0.0,waveform,8,,GNG,10,90,500,4500,0.98,475606877,False,,True
0.718,225,False,0.05,0.05,,0.0006649999995715916,0.0006649999995715916,0.0,waveform,8,,Full,10,4500,500,4500,0.0,475606877,True,,False
0.744,225,False,0.05,0.05,,1.5980979999876581,1.5980979999876581,0.0,waveform,8,,RSP3,10,2557,500,4500,0.4317777777777778,475606877,True,,False
0.73,225,False,0.05,0.05,,1.6429309999803081,1.6429309999803081,0.0,waveform,8,,RHC,10,389,500,4500,0.9135555555555556,475606877,True,,False
0.836,225,False,0.05,0.05,,5.724537000001874,5.724537000001874,0.0,waveform,8,,SPINE+1NN,10,225,500,4500,0.95,475606877,False,"{""admission"": {""criterion"": ""risk"", ""removed_risk"": 5, ""removed_support"": 0}, ""betti_final"": [[3, 0], [3, 0], [2, 0]], ""betti_frozen"": [[3, 0], [3, 0], [2, 0]], ""betti_nerve"": [[1, 0], [1, 0], [1, 0]], ""boundary_restriction"": ""both"", ""forced_removals"": 0, ""growth_representation_fallbacks"": 56, ""invariant_held"": true, ""n_segments"": 217, ""n_train_fit"": 3375, ""n_val"": 1125, ""phase0"": [{""constant_lens"": false, ""gain"": 0.25, ""lens"": ""pc1"", ""lens_scaling"": ""standardize"", ""min_cluster_size"": 16, ""min_samples"": 5, ""n_class"": 1142, ""n_edges"": 6, ""n_intervals"": 7, ""n_vertices"": 7, ""noise_reassigned"": 1326, ""placement"": ""uniform"", ""slabs"": [{""k"": 1, ""n"": 137}, {""k"": 1, ""n"": 276}, {""k"": 1, ""n"": 248}, {""k"": 1, ""n"": 252}, {""k"": 1, ""n"": 241}, {""k"": 1, ""n"": 211}, {""k"": 1, ""n"": 74}]}, {""constant_lens"": false, ""gain"": 0.25, ""lens"": ""pc1"", ""lens_scaling"": ""standardize"", ""min_cluster_size"": 16, ""min_samples"": 5, ""n_class"": 1115, ""n_edges"": 6, ""n_intervals"": 7, ""n_vertices"": 7, ""noise_reassigned"": 1294, ""placement"": ""uniform"", ""slabs"": [{""k"": 1, ""n"": 83}, {""k"": 1, ""n"": 241}, {""k"": 1, ""n"": 282}, {""k"": 1, ""n"": 286}, {""k"": 1, ""n"": 249}, {""k"": 1, ""n"": 198}, {""k"": 1, ""n"": 68}]}, {""constant_lens"": false, ""gain"": 0.25, ""lens"": ""pc1"", ""lens_scaling"": ""standardize"", ""min_cluster_size"": 16, ""min_samples"": 5, ""n_class"": 1118, ""n_edges"": 6, ""n_intervals"": 7, ""n_vertices"": 7, ""noise_reassigned"": 1286, ""placement"": ""uniform"", ""slabs"": [{""k"": 1, ""n"": 109}, {""k"": 1, ""n"": 265}, {""k"": 1, ""n"": 262}, {""k"": 1, ""n"": 272}, {""k"": 1, ""n"": 268}, {""k"": 1, ""n"": 188}, {""k"": 1, ""n"": 35}]}], ""soundness_bound_holds"": true, ""step_rule"": ""scale_free"", ""topology_retention_nerve_to_frozen"": {""beta0_frozen"": 8, ""beta0_nerve"": 3, ""beta1_frozen"": 0, ""beta1_nerve"": 0}}",True
0.81,225,False,0.05,0.05,,5.724537000001874,5.724537000001874,0.0,waveform,8,,SPINE+Graph,10,225,500,4500,0.95,475606877,False,"{""admission"": {""criterion"": ""risk"", ""removed_risk"": 5, ""removed_support"": 0}, ""betti_final"": [[3, 0], [3, 0], [2, 0]], ""betti_frozen"": [[3, 0], [3, 0], [2, 0]], ""betti_nerve"": [[1, 0], [1, 0], [1, 0]], ""boundary_restriction"": ""both"", ""forced_removals"": 0, ""growth_representation_fallbacks"": 56, ""invariant_held"": true, ""n_segments"": 217, ""n_train_fit"": 3375, ""n_val"": 1125, ""phase0"": [{""constant_lens"": false, ""gain"": 0.25, ""lens"": ""pc1"", ""lens_scaling"": ""standardize"", ""min_cluster_size"": 16, ""min_samples"": 5, ""n_class"": 1142, ""n_edges"": 6, ""n_intervals"": 7, ""n_vertices"": 7, ""noise_reassigned"": 1326, ""placement"": ""uniform"", ""slabs"": [{""k"": 1, ""n"": 137}, {""k"": 1, ""n"": 276}, {""k"": 1, ""n"": 248}, {""k"": 1, ""n"": 252}, {""k"": 1, ""n"": 241}, {""k"": 1, ""n"": 211}, {""k"": 1, ""n"": 74}]}, {""constant_lens"": false, ""gain"": 0.25, ""lens"": ""pc1"", ""lens_scaling"": ""standardize"", ""min_cluster_size"": 16, ""min_samples"": 5, ""n_class"": 1115, ""n_edges"": 6, ""n_intervals"": 7, ""n_vertices"": 7, ""noise_reassigned"": 1294, ""placement"": ""uniform"", ""slabs"": [{""k"": 1, ""n"": 83}, {""k"": 1, ""n"": 241}, {""k"": 1, ""n"": 282}, {""k"": 1, ""n"": 286}, {""k"": 1, ""n"": 249}, {""k"": 1, ""n"": 198}, {""k"": 1, ""n"": 68}]}, {""constant_lens"": false, ""gain"": 0.25, ""lens"": ""pc1"", ""lens_scaling"": ""standardize"", ""min_cluster_size"": 16, ""min_samples"": 5, ""n_class"": 1118, ""n_edges"": 6, ""n_intervals"": 7, ""n_vertices"": 7, ""noise_reassigned"": 1286, ""placement"": ""uniform"", ""slabs"": [{""k"": 1, ""n"": 109}, {""k"": 1, ""n"": 265}, {""k"": 1, ""n"": 262}, {""k"": 1, ""n"": 272}, {""k"": 1, ""n"": 268}, {""k"": 1, ""n"": 188}, {""k"": 1, ""n"": 35}]}], ""soundness_bound_holds"": true, ""step_rule"": ""scale_free"", ""topology_retention_nerve_to_frozen"": {""beta0_frozen"": 8, ""beta0_nerve"": 3, ""beta1_frozen"": 0, ""beta1_nerve"": 0}}",True
0.792,225,False,0.05,0.05,,4.104372999980114,72.6105839999509,68.50621099997079,waveform,8,"{""epsilon"": 0.1, ""window"": 0.2}",LVQ3,10,225,500,4500,0.95,475606877,False,,True
0.724,225,False,0.05,0.05,"{""0"": 76, ""1"": 74, ""2"": 75}",2.863638999988325,2.863638999988325,0.0,waveform,8,,KMeans,10,225,500,4500,0.95,475606877,False,,True
0.692,225,False,0.05,0.05,"{""0"": 76, ""1"": 74, ""2"": 75}",0.0011529999901540577,0.0011529999901540577,0.0,waveform,8,,Random,10,225,500,4500,0.95,475606877,False,,True
0.696,225,False,0.05,0.05,,1.6691599999903701,1.6691599999903701,0.0,waveform,8,,SPOT,10,225,500,4500,0.95,475606877,False,,True
0.822,225,False,0.05,0.05,,24.252454000001308,24.252454000001308,0.0,waveform,8,,GLVQ,10,225,500,4500,0.95,475606877,False,,True
0.806,225,False,0.05,0.05,,4.305582999950275,4.305582999950275,0.0,waveform,8,,GNG,10,225,500,4500,0.95,475606877,False,,True
0.718,450,False,0.1,0.1,,0.0006649999995715916,0.0006649999995715916,0.0,waveform,8,,Full,10,4500,500,4500,0.0,475606877,True,,False
0.744,450,False,0.1,0.1,,1.5980979999876581,1.5980979999876581,0.0,waveform,8,,RSP3,10,2557,500,4500,0.4317777777777778,475606877,True,,False
0.73,450,False,0.1,0.1,,1.6429309999803081,1.6429309999803081,0.0,waveform,8,,RHC,10,389,500,4500,0.9135555555555556,475606877,True,,False
0.83,450,False,0.1,0.1,,9.455113000003621,9.455113000003621,0.0,waveform,8,,SPINE+1NN,10,450,500,4500,0.9,475606877,False,"{""admission"": {""criterion"": ""risk"", ""removed_risk"": 5, ""removed_support"": 0}, ""betti_final"": [[3, 0], [3, 0], [2, 0]], ""betti_frozen"": [[3, 0], [3, 0], [2, 0]], ""betti_nerve"": [[1, 0], [1, 0], [1, 0]], ""boundary_restriction"": ""both"", ""forced_removals"": 0, ""growth_representation_fallbacks"": 262, ""invariant_held"": true, ""n_segments"": 442, ""n_train_fit"": 3375, ""n_val"": 1125, ""phase0"": [{""constant_lens"": false, ""gain"": 0.25, ""lens"": ""pc1"", ""lens_scaling"": ""standardize"", ""min_cluster_size"": 16, ""min_samples"": 5, ""n_class"": 1142, ""n_edges"": 6, ""n_intervals"": 7, ""n_vertices"": 7, ""noise_reassigned"": 1326, ""placement"": ""uniform"", ""slabs"": [{""k"": 1, ""n"": 137}, {""k"": 1, ""n"": 276}, {""k"": 1, ""n"": 248}, {""k"": 1, ""n"": 252}, {""k"": 1, ""n"": 241}, {""k"": 1, ""n"": 211}, {""k"": 1, ""n"": 74}]}, {""constant_lens"": false, ""gain"": 0.25, ""lens"": ""pc1"", ""lens_scaling"": ""standardize"", ""min_cluster_size"": 16, ""min_samples"": 5, ""n_class"": 1115, ""n_edges"": 6, ""n_intervals"": 7, ""n_vertices"": 7, ""noise_reassigned"": 1294, ""placement"": ""uniform"", ""slabs"": [{""k"": 1, ""n"": 83}, {""k"": 1, ""n"": 241}, {""k"": 1, ""n"": 282}, {""k"": 1, ""n"": 286}, {""k"": 1, ""n"": 249}, {""k"": 1, ""n"": 198}, {""k"": 1, ""n"": 68}]}, {""constant_lens"": false, ""gain"": 0.25, ""lens"": ""pc1"", ""lens_scaling"": ""standardize"", ""min_cluster_size"": 16, ""min_samples"": 5, ""n_class"": 1118, ""n_edges"": 6, ""n_intervals"": 7, ""n_vertices"": 7, ""noise_reassigned"": 1286, ""placement"": ""uniform"", ""slabs"": [{""k"": 1, ""n"": 109}, {""k"": 1, ""n"": 265}, {""k"": 1, ""n"": 262}, {""k"": 1, ""n"": 272}, {""k"": 1, ""n"": 268}, {""k"": 1, ""n"": 188}, {""k"": 1, ""n"": 35}]}], ""soundness_bound_holds"": true, ""step_rule"": ""scale_free"", ""topology_retention_nerve_to_frozen"": {""beta0_frozen"": 8, ""beta0_nerve"": 3, ""beta1_frozen"": 0, ""beta1_nerve"": 0}}",True
0.832,450,False,0.1,0.1,,9.455113000003621,9.455113000003621,0.0,waveform,8,,SPINE+Graph,10,450,500,4500,0.9,475606877,False,"{""admission"": {""criterion"": ""risk"", ""removed_risk"": 5, ""removed_support"": 0}, ""betti_final"": [[3, 0], [3, 0], [2, 0]], ""betti_frozen"": [[3, 0], [3, 0], [2, 0]], ""betti_nerve"": [[1, 0], [1, 0], [1, 0]], ""boundary_restriction"": ""both"", ""forced_removals"": 0, ""growth_representation_fallbacks"": 262, ""invariant_held"": true, ""n_segments"": 442, ""n_train_fit"": 3375, ""n_val"": 1125, ""phase0"": [{""constant_lens"": false, ""gain"": 0.25, ""lens"": ""pc1"", ""lens_scaling"": ""standardize"", ""min_cluster_size"": 16, ""min_samples"": 5, ""n_class"": 1142, ""n_edges"": 6, ""n_intervals"": 7, ""n_vertices"": 7, ""noise_reassigned"": 1326, ""placement"": ""uniform"", ""slabs"": [{""k"": 1, ""n"": 137}, {""k"": 1, ""n"": 276}, {""k"": 1, ""n"": 248}, {""k"": 1, ""n"": 252}, {""k"": 1, ""n"": 241}, {""k"": 1, ""n"": 211}, {""k"": 1, ""n"": 74}]}, {""constant_lens"": false, ""gain"": 0.25, ""lens"": ""pc1"", ""lens_scaling"": ""standardize"", ""min_cluster_size"": 16, ""min_samples"": 5, ""n_class"": 1115, ""n_edges"": 6, ""n_intervals"": 7, ""n_vertices"": 7, ""noise_reassigned"": 1294, ""placement"": ""uniform"", ""slabs"": [{""k"": 1, ""n"": 83}, {""k"": 1, ""n"": 241}, {""k"": 1, ""n"": 282}, {""k"": 1, ""n"": 286}, {""k"": 1, ""n"": 249}, {""k"": 1, ""n"": 198}, {""k"": 1, ""n"": 68}]}, {""constant_lens"": false, ""gain"": 0.25, ""lens"": ""pc1"", ""lens_scaling"": ""standardize"", ""min_cluster_size"": 16, ""min_samples"": 5, ""n_class"": 1118, ""n_edges"": 6, ""n_intervals"": 7, ""n_vertices"": 7, ""noise_reassigned"": 1286, ""placement"": ""uniform"", ""slabs"": [{""k"": 1, ""n"": 109}, {""k"": 1, ""n"": 265}, {""k"": 1, ""n"": 262}, {""k"": 1, ""n"": 272}, {""k"": 1, ""n"": 268}, {""k"": 1, ""n"": 188}, {""k"": 1, ""n"": 35}]}], ""soundness_bound_holds"": true, ""step_rule"": ""scale_free"", ""topology_retention_nerve_to_frozen"": {""beta0_frozen"": 8, ""beta0_nerve"": 3, ""beta1_frozen"": 0, ""beta1_nerve"": 0}}",True
0.772,450,False,0.1,0.1,,5.694598000030965,100.63506400003098,94.94046600000001,waveform,8,"{""epsilon"": 0.1, ""window"": 0.2}",LVQ3,10,450,500,4500,0.9,475606877,False,,True
0.754,450,False,0.1,0.1,"{""0"": 152, ""1"": 149, ""2"": 149}",5.314721000031568,5.314721000031568,0.0,waveform,8,,KMeans,10,450,500,4500,0.9,475606877,False,,True
0.704,450,False,0.1,0.1,"{""0"": 152, ""1"": 149, ""2"": 149}",0.0011580000282265246,0.0011580000282265246,0.0,waveform,8,,Random,10,450,500,4500,0.9,475606877,False,,True
0.718,450,False,0.1,0.1,,1.7105069999815896,1.7105069999815896,0.0,waveform,8,,SPOT,10,450,500,4500,0.9,475606877,False,,True
0.828,450,False,0.1,0.1,,45.8076299999957,45.8076299999957,0.0,waveform,8,,GLVQ,10,450,500,4500,0.9,475606877,False,,True
0.79,450,False,0.1,0.1,,11.112182000011671,11.112182000011671,0.0,waveform,8,,GNG,10,450,500,4500,0.9,475606877,False,,True
0.718,1125,False,0.25,0.25,,0.0006649999995715916,0.0006649999995715916,0.0,waveform,8,,Full,10,4500,500,4500,0.0,475606877,True,,False
0.744,1125,False,0.25,0.25,,1.5980979999876581,1.5980979999876581,0.0,waveform,8,,RSP3,10,2557,500,4500,0.4317777777777778,475606877,True,,False
0.73,1125,False,0.25,0.25,,1.6429309999803081,1.6429309999803081,0.0,waveform,8,,RHC,10,389,500,4500,0.9135555555555556,475606877,True,,False
0.782,1125,False,0.25,0.25,,35.53912400000263,35.53912400000263,0.0,waveform,8,,SPINE+1NN,10,1125,500,4500,0.75,475606877,False,"{""admission"": {""criterion"": ""risk"", ""removed_risk"": 5, ""removed_support"": 0}, ""betti_final"": [[3, 0], [3, 0], [2, 0]], ""betti_frozen"": [[3, 0], [3, 0], [2, 0]], ""betti_nerve"": [[1, 0], [1, 0], [1, 0]], ""boundary_restriction"": ""both"", ""forced_removals"": 0, ""growth_representation_fallbacks"": 1061, ""invariant_held"": true, ""n_segments"": 1117, ""n_train_fit"": 3375, ""n_val"": 1125, ""phase0"": [{""constant_lens"": false, ""gain"": 0.25, ""lens"": ""pc1"", ""lens_scaling"": ""standardize"", ""min_cluster_size"": 16, ""min_samples"": 5, ""n_class"": 1142, ""n_edges"": 6, ""n_intervals"": 7, ""n_vertices"": 7, ""noise_reassigned"": 1326, ""placement"": ""uniform"", ""slabs"": [{""k"": 1, ""n"": 137}, {""k"": 1, ""n"": 276}, {""k"": 1, ""n"": 248}, {""k"": 1, ""n"": 252}, {""k"": 1, ""n"": 241}, {""k"": 1, ""n"": 211}, {""k"": 1, ""n"": 74}]}, {""constant_lens"": false, ""gain"": 0.25, ""lens"": ""pc1"", ""lens_scaling"": ""standardize"", ""min_cluster_size"": 16, ""min_samples"": 5, ""n_class"": 1115, ""n_edges"": 6, ""n_intervals"": 7, ""n_vertices"": 7, ""noise_reassigned"": 1294, ""placement"": ""uniform"", ""slabs"": [{""k"": 1, ""n"": 83}, {""k"": 1, ""n"": 241}, {""k"": 1, ""n"": 282}, {""k"": 1, ""n"": 286}, {""k"": 1, ""n"": 249}, {""k"": 1, ""n"": 198}, {""k"": 1, ""n"": 68}]}, {""constant_lens"": false, ""gain"": 0.25, ""lens"": ""pc1"", ""lens_scaling"": ""standardize"", ""min_cluster_size"": 16, ""min_samples"": 5, ""n_class"": 1118, ""n_edges"": 6, ""n_intervals"": 7, ""n_vertices"": 7, ""noise_reassigned"": 1286, ""placement"": ""uniform"", ""slabs"": [{""k"": 1, ""n"": 109}, {""k"": 1, ""n"": 265}, {""k"": 1, ""n"": 262}, {""k"": 1, ""n"": 272}, {""k"": 1, ""n"": 268}, {""k"": 1, ""n"": 188}, {""k"": 1, ""n"": 35}]}], ""soundness_bound_holds"": true, ""step_rule"": ""scale_free"", ""topology_retention_nerve_to_frozen"": {""beta0_frozen"": 8, ""beta0_nerve"": 3, ""beta1_frozen"": 0, ""beta1_nerve"": 0}}",True
0.794,1125,False,0.25,0.25,,35.53912400000263,35.53912400000263,0.0,waveform,8,,SPINE+Graph,10,1125,500,4500,0.75,475606877,False,"{""admission"": {""criterion"": ""risk"", ""removed_risk"": 5, ""removed_support"": 0}, ""betti_final"": [[3, 0], [3, 0], [2, 0]], ""betti_frozen"": [[3, 0], [3, 0], [2, 0]], ""betti_nerve"": [[1, 0], [1, 0], [1, 0]], ""boundary_restriction"": ""both"", ""forced_removals"": 0, ""growth_representation_fallbacks"": 1061, ""invariant_held"": true, ""n_segments"": 1117, ""n_train_fit"": 3375, ""n_val"": 1125, ""phase0"": [{""constant_lens"": false, ""gain"": 0.25, ""lens"": ""pc1"", ""lens_scaling"": ""standardize"", ""min_cluster_size"": 16, ""min_samples"": 5, ""n_class"": 1142, ""n_edges"": 6, ""n_intervals"": 7, ""n_vertices"": 7, ""noise_reassigned"": 1326, ""placement"": ""uniform"", ""slabs"": [{""k"": 1, ""n"": 137}, {""k"": 1, ""n"": 276}, {""k"": 1, ""n"": 248}, {""k"": 1, ""n"": 252}, {""k"": 1, ""n"": 241}, {""k"": 1, ""n"": 211}, {""k"": 1, ""n"": 74}]}, {""constant_lens"": false, ""gain"": 0.25, ""lens"": ""pc1"", ""lens_scaling"": ""standardize"", ""min_cluster_size"": 16, ""min_samples"": 5, ""n_class"": 1115, ""n_edges"": 6, ""n_intervals"": 7, ""n_vertices"": 7, ""noise_reassigned"": 1294, ""placement"": ""uniform"", ""slabs"": [{""k"": 1, ""n"": 83}, {""k"": 1, ""n"": 241}, {""k"": 1, ""n"": 282}, {""k"": 1, ""n"": 286}, {""k"": 1, ""n"": 249}, {""k"": 1, ""n"": 198}, {""k"": 1, ""n"": 68}]}, {""constant_lens"": false, ""gain"": 0.25, ""lens"": ""pc1"", ""lens_scaling"": ""standardize"", ""min_cluster_size"": 16, ""min_samples"": 5, ""n_class"": 1118, ""n_edges"": 6, ""n_intervals"": 7, ""n_vertices"": 7, ""noise_reassigned"": 1286, ""placement"": ""uniform"", ""slabs"": [{""k"": 1, ""n"": 109}, {""k"": 1, ""n"": 265}, {""k"": 1, ""n"": 262}, {""k"": 1, ""n"": 272}, {""k"": 1, ""n"": 268}, {""k"": 1, ""n"": 188}, {""k"": 1, ""n"": 35}]}], ""soundness_bound_holds"": true, ""step_rule"": ""scale_free"", ""topology_retention_nerve_to_frozen"": {""beta0_frozen"": 8, ""beta0_nerve"": 3, ""beta1_frozen"": 0, ""beta1_nerve"": 0}}",True
0.768,1125,False,0.25,0.25,,12.663067999994382,220.2771000000066,207.61403200001223,waveform,8,"{""epsilon"": 0.1, ""window"": 0.3}",LVQ3,10,1125,500,4500,0.75,475606877,False,,True
0.766,1125,False,0.25,0.25,"{""0"": 381, ""1"": 372, ""2"": 372}",12.230865000048652,12.230865000048652,0.0,waveform,8,,KMeans,10,1125,500,4500,0.75,475606877,False,,True
0.67,1125,False,0.25,0.25,"{""0"": 381, ""1"": 372, ""2"": 372}",0.0019519999623298645,0.0019519999623298645,0.0,waveform,8,,Random,10,1125,500,4500,0.75,475606877,False,,True
0.708,1125,False,0.25,0.25,,1.7271149999578483,1.7271149999578483,0.0,waveform,8,,SPOT,10,1125,500,4500,0.75,475606877,False,,True
0.824,1125,False,0.25,0.25,,110.38178599998355,110.38178599998355,0.0,waveform,8,,GLVQ,10,1125,500,4500,0.75,475606877,False,,True
0.748,1125,False,0.25,0.25,,51.518419999978505,51.518419999978505,0.0,waveform,8,,GNG,10,1125,500,4500,0.75,475606877,False,,True
0.718,23,False,0.005111111111111111,0.005,,0.0002620000159367919,0.0002620000159367919,0.0,waveform,9,,Full,10,4500,500,4500,0.0,476606880,False,,False
0.768,23,False,0.005111111111111111,0.005,,1.6103320000111125,1.6103320000111125,0.0,waveform,9,,RSP3,10,2595,500,4500,0.42333333333333334,476606880,False,,False
0.766,23,False,0.005111111111111111,0.005,,1.6361219999962486,1.6361219999962486,0.0,waveform,9,,RHC,10,380,500,4500,0.9155555555555556,476606880,False,,False
0.782,23,False,0.005111111111111111,0.005,,3.65039899997646,3.65039899997646,0.0,waveform,9,,SPINE+1NN,10,23,500,4500,0.9948888888888889,476606880,False,"{""admission"": {""criterion"": ""risk"", ""removed_risk"": 2, ""removed_support"": 0}, ""betti_final"": [[1, 0], [2, 0], [2, 0]], ""betti_frozen"": [[1, 0], [2, 0], [2, 0]], ""betti_nerve"": [[1, 0], [1, 0], [1, 0]], ""boundary_restriction"": ""both"", ""forced_removals"": 0, ""growth_representation_fallbacks"": 1, ""invariant_held"": true, ""n_segments"": 18, ""n_train_fit"": 3375, ""n_val"": 1125, ""phase0"": [{""constant_lens"": false, ""gain"": 0.25, ""lens"": ""pc1"", ""lens_scaling"": ""standardize"", ""min_cluster_size"": 16, ""min_samples"": 5, ""n_class"": 1142, ""n_edges"": 6, ""n_intervals"": 7, ""n_vertices"": 7, ""noise_reassigned"": 1317, ""placement"": ""uniform"", ""slabs"": [{""k"": 1, ""n"": 129}, {""k"": 1, ""n"": 252}, {""k"": 1, ""n"": 245}, {""k"": 1, ""n"": 257}, {""k"": 1, ""n"": 235}, {""k"": 1, ""n"": 225}, {""k"": 1, ""n"": 87}]}, {""constant_lens"": false, ""gain"": 0.25, ""lens"": ""pc1"", ""lens_scaling"": ""standardize"", ""min_cluster_size"": 16, ""min_samples"": 5, ""n_class"": 1115, ""n_edges"": 6, ""n_intervals"": 7, ""n_vertices"": 7, ""noise_reassigned"": 1242, ""placement"": ""quantile"", ""slabs"": [{""k"": 1, ""n"": 180}, {""k"": 1, ""n"": 199}, {""k"": 1, ""n"": 199}, {""k"": 1, ""n"": 199}, {""k"": 1, ""n"": 199}, {""k"": 1, ""n"": 199}, {""k"": 1, ""n"": 180}]}, {""constant_lens"": false, ""gain"": 0.25, ""lens"": ""pc1"", ""lens_scaling"": ""standardize"", ""min_cluster_size"": 16, ""min_samples"": 5, ""n_class"": 1118, ""n_edges"": 6, ""n_intervals"": 7, ""n_vertices"": 7, ""noise_reassigned"": 1297, ""placement"": ""uniform"", ""slabs"": [{""k"": 1, ""n"": 97}, {""k"": 1, ""n"": 258}, {""k"": 1, ""n"": 266}, {""k"": 1, ""n"": 269}, {""k"": 1, ""n"": 279}, {""k"": 1, ""n"": 208}, {""k"": 1, ""n"": 34}]}], ""soundness_bound_holds"": true, ""step_rule"": ""scale_free"", ""topology_retention_nerve_to_frozen"": {""beta0_frozen"": 5, ""beta0_nerve"": 3, ""beta1_frozen"": 0, ""beta1_nerve"": 0}}",True
0.79,23,False,0.005111111111111111,0.005,,3.65039899997646,3.65039899997646,0.0,waveform,9,,SPINE+Graph,10,23,500,4500,0.9948888888888889,476606880,False,"{""admission"": {""criterion"": ""risk"", ""removed_risk"": 2, ""removed_support"": 0}, ""betti_final"": [[1, 0], [2, 0], [2, 0]], ""betti_frozen"": [[1, 0], [2, 0], [2, 0]], ""betti_nerve"": [[1, 0], [1, 0], [1, 0]], ""boundary_restriction"": ""both"", ""forced_removals"": 0, ""growth_representation_fallbacks"": 1, ""invariant_held"": true, ""n_segments"": 18, ""n_train_fit"": 3375, ""n_val"": 1125, ""phase0"": [{""constant_lens"": false, ""gain"": 0.25, ""lens"": ""pc1"", ""lens_scaling"": ""standardize"", ""min_cluster_size"": 16, ""min_samples"": 5, ""n_class"": 1142, ""n_edges"": 6, ""n_intervals"": 7, ""n_vertices"": 7, ""noise_reassigned"": 1317, ""placement"": ""uniform"", ""slabs"": [{""k"": 1, ""n"": 129}, {""k"": 1, ""n"": 252}, {""k"": 1, ""n"": 245}, {""k"": 1, ""n"": 257}, {""k"": 1, ""n"": 235}, {""k"": 1, ""n"": 225}, {""k"": 1, ""n"": 87}]}, {""constant_lens"": false, ""gain"": 0.25, ""lens"": ""pc1"", ""lens_scaling"": ""standardize"", ""min_cluster_size"": 16, ""min_samples"": 5, ""n_class"": 1115, ""n_edges"": 6, ""n_intervals"": 7, ""n_vertices"": 7, ""noise_reassigned"": 1242, ""placement"": ""quantile"", ""slabs"": [{""k"": 1, ""n"": 180}, {""k"": 1, ""n"": 199}, {""k"": 1, ""n"": 199}, {""k"": 1, ""n"": 199}, {""k"": 1, ""n"": 199}, {""k"": 1, ""n"": 199}, {""k"": 1, ""n"": 180}]}, {""constant_lens"": false, ""gain"": 0.25, ""lens"": ""pc1"", ""lens_scaling"": ""standardize"", ""min_cluster_size"": 16, ""min_samples"": 5, ""n_class"": 1118, ""n_edges"": 6, ""n_intervals"": 7, ""n_vertices"": 7, ""noise_reassigned"": 1297, ""placement"": ""uniform"", ""slabs"": [{""k"": 1, ""n"": 97}, {""k"": 1, ""n"": 258}, {""k"": 1, ""n"": 266}, {""k"": 1, ""n"": 269}, {""k"": 1, ""n"": 279}, {""k"": 1, ""n"": 208}, {""k"": 1, ""n"": 34}]}], ""soundness_bound_holds"": true, ""step_rule"": ""scale_free"", ""topology_retention_nerve_to_frozen"": {""beta0_frozen"": 5, ""beta0_nerve"": 3, ""beta1_frozen"": 0, ""beta1_nerve"": 0}}",True
0.842,23,False,0.005111111111111111,0.005,,2.239678999991156,39.72381899994798,37.484139999956824,waveform,9,"{""epsilon"": 0.3, ""window"": 0.2}",LVQ3,10,23,500,4500,0.9948888888888889,476606880,False,,True
0.786,23,False,0.005111111111111111,0.005,"{""0"": 8, ""1"": 7, ""2"": 8}",1.1505660000257194,1.1505660000257194,0.0,waveform,9,,KMeans,10,23,500,4500,0.9948888888888889,476606880,False,,True
0.572,23,False,0.005111111111111111,0.005,"{""0"": 8, ""1"": 7, ""2"": 8}",0.0009430000209249556,0.0009430000209249556,0.0,waveform,9,,Random,10,23,500,4500,0.9948888888888889,476606880,False,,True
0.666,23,False,0.005111111111111111,0.005,,1.5439449999830686,1.5439449999830686,0.0,waveform,9,,SPOT,10,23,500,4500,0.9948888888888889,476606880,False,,True
0.83,23,False,0.005111111111111111,0.005,,5.006908999988809,5.006908999988809,0.0,waveform,9,,GLVQ,10,23,500,4500,0.9948888888888889,476606880,False,,True
0.776,23,False,0.005111111111111111,0.005,,0.7465959999826737,0.7465959999826737,0.0,waveform,9,,GNG,10,23,500,4500,0.9948888888888889,476606880,False,,True
0.718,45,False,0.01,0.01,,0.0002620000159367919,0.0002620000159367919,0.0,waveform,9,,Full,10,4500,500,4500,0.0,476606880,True,,False
0.768,45,False,0.01,0.01,,1.6103320000111125,1.6103320000111125,0.0,waveform,9,,RSP3,10,2595,500,4500,0.42333333333333334,476606880,True,,False
0.766,45,False,0.01,0.01,,1.6361219999962486,1.6361219999962486,0.0,waveform,9,,RHC,10,380,500,4500,0.9155555555555556,476606880,True,,False
0.782,45,False,0.01,0.01,,4.37995500001125,4.37995500001125,0.0,waveform,9,,SPINE+1NN,10,45,500,4500,0.99,476606880,False,"{""admission"": {""criterion"": ""risk"", ""removed_risk"": 2, ""removed_support"": 0}, ""betti_final"": [[1, 0], [2, 0], [2, 0]], ""betti_frozen"": [[1, 0], [2, 0], [2, 0]], ""betti_nerve"": [[1, 0], [1, 0], [1, 0]], ""boundary_restriction"": ""both"", ""forced_removals"": 0, ""growth_representation_fallbacks"": 6, ""invariant_held"": true, ""n_segments"": 40, ""n_train_fit"": 3375, ""n_val"": 1125, ""phase0"": [{""constant_lens"": false, ""gain"": 0.25, ""lens"": ""pc1"", ""lens_scaling"": ""standardize"", ""min_cluster_size"": 16, ""min_samples"": 5, ""n_class"": 1142, ""n_edges"": 6, ""n_intervals"": 7, ""n_vertices"": 7, ""noise_reassigned"": 1317, ""placement"": ""uniform"", ""slabs"": [{""k"": 1, ""n"": 129}, {""k"": 1, ""n"": 252}, {""k"": 1, ""n"": 245}, {""k"": 1, ""n"": 257}, {""k"": 1, ""n"": 235}, {""k"": 1, ""n"": 225}, {""k"": 1, ""n"": 87}]}, {""constant_lens"": false, ""gain"": 0.25, ""lens"": ""pc1"", ""lens_scaling"": ""standardize"", ""min_cluster_size"": 16, ""min_samples"": 5, ""n_class"": 1115, ""n_edges"": 6, ""n_intervals"": 7, ""n_vertices"": 7, ""noise_reassigned"": 1242, ""placement"": ""quantile"", ""slabs"": [{""k"": 1, ""n"": 180}, {""k"": 1, ""n"": 199}, {""k"": 1, ""n"": 199}, {""k"": 1, ""n"": 199}, {""k"": 1, ""n"": 199}, {""k"": 1, ""n"": 199}, {""k"": 1, ""n"": 180}]}, {""constant_lens"": false, ""gain"": 0.25, ""lens"": ""pc1"", ""lens_scaling"": ""standardize"", ""min_cluster_size"": 16, ""min_samples"": 5, ""n_class"": 1118, ""n_edges"": 6, ""n_intervals"": 7, ""n_vertices"": 7, ""noise_reassigned"": 1297, ""placement"": ""uniform"", ""slabs"": [{""k"": 1, ""n"": 97}, {""k"": 1, ""n"": 258}, {""k"": 1, ""n"": 266}, {""k"": 1, ""n"": 269}, {""k"": 1, ""n"": 279}, {""k"": 1, ""n"": 208}, {""k"": 1, ""n"": 34}]}], ""soundness_bound_holds"": true, ""step_rule"": ""scale_free"", ""topology_retention_nerve_to_frozen"": {""beta0_frozen"": 5, ""beta0_nerve"": 3, ""beta1_frozen"": 0, ""beta1_nerve"": 0}}",True
0.784,45,False,0.01,0.01,,4.37995500001125,4.37995500001125,0.0,waveform,9,,SPINE+Graph,10,45,500,4500,0.99,476606880,False,"{""admission"": {""criterion"": ""risk"", ""removed_risk"": 2, ""removed_support"": 0}, ""betti_final"": [[1, 0], [2, 0], [2, 0]], ""betti_frozen"": [[1, 0], [2, 0], [2, 0]], ""betti_nerve"": [[1, 0], [1, 0], [1, 0]], ""boundary_restriction"": ""both"", ""forced_removals"": 0, ""growth_representation_fallbacks"": 6, ""invariant_held"": true, ""n_segments"": 40, ""n_train_fit"": 3375, ""n_val"": 1125, ""phase0"": [{""constant_lens"": false, ""gain"": 0.25, ""lens"": ""pc1"", ""lens_scaling"": ""standardize"", ""min_cluster_size"": 16, ""min_samples"": 5, ""n_class"": 1142, ""n_edges"": 6, ""n_intervals"": 7, ""n_vertices"": 7, ""noise_reassigned"": 1317, ""placement"": ""uniform"", ""slabs"": [{""k"": 1, ""n"": 129}, {""k"": 1, ""n"": 252}, {""k"": 1, ""n"": 245}, {""k"": 1, ""n"": 257}, {""k"": 1, ""n"": 235}, {""k"": 1, ""n"": 225}, {""k"": 1, ""n"": 87}]}, {""constant_lens"": false, ""gain"": 0.25, ""lens"": ""pc1"", ""lens_scaling"": ""standardize"", ""min_cluster_size"": 16, ""min_samples"": 5, ""n_class"": 1115, ""n_edges"": 6, ""n_intervals"": 7, ""n_vertices"": 7, ""noise_reassigned"": 1242, ""placement"": ""quantile"", ""slabs"": [{""k"": 1, ""n"": 180}, {""k"": 1, ""n"": 199}, {""k"": 1, ""n"": 199}, {""k"": 1, ""n"": 199}, {""k"": 1, ""n"": 199}, {""k"": 1, ""n"": 199}, {""k"": 1, ""n"": 180}]}, {""constant_lens"": false, ""gain"": 0.25, ""lens"": ""pc1"", ""lens_scaling"": ""standardize"", ""min_cluster_size"": 16, ""min_samples"": 5, ""n_class"": 1118, ""n_edges"": 6, ""n_intervals"": 7, ""n_vertices"": 7, ""noise_reassigned"": 1297, ""placement"": ""uniform"", ""slabs"": [{""k"": 1, ""n"": 97}, {""k"": 1, ""n"": 258}, {""k"": 1, ""n"": 266}, {""k"": 1, ""n"": 269}, {""k"": 1, ""n"": 279}, {""k"": 1, ""n"": 208}, {""k"": 1, ""n"": 34}]}], ""soundness_bound_holds"": true, ""step_rule"": ""scale_free"", ""topology_retention_nerve_to_frozen"": {""beta0_frozen"": 5, ""beta0_nerve"": 3, ""beta1_frozen"": 0, ""beta1_nerve"": 0}}",True
0.848,45,False,0.01,0.01,,1.9820930000278167,44.202572000038344,42.22047900001053,waveform,9,"{""epsilon"": 0.1, ""window"": 0.2}",LVQ3,10,45,500,4500,0.99,476606880,False,,True
0.788,45,False,0.01,0.01,"{""0"": 15, ""1"": 15, ""2"": 15}",0.9481399999931455,0.9481399999931455,0.0,waveform,9,,KMeans,10,45,500,4500,0.99,476606880,False,,True
0.62,45,False,0.01,0.01,"{""0"": 15, ""1"": 15, ""2"": 15}",0.0007999999797903001,0.0007999999797903001,0.0,waveform,9,,Random,10,45,500,4500,0.99,476606880,False,,True
0.66,45,False,0.01,0.01,,1.2240170000004582,1.2240170000004582,0.0,waveform,9,,SPOT,10,45,500,4500,0.99,476606880,False,,True
0.816,45,False,0.01,0.01,,6.667018999985885,6.667018999985885,0.0,waveform,9,,GLVQ,10,45,500,4500,0.99,476606880,False,,True
0.808,45,False,0.01,0.01,,1.5897600000025705,1.5897600000025705,0.0,waveform,9,,GNG,10,45,500,4500,0.99,476606880,False,,True
0.718,90,False,0.02,0.02,,0.0002620000159367919,0.0002620000159367919,0.0,waveform,9,,Full,10,4500,500,4500,0.0,476606880,True,,False
0.768,90,False,0.02,0.02,,1.6103320000111125,1.6103320000111125,0.0,waveform,9,,RSP3,10,2595,500,4500,0.42333333333333334,476606880,True,,False
0.766,90,False,0.02,0.02,,1.6361219999962486,1.6361219999962486,0.0,waveform,9,,RHC,10,380,500,4500,0.9155555555555556,476606880,True,,False
0.774,90,False,0.02,0.02,,4.612602999957744,4.612602999957744,0.0,waveform,9,,SPINE+1NN,10,90,500,4500,0.98,476606880,False,"{""admission"": {""criterion"": ""risk"", ""removed_risk"": 2, ""removed_support"": 0}, ""betti_final"": [[1, 0], [2, 0], [2, 0]], ""betti_frozen"": [[1, 0], [2, 0], [2, 0]], ""betti_nerve"": [[1, 0], [1, 0], [1, 0]], ""boundary_restriction"": ""both"", ""forced_removals"": 0, ""growth_representation_fallbacks"": 14, ""invariant_held"": true, ""n_segments"": 85, ""n_train_fit"": 3375, ""n_val"": 1125, ""phase0"": [{""constant_lens"": false, ""gain"": 0.25, ""lens"": ""pc1"", ""lens_scaling"": ""standardize"", ""min_cluster_size"": 16, ""min_samples"": 5, ""n_class"": 1142, ""n_edges"": 6, ""n_intervals"": 7, ""n_vertices"": 7, ""noise_reassigned"": 1317, ""placement"": ""uniform"", ""slabs"": [{""k"": 1, ""n"": 129}, {""k"": 1, ""n"": 252}, {""k"": 1, ""n"": 245}, {""k"": 1, ""n"": 257}, {""k"": 1, ""n"": 235}, {""k"": 1, ""n"": 225}, {""k"": 1, ""n"": 87}]}, {""constant_lens"": false, ""gain"": 0.25, ""lens"": ""pc1"", ""lens_scaling"": ""standardize"", ""min_cluster_size"": 16, ""min_samples"": 5, ""n_class"": 1115, ""n_edges"": 6, ""n_intervals"": 7, ""n_vertices"": 7, ""noise_reassigned"": 1242, ""placement"": ""quantile"", ""slabs"": [{""k"": 1, ""n"": 180}, {""k"": 1, ""n"": 199}, {""k"": 1, ""n"": 199}, {""k"": 1, ""n"": 199}, {""k"": 1, ""n"": 199}, {""k"": 1, ""n"": 199}, {""k"": 1, ""n"": 180}]}, {""constant_lens"": false, ""gain"": 0.25, ""lens"": ""pc1"", ""lens_scaling"": ""standardize"", ""min_cluster_size"": 16, ""min_samples"": 5, ""n_class"": 1118, ""n_edges"": 6, ""n_intervals"": 7, ""n_vertices"": 7, ""noise_reassigned"": 1297, ""placement"": ""uniform"", ""slabs"": [{""k"": 1, ""n"": 97}, {""k"": 1, ""n"": 258}, {""k"": 1, ""n"": 266}, {""k"": 1, ""n"": 269}, {""k"": 1, ""n"": 279}, {""k"": 1, ""n"": 208}, {""k"": 1, ""n"": 34}]}], ""soundness_bound_holds"": true, ""step_rule"": ""scale_free"", ""topology_retention_nerve_to_frozen"": {""beta0_frozen"": 5, ""beta0_nerve"": 3, ""beta1_frozen"": 0, ""beta1_nerve"": 0}}",True
0.776,90,False,0.02,0.02,,4.612602999957744,4.612602999957744,0.0,waveform,9,,SPINE+Graph,10,90,500,4500,0.98,476606880,False,"{""admission"": {""criterion"": ""risk"", ""removed_risk"": 2, ""removed_support"": 0}, ""betti_final"": [[1, 0], [2, 0], [2, 0]], ""betti_frozen"": [[1, 0], [2, 0], [2, 0]], ""betti_nerve"": [[1, 0], [1, 0], [1, 0]], ""boundary_restriction"": ""both"", ""forced_removals"": 0, ""growth_representation_fallbacks"": 14, ""invariant_held"": true, ""n_segments"": 85, ""n_train_fit"": 3375, ""n_val"": 1125, ""phase0"": [{""constant_lens"": false, ""gain"": 0.25, ""lens"": ""pc1"", ""lens_scaling"": ""standardize"", ""min_cluster_size"": 16, ""min_samples"": 5, ""n_class"": 1142, ""n_edges"": 6, ""n_intervals"": 7, ""n_vertices"": 7, ""noise_reassigned"": 1317, ""placement"": ""uniform"", ""slabs"": [{""k"": 1, ""n"": 129}, {""k"": 1, ""n"": 252}, {""k"": 1, ""n"": 245}, {""k"": 1, ""n"": 257}, {""k"": 1, ""n"": 235}, {""k"": 1, ""n"": 225}, {""k"": 1, ""n"": 87}]}, {""constant_lens"": false, ""gain"": 0.25, ""lens"": ""pc1"", ""lens_scaling"": ""standardize"", ""min_cluster_size"": 16, ""min_samples"": 5, ""n_class"": 1115, ""n_edges"": 6, ""n_intervals"": 7, ""n_vertices"": 7, ""noise_reassigned"": 1242, ""placement"": ""quantile"", ""slabs"": [{""k"": 1, ""n"": 180}, {""k"": 1, ""n"": 199}, {""k"": 1, ""n"": 199}, {""k"": 1, ""n"": 199}, {""k"": 1, ""n"": 199}, {""k"": 1, ""n"": 199}, {""k"": 1, ""n"": 180}]}, {""constant_lens"": false, ""gain"": 0.25, ""lens"": ""pc1"", ""lens_scaling"": ""standardize"", ""min_cluster_size"": 16, ""min_samples"": 5, ""n_class"": 1118, ""n_edges"": 6, ""n_intervals"": 7, ""n_vertices"": 7, ""noise_reassigned"": 1297, ""placement"": ""uniform"", ""slabs"": [{""k"": 1, ""n"": 97}, {""k"": 1, ""n"": 258}, {""k"": 1, ""n"": 266}, {""k"": 1, ""n"": 269}, {""k"": 1, ""n"": 279}, {""k"": 1, ""n"": 208}, {""k"": 1, ""n"": 34}]}], ""soundness_bound_holds"": true, ""step_rule"": ""scale_free"", ""topology_retention_nerve_to_frozen"": {""beta0_frozen"": 5, ""beta0_nerve"": 3, ""beta1_frozen"": 0, ""beta1_nerve"": 0}}",True
0.832,90,False,0.02,0.02,,2.9209109999937937,56.105093999998644,53.18418300000485,waveform,9,"{""epsilon"": 0.3, ""window"": 0.2}",LVQ3,10,90,500,4500,0.98,476606880,False,,True
0.788,90,False,0.02,0.02,"{""0"": 30, ""1"": 30, ""2"": 30}",2.0621640000026673,2.0621640000026673,0.0,waveform,9,,KMeans,10,90,500,4500,0.98,476606880,False,,True
0.622,90,False,0.02,0.02,"{""0"": 30, ""1"": 30, ""2"": 30}",0.0024899999843910336,0.0024899999843910336,0.0,waveform,9,,Random,10,90,500,4500,0.98,476606880,False,,True
0.67,90,False,0.02,0.02,,1.6178150000050664,1.6178150000050664,0.0,waveform,9,,SPOT,10,90,500,4500,0.98,476606880,False,,True
0.826,90,False,0.02,0.02,,11.379134999995586,11.379134999995586,0.0,waveform,9,,GLVQ,10,90,500,4500,0.98,476606880,False,,True
0.774,90,False,0.02,0.02,,2.0223879999830388,2.0223879999830388,0.0,waveform,9,,GNG,10,90,500,4500,0.98,476606880,False,,True
0.718,225,False,0.05,0.05,,0.0002620000159367919,0.0002620000159367919,0.0,waveform,9,,Full,10,4500,500,4500,0.0,476606880,True,,False
0.768,225,False,0.05,0.05,,1.6103320000111125,1.6103320000111125,0.0,waveform,9,,RSP3,10,2595,500,4500,0.42333333333333334,476606880,True,,False
0.766,225,False,0.05,0.05,,1.6361219999962486,1.6361219999962486,0.0,waveform,9,,RHC,10,380,500,4500,0.9155555555555556,476606880,True,,False
0.822,225,False,0.05,0.05,,5.809698999975808,5.809698999975808,0.0,waveform,9,,SPINE+1NN,10,225,500,4500,0.95,476606880,False,"{""admission"": {""criterion"": ""risk"", ""removed_risk"": 2, ""removed_support"": 0}, ""betti_final"": [[1, 0], [2, 0], [2, 0]], ""betti_frozen"": [[1, 0], [2, 0], [2, 0]], ""betti_nerve"": [[1, 0], [1, 0], [1, 0]], ""boundary_restriction"": ""both"", ""forced_removals"": 0, ""growth_representation_fallbacks"": 50, ""invariant_held"": true, ""n_segments"": 220, ""n_train_fit"": 3375, ""n_val"": 1125, ""phase0"": [{""constant_lens"": false, ""gain"": 0.25, ""lens"": ""pc1"", ""lens_scaling"": ""standardize"", ""min_cluster_size"": 16, ""min_samples"": 5, ""n_class"": 1142, ""n_edges"": 6, ""n_intervals"": 7, ""n_vertices"": 7, ""noise_reassigned"": 1317, ""placement"": ""uniform"", ""slabs"": [{""k"": 1, ""n"": 129}, {""k"": 1, ""n"": 252}, {""k"": 1, ""n"": 245}, {""k"": 1, ""n"": 257}, {""k"": 1, ""n"": 235}, {""k"": 1, ""n"": 225}, {""k"": 1, ""n"": 87}]}, {""constant_lens"": false, ""gain"": 0.25, ""lens"": ""pc1"", ""lens_scaling"": ""standardize"", ""min_cluster_size"": 16, ""min_samples"": 5, ""n_class"": 1115, ""n_edges"": 6, ""n_intervals"": 7, ""n_vertices"": 7, ""noise_reassigned"": 1242, ""placement"": ""quantile"", ""slabs"": [{""k"": 1, ""n"": 180}, {""k"": 1, ""n"": 199}, {""k"": 1, ""n"": 199}, {""k"": 1, ""n"": 199}, {""k"": 1, ""n"": 199}, {""k"": 1, ""n"": 199}, {""k"": 1, ""n"": 180}]}, {""constant_lens"": false, ""gain"": 0.25, ""lens"": ""pc1"", ""lens_scaling"": ""standardize"", ""min_cluster_size"": 16, ""min_samples"": 5, ""n_class"": 1118, ""n_edges"": 6, ""n_intervals"": 7, ""n_vertices"": 7, ""noise_reassigned"": 1297, ""placement"": ""uniform"", ""slabs"": [{""k"": 1, ""n"": 97}, {""k"": 1, ""n"": 258}, {""k"": 1, ""n"": 266}, {""k"": 1, ""n"": 269}, {""k"": 1, ""n"": 279}, {""k"": 1, ""n"": 208}, {""k"": 1, ""n"": 34}]}], ""soundness_bound_holds"": true, ""step_rule"": ""scale_free"", ""topology_retention_nerve_to_frozen"": {""beta0_frozen"": 5, ""beta0_nerve"": 3, ""beta1_frozen"": 0, ""beta1_nerve"": 0}}",True
0.828,225,False,0.05,0.05,,5.809698999975808,5.809698999975808,0.0,waveform,9,,SPINE+Graph,10,225,500,4500,0.95,476606880,False,"{""admission"": {""criterion"": ""risk"", ""removed_risk"": 2, ""removed_support"": 0}, ""betti_final"": [[1, 0], [2, 0], [2, 0]], ""betti_frozen"": [[1, 0], [2, 0], [2, 0]], ""betti_nerve"": [[1, 0], [1, 0], [1, 0]], ""boundary_restriction"": ""both"", ""forced_removals"": 0, ""growth_representation_fallbacks"": 50, ""invariant_held"": true, ""n_segments"": 220, ""n_train_fit"": 3375, ""n_val"": 1125, ""phase0"": [{""constant_lens"": false, ""gain"": 0.25, ""lens"": ""pc1"", ""lens_scaling"": ""standardize"", ""min_cluster_size"": 16, ""min_samples"": 5, ""n_class"": 1142, ""n_edges"": 6, ""n_intervals"": 7, ""n_vertices"": 7, ""noise_reassigned"": 1317, ""placement"": ""uniform"", ""slabs"": [{""k"": 1, ""n"": 129}, {""k"": 1, ""n"": 252}, {""k"": 1, ""n"": 245}, {""k"": 1, ""n"": 257}, {""k"": 1, ""n"": 235}, {""k"": 1, ""n"": 225}, {""k"": 1, ""n"": 87}]}, {""constant_lens"": false, ""gain"": 0.25, ""lens"": ""pc1"", ""lens_scaling"": ""standardize"", ""min_cluster_size"": 16, ""min_samples"": 5, ""n_class"": 1115, ""n_edges"": 6, ""n_intervals"": 7, ""n_vertices"": 7, ""noise_reassigned"": 1242, ""placement"": ""quantile"", ""slabs"": [{""k"": 1, ""n"": 180}, {""k"": 1, ""n"": 199}, {""k"": 1, ""n"": 199}, {""k"": 1, ""n"": 199}, {""k"": 1, ""n"": 199}, {""k"": 1, ""n"": 199}, {""k"": 1, ""n"": 180}]}, {""constant_lens"": false, ""gain"": 0.25, ""lens"": ""pc1"", ""lens_scaling"": ""standardize"", ""min_cluster_size"": 16, ""min_samples"": 5, ""n_class"": 1118, ""n_edges"": 6, ""n_intervals"": 7, ""n_vertices"": 7, ""noise_reassigned"": 1297, ""placement"": ""uniform"", ""slabs"": [{""k"": 1, ""n"": 97}, {""k"": 1, ""n"": 258}, {""k"": 1, ""n"": 266}, {""k"": 1, ""n"": 269}, {""k"": 1, ""n"": 279}, {""k"": 1, ""n"": 208}, {""k"": 1, ""n"": 34}]}], ""soundness_bound_holds"": true, ""step_rule"": ""scale_free"", ""topology_retention_nerve_to_frozen"": {""beta0_frozen"": 5, ""beta0_nerve"": 3, ""beta1_frozen"": 0, ""beta1_nerve"": 0}}",True
0.774,225,False,0.05,0.05,,4.064512000011746,72.31521600001724,68.2507040000055,waveform,9,"{""epsilon"": 0.3, ""window"": 0.3}",LVQ3,10,225,500,4500,0.95,476606880,False,,True
0.78,225,False,0.05,0.05,"{""0"": 76, ""1"": 74, ""2"": 75}",3.0552340000285767,3.0552340000285767,0.0,waveform,9,,KMeans,10,225,500,4500,0.95,476606880,False,,True
0.676,225,False,0.05,0.05,"{""0"": 76, ""1"": 74, ""2"": 75}",0.0010929999989457428,0.0010929999989457428,0.0,waveform,9,,Random,10,225,500,4500,0.95,476606880,False,,True
0.68,225,False,0.05,0.05,,1.6691540000028908,1.6691540000028908,0.0,waveform,9,,SPOT,10,225,500,4500,0.95,476606880,False,,True
0.818,225,False,0.05,0.05,,24.2381109999842,24.2381109999842,0.0,waveform,9,,GLVQ,10,225,500,4500,0.95,476606880,False,,True
0.77,225,False,0.05,0.05,,4.292405999964103,4.292405999964103,0.0,waveform,9,,GNG,10,225,500,4500,0.95,476606880,False,,True
0.718,450,False,0.1,0.1,,0.0002620000159367919,0.0002620000159367919,0.0,waveform,9,,Full,10,4500,500,4500,0.0,476606880,True,,False
0.768,450,False,0.1,0.1,,1.6103320000111125,1.6103320000111125,0.0,waveform,9,,RSP3,10,2595,500,4500,0.42333333333333334,476606880,True,,False
0.766,450,False,0.1,0.1,,1.6361219999962486,1.6361219999962486,0.0,waveform,9,,RHC,10,380,500,4500,0.9155555555555556,476606880,True,,False
0.832,450,False,0.1,0.1,,9.617877000011504,9.617877000011504,0.0,waveform,9,,SPINE+1NN,10,450,500,4500,0.9,476606880,False,"{""admission"": {""criterion"": ""risk"", ""removed_risk"": 2, ""removed_support"": 0}, ""betti_final"": [[1, 0], [2, 0], [2, 0]], ""betti_frozen"": [[1, 0], [2, 0], [2, 0]], ""betti_nerve"": [[1, 0], [1, 0], [1, 0]], ""boundary_restriction"": ""both"", ""forced_removals"": 0, ""growth_representation_fallbacks"": 278, ""invariant_held"": true, ""n_segments"": 445, ""n_train_fit"": 3375, ""n_val"": 1125, ""phase0"": [{""constant_lens"": false, ""gain"": 0.25, ""lens"": ""pc1"", ""lens_scaling"": ""standardize"", ""min_cluster_size"": 16, ""min_samples"": 5, ""n_class"": 1142, ""n_edges"": 6, ""n_intervals"": 7, ""n_vertices"": 7, ""noise_reassigned"": 1317, ""placement"": ""uniform"", ""slabs"": [{""k"": 1, ""n"": 129}, {""k"": 1, ""n"": 252}, {""k"": 1, ""n"": 245}, {""k"": 1, ""n"": 257}, {""k"": 1, ""n"": 235}, {""k"": 1, ""n"": 225}, {""k"": 1, ""n"": 87}]}, {""constant_lens"": false, ""gain"": 0.25, ""lens"": ""pc1"", ""lens_scaling"": ""standardize"", ""min_cluster_size"": 16, ""min_samples"": 5, ""n_class"": 1115, ""n_edges"": 6, ""n_intervals"": 7, ""n_vertices"": 7, ""noise_reassigned"": 1242, ""placement"": ""quantile"", ""slabs"": [{""k"": 1, ""n"": 180}, {""k"": 1, ""n"": 199}, {""k"": 1, ""n"": 199}, {""k"": 1, ""n"": 199}, {""k"": 1, ""n"": 199}, {""k"": 1, ""n"": 199}, {""k"": 1, ""n"": 180}]}, {""constant_lens"": false, ""gain"": 0.25, ""lens"": ""pc1"", ""lens_scaling"": ""standardize"", ""min_cluster_size"": 16, ""min_samples"": 5, ""n_class"": 1118, ""n_edges"": 6, ""n_intervals"": 7, ""n_vertices"": 7, ""noise_reassigned"": 1297, ""placement"": ""uniform"", ""slabs"": [{""k"": 1, ""n"": 97}, {""k"": 1, ""n"": 258}, {""k"": 1, ""n"": 266}, {""k"": 1, ""n"": 269}, {""k"": 1, ""n"": 279}, {""k"": 1, ""n"": 208}, {""k"": 1, ""n"": 34}]}], ""soundness_bound_holds"": true, ""step_rule"": ""scale_free"", ""topology_retention_nerve_to_frozen"": {""beta0_frozen"": 5, ""beta0_nerve"": 3, ""beta1_frozen"": 0, ""beta1_nerve"": 0}}",True
0.834,450,False,0.1,0.1,,9.617877000011504,9.617877000011504,0.0,waveform,9,,SPINE+Graph,10,450,500,4500,0.9,476606880,False,"{""admission"": {""criterion"": ""risk"", ""removed_risk"": 2, ""removed_support"": 0}, ""betti_final"": [[1, 0], [2, 0], [2, 0]], ""betti_frozen"": [[1, 0], [2, 0], [2, 0]], ""betti_nerve"": [[1, 0], [1, 0], [1, 0]], ""boundary_restriction"": ""both"", ""forced_removals"": 0, ""growth_representation_fallbacks"": 278, ""invariant_held"": true, ""n_segments"": 445, ""n_train_fit"": 3375, ""n_val"": 1125, ""phase0"": [{""constant_lens"": false, ""gain"": 0.25, ""lens"": ""pc1"", ""lens_scaling"": ""standardize"", ""min_cluster_size"": 16, ""min_samples"": 5, ""n_class"": 1142, ""n_edges"": 6, ""n_intervals"": 7, ""n_vertices"": 7, ""noise_reassigned"": 1317, ""placement"": ""uniform"", ""slabs"": [{""k"": 1, ""n"": 129}, {""k"": 1, ""n"": 252}, {""k"": 1, ""n"": 245}, {""k"": 1, ""n"": 257}, {""k"": 1, ""n"": 235}, {""k"": 1, ""n"": 225}, {""k"": 1, ""n"": 87}]}, {""constant_lens"": false, ""gain"": 0.25, ""lens"": ""pc1"", ""lens_scaling"": ""standardize"", ""min_cluster_size"": 16, ""min_samples"": 5, ""n_class"": 1115, ""n_edges"": 6, ""n_intervals"": 7, ""n_vertices"": 7, ""noise_reassigned"": 1242, ""placement"": ""quantile"", ""slabs"": [{""k"": 1, ""n"": 180}, {""k"": 1, ""n"": 199}, {""k"": 1, ""n"": 199}, {""k"": 1, ""n"": 199}, {""k"": 1, ""n"": 199}, {""k"": 1, ""n"": 199}, {""k"": 1, ""n"": 180}]}, {""constant_lens"": false, ""gain"": 0.25, ""lens"": ""pc1"", ""lens_scaling"": ""standardize"", ""min_cluster_size"": 16, ""min_samples"": 5, ""n_class"": 1118, ""n_edges"": 6, ""n_intervals"": 7, ""n_vertices"": 7, ""noise_reassigned"": 1297, ""placement"": ""uniform"", ""slabs"": [{""k"": 1, ""n"": 97}, {""k"": 1, ""n"": 258}, {""k"": 1, ""n"": 266}, {""k"": 1, ""n"": 269}, {""k"": 1, ""n"": 279}, {""k"": 1, ""n"": 208}, {""k"": 1, ""n"": 34}]}], ""soundness_bound_holds"": true, ""step_rule"": ""scale_free"", ""topology_retention_nerve_to_frozen"": {""beta0_frozen"": 5, ""beta0_nerve"": 3, ""beta1_frozen"": 0, ""beta1_nerve"": 0}}",True
0.784,450,False,0.1,0.1,,5.6109270000015385,100.65247000003001,95.04154300002847,waveform,9,"{""epsilon"": 0.3, ""window"": 0.2}",LVQ3,10,450,500,4500,0.9,476606880,False,,True
0.748,450,False,0.1,0.1,"{""0"": 152, ""1"": 149, ""2"": 149}",4.748133999994025,4.748133999994025,0.0,waveform,9,,KMeans,10,450,500,4500,0.9,476606880,False,,True
0.694,450,False,0.1,0.1,"{""0"": 152, ""1"": 149, ""2"": 149}",0.004605000023730099,0.004605000023730099,0.0,waveform,9,,Random,10,450,500,4500,0.9,476606880,False,,True
0.676,450,False,0.1,0.1,,1.6201270000310615,1.6201270000310615,0.0,waveform,9,,SPOT,10,450,500,4500,0.9,476606880,False,,True
0.812,450,False,0.1,0.1,,45.77618899999652,45.77618899999652,0.0,waveform,9,,GLVQ,10,450,500,4500,0.9,476606880,False,,True
0.766,450,False,0.1,0.1,,11.57518899999559,11.57518899999559,0.0,waveform,9,,GNG,10,450,500,4500,0.9,476606880,False,,True
0.718,1125,False,0.25,0.25,,0.0002620000159367919,0.0002620000159367919,0.0,waveform,9,,Full,10,4500,500,4500,0.0,476606880,True,,False
0.768,1125,False,0.25,0.25,,1.6103320000111125,1.6103320000111125,0.0,waveform,9,,RSP3,10,2595,500,4500,0.42333333333333334,476606880,True,,False
0.766,1125,False,0.25,0.25,,1.6361219999962486,1.6361219999962486,0.0,waveform,9,,RHC,10,380,500,4500,0.9155555555555556,476606880,True,,False
0.81,1125,False,0.25,0.25,,35.84244600002421,35.84244600002421,0.0,waveform,9,,SPINE+1NN,10,1125,500,4500,0.75,476606880,False,"{""admission"": {""criterion"": ""risk"", ""removed_risk"": 2, ""removed_support"": 0}, ""betti_final"": [[1, 0], [2, 0], [2, 0]], ""betti_frozen"": [[1, 0], [2, 0], [2, 0]], ""betti_nerve"": [[1, 0], [1, 0], [1, 0]], ""boundary_restriction"": ""both"", ""forced_removals"": 0, ""growth_representation_fallbacks"": 1066, ""invariant_held"": true, ""n_segments"": 1120, ""n_train_fit"": 3375, ""n_val"": 1125, ""phase0"": [{""constant_lens"": false, ""gain"": 0.25, ""lens"": ""pc1"", ""lens_scaling"": ""standardize"", ""min_cluster_size"": 16, ""min_samples"": 5, ""n_class"": 1142, ""n_edges"": 6, ""n_intervals"": 7, ""n_vertices"": 7, ""noise_reassigned"": 1317, ""placement"": ""uniform"", ""slabs"": [{""k"": 1, ""n"": 129}, {""k"": 1, ""n"": 252}, {""k"": 1, ""n"": 245}, {""k"": 1, ""n"": 257}, {""k"": 1, ""n"": 235}, {""k"": 1, ""n"": 225}, {""k"": 1, ""n"": 87}]}, {""constant_lens"": false, ""gain"": 0.25, ""lens"": ""pc1"", ""lens_scaling"": ""standardize"", ""min_cluster_size"": 16, ""min_samples"": 5, ""n_class"": 1115, ""n_edges"": 6, ""n_intervals"": 7, ""n_vertices"": 7, ""noise_reassigned"": 1242, ""placement"": ""quantile"", ""slabs"": [{""k"": 1, ""n"": 180}, {""k"": 1, ""n"": 199}, {""k"": 1, ""n"": 199}, {""k"": 1, ""n"": 199}, {""k"": 1, ""n"": 199}, {""k"": 1, ""n"": 199}, {""k"": 1, ""n"": 180}]}, {""constant_lens"": false, ""gain"": 0.25, ""lens"": ""pc1"", ""lens_scaling"": ""standardize"", ""min_cluster_size"": 16, ""min_samples"": 5, ""n_class"": 1118, ""n_edges"": 6, ""n_intervals"": 7, ""n_vertices"": 7, ""noise_reassigned"": 1297, ""placement"": ""uniform"", ""slabs"": [{""k"": 1, ""n"": 97}, {""k"": 1, ""n"": 258}, {""k"": 1, ""n"": 266}, {""k"": 1, ""n"": 269}, {""k"": 1, ""n"": 279}, {""k"": 1, ""n"": 208}, {""k"": 1, ""n"": 34}]}], ""soundness_bound_holds"": true, ""step_rule"": ""scale_free"", ""topology_retention_nerve_to_frozen"": {""beta0_frozen"": 5, ""beta0_nerve"": 3, ""beta1_frozen"": 0, ""beta1_nerve"": 0}}",True
0.776,1125,False,0.25,0.25,,35.84244600002421,35.84244600002421,0.0,waveform,9,,SPINE+Graph,10,1125,500,4500,0.75,476606880,False,"{""admission"": {""criterion"": ""risk"", ""removed_risk"": 2, ""removed_support"": 0}, ""betti_final"": [[1, 0], [2, 0], [2, 0]], ""betti_frozen"": [[1, 0], [2, 0], [2, 0]], ""betti_nerve"": [[1, 0], [1, 0], [1, 0]], ""boundary_restriction"": ""both"", ""forced_removals"": 0, ""growth_representation_fallbacks"": 1066, ""invariant_held"": true, ""n_segments"": 1120, ""n_train_fit"": 3375, ""n_val"": 1125, ""phase0"": [{""constant_lens"": false, ""gain"": 0.25, ""lens"": ""pc1"", ""lens_scaling"": ""standardize"", ""min_cluster_size"": 16, ""min_samples"": 5, ""n_class"": 1142, ""n_edges"": 6, ""n_intervals"": 7, ""n_vertices"": 7, ""noise_reassigned"": 1317, ""placement"": ""uniform"", ""slabs"": [{""k"": 1, ""n"": 129}, {""k"": 1, ""n"": 252}, {""k"": 1, ""n"": 245}, {""k"": 1, ""n"": 257}, {""k"": 1, ""n"": 235}, {""k"": 1, ""n"": 225}, {""k"": 1, ""n"": 87}]}, {""constant_lens"": false, ""gain"": 0.25, ""lens"": ""pc1"", ""lens_scaling"": ""standardize"", ""min_cluster_size"": 16, ""min_samples"": 5, ""n_class"": 1115, ""n_edges"": 6, ""n_intervals"": 7, ""n_vertices"": 7, ""noise_reassigned"": 1242, ""placement"": ""quantile"", ""slabs"": [{""k"": 1, ""n"": 180}, {""k"": 1, ""n"": 199}, {""k"": 1, ""n"": 199}, {""k"": 1, ""n"": 199}, {""k"": 1, ""n"": 199}, {""k"": 1, ""n"": 199}, {""k"": 1, ""n"": 180}]}, {""constant_lens"": false, ""gain"": 0.25, ""lens"": ""pc1"", ""lens_scaling"": ""standardize"", ""min_cluster_size"": 16, ""min_samples"": 5, ""n_class"": 1118, ""n_edges"": 6, ""n_intervals"": 7, ""n_vertices"": 7, ""noise_reassigned"": 1297, ""placement"": ""uniform"", ""slabs"": [{""k"": 1, ""n"": 97}, {""k"": 1, ""n"": 258}, {""k"": 1, ""n"": 266}, {""k"": 1, ""n"": 269}, {""k"": 1, ""n"": 279}, {""k"": 1, ""n"": 208}, {""k"": 1, ""n"": 34}]}], ""soundness_bound_holds"": true, ""step_rule"": ""scale_free"", ""topology_retention_nerve_to_frozen"": {""beta0_frozen"": 5, ""beta0_nerve"": 3, ""beta1_frozen"": 0, ""beta1_nerve"": 0}}",True
0.786,1125,False,0.25,0.25,,12.776651000021957,221.7245690000127,208.94791799999075,waveform,9,"{""epsilon"": 0.1, ""window"": 0.3}",LVQ3,10,1125,500,4500,0.75,476606880,False,,True
0.748,1125,False,0.25,0.25,"{""0"": 381, ""1"": 372, ""2"": 372}",10.794281999988016,10.794281999988016,0.0,waveform,9,,KMeans,10,1125,500,4500,0.75,476606880,False,,True
0.66,1125,False,0.25,0.25,"{""0"": 381, ""1"": 372, ""2"": 372}",0.004620000021532178,0.004620000021532178,0.0,waveform,9,,Random,10,1125,500,4500,0.75,476606880,False,,True
0.658,1125,False,0.25,0.25,,1.7372839999734424,1.7372839999734424,0.0,waveform,9,,SPOT,10,1125,500,4500,0.75,476606880,False,,True
0.824,1125,False,0.25,0.25,,110.3787209999864,110.3787209999864,0.0,waveform,9,,GLVQ,10,1125,500,4500,0.75,476606880,False,,True
0.778,1125,False,0.25,0.25,,52.564791000040714,52.564791000040714,0.0,waveform,9,,GNG,10,1125,500,4500,0.75,476606880,False,,True
